step,test_acc,test_acc_novel,h1_total_persistence_normalised,run,t_g,step_over_tg,null_lo,null_hi
0,0.0074652777984738,0.0077102384530007,1.8964325673608189,transformer_compose120_f0.6_wd1.0_softmax_ce_s0,15900,0.0,0.4513591555815271,2.153484307846312
1,0.0072916666977107,0.007351622916758,1.895864796054116,transformer_compose120_f0.6_wd1.0_softmax_ce_s0,15900,6.289308176100629e-05,0.4513591555815271,2.153484307846312
2,0.0081597222015261,0.0084274699911475,1.8948510566683097,transformer_compose120_f0.6_wd1.0_softmax_ce_s0,15900,0.00012578616352201257,0.4513591555815271,2.153484307846312
3,0.0079861115664243,0.0078895464539527,1.89386278484384,transformer_compose120_f0.6_wd1.0_softmax_ce_s0,15900,0.00018867924528301886,0.4513591555815271,2.153484307846312
4,0.0071180555969476,0.006813698913902,1.8930960985972027,transformer_compose120_f0.6_wd1.0_softmax_ce_s0,15900,0.00025157232704402514,0.4513591555815271,2.153484307846312
5,0.0062500000931322,0.0057378518395125,1.892417580116169,transformer_compose120_f0.6_wd1.0_softmax_ce_s0,15900,0.00031446540880503143,0.4513591555815271,2.153484307846312
6,0.0069444444961845,0.0066343913786113,1.8918470699922327,transformer_compose120_f0.6_wd1.0_softmax_ce_s0,15900,0.0003773584905660377,0.4513591555815271,2.153484307846312
7,0.0048611112870275,0.0046620047651231,1.8912734329291463,transformer_compose120_f0.6_wd1.0_softmax_ce_s0,15900,0.000440251572327044,0.4513591555815271,2.153484307846312
8,0.0048611112870275,0.0048413127660751,1.8907370329687956,transformer_compose120_f0.6_wd1.0_softmax_ce_s0,15900,0.0005031446540880503,0.4513591555815271,2.153484307846312
9,0.0045138890855014,0.0044826967641711,1.8900071398303124,transformer_compose120_f0.6_wd1.0_softmax_ce_s0,15900,0.0005660377358490566,0.4513591555815271,2.153484307846312
10,0.0045138890855014,0.0043033887632191,1.8891435810977937,transformer_compose120_f0.6_wd1.0_softmax_ce_s0,15900,0.0006289308176100629,0.4513591555815271,2.153484307846312
11,0.0043402779847383,0.0041240812279284,1.8883006643184364,transformer_compose120_f0.6_wd1.0_softmax_ce_s0,15900,0.0006918238993710692,0.4513591555815271,2.153484307846312
12,0.0034722222480922,0.003406849456951,1.8872975129359104,transformer_compose120_f0.6_wd1.0_softmax_ce_s0,15900,0.0007547169811320754,0.4513591555815271,2.153484307846312
13,0.0027777778450399,0.0028689259197562,1.8861737515558328,transformer_compose120_f0.6_wd1.0_softmax_ce_s0,15900,0.0008176100628930818,0.4513591555815271,2.153484307846312
14,0.0027777778450399,0.0028689259197562,1.8848074364753824,transformer_compose120_f0.6_wd1.0_softmax_ce_s0,15900,0.000880503144654088,0.4513591555815271,2.153484307846312
15,0.0022569445427507,0.0021516943816095,1.8835541146043795,transformer_compose120_f0.6_wd1.0_softmax_ce_s0,15900,0.0009433962264150943,0.4513591555815271,2.153484307846312
16,0.0022569445427507,0.0023310023825615,1.8822433725117187,transformer_compose120_f0.6_wd1.0_softmax_ce_s0,15900,0.0010062893081761006,0.4513591555815271,2.153484307846312
18,0.0027777778450399,0.0028689259197562,1.879755223984483,transformer_compose120_f0.6_wd1.0_softmax_ce_s0,15900,0.0011320754716981133,0.4513591555815271,2.153484307846312
19,0.0032986111473292,0.003406849456951,1.8786625076145145,transformer_compose120_f0.6_wd1.0_softmax_ce_s0,15900,0.0011949685534591195,0.4513591555815271,2.153484307846312
21,0.0013888889225199,0.0014344629598781,1.8770099486575549,transformer_compose120_f0.6_wd1.0_softmax_ce_s0,15900,0.0013207547169811322,0.4513591555815271,2.153484307846312
22,0.000868055562023,0.000717231479939,1.8764993135231416,transformer_compose120_f0.6_wd1.0_softmax_ce_s0,15900,0.0013836477987421384,0.4513591555815271,2.153484307846312
24,0.0006944444612599,0.0005379235954023,1.875604453629864,transformer_compose120_f0.6_wd1.0_softmax_ce_s0,15900,0.0015094339622641509,0.4513591555815271,2.153484307846312
26,0.000868055562023,0.000717231479939,1.874251156784016,transformer_compose120_f0.6_wd1.0_softmax_ce_s0,15900,0.0016352201257861635,0.4513591555815271,2.153484307846312
28,0.0010416667209938,0.0008965393644757,1.8717392049881587,transformer_compose120_f0.6_wd1.0_softmax_ce_s0,15900,0.001761006289308176,0.4513591555815271,2.153484307846312
31,0.0010416667209938,0.0008965393644757,1.867063301004425,transformer_compose120_f0.6_wd1.0_softmax_ce_s0,15900,0.001949685534591195,0.4513591555815271,2.153484307846312
33,0.0006944444612599,0.000717231479939,1.864589321386144,transformer_compose120_f0.6_wd1.0_softmax_ce_s0,15900,0.0020754716981132076,0.4513591555815271,2.153484307846312
36,0.0005208333604969,0.0005379235954023,1.860514010980725,transformer_compose120_f0.6_wd1.0_softmax_ce_s0,15900,0.0022641509433962265,0.4513591555815271,2.153484307846312
39,0.0003472222306299,0.0003586157399695,1.85429357074876,transformer_compose120_f0.6_wd1.0_softmax_ce_s0,15900,0.0024528301886792454,0.4513591555815271,2.153484307846312
42,0.000868055562023,0.0008965393644757,1.849543956549732,transformer_compose120_f0.6_wd1.0_softmax_ce_s0,15900,0.0026415094339622643,0.4513591555815271,2.153484307846312
45,0.0005208333604969,0.0005379235954023,1.8433099549379,transformer_compose120_f0.6_wd1.0_softmax_ce_s0,15900,0.002830188679245283,0.4513591555815271,2.153484307846312
49,0.0001736111153149,0.0001793078699847,1.834877511319836,transformer_compose120_f0.6_wd1.0_softmax_ce_s0,15900,0.003081761006289308,0.4513591555815271,2.153484307846312
53,0.0001736111153149,0.0001793078699847,1.827927141481518,transformer_compose120_f0.6_wd1.0_softmax_ce_s0,15900,0.0033333333333333335,0.4513591555815271,2.153484307846312
57,0.0005208333604969,0.0005379235954023,1.8259151766149748,transformer_compose120_f0.6_wd1.0_softmax_ce_s0,15900,0.0035849056603773585,0.4513591555815271,2.153484307846312
62,0.0010416667209938,0.000717231479939,1.8241747410516276,transformer_compose120_f0.6_wd1.0_softmax_ce_s0,15900,0.00389937106918239,0.4513591555815271,2.153484307846312
67,0.001562500023283,0.0010758471908047,1.8243483605877628,transformer_compose120_f0.6_wd1.0_softmax_ce_s0,15900,0.004213836477987422,0.4513591555815271,2.153484307846312
72,0.0020833334419876,0.0010758471908047,1.8219638992397595,transformer_compose120_f0.6_wd1.0_softmax_ce_s0,15900,0.004528301886792453,0.4513591555815271,2.153484307846312
78,0.0024305556435137,0.0012551550753414,1.8098441371861929,transformer_compose120_f0.6_wd1.0_softmax_ce_s0,15900,0.004905660377358491,0.4513591555815271,2.153484307846312
84,0.0022569445427507,0.0008965393644757,1.7926759177852252,transformer_compose120_f0.6_wd1.0_softmax_ce_s0,15900,0.005283018867924529,0.4513591555815271,2.153484307846312
91,0.002951388945803,0.0008965393644757,1.776502737784352,transformer_compose120_f0.6_wd1.0_softmax_ce_s0,15900,0.005723270440251572,0.4513591555815271,2.153484307846312
98,0.0041666668839752,0.000717231479939,1.7605218540553924,transformer_compose120_f0.6_wd1.0_softmax_ce_s0,15900,0.006163522012578616,0.4513591555815271,2.153484307846312
106,0.0081597222015261,0.0017930787289515,1.7463970416892682,transformer_compose120_f0.6_wd1.0_softmax_ce_s0,15900,0.006666666666666667,0.4513591555815271,2.153484307846312
115,0.0104166669771075,0.0019723866134881,1.7363211823473328,transformer_compose120_f0.6_wd1.0_softmax_ce_s0,15900,0.007232704402515723,0.4513591555815271,2.153484307846312
124,0.0147569440305233,0.0019723866134881,1.7319103192524967,transformer_compose120_f0.6_wd1.0_softmax_ce_s0,15900,0.00779874213836478,0.4513591555815271,2.153484307846312
134,0.0189236104488372,0.0025103101506829,1.7313801307517307,transformer_compose120_f0.6_wd1.0_softmax_ce_s0,15900,0.008427672955974843,0.4513591555815271,2.153484307846312
145,0.0222222227603197,0.0017930787289515,1.732918605676882,transformer_compose120_f0.6_wd1.0_softmax_ce_s0,15900,0.009119496855345912,0.4513591555815271,2.153484307846312
157,0.0246527772396802,0.0017930787289515,1.7392426213605834,transformer_compose120_f0.6_wd1.0_softmax_ce_s0,15900,0.009874213836477987,0.4513591555815271,2.153484307846312
170,0.0272569451481103,0.0014344629598781,1.7491006814976344,transformer_compose120_f0.6_wd1.0_softmax_ce_s0,15900,0.010691823899371069,0.4513591555815271,2.153484307846312
183,0.0282986108213663,0.0017930787289515,1.7590044399044185,transformer_compose120_f0.6_wd1.0_softmax_ce_s0,15900,0.011509433962264152,0.4513591555815271,2.153484307846312
198,0.0289930552244186,0.0026896181516349,1.769417074316154,transformer_compose120_f0.6_wd1.0_softmax_ce_s0,15900,0.012452830188679246,0.4513591555815271,2.153484307846312
214,0.028645833954215,0.0025103101506829,1.7782884328918347,transformer_compose120_f0.6_wd1.0_softmax_ce_s0,15900,0.013459119496855345,0.4513591555815271,2.153484307846312
232,0.0289930552244186,0.003586157457903,1.7884022587076174,transformer_compose120_f0.6_wd1.0_softmax_ce_s0,15900,0.01459119496855346,0.4513591555815271,2.153484307846312
250,0.0284722223877906,0.0030482339207082,1.7964808557720295,transformer_compose120_f0.6_wd1.0_softmax_ce_s0,15900,0.015723270440251572,0.4513591555815271,2.153484307846312
271,0.028645833954215,0.0037654652260243,1.8043030170076984,transformer_compose120_f0.6_wd1.0_softmax_ce_s0,15900,0.017044025157232703,0.4513591555815271,2.153484307846312
293,0.029166666790843,0.0037654652260243,1.814196576173627,transformer_compose120_f0.6_wd1.0_softmax_ce_s0,15900,0.018427672955974844,0.4513591555815271,2.153484307846312
316,0.0274305548518896,0.0039447732269763,1.8271235966717507,transformer_compose120_f0.6_wd1.0_softmax_ce_s0,15900,0.019874213836477986,0.4513591555815271,2.153484307846312
342,0.0281249992549419,0.0039447732269763,1.842439487823804,transformer_compose120_f0.6_wd1.0_softmax_ce_s0,15900,0.02150943396226415,0.4513591555815271,2.153484307846312
369,0.0258680563420057,0.0030482339207082,1.8538989619793,transformer_compose120_f0.6_wd1.0_softmax_ce_s0,15900,0.02320754716981132,0.4513591555815271,2.153484307846312
399,0.0256944447755813,0.0030482339207082,1.864561329505937,transformer_compose120_f0.6_wd1.0_softmax_ce_s0,15900,0.025094339622641508,0.4513591555815271,2.153484307846312
432,0.025000000372529,0.0028689259197562,1.8788549846611908,transformer_compose120_f0.6_wd1.0_softmax_ce_s0,15900,0.027169811320754716,0.4513591555815271,2.153484307846312
467,0.0220486111938953,0.003406849456951,1.8902109553850652,transformer_compose120_f0.6_wd1.0_softmax_ce_s0,15900,0.029371069182389936,0.4513591555815271,2.153484307846312
504,0.0258680563420057,0.0037654652260243,1.8969655360480613,transformer_compose120_f0.6_wd1.0_softmax_ce_s0,15900,0.03169811320754717,0.4513591555815271,2.153484307846312
545,0.0258680563420057,0.0037654652260243,1.9026873300978333,transformer_compose120_f0.6_wd1.0_softmax_ce_s0,15900,0.03427672955974843,0.4513591555815271,2.153484307846312
589,0.0258680563420057,0.0037654652260243,1.9103261996717216,transformer_compose120_f0.6_wd1.0_softmax_ce_s0,15900,0.03704402515723271,0.4513591555815271,2.153484307846312
637,0.0236111115664243,0.003586157457903,1.896797073818942,transformer_compose120_f0.6_wd1.0_softmax_ce_s0,15900,0.040062893081761,0.4513591555815271,2.153484307846312
688,0.0237847231328487,0.0032275416888296,1.8997612177265912,transformer_compose120_f0.6_wd1.0_softmax_ce_s0,15900,0.043270440251572326,0.4513591555815271,2.153484307846312
744,0.0256944447755813,0.003406849456951,1.910756059160716,transformer_compose120_f0.6_wd1.0_softmax_ce_s0,15900,0.04679245283018868,0.4513591555815271,2.153484307846312
804,0.018750000745058,0.0046620047651231,1.918824198394567,transformer_compose120_f0.6_wd1.0_softmax_ce_s0,15900,0.050566037735849056,0.4513591555815271,2.153484307846312
869,0.0260416660457849,0.0032275416888296,1.9131733522906988,transformer_compose120_f0.6_wd1.0_softmax_ce_s0,15900,0.054654088050314464,0.4513591555815271,2.153484307846312
940,0.0234375,0.0048413127660751,1.905264818998335,transformer_compose120_f0.6_wd1.0_softmax_ce_s0,15900,0.05911949685534591,0.4513591555815271,2.153484307846312
1016,0.0263888891786336,0.0039447732269763,1.9075808931652145,transformer_compose120_f0.6_wd1.0_softmax_ce_s0,15900,0.06389937106918239,0.4513591555815271,2.153484307846312
1098,0.0263888891786336,0.003406849456951,1.898939572285719,transformer_compose120_f0.6_wd1.0_softmax_ce_s0,15900,0.06905660377358491,0.4513591555815271,2.153484307846312
1187,0.0076388888992369,0.0026896181516349,1.898373309698912,transformer_compose120_f0.6_wd1.0_softmax_ce_s0,15900,0.07465408805031447,0.4513591555815271,2.153484307846312
1283,0.0078125,0.0046620047651231,1.9063380501800415,transformer_compose120_f0.6_wd1.0_softmax_ce_s0,15900,0.08069182389937107,0.4513591555815271,2.153484307846312
1386,0.0223958324640989,0.0051999283023178,1.9011626260825247,transformer_compose120_f0.6_wd1.0_softmax_ce_s0,15900,0.08716981132075471,0.4513591555815271,2.153484307846312
1499,0.0090277781710028,0.0066343913786113,1.905973150341701,transformer_compose120_f0.6_wd1.0_softmax_ce_s0,15900,0.09427672955974843,0.4513591555815271,2.153484307846312
1620,0.0072916666977107,0.0046620047651231,1.8709461936705545,transformer_compose120_f0.6_wd1.0_softmax_ce_s0,15900,0.1018867924528302,0.4513591555815271,2.153484307846312
1751,0.022916667163372,0.0037654652260243,1.7824221732134755,transformer_compose120_f0.6_wd1.0_softmax_ce_s0,15900,0.11012578616352202,0.4513591555815271,2.153484307846312
1892,0.0248263888061046,0.0046620047651231,1.7276183572061798,transformer_compose120_f0.6_wd1.0_softmax_ce_s0,15900,0.1189937106918239,0.4513591555815271,2.153484307846312
2046,0.0217013880610466,0.0039447732269763,1.7073448376001945,transformer_compose120_f0.6_wd1.0_softmax_ce_s0,15900,0.12867924528301886,0.4513591555815271,2.153484307846312
2211,0.0239583328366279,0.0048413127660751,1.7213123972544844,transformer_compose120_f0.6_wd1.0_softmax_ce_s0,15900,0.13905660377358492,0.4513591555815271,2.153484307846312
2390,0.0098958332091569,0.007172314915806,1.7713410907027043,transformer_compose120_f0.6_wd1.0_softmax_ce_s0,15900,0.15031446540880503,0.4513591555815271,2.153484307846312
2583,0.0230902768671512,0.0048413127660751,1.923718121781817,transformer_compose120_f0.6_wd1.0_softmax_ce_s0,15900,0.16245283018867923,0.4513591555815271,2.153484307846312
2792,0.0258680563420057,0.0060964678414165,1.9869099447291796,transformer_compose120_f0.6_wd1.0_softmax_ce_s0,15900,0.17559748427672955,0.4513591555815271,2.153484307846312
3018,0.0225694440305233,0.0037654652260243,2.132658288814397,transformer_compose120_f0.6_wd1.0_softmax_ce_s0,15900,0.189811320754717,0.4513591555815271,2.153484307846312
3262,0.029166666790843,0.0093240095302462,2.0080311888734603,transformer_compose120_f0.6_wd1.0_softmax_ce_s0,15900,0.2051572327044025,0.4513591555815271,2.153484307846312
3526,0.0105902776122093,0.0089653935283422,1.8076745062197737,transformer_compose120_f0.6_wd1.0_softmax_ce_s0,15900,0.22176100628930817,0.4513591555815271,2.153484307846312
3811,0.0260416660457849,0.007172314915806,1.619326421916796,transformer_compose120_f0.6_wd1.0_softmax_ce_s0,15900,0.23968553459119496,0.4513591555815271,2.153484307846312
4120,0.0284722223877906,0.0093240095302462,0.954529023251396,transformer_compose120_f0.6_wd1.0_softmax_ce_s0,15900,0.2591194968553459,0.4513591555815271,2.153484307846312
4453,0.0277777779847383,0.0077102384530007,1.4059493135260557,transformer_compose120_f0.6_wd1.0_softmax_ce_s0,15900,0.280062893081761,0.4513591555815271,2.153484307846312
4813,0.0296874996274709,0.0096826255321502,0.8946919163783277,transformer_compose120_f0.6_wd1.0_softmax_ce_s0,15900,0.3027044025157233,0.4513591555815271,2.153484307846312
5203,0.0296874996274709,0.0100412406027317,1.8931729028320607,transformer_compose120_f0.6_wd1.0_softmax_ce_s0,15900,0.32723270440251573,0.4513591555815271,2.153484307846312
5623,0.0335069447755813,0.0127308592200279,1.603836252299633,transformer_compose120_f0.6_wd1.0_softmax_ce_s0,15900,0.35364779874213836,0.4513591555815271,2.153484307846312
6078,0.029166666790843,0.0105791641399264,1.6966775544514907,transformer_compose120_f0.6_wd1.0_softmax_ce_s0,15900,0.3822641509433962,0.4513591555815271,2.153484307846312
6570,0.0333333350718021,0.0116550112143158,0.5415285947168926,transformer_compose120_f0.6_wd1.0_softmax_ce_s0,15900,0.41320754716981134,0.4513591555815271,2.153484307846312
7102,0.0340277776122093,0.013627397827804,0.7876313369560116,transformer_compose120_f0.6_wd1.0_softmax_ce_s0,15900,0.44666666666666666,0.4513591555815271,2.153484307846312
7676,0.0361111126840114,0.0145239373669028,0.6665315484886172,transformer_compose120_f0.6_wd1.0_softmax_ce_s0,15900,0.48276729559748427,0.4513591555815271,2.153484307846312
8297,0.0392361097037792,0.0177514795213937,0.7088160169358307,transformer_compose120_f0.6_wd1.0_softmax_ce_s0,15900,0.5218238993710692,0.4513591555815271,2.153484307846312
8968,0.0444444455206394,0.0220548678189516,1.9221892371829887,transformer_compose120_f0.6_wd1.0_softmax_ce_s0,15900,0.5640251572327044,0.4513591555815271,2.153484307846312
9694,0.0428819432854652,0.0227720998227596,1.564591280511137,transformer_compose120_f0.6_wd1.0_softmax_ce_s0,15900,0.609685534591195,0.4513591555815271,2.153484307846312
10478,0.0520833320915699,0.0276134125888347,1.6889559627915467,transformer_compose120_f0.6_wd1.0_softmax_ce_s0,15900,0.6589937106918239,0.4513591555815271,2.153484307846312
11325,0.0637152791023254,0.0399856567382812,1.2945578805997962,transformer_compose120_f0.6_wd1.0_softmax_ce_s0,15900,0.7122641509433962,0.4513591555815271,2.153484307846312
12242,0.077083334326744,0.0528958216309547,0.8984804187696109,transformer_compose120_f0.6_wd1.0_softmax_ce_s0,15900,0.769937106918239,0.4513591555815271,2.153484307846312
13232,0.1032986119389534,0.0794333890080452,1.4781589597615503,transformer_compose120_f0.6_wd1.0_softmax_ce_s0,15900,0.8322012578616352,0.4513591555815271,2.153484307846312
14302,0.1468749940395355,0.1221086606383323,0.7678335342611938,transformer_compose120_f0.6_wd1.0_softmax_ce_s0,15900,0.899496855345912,0.4513591555815271,2.153484307846312
15459,0.7005208134651184,0.6910525560379028,1.8886073552809413,transformer_compose120_f0.6_wd1.0_softmax_ce_s0,15900,0.9722641509433962,0.4513591555815271,2.153484307846312
16710,0.9998263716697692,0.9998207092285156,23.66904649939387,transformer_compose120_f0.6_wd1.0_softmax_ce_s0,15900,1.0509433962264152,0.4513591555815271,2.153484307846312
18062,1.0,1.0,53.65179339349068,transformer_compose120_f0.6_wd1.0_softmax_ce_s0,15900,1.1359748427672955,0.4513591555815271,2.153484307846312
19523,1.0,1.0,64.90665238319816,transformer_compose120_f0.6_wd1.0_softmax_ce_s0,15900,1.2278616352201257,0.4513591555815271,2.153484307846312
21102,1.0,1.0,64.17316703190053,transformer_compose120_f0.6_wd1.0_softmax_ce_s0,15900,1.3271698113207546,0.4513591555815271,2.153484307846312
22809,1.0,1.0,68.10370319635616,transformer_compose120_f0.6_wd1.0_softmax_ce_s0,15900,1.4345283018867925,0.4513591555815271,2.153484307846312
24654,1.0,1.0,63.64342433653418,transformer_compose120_f0.6_wd1.0_softmax_ce_s0,15900,1.550566037735849,0.4513591555815271,2.153484307846312
26649,1.0,1.0,56.76862197872435,transformer_compose120_f0.6_wd1.0_softmax_ce_s0,15900,1.6760377358490566,0.4513591555815271,2.153484307846312
28804,1.0,1.0,69.37984814715571,transformer_compose120_f0.6_wd1.0_softmax_ce_s0,15900,1.8115723270440252,0.4513591555815271,2.153484307846312
31135,1.0,1.0,41.92118952170499,transformer_compose120_f0.6_wd1.0_softmax_ce_s0,15900,1.9581761006289309,0.4513591555815271,2.153484307846312
33653,1.0,1.0,59.26202542750802,transformer_compose120_f0.6_wd1.0_softmax_ce_s0,15900,2.1165408805031447,0.4513591555815271,2.153484307846312
36376,1.0,1.0,66.10139658827468,transformer_compose120_f0.6_wd1.0_softmax_ce_s0,15900,2.287798742138365,0.4513591555815271,2.153484307846312
39318,1.0,1.0,61.96518648587112,transformer_compose120_f0.6_wd1.0_softmax_ce_s0,15900,2.472830188679245,0.4513591555815271,2.153484307846312
42499,1.0,1.0,55.65127478889367,transformer_compose120_f0.6_wd1.0_softmax_ce_s0,15900,2.672893081761006,0.4513591555815271,2.153484307846312
45937,1.0,1.0,66.64908901641644,transformer_compose120_f0.6_wd1.0_softmax_ce_s0,15900,2.8891194968553457,0.4513591555815271,2.153484307846312
49653,1.0,1.0,72.49304779563828,transformer_compose120_f0.6_wd1.0_softmax_ce_s0,15900,3.122830188679245,0.4513591555815271,2.153484307846312
53670,1.0,1.0,70.32797678367996,transformer_compose120_f0.6_wd1.0_softmax_ce_s0,15900,3.3754716981132074,0.4513591555815271,2.153484307846312
58011,1.0,1.0,66.86586787405221,transformer_compose120_f0.6_wd1.0_softmax_ce_s0,15900,3.648490566037736,0.4513591555815271,2.153484307846312
62704,1.0,1.0,75.22791825799555,transformer_compose120_f0.6_wd1.0_softmax_ce_s0,15900,3.9436477987421386,0.4513591555815271,2.153484307846312
67777,1.0,1.0,78.46416787725155,transformer_compose120_f0.6_wd1.0_softmax_ce_s0,15900,4.262704402515723,0.4513591555815271,2.153484307846312
73260,1.0,1.0,77.79023663833733,transformer_compose120_f0.6_wd1.0_softmax_ce_s0,15900,4.607547169811321,0.4513591555815271,2.153484307846312
79186,1.0,1.0,56.3046807048659,transformer_compose120_f0.6_wd1.0_softmax_ce_s0,15900,4.980251572327044,0.4513591555815271,2.153484307846312
85592,1.0,1.0,77.64352103263082,transformer_compose120_f0.6_wd1.0_softmax_ce_s0,15900,5.38314465408805,0.4513591555815271,2.153484307846312
92516,1.0,1.0,66.66234168638165,transformer_compose120_f0.6_wd1.0_softmax_ce_s0,15900,5.818616352201258,0.4513591555815271,2.153484307846312
100000,1.0,1.0,64.68841832237682,transformer_compose120_f0.6_wd1.0_softmax_ce_s0,15900,6.289308176100629,0.4513591555815271,2.153484307846312
0,0.0078125,0.0076854336075484,2.547040449635383,transformer_compose120_f0.6_wd1.0_softmax_ce_s1,36300,0.0,0.4513591555815271,2.153484307846312
1,0.0079861115664243,0.0080428952351212,2.5470054953177708,transformer_compose120_f0.6_wd1.0_softmax_ce_s1,36300,2.7548209366391185e-05,0.4513591555815271,2.153484307846312
2,0.0074652777984738,0.0076854336075484,2.54696386358744,transformer_compose120_f0.6_wd1.0_softmax_ce_s1,36300,5.509641873278237e-05,0.4513591555815271,2.153484307846312
3,0.0078125,0.0076854336075484,2.547053377314384,transformer_compose120_f0.6_wd1.0_softmax_ce_s1,36300,8.264462809917356e-05,0.4513591555815271,2.153484307846312
4,0.0074652777984738,0.0076854336075484,2.546893147348551,transformer_compose120_f0.6_wd1.0_softmax_ce_s1,36300,0.00011019283746556474,0.4513591555815271,2.153484307846312
5,0.0065972222946584,0.0067917783744633,2.546701193446046,transformer_compose120_f0.6_wd1.0_softmax_ce_s1,36300,0.0001377410468319559,0.4513591555815271,2.153484307846312
6,0.0050347223877906,0.0044682752341032,2.5464957655944658,transformer_compose120_f0.6_wd1.0_softmax_ce_s1,36300,0.00016528925619834712,0.4513591555815271,2.153484307846312
7,0.0046875001862645,0.0044682752341032,2.5463115770697327,transformer_compose120_f0.6_wd1.0_softmax_ce_s1,36300,0.0001928374655647383,0.4513591555815271,2.153484307846312
8,0.0046875001862645,0.0044682752341032,2.5461576955599434,transformer_compose120_f0.6_wd1.0_softmax_ce_s1,36300,0.00022038567493112948,0.4513591555815271,2.153484307846312
9,0.0041666668839752,0.0039320820942521,2.5461347093930407,transformer_compose120_f0.6_wd1.0_softmax_ce_s1,36300,0.00024793388429752067,0.4513591555815271,2.153484307846312
10,0.0039930557832121,0.0037533512804657,2.546208871954547,transformer_compose120_f0.6_wd1.0_softmax_ce_s1,36300,0.0002754820936639118,0.4513591555815271,2.153484307846312
11,0.0034722222480922,0.0032171581406146,2.546301679061195,transformer_compose120_f0.6_wd1.0_softmax_ce_s1,36300,0.00030303030303030303,0.4513591555815271,2.153484307846312
12,0.0032986111473292,0.0030384270939975,2.5463805807863213,transformer_compose120_f0.6_wd1.0_softmax_ce_s1,36300,0.00033057851239669424,0.4513591555815271,2.153484307846312
13,0.0036458333488553,0.0033958891872316,2.546380826228652,transformer_compose120_f0.6_wd1.0_softmax_ce_s1,36300,0.0003581267217630854,0.4513591555815271,2.153484307846312
14,0.0036458333488553,0.0033958891872316,2.546304499215597,transformer_compose120_f0.6_wd1.0_softmax_ce_s1,36300,0.0003856749311294766,0.4513591555815271,2.153484307846312
15,0.0039930557832121,0.0037533512804657,2.5461373468475217,transformer_compose120_f0.6_wd1.0_softmax_ce_s1,36300,0.00041322314049586776,0.4513591555815271,2.153484307846312
16,0.0039930557832121,0.0039320820942521,2.545672230055954,transformer_compose120_f0.6_wd1.0_softmax_ce_s1,36300,0.00044077134986225897,0.4513591555815271,2.153484307846312
18,0.0022569445427507,0.0023235031403601,2.5440173420396426,transformer_compose120_f0.6_wd1.0_softmax_ce_s1,36300,0.0004958677685950413,0.4513591555815271,2.153484307846312
19,0.0024305556435137,0.0025022341869771,2.5427874602308767,transformer_compose120_f0.6_wd1.0_softmax_ce_s1,36300,0.0005234159779614325,0.4513591555815271,2.153484307846312
21,0.0026041667442768,0.0025022341869771,2.539861340265685,transformer_compose120_f0.6_wd1.0_softmax_ce_s1,36300,0.0005785123966942149,0.4513591555815271,2.153484307846312
22,0.0022569445427507,0.002144772093743,2.538145577984438,transformer_compose120_f0.6_wd1.0_softmax_ce_s1,36300,0.0006060606060606061,0.4513591555815271,2.153484307846312
24,0.0022569445427507,0.002144772093743,2.534011370124733,transformer_compose120_f0.6_wd1.0_softmax_ce_s1,36300,0.0006611570247933885,0.4513591555815271,2.153484307846312
26,0.0017361111240461,0.0017873101169243,2.5291234119747483,transformer_compose120_f0.6_wd1.0_softmax_ce_s1,36300,0.0007162534435261708,0.4513591555815271,2.153484307846312
28,0.0012152778217568,0.0012511170934885,2.524146034912412,transformer_compose120_f0.6_wd1.0_softmax_ce_s1,36300,0.0007713498622589532,0.4513591555815271,2.153484307846312
31,0.0013888889225199,0.0014298480236902,2.5174816530499173,transformer_compose120_f0.6_wd1.0_softmax_ce_s1,36300,0.0008539944903581267,0.4513591555815271,2.153484307846312
33,0.0012152778217568,0.0012511170934885,2.513193349357256,transformer_compose120_f0.6_wd1.0_softmax_ce_s1,36300,0.0009090909090909091,0.4513591555815271,2.153484307846312
36,0.0019097222248092,0.001966041047126,2.505598730798106,transformer_compose120_f0.6_wd1.0_softmax_ce_s1,36300,0.0009917355371900827,0.4513591555815271,2.153484307846312
39,0.0013888889225199,0.0012511170934885,2.49845671318785,transformer_compose120_f0.6_wd1.0_softmax_ce_s1,36300,0.0010743801652892562,0.4513591555815271,2.153484307846312
42,0.0012152778217568,0.0010723860468715,2.492660781906451,transformer_compose120_f0.6_wd1.0_softmax_ce_s1,36300,0.0011570247933884298,0.4513591555815271,2.153484307846312
45,0.0010416667209938,0.0008936550584621,2.4870263037732383,transformer_compose120_f0.6_wd1.0_softmax_ce_s1,36300,0.0012396694214876034,0.4513591555815271,2.153484307846312
49,0.000868055562023,0.0007149240118451,2.479533842239982,transformer_compose120_f0.6_wd1.0_softmax_ce_s1,36300,0.001349862258953168,0.4513591555815271,2.153484307846312
53,0.0012152778217568,0.0008936550584621,2.471981810530991,transformer_compose120_f0.6_wd1.0_softmax_ce_s1,36300,0.0014600550964187328,0.4513591555815271,2.153484307846312
57,0.0013888889225199,0.0008936550584621,2.468936926507282,transformer_compose120_f0.6_wd1.0_softmax_ce_s1,36300,0.0015702479338842975,0.4513591555815271,2.153484307846312
62,0.0013888889225199,0.0008936550584621,2.473092786679482,transformer_compose120_f0.6_wd1.0_softmax_ce_s1,36300,0.0017079889807162533,0.4513591555815271,2.153484307846312
67,0.0024305556435137,0.0010723860468715,2.482916710205957,transformer_compose120_f0.6_wd1.0_softmax_ce_s1,36300,0.0018457300275482094,0.4513591555815271,2.153484307846312
72,0.0031250000465661,0.0012511170934885,2.4864846833178382,transformer_compose120_f0.6_wd1.0_softmax_ce_s1,36300,0.0019834710743801653,0.4513591555815271,2.153484307846312
78,0.0032986111473292,0.0014298480236902,2.481411555928585,transformer_compose120_f0.6_wd1.0_softmax_ce_s1,36300,0.0021487603305785125,0.4513591555815271,2.153484307846312
84,0.0039930557832121,0.0014298480236902,2.477765439524566,transformer_compose120_f0.6_wd1.0_softmax_ce_s1,36300,0.0023140495867768596,0.4513591555815271,2.153484307846312
91,0.0043402779847383,0.0012511170934885,2.47491337614593,transformer_compose120_f0.6_wd1.0_softmax_ce_s1,36300,0.002506887052341598,0.4513591555815271,2.153484307846312
98,0.0069444444961845,0.0016085790703073,2.477101345694839,transformer_compose120_f0.6_wd1.0_softmax_ce_s1,36300,0.002699724517906336,0.4513591555815271,2.153484307846312
106,0.0095486110076308,0.0016085790703073,2.486523867976808,transformer_compose120_f0.6_wd1.0_softmax_ce_s1,36300,0.0029201101928374657,0.4513591555815271,2.153484307846312
115,0.0131944445893168,0.0016085790703073,2.507416253705752,transformer_compose120_f0.6_wd1.0_softmax_ce_s1,36300,0.0031680440771349864,0.4513591555815271,2.153484307846312
124,0.0149305555969476,0.0010723860468715,2.531023667801982,transformer_compose120_f0.6_wd1.0_softmax_ce_s1,36300,0.0034159779614325067,0.4513591555815271,2.153484307846312
134,0.0178819447755813,0.0016085790703073,2.554731738784949,transformer_compose120_f0.6_wd1.0_softmax_ce_s1,36300,0.003691460055096419,0.4513591555815271,2.153484307846312
145,0.0232638884335756,0.0033958891872316,2.5694700586679438,transformer_compose120_f0.6_wd1.0_softmax_ce_s1,36300,0.003994490358126722,0.4513591555815271,2.153484307846312
157,0.024479167535901,0.0030384270939975,2.582419026977114,transformer_compose120_f0.6_wd1.0_softmax_ce_s1,36300,0.004325068870523416,0.4513591555815271,2.153484307846312
170,0.0255208332091569,0.0032171581406146,2.590692255617769,transformer_compose120_f0.6_wd1.0_softmax_ce_s1,36300,0.004683195592286501,0.4513591555815271,2.153484307846312
183,0.0251736119389534,0.0028596960473805,2.6015415509750626,transformer_compose120_f0.6_wd1.0_softmax_ce_s1,36300,0.005041322314049587,0.4513591555815271,2.153484307846312
198,0.0248263888061046,0.0017873101169243,2.608286038489112,transformer_compose120_f0.6_wd1.0_softmax_ce_s1,36300,0.005454545454545455,0.4513591555815271,2.153484307846312
214,0.0258680563420057,0.0023235031403601,2.6139027118280844,transformer_compose120_f0.6_wd1.0_softmax_ce_s1,36300,0.0058953168044077135,0.4513591555815271,2.153484307846312
232,0.0241319444030523,0.0014298480236902,2.6215280773236,transformer_compose120_f0.6_wd1.0_softmax_ce_s1,36300,0.006391184573002755,0.4513591555815271,2.153484307846312
250,0.0236111115664243,0.0010723860468715,2.627875699333297,transformer_compose120_f0.6_wd1.0_softmax_ce_s1,36300,0.006887052341597796,0.4513591555815271,2.153484307846312
271,0.022916667163372,0.0010723860468715,2.634470184222933,transformer_compose120_f0.6_wd1.0_softmax_ce_s1,36300,0.007465564738292011,0.4513591555815271,2.153484307846312
293,0.0227430555969476,0.0016085790703073,2.638701105116128,transformer_compose120_f0.6_wd1.0_softmax_ce_s1,36300,0.008071625344352617,0.4513591555815271,2.153484307846312
316,0.0220486111938953,0.0010723860468715,2.639981517248742,transformer_compose120_f0.6_wd1.0_softmax_ce_s1,36300,0.008705234159779614,0.4513591555815271,2.153484307846312
342,0.021354166790843,0.0014298480236902,2.639952839974024,transformer_compose120_f0.6_wd1.0_softmax_ce_s1,36300,0.009421487603305785,0.4513591555815271,2.153484307846312
369,0.0218749996274709,0.001966041047126,2.6429023751083776,transformer_compose120_f0.6_wd1.0_softmax_ce_s1,36300,0.010165289256198346,0.4513591555815271,2.153484307846312
399,0.0227430555969476,0.002144772093743,2.646738497961576,transformer_compose120_f0.6_wd1.0_softmax_ce_s1,36300,0.010991735537190083,0.4513591555815271,2.153484307846312
432,0.0230902768671512,0.0023235031403601,2.654620766359746,transformer_compose120_f0.6_wd1.0_softmax_ce_s1,36300,0.011900826446280991,0.4513591555815271,2.153484307846312
467,0.0217013880610466,0.0025022341869771,2.6650517164661958,transformer_compose120_f0.6_wd1.0_softmax_ce_s1,36300,0.012865013774104683,0.4513591555815271,2.153484307846312
504,0.0223958324640989,0.0030384270939975,2.6681674613915902,transformer_compose120_f0.6_wd1.0_softmax_ce_s1,36300,0.013884297520661157,0.4513591555815271,2.153484307846312
545,0.0218749996274709,0.0026809652335941,2.668237702819738,transformer_compose120_f0.6_wd1.0_softmax_ce_s1,36300,0.015013774104683195,0.4513591555815271,2.153484307846312
589,0.0220486111938953,0.0017873101169243,2.6738614868649004,transformer_compose120_f0.6_wd1.0_softmax_ce_s1,36300,0.016225895316804406,0.4513591555815271,2.153484307846312
637,0.0217013880610466,0.001966041047126,2.682077246415496,transformer_compose120_f0.6_wd1.0_softmax_ce_s1,36300,0.017548209366391183,0.4513591555815271,2.153484307846312
688,0.0210069436579942,0.001966041047126,2.691264986082701,transformer_compose120_f0.6_wd1.0_softmax_ce_s1,36300,0.018953168044077134,0.4513591555815271,2.153484307846312
744,0.0189236104488372,0.0028596960473805,2.675677925066065,transformer_compose120_f0.6_wd1.0_softmax_ce_s1,36300,0.020495867768595043,0.4513591555815271,2.153484307846312
804,0.0215277783572673,0.001966041047126,2.6769048231553096,transformer_compose120_f0.6_wd1.0_softmax_ce_s1,36300,0.022148760330578512,0.4513591555815271,2.153484307846312
869,0.0223958324640989,0.0025022341869771,2.6841725290816343,transformer_compose120_f0.6_wd1.0_softmax_ce_s1,36300,0.02393939393939394,0.4513591555815271,2.153484307846312
940,0.0222222227603197,0.0032171581406146,2.6722151248736328,transformer_compose120_f0.6_wd1.0_softmax_ce_s1,36300,0.025895316804407712,0.4513591555815271,2.153484307846312
1016,0.0107638891786336,0.0048257373273372,2.6759397248330203,transformer_compose120_f0.6_wd1.0_softmax_ce_s1,36300,0.027988980716253442,0.4513591555815271,2.153484307846312
1098,0.0236111115664243,0.0032171581406146,2.648616240415248,transformer_compose120_f0.6_wd1.0_softmax_ce_s1,36300,0.030247933884297522,0.4513591555815271,2.153484307846312
1187,0.021354166790843,0.0026809652335941,2.6188084308037243,transformer_compose120_f0.6_wd1.0_softmax_ce_s1,36300,0.032699724517906335,0.4513591555815271,2.153484307846312
1283,0.0071180555969476,0.0048257373273372,2.624435262339894,transformer_compose120_f0.6_wd1.0_softmax_ce_s1,36300,0.03534435261707989,0.4513591555815271,2.153484307846312
1386,0.0230902768671512,0.0037533512804657,2.5730154374058416,transformer_compose120_f0.6_wd1.0_softmax_ce_s1,36300,0.038181818181818185,0.4513591555815271,2.153484307846312
1499,0.0159722231328487,0.0046470062807202,2.4912022617224654,transformer_compose120_f0.6_wd1.0_softmax_ce_s1,36300,0.041294765840220383,0.4513591555815271,2.153484307846312
1620,0.0050347223877906,0.0035746202338486,2.4678681173021317,transformer_compose120_f0.6_wd1.0_softmax_ce_s1,36300,0.04462809917355372,0.4513591555815271,2.153484307846312
1751,0.0142361111938953,0.0030384270939975,2.3970699236523587,transformer_compose120_f0.6_wd1.0_softmax_ce_s1,36300,0.04823691460055096,0.4513591555815271,2.153484307846312
1892,0.020833333954215,0.0037533512804657,2.3476928630377247,transformer_compose120_f0.6_wd1.0_softmax_ce_s1,36300,0.052121212121212124,0.4513591555815271,2.153484307846312
2046,0.0149305555969476,0.0058981231413781,2.3117687324786096,transformer_compose120_f0.6_wd1.0_softmax_ce_s1,36300,0.056363636363636366,0.4513591555815271,2.153484307846312
2211,0.0211805552244186,0.0050044683739542,2.2837565894300527,transformer_compose120_f0.6_wd1.0_softmax_ce_s1,36300,0.060909090909090906,0.4513591555815271,2.153484307846312
2390,0.0211805552244186,0.0032171581406146,2.266497012403069,transformer_compose120_f0.6_wd1.0_softmax_ce_s1,36300,0.06584022038567493,0.4513591555815271,2.153484307846312
2583,0.0217013880610466,0.0041108131408691,2.246405084565621,transformer_compose120_f0.6_wd1.0_softmax_ce_s1,36300,0.07115702479338842,0.4513591555815271,2.153484307846312
2792,0.021354166790843,0.0037533512804657,2.1076029963533567,transformer_compose120_f0.6_wd1.0_softmax_ce_s1,36300,0.07691460055096419,0.4513591555815271,2.153484307846312
3018,0.0232638884335756,0.0053619304671883,1.7827292818706728,transformer_compose120_f0.6_wd1.0_softmax_ce_s1,36300,0.0831404958677686,0.4513591555815271,2.153484307846312
3262,0.0225694440305233,0.0057193920947611,1.6470600418982373,transformer_compose120_f0.6_wd1.0_softmax_ce_s1,36300,0.08986225895316804,0.4513591555815271,2.153484307846312
3526,0.0225694440305233,0.0057193920947611,1.617265350805518,transformer_compose120_f0.6_wd1.0_softmax_ce_s1,36300,0.09713498622589532,0.4513591555815271,2.153484307846312
3811,0.0232638884335756,0.0053619304671883,1.6303145805782648,transformer_compose120_f0.6_wd1.0_softmax_ce_s1,36300,0.10498622589531681,0.4513591555815271,2.153484307846312
4120,0.0243055559694767,0.0069705094210803,1.8916621260526711,transformer_compose120_f0.6_wd1.0_softmax_ce_s1,36300,0.11349862258953168,0.4513591555815271,2.153484307846312
4453,0.0248263888061046,0.0069705094210803,1.6200283071403496,transformer_compose120_f0.6_wd1.0_softmax_ce_s1,36300,0.12267217630853995,0.4513591555815271,2.153484307846312
4813,0.026562500745058,0.0075067025609314,1.6748146359128016,transformer_compose120_f0.6_wd1.0_softmax_ce_s1,36300,0.13258953168044077,0.4513591555815271,2.153484307846312
5203,0.0263888891786336,0.0082216262817382,2.5448926764422044,transformer_compose120_f0.6_wd1.0_softmax_ce_s1,36300,0.14333333333333334,0.4513591555815271,2.153484307846312
5623,0.027083333581686,0.0082216262817382,1.452459745913755,transformer_compose120_f0.6_wd1.0_softmax_ce_s1,36300,0.15490358126721762,0.4513591555815271,2.153484307846312
6078,0.025000000372529,0.0075067025609314,1.8697289098977787,transformer_compose120_f0.6_wd1.0_softmax_ce_s1,36300,0.16743801652892562,0.4513591555815271,2.153484307846312
6570,0.0222222227603197,0.0100089367479085,2.072164626664469,transformer_compose120_f0.6_wd1.0_softmax_ce_s1,36300,0.18099173553719008,0.4513591555815271,2.153484307846312
7102,0.0282986108213663,0.0103663988411426,1.4196212614343535,transformer_compose120_f0.6_wd1.0_softmax_ce_s1,36300,0.1956473829201102,0.4513591555815271,2.153484307846312
7676,0.0269097220152616,0.0096514746546745,1.795844735347684,transformer_compose120_f0.6_wd1.0_softmax_ce_s1,36300,0.21146005509641874,0.4513591555815271,2.153484307846312
8297,0.0293402783572673,0.0114387841895222,2.1741404931087174,transformer_compose120_f0.6_wd1.0_softmax_ce_s1,36300,0.22856749311294766,0.4513591555815271,2.153484307846312
8968,0.0284722223877906,0.0100089367479085,2.4373494418477075,transformer_compose120_f0.6_wd1.0_softmax_ce_s1,36300,0.24705234159779615,0.4513591555815271,2.153484307846312
9694,0.029166666790843,0.0103663988411426,1.955400828870051,transformer_compose120_f0.6_wd1.0_softmax_ce_s1,36300,0.2670523415977961,0.4513591555815271,2.153484307846312
10478,0.0303819440305233,0.0123324394226074,1.4772184062283655,transformer_compose120_f0.6_wd1.0_softmax_ce_s1,36300,0.2886501377410468,0.4513591555815271,2.153484307846312
11325,0.030729167163372,0.0119749773293733,1.2919160673997607,transformer_compose120_f0.6_wd1.0_softmax_ce_s1,36300,0.3119834710743802,0.4513591555815271,2.153484307846312
12242,0.0315972231328487,0.0130473636090755,0.8127331088641769,transformer_compose120_f0.6_wd1.0_softmax_ce_s1,36300,0.3372451790633609,0.4513591555815271,2.153484307846312
13232,0.030729167163372,0.0135835567489266,2.3448593372575397,transformer_compose120_f0.6_wd1.0_softmax_ce_s1,36300,0.36451790633608816,0.4513591555815271,2.153484307846312
14302,0.0317708328366279,0.0132260946556925,1.0402891187015595,transformer_compose120_f0.6_wd1.0_softmax_ce_s1,36300,0.3939944903581267,0.4513591555815271,2.153484307846312
15459,0.0352430567145347,0.0171581767499446,1.3351574525441647,transformer_compose120_f0.6_wd1.0_softmax_ce_s1,36300,0.42586776859504133,0.4513591555815271,2.153484307846312
16710,0.0394097231328487,0.0218051839619874,2.4223485155158744,transformer_compose120_f0.6_wd1.0_softmax_ce_s1,36300,0.46033057851239667,0.4513591555815271,2.153484307846312
18062,0.0381944440305233,0.0225201081484556,2.5532335472968053,transformer_compose120_f0.6_wd1.0_softmax_ce_s1,36300,0.49757575757575756,0.4513591555815271,2.153484307846312
19523,0.0451388880610466,0.0255585350096225,1.9071949944616775,transformer_compose120_f0.6_wd1.0_softmax_ce_s1,36300,0.537823691460055,0.4513591555815271,2.153484307846312
21102,0.0439236126840114,0.0252010729163885,1.3860861732258043,transformer_compose120_f0.6_wd1.0_softmax_ce_s1,36300,0.5813223140495868,0.4513591555815271,2.153484307846312
22809,0.0460069440305233,0.026094727218151,1.1638429623087343,transformer_compose120_f0.6_wd1.0_softmax_ce_s1,36300,0.6283471074380166,0.4513591555815271,2.153484307846312
24654,0.0510416664183139,0.0343163534998893,1.713473209094224,transformer_compose120_f0.6_wd1.0_softmax_ce_s1,36300,0.6791735537190082,0.4513591555815271,2.153484307846312
26649,0.0756944417953491,0.0543342269957065,1.4905142166883012,transformer_compose120_f0.6_wd1.0_softmax_ce_s1,36300,0.7341322314049586,0.4513591555815271,2.153484307846312
28804,0.0815972238779068,0.0609472729265689,1.663755479163466,transformer_compose120_f0.6_wd1.0_softmax_ce_s1,36300,0.7934986225895316,0.4513591555815271,2.153484307846312
31135,0.1196180582046508,0.0975871309638023,1.1662550294296825,transformer_compose120_f0.6_wd1.0_softmax_ce_s1,36300,0.8577134986225895,0.4513591555815271,2.153484307846312
33653,0.211284726858139,0.1905272603034973,0.8984328041893391,transformer_compose120_f0.6_wd1.0_softmax_ce_s1,36300,0.9270798898071625,0.4513591555815271,2.153484307846312
36376,0.992881953716278,0.9926720261573792,4.1720246603216085,transformer_compose120_f0.6_wd1.0_softmax_ce_s1,36300,1.0020936639118456,0.4513591555815271,2.153484307846312
39318,1.0,1.0,17.8068722770531,transformer_compose120_f0.6_wd1.0_softmax_ce_s1,36300,1.0831404958677686,0.4513591555815271,2.153484307846312
42499,1.0,1.0,11.337156960181336,transformer_compose120_f0.6_wd1.0_softmax_ce_s1,36300,1.170771349862259,0.4513591555815271,2.153484307846312
45937,1.0,1.0,20.906929298193617,transformer_compose120_f0.6_wd1.0_softmax_ce_s1,36300,1.265482093663912,0.4513591555815271,2.153484307846312
49653,1.0,1.0,21.214450124263028,transformer_compose120_f0.6_wd1.0_softmax_ce_s1,36300,1.3678512396694216,0.4513591555815271,2.153484307846312
53670,1.0,1.0,31.4617041447411,transformer_compose120_f0.6_wd1.0_softmax_ce_s1,36300,1.4785123966942149,0.4513591555815271,2.153484307846312
58011,1.0,1.0,24.351845246415326,transformer_compose120_f0.6_wd1.0_softmax_ce_s1,36300,1.598099173553719,0.4513591555815271,2.153484307846312
62704,1.0,1.0,32.90112442884654,transformer_compose120_f0.6_wd1.0_softmax_ce_s1,36300,1.727382920110193,0.4513591555815271,2.153484307846312
67777,1.0,1.0,19.40899511513122,transformer_compose120_f0.6_wd1.0_softmax_ce_s1,36300,1.8671349862258952,0.4513591555815271,2.153484307846312
73260,1.0,1.0,20.425389871985868,transformer_compose120_f0.6_wd1.0_softmax_ce_s1,36300,2.018181818181818,0.4513591555815271,2.153484307846312
79186,1.0,1.0,25.147976490572084,transformer_compose120_f0.6_wd1.0_softmax_ce_s1,36300,2.1814325068870524,0.4513591555815271,2.153484307846312
85592,1.0,1.0,29.00467121001411,transformer_compose120_f0.6_wd1.0_softmax_ce_s1,36300,2.3579063360881545,0.4513591555815271,2.153484307846312
92516,1.0,1.0,27.60428691654763,transformer_compose120_f0.6_wd1.0_softmax_ce_s1,36300,2.548650137741047,0.4513591555815271,2.153484307846312
100000,1.0,1.0,29.692962982447483,transformer_compose120_f0.6_wd1.0_softmax_ce_s1,36300,2.7548209366391183,0.4513591555815271,2.153484307846312
0,0.0083333337679505,0.0083808843046426,2.271042808603056,transformer_compose120_f0.6_wd1.0_softmax_ce_s2,89700,0.0,0.4513591555815271,2.153484307846312
1,0.0085069444030523,0.008559200912714,2.271913900159653,transformer_compose120_f0.6_wd1.0_softmax_ce_s2,89700,1.1148272017837235e-05,0.4513591555815271,2.153484307846312
2,0.0072916666977107,0.0073109841905534,2.273144035965648,transformer_compose120_f0.6_wd1.0_softmax_ce_s2,89700,2.229654403567447e-05,0.4513591555815271,2.153484307846312
3,0.0079861115664243,0.0080242510885,2.273810964128653,transformer_compose120_f0.6_wd1.0_softmax_ce_s2,89700,3.3444816053511705e-05,0.4513591555815271,2.153484307846312
4,0.0072916666977107,0.0073109841905534,2.2743704321357208,transformer_compose120_f0.6_wd1.0_softmax_ce_s2,89700,4.459308807134894e-05,0.4513591555815271,2.153484307846312
5,0.0076388888992369,0.0076676178723573,2.2751019183688777,transformer_compose120_f0.6_wd1.0_softmax_ce_s2,89700,5.574136008918618e-05,0.4513591555815271,2.153484307846312
6,0.0062500000931322,0.0062410840764641,2.2759481216634976,transformer_compose120_f0.6_wd1.0_softmax_ce_s2,89700,6.688963210702341e-05,0.4513591555815271,2.153484307846312
7,0.005902777891606,0.0060627674683928,2.276874512186098,transformer_compose120_f0.6_wd1.0_softmax_ce_s2,89700,7.803790412486064e-05,0.4513591555815271,2.153484307846312
8,0.005729166790843,0.0058844508603215,2.277953617670726,transformer_compose120_f0.6_wd1.0_softmax_ce_s2,89700,8.918617614269788e-05,0.4513591555815271,2.153484307846312
9,0.0053819445893168,0.0053495005704462,2.2790746305563334,transformer_compose120_f0.6_wd1.0_softmax_ce_s2,89700,0.00010033444816053512,0.4513591555815271,2.153484307846312
10,0.0045138890855014,0.004279600456357,2.2803419101410127,transformer_compose120_f0.6_wd1.0_softmax_ce_s2,89700,0.00011148272017837236,0.4513591555815271,2.153484307846312
11,0.0052083334885537,0.0049928673543035,2.281663489509608,transformer_compose120_f0.6_wd1.0_softmax_ce_s2,89700,0.0001226309921962096,0.4513591555815271,2.153484307846312
12,0.0046875001862645,0.0046362341381609,2.283064958696133,transformer_compose120_f0.6_wd1.0_softmax_ce_s2,89700,0.00013377926421404682,0.4513591555815271,2.153484307846312
13,0.0041666668839752,0.0041012838482856,2.2845218489728945,transformer_compose120_f0.6_wd1.0_softmax_ce_s2,89700,0.00014492753623188405,0.4513591555815271,2.153484307846312
14,0.0038194444496184,0.0037446503993123,2.285869833839619,transformer_compose120_f0.6_wd1.0_softmax_ce_s2,89700,0.0001560758082497213,0.4513591555815271,2.153484307846312
15,0.0034722222480922,0.0033880171831697,2.2870476797342243,transformer_compose120_f0.6_wd1.0_softmax_ce_s2,89700,0.00016722408026755852,0.4513591555815271,2.153484307846312
16,0.0045138890855014,0.0044579170644283,2.288260449747439,transformer_compose120_f0.6_wd1.0_softmax_ce_s2,89700,0.00017837235228539575,0.4513591555815271,2.153484307846312
18,0.0031250000465661,0.0030313837341964,2.2897135894803005,transformer_compose120_f0.6_wd1.0_softmax_ce_s2,89700,0.00020066889632107025,0.4513591555815271,2.153484307846312
19,0.0032986111473292,0.0032097003422677,2.2902982930859834,transformer_compose120_f0.6_wd1.0_softmax_ce_s2,89700,0.00021181716833890748,0.4513591555815271,2.153484307846312
21,0.0019097222248092,0.0017831668956205,2.291426940026944,transformer_compose120_f0.6_wd1.0_softmax_ce_s2,89700,0.00023411371237458194,0.4513591555815271,2.153484307846312
22,0.0017361111240461,0.0016048501711338,2.291974682797343,transformer_compose120_f0.6_wd1.0_softmax_ce_s2,89700,0.0002452619843924192,0.4513591555815271,2.153484307846312
24,0.0013888889225199,0.0014265335630625,2.292684305571357,transformer_compose120_f0.6_wd1.0_softmax_ce_s2,89700,0.00026755852842809364,0.4513591555815271,2.153484307846312
26,0.001562500023283,0.0014265335630625,2.292840898681499,transformer_compose120_f0.6_wd1.0_softmax_ce_s2,89700,0.0002898550724637681,0.4513591555815271,2.153484307846312
28,0.0012152778217568,0.0010699001140892,2.2923155025788824,transformer_compose120_f0.6_wd1.0_softmax_ce_s2,89700,0.0003121516164994426,0.4513591555815271,2.153484307846312
31,0.0010416667209938,0.0008915834478102,2.289976496983747,transformer_compose120_f0.6_wd1.0_softmax_ce_s2,89700,0.0003455964325529543,0.4513591555815271,2.153484307846312
33,0.0012152778217568,0.0010699001140892,2.286645201125153,transformer_compose120_f0.6_wd1.0_softmax_ce_s2,89700,0.00036789297658862874,0.4513591555815271,2.153484307846312
36,0.0003472222306299,0.0003566333907656,2.2800478141330225,transformer_compose120_f0.6_wd1.0_softmax_ce_s2,89700,0.0004013377926421405,0.4513591555815271,2.153484307846312
39,0.0005208333604969,0.0003566333907656,2.273675097404741,transformer_compose120_f0.6_wd1.0_softmax_ce_s2,89700,0.0004347826086956522,0.4513591555815271,2.153484307846312
42,0.0010416667209938,0.0007132667815312,2.2697062167357585,transformer_compose120_f0.6_wd1.0_softmax_ce_s2,89700,0.0004682274247491639,0.4513591555815271,2.153484307846312
45,0.0012152778217568,0.0010699001140892,2.269008727400002,transformer_compose120_f0.6_wd1.0_softmax_ce_s2,89700,0.0005016722408026755,0.4513591555815271,2.153484307846312
49,0.0010416667209938,0.0008915834478102,2.27183013662129,transformer_compose120_f0.6_wd1.0_softmax_ce_s2,89700,0.0005462653288740246,0.4513591555815271,2.153484307846312
53,0.0012152778217568,0.0008915834478102,2.2776167822876587,transformer_compose120_f0.6_wd1.0_softmax_ce_s2,89700,0.0005908584169453735,0.4513591555815271,2.153484307846312
57,0.0012152778217568,0.0008915834478102,2.288715558165137,transformer_compose120_f0.6_wd1.0_softmax_ce_s2,89700,0.0006354515050167224,0.4513591555815271,2.153484307846312
62,0.0022569445427507,0.0016048501711338,2.300925577052463,transformer_compose120_f0.6_wd1.0_softmax_ce_s2,89700,0.0006911928651059085,0.4513591555815271,2.153484307846312
67,0.0017361111240461,0.0012482168385758,2.3070212947627327,transformer_compose120_f0.6_wd1.0_softmax_ce_s2,89700,0.0007469342251950948,0.4513591555815271,2.153484307846312
72,0.0017361111240461,0.0010699001140892,2.304046049626719,transformer_compose120_f0.6_wd1.0_softmax_ce_s2,89700,0.000802675585284281,0.4513591555815271,2.153484307846312
78,0.0022569445427507,0.0016048501711338,2.2961085455134045,transformer_compose120_f0.6_wd1.0_softmax_ce_s2,89700,0.0008695652173913044,0.4513591555815271,2.153484307846312
84,0.0031250000465661,0.0016048501711338,2.2888859374566177,transformer_compose120_f0.6_wd1.0_softmax_ce_s2,89700,0.0009364548494983278,0.4513591555815271,2.153484307846312
91,0.0043402779847383,0.0024964336771517,2.2776535502679747,transformer_compose120_f0.6_wd1.0_softmax_ce_s2,89700,0.0010144927536231885,0.4513591555815271,2.153484307846312
98,0.0050347223877906,0.0024964336771517,2.274141871140666,transformer_compose120_f0.6_wd1.0_softmax_ce_s2,89700,0.0010925306577480491,0.4513591555815271,2.153484307846312
106,0.0064236111938953,0.0023181170690804,2.275002385324509,transformer_compose120_f0.6_wd1.0_softmax_ce_s2,89700,0.001181716833890747,0.4513591555815271,2.153484307846312
115,0.0081597222015261,0.0019614836201071,2.2737661479552806,transformer_compose120_f0.6_wd1.0_softmax_ce_s2,89700,0.001282051282051282,0.4513591555815271,2.153484307846312
124,0.011458333581686,0.0024964336771517,2.274826433153306,transformer_compose120_f0.6_wd1.0_softmax_ce_s2,89700,0.001382385730211817,0.4513591555815271,2.153484307846312
134,0.0149305555969476,0.0021398002281785,2.280473660162253,transformer_compose120_f0.6_wd1.0_softmax_ce_s2,89700,0.0014938684503901895,0.4513591555815271,2.153484307846312
145,0.0180555563420057,0.0023181170690804,2.280555609597627,transformer_compose120_f0.6_wd1.0_softmax_ce_s2,89700,0.0016164994425863991,0.4513591555815271,2.153484307846312
157,0.019270833581686,0.0021398002281785,2.2755209318099845,transformer_compose120_f0.6_wd1.0_softmax_ce_s2,89700,0.001750278706800446,0.4513591555815271,2.153484307846312
170,0.0201388895511627,0.0024964336771517,2.273219847619521,transformer_compose120_f0.6_wd1.0_softmax_ce_s2,89700,0.00189520624303233,0.4513591555815271,2.153484307846312
183,0.0211805552244186,0.0021398002281785,2.2703011409810587,transformer_compose120_f0.6_wd1.0_softmax_ce_s2,89700,0.002040133779264214,0.4513591555815271,2.153484307846312
198,0.0217013880610466,0.0026747502852231,2.2665295034451423,transformer_compose120_f0.6_wd1.0_softmax_ce_s2,89700,0.0022073578595317726,0.4513591555815271,2.153484307846312
214,0.0215277783572673,0.0024964336771517,2.2662099278551944,transformer_compose120_f0.6_wd1.0_softmax_ce_s2,89700,0.0023857302118171684,0.4513591555815271,2.153484307846312
232,0.0217013880610466,0.0030313837341964,2.265154593689464,transformer_compose120_f0.6_wd1.0_softmax_ce_s2,89700,0.0025863991081382385,0.4513591555815271,2.153484307846312
250,0.021354166790843,0.002853067126125,2.2616722747316644,transformer_compose120_f0.6_wd1.0_softmax_ce_s2,89700,0.002787068004459309,0.4513591555815271,2.153484307846312
271,0.0210069436579942,0.0026747502852231,2.257247793258712,transformer_compose120_f0.6_wd1.0_softmax_ce_s2,89700,0.003021181716833891,0.4513591555815271,2.153484307846312
293,0.021354166790843,0.0033880171831697,2.252013693284736,transformer_compose120_f0.6_wd1.0_softmax_ce_s2,89700,0.00326644370122631,0.4513591555815271,2.153484307846312
316,0.0206597223877906,0.0033880171831697,2.24728887890567,transformer_compose120_f0.6_wd1.0_softmax_ce_s2,89700,0.0035228539576365662,0.4513591555815271,2.153484307846312
342,0.0211805552244186,0.0039229672402143,2.247787925107408,transformer_compose120_f0.6_wd1.0_softmax_ce_s2,89700,0.0038127090301003346,0.4513591555815271,2.153484307846312
369,0.021354166790843,0.0044579170644283,2.252755290739559,transformer_compose120_f0.6_wd1.0_softmax_ce_s2,89700,0.0041137123745819395,0.4513591555815271,2.153484307846312
399,0.0204861108213663,0.004279600456357,2.259056659180076,transformer_compose120_f0.6_wd1.0_softmax_ce_s2,89700,0.004448160535117057,0.4513591555815271,2.153484307846312
432,0.0211805552244186,0.0046362341381609,2.265610500704472,transformer_compose120_f0.6_wd1.0_softmax_ce_s2,89700,0.0048160535117056855,0.4513591555815271,2.153484307846312
467,0.0203124992549419,0.0039229672402143,2.27156995022036,transformer_compose120_f0.6_wd1.0_softmax_ce_s2,89700,0.005206243032329989,0.4513591555815271,2.153484307846312
504,0.0201388895511627,0.003566333791241,2.272930426640754,transformer_compose120_f0.6_wd1.0_softmax_ce_s2,89700,0.005618729096989967,0.4513591555815271,2.153484307846312
545,0.019270833581686,0.0033880171831697,2.271258851835797,transformer_compose120_f0.6_wd1.0_softmax_ce_s2,89700,0.006075808249721293,0.4513591555815271,2.153484307846312
589,0.0210069436579942,0.0044579170644283,2.273104928510257,transformer_compose120_f0.6_wd1.0_softmax_ce_s2,89700,0.006566332218506132,0.4513591555815271,2.153484307846312
637,0.0215277783572673,0.0051711839623749,2.2795981778443264,transformer_compose120_f0.6_wd1.0_softmax_ce_s2,89700,0.007101449275362319,0.4513591555815271,2.153484307846312
688,0.0199652779847383,0.004279600456357,2.282968443363001,transformer_compose120_f0.6_wd1.0_softmax_ce_s2,89700,0.007670011148272018,0.4513591555815271,2.153484307846312
744,0.0199652779847383,0.0037446503993123,2.267289960254261,transformer_compose120_f0.6_wd1.0_softmax_ce_s2,89700,0.008294314381270903,0.4513591555815271,2.153484307846312
804,0.020833333954215,0.0044579170644283,2.2762424582279235,transformer_compose120_f0.6_wd1.0_softmax_ce_s2,89700,0.008963210702341138,0.4513591555815271,2.153484307846312
869,0.019270833581686,0.0030313837341964,2.2596076112159644,transformer_compose120_f0.6_wd1.0_softmax_ce_s2,89700,0.009687848383500557,0.4513591555815271,2.153484307846312
940,0.0218749996274709,0.0041012838482856,2.272514473837107,transformer_compose120_f0.6_wd1.0_softmax_ce_s2,89700,0.010479375696767,0.4513591555815271,2.153484307846312
1016,0.0194444451481103,0.0032097003422677,2.271193659018358,transformer_compose120_f0.6_wd1.0_softmax_ce_s2,89700,0.01132664437012263,0.4513591555815271,2.153484307846312
1098,0.017187500372529,0.0041012838482856,2.272191804131247,transformer_compose120_f0.6_wd1.0_softmax_ce_s2,89700,0.012240802675585284,0.4513591555815271,2.153484307846312
1187,0.018750000745058,0.0026747502852231,2.2803293107436136,transformer_compose120_f0.6_wd1.0_softmax_ce_s2,89700,0.013232998885172799,0.4513591555815271,2.153484307846312
1283,0.019270833581686,0.0041012838482856,2.28382953635762,transformer_compose120_f0.6_wd1.0_softmax_ce_s2,89700,0.014303232998885173,0.4513591555815271,2.153484307846312
1386,0.0204861108213663,0.0033880171831697,2.260924519159492,transformer_compose120_f0.6_wd1.0_softmax_ce_s2,89700,0.015451505016722407,0.4513591555815271,2.153484307846312
1499,0.0204861108213663,0.0041012838482856,2.247095898155468,transformer_compose120_f0.6_wd1.0_softmax_ce_s2,89700,0.016711259754738014,0.4513591555815271,2.153484307846312
1620,0.019270833581686,0.0033880171831697,2.2282237123542825,transformer_compose120_f0.6_wd1.0_softmax_ce_s2,89700,0.018060200668896322,0.4513591555815271,2.153484307846312
1751,0.0204861108213663,0.004279600456357,2.187813021006191,transformer_compose120_f0.6_wd1.0_softmax_ce_s2,89700,0.019520624303232998,0.4513591555815271,2.153484307846312
1892,0.0196180548518896,0.0030313837341964,2.1388557849624084,transformer_compose120_f0.6_wd1.0_softmax_ce_s2,89700,0.02109253065774805,0.4513591555815271,2.153484307846312
2046,0.0071180555969476,0.0057061342522501,2.118179604143948,transformer_compose120_f0.6_wd1.0_softmax_ce_s2,89700,0.022809364548494984,0.4513591555815271,2.153484307846312
2211,0.0197916664183139,0.0049928673543035,2.0828349574298657,transformer_compose120_f0.6_wd1.0_softmax_ce_s2,89700,0.024648829431438125,0.4513591555815271,2.153484307846312
2390,0.0138888889923691,0.0076676178723573,2.0023973883961257,transformer_compose120_f0.6_wd1.0_softmax_ce_s2,89700,0.026644370122630993,0.4513591555815271,2.153484307846312
2583,0.0201388895511627,0.0051711839623749,1.833959072145695,transformer_compose120_f0.6_wd1.0_softmax_ce_s2,89700,0.02879598662207358,0.4513591555815271,2.153484307846312
2792,0.020833333954215,0.0057061342522501,1.826597544949201,transformer_compose120_f0.6_wd1.0_softmax_ce_s2,89700,0.03112597547380156,0.4513591555815271,2.153484307846312
3018,0.0199652779847383,0.0051711839623749,1.888285334418268,transformer_compose120_f0.6_wd1.0_softmax_ce_s2,89700,0.03364548494983278,0.4513591555815271,2.153484307846312
3262,0.0194444451481103,0.0039229672402143,2.095885805695057,transformer_compose120_f0.6_wd1.0_softmax_ce_s2,89700,0.03636566332218506,0.4513591555815271,2.153484307846312
3526,0.0194444451481103,0.0039229672402143,2.1068538648762853,transformer_compose120_f0.6_wd1.0_softmax_ce_s2,89700,0.03930880713489409,0.4513591555815271,2.153484307846312
3811,0.020833333954215,0.0049928673543035,1.5581587841774185,transformer_compose120_f0.6_wd1.0_softmax_ce_s2,89700,0.0424860646599777,0.4513591555815271,2.153484307846312
4120,0.0116319442167878,0.0101640513166785,1.3206019626728835,transformer_compose120_f0.6_wd1.0_softmax_ce_s2,89700,0.04593088071348941,0.4513591555815271,2.153484307846312
4453,0.0194444451481103,0.0039229672402143,1.14308564115073,transformer_compose120_f0.6_wd1.0_softmax_ce_s2,89700,0.049643255295429206,0.4513591555815271,2.153484307846312
4813,0.021354166790843,0.0046362341381609,1.3963221382195896,transformer_compose120_f0.6_wd1.0_softmax_ce_s2,89700,0.053656633221850616,0.4513591555815271,2.153484307846312
5203,0.0218749996274709,0.0057061342522501,1.2656373189710468,transformer_compose120_f0.6_wd1.0_softmax_ce_s2,89700,0.058004459308807134,0.4513591555815271,2.153484307846312
5623,0.0203124992549419,0.0058844508603215,2.246734869423452,transformer_compose120_f0.6_wd1.0_softmax_ce_s2,89700,0.06268673355629878,0.4513591555815271,2.153484307846312
6078,0.0175347216427326,0.0065977177582681,2.827104498000079,transformer_compose120_f0.6_wd1.0_softmax_ce_s2,89700,0.06775919732441471,0.4513591555815271,2.153484307846312
6570,0.0222222227603197,0.008559200912714,1.22401048391311,transformer_compose120_f0.6_wd1.0_softmax_ce_s2,89700,0.07324414715719063,0.4513591555815271,2.153484307846312
7102,0.0220486111938953,0.0073109841905534,1.866827607184672,transformer_compose120_f0.6_wd1.0_softmax_ce_s2,89700,0.07917502787068005,0.4513591555815271,2.153484307846312
7676,0.0220486111938953,0.0082025676965713,0.8755193975519973,transformer_compose120_f0.6_wd1.0_softmax_ce_s2,89700,0.08557413600891861,0.4513591555815271,2.153484307846312
8297,0.0232638884335756,0.0083808843046426,1.4504512267589629,transformer_compose120_f0.6_wd1.0_softmax_ce_s2,89700,0.09249721293199555,0.4513591555815271,2.153484307846312
8968,0.0206597223877906,0.0074893007986247,1.787518279254015,transformer_compose120_f0.6_wd1.0_softmax_ce_s2,89700,0.09997770345596432,0.4513591555815271,2.153484307846312
9694,0.0199652779847383,0.0078459344804286,2.083975873432349,transformer_compose120_f0.6_wd1.0_softmax_ce_s2,89700,0.10807134894091416,0.4513591555815271,2.153484307846312
10478,0.0189236104488372,0.007132667582482,1.732855342395323,transformer_compose120_f0.6_wd1.0_softmax_ce_s2,89700,0.11681159420289855,0.4513591555815271,2.153484307846312
11325,0.0194444451481103,0.007132667582482,0.9033987786141248,transformer_compose120_f0.6_wd1.0_softmax_ce_s2,89700,0.1262541806020067,0.4513591555815271,2.153484307846312
12242,0.019270833581686,0.0058844508603215,1.7108226621021565,transformer_compose120_f0.6_wd1.0_softmax_ce_s2,89700,0.13647714604236344,0.4513591555815271,2.153484307846312
13232,0.018750000745058,0.0060627674683928,1.1909586696350445,transformer_compose120_f0.6_wd1.0_softmax_ce_s2,89700,0.1475139353400223,0.4513591555815271,2.153484307846312
14302,0.0196180548518896,0.0069543509744107,0.927297458790744,transformer_compose120_f0.6_wd1.0_softmax_ce_s2,89700,0.15944258639910813,0.4513591555815271,2.153484307846312
15459,0.0204861108213663,0.0082025676965713,1.5264080305674996,transformer_compose120_f0.6_wd1.0_softmax_ce_s2,89700,0.17234113712374582,0.4513591555815271,2.153484307846312
16710,0.0196180548518896,0.0099857347086071,1.593571945811147,transformer_compose120_f0.6_wd1.0_softmax_ce_s2,89700,0.1862876254180602,0.4513591555815271,2.153484307846312
18062,0.0222222227603197,0.0092724682763218,0.7107919152064897,transformer_compose120_f0.6_wd1.0_softmax_ce_s2,89700,0.20136008918617615,0.4513591555815271,2.153484307846312
19523,0.0230902768671512,0.0098074181005358,0.9910946019900048,transformer_compose120_f0.6_wd1.0_softmax_ce_s2,89700,0.21764771460423635,0.4513591555815271,2.153484307846312
21102,0.0253472216427326,0.0114122685045003,1.3864747869155951,transformer_compose120_f0.6_wd1.0_softmax_ce_s2,89700,0.23525083612040135,0.4513591555815271,2.153484307846312
22809,0.0243055559694767,0.0096291014924645,0.8122318845922217,transformer_compose120_f0.6_wd1.0_softmax_ce_s2,89700,0.2542809364548495,0.4513591555815271,2.153484307846312
24654,0.0232638884335756,0.0089158341288566,1.5713158275004575,transformer_compose120_f0.6_wd1.0_softmax_ce_s2,89700,0.2748494983277592,0.4513591555815271,2.153484307846312
26649,0.0239583328366279,0.0099857347086071,1.35024798619498,transformer_compose120_f0.6_wd1.0_softmax_ce_s2,89700,0.2970903010033445,0.4513591555815271,2.153484307846312
28804,0.0246527772396802,0.0103423679247498,1.5840395467498287,transformer_compose120_f0.6_wd1.0_softmax_ce_s2,89700,0.32111482720178375,0.4513591555815271,2.153484307846312
31135,0.0289930552244186,0.0140870185568928,1.5038767388490748,transformer_compose120_f0.6_wd1.0_softmax_ce_s2,89700,0.3471014492753623,0.4513591555815271,2.153484307846312
33653,0.0253472216427326,0.012838801369071,1.8634970224024547,transformer_compose120_f0.6_wd1.0_softmax_ce_s2,89700,0.37517279821627647,0.4513591555815271,2.153484307846312
36376,0.0239583328366279,0.0103423679247498,0.7098303909566788,transformer_compose120_f0.6_wd1.0_softmax_ce_s2,89700,0.40552954292084725,0.4513591555815271,2.153484307846312
39318,0.0303819440305233,0.0149786015972495,1.3302224776598457,transformer_compose120_f0.6_wd1.0_softmax_ce_s2,89700,0.4383277591973244,0.4513591555815271,2.153484307846312
42499,0.0279513895511627,0.0148002849891781,1.3304395942967429,transformer_compose120_f0.6_wd1.0_softmax_ce_s2,89700,0.4737904124860647,0.4513591555815271,2.153484307846312
45937,0.03125,0.0164051353931427,1.4082121966541103,transformer_compose120_f0.6_wd1.0_softmax_ce_s2,89700,0.512118171683389,0.4513591555815271,2.153484307846312
49653,0.03125,0.0164051353931427,0.6138929371242451,transformer_compose120_f0.6_wd1.0_softmax_ce_s2,89700,0.5535451505016722,0.4513591555815271,2.153484307846312
53670,0.0317708328366279,0.0156918689608573,0.8092086306191832,transformer_compose120_f0.6_wd1.0_softmax_ce_s2,89700,0.5983277591973244,0.4513591555815271,2.153484307846312
58011,0.0322916656732559,0.017118401825428,1.3070399450366232,transformer_compose120_f0.6_wd1.0_softmax_ce_s2,89700,0.6467224080267558,0.4513591555815271,2.153484307846312
62704,0.0397569462656974,0.0233594868332147,1.5190087786321154,transformer_compose120_f0.6_wd1.0_softmax_ce_s2,89700,0.699041248606466,0.4513591555815271,2.153484307846312
67777,0.0373263880610466,0.0219329521059989,1.4252242943351845,transformer_compose120_f0.6_wd1.0_softmax_ce_s2,89700,0.7555964325529543,0.4513591555815271,2.153484307846312
73260,0.0411458350718021,0.025142652913928,1.2818757438337476,transformer_compose120_f0.6_wd1.0_softmax_ce_s2,89700,0.8167224080267559,0.4513591555815271,2.153484307846312
79186,0.0453125014901161,0.0315620526671409,1.5840346944208146,transformer_compose120_f0.6_wd1.0_softmax_ce_s2,89700,0.8827870680044593,0.4513591555815271,2.153484307846312
85592,0.0878472253680229,0.07150499522686,1.5032910236164172,transformer_compose120_f0.6_wd1.0_softmax_ce_s2,89700,0.9542028985507246,0.4513591555815271,2.153484307846312
92516,1.0,1.0,1.9842518800417623,transformer_compose120_f0.6_wd1.0_softmax_ce_s2,89700,1.0313935340022296,0.4513591555815271,2.153484307846312
100000,1.0,1.0,1.474145816142974,transformer_compose120_f0.6_wd1.0_softmax_ce_s2,89700,1.1148272017837235,0.4513591555815271,2.153484307846312
0,0.0098958332091569,0.010025062598288,2.6406869174609406,transformer_compose120_f0.6_wd1.0_softmax_ce_s3,83200,0.0,0.4513591555815271,2.153484307846312
1,0.0072916666977107,0.0071607590653002,2.6370369130142217,transformer_compose120_f0.6_wd1.0_softmax_ce_s3,83200,1.201923076923077e-05,0.4513591555815271,2.153484307846312
2,0.0071180555969476,0.0071607590653002,2.6335668162900703,transformer_compose120_f0.6_wd1.0_softmax_ce_s3,83200,2.403846153846154e-05,0.4513591555815271,2.153484307846312
3,0.0081597222015261,0.0078768348321318,2.630367199403869,transformer_compose120_f0.6_wd1.0_softmax_ce_s3,83200,3.605769230769231e-05,0.4513591555815271,2.153484307846312
4,0.0092013888061046,0.0084138922393321,2.627976993270514,transformer_compose120_f0.6_wd1.0_softmax_ce_s3,83200,4.807692307692308e-05,0.4513591555815271,2.153484307846312
5,0.0079861115664243,0.0075187971815466,2.626404692787464,transformer_compose120_f0.6_wd1.0_softmax_ce_s3,83200,6.009615384615385e-05,0.4513591555815271,2.153484307846312
6,0.0074652777984738,0.0075187971815466,2.625268610444117,transformer_compose120_f0.6_wd1.0_softmax_ce_s3,83200,7.211538461538462e-05,0.4513591555815271,2.153484307846312
7,0.0081597222015261,0.008234872482717,2.62434862340152,transformer_compose120_f0.6_wd1.0_softmax_ce_s3,83200,8.413461538461538e-05,0.4513591555815271,2.153484307846312
8,0.0064236111938953,0.0066237021237611,2.623340297747518,transformer_compose120_f0.6_wd1.0_softmax_ce_s3,83200,9.615384615384615e-05,0.4513591555815271,2.153484307846312
9,0.0055555556900799,0.0057286070659756,2.62229915456926,transformer_compose120_f0.6_wd1.0_softmax_ce_s3,83200,0.00010817307692307693,0.4513591555815271,2.153484307846312
10,0.005729166790843,0.0057286070659756,2.6212259305847763,transformer_compose120_f0.6_wd1.0_softmax_ce_s3,83200,0.0001201923076923077,0.4513591555815271,2.153484307846312
11,0.0041666668839752,0.0042964555323123,2.6203788250607465,transformer_compose120_f0.6_wd1.0_softmax_ce_s3,83200,0.00013221153846153846,0.4513591555815271,2.153484307846312
12,0.0050347223877906,0.0051915501244366,2.619861666244709,transformer_compose120_f0.6_wd1.0_softmax_ce_s3,83200,0.00014423076923076924,0.4513591555815271,2.153484307846312
13,0.0043402779847383,0.0042964555323123,2.6192455172645905,transformer_compose120_f0.6_wd1.0_softmax_ce_s3,83200,0.00015625,0.4513591555815271,2.153484307846312
14,0.0038194444496184,0.0037593985907733,2.6185315936534086,transformer_compose120_f0.6_wd1.0_softmax_ce_s3,83200,0.00016826923076923076,0.4513591555815271,2.153484307846312
15,0.0036458333488553,0.0035803795326501,2.61789990276199,transformer_compose120_f0.6_wd1.0_softmax_ce_s3,83200,0.00018028846153846155,0.4513591555815271,2.153484307846312
16,0.0038194444496184,0.0035803795326501,2.6173998815436645,transformer_compose120_f0.6_wd1.0_softmax_ce_s3,83200,0.0001923076923076923,0.4513591555815271,2.153484307846312
18,0.0031250000465661,0.0028643035329878,2.6168061104422065,transformer_compose120_f0.6_wd1.0_softmax_ce_s3,83200,0.00021634615384615385,0.4513591555815271,2.153484307846312
19,0.0020833334419876,0.0019692087080329,2.616869603536798,transformer_compose120_f0.6_wd1.0_softmax_ce_s3,83200,0.0002283653846153846,0.4513591555815271,2.153484307846312
21,0.0010416667209938,0.001074113883078,2.6173608317426806,transformer_compose120_f0.6_wd1.0_softmax_ce_s3,83200,0.00025240384615384616,0.4513591555815271,2.153484307846312
22,0.001562500023283,0.0014321517664939,2.618016690850406,transformer_compose120_f0.6_wd1.0_softmax_ce_s3,83200,0.0002644230769230769,0.4513591555815271,2.153484307846312
24,0.0010416667209938,0.0008950948831625,2.619572374038956,transformer_compose120_f0.6_wd1.0_softmax_ce_s3,83200,0.0002884615384615385,0.4513591555815271,2.153484307846312
26,0.000868055562023,0.0007160758832469,2.620434474877447,transformer_compose120_f0.6_wd1.0_softmax_ce_s3,83200,0.0003125,0.4513591555815271,2.153484307846312
28,0.000868055562023,0.0007160758832469,2.6208444496005567,transformer_compose120_f0.6_wd1.0_softmax_ce_s3,83200,0.0003365384615384615,0.4513591555815271,2.153484307846312
31,0.000868055562023,0.0007160758832469,2.6192724921905826,transformer_compose120_f0.6_wd1.0_softmax_ce_s3,83200,0.00037259615384615386,0.4513591555815271,2.153484307846312
33,0.0010416667209938,0.0008950948831625,2.61691148284284,transformer_compose120_f0.6_wd1.0_softmax_ce_s3,83200,0.0003966346153846154,0.4513591555815271,2.153484307846312
36,0.0005208333604969,0.0003580379416234,2.6123845133401598,transformer_compose120_f0.6_wd1.0_softmax_ce_s3,83200,0.0004326923076923077,0.4513591555815271,2.153484307846312
39,0.0006944444612599,0.000537056941539,2.608995725200804,transformer_compose120_f0.6_wd1.0_softmax_ce_s3,83200,0.00046875,0.4513591555815271,2.153484307846312
42,0.000868055562023,0.000537056941539,2.608351862305397,transformer_compose120_f0.6_wd1.0_softmax_ce_s3,83200,0.0005048076923076923,0.4513591555815271,2.153484307846312
45,0.0006944444612599,0.000537056941539,2.609723128001423,transformer_compose120_f0.6_wd1.0_softmax_ce_s3,83200,0.0005408653846153846,0.4513591555815271,2.153484307846312
49,0.0010416667209938,0.0008950948831625,2.613231095258056,transformer_compose120_f0.6_wd1.0_softmax_ce_s3,83200,0.0005889423076923077,0.4513591555815271,2.153484307846312
53,0.0010416667209938,0.0007160758832469,2.618118795267681,transformer_compose120_f0.6_wd1.0_softmax_ce_s3,83200,0.0006370192307692307,0.4513591555815271,2.153484307846312
57,0.001562500023283,0.0007160758832469,2.620910390679683,transformer_compose120_f0.6_wd1.0_softmax_ce_s3,83200,0.0006850961538461539,0.4513591555815271,2.153484307846312
62,0.0019097222248092,0.0008950948831625,2.6216844635997543,transformer_compose120_f0.6_wd1.0_softmax_ce_s3,83200,0.0007451923076923077,0.4513591555815271,2.153484307846312
67,0.0019097222248092,0.0007160758832469,2.618470702749719,transformer_compose120_f0.6_wd1.0_softmax_ce_s3,83200,0.0008052884615384616,0.4513591555815271,2.153484307846312
72,0.0020833334419876,0.0008950948831625,2.61813707661867,transformer_compose120_f0.6_wd1.0_softmax_ce_s3,83200,0.0008653846153846154,0.4513591555815271,2.153484307846312
78,0.0024305556435137,0.001253132824786,2.6238791681626368,transformer_compose120_f0.6_wd1.0_softmax_ce_s3,83200,0.0009375,0.4513591555815271,2.153484307846312
84,0.0031250000465661,0.0014321517664939,2.6281326770073408,transformer_compose120_f0.6_wd1.0_softmax_ce_s3,83200,0.0010096153846153846,0.4513591555815271,2.153484307846312
91,0.0039930557832121,0.0016111708246171,2.6313503355877224,transformer_compose120_f0.6_wd1.0_softmax_ce_s3,83200,0.00109375,0.4513591555815271,2.153484307846312
98,0.005902777891606,0.001790189766325,2.6298763815850763,transformer_compose120_f0.6_wd1.0_softmax_ce_s3,83200,0.0011778846153846154,0.4513591555815271,2.153484307846312
106,0.0086805559694767,0.0023272465914487,2.6235369322735203,transformer_compose120_f0.6_wd1.0_softmax_ce_s3,83200,0.0012740384615384614,0.4513591555815271,2.153484307846312
115,0.0119791664183139,0.0023272465914487,2.616856398851461,transformer_compose120_f0.6_wd1.0_softmax_ce_s3,83200,0.0013822115384615385,0.4513591555815271,2.153484307846312
124,0.0173611119389534,0.0023272465914487,2.612571667161609,transformer_compose120_f0.6_wd1.0_softmax_ce_s3,83200,0.0014903846153846154,0.4513591555815271,2.153484307846312
134,0.0201388895511627,0.001790189766325,2.61257316380662,transformer_compose120_f0.6_wd1.0_softmax_ce_s3,83200,0.0016105769230769231,0.4513591555815271,2.153484307846312
145,0.0234375,0.001790189766325,2.615315570969259,transformer_compose120_f0.6_wd1.0_softmax_ce_s3,83200,0.0017427884615384616,0.4513591555815271,2.153484307846312
157,0.0248263888061046,0.0019692087080329,2.623499269244594,transformer_compose120_f0.6_wd1.0_softmax_ce_s3,83200,0.0018870192307692307,0.4513591555815271,2.153484307846312
170,0.0262152776122093,0.0021482277661561,2.631774832834619,transformer_compose120_f0.6_wd1.0_softmax_ce_s3,83200,0.002043269230769231,0.4513591555815271,2.153484307846312
183,0.0269097220152616,0.0023272465914487,2.637844547080069,transformer_compose120_f0.6_wd1.0_softmax_ce_s3,83200,0.0021995192307692306,0.4513591555815271,2.153484307846312
198,0.0277777779847383,0.0028643035329878,2.63933372414587,transformer_compose120_f0.6_wd1.0_softmax_ce_s3,83200,0.0023798076923076924,0.4513591555815271,2.153484307846312
214,0.0276041664183139,0.0026852847076952,2.6394389077767886,transformer_compose120_f0.6_wd1.0_softmax_ce_s3,83200,0.0025721153846153845,0.4513591555815271,2.153484307846312
232,0.0274305548518896,0.0026852847076952,2.6418582446559298,transformer_compose120_f0.6_wd1.0_softmax_ce_s3,83200,0.0027884615384615383,0.4513591555815271,2.153484307846312
250,0.0258680563420057,0.0019692087080329,2.6449666730353947,transformer_compose120_f0.6_wd1.0_softmax_ce_s3,83200,0.0030048076923076925,0.4513591555815271,2.153484307846312
271,0.0253472216427326,0.0021482277661561,2.648874691675498,transformer_compose120_f0.6_wd1.0_softmax_ce_s3,83200,0.0032572115384615383,0.4513591555815271,2.153484307846312
293,0.0246527772396802,0.0019692087080329,2.654587642497481,transformer_compose120_f0.6_wd1.0_softmax_ce_s3,83200,0.0035216346153846153,0.4513591555815271,2.153484307846312
316,0.024479167535901,0.0023272465914487,2.659727211453553,transformer_compose120_f0.6_wd1.0_softmax_ce_s3,83200,0.003798076923076923,0.4513591555815271,2.153484307846312
342,0.0236111115664243,0.0019692087080329,2.6666514641433285,transformer_compose120_f0.6_wd1.0_softmax_ce_s3,83200,0.004110576923076923,0.4513591555815271,2.153484307846312
369,0.0234375,0.0021482277661561,2.6704815383987484,transformer_compose120_f0.6_wd1.0_softmax_ce_s3,83200,0.004435096153846154,0.4513591555815271,2.153484307846312
399,0.0230902768671512,0.001790189766325,2.6717864413264136,transformer_compose120_f0.6_wd1.0_softmax_ce_s3,83200,0.004795673076923077,0.4513591555815271,2.153484307846312
432,0.0237847231328487,0.0019692087080329,2.670697148570986,transformer_compose120_f0.6_wd1.0_softmax_ce_s3,83200,0.005192307692307692,0.4513591555815271,2.153484307846312
467,0.0225694440305233,0.0023272465914487,2.666424250395313,transformer_compose120_f0.6_wd1.0_softmax_ce_s3,83200,0.005612980769230769,0.4513591555815271,2.153484307846312
504,0.0217013880610466,0.002506265649572,2.6639191347424034,transformer_compose120_f0.6_wd1.0_softmax_ce_s3,83200,0.006057692307692307,0.4513591555815271,2.153484307846312
545,0.022916667163372,0.002506265649572,2.6628719046470537,transformer_compose120_f0.6_wd1.0_softmax_ce_s3,83200,0.006550480769230769,0.4513591555815271,2.153484307846312
589,0.0227430555969476,0.0028643035329878,2.6622475318426133,transformer_compose120_f0.6_wd1.0_softmax_ce_s3,83200,0.007079326923076923,0.4513591555815271,2.153484307846312
637,0.0223958324640989,0.0028643035329878,2.6591075503775623,transformer_compose120_f0.6_wd1.0_softmax_ce_s3,83200,0.00765625,0.4513591555815271,2.153484307846312
688,0.0201388895511627,0.0037593985907733,2.65684132801444,transformer_compose120_f0.6_wd1.0_softmax_ce_s3,83200,0.00826923076923077,0.4513591555815271,2.153484307846312
744,0.0222222227603197,0.0028643035329878,2.634917343849964,transformer_compose120_f0.6_wd1.0_softmax_ce_s3,83200,0.008942307692307692,0.4513591555815271,2.153484307846312
804,0.0227430555969476,0.0028643035329878,2.6357502173701377,transformer_compose120_f0.6_wd1.0_softmax_ce_s3,83200,0.00966346153846154,0.4513591555815271,2.153484307846312
869,0.021354166790843,0.0023272465914487,2.6212033854004826,transformer_compose120_f0.6_wd1.0_softmax_ce_s3,83200,0.010444711538461538,0.4513591555815271,2.153484307846312
940,0.0227430555969476,0.0034013604745268,2.6010740357090896,transformer_compose120_f0.6_wd1.0_softmax_ce_s3,83200,0.011298076923076923,0.4513591555815271,2.153484307846312
1016,0.0211805552244186,0.0026852847076952,2.5768107261044606,transformer_compose120_f0.6_wd1.0_softmax_ce_s3,83200,0.012211538461538461,0.4513591555815271,2.153484307846312
1098,0.0182291660457849,0.0032223416492342,2.5714875392365037,transformer_compose120_f0.6_wd1.0_softmax_ce_s3,83200,0.013197115384615385,0.4513591555815271,2.153484307846312
1187,0.0215277783572673,0.0023272465914487,2.5437583405812694,transformer_compose120_f0.6_wd1.0_softmax_ce_s3,83200,0.014266826923076924,0.4513591555815271,2.153484307846312
1283,0.0217013880610466,0.001790189766325,2.4995050346143803,transformer_compose120_f0.6_wd1.0_softmax_ce_s3,83200,0.015420673076923077,0.4513591555815271,2.153484307846312
1386,0.0225694440305233,0.002506265649572,2.4576280386310927,transformer_compose120_f0.6_wd1.0_softmax_ce_s3,83200,0.016658653846153847,0.4513591555815271,2.153484307846312
1499,0.0218749996274709,0.0019692087080329,2.4092944609502966,transformer_compose120_f0.6_wd1.0_softmax_ce_s3,83200,0.018016826923076924,0.4513591555815271,2.153484307846312
1620,0.024479167535901,0.0041174362413585,2.367904487122492,transformer_compose120_f0.6_wd1.0_softmax_ce_s3,83200,0.019471153846153846,0.4513591555815271,2.153484307846312
1751,0.0128472223877906,0.0051915501244366,2.3462351575535174,transformer_compose120_f0.6_wd1.0_softmax_ce_s3,83200,0.021045673076923076,0.4513591555815271,2.153484307846312
1892,0.0196180548518896,0.0037593985907733,2.2991821393555223,transformer_compose120_f0.6_wd1.0_softmax_ce_s3,83200,0.022740384615384614,0.4513591555815271,2.153484307846312
2046,0.0218749996274709,0.0041174362413585,2.27819088681346,transformer_compose120_f0.6_wd1.0_softmax_ce_s3,83200,0.024591346153846155,0.4513591555815271,2.153484307846312
2211,0.0222222227603197,0.0039384174160659,2.317707943020975,transformer_compose120_f0.6_wd1.0_softmax_ce_s3,83200,0.02657451923076923,0.4513591555815271,2.153484307846312
2390,0.0060763889923691,0.0046544931828975,2.363619862496801,transformer_compose120_f0.6_wd1.0_softmax_ce_s3,83200,0.028725961538461537,0.4513591555815271,2.153484307846312
2583,0.0220486111938953,0.0044754743576049,2.5443227913886357,transformer_compose120_f0.6_wd1.0_softmax_ce_s3,83200,0.03104567307692308,0.4513591555815271,2.153484307846312
2792,0.011458333581686,0.0064446832984685,2.6732276297888484,transformer_compose120_f0.6_wd1.0_softmax_ce_s3,83200,0.03355769230769231,0.4513591555815271,2.153484307846312
3018,0.0230902768671512,0.005012531299144,2.710882818126406,transformer_compose120_f0.6_wd1.0_softmax_ce_s3,83200,0.03627403846153846,0.4513591555815271,2.153484307846312
3262,0.0230902768671512,0.0069817402400076,2.820119677537869,transformer_compose120_f0.6_wd1.0_softmax_ce_s3,83200,0.03920673076923077,0.4513591555815271,2.153484307846312
3526,0.0223958324640989,0.0062656640075147,2.4727810729037016,transformer_compose120_f0.6_wd1.0_softmax_ce_s3,83200,0.04237980769230769,0.4513591555815271,2.153484307846312
3811,0.0217013880610466,0.0044754743576049,2.0000383147075724,transformer_compose120_f0.6_wd1.0_softmax_ce_s3,83200,0.04580528846153846,0.4513591555815271,2.153484307846312
4120,0.0222222227603197,0.0064446832984685,1.66781486208068,transformer_compose120_f0.6_wd1.0_softmax_ce_s3,83200,0.04951923076923077,0.4513591555815271,2.153484307846312
4453,0.022916667163372,0.0064446832984685,1.586590257668327,transformer_compose120_f0.6_wd1.0_softmax_ce_s3,83200,0.05352163461538462,0.4513591555815271,2.153484307846312
4813,0.022916667163372,0.0062656640075147,1.2637360600716434,transformer_compose120_f0.6_wd1.0_softmax_ce_s3,83200,0.05784855769230769,0.4513591555815271,2.153484307846312
5203,0.0230902768671512,0.0066237021237611,1.292795762929193,transformer_compose120_f0.6_wd1.0_softmax_ce_s3,83200,0.06253605769230769,0.4513591555815271,2.153484307846312
5623,0.0236111115664243,0.0075187971815466,1.3905332278696103,transformer_compose120_f0.6_wd1.0_softmax_ce_s3,83200,0.06758413461538462,0.4513591555815271,2.153484307846312
6078,0.0239583328366279,0.0080558536574244,1.3324455290252544,transformer_compose120_f0.6_wd1.0_softmax_ce_s3,83200,0.07305288461538462,0.4513591555815271,2.153484307846312
6570,0.024479167535901,0.0073397778905928,2.0422449464666896,transformer_compose120_f0.6_wd1.0_softmax_ce_s3,83200,0.07896634615384615,0.4513591555815271,2.153484307846312
7102,0.0241319444030523,0.0071607590653002,1.631968370083832,transformer_compose120_f0.6_wd1.0_softmax_ce_s3,83200,0.08536057692307693,0.4513591555815271,2.153484307846312
7676,0.0217013880610466,0.0093089863657951,1.8767636986638,transformer_compose120_f0.6_wd1.0_softmax_ce_s3,83200,0.09225961538461538,0.4513591555815271,2.153484307846312
8297,0.0239583328366279,0.0080558536574244,0.811292049648852,transformer_compose120_f0.6_wd1.0_softmax_ce_s3,83200,0.09972355769230769,0.4513591555815271,2.153484307846312
8968,0.0269097220152616,0.0096670249477028,0.8448888114279711,transformer_compose120_f0.6_wd1.0_softmax_ce_s3,83200,0.10778846153846154,0.4513591555815271,2.153484307846312
9694,0.0276041664183139,0.0089509487152099,0.8007008144355,transformer_compose120_f0.6_wd1.0_softmax_ce_s3,83200,0.11651442307692307,0.4513591555815271,2.153484307846312
10478,0.0253472216427326,0.0087719298899173,0.5585057553029572,transformer_compose120_f0.6_wd1.0_softmax_ce_s3,83200,0.1259375,0.4513591555815271,2.153484307846312
11325,0.0239583328366279,0.0076978160068392,1.2211676620526022,transformer_compose120_f0.6_wd1.0_softmax_ce_s3,83200,0.13611778846153846,0.4513591555815271,2.153484307846312
12242,0.0274305548518896,0.010025062598288,0.8537565832894526,transformer_compose120_f0.6_wd1.0_softmax_ce_s3,83200,0.14713942307692307,0.4513591555815271,2.153484307846312
13232,0.0151041662320494,0.0121732903644442,0.951925721824366,transformer_compose120_f0.6_wd1.0_softmax_ce_s3,83200,0.15903846153846155,0.4513591555815271,2.153484307846312
14302,0.0289930552244186,0.0123523091897368,1.3448668773457606,transformer_compose120_f0.6_wd1.0_softmax_ce_s3,83200,0.17189903846153845,0.4513591555815271,2.153484307846312
15459,0.029166666790843,0.0121732903644442,0.7379409423223847,transformer_compose120_f0.6_wd1.0_softmax_ce_s3,83200,0.18580528846153846,0.4513591555815271,2.153484307846312
16710,0.0260416660457849,0.0105621200054883,1.0722761713698417,transformer_compose120_f0.6_wd1.0_softmax_ce_s3,83200,0.20084134615384616,0.4513591555815271,2.153484307846312
18062,0.0282986108213663,0.0107411388307809,1.3767314022031831,transformer_compose120_f0.6_wd1.0_softmax_ce_s3,83200,0.21709134615384615,0.4513591555815271,2.153484307846312
19523,0.0276041664183139,0.0114572141319513,1.0375885751537035,transformer_compose120_f0.6_wd1.0_softmax_ce_s3,83200,0.2346514423076923,0.4513591555815271,2.153484307846312
21102,0.0288194436579942,0.0119942715391516,0.7969051256496165,transformer_compose120_f0.6_wd1.0_softmax_ce_s3,83200,0.2536298076923077,0.4513591555815271,2.153484307846312
22809,0.0305555555969476,0.0123523091897368,1.2281822273743654,transformer_compose120_f0.6_wd1.0_softmax_ce_s3,83200,0.27414663461538463,0.4513591555815271,2.153484307846312
24654,0.0288194436579942,0.0114572141319513,0.6459065510776142,transformer_compose120_f0.6_wd1.0_softmax_ce_s3,83200,0.2963221153846154,0.4513591555815271,2.153484307846312
26649,0.03125,0.0134264230728149,0.748000322311491,transformer_compose120_f0.6_wd1.0_softmax_ce_s3,83200,0.3203004807692308,0.4513591555815271,2.153484307846312
28804,0.0326388888061046,0.0153956320136785,0.8938801862085847,transformer_compose120_f0.6_wd1.0_softmax_ce_s3,83200,0.3462019230769231,0.4513591555815271,2.153484307846312
31135,0.0322916656732559,0.0161117073148489,1.0959960738079295,transformer_compose120_f0.6_wd1.0_softmax_ce_s3,83200,0.37421875,0.4513591555815271,2.153484307846312
33653,0.0326388888061046,0.0155746508389711,0.8185579486525155,transformer_compose120_f0.6_wd1.0_softmax_ce_s3,83200,0.40448317307692305,0.4513591555815271,2.153484307846312
36376,0.0315972231328487,0.0150375943630933,0.8982206717906881,transformer_compose120_f0.6_wd1.0_softmax_ce_s3,83200,0.4372115384615385,0.4513591555815271,2.153484307846312
39318,0.0342013873159885,0.0170068033039569,0.9778784801660508,transformer_compose120_f0.6_wd1.0_softmax_ce_s3,83200,0.4725721153846154,0.4513591555815271,2.153484307846312
42499,0.0362847223877906,0.0189760122448205,0.5696628473718216,transformer_compose120_f0.6_wd1.0_softmax_ce_s3,83200,0.5108052884615385,0.4513591555815271,2.153484307846312
45937,0.0395833328366279,0.0223773717880249,0.5774466626127155,transformer_compose120_f0.6_wd1.0_softmax_ce_s3,83200,0.5521274038461539,0.4513591555815271,2.153484307846312
49653,0.0442708320915699,0.0248836372047662,1.6026427775652563,transformer_compose120_f0.6_wd1.0_softmax_ce_s3,83200,0.5967908653846153,0.4513591555815271,2.153484307846312
53670,0.0439236126840114,0.0255997143685817,1.3876742894652954,transformer_compose120_f0.6_wd1.0_softmax_ce_s3,83200,0.6450721153846154,0.4513591555815271,2.153484307846312
58011,0.0472222231328487,0.0279269609600305,0.8471400707801852,transformer_compose120_f0.6_wd1.0_softmax_ce_s3,83200,0.6972475961538461,0.4513591555815271,2.153484307846312
62704,0.0482638888061046,0.0295381303876638,0.3105792450938245,transformer_compose120_f0.6_wd1.0_softmax_ce_s3,83200,0.7536538461538461,0.4513591555815271,2.153484307846312
67777,0.0585069432854652,0.0384890809655189,1.0461645738980323,transformer_compose120_f0.6_wd1.0_softmax_ce_s3,83200,0.8146274038461538,0.4513591555815271,2.153484307846312
73260,0.0678819417953491,0.0488721802830696,0.8306142833904843,transformer_compose120_f0.6_wd1.0_softmax_ce_s3,83200,0.8805288461538462,0.4513591555815271,2.153484307846312
79186,0.1454861164093017,0.1258503347635269,0.306256475243083,transformer_compose120_f0.6_wd1.0_softmax_ce_s3,83200,0.9517548076923077,0.4513591555815271,2.153484307846312
85592,1.0,1.0,7.147648713340327,transformer_compose120_f0.6_wd1.0_softmax_ce_s3,83200,1.02875,0.4513591555815271,2.153484307846312
92516,1.0,1.0,4.972803449388834,transformer_compose120_f0.6_wd1.0_softmax_ce_s3,83200,1.1119711538461539,0.4513591555815271,2.153484307846312
100000,1.0,1.0,3.869773721348942,transformer_compose120_f0.6_wd1.0_softmax_ce_s3,83200,1.2019230769230769,0.4513591555815271,2.153484307846312
0,0.0062500000931322,0.0062690312042832,2.8501297194590918,transformer_compose120_f0.6_wd1.0_softmax_ce_s4,17100,0.0,0.4513591555815271,2.153484307846312
1,0.009375000372529,0.0094931041821837,2.851776727917404,transformer_compose120_f0.6_wd1.0_softmax_ce_s4,17100,5.847953216374269e-05,0.4513591555815271,2.153484307846312
2,0.0100694447755813,0.0102095650508999,2.8515485281732365,transformer_compose120_f0.6_wd1.0_softmax_ce_s4,17100,0.00011695906432748539,0.4513591555815271,2.153484307846312
3,0.0076388888992369,0.0075228372588753,2.85130836234157,transformer_compose120_f0.6_wd1.0_softmax_ce_s4,17100,0.00017543859649122806,0.4513591555815271,2.153484307846312
4,0.0060763889923691,0.0060899159871041,2.851187797202576,transformer_compose120_f0.6_wd1.0_softmax_ce_s4,17100,0.00023391812865497077,0.4513591555815271,2.153484307846312
5,0.0055555556900799,0.005731685552746,2.851163168377936,transformer_compose120_f0.6_wd1.0_softmax_ce_s4,17100,0.00029239766081871346,0.4513591555815271,2.153484307846312
6,0.005902777891606,0.0060899159871041,2.851305754860615,transformer_compose120_f0.6_wd1.0_softmax_ce_s4,17100,0.0003508771929824561,0.4513591555815271,2.153484307846312
7,0.005902777891606,0.0060899159871041,2.851593206857689,transformer_compose120_f0.6_wd1.0_softmax_ce_s4,17100,0.00040935672514619883,0.4513591555815271,2.153484307846312
8,0.0062500000931322,0.006448145955801,2.851933934132948,transformer_compose120_f0.6_wd1.0_softmax_ce_s4,17100,0.00046783625730994154,0.4513591555815271,2.153484307846312
9,0.0055555556900799,0.005731685552746,2.8526498584822257,transformer_compose120_f0.6_wd1.0_softmax_ce_s4,17100,0.0005263157894736842,0.4513591555815271,2.153484307846312
10,0.0045138890855014,0.0046569942496716,2.853562610901537,transformer_compose120_f0.6_wd1.0_softmax_ce_s4,17100,0.0005847953216374269,0.4513591555815271,2.153484307846312
11,0.0046875001862645,0.0048361094668507,2.8546129173631707,transformer_compose120_f0.6_wd1.0_softmax_ce_s4,17100,0.0006432748538011696,0.4513591555815271,2.153484307846312
12,0.005902777891606,0.0060899159871041,2.855624635909949,transformer_compose120_f0.6_wd1.0_softmax_ce_s4,17100,0.0007017543859649122,0.4513591555815271,2.153484307846312
13,0.0050347223877906,0.0050152246840298,2.856792492734728,transformer_compose120_f0.6_wd1.0_softmax_ce_s4,17100,0.0007602339181286549,0.4513591555815271,2.153484307846312
14,0.0043402779847383,0.0041196490637958,2.8581936930000937,transformer_compose120_f0.6_wd1.0_softmax_ce_s4,17100,0.0008187134502923977,0.4513591555815271,2.153484307846312
15,0.0039930557832121,0.0037614186294376,2.8596811381590217,transformer_compose120_f0.6_wd1.0_softmax_ce_s4,17100,0.0008771929824561404,0.4513591555815271,2.153484307846312
16,0.0036458333488553,0.0035823034122586,2.861123256586052,transformer_compose120_f0.6_wd1.0_softmax_ce_s4,17100,0.0009356725146198831,0.4513591555815271,2.153484307846312
18,0.0031250000465661,0.0026867275591939,2.8630791628514665,transformer_compose120_f0.6_wd1.0_softmax_ce_s4,17100,0.0010526315789473684,0.4513591555815271,2.153484307846312
19,0.0024305556435137,0.0021493821404874,2.863207980427019,transformer_compose120_f0.6_wd1.0_softmax_ce_s4,17100,0.0011111111111111111,0.4513591555815271,2.153484307846312
21,0.0013888889225199,0.0012538061710074,2.8632210958787523,transformer_compose120_f0.6_wd1.0_softmax_ce_s4,17100,0.0012280701754385965,0.4513591555815271,2.153484307846312
22,0.001562500023283,0.0014329213881865,2.86314311894008,transformer_compose120_f0.6_wd1.0_softmax_ce_s4,17100,0.0012865497076023392,0.4513591555815271,2.153484307846312
24,0.0013888889225199,0.0010746910702437,2.861619350515258,transformer_compose120_f0.6_wd1.0_softmax_ce_s4,17100,0.0014035087719298245,0.4513591555815271,2.153484307846312
26,0.0012152778217568,0.0010746910702437,2.858985545036264,transformer_compose120_f0.6_wd1.0_softmax_ce_s4,17100,0.0015204678362573099,0.4513591555815271,2.153484307846312
28,0.0017361111240461,0.0016120364889502,2.8554774988206737,transformer_compose120_f0.6_wd1.0_softmax_ce_s4,17100,0.0016374269005847953,0.4513591555815271,2.153484307846312
31,0.0020833334419876,0.0019702669233083,2.848445013374813,transformer_compose120_f0.6_wd1.0_softmax_ce_s4,17100,0.0018128654970760234,0.4513591555815271,2.153484307846312
33,0.0019097222248092,0.0017911517061293,2.8438524404340635,transformer_compose120_f0.6_wd1.0_softmax_ce_s4,17100,0.0019298245614035089,0.4513591555815271,2.153484307846312
36,0.001562500023283,0.0014329213881865,2.8369028800819645,transformer_compose120_f0.6_wd1.0_softmax_ce_s4,17100,0.002105263157894737,0.4513591555815271,2.153484307846312
39,0.0017361111240461,0.0012538061710074,2.8329112882559144,transformer_compose120_f0.6_wd1.0_softmax_ce_s4,17100,0.0022807017543859647,0.4513591555815271,2.153484307846312
42,0.0020833334419876,0.0014329213881865,2.830458393757791,transformer_compose120_f0.6_wd1.0_softmax_ce_s4,17100,0.002456140350877193,0.4513591555815271,2.153484307846312
45,0.0020833334419876,0.0014329213881865,2.826820338616781,transformer_compose120_f0.6_wd1.0_softmax_ce_s4,17100,0.002631578947368421,0.4513591555815271,2.153484307846312
49,0.001562500023283,0.0008955758530646,2.821874677989871,transformer_compose120_f0.6_wd1.0_softmax_ce_s4,17100,0.002865497076023392,0.4513591555815271,2.153484307846312
53,0.0017361111240461,0.0010746910702437,2.814976037659886,transformer_compose120_f0.6_wd1.0_softmax_ce_s4,17100,0.0030994152046783627,0.4513591555815271,2.153484307846312
57,0.0010416667209938,0.0005373455351218,2.809211166031251,transformer_compose120_f0.6_wd1.0_softmax_ce_s4,17100,0.0033333333333333335,0.4513591555815271,2.153484307846312
62,0.0010416667209938,0.0003582303470466,2.7983268161572394,transformer_compose120_f0.6_wd1.0_softmax_ce_s4,17100,0.003625730994152047,0.4513591555815271,2.153484307846312
67,0.0013888889225199,0.0005373455351218,2.7913574369642484,transformer_compose120_f0.6_wd1.0_softmax_ce_s4,17100,0.00391812865497076,0.4513591555815271,2.153484307846312
72,0.0020833334419876,0.0008955758530646,2.7870441471520784,transformer_compose120_f0.6_wd1.0_softmax_ce_s4,17100,0.004210526315789474,0.4513591555815271,2.153484307846312
78,0.0026041667442768,0.0014329213881865,2.782886296366144,transformer_compose120_f0.6_wd1.0_softmax_ce_s4,17100,0.004561403508771929,0.4513591555815271,2.153484307846312
84,0.0022569445427507,0.0012538061710074,2.778174915708929,transformer_compose120_f0.6_wd1.0_softmax_ce_s4,17100,0.004912280701754386,0.4513591555815271,2.153484307846312
91,0.0024305556435137,0.0010746910702437,2.775673654926552,transformer_compose120_f0.6_wd1.0_softmax_ce_s4,17100,0.005321637426900585,0.4513591555815271,2.153484307846312
98,0.0048611112870275,0.0017911517061293,2.7838174581606303,transformer_compose120_f0.6_wd1.0_softmax_ce_s4,17100,0.005730994152046784,0.4513591555815271,2.153484307846312
106,0.0083333337679505,0.0039405338466167,2.805830689526791,transformer_compose120_f0.6_wd1.0_softmax_ce_s4,17100,0.006198830409356725,0.4513591555815271,2.153484307846312
115,0.0128472223877906,0.0050152246840298,2.835413084890696,transformer_compose120_f0.6_wd1.0_softmax_ce_s4,17100,0.006725146198830409,0.4513591555815271,2.153484307846312
124,0.0149305555969476,0.0042987642809748,2.8707640671536123,transformer_compose120_f0.6_wd1.0_softmax_ce_s4,17100,0.007251461988304094,0.4513591555815271,2.153484307846312
134,0.0184027776122093,0.003044957993552,2.896575139019757,transformer_compose120_f0.6_wd1.0_softmax_ce_s4,17100,0.00783625730994152,0.4513591555815271,2.153484307846312
145,0.0217013880610466,0.002865842776373,2.9119033843168896,transformer_compose120_f0.6_wd1.0_softmax_ce_s4,17100,0.00847953216374269,0.4513591555815271,2.153484307846312
157,0.0236111115664243,0.0021493821404874,2.918559849295912,transformer_compose120_f0.6_wd1.0_softmax_ce_s4,17100,0.009181286549707603,0.4513591555815271,2.153484307846312
170,0.0256944447755813,0.0021493821404874,2.9269204538641405,transformer_compose120_f0.6_wd1.0_softmax_ce_s4,17100,0.009941520467836258,0.4513591555815271,2.153484307846312
183,0.0279513895511627,0.0026867275591939,2.936121281270789,transformer_compose120_f0.6_wd1.0_softmax_ce_s4,17100,0.010701754385964912,0.4513591555815271,2.153484307846312
198,0.0276041664183139,0.0021493821404874,2.946331203799073,transformer_compose120_f0.6_wd1.0_softmax_ce_s4,17100,0.011578947368421053,0.4513591555815271,2.153484307846312
214,0.029166666790843,0.002865842776373,2.9626818101618446,transformer_compose120_f0.6_wd1.0_softmax_ce_s4,17100,0.012514619883040935,0.4513591555815271,2.153484307846312
232,0.0282986108213663,0.0025076123420149,2.986881491541641,transformer_compose120_f0.6_wd1.0_softmax_ce_s4,17100,0.013567251461988304,0.4513591555815271,2.153484307846312
250,0.028645833954215,0.003044957993552,3.013935943546329,transformer_compose120_f0.6_wd1.0_softmax_ce_s4,17100,0.014619883040935672,0.4513591555815271,2.153484307846312
271,0.0276041664183139,0.0032240729779005,3.0468112919120363,transformer_compose120_f0.6_wd1.0_softmax_ce_s4,17100,0.01584795321637427,0.4513591555815271,2.153484307846312
293,0.0279513895511627,0.0042987642809748,3.0805537351540613,transformer_compose120_f0.6_wd1.0_softmax_ce_s4,17100,0.01713450292397661,0.4513591555815271,2.153484307846312
316,0.027083333581686,0.0041196490637958,3.1135939393913072,transformer_compose120_f0.6_wd1.0_softmax_ce_s4,17100,0.01847953216374269,0.4513591555815271,2.153484307846312
342,0.0276041664183139,0.0046569942496716,3.145431156330049,transformer_compose120_f0.6_wd1.0_softmax_ce_s4,17100,0.02,0.4513591555815271,2.153484307846312
369,0.0263888891786336,0.0048361094668507,3.1756111917116665,transformer_compose120_f0.6_wd1.0_softmax_ce_s4,17100,0.02157894736842105,0.4513591555815271,2.153484307846312
399,0.0269097220152616,0.0053734551183879,3.204164016178113,transformer_compose120_f0.6_wd1.0_softmax_ce_s4,17100,0.023333333333333334,0.4513591555815271,2.153484307846312
432,0.0276041664183139,0.0055525703355669,3.233663171186694,transformer_compose120_f0.6_wd1.0_softmax_ce_s4,17100,0.02526315789473684,0.4513591555815271,2.153484307846312
467,0.0256944447755813,0.0050152246840298,3.257993076539384,transformer_compose120_f0.6_wd1.0_softmax_ce_s4,17100,0.027309941520467836,0.4513591555815271,2.153484307846312
504,0.0263888891786336,0.0055525703355669,3.270545678405159,transformer_compose120_f0.6_wd1.0_softmax_ce_s4,17100,0.029473684210526315,0.4513591555815271,2.153484307846312
545,0.022916667163372,0.0051943399012088,3.283894969640971,transformer_compose120_f0.6_wd1.0_softmax_ce_s4,17100,0.031871345029239766,0.4513591555815271,2.153484307846312
589,0.0239583328366279,0.0044778794981539,3.2691275817383016,transformer_compose120_f0.6_wd1.0_softmax_ce_s4,17100,0.034444444444444444,0.4513591555815271,2.153484307846312
637,0.0256944447755813,0.0051943399012088,3.279564169268694,transformer_compose120_f0.6_wd1.0_softmax_ce_s4,17100,0.03725146198830409,0.4513591555815271,2.153484307846312
688,0.0263888891786336,0.0060899159871041,3.2909545238395714,transformer_compose120_f0.6_wd1.0_softmax_ce_s4,17100,0.04023391812865497,0.4513591555815271,2.153484307846312
744,0.0253472216427326,0.0051943399012088,3.2905680812305103,transformer_compose120_f0.6_wd1.0_softmax_ce_s4,17100,0.04350877192982456,0.4513591555815271,2.153484307846312
804,0.0256944447755813,0.0048361094668507,3.3052975563427798,transformer_compose120_f0.6_wd1.0_softmax_ce_s4,17100,0.047017543859649125,0.4513591555815271,2.153484307846312
869,0.0225694440305233,0.0051943399012088,3.3059169161092288,transformer_compose120_f0.6_wd1.0_softmax_ce_s4,17100,0.050818713450292395,0.4513591555815271,2.153484307846312
940,0.0241319444030523,0.0041196490637958,3.3178537831203423,transformer_compose120_f0.6_wd1.0_softmax_ce_s4,17100,0.05497076023391813,0.4513591555815271,2.153484307846312
1016,0.0218749996274709,0.0042987642809748,3.3102517983255138,transformer_compose120_f0.6_wd1.0_softmax_ce_s4,17100,0.059415204678362574,0.4513591555815271,2.153484307846312
1098,0.0065972222946584,0.0035823034122586,3.32048898186488,transformer_compose120_f0.6_wd1.0_softmax_ce_s4,17100,0.06421052631578947,0.4513591555815271,2.153484307846312
1187,0.0230902768671512,0.0041196490637958,3.2901139681593845,transformer_compose120_f0.6_wd1.0_softmax_ce_s4,17100,0.06941520467836257,0.4513591555815271,2.153484307846312
1283,0.0225694440305233,0.0034031881950795,3.250744539473984,transformer_compose120_f0.6_wd1.0_softmax_ce_s4,17100,0.07502923976608188,0.4513591555815271,2.153484307846312
1386,0.022916667163372,0.0051943399012088,3.230235143329399,transformer_compose120_f0.6_wd1.0_softmax_ce_s4,17100,0.08105263157894736,0.4513591555815271,2.153484307846312
1499,0.021354166790843,0.0039405338466167,3.174440140701804,transformer_compose120_f0.6_wd1.0_softmax_ce_s4,17100,0.08766081871345029,0.4513591555815271,2.153484307846312
1620,0.0211805552244186,0.0053734551183879,3.107071387512175,transformer_compose120_f0.6_wd1.0_softmax_ce_s4,17100,0.09473684210526316,0.4513591555815271,2.153484307846312
1751,0.0237847231328487,0.0046569942496716,3.075056277104896,transformer_compose120_f0.6_wd1.0_softmax_ce_s4,17100,0.10239766081871345,0.4513591555815271,2.153484307846312
1892,0.0197916664183139,0.0041196490637958,2.958599465703068,transformer_compose120_f0.6_wd1.0_softmax_ce_s4,17100,0.11064327485380117,0.4513591555815271,2.153484307846312
2046,0.0151041662320494,0.0042987642809748,2.9240197653541067,transformer_compose120_f0.6_wd1.0_softmax_ce_s4,17100,0.11964912280701755,0.4513591555815271,2.153484307846312
2211,0.0210069436579942,0.0042987642809748,2.8010114478375097,transformer_compose120_f0.6_wd1.0_softmax_ce_s4,17100,0.12929824561403508,0.4513591555815271,2.153484307846312
2390,0.0211805552244186,0.0048361094668507,2.7088155845761226,transformer_compose120_f0.6_wd1.0_softmax_ce_s4,17100,0.13976608187134504,0.4513591555815271,2.153484307846312
2583,0.0217013880610466,0.0048361094668507,2.671138748968773,transformer_compose120_f0.6_wd1.0_softmax_ce_s4,17100,0.15105263157894736,0.4513591555815271,2.153484307846312
2792,0.0149305555969476,0.0075228372588753,2.698551196092198,transformer_compose120_f0.6_wd1.0_softmax_ce_s4,17100,0.1632748538011696,0.4513591555815271,2.153484307846312
3018,0.0255208332091569,0.0077019524760544,2.2865706892654165,transformer_compose120_f0.6_wd1.0_softmax_ce_s4,17100,0.17649122807017545,0.4513591555815271,2.153484307846312
3262,0.0090277781710028,0.0059108007699251,1.982547059580119,transformer_compose120_f0.6_wd1.0_softmax_ce_s4,17100,0.19076023391812866,0.4513591555815271,2.153484307846312
3526,0.0277777779847383,0.0093139884993433,1.7172063964320403,transformer_compose120_f0.6_wd1.0_softmax_ce_s4,17100,0.20619883040935671,0.4513591555815271,2.153484307846312
3811,0.0241319444030523,0.0096722189337015,1.7457359581771612,transformer_compose120_f0.6_wd1.0_softmax_ce_s4,17100,0.2228654970760234,0.4513591555815271,2.153484307846312
4120,0.0279513895511627,0.0093139884993433,1.2369678059696725,transformer_compose120_f0.6_wd1.0_softmax_ce_s4,17100,0.2409356725146199,0.4513591555815271,2.153484307846312
4453,0.0241319444030523,0.0077019524760544,1.9436083746080988,transformer_compose120_f0.6_wd1.0_softmax_ce_s4,17100,0.2604093567251462,0.4513591555815271,2.153484307846312
4813,0.0288194436579942,0.0109260249882936,1.0498650701012289,transformer_compose120_f0.6_wd1.0_softmax_ce_s4,17100,0.2814619883040936,0.4513591555815271,2.153484307846312
5203,0.0324652791023254,0.0134336380288004,1.3200063054636844,transformer_compose120_f0.6_wd1.0_softmax_ce_s4,17100,0.3042690058479532,0.4513591555815271,2.153484307846312
5623,0.0315972231328487,0.0136127527803182,1.5732737578801417,transformer_compose120_f0.6_wd1.0_softmax_ce_s4,17100,0.32883040935672514,0.4513591555815271,2.153484307846312
6078,0.0338541679084301,0.0132545223459601,0.9750124062842248,transformer_compose120_f0.6_wd1.0_softmax_ce_s4,17100,0.35543859649122805,0.4513591555815271,2.153484307846312
6570,0.0309027768671512,0.0116424858570098,1.8272412490478305,transformer_compose120_f0.6_wd1.0_softmax_ce_s4,17100,0.38421052631578945,0.4513591555815271,2.153484307846312
7102,0.0366319455206394,0.0170159414410591,0.9472544114680198,transformer_compose120_f0.6_wd1.0_softmax_ce_s4,17100,0.4153216374269006,0.4513591555815271,2.153484307846312
7676,0.0328124985098838,0.0189862083643674,1.4732283055448905,transformer_compose120_f0.6_wd1.0_softmax_ce_s4,17100,0.4488888888888889,0.4513591555815271,2.153484307846312
8297,0.0366319455206394,0.017553286626935,1.2807375159597676,transformer_compose120_f0.6_wd1.0_softmax_ce_s4,17100,0.4852046783625731,0.4513591555815271,2.153484307846312
8968,0.0425347238779068,0.025792583823204,1.8140345613865063,transformer_compose120_f0.6_wd1.0_softmax_ce_s4,17100,0.5244444444444445,0.4513591555815271,2.153484307846312
9694,0.0465277768671512,0.0295540038496255,1.601037029284629,transformer_compose120_f0.6_wd1.0_softmax_ce_s4,17100,0.5669005847953217,0.4513591555815271,2.153484307846312
10478,0.0557291656732559,0.0361812636256217,1.2436522574850597,transformer_compose120_f0.6_wd1.0_softmax_ce_s4,17100,0.6127485380116959,0.4513591555815271,2.153484307846312
11325,0.058333333581686,0.0392262227833271,0.5174624029189929,transformer_compose120_f0.6_wd1.0_softmax_ce_s4,17100,0.6622807017543859,0.4513591555815271,2.153484307846312
12242,0.0644097253680229,0.0445996783673763,0.409118282017672,transformer_compose120_f0.6_wd1.0_softmax_ce_s4,17100,0.715906432748538,0.4513591555815271,2.153484307846312
13232,0.0493055544793605,0.0360021479427814,0.5254119890807813,transformer_compose120_f0.6_wd1.0_softmax_ce_s4,17100,0.7738011695906433,0.4513591555815271,2.153484307846312
14302,0.1276041716337204,0.1054988354444503,1.7693664229575226,transformer_compose120_f0.6_wd1.0_softmax_ce_s4,17100,0.836374269005848,0.4513591555815271,2.153484307846312
15459,0.2163194417953491,0.1952355355024337,1.229522370577778,transformer_compose120_f0.6_wd1.0_softmax_ce_s4,17100,0.9040350877192982,0.4513591555815271,2.153484307846312
16710,0.5020833611488342,0.4900591075420379,0.4371018393785039,transformer_compose120_f0.6_wd1.0_softmax_ce_s4,17100,0.9771929824561404,0.4513591555815271,2.153484307846312
18062,1.0,1.0,1.5942599104602206,transformer_compose120_f0.6_wd1.0_softmax_ce_s4,17100,1.0562573099415205,0.4513591555815271,2.153484307846312
19523,1.0,1.0,3.3550654912194227,transformer_compose120_f0.6_wd1.0_softmax_ce_s4,17100,1.1416959064327485,0.4513591555815271,2.153484307846312
21102,1.0,1.0,3.2961773974985005,transformer_compose120_f0.6_wd1.0_softmax_ce_s4,17100,1.2340350877192983,0.4513591555815271,2.153484307846312
22809,1.0,1.0,3.3075499317333943,transformer_compose120_f0.6_wd1.0_softmax_ce_s4,17100,1.333859649122807,0.4513591555815271,2.153484307846312
24654,1.0,1.0,4.312122648419382,transformer_compose120_f0.6_wd1.0_softmax_ce_s4,17100,1.4417543859649122,0.4513591555815271,2.153484307846312
26649,1.0,1.0,3.720530627342609,transformer_compose120_f0.6_wd1.0_softmax_ce_s4,17100,1.558421052631579,0.4513591555815271,2.153484307846312
28804,0.999305546283722,0.9992835521697998,4.099871922594357,transformer_compose120_f0.6_wd1.0_softmax_ce_s4,17100,1.6844444444444444,0.4513591555815271,2.153484307846312
31135,1.0,1.0,2.8522805574509182,transformer_compose120_f0.6_wd1.0_softmax_ce_s4,17100,1.8207602339181286,0.4513591555815271,2.153484307846312
33653,1.0,1.0,3.164313916627759,transformer_compose120_f0.6_wd1.0_softmax_ce_s4,17100,1.9680116959064327,0.4513591555815271,2.153484307846312
36376,1.0,1.0,3.080605444269439,transformer_compose120_f0.6_wd1.0_softmax_ce_s4,17100,2.1272514619883043,0.4513591555815271,2.153484307846312
39318,1.0,1.0,2.786346190413856,transformer_compose120_f0.6_wd1.0_softmax_ce_s4,17100,2.299298245614035,0.4513591555815271,2.153484307846312
42499,1.0,1.0,2.9910925928326124,transformer_compose120_f0.6_wd1.0_softmax_ce_s4,17100,2.4853216374269005,0.4513591555815271,2.153484307846312
45937,1.0,1.0,2.644645320661513,transformer_compose120_f0.6_wd1.0_softmax_ce_s4,17100,2.686374269005848,0.4513591555815271,2.153484307846312
49653,1.0,1.0,2.9885624978329592,transformer_compose120_f0.6_wd1.0_softmax_ce_s4,17100,2.9036842105263156,0.4513591555815271,2.153484307846312
53670,0.9987847208976746,0.9989253282546996,3.399654841828763,transformer_compose120_f0.6_wd1.0_softmax_ce_s4,17100,3.1385964912280704,0.4513591555815271,2.153484307846312
58011,1.0,1.0,3.706526390632812,transformer_compose120_f0.6_wd1.0_softmax_ce_s4,17100,3.3924561403508773,0.4513591555815271,2.153484307846312
62704,1.0,1.0,3.148458958998197,transformer_compose120_f0.6_wd1.0_softmax_ce_s4,17100,3.6669005847953215,0.4513591555815271,2.153484307846312
67777,1.0,1.0,1.669275958214293,transformer_compose120_f0.6_wd1.0_softmax_ce_s4,17100,3.9635672514619884,0.4513591555815271,2.153484307846312
73260,1.0,1.0,3.79097070784464,transformer_compose120_f0.6_wd1.0_softmax_ce_s4,17100,4.28421052631579,0.4513591555815271,2.153484307846312
79186,1.0,1.0,3.079664621667769,transformer_compose120_f0.6_wd1.0_softmax_ce_s4,17100,4.630760233918129,0.4513591555815271,2.153484307846312
85592,1.0,1.0,3.5333684981062112,transformer_compose120_f0.6_wd1.0_softmax_ce_s4,17100,5.005380116959064,0.4513591555815271,2.153484307846312
92516,1.0,1.0,3.3395109074510945,transformer_compose120_f0.6_wd1.0_softmax_ce_s4,17100,5.410292397660819,0.4513591555815271,2.153484307846312
100000,1.0,1.0,2.836714533461599,transformer_compose120_f0.6_wd1.0_softmax_ce_s4,17100,5.847953216374269,0.4513591555815271,2.153484307846312
0,0.0074652777984738,0.0077102384530007,1.8964325673608189,transformer_compose97_f0.6_wd1.0_softmax_ce_s0,13900,0.0,0.4513591555815271,2.153484307846312
1,0.0072916666977107,0.007351622916758,1.8958647335971015,transformer_compose97_f0.6_wd1.0_softmax_ce_s0,13900,7.194244604316547e-05,0.4513591555815271,2.153484307846312
2,0.0081597222015261,0.0084274699911475,1.8948510566683097,transformer_compose97_f0.6_wd1.0_softmax_ce_s0,13900,0.00014388489208633093,0.4513591555815271,2.153484307846312
3,0.0079861115664243,0.0078895464539527,1.8938627222655544,transformer_compose97_f0.6_wd1.0_softmax_ce_s0,13900,0.0002158273381294964,0.4513591555815271,2.153484307846312
4,0.0071180555969476,0.006813698913902,1.8930960359566689,transformer_compose97_f0.6_wd1.0_softmax_ce_s0,13900,0.00028776978417266187,0.4513591555815271,2.153484307846312
5,0.0062500000931322,0.0057378518395125,1.892417830928896,transformer_compose97_f0.6_wd1.0_softmax_ce_s0,13900,0.00035971223021582735,0.4513591555815271,2.153484307846312
6,0.0069444444961845,0.0066343913786113,1.891847823187428,transformer_compose97_f0.6_wd1.0_softmax_ce_s0,13900,0.0004316546762589928,0.4513591555815271,2.153484307846312
7,0.0048611112870275,0.0046620047651231,1.891274186884396,transformer_compose97_f0.6_wd1.0_softmax_ce_s0,13900,0.0005035971223021583,0.4513591555815271,2.153484307846312
8,0.0048611112870275,0.0048413127660751,1.890736983819597,transformer_compose97_f0.6_wd1.0_softmax_ce_s0,13900,0.0005755395683453237,0.4513591555815271,2.153484307846312
9,0.0045138890855014,0.0044826967641711,1.890008482678376,transformer_compose97_f0.6_wd1.0_softmax_ce_s0,13900,0.0006474820143884892,0.4513591555815271,2.153484307846312
10,0.0045138890855014,0.0043033887632191,1.8891442462111483,transformer_compose97_f0.6_wd1.0_softmax_ce_s0,13900,0.0007194244604316547,0.4513591555815271,2.153484307846312
11,0.0043402779847383,0.0041240812279284,1.8882973002552548,transformer_compose97_f0.6_wd1.0_softmax_ce_s0,13900,0.0007913669064748202,0.4513591555815271,2.153484307846312
12,0.0034722222480922,0.003406849456951,1.8872909817467145,transformer_compose97_f0.6_wd1.0_softmax_ce_s0,13900,0.0008633093525179857,0.4513591555815271,2.153484307846312
13,0.0027777778450399,0.0028689259197562,1.886165016635149,transformer_compose97_f0.6_wd1.0_softmax_ce_s0,13900,0.0009352517985611511,0.4513591555815271,2.153484307846312
14,0.0027777778450399,0.0028689259197562,1.8847995575528045,transformer_compose97_f0.6_wd1.0_softmax_ce_s0,13900,0.0010071942446043165,0.4513591555815271,2.153484307846312
15,0.0022569445427507,0.0021516943816095,1.8835500131938712,transformer_compose97_f0.6_wd1.0_softmax_ce_s0,13900,0.001079136690647482,0.4513591555815271,2.153484307846312
16,0.0022569445427507,0.0023310023825615,1.8822395358101915,transformer_compose97_f0.6_wd1.0_softmax_ce_s0,13900,0.0011510791366906475,0.4513591555815271,2.153484307846312
18,0.0027777778450399,0.0028689259197562,1.879738356877226,transformer_compose97_f0.6_wd1.0_softmax_ce_s0,13900,0.0012949640287769784,0.4513591555815271,2.153484307846312
19,0.0032986111473292,0.003406849456951,1.8786457762556787,transformer_compose97_f0.6_wd1.0_softmax_ce_s0,13900,0.001366906474820144,0.4513591555815271,2.153484307846312
21,0.0017361111240461,0.0017930787289515,1.8770126970425365,transformer_compose97_f0.6_wd1.0_softmax_ce_s0,13900,0.0015107913669064749,0.4513591555815271,2.153484307846312
22,0.0006944444612599,0.0005379235954023,1.8764950534874836,transformer_compose97_f0.6_wd1.0_softmax_ce_s0,13900,0.0015827338129496403,0.4513591555815271,2.153484307846312
24,0.0006944444612599,0.0005379235954023,1.875544789395148,transformer_compose97_f0.6_wd1.0_softmax_ce_s0,13900,0.0017266187050359713,0.4513591555815271,2.153484307846312
26,0.000868055562023,0.000717231479939,1.8741640027771287,transformer_compose97_f0.6_wd1.0_softmax_ce_s0,13900,0.0018705035971223023,0.4513591555815271,2.153484307846312
28,0.0012152778217568,0.0010758471908047,1.8716346299924709,transformer_compose97_f0.6_wd1.0_softmax_ce_s0,13900,0.002014388489208633,0.4513591555815271,2.153484307846312
31,0.0010416667209938,0.0008965393644757,1.8670236700342155,transformer_compose97_f0.6_wd1.0_softmax_ce_s0,13900,0.0022302158273381297,0.4513591555815271,2.153484307846312
33,0.0006944444612599,0.000717231479939,1.864577361484118,transformer_compose97_f0.6_wd1.0_softmax_ce_s0,13900,0.0023741007194244606,0.4513591555815271,2.153484307846312
36,0.0005208333604969,0.0005379235954023,1.8605985075898277,transformer_compose97_f0.6_wd1.0_softmax_ce_s0,13900,0.002589928057553957,0.4513591555815271,2.153484307846312
39,0.0005208333604969,0.0005379235954023,1.8545273969799043,transformer_compose97_f0.6_wd1.0_softmax_ce_s0,13900,0.002805755395683453,0.4513591555815271,2.153484307846312
42,0.0005208333604969,0.0005379235954023,1.849644627400708,transformer_compose97_f0.6_wd1.0_softmax_ce_s0,13900,0.0030215827338129497,0.4513591555815271,2.153484307846312
45,0.0005208333604969,0.0005379235954023,1.8430884374174368,transformer_compose97_f0.6_wd1.0_softmax_ce_s0,13900,0.003237410071942446,0.4513591555815271,2.153484307846312
49,0.0001736111153149,0.0001793078699847,1.833971354371946,transformer_compose97_f0.6_wd1.0_softmax_ce_s0,13900,0.003525179856115108,0.4513591555815271,2.153484307846312
53,0.0003472222306299,0.0003586157399695,1.8271265660324811,transformer_compose97_f0.6_wd1.0_softmax_ce_s0,13900,0.00381294964028777,0.4513591555815271,2.153484307846312
57,0.0005208333604969,0.0005379235954023,1.8249426603084289,transformer_compose97_f0.6_wd1.0_softmax_ce_s0,13900,0.004100719424460431,0.4513591555815271,2.153484307846312
62,0.0010416667209938,0.000717231479939,1.8225157093211652,transformer_compose97_f0.6_wd1.0_softmax_ce_s0,13900,0.004460431654676259,0.4513591555815271,2.153484307846312
67,0.001562500023283,0.0010758471908047,1.822795063267992,transformer_compose97_f0.6_wd1.0_softmax_ce_s0,13900,0.0048201438848920865,0.4513591555815271,2.153484307846312
72,0.0017361111240461,0.0010758471908047,1.8214121412897653,transformer_compose97_f0.6_wd1.0_softmax_ce_s0,13900,0.005179856115107914,0.4513591555815271,2.153484307846312
78,0.002951388945803,0.0016137708444148,1.808478390280952,transformer_compose97_f0.6_wd1.0_softmax_ce_s0,13900,0.005611510791366906,0.4513591555815271,2.153484307846312
84,0.0031250000465661,0.0014344629598781,1.7895486990504998,transformer_compose97_f0.6_wd1.0_softmax_ce_s0,13900,0.0060431654676258995,0.4513591555815271,2.153484307846312
91,0.0034722222480922,0.0012551550753414,1.7707917629221497,transformer_compose97_f0.6_wd1.0_softmax_ce_s0,13900,0.006546762589928057,0.4513591555815271,2.153484307846312
98,0.0045138890855014,0.0012551550753414,1.7533039297536297,transformer_compose97_f0.6_wd1.0_softmax_ce_s0,13900,0.007050359712230216,0.4513591555815271,2.153484307846312
106,0.0071180555969476,0.0014344629598781,1.7385929893049858,transformer_compose97_f0.6_wd1.0_softmax_ce_s0,13900,0.00762589928057554,0.4513591555815271,2.153484307846312
115,0.0107638891786336,0.0016137708444148,1.7275271019724467,transformer_compose97_f0.6_wd1.0_softmax_ce_s0,13900,0.008273381294964029,0.4513591555815271,2.153484307846312
124,0.0147569440305233,0.0025103101506829,1.7237046842916517,transformer_compose97_f0.6_wd1.0_softmax_ce_s0,13900,0.008920863309352519,0.4513591555815271,2.153484307846312
134,0.018750000745058,0.0025103101506829,1.7249134903811998,transformer_compose97_f0.6_wd1.0_softmax_ce_s0,13900,0.009640287769784173,0.4513591555815271,2.153484307846312
145,0.0236111115664243,0.0026896181516349,1.7308962367182068,transformer_compose97_f0.6_wd1.0_softmax_ce_s0,13900,0.010431654676258994,0.4513591555815271,2.153484307846312
157,0.0274305548518896,0.0037654652260243,1.7331623343439695,transformer_compose97_f0.6_wd1.0_softmax_ce_s0,13900,0.011294964028776978,0.4513591555815271,2.153484307846312
170,0.0284722223877906,0.0032275416888296,1.737352085110283,transformer_compose97_f0.6_wd1.0_softmax_ce_s0,13900,0.01223021582733813,0.4513591555815271,2.153484307846312
183,0.0296874996274709,0.0032275416888296,1.7411943810790962,transformer_compose97_f0.6_wd1.0_softmax_ce_s0,13900,0.01316546762589928,0.4513591555815271,2.153484307846312
198,0.0300347227603197,0.0026896181516349,1.7460258787069245,transformer_compose97_f0.6_wd1.0_softmax_ce_s0,13900,0.014244604316546762,0.4513591555815271,2.153484307846312
214,0.0293402783572673,0.0025103101506829,1.7517786898742111,transformer_compose97_f0.6_wd1.0_softmax_ce_s0,13900,0.01539568345323741,0.4513591555815271,2.153484307846312
232,0.0288194436579942,0.0026896181516349,1.7588231114802335,transformer_compose97_f0.6_wd1.0_softmax_ce_s0,13900,0.01669064748201439,0.4513591555815271,2.153484307846312
250,0.0281249992549419,0.0023310023825615,1.769246320069813,transformer_compose97_f0.6_wd1.0_softmax_ce_s0,13900,0.017985611510791366,0.4513591555815271,2.153484307846312
271,0.0274305548518896,0.0023310023825615,1.7803790195927522,transformer_compose97_f0.6_wd1.0_softmax_ce_s0,13900,0.01949640287769784,0.4513591555815271,2.153484307846312
293,0.0272569451481103,0.0025103101506829,1.792770680800998,transformer_compose97_f0.6_wd1.0_softmax_ce_s0,13900,0.021079136690647482,0.4513591555815271,2.153484307846312
316,0.0272569451481103,0.0021516943816095,1.8040264693688155,transformer_compose97_f0.6_wd1.0_softmax_ce_s0,13900,0.02273381294964029,0.4513591555815271,2.153484307846312
342,0.026562500745058,0.0025103101506829,1.8183617215955072,transformer_compose97_f0.6_wd1.0_softmax_ce_s0,13900,0.02460431654676259,0.4513591555815271,2.153484307846312
369,0.0269097220152616,0.0026896181516349,1.8303585323452063,transformer_compose97_f0.6_wd1.0_softmax_ce_s0,13900,0.026546762589928056,0.4513591555815271,2.153484307846312
399,0.0255208332091569,0.0025103101506829,1.8425782377763056,transformer_compose97_f0.6_wd1.0_softmax_ce_s0,13900,0.028705035971223022,0.4513591555815271,2.153484307846312
432,0.0260416660457849,0.0026896181516349,1.8504480036418696,transformer_compose97_f0.6_wd1.0_softmax_ce_s0,13900,0.03107913669064748,0.4513591555815271,2.153484307846312
467,0.0258680563420057,0.0030482339207082,1.8585981589071483,transformer_compose97_f0.6_wd1.0_softmax_ce_s0,13900,0.03359712230215827,0.4513591555815271,2.153484307846312
504,0.0255208332091569,0.0032275416888296,1.8675269653971036,transformer_compose97_f0.6_wd1.0_softmax_ce_s0,13900,0.0362589928057554,0.4513591555815271,2.153484307846312
545,0.0253472216427326,0.0028689259197562,1.867741008066765,transformer_compose97_f0.6_wd1.0_softmax_ce_s0,13900,0.03920863309352518,0.4513591555815271,2.153484307846312
589,0.0262152776122093,0.0032275416888296,1.86861420134628,transformer_compose97_f0.6_wd1.0_softmax_ce_s0,13900,0.04237410071942446,0.4513591555815271,2.153484307846312
637,0.0272569451481103,0.003586157457903,1.8699065055653483,transformer_compose97_f0.6_wd1.0_softmax_ce_s0,13900,0.0458273381294964,0.4513591555815271,2.153484307846312
688,0.027083333581686,0.003406849456951,1.87441521703154,transformer_compose97_f0.6_wd1.0_softmax_ce_s0,13900,0.04949640287769784,0.4513591555815271,2.153484307846312
744,0.026562500745058,0.0039447732269763,1.8669214505929177,transformer_compose97_f0.6_wd1.0_softmax_ce_s0,13900,0.05352517985611511,0.4513591555815271,2.153484307846312
804,0.0269097220152616,0.0039447732269763,1.8748423681316992,transformer_compose97_f0.6_wd1.0_softmax_ce_s0,13900,0.057841726618705035,0.4513591555815271,2.153484307846312
869,0.018750000745058,0.003586157457903,1.8596943849664205,transformer_compose97_f0.6_wd1.0_softmax_ce_s0,13900,0.06251798561151078,0.4513591555815271,2.153484307846312
940,0.026562500745058,0.0039447732269763,1.8621790041721076,transformer_compose97_f0.6_wd1.0_softmax_ce_s0,13900,0.06762589928057554,0.4513591555815271,2.153484307846312
1016,0.0206597223877906,0.003406849456951,1.851811110422279,transformer_compose97_f0.6_wd1.0_softmax_ce_s0,13900,0.07309352517985611,0.4513591555815271,2.153484307846312
1098,0.0276041664183139,0.0053792363032698,1.851810066170611,transformer_compose97_f0.6_wd1.0_softmax_ce_s0,13900,0.07899280575539569,0.4513591555815271,2.153484307846312
1187,0.0255208332091569,0.0048413127660751,1.845210260570325,transformer_compose97_f0.6_wd1.0_softmax_ce_s0,13900,0.0853956834532374,0.4513591555815271,2.153484307846312
1283,0.0253472216427326,0.0041240812279284,1.836127480165033,transformer_compose97_f0.6_wd1.0_softmax_ce_s0,13900,0.0923021582733813,0.4513591555815271,2.153484307846312
1386,0.0248263888061046,0.0041240812279284,1.8462820720779696,transformer_compose97_f0.6_wd1.0_softmax_ce_s0,13900,0.09971223021582734,0.4513591555815271,2.153484307846312
1499,0.0239583328366279,0.0044826967641711,1.8570019443971812,transformer_compose97_f0.6_wd1.0_softmax_ce_s0,13900,0.10784172661870503,0.4513591555815271,2.153484307846312
1620,0.0126736108213663,0.006993006914854,1.858938040770643,transformer_compose97_f0.6_wd1.0_softmax_ce_s0,13900,0.11654676258992806,0.4513591555815271,2.153484307846312
1751,0.0225694440305233,0.0041240812279284,1.8358247691446783,transformer_compose97_f0.6_wd1.0_softmax_ce_s0,13900,0.12597122302158273,0.4513591555815271,2.153484307846312
1892,0.0227430555969476,0.0032275416888296,1.8407374825473517,transformer_compose97_f0.6_wd1.0_softmax_ce_s0,13900,0.13611510791366907,0.4513591555815271,2.153484307846312
2046,0.0211805552244186,0.0044826967641711,1.8378864677450135,transformer_compose97_f0.6_wd1.0_softmax_ce_s0,13900,0.14719424460431654,0.4513591555815271,2.153484307846312
2211,0.019270833581686,0.0048413127660751,1.906534294552996,transformer_compose97_f0.6_wd1.0_softmax_ce_s0,13900,0.15906474820143884,0.4513591555815271,2.153484307846312
2390,0.0159722231328487,0.003586157457903,1.873428724868735,transformer_compose97_f0.6_wd1.0_softmax_ce_s0,13900,0.17194244604316547,0.4513591555815271,2.153484307846312
2583,0.0197916664183139,0.003586157457903,1.813208857783984,transformer_compose97_f0.6_wd1.0_softmax_ce_s0,13900,0.1858273381294964,0.4513591555815271,2.153484307846312
2792,0.020833333954215,0.0048413127660751,1.7422709058727197,transformer_compose97_f0.6_wd1.0_softmax_ce_s0,13900,0.20086330935251798,0.4513591555815271,2.153484307846312
3018,0.020833333954215,0.0039447732269763,1.5476146534256785,transformer_compose97_f0.6_wd1.0_softmax_ce_s0,13900,0.21712230215827338,0.4513591555815271,2.153484307846312
3262,0.0223958324640989,0.0055585438385605,1.7085733098513336,transformer_compose97_f0.6_wd1.0_softmax_ce_s0,13900,0.23467625899280575,0.4513591555815271,2.153484307846312
3526,0.0255208332091569,0.007172314915806,1.5287614103390093,transformer_compose97_f0.6_wd1.0_softmax_ce_s0,13900,0.25366906474820144,0.4513591555815271,2.153484307846312
3811,0.0241319444030523,0.0059171598404645,1.4041884719340274,transformer_compose97_f0.6_wd1.0_softmax_ce_s0,13900,0.2741726618705036,0.4513591555815271,2.153484307846312
4120,0.0251736119389534,0.0080688539892435,0.95811498543474,transformer_compose97_f0.6_wd1.0_softmax_ce_s0,13900,0.29640287769784174,0.4513591555815271,2.153484307846312
4453,0.0256944447755813,0.0082481624558568,1.4110455583597303,transformer_compose97_f0.6_wd1.0_softmax_ce_s0,13900,0.3203597122302158,0.4513591555815271,2.153484307846312
4813,0.0272569451481103,0.0093240095302462,0.8191052671645807,transformer_compose97_f0.6_wd1.0_softmax_ce_s0,13900,0.3462589928057554,0.4513591555815271,2.153484307846312
5203,0.0272569451481103,0.0091447010636329,1.0480240399670409,transformer_compose97_f0.6_wd1.0_softmax_ce_s0,13900,0.3743165467625899,0.4513591555815271,2.153484307846312
5623,0.0260416660457849,0.0078895464539527,0.8877456930881502,transformer_compose97_f0.6_wd1.0_softmax_ce_s0,13900,0.4045323741007194,0.4513591555815271,2.153484307846312
6078,0.0279513895511627,0.0103998566046357,0.9895508198088742,transformer_compose97_f0.6_wd1.0_softmax_ce_s0,13900,0.4372661870503597,0.4513591555815271,2.153484307846312
6570,0.0303819440305233,0.0114757036790251,0.9245484455674384,transformer_compose97_f0.6_wd1.0_softmax_ce_s0,13900,0.47266187050359715,0.4513591555815271,2.153484307846312
7102,0.0317708328366279,0.0127308592200279,1.1787634870219057,transformer_compose97_f0.6_wd1.0_softmax_ce_s0,13900,0.5109352517985611,0.4513591555815271,2.153484307846312
7676,0.0361111126840114,0.016137707978487,2.0317690889223017,transformer_compose97_f0.6_wd1.0_softmax_ce_s0,13900,0.5522302158273381,0.4513591555815271,2.153484307846312
8297,0.0369791649281978,0.0179307870566844,1.2859298288940166,transformer_compose97_f0.6_wd1.0_softmax_ce_s0,13900,0.5969064748201439,0.4513591555815271,2.153484307846312
8968,0.0420138873159885,0.0215169452130794,1.7044337297266756,transformer_compose97_f0.6_wd1.0_softmax_ce_s0,13900,0.6451798561151079,0.4513591555815271,2.153484307846312
9694,0.0467013902962207,0.0268961805850267,1.9893292747753413,transformer_compose97_f0.6_wd1.0_softmax_ce_s0,13900,0.6974100719424461,0.4513591555815271,2.153484307846312
10478,0.0586805567145347,0.0365788042545318,1.582159950536191,transformer_compose97_f0.6_wd1.0_softmax_ce_s0,13900,0.7538129496402878,0.4513591555815271,2.153484307846312
11325,0.0694444477558136,0.0482338182628154,1.100915242928225,transformer_compose97_f0.6_wd1.0_softmax_ce_s0,13900,0.814748201438849,0.4513591555815271,2.153484307846312
12242,0.1100694462656974,0.0885780900716781,0.9911080163167564,transformer_compose97_f0.6_wd1.0_softmax_ce_s0,13900,0.8807194244604316,0.4513591555815271,2.153484307846312
13232,0.2810764014720917,0.2621481120586395,1.0438704066144566,transformer_compose97_f0.6_wd1.0_softmax_ce_s0,13900,0.9519424460431655,0.4513591555815271,2.153484307846312
14302,1.0,1.0,4.4432029246663465,transformer_compose97_f0.6_wd1.0_softmax_ce_s0,13900,1.0289208633093525,0.4513591555815271,2.153484307846312
15459,1.0,1.0,7.0986818179244535,transformer_compose97_f0.6_wd1.0_softmax_ce_s0,13900,1.112158273381295,0.4513591555815271,2.153484307846312
16710,1.0,1.0,51.2875307885836,transformer_compose97_f0.6_wd1.0_softmax_ce_s0,13900,1.202158273381295,0.4513591555815271,2.153484307846312
18062,1.0,1.0,82.23703962778477,transformer_compose97_f0.6_wd1.0_softmax_ce_s0,13900,1.2994244604316547,0.4513591555815271,2.153484307846312
19523,1.0,1.0,56.01181127120801,transformer_compose97_f0.6_wd1.0_softmax_ce_s0,13900,1.4045323741007194,0.4513591555815271,2.153484307846312
21102,1.0,1.0,89.5966726693585,transformer_compose97_f0.6_wd1.0_softmax_ce_s0,13900,1.5181294964028778,0.4513591555815271,2.153484307846312
22809,1.0,1.0,85.39637045647201,transformer_compose97_f0.6_wd1.0_softmax_ce_s0,13900,1.6409352517985611,0.4513591555815271,2.153484307846312
24654,1.0,1.0,50.06623798662953,transformer_compose97_f0.6_wd1.0_softmax_ce_s0,13900,1.7736690647482014,0.4513591555815271,2.153484307846312
26649,1.0,1.0,58.30905160750416,transformer_compose97_f0.6_wd1.0_softmax_ce_s0,13900,1.9171942446043166,0.4513591555815271,2.153484307846312
28804,1.0,1.0,60.91490997692577,transformer_compose97_f0.6_wd1.0_softmax_ce_s0,13900,2.072230215827338,0.4513591555815271,2.153484307846312
31135,1.0,1.0,60.40994612824564,transformer_compose97_f0.6_wd1.0_softmax_ce_s0,13900,2.2399280575539566,0.4513591555815271,2.153484307846312
33653,1.0,1.0,63.80569158123829,transformer_compose97_f0.6_wd1.0_softmax_ce_s0,13900,2.4210791366906474,0.4513591555815271,2.153484307846312
36376,1.0,1.0,90.1195454327448,transformer_compose97_f0.6_wd1.0_softmax_ce_s0,13900,2.616978417266187,0.4513591555815271,2.153484307846312
39318,1.0,1.0,57.09085041130401,transformer_compose97_f0.6_wd1.0_softmax_ce_s0,13900,2.82863309352518,0.4513591555815271,2.153484307846312
42499,1.0,1.0,91.06463871548598,transformer_compose97_f0.6_wd1.0_softmax_ce_s0,13900,3.0574820143884893,0.4513591555815271,2.153484307846312
45937,1.0,1.0,95.02621892183902,transformer_compose97_f0.6_wd1.0_softmax_ce_s0,13900,3.304820143884892,0.4513591555815271,2.153484307846312
49653,1.0,1.0,94.24103661995512,transformer_compose97_f0.6_wd1.0_softmax_ce_s0,13900,3.572158273381295,0.4513591555815271,2.153484307846312
53670,1.0,1.0,81.48877252499413,transformer_compose97_f0.6_wd1.0_softmax_ce_s0,13900,3.8611510791366905,0.4513591555815271,2.153484307846312
58011,0.999305546283722,0.9992827773094176,56.33499825902376,transformer_compose97_f0.6_wd1.0_softmax_ce_s0,13900,4.173453237410072,0.4513591555815271,2.153484307846312
62704,1.0,1.0,95.8934791792915,transformer_compose97_f0.6_wd1.0_softmax_ce_s0,13900,4.511079136690648,0.4513591555815271,2.153484307846312
67777,0.9901041388511658,0.9897794723510742,53.39299363366042,transformer_compose97_f0.6_wd1.0_softmax_ce_s0,13900,4.8760431654676255,0.4513591555815271,2.153484307846312
73260,1.0,1.0,71.22348605422101,transformer_compose97_f0.6_wd1.0_softmax_ce_s0,13900,5.270503597122302,0.4513591555815271,2.153484307846312
79186,1.0,1.0,95.0489681602204,transformer_compose97_f0.6_wd1.0_softmax_ce_s0,13900,5.6968345323741,0.4513591555815271,2.153484307846312
85592,1.0,1.0,94.38297866653755,transformer_compose97_f0.6_wd1.0_softmax_ce_s0,13900,6.157697841726619,0.4513591555815271,2.153484307846312
92516,1.0,1.0,93.27001705291568,transformer_compose97_f0.6_wd1.0_softmax_ce_s0,13900,6.655827338129496,0.4513591555815271,2.153484307846312
100000,1.0,1.0,91.61040433041404,transformer_compose97_f0.6_wd1.0_softmax_ce_s0,13900,7.194244604316546,0.4513591555815271,2.153484307846312
0,0.0078125,0.0076854336075484,2.547040449635383,transformer_compose97_f0.6_wd1.0_softmax_ce_s1,39500,0.0,0.4513591555815271,2.153484307846312
1,0.0079861115664243,0.0080428952351212,2.5470054953177708,transformer_compose97_f0.6_wd1.0_softmax_ce_s1,39500,2.5316455696202533e-05,0.4513591555815271,2.153484307846312
2,0.0074652777984738,0.0076854336075484,2.54696386358744,transformer_compose97_f0.6_wd1.0_softmax_ce_s1,39500,5.0632911392405066e-05,0.4513591555815271,2.153484307846312
3,0.0078125,0.0076854336075484,2.5470541896336933,transformer_compose97_f0.6_wd1.0_softmax_ce_s1,39500,7.59493670886076e-05,0.4513591555815271,2.153484307846312
4,0.0072916666977107,0.0075067025609314,2.54689649030555,transformer_compose97_f0.6_wd1.0_softmax_ce_s1,39500,0.00010126582278481013,0.4513591555815271,2.153484307846312
5,0.0065972222946584,0.0067917783744633,2.546707515427042,transformer_compose97_f0.6_wd1.0_softmax_ce_s1,39500,0.00012658227848101267,0.4513591555815271,2.153484307846312
6,0.0050347223877906,0.0044682752341032,2.546499888705964,transformer_compose97_f0.6_wd1.0_softmax_ce_s1,39500,0.0001518987341772152,0.4513591555815271,2.153484307846312
7,0.0046875001862645,0.0044682752341032,2.546313064500413,transformer_compose97_f0.6_wd1.0_softmax_ce_s1,39500,0.00017721518987341773,0.4513591555815271,2.153484307846312
8,0.0046875001862645,0.0044682752341032,2.546156029123656,transformer_compose97_f0.6_wd1.0_softmax_ce_s1,39500,0.00020253164556962027,0.4513591555815271,2.153484307846312
9,0.0039930557832121,0.0037533512804657,2.5461392825741576,transformer_compose97_f0.6_wd1.0_softmax_ce_s1,39500,0.00022784810126582277,0.4513591555815271,2.153484307846312
10,0.0039930557832121,0.0037533512804657,2.546214757658778,transformer_compose97_f0.6_wd1.0_softmax_ce_s1,39500,0.00025316455696202533,0.4513591555815271,2.153484307846312
11,0.0034722222480922,0.0032171581406146,2.5463089139365214,transformer_compose97_f0.6_wd1.0_softmax_ce_s1,39500,0.00027848101265822784,0.4513591555815271,2.153484307846312
12,0.0031250000465661,0.0028596960473805,2.5463894535564484,transformer_compose97_f0.6_wd1.0_softmax_ce_s1,39500,0.0003037974683544304,0.4513591555815271,2.153484307846312
13,0.0036458333488553,0.0033958891872316,2.546393505832632,transformer_compose97_f0.6_wd1.0_softmax_ce_s1,39500,0.0003291139240506329,0.4513591555815271,2.153484307846312
14,0.0036458333488553,0.0033958891872316,2.5463149073390188,transformer_compose97_f0.6_wd1.0_softmax_ce_s1,39500,0.00035443037974683546,0.4513591555815271,2.153484307846312
15,0.0039930557832121,0.0037533512804657,2.5461472361506323,transformer_compose97_f0.6_wd1.0_softmax_ce_s1,39500,0.00037974683544303797,0.4513591555815271,2.153484307846312
16,0.0039930557832121,0.0039320820942521,2.545676653688481,transformer_compose97_f0.6_wd1.0_softmax_ce_s1,39500,0.00040506329113924053,0.4513591555815271,2.153484307846312
18,0.0022569445427507,0.0023235031403601,2.5440024607834792,transformer_compose97_f0.6_wd1.0_softmax_ce_s1,39500,0.00045569620253164554,0.4513591555815271,2.153484307846312
19,0.0024305556435137,0.0025022341869771,2.542759392255407,transformer_compose97_f0.6_wd1.0_softmax_ce_s1,39500,0.0004810126582278481,0.4513591555815271,2.153484307846312
21,0.0026041667442768,0.0025022341869771,2.5397856389159417,transformer_compose97_f0.6_wd1.0_softmax_ce_s1,39500,0.0005316455696202532,0.4513591555815271,2.153484307846312
22,0.0022569445427507,0.002144772093743,2.5380602304335804,transformer_compose97_f0.6_wd1.0_softmax_ce_s1,39500,0.0005569620253164557,0.4513591555815271,2.153484307846312
24,0.0022569445427507,0.002144772093743,2.533934247761135,transformer_compose97_f0.6_wd1.0_softmax_ce_s1,39500,0.0006075949367088608,0.4513591555815271,2.153484307846312
26,0.0017361111240461,0.0017873101169243,2.5290262853136425,transformer_compose97_f0.6_wd1.0_softmax_ce_s1,39500,0.0006582278481012658,0.4513591555815271,2.153484307846312
28,0.0012152778217568,0.0012511170934885,2.524012217179303,transformer_compose97_f0.6_wd1.0_softmax_ce_s1,39500,0.0007088607594936709,0.4513591555815271,2.153484307846312
31,0.0012152778217568,0.0012511170934885,2.5172055407864877,transformer_compose97_f0.6_wd1.0_softmax_ce_s1,39500,0.0007848101265822784,0.4513591555815271,2.153484307846312
33,0.0012152778217568,0.0012511170934885,2.512778396093364,transformer_compose97_f0.6_wd1.0_softmax_ce_s1,39500,0.0008354430379746836,0.4513591555815271,2.153484307846312
36,0.0019097222248092,0.001966041047126,2.5050926586174205,transformer_compose97_f0.6_wd1.0_softmax_ce_s1,39500,0.0009113924050632911,0.4513591555815271,2.153484307846312
39,0.001562500023283,0.0014298480236902,2.497884272283431,transformer_compose97_f0.6_wd1.0_softmax_ce_s1,39500,0.0009873417721518987,0.4513591555815271,2.153484307846312
42,0.001562500023283,0.0014298480236902,2.4918522687748674,transformer_compose97_f0.6_wd1.0_softmax_ce_s1,39500,0.0010632911392405063,0.4513591555815271,2.153484307846312
45,0.0010416667209938,0.0008936550584621,2.4857685019349214,transformer_compose97_f0.6_wd1.0_softmax_ce_s1,39500,0.001139240506329114,0.4513591555815271,2.153484307846312
49,0.000868055562023,0.0007149240118451,2.477662372729247,transformer_compose97_f0.6_wd1.0_softmax_ce_s1,39500,0.001240506329113924,0.4513591555815271,2.153484307846312
53,0.0012152778217568,0.0008936550584621,2.4694850522147607,transformer_compose97_f0.6_wd1.0_softmax_ce_s1,39500,0.0013417721518987342,0.4513591555815271,2.153484307846312
57,0.0012152778217568,0.0007149240118451,2.4651131023859976,transformer_compose97_f0.6_wd1.0_softmax_ce_s1,39500,0.0014430379746835443,0.4513591555815271,2.153484307846312
62,0.0013888889225199,0.0008936550584621,2.467743032115006,transformer_compose97_f0.6_wd1.0_softmax_ce_s1,39500,0.001569620253164557,0.4513591555815271,2.153484307846312
67,0.0020833334419876,0.0010723860468715,2.476381931311744,transformer_compose97_f0.6_wd1.0_softmax_ce_s1,39500,0.0016962025316455695,0.4513591555815271,2.153484307846312
72,0.002951388945803,0.0014298480236902,2.479829577365276,transformer_compose97_f0.6_wd1.0_softmax_ce_s1,39500,0.0018227848101265822,0.4513591555815271,2.153484307846312
78,0.0032986111473292,0.0016085790703073,2.4741947144875285,transformer_compose97_f0.6_wd1.0_softmax_ce_s1,39500,0.0019746835443037974,0.4513591555815271,2.153484307846312
84,0.0038194444496184,0.0014298480236902,2.4696636482029435,transformer_compose97_f0.6_wd1.0_softmax_ce_s1,39500,0.0021265822784810127,0.4513591555815271,2.153484307846312
91,0.0045138890855014,0.0014298480236902,2.4635550093423717,transformer_compose97_f0.6_wd1.0_softmax_ce_s1,39500,0.0023037974683544305,0.4513591555815271,2.153484307846312
98,0.0064236111938953,0.0012511170934885,2.461012775629727,transformer_compose97_f0.6_wd1.0_softmax_ce_s1,39500,0.002481012658227848,0.4513591555815271,2.153484307846312
106,0.0090277781710028,0.0012511170934885,2.4686919779275773,transformer_compose97_f0.6_wd1.0_softmax_ce_s1,39500,0.0026835443037974685,0.4513591555815271,2.153484307846312
115,0.013541666790843,0.0014298480236902,2.488201564761888,transformer_compose97_f0.6_wd1.0_softmax_ce_s1,39500,0.002911392405063291,0.4513591555815271,2.153484307846312
124,0.0152777777984738,0.0014298480236902,2.5071048910018416,transformer_compose97_f0.6_wd1.0_softmax_ce_s1,39500,0.003139240506329114,0.4513591555815271,2.153484307846312
134,0.0196180548518896,0.0017873101169243,2.526995779276868,transformer_compose97_f0.6_wd1.0_softmax_ce_s1,39500,0.003392405063291139,0.4513591555815271,2.153484307846312
145,0.0215277783572673,0.0012511170934885,2.543525173185728,transformer_compose97_f0.6_wd1.0_softmax_ce_s1,39500,0.003670886075949367,0.4513591555815271,2.153484307846312
157,0.022916667163372,0.0012511170934885,2.5562745014741983,transformer_compose97_f0.6_wd1.0_softmax_ce_s1,39500,0.003974683544303797,0.4513591555815271,2.153484307846312
170,0.0251736119389534,0.0016085790703073,2.56933030407253,transformer_compose97_f0.6_wd1.0_softmax_ce_s1,39500,0.004303797468354431,0.4513591555815271,2.153484307846312
183,0.0248263888061046,0.0014298480236902,2.580679528162075,transformer_compose97_f0.6_wd1.0_softmax_ce_s1,39500,0.004632911392405063,0.4513591555815271,2.153484307846312
198,0.0251736119389534,0.0016085790703073,2.5900843553921105,transformer_compose97_f0.6_wd1.0_softmax_ce_s1,39500,0.005012658227848101,0.4513591555815271,2.153484307846312
214,0.0256944447755813,0.001966041047126,2.596602864254125,transformer_compose97_f0.6_wd1.0_softmax_ce_s1,39500,0.005417721518987342,0.4513591555815271,2.153484307846312
232,0.0256944447755813,0.0025022341869771,2.6022166524204358,transformer_compose97_f0.6_wd1.0_softmax_ce_s1,39500,0.0058734177215189875,0.4513591555815271,2.153484307846312
250,0.0255208332091569,0.0023235031403601,2.6041841330499715,transformer_compose97_f0.6_wd1.0_softmax_ce_s1,39500,0.006329113924050633,0.4513591555815271,2.153484307846312
271,0.0255208332091569,0.0028596960473805,2.6089615393468053,transformer_compose97_f0.6_wd1.0_softmax_ce_s1,39500,0.006860759493670886,0.4513591555815271,2.153484307846312
293,0.0243055559694767,0.0032171581406146,2.610883781173542,transformer_compose97_f0.6_wd1.0_softmax_ce_s1,39500,0.007417721518987342,0.4513591555815271,2.153484307846312
316,0.0243055559694767,0.0033958891872316,2.610781812798816,transformer_compose97_f0.6_wd1.0_softmax_ce_s1,39500,0.008,0.4513591555815271,2.153484307846312
342,0.0230902768671512,0.0023235031403601,2.6114912368429826,transformer_compose97_f0.6_wd1.0_softmax_ce_s1,39500,0.008658227848101266,0.4513591555815271,2.153484307846312
369,0.0234375,0.0026809652335941,2.611646492611861,transformer_compose97_f0.6_wd1.0_softmax_ce_s1,39500,0.009341772151898735,0.4513591555815271,2.153484307846312
399,0.024479167535901,0.0033958891872316,2.612060366510158,transformer_compose97_f0.6_wd1.0_softmax_ce_s1,39500,0.01010126582278481,0.4513591555815271,2.153484307846312
432,0.0232638884335756,0.0030384270939975,2.614359796896101,transformer_compose97_f0.6_wd1.0_softmax_ce_s1,39500,0.010936708860759493,0.4513591555815271,2.153484307846312
467,0.0211805552244186,0.0023235031403601,2.6156934278600485,transformer_compose97_f0.6_wd1.0_softmax_ce_s1,39500,0.011822784810126582,0.4513591555815271,2.153484307846312
504,0.021354166790843,0.0023235031403601,2.6204599822277483,transformer_compose97_f0.6_wd1.0_softmax_ce_s1,39500,0.012759493670886076,0.4513591555815271,2.153484307846312
545,0.017187500372529,0.0028596960473805,2.61565872240859,transformer_compose97_f0.6_wd1.0_softmax_ce_s1,39500,0.01379746835443038,0.4513591555815271,2.153484307846312
589,0.0215277783572673,0.0023235031403601,2.603546252964314,transformer_compose97_f0.6_wd1.0_softmax_ce_s1,39500,0.014911392405063291,0.4513591555815271,2.153484307846312
637,0.0218749996274709,0.0028596960473805,2.6062903784050238,transformer_compose97_f0.6_wd1.0_softmax_ce_s1,39500,0.016126582278481013,0.4513591555815271,2.153484307846312
688,0.0215277783572673,0.0030384270939975,2.603391330137532,transformer_compose97_f0.6_wd1.0_softmax_ce_s1,39500,0.017417721518987343,0.4513591555815271,2.153484307846312
744,0.0152777777984738,0.002144772093743,2.587360096151508,transformer_compose97_f0.6_wd1.0_softmax_ce_s1,39500,0.018835443037974683,0.4513591555815271,2.153484307846312
804,0.0220486111938953,0.0023235031403601,2.570968820100814,transformer_compose97_f0.6_wd1.0_softmax_ce_s1,39500,0.020354430379746834,0.4513591555815271,2.153484307846312
869,0.0227430555969476,0.0035746202338486,2.5800191197883398,transformer_compose97_f0.6_wd1.0_softmax_ce_s1,39500,0.022,0.4513591555815271,2.153484307846312
940,0.022916667163372,0.0032171581406146,2.5527584613164285,transformer_compose97_f0.6_wd1.0_softmax_ce_s1,39500,0.02379746835443038,0.4513591555815271,2.153484307846312
1016,0.0230902768671512,0.0032171581406146,2.565997176127051,transformer_compose97_f0.6_wd1.0_softmax_ce_s1,39500,0.025721518987341773,0.4513591555815271,2.153484307846312
1098,0.021354166790843,0.0032171581406146,2.5344178936807555,transformer_compose97_f0.6_wd1.0_softmax_ce_s1,39500,0.02779746835443038,0.4513591555815271,2.153484307846312
1187,0.0225694440305233,0.0041108131408691,2.515578517476616,transformer_compose97_f0.6_wd1.0_softmax_ce_s1,39500,0.030050632911392407,0.4513591555815271,2.153484307846312
1283,0.0223958324640989,0.0041108131408691,2.457635887118576,transformer_compose97_f0.6_wd1.0_softmax_ce_s1,39500,0.03248101265822785,0.4513591555815271,2.153484307846312
1386,0.0211805552244186,0.0050044683739542,2.397987753311136,transformer_compose97_f0.6_wd1.0_softmax_ce_s1,39500,0.03508860759493671,0.4513591555815271,2.153484307846312
1499,0.0220486111938953,0.0048257373273372,2.3353681422893366,transformer_compose97_f0.6_wd1.0_softmax_ce_s1,39500,0.0379493670886076,0.4513591555815271,2.153484307846312
1620,0.0161458328366279,0.0037533512804657,2.2194298466049966,transformer_compose97_f0.6_wd1.0_softmax_ce_s1,39500,0.0410126582278481,0.4513591555815271,2.153484307846312
1751,0.0211805552244186,0.0046470062807202,2.1754623923568315,transformer_compose97_f0.6_wd1.0_softmax_ce_s1,39500,0.04432911392405063,0.4513591555815271,2.153484307846312
1892,0.0211805552244186,0.0039320820942521,2.115764190635254,transformer_compose97_f0.6_wd1.0_softmax_ce_s1,39500,0.04789873417721519,0.4513591555815271,2.153484307846312
2046,0.0149305555969476,0.0037533512804657,2.1065715119534563,transformer_compose97_f0.6_wd1.0_softmax_ce_s1,39500,0.05179746835443038,0.4513591555815271,2.153484307846312
2211,0.0222222227603197,0.0048257373273372,2.041620746425024,transformer_compose97_f0.6_wd1.0_softmax_ce_s1,39500,0.0559746835443038,0.4513591555815271,2.153484307846312
2390,0.0151041662320494,0.0051831994205713,2.0048331649662505,transformer_compose97_f0.6_wd1.0_softmax_ce_s1,39500,0.06050632911392405,0.4513591555815271,2.153484307846312
2583,0.0199652779847383,0.0042895441874861,1.8008988349109385,transformer_compose97_f0.6_wd1.0_softmax_ce_s1,39500,0.06539240506329114,0.4513591555815271,2.153484307846312
2792,0.0194444451481103,0.0041108131408691,1.9402530679920265,transformer_compose97_f0.6_wd1.0_softmax_ce_s1,39500,0.07068354430379747,0.4513591555815271,2.153484307846312
3018,0.0218749996274709,0.0058981231413781,1.6437981465154123,transformer_compose97_f0.6_wd1.0_softmax_ce_s1,39500,0.07640506329113925,0.4513591555815271,2.153484307846312
3262,0.0222222227603197,0.0062555852346122,1.488664362550788,transformer_compose97_f0.6_wd1.0_softmax_ce_s1,39500,0.08258227848101266,0.4513591555815271,2.153484307846312
3526,0.0227430555969476,0.0055406615138053,1.1357948819794954,transformer_compose97_f0.6_wd1.0_softmax_ce_s1,39500,0.08926582278481013,0.4513591555815271,2.153484307846312
3811,0.0230902768671512,0.0067917783744633,0.8982924813567139,transformer_compose97_f0.6_wd1.0_softmax_ce_s1,39500,0.09648101265822785,0.4513591555815271,2.153484307846312
4120,0.0215277783572673,0.0046470062807202,1.1812280690489183,transformer_compose97_f0.6_wd1.0_softmax_ce_s1,39500,0.10430379746835443,0.4513591555815271,2.153484307846312
4453,0.0234375,0.0066130473278462,1.5483511570863566,transformer_compose97_f0.6_wd1.0_softmax_ce_s1,39500,0.11273417721518987,0.4513591555815271,2.153484307846312
4813,0.0234375,0.0064343162812292,0.970643152631184,transformer_compose97_f0.6_wd1.0_softmax_ce_s1,39500,0.12184810126582278,0.4513591555815271,2.153484307846312
5203,0.025000000372529,0.0080428952351212,1.3183173079649262,transformer_compose97_f0.6_wd1.0_softmax_ce_s1,39500,0.13172151898734177,0.4513591555815271,2.153484307846312
5623,0.0218749996274709,0.0085790883749723,1.6287617349333932,transformer_compose97_f0.6_wd1.0_softmax_ce_s1,39500,0.14235443037974685,0.4513591555815271,2.153484307846312
6078,0.0230902768671512,0.0080428952351212,1.2183915249274198,transformer_compose97_f0.6_wd1.0_softmax_ce_s1,39500,0.153873417721519,0.4513591555815271,2.153484307846312
6570,0.0218749996274709,0.0076854336075484,1.9670446363226213,transformer_compose97_f0.6_wd1.0_softmax_ce_s1,39500,0.16632911392405064,0.4513591555815271,2.153484307846312
7102,0.0241319444030523,0.0092940125614404,0.8600172315343254,transformer_compose97_f0.6_wd1.0_softmax_ce_s1,39500,0.1797974683544304,0.4513591555815271,2.153484307846312
7676,0.0234375,0.0080428952351212,1.0503214094317663,transformer_compose97_f0.6_wd1.0_softmax_ce_s1,39500,0.19432911392405064,0.4513591555815271,2.153484307846312
8297,0.0274305548518896,0.0096514746546745,1.2392265523394783,transformer_compose97_f0.6_wd1.0_softmax_ce_s1,39500,0.2100506329113924,0.4513591555815271,2.153484307846312
8968,0.0262152776122093,0.0098302057012915,1.4289859040912858,transformer_compose97_f0.6_wd1.0_softmax_ce_s1,39500,0.2270379746835443,0.4513591555815271,2.153484307846312
9694,0.024479167535901,0.0084003573283553,0.9853772948345856,transformer_compose97_f0.6_wd1.0_softmax_ce_s1,39500,0.24541772151898733,0.4513591555815271,2.153484307846312
10478,0.0262152776122093,0.0110813230276107,0.8937198886985532,transformer_compose97_f0.6_wd1.0_softmax_ce_s1,39500,0.26526582278481015,0.4513591555815271,2.153484307846312
11325,0.0276041664183139,0.0098302057012915,1.4938545647440455,transformer_compose97_f0.6_wd1.0_softmax_ce_s1,39500,0.28670886075949364,0.4513591555815271,2.153484307846312
12242,0.026562500745058,0.0107238609343767,1.323080191890169,transformer_compose97_f0.6_wd1.0_softmax_ce_s1,39500,0.3099240506329114,0.4513591555815271,2.153484307846312
13232,0.0284722223877906,0.0112600540742278,1.2586855424581422,transformer_compose97_f0.6_wd1.0_softmax_ce_s1,39500,0.3349873417721519,0.4513591555815271,2.153484307846312
14302,0.0300347227603197,0.0130473636090755,1.0717734379127628,transformer_compose97_f0.6_wd1.0_softmax_ce_s1,39500,0.3620759493670886,0.4513591555815271,2.153484307846312
15459,0.0314236097037792,0.0144772119820117,2.0079986869764945,transformer_compose97_f0.6_wd1.0_softmax_ce_s1,39500,0.39136708860759495,0.4513591555815271,2.153484307846312
16710,0.03125,0.0137622877955436,0.7595157852034667,transformer_compose97_f0.6_wd1.0_softmax_ce_s1,39500,0.4230379746835443,0.4513591555815271,2.153484307846312
18062,0.0328124985098838,0.0150134051218628,0.9836225533265222,transformer_compose97_f0.6_wd1.0_softmax_ce_s1,39500,0.45726582278481015,0.4513591555815271,2.153484307846312
19523,0.0352430567145347,0.0176943708211183,1.062646977523514,transformer_compose97_f0.6_wd1.0_softmax_ce_s1,39500,0.494253164556962,0.4513591555815271,2.153484307846312
21102,0.0392361097037792,0.0212689898908138,0.9393894668177812,transformer_compose97_f0.6_wd1.0_softmax_ce_s1,39500,0.5342278481012658,0.4513591555815271,2.153484307846312
22809,0.0371527783572673,0.0191242173314094,0.9712173448640754,transformer_compose97_f0.6_wd1.0_softmax_ce_s1,39500,0.5774430379746835,0.4513591555815271,2.153484307846312
24654,0.0439236126840114,0.0262734591960906,1.594233376729382,transformer_compose97_f0.6_wd1.0_softmax_ce_s1,39500,0.6241518987341772,0.4513591555815271,2.153484307846312
26649,0.0473958328366279,0.0287756919860839,1.0620574080879368,transformer_compose97_f0.6_wd1.0_softmax_ce_s1,39500,0.6746582278481013,0.4513591555815271,2.153484307846312
28804,0.0526041649281978,0.0336014293134212,0.5502032615689105,transformer_compose97_f0.6_wd1.0_softmax_ce_s1,39500,0.7292151898734177,0.4513591555815271,2.153484307846312
31135,0.0704861134290695,0.0496872216463089,0.9400465395659324,transformer_compose97_f0.6_wd1.0_softmax_ce_s1,39500,0.7882278481012658,0.4513591555815271,2.153484307846312
33653,0.0765625014901161,0.0561215355992317,0.3436157503624427,transformer_compose97_f0.6_wd1.0_softmax_ce_s1,39500,0.8519746835443038,0.4513591555815271,2.153484307846312
36376,0.1368055492639541,0.1156389638781547,0.3840430628711413,transformer_compose97_f0.6_wd1.0_softmax_ce_s1,39500,0.9209113924050633,0.4513591555815271,2.153484307846312
39318,0.7951388955116272,0.7894548773765564,2.6940910114330787,transformer_compose97_f0.6_wd1.0_softmax_ce_s1,39500,0.9953924050632912,0.4513591555815271,2.153484307846312
42499,1.0,1.0,7.730967707482207,transformer_compose97_f0.6_wd1.0_softmax_ce_s1,39500,1.0759240506329113,0.4513591555815271,2.153484307846312
45937,1.0,1.0,27.52578738852096,transformer_compose97_f0.6_wd1.0_softmax_ce_s1,39500,1.1629620253164556,0.4513591555815271,2.153484307846312
49653,1.0,1.0,35.80161516603667,transformer_compose97_f0.6_wd1.0_softmax_ce_s1,39500,1.2570379746835443,0.4513591555815271,2.153484307846312
53670,1.0,1.0,44.686963318964416,transformer_compose97_f0.6_wd1.0_softmax_ce_s1,39500,1.35873417721519,0.4513591555815271,2.153484307846312
58011,1.0,1.0,28.710440734152154,transformer_compose97_f0.6_wd1.0_softmax_ce_s1,39500,1.468632911392405,0.4513591555815271,2.153484307846312
62704,1.0,1.0,17.070427320105264,transformer_compose97_f0.6_wd1.0_softmax_ce_s1,39500,1.5874430379746836,0.4513591555815271,2.153484307846312
67777,1.0,1.0,21.40714756824443,transformer_compose97_f0.6_wd1.0_softmax_ce_s1,39500,1.715873417721519,0.4513591555815271,2.153484307846312
73260,1.0,1.0,11.67801504694112,transformer_compose97_f0.6_wd1.0_softmax_ce_s1,39500,1.8546835443037974,0.4513591555815271,2.153484307846312
79186,1.0,1.0,15.8593743316346,transformer_compose97_f0.6_wd1.0_softmax_ce_s1,39500,2.004708860759494,0.4513591555815271,2.153484307846312
85592,1.0,1.0,16.209538802333583,transformer_compose97_f0.6_wd1.0_softmax_ce_s1,39500,2.166886075949367,0.4513591555815271,2.153484307846312
92516,1.0,1.0,31.86161498774276,transformer_compose97_f0.6_wd1.0_softmax_ce_s1,39500,2.3421772151898734,0.4513591555815271,2.153484307846312
100000,1.0,1.0,7.111464207834337,transformer_compose97_f0.6_wd1.0_softmax_ce_s1,39500,2.5316455696202533,0.4513591555815271,2.153484307846312
