run,model,t_g,stage,step,pca_dim,depth,layer,draw,diameter,n_points,betti_1,life_1,betti_2,life_2,condition,regime
mlp_add97_f0.3_wd1.0_softmax_ce_s0,mlp,14300,init,0,8,0,operands,0,22.5475023519831,300.0,0.0,0.0953145937029598,0.0,0.0400406131327985,mlp_add97_f0.3_wd1.0_softmax_ce,mlp
mlp_add97_f0.3_wd1.0_softmax_ce_s0,mlp,14300,init,0,8,0,operands,1,22.5475023519831,300.0,0.0,0.0842830182184915,0.0,0.0489496369717182,mlp_add97_f0.3_wd1.0_softmax_ce,mlp
mlp_add97_f0.3_wd1.0_softmax_ce_s0,mlp,14300,init,0,8,0,operands,2,22.5475023519831,300.0,0.0,0.0889798875284818,0.0,0.0466737614970816,mlp_add97_f0.3_wd1.0_softmax_ce,mlp
mlp_add97_f0.3_wd1.0_softmax_ce_s0,mlp,14300,init,0,8,1,hook_hidden,0,3.31696308012906,300.0,0.0,0.0656322548367307,0.0,0.0470030533157953,mlp_add97_f0.3_wd1.0_softmax_ce,mlp
mlp_add97_f0.3_wd1.0_softmax_ce_s0,mlp,14300,init,0,8,1,hook_hidden,1,3.4315161746695195,300.0,0.0,0.0674731820361911,0.0,0.0454894460033477,mlp_add97_f0.3_wd1.0_softmax_ce,mlp
mlp_add97_f0.3_wd1.0_softmax_ce_s0,mlp,14300,init,0,8,1,hook_hidden,2,3.31696308012906,300.0,0.0,0.083462436149749,1.0,0.0644533383909733,mlp_add97_f0.3_wd1.0_softmax_ce,mlp
mlp_add97_f0.3_wd1.0_softmax_ce_s0,mlp,14300,init,0,8,2,logits,0,1.4153120271319677,300.0,0.0,0.0668208167996463,1.0,0.0513107275828693,mlp_add97_f0.3_wd1.0_softmax_ce,mlp
mlp_add97_f0.3_wd1.0_softmax_ce_s0,mlp,14300,init,0,8,2,logits,1,1.4153120271319677,300.0,0.0,0.074579862251061,0.0,0.0626307760124336,mlp_add97_f0.3_wd1.0_softmax_ce,mlp
mlp_add97_f0.3_wd1.0_softmax_ce_s0,mlp,14300,init,0,8,2,logits,2,1.4153120271319677,300.0,0.0,0.0687865152066975,1.0,0.0561848914704953,mlp_add97_f0.3_wd1.0_softmax_ce,mlp
mlp_add97_f0.3_wd1.0_softmax_ce_s0,mlp,14300,init,0,4,0,operands,0,17.473932087620227,300.0,0.0,0.1106027732259653,0.0,0.0687311559562504,mlp_add97_f0.3_wd1.0_softmax_ce,mlp
mlp_add97_f0.3_wd1.0_softmax_ce_s0,mlp,14300,init,0,4,0,operands,1,17.547516924882736,300.0,0.0,0.084147363314868,0.0,0.0742558992588657,mlp_add97_f0.3_wd1.0_softmax_ce,mlp
mlp_add97_f0.3_wd1.0_softmax_ce_s0,mlp,14300,init,0,4,0,operands,2,17.968674775834188,300.0,0.0,0.0992949288919577,0.0,0.0559861644494602,mlp_add97_f0.3_wd1.0_softmax_ce,mlp
mlp_add97_f0.3_wd1.0_softmax_ce_s0,mlp,14300,init,0,4,1,hook_hidden,0,3.1852250017853714,300.0,0.0,0.0539350247735565,0.0,0.0333098313235669,mlp_add97_f0.3_wd1.0_softmax_ce,mlp
mlp_add97_f0.3_wd1.0_softmax_ce_s0,mlp,14300,init,0,4,1,hook_hidden,1,3.1852250017853714,300.0,1.0,0.0563827032708497,0.0,0.0398725034517813,mlp_add97_f0.3_wd1.0_softmax_ce,mlp
mlp_add97_f0.3_wd1.0_softmax_ce_s0,mlp,14300,init,0,4,1,hook_hidden,2,3.1852250017853714,300.0,0.0,0.0516062103136237,0.0,0.0414959369469317,mlp_add97_f0.3_wd1.0_softmax_ce,mlp
mlp_add97_f0.3_wd1.0_softmax_ce_s0,mlp,14300,init,0,4,2,logits,0,1.297986839792292,300.0,0.0,0.0678908379369021,0.0,0.0343531041776482,mlp_add97_f0.3_wd1.0_softmax_ce,mlp
mlp_add97_f0.3_wd1.0_softmax_ce_s0,mlp,14300,init,0,4,2,logits,1,1.297986839792292,300.0,0.0,0.0694113687599408,0.0,0.0372084619505567,mlp_add97_f0.3_wd1.0_softmax_ce,mlp
mlp_add97_f0.3_wd1.0_softmax_ce_s0,mlp,14300,init,0,4,2,logits,2,1.297986839792292,300.0,0.0,0.0563946936401136,0.0,0.0371833202911699,mlp_add97_f0.3_wd1.0_softmax_ce,mlp
mlp_add97_f0.3_wd1.0_softmax_ce_s0,mlp,14300,init,0,2,0,operands,0,15.260057129532036,300.0,0.0,0.0873937216035757,0.0,0.0386809885785388,mlp_add97_f0.3_wd1.0_softmax_ce,mlp
mlp_add97_f0.3_wd1.0_softmax_ce_s0,mlp,14300,init,0,2,0,operands,1,15.260057129532036,300.0,0.0,0.0620208926881904,0.0,0.0427388701021862,mlp_add97_f0.3_wd1.0_softmax_ce,mlp
mlp_add97_f0.3_wd1.0_softmax_ce_s0,mlp,14300,init,0,2,0,operands,2,15.260057129532036,300.0,0.0,0.0695133481598636,0.0,0.039856000305316,mlp_add97_f0.3_wd1.0_softmax_ce,mlp
mlp_add97_f0.3_wd1.0_softmax_ce_s0,mlp,14300,init,0,2,1,hook_hidden,0,3.0470377770864423,300.0,0.0,0.0314212396138647,0.0,0.0,mlp_add97_f0.3_wd1.0_softmax_ce,mlp
mlp_add97_f0.3_wd1.0_softmax_ce_s0,mlp,14300,init,0,2,1,hook_hidden,1,3.0470377770864423,300.0,0.0,0.0297436547240236,0.0,0.0,mlp_add97_f0.3_wd1.0_softmax_ce,mlp
mlp_add97_f0.3_wd1.0_softmax_ce_s0,mlp,14300,init,0,2,1,hook_hidden,2,3.0470377770864423,300.0,0.0,0.0435714870082574,0.0,0.0,mlp_add97_f0.3_wd1.0_softmax_ce,mlp
mlp_add97_f0.3_wd1.0_softmax_ce_s0,mlp,14300,init,0,2,2,logits,0,1.2863203152006095,300.0,0.0,0.0330837681782397,0.0,0.0,mlp_add97_f0.3_wd1.0_softmax_ce,mlp
mlp_add97_f0.3_wd1.0_softmax_ce_s0,mlp,14300,init,0,2,2,logits,1,1.2863203152006095,300.0,0.0,0.0267999632950601,0.0,0.0002825823951364,mlp_add97_f0.3_wd1.0_softmax_ce,mlp
mlp_add97_f0.3_wd1.0_softmax_ce_s0,mlp,14300,init,0,2,2,logits,2,1.2863203152006095,300.0,0.0,0.0249072080281015,0.0,0.0,mlp_add97_f0.3_wd1.0_softmax_ce,mlp
mlp_add97_f0.3_wd1.0_softmax_ce_s0,mlp,14300,before,12594,8,0,operands,0,4.414227204089164,300.0,0.0,0.1017085111000823,0.0,0.0580304393380098,mlp_add97_f0.3_wd1.0_softmax_ce,mlp
mlp_add97_f0.3_wd1.0_softmax_ce_s0,mlp,14300,before,12594,8,0,operands,1,4.386386072289568,300.0,0.0,0.1020457478704773,0.0,0.0598474169019689,mlp_add97_f0.3_wd1.0_softmax_ce,mlp
mlp_add97_f0.3_wd1.0_softmax_ce_s0,mlp,14300,before,12594,8,0,operands,2,4.414227204089164,300.0,0.0,0.0947747709715499,0.0,0.0661315548011507,mlp_add97_f0.3_wd1.0_softmax_ce,mlp
mlp_add97_f0.3_wd1.0_softmax_ce_s0,mlp,14300,before,12594,8,1,hook_hidden,0,24.87679562349005,300.0,0.0,0.10534390601802,1.0,0.0516988345570178,mlp_add97_f0.3_wd1.0_softmax_ce,mlp
mlp_add97_f0.3_wd1.0_softmax_ce_s0,mlp,14300,before,12594,8,1,hook_hidden,1,25.609180188791623,300.0,0.0,0.0727388935637276,0.0,0.0580494183676439,mlp_add97_f0.3_wd1.0_softmax_ce,mlp
mlp_add97_f0.3_wd1.0_softmax_ce_s0,mlp,14300,before,12594,8,1,hook_hidden,2,25.49883661858923,300.0,0.0,0.0760544899735833,0.0,0.0527554439484977,mlp_add97_f0.3_wd1.0_softmax_ce,mlp
mlp_add97_f0.3_wd1.0_softmax_ce_s0,mlp,14300,before,12594,8,2,logits,0,164.1159761610739,300.0,0.0,0.0822987653106627,0.0,0.0492217491428574,mlp_add97_f0.3_wd1.0_softmax_ce,mlp
mlp_add97_f0.3_wd1.0_softmax_ce_s0,mlp,14300,before,12594,8,2,logits,1,163.2847177380025,300.0,0.0,0.0846087228692892,0.0,0.0480913876224735,mlp_add97_f0.3_wd1.0_softmax_ce,mlp
mlp_add97_f0.3_wd1.0_softmax_ce_s0,mlp,14300,before,12594,8,2,logits,2,164.1159761610739,300.0,0.0,0.0695255617340395,1.0,0.0501782593550238,mlp_add97_f0.3_wd1.0_softmax_ce,mlp
mlp_add97_f0.3_wd1.0_softmax_ce_s0,mlp,14300,before,12594,4,0,operands,0,3.6796429891985545,300.0,0.0,0.1081661665762061,0.0,0.0721911114081369,mlp_add97_f0.3_wd1.0_softmax_ce,mlp
mlp_add97_f0.3_wd1.0_softmax_ce_s0,mlp,14300,before,12594,4,0,operands,1,3.70103392991888,300.0,0.0,0.0929930548277327,0.0,0.0758148670199585,mlp_add97_f0.3_wd1.0_softmax_ce,mlp
mlp_add97_f0.3_wd1.0_softmax_ce_s0,mlp,14300,before,12594,4,0,operands,2,3.716211300228106,300.0,0.0,0.1072310955871479,0.0,0.0724211072933512,mlp_add97_f0.3_wd1.0_softmax_ce,mlp
mlp_add97_f0.3_wd1.0_softmax_ce_s0,mlp,14300,before,12594,4,1,hook_hidden,0,22.60114724177816,300.0,0.0,0.0604127286931264,0.0,0.044628869655912,mlp_add97_f0.3_wd1.0_softmax_ce,mlp
mlp_add97_f0.3_wd1.0_softmax_ce_s0,mlp,14300,before,12594,4,1,hook_hidden,1,22.500714425914524,300.0,0.0,0.0696875697224981,0.0,0.0371569809212492,mlp_add97_f0.3_wd1.0_softmax_ce,mlp
mlp_add97_f0.3_wd1.0_softmax_ce_s0,mlp,14300,before,12594,4,1,hook_hidden,2,22.64105224352566,300.0,0.0,0.067419882030475,0.0,0.0451965438208865,mlp_add97_f0.3_wd1.0_softmax_ce,mlp
mlp_add97_f0.3_wd1.0_softmax_ce_s0,mlp,14300,before,12594,4,2,logits,0,159.91933196782017,300.0,0.0,0.0636004671149691,0.0,0.0405036930332343,mlp_add97_f0.3_wd1.0_softmax_ce,mlp
mlp_add97_f0.3_wd1.0_softmax_ce_s0,mlp,14300,before,12594,4,2,logits,1,159.91933196782017,300.0,0.0,0.0534909284935402,0.0,0.043681936889203,mlp_add97_f0.3_wd1.0_softmax_ce,mlp
mlp_add97_f0.3_wd1.0_softmax_ce_s0,mlp,14300,before,12594,4,2,logits,2,159.91933196782017,300.0,0.0,0.057344070302172,0.0,0.0418078922384397,mlp_add97_f0.3_wd1.0_softmax_ce,mlp
mlp_add97_f0.3_wd1.0_softmax_ce_s0,mlp,14300,before,12594,2,0,operands,0,2.697537159909976,300.0,2.0,0.2537542255529589,1.0,0.1980771945688713,mlp_add97_f0.3_wd1.0_softmax_ce,mlp
mlp_add97_f0.3_wd1.0_softmax_ce_s0,mlp,14300,before,12594,2,0,operands,1,2.771050752612662,300.0,2.0,0.2466946645095714,1.0,0.2077216735427819,mlp_add97_f0.3_wd1.0_softmax_ce,mlp
mlp_add97_f0.3_wd1.0_softmax_ce_s0,mlp,14300,before,12594,2,0,operands,2,2.753370488648744,300.0,2.0,0.2538002025938323,1.0,0.2083850202896744,mlp_add97_f0.3_wd1.0_softmax_ce,mlp
mlp_add97_f0.3_wd1.0_softmax_ce_s0,mlp,14300,before,12594,2,1,hook_hidden,0,21.40498616952174,300.0,0.0,0.0317027355410098,0.0,0.0,mlp_add97_f0.3_wd1.0_softmax_ce,mlp
mlp_add97_f0.3_wd1.0_softmax_ce_s0,mlp,14300,before,12594,2,1,hook_hidden,1,21.40498616952174,300.0,0.0,0.0230921769978583,0.0,0.0,mlp_add97_f0.3_wd1.0_softmax_ce,mlp
mlp_add97_f0.3_wd1.0_softmax_ce_s0,mlp,14300,before,12594,2,1,hook_hidden,2,21.40498616952174,300.0,0.0,0.0286276880217294,0.0,0.0,mlp_add97_f0.3_wd1.0_softmax_ce,mlp
mlp_add97_f0.3_wd1.0_softmax_ce_s0,mlp,14300,before,12594,2,2,logits,0,155.06951226908427,300.0,0.0,0.0283210428940536,0.0,0.0,mlp_add97_f0.3_wd1.0_softmax_ce,mlp
mlp_add97_f0.3_wd1.0_softmax_ce_s0,mlp,14300,before,12594,2,2,logits,1,155.06951226908427,300.0,0.0,0.028035114973686,0.0,0.0,mlp_add97_f0.3_wd1.0_softmax_ce,mlp
mlp_add97_f0.3_wd1.0_softmax_ce_s0,mlp,14300,before,12594,2,2,logits,2,155.06951226908427,300.0,0.0,0.0319574950029693,0.0,0.0,mlp_add97_f0.3_wd1.0_softmax_ce,mlp
mlp_add97_f0.3_wd1.0_softmax_ce_s0,mlp,14300,at,14613,8,0,operands,0,4.321648011087988,300.0,0.0,0.0914909547555763,0.0,0.069043744036692,mlp_add97_f0.3_wd1.0_softmax_ce,mlp
mlp_add97_f0.3_wd1.0_softmax_ce_s0,mlp,14300,at,14613,8,0,operands,1,4.357676592055999,300.0,0.0,0.0883685973249802,0.0,0.0659316783339244,mlp_add97_f0.3_wd1.0_softmax_ce,mlp
mlp_add97_f0.3_wd1.0_softmax_ce_s0,mlp,14300,at,14613,8,0,operands,2,4.355792731261941,300.0,0.0,0.091773243257734,0.0,0.066655833044745,mlp_add97_f0.3_wd1.0_softmax_ce,mlp
mlp_add97_f0.3_wd1.0_softmax_ce_s0,mlp,14300,at,14613,8,1,hook_hidden,0,27.363749674628668,300.0,0.0,0.1095049021036531,1.0,0.0537966594808148,mlp_add97_f0.3_wd1.0_softmax_ce,mlp
mlp_add97_f0.3_wd1.0_softmax_ce_s0,mlp,14300,at,14613,8,1,hook_hidden,1,27.00913199821698,300.0,0.0,0.0978373650832722,0.0,0.0489828660736638,mlp_add97_f0.3_wd1.0_softmax_ce,mlp
mlp_add97_f0.3_wd1.0_softmax_ce_s0,mlp,14300,at,14613,8,1,hook_hidden,2,27.389632826036436,300.0,0.0,0.1027019859107726,0.0,0.0361863147811511,mlp_add97_f0.3_wd1.0_softmax_ce,mlp
mlp_add97_f0.3_wd1.0_softmax_ce_s0,mlp,14300,at,14613,8,2,logits,0,183.9106380250281,300.0,0.0,0.0956861354005801,0.0,0.0463952570714507,mlp_add97_f0.3_wd1.0_softmax_ce,mlp
mlp_add97_f0.3_wd1.0_softmax_ce_s0,mlp,14300,at,14613,8,2,logits,1,186.9210212525788,300.0,0.0,0.0920454155889046,0.0,0.0460314220402953,mlp_add97_f0.3_wd1.0_softmax_ce,mlp
mlp_add97_f0.3_wd1.0_softmax_ce_s0,mlp,14300,at,14613,8,2,logits,2,189.62677683712167,300.0,0.0,0.1187495028672983,0.0,0.0482287882443035,mlp_add97_f0.3_wd1.0_softmax_ce,mlp
mlp_add97_f0.3_wd1.0_softmax_ce_s0,mlp,14300,at,14613,4,0,operands,0,3.560025679258575,300.0,0.0,0.1309032119296838,0.0,0.0975764527997524,mlp_add97_f0.3_wd1.0_softmax_ce,mlp
mlp_add97_f0.3_wd1.0_softmax_ce_s0,mlp,14300,at,14613,4,0,operands,1,3.5792264550958914,300.0,0.0,0.1178268138945436,0.0,0.0845249631393216,mlp_add97_f0.3_wd1.0_softmax_ce,mlp
mlp_add97_f0.3_wd1.0_softmax_ce_s0,mlp,14300,at,14613,4,0,operands,2,3.5419285300354857,300.0,0.0,0.1203381142440167,0.0,0.0955079538891979,mlp_add97_f0.3_wd1.0_softmax_ce,mlp
mlp_add97_f0.3_wd1.0_softmax_ce_s0,mlp,14300,at,14613,4,1,hook_hidden,0,25.455781032657697,300.0,0.0,0.0882748355004749,0.0,0.0477857844400401,mlp_add97_f0.3_wd1.0_softmax_ce,mlp
mlp_add97_f0.3_wd1.0_softmax_ce_s0,mlp,14300,at,14613,4,1,hook_hidden,1,25.51709030626434,300.0,0.0,0.1050738082734984,0.0,0.0422659321952097,mlp_add97_f0.3_wd1.0_softmax_ce,mlp
mlp_add97_f0.3_wd1.0_softmax_ce_s0,mlp,14300,at,14613,4,1,hook_hidden,2,25.74296521884661,300.0,0.0,0.093409187654785,0.0,0.0353579036998377,mlp_add97_f0.3_wd1.0_softmax_ce,mlp
mlp_add97_f0.3_wd1.0_softmax_ce_s0,mlp,14300,at,14613,4,2,logits,0,183.15377658794415,300.0,0.0,0.0742014446219482,0.0,0.0467368571390549,mlp_add97_f0.3_wd1.0_softmax_ce,mlp
mlp_add97_f0.3_wd1.0_softmax_ce_s0,mlp,14300,at,14613,4,2,logits,1,175.51078871976617,300.0,0.0,0.0926030172650694,1.0,0.0535666854901644,mlp_add97_f0.3_wd1.0_softmax_ce,mlp
mlp_add97_f0.3_wd1.0_softmax_ce_s0,mlp,14300,at,14613,4,2,logits,2,179.55580018562276,300.0,0.0,0.0660497690877413,0.0,0.0434982113196146,mlp_add97_f0.3_wd1.0_softmax_ce,mlp
mlp_add97_f0.3_wd1.0_softmax_ce_s0,mlp,14300,at,14613,2,0,operands,0,2.622435825502247,300.0,2.0,0.416612137683233,1.0,0.3550458856043609,mlp_add97_f0.3_wd1.0_softmax_ce,mlp
mlp_add97_f0.3_wd1.0_softmax_ce_s0,mlp,14300,at,14613,2,0,operands,1,2.6207761555110447,300.0,2.0,0.414486199234754,1.0,0.356410771736651,mlp_add97_f0.3_wd1.0_softmax_ce,mlp
mlp_add97_f0.3_wd1.0_softmax_ce_s0,mlp,14300,at,14613,2,0,operands,2,2.6231717799682053,300.0,2.0,0.4179123218083595,1.0,0.354741863963224,mlp_add97_f0.3_wd1.0_softmax_ce,mlp
mlp_add97_f0.3_wd1.0_softmax_ce_s0,mlp,14300,at,14613,2,1,hook_hidden,0,25.23282463923044,300.0,0.0,0.0297826635143244,0.0,0.0066350330603237,mlp_add97_f0.3_wd1.0_softmax_ce,mlp
mlp_add97_f0.3_wd1.0_softmax_ce_s0,mlp,14300,at,14613,2,1,hook_hidden,1,25.23282463923044,300.0,0.0,0.0286777648212754,0.0,0.0,mlp_add97_f0.3_wd1.0_softmax_ce,mlp
mlp_add97_f0.3_wd1.0_softmax_ce_s0,mlp,14300,at,14613,2,1,hook_hidden,2,25.23282463923044,300.0,0.0,0.0282636167863244,0.0,0.0,mlp_add97_f0.3_wd1.0_softmax_ce,mlp
mlp_add97_f0.3_wd1.0_softmax_ce_s0,mlp,14300,at,14613,2,2,logits,0,180.63744534367635,300.0,0.0,0.0253065498766042,0.0,0.0002513831087972,mlp_add97_f0.3_wd1.0_softmax_ce,mlp
mlp_add97_f0.3_wd1.0_softmax_ce_s0,mlp,14300,at,14613,2,2,logits,1,180.63744534367635,300.0,0.0,0.0247132825721463,0.0,0.0,mlp_add97_f0.3_wd1.0_softmax_ce,mlp
mlp_add97_f0.3_wd1.0_softmax_ce_s0,mlp,14300,at,14613,2,2,logits,2,180.63744534367635,300.0,0.0,0.0263139406936958,0.0,0.0,mlp_add97_f0.3_wd1.0_softmax_ce,mlp
mlp_add97_f0.3_wd1.0_softmax_ce_s0,mlp,14300,after,60000,8,0,operands,0,4.6188837728639385,300.0,0.0,0.0816736582244948,0.0,0.063081548066146,mlp_add97_f0.3_wd1.0_softmax_ce,mlp
mlp_add97_f0.3_wd1.0_softmax_ce_s0,mlp,14300,after,60000,8,0,operands,1,4.632510700205637,300.0,0.0,0.0792318306073279,0.0,0.0621802452690517,mlp_add97_f0.3_wd1.0_softmax_ce,mlp
mlp_add97_f0.3_wd1.0_softmax_ce_s0,mlp,14300,after,60000,8,0,operands,2,4.613522557121845,300.0,0.0,0.0799115119605132,0.0,0.0580920939418173,mlp_add97_f0.3_wd1.0_softmax_ce,mlp
mlp_add97_f0.3_wd1.0_softmax_ce_s0,mlp,14300,after,60000,8,1,hook_hidden,0,33.28004367543669,300.0,1.0,0.2075519554529065,0.0,0.0441711102854464,mlp_add97_f0.3_wd1.0_softmax_ce,mlp
mlp_add97_f0.3_wd1.0_softmax_ce_s0,mlp,14300,after,60000,8,1,hook_hidden,1,33.48984366275523,300.0,1.0,0.1989912686595344,1.0,0.0590494030034144,mlp_add97_f0.3_wd1.0_softmax_ce,mlp
mlp_add97_f0.3_wd1.0_softmax_ce_s0,mlp,14300,after,60000,8,1,hook_hidden,2,32.8889947326102,300.0,1.0,0.2213960688012525,1.0,0.0580230114999575,mlp_add97_f0.3_wd1.0_softmax_ce,mlp
mlp_add97_f0.3_wd1.0_softmax_ce_s0,mlp,14300,after,60000,8,2,logits,0,246.6038026057005,300.0,1.0,0.2217834039456048,0.0,0.0299999193000079,mlp_add97_f0.3_wd1.0_softmax_ce,mlp
mlp_add97_f0.3_wd1.0_softmax_ce_s0,mlp,14300,after,60000,8,2,logits,1,246.7394511432465,300.0,1.0,0.2198324604593401,0.0,0.0381245471301756,mlp_add97_f0.3_wd1.0_softmax_ce,mlp
mlp_add97_f0.3_wd1.0_softmax_ce_s0,mlp,14300,after,60000,8,2,logits,2,247.19218576500413,300.0,1.0,0.2246101173178225,0.0,0.0342455211257127,mlp_add97_f0.3_wd1.0_softmax_ce,mlp
mlp_add97_f0.3_wd1.0_softmax_ce_s0,mlp,14300,after,60000,4,0,operands,0,3.7624777131154983,300.0,0.0,0.1736206060835119,0.0,0.1238616410020729,mlp_add97_f0.3_wd1.0_softmax_ce,mlp
mlp_add97_f0.3_wd1.0_softmax_ce_s0,mlp,14300,after,60000,4,0,operands,1,3.77157355241466,300.0,0.0,0.1705444405498736,0.0,0.1164438854377795,mlp_add97_f0.3_wd1.0_softmax_ce,mlp
mlp_add97_f0.3_wd1.0_softmax_ce_s0,mlp,14300,after,60000,4,0,operands,2,3.7573197892229073,300.0,0.0,0.1717165665537726,0.0,0.1283421969192817,mlp_add97_f0.3_wd1.0_softmax_ce,mlp
mlp_add97_f0.3_wd1.0_softmax_ce_s0,mlp,14300,after,60000,4,1,hook_hidden,0,30.9750767118694,300.0,1.0,0.3703689177463583,0.0,0.0438647072879276,mlp_add97_f0.3_wd1.0_softmax_ce,mlp
mlp_add97_f0.3_wd1.0_softmax_ce_s0,mlp,14300,after,60000,4,1,hook_hidden,1,31.49122631762921,300.0,1.0,0.366838299756832,0.0,0.049675926699113,mlp_add97_f0.3_wd1.0_softmax_ce,mlp
mlp_add97_f0.3_wd1.0_softmax_ce_s0,mlp,14300,after,60000,4,1,hook_hidden,2,31.544440289594156,300.0,1.0,0.3677367203971748,1.0,0.0512424242894383,mlp_add97_f0.3_wd1.0_softmax_ce,mlp
mlp_add97_f0.3_wd1.0_softmax_ce_s0,mlp,14300,after,60000,4,2,logits,0,237.46606330818855,300.0,1.0,0.3214535160580177,0.0,0.0332650746570509,mlp_add97_f0.3_wd1.0_softmax_ce,mlp
mlp_add97_f0.3_wd1.0_softmax_ce_s0,mlp,14300,after,60000,4,2,logits,1,235.19127312619065,300.0,1.0,0.3231867373967015,0.0,0.0356128178706502,mlp_add97_f0.3_wd1.0_softmax_ce,mlp
mlp_add97_f0.3_wd1.0_softmax_ce_s0,mlp,14300,after,60000,4,2,logits,2,237.46606330818855,300.0,1.0,0.3183615793354595,0.0,0.0425727400909994,mlp_add97_f0.3_wd1.0_softmax_ce,mlp
mlp_add97_f0.3_wd1.0_softmax_ce_s0,mlp,14300,after,60000,2,0,operands,0,2.943389154897257,300.0,2.0,0.4763115050388786,1.0,0.4255473639783191,mlp_add97_f0.3_wd1.0_softmax_ce,mlp
mlp_add97_f0.3_wd1.0_softmax_ce_s0,mlp,14300,after,60000,2,0,operands,1,2.941417761783208,300.0,2.0,0.4788230606663866,1.0,0.4255027379950039,mlp_add97_f0.3_wd1.0_softmax_ce,mlp
mlp_add97_f0.3_wd1.0_softmax_ce_s0,mlp,14300,after,60000,2,0,operands,2,2.940439434826239,300.0,2.0,0.4834501773109448,1.0,0.4236858795050072,mlp_add97_f0.3_wd1.0_softmax_ce,mlp
mlp_add97_f0.3_wd1.0_softmax_ce_s0,mlp,14300,after,60000,2,1,hook_hidden,0,28.033581210708103,300.0,1.0,0.5175565333237088,0.0,0.0004782390604778,mlp_add97_f0.3_wd1.0_softmax_ce,mlp
mlp_add97_f0.3_wd1.0_softmax_ce_s0,mlp,14300,after,60000,2,1,hook_hidden,1,28.033581210708103,300.0,1.0,0.5203688455381604,0.0,0.0003232485099346,mlp_add97_f0.3_wd1.0_softmax_ce,mlp
mlp_add97_f0.3_wd1.0_softmax_ce_s0,mlp,14300,after,60000,2,1,hook_hidden,2,28.033581210708103,300.0,1.0,0.5180844762650587,0.0,0.0,mlp_add97_f0.3_wd1.0_softmax_ce,mlp
mlp_add97_f0.3_wd1.0_softmax_ce_s0,mlp,14300,after,60000,2,2,logits,0,224.13602598823584,300.0,1.0,0.4303476766491668,0.0,0.0,mlp_add97_f0.3_wd1.0_softmax_ce,mlp
mlp_add97_f0.3_wd1.0_softmax_ce_s0,mlp,14300,after,60000,2,2,logits,1,224.13602598823584,300.0,1.0,0.4396161925184553,0.0,4.3161612342197777e-05,mlp_add97_f0.3_wd1.0_softmax_ce,mlp
mlp_add97_f0.3_wd1.0_softmax_ce_s0,mlp,14300,after,60000,2,2,logits,2,224.13602598823584,300.0,1.0,0.431498248054517,0.0,0.0,mlp_add97_f0.3_wd1.0_softmax_ce,mlp
mlp_add97_f0.3_wd1.0_softmax_ce_s1,mlp,13200,init,0,8,0,operands,0,19.912694992959693,300.0,0.0,0.1075933328754689,0.0,0.0554534692619339,mlp_add97_f0.3_wd1.0_softmax_ce,mlp
mlp_add97_f0.3_wd1.0_softmax_ce_s1,mlp,13200,init,0,8,0,operands,1,20.150354719997257,300.0,0.0,0.0999089488925865,0.0,0.0464539123907444,mlp_add97_f0.3_wd1.0_softmax_ce,mlp
mlp_add97_f0.3_wd1.0_softmax_ce_s1,mlp,13200,init,0,8,0,operands,2,20.016320013235912,300.0,0.0,0.105007935662647,0.0,0.0518577370765183,mlp_add97_f0.3_wd1.0_softmax_ce,mlp
mlp_add97_f0.3_wd1.0_softmax_ce_s1,mlp,13200,init,0,8,1,hook_hidden,0,3.270334095267028,300.0,0.0,0.0715282909448917,0.0,0.0480752751189764,mlp_add97_f0.3_wd1.0_softmax_ce,mlp
mlp_add97_f0.3_wd1.0_softmax_ce_s1,mlp,13200,init,0,8,1,hook_hidden,1,3.270334095267028,300.0,0.0,0.0687349412729326,0.0,0.0488237928804563,mlp_add97_f0.3_wd1.0_softmax_ce,mlp
mlp_add97_f0.3_wd1.0_softmax_ce_s1,mlp,13200,init,0,8,1,hook_hidden,2,3.270334095267028,300.0,0.0,0.0598346169150894,1.0,0.0553979327581458,mlp_add97_f0.3_wd1.0_softmax_ce,mlp
mlp_add97_f0.3_wd1.0_softmax_ce_s1,mlp,13200,init,0,8,2,logits,0,1.3125024777321157,300.0,0.0,0.0850217440329563,0.0,0.0541605381092065,mlp_add97_f0.3_wd1.0_softmax_ce,mlp
mlp_add97_f0.3_wd1.0_softmax_ce_s1,mlp,13200,init,0,8,2,logits,1,1.3563225361371998,300.0,0.0,0.0817955895390491,0.0,0.056737730701579,mlp_add97_f0.3_wd1.0_softmax_ce,mlp
mlp_add97_f0.3_wd1.0_softmax_ce_s1,mlp,13200,init,0,8,2,logits,2,1.3563225361371998,300.0,0.0,0.075652431647889,0.0,0.0657839025324995,mlp_add97_f0.3_wd1.0_softmax_ce,mlp
mlp_add97_f0.3_wd1.0_softmax_ce_s1,mlp,13200,init,0,4,0,operands,0,18.287304938418888,300.0,0.0,0.1067551939632824,0.0,0.0607551385232731,mlp_add97_f0.3_wd1.0_softmax_ce,mlp
mlp_add97_f0.3_wd1.0_softmax_ce_s1,mlp,13200,init,0,4,0,operands,1,18.287304938418888,300.0,0.0,0.0911244681595248,0.0,0.0618143215066922,mlp_add97_f0.3_wd1.0_softmax_ce,mlp
mlp_add97_f0.3_wd1.0_softmax_ce_s1,mlp,13200,init,0,4,0,operands,2,18.287304938418888,300.0,0.0,0.1101746906475478,0.0,0.0593278841729762,mlp_add97_f0.3_wd1.0_softmax_ce,mlp
mlp_add97_f0.3_wd1.0_softmax_ce_s1,mlp,13200,init,0,4,1,hook_hidden,0,2.869311804485564,300.0,0.0,0.0692387476804942,0.0,0.04445722093329,mlp_add97_f0.3_wd1.0_softmax_ce,mlp
mlp_add97_f0.3_wd1.0_softmax_ce_s1,mlp,13200,init,0,4,1,hook_hidden,1,2.9242788610039665,300.0,0.0,0.0584701067882919,0.0,0.0396668588526581,mlp_add97_f0.3_wd1.0_softmax_ce,mlp
mlp_add97_f0.3_wd1.0_softmax_ce_s1,mlp,13200,init,0,4,1,hook_hidden,2,2.9512395411267667,300.0,0.0,0.0673587989625498,0.0,0.0440673216684265,mlp_add97_f0.3_wd1.0_softmax_ce,mlp
mlp_add97_f0.3_wd1.0_softmax_ce_s1,mlp,13200,init,0,4,2,logits,0,1.2064310181847748,300.0,0.0,0.0671940113251345,0.0,0.0477835740294321,mlp_add97_f0.3_wd1.0_softmax_ce,mlp
mlp_add97_f0.3_wd1.0_softmax_ce_s1,mlp,13200,init,0,4,2,logits,1,1.2213603096106125,300.0,0.0,0.0597081749947915,0.0,0.0389265896486415,mlp_add97_f0.3_wd1.0_softmax_ce,mlp
mlp_add97_f0.3_wd1.0_softmax_ce_s1,mlp,13200,init,0,4,2,logits,2,1.2213603096106125,300.0,0.0,0.0679116320705863,0.0,0.0430382554636035,mlp_add97_f0.3_wd1.0_softmax_ce,mlp
mlp_add97_f0.3_wd1.0_softmax_ce_s1,mlp,13200,init,0,2,0,operands,0,17.49561036663066,300.0,0.0,0.0643355030377913,0.0,0.0464578540907395,mlp_add97_f0.3_wd1.0_softmax_ce,mlp
mlp_add97_f0.3_wd1.0_softmax_ce_s1,mlp,13200,init,0,2,0,operands,1,17.49561036663066,300.0,0.0,0.0618005185478405,0.0,0.0346053278037192,mlp_add97_f0.3_wd1.0_softmax_ce,mlp
mlp_add97_f0.3_wd1.0_softmax_ce_s1,mlp,13200,init,0,2,0,operands,2,17.49561036663066,300.0,0.0,0.0605149155719454,0.0,0.0379985756074802,mlp_add97_f0.3_wd1.0_softmax_ce,mlp
mlp_add97_f0.3_wd1.0_softmax_ce_s1,mlp,13200,init,0,2,1,hook_hidden,0,2.7023772991668777,300.0,0.0,0.0345214953851317,0.0,0.0,mlp_add97_f0.3_wd1.0_softmax_ce,mlp
mlp_add97_f0.3_wd1.0_softmax_ce_s1,mlp,13200,init,0,2,1,hook_hidden,1,2.7023772991668777,300.0,0.0,0.0448560756571217,0.0,0.0,mlp_add97_f0.3_wd1.0_softmax_ce,mlp
mlp_add97_f0.3_wd1.0_softmax_ce_s1,mlp,13200,init,0,2,1,hook_hidden,2,2.7023772991668777,300.0,0.0,0.0279726766844676,0.0,0.0,mlp_add97_f0.3_wd1.0_softmax_ce,mlp
mlp_add97_f0.3_wd1.0_softmax_ce_s1,mlp,13200,init,0,2,2,logits,0,1.1842160683219756,300.0,0.0,0.0273885339237909,0.0,0.0,mlp_add97_f0.3_wd1.0_softmax_ce,mlp
mlp_add97_f0.3_wd1.0_softmax_ce_s1,mlp,13200,init,0,2,2,logits,1,1.1842160683219756,300.0,0.0,0.0300578623003484,0.0,0.0,mlp_add97_f0.3_wd1.0_softmax_ce,mlp
mlp_add97_f0.3_wd1.0_softmax_ce_s1,mlp,13200,init,0,2,2,logits,2,1.1842160683219756,300.0,0.0,0.0314683477950766,0.0,0.0,mlp_add97_f0.3_wd1.0_softmax_ce,mlp
mlp_add97_f0.3_wd1.0_softmax_ce_s1,mlp,13200,before,11692,8,0,operands,0,4.74295839939573,300.0,0.0,0.1036943924457847,0.0,0.073464682278027,mlp_add97_f0.3_wd1.0_softmax_ce,mlp
mlp_add97_f0.3_wd1.0_softmax_ce_s1,mlp,13200,before,11692,8,0,operands,1,4.68771278459488,300.0,0.0,0.0844998466644239,0.0,0.0619590607998835,mlp_add97_f0.3_wd1.0_softmax_ce,mlp
mlp_add97_f0.3_wd1.0_softmax_ce_s1,mlp,13200,before,11692,8,0,operands,2,4.715569445979559,300.0,0.0,0.0917034196116779,0.0,0.0605206702265155,mlp_add97_f0.3_wd1.0_softmax_ce,mlp
mlp_add97_f0.3_wd1.0_softmax_ce_s1,mlp,13200,before,11692,8,1,hook_hidden,0,29.40169961059672,300.0,0.0,0.0741041252819293,1.0,0.0504611809903298,mlp_add97_f0.3_wd1.0_softmax_ce,mlp
mlp_add97_f0.3_wd1.0_softmax_ce_s1,mlp,13200,before,11692,8,1,hook_hidden,1,28.38719425322701,300.0,0.0,0.0804762981150681,0.0,0.0607384622549077,mlp_add97_f0.3_wd1.0_softmax_ce,mlp
mlp_add97_f0.3_wd1.0_softmax_ce_s1,mlp,13200,before,11692,8,1,hook_hidden,2,29.40169961059672,300.0,0.0,0.0976604329459576,0.0,0.0602903999343154,mlp_add97_f0.3_wd1.0_softmax_ce,mlp
mlp_add97_f0.3_wd1.0_softmax_ce_s1,mlp,13200,before,11692,8,2,logits,0,201.28941071698745,300.0,0.0,0.064863858868483,1.0,0.0500296670542001,mlp_add97_f0.3_wd1.0_softmax_ce,mlp
mlp_add97_f0.3_wd1.0_softmax_ce_s1,mlp,13200,before,11692,8,2,logits,1,197.48838929435385,300.0,0.0,0.0703945161487651,0.0,0.0515032564818554,mlp_add97_f0.3_wd1.0_softmax_ce,mlp
mlp_add97_f0.3_wd1.0_softmax_ce_s1,mlp,13200,before,11692,8,2,logits,2,200.4689506828689,300.0,0.0,0.0709967077174067,1.0,0.0506011480124787,mlp_add97_f0.3_wd1.0_softmax_ce,mlp
mlp_add97_f0.3_wd1.0_softmax_ce_s1,mlp,13200,before,11692,4,0,operands,0,3.770182811957108,300.0,0.0,0.118676673981145,0.0,0.0869804924970881,mlp_add97_f0.3_wd1.0_softmax_ce,mlp
mlp_add97_f0.3_wd1.0_softmax_ce_s1,mlp,13200,before,11692,4,0,operands,1,3.81469364815323,300.0,0.0,0.1141517957499789,0.0,0.083444391630193,mlp_add97_f0.3_wd1.0_softmax_ce,mlp
mlp_add97_f0.3_wd1.0_softmax_ce_s1,mlp,13200,before,11692,4,0,operands,2,3.761251078632199,300.0,0.0,0.1103021172904106,0.0,0.0848103055328804,mlp_add97_f0.3_wd1.0_softmax_ce,mlp
mlp_add97_f0.3_wd1.0_softmax_ce_s1,mlp,13200,before,11692,4,1,hook_hidden,0,28.974941160867957,300.0,0.0,0.0650697339373731,0.0,0.0475643850658708,mlp_add97_f0.3_wd1.0_softmax_ce,mlp
mlp_add97_f0.3_wd1.0_softmax_ce_s1,mlp,13200,before,11692,4,1,hook_hidden,1,28.974941160867957,300.0,0.0,0.0687276871580942,0.0,0.0409887255879705,mlp_add97_f0.3_wd1.0_softmax_ce,mlp
mlp_add97_f0.3_wd1.0_softmax_ce_s1,mlp,13200,before,11692,4,1,hook_hidden,2,27.97236080224224,300.0,0.0,0.070989043038468,0.0,0.0458664823665761,mlp_add97_f0.3_wd1.0_softmax_ce,mlp
mlp_add97_f0.3_wd1.0_softmax_ce_s1,mlp,13200,before,11692,4,2,logits,0,203.88337788219104,300.0,0.0,0.0603540669565976,1.0,0.0513997616981256,mlp_add97_f0.3_wd1.0_softmax_ce,mlp
mlp_add97_f0.3_wd1.0_softmax_ce_s1,mlp,13200,before,11692,4,2,logits,1,201.67546868218096,300.0,0.0,0.0847303152853054,0.0,0.0443409127727218,mlp_add97_f0.3_wd1.0_softmax_ce,mlp
mlp_add97_f0.3_wd1.0_softmax_ce_s1,mlp,13200,before,11692,4,2,logits,2,201.32290358506825,300.0,0.0,0.0584630115486653,0.0,0.0391209449594326,mlp_add97_f0.3_wd1.0_softmax_ce,mlp
mlp_add97_f0.3_wd1.0_softmax_ce_s1,mlp,13200,before,11692,2,0,operands,0,2.9017478565689574,300.0,2.0,0.3432870813943088,1.0,0.3003873576563185,mlp_add97_f0.3_wd1.0_softmax_ce,mlp
mlp_add97_f0.3_wd1.0_softmax_ce_s1,mlp,13200,before,11692,2,0,operands,1,2.9481232655581877,300.0,2.0,0.3414585589076379,1.0,0.3020374060540055,mlp_add97_f0.3_wd1.0_softmax_ce,mlp
mlp_add97_f0.3_wd1.0_softmax_ce_s1,mlp,13200,before,11692,2,0,operands,2,2.924902545368427,300.0,2.0,0.3439995355122632,1.0,0.304327185953694,mlp_add97_f0.3_wd1.0_softmax_ce,mlp
mlp_add97_f0.3_wd1.0_softmax_ce_s1,mlp,13200,before,11692,2,1,hook_hidden,0,26.003032781788,300.0,1.0,0.0625948059419543,0.0,0.0,mlp_add97_f0.3_wd1.0_softmax_ce,mlp
mlp_add97_f0.3_wd1.0_softmax_ce_s1,mlp,13200,before,11692,2,1,hook_hidden,1,26.003032781788,300.0,1.0,0.0688394888874277,0.0,0.0,mlp_add97_f0.3_wd1.0_softmax_ce,mlp
mlp_add97_f0.3_wd1.0_softmax_ce_s1,mlp,13200,before,11692,2,1,hook_hidden,2,25.7496952575134,300.0,1.0,0.0973248796460298,0.0,0.0,mlp_add97_f0.3_wd1.0_softmax_ce,mlp
mlp_add97_f0.3_wd1.0_softmax_ce_s1,mlp,13200,before,11692,2,2,logits,0,186.84121566538272,300.0,0.0,0.0319850709094245,0.0,7.444981306487406e-05,mlp_add97_f0.3_wd1.0_softmax_ce,mlp
mlp_add97_f0.3_wd1.0_softmax_ce_s1,mlp,13200,before,11692,2,2,logits,1,189.10821816205697,300.0,1.0,0.0561685626427572,0.0,0.0,mlp_add97_f0.3_wd1.0_softmax_ce,mlp
mlp_add97_f0.3_wd1.0_softmax_ce_s1,mlp,13200,before,11692,2,2,logits,2,187.4701440189249,300.0,1.0,0.0507298999211685,0.0,0.0,mlp_add97_f0.3_wd1.0_softmax_ce,mlp
mlp_add97_f0.3_wd1.0_softmax_ce_s1,mlp,13200,at,13566,8,0,operands,0,4.710291006928709,300.0,0.0,0.0901312832276619,0.0,0.0616873756409619,mlp_add97_f0.3_wd1.0_softmax_ce,mlp
mlp_add97_f0.3_wd1.0_softmax_ce_s1,mlp,13200,at,13566,8,0,operands,1,4.719890728537884,300.0,0.0,0.0784220807749383,0.0,0.0652889540177907,mlp_add97_f0.3_wd1.0_softmax_ce,mlp
mlp_add97_f0.3_wd1.0_softmax_ce_s1,mlp,13200,at,13566,8,0,operands,2,4.704079838548069,300.0,0.0,0.083783144436823,0.0,0.0683782408013413,mlp_add97_f0.3_wd1.0_softmax_ce,mlp
mlp_add97_f0.3_wd1.0_softmax_ce_s1,mlp,13200,at,13566,8,1,hook_hidden,0,35.35857286036141,300.0,0.0,0.1099332023832282,0.0,0.0604876435613102,mlp_add97_f0.3_wd1.0_softmax_ce,mlp
mlp_add97_f0.3_wd1.0_softmax_ce_s1,mlp,13200,at,13566,8,1,hook_hidden,1,35.06979574509411,300.0,0.0,0.1006123833711384,0.0,0.0462666898294827,mlp_add97_f0.3_wd1.0_softmax_ce,mlp
mlp_add97_f0.3_wd1.0_softmax_ce_s1,mlp,13200,at,13566,8,1,hook_hidden,2,34.27285082900188,300.0,0.0,0.0978951656172678,0.0,0.0495435866334987,mlp_add97_f0.3_wd1.0_softmax_ce,mlp
mlp_add97_f0.3_wd1.0_softmax_ce_s1,mlp,13200,at,13566,8,2,logits,0,276.4562996591233,300.0,0.0,0.0990811953634654,0.0,0.0488243630223586,mlp_add97_f0.3_wd1.0_softmax_ce,mlp
mlp_add97_f0.3_wd1.0_softmax_ce_s1,mlp,13200,at,13566,8,2,logits,1,272.5113384977898,300.0,0.0,0.0991405007289178,0.0,0.0595138564618854,mlp_add97_f0.3_wd1.0_softmax_ce,mlp
mlp_add97_f0.3_wd1.0_softmax_ce_s1,mlp,13200,at,13566,8,2,logits,2,276.4562996591233,300.0,0.0,0.0964976920397081,1.0,0.0507046644212891,mlp_add97_f0.3_wd1.0_softmax_ce,mlp
mlp_add97_f0.3_wd1.0_softmax_ce_s1,mlp,13200,at,13566,4,0,operands,0,4.00386289221576,300.0,0.0,0.1192217678854668,0.0,0.0806538602423816,mlp_add97_f0.3_wd1.0_softmax_ce,mlp
mlp_add97_f0.3_wd1.0_softmax_ce_s1,mlp,13200,at,13566,4,0,operands,1,4.04255331823387,300.0,0.0,0.1215439231310044,0.0,0.0822895664214578,mlp_add97_f0.3_wd1.0_softmax_ce,mlp
mlp_add97_f0.3_wd1.0_softmax_ce_s1,mlp,13200,at,13566,4,0,operands,2,3.9744639359844256,300.0,0.0,0.123953501321493,0.0,0.0886630322996897,mlp_add97_f0.3_wd1.0_softmax_ce,mlp
mlp_add97_f0.3_wd1.0_softmax_ce_s1,mlp,13200,at,13566,4,1,hook_hidden,0,33.2971435015485,300.0,0.0,0.152390266619439,0.0,0.0548874050808823,mlp_add97_f0.3_wd1.0_softmax_ce,mlp
mlp_add97_f0.3_wd1.0_softmax_ce_s1,mlp,13200,at,13566,4,1,hook_hidden,1,32.618057705265564,300.0,0.0,0.1641939756291913,0.0,0.0963154096435818,mlp_add97_f0.3_wd1.0_softmax_ce,mlp
mlp_add97_f0.3_wd1.0_softmax_ce_s1,mlp,13200,at,13566,4,1,hook_hidden,2,31.980524673129025,300.0,0.0,0.1619522954876873,0.0,0.0856618383905272,mlp_add97_f0.3_wd1.0_softmax_ce,mlp
mlp_add97_f0.3_wd1.0_softmax_ce_s1,mlp,13200,at,13566,4,2,logits,0,264.53493984971715,300.0,0.0,0.1197361836673877,0.0,0.0825112853989038,mlp_add97_f0.3_wd1.0_softmax_ce,mlp
mlp_add97_f0.3_wd1.0_softmax_ce_s1,mlp,13200,at,13566,4,2,logits,1,264.53493984971715,300.0,0.0,0.1167756629748282,0.0,0.0656952636836026,mlp_add97_f0.3_wd1.0_softmax_ce,mlp
mlp_add97_f0.3_wd1.0_softmax_ce_s1,mlp,13200,at,13566,4,2,logits,2,259.0868371171364,300.0,0.0,0.1188710781830203,0.0,0.0634822904370439,mlp_add97_f0.3_wd1.0_softmax_ce,mlp
mlp_add97_f0.3_wd1.0_softmax_ce_s1,mlp,13200,at,13566,2,0,operands,0,3.3516273695671885,300.0,2.0,0.2639786994394609,1.0,0.219525318703237,mlp_add97_f0.3_wd1.0_softmax_ce,mlp
mlp_add97_f0.3_wd1.0_softmax_ce_s1,mlp,13200,at,13566,2,0,operands,1,3.290870660015639,300.0,2.0,0.2710415477818058,1.0,0.2078959139678374,mlp_add97_f0.3_wd1.0_softmax_ce,mlp
mlp_add97_f0.3_wd1.0_softmax_ce_s1,mlp,13200,at,13566,2,0,operands,2,3.3339321463024536,300.0,2.0,0.2647474271822279,1.0,0.1938457050149422,mlp_add97_f0.3_wd1.0_softmax_ce,mlp
mlp_add97_f0.3_wd1.0_softmax_ce_s1,mlp,13200,at,13566,2,1,hook_hidden,0,32.91608916914954,300.0,0.0,0.0309949288857467,0.0,0.0,mlp_add97_f0.3_wd1.0_softmax_ce,mlp
mlp_add97_f0.3_wd1.0_softmax_ce_s1,mlp,13200,at,13566,2,1,hook_hidden,1,32.91608916914954,300.0,0.0,0.0346063818406441,0.0,0.0,mlp_add97_f0.3_wd1.0_softmax_ce,mlp
mlp_add97_f0.3_wd1.0_softmax_ce_s1,mlp,13200,at,13566,2,1,hook_hidden,2,32.91608916914954,300.0,0.0,0.036530580286752,0.0,0.0,mlp_add97_f0.3_wd1.0_softmax_ce,mlp
mlp_add97_f0.3_wd1.0_softmax_ce_s1,mlp,13200,at,13566,2,2,logits,0,254.96818286100807,300.0,0.0,0.0308994962290685,0.0,0.0,mlp_add97_f0.3_wd1.0_softmax_ce,mlp
mlp_add97_f0.3_wd1.0_softmax_ce_s1,mlp,13200,at,13566,2,2,logits,1,256.12571934758927,300.0,0.0,0.0308964514561417,0.0,0.0,mlp_add97_f0.3_wd1.0_softmax_ce,mlp
mlp_add97_f0.3_wd1.0_softmax_ce_s1,mlp,13200,at,13566,2,2,logits,2,256.12571934758927,300.0,0.0,0.0299095218579445,0.0,0.0,mlp_add97_f0.3_wd1.0_softmax_ce,mlp
mlp_add97_f0.3_wd1.0_softmax_ce_s1,mlp,13200,after,60000,8,0,operands,0,5.136856129447183,300.0,0.0,0.0788367011780287,0.0,0.0688922283229521,mlp_add97_f0.3_wd1.0_softmax_ce,mlp
mlp_add97_f0.3_wd1.0_softmax_ce_s1,mlp,13200,after,60000,8,0,operands,1,5.126884476660336,300.0,0.0,0.0908412460985018,0.0,0.0689171709197938,mlp_add97_f0.3_wd1.0_softmax_ce,mlp
mlp_add97_f0.3_wd1.0_softmax_ce_s1,mlp,13200,after,60000,8,0,operands,2,5.140030604990412,300.0,0.0,0.0828621157073392,0.0,0.0636154498524633,mlp_add97_f0.3_wd1.0_softmax_ce,mlp
mlp_add97_f0.3_wd1.0_softmax_ce_s1,mlp,13200,after,60000,8,1,hook_hidden,0,36.26510048159434,300.0,1.0,0.2288919310621361,0.0,0.0771418745201159,mlp_add97_f0.3_wd1.0_softmax_ce,mlp
mlp_add97_f0.3_wd1.0_softmax_ce_s1,mlp,13200,after,60000,8,1,hook_hidden,1,36.50587751863139,300.0,1.0,0.2247209689794946,0.0,0.0768268667273717,mlp_add97_f0.3_wd1.0_softmax_ce,mlp
mlp_add97_f0.3_wd1.0_softmax_ce_s1,mlp,13200,after,60000,8,1,hook_hidden,2,36.463428928500186,300.0,1.0,0.2271303645232228,0.0,0.0720757243349552,mlp_add97_f0.3_wd1.0_softmax_ce,mlp
mlp_add97_f0.3_wd1.0_softmax_ce_s1,mlp,13200,after,60000,8,2,logits,0,260.16093007481606,300.0,1.0,0.3087304281769598,0.0,0.0491502102672629,mlp_add97_f0.3_wd1.0_softmax_ce,mlp
mlp_add97_f0.3_wd1.0_softmax_ce_s1,mlp,13200,after,60000,8,2,logits,1,261.9895010732002,300.0,1.0,0.3037821948608047,0.0,0.0405455376817574,mlp_add97_f0.3_wd1.0_softmax_ce,mlp
mlp_add97_f0.3_wd1.0_softmax_ce_s1,mlp,13200,after,60000,8,2,logits,2,260.18278027854774,300.0,1.0,0.3083258209865158,0.0,0.0498193435440436,mlp_add97_f0.3_wd1.0_softmax_ce,mlp
mlp_add97_f0.3_wd1.0_softmax_ce_s1,mlp,13200,after,60000,4,0,operands,0,4.093641113684653,300.0,0.0,0.1778315895661443,0.0,0.1113205445471391,mlp_add97_f0.3_wd1.0_softmax_ce,mlp
mlp_add97_f0.3_wd1.0_softmax_ce_s1,mlp,13200,after,60000,4,0,operands,1,4.085025526923137,300.0,0.0,0.1773179388676836,0.0,0.111089056588906,mlp_add97_f0.3_wd1.0_softmax_ce,mlp
mlp_add97_f0.3_wd1.0_softmax_ce_s1,mlp,13200,after,60000,4,0,operands,2,4.079467317187641,300.0,0.0,0.1767179153195241,0.0,0.118672476214507,mlp_add97_f0.3_wd1.0_softmax_ce,mlp
mlp_add97_f0.3_wd1.0_softmax_ce_s1,mlp,13200,after,60000,4,1,hook_hidden,0,35.12347030589773,300.0,1.0,0.4055613866154743,0.0,0.0274040508911556,mlp_add97_f0.3_wd1.0_softmax_ce,mlp
mlp_add97_f0.3_wd1.0_softmax_ce_s1,mlp,13200,after,60000,4,1,hook_hidden,1,35.1927697625854,300.0,1.0,0.4049021749870955,0.0,0.0242898180301664,mlp_add97_f0.3_wd1.0_softmax_ce,mlp
mlp_add97_f0.3_wd1.0_softmax_ce_s1,mlp,13200,after,60000,4,1,hook_hidden,2,35.22681246715398,300.0,1.0,0.3987812670995401,0.0,0.0234242306480043,mlp_add97_f0.3_wd1.0_softmax_ce,mlp
mlp_add97_f0.3_wd1.0_softmax_ce_s1,mlp,13200,after,60000,4,2,logits,0,241.84751480913928,300.0,1.0,0.4943661072613318,1.0,0.063859051205134,mlp_add97_f0.3_wd1.0_softmax_ce,mlp
mlp_add97_f0.3_wd1.0_softmax_ce_s1,mlp,13200,after,60000,4,2,logits,1,243.8626062591367,300.0,1.0,0.491707877103927,1.0,0.0589251956864756,mlp_add97_f0.3_wd1.0_softmax_ce,mlp
mlp_add97_f0.3_wd1.0_softmax_ce_s1,mlp,13200,after,60000,4,2,logits,2,243.26620304217664,300.0,1.0,0.4923574590227039,1.0,0.0647532975044145,mlp_add97_f0.3_wd1.0_softmax_ce,mlp
mlp_add97_f0.3_wd1.0_softmax_ce_s1,mlp,13200,after,60000,2,0,operands,0,3.199103279836391,300.0,2.0,0.4814723692013292,1.0,0.4281574748712918,mlp_add97_f0.3_wd1.0_softmax_ce,mlp
mlp_add97_f0.3_wd1.0_softmax_ce_s1,mlp,13200,after,60000,2,0,operands,1,3.194080011049537,300.0,2.0,0.4822947823988766,1.0,0.4264386983501209,mlp_add97_f0.3_wd1.0_softmax_ce,mlp
mlp_add97_f0.3_wd1.0_softmax_ce_s1,mlp,13200,after,60000,2,0,operands,2,3.2087778024153164,300.0,2.0,0.4785354152936963,1.0,0.419748033021569,mlp_add97_f0.3_wd1.0_softmax_ce,mlp
mlp_add97_f0.3_wd1.0_softmax_ce_s1,mlp,13200,after,60000,2,1,hook_hidden,0,28.07648210204808,300.0,1.0,0.6869060522001076,0.0,0.0478003549831952,mlp_add97_f0.3_wd1.0_softmax_ce,mlp
mlp_add97_f0.3_wd1.0_softmax_ce_s1,mlp,13200,after,60000,2,1,hook_hidden,1,28.04442839020453,300.0,1.0,0.6892182236947977,0.0,0.0485053846420326,mlp_add97_f0.3_wd1.0_softmax_ce,mlp
mlp_add97_f0.3_wd1.0_softmax_ce_s1,mlp,13200,after,60000,2,1,hook_hidden,2,28.01958515738573,300.0,1.0,0.6863638323143026,1.0,0.0522464697366551,mlp_add97_f0.3_wd1.0_softmax_ce,mlp
mlp_add97_f0.3_wd1.0_softmax_ce_s1,mlp,13200,after,60000,2,2,logits,0,218.9944425809116,300.0,1.0,0.6880380267159593,1.0,0.0522779379510029,mlp_add97_f0.3_wd1.0_softmax_ce,mlp
mlp_add97_f0.3_wd1.0_softmax_ce_s1,mlp,13200,after,60000,2,2,logits,1,219.1668729031608,300.0,1.0,0.6861105949723928,0.0,0.04942798677293,mlp_add97_f0.3_wd1.0_softmax_ce,mlp
mlp_add97_f0.3_wd1.0_softmax_ce_s1,mlp,13200,after,60000,2,2,logits,2,218.79227938827924,300.0,1.0,0.6910472856608939,0.0,0.0490072690835058,mlp_add97_f0.3_wd1.0_softmax_ce,mlp
mlp_add97_f0.3_wd1.0_softmax_ce_s2,mlp,12100,init,0,8,0,operands,0,19.998619259998392,300.0,0.0,0.096528566126978,0.0,0.0539188415662121,mlp_add97_f0.3_wd1.0_softmax_ce,mlp
mlp_add97_f0.3_wd1.0_softmax_ce_s2,mlp,12100,init,0,8,0,operands,1,20.157100077430453,300.0,0.0,0.1257215838978955,0.0,0.0591353205482425,mlp_add97_f0.3_wd1.0_softmax_ce,mlp
mlp_add97_f0.3_wd1.0_softmax_ce_s2,mlp,12100,init,0,8,0,operands,2,20.086288882255804,300.0,0.0,0.1240432505961666,0.0,0.067796314187819,mlp_add97_f0.3_wd1.0_softmax_ce,mlp
mlp_add97_f0.3_wd1.0_softmax_ce_s2,mlp,12100,init,0,8,1,hook_hidden,0,2.858166387646092,300.0,0.0,0.0727287611838958,0.0,0.0489483720437081,mlp_add97_f0.3_wd1.0_softmax_ce,mlp
mlp_add97_f0.3_wd1.0_softmax_ce_s2,mlp,12100,init,0,8,1,hook_hidden,1,2.858166387646092,300.0,0.0,0.0866397546517261,0.0,0.0626260283715893,mlp_add97_f0.3_wd1.0_softmax_ce,mlp
mlp_add97_f0.3_wd1.0_softmax_ce_s2,mlp,12100,init,0,8,1,hook_hidden,2,2.8885572831714588,300.0,0.0,0.0790115759275687,0.0,0.0531380398077658,mlp_add97_f0.3_wd1.0_softmax_ce,mlp
mlp_add97_f0.3_wd1.0_softmax_ce_s2,mlp,12100,init,0,8,2,logits,0,1.3988006181147588,300.0,0.0,0.0765298287923272,1.0,0.0523634328214576,mlp_add97_f0.3_wd1.0_softmax_ce,mlp
mlp_add97_f0.3_wd1.0_softmax_ce_s2,mlp,12100,init,0,8,2,logits,1,1.3988006181147588,300.0,0.0,0.0713217751199756,1.0,0.0563983561319404,mlp_add97_f0.3_wd1.0_softmax_ce,mlp
mlp_add97_f0.3_wd1.0_softmax_ce_s2,mlp,12100,init,0,8,2,logits,2,1.330189788393522,300.0,0.0,0.0804063958474884,0.0,0.0591546361826519,mlp_add97_f0.3_wd1.0_softmax_ce,mlp
mlp_add97_f0.3_wd1.0_softmax_ce_s2,mlp,12100,init,0,4,0,operands,0,19.53806520931684,300.0,0.0,0.1045655638075703,0.0,0.0463323679992037,mlp_add97_f0.3_wd1.0_softmax_ce,mlp
mlp_add97_f0.3_wd1.0_softmax_ce_s2,mlp,12100,init,0,4,0,operands,1,19.53806520931684,300.0,0.0,0.0974154220501116,1.0,0.0535025467103059,mlp_add97_f0.3_wd1.0_softmax_ce,mlp
mlp_add97_f0.3_wd1.0_softmax_ce_s2,mlp,12100,init,0,4,0,operands,2,19.53806520931684,300.0,0.0,0.1168962221009853,0.0,0.0529891028238819,mlp_add97_f0.3_wd1.0_softmax_ce,mlp
mlp_add97_f0.3_wd1.0_softmax_ce_s2,mlp,12100,init,0,4,1,hook_hidden,0,2.6770494642854543,300.0,0.0,0.0650056350213037,1.0,0.0514177971861975,mlp_add97_f0.3_wd1.0_softmax_ce,mlp
mlp_add97_f0.3_wd1.0_softmax_ce_s2,mlp,12100,init,0,4,1,hook_hidden,1,2.6770494642854543,300.0,0.0,0.0621633007839673,0.0,0.0413913990963071,mlp_add97_f0.3_wd1.0_softmax_ce,mlp
mlp_add97_f0.3_wd1.0_softmax_ce_s2,mlp,12100,init,0,4,1,hook_hidden,2,2.6770494642854543,300.0,0.0,0.0798000716716666,0.0,0.0375998389090544,mlp_add97_f0.3_wd1.0_softmax_ce,mlp
mlp_add97_f0.3_wd1.0_softmax_ce_s2,mlp,12100,init,0,4,2,logits,0,1.258305321529382,300.0,0.0,0.0626387313992879,0.0,0.0394488425940758,mlp_add97_f0.3_wd1.0_softmax_ce,mlp
mlp_add97_f0.3_wd1.0_softmax_ce_s2,mlp,12100,init,0,4,2,logits,1,1.2405382390252324,300.0,0.0,0.0615401149461436,0.0,0.0420737803632149,mlp_add97_f0.3_wd1.0_softmax_ce,mlp
mlp_add97_f0.3_wd1.0_softmax_ce_s2,mlp,12100,init,0,4,2,logits,2,1.258305321529382,300.0,0.0,0.0708675055266509,0.0,0.0454326702999728,mlp_add97_f0.3_wd1.0_softmax_ce,mlp
mlp_add97_f0.3_wd1.0_softmax_ce_s2,mlp,12100,init,0,2,0,operands,0,15.685268248641746,300.0,0.0,0.0577514099845899,0.0,0.0378133759751288,mlp_add97_f0.3_wd1.0_softmax_ce,mlp
mlp_add97_f0.3_wd1.0_softmax_ce_s2,mlp,12100,init,0,2,0,operands,1,15.685268248641746,300.0,0.0,0.0615868510298094,0.0,0.0438799724318251,mlp_add97_f0.3_wd1.0_softmax_ce,mlp
mlp_add97_f0.3_wd1.0_softmax_ce_s2,mlp,12100,init,0,2,0,operands,2,15.538597755624176,300.0,0.0,0.0639993314144111,0.0,0.0458229540078291,mlp_add97_f0.3_wd1.0_softmax_ce,mlp
mlp_add97_f0.3_wd1.0_softmax_ce_s2,mlp,12100,init,0,2,1,hook_hidden,0,2.5439271839282416,300.0,0.0,0.0296179248000463,0.0,0.0,mlp_add97_f0.3_wd1.0_softmax_ce,mlp
mlp_add97_f0.3_wd1.0_softmax_ce_s2,mlp,12100,init,0,2,1,hook_hidden,1,2.543496480436862,300.0,0.0,0.0333987127415932,0.0,0.0002511553624287,mlp_add97_f0.3_wd1.0_softmax_ce,mlp
mlp_add97_f0.3_wd1.0_softmax_ce_s2,mlp,12100,init,0,2,1,hook_hidden,2,2.543496480436862,300.0,0.0,0.0293105162439344,0.0,0.0,mlp_add97_f0.3_wd1.0_softmax_ce,mlp
mlp_add97_f0.3_wd1.0_softmax_ce_s2,mlp,12100,init,0,2,2,logits,0,1.2355945051232513,300.0,0.0,0.0274754406027984,0.0,0.0,mlp_add97_f0.3_wd1.0_softmax_ce,mlp
mlp_add97_f0.3_wd1.0_softmax_ce_s2,mlp,12100,init,0,2,2,logits,1,1.2355945051232513,300.0,0.0,0.0248925149464615,0.0,0.0,mlp_add97_f0.3_wd1.0_softmax_ce,mlp
mlp_add97_f0.3_wd1.0_softmax_ce_s2,mlp,12100,init,0,2,2,logits,2,1.2355945051232513,300.0,0.0,0.025515346094848,0.0,0.0,mlp_add97_f0.3_wd1.0_softmax_ce,mlp
mlp_add97_f0.3_wd1.0_softmax_ce_s2,mlp,12100,before,10854,8,0,operands,0,4.445362866030937,300.0,0.0,0.0902621428897446,0.0,0.0608667540254844,mlp_add97_f0.3_wd1.0_softmax_ce,mlp
mlp_add97_f0.3_wd1.0_softmax_ce_s2,mlp,12100,before,10854,8,0,operands,1,4.5398669212867055,300.0,0.0,0.092112934794952,0.0,0.0591534884414604,mlp_add97_f0.3_wd1.0_softmax_ce,mlp
mlp_add97_f0.3_wd1.0_softmax_ce_s2,mlp,12100,before,10854,8,0,operands,2,4.484821753807754,300.0,0.0,0.0892771922518677,0.0,0.0586513876981548,mlp_add97_f0.3_wd1.0_softmax_ce,mlp
mlp_add97_f0.3_wd1.0_softmax_ce_s2,mlp,12100,before,10854,8,1,hook_hidden,0,25.965056140323103,300.0,0.0,0.0753318807706748,0.0,0.0666179645366414,mlp_add97_f0.3_wd1.0_softmax_ce,mlp
mlp_add97_f0.3_wd1.0_softmax_ce_s2,mlp,12100,before,10854,8,1,hook_hidden,1,26.92520845286553,300.0,0.0,0.069403522809175,0.0,0.0554349498377682,mlp_add97_f0.3_wd1.0_softmax_ce,mlp
mlp_add97_f0.3_wd1.0_softmax_ce_s2,mlp,12100,before,10854,8,1,hook_hidden,2,25.830930274312617,300.0,0.0,0.0838086717761023,0.0,0.0589849766056354,mlp_add97_f0.3_wd1.0_softmax_ce,mlp
mlp_add97_f0.3_wd1.0_softmax_ce_s2,mlp,12100,before,10854,8,2,logits,0,172.99872025631592,300.0,0.0,0.0752209400971908,0.0,0.0527273782019956,mlp_add97_f0.3_wd1.0_softmax_ce,mlp
mlp_add97_f0.3_wd1.0_softmax_ce_s2,mlp,12100,before,10854,8,2,logits,1,172.99872025631592,300.0,0.0,0.0720588413766227,0.0,0.0482845680891322,mlp_add97_f0.3_wd1.0_softmax_ce,mlp
mlp_add97_f0.3_wd1.0_softmax_ce_s2,mlp,12100,before,10854,8,2,logits,2,172.99872025631592,300.0,0.0,0.0835081996827543,0.0,0.0613145678224759,mlp_add97_f0.3_wd1.0_softmax_ce,mlp
mlp_add97_f0.3_wd1.0_softmax_ce_s2,mlp,12100,before,10854,4,0,operands,0,4.138179876061011,300.0,0.0,0.096030489342202,0.0,0.0824965020267372,mlp_add97_f0.3_wd1.0_softmax_ce,mlp
mlp_add97_f0.3_wd1.0_softmax_ce_s2,mlp,12100,before,10854,4,0,operands,1,4.1381798760610105,300.0,0.0,0.0824188954857776,0.0,0.078331473626008,mlp_add97_f0.3_wd1.0_softmax_ce,mlp
mlp_add97_f0.3_wd1.0_softmax_ce_s2,mlp,12100,before,10854,4,0,operands,2,4.281455297240986,300.0,0.0,0.0942359342595835,0.0,0.0698954346653337,mlp_add97_f0.3_wd1.0_softmax_ce,mlp
mlp_add97_f0.3_wd1.0_softmax_ce_s2,mlp,12100,before,10854,4,1,hook_hidden,0,24.45934277265324,300.0,0.0,0.0581356145402919,0.0,0.0673941850425502,mlp_add97_f0.3_wd1.0_softmax_ce,mlp
mlp_add97_f0.3_wd1.0_softmax_ce_s2,mlp,12100,before,10854,4,1,hook_hidden,1,25.58505961259111,300.0,0.0,0.0569269834316478,0.0,0.0458030423705487,mlp_add97_f0.3_wd1.0_softmax_ce,mlp
mlp_add97_f0.3_wd1.0_softmax_ce_s2,mlp,12100,before,10854,4,1,hook_hidden,2,24.784371067992662,300.0,0.0,0.0581258371325809,1.0,0.0528983110007787,mlp_add97_f0.3_wd1.0_softmax_ce,mlp
mlp_add97_f0.3_wd1.0_softmax_ce_s2,mlp,12100,before,10854,4,2,logits,0,165.35809864589407,300.0,0.0,0.0642403467236525,0.0,0.0482504541862378,mlp_add97_f0.3_wd1.0_softmax_ce,mlp
mlp_add97_f0.3_wd1.0_softmax_ce_s2,mlp,12100,before,10854,4,2,logits,1,164.32673274984268,300.0,0.0,0.0600625963155842,0.0,0.0558944697750805,mlp_add97_f0.3_wd1.0_softmax_ce,mlp
mlp_add97_f0.3_wd1.0_softmax_ce_s2,mlp,12100,before,10854,4,2,logits,2,167.95705871222376,300.0,0.0,0.0626911822309776,0.0,0.0415580456744541,mlp_add97_f0.3_wd1.0_softmax_ce,mlp
mlp_add97_f0.3_wd1.0_softmax_ce_s2,mlp,12100,before,10854,2,0,operands,0,2.719974173416284,300.0,2.0,0.3600293551311335,1.0,0.3296162455861442,mlp_add97_f0.3_wd1.0_softmax_ce,mlp
mlp_add97_f0.3_wd1.0_softmax_ce_s2,mlp,12100,before,10854,2,0,operands,1,2.7115962426394407,300.0,2.0,0.3617364764996534,1.0,0.2992838956635046,mlp_add97_f0.3_wd1.0_softmax_ce,mlp
mlp_add97_f0.3_wd1.0_softmax_ce_s2,mlp,12100,before,10854,2,0,operands,2,2.742060786366629,300.0,2.0,0.3628519800028348,1.0,0.3103192692586413,mlp_add97_f0.3_wd1.0_softmax_ce,mlp
mlp_add97_f0.3_wd1.0_softmax_ce_s2,mlp,12100,before,10854,2,1,hook_hidden,0,22.334518972557035,300.0,1.0,0.0758502746887203,0.0,0.0,mlp_add97_f0.3_wd1.0_softmax_ce,mlp
mlp_add97_f0.3_wd1.0_softmax_ce_s2,mlp,12100,before,10854,2,1,hook_hidden,1,22.334518972557035,300.0,1.0,0.0805549825013898,0.0,0.0,mlp_add97_f0.3_wd1.0_softmax_ce,mlp
mlp_add97_f0.3_wd1.0_softmax_ce_s2,mlp,12100,before,10854,2,1,hook_hidden,2,22.334518972557035,300.0,1.0,0.0801921429204873,0.0,0.0,mlp_add97_f0.3_wd1.0_softmax_ce,mlp
mlp_add97_f0.3_wd1.0_softmax_ce_s2,mlp,12100,before,10854,2,2,logits,0,155.0406945376869,300.0,1.0,0.0752712592853621,0.0,0.0,mlp_add97_f0.3_wd1.0_softmax_ce,mlp
mlp_add97_f0.3_wd1.0_softmax_ce_s2,mlp,12100,before,10854,2,2,logits,1,155.0406945376869,300.0,1.0,0.0715641991490767,0.0,0.0,mlp_add97_f0.3_wd1.0_softmax_ce,mlp
mlp_add97_f0.3_wd1.0_softmax_ce_s2,mlp,12100,before,10854,2,2,logits,2,155.0406945376869,300.0,1.0,0.0720804228846035,0.0,0.0,mlp_add97_f0.3_wd1.0_softmax_ce,mlp
mlp_add97_f0.3_wd1.0_softmax_ce_s2,mlp,12100,at,11692,8,0,operands,0,4.542107233702692,300.0,0.0,0.0888996329797603,0.0,0.0558211746360972,mlp_add97_f0.3_wd1.0_softmax_ce,mlp
mlp_add97_f0.3_wd1.0_softmax_ce_s2,mlp,12100,at,11692,8,0,operands,1,4.574025347443751,300.0,0.0,0.0879452147291295,0.0,0.0566410913188491,mlp_add97_f0.3_wd1.0_softmax_ce,mlp
mlp_add97_f0.3_wd1.0_softmax_ce_s2,mlp,12100,at,11692,8,0,operands,2,4.542587381722662,300.0,0.0,0.0941162920738475,0.0,0.0668026823070552,mlp_add97_f0.3_wd1.0_softmax_ce,mlp
mlp_add97_f0.3_wd1.0_softmax_ce_s2,mlp,12100,at,11692,8,1,hook_hidden,0,27.806202028892617,300.0,0.0,0.0808270837706759,0.0,0.0531618637154794,mlp_add97_f0.3_wd1.0_softmax_ce,mlp
mlp_add97_f0.3_wd1.0_softmax_ce_s2,mlp,12100,at,11692,8,1,hook_hidden,1,27.762473936121136,300.0,0.0,0.0940563873661012,0.0,0.0431340814477139,mlp_add97_f0.3_wd1.0_softmax_ce,mlp
mlp_add97_f0.3_wd1.0_softmax_ce_s2,mlp,12100,at,11692,8,1,hook_hidden,2,26.74119286766519,300.0,0.0,0.082179735328073,0.0,0.0528363714885466,mlp_add97_f0.3_wd1.0_softmax_ce,mlp
mlp_add97_f0.3_wd1.0_softmax_ce_s2,mlp,12100,at,11692,8,2,logits,0,186.854959456964,300.0,0.0,0.0854764508654365,0.0,0.0493931694396443,mlp_add97_f0.3_wd1.0_softmax_ce,mlp
mlp_add97_f0.3_wd1.0_softmax_ce_s2,mlp,12100,at,11692,8,2,logits,1,183.46264977228003,300.0,0.0,0.0836093420421382,1.0,0.0508866944409714,mlp_add97_f0.3_wd1.0_softmax_ce,mlp
mlp_add97_f0.3_wd1.0_softmax_ce_s2,mlp,12100,at,11692,8,2,logits,2,184.9682736109132,300.0,0.0,0.085615994389899,0.0,0.044836794927585,mlp_add97_f0.3_wd1.0_softmax_ce,mlp
mlp_add97_f0.3_wd1.0_softmax_ce_s2,mlp,12100,at,11692,4,0,operands,0,4.015128504967748,300.0,0.0,0.112377509368301,0.0,0.0883060792613863,mlp_add97_f0.3_wd1.0_softmax_ce,mlp
mlp_add97_f0.3_wd1.0_softmax_ce_s2,mlp,12100,at,11692,4,0,operands,1,3.994808045352567,300.0,0.0,0.1192044837874386,0.0,0.0932055236563336,mlp_add97_f0.3_wd1.0_softmax_ce,mlp
mlp_add97_f0.3_wd1.0_softmax_ce_s2,mlp,12100,at,11692,4,0,operands,2,3.892884317035001,300.0,0.0,0.1161038973394915,0.0,0.0958425236033158,mlp_add97_f0.3_wd1.0_softmax_ce,mlp
mlp_add97_f0.3_wd1.0_softmax_ce_s2,mlp,12100,at,11692,4,1,hook_hidden,0,25.13454237119283,300.0,0.0,0.1034731474117376,0.0,0.0475152643668329,mlp_add97_f0.3_wd1.0_softmax_ce,mlp
mlp_add97_f0.3_wd1.0_softmax_ce_s2,mlp,12100,at,11692,4,1,hook_hidden,1,24.854185397022416,300.0,0.0,0.1095255260571743,0.0,0.0467299231510169,mlp_add97_f0.3_wd1.0_softmax_ce,mlp
mlp_add97_f0.3_wd1.0_softmax_ce_s2,mlp,12100,at,11692,4,1,hook_hidden,2,24.182889841494287,300.0,0.0,0.1137868129921765,0.0,0.0463803986761931,mlp_add97_f0.3_wd1.0_softmax_ce,mlp
mlp_add97_f0.3_wd1.0_softmax_ce_s2,mlp,12100,at,11692,4,2,logits,0,174.26558706338773,300.0,0.0,0.0698128839152159,0.0,0.0446398084967424,mlp_add97_f0.3_wd1.0_softmax_ce,mlp
mlp_add97_f0.3_wd1.0_softmax_ce_s2,mlp,12100,at,11692,4,2,logits,1,174.26558706338773,300.0,0.0,0.0971770524188884,0.0,0.0455716277729376,mlp_add97_f0.3_wd1.0_softmax_ce,mlp
mlp_add97_f0.3_wd1.0_softmax_ce_s2,mlp,12100,at,11692,4,2,logits,2,174.26558706338773,300.0,0.0,0.0904066743857387,0.0,0.045648549708113,mlp_add97_f0.3_wd1.0_softmax_ce,mlp
mlp_add97_f0.3_wd1.0_softmax_ce_s2,mlp,12100,at,11692,2,0,operands,0,2.748666058511529,300.0,2.0,0.4021768927199269,1.0,0.3423917654994715,mlp_add97_f0.3_wd1.0_softmax_ce,mlp
mlp_add97_f0.3_wd1.0_softmax_ce_s2,mlp,12100,at,11692,2,0,operands,1,2.748666058511529,300.0,2.0,0.4061029501990331,1.0,0.3507028421066498,mlp_add97_f0.3_wd1.0_softmax_ce,mlp
mlp_add97_f0.3_wd1.0_softmax_ce_s2,mlp,12100,at,11692,2,0,operands,2,2.7239034390358468,300.0,2.0,0.4029291109999299,1.0,0.3558884709399224,mlp_add97_f0.3_wd1.0_softmax_ce,mlp
mlp_add97_f0.3_wd1.0_softmax_ce_s2,mlp,12100,at,11692,2,1,hook_hidden,0,21.689128396798612,300.0,1.0,0.1630366318368861,0.0,0.0064201481453032,mlp_add97_f0.3_wd1.0_softmax_ce,mlp
mlp_add97_f0.3_wd1.0_softmax_ce_s2,mlp,12100,at,11692,2,1,hook_hidden,1,21.689128396798612,300.0,1.0,0.1673096514056226,0.0,0.0022375751834086,mlp_add97_f0.3_wd1.0_softmax_ce,mlp
mlp_add97_f0.3_wd1.0_softmax_ce_s2,mlp,12100,at,11692,2,1,hook_hidden,2,21.689128396798612,300.0,1.0,0.1643044892432942,0.0,0.0014862131913261,mlp_add97_f0.3_wd1.0_softmax_ce,mlp
mlp_add97_f0.3_wd1.0_softmax_ce_s2,mlp,12100,at,11692,2,2,logits,0,154.4156239988729,300.0,0.0,0.0487611587082359,0.0,0.0,mlp_add97_f0.3_wd1.0_softmax_ce,mlp
mlp_add97_f0.3_wd1.0_softmax_ce_s2,mlp,12100,at,11692,2,2,logits,1,154.4156239988729,300.0,1.0,0.0587762147787189,0.0,0.0,mlp_add97_f0.3_wd1.0_softmax_ce,mlp
mlp_add97_f0.3_wd1.0_softmax_ce_s2,mlp,12100,at,11692,2,2,logits,2,154.4156239988729,300.0,1.0,0.0504023871903504,0.0,0.0,mlp_add97_f0.3_wd1.0_softmax_ce,mlp
mlp_add97_f0.3_wd1.0_softmax_ce_s2,mlp,12100,after,60000,8,0,operands,0,5.221982501016348,300.0,0.0,0.0578863256705426,0.0,0.0643893032373928,mlp_add97_f0.3_wd1.0_softmax_ce,mlp
mlp_add97_f0.3_wd1.0_softmax_ce_s2,mlp,12100,after,60000,8,0,operands,1,5.218429448360914,300.0,0.0,0.0571216788644571,0.0,0.0657069653916526,mlp_add97_f0.3_wd1.0_softmax_ce,mlp
mlp_add97_f0.3_wd1.0_softmax_ce_s2,mlp,12100,after,60000,8,0,operands,2,5.239455990579698,300.0,0.0,0.0620905531523729,0.0,0.0731384427936649,mlp_add97_f0.3_wd1.0_softmax_ce,mlp
mlp_add97_f0.3_wd1.0_softmax_ce_s2,mlp,12100,after,60000,8,1,hook_hidden,0,35.174977401115335,300.0,0.0,0.1247131346377435,0.0,0.0938699182593724,mlp_add97_f0.3_wd1.0_softmax_ce,mlp
mlp_add97_f0.3_wd1.0_softmax_ce_s2,mlp,12100,after,60000,8,1,hook_hidden,1,35.030853365208294,300.0,0.0,0.1356000914577711,0.0,0.0946986688711442,mlp_add97_f0.3_wd1.0_softmax_ce,mlp
mlp_add97_f0.3_wd1.0_softmax_ce_s2,mlp,12100,after,60000,8,1,hook_hidden,2,35.21871484037311,300.0,0.0,0.1230116331582508,0.0,0.0961840827372054,mlp_add97_f0.3_wd1.0_softmax_ce,mlp
mlp_add97_f0.3_wd1.0_softmax_ce_s2,mlp,12100,after,60000,8,2,logits,0,238.4979925907398,300.0,0.0,0.1426322034501725,0.0,0.0985229595474767,mlp_add97_f0.3_wd1.0_softmax_ce,mlp
mlp_add97_f0.3_wd1.0_softmax_ce_s2,mlp,12100,after,60000,8,2,logits,1,234.45783458225867,300.0,0.0,0.1429904463096653,0.0,0.1039619548975531,mlp_add97_f0.3_wd1.0_softmax_ce,mlp
mlp_add97_f0.3_wd1.0_softmax_ce_s2,mlp,12100,after,60000,8,2,logits,2,237.0454162099634,300.0,2.0,0.1444347787073878,0.0,0.0985995604818477,mlp_add97_f0.3_wd1.0_softmax_ce,mlp
mlp_add97_f0.3_wd1.0_softmax_ce_s2,mlp,12100,after,60000,4,0,operands,0,3.9322801712967865,300.0,0.0,0.1441865500321818,0.0,0.0946300317177167,mlp_add97_f0.3_wd1.0_softmax_ce,mlp
mlp_add97_f0.3_wd1.0_softmax_ce_s2,mlp,12100,after,60000,4,0,operands,1,3.9311343101569856,300.0,0.0,0.1496127359266119,0.0,0.0934103722441566,mlp_add97_f0.3_wd1.0_softmax_ce,mlp
mlp_add97_f0.3_wd1.0_softmax_ce_s2,mlp,12100,after,60000,4,0,operands,2,3.937718774506611,300.0,0.0,0.1464088472788909,0.0,0.0976892416629317,mlp_add97_f0.3_wd1.0_softmax_ce,mlp
mlp_add97_f0.3_wd1.0_softmax_ce_s2,mlp,12100,after,60000,4,1,hook_hidden,0,28.364108520462352,300.0,2.0,0.3760233939329093,1.0,0.2864184292793323,mlp_add97_f0.3_wd1.0_softmax_ce,mlp
mlp_add97_f0.3_wd1.0_softmax_ce_s2,mlp,12100,after,60000,4,1,hook_hidden,1,28.46847142932537,300.0,2.0,0.3755843466040975,1.0,0.2904522337202452,mlp_add97_f0.3_wd1.0_softmax_ce,mlp
mlp_add97_f0.3_wd1.0_softmax_ce_s2,mlp,12100,after,60000,4,1,hook_hidden,2,28.412585996152902,300.0,2.0,0.3661575512830683,1.0,0.282630652364463,mlp_add97_f0.3_wd1.0_softmax_ce,mlp
mlp_add97_f0.3_wd1.0_softmax_ce_s2,mlp,12100,after,60000,4,2,logits,0,194.4657158598524,300.0,2.0,0.362919426364211,1.0,0.2886668376193992,mlp_add97_f0.3_wd1.0_softmax_ce,mlp
mlp_add97_f0.3_wd1.0_softmax_ce_s2,mlp,12100,after,60000,4,2,logits,1,196.09451420293425,300.0,2.0,0.3610266098710813,1.0,0.2802090440072142,mlp_add97_f0.3_wd1.0_softmax_ce,mlp
mlp_add97_f0.3_wd1.0_softmax_ce_s2,mlp,12100,after,60000,4,2,logits,2,196.09451420293425,300.0,2.0,0.3702897165130798,1.0,0.2789890848671318,mlp_add97_f0.3_wd1.0_softmax_ce,mlp
mlp_add97_f0.3_wd1.0_softmax_ce_s2,mlp,12100,after,60000,2,0,operands,0,2.905237228369172,300.0,2.0,0.4682945337837552,1.0,0.4173397397143867,mlp_add97_f0.3_wd1.0_softmax_ce,mlp
mlp_add97_f0.3_wd1.0_softmax_ce_s2,mlp,12100,after,60000,2,0,operands,1,2.907742638537387,300.0,2.0,0.4730195997549476,1.0,0.40614235280314,mlp_add97_f0.3_wd1.0_softmax_ce,mlp
mlp_add97_f0.3_wd1.0_softmax_ce_s2,mlp,12100,after,60000,2,0,operands,2,2.904807135896181,300.0,2.0,0.4693319922304899,1.0,0.4175484502789647,mlp_add97_f0.3_wd1.0_softmax_ce,mlp
mlp_add97_f0.3_wd1.0_softmax_ce_s2,mlp,12100,after,60000,2,1,hook_hidden,0,22.44876778296085,300.0,1.0,0.6406096133260594,0.0,0.0257269573047022,mlp_add97_f0.3_wd1.0_softmax_ce,mlp
mlp_add97_f0.3_wd1.0_softmax_ce_s2,mlp,12100,after,60000,2,1,hook_hidden,1,22.54660792200077,300.0,1.0,0.6330004018999135,0.0,0.0271487421702487,mlp_add97_f0.3_wd1.0_softmax_ce,mlp
mlp_add97_f0.3_wd1.0_softmax_ce_s2,mlp,12100,after,60000,2,1,hook_hidden,2,22.54660792200077,300.0,1.0,0.6391874911795907,0.0,0.0222750927740689,mlp_add97_f0.3_wd1.0_softmax_ce,mlp
mlp_add97_f0.3_wd1.0_softmax_ce_s2,mlp,12100,after,60000,2,2,logits,0,155.82208866082902,300.0,1.0,0.6170718850672016,0.0,0.0276429401844639,mlp_add97_f0.3_wd1.0_softmax_ce,mlp
mlp_add97_f0.3_wd1.0_softmax_ce_s2,mlp,12100,after,60000,2,2,logits,1,157.3486317084401,300.0,1.0,0.6128032614274428,0.0,0.0301387705760968,mlp_add97_f0.3_wd1.0_softmax_ce,mlp
mlp_add97_f0.3_wd1.0_softmax_ce_s2,mlp,12100,after,60000,2,2,logits,2,157.3486317084401,300.0,1.0,0.605992652380431,0.0,0.02607137334042,mlp_add97_f0.3_wd1.0_softmax_ce,mlp
mlp_add97_f0.3_wd1.0_softmax_ce_s3,mlp,9500,init,0,8,0,operands,0,20.479166149536308,300.0,0.0,0.1353679858033665,0.0,0.048119065965247,mlp_add97_f0.3_wd1.0_softmax_ce,mlp
mlp_add97_f0.3_wd1.0_softmax_ce_s3,mlp,9500,init,0,8,0,operands,1,20.70302989214868,300.0,0.0,0.1133034207096683,0.0,0.0486767971712114,mlp_add97_f0.3_wd1.0_softmax_ce,mlp
mlp_add97_f0.3_wd1.0_softmax_ce_s3,mlp,9500,init,0,8,0,operands,2,19.78684748044112,300.0,0.0,0.1165119741972429,0.0,0.0568086678085894,mlp_add97_f0.3_wd1.0_softmax_ce,mlp
mlp_add97_f0.3_wd1.0_softmax_ce_s3,mlp,9500,init,0,8,1,hook_hidden,0,2.902100635753719,300.0,0.0,0.0700864905826708,0.0,0.0537700281592926,mlp_add97_f0.3_wd1.0_softmax_ce,mlp
mlp_add97_f0.3_wd1.0_softmax_ce_s3,mlp,9500,init,0,8,1,hook_hidden,1,3.014369525365601,300.0,0.0,0.0796703897353105,1.0,0.0501086270922079,mlp_add97_f0.3_wd1.0_softmax_ce,mlp
mlp_add97_f0.3_wd1.0_softmax_ce_s3,mlp,9500,init,0,8,1,hook_hidden,2,2.8758508315331714,300.0,0.0,0.0890927985922362,1.0,0.0518830007413447,mlp_add97_f0.3_wd1.0_softmax_ce,mlp
mlp_add97_f0.3_wd1.0_softmax_ce_s3,mlp,9500,init,0,8,2,logits,0,1.3864444366600217,300.0,0.0,0.0755486368961055,0.0,0.0474363864268621,mlp_add97_f0.3_wd1.0_softmax_ce,mlp
mlp_add97_f0.3_wd1.0_softmax_ce_s3,mlp,9500,init,0,8,2,logits,1,1.3703628719654948,300.0,0.0,0.0718443112292193,0.0,0.0491288415067119,mlp_add97_f0.3_wd1.0_softmax_ce,mlp
mlp_add97_f0.3_wd1.0_softmax_ce_s3,mlp,9500,init,0,8,2,logits,2,1.3864444366600217,300.0,0.0,0.0791632134262516,0.0,0.0494774060582373,mlp_add97_f0.3_wd1.0_softmax_ce,mlp
mlp_add97_f0.3_wd1.0_softmax_ce_s3,mlp,9500,init,0,4,0,operands,0,18.77533792894623,300.0,0.0,0.0990535873706445,1.0,0.0525513344847419,mlp_add97_f0.3_wd1.0_softmax_ce,mlp
mlp_add97_f0.3_wd1.0_softmax_ce_s3,mlp,9500,init,0,4,0,operands,1,18.96279018533421,300.0,0.0,0.0918461946306838,1.0,0.0505207555880221,mlp_add97_f0.3_wd1.0_softmax_ce,mlp
mlp_add97_f0.3_wd1.0_softmax_ce_s3,mlp,9500,init,0,4,0,operands,2,18.96279018533421,300.0,0.0,0.0950910768430302,0.0,0.0474552142099657,mlp_add97_f0.3_wd1.0_softmax_ce,mlp
mlp_add97_f0.3_wd1.0_softmax_ce_s3,mlp,9500,init,0,4,1,hook_hidden,0,2.7259563762047074,300.0,0.0,0.0644579119971115,0.0,0.0430354171394922,mlp_add97_f0.3_wd1.0_softmax_ce,mlp
mlp_add97_f0.3_wd1.0_softmax_ce_s3,mlp,9500,init,0,4,1,hook_hidden,1,2.7259563762047074,300.0,0.0,0.0623609800401286,0.0,0.046964598085196,mlp_add97_f0.3_wd1.0_softmax_ce,mlp
mlp_add97_f0.3_wd1.0_softmax_ce_s3,mlp,9500,init,0,4,1,hook_hidden,2,2.7259563762047074,300.0,0.0,0.0691339231057617,0.0,0.0430142293826772,mlp_add97_f0.3_wd1.0_softmax_ce,mlp
mlp_add97_f0.3_wd1.0_softmax_ce_s3,mlp,9500,init,0,4,2,logits,0,1.3040524360786712,300.0,0.0,0.0691182908867374,0.0,0.0450702235700668,mlp_add97_f0.3_wd1.0_softmax_ce,mlp
mlp_add97_f0.3_wd1.0_softmax_ce_s3,mlp,9500,init,0,4,2,logits,1,1.3041758282090994,300.0,0.0,0.0547943630685942,0.0,0.0411635354510447,mlp_add97_f0.3_wd1.0_softmax_ce,mlp
mlp_add97_f0.3_wd1.0_softmax_ce_s3,mlp,9500,init,0,4,2,logits,2,1.3040524360786712,300.0,0.0,0.052869673653204,0.0,0.0376909487675392,mlp_add97_f0.3_wd1.0_softmax_ce,mlp
mlp_add97_f0.3_wd1.0_softmax_ce_s3,mlp,9500,init,0,2,0,operands,0,18.206988852064782,300.0,0.0,0.0874874283799314,0.0,0.0364571131081123,mlp_add97_f0.3_wd1.0_softmax_ce,mlp
mlp_add97_f0.3_wd1.0_softmax_ce_s3,mlp,9500,init,0,2,0,operands,1,18.6961539118662,300.0,0.0,0.072605000962501,0.0,0.0375854818109573,mlp_add97_f0.3_wd1.0_softmax_ce,mlp
mlp_add97_f0.3_wd1.0_softmax_ce_s3,mlp,9500,init,0,2,0,operands,2,18.6961539118662,300.0,0.0,0.0851984125033463,0.0,0.0326556418643853,mlp_add97_f0.3_wd1.0_softmax_ce,mlp
mlp_add97_f0.3_wd1.0_softmax_ce_s3,mlp,9500,init,0,2,1,hook_hidden,0,2.6921829058274684,300.0,0.0,0.0287320532683679,0.0,0.0,mlp_add97_f0.3_wd1.0_softmax_ce,mlp
mlp_add97_f0.3_wd1.0_softmax_ce_s3,mlp,9500,init,0,2,1,hook_hidden,1,2.6921829058274684,300.0,0.0,0.0312522042184127,0.0,0.0,mlp_add97_f0.3_wd1.0_softmax_ce,mlp
mlp_add97_f0.3_wd1.0_softmax_ce_s3,mlp,9500,init,0,2,1,hook_hidden,2,2.6921829058274684,300.0,0.0,0.0225948635186312,0.0,0.0,mlp_add97_f0.3_wd1.0_softmax_ce,mlp
mlp_add97_f0.3_wd1.0_softmax_ce_s3,mlp,9500,init,0,2,2,logits,0,1.2644123558443556,300.0,0.0,0.0279810525739029,0.0,0.0,mlp_add97_f0.3_wd1.0_softmax_ce,mlp
mlp_add97_f0.3_wd1.0_softmax_ce_s3,mlp,9500,init,0,2,2,logits,1,1.24955005536868,300.0,0.0,0.0272424798502707,0.0,0.0,mlp_add97_f0.3_wd1.0_softmax_ce,mlp
mlp_add97_f0.3_wd1.0_softmax_ce_s3,mlp,9500,init,0,2,2,logits,2,1.2644123558443556,300.0,0.0,0.0266115945595098,0.0,0.0,mlp_add97_f0.3_wd1.0_softmax_ce,mlp
mlp_add97_f0.3_wd1.0_softmax_ce_s3,mlp,9500,before,8685,8,0,operands,0,4.487571875211761,300.0,0.0,0.0789687065603397,0.0,0.064482174120795,mlp_add97_f0.3_wd1.0_softmax_ce,mlp
mlp_add97_f0.3_wd1.0_softmax_ce_s3,mlp,9500,before,8685,8,0,operands,1,4.421537980764995,300.0,0.0,0.0897458274605617,0.0,0.0638303846029165,mlp_add97_f0.3_wd1.0_softmax_ce,mlp
mlp_add97_f0.3_wd1.0_softmax_ce_s3,mlp,9500,before,8685,8,0,operands,2,4.523515575391432,300.0,0.0,0.0869243159174838,0.0,0.0593632019895709,mlp_add97_f0.3_wd1.0_softmax_ce,mlp
mlp_add97_f0.3_wd1.0_softmax_ce_s3,mlp,9500,before,8685,8,1,hook_hidden,0,28.397648045395325,300.0,0.0,0.0782768003199013,1.0,0.0509207544503112,mlp_add97_f0.3_wd1.0_softmax_ce,mlp
mlp_add97_f0.3_wd1.0_softmax_ce_s3,mlp,9500,before,8685,8,1,hook_hidden,1,28.518908633950517,300.0,0.0,0.0740318017631749,0.0,0.0531000230495417,mlp_add97_f0.3_wd1.0_softmax_ce,mlp
mlp_add97_f0.3_wd1.0_softmax_ce_s3,mlp,9500,before,8685,8,1,hook_hidden,2,28.518908633950517,300.0,0.0,0.0809135007594765,1.0,0.0539688964023489,mlp_add97_f0.3_wd1.0_softmax_ce,mlp
mlp_add97_f0.3_wd1.0_softmax_ce_s3,mlp,9500,before,8685,8,2,logits,0,197.02598296695,300.0,0.0,0.0666380966368395,0.0,0.0523277046747717,mlp_add97_f0.3_wd1.0_softmax_ce,mlp
mlp_add97_f0.3_wd1.0_softmax_ce_s3,mlp,9500,before,8685,8,2,logits,1,194.7219977103604,300.0,0.0,0.0819708948919716,0.0,0.0575576509869335,mlp_add97_f0.3_wd1.0_softmax_ce,mlp
mlp_add97_f0.3_wd1.0_softmax_ce_s3,mlp,9500,before,8685,8,2,logits,2,200.03295397124288,300.0,0.0,0.0713403265634779,0.0,0.0482467882376431,mlp_add97_f0.3_wd1.0_softmax_ce,mlp
mlp_add97_f0.3_wd1.0_softmax_ce_s3,mlp,9500,before,8685,4,0,operands,0,3.914641018953696,300.0,0.0,0.1098526180269028,0.0,0.0768596474816084,mlp_add97_f0.3_wd1.0_softmax_ce,mlp
mlp_add97_f0.3_wd1.0_softmax_ce_s3,mlp,9500,before,8685,4,0,operands,1,3.877293824359945,300.0,0.0,0.108990693916492,0.0,0.0813833059177576,mlp_add97_f0.3_wd1.0_softmax_ce,mlp
mlp_add97_f0.3_wd1.0_softmax_ce_s3,mlp,9500,before,8685,4,0,operands,2,3.84219798056299,300.0,0.0,0.1000082445719946,0.0,0.07470605801485,mlp_add97_f0.3_wd1.0_softmax_ce,mlp
mlp_add97_f0.3_wd1.0_softmax_ce_s3,mlp,9500,before,8685,4,1,hook_hidden,0,27.01496629776619,300.0,0.0,0.0567684567607179,0.0,0.0398184676282045,mlp_add97_f0.3_wd1.0_softmax_ce,mlp
mlp_add97_f0.3_wd1.0_softmax_ce_s3,mlp,9500,before,8685,4,1,hook_hidden,1,27.50189948848105,300.0,0.0,0.0668804269399593,0.0,0.0451818295817968,mlp_add97_f0.3_wd1.0_softmax_ce,mlp
mlp_add97_f0.3_wd1.0_softmax_ce_s3,mlp,9500,before,8685,4,1,hook_hidden,2,26.766641553688626,300.0,0.0,0.0715629980647433,0.0,0.0369916719017435,mlp_add97_f0.3_wd1.0_softmax_ce,mlp
mlp_add97_f0.3_wd1.0_softmax_ce_s3,mlp,9500,before,8685,4,2,logits,0,194.43353804849443,300.0,0.0,0.0589767697052342,0.0,0.0407745321796167,mlp_add97_f0.3_wd1.0_softmax_ce,mlp
mlp_add97_f0.3_wd1.0_softmax_ce_s3,mlp,9500,before,8685,4,2,logits,1,194.78958129859672,300.0,0.0,0.0570295431597617,0.0,0.0451928914367361,mlp_add97_f0.3_wd1.0_softmax_ce,mlp
mlp_add97_f0.3_wd1.0_softmax_ce_s3,mlp,9500,before,8685,4,2,logits,2,194.43353804849443,300.0,0.0,0.0521484230102188,0.0,0.0427777268142672,mlp_add97_f0.3_wd1.0_softmax_ce,mlp
mlp_add97_f0.3_wd1.0_softmax_ce_s3,mlp,9500,before,8685,2,0,operands,0,3.162772541863856,300.0,2.0,0.266378387377608,1.0,0.2252460197778435,mlp_add97_f0.3_wd1.0_softmax_ce,mlp
mlp_add97_f0.3_wd1.0_softmax_ce_s3,mlp,9500,before,8685,2,0,operands,1,3.0582160171067767,300.0,2.0,0.2757742026143199,1.0,0.2289949460693112,mlp_add97_f0.3_wd1.0_softmax_ce,mlp
mlp_add97_f0.3_wd1.0_softmax_ce_s3,mlp,9500,before,8685,2,0,operands,2,3.162772541863856,300.0,2.0,0.2611753078797151,1.0,0.1986597202451233,mlp_add97_f0.3_wd1.0_softmax_ce,mlp
mlp_add97_f0.3_wd1.0_softmax_ce_s3,mlp,9500,before,8685,2,1,hook_hidden,0,25.44367040876795,300.0,0.0,0.027687512628676,0.0,0.0,mlp_add97_f0.3_wd1.0_softmax_ce,mlp
mlp_add97_f0.3_wd1.0_softmax_ce_s3,mlp,9500,before,8685,2,1,hook_hidden,1,25.44367040876795,300.0,0.0,0.0260897997835594,0.0,0.0,mlp_add97_f0.3_wd1.0_softmax_ce,mlp
mlp_add97_f0.3_wd1.0_softmax_ce_s3,mlp,9500,before,8685,2,1,hook_hidden,2,25.44367040876795,300.0,0.0,0.0329141280677919,0.0,0.0015126526074612,mlp_add97_f0.3_wd1.0_softmax_ce,mlp
mlp_add97_f0.3_wd1.0_softmax_ce_s3,mlp,9500,before,8685,2,2,logits,0,186.07523798530653,300.0,0.0,0.0282087763518738,0.0,0.0,mlp_add97_f0.3_wd1.0_softmax_ce,mlp
mlp_add97_f0.3_wd1.0_softmax_ce_s3,mlp,9500,before,8685,2,2,logits,1,186.07523798530653,300.0,0.0,0.0255410875990654,0.0,0.0,mlp_add97_f0.3_wd1.0_softmax_ce,mlp
mlp_add97_f0.3_wd1.0_softmax_ce_s3,mlp,9500,before,8685,2,2,logits,2,186.07523798530653,300.0,0.0,0.0242436898587422,0.0,0.0,mlp_add97_f0.3_wd1.0_softmax_ce,mlp
mlp_add97_f0.3_wd1.0_softmax_ce_s3,mlp,9500,at,9355,8,0,operands,0,4.636219769257028,300.0,0.0,0.0839611703486643,0.0,0.0573733078438538,mlp_add97_f0.3_wd1.0_softmax_ce,mlp
mlp_add97_f0.3_wd1.0_softmax_ce_s3,mlp,9500,at,9355,8,0,operands,1,4.629524941969212,300.0,0.0,0.0910656731172903,0.0,0.056486899717983,mlp_add97_f0.3_wd1.0_softmax_ce,mlp
mlp_add97_f0.3_wd1.0_softmax_ce_s3,mlp,9500,at,9355,8,0,operands,2,4.598371223372009,300.0,0.0,0.0800445717957772,0.0,0.0688951773858048,mlp_add97_f0.3_wd1.0_softmax_ce,mlp
mlp_add97_f0.3_wd1.0_softmax_ce_s3,mlp,9500,at,9355,8,1,hook_hidden,0,30.685392529592036,300.0,0.0,0.084905795420734,0.0,0.0560947569122549,mlp_add97_f0.3_wd1.0_softmax_ce,mlp
mlp_add97_f0.3_wd1.0_softmax_ce_s3,mlp,9500,at,9355,8,1,hook_hidden,1,30.115056603043868,300.0,0.0,0.0862036358917281,0.0,0.0486957889457018,mlp_add97_f0.3_wd1.0_softmax_ce,mlp
mlp_add97_f0.3_wd1.0_softmax_ce_s3,mlp,9500,at,9355,8,1,hook_hidden,2,30.46172432718034,300.0,0.0,0.0882032279440202,0.0,0.0617703030740357,mlp_add97_f0.3_wd1.0_softmax_ce,mlp
mlp_add97_f0.3_wd1.0_softmax_ce_s3,mlp,9500,at,9355,8,2,logits,0,223.5176650955876,300.0,0.0,0.0779132066357986,0.0,0.0476311707913633,mlp_add97_f0.3_wd1.0_softmax_ce,mlp
mlp_add97_f0.3_wd1.0_softmax_ce_s3,mlp,9500,at,9355,8,2,logits,1,223.5176650955876,300.0,0.0,0.0838695179153817,0.0,0.0430152910960638,mlp_add97_f0.3_wd1.0_softmax_ce,mlp
mlp_add97_f0.3_wd1.0_softmax_ce_s3,mlp,9500,at,9355,8,2,logits,2,223.0879354831656,300.0,0.0,0.0771382734202633,0.0,0.0404004272166064,mlp_add97_f0.3_wd1.0_softmax_ce,mlp
mlp_add97_f0.3_wd1.0_softmax_ce_s3,mlp,9500,at,9355,4,0,operands,0,4.185776668358299,300.0,0.0,0.1137642252870061,0.0,0.0735668213113194,mlp_add97_f0.3_wd1.0_softmax_ce,mlp
mlp_add97_f0.3_wd1.0_softmax_ce_s3,mlp,9500,at,9355,4,0,operands,1,4.185776668358299,300.0,0.0,0.0992142200711128,0.0,0.0883968950178,mlp_add97_f0.3_wd1.0_softmax_ce,mlp
mlp_add97_f0.3_wd1.0_softmax_ce_s3,mlp,9500,at,9355,4,0,operands,2,4.181302848749023,300.0,0.0,0.1063134422454473,0.0,0.0720395332786382,mlp_add97_f0.3_wd1.0_softmax_ce,mlp
mlp_add97_f0.3_wd1.0_softmax_ce_s3,mlp,9500,at,9355,4,1,hook_hidden,0,28.61008729695571,300.0,0.0,0.0736679494691992,0.0,0.0403398838259275,mlp_add97_f0.3_wd1.0_softmax_ce,mlp
mlp_add97_f0.3_wd1.0_softmax_ce_s3,mlp,9500,at,9355,4,1,hook_hidden,1,30.839072860276055,300.0,0.0,0.0604891222305925,0.0,0.0403250764498667,mlp_add97_f0.3_wd1.0_softmax_ce,mlp
mlp_add97_f0.3_wd1.0_softmax_ce_s3,mlp,9500,at,9355,4,1,hook_hidden,2,31.225209512795477,300.0,0.0,0.0696156964060463,1.0,0.0515096581610568,mlp_add97_f0.3_wd1.0_softmax_ce,mlp
mlp_add97_f0.3_wd1.0_softmax_ce_s3,mlp,9500,at,9355,4,2,logits,0,214.3085984238572,300.0,0.0,0.0722248613789332,0.0,0.0397919083537846,mlp_add97_f0.3_wd1.0_softmax_ce,mlp
mlp_add97_f0.3_wd1.0_softmax_ce_s3,mlp,9500,at,9355,4,2,logits,1,220.29675105244183,300.0,0.0,0.0616210660822017,0.0,0.0499794876842396,mlp_add97_f0.3_wd1.0_softmax_ce,mlp
mlp_add97_f0.3_wd1.0_softmax_ce_s3,mlp,9500,at,9355,4,2,logits,2,213.3666489879219,300.0,0.0,0.0639248856081649,0.0,0.049288479193182,mlp_add97_f0.3_wd1.0_softmax_ce,mlp
mlp_add97_f0.3_wd1.0_softmax_ce_s3,mlp,9500,at,9355,2,0,operands,0,3.1967456257047986,300.0,2.0,0.2487803575293966,1.0,0.1957034557986871,mlp_add97_f0.3_wd1.0_softmax_ce,mlp
mlp_add97_f0.3_wd1.0_softmax_ce_s3,mlp,9500,at,9355,2,0,operands,1,3.206675115498116,300.0,2.0,0.2330734885097556,1.0,0.2124993917351665,mlp_add97_f0.3_wd1.0_softmax_ce,mlp
mlp_add97_f0.3_wd1.0_softmax_ce_s3,mlp,9500,at,9355,2,0,operands,2,3.123289523989525,300.0,2.0,0.2445128114773508,1.0,0.2250488134677258,mlp_add97_f0.3_wd1.0_softmax_ce,mlp
mlp_add97_f0.3_wd1.0_softmax_ce_s3,mlp,9500,at,9355,2,1,hook_hidden,0,26.642780923239016,300.0,0.0,0.0289705340801873,0.0,0.0,mlp_add97_f0.3_wd1.0_softmax_ce,mlp
mlp_add97_f0.3_wd1.0_softmax_ce_s3,mlp,9500,at,9355,2,1,hook_hidden,1,26.63537646608044,300.0,0.0,0.0294479035818437,0.0,0.0,mlp_add97_f0.3_wd1.0_softmax_ce,mlp
mlp_add97_f0.3_wd1.0_softmax_ce_s3,mlp,9500,at,9355,2,1,hook_hidden,2,26.642780923239016,300.0,0.0,0.0290012505348669,0.0,0.0,mlp_add97_f0.3_wd1.0_softmax_ce,mlp
mlp_add97_f0.3_wd1.0_softmax_ce_s3,mlp,9500,at,9355,2,2,logits,0,203.0603826978562,300.0,0.0,0.0310903628462917,0.0,0.0,mlp_add97_f0.3_wd1.0_softmax_ce,mlp
mlp_add97_f0.3_wd1.0_softmax_ce_s3,mlp,9500,at,9355,2,2,logits,1,203.0603826978562,300.0,0.0,0.0276115387038914,0.0,0.0,mlp_add97_f0.3_wd1.0_softmax_ce,mlp
mlp_add97_f0.3_wd1.0_softmax_ce_s3,mlp,9500,at,9355,2,2,logits,2,199.9492468149668,300.0,0.0,0.0305425998379749,0.0,0.0,mlp_add97_f0.3_wd1.0_softmax_ce,mlp
mlp_add97_f0.3_wd1.0_softmax_ce_s3,mlp,9500,after,60000,8,0,operands,0,4.84059765896742,300.0,0.0,0.0796773348846359,0.0,0.0637141280802721,mlp_add97_f0.3_wd1.0_softmax_ce,mlp
mlp_add97_f0.3_wd1.0_softmax_ce_s3,mlp,9500,after,60000,8,0,operands,1,4.823830860802887,300.0,0.0,0.096177394032446,0.0,0.0614964065887458,mlp_add97_f0.3_wd1.0_softmax_ce,mlp
mlp_add97_f0.3_wd1.0_softmax_ce_s3,mlp,9500,after,60000,8,0,operands,2,4.841102103336735,300.0,0.0,0.0839503311350671,0.0,0.0803854551047988,mlp_add97_f0.3_wd1.0_softmax_ce,mlp
mlp_add97_f0.3_wd1.0_softmax_ce_s3,mlp,9500,after,60000,8,1,hook_hidden,0,30.200912015738584,300.0,0.0,0.1216072658767825,0.0,0.0572153837920555,mlp_add97_f0.3_wd1.0_softmax_ce,mlp
mlp_add97_f0.3_wd1.0_softmax_ce_s3,mlp,9500,after,60000,8,1,hook_hidden,1,30.14748394750869,300.0,0.0,0.1280938316586361,0.0,0.0556748070819325,mlp_add97_f0.3_wd1.0_softmax_ce,mlp
mlp_add97_f0.3_wd1.0_softmax_ce_s3,mlp,9500,after,60000,8,1,hook_hidden,2,30.26648419688661,300.0,0.0,0.1256376018190244,0.0,0.0598322278467727,mlp_add97_f0.3_wd1.0_softmax_ce,mlp
mlp_add97_f0.3_wd1.0_softmax_ce_s3,mlp,9500,after,60000,8,2,logits,0,194.97741024791608,300.0,0.0,0.123346033861064,0.0,0.0616087465081192,mlp_add97_f0.3_wd1.0_softmax_ce,mlp
mlp_add97_f0.3_wd1.0_softmax_ce_s3,mlp,9500,after,60000,8,2,logits,1,194.4795051949064,300.0,0.0,0.1180397598395129,0.0,0.0601466778252811,mlp_add97_f0.3_wd1.0_softmax_ce,mlp
mlp_add97_f0.3_wd1.0_softmax_ce_s3,mlp,9500,after,60000,8,2,logits,2,193.4230459062276,300.0,0.0,0.1194232306128011,0.0,0.059951415604423,mlp_add97_f0.3_wd1.0_softmax_ce,mlp
mlp_add97_f0.3_wd1.0_softmax_ce_s3,mlp,9500,after,60000,4,0,operands,0,3.6973576044343184,300.0,0.0,0.1562467255506753,0.0,0.0864254690094517,mlp_add97_f0.3_wd1.0_softmax_ce,mlp
mlp_add97_f0.3_wd1.0_softmax_ce_s3,mlp,9500,after,60000,4,0,operands,1,3.693612527003124,300.0,0.0,0.156166286180212,0.0,0.0989376944543499,mlp_add97_f0.3_wd1.0_softmax_ce,mlp
mlp_add97_f0.3_wd1.0_softmax_ce_s3,mlp,9500,after,60000,4,0,operands,2,3.706114962023604,300.0,0.0,0.1576601705306798,0.0,0.0855835677370265,mlp_add97_f0.3_wd1.0_softmax_ce,mlp
mlp_add97_f0.3_wd1.0_softmax_ce_s3,mlp,9500,after,60000,4,1,hook_hidden,0,25.813358761248494,300.0,2.0,0.3381651350585632,1.0,0.1872762670682186,mlp_add97_f0.3_wd1.0_softmax_ce,mlp
mlp_add97_f0.3_wd1.0_softmax_ce_s3,mlp,9500,after,60000,4,1,hook_hidden,1,25.372881350252836,300.0,2.0,0.3712568713925531,1.0,0.1872920174976512,mlp_add97_f0.3_wd1.0_softmax_ce,mlp
mlp_add97_f0.3_wd1.0_softmax_ce_s3,mlp,9500,after,60000,4,1,hook_hidden,2,25.347092253949626,300.0,2.0,0.3608347982174799,1.0,0.1948045116454025,mlp_add97_f0.3_wd1.0_softmax_ce,mlp
mlp_add97_f0.3_wd1.0_softmax_ce_s3,mlp,9500,after,60000,4,2,logits,0,169.16064142353483,300.0,0.0,0.342740387234495,1.0,0.1517989833511042,mlp_add97_f0.3_wd1.0_softmax_ce,mlp
mlp_add97_f0.3_wd1.0_softmax_ce_s3,mlp,9500,after,60000,4,2,logits,1,169.56615107630208,300.0,0.0,0.3421913534714613,1.0,0.1534398213057659,mlp_add97_f0.3_wd1.0_softmax_ce,mlp
mlp_add97_f0.3_wd1.0_softmax_ce_s3,mlp,9500,after,60000,4,2,logits,2,167.83376376726036,300.0,0.0,0.3464779344484009,1.0,0.159207660232516,mlp_add97_f0.3_wd1.0_softmax_ce,mlp
mlp_add97_f0.3_wd1.0_softmax_ce_s3,mlp,9500,after,60000,2,0,operands,0,2.722552553440484,300.0,2.0,0.4754157724396378,1.0,0.4261663629756418,mlp_add97_f0.3_wd1.0_softmax_ce,mlp
mlp_add97_f0.3_wd1.0_softmax_ce_s3,mlp,9500,after,60000,2,0,operands,1,2.7132333915971563,300.0,2.0,0.475463104115196,1.0,0.4171689873019113,mlp_add97_f0.3_wd1.0_softmax_ce,mlp
mlp_add97_f0.3_wd1.0_softmax_ce_s3,mlp,9500,after,60000,2,0,operands,2,2.7197312948910457,300.0,2.0,0.4833348080752683,1.0,0.4239740469751447,mlp_add97_f0.3_wd1.0_softmax_ce,mlp
mlp_add97_f0.3_wd1.0_softmax_ce_s3,mlp,9500,after,60000,2,1,hook_hidden,0,19.742460344957568,300.0,1.0,0.584541898102926,0.0,0.0116434726061042,mlp_add97_f0.3_wd1.0_softmax_ce,mlp
mlp_add97_f0.3_wd1.0_softmax_ce_s3,mlp,9500,after,60000,2,1,hook_hidden,1,19.61899536165837,300.0,1.0,0.5982989089469762,0.0,0.0164680086292043,mlp_add97_f0.3_wd1.0_softmax_ce,mlp
mlp_add97_f0.3_wd1.0_softmax_ce_s3,mlp,9500,after,60000,2,1,hook_hidden,2,19.7465738191247,300.0,1.0,0.5844201302448927,0.0,0.0147318260927332,mlp_add97_f0.3_wd1.0_softmax_ce,mlp
mlp_add97_f0.3_wd1.0_softmax_ce_s3,mlp,9500,after,60000,2,2,logits,0,132.49980870488517,300.0,1.0,0.5601826496168775,0.0,0.0136372313262484,mlp_add97_f0.3_wd1.0_softmax_ce,mlp
mlp_add97_f0.3_wd1.0_softmax_ce_s3,mlp,9500,after,60000,2,2,logits,1,131.67465174515016,300.0,1.0,0.5687078927242,0.0,0.012645389126947,mlp_add97_f0.3_wd1.0_softmax_ce,mlp
mlp_add97_f0.3_wd1.0_softmax_ce_s3,mlp,9500,after,60000,2,2,logits,2,133.68186200104884,300.0,1.0,0.5687028981927852,0.0,0.0135166470226006,mlp_add97_f0.3_wd1.0_softmax_ce,mlp
mlp_add97_f0.3_wd1.0_softmax_ce_s4,mlp,12100,init,0,8,0,operands,0,20.496972441387022,300.0,0.0,0.0822708864555176,0.0,0.0543393626848348,mlp_add97_f0.3_wd1.0_softmax_ce,mlp
mlp_add97_f0.3_wd1.0_softmax_ce_s4,mlp,12100,init,0,8,0,operands,1,19.58093298121105,300.0,0.0,0.089185120990934,0.0,0.0498969993591496,mlp_add97_f0.3_wd1.0_softmax_ce,mlp
mlp_add97_f0.3_wd1.0_softmax_ce_s4,mlp,12100,init,0,8,0,operands,2,20.496972441387022,300.0,0.0,0.1001022751605954,1.0,0.0540963957152243,mlp_add97_f0.3_wd1.0_softmax_ce,mlp
mlp_add97_f0.3_wd1.0_softmax_ce_s4,mlp,12100,init,0,8,1,hook_hidden,0,3.115972987432132,300.0,0.0,0.0641523505046922,0.0,0.0478252227978285,mlp_add97_f0.3_wd1.0_softmax_ce,mlp
mlp_add97_f0.3_wd1.0_softmax_ce_s4,mlp,12100,init,0,8,1,hook_hidden,1,3.115972987432132,300.0,0.0,0.0680948608397741,0.0,0.046727003435964,mlp_add97_f0.3_wd1.0_softmax_ce,mlp
mlp_add97_f0.3_wd1.0_softmax_ce_s4,mlp,12100,init,0,8,1,hook_hidden,2,3.187853861948565,300.0,0.0,0.0734097383483934,0.0,0.0473890054007768,mlp_add97_f0.3_wd1.0_softmax_ce,mlp
mlp_add97_f0.3_wd1.0_softmax_ce_s4,mlp,12100,init,0,8,2,logits,0,1.413255124112022,300.0,0.0,0.0665154214068142,0.0,0.0464382289630896,mlp_add97_f0.3_wd1.0_softmax_ce,mlp
mlp_add97_f0.3_wd1.0_softmax_ce_s4,mlp,12100,init,0,8,2,logits,1,1.4460261233245335,300.0,0.0,0.0717856963972195,1.0,0.0520625212632833,mlp_add97_f0.3_wd1.0_softmax_ce,mlp
mlp_add97_f0.3_wd1.0_softmax_ce_s4,mlp,12100,init,0,8,2,logits,2,1.413255124112022,300.0,0.0,0.0704708442564375,0.0,0.0522562453970592,mlp_add97_f0.3_wd1.0_softmax_ce,mlp
mlp_add97_f0.3_wd1.0_softmax_ce_s4,mlp,12100,init,0,4,0,operands,0,17.095047349779026,300.0,0.0,0.0937293291358929,1.0,0.0517309283996867,mlp_add97_f0.3_wd1.0_softmax_ce,mlp
mlp_add97_f0.3_wd1.0_softmax_ce_s4,mlp,12100,init,0,4,0,operands,1,17.095047349779026,300.0,0.0,0.088886830389471,0.0,0.0541587884832503,mlp_add97_f0.3_wd1.0_softmax_ce,mlp
mlp_add97_f0.3_wd1.0_softmax_ce_s4,mlp,12100,init,0,4,0,operands,2,17.095047349779026,300.0,0.0,0.1071173285847525,0.0,0.0516707346741972,mlp_add97_f0.3_wd1.0_softmax_ce,mlp
mlp_add97_f0.3_wd1.0_softmax_ce_s4,mlp,12100,init,0,4,1,hook_hidden,0,2.9863923760466875,300.0,0.0,0.0662903578916381,0.0,0.0427002586050137,mlp_add97_f0.3_wd1.0_softmax_ce,mlp
mlp_add97_f0.3_wd1.0_softmax_ce_s4,mlp,12100,init,0,4,1,hook_hidden,1,2.9863923760466875,300.0,0.0,0.0585801848122517,0.0,0.0393469299322742,mlp_add97_f0.3_wd1.0_softmax_ce,mlp
mlp_add97_f0.3_wd1.0_softmax_ce_s4,mlp,12100,init,0,4,1,hook_hidden,2,2.9863923760466875,300.0,0.0,0.0559817757214357,0.0,0.0398697891826879,mlp_add97_f0.3_wd1.0_softmax_ce,mlp
mlp_add97_f0.3_wd1.0_softmax_ce_s4,mlp,12100,init,0,4,2,logits,0,1.3580676950339772,300.0,0.0,0.0606246236208593,0.0,0.0369214154433389,mlp_add97_f0.3_wd1.0_softmax_ce,mlp
mlp_add97_f0.3_wd1.0_softmax_ce_s4,mlp,12100,init,0,4,2,logits,1,1.3580676950339772,300.0,0.0,0.0704749742365818,0.0,0.0367540765027262,mlp_add97_f0.3_wd1.0_softmax_ce,mlp
mlp_add97_f0.3_wd1.0_softmax_ce_s4,mlp,12100,init,0,4,2,logits,2,1.3580676950339772,300.0,0.0,0.0529587972358333,0.0,0.037243562928513,mlp_add97_f0.3_wd1.0_softmax_ce,mlp
mlp_add97_f0.3_wd1.0_softmax_ce_s4,mlp,12100,init,0,2,0,operands,0,16.984650723263403,300.0,0.0,0.0626365789762879,0.0,0.0383053538488646,mlp_add97_f0.3_wd1.0_softmax_ce,mlp
mlp_add97_f0.3_wd1.0_softmax_ce_s4,mlp,12100,init,0,2,0,operands,1,16.984650723263403,300.0,0.0,0.065937856343018,0.0,0.0384314368465301,mlp_add97_f0.3_wd1.0_softmax_ce,mlp
mlp_add97_f0.3_wd1.0_softmax_ce_s4,mlp,12100,init,0,2,0,operands,2,16.984650723263403,300.0,0.0,0.0644385888470639,0.0,0.0391136213845558,mlp_add97_f0.3_wd1.0_softmax_ce,mlp
mlp_add97_f0.3_wd1.0_softmax_ce_s4,mlp,12100,init,0,2,1,hook_hidden,0,2.701221486650533,300.0,0.0,0.0255434388274324,0.0,0.0,mlp_add97_f0.3_wd1.0_softmax_ce,mlp
mlp_add97_f0.3_wd1.0_softmax_ce_s4,mlp,12100,init,0,2,1,hook_hidden,1,2.701221486650533,300.0,0.0,0.0392358376863775,0.0,0.0,mlp_add97_f0.3_wd1.0_softmax_ce,mlp
mlp_add97_f0.3_wd1.0_softmax_ce_s4,mlp,12100,init,0,2,1,hook_hidden,2,2.701221486650533,300.0,0.0,0.0241492187877195,0.0,0.0,mlp_add97_f0.3_wd1.0_softmax_ce,mlp
mlp_add97_f0.3_wd1.0_softmax_ce_s4,mlp,12100,init,0,2,2,logits,0,1.3034352771084452,300.0,0.0,0.0312887163822671,0.0,0.0,mlp_add97_f0.3_wd1.0_softmax_ce,mlp
mlp_add97_f0.3_wd1.0_softmax_ce_s4,mlp,12100,init,0,2,2,logits,1,1.3034352771084452,300.0,0.0,0.0424908990182141,0.0,0.0,mlp_add97_f0.3_wd1.0_softmax_ce,mlp
mlp_add97_f0.3_wd1.0_softmax_ce_s4,mlp,12100,init,0,2,2,logits,2,1.3034352771084452,300.0,0.0,0.0399792570364127,0.0,0.0,mlp_add97_f0.3_wd1.0_softmax_ce,mlp
mlp_add97_f0.3_wd1.0_softmax_ce_s4,mlp,12100,before,10854,8,0,operands,0,4.419290872765695,300.0,0.0,0.0840573834872267,0.0,0.0555061696197982,mlp_add97_f0.3_wd1.0_softmax_ce,mlp
mlp_add97_f0.3_wd1.0_softmax_ce_s4,mlp,12100,before,10854,8,0,operands,1,4.483165860958453,300.0,0.0,0.0952037226642825,0.0,0.0601155284764838,mlp_add97_f0.3_wd1.0_softmax_ce,mlp
mlp_add97_f0.3_wd1.0_softmax_ce_s4,mlp,12100,before,10854,8,0,operands,2,4.40991356521169,300.0,0.0,0.0902131952845073,0.0,0.0587501925367497,mlp_add97_f0.3_wd1.0_softmax_ce,mlp
mlp_add97_f0.3_wd1.0_softmax_ce_s4,mlp,12100,before,10854,8,1,hook_hidden,0,24.76567813540454,300.0,0.0,0.0869340156565785,0.0,0.053256583045129,mlp_add97_f0.3_wd1.0_softmax_ce,mlp
mlp_add97_f0.3_wd1.0_softmax_ce_s4,mlp,12100,before,10854,8,1,hook_hidden,1,24.985088569248976,300.0,0.0,0.0842847769643097,0.0,0.0544287504324597,mlp_add97_f0.3_wd1.0_softmax_ce,mlp
mlp_add97_f0.3_wd1.0_softmax_ce_s4,mlp,12100,before,10854,8,1,hook_hidden,2,24.87533579470812,300.0,0.0,0.0891672298741601,0.0,0.0602100621385235,mlp_add97_f0.3_wd1.0_softmax_ce,mlp
mlp_add97_f0.3_wd1.0_softmax_ce_s4,mlp,12100,before,10854,8,2,logits,0,163.0037583105146,300.0,0.0,0.0742192386048965,1.0,0.0513861339879768,mlp_add97_f0.3_wd1.0_softmax_ce,mlp
mlp_add97_f0.3_wd1.0_softmax_ce_s4,mlp,12100,before,10854,8,2,logits,1,161.16326788915947,300.0,0.0,0.0759463462912466,1.0,0.0548322025634353,mlp_add97_f0.3_wd1.0_softmax_ce,mlp
mlp_add97_f0.3_wd1.0_softmax_ce_s4,mlp,12100,before,10854,8,2,logits,2,165.65774387762085,300.0,0.0,0.0699001557951146,0.0,0.0533803297283042,mlp_add97_f0.3_wd1.0_softmax_ce,mlp
mlp_add97_f0.3_wd1.0_softmax_ce_s4,mlp,12100,before,10854,4,0,operands,0,3.622749254241416,300.0,0.0,0.1059012406939009,0.0,0.0776370422032032,mlp_add97_f0.3_wd1.0_softmax_ce,mlp
mlp_add97_f0.3_wd1.0_softmax_ce_s4,mlp,12100,before,10854,4,0,operands,1,3.675463333117876,300.0,0.0,0.094505708486279,0.0,0.0786247839729009,mlp_add97_f0.3_wd1.0_softmax_ce,mlp
mlp_add97_f0.3_wd1.0_softmax_ce_s4,mlp,12100,before,10854,4,0,operands,2,3.7067946844243536,300.0,0.0,0.0989952433641093,0.0,0.082171973873633,mlp_add97_f0.3_wd1.0_softmax_ce,mlp
mlp_add97_f0.3_wd1.0_softmax_ce_s4,mlp,12100,before,10854,4,1,hook_hidden,0,23.182247930793164,300.0,0.0,0.068096439342371,0.0,0.0432994444990071,mlp_add97_f0.3_wd1.0_softmax_ce,mlp
mlp_add97_f0.3_wd1.0_softmax_ce_s4,mlp,12100,before,10854,4,1,hook_hidden,1,23.182247930793164,300.0,0.0,0.0613887439205462,0.0,0.0385673460370052,mlp_add97_f0.3_wd1.0_softmax_ce,mlp
mlp_add97_f0.3_wd1.0_softmax_ce_s4,mlp,12100,before,10854,4,1,hook_hidden,2,23.182247930793164,300.0,0.0,0.0625615097150141,0.0,0.0388729612007172,mlp_add97_f0.3_wd1.0_softmax_ce,mlp
mlp_add97_f0.3_wd1.0_softmax_ce_s4,mlp,12100,before,10854,4,2,logits,0,159.1023858536325,300.0,0.0,0.0623956790691564,0.0,0.0439386953814174,mlp_add97_f0.3_wd1.0_softmax_ce,mlp
mlp_add97_f0.3_wd1.0_softmax_ce_s4,mlp,12100,before,10854,4,2,logits,1,159.1023858536325,300.0,0.0,0.0641812710823663,0.0,0.0396864746257235,mlp_add97_f0.3_wd1.0_softmax_ce,mlp
mlp_add97_f0.3_wd1.0_softmax_ce_s4,mlp,12100,before,10854,4,2,logits,2,159.1023858536325,300.0,0.0,0.0665473549279427,0.0,0.0337953612610713,mlp_add97_f0.3_wd1.0_softmax_ce,mlp
mlp_add97_f0.3_wd1.0_softmax_ce_s4,mlp,12100,before,10854,2,0,operands,0,3.0847391339709267,300.0,0.0,0.0674010963073507,0.0,0.0496128416108973,mlp_add97_f0.3_wd1.0_softmax_ce,mlp
mlp_add97_f0.3_wd1.0_softmax_ce_s4,mlp,12100,before,10854,2,0,operands,1,3.092916998594461,300.0,0.0,0.0664155976940907,0.0,0.0396291142181762,mlp_add97_f0.3_wd1.0_softmax_ce,mlp
mlp_add97_f0.3_wd1.0_softmax_ce_s4,mlp,12100,before,10854,2,0,operands,2,3.0755786406663805,300.0,0.0,0.0732108300442945,0.0,0.0575507811065592,mlp_add97_f0.3_wd1.0_softmax_ce,mlp
mlp_add97_f0.3_wd1.0_softmax_ce_s4,mlp,12100,before,10854,2,1,hook_hidden,0,21.66591686927508,300.0,0.0,0.026120412116945,0.0,0.0,mlp_add97_f0.3_wd1.0_softmax_ce,mlp
mlp_add97_f0.3_wd1.0_softmax_ce_s4,mlp,12100,before,10854,2,1,hook_hidden,1,21.66591686927508,300.0,0.0,0.029232630543296,0.0,0.0,mlp_add97_f0.3_wd1.0_softmax_ce,mlp
mlp_add97_f0.3_wd1.0_softmax_ce_s4,mlp,12100,before,10854,2,1,hook_hidden,2,21.66591686927508,300.0,0.0,0.0363249254681459,0.0,6.215237245164785e-05,mlp_add97_f0.3_wd1.0_softmax_ce,mlp
mlp_add97_f0.3_wd1.0_softmax_ce_s4,mlp,12100,before,10854,2,2,logits,0,147.47154120368788,300.0,0.0,0.0285580632302555,0.0,0.0,mlp_add97_f0.3_wd1.0_softmax_ce,mlp
mlp_add97_f0.3_wd1.0_softmax_ce_s4,mlp,12100,before,10854,2,2,logits,1,147.47154120368788,300.0,0.0,0.0347202242416813,0.0,0.0,mlp_add97_f0.3_wd1.0_softmax_ce,mlp
mlp_add97_f0.3_wd1.0_softmax_ce_s4,mlp,12100,before,10854,2,2,logits,2,147.47154120368788,300.0,0.0,0.0340290649446416,0.0,0.0,mlp_add97_f0.3_wd1.0_softmax_ce,mlp
mlp_add97_f0.3_wd1.0_softmax_ce_s4,mlp,12100,at,11692,8,0,operands,0,4.420881454929766,300.0,0.0,0.0872778313196644,0.0,0.0623407687844742,mlp_add97_f0.3_wd1.0_softmax_ce,mlp
mlp_add97_f0.3_wd1.0_softmax_ce_s4,mlp,12100,at,11692,8,0,operands,1,4.598535879557287,300.0,0.0,0.0783539942675431,0.0,0.056223831417769,mlp_add97_f0.3_wd1.0_softmax_ce,mlp
mlp_add97_f0.3_wd1.0_softmax_ce_s4,mlp,12100,at,11692,8,0,operands,2,4.586755270666736,300.0,0.0,0.0795946263338722,0.0,0.0580316938057406,mlp_add97_f0.3_wd1.0_softmax_ce,mlp
mlp_add97_f0.3_wd1.0_softmax_ce_s4,mlp,12100,at,11692,8,1,hook_hidden,0,27.59504057225007,300.0,0.0,0.0764734568022375,0.0,0.0450404563001081,mlp_add97_f0.3_wd1.0_softmax_ce,mlp
mlp_add97_f0.3_wd1.0_softmax_ce_s4,mlp,12100,at,11692,8,1,hook_hidden,1,27.63974229809787,300.0,0.0,0.0889362209732824,1.0,0.0542009151507356,mlp_add97_f0.3_wd1.0_softmax_ce,mlp
mlp_add97_f0.3_wd1.0_softmax_ce_s4,mlp,12100,at,11692,8,1,hook_hidden,2,27.59504057225007,300.0,0.0,0.0909768536571225,0.0,0.0471504252232233,mlp_add97_f0.3_wd1.0_softmax_ce,mlp
mlp_add97_f0.3_wd1.0_softmax_ce_s4,mlp,12100,at,11692,8,2,logits,0,187.18381486261077,300.0,0.0,0.0927378677226447,0.0,0.0446173941847714,mlp_add97_f0.3_wd1.0_softmax_ce,mlp
mlp_add97_f0.3_wd1.0_softmax_ce_s4,mlp,12100,at,11692,8,2,logits,1,187.3203188085644,300.0,0.0,0.0805908206530514,0.0,0.0473726880850599,mlp_add97_f0.3_wd1.0_softmax_ce,mlp
mlp_add97_f0.3_wd1.0_softmax_ce_s4,mlp,12100,at,11692,8,2,logits,2,189.0328192590943,300.0,0.0,0.0815494153876487,0.0,0.0483019478688137,mlp_add97_f0.3_wd1.0_softmax_ce,mlp
mlp_add97_f0.3_wd1.0_softmax_ce_s4,mlp,12100,at,11692,4,0,operands,0,3.67908471034766,300.0,0.0,0.10941122731666,0.0,0.0846030460331594,mlp_add97_f0.3_wd1.0_softmax_ce,mlp
mlp_add97_f0.3_wd1.0_softmax_ce_s4,mlp,12100,at,11692,4,0,operands,1,3.679184595306047,300.0,0.0,0.1178021268853045,0.0,0.0785735136627882,mlp_add97_f0.3_wd1.0_softmax_ce,mlp
mlp_add97_f0.3_wd1.0_softmax_ce_s4,mlp,12100,at,11692,4,0,operands,2,3.643282576285809,300.0,0.0,0.1176422302095845,0.0,0.0808477649348491,mlp_add97_f0.3_wd1.0_softmax_ce,mlp
mlp_add97_f0.3_wd1.0_softmax_ce_s4,mlp,12100,at,11692,4,1,hook_hidden,0,25.200199585123872,300.0,0.0,0.0644234728224542,1.0,0.0604391987843798,mlp_add97_f0.3_wd1.0_softmax_ce,mlp
mlp_add97_f0.3_wd1.0_softmax_ce_s4,mlp,12100,at,11692,4,1,hook_hidden,1,25.344815617532326,300.0,0.0,0.0618075383698469,0.0,0.0446549347497947,mlp_add97_f0.3_wd1.0_softmax_ce,mlp
mlp_add97_f0.3_wd1.0_softmax_ce_s4,mlp,12100,at,11692,4,1,hook_hidden,2,25.34105510310415,300.0,0.0,0.0590698644775531,0.0,0.0482350568035784,mlp_add97_f0.3_wd1.0_softmax_ce,mlp
mlp_add97_f0.3_wd1.0_softmax_ce_s4,mlp,12100,at,11692,4,2,logits,0,181.3645395923668,300.0,0.0,0.0566055165319976,1.0,0.0505730254299745,mlp_add97_f0.3_wd1.0_softmax_ce,mlp
mlp_add97_f0.3_wd1.0_softmax_ce_s4,mlp,12100,at,11692,4,2,logits,1,172.98890629349816,300.0,0.0,0.0777752866820156,0.0,0.0403728685831309,mlp_add97_f0.3_wd1.0_softmax_ce,mlp
mlp_add97_f0.3_wd1.0_softmax_ce_s4,mlp,12100,at,11692,4,2,logits,2,181.6302509835498,300.0,0.0,0.0679061905650618,0.0,0.038055726899003,mlp_add97_f0.3_wd1.0_softmax_ce,mlp
mlp_add97_f0.3_wd1.0_softmax_ce_s4,mlp,12100,at,11692,2,0,operands,0,3.343437036675837,300.0,0.0,0.069341144139416,0.0,0.0444981163984146,mlp_add97_f0.3_wd1.0_softmax_ce,mlp
mlp_add97_f0.3_wd1.0_softmax_ce_s4,mlp,12100,at,11692,2,0,operands,1,3.354434887231572,300.0,0.0,0.0692850412233555,1.0,0.0557415973437064,mlp_add97_f0.3_wd1.0_softmax_ce,mlp
mlp_add97_f0.3_wd1.0_softmax_ce_s4,mlp,12100,at,11692,2,0,operands,2,3.3878856454706385,300.0,0.0,0.0710469123165024,0.0,0.0427152420750159,mlp_add97_f0.3_wd1.0_softmax_ce,mlp
mlp_add97_f0.3_wd1.0_softmax_ce_s4,mlp,12100,at,11692,2,1,hook_hidden,0,24.19845385795476,300.0,0.0,0.0316210281951782,0.0,0.0,mlp_add97_f0.3_wd1.0_softmax_ce,mlp
mlp_add97_f0.3_wd1.0_softmax_ce_s4,mlp,12100,at,11692,2,1,hook_hidden,1,24.19845385795476,300.0,0.0,0.0307955151609214,0.0,0.0,mlp_add97_f0.3_wd1.0_softmax_ce,mlp
mlp_add97_f0.3_wd1.0_softmax_ce_s4,mlp,12100,at,11692,2,1,hook_hidden,2,23.73260340400872,300.0,0.0,0.0310765974550098,0.0,0.0,mlp_add97_f0.3_wd1.0_softmax_ce,mlp
mlp_add97_f0.3_wd1.0_softmax_ce_s4,mlp,12100,at,11692,2,2,logits,0,168.57974013315544,300.0,0.0,0.0276647185915145,0.0,0.0,mlp_add97_f0.3_wd1.0_softmax_ce,mlp
mlp_add97_f0.3_wd1.0_softmax_ce_s4,mlp,12100,at,11692,2,2,logits,1,170.44461303618164,300.0,0.0,0.027499792471374,0.0,0.0,mlp_add97_f0.3_wd1.0_softmax_ce,mlp
mlp_add97_f0.3_wd1.0_softmax_ce_s4,mlp,12100,at,11692,2,2,logits,2,170.44461303618164,300.0,0.0,0.0291274574044196,0.0,0.0,mlp_add97_f0.3_wd1.0_softmax_ce,mlp
mlp_add97_f0.3_wd1.0_softmax_ce_s4,mlp,12100,after,60000,8,0,operands,0,4.564471078901875,300.0,0.0,0.077057508815593,0.0,0.0670559832321266,mlp_add97_f0.3_wd1.0_softmax_ce,mlp
mlp_add97_f0.3_wd1.0_softmax_ce_s4,mlp,12100,after,60000,8,0,operands,1,4.570238006458485,300.0,0.0,0.0911084540840973,0.0,0.057342577113256,mlp_add97_f0.3_wd1.0_softmax_ce,mlp
mlp_add97_f0.3_wd1.0_softmax_ce_s4,mlp,12100,after,60000,8,0,operands,2,4.567667004201779,300.0,0.0,0.0777198403072883,0.0,0.0596778901806206,mlp_add97_f0.3_wd1.0_softmax_ce,mlp
mlp_add97_f0.3_wd1.0_softmax_ce_s4,mlp,12100,after,60000,8,1,hook_hidden,0,27.811770043857692,300.0,0.0,0.2072519241033379,1.0,0.0651622944063152,mlp_add97_f0.3_wd1.0_softmax_ce,mlp
mlp_add97_f0.3_wd1.0_softmax_ce_s4,mlp,12100,after,60000,8,1,hook_hidden,1,28.13299616051229,300.0,0.0,0.2058216441360904,0.0,0.0642021922286762,mlp_add97_f0.3_wd1.0_softmax_ce,mlp
mlp_add97_f0.3_wd1.0_softmax_ce_s4,mlp,12100,after,60000,8,1,hook_hidden,2,27.87605575970901,300.0,0.0,0.2036644814802833,1.0,0.0655403802263108,mlp_add97_f0.3_wd1.0_softmax_ce,mlp
mlp_add97_f0.3_wd1.0_softmax_ce_s4,mlp,12100,after,60000,8,2,logits,0,176.48888660940327,300.0,0.0,0.2387658915909457,1.0,0.0780466176730041,mlp_add97_f0.3_wd1.0_softmax_ce,mlp
mlp_add97_f0.3_wd1.0_softmax_ce_s4,mlp,12100,after,60000,8,2,logits,1,176.67005308019336,300.0,0.0,0.2219348183883877,1.0,0.0725860645363071,mlp_add97_f0.3_wd1.0_softmax_ce,mlp
mlp_add97_f0.3_wd1.0_softmax_ce_s4,mlp,12100,after,60000,8,2,logits,2,176.48888660940327,300.0,0.0,0.2361145424676394,1.0,0.0735982925056966,mlp_add97_f0.3_wd1.0_softmax_ce,mlp
mlp_add97_f0.3_wd1.0_softmax_ce_s4,mlp,12100,after,60000,4,0,operands,0,3.695489927179564,300.0,0.0,0.1573046911414519,0.0,0.0991085928349652,mlp_add97_f0.3_wd1.0_softmax_ce,mlp
mlp_add97_f0.3_wd1.0_softmax_ce_s4,mlp,12100,after,60000,4,0,operands,1,3.694013689395688,300.0,0.0,0.156081138344749,0.0,0.1026455302948162,mlp_add97_f0.3_wd1.0_softmax_ce,mlp
mlp_add97_f0.3_wd1.0_softmax_ce_s4,mlp,12100,after,60000,4,0,operands,2,3.696665148528491,300.0,0.0,0.1526118381542114,0.0,0.0943704550651297,mlp_add97_f0.3_wd1.0_softmax_ce,mlp
mlp_add97_f0.3_wd1.0_softmax_ce_s4,mlp,12100,after,60000,4,1,hook_hidden,0,23.411630978785997,300.0,2.0,0.44097307024964,1.0,0.2442230104243049,mlp_add97_f0.3_wd1.0_softmax_ce,mlp
mlp_add97_f0.3_wd1.0_softmax_ce_s4,mlp,12100,after,60000,4,1,hook_hidden,1,23.43231721941969,300.0,2.0,0.4160749990212531,1.0,0.2465550501756646,mlp_add97_f0.3_wd1.0_softmax_ce,mlp
mlp_add97_f0.3_wd1.0_softmax_ce_s4,mlp,12100,after,60000,4,1,hook_hidden,2,23.34468458080273,300.0,2.0,0.4236009132559172,1.0,0.2471803828438611,mlp_add97_f0.3_wd1.0_softmax_ce,mlp
mlp_add97_f0.3_wd1.0_softmax_ce_s4,mlp,12100,after,60000,4,2,logits,0,155.18207552265537,300.0,2.0,0.4266809037235837,1.0,0.2295947030218948,mlp_add97_f0.3_wd1.0_softmax_ce,mlp
mlp_add97_f0.3_wd1.0_softmax_ce_s4,mlp,12100,after,60000,4,2,logits,1,155.18207552265537,300.0,2.0,0.4279733677198789,1.0,0.2383480108459789,mlp_add97_f0.3_wd1.0_softmax_ce,mlp
mlp_add97_f0.3_wd1.0_softmax_ce_s4,mlp,12100,after,60000,4,2,logits,2,154.53175477700205,300.0,2.0,0.4240296062003106,1.0,0.2252219037754582,mlp_add97_f0.3_wd1.0_softmax_ce,mlp
mlp_add97_f0.3_wd1.0_softmax_ce_s4,mlp,12100,after,60000,2,0,operands,0,2.733315254926701,300.0,2.0,0.4785095693390022,1.0,0.419774505856116,mlp_add97_f0.3_wd1.0_softmax_ce,mlp
mlp_add97_f0.3_wd1.0_softmax_ce_s4,mlp,12100,after,60000,2,0,operands,1,2.7449627278494786,300.0,2.0,0.468586149494924,1.0,0.4265235359539097,mlp_add97_f0.3_wd1.0_softmax_ce,mlp
mlp_add97_f0.3_wd1.0_softmax_ce_s4,mlp,12100,after,60000,2,0,operands,2,2.740462056477845,300.0,2.0,0.4689245738839511,1.0,0.4208521587371702,mlp_add97_f0.3_wd1.0_softmax_ce,mlp
mlp_add97_f0.3_wd1.0_softmax_ce_s4,mlp,12100,after,60000,2,1,hook_hidden,0,18.903985684444272,300.0,1.0,0.6709474849366918,0.0,0.0236220221871069,mlp_add97_f0.3_wd1.0_softmax_ce,mlp
mlp_add97_f0.3_wd1.0_softmax_ce_s4,mlp,12100,after,60000,2,1,hook_hidden,1,18.639521540234284,300.0,1.0,0.6712411580754486,0.0,0.0316907868013346,mlp_add97_f0.3_wd1.0_softmax_ce,mlp
mlp_add97_f0.3_wd1.0_softmax_ce_s4,mlp,12100,after,60000,2,1,hook_hidden,2,18.816629280329675,300.0,1.0,0.6687233227848742,0.0,0.0213109888380324,mlp_add97_f0.3_wd1.0_softmax_ce,mlp
mlp_add97_f0.3_wd1.0_softmax_ce_s4,mlp,12100,after,60000,2,2,logits,0,126.16589147071664,300.0,1.0,0.6698257161755351,0.0,0.0303098255600797,mlp_add97_f0.3_wd1.0_softmax_ce,mlp
mlp_add97_f0.3_wd1.0_softmax_ce_s4,mlp,12100,after,60000,2,2,logits,1,126.4727164815694,300.0,1.0,0.6687926577684362,0.0,0.0369935947458176,mlp_add97_f0.3_wd1.0_softmax_ce,mlp
mlp_add97_f0.3_wd1.0_softmax_ce_s4,mlp,12100,after,60000,2,2,logits,2,126.75026177906167,300.0,1.0,0.6654854635461138,0.0,0.0196069316223759,mlp_add97_f0.3_wd1.0_softmax_ce,mlp
transformer_add113_f0.3_wd0.1_softmax_ce_s0,transformer,13000,init,0,8,0,operands,0,21.675533795013557,300.0,0.0,0.0918795387751271,1.0,0.0536809282605017,transformer_add113_f0.3_wd0.1_softmax_ce,reference
transformer_add113_f0.3_wd0.1_softmax_ce_s0,transformer,13000,init,0,8,0,operands,1,21.675533795013557,300.0,0.0,0.1072837165498288,0.0,0.0448233489491789,transformer_add113_f0.3_wd0.1_softmax_ce,reference
transformer_add113_f0.3_wd0.1_softmax_ce_s0,transformer,13000,init,0,8,0,operands,2,20.58511999748646,300.0,0.0,0.1306356635555225,0.0,0.0560291629430547,transformer_add113_f0.3_wd0.1_softmax_ce,reference
transformer_add113_f0.3_wd0.1_softmax_ce_s0,transformer,13000,init,0,8,1,blocks.0.hook_attn_out,0,4.417081400476662,300.0,0.0,0.0551112174782325,1.0,0.0588238288659225,transformer_add113_f0.3_wd0.1_softmax_ce,reference
transformer_add113_f0.3_wd0.1_softmax_ce_s0,transformer,13000,init,0,8,1,blocks.0.hook_attn_out,1,4.417081400476662,300.0,0.0,0.0555447566987542,0.0,0.046436465795299,transformer_add113_f0.3_wd0.1_softmax_ce,reference
transformer_add113_f0.3_wd0.1_softmax_ce_s0,transformer,13000,init,0,8,1,blocks.0.hook_attn_out,2,4.417081400476662,300.0,0.0,0.0602314009554589,0.0,0.0427886801800002,transformer_add113_f0.3_wd0.1_softmax_ce,reference
transformer_add113_f0.3_wd0.1_softmax_ce_s0,transformer,13000,init,0,8,2,blocks.0.hook_mlp_out,0,1.056482821404973,300.0,0.0,0.06269816646945,0.0,0.0447376945492772,transformer_add113_f0.3_wd0.1_softmax_ce,reference
transformer_add113_f0.3_wd0.1_softmax_ce_s0,transformer,13000,init,0,8,2,blocks.0.hook_mlp_out,1,1.056482821404973,300.0,0.0,0.0646548977590648,0.0,0.04329347845,transformer_add113_f0.3_wd0.1_softmax_ce,reference
transformer_add113_f0.3_wd0.1_softmax_ce_s0,transformer,13000,init,0,8,2,blocks.0.hook_mlp_out,2,1.048748052910235,300.0,0.0,0.0615700499686442,0.0,0.046168067495673,transformer_add113_f0.3_wd0.1_softmax_ce,reference
transformer_add113_f0.3_wd0.1_softmax_ce_s0,transformer,13000,init,0,8,3,blocks.1.hook_attn_out,0,4.770721492889502,300.0,0.0,0.061410411210857,1.0,0.0581734564211037,transformer_add113_f0.3_wd0.1_softmax_ce,reference
transformer_add113_f0.3_wd0.1_softmax_ce_s0,transformer,13000,init,0,8,3,blocks.1.hook_attn_out,1,4.770721492889502,300.0,0.0,0.0686719326457695,0.0,0.0462945604838727,transformer_add113_f0.3_wd0.1_softmax_ce,reference
transformer_add113_f0.3_wd0.1_softmax_ce_s0,transformer,13000,init,0,8,3,blocks.1.hook_attn_out,2,4.770721492889502,300.0,0.0,0.0641287715701819,0.0,0.0471692794118659,transformer_add113_f0.3_wd0.1_softmax_ce,reference
transformer_add113_f0.3_wd0.1_softmax_ce_s0,transformer,13000,init,0,8,4,blocks.1.hook_mlp_out,0,1.3061885944808176,300.0,0.0,0.0694786910415957,0.0,0.0486799016842832,transformer_add113_f0.3_wd0.1_softmax_ce,reference
transformer_add113_f0.3_wd0.1_softmax_ce_s0,transformer,13000,init,0,8,4,blocks.1.hook_mlp_out,1,1.3061885944808176,300.0,0.0,0.0671562936468442,0.0,0.0417067088269093,transformer_add113_f0.3_wd0.1_softmax_ce,reference
transformer_add113_f0.3_wd0.1_softmax_ce_s0,transformer,13000,init,0,8,4,blocks.1.hook_mlp_out,2,1.3061885944808176,300.0,0.0,0.0676079412681427,0.0,0.045893467445785,transformer_add113_f0.3_wd0.1_softmax_ce,reference
transformer_add113_f0.3_wd0.1_softmax_ce_s0,transformer,13000,init,0,8,5,hook_resid_final,0,5.042721546097178,300.0,0.0,0.0653663014709218,0.0,0.0490725909330875,transformer_add113_f0.3_wd0.1_softmax_ce,reference
transformer_add113_f0.3_wd0.1_softmax_ce_s0,transformer,13000,init,0,8,5,hook_resid_final,1,4.803284936441414,300.0,0.0,0.0693485892617504,1.0,0.0547069185410801,transformer_add113_f0.3_wd0.1_softmax_ce,reference
transformer_add113_f0.3_wd0.1_softmax_ce_s0,transformer,13000,init,0,8,5,hook_resid_final,2,5.042721546097178,300.0,0.0,0.0724255453500622,1.0,0.0516119859336812,transformer_add113_f0.3_wd0.1_softmax_ce,reference
transformer_add113_f0.3_wd0.1_softmax_ce_s0,transformer,13000,init,0,8,6,logits,0,2.933901405658283,300.0,0.0,0.0900376699287374,1.0,0.0501397144013417,transformer_add113_f0.3_wd0.1_softmax_ce,reference
transformer_add113_f0.3_wd0.1_softmax_ce_s0,transformer,13000,init,0,8,6,logits,1,2.9645053937134422,300.0,0.0,0.0709804476216894,0.0,0.0468671605148401,transformer_add113_f0.3_wd0.1_softmax_ce,reference
transformer_add113_f0.3_wd0.1_softmax_ce_s0,transformer,13000,init,0,8,6,logits,2,2.9645053937134422,300.0,0.0,0.0688386050035404,1.0,0.056112408181677,transformer_add113_f0.3_wd0.1_softmax_ce,reference
transformer_add113_f0.3_wd0.1_softmax_ce_s0,transformer,13000,init,0,4,0,operands,0,17.543636052078035,300.0,0.0,0.0919679337232673,0.0,0.0573471907573256,transformer_add113_f0.3_wd0.1_softmax_ce,reference
transformer_add113_f0.3_wd0.1_softmax_ce_s0,transformer,13000,init,0,4,0,operands,1,17.724347082235994,300.0,0.0,0.0837557052588046,0.0,0.0563156416101923,transformer_add113_f0.3_wd0.1_softmax_ce,reference
transformer_add113_f0.3_wd0.1_softmax_ce_s0,transformer,13000,init,0,4,0,operands,2,17.724347082235994,300.0,0.0,0.083853847206999,0.0,0.048875282065648,transformer_add113_f0.3_wd0.1_softmax_ce,reference
transformer_add113_f0.3_wd0.1_softmax_ce_s0,transformer,13000,init,0,4,1,blocks.0.hook_attn_out,0,4.182517829825939,300.0,0.0,0.046441475328066,0.0,0.0349541238305348,transformer_add113_f0.3_wd0.1_softmax_ce,reference
transformer_add113_f0.3_wd0.1_softmax_ce_s0,transformer,13000,init,0,4,1,blocks.0.hook_attn_out,1,4.182517829825939,300.0,0.0,0.0461821374436253,0.0,0.0352127064172573,transformer_add113_f0.3_wd0.1_softmax_ce,reference
transformer_add113_f0.3_wd0.1_softmax_ce_s0,transformer,13000,init,0,4,1,blocks.0.hook_attn_out,2,4.182517829825939,300.0,0.0,0.0495749205427692,0.0,0.0324093405562972,transformer_add113_f0.3_wd0.1_softmax_ce,reference
transformer_add113_f0.3_wd0.1_softmax_ce_s0,transformer,13000,init,0,4,2,blocks.0.hook_mlp_out,0,1.002971674331833,300.0,0.0,0.050541664566717,0.0,0.0323993970146854,transformer_add113_f0.3_wd0.1_softmax_ce,reference
transformer_add113_f0.3_wd0.1_softmax_ce_s0,transformer,13000,init,0,4,2,blocks.0.hook_mlp_out,1,1.002971674331833,300.0,1.0,0.0520637802002297,0.0,0.034899861679271,transformer_add113_f0.3_wd0.1_softmax_ce,reference
transformer_add113_f0.3_wd0.1_softmax_ce_s0,transformer,13000,init,0,4,2,blocks.0.hook_mlp_out,2,1.002971674331833,300.0,0.0,0.0576031127508712,0.0,0.0365222175659711,transformer_add113_f0.3_wd0.1_softmax_ce,reference
transformer_add113_f0.3_wd0.1_softmax_ce_s0,transformer,13000,init,0,4,3,blocks.1.hook_attn_out,0,4.056024297046387,300.0,0.0,0.0542765079121007,0.0,0.0370014777320522,transformer_add113_f0.3_wd0.1_softmax_ce,reference
transformer_add113_f0.3_wd0.1_softmax_ce_s0,transformer,13000,init,0,4,3,blocks.1.hook_attn_out,1,4.056024297046387,300.0,0.0,0.0567041482284507,0.0,0.0444449599354542,transformer_add113_f0.3_wd0.1_softmax_ce,reference
transformer_add113_f0.3_wd0.1_softmax_ce_s0,transformer,13000,init,0,4,3,blocks.1.hook_attn_out,2,4.056024297046387,300.0,0.0,0.0578239182284844,0.0,0.0338317963633039,transformer_add113_f0.3_wd0.1_softmax_ce,reference
transformer_add113_f0.3_wd0.1_softmax_ce_s0,transformer,13000,init,0,4,4,blocks.1.hook_mlp_out,0,1.1964374857742943,300.0,0.0,0.0575733361042635,0.0,0.0373121282074647,transformer_add113_f0.3_wd0.1_softmax_ce,reference
transformer_add113_f0.3_wd0.1_softmax_ce_s0,transformer,13000,init,0,4,4,blocks.1.hook_mlp_out,1,1.161199879953127,300.0,0.0,0.0618446888858783,0.0,0.0364457263009654,transformer_add113_f0.3_wd0.1_softmax_ce,reference
transformer_add113_f0.3_wd0.1_softmax_ce_s0,transformer,13000,init,0,4,4,blocks.1.hook_mlp_out,2,1.1949820771866466,300.0,1.0,0.0524012866279678,0.0,0.0368613246102074,transformer_add113_f0.3_wd0.1_softmax_ce,reference
transformer_add113_f0.3_wd0.1_softmax_ce_s0,transformer,13000,init,0,4,5,hook_resid_final,0,4.798728707062665,300.0,0.0,0.0628004652238459,0.0,0.0396393420530226,transformer_add113_f0.3_wd0.1_softmax_ce,reference
transformer_add113_f0.3_wd0.1_softmax_ce_s0,transformer,13000,init,0,4,5,hook_resid_final,1,4.798728707062665,300.0,0.0,0.0513950014046743,0.0,0.0430199573708435,transformer_add113_f0.3_wd0.1_softmax_ce,reference
transformer_add113_f0.3_wd0.1_softmax_ce_s0,transformer,13000,init,0,4,5,hook_resid_final,2,4.798728707062665,300.0,0.0,0.0531332724617784,0.0,0.0378237134809761,transformer_add113_f0.3_wd0.1_softmax_ce,reference
transformer_add113_f0.3_wd0.1_softmax_ce_s0,transformer,13000,init,0,4,6,logits,0,2.705372858771977,300.0,0.0,0.0635370208270269,0.0,0.0475495128775533,transformer_add113_f0.3_wd0.1_softmax_ce,reference
transformer_add113_f0.3_wd0.1_softmax_ce_s0,transformer,13000,init,0,4,6,logits,1,2.624243631601358,300.0,0.0,0.0603157541230236,1.0,0.0553681420874195,transformer_add113_f0.3_wd0.1_softmax_ce,reference
transformer_add113_f0.3_wd0.1_softmax_ce_s0,transformer,13000,init,0,4,6,logits,2,2.705372858771977,300.0,0.0,0.0604446491021534,0.0,0.0469317369454548,transformer_add113_f0.3_wd0.1_softmax_ce,reference
transformer_add113_f0.3_wd0.1_softmax_ce_s0,transformer,13000,init,0,2,0,operands,0,15.208448310286588,300.0,0.0,0.0680756843872688,0.0,0.0378928572704501,transformer_add113_f0.3_wd0.1_softmax_ce,reference
transformer_add113_f0.3_wd0.1_softmax_ce_s0,transformer,13000,init,0,2,0,operands,1,15.208448310286588,300.0,0.0,0.0682943746251294,0.0,0.0386332217051054,transformer_add113_f0.3_wd0.1_softmax_ce,reference
transformer_add113_f0.3_wd0.1_softmax_ce_s0,transformer,13000,init,0,2,0,operands,2,15.167061100699934,300.0,0.0,0.0566548767433246,0.0,0.0375747393080522,transformer_add113_f0.3_wd0.1_softmax_ce,reference
transformer_add113_f0.3_wd0.1_softmax_ce_s0,transformer,13000,init,0,2,1,blocks.0.hook_attn_out,0,3.6580468527110166,300.0,0.0,0.0285596405055985,0.0,0.0,transformer_add113_f0.3_wd0.1_softmax_ce,reference
transformer_add113_f0.3_wd0.1_softmax_ce_s0,transformer,13000,init,0,2,1,blocks.0.hook_attn_out,1,3.6580468527110166,300.0,0.0,0.0315437003525363,0.0,0.0,transformer_add113_f0.3_wd0.1_softmax_ce,reference
transformer_add113_f0.3_wd0.1_softmax_ce_s0,transformer,13000,init,0,2,1,blocks.0.hook_attn_out,2,3.6580468527110166,300.0,0.0,0.0300255204074478,0.0,0.0,transformer_add113_f0.3_wd0.1_softmax_ce,reference
transformer_add113_f0.3_wd0.1_softmax_ce_s0,transformer,13000,init,0,2,2,blocks.0.hook_mlp_out,0,0.9123558170724546,300.0,0.0,0.0371556456164332,0.0,0.0,transformer_add113_f0.3_wd0.1_softmax_ce,reference
transformer_add113_f0.3_wd0.1_softmax_ce_s0,transformer,13000,init,0,2,2,blocks.0.hook_mlp_out,1,0.9123558170724546,300.0,0.0,0.0334565888425036,0.0,0.0,transformer_add113_f0.3_wd0.1_softmax_ce,reference
transformer_add113_f0.3_wd0.1_softmax_ce_s0,transformer,13000,init,0,2,2,blocks.0.hook_mlp_out,2,0.9123558170724546,300.0,0.0,0.0364898953453025,0.0,0.0,transformer_add113_f0.3_wd0.1_softmax_ce,reference
transformer_add113_f0.3_wd0.1_softmax_ce_s0,transformer,13000,init,0,2,3,blocks.1.hook_attn_out,0,3.582434756841371,300.0,0.0,0.0278950699858717,0.0,0.0,transformer_add113_f0.3_wd0.1_softmax_ce,reference
transformer_add113_f0.3_wd0.1_softmax_ce_s0,transformer,13000,init,0,2,3,blocks.1.hook_attn_out,1,3.582434756841371,300.0,0.0,0.0290789612470809,0.0,0.0,transformer_add113_f0.3_wd0.1_softmax_ce,reference
transformer_add113_f0.3_wd0.1_softmax_ce_s0,transformer,13000,init,0,2,3,blocks.1.hook_attn_out,2,3.582434756841371,300.0,0.0,0.0329181442898548,0.0,0.0,transformer_add113_f0.3_wd0.1_softmax_ce,reference
transformer_add113_f0.3_wd0.1_softmax_ce_s0,transformer,13000,init,0,2,4,blocks.1.hook_mlp_out,0,1.1676872357007475,300.0,0.0,0.0329373433772525,0.0,0.0012519434778655,transformer_add113_f0.3_wd0.1_softmax_ce,reference
transformer_add113_f0.3_wd0.1_softmax_ce_s0,transformer,13000,init,0,2,4,blocks.1.hook_mlp_out,1,1.1676872357007475,300.0,0.0,0.0354957464385587,0.0,8.390528889420626e-06,transformer_add113_f0.3_wd0.1_softmax_ce,reference
transformer_add113_f0.3_wd0.1_softmax_ce_s0,transformer,13000,init,0,2,4,blocks.1.hook_mlp_out,2,1.1660208164995822,300.0,0.0,0.0314794381644986,0.0,0.0,transformer_add113_f0.3_wd0.1_softmax_ce,reference
transformer_add113_f0.3_wd0.1_softmax_ce_s0,transformer,13000,init,0,2,5,hook_resid_final,0,4.591410878546974,300.0,0.0,0.0313614663323522,0.0,0.0,transformer_add113_f0.3_wd0.1_softmax_ce,reference
transformer_add113_f0.3_wd0.1_softmax_ce_s0,transformer,13000,init,0,2,5,hook_resid_final,1,4.591410878546974,300.0,0.0,0.0344085249127376,0.0,0.0,transformer_add113_f0.3_wd0.1_softmax_ce,reference
transformer_add113_f0.3_wd0.1_softmax_ce_s0,transformer,13000,init,0,2,5,hook_resid_final,2,4.591410878546974,300.0,0.0,0.0265734094560352,0.0,0.0,transformer_add113_f0.3_wd0.1_softmax_ce,reference
transformer_add113_f0.3_wd0.1_softmax_ce_s0,transformer,13000,init,0,2,6,logits,0,2.549806781244235,300.0,0.0,0.0289951818338165,0.0,0.0,transformer_add113_f0.3_wd0.1_softmax_ce,reference
transformer_add113_f0.3_wd0.1_softmax_ce_s0,transformer,13000,init,0,2,6,logits,1,2.549806781244235,300.0,0.0,0.0300549655186019,0.0,0.0,transformer_add113_f0.3_wd0.1_softmax_ce,reference
transformer_add113_f0.3_wd0.1_softmax_ce_s0,transformer,13000,init,0,2,6,logits,2,2.549806781244235,300.0,0.0,0.0275636736648037,0.0,0.0014300705362946,transformer_add113_f0.3_wd0.1_softmax_ce,reference
transformer_add113_f0.3_wd0.1_softmax_ce_s0,transformer,13000,before,11597,8,0,operands,0,1.1919215909443883,300.0,0.0,0.0922797106574593,0.0,0.0652399250217921,transformer_add113_f0.3_wd0.1_softmax_ce,reference
transformer_add113_f0.3_wd0.1_softmax_ce_s0,transformer,13000,before,11597,8,0,operands,1,1.186046183848125,300.0,0.0,0.1072107101793305,0.0,0.0559269309334576,transformer_add113_f0.3_wd0.1_softmax_ce,reference
transformer_add113_f0.3_wd0.1_softmax_ce_s0,transformer,13000,before,11597,8,0,operands,2,1.1796554105021786,300.0,0.0,0.1149591554978032,0.0,0.0592338051624422,transformer_add113_f0.3_wd0.1_softmax_ce,reference
transformer_add113_f0.3_wd0.1_softmax_ce_s0,transformer,13000,before,11597,8,1,blocks.0.hook_attn_out,0,0.9037456042162452,300.0,0.0,0.0736951125569597,1.0,0.0570071818075683,transformer_add113_f0.3_wd0.1_softmax_ce,reference
transformer_add113_f0.3_wd0.1_softmax_ce_s0,transformer,13000,before,11597,8,1,blocks.0.hook_attn_out,1,0.87216682495365,300.0,0.0,0.0816976730013751,0.0,0.0619291349512564,transformer_add113_f0.3_wd0.1_softmax_ce,reference
transformer_add113_f0.3_wd0.1_softmax_ce_s0,transformer,13000,before,11597,8,1,blocks.0.hook_attn_out,2,0.9037456042162452,300.0,0.0,0.0758731741510649,0.0,0.0477282021489431,transformer_add113_f0.3_wd0.1_softmax_ce,reference
transformer_add113_f0.3_wd0.1_softmax_ce_s0,transformer,13000,before,11597,8,2,blocks.0.hook_mlp_out,0,0.4434161045193322,300.0,0.0,0.0268666092583934,0.0,0.0129691766965487,transformer_add113_f0.3_wd0.1_softmax_ce,reference
transformer_add113_f0.3_wd0.1_softmax_ce_s0,transformer,13000,before,11597,8,2,blocks.0.hook_mlp_out,1,0.4434161045193322,300.0,0.0,0.025602963423069,0.0,0.0214608414242932,transformer_add113_f0.3_wd0.1_softmax_ce,reference
transformer_add113_f0.3_wd0.1_softmax_ce_s0,transformer,13000,before,11597,8,2,blocks.0.hook_mlp_out,2,0.4432288124192641,300.0,0.0,0.0298423086668009,0.0,0.0186730392867375,transformer_add113_f0.3_wd0.1_softmax_ce,reference
transformer_add113_f0.3_wd0.1_softmax_ce_s0,transformer,13000,before,11597,8,3,blocks.1.hook_attn_out,0,0.8833312144615705,300.0,0.0,0.0762313970934002,0.0,0.0517431074315952,transformer_add113_f0.3_wd0.1_softmax_ce,reference
transformer_add113_f0.3_wd0.1_softmax_ce_s0,transformer,13000,before,11597,8,3,blocks.1.hook_attn_out,1,0.8757281085746257,300.0,0.0,0.0773479526829947,0.0,0.0532391854389831,transformer_add113_f0.3_wd0.1_softmax_ce,reference
transformer_add113_f0.3_wd0.1_softmax_ce_s0,transformer,13000,before,11597,8,3,blocks.1.hook_attn_out,2,0.8757281085746257,300.0,0.0,0.0819184823536129,0.0,0.0597693497419118,transformer_add113_f0.3_wd0.1_softmax_ce,reference
transformer_add113_f0.3_wd0.1_softmax_ce_s0,transformer,13000,before,11597,8,4,blocks.1.hook_mlp_out,0,1.46850600338143,300.0,0.0,0.0667867415868462,0.0,0.0466698198856884,transformer_add113_f0.3_wd0.1_softmax_ce,reference
transformer_add113_f0.3_wd0.1_softmax_ce_s0,transformer,13000,before,11597,8,4,blocks.1.hook_mlp_out,1,1.46850600338143,300.0,0.0,0.0765840856424524,1.0,0.0500339271903526,transformer_add113_f0.3_wd0.1_softmax_ce,reference
transformer_add113_f0.3_wd0.1_softmax_ce_s0,transformer,13000,before,11597,8,4,blocks.1.hook_mlp_out,2,1.46850600338143,300.0,0.0,0.0745748470549358,1.0,0.057423553797113,transformer_add113_f0.3_wd0.1_softmax_ce,reference
transformer_add113_f0.3_wd0.1_softmax_ce_s0,transformer,13000,before,11597,8,5,hook_resid_final,0,24.66440890178436,300.0,0.0,0.0928644689693625,0.0,0.0661338046184765,transformer_add113_f0.3_wd0.1_softmax_ce,reference
transformer_add113_f0.3_wd0.1_softmax_ce_s0,transformer,13000,before,11597,8,5,hook_resid_final,1,24.66440890178436,300.0,0.0,0.0873450118363681,0.0,0.0588312643685828,transformer_add113_f0.3_wd0.1_softmax_ce,reference
transformer_add113_f0.3_wd0.1_softmax_ce_s0,transformer,13000,before,11597,8,5,hook_resid_final,2,24.66440890178436,300.0,0.0,0.0775181996965545,0.0,0.0647890780731111,transformer_add113_f0.3_wd0.1_softmax_ce,reference
transformer_add113_f0.3_wd0.1_softmax_ce_s0,transformer,13000,before,11597,8,6,logits,0,101.59740395262092,300.0,0.0,0.08217676134293,0.0,0.0669788969483309,transformer_add113_f0.3_wd0.1_softmax_ce,reference
transformer_add113_f0.3_wd0.1_softmax_ce_s0,transformer,13000,before,11597,8,6,logits,1,103.45201538862216,300.0,0.0,0.0787529737701577,0.0,0.0569691536587939,transformer_add113_f0.3_wd0.1_softmax_ce,reference
transformer_add113_f0.3_wd0.1_softmax_ce_s0,transformer,13000,before,11597,8,6,logits,2,101.6209034485144,300.0,0.0,0.0944522583080991,0.0,0.0575912061332375,transformer_add113_f0.3_wd0.1_softmax_ce,reference
transformer_add113_f0.3_wd0.1_softmax_ce_s0,transformer,13000,before,11597,4,0,operands,0,1.125667976232704,300.0,0.0,0.0897699445005639,1.0,0.0549610754243307,transformer_add113_f0.3_wd0.1_softmax_ce,reference
transformer_add113_f0.3_wd0.1_softmax_ce_s0,transformer,13000,before,11597,4,0,operands,1,1.0838383373872813,300.0,0.0,0.0896264480271978,1.0,0.0571893981386966,transformer_add113_f0.3_wd0.1_softmax_ce,reference
transformer_add113_f0.3_wd0.1_softmax_ce_s0,transformer,13000,before,11597,4,0,operands,2,1.098610244044103,300.0,0.0,0.0981552281406878,0.0,0.052777234339924,transformer_add113_f0.3_wd0.1_softmax_ce,reference
transformer_add113_f0.3_wd0.1_softmax_ce_s0,transformer,13000,before,11597,4,1,blocks.0.hook_attn_out,0,0.8208164327532061,300.0,0.0,0.0652441215726051,0.0,0.0416264536145695,transformer_add113_f0.3_wd0.1_softmax_ce,reference
transformer_add113_f0.3_wd0.1_softmax_ce_s0,transformer,13000,before,11597,4,1,blocks.0.hook_attn_out,1,0.8195878069765103,300.0,0.0,0.057961297728439,0.0,0.0424685957598633,transformer_add113_f0.3_wd0.1_softmax_ce,reference
transformer_add113_f0.3_wd0.1_softmax_ce_s0,transformer,13000,before,11597,4,1,blocks.0.hook_attn_out,2,0.8195878069765103,300.0,0.0,0.0599198859681904,0.0,0.0478465477486264,transformer_add113_f0.3_wd0.1_softmax_ce,reference
transformer_add113_f0.3_wd0.1_softmax_ce_s0,transformer,13000,before,11597,4,2,blocks.0.hook_mlp_out,0,0.4432750870062855,300.0,0.0,0.0286239812484388,0.0,0.0159318686383959,transformer_add113_f0.3_wd0.1_softmax_ce,reference
transformer_add113_f0.3_wd0.1_softmax_ce_s0,transformer,13000,before,11597,4,2,blocks.0.hook_mlp_out,1,0.4432750870062855,300.0,0.0,0.0251796378889134,0.0,0.0124573380584643,transformer_add113_f0.3_wd0.1_softmax_ce,reference
transformer_add113_f0.3_wd0.1_softmax_ce_s0,transformer,13000,before,11597,4,2,blocks.0.hook_mlp_out,2,0.4432750870062855,300.0,0.0,0.0277388620278345,0.0,0.0143046161014169,transformer_add113_f0.3_wd0.1_softmax_ce,reference
transformer_add113_f0.3_wd0.1_softmax_ce_s0,transformer,13000,before,11597,4,3,blocks.1.hook_attn_out,0,0.847197761444534,300.0,0.0,0.0640813185065426,0.0,0.0394426969604592,transformer_add113_f0.3_wd0.1_softmax_ce,reference
transformer_add113_f0.3_wd0.1_softmax_ce_s0,transformer,13000,before,11597,4,3,blocks.1.hook_attn_out,1,0.8622876433550307,300.0,0.0,0.0600161464472721,0.0,0.0425426731281798,transformer_add113_f0.3_wd0.1_softmax_ce,reference
transformer_add113_f0.3_wd0.1_softmax_ce_s0,transformer,13000,before,11597,4,3,blocks.1.hook_attn_out,2,0.8686128935609082,300.0,0.0,0.0671160056131074,0.0,0.0377362617230109,transformer_add113_f0.3_wd0.1_softmax_ce,reference
transformer_add113_f0.3_wd0.1_softmax_ce_s0,transformer,13000,before,11597,4,4,blocks.1.hook_mlp_out,0,1.288319997585281,300.0,0.0,0.0546646448413262,0.0,0.0325818900657377,transformer_add113_f0.3_wd0.1_softmax_ce,reference
transformer_add113_f0.3_wd0.1_softmax_ce_s0,transformer,13000,before,11597,4,4,blocks.1.hook_mlp_out,1,1.285910605252882,300.0,0.0,0.0675123992436032,0.0,0.0443508621879045,transformer_add113_f0.3_wd0.1_softmax_ce,reference
transformer_add113_f0.3_wd0.1_softmax_ce_s0,transformer,13000,before,11597,4,4,blocks.1.hook_mlp_out,2,1.2546892095767876,300.0,0.0,0.0639073271894603,0.0,0.0418702121549883,transformer_add113_f0.3_wd0.1_softmax_ce,reference
transformer_add113_f0.3_wd0.1_softmax_ce_s0,transformer,13000,before,11597,4,5,hook_resid_final,0,23.40132986619593,300.0,0.0,0.0610188810747356,0.0,0.0472131412412508,transformer_add113_f0.3_wd0.1_softmax_ce,reference
transformer_add113_f0.3_wd0.1_softmax_ce_s0,transformer,13000,before,11597,4,5,hook_resid_final,1,23.44433885300639,300.0,0.0,0.068604839305743,0.0,0.0424220902005044,transformer_add113_f0.3_wd0.1_softmax_ce,reference
transformer_add113_f0.3_wd0.1_softmax_ce_s0,transformer,13000,before,11597,4,5,hook_resid_final,2,23.59183213263253,300.0,0.0,0.0624543892616623,0.0,0.0436104155014941,transformer_add113_f0.3_wd0.1_softmax_ce,reference
transformer_add113_f0.3_wd0.1_softmax_ce_s0,transformer,13000,before,11597,4,6,logits,0,99.73589870028135,300.0,0.0,0.0595573925558262,1.0,0.0515800865941301,transformer_add113_f0.3_wd0.1_softmax_ce,reference
transformer_add113_f0.3_wd0.1_softmax_ce_s0,transformer,13000,before,11597,4,6,logits,1,100.65369580717643,300.0,0.0,0.068590163143822,1.0,0.0524407814054287,transformer_add113_f0.3_wd0.1_softmax_ce,reference
transformer_add113_f0.3_wd0.1_softmax_ce_s0,transformer,13000,before,11597,4,6,logits,2,99.4652585722354,300.0,0.0,0.0619804908426243,1.0,0.0531712726396123,transformer_add113_f0.3_wd0.1_softmax_ce,reference
transformer_add113_f0.3_wd0.1_softmax_ce_s0,transformer,13000,before,11597,2,0,operands,0,1.0988646419138195,300.0,0.0,0.0761024849732063,0.0,0.0307854281440045,transformer_add113_f0.3_wd0.1_softmax_ce,reference
transformer_add113_f0.3_wd0.1_softmax_ce_s0,transformer,13000,before,11597,2,0,operands,1,1.0988646419138195,300.0,0.0,0.060256612672973,0.0,0.030296246430076,transformer_add113_f0.3_wd0.1_softmax_ce,reference
transformer_add113_f0.3_wd0.1_softmax_ce_s0,transformer,13000,before,11597,2,0,operands,2,1.0988646419138195,300.0,0.0,0.0647213416579039,0.0,0.0340191343427062,transformer_add113_f0.3_wd0.1_softmax_ce,reference
transformer_add113_f0.3_wd0.1_softmax_ce_s0,transformer,13000,before,11597,2,1,blocks.0.hook_attn_out,0,0.7741817571997709,300.0,0.0,0.0325454553234755,0.0,0.0,transformer_add113_f0.3_wd0.1_softmax_ce,reference
transformer_add113_f0.3_wd0.1_softmax_ce_s0,transformer,13000,before,11597,2,1,blocks.0.hook_attn_out,1,0.7783512550083751,300.0,0.0,0.0302791786870295,0.0,0.0,transformer_add113_f0.3_wd0.1_softmax_ce,reference
transformer_add113_f0.3_wd0.1_softmax_ce_s0,transformer,13000,before,11597,2,1,blocks.0.hook_attn_out,2,0.7783512550083751,300.0,0.0,0.0390726252699782,0.0,0.0,transformer_add113_f0.3_wd0.1_softmax_ce,reference
transformer_add113_f0.3_wd0.1_softmax_ce_s0,transformer,13000,before,11597,2,2,blocks.0.hook_mlp_out,0,0.4425714604132195,300.0,0.0,0.0293078589384132,0.0,0.0,transformer_add113_f0.3_wd0.1_softmax_ce,reference
transformer_add113_f0.3_wd0.1_softmax_ce_s0,transformer,13000,before,11597,2,2,blocks.0.hook_mlp_out,1,0.4425714604132195,300.0,0.0,0.0229008344653107,0.0,0.0,transformer_add113_f0.3_wd0.1_softmax_ce,reference
transformer_add113_f0.3_wd0.1_softmax_ce_s0,transformer,13000,before,11597,2,2,blocks.0.hook_mlp_out,2,0.4422840769298083,300.0,0.0,0.0267554666743019,0.0,0.0,transformer_add113_f0.3_wd0.1_softmax_ce,reference
transformer_add113_f0.3_wd0.1_softmax_ce_s0,transformer,13000,before,11597,2,3,blocks.1.hook_attn_out,0,0.8118649362305114,300.0,0.0,0.0276165416248454,0.0,0.0004547124481329,transformer_add113_f0.3_wd0.1_softmax_ce,reference
transformer_add113_f0.3_wd0.1_softmax_ce_s0,transformer,13000,before,11597,2,3,blocks.1.hook_attn_out,1,0.8154749962073119,300.0,0.0,0.0298975658848286,0.0,0.0,transformer_add113_f0.3_wd0.1_softmax_ce,reference
transformer_add113_f0.3_wd0.1_softmax_ce_s0,transformer,13000,before,11597,2,3,blocks.1.hook_attn_out,2,0.8150029458994938,300.0,0.0,0.0268993235459389,0.0,0.0,transformer_add113_f0.3_wd0.1_softmax_ce,reference
transformer_add113_f0.3_wd0.1_softmax_ce_s0,transformer,13000,before,11597,2,4,blocks.1.hook_mlp_out,0,1.1767712504163557,300.0,0.0,0.028354995276381,0.0,0.0,transformer_add113_f0.3_wd0.1_softmax_ce,reference
transformer_add113_f0.3_wd0.1_softmax_ce_s0,transformer,13000,before,11597,2,4,blocks.1.hook_mlp_out,1,1.180664429628568,300.0,0.0,0.0280873169500188,0.0,0.0,transformer_add113_f0.3_wd0.1_softmax_ce,reference
transformer_add113_f0.3_wd0.1_softmax_ce_s0,transformer,13000,before,11597,2,4,blocks.1.hook_mlp_out,2,1.1767712504163557,300.0,0.0,0.0335725234945778,0.0,0.0,transformer_add113_f0.3_wd0.1_softmax_ce,reference
transformer_add113_f0.3_wd0.1_softmax_ce_s0,transformer,13000,before,11597,2,5,hook_resid_final,0,21.644058490606717,300.0,0.0,0.031650999772165,0.0,0.0,transformer_add113_f0.3_wd0.1_softmax_ce,reference
transformer_add113_f0.3_wd0.1_softmax_ce_s0,transformer,13000,before,11597,2,5,hook_resid_final,1,21.777527476944226,300.0,0.0,0.0246356613429635,0.0,0.0,transformer_add113_f0.3_wd0.1_softmax_ce,reference
transformer_add113_f0.3_wd0.1_softmax_ce_s0,transformer,13000,before,11597,2,5,hook_resid_final,2,21.777527476944226,300.0,0.0,0.0259333864555571,0.0,0.0,transformer_add113_f0.3_wd0.1_softmax_ce,reference
transformer_add113_f0.3_wd0.1_softmax_ce_s0,transformer,13000,before,11597,2,6,logits,0,93.2547857857716,300.0,0.0,0.031391020784484,0.0,0.0,transformer_add113_f0.3_wd0.1_softmax_ce,reference
transformer_add113_f0.3_wd0.1_softmax_ce_s0,transformer,13000,before,11597,2,6,logits,1,93.2547857857716,300.0,0.0,0.0282709272976127,0.0,0.0,transformer_add113_f0.3_wd0.1_softmax_ce,reference
transformer_add113_f0.3_wd0.1_softmax_ce_s0,transformer,13000,before,11597,2,6,logits,2,93.2547857857716,300.0,0.0,0.0420329584084056,0.0,0.0,transformer_add113_f0.3_wd0.1_softmax_ce,reference
transformer_add113_f0.3_wd0.1_softmax_ce_s0,transformer,13000,at,13109,8,0,operands,0,1.1550714098137334,300.0,0.0,0.1096533040977714,0.0,0.0498804303143409,transformer_add113_f0.3_wd0.1_softmax_ce,reference
transformer_add113_f0.3_wd0.1_softmax_ce_s0,transformer,13000,at,13109,8,0,operands,1,1.1466603053940911,300.0,0.0,0.0926545654881999,0.0,0.0593950931541601,transformer_add113_f0.3_wd0.1_softmax_ce,reference
transformer_add113_f0.3_wd0.1_softmax_ce_s0,transformer,13000,at,13109,8,0,operands,2,1.154130835448786,300.0,0.0,0.1076139022412758,0.0,0.0592300232230465,transformer_add113_f0.3_wd0.1_softmax_ce,reference
transformer_add113_f0.3_wd0.1_softmax_ce_s0,transformer,13000,at,13109,8,1,blocks.0.hook_attn_out,0,1.5686006000671442,300.0,0.0,0.0864998301896257,0.0,0.0566876965617209,transformer_add113_f0.3_wd0.1_softmax_ce,reference
transformer_add113_f0.3_wd0.1_softmax_ce_s0,transformer,13000,at,13109,8,1,blocks.0.hook_attn_out,1,1.5565391854135064,300.0,0.0,0.0809123883860061,0.0,0.0627692142533304,transformer_add113_f0.3_wd0.1_softmax_ce,reference
transformer_add113_f0.3_wd0.1_softmax_ce_s0,transformer,13000,at,13109,8,1,blocks.0.hook_attn_out,2,1.7116397583136602,300.0,0.0,0.0814093964954738,1.0,0.0500572319109594,transformer_add113_f0.3_wd0.1_softmax_ce,reference
transformer_add113_f0.3_wd0.1_softmax_ce_s0,transformer,13000,at,13109,8,2,blocks.0.hook_mlp_out,0,0.3637133861838904,300.0,0.0,0.036172743124935,0.0,0.0240918470148739,transformer_add113_f0.3_wd0.1_softmax_ce,reference
transformer_add113_f0.3_wd0.1_softmax_ce_s0,transformer,13000,at,13109,8,2,blocks.0.hook_mlp_out,1,0.3648508694548553,300.0,0.0,0.0373013240409181,0.0,0.0271522831241741,transformer_add113_f0.3_wd0.1_softmax_ce,reference
transformer_add113_f0.3_wd0.1_softmax_ce_s0,transformer,13000,at,13109,8,2,blocks.0.hook_mlp_out,2,0.3648508694548553,300.0,0.0,0.0396136328171086,0.0,0.0216924306237441,transformer_add113_f0.3_wd0.1_softmax_ce,reference
transformer_add113_f0.3_wd0.1_softmax_ce_s0,transformer,13000,at,13109,8,3,blocks.1.hook_attn_out,0,1.662616561636746,300.0,0.0,0.0711278235596136,0.0,0.0498698699023287,transformer_add113_f0.3_wd0.1_softmax_ce,reference
transformer_add113_f0.3_wd0.1_softmax_ce_s0,transformer,13000,at,13109,8,3,blocks.1.hook_attn_out,1,1.6406615142057444,300.0,0.0,0.0746359244766725,1.0,0.0500514198726108,transformer_add113_f0.3_wd0.1_softmax_ce,reference
transformer_add113_f0.3_wd0.1_softmax_ce_s0,transformer,13000,at,13109,8,3,blocks.1.hook_attn_out,2,1.7192695260825073,300.0,0.0,0.0634446578837388,0.0,0.0456359248800124,transformer_add113_f0.3_wd0.1_softmax_ce,reference
transformer_add113_f0.3_wd0.1_softmax_ce_s0,transformer,13000,at,13109,8,4,blocks.1.hook_mlp_out,0,3.077263354952561,300.0,0.0,0.0774911834589274,0.0,0.0497832645304871,transformer_add113_f0.3_wd0.1_softmax_ce,reference
transformer_add113_f0.3_wd0.1_softmax_ce_s0,transformer,13000,at,13109,8,4,blocks.1.hook_mlp_out,1,3.0109334491421698,300.0,0.0,0.0941259109385451,0.0,0.0571558028238322,transformer_add113_f0.3_wd0.1_softmax_ce,reference
transformer_add113_f0.3_wd0.1_softmax_ce_s0,transformer,13000,at,13109,8,4,blocks.1.hook_mlp_out,2,3.023303064378068,300.0,0.0,0.0811525494866072,0.0,0.0587489895631796,transformer_add113_f0.3_wd0.1_softmax_ce,reference
transformer_add113_f0.3_wd0.1_softmax_ce_s0,transformer,13000,at,13109,8,5,hook_resid_final,0,27.58828264745692,300.0,0.0,0.1360454257619203,0.0,0.075597411660823,transformer_add113_f0.3_wd0.1_softmax_ce,reference
transformer_add113_f0.3_wd0.1_softmax_ce_s0,transformer,13000,at,13109,8,5,hook_resid_final,1,28.00466826679536,300.0,0.0,0.1194772773075715,0.0,0.0741192335381247,transformer_add113_f0.3_wd0.1_softmax_ce,reference
transformer_add113_f0.3_wd0.1_softmax_ce_s0,transformer,13000,at,13109,8,5,hook_resid_final,2,28.011845230704356,300.0,0.0,0.1314225758660562,0.0,0.0719027492979945,transformer_add113_f0.3_wd0.1_softmax_ce,reference
transformer_add113_f0.3_wd0.1_softmax_ce_s0,transformer,13000,at,13109,8,6,logits,0,151.9377883485066,300.0,0.0,0.123489076479714,0.0,0.0676999111674316,transformer_add113_f0.3_wd0.1_softmax_ce,reference
transformer_add113_f0.3_wd0.1_softmax_ce_s0,transformer,13000,at,13109,8,6,logits,1,149.99720873398874,300.0,0.0,0.1166447029245972,0.0,0.0667364713538155,transformer_add113_f0.3_wd0.1_softmax_ce,reference
transformer_add113_f0.3_wd0.1_softmax_ce_s0,transformer,13000,at,13109,8,6,logits,2,152.27405399692896,300.0,0.0,0.1188114415880137,0.0,0.060350676841548,transformer_add113_f0.3_wd0.1_softmax_ce,reference
transformer_add113_f0.3_wd0.1_softmax_ce_s0,transformer,13000,at,13109,4,0,operands,0,1.0775501282730962,300.0,0.0,0.0831905227636833,0.0,0.0601742158472844,transformer_add113_f0.3_wd0.1_softmax_ce,reference
transformer_add113_f0.3_wd0.1_softmax_ce_s0,transformer,13000,at,13109,4,0,operands,1,1.128259419957372,300.0,0.0,0.0917680663919999,0.0,0.0593021774379036,transformer_add113_f0.3_wd0.1_softmax_ce,reference
transformer_add113_f0.3_wd0.1_softmax_ce_s0,transformer,13000,at,13109,4,0,operands,2,1.128259419957372,300.0,0.0,0.0823121781589595,0.0,0.0524510683569898,transformer_add113_f0.3_wd0.1_softmax_ce,reference
transformer_add113_f0.3_wd0.1_softmax_ce_s0,transformer,13000,at,13109,4,1,blocks.0.hook_attn_out,0,1.5701983455517063,300.0,0.0,0.0556852766994917,0.0,0.0399782765762894,transformer_add113_f0.3_wd0.1_softmax_ce,reference
transformer_add113_f0.3_wd0.1_softmax_ce_s0,transformer,13000,at,13109,4,1,blocks.0.hook_attn_out,1,1.5701983455517063,300.0,0.0,0.0694419422350738,0.0,0.0405483780288193,transformer_add113_f0.3_wd0.1_softmax_ce,reference
transformer_add113_f0.3_wd0.1_softmax_ce_s0,transformer,13000,at,13109,4,1,blocks.0.hook_attn_out,2,1.49594363832432,300.0,0.0,0.0661878039436213,0.0,0.0400229589421988,transformer_add113_f0.3_wd0.1_softmax_ce,reference
transformer_add113_f0.3_wd0.1_softmax_ce_s0,transformer,13000,at,13109,4,2,blocks.0.hook_mlp_out,0,0.363635963404528,300.0,0.0,0.0367446536429715,0.0,0.0325579684945062,transformer_add113_f0.3_wd0.1_softmax_ce,reference
transformer_add113_f0.3_wd0.1_softmax_ce_s0,transformer,13000,at,13109,4,2,blocks.0.hook_mlp_out,1,0.3648265587471099,300.0,0.0,0.0412333474297319,0.0,0.0262268914944884,transformer_add113_f0.3_wd0.1_softmax_ce,reference
transformer_add113_f0.3_wd0.1_softmax_ce_s0,transformer,13000,at,13109,4,2,blocks.0.hook_mlp_out,2,0.3648265587471099,300.0,0.0,0.0377868368129981,0.0,0.0273763988974014,transformer_add113_f0.3_wd0.1_softmax_ce,reference
transformer_add113_f0.3_wd0.1_softmax_ce_s0,transformer,13000,at,13109,4,3,blocks.1.hook_attn_out,0,1.6972958271083751,300.0,0.0,0.0573470399226277,0.0,0.0451920416359075,transformer_add113_f0.3_wd0.1_softmax_ce,reference
transformer_add113_f0.3_wd0.1_softmax_ce_s0,transformer,13000,at,13109,4,3,blocks.1.hook_attn_out,1,1.6955517323365346,300.0,0.0,0.060489345736215,0.0,0.0386640949778499,transformer_add113_f0.3_wd0.1_softmax_ce,reference
transformer_add113_f0.3_wd0.1_softmax_ce_s0,transformer,13000,at,13109,4,3,blocks.1.hook_attn_out,2,1.6972958271083751,300.0,0.0,0.0635237194300224,0.0,0.043272295377434,transformer_add113_f0.3_wd0.1_softmax_ce,reference
transformer_add113_f0.3_wd0.1_softmax_ce_s0,transformer,13000,at,13109,4,4,blocks.1.hook_mlp_out,0,2.97037693514034,300.0,0.0,0.0544223588169871,1.0,0.0509272508754506,transformer_add113_f0.3_wd0.1_softmax_ce,reference
transformer_add113_f0.3_wd0.1_softmax_ce_s0,transformer,13000,at,13109,4,4,blocks.1.hook_mlp_out,1,2.845891070506522,300.0,0.0,0.0670714161231266,0.0,0.0415363095004989,transformer_add113_f0.3_wd0.1_softmax_ce,reference
transformer_add113_f0.3_wd0.1_softmax_ce_s0,transformer,13000,at,13109,4,4,blocks.1.hook_mlp_out,2,2.969110321447401,300.0,0.0,0.0737241207650218,0.0,0.041668863874123,transformer_add113_f0.3_wd0.1_softmax_ce,reference
transformer_add113_f0.3_wd0.1_softmax_ce_s0,transformer,13000,at,13109,4,5,hook_resid_final,0,26.425981749696856,300.0,0.0,0.0906024608152971,0.0,0.0474313998428643,transformer_add113_f0.3_wd0.1_softmax_ce,reference
transformer_add113_f0.3_wd0.1_softmax_ce_s0,transformer,13000,at,13109,4,5,hook_resid_final,1,26.615436483953097,300.0,0.0,0.1271414683875671,0.0,0.0392917765879647,transformer_add113_f0.3_wd0.1_softmax_ce,reference
transformer_add113_f0.3_wd0.1_softmax_ce_s0,transformer,13000,at,13109,4,5,hook_resid_final,2,27.098760511452557,300.0,0.0,0.0854131484398839,1.0,0.0561163939008582,transformer_add113_f0.3_wd0.1_softmax_ce,reference
transformer_add113_f0.3_wd0.1_softmax_ce_s0,transformer,13000,at,13109,4,6,logits,0,144.19445652509685,300.0,0.0,0.0793614784908048,1.0,0.0532370992851073,transformer_add113_f0.3_wd0.1_softmax_ce,reference
transformer_add113_f0.3_wd0.1_softmax_ce_s0,transformer,13000,at,13109,4,6,logits,1,144.2981489100211,300.0,0.0,0.0636124790821104,1.0,0.0630808864002552,transformer_add113_f0.3_wd0.1_softmax_ce,reference
transformer_add113_f0.3_wd0.1_softmax_ce_s0,transformer,13000,at,13109,4,6,logits,2,143.91712129338708,300.0,0.0,0.07201008007816,1.0,0.0596794182547219,transformer_add113_f0.3_wd0.1_softmax_ce,reference
transformer_add113_f0.3_wd0.1_softmax_ce_s0,transformer,13000,at,13109,2,0,operands,0,0.8283890960829271,300.0,0.0,0.0938908550822666,0.0,0.0725525574841714,transformer_add113_f0.3_wd0.1_softmax_ce,reference
transformer_add113_f0.3_wd0.1_softmax_ce_s0,transformer,13000,at,13109,2,0,operands,1,0.8370412244199321,300.0,0.0,0.0779308993311015,0.0,0.0686396283990401,transformer_add113_f0.3_wd0.1_softmax_ce,reference
transformer_add113_f0.3_wd0.1_softmax_ce_s0,transformer,13000,at,13109,2,0,operands,2,0.8300475440778562,300.0,0.0,0.0963482527931277,1.0,0.0700773677394046,transformer_add113_f0.3_wd0.1_softmax_ce,reference
transformer_add113_f0.3_wd0.1_softmax_ce_s0,transformer,13000,at,13109,2,1,blocks.0.hook_attn_out,0,1.4466777485642563,300.0,0.0,0.025925761809869,0.0,0.0,transformer_add113_f0.3_wd0.1_softmax_ce,reference
transformer_add113_f0.3_wd0.1_softmax_ce_s0,transformer,13000,at,13109,2,1,blocks.0.hook_attn_out,1,1.4466777485642563,300.0,0.0,0.026681347897801,0.0,0.0,transformer_add113_f0.3_wd0.1_softmax_ce,reference
transformer_add113_f0.3_wd0.1_softmax_ce_s0,transformer,13000,at,13109,2,1,blocks.0.hook_attn_out,2,1.4466777485642563,300.0,0.0,0.0291890679376555,0.0,0.0,transformer_add113_f0.3_wd0.1_softmax_ce,reference
transformer_add113_f0.3_wd0.1_softmax_ce_s0,transformer,13000,at,13109,2,2,blocks.0.hook_mlp_out,0,0.3627982383736058,300.0,0.0,0.0311692383863458,0.0,0.0,transformer_add113_f0.3_wd0.1_softmax_ce,reference
transformer_add113_f0.3_wd0.1_softmax_ce_s0,transformer,13000,at,13109,2,2,blocks.0.hook_mlp_out,1,0.3627982383736058,300.0,0.0,0.0261704351752327,0.0,0.0,transformer_add113_f0.3_wd0.1_softmax_ce,reference
transformer_add113_f0.3_wd0.1_softmax_ce_s0,transformer,13000,at,13109,2,2,blocks.0.hook_mlp_out,2,0.3615511804620737,300.0,0.0,0.0292868245331038,0.0,0.0,transformer_add113_f0.3_wd0.1_softmax_ce,reference
transformer_add113_f0.3_wd0.1_softmax_ce_s0,transformer,13000,at,13109,2,3,blocks.1.hook_attn_out,0,1.646080921886243,300.0,0.0,0.0309336836569465,0.0,0.0,transformer_add113_f0.3_wd0.1_softmax_ce,reference
transformer_add113_f0.3_wd0.1_softmax_ce_s0,transformer,13000,at,13109,2,3,blocks.1.hook_attn_out,1,1.646080921886243,300.0,0.0,0.0348249677136038,0.0,0.000188912269281,transformer_add113_f0.3_wd0.1_softmax_ce,reference
transformer_add113_f0.3_wd0.1_softmax_ce_s0,transformer,13000,at,13109,2,3,blocks.1.hook_attn_out,2,1.648693496623009,300.0,0.0,0.0290355743770756,0.0,0.0009374473444292,transformer_add113_f0.3_wd0.1_softmax_ce,reference
transformer_add113_f0.3_wd0.1_softmax_ce_s0,transformer,13000,at,13109,2,4,blocks.1.hook_mlp_out,0,2.776293883416279,300.0,0.0,0.0294111558905787,0.0,0.0,transformer_add113_f0.3_wd0.1_softmax_ce,reference
transformer_add113_f0.3_wd0.1_softmax_ce_s0,transformer,13000,at,13109,2,4,blocks.1.hook_mlp_out,1,2.776293883416279,300.0,0.0,0.0276436578704746,0.0,0.0,transformer_add113_f0.3_wd0.1_softmax_ce,reference
transformer_add113_f0.3_wd0.1_softmax_ce_s0,transformer,13000,at,13109,2,4,blocks.1.hook_mlp_out,2,2.776293883416279,300.0,0.0,0.0318298156401441,0.0,0.0,transformer_add113_f0.3_wd0.1_softmax_ce,reference
transformer_add113_f0.3_wd0.1_softmax_ce_s0,transformer,13000,at,13109,2,5,hook_resid_final,0,23.893255410855627,300.0,0.0,0.030522021619963,0.0,0.0,transformer_add113_f0.3_wd0.1_softmax_ce,reference
transformer_add113_f0.3_wd0.1_softmax_ce_s0,transformer,13000,at,13109,2,5,hook_resid_final,1,23.6789102763364,300.0,0.0,0.0337633563043257,0.0,0.0,transformer_add113_f0.3_wd0.1_softmax_ce,reference
transformer_add113_f0.3_wd0.1_softmax_ce_s0,transformer,13000,at,13109,2,5,hook_resid_final,2,23.868660462742948,300.0,0.0,0.0397773031300765,0.0,0.00152784242928,transformer_add113_f0.3_wd0.1_softmax_ce,reference
transformer_add113_f0.3_wd0.1_softmax_ce_s0,transformer,13000,at,13109,2,6,logits,0,131.70180377318002,300.0,0.0,0.0359348503717148,0.0,0.0,transformer_add113_f0.3_wd0.1_softmax_ce,reference
transformer_add113_f0.3_wd0.1_softmax_ce_s0,transformer,13000,at,13109,2,6,logits,1,131.70180377318002,300.0,0.0,0.0410760548520392,0.0,0.0,transformer_add113_f0.3_wd0.1_softmax_ce,reference
transformer_add113_f0.3_wd0.1_softmax_ce_s0,transformer,13000,at,13109,2,6,logits,2,131.032633524666,300.0,0.0,0.0414869502789616,0.0,7.886596349780924e-05,transformer_add113_f0.3_wd0.1_softmax_ce,reference
transformer_add113_f0.3_wd0.1_softmax_ce_s0,transformer,13000,after,60000,8,0,operands,0,1.3357164909928554,300.0,0.0,0.1062799677788428,0.0,0.0551960666219401,transformer_add113_f0.3_wd0.1_softmax_ce,reference
transformer_add113_f0.3_wd0.1_softmax_ce_s0,transformer,13000,after,60000,8,0,operands,1,1.3393283149712154,300.0,0.0,0.0916916609597101,0.0,0.0526893831416812,transformer_add113_f0.3_wd0.1_softmax_ce,reference
transformer_add113_f0.3_wd0.1_softmax_ce_s0,transformer,13000,after,60000,8,0,operands,2,1.3135306704347385,300.0,0.0,0.103183599737316,0.0,0.0593505915050801,transformer_add113_f0.3_wd0.1_softmax_ce,reference
transformer_add113_f0.3_wd0.1_softmax_ce_s0,transformer,13000,after,60000,8,1,blocks.0.hook_attn_out,0,1.726516948150688,300.0,0.0,0.0909395519628111,0.0,0.0728030533082539,transformer_add113_f0.3_wd0.1_softmax_ce,reference
transformer_add113_f0.3_wd0.1_softmax_ce_s0,transformer,13000,after,60000,8,1,blocks.0.hook_attn_out,1,1.7763827121406168,300.0,0.0,0.0902973187594044,0.0,0.0581468027063669,transformer_add113_f0.3_wd0.1_softmax_ce,reference
transformer_add113_f0.3_wd0.1_softmax_ce_s0,transformer,13000,after,60000,8,1,blocks.0.hook_attn_out,2,1.7608391344886027,300.0,0.0,0.0933565434673558,0.0,0.0622235237211561,transformer_add113_f0.3_wd0.1_softmax_ce,reference
transformer_add113_f0.3_wd0.1_softmax_ce_s0,transformer,13000,after,60000,8,2,blocks.0.hook_mlp_out,0,0.4516560579408595,300.0,0.0,0.0235956838111227,0.0,0.0127703284107132,transformer_add113_f0.3_wd0.1_softmax_ce,reference
transformer_add113_f0.3_wd0.1_softmax_ce_s0,transformer,13000,after,60000,8,2,blocks.0.hook_mlp_out,1,0.4516560579408595,300.0,0.0,0.0230122525313382,0.0,0.0150451623176923,transformer_add113_f0.3_wd0.1_softmax_ce,reference
transformer_add113_f0.3_wd0.1_softmax_ce_s0,transformer,13000,after,60000,8,2,blocks.0.hook_mlp_out,2,0.4516560579408595,300.0,0.0,0.021071275710431,0.0,0.0170307281992341,transformer_add113_f0.3_wd0.1_softmax_ce,reference
transformer_add113_f0.3_wd0.1_softmax_ce_s0,transformer,13000,after,60000,8,3,blocks.1.hook_attn_out,0,2.3703698931773536,300.0,0.0,0.0740595609031649,1.0,0.0510011669476268,transformer_add113_f0.3_wd0.1_softmax_ce,reference
transformer_add113_f0.3_wd0.1_softmax_ce_s0,transformer,13000,after,60000,8,3,blocks.1.hook_attn_out,1,2.4462099264511963,300.0,0.0,0.0718906047257014,0.0,0.0429340051033393,transformer_add113_f0.3_wd0.1_softmax_ce,reference
transformer_add113_f0.3_wd0.1_softmax_ce_s0,transformer,13000,after,60000,8,3,blocks.1.hook_attn_out,2,2.3952816678792623,300.0,0.0,0.0691174310650041,1.0,0.0503777445927179,transformer_add113_f0.3_wd0.1_softmax_ce,reference
transformer_add113_f0.3_wd0.1_softmax_ce_s0,transformer,13000,after,60000,8,4,blocks.1.hook_mlp_out,0,2.5569062668903517,300.0,0.0,0.083872194438138,0.0,0.0485616632661006,transformer_add113_f0.3_wd0.1_softmax_ce,reference
transformer_add113_f0.3_wd0.1_softmax_ce_s0,transformer,13000,after,60000,8,4,blocks.1.hook_mlp_out,1,2.5704470492926523,300.0,0.0,0.079308761350234,0.0,0.0489954707707317,transformer_add113_f0.3_wd0.1_softmax_ce,reference
transformer_add113_f0.3_wd0.1_softmax_ce_s0,transformer,13000,after,60000,8,4,blocks.1.hook_mlp_out,2,2.5434800112440668,300.0,0.0,0.0825189731716294,0.0,0.0490335306361263,transformer_add113_f0.3_wd0.1_softmax_ce,reference
transformer_add113_f0.3_wd0.1_softmax_ce_s0,transformer,13000,after,60000,8,5,hook_resid_final,0,37.3991021763821,300.0,0.0,0.1064499996790558,0.0,0.0530567513315832,transformer_add113_f0.3_wd0.1_softmax_ce,reference
transformer_add113_f0.3_wd0.1_softmax_ce_s0,transformer,13000,after,60000,8,5,hook_resid_final,1,36.669315052575975,300.0,0.0,0.1025803166558397,0.0,0.0548514715265082,transformer_add113_f0.3_wd0.1_softmax_ce,reference
transformer_add113_f0.3_wd0.1_softmax_ce_s0,transformer,13000,after,60000,8,5,hook_resid_final,2,36.2316731029813,300.0,0.0,0.1034291658917876,0.0,0.0509722885086336,transformer_add113_f0.3_wd0.1_softmax_ce,reference
transformer_add113_f0.3_wd0.1_softmax_ce_s0,transformer,13000,after,60000,8,6,logits,0,160.202750696183,300.0,0.0,0.1073809555830365,0.0,0.0678672519637104,transformer_add113_f0.3_wd0.1_softmax_ce,reference
transformer_add113_f0.3_wd0.1_softmax_ce_s0,transformer,13000,after,60000,8,6,logits,1,161.0287511854664,300.0,0.0,0.1031774759338579,0.0,0.0646251162814629,transformer_add113_f0.3_wd0.1_softmax_ce,reference
transformer_add113_f0.3_wd0.1_softmax_ce_s0,transformer,13000,after,60000,8,6,logits,2,161.51310267923915,300.0,0.0,0.0978313946756774,0.0,0.0626976473032148,transformer_add113_f0.3_wd0.1_softmax_ce,reference
transformer_add113_f0.3_wd0.1_softmax_ce_s0,transformer,13000,after,60000,4,0,operands,0,1.127929141129417,300.0,0.0,0.101724015006777,0.0,0.0700916183934192,transformer_add113_f0.3_wd0.1_softmax_ce,reference
transformer_add113_f0.3_wd0.1_softmax_ce_s0,transformer,13000,after,60000,4,0,operands,1,1.1279291411294172,300.0,0.0,0.109221830885076,0.0,0.0710214934126424,transformer_add113_f0.3_wd0.1_softmax_ce,reference
transformer_add113_f0.3_wd0.1_softmax_ce_s0,transformer,13000,after,60000,4,0,operands,2,1.127929141129417,300.0,0.0,0.1076189306480636,0.0,0.0648924774482712,transformer_add113_f0.3_wd0.1_softmax_ce,reference
transformer_add113_f0.3_wd0.1_softmax_ce_s0,transformer,13000,after,60000,4,1,blocks.0.hook_attn_out,0,1.7698857256536078,300.0,0.0,0.0598194298142574,0.0,0.0399645142697437,transformer_add113_f0.3_wd0.1_softmax_ce,reference
transformer_add113_f0.3_wd0.1_softmax_ce_s0,transformer,13000,after,60000,4,1,blocks.0.hook_attn_out,1,1.7701632617877925,300.0,0.0,0.0592707628833656,0.0,0.0406416014585201,transformer_add113_f0.3_wd0.1_softmax_ce,reference
transformer_add113_f0.3_wd0.1_softmax_ce_s0,transformer,13000,after,60000,4,1,blocks.0.hook_attn_out,2,1.7698857256536078,300.0,0.0,0.0710460749022008,1.0,0.0569710699596833,transformer_add113_f0.3_wd0.1_softmax_ce,reference
transformer_add113_f0.3_wd0.1_softmax_ce_s0,transformer,13000,after,60000,4,2,blocks.0.hook_mlp_out,0,0.4516148988231501,300.0,0.0,0.0238270648673032,0.0,0.014275804941894,transformer_add113_f0.3_wd0.1_softmax_ce,reference
transformer_add113_f0.3_wd0.1_softmax_ce_s0,transformer,13000,after,60000,4,2,blocks.0.hook_mlp_out,1,0.4516148988231501,300.0,0.0,0.0211106003740369,0.0,0.0143700477176989,transformer_add113_f0.3_wd0.1_softmax_ce,reference
transformer_add113_f0.3_wd0.1_softmax_ce_s0,transformer,13000,after,60000,4,2,blocks.0.hook_mlp_out,2,0.4516148988231501,300.0,0.0,0.0195324401337219,0.0,0.0134014629494028,transformer_add113_f0.3_wd0.1_softmax_ce,reference
transformer_add113_f0.3_wd0.1_softmax_ce_s0,transformer,13000,after,60000,4,3,blocks.1.hook_attn_out,0,2.3399749948832085,300.0,0.0,0.057918031948125,0.0,0.0463851231620025,transformer_add113_f0.3_wd0.1_softmax_ce,reference
transformer_add113_f0.3_wd0.1_softmax_ce_s0,transformer,13000,after,60000,4,3,blocks.1.hook_attn_out,1,2.2771097756427894,300.0,0.0,0.0670202286990073,0.0,0.0386591171337978,transformer_add113_f0.3_wd0.1_softmax_ce,reference
transformer_add113_f0.3_wd0.1_softmax_ce_s0,transformer,13000,after,60000,4,3,blocks.1.hook_attn_out,2,2.3399749948832085,300.0,0.0,0.0589297424520259,0.0,0.040006186290813,transformer_add113_f0.3_wd0.1_softmax_ce,reference
transformer_add113_f0.3_wd0.1_softmax_ce_s0,transformer,13000,after,60000,4,4,blocks.1.hook_mlp_out,0,2.557665832439843,300.0,0.0,0.0607281612558709,0.0,0.0410364014021134,transformer_add113_f0.3_wd0.1_softmax_ce,reference
transformer_add113_f0.3_wd0.1_softmax_ce_s0,transformer,13000,after,60000,4,4,blocks.1.hook_mlp_out,1,2.605920661791219,300.0,0.0,0.0578446837353947,0.0,0.0380432966768511,transformer_add113_f0.3_wd0.1_softmax_ce,reference
transformer_add113_f0.3_wd0.1_softmax_ce_s0,transformer,13000,after,60000,4,4,blocks.1.hook_mlp_out,2,2.5563810382387278,300.0,0.0,0.0584395421032615,0.0,0.0442489428300828,transformer_add113_f0.3_wd0.1_softmax_ce,reference
transformer_add113_f0.3_wd0.1_softmax_ce_s0,transformer,13000,after,60000,4,5,hook_resid_final,0,36.10848885599856,300.0,0.0,0.0654443140207937,0.0,0.0449582630123043,transformer_add113_f0.3_wd0.1_softmax_ce,reference
transformer_add113_f0.3_wd0.1_softmax_ce_s0,transformer,13000,after,60000,4,5,hook_resid_final,1,35.61476753569015,300.0,0.0,0.0700643373847764,0.0,0.0472163045279069,transformer_add113_f0.3_wd0.1_softmax_ce,reference
transformer_add113_f0.3_wd0.1_softmax_ce_s0,transformer,13000,after,60000,4,5,hook_resid_final,2,35.69158293680951,300.0,0.0,0.0737852134801443,0.0,0.0397350594141475,transformer_add113_f0.3_wd0.1_softmax_ce,reference
transformer_add113_f0.3_wd0.1_softmax_ce_s0,transformer,13000,after,60000,4,6,logits,0,156.27943734636293,300.0,0.0,0.0684970805689349,1.0,0.0553105268167583,transformer_add113_f0.3_wd0.1_softmax_ce,reference
transformer_add113_f0.3_wd0.1_softmax_ce_s0,transformer,13000,after,60000,4,6,logits,1,156.6223589926185,300.0,0.0,0.0737130065893903,1.0,0.057429497327338,transformer_add113_f0.3_wd0.1_softmax_ce,reference
transformer_add113_f0.3_wd0.1_softmax_ce_s0,transformer,13000,after,60000,4,6,logits,2,156.80044588176202,300.0,0.0,0.0676118499691014,1.0,0.0571261455282245,transformer_add113_f0.3_wd0.1_softmax_ce,reference
transformer_add113_f0.3_wd0.1_softmax_ce_s0,transformer,13000,after,60000,2,0,operands,0,1.0191235122300049,300.0,0.0,0.0688589713661416,0.0,0.0402098652813759,transformer_add113_f0.3_wd0.1_softmax_ce,reference
transformer_add113_f0.3_wd0.1_softmax_ce_s0,transformer,13000,after,60000,2,0,operands,1,1.019797211639451,300.0,0.0,0.0605135209748022,1.0,0.0569620434933263,transformer_add113_f0.3_wd0.1_softmax_ce,reference
transformer_add113_f0.3_wd0.1_softmax_ce_s0,transformer,13000,after,60000,2,0,operands,2,1.0191235122300049,300.0,0.0,0.0606360917712825,0.0,0.0442122795219337,transformer_add113_f0.3_wd0.1_softmax_ce,reference
transformer_add113_f0.3_wd0.1_softmax_ce_s0,transformer,13000,after,60000,2,1,blocks.0.hook_attn_out,0,1.6781176474382389,300.0,0.0,0.0354251602247066,0.0,0.0035854537539597,transformer_add113_f0.3_wd0.1_softmax_ce,reference
transformer_add113_f0.3_wd0.1_softmax_ce_s0,transformer,13000,after,60000,2,1,blocks.0.hook_attn_out,1,1.6813667891317343,300.0,0.0,0.0340536234706649,0.0,0.0,transformer_add113_f0.3_wd0.1_softmax_ce,reference
transformer_add113_f0.3_wd0.1_softmax_ce_s0,transformer,13000,after,60000,2,1,blocks.0.hook_attn_out,2,1.688372480727817,300.0,0.0,0.0246317676321742,0.0,0.0,transformer_add113_f0.3_wd0.1_softmax_ce,reference
transformer_add113_f0.3_wd0.1_softmax_ce_s0,transformer,13000,after,60000,2,2,blocks.0.hook_mlp_out,0,0.4512281466346733,300.0,0.0,0.0171011324649749,0.0,0.0,transformer_add113_f0.3_wd0.1_softmax_ce,reference
transformer_add113_f0.3_wd0.1_softmax_ce_s0,transformer,13000,after,60000,2,2,blocks.0.hook_mlp_out,1,0.4512281466346733,300.0,0.0,0.0152044963547027,0.0,0.0,transformer_add113_f0.3_wd0.1_softmax_ce,reference
transformer_add113_f0.3_wd0.1_softmax_ce_s0,transformer,13000,after,60000,2,2,blocks.0.hook_mlp_out,2,0.4512281466346733,300.0,0.0,0.0157410508248701,0.0,0.0,transformer_add113_f0.3_wd0.1_softmax_ce,reference
transformer_add113_f0.3_wd0.1_softmax_ce_s0,transformer,13000,after,60000,2,3,blocks.1.hook_attn_out,0,2.1801009183340474,300.0,0.0,0.0239416844431198,0.0,0.0,transformer_add113_f0.3_wd0.1_softmax_ce,reference
transformer_add113_f0.3_wd0.1_softmax_ce_s0,transformer,13000,after,60000,2,3,blocks.1.hook_attn_out,1,2.1801009183340474,300.0,0.0,0.0276817198545003,0.0,0.0,transformer_add113_f0.3_wd0.1_softmax_ce,reference
transformer_add113_f0.3_wd0.1_softmax_ce_s0,transformer,13000,after,60000,2,3,blocks.1.hook_attn_out,2,2.1801009183340474,300.0,0.0,0.0250491312227473,0.0,0.0004080952045649,transformer_add113_f0.3_wd0.1_softmax_ce,reference
transformer_add113_f0.3_wd0.1_softmax_ce_s0,transformer,13000,after,60000,2,4,blocks.1.hook_mlp_out,0,2.5710033790712647,300.0,0.0,0.0299290240641252,0.0,0.0,transformer_add113_f0.3_wd0.1_softmax_ce,reference
transformer_add113_f0.3_wd0.1_softmax_ce_s0,transformer,13000,after,60000,2,4,blocks.1.hook_mlp_out,1,2.560788378036355,300.0,0.0,0.0251357189882195,0.0,0.0,transformer_add113_f0.3_wd0.1_softmax_ce,reference
transformer_add113_f0.3_wd0.1_softmax_ce_s0,transformer,13000,after,60000,2,4,blocks.1.hook_mlp_out,2,2.564968208621908,300.0,0.0,0.0360812300751588,0.0,0.0,transformer_add113_f0.3_wd0.1_softmax_ce,reference
transformer_add113_f0.3_wd0.1_softmax_ce_s0,transformer,13000,after,60000,2,5,hook_resid_final,0,35.21021735022811,300.0,0.0,0.0315366651966331,0.0,0.0,transformer_add113_f0.3_wd0.1_softmax_ce,reference
transformer_add113_f0.3_wd0.1_softmax_ce_s0,transformer,13000,after,60000,2,5,hook_resid_final,1,35.42174148513075,300.0,0.0,0.0401739752171989,0.0,0.0,transformer_add113_f0.3_wd0.1_softmax_ce,reference
transformer_add113_f0.3_wd0.1_softmax_ce_s0,transformer,13000,after,60000,2,5,hook_resid_final,2,34.78411060903943,300.0,0.0,0.029720483975536,0.0,0.000136227983889,transformer_add113_f0.3_wd0.1_softmax_ce,reference
transformer_add113_f0.3_wd0.1_softmax_ce_s0,transformer,13000,after,60000,2,6,logits,0,151.37088540329734,300.0,0.0,0.0254322006414547,0.0,0.0,transformer_add113_f0.3_wd0.1_softmax_ce,reference
transformer_add113_f0.3_wd0.1_softmax_ce_s0,transformer,13000,after,60000,2,6,logits,1,151.27434572364857,300.0,0.0,0.0297060731822782,0.0,0.0,transformer_add113_f0.3_wd0.1_softmax_ce,reference
transformer_add113_f0.3_wd0.1_softmax_ce_s0,transformer,13000,after,60000,2,6,logits,2,151.26837250376914,300.0,0.0,0.0278855491564369,0.0,0.0,transformer_add113_f0.3_wd0.1_softmax_ce,reference
transformer_add113_f0.3_wd0.1_softmax_ce_s1,transformer,12000,init,0,8,0,operands,0,20.133391256128043,300.0,0.0,0.1014090929965208,0.0,0.0558838120745748,transformer_add113_f0.3_wd0.1_softmax_ce,reference
transformer_add113_f0.3_wd0.1_softmax_ce_s1,transformer,12000,init,0,8,0,operands,1,20.133391256128043,300.0,0.0,0.1039349332089871,0.0,0.046748127875007,transformer_add113_f0.3_wd0.1_softmax_ce,reference
transformer_add113_f0.3_wd0.1_softmax_ce_s1,transformer,12000,init,0,8,0,operands,2,19.837183884057925,300.0,0.0,0.1203353049061256,1.0,0.0654161537904271,transformer_add113_f0.3_wd0.1_softmax_ce,reference
transformer_add113_f0.3_wd0.1_softmax_ce_s1,transformer,12000,init,0,8,1,blocks.0.hook_attn_out,0,3.616853023652944,300.0,0.0,0.0643750389841455,0.0,0.0465286468985994,transformer_add113_f0.3_wd0.1_softmax_ce,reference
transformer_add113_f0.3_wd0.1_softmax_ce_s1,transformer,12000,init,0,8,1,blocks.0.hook_attn_out,1,3.616853023652944,300.0,0.0,0.0682404015395424,0.0,0.045453643252457,transformer_add113_f0.3_wd0.1_softmax_ce,reference
transformer_add113_f0.3_wd0.1_softmax_ce_s1,transformer,12000,init,0,8,1,blocks.0.hook_attn_out,2,3.616853023652944,300.0,0.0,0.0732574148154963,0.0,0.0496173377769199,transformer_add113_f0.3_wd0.1_softmax_ce,reference
transformer_add113_f0.3_wd0.1_softmax_ce_s1,transformer,12000,init,0,8,2,blocks.0.hook_mlp_out,0,0.8203057209219929,300.0,0.0,0.071108215871597,0.0,0.0441324338902578,transformer_add113_f0.3_wd0.1_softmax_ce,reference
transformer_add113_f0.3_wd0.1_softmax_ce_s1,transformer,12000,init,0,8,2,blocks.0.hook_mlp_out,1,0.8203057209219929,300.0,0.0,0.0655007280377684,0.0,0.0466345690001484,transformer_add113_f0.3_wd0.1_softmax_ce,reference
transformer_add113_f0.3_wd0.1_softmax_ce_s1,transformer,12000,init,0,8,2,blocks.0.hook_mlp_out,2,0.7762863023069266,300.0,0.0,0.0753049217302114,1.0,0.0528878665437177,transformer_add113_f0.3_wd0.1_softmax_ce,reference
transformer_add113_f0.3_wd0.1_softmax_ce_s1,transformer,12000,init,0,8,3,blocks.1.hook_attn_out,0,4.580783684094944,300.0,0.0,0.063756195884033,0.0,0.0394962591597855,transformer_add113_f0.3_wd0.1_softmax_ce,reference
transformer_add113_f0.3_wd0.1_softmax_ce_s1,transformer,12000,init,0,8,3,blocks.1.hook_attn_out,1,4.580783684094944,300.0,0.0,0.0638164149022281,0.0,0.0460540165556417,transformer_add113_f0.3_wd0.1_softmax_ce,reference
transformer_add113_f0.3_wd0.1_softmax_ce_s1,transformer,12000,init,0,8,3,blocks.1.hook_attn_out,2,4.580783684094944,300.0,0.0,0.0589775019025563,0.0,0.0446821992154781,transformer_add113_f0.3_wd0.1_softmax_ce,reference
transformer_add113_f0.3_wd0.1_softmax_ce_s1,transformer,12000,init,0,8,4,blocks.1.hook_mlp_out,0,1.0809664735469642,300.0,0.0,0.0737287935899623,0.0,0.0489216021455626,transformer_add113_f0.3_wd0.1_softmax_ce,reference
transformer_add113_f0.3_wd0.1_softmax_ce_s1,transformer,12000,init,0,8,4,blocks.1.hook_mlp_out,1,1.081726772660212,300.0,0.0,0.0744054406771613,0.0,0.0526402828844325,transformer_add113_f0.3_wd0.1_softmax_ce,reference
transformer_add113_f0.3_wd0.1_softmax_ce_s1,transformer,12000,init,0,8,4,blocks.1.hook_mlp_out,2,1.0809664735469642,300.0,0.0,0.0826723867610195,0.0,0.0545858456554827,transformer_add113_f0.3_wd0.1_softmax_ce,reference
transformer_add113_f0.3_wd0.1_softmax_ce_s1,transformer,12000,init,0,8,5,hook_resid_final,0,4.701644802943886,300.0,0.0,0.0743403151070303,0.0,0.0499128869643811,transformer_add113_f0.3_wd0.1_softmax_ce,reference
transformer_add113_f0.3_wd0.1_softmax_ce_s1,transformer,12000,init,0,8,5,hook_resid_final,1,4.701644802943886,300.0,0.0,0.0775174750757451,0.0,0.046211871359046,transformer_add113_f0.3_wd0.1_softmax_ce,reference
transformer_add113_f0.3_wd0.1_softmax_ce_s1,transformer,12000,init,0,8,5,hook_resid_final,2,4.701644802943886,300.0,0.0,0.0659312163763504,1.0,0.0508975661911265,transformer_add113_f0.3_wd0.1_softmax_ce,reference
transformer_add113_f0.3_wd0.1_softmax_ce_s1,transformer,12000,init,0,8,6,logits,0,2.761379703642206,300.0,0.0,0.0648465052882109,0.0,0.0497975709309445,transformer_add113_f0.3_wd0.1_softmax_ce,reference
transformer_add113_f0.3_wd0.1_softmax_ce_s1,transformer,12000,init,0,8,6,logits,1,2.7317572381107973,300.0,0.0,0.0720975916526351,0.0,0.0482794270631729,transformer_add113_f0.3_wd0.1_softmax_ce,reference
transformer_add113_f0.3_wd0.1_softmax_ce_s1,transformer,12000,init,0,8,6,logits,2,2.761379703642206,300.0,0.0,0.0802181152389758,1.0,0.0584557197059339,transformer_add113_f0.3_wd0.1_softmax_ce,reference
transformer_add113_f0.3_wd0.1_softmax_ce_s1,transformer,12000,init,0,4,0,operands,0,18.958160873665776,300.0,0.0,0.1155882398654024,0.0,0.0554267811140092,transformer_add113_f0.3_wd0.1_softmax_ce,reference
transformer_add113_f0.3_wd0.1_softmax_ce_s1,transformer,12000,init,0,4,0,operands,1,18.958160873665776,300.0,0.0,0.1070502157683582,1.0,0.0579962923429459,transformer_add113_f0.3_wd0.1_softmax_ce,reference
transformer_add113_f0.3_wd0.1_softmax_ce_s1,transformer,12000,init,0,4,0,operands,2,18.958160873665776,300.0,0.0,0.0969907424183026,0.0,0.0494754722678732,transformer_add113_f0.3_wd0.1_softmax_ce,reference
transformer_add113_f0.3_wd0.1_softmax_ce_s1,transformer,12000,init,0,4,1,blocks.0.hook_attn_out,0,3.13102301047947,300.0,0.0,0.0588694530518472,0.0,0.0449373266687193,transformer_add113_f0.3_wd0.1_softmax_ce,reference
transformer_add113_f0.3_wd0.1_softmax_ce_s1,transformer,12000,init,0,4,1,blocks.0.hook_attn_out,1,3.13102301047947,300.0,0.0,0.067620410949262,0.0,0.0417975879858983,transformer_add113_f0.3_wd0.1_softmax_ce,reference
transformer_add113_f0.3_wd0.1_softmax_ce_s1,transformer,12000,init,0,4,1,blocks.0.hook_attn_out,2,3.13102301047947,300.0,0.0,0.0599688565475177,0.0,0.0391784675865781,transformer_add113_f0.3_wd0.1_softmax_ce,reference
transformer_add113_f0.3_wd0.1_softmax_ce_s1,transformer,12000,init,0,4,2,blocks.0.hook_mlp_out,0,0.7473690108639816,300.0,0.0,0.0583459480137683,0.0,0.033926789069432,transformer_add113_f0.3_wd0.1_softmax_ce,reference
transformer_add113_f0.3_wd0.1_softmax_ce_s1,transformer,12000,init,0,4,2,blocks.0.hook_mlp_out,1,0.7469016990073521,300.0,0.0,0.0607284978906071,0.0,0.0437699716078933,transformer_add113_f0.3_wd0.1_softmax_ce,reference
transformer_add113_f0.3_wd0.1_softmax_ce_s1,transformer,12000,init,0,4,2,blocks.0.hook_mlp_out,2,0.7280938245550062,300.0,0.0,0.0557175126571322,0.0,0.0373486723301481,transformer_add113_f0.3_wd0.1_softmax_ce,reference
transformer_add113_f0.3_wd0.1_softmax_ce_s1,transformer,12000,init,0,4,3,blocks.1.hook_attn_out,0,4.266903664414201,300.0,0.0,0.0591775453714987,0.0,0.0329856366443229,transformer_add113_f0.3_wd0.1_softmax_ce,reference
transformer_add113_f0.3_wd0.1_softmax_ce_s1,transformer,12000,init,0,4,3,blocks.1.hook_attn_out,1,4.266903664414201,300.0,1.0,0.0509887970089318,0.0,0.0414239981880765,transformer_add113_f0.3_wd0.1_softmax_ce,reference
transformer_add113_f0.3_wd0.1_softmax_ce_s1,transformer,12000,init,0,4,3,blocks.1.hook_attn_out,2,4.266903664414201,300.0,1.0,0.0506821202066613,0.0,0.0331944601624582,transformer_add113_f0.3_wd0.1_softmax_ce,reference
transformer_add113_f0.3_wd0.1_softmax_ce_s1,transformer,12000,init,0,4,4,blocks.1.hook_mlp_out,0,1.0029109989931488,300.0,0.0,0.0581150205111641,0.0,0.0426394970819316,transformer_add113_f0.3_wd0.1_softmax_ce,reference
transformer_add113_f0.3_wd0.1_softmax_ce_s1,transformer,12000,init,0,4,4,blocks.1.hook_mlp_out,1,0.9869376394163196,300.0,0.0,0.0594987816014498,0.0,0.0391388554533213,transformer_add113_f0.3_wd0.1_softmax_ce,reference
transformer_add113_f0.3_wd0.1_softmax_ce_s1,transformer,12000,init,0,4,4,blocks.1.hook_mlp_out,2,1.0026226824384297,300.0,0.0,0.061512492285507,0.0,0.043822482429491,transformer_add113_f0.3_wd0.1_softmax_ce,reference
transformer_add113_f0.3_wd0.1_softmax_ce_s1,transformer,12000,init,0,4,5,hook_resid_final,0,4.244022526391382,300.0,0.0,0.0596029941906525,0.0,0.0357852084878725,transformer_add113_f0.3_wd0.1_softmax_ce,reference
transformer_add113_f0.3_wd0.1_softmax_ce_s1,transformer,12000,init,0,4,5,hook_resid_final,1,4.244022526391382,300.0,0.0,0.0594540816802633,0.0,0.0388420791081029,transformer_add113_f0.3_wd0.1_softmax_ce,reference
transformer_add113_f0.3_wd0.1_softmax_ce_s1,transformer,12000,init,0,4,5,hook_resid_final,2,4.244022526391382,300.0,0.0,0.0597205736999403,0.0,0.0378959938162175,transformer_add113_f0.3_wd0.1_softmax_ce,reference
transformer_add113_f0.3_wd0.1_softmax_ce_s1,transformer,12000,init,0,4,6,logits,0,2.523440543961282,300.0,0.0,0.0560939336564837,0.0,0.04720608948564,transformer_add113_f0.3_wd0.1_softmax_ce,reference
transformer_add113_f0.3_wd0.1_softmax_ce_s1,transformer,12000,init,0,4,6,logits,1,2.523440543961282,300.0,1.0,0.0566926514416361,0.0,0.0401711584626481,transformer_add113_f0.3_wd0.1_softmax_ce,reference
transformer_add113_f0.3_wd0.1_softmax_ce_s1,transformer,12000,init,0,4,6,logits,2,2.523440543961282,300.0,0.0,0.062419981404632,0.0,0.0471974562338214,transformer_add113_f0.3_wd0.1_softmax_ce,reference
transformer_add113_f0.3_wd0.1_softmax_ce_s1,transformer,12000,init,0,2,0,operands,0,16.424184165215912,300.0,0.0,0.0625246293355595,0.0,0.037873681798593,transformer_add113_f0.3_wd0.1_softmax_ce,reference
transformer_add113_f0.3_wd0.1_softmax_ce_s1,transformer,12000,init,0,2,0,operands,1,16.424184165215912,300.0,0.0,0.0750851294509294,0.0,0.0377133201016685,transformer_add113_f0.3_wd0.1_softmax_ce,reference
transformer_add113_f0.3_wd0.1_softmax_ce_s1,transformer,12000,init,0,2,0,operands,2,16.424184165215912,300.0,0.0,0.0571724070939681,0.0,0.0427013280791306,transformer_add113_f0.3_wd0.1_softmax_ce,reference
transformer_add113_f0.3_wd0.1_softmax_ce_s1,transformer,12000,init,0,2,1,blocks.0.hook_attn_out,0,2.8124015134971376,300.0,0.0,0.0344749601997363,0.0,0.0,transformer_add113_f0.3_wd0.1_softmax_ce,reference
transformer_add113_f0.3_wd0.1_softmax_ce_s1,transformer,12000,init,0,2,1,blocks.0.hook_attn_out,1,2.796411747894929,300.0,0.0,0.0324164223921054,0.0,0.0,transformer_add113_f0.3_wd0.1_softmax_ce,reference
transformer_add113_f0.3_wd0.1_softmax_ce_s1,transformer,12000,init,0,2,1,blocks.0.hook_attn_out,2,2.796411747894929,300.0,0.0,0.037737247998417,0.0,0.0,transformer_add113_f0.3_wd0.1_softmax_ce,reference
transformer_add113_f0.3_wd0.1_softmax_ce_s1,transformer,12000,init,0,2,2,blocks.0.hook_mlp_out,0,0.7114925779586503,300.0,0.0,0.0285941972319953,0.0,0.0,transformer_add113_f0.3_wd0.1_softmax_ce,reference
transformer_add113_f0.3_wd0.1_softmax_ce_s1,transformer,12000,init,0,2,2,blocks.0.hook_mlp_out,1,0.7114925779586503,300.0,0.0,0.0449159454886393,0.0,0.002387058981139,transformer_add113_f0.3_wd0.1_softmax_ce,reference
transformer_add113_f0.3_wd0.1_softmax_ce_s1,transformer,12000,init,0,2,2,blocks.0.hook_mlp_out,2,0.7114925779586503,300.0,0.0,0.0278200565542686,0.0,0.0,transformer_add113_f0.3_wd0.1_softmax_ce,reference
transformer_add113_f0.3_wd0.1_softmax_ce_s1,transformer,12000,init,0,2,3,blocks.1.hook_attn_out,0,4.223252222780617,300.0,0.0,0.0256012240880131,0.0,0.0,transformer_add113_f0.3_wd0.1_softmax_ce,reference
transformer_add113_f0.3_wd0.1_softmax_ce_s1,transformer,12000,init,0,2,3,blocks.1.hook_attn_out,1,4.223252222780617,300.0,0.0,0.0251281625277475,0.0,0.0,transformer_add113_f0.3_wd0.1_softmax_ce,reference
transformer_add113_f0.3_wd0.1_softmax_ce_s1,transformer,12000,init,0,2,3,blocks.1.hook_attn_out,2,4.223252222780617,300.0,0.0,0.022181027889838,0.0,0.0,transformer_add113_f0.3_wd0.1_softmax_ce,reference
transformer_add113_f0.3_wd0.1_softmax_ce_s1,transformer,12000,init,0,2,4,blocks.1.hook_mlp_out,0,0.974061492399038,300.0,0.0,0.0245472106691389,0.0,0.0,transformer_add113_f0.3_wd0.1_softmax_ce,reference
transformer_add113_f0.3_wd0.1_softmax_ce_s1,transformer,12000,init,0,2,4,blocks.1.hook_mlp_out,1,0.974061492399038,300.0,0.0,0.0296408143268538,0.0,0.0009089822904465,transformer_add113_f0.3_wd0.1_softmax_ce,reference
transformer_add113_f0.3_wd0.1_softmax_ce_s1,transformer,12000,init,0,2,4,blocks.1.hook_mlp_out,2,0.974061492399038,300.0,0.0,0.0262559936549578,0.0,0.0,transformer_add113_f0.3_wd0.1_softmax_ce,reference
transformer_add113_f0.3_wd0.1_softmax_ce_s1,transformer,12000,init,0,2,5,hook_resid_final,0,3.6751311453330224,300.0,0.0,0.0382210633214414,0.0,0.0,transformer_add113_f0.3_wd0.1_softmax_ce,reference
transformer_add113_f0.3_wd0.1_softmax_ce_s1,transformer,12000,init,0,2,5,hook_resid_final,1,3.6751311453330224,300.0,0.0,0.0344796835314317,0.0,0.0033430768418995,transformer_add113_f0.3_wd0.1_softmax_ce,reference
transformer_add113_f0.3_wd0.1_softmax_ce_s1,transformer,12000,init,0,2,5,hook_resid_final,2,3.6751311453330224,300.0,0.0,0.0287761442545417,0.0,0.0,transformer_add113_f0.3_wd0.1_softmax_ce,reference
transformer_add113_f0.3_wd0.1_softmax_ce_s1,transformer,12000,init,0,2,6,logits,0,2.366233275826359,300.0,0.0,0.0303768890797407,0.0,0.0,transformer_add113_f0.3_wd0.1_softmax_ce,reference
transformer_add113_f0.3_wd0.1_softmax_ce_s1,transformer,12000,init,0,2,6,logits,1,2.366233275826359,300.0,0.0,0.0315150435652437,0.0,0.0,transformer_add113_f0.3_wd0.1_softmax_ce,reference
transformer_add113_f0.3_wd0.1_softmax_ce_s1,transformer,12000,init,0,2,6,logits,2,2.366233275826359,300.0,0.0,0.03439061802891,0.0,0.0006918280984038,transformer_add113_f0.3_wd0.1_softmax_ce,reference
transformer_add113_f0.3_wd0.1_softmax_ce_s1,transformer,12000,before,10588,8,0,operands,0,1.364514901739863,300.0,0.0,0.0925982225393532,1.0,0.0515936014677037,transformer_add113_f0.3_wd0.1_softmax_ce,reference
transformer_add113_f0.3_wd0.1_softmax_ce_s1,transformer,12000,before,10588,8,0,operands,1,1.364514901739863,300.0,0.0,0.1162707273227716,1.0,0.0685973606861766,transformer_add113_f0.3_wd0.1_softmax_ce,reference
transformer_add113_f0.3_wd0.1_softmax_ce_s1,transformer,12000,before,10588,8,0,operands,2,1.364514901739863,300.0,0.0,0.1120534116839704,1.0,0.0503682796420038,transformer_add113_f0.3_wd0.1_softmax_ce,reference
transformer_add113_f0.3_wd0.1_softmax_ce_s1,transformer,12000,before,10588,8,1,blocks.0.hook_attn_out,0,1.7970635492309823,300.0,0.0,0.0838636717235001,1.0,0.0502995328793588,transformer_add113_f0.3_wd0.1_softmax_ce,reference
transformer_add113_f0.3_wd0.1_softmax_ce_s1,transformer,12000,before,10588,8,1,blocks.0.hook_attn_out,1,1.7555405502205823,300.0,0.0,0.0758254577087171,0.0,0.0496558203978921,transformer_add113_f0.3_wd0.1_softmax_ce,reference
transformer_add113_f0.3_wd0.1_softmax_ce_s1,transformer,12000,before,10588,8,1,blocks.0.hook_attn_out,2,1.811062630909595,300.0,0.0,0.0671500774116693,0.0,0.0459506627644598,transformer_add113_f0.3_wd0.1_softmax_ce,reference
transformer_add113_f0.3_wd0.1_softmax_ce_s1,transformer,12000,before,10588,8,2,blocks.0.hook_mlp_out,0,1.0508726567348354,300.0,0.0,0.0536090631190086,0.0,0.0448689338781921,transformer_add113_f0.3_wd0.1_softmax_ce,reference
transformer_add113_f0.3_wd0.1_softmax_ce_s1,transformer,12000,before,10588,8,2,blocks.0.hook_mlp_out,1,1.072861391527493,300.0,0.0,0.049788350329616,0.0,0.0363169741778485,transformer_add113_f0.3_wd0.1_softmax_ce,reference
transformer_add113_f0.3_wd0.1_softmax_ce_s1,transformer,12000,before,10588,8,2,blocks.0.hook_mlp_out,2,1.0055456280341506,300.0,0.0,0.0666766104026939,0.0,0.0405982275494419,transformer_add113_f0.3_wd0.1_softmax_ce,reference
transformer_add113_f0.3_wd0.1_softmax_ce_s1,transformer,12000,before,10588,8,3,blocks.1.hook_attn_out,0,1.6421571644282549,300.0,0.0,0.0820355638276502,1.0,0.0534483804299121,transformer_add113_f0.3_wd0.1_softmax_ce,reference
transformer_add113_f0.3_wd0.1_softmax_ce_s1,transformer,12000,before,10588,8,3,blocks.1.hook_attn_out,1,1.657630458494696,300.0,0.0,0.077206966735626,0.0,0.04794378496342,transformer_add113_f0.3_wd0.1_softmax_ce,reference
transformer_add113_f0.3_wd0.1_softmax_ce_s1,transformer,12000,before,10588,8,3,blocks.1.hook_attn_out,2,1.6530029788033316,300.0,0.0,0.0749175307653872,0.0,0.0499599607078673,transformer_add113_f0.3_wd0.1_softmax_ce,reference
transformer_add113_f0.3_wd0.1_softmax_ce_s1,transformer,12000,before,10588,8,4,blocks.1.hook_mlp_out,0,2.490410039894753,300.0,0.0,0.0750373834882756,0.0,0.054830092642079,transformer_add113_f0.3_wd0.1_softmax_ce,reference
transformer_add113_f0.3_wd0.1_softmax_ce_s1,transformer,12000,before,10588,8,4,blocks.1.hook_mlp_out,1,2.570542741893902,300.0,0.0,0.0856052693752704,0.0,0.0554006975907646,transformer_add113_f0.3_wd0.1_softmax_ce,reference
transformer_add113_f0.3_wd0.1_softmax_ce_s1,transformer,12000,before,10588,8,4,blocks.1.hook_mlp_out,2,2.543764704540587,300.0,0.0,0.0785787712331164,0.0,0.0560417028713377,transformer_add113_f0.3_wd0.1_softmax_ce,reference
transformer_add113_f0.3_wd0.1_softmax_ce_s1,transformer,12000,before,10588,8,5,hook_resid_final,0,25.446133546305493,300.0,0.0,0.0861284892337906,0.0,0.0656849388809514,transformer_add113_f0.3_wd0.1_softmax_ce,reference
transformer_add113_f0.3_wd0.1_softmax_ce_s1,transformer,12000,before,10588,8,5,hook_resid_final,1,25.301998031853,300.0,0.0,0.0868518376156527,0.0,0.0622779681149537,transformer_add113_f0.3_wd0.1_softmax_ce,reference
transformer_add113_f0.3_wd0.1_softmax_ce_s1,transformer,12000,before,10588,8,5,hook_resid_final,2,25.429305356241933,300.0,0.0,0.090421070661102,0.0,0.0712417549868352,transformer_add113_f0.3_wd0.1_softmax_ce,reference
transformer_add113_f0.3_wd0.1_softmax_ce_s1,transformer,12000,before,10588,8,6,logits,0,105.06107093910174,300.0,0.0,0.0881808427849258,0.0,0.0612949083057562,transformer_add113_f0.3_wd0.1_softmax_ce,reference
transformer_add113_f0.3_wd0.1_softmax_ce_s1,transformer,12000,before,10588,8,6,logits,1,106.4590234688193,300.0,0.0,0.0813940814746395,0.0,0.0608350538889207,transformer_add113_f0.3_wd0.1_softmax_ce,reference
transformer_add113_f0.3_wd0.1_softmax_ce_s1,transformer,12000,before,10588,8,6,logits,2,106.76422879992164,300.0,0.0,0.0754727396942792,0.0,0.0574500094832863,transformer_add113_f0.3_wd0.1_softmax_ce,reference
transformer_add113_f0.3_wd0.1_softmax_ce_s1,transformer,12000,before,10588,4,0,operands,0,1.072789007488676,300.0,0.0,0.1139411853296723,0.0,0.0641828258052556,transformer_add113_f0.3_wd0.1_softmax_ce,reference
transformer_add113_f0.3_wd0.1_softmax_ce_s1,transformer,12000,before,10588,4,0,operands,1,1.0412696600801612,300.0,0.0,0.0964185740573605,0.0,0.0644936411221278,transformer_add113_f0.3_wd0.1_softmax_ce,reference
transformer_add113_f0.3_wd0.1_softmax_ce_s1,transformer,12000,before,10588,4,0,operands,2,1.0643629111600668,300.0,0.0,0.0925107073798671,0.0,0.0674687722015876,transformer_add113_f0.3_wd0.1_softmax_ce,reference
transformer_add113_f0.3_wd0.1_softmax_ce_s1,transformer,12000,before,10588,4,1,blocks.0.hook_attn_out,0,1.7731134442235714,300.0,0.0,0.0534785014230178,0.0,0.042799262800606,transformer_add113_f0.3_wd0.1_softmax_ce,reference
transformer_add113_f0.3_wd0.1_softmax_ce_s1,transformer,12000,before,10588,4,1,blocks.0.hook_attn_out,1,1.7731134442235714,300.0,0.0,0.0576021276325722,0.0,0.0413884744835455,transformer_add113_f0.3_wd0.1_softmax_ce,reference
transformer_add113_f0.3_wd0.1_softmax_ce_s1,transformer,12000,before,10588,4,1,blocks.0.hook_attn_out,2,1.774007789951951,300.0,0.0,0.0601696503137312,0.0,0.0352765718728763,transformer_add113_f0.3_wd0.1_softmax_ce,reference
transformer_add113_f0.3_wd0.1_softmax_ce_s1,transformer,12000,before,10588,4,2,blocks.0.hook_mlp_out,0,1.0420996982381558,300.0,0.0,0.0551478107994185,0.0,0.0337777148856639,transformer_add113_f0.3_wd0.1_softmax_ce,reference
transformer_add113_f0.3_wd0.1_softmax_ce_s1,transformer,12000,before,10588,4,2,blocks.0.hook_mlp_out,1,1.0398866392969397,300.0,0.0,0.0494071334767142,0.0,0.0383683249259653,transformer_add113_f0.3_wd0.1_softmax_ce,reference
transformer_add113_f0.3_wd0.1_softmax_ce_s1,transformer,12000,before,10588,4,2,blocks.0.hook_mlp_out,2,1.0420996982381558,300.0,0.0,0.0491845705568377,0.0,0.0369744517269564,transformer_add113_f0.3_wd0.1_softmax_ce,reference
transformer_add113_f0.3_wd0.1_softmax_ce_s1,transformer,12000,before,10588,4,3,blocks.1.hook_attn_out,0,1.5766669329817078,300.0,0.0,0.0756675608030377,0.0,0.0395003694627815,transformer_add113_f0.3_wd0.1_softmax_ce,reference
transformer_add113_f0.3_wd0.1_softmax_ce_s1,transformer,12000,before,10588,4,3,blocks.1.hook_attn_out,1,1.5766669329817078,300.0,0.0,0.0705607226509723,0.0,0.0427359371200966,transformer_add113_f0.3_wd0.1_softmax_ce,reference
transformer_add113_f0.3_wd0.1_softmax_ce_s1,transformer,12000,before,10588,4,3,blocks.1.hook_attn_out,2,1.5766669329817078,300.0,0.0,0.0650739711100104,0.0,0.0365321909690731,transformer_add113_f0.3_wd0.1_softmax_ce,reference
transformer_add113_f0.3_wd0.1_softmax_ce_s1,transformer,12000,before,10588,4,4,blocks.1.hook_mlp_out,0,2.3333370762104693,300.0,0.0,0.0785065481537599,0.0,0.0476290841390973,transformer_add113_f0.3_wd0.1_softmax_ce,reference
transformer_add113_f0.3_wd0.1_softmax_ce_s1,transformer,12000,before,10588,4,4,blocks.1.hook_mlp_out,1,2.3547111114005794,300.0,0.0,0.0622566146715191,0.0,0.0386239920628231,transformer_add113_f0.3_wd0.1_softmax_ce,reference
transformer_add113_f0.3_wd0.1_softmax_ce_s1,transformer,12000,before,10588,4,4,blocks.1.hook_mlp_out,2,2.3547111114005794,300.0,0.0,0.0683257447574712,1.0,0.0500408336420709,transformer_add113_f0.3_wd0.1_softmax_ce,reference
transformer_add113_f0.3_wd0.1_softmax_ce_s1,transformer,12000,before,10588,4,5,hook_resid_final,0,24.988113082870527,300.0,0.0,0.0696387291152731,0.0,0.0492700049551875,transformer_add113_f0.3_wd0.1_softmax_ce,reference
transformer_add113_f0.3_wd0.1_softmax_ce_s1,transformer,12000,before,10588,4,5,hook_resid_final,1,24.779614921694435,300.0,0.0,0.0679517364892616,0.0,0.0559587299768924,transformer_add113_f0.3_wd0.1_softmax_ce,reference
transformer_add113_f0.3_wd0.1_softmax_ce_s1,transformer,12000,before,10588,4,5,hook_resid_final,2,24.988113082870527,300.0,0.0,0.0710982968544828,0.0,0.0566506047123963,transformer_add113_f0.3_wd0.1_softmax_ce,reference
transformer_add113_f0.3_wd0.1_softmax_ce_s1,transformer,12000,before,10588,4,6,logits,0,103.85663484887463,300.0,0.0,0.0610719359722534,0.0,0.0624100249791709,transformer_add113_f0.3_wd0.1_softmax_ce,reference
transformer_add113_f0.3_wd0.1_softmax_ce_s1,transformer,12000,before,10588,4,6,logits,1,104.51261466585623,300.0,0.0,0.065945216583882,0.0,0.0467401143866601,transformer_add113_f0.3_wd0.1_softmax_ce,reference
transformer_add113_f0.3_wd0.1_softmax_ce_s1,transformer,12000,before,10588,4,6,logits,2,104.51261466585623,300.0,0.0,0.0657884678750337,0.0,0.0540888712661626,transformer_add113_f0.3_wd0.1_softmax_ce,reference
transformer_add113_f0.3_wd0.1_softmax_ce_s1,transformer,12000,before,10588,2,0,operands,0,1.043920020610848,300.0,0.0,0.0565018528246111,0.0,0.034654634361955,transformer_add113_f0.3_wd0.1_softmax_ce,reference
transformer_add113_f0.3_wd0.1_softmax_ce_s1,transformer,12000,before,10588,2,0,operands,1,0.9865119811198276,300.0,0.0,0.0593613362461905,0.0,0.0382344047555932,transformer_add113_f0.3_wd0.1_softmax_ce,reference
transformer_add113_f0.3_wd0.1_softmax_ce_s1,transformer,12000,before,10588,2,0,operands,2,1.043920020610848,300.0,0.0,0.0564678944161312,0.0,0.037862069563226,transformer_add113_f0.3_wd0.1_softmax_ce,reference
transformer_add113_f0.3_wd0.1_softmax_ce_s1,transformer,12000,before,10588,2,1,blocks.0.hook_attn_out,0,1.5670241275483785,300.0,0.0,0.0257065416435853,0.0,0.0,transformer_add113_f0.3_wd0.1_softmax_ce,reference
transformer_add113_f0.3_wd0.1_softmax_ce_s1,transformer,12000,before,10588,2,1,blocks.0.hook_attn_out,1,1.5670241275483785,300.0,0.0,0.0270880301344281,0.0,0.0,transformer_add113_f0.3_wd0.1_softmax_ce,reference
transformer_add113_f0.3_wd0.1_softmax_ce_s1,transformer,12000,before,10588,2,1,blocks.0.hook_attn_out,2,1.5670241275483785,300.0,0.0,0.0287634007542054,0.0,0.0,transformer_add113_f0.3_wd0.1_softmax_ce,reference
transformer_add113_f0.3_wd0.1_softmax_ce_s1,transformer,12000,before,10588,2,2,blocks.0.hook_mlp_out,0,0.9988923495515206,300.0,0.0,0.0292530204287878,0.0,0.0,transformer_add113_f0.3_wd0.1_softmax_ce,reference
transformer_add113_f0.3_wd0.1_softmax_ce_s1,transformer,12000,before,10588,2,2,blocks.0.hook_mlp_out,1,0.9988923495515206,300.0,0.0,0.0268551405899389,0.0,0.0,transformer_add113_f0.3_wd0.1_softmax_ce,reference
transformer_add113_f0.3_wd0.1_softmax_ce_s1,transformer,12000,before,10588,2,2,blocks.0.hook_mlp_out,2,0.9988923495515206,300.0,0.0,0.0275165758151367,0.0,0.0,transformer_add113_f0.3_wd0.1_softmax_ce,reference
transformer_add113_f0.3_wd0.1_softmax_ce_s1,transformer,12000,before,10588,2,3,blocks.1.hook_attn_out,0,1.5465256743547278,300.0,0.0,0.0289894893547013,0.0,0.0,transformer_add113_f0.3_wd0.1_softmax_ce,reference
transformer_add113_f0.3_wd0.1_softmax_ce_s1,transformer,12000,before,10588,2,3,blocks.1.hook_attn_out,1,1.5342730452184457,300.0,0.0,0.0281355240700741,0.0,0.0,transformer_add113_f0.3_wd0.1_softmax_ce,reference
transformer_add113_f0.3_wd0.1_softmax_ce_s1,transformer,12000,before,10588,2,3,blocks.1.hook_attn_out,2,1.5367513044032768,300.0,0.0,0.0298033879513832,0.0,0.0015945077390573,transformer_add113_f0.3_wd0.1_softmax_ce,reference
transformer_add113_f0.3_wd0.1_softmax_ce_s1,transformer,12000,before,10588,2,4,blocks.1.hook_mlp_out,0,2.2274787669045875,300.0,0.0,0.0306552486758852,0.0,0.0032187149476522,transformer_add113_f0.3_wd0.1_softmax_ce,reference
transformer_add113_f0.3_wd0.1_softmax_ce_s1,transformer,12000,before,10588,2,4,blocks.1.hook_mlp_out,1,2.2274787669045875,300.0,0.0,0.0440887718714832,0.0,0.0,transformer_add113_f0.3_wd0.1_softmax_ce,reference
transformer_add113_f0.3_wd0.1_softmax_ce_s1,transformer,12000,before,10588,2,4,blocks.1.hook_mlp_out,2,2.2274787669045875,300.0,0.0,0.0257980058244341,0.0,0.0,transformer_add113_f0.3_wd0.1_softmax_ce,reference
transformer_add113_f0.3_wd0.1_softmax_ce_s1,transformer,12000,before,10588,2,5,hook_resid_final,0,23.636511196637723,300.0,0.0,0.0304583789185052,0.0,0.0,transformer_add113_f0.3_wd0.1_softmax_ce,reference
transformer_add113_f0.3_wd0.1_softmax_ce_s1,transformer,12000,before,10588,2,5,hook_resid_final,1,23.636511196637723,300.0,0.0,0.0275241467719186,0.0,0.0,transformer_add113_f0.3_wd0.1_softmax_ce,reference
transformer_add113_f0.3_wd0.1_softmax_ce_s1,transformer,12000,before,10588,2,5,hook_resid_final,2,23.636511196637723,300.0,0.0,0.034269468318608,0.0,0.0,transformer_add113_f0.3_wd0.1_softmax_ce,reference
transformer_add113_f0.3_wd0.1_softmax_ce_s1,transformer,12000,before,10588,2,6,logits,0,102.08009119552403,300.0,0.0,0.0321523515914422,0.0,0.0,transformer_add113_f0.3_wd0.1_softmax_ce,reference
transformer_add113_f0.3_wd0.1_softmax_ce_s1,transformer,12000,before,10588,2,6,logits,1,101.84068035344352,300.0,0.0,0.0302794910333301,0.0,0.0,transformer_add113_f0.3_wd0.1_softmax_ce,reference
transformer_add113_f0.3_wd0.1_softmax_ce_s1,transformer,12000,before,10588,2,6,logits,2,102.08009119552403,300.0,0.0,0.0317482688963028,0.0,0.0002508204186522,transformer_add113_f0.3_wd0.1_softmax_ce,reference
transformer_add113_f0.3_wd0.1_softmax_ce_s1,transformer,12000,at,12101,8,0,operands,0,0.9614308944633024,300.0,0.0,0.0913374321374725,0.0,0.0710126782104447,transformer_add113_f0.3_wd0.1_softmax_ce,reference
transformer_add113_f0.3_wd0.1_softmax_ce_s1,transformer,12000,at,12101,8,0,operands,1,0.9865924507600804,300.0,0.0,0.0913001102217758,1.0,0.0572917934260311,transformer_add113_f0.3_wd0.1_softmax_ce,reference
transformer_add113_f0.3_wd0.1_softmax_ce_s1,transformer,12000,at,12101,8,0,operands,2,0.9865924507600804,300.0,0.0,0.083093232141913,1.0,0.0519644289481814,transformer_add113_f0.3_wd0.1_softmax_ce,reference
transformer_add113_f0.3_wd0.1_softmax_ce_s1,transformer,12000,at,12101,8,1,blocks.0.hook_attn_out,0,0.9127385227511512,300.0,0.0,0.0670358409278432,1.0,0.0541178777711803,transformer_add113_f0.3_wd0.1_softmax_ce,reference
transformer_add113_f0.3_wd0.1_softmax_ce_s1,transformer,12000,at,12101,8,1,blocks.0.hook_attn_out,1,0.9127385227511512,300.0,0.0,0.0800026018175898,0.0,0.0491513819609244,transformer_add113_f0.3_wd0.1_softmax_ce,reference
transformer_add113_f0.3_wd0.1_softmax_ce_s1,transformer,12000,at,12101,8,1,blocks.0.hook_attn_out,2,0.9191474459259208,300.0,0.0,0.0690681561994112,1.0,0.051352447718818,transformer_add113_f0.3_wd0.1_softmax_ce,reference
transformer_add113_f0.3_wd0.1_softmax_ce_s1,transformer,12000,at,12101,8,2,blocks.0.hook_mlp_out,0,0.5561949402110152,300.0,0.0,0.0573523102658564,0.0,0.0380152120001983,transformer_add113_f0.3_wd0.1_softmax_ce,reference
transformer_add113_f0.3_wd0.1_softmax_ce_s1,transformer,12000,at,12101,8,2,blocks.0.hook_mlp_out,1,0.5581444387614296,300.0,0.0,0.0581710393354446,0.0,0.0417928407517337,transformer_add113_f0.3_wd0.1_softmax_ce,reference
transformer_add113_f0.3_wd0.1_softmax_ce_s1,transformer,12000,at,12101,8,2,blocks.0.hook_mlp_out,2,0.556199109142293,300.0,0.0,0.0541652182930269,0.0,0.0463532412151541,transformer_add113_f0.3_wd0.1_softmax_ce,reference
transformer_add113_f0.3_wd0.1_softmax_ce_s1,transformer,12000,at,12101,8,3,blocks.1.hook_attn_out,0,0.8479899605149188,300.0,0.0,0.0748015693598439,0.0,0.062541792570028,transformer_add113_f0.3_wd0.1_softmax_ce,reference
transformer_add113_f0.3_wd0.1_softmax_ce_s1,transformer,12000,at,12101,8,3,blocks.1.hook_attn_out,1,0.8834373488464339,300.0,0.0,0.0750845257307088,1.0,0.0512351578137345,transformer_add113_f0.3_wd0.1_softmax_ce,reference
transformer_add113_f0.3_wd0.1_softmax_ce_s1,transformer,12000,at,12101,8,3,blocks.1.hook_attn_out,2,0.8834373488464339,300.0,0.0,0.0761275291817016,0.0,0.0677978218714805,transformer_add113_f0.3_wd0.1_softmax_ce,reference
transformer_add113_f0.3_wd0.1_softmax_ce_s1,transformer,12000,at,12101,8,4,blocks.1.hook_mlp_out,0,1.2378169570629602,300.0,0.0,0.0752988770220678,0.0,0.0460890285583306,transformer_add113_f0.3_wd0.1_softmax_ce,reference
transformer_add113_f0.3_wd0.1_softmax_ce_s1,transformer,12000,at,12101,8,4,blocks.1.hook_mlp_out,1,1.1993647958071698,300.0,0.0,0.0692538189409244,0.0,0.0474733571991962,transformer_add113_f0.3_wd0.1_softmax_ce,reference
transformer_add113_f0.3_wd0.1_softmax_ce_s1,transformer,12000,at,12101,8,4,blocks.1.hook_mlp_out,2,1.2456110757753909,300.0,0.0,0.0747844779488431,0.0,0.0469725740057607,transformer_add113_f0.3_wd0.1_softmax_ce,reference
transformer_add113_f0.3_wd0.1_softmax_ce_s1,transformer,12000,at,12101,8,5,hook_resid_final,0,26.436619851729574,300.0,0.0,0.1118489700814338,0.0,0.0759065616091573,transformer_add113_f0.3_wd0.1_softmax_ce,reference
transformer_add113_f0.3_wd0.1_softmax_ce_s1,transformer,12000,at,12101,8,5,hook_resid_final,1,26.436619851729574,300.0,0.0,0.1132408849217165,0.0,0.0645828284457708,transformer_add113_f0.3_wd0.1_softmax_ce,reference
transformer_add113_f0.3_wd0.1_softmax_ce_s1,transformer,12000,at,12101,8,5,hook_resid_final,2,26.447328758810727,300.0,0.0,0.1132069136108385,0.0,0.0631086052808277,transformer_add113_f0.3_wd0.1_softmax_ce,reference
transformer_add113_f0.3_wd0.1_softmax_ce_s1,transformer,12000,at,12101,8,6,logits,0,128.61435905364007,300.0,0.0,0.1215424395948593,0.0,0.0674814307437869,transformer_add113_f0.3_wd0.1_softmax_ce,reference
transformer_add113_f0.3_wd0.1_softmax_ce_s1,transformer,12000,at,12101,8,6,logits,1,129.00511511092284,300.0,0.0,0.1113176784843774,0.0,0.0574468559372028,transformer_add113_f0.3_wd0.1_softmax_ce,reference
transformer_add113_f0.3_wd0.1_softmax_ce_s1,transformer,12000,at,12101,8,6,logits,2,130.3054703234933,300.0,0.0,0.1190310061185139,0.0,0.0610056316397035,transformer_add113_f0.3_wd0.1_softmax_ce,reference
transformer_add113_f0.3_wd0.1_softmax_ce_s1,transformer,12000,at,12101,4,0,operands,0,0.8671546789570074,300.0,0.0,0.0918804095538009,0.0,0.0680871219038943,transformer_add113_f0.3_wd0.1_softmax_ce,reference
transformer_add113_f0.3_wd0.1_softmax_ce_s1,transformer,12000,at,12101,4,0,operands,1,0.8980481750516769,300.0,0.0,0.1076319174690513,0.0,0.0690242835029013,transformer_add113_f0.3_wd0.1_softmax_ce,reference
transformer_add113_f0.3_wd0.1_softmax_ce_s1,transformer,12000,at,12101,4,0,operands,2,0.8980481750516769,300.0,0.0,0.0929605035115937,0.0,0.0615933502696494,transformer_add113_f0.3_wd0.1_softmax_ce,reference
transformer_add113_f0.3_wd0.1_softmax_ce_s1,transformer,12000,at,12101,4,1,blocks.0.hook_attn_out,0,0.877759642948517,300.0,0.0,0.0545504340165939,0.0,0.0377873168850459,transformer_add113_f0.3_wd0.1_softmax_ce,reference
transformer_add113_f0.3_wd0.1_softmax_ce_s1,transformer,12000,at,12101,4,1,blocks.0.hook_attn_out,1,0.8803868642875363,300.0,0.0,0.0574684109843652,0.0,0.0406098245017907,transformer_add113_f0.3_wd0.1_softmax_ce,reference
transformer_add113_f0.3_wd0.1_softmax_ce_s1,transformer,12000,at,12101,4,1,blocks.0.hook_attn_out,2,0.8803868642875363,300.0,0.0,0.0576514454703246,0.0,0.0473621958627682,transformer_add113_f0.3_wd0.1_softmax_ce,reference
transformer_add113_f0.3_wd0.1_softmax_ce_s1,transformer,12000,at,12101,4,2,blocks.0.hook_mlp_out,0,0.555914221062905,300.0,0.0,0.0597735448285106,0.0,0.034339811145049,transformer_add113_f0.3_wd0.1_softmax_ce,reference
transformer_add113_f0.3_wd0.1_softmax_ce_s1,transformer,12000,at,12101,4,2,blocks.0.hook_mlp_out,1,0.55736837888827,300.0,0.0,0.0543243773888193,0.0,0.0384606914431065,transformer_add113_f0.3_wd0.1_softmax_ce,reference
transformer_add113_f0.3_wd0.1_softmax_ce_s1,transformer,12000,at,12101,4,2,blocks.0.hook_mlp_out,2,0.548760982209307,300.0,0.0,0.0628348822600789,0.0,0.0455866072472995,transformer_add113_f0.3_wd0.1_softmax_ce,reference
transformer_add113_f0.3_wd0.1_softmax_ce_s1,transformer,12000,at,12101,4,3,blocks.1.hook_attn_out,0,0.8156966323540537,300.0,0.0,0.0575405499584376,0.0,0.0421406651425866,transformer_add113_f0.3_wd0.1_softmax_ce,reference
transformer_add113_f0.3_wd0.1_softmax_ce_s1,transformer,12000,at,12101,4,3,blocks.1.hook_attn_out,1,0.8156966323540537,300.0,0.0,0.0605462235830431,0.0,0.0457076967085683,transformer_add113_f0.3_wd0.1_softmax_ce,reference
transformer_add113_f0.3_wd0.1_softmax_ce_s1,transformer,12000,at,12101,4,3,blocks.1.hook_attn_out,2,0.8156966323540537,300.0,0.0,0.058610288587456,0.0,0.0432426102882715,transformer_add113_f0.3_wd0.1_softmax_ce,reference
transformer_add113_f0.3_wd0.1_softmax_ce_s1,transformer,12000,at,12101,4,4,blocks.1.hook_mlp_out,0,1.1361038310593188,300.0,0.0,0.055542385986347,0.0,0.0371791177925847,transformer_add113_f0.3_wd0.1_softmax_ce,reference
transformer_add113_f0.3_wd0.1_softmax_ce_s1,transformer,12000,at,12101,4,4,blocks.1.hook_mlp_out,1,1.1322255805903847,300.0,0.0,0.0595725409823513,0.0,0.0395060709613417,transformer_add113_f0.3_wd0.1_softmax_ce,reference
transformer_add113_f0.3_wd0.1_softmax_ce_s1,transformer,12000,at,12101,4,4,blocks.1.hook_mlp_out,2,1.159641111212891,300.0,0.0,0.0539693702874323,0.0,0.0419485455279781,transformer_add113_f0.3_wd0.1_softmax_ce,reference
transformer_add113_f0.3_wd0.1_softmax_ce_s1,transformer,12000,at,12101,4,5,hook_resid_final,0,25.1962306669732,300.0,0.0,0.0683341550869171,0.0,0.058196954103209,transformer_add113_f0.3_wd0.1_softmax_ce,reference
transformer_add113_f0.3_wd0.1_softmax_ce_s1,transformer,12000,at,12101,4,5,hook_resid_final,1,24.719161061801945,300.0,0.0,0.0739266294704163,0.0,0.0475895969657236,transformer_add113_f0.3_wd0.1_softmax_ce,reference
transformer_add113_f0.3_wd0.1_softmax_ce_s1,transformer,12000,at,12101,4,5,hook_resid_final,2,25.1962306669732,300.0,0.0,0.0718431891081915,0.0,0.0564551404586695,transformer_add113_f0.3_wd0.1_softmax_ce,reference
transformer_add113_f0.3_wd0.1_softmax_ce_s1,transformer,12000,at,12101,4,6,logits,0,125.2718769093792,300.0,0.0,0.0688132969469602,0.0,0.0380566609954712,transformer_add113_f0.3_wd0.1_softmax_ce,reference
transformer_add113_f0.3_wd0.1_softmax_ce_s1,transformer,12000,at,12101,4,6,logits,1,125.1180388597006,300.0,0.0,0.0650815176684502,0.0,0.0466295054587857,transformer_add113_f0.3_wd0.1_softmax_ce,reference
transformer_add113_f0.3_wd0.1_softmax_ce_s1,transformer,12000,at,12101,4,6,logits,2,125.1180388597006,300.0,0.0,0.0683446868326646,0.0,0.0472748463737228,transformer_add113_f0.3_wd0.1_softmax_ce,reference
transformer_add113_f0.3_wd0.1_softmax_ce_s1,transformer,12000,at,12101,2,0,operands,0,0.7029449296510456,300.0,0.0,0.0740469891708657,1.0,0.0638747932269087,transformer_add113_f0.3_wd0.1_softmax_ce,reference
transformer_add113_f0.3_wd0.1_softmax_ce_s1,transformer,12000,at,12101,2,0,operands,1,0.7029449296510456,300.0,0.0,0.0768353568771231,1.0,0.0594961795948503,transformer_add113_f0.3_wd0.1_softmax_ce,reference
transformer_add113_f0.3_wd0.1_softmax_ce_s1,transformer,12000,at,12101,2,0,operands,2,0.7029449296510456,300.0,0.0,0.0809063317558398,1.0,0.0620331155523817,transformer_add113_f0.3_wd0.1_softmax_ce,reference
transformer_add113_f0.3_wd0.1_softmax_ce_s1,transformer,12000,at,12101,2,1,blocks.0.hook_attn_out,0,0.8043036455819378,300.0,0.0,0.0273379997661138,0.0,0.0,transformer_add113_f0.3_wd0.1_softmax_ce,reference
transformer_add113_f0.3_wd0.1_softmax_ce_s1,transformer,12000,at,12101,2,1,blocks.0.hook_attn_out,1,0.8023918830090307,300.0,0.0,0.0277056226319889,0.0,0.0,transformer_add113_f0.3_wd0.1_softmax_ce,reference
transformer_add113_f0.3_wd0.1_softmax_ce_s1,transformer,12000,at,12101,2,1,blocks.0.hook_attn_out,2,0.8052458326857875,300.0,0.0,0.029788870740153,0.0,0.0,transformer_add113_f0.3_wd0.1_softmax_ce,reference
transformer_add113_f0.3_wd0.1_softmax_ce_s1,transformer,12000,at,12101,2,2,blocks.0.hook_mlp_out,0,0.5636411616053424,300.0,0.0,0.0306447555362978,0.0,0.0,transformer_add113_f0.3_wd0.1_softmax_ce,reference
transformer_add113_f0.3_wd0.1_softmax_ce_s1,transformer,12000,at,12101,2,2,blocks.0.hook_mlp_out,1,0.5617210263490026,300.0,0.0,0.0289742525177796,0.0,0.0,transformer_add113_f0.3_wd0.1_softmax_ce,reference
transformer_add113_f0.3_wd0.1_softmax_ce_s1,transformer,12000,at,12101,2,2,blocks.0.hook_mlp_out,2,0.5635102849085046,300.0,0.0,0.0276594417757726,0.0,0.0048064821288202,transformer_add113_f0.3_wd0.1_softmax_ce,reference
transformer_add113_f0.3_wd0.1_softmax_ce_s1,transformer,12000,at,12101,2,3,blocks.1.hook_attn_out,0,0.7352222522583598,300.0,0.0,0.0367111585887128,0.0,0.0,transformer_add113_f0.3_wd0.1_softmax_ce,reference
transformer_add113_f0.3_wd0.1_softmax_ce_s1,transformer,12000,at,12101,2,3,blocks.1.hook_attn_out,1,0.7228305336028654,300.0,0.0,0.0364942739105063,0.0,0.0,transformer_add113_f0.3_wd0.1_softmax_ce,reference
transformer_add113_f0.3_wd0.1_softmax_ce_s1,transformer,12000,at,12101,2,3,blocks.1.hook_attn_out,2,0.7352222522583598,300.0,0.0,0.0353595454061364,0.0,0.0,transformer_add113_f0.3_wd0.1_softmax_ce,reference
transformer_add113_f0.3_wd0.1_softmax_ce_s1,transformer,12000,at,12101,2,4,blocks.1.hook_mlp_out,0,1.1184479971620234,300.0,0.0,0.0246799816745828,0.0,0.0,transformer_add113_f0.3_wd0.1_softmax_ce,reference
transformer_add113_f0.3_wd0.1_softmax_ce_s1,transformer,12000,at,12101,2,4,blocks.1.hook_mlp_out,1,1.1184479971620234,300.0,0.0,0.0278752969033307,0.0,0.0,transformer_add113_f0.3_wd0.1_softmax_ce,reference
transformer_add113_f0.3_wd0.1_softmax_ce_s1,transformer,12000,at,12101,2,4,blocks.1.hook_mlp_out,2,1.1184479971620234,300.0,0.0,0.0253630554843148,0.0,0.0,transformer_add113_f0.3_wd0.1_softmax_ce,reference
transformer_add113_f0.3_wd0.1_softmax_ce_s1,transformer,12000,at,12101,2,5,hook_resid_final,0,23.564000600580417,300.0,0.0,0.0308726554918934,0.0,0.0,transformer_add113_f0.3_wd0.1_softmax_ce,reference
transformer_add113_f0.3_wd0.1_softmax_ce_s1,transformer,12000,at,12101,2,5,hook_resid_final,1,23.5871196033639,300.0,0.0,0.0290057822512055,0.0,0.0,transformer_add113_f0.3_wd0.1_softmax_ce,reference
transformer_add113_f0.3_wd0.1_softmax_ce_s1,transformer,12000,at,12101,2,5,hook_resid_final,2,23.319386171861638,300.0,0.0,0.0359979203347594,0.0,0.0,transformer_add113_f0.3_wd0.1_softmax_ce,reference
transformer_add113_f0.3_wd0.1_softmax_ce_s1,transformer,12000,at,12101,2,6,logits,0,122.83818168633528,300.0,0.0,0.0278476595487592,0.0,0.0,transformer_add113_f0.3_wd0.1_softmax_ce,reference
transformer_add113_f0.3_wd0.1_softmax_ce_s1,transformer,12000,at,12101,2,6,logits,1,122.64898362380151,300.0,0.0,0.02658811986939,0.0,0.0,transformer_add113_f0.3_wd0.1_softmax_ce,reference
transformer_add113_f0.3_wd0.1_softmax_ce_s1,transformer,12000,at,12101,2,6,logits,2,121.3062747560424,300.0,0.0,0.0301008307025397,0.0,0.0,transformer_add113_f0.3_wd0.1_softmax_ce,reference
transformer_add113_f0.3_wd0.1_softmax_ce_s1,transformer,12000,after,60000,8,0,operands,0,1.5162169530303906,300.0,0.0,0.0840979033985733,0.0,0.0558628675233225,transformer_add113_f0.3_wd0.1_softmax_ce,reference
transformer_add113_f0.3_wd0.1_softmax_ce_s1,transformer,12000,after,60000,8,0,operands,1,1.4411102577992714,300.0,0.0,0.084959568875708,0.0,0.0677023458001107,transformer_add113_f0.3_wd0.1_softmax_ce,reference
transformer_add113_f0.3_wd0.1_softmax_ce_s1,transformer,12000,after,60000,8,0,operands,2,1.4574604899595016,300.0,0.0,0.0835855218275581,0.0,0.0634423273063359,transformer_add113_f0.3_wd0.1_softmax_ce,reference
transformer_add113_f0.3_wd0.1_softmax_ce_s1,transformer,12000,after,60000,8,1,blocks.0.hook_attn_out,0,2.1087539534430606,300.0,0.0,0.0915169484072648,0.0,0.0559609047460099,transformer_add113_f0.3_wd0.1_softmax_ce,reference
transformer_add113_f0.3_wd0.1_softmax_ce_s1,transformer,12000,after,60000,8,1,blocks.0.hook_attn_out,1,2.1087539534430606,300.0,0.0,0.0918849065867475,0.0,0.0562768264369055,transformer_add113_f0.3_wd0.1_softmax_ce,reference
transformer_add113_f0.3_wd0.1_softmax_ce_s1,transformer,12000,after,60000,8,1,blocks.0.hook_attn_out,2,2.1270632493103823,300.0,0.0,0.0868454482834322,0.0,0.0538964367927086,transformer_add113_f0.3_wd0.1_softmax_ce,reference
transformer_add113_f0.3_wd0.1_softmax_ce_s1,transformer,12000,after,60000,8,2,blocks.0.hook_mlp_out,0,0.5043923052045727,300.0,0.0,0.0233788649643367,0.0,0.0207868682860083,transformer_add113_f0.3_wd0.1_softmax_ce,reference
transformer_add113_f0.3_wd0.1_softmax_ce_s1,transformer,12000,after,60000,8,2,blocks.0.hook_mlp_out,1,0.5043923052045727,300.0,0.0,0.0277351502966034,0.0,0.0136960718063038,transformer_add113_f0.3_wd0.1_softmax_ce,reference
transformer_add113_f0.3_wd0.1_softmax_ce_s1,transformer,12000,after,60000,8,2,blocks.0.hook_mlp_out,2,0.5043923052045727,300.0,0.0,0.0291891804607849,0.0,0.0139534265262519,transformer_add113_f0.3_wd0.1_softmax_ce,reference
transformer_add113_f0.3_wd0.1_softmax_ce_s1,transformer,12000,after,60000,8,3,blocks.1.hook_attn_out,0,2.3444823912592856,300.0,0.0,0.0782993290726351,0.0,0.0501404546063299,transformer_add113_f0.3_wd0.1_softmax_ce,reference
transformer_add113_f0.3_wd0.1_softmax_ce_s1,transformer,12000,after,60000,8,3,blocks.1.hook_attn_out,1,2.3444823912592856,300.0,0.0,0.0927096006278341,0.0,0.0577149411124848,transformer_add113_f0.3_wd0.1_softmax_ce,reference
transformer_add113_f0.3_wd0.1_softmax_ce_s1,transformer,12000,after,60000,8,3,blocks.1.hook_attn_out,2,2.369355368560744,300.0,0.0,0.0733935823034551,0.0,0.0504629210226562,transformer_add113_f0.3_wd0.1_softmax_ce,reference
transformer_add113_f0.3_wd0.1_softmax_ce_s1,transformer,12000,after,60000,8,4,blocks.1.hook_mlp_out,0,2.406251426413716,300.0,1.0,0.0800887041804602,0.0,0.0367484679918955,transformer_add113_f0.3_wd0.1_softmax_ce,reference
transformer_add113_f0.3_wd0.1_softmax_ce_s1,transformer,12000,after,60000,8,4,blocks.1.hook_mlp_out,1,2.4626068793497224,300.0,0.0,0.0598582075568561,0.0,0.0261670581908462,transformer_add113_f0.3_wd0.1_softmax_ce,reference
transformer_add113_f0.3_wd0.1_softmax_ce_s1,transformer,12000,after,60000,8,4,blocks.1.hook_mlp_out,2,2.445905186103471,300.0,0.0,0.0592631552587019,0.0,0.0254232193601779,transformer_add113_f0.3_wd0.1_softmax_ce,reference
transformer_add113_f0.3_wd0.1_softmax_ce_s1,transformer,12000,after,60000,8,5,hook_resid_final,0,25.496627734549943,300.0,0.0,0.1060236354041737,0.0,0.0679863725932391,transformer_add113_f0.3_wd0.1_softmax_ce,reference
transformer_add113_f0.3_wd0.1_softmax_ce_s1,transformer,12000,after,60000,8,5,hook_resid_final,1,25.310091877773992,300.0,0.0,0.1296516657064415,0.0,0.0609000416939746,transformer_add113_f0.3_wd0.1_softmax_ce,reference
transformer_add113_f0.3_wd0.1_softmax_ce_s1,transformer,12000,after,60000,8,5,hook_resid_final,2,25.40049460649101,300.0,0.0,0.1074814329611469,0.0,0.0606650081077121,transformer_add113_f0.3_wd0.1_softmax_ce,reference
transformer_add113_f0.3_wd0.1_softmax_ce_s1,transformer,12000,after,60000,8,6,logits,0,90.02076646141326,300.0,0.0,0.1085332093370698,0.0,0.0566267113293211,transformer_add113_f0.3_wd0.1_softmax_ce,reference
transformer_add113_f0.3_wd0.1_softmax_ce_s1,transformer,12000,after,60000,8,6,logits,1,89.66439224691565,300.0,0.0,0.11658085713775,1.0,0.056453222346404,transformer_add113_f0.3_wd0.1_softmax_ce,reference
transformer_add113_f0.3_wd0.1_softmax_ce_s1,transformer,12000,after,60000,8,6,logits,2,89.4836230111162,300.0,0.0,0.1110713615087028,1.0,0.0527486303188497,transformer_add113_f0.3_wd0.1_softmax_ce,reference
transformer_add113_f0.3_wd0.1_softmax_ce_s1,transformer,12000,after,60000,4,0,operands,0,1.4227106826461005,300.0,0.0,0.0956213122462773,0.0,0.0566679772467272,transformer_add113_f0.3_wd0.1_softmax_ce,reference
transformer_add113_f0.3_wd0.1_softmax_ce_s1,transformer,12000,after,60000,4,0,operands,1,1.3975650233205752,300.0,0.0,0.0961864599900348,0.0,0.0609269310273825,transformer_add113_f0.3_wd0.1_softmax_ce,reference
transformer_add113_f0.3_wd0.1_softmax_ce_s1,transformer,12000,after,60000,4,0,operands,2,1.3897952484447609,300.0,0.0,0.0943767166490526,0.0,0.0637530852614758,transformer_add113_f0.3_wd0.1_softmax_ce,reference
transformer_add113_f0.3_wd0.1_softmax_ce_s1,transformer,12000,after,60000,4,1,blocks.0.hook_attn_out,0,2.077893138401472,300.0,0.0,0.0551078013058099,0.0,0.0383636283648514,transformer_add113_f0.3_wd0.1_softmax_ce,reference
transformer_add113_f0.3_wd0.1_softmax_ce_s1,transformer,12000,after,60000,4,1,blocks.0.hook_attn_out,1,2.051014907231817,300.0,0.0,0.0601863188981431,0.0,0.0419672352670431,transformer_add113_f0.3_wd0.1_softmax_ce,reference
transformer_add113_f0.3_wd0.1_softmax_ce_s1,transformer,12000,after,60000,4,1,blocks.0.hook_attn_out,2,2.077893138401472,300.0,0.0,0.0609417696789007,1.0,0.0539010463699017,transformer_add113_f0.3_wd0.1_softmax_ce,reference
transformer_add113_f0.3_wd0.1_softmax_ce_s1,transformer,12000,after,60000,4,2,blocks.0.hook_mlp_out,0,0.5043561355216708,300.0,0.0,0.0237927670525379,0.0,0.0184930659503098,transformer_add113_f0.3_wd0.1_softmax_ce,reference
transformer_add113_f0.3_wd0.1_softmax_ce_s1,transformer,12000,after,60000,4,2,blocks.0.hook_mlp_out,1,0.5043561355216708,300.0,0.0,0.0273303611724275,0.0,0.0173614512335069,transformer_add113_f0.3_wd0.1_softmax_ce,reference
transformer_add113_f0.3_wd0.1_softmax_ce_s1,transformer,12000,after,60000,4,2,blocks.0.hook_mlp_out,2,0.5043561355216708,300.0,0.0,0.0256627536136544,0.0,0.0177495976074609,transformer_add113_f0.3_wd0.1_softmax_ce,reference
transformer_add113_f0.3_wd0.1_softmax_ce_s1,transformer,12000,after,60000,4,3,blocks.1.hook_attn_out,0,2.133052215894142,300.0,0.0,0.0631565610761819,1.0,0.0581082159577925,transformer_add113_f0.3_wd0.1_softmax_ce,reference
transformer_add113_f0.3_wd0.1_softmax_ce_s1,transformer,12000,after,60000,4,3,blocks.1.hook_attn_out,1,2.133052215894142,300.0,0.0,0.0642400508668313,0.0,0.0478999478867655,transformer_add113_f0.3_wd0.1_softmax_ce,reference
transformer_add113_f0.3_wd0.1_softmax_ce_s1,transformer,12000,after,60000,4,3,blocks.1.hook_attn_out,2,2.124610788385028,300.0,0.0,0.0611072855469735,0.0,0.0456541178155134,transformer_add113_f0.3_wd0.1_softmax_ce,reference
transformer_add113_f0.3_wd0.1_softmax_ce_s1,transformer,12000,after,60000,4,4,blocks.1.hook_mlp_out,0,2.370423805125277,300.0,0.0,0.0641452338137233,0.0,0.0315311665496836,transformer_add113_f0.3_wd0.1_softmax_ce,reference
transformer_add113_f0.3_wd0.1_softmax_ce_s1,transformer,12000,after,60000,4,4,blocks.1.hook_mlp_out,1,2.323839167462989,300.0,0.0,0.076161976667809,0.0,0.0252697581152714,transformer_add113_f0.3_wd0.1_softmax_ce,reference
transformer_add113_f0.3_wd0.1_softmax_ce_s1,transformer,12000,after,60000,4,4,blocks.1.hook_mlp_out,2,2.370423805125277,300.0,0.0,0.0598005051918234,0.0,0.0130565398975359,transformer_add113_f0.3_wd0.1_softmax_ce,reference
transformer_add113_f0.3_wd0.1_softmax_ce_s1,transformer,12000,after,60000,4,5,hook_resid_final,0,24.62433777205644,300.0,0.0,0.1350588061468859,0.0,0.0550352848382053,transformer_add113_f0.3_wd0.1_softmax_ce,reference
transformer_add113_f0.3_wd0.1_softmax_ce_s1,transformer,12000,after,60000,4,5,hook_resid_final,1,24.164574785614324,300.0,0.0,0.1139299651160315,0.0,0.0320936688657101,transformer_add113_f0.3_wd0.1_softmax_ce,reference
transformer_add113_f0.3_wd0.1_softmax_ce_s1,transformer,12000,after,60000,4,5,hook_resid_final,2,24.24627109635382,300.0,0.0,0.1369477388433867,0.0,0.0482561242534807,transformer_add113_f0.3_wd0.1_softmax_ce,reference
transformer_add113_f0.3_wd0.1_softmax_ce_s1,transformer,12000,after,60000,4,6,logits,0,80.82608126433718,300.0,0.0,0.1139112360892799,0.0,0.0474776557430517,transformer_add113_f0.3_wd0.1_softmax_ce,reference
transformer_add113_f0.3_wd0.1_softmax_ce_s1,transformer,12000,after,60000,4,6,logits,1,81.80227546703924,300.0,0.0,0.1024376160805279,0.0,0.0403618485726379,transformer_add113_f0.3_wd0.1_softmax_ce,reference
transformer_add113_f0.3_wd0.1_softmax_ce_s1,transformer,12000,after,60000,4,6,logits,2,81.94539493864372,300.0,0.0,0.0925482201573202,1.0,0.0516681949639758,transformer_add113_f0.3_wd0.1_softmax_ce,reference
transformer_add113_f0.3_wd0.1_softmax_ce_s1,transformer,12000,after,60000,2,0,operands,0,1.217226684926234,300.0,0.0,0.0590101570598664,0.0,0.0393498084486325,transformer_add113_f0.3_wd0.1_softmax_ce,reference
transformer_add113_f0.3_wd0.1_softmax_ce_s1,transformer,12000,after,60000,2,0,operands,1,1.22743911237029,300.0,0.0,0.0588377772064841,1.0,0.0525036986557056,transformer_add113_f0.3_wd0.1_softmax_ce,reference
transformer_add113_f0.3_wd0.1_softmax_ce_s1,transformer,12000,after,60000,2,0,operands,2,1.23756726954789,300.0,0.0,0.0582362919031646,0.0,0.0424497821767824,transformer_add113_f0.3_wd0.1_softmax_ce,reference
transformer_add113_f0.3_wd0.1_softmax_ce_s1,transformer,12000,after,60000,2,1,blocks.0.hook_attn_out,0,1.7762330155586392,300.0,0.0,0.0324456561020429,0.0,0.0,transformer_add113_f0.3_wd0.1_softmax_ce,reference
transformer_add113_f0.3_wd0.1_softmax_ce_s1,transformer,12000,after,60000,2,1,blocks.0.hook_attn_out,1,1.7756460418656548,300.0,0.0,0.0303432720087318,0.0,0.0,transformer_add113_f0.3_wd0.1_softmax_ce,reference
transformer_add113_f0.3_wd0.1_softmax_ce_s1,transformer,12000,after,60000,2,1,blocks.0.hook_attn_out,2,1.7762330155586392,300.0,0.0,0.0340258570383103,0.0,0.0,transformer_add113_f0.3_wd0.1_softmax_ce,reference
transformer_add113_f0.3_wd0.1_softmax_ce_s1,transformer,12000,after,60000,2,2,blocks.0.hook_mlp_out,0,0.5030266223758109,300.0,0.0,0.0234642765211724,0.0,0.0,transformer_add113_f0.3_wd0.1_softmax_ce,reference
transformer_add113_f0.3_wd0.1_softmax_ce_s1,transformer,12000,after,60000,2,2,blocks.0.hook_mlp_out,1,0.5030266223758109,300.0,0.0,0.0164586390059695,0.0,0.0,transformer_add113_f0.3_wd0.1_softmax_ce,reference
transformer_add113_f0.3_wd0.1_softmax_ce_s1,transformer,12000,after,60000,2,2,blocks.0.hook_mlp_out,2,0.5030266223758109,300.0,0.0,0.0202022872567816,0.0,0.0,transformer_add113_f0.3_wd0.1_softmax_ce,reference
transformer_add113_f0.3_wd0.1_softmax_ce_s1,transformer,12000,after,60000,2,3,blocks.1.hook_attn_out,0,2.005983779766668,300.0,0.0,0.0445018903420952,0.0,0.0,transformer_add113_f0.3_wd0.1_softmax_ce,reference
transformer_add113_f0.3_wd0.1_softmax_ce_s1,transformer,12000,after,60000,2,3,blocks.1.hook_attn_out,1,2.005983779766668,300.0,0.0,0.0285954926954567,0.0,0.0,transformer_add113_f0.3_wd0.1_softmax_ce,reference
transformer_add113_f0.3_wd0.1_softmax_ce_s1,transformer,12000,after,60000,2,3,blocks.1.hook_attn_out,2,2.005983779766668,300.0,0.0,0.0362685607941664,0.0,0.0,transformer_add113_f0.3_wd0.1_softmax_ce,reference
transformer_add113_f0.3_wd0.1_softmax_ce_s1,transformer,12000,after,60000,2,4,blocks.1.hook_mlp_out,0,2.2040157653928683,300.0,1.0,0.0802434737650219,0.0,0.0,transformer_add113_f0.3_wd0.1_softmax_ce,reference
transformer_add113_f0.3_wd0.1_softmax_ce_s1,transformer,12000,after,60000,2,4,blocks.1.hook_mlp_out,1,2.2040157653928683,300.0,1.0,0.0806520459435087,0.0,0.0,transformer_add113_f0.3_wd0.1_softmax_ce,reference
transformer_add113_f0.3_wd0.1_softmax_ce_s1,transformer,12000,after,60000,2,4,blocks.1.hook_mlp_out,2,2.2040157653928683,300.0,1.0,0.076367330174883,0.0,0.0,transformer_add113_f0.3_wd0.1_softmax_ce,reference
transformer_add113_f0.3_wd0.1_softmax_ce_s1,transformer,12000,after,60000,2,5,hook_resid_final,0,20.835473380637215,300.0,0.0,0.0573118293972635,0.0,0.0,transformer_add113_f0.3_wd0.1_softmax_ce,reference
transformer_add113_f0.3_wd0.1_softmax_ce_s1,transformer,12000,after,60000,2,5,hook_resid_final,1,20.835473380637215,300.0,1.0,0.067217515811638,0.0,0.0,transformer_add113_f0.3_wd0.1_softmax_ce,reference
transformer_add113_f0.3_wd0.1_softmax_ce_s1,transformer,12000,after,60000,2,5,hook_resid_final,2,20.73586044324526,300.0,1.0,0.0641506924143074,0.0,0.0,transformer_add113_f0.3_wd0.1_softmax_ce,reference
transformer_add113_f0.3_wd0.1_softmax_ce_s1,transformer,12000,after,60000,2,6,logits,0,78.34585754888315,300.0,1.0,0.0575241481558747,0.0,0.0,transformer_add113_f0.3_wd0.1_softmax_ce,reference
transformer_add113_f0.3_wd0.1_softmax_ce_s1,transformer,12000,after,60000,2,6,logits,1,78.34585754888315,300.0,1.0,0.0588931296397189,0.0,0.0,transformer_add113_f0.3_wd0.1_softmax_ce,reference
transformer_add113_f0.3_wd0.1_softmax_ce_s1,transformer,12000,after,60000,2,6,logits,2,78.34417421217354,300.0,0.0,0.0655153711397334,0.0,0.0,transformer_add113_f0.3_wd0.1_softmax_ce,reference
transformer_add113_f0.3_wd0.1_softmax_ce_s2,transformer,14000,init,0,8,0,operands,0,19.841569279956776,300.0,0.0,0.1297473666889758,0.0,0.0578967664670723,transformer_add113_f0.3_wd0.1_softmax_ce,reference
transformer_add113_f0.3_wd0.1_softmax_ce_s2,transformer,14000,init,0,8,0,operands,1,19.841569279956776,300.0,0.0,0.136220327701488,0.0,0.0587293390461715,transformer_add113_f0.3_wd0.1_softmax_ce,reference
transformer_add113_f0.3_wd0.1_softmax_ce_s2,transformer,14000,init,0,8,0,operands,2,19.841569279956776,300.0,0.0,0.1269964694077222,0.0,0.0568905369933717,transformer_add113_f0.3_wd0.1_softmax_ce,reference
transformer_add113_f0.3_wd0.1_softmax_ce_s2,transformer,14000,init,0,8,1,blocks.0.hook_attn_out,0,4.275373027467542,300.0,0.0,0.0593026599335117,0.0,0.0400048757155754,transformer_add113_f0.3_wd0.1_softmax_ce,reference
transformer_add113_f0.3_wd0.1_softmax_ce_s2,transformer,14000,init,0,8,1,blocks.0.hook_attn_out,1,4.275373027467542,300.0,0.0,0.0572374102322554,0.0,0.0444570866445445,transformer_add113_f0.3_wd0.1_softmax_ce,reference
transformer_add113_f0.3_wd0.1_softmax_ce_s2,transformer,14000,init,0,8,1,blocks.0.hook_attn_out,2,4.275373027467542,300.0,0.0,0.0616322662808361,0.0,0.0429911773195387,transformer_add113_f0.3_wd0.1_softmax_ce,reference
transformer_add113_f0.3_wd0.1_softmax_ce_s2,transformer,14000,init,0,8,2,blocks.0.hook_mlp_out,0,1.0031471688720437,300.0,0.0,0.062435142919668,0.0,0.045358629890758,transformer_add113_f0.3_wd0.1_softmax_ce,reference
transformer_add113_f0.3_wd0.1_softmax_ce_s2,transformer,14000,init,0,8,2,blocks.0.hook_mlp_out,1,1.0031471688720437,300.0,0.0,0.0670085340948449,0.0,0.038305873979076,transformer_add113_f0.3_wd0.1_softmax_ce,reference
transformer_add113_f0.3_wd0.1_softmax_ce_s2,transformer,14000,init,0,8,2,blocks.0.hook_mlp_out,2,1.0031471688720437,300.0,0.0,0.0575977145738351,0.0,0.0394764610506025,transformer_add113_f0.3_wd0.1_softmax_ce,reference
transformer_add113_f0.3_wd0.1_softmax_ce_s2,transformer,14000,init,0,8,3,blocks.1.hook_attn_out,0,4.5579072539542125,300.0,0.0,0.0599141394431078,0.0,0.037242728485446,transformer_add113_f0.3_wd0.1_softmax_ce,reference
transformer_add113_f0.3_wd0.1_softmax_ce_s2,transformer,14000,init,0,8,3,blocks.1.hook_attn_out,1,4.5579072539542125,300.0,0.0,0.0628161522318083,0.0,0.047513897932069,transformer_add113_f0.3_wd0.1_softmax_ce,reference
transformer_add113_f0.3_wd0.1_softmax_ce_s2,transformer,14000,init,0,8,3,blocks.1.hook_attn_out,2,4.5579072539542125,300.0,0.0,0.063217046740719,0.0,0.0428304572473009,transformer_add113_f0.3_wd0.1_softmax_ce,reference
transformer_add113_f0.3_wd0.1_softmax_ce_s2,transformer,14000,init,0,8,4,blocks.1.hook_mlp_out,0,1.23846059093894,300.0,0.0,0.0650630065588087,0.0,0.0455810765291118,transformer_add113_f0.3_wd0.1_softmax_ce,reference
transformer_add113_f0.3_wd0.1_softmax_ce_s2,transformer,14000,init,0,8,4,blocks.1.hook_mlp_out,1,1.23846059093894,300.0,0.0,0.0635964979397707,0.0,0.0480818079736072,transformer_add113_f0.3_wd0.1_softmax_ce,reference
transformer_add113_f0.3_wd0.1_softmax_ce_s2,transformer,14000,init,0,8,4,blocks.1.hook_mlp_out,2,1.23846059093894,300.0,0.0,0.0700570577341263,0.0,0.0493653098313347,transformer_add113_f0.3_wd0.1_softmax_ce,reference
transformer_add113_f0.3_wd0.1_softmax_ce_s2,transformer,14000,init,0,8,5,hook_resid_final,0,5.084793163869258,300.0,0.0,0.0751051652515968,1.0,0.0533410007206244,transformer_add113_f0.3_wd0.1_softmax_ce,reference
transformer_add113_f0.3_wd0.1_softmax_ce_s2,transformer,14000,init,0,8,5,hook_resid_final,1,5.084793163869258,300.0,0.0,0.0619797237500105,1.0,0.0598246087652317,transformer_add113_f0.3_wd0.1_softmax_ce,reference
transformer_add113_f0.3_wd0.1_softmax_ce_s2,transformer,14000,init,0,8,5,hook_resid_final,2,5.084793163869258,300.0,0.0,0.0692681503131108,0.0,0.0493305526962434,transformer_add113_f0.3_wd0.1_softmax_ce,reference
transformer_add113_f0.3_wd0.1_softmax_ce_s2,transformer,14000,init,0,8,6,logits,0,2.9986330631544726,300.0,0.0,0.0674074268564954,0.0,0.0493353093887097,transformer_add113_f0.3_wd0.1_softmax_ce,reference
transformer_add113_f0.3_wd0.1_softmax_ce_s2,transformer,14000,init,0,8,6,logits,1,2.843113325072281,300.0,0.0,0.0738065190185972,1.0,0.0502464527959608,transformer_add113_f0.3_wd0.1_softmax_ce,reference
transformer_add113_f0.3_wd0.1_softmax_ce_s2,transformer,14000,init,0,8,6,logits,2,2.9986330631544726,300.0,0.0,0.0738900214240327,0.0,0.0461185505971225,transformer_add113_f0.3_wd0.1_softmax_ce,reference
transformer_add113_f0.3_wd0.1_softmax_ce_s2,transformer,14000,init,0,4,0,operands,0,17.752693079358313,300.0,0.0,0.098959885037964,0.0,0.0498890738863346,transformer_add113_f0.3_wd0.1_softmax_ce,reference
transformer_add113_f0.3_wd0.1_softmax_ce_s2,transformer,14000,init,0,4,0,operands,1,17.752693079358313,300.0,0.0,0.1052808196196167,0.0,0.07075531082112,transformer_add113_f0.3_wd0.1_softmax_ce,reference
transformer_add113_f0.3_wd0.1_softmax_ce_s2,transformer,14000,init,0,4,0,operands,2,17.752693079358313,300.0,0.0,0.0891586209748258,0.0,0.0588036628202922,transformer_add113_f0.3_wd0.1_softmax_ce,reference
transformer_add113_f0.3_wd0.1_softmax_ce_s2,transformer,14000,init,0,4,1,blocks.0.hook_attn_out,0,4.214481114491735,300.0,1.0,0.0513834930208339,0.0,0.0310094041325025,transformer_add113_f0.3_wd0.1_softmax_ce,reference
transformer_add113_f0.3_wd0.1_softmax_ce_s2,transformer,14000,init,0,4,1,blocks.0.hook_attn_out,1,4.214481114491735,300.0,0.0,0.0484082256997356,0.0,0.0357482527325972,transformer_add113_f0.3_wd0.1_softmax_ce,reference
transformer_add113_f0.3_wd0.1_softmax_ce_s2,transformer,14000,init,0,4,1,blocks.0.hook_attn_out,2,4.214481114491735,300.0,0.0,0.0468211468053954,0.0,0.0363397620063045,transformer_add113_f0.3_wd0.1_softmax_ce,reference
transformer_add113_f0.3_wd0.1_softmax_ce_s2,transformer,14000,init,0,4,2,blocks.0.hook_mlp_out,0,0.8941291825001944,300.0,0.0,0.0571932014520057,0.0,0.0290675318799867,transformer_add113_f0.3_wd0.1_softmax_ce,reference
transformer_add113_f0.3_wd0.1_softmax_ce_s2,transformer,14000,init,0,4,2,blocks.0.hook_mlp_out,1,0.8941291825001944,300.0,0.0,0.0496162391214434,0.0,0.0368414644331936,transformer_add113_f0.3_wd0.1_softmax_ce,reference
transformer_add113_f0.3_wd0.1_softmax_ce_s2,transformer,14000,init,0,4,2,blocks.0.hook_mlp_out,2,0.8941291825001944,300.0,1.0,0.050301285190224,0.0,0.0341722587669422,transformer_add113_f0.3_wd0.1_softmax_ce,reference
transformer_add113_f0.3_wd0.1_softmax_ce_s2,transformer,14000,init,0,4,3,blocks.1.hook_attn_out,0,4.24603638087762,300.0,0.0,0.056055540323548,0.0,0.042978637564589,transformer_add113_f0.3_wd0.1_softmax_ce,reference
transformer_add113_f0.3_wd0.1_softmax_ce_s2,transformer,14000,init,0,4,3,blocks.1.hook_attn_out,1,4.16176105066403,300.0,0.0,0.0596061048914044,0.0,0.0361656263971438,transformer_add113_f0.3_wd0.1_softmax_ce,reference
transformer_add113_f0.3_wd0.1_softmax_ce_s2,transformer,14000,init,0,4,3,blocks.1.hook_attn_out,2,4.24603638087762,300.0,1.0,0.0516340674755765,0.0,0.041963486231692,transformer_add113_f0.3_wd0.1_softmax_ce,reference
transformer_add113_f0.3_wd0.1_softmax_ce_s2,transformer,14000,init,0,4,4,blocks.1.hook_mlp_out,0,1.190683294907289,300.0,0.0,0.0544277585759658,0.0,0.0378630840326475,transformer_add113_f0.3_wd0.1_softmax_ce,reference
transformer_add113_f0.3_wd0.1_softmax_ce_s2,transformer,14000,init,0,4,4,blocks.1.hook_mlp_out,1,1.190683294907289,300.0,0.0,0.0534791493847867,0.0,0.0402347759603713,transformer_add113_f0.3_wd0.1_softmax_ce,reference
transformer_add113_f0.3_wd0.1_softmax_ce_s2,transformer,14000,init,0,4,4,blocks.1.hook_mlp_out,2,1.190683294907289,300.0,0.0,0.0534380007282002,0.0,0.0410353726328618,transformer_add113_f0.3_wd0.1_softmax_ce,reference
transformer_add113_f0.3_wd0.1_softmax_ce_s2,transformer,14000,init,0,4,5,hook_resid_final,0,4.73446340143161,300.0,1.0,0.0560300959230016,0.0,0.0428184596733576,transformer_add113_f0.3_wd0.1_softmax_ce,reference
transformer_add113_f0.3_wd0.1_softmax_ce_s2,transformer,14000,init,0,4,5,hook_resid_final,1,4.73446340143161,300.0,0.0,0.0525401033735251,0.0,0.0381041735980891,transformer_add113_f0.3_wd0.1_softmax_ce,reference
transformer_add113_f0.3_wd0.1_softmax_ce_s2,transformer,14000,init,0,4,5,hook_resid_final,2,4.732289325819122,300.0,1.0,0.0552289170817922,0.0,0.0354206404001181,transformer_add113_f0.3_wd0.1_softmax_ce,reference
transformer_add113_f0.3_wd0.1_softmax_ce_s2,transformer,14000,init,0,4,6,logits,0,2.691574186799236,300.0,0.0,0.0565097578091734,0.0,0.0407496744342491,transformer_add113_f0.3_wd0.1_softmax_ce,reference
transformer_add113_f0.3_wd0.1_softmax_ce_s2,transformer,14000,init,0,4,6,logits,1,2.691574186799236,300.0,0.0,0.0698900393632144,0.0,0.0415668877278429,transformer_add113_f0.3_wd0.1_softmax_ce,reference
transformer_add113_f0.3_wd0.1_softmax_ce_s2,transformer,14000,init,0,4,6,logits,2,2.691574186799236,300.0,0.0,0.0617247049119832,0.0,0.0364081443845958,transformer_add113_f0.3_wd0.1_softmax_ce,reference
transformer_add113_f0.3_wd0.1_softmax_ce_s2,transformer,14000,init,0,2,0,operands,0,15.755977972913206,300.0,0.0,0.0644117382053143,0.0,0.0438574585510886,transformer_add113_f0.3_wd0.1_softmax_ce,reference
transformer_add113_f0.3_wd0.1_softmax_ce_s2,transformer,14000,init,0,2,0,operands,1,15.755977972913206,300.0,0.0,0.0671380151914105,0.0,0.0486012019942566,transformer_add113_f0.3_wd0.1_softmax_ce,reference
transformer_add113_f0.3_wd0.1_softmax_ce_s2,transformer,14000,init,0,2,0,operands,2,15.755977972913206,300.0,0.0,0.0662019985206053,0.0,0.0433887314483377,transformer_add113_f0.3_wd0.1_softmax_ce,reference
transformer_add113_f0.3_wd0.1_softmax_ce_s2,transformer,14000,init,0,2,1,blocks.0.hook_attn_out,0,3.553316321116496,300.0,0.0,0.0321246851723768,0.0,0.0,transformer_add113_f0.3_wd0.1_softmax_ce,reference
transformer_add113_f0.3_wd0.1_softmax_ce_s2,transformer,14000,init,0,2,1,blocks.0.hook_attn_out,1,3.553316321116496,300.0,0.0,0.0229468944391721,0.0,0.0,transformer_add113_f0.3_wd0.1_softmax_ce,reference
transformer_add113_f0.3_wd0.1_softmax_ce_s2,transformer,14000,init,0,2,1,blocks.0.hook_attn_out,2,3.553316321116496,300.0,0.0,0.0252287917480814,0.0,0.0,transformer_add113_f0.3_wd0.1_softmax_ce,reference
transformer_add113_f0.3_wd0.1_softmax_ce_s2,transformer,14000,init,0,2,2,blocks.0.hook_mlp_out,0,0.8642050103368932,300.0,0.0,0.0256936161908306,0.0,0.0,transformer_add113_f0.3_wd0.1_softmax_ce,reference
transformer_add113_f0.3_wd0.1_softmax_ce_s2,transformer,14000,init,0,2,2,blocks.0.hook_mlp_out,1,0.8642050103368932,300.0,0.0,0.0298282333829485,0.0,0.0,transformer_add113_f0.3_wd0.1_softmax_ce,reference
transformer_add113_f0.3_wd0.1_softmax_ce_s2,transformer,14000,init,0,2,2,blocks.0.hook_mlp_out,2,0.8642050103368932,300.0,0.0,0.0309740660309325,0.0,0.0,transformer_add113_f0.3_wd0.1_softmax_ce,reference
transformer_add113_f0.3_wd0.1_softmax_ce_s2,transformer,14000,init,0,2,3,blocks.1.hook_attn_out,0,4.148170639013472,300.0,1.0,0.0579502867807607,0.0,0.0,transformer_add113_f0.3_wd0.1_softmax_ce,reference
transformer_add113_f0.3_wd0.1_softmax_ce_s2,transformer,14000,init,0,2,3,blocks.1.hook_attn_out,1,4.148170639013472,300.0,1.0,0.0515960650987992,0.0,0.0012921088699612,transformer_add113_f0.3_wd0.1_softmax_ce,reference
transformer_add113_f0.3_wd0.1_softmax_ce_s2,transformer,14000,init,0,2,3,blocks.1.hook_attn_out,2,4.148170639013472,300.0,0.0,0.0282505988448378,0.0,0.0,transformer_add113_f0.3_wd0.1_softmax_ce,reference
transformer_add113_f0.3_wd0.1_softmax_ce_s2,transformer,14000,init,0,2,4,blocks.1.hook_mlp_out,0,1.1175065586424682,300.0,0.0,0.0257171764571612,0.0,0.0,transformer_add113_f0.3_wd0.1_softmax_ce,reference
transformer_add113_f0.3_wd0.1_softmax_ce_s2,transformer,14000,init,0,2,4,blocks.1.hook_mlp_out,1,1.1175065586424682,300.0,0.0,0.0257595261754565,0.0,0.0,transformer_add113_f0.3_wd0.1_softmax_ce,reference
transformer_add113_f0.3_wd0.1_softmax_ce_s2,transformer,14000,init,0,2,4,blocks.1.hook_mlp_out,2,1.1175065586424682,300.0,0.0,0.0275041152200838,0.0,0.0,transformer_add113_f0.3_wd0.1_softmax_ce,reference
transformer_add113_f0.3_wd0.1_softmax_ce_s2,transformer,14000,init,0,2,5,hook_resid_final,0,3.820234274242877,300.0,1.0,0.0600849199365292,0.0,0.0,transformer_add113_f0.3_wd0.1_softmax_ce,reference
transformer_add113_f0.3_wd0.1_softmax_ce_s2,transformer,14000,init,0,2,5,hook_resid_final,1,3.849738304033734,300.0,1.0,0.0556558658354444,0.0,0.0,transformer_add113_f0.3_wd0.1_softmax_ce,reference
transformer_add113_f0.3_wd0.1_softmax_ce_s2,transformer,14000,init,0,2,5,hook_resid_final,2,3.849738304033734,300.0,0.0,0.0353328458660765,0.0,0.0,transformer_add113_f0.3_wd0.1_softmax_ce,reference
transformer_add113_f0.3_wd0.1_softmax_ce_s2,transformer,14000,init,0,2,6,logits,0,2.5630437957885546,300.0,0.0,0.0271652625480082,0.0,0.0,transformer_add113_f0.3_wd0.1_softmax_ce,reference
transformer_add113_f0.3_wd0.1_softmax_ce_s2,transformer,14000,init,0,2,6,logits,1,2.5630437957885546,300.0,0.0,0.0269455366750032,0.0,0.0,transformer_add113_f0.3_wd0.1_softmax_ce,reference
transformer_add113_f0.3_wd0.1_softmax_ce_s2,transformer,14000,init,0,2,6,logits,2,2.5630437957885546,300.0,0.0,0.0248851447775924,0.0,0.0,transformer_add113_f0.3_wd0.1_softmax_ce,reference
transformer_add113_f0.3_wd0.1_softmax_ce_s2,transformer,14000,before,12605,8,0,operands,0,1.0320899937302714,300.0,0.0,0.1265227546494494,0.0,0.0607928802465302,transformer_add113_f0.3_wd0.1_softmax_ce,reference
transformer_add113_f0.3_wd0.1_softmax_ce_s2,transformer,14000,before,12605,8,0,operands,1,1.0320899937302714,300.0,0.0,0.1439501644146401,0.0,0.0486106549978483,transformer_add113_f0.3_wd0.1_softmax_ce,reference
transformer_add113_f0.3_wd0.1_softmax_ce_s2,transformer,14000,before,12605,8,0,operands,2,1.0207215672881582,300.0,0.0,0.1261161969666695,1.0,0.0536992808416498,transformer_add113_f0.3_wd0.1_softmax_ce,reference
transformer_add113_f0.3_wd0.1_softmax_ce_s2,transformer,14000,before,12605,8,1,blocks.0.hook_attn_out,0,1.3435076287408505,300.0,0.0,0.0678857335278837,1.0,0.0533734935243986,transformer_add113_f0.3_wd0.1_softmax_ce,reference
transformer_add113_f0.3_wd0.1_softmax_ce_s2,transformer,14000,before,12605,8,1,blocks.0.hook_attn_out,1,1.3781002186489812,300.0,0.0,0.0671033101941124,0.0,0.0463407765921599,transformer_add113_f0.3_wd0.1_softmax_ce,reference
transformer_add113_f0.3_wd0.1_softmax_ce_s2,transformer,14000,before,12605,8,1,blocks.0.hook_attn_out,2,1.3859728468518218,300.0,0.0,0.069017531604676,0.0,0.0422506942843027,transformer_add113_f0.3_wd0.1_softmax_ce,reference
transformer_add113_f0.3_wd0.1_softmax_ce_s2,transformer,14000,before,12605,8,2,blocks.0.hook_mlp_out,0,1.008612685370972,300.0,0.0,0.0355391992031114,0.0,0.0203551202165785,transformer_add113_f0.3_wd0.1_softmax_ce,reference
transformer_add113_f0.3_wd0.1_softmax_ce_s2,transformer,14000,before,12605,8,2,blocks.0.hook_mlp_out,1,0.992729968080738,300.0,0.0,0.0319794978500105,0.0,0.0206304679307362,transformer_add113_f0.3_wd0.1_softmax_ce,reference
transformer_add113_f0.3_wd0.1_softmax_ce_s2,transformer,14000,before,12605,8,2,blocks.0.hook_mlp_out,2,0.9817664630497196,300.0,0.0,0.0345056840404575,0.0,0.0216177276107966,transformer_add113_f0.3_wd0.1_softmax_ce,reference
transformer_add113_f0.3_wd0.1_softmax_ce_s2,transformer,14000,before,12605,8,3,blocks.1.hook_attn_out,0,1.0781569228974597,300.0,0.0,0.0681783419194195,0.0,0.0499106569695294,transformer_add113_f0.3_wd0.1_softmax_ce,reference
transformer_add113_f0.3_wd0.1_softmax_ce_s2,transformer,14000,before,12605,8,3,blocks.1.hook_attn_out,1,1.07313196704238,300.0,0.0,0.076823827216379,0.0,0.049675361795899,transformer_add113_f0.3_wd0.1_softmax_ce,reference
transformer_add113_f0.3_wd0.1_softmax_ce_s2,transformer,14000,before,12605,8,3,blocks.1.hook_attn_out,2,1.0789254973850169,300.0,0.0,0.0709752784214108,1.0,0.0654298406158765,transformer_add113_f0.3_wd0.1_softmax_ce,reference
transformer_add113_f0.3_wd0.1_softmax_ce_s2,transformer,14000,before,12605,8,4,blocks.1.hook_mlp_out,0,1.779321400972505,300.0,0.0,0.0823029982855509,0.0,0.049882421047715,transformer_add113_f0.3_wd0.1_softmax_ce,reference
transformer_add113_f0.3_wd0.1_softmax_ce_s2,transformer,14000,before,12605,8,4,blocks.1.hook_mlp_out,1,1.7672589112773158,300.0,0.0,0.0701408644409949,0.0,0.0430884855033552,transformer_add113_f0.3_wd0.1_softmax_ce,reference
transformer_add113_f0.3_wd0.1_softmax_ce_s2,transformer,14000,before,12605,8,4,blocks.1.hook_mlp_out,2,1.7541477729536252,300.0,0.0,0.0753600372413739,0.0,0.0479990699206035,transformer_add113_f0.3_wd0.1_softmax_ce,reference
transformer_add113_f0.3_wd0.1_softmax_ce_s2,transformer,14000,before,12605,8,5,hook_resid_final,0,24.72981420164178,300.0,0.0,0.0899582713614658,0.0,0.068425084464928,transformer_add113_f0.3_wd0.1_softmax_ce,reference
transformer_add113_f0.3_wd0.1_softmax_ce_s2,transformer,14000,before,12605,8,5,hook_resid_final,1,24.432773318243857,300.0,0.0,0.0851881887507628,0.0,0.0661552754825209,transformer_add113_f0.3_wd0.1_softmax_ce,reference
transformer_add113_f0.3_wd0.1_softmax_ce_s2,transformer,14000,before,12605,8,5,hook_resid_final,2,23.93368417290572,300.0,0.0,0.0842821496091377,0.0,0.0588853247843706,transformer_add113_f0.3_wd0.1_softmax_ce,reference
transformer_add113_f0.3_wd0.1_softmax_ce_s2,transformer,14000,before,12605,8,6,logits,0,102.32353958715665,300.0,0.0,0.0852544907551319,0.0,0.0589315296066399,transformer_add113_f0.3_wd0.1_softmax_ce,reference
transformer_add113_f0.3_wd0.1_softmax_ce_s2,transformer,14000,before,12605,8,6,logits,1,97.80166952682258,300.0,0.0,0.0859838173142208,0.0,0.0641875045840839,transformer_add113_f0.3_wd0.1_softmax_ce,reference
transformer_add113_f0.3_wd0.1_softmax_ce_s2,transformer,14000,before,12605,8,6,logits,2,97.48583054572336,300.0,0.0,0.0869985981808681,0.0,0.0632222428958563,transformer_add113_f0.3_wd0.1_softmax_ce,reference
transformer_add113_f0.3_wd0.1_softmax_ce_s2,transformer,14000,before,12605,4,0,operands,0,0.9428561448506292,300.0,0.0,0.0926791344861851,0.0,0.0662332345406098,transformer_add113_f0.3_wd0.1_softmax_ce,reference
transformer_add113_f0.3_wd0.1_softmax_ce_s2,transformer,14000,before,12605,4,0,operands,1,0.9428561448506292,300.0,0.0,0.0869373768533415,0.0,0.052742828761058,transformer_add113_f0.3_wd0.1_softmax_ce,reference
transformer_add113_f0.3_wd0.1_softmax_ce_s2,transformer,14000,before,12605,4,0,operands,2,0.9428561448506292,300.0,0.0,0.1040954815678183,0.0,0.0520956751609059,transformer_add113_f0.3_wd0.1_softmax_ce,reference
transformer_add113_f0.3_wd0.1_softmax_ce_s2,transformer,14000,before,12605,4,1,blocks.0.hook_attn_out,0,1.364934237884924,300.0,0.0,0.0543593912770707,0.0,0.0397603751027528,transformer_add113_f0.3_wd0.1_softmax_ce,reference
transformer_add113_f0.3_wd0.1_softmax_ce_s2,transformer,14000,before,12605,4,1,blocks.0.hook_attn_out,1,1.3411814514459357,300.0,0.0,0.0542036456970231,0.0,0.0413481610402936,transformer_add113_f0.3_wd0.1_softmax_ce,reference
transformer_add113_f0.3_wd0.1_softmax_ce_s2,transformer,14000,before,12605,4,1,blocks.0.hook_attn_out,2,1.3499908255595354,300.0,0.0,0.0549222894829727,0.0,0.0371737931325955,transformer_add113_f0.3_wd0.1_softmax_ce,reference
transformer_add113_f0.3_wd0.1_softmax_ce_s2,transformer,14000,before,12605,4,2,blocks.0.hook_mlp_out,0,0.9824421638613628,300.0,0.0,0.0339140969587665,0.0,0.0200214308565688,transformer_add113_f0.3_wd0.1_softmax_ce,reference
transformer_add113_f0.3_wd0.1_softmax_ce_s2,transformer,14000,before,12605,4,2,blocks.0.hook_mlp_out,1,1.0081398632135117,300.0,0.0,0.0346649516881801,0.0,0.0195819249295465,transformer_add113_f0.3_wd0.1_softmax_ce,reference
transformer_add113_f0.3_wd0.1_softmax_ce_s2,transformer,14000,before,12605,4,2,blocks.0.hook_mlp_out,2,0.9869099287087706,300.0,0.0,0.0296181719575802,0.0,0.0222470558365126,transformer_add113_f0.3_wd0.1_softmax_ce,reference
transformer_add113_f0.3_wd0.1_softmax_ce_s2,transformer,14000,before,12605,4,3,blocks.1.hook_attn_out,0,0.9704574760393954,300.0,0.0,0.0657438865770713,0.0,0.0413352677879777,transformer_add113_f0.3_wd0.1_softmax_ce,reference
transformer_add113_f0.3_wd0.1_softmax_ce_s2,transformer,14000,before,12605,4,3,blocks.1.hook_attn_out,1,1.0022923250567934,300.0,0.0,0.0715243968482829,0.0,0.0358565597873216,transformer_add113_f0.3_wd0.1_softmax_ce,reference
transformer_add113_f0.3_wd0.1_softmax_ce_s2,transformer,14000,before,12605,4,3,blocks.1.hook_attn_out,2,0.9682463260821398,300.0,0.0,0.0583894886847359,0.0,0.0486118428652512,transformer_add113_f0.3_wd0.1_softmax_ce,reference
transformer_add113_f0.3_wd0.1_softmax_ce_s2,transformer,14000,before,12605,4,4,blocks.1.hook_mlp_out,0,1.6176988608813123,300.0,0.0,0.0570771709516716,0.0,0.041928380239691,transformer_add113_f0.3_wd0.1_softmax_ce,reference
transformer_add113_f0.3_wd0.1_softmax_ce_s2,transformer,14000,before,12605,4,4,blocks.1.hook_mlp_out,1,1.6176988608813123,300.0,0.0,0.0604780039169199,0.0,0.0424765650263732,transformer_add113_f0.3_wd0.1_softmax_ce,reference
transformer_add113_f0.3_wd0.1_softmax_ce_s2,transformer,14000,before,12605,4,4,blocks.1.hook_mlp_out,2,1.6176988608813123,300.0,0.0,0.0738999370179296,1.0,0.0508769128838327,transformer_add113_f0.3_wd0.1_softmax_ce,reference
transformer_add113_f0.3_wd0.1_softmax_ce_s2,transformer,14000,before,12605,4,5,hook_resid_final,0,23.412793359249022,300.0,0.0,0.061162130309995,0.0,0.0456966696797447,transformer_add113_f0.3_wd0.1_softmax_ce,reference
transformer_add113_f0.3_wd0.1_softmax_ce_s2,transformer,14000,before,12605,4,5,hook_resid_final,1,23.306258466799864,300.0,0.0,0.0774248127819858,1.0,0.0583709234677282,transformer_add113_f0.3_wd0.1_softmax_ce,reference
transformer_add113_f0.3_wd0.1_softmax_ce_s2,transformer,14000,before,12605,4,5,hook_resid_final,2,23.344924194046985,300.0,0.0,0.0637827991897568,0.0,0.0443727574218822,transformer_add113_f0.3_wd0.1_softmax_ce,reference
transformer_add113_f0.3_wd0.1_softmax_ce_s2,transformer,14000,before,12605,4,6,logits,0,97.44933269511404,300.0,0.0,0.0611949548709273,0.0,0.0447617959043447,transformer_add113_f0.3_wd0.1_softmax_ce,reference
transformer_add113_f0.3_wd0.1_softmax_ce_s2,transformer,14000,before,12605,4,6,logits,1,97.44933269511404,300.0,0.0,0.0628697632762085,0.0,0.0555207250932284,transformer_add113_f0.3_wd0.1_softmax_ce,reference
transformer_add113_f0.3_wd0.1_softmax_ce_s2,transformer,14000,before,12605,4,6,logits,2,97.44933269511404,300.0,0.0,0.0635352651605721,0.0,0.0480701729910608,transformer_add113_f0.3_wd0.1_softmax_ce,reference
transformer_add113_f0.3_wd0.1_softmax_ce_s2,transformer,14000,before,12605,2,0,operands,0,0.8131350955951514,300.0,0.0,0.0564500381152649,0.0,0.0363691390021718,transformer_add113_f0.3_wd0.1_softmax_ce,reference
transformer_add113_f0.3_wd0.1_softmax_ce_s2,transformer,14000,before,12605,2,0,operands,1,0.8266522335745673,300.0,0.0,0.0617875299389866,0.0,0.0343511530972462,transformer_add113_f0.3_wd0.1_softmax_ce,reference
transformer_add113_f0.3_wd0.1_softmax_ce_s2,transformer,14000,before,12605,2,0,operands,2,0.8266522335745673,300.0,0.0,0.0659828628906662,0.0,0.037934812745142,transformer_add113_f0.3_wd0.1_softmax_ce,reference
transformer_add113_f0.3_wd0.1_softmax_ce_s2,transformer,14000,before,12605,2,1,blocks.0.hook_attn_out,0,1.2728903149867936,300.0,0.0,0.0335889701537279,0.0,0.0,transformer_add113_f0.3_wd0.1_softmax_ce,reference
transformer_add113_f0.3_wd0.1_softmax_ce_s2,transformer,14000,before,12605,2,1,blocks.0.hook_attn_out,1,1.2834434071622047,300.0,0.0,0.0284688614311676,0.0,0.0001508061685203,transformer_add113_f0.3_wd0.1_softmax_ce,reference
transformer_add113_f0.3_wd0.1_softmax_ce_s2,transformer,14000,before,12605,2,1,blocks.0.hook_attn_out,2,1.2839328649957218,300.0,0.0,0.0272504204621583,0.0,0.0,transformer_add113_f0.3_wd0.1_softmax_ce,reference
transformer_add113_f0.3_wd0.1_softmax_ce_s2,transformer,14000,before,12605,2,2,blocks.0.hook_mlp_out,0,1.0065236259707264,300.0,0.0,0.0287971282770122,0.0,0.0019738726632649,transformer_add113_f0.3_wd0.1_softmax_ce,reference
transformer_add113_f0.3_wd0.1_softmax_ce_s2,transformer,14000,before,12605,2,2,blocks.0.hook_mlp_out,1,1.0065236259707264,300.0,0.0,0.0240880573396159,0.0,0.0,transformer_add113_f0.3_wd0.1_softmax_ce,reference
transformer_add113_f0.3_wd0.1_softmax_ce_s2,transformer,14000,before,12605,2,2,blocks.0.hook_mlp_out,2,1.0060828907611108,300.0,0.0,0.0290715512760969,0.0,0.0,transformer_add113_f0.3_wd0.1_softmax_ce,reference
transformer_add113_f0.3_wd0.1_softmax_ce_s2,transformer,14000,before,12605,2,3,blocks.1.hook_attn_out,0,0.9985821416077166,300.0,0.0,0.029524572769819,0.0,0.0,transformer_add113_f0.3_wd0.1_softmax_ce,reference
transformer_add113_f0.3_wd0.1_softmax_ce_s2,transformer,14000,before,12605,2,3,blocks.1.hook_attn_out,1,0.9985821416077166,300.0,0.0,0.0246007074209419,0.0,0.0,transformer_add113_f0.3_wd0.1_softmax_ce,reference
transformer_add113_f0.3_wd0.1_softmax_ce_s2,transformer,14000,before,12605,2,3,blocks.1.hook_attn_out,2,0.9985821416077166,300.0,0.0,0.024458661867057,0.0,0.0,transformer_add113_f0.3_wd0.1_softmax_ce,reference
transformer_add113_f0.3_wd0.1_softmax_ce_s2,transformer,14000,before,12605,2,4,blocks.1.hook_mlp_out,0,1.5886484492555373,300.0,0.0,0.0262466672821089,0.0,0.0,transformer_add113_f0.3_wd0.1_softmax_ce,reference
transformer_add113_f0.3_wd0.1_softmax_ce_s2,transformer,14000,before,12605,2,4,blocks.1.hook_mlp_out,1,1.5886484492555373,300.0,0.0,0.0220555339759371,0.0,0.0014059857036206,transformer_add113_f0.3_wd0.1_softmax_ce,reference
transformer_add113_f0.3_wd0.1_softmax_ce_s2,transformer,14000,before,12605,2,4,blocks.1.hook_mlp_out,2,1.5886484492555373,300.0,0.0,0.0240593605906464,0.0,0.0,transformer_add113_f0.3_wd0.1_softmax_ce,reference
transformer_add113_f0.3_wd0.1_softmax_ce_s2,transformer,14000,before,12605,2,5,hook_resid_final,0,22.88587778273505,300.0,0.0,0.0294989249180969,0.0,0.0,transformer_add113_f0.3_wd0.1_softmax_ce,reference
transformer_add113_f0.3_wd0.1_softmax_ce_s2,transformer,14000,before,12605,2,5,hook_resid_final,1,22.88587778273505,300.0,0.0,0.0280747241489975,0.0,0.0,transformer_add113_f0.3_wd0.1_softmax_ce,reference
transformer_add113_f0.3_wd0.1_softmax_ce_s2,transformer,14000,before,12605,2,5,hook_resid_final,2,22.88587778273505,300.0,0.0,0.0258473643427128,0.0,0.0,transformer_add113_f0.3_wd0.1_softmax_ce,reference
transformer_add113_f0.3_wd0.1_softmax_ce_s2,transformer,14000,before,12605,2,6,logits,0,94.2365139958279,300.0,0.0,0.0290392680606042,0.0,0.0,transformer_add113_f0.3_wd0.1_softmax_ce,reference
transformer_add113_f0.3_wd0.1_softmax_ce_s2,transformer,14000,before,12605,2,6,logits,1,94.2365139958279,300.0,0.0,0.0335487438186892,0.0,0.0,transformer_add113_f0.3_wd0.1_softmax_ce,reference
transformer_add113_f0.3_wd0.1_softmax_ce_s2,transformer,14000,before,12605,2,6,logits,2,94.2365139958279,300.0,0.0,0.028168188334668,0.0,0.0,transformer_add113_f0.3_wd0.1_softmax_ce,reference
transformer_add113_f0.3_wd0.1_softmax_ce_s2,transformer,14000,at,14118,8,0,operands,0,1.2002895646722735,300.0,0.0,0.1027165846866569,0.0,0.0577407822081476,transformer_add113_f0.3_wd0.1_softmax_ce,reference
transformer_add113_f0.3_wd0.1_softmax_ce_s2,transformer,14000,at,14118,8,0,operands,1,1.209014401304184,300.0,0.0,0.0977190981292966,0.0,0.0694107294186434,transformer_add113_f0.3_wd0.1_softmax_ce,reference
transformer_add113_f0.3_wd0.1_softmax_ce_s2,transformer,14000,at,14118,8,0,operands,2,1.1832795913384866,300.0,0.0,0.1110905575319537,0.0,0.0598003118012792,transformer_add113_f0.3_wd0.1_softmax_ce,reference
transformer_add113_f0.3_wd0.1_softmax_ce_s2,transformer,14000,at,14118,8,1,blocks.0.hook_attn_out,0,2.170222828534099,300.0,0.0,0.0750058970355412,1.0,0.0598296957116502,transformer_add113_f0.3_wd0.1_softmax_ce,reference
transformer_add113_f0.3_wd0.1_softmax_ce_s2,transformer,14000,at,14118,8,1,blocks.0.hook_attn_out,1,2.170222828534099,300.0,0.0,0.067281955680565,1.0,0.0540363345902377,transformer_add113_f0.3_wd0.1_softmax_ce,reference
transformer_add113_f0.3_wd0.1_softmax_ce_s2,transformer,14000,at,14118,8,1,blocks.0.hook_attn_out,2,2.085703582856969,300.0,0.0,0.0764777975894592,0.0,0.0466127411545155,transformer_add113_f0.3_wd0.1_softmax_ce,reference
transformer_add113_f0.3_wd0.1_softmax_ce_s2,transformer,14000,at,14118,8,2,blocks.0.hook_mlp_out,0,1.3305493689457448,300.0,0.0,0.0321036713583331,0.0,0.0228286950491289,transformer_add113_f0.3_wd0.1_softmax_ce,reference
transformer_add113_f0.3_wd0.1_softmax_ce_s2,transformer,14000,at,14118,8,2,blocks.0.hook_mlp_out,1,1.3385464282962414,300.0,0.0,0.0374547316194847,0.0,0.0213147900604851,transformer_add113_f0.3_wd0.1_softmax_ce,reference
transformer_add113_f0.3_wd0.1_softmax_ce_s2,transformer,14000,at,14118,8,2,blocks.0.hook_mlp_out,2,1.332382602497671,300.0,0.0,0.0363985298123983,0.0,0.0261889314474625,transformer_add113_f0.3_wd0.1_softmax_ce,reference
transformer_add113_f0.3_wd0.1_softmax_ce_s2,transformer,14000,at,14118,8,3,blocks.1.hook_attn_out,0,1.9937999754108535,300.0,0.0,0.0891636229881364,0.0,0.0524966913851172,transformer_add113_f0.3_wd0.1_softmax_ce,reference
transformer_add113_f0.3_wd0.1_softmax_ce_s2,transformer,14000,at,14118,8,3,blocks.1.hook_attn_out,1,2.026553958847081,300.0,0.0,0.0791067135394332,0.0,0.0569265819245199,transformer_add113_f0.3_wd0.1_softmax_ce,reference
transformer_add113_f0.3_wd0.1_softmax_ce_s2,transformer,14000,at,14118,8,3,blocks.1.hook_attn_out,2,2.026553958847081,300.0,0.0,0.0736294087093431,0.0,0.0490027723095868,transformer_add113_f0.3_wd0.1_softmax_ce,reference
transformer_add113_f0.3_wd0.1_softmax_ce_s2,transformer,14000,at,14118,8,4,blocks.1.hook_mlp_out,0,4.984089854039605,300.0,0.0,0.0890184343896123,0.0,0.0444121461315207,transformer_add113_f0.3_wd0.1_softmax_ce,reference
transformer_add113_f0.3_wd0.1_softmax_ce_s2,transformer,14000,at,14118,8,4,blocks.1.hook_mlp_out,1,4.937620594231408,300.0,0.0,0.0850794570563693,0.0,0.0477579982893249,transformer_add113_f0.3_wd0.1_softmax_ce,reference
transformer_add113_f0.3_wd0.1_softmax_ce_s2,transformer,14000,at,14118,8,4,blocks.1.hook_mlp_out,2,4.931938666069566,300.0,0.0,0.0794034382618543,0.0,0.0447904262363972,transformer_add113_f0.3_wd0.1_softmax_ce,reference
transformer_add113_f0.3_wd0.1_softmax_ce_s2,transformer,14000,at,14118,8,5,hook_resid_final,0,27.509585435583105,300.0,0.0,0.1318855774775665,0.0,0.0653719448717291,transformer_add113_f0.3_wd0.1_softmax_ce,reference
transformer_add113_f0.3_wd0.1_softmax_ce_s2,transformer,14000,at,14118,8,5,hook_resid_final,1,27.092476582263,300.0,0.0,0.133566018335402,0.0,0.0719794254623209,transformer_add113_f0.3_wd0.1_softmax_ce,reference
transformer_add113_f0.3_wd0.1_softmax_ce_s2,transformer,14000,at,14118,8,5,hook_resid_final,2,27.402427608947367,300.0,0.0,0.1286472725760065,0.0,0.0787633528788436,transformer_add113_f0.3_wd0.1_softmax_ce,reference
transformer_add113_f0.3_wd0.1_softmax_ce_s2,transformer,14000,at,14118,8,6,logits,0,127.95729766006028,300.0,0.0,0.1325262940177665,0.0,0.0664203918170769,transformer_add113_f0.3_wd0.1_softmax_ce,reference
transformer_add113_f0.3_wd0.1_softmax_ce_s2,transformer,14000,at,14118,8,6,logits,1,126.66472152489294,300.0,0.0,0.137532418766326,0.0,0.068228645031992,transformer_add113_f0.3_wd0.1_softmax_ce,reference
transformer_add113_f0.3_wd0.1_softmax_ce_s2,transformer,14000,at,14118,8,6,logits,2,128.35632483148132,300.0,0.0,0.1248976144669219,0.0,0.0684524763396719,transformer_add113_f0.3_wd0.1_softmax_ce,reference
transformer_add113_f0.3_wd0.1_softmax_ce_s2,transformer,14000,at,14118,4,0,operands,0,1.052824273712419,300.0,0.0,0.0822448421446997,0.0,0.0588937832830997,transformer_add113_f0.3_wd0.1_softmax_ce,reference
transformer_add113_f0.3_wd0.1_softmax_ce_s2,transformer,14000,at,14118,4,0,operands,1,1.0646072845982504,300.0,0.0,0.0926286289710249,0.0,0.0635663286416089,transformer_add113_f0.3_wd0.1_softmax_ce,reference
transformer_add113_f0.3_wd0.1_softmax_ce_s2,transformer,14000,at,14118,4,0,operands,2,1.0504148488758671,300.0,0.0,0.0920151286952805,0.0,0.0552752633128241,transformer_add113_f0.3_wd0.1_softmax_ce,reference
transformer_add113_f0.3_wd0.1_softmax_ce_s2,transformer,14000,at,14118,4,1,blocks.0.hook_attn_out,0,2.0429820822947424,300.0,0.0,0.0543397672327654,0.0,0.0377863064652435,transformer_add113_f0.3_wd0.1_softmax_ce,reference
transformer_add113_f0.3_wd0.1_softmax_ce_s2,transformer,14000,at,14118,4,1,blocks.0.hook_attn_out,1,2.053711989226628,300.0,0.0,0.0607440254670408,0.0,0.0382355599855672,transformer_add113_f0.3_wd0.1_softmax_ce,reference
transformer_add113_f0.3_wd0.1_softmax_ce_s2,transformer,14000,at,14118,4,1,blocks.0.hook_attn_out,2,2.0287045685548555,300.0,0.0,0.057031691707699,0.0,0.0377735763003711,transformer_add113_f0.3_wd0.1_softmax_ce,reference
transformer_add113_f0.3_wd0.1_softmax_ce_s2,transformer,14000,at,14118,4,2,blocks.0.hook_mlp_out,0,1.3351001421175657,300.0,0.0,0.0366016722490344,0.0,0.0246521275505207,transformer_add113_f0.3_wd0.1_softmax_ce,reference
transformer_add113_f0.3_wd0.1_softmax_ce_s2,transformer,14000,at,14118,4,2,blocks.0.hook_mlp_out,1,1.3351001421175657,300.0,0.0,0.0409507661443824,0.0,0.0233888270833856,transformer_add113_f0.3_wd0.1_softmax_ce,reference
transformer_add113_f0.3_wd0.1_softmax_ce_s2,transformer,14000,at,14118,4,2,blocks.0.hook_mlp_out,2,1.3318327921892328,300.0,0.0,0.0451464417854477,0.0,0.0284699937400695,transformer_add113_f0.3_wd0.1_softmax_ce,reference
transformer_add113_f0.3_wd0.1_softmax_ce_s2,transformer,14000,at,14118,4,3,blocks.1.hook_attn_out,0,1.905188694187152,300.0,0.0,0.0632477642845108,0.0,0.0443775669838307,transformer_add113_f0.3_wd0.1_softmax_ce,reference
transformer_add113_f0.3_wd0.1_softmax_ce_s2,transformer,14000,at,14118,4,3,blocks.1.hook_attn_out,1,1.9066026672941152,300.0,0.0,0.060491470760775,1.0,0.0524249721969778,transformer_add113_f0.3_wd0.1_softmax_ce,reference
transformer_add113_f0.3_wd0.1_softmax_ce_s2,transformer,14000,at,14118,4,3,blocks.1.hook_attn_out,2,1.929234288108648,300.0,0.0,0.0598368309530658,0.0,0.0387595393174834,transformer_add113_f0.3_wd0.1_softmax_ce,reference
transformer_add113_f0.3_wd0.1_softmax_ce_s2,transformer,14000,at,14118,4,4,blocks.1.hook_mlp_out,0,4.751150764589546,300.0,0.0,0.0660393865768099,0.0,0.0436136592988938,transformer_add113_f0.3_wd0.1_softmax_ce,reference
transformer_add113_f0.3_wd0.1_softmax_ce_s2,transformer,14000,at,14118,4,4,blocks.1.hook_mlp_out,1,4.657922937421632,300.0,0.0,0.0752796596590022,0.0,0.0381566636264908,transformer_add113_f0.3_wd0.1_softmax_ce,reference
transformer_add113_f0.3_wd0.1_softmax_ce_s2,transformer,14000,at,14118,4,4,blocks.1.hook_mlp_out,2,4.751362756189648,300.0,0.0,0.0516848478335704,0.0,0.0407764248873295,transformer_add113_f0.3_wd0.1_softmax_ce,reference
transformer_add113_f0.3_wd0.1_softmax_ce_s2,transformer,14000,at,14118,4,5,hook_resid_final,0,25.907894796393027,300.0,0.0,0.0649672284432309,0.0,0.0581068596538357,transformer_add113_f0.3_wd0.1_softmax_ce,reference
transformer_add113_f0.3_wd0.1_softmax_ce_s2,transformer,14000,at,14118,4,5,hook_resid_final,1,25.871476447766177,300.0,0.0,0.0744807546481383,0.0,0.0554924206030418,transformer_add113_f0.3_wd0.1_softmax_ce,reference
transformer_add113_f0.3_wd0.1_softmax_ce_s2,transformer,14000,at,14118,4,5,hook_resid_final,2,25.765449381985576,300.0,0.0,0.080916327598205,1.0,0.054094173188643,transformer_add113_f0.3_wd0.1_softmax_ce,reference
transformer_add113_f0.3_wd0.1_softmax_ce_s2,transformer,14000,at,14118,4,6,logits,0,126.50254699701269,300.0,0.0,0.0932440699038544,1.0,0.0521781276569747,transformer_add113_f0.3_wd0.1_softmax_ce,reference
transformer_add113_f0.3_wd0.1_softmax_ce_s2,transformer,14000,at,14118,4,6,logits,1,124.44199875886044,300.0,0.0,0.0731864615608109,0.0,0.0531778006588606,transformer_add113_f0.3_wd0.1_softmax_ce,reference
transformer_add113_f0.3_wd0.1_softmax_ce_s2,transformer,14000,at,14118,4,6,logits,2,125.27712777180136,300.0,0.0,0.082576112718043,0.0,0.042200614496224,transformer_add113_f0.3_wd0.1_softmax_ce,reference
transformer_add113_f0.3_wd0.1_softmax_ce_s2,transformer,14000,at,14118,2,0,operands,0,0.9775886478459712,300.0,0.0,0.0718852344177824,0.0,0.0405126823454306,transformer_add113_f0.3_wd0.1_softmax_ce,reference
transformer_add113_f0.3_wd0.1_softmax_ce_s2,transformer,14000,at,14118,2,0,operands,1,0.9775886478459712,300.0,0.0,0.069536932912254,0.0,0.0355404595250595,transformer_add113_f0.3_wd0.1_softmax_ce,reference
transformer_add113_f0.3_wd0.1_softmax_ce_s2,transformer,14000,at,14118,2,0,operands,2,0.9775886478459712,300.0,0.0,0.0564372943697958,0.0,0.0376105042216601,transformer_add113_f0.3_wd0.1_softmax_ce,reference
transformer_add113_f0.3_wd0.1_softmax_ce_s2,transformer,14000,at,14118,2,1,blocks.0.hook_attn_out,0,2.0064026757841047,300.0,0.0,0.0259082343115071,0.0,0.0,transformer_add113_f0.3_wd0.1_softmax_ce,reference
transformer_add113_f0.3_wd0.1_softmax_ce_s2,transformer,14000,at,14118,2,1,blocks.0.hook_attn_out,1,2.025376196297597,300.0,0.0,0.0343794223221282,0.0,0.0,transformer_add113_f0.3_wd0.1_softmax_ce,reference
transformer_add113_f0.3_wd0.1_softmax_ce_s2,transformer,14000,at,14118,2,1,blocks.0.hook_attn_out,2,2.025376196297597,300.0,0.0,0.0250530537848428,0.0,0.0,transformer_add113_f0.3_wd0.1_softmax_ce,reference
transformer_add113_f0.3_wd0.1_softmax_ce_s2,transformer,14000,at,14118,2,2,blocks.0.hook_mlp_out,0,1.325492355494273,300.0,0.0,0.0240906905388639,0.0,0.0,transformer_add113_f0.3_wd0.1_softmax_ce,reference
transformer_add113_f0.3_wd0.1_softmax_ce_s2,transformer,14000,at,14118,2,2,blocks.0.hook_mlp_out,1,1.334467931431499,300.0,0.0,0.0274543101175501,0.0,0.0,transformer_add113_f0.3_wd0.1_softmax_ce,reference
transformer_add113_f0.3_wd0.1_softmax_ce_s2,transformer,14000,at,14118,2,2,blocks.0.hook_mlp_out,2,1.332594797556963,300.0,0.0,0.0255158417715966,0.0,0.0,transformer_add113_f0.3_wd0.1_softmax_ce,reference
transformer_add113_f0.3_wd0.1_softmax_ce_s2,transformer,14000,at,14118,2,3,blocks.1.hook_attn_out,0,1.7473590628435804,300.0,0.0,0.0290879971149635,0.0,0.0,transformer_add113_f0.3_wd0.1_softmax_ce,reference
transformer_add113_f0.3_wd0.1_softmax_ce_s2,transformer,14000,at,14118,2,3,blocks.1.hook_attn_out,1,1.7549939822106373,300.0,0.0,0.0308721830331934,0.0,0.0,transformer_add113_f0.3_wd0.1_softmax_ce,reference
transformer_add113_f0.3_wd0.1_softmax_ce_s2,transformer,14000,at,14118,2,3,blocks.1.hook_attn_out,2,1.765394840002739,300.0,0.0,0.0309079634191984,0.0,0.0,transformer_add113_f0.3_wd0.1_softmax_ce,reference
transformer_add113_f0.3_wd0.1_softmax_ce_s2,transformer,14000,at,14118,2,4,blocks.1.hook_mlp_out,0,4.371582794375151,300.0,0.0,0.0288238048994016,0.0,0.0,transformer_add113_f0.3_wd0.1_softmax_ce,reference
transformer_add113_f0.3_wd0.1_softmax_ce_s2,transformer,14000,at,14118,2,4,blocks.1.hook_mlp_out,1,4.371582794375151,300.0,0.0,0.0253435744893047,0.0,0.0,transformer_add113_f0.3_wd0.1_softmax_ce,reference
transformer_add113_f0.3_wd0.1_softmax_ce_s2,transformer,14000,at,14118,2,4,blocks.1.hook_mlp_out,2,4.368191182131079,300.0,0.0,0.0260148764691243,0.0,0.0,transformer_add113_f0.3_wd0.1_softmax_ce,reference
transformer_add113_f0.3_wd0.1_softmax_ce_s2,transformer,14000,at,14118,2,5,hook_resid_final,0,25.948322249197545,300.0,0.0,0.0314123465016628,0.0,0.0005142088660954,transformer_add113_f0.3_wd0.1_softmax_ce,reference
transformer_add113_f0.3_wd0.1_softmax_ce_s2,transformer,14000,at,14118,2,5,hook_resid_final,1,25.948322249197545,300.0,0.0,0.037267067972101,0.0,0.0,transformer_add113_f0.3_wd0.1_softmax_ce,reference
transformer_add113_f0.3_wd0.1_softmax_ce_s2,transformer,14000,at,14118,2,5,hook_resid_final,2,25.944805410066767,300.0,0.0,0.0372175387947829,0.0,0.0,transformer_add113_f0.3_wd0.1_softmax_ce,reference
transformer_add113_f0.3_wd0.1_softmax_ce_s2,transformer,14000,at,14118,2,6,logits,0,118.43776296076774,300.0,0.0,0.0240423146810646,0.0,0.0,transformer_add113_f0.3_wd0.1_softmax_ce,reference
transformer_add113_f0.3_wd0.1_softmax_ce_s2,transformer,14000,at,14118,2,6,logits,1,120.24817392958332,300.0,0.0,0.0306618760721697,0.0,0.0,transformer_add113_f0.3_wd0.1_softmax_ce,reference
transformer_add113_f0.3_wd0.1_softmax_ce_s2,transformer,14000,at,14118,2,6,logits,2,119.96653307929505,300.0,0.0,0.0292807264098158,0.0,0.0,transformer_add113_f0.3_wd0.1_softmax_ce,reference
transformer_add113_f0.3_wd0.1_softmax_ce_s2,transformer,14000,after,60000,8,0,operands,0,1.293223135550352,300.0,0.0,0.0995733731392694,0.0,0.0592609454528978,transformer_add113_f0.3_wd0.1_softmax_ce,reference
transformer_add113_f0.3_wd0.1_softmax_ce_s2,transformer,14000,after,60000,8,0,operands,1,1.2603036128040128,300.0,0.0,0.1009567743561047,0.0,0.0617995719457972,transformer_add113_f0.3_wd0.1_softmax_ce,reference
transformer_add113_f0.3_wd0.1_softmax_ce_s2,transformer,14000,after,60000,8,0,operands,2,1.2962577430985704,300.0,0.0,0.103151492457879,1.0,0.0548680411342676,transformer_add113_f0.3_wd0.1_softmax_ce,reference
transformer_add113_f0.3_wd0.1_softmax_ce_s2,transformer,14000,after,60000,8,1,blocks.0.hook_attn_out,0,1.4019396931557746,300.0,0.0,0.0897786176959419,0.0,0.0691660027379862,transformer_add113_f0.3_wd0.1_softmax_ce,reference
transformer_add113_f0.3_wd0.1_softmax_ce_s2,transformer,14000,after,60000,8,1,blocks.0.hook_attn_out,1,1.431473853892852,300.0,0.0,0.0871384815893831,0.0,0.059486022333326,transformer_add113_f0.3_wd0.1_softmax_ce,reference
transformer_add113_f0.3_wd0.1_softmax_ce_s2,transformer,14000,after,60000,8,1,blocks.0.hook_attn_out,2,1.3994629306715,300.0,0.0,0.1036048375837964,0.0,0.0914767279637996,transformer_add113_f0.3_wd0.1_softmax_ce,reference
transformer_add113_f0.3_wd0.1_softmax_ce_s2,transformer,14000,after,60000,8,2,blocks.0.hook_mlp_out,0,0.385404271146241,300.0,0.0,0.0335992039657584,0.0,0.0199652468736697,transformer_add113_f0.3_wd0.1_softmax_ce,reference
transformer_add113_f0.3_wd0.1_softmax_ce_s2,transformer,14000,after,60000,8,2,blocks.0.hook_mlp_out,1,0.3861552705950581,300.0,0.0,0.0309942430688911,0.0,0.021832189560667,transformer_add113_f0.3_wd0.1_softmax_ce,reference
transformer_add113_f0.3_wd0.1_softmax_ce_s2,transformer,14000,after,60000,8,2,blocks.0.hook_mlp_out,2,0.3813623149943919,300.0,0.0,0.0306966413917014,0.0,0.0222641986842953,transformer_add113_f0.3_wd0.1_softmax_ce,reference
transformer_add113_f0.3_wd0.1_softmax_ce_s2,transformer,14000,after,60000,8,3,blocks.1.hook_attn_out,0,1.9171979649766424,300.0,0.0,0.0882617575375161,0.0,0.0676592714406689,transformer_add113_f0.3_wd0.1_softmax_ce,reference
transformer_add113_f0.3_wd0.1_softmax_ce_s2,transformer,14000,after,60000,8,3,blocks.1.hook_attn_out,1,1.9171979649766424,300.0,0.0,0.0815148478146416,0.0,0.0541234501377499,transformer_add113_f0.3_wd0.1_softmax_ce,reference
transformer_add113_f0.3_wd0.1_softmax_ce_s2,transformer,14000,after,60000,8,3,blocks.1.hook_attn_out,2,1.8826595527847887,300.0,0.0,0.0863251274626298,0.0,0.0624089266537975,transformer_add113_f0.3_wd0.1_softmax_ce,reference
transformer_add113_f0.3_wd0.1_softmax_ce_s2,transformer,14000,after,60000,8,4,blocks.1.hook_mlp_out,0,2.062647994857244,300.0,0.0,0.0773823438746298,1.0,0.0555591597657096,transformer_add113_f0.3_wd0.1_softmax_ce,reference
transformer_add113_f0.3_wd0.1_softmax_ce_s2,transformer,14000,after,60000,8,4,blocks.1.hook_mlp_out,1,2.0529612174058216,300.0,0.0,0.089082290607024,0.0,0.049550599512717,transformer_add113_f0.3_wd0.1_softmax_ce,reference
transformer_add113_f0.3_wd0.1_softmax_ce_s2,transformer,14000,after,60000,8,4,blocks.1.hook_mlp_out,2,2.0790618120095434,300.0,0.0,0.08707096693939,0.0,0.0472874685373383,transformer_add113_f0.3_wd0.1_softmax_ce,reference
transformer_add113_f0.3_wd0.1_softmax_ce_s2,transformer,14000,after,60000,8,5,hook_resid_final,0,36.30086207062591,300.0,0.0,0.128174304627903,0.0,0.0648432956287136,transformer_add113_f0.3_wd0.1_softmax_ce,reference
transformer_add113_f0.3_wd0.1_softmax_ce_s2,transformer,14000,after,60000,8,5,hook_resid_final,1,36.443397347899264,300.0,0.0,0.1147249345977703,0.0,0.0653686725508004,transformer_add113_f0.3_wd0.1_softmax_ce,reference
transformer_add113_f0.3_wd0.1_softmax_ce_s2,transformer,14000,after,60000,8,5,hook_resid_final,2,36.28352909741188,300.0,0.0,0.1182568871650073,0.0,0.0600494593313155,transformer_add113_f0.3_wd0.1_softmax_ce,reference
transformer_add113_f0.3_wd0.1_softmax_ce_s2,transformer,14000,after,60000,8,6,logits,0,148.13478903610402,300.0,0.0,0.1204014782689624,0.0,0.0724759778168338,transformer_add113_f0.3_wd0.1_softmax_ce,reference
transformer_add113_f0.3_wd0.1_softmax_ce_s2,transformer,14000,after,60000,8,6,logits,1,145.96347085506954,300.0,0.0,0.1145563250887756,0.0,0.0666858876146215,transformer_add113_f0.3_wd0.1_softmax_ce,reference
transformer_add113_f0.3_wd0.1_softmax_ce_s2,transformer,14000,after,60000,8,6,logits,2,147.93627730747767,300.0,0.0,0.1301091274240214,0.0,0.0619136252914984,transformer_add113_f0.3_wd0.1_softmax_ce,reference
transformer_add113_f0.3_wd0.1_softmax_ce_s2,transformer,14000,after,60000,4,0,operands,0,1.206428924403138,300.0,0.0,0.0903760931885219,0.0,0.0634391846370448,transformer_add113_f0.3_wd0.1_softmax_ce,reference
transformer_add113_f0.3_wd0.1_softmax_ce_s2,transformer,14000,after,60000,4,0,operands,1,1.206428924403138,300.0,0.0,0.0947233385090066,0.0,0.0617828535630169,transformer_add113_f0.3_wd0.1_softmax_ce,reference
transformer_add113_f0.3_wd0.1_softmax_ce_s2,transformer,14000,after,60000,4,0,operands,2,1.1642037853664202,300.0,0.0,0.0989687059155571,0.0,0.0700961040491526,transformer_add113_f0.3_wd0.1_softmax_ce,reference
transformer_add113_f0.3_wd0.1_softmax_ce_s2,transformer,14000,after,60000,4,1,blocks.0.hook_attn_out,0,1.3669079370283992,300.0,0.0,0.0621343090744723,0.0,0.0400985968009658,transformer_add113_f0.3_wd0.1_softmax_ce,reference
transformer_add113_f0.3_wd0.1_softmax_ce_s2,transformer,14000,after,60000,4,1,blocks.0.hook_attn_out,1,1.376312526941475,300.0,0.0,0.0619686588882218,0.0,0.0444295465745451,transformer_add113_f0.3_wd0.1_softmax_ce,reference
transformer_add113_f0.3_wd0.1_softmax_ce_s2,transformer,14000,after,60000,4,1,blocks.0.hook_attn_out,2,1.3897139425335396,300.0,0.0,0.0582075098551273,0.0,0.0465035945510967,transformer_add113_f0.3_wd0.1_softmax_ce,reference
transformer_add113_f0.3_wd0.1_softmax_ce_s2,transformer,14000,after,60000,4,2,blocks.0.hook_mlp_out,0,0.3852639118767894,300.0,0.0,0.0377290352448354,0.0,0.0219046025071429,transformer_add113_f0.3_wd0.1_softmax_ce,reference
transformer_add113_f0.3_wd0.1_softmax_ce_s2,transformer,14000,after,60000,4,2,blocks.0.hook_mlp_out,1,0.3860184214935356,300.0,0.0,0.0334135644728939,0.0,0.026463759080456,transformer_add113_f0.3_wd0.1_softmax_ce,reference
transformer_add113_f0.3_wd0.1_softmax_ce_s2,transformer,14000,after,60000,4,2,blocks.0.hook_mlp_out,2,0.3793151641926792,300.0,0.0,0.0363204819118882,0.0,0.0252302263401002,transformer_add113_f0.3_wd0.1_softmax_ce,reference
transformer_add113_f0.3_wd0.1_softmax_ce_s2,transformer,14000,after,60000,4,3,blocks.1.hook_attn_out,0,1.8379633249000176,300.0,0.0,0.065547948824408,0.0,0.0452136357871161,transformer_add113_f0.3_wd0.1_softmax_ce,reference
transformer_add113_f0.3_wd0.1_softmax_ce_s2,transformer,14000,after,60000,4,3,blocks.1.hook_attn_out,1,1.8205432020075203,300.0,0.0,0.0584023259244787,0.0,0.0392367034018706,transformer_add113_f0.3_wd0.1_softmax_ce,reference
transformer_add113_f0.3_wd0.1_softmax_ce_s2,transformer,14000,after,60000,4,3,blocks.1.hook_attn_out,2,1.8216663613064408,300.0,0.0,0.0663407987515481,0.0,0.0454357939725781,transformer_add113_f0.3_wd0.1_softmax_ce,reference
transformer_add113_f0.3_wd0.1_softmax_ce_s2,transformer,14000,after,60000,4,4,blocks.1.hook_mlp_out,0,2.0224075800055994,300.0,0.0,0.0732968454879374,0.0,0.0441967786559178,transformer_add113_f0.3_wd0.1_softmax_ce,reference
transformer_add113_f0.3_wd0.1_softmax_ce_s2,transformer,14000,after,60000,4,4,blocks.1.hook_mlp_out,1,1.9926916321293384,300.0,0.0,0.0662624151758086,0.0,0.0383491110936703,transformer_add113_f0.3_wd0.1_softmax_ce,reference
transformer_add113_f0.3_wd0.1_softmax_ce_s2,transformer,14000,after,60000,4,4,blocks.1.hook_mlp_out,2,1.9813624564355488,300.0,0.0,0.0753720489619218,0.0,0.041763886407458,transformer_add113_f0.3_wd0.1_softmax_ce,reference
transformer_add113_f0.3_wd0.1_softmax_ce_s2,transformer,14000,after,60000,4,5,hook_resid_final,0,35.20477371387182,300.0,0.0,0.1230150118696566,0.0,0.0489438665588771,transformer_add113_f0.3_wd0.1_softmax_ce,reference
transformer_add113_f0.3_wd0.1_softmax_ce_s2,transformer,14000,after,60000,4,5,hook_resid_final,1,34.61857723097563,300.0,0.0,0.1087537257445837,0.0,0.0334829474952258,transformer_add113_f0.3_wd0.1_softmax_ce,reference
transformer_add113_f0.3_wd0.1_softmax_ce_s2,transformer,14000,after,60000,4,5,hook_resid_final,2,35.69829448047758,300.0,0.0,0.1105945727048166,0.0,0.0451375582642216,transformer_add113_f0.3_wd0.1_softmax_ce,reference
transformer_add113_f0.3_wd0.1_softmax_ce_s2,transformer,14000,after,60000,4,6,logits,0,144.48432256430797,300.0,0.0,0.1123928190424038,1.0,0.0524384523993461,transformer_add113_f0.3_wd0.1_softmax_ce,reference
transformer_add113_f0.3_wd0.1_softmax_ce_s2,transformer,14000,after,60000,4,6,logits,1,145.09554200948833,300.0,0.0,0.1240810734886988,1.0,0.0610252531874547,transformer_add113_f0.3_wd0.1_softmax_ce,reference
transformer_add113_f0.3_wd0.1_softmax_ce_s2,transformer,14000,after,60000,4,6,logits,2,141.51064098015647,300.0,0.0,0.1018275595936257,0.0,0.042765444350882,transformer_add113_f0.3_wd0.1_softmax_ce,reference
transformer_add113_f0.3_wd0.1_softmax_ce_s2,transformer,14000,after,60000,2,0,operands,0,1.1074930357165171,300.0,0.0,0.0712103994551851,1.0,0.0527197114414341,transformer_add113_f0.3_wd0.1_softmax_ce,reference
transformer_add113_f0.3_wd0.1_softmax_ce_s2,transformer,14000,after,60000,2,0,operands,1,1.1074930357165171,300.0,0.0,0.0579961280705599,0.0,0.0457972006121779,transformer_add113_f0.3_wd0.1_softmax_ce,reference
transformer_add113_f0.3_wd0.1_softmax_ce_s2,transformer,14000,after,60000,2,0,operands,2,1.1074930357165171,300.0,0.0,0.0695461142874511,0.0,0.0400234520780691,transformer_add113_f0.3_wd0.1_softmax_ce,reference
transformer_add113_f0.3_wd0.1_softmax_ce_s2,transformer,14000,after,60000,2,1,blocks.0.hook_attn_out,0,1.247208766718323,300.0,0.0,0.0261559539032039,0.0,0.0,transformer_add113_f0.3_wd0.1_softmax_ce,reference
transformer_add113_f0.3_wd0.1_softmax_ce_s2,transformer,14000,after,60000,2,1,blocks.0.hook_attn_out,1,1.2630853502911317,300.0,0.0,0.0284301255282755,0.0,0.0,transformer_add113_f0.3_wd0.1_softmax_ce,reference
transformer_add113_f0.3_wd0.1_softmax_ce_s2,transformer,14000,after,60000,2,1,blocks.0.hook_attn_out,2,1.2659964200908778,300.0,0.0,0.0292800406231625,0.0,0.0,transformer_add113_f0.3_wd0.1_softmax_ce,reference
transformer_add113_f0.3_wd0.1_softmax_ce_s2,transformer,14000,after,60000,2,2,blocks.0.hook_mlp_out,0,0.3851982241896597,300.0,0.0,0.0306805230684149,0.0,0.0,transformer_add113_f0.3_wd0.1_softmax_ce,reference
transformer_add113_f0.3_wd0.1_softmax_ce_s2,transformer,14000,after,60000,2,2,blocks.0.hook_mlp_out,1,0.3851982241896597,300.0,0.0,0.0304740160838347,0.0,0.0,transformer_add113_f0.3_wd0.1_softmax_ce,reference
transformer_add113_f0.3_wd0.1_softmax_ce_s2,transformer,14000,after,60000,2,2,blocks.0.hook_mlp_out,2,0.3851982241896597,300.0,0.0,0.0259468366614339,0.0,0.0,transformer_add113_f0.3_wd0.1_softmax_ce,reference
transformer_add113_f0.3_wd0.1_softmax_ce_s2,transformer,14000,after,60000,2,3,blocks.1.hook_attn_out,0,1.7086883720219628,300.0,0.0,0.0271282949213673,0.0,0.0,transformer_add113_f0.3_wd0.1_softmax_ce,reference
transformer_add113_f0.3_wd0.1_softmax_ce_s2,transformer,14000,after,60000,2,3,blocks.1.hook_attn_out,1,1.7037513085198133,300.0,0.0,0.0256357150036173,0.0,9.940805168121334e-05,transformer_add113_f0.3_wd0.1_softmax_ce,reference
transformer_add113_f0.3_wd0.1_softmax_ce_s2,transformer,14000,after,60000,2,3,blocks.1.hook_attn_out,2,1.7157759185713128,300.0,0.0,0.0324608913704794,0.0,0.0004951548713968,transformer_add113_f0.3_wd0.1_softmax_ce,reference
transformer_add113_f0.3_wd0.1_softmax_ce_s2,transformer,14000,after,60000,2,4,blocks.1.hook_mlp_out,0,1.773451799210655,300.0,0.0,0.0422206532894367,0.0,0.0,transformer_add113_f0.3_wd0.1_softmax_ce,reference
transformer_add113_f0.3_wd0.1_softmax_ce_s2,transformer,14000,after,60000,2,4,blocks.1.hook_mlp_out,1,1.7761644875924565,300.0,0.0,0.0429179305226217,0.0,0.0,transformer_add113_f0.3_wd0.1_softmax_ce,reference
transformer_add113_f0.3_wd0.1_softmax_ce_s2,transformer,14000,after,60000,2,4,blocks.1.hook_mlp_out,2,1.7745436277396684,300.0,0.0,0.0484487609290901,0.0,0.0,transformer_add113_f0.3_wd0.1_softmax_ce,reference
transformer_add113_f0.3_wd0.1_softmax_ce_s2,transformer,14000,after,60000,2,5,hook_resid_final,0,34.08895340423399,300.0,0.0,0.068560468816154,0.0,0.000697554868385,transformer_add113_f0.3_wd0.1_softmax_ce,reference
transformer_add113_f0.3_wd0.1_softmax_ce_s2,transformer,14000,after,60000,2,5,hook_resid_final,1,34.35528526265694,300.0,1.0,0.0823082666416859,0.0,0.0006638189900338,transformer_add113_f0.3_wd0.1_softmax_ce,reference
transformer_add113_f0.3_wd0.1_softmax_ce_s2,transformer,14000,after,60000,2,5,hook_resid_final,2,34.18370860931034,300.0,0.0,0.0752028749075521,0.0,0.0,transformer_add113_f0.3_wd0.1_softmax_ce,reference
transformer_add113_f0.3_wd0.1_softmax_ce_s2,transformer,14000,after,60000,2,6,logits,0,135.17103079649786,300.0,0.0,0.0365267424284347,0.0,0.0,transformer_add113_f0.3_wd0.1_softmax_ce,reference
transformer_add113_f0.3_wd0.1_softmax_ce_s2,transformer,14000,after,60000,2,6,logits,1,135.7067212344745,300.0,0.0,0.0341684689308975,0.0,0.0,transformer_add113_f0.3_wd0.1_softmax_ce,reference
transformer_add113_f0.3_wd0.1_softmax_ce_s2,transformer,14000,after,60000,2,6,logits,2,135.94517573017498,300.0,0.0,0.0289519560552415,0.0,0.0,transformer_add113_f0.3_wd0.1_softmax_ce,reference
transformer_add113_f0.3_wd0.1_softmax_ce_s3,transformer,11500,init,0,8,0,operands,0,19.40971247515205,300.0,0.0,0.1064517260608478,0.0,0.0651115184874078,transformer_add113_f0.3_wd0.1_softmax_ce,reference
transformer_add113_f0.3_wd0.1_softmax_ce_s3,transformer,11500,init,0,8,0,operands,1,19.804341437108107,300.0,0.0,0.1063629016161934,1.0,0.051361873124377,transformer_add113_f0.3_wd0.1_softmax_ce,reference
transformer_add113_f0.3_wd0.1_softmax_ce_s3,transformer,11500,init,0,8,0,operands,2,19.409712475152045,300.0,0.0,0.1087992933018313,1.0,0.0589731256673291,transformer_add113_f0.3_wd0.1_softmax_ce,reference
transformer_add113_f0.3_wd0.1_softmax_ce_s3,transformer,11500,init,0,8,1,blocks.0.hook_attn_out,0,5.057763881487864,300.0,0.0,0.0663569020086631,0.0,0.0424172958439898,transformer_add113_f0.3_wd0.1_softmax_ce,reference
transformer_add113_f0.3_wd0.1_softmax_ce_s3,transformer,11500,init,0,8,1,blocks.0.hook_attn_out,1,5.057763881487864,300.0,0.0,0.0734363976720068,0.0,0.0402351077601498,transformer_add113_f0.3_wd0.1_softmax_ce,reference
transformer_add113_f0.3_wd0.1_softmax_ce_s3,transformer,11500,init,0,8,1,blocks.0.hook_attn_out,2,5.057763881487864,300.0,0.0,0.0662826107429044,0.0,0.0394723495296673,transformer_add113_f0.3_wd0.1_softmax_ce,reference
transformer_add113_f0.3_wd0.1_softmax_ce_s3,transformer,11500,init,0,8,2,blocks.0.hook_mlp_out,0,1.17791244905954,300.0,0.0,0.0616487629681791,0.0,0.048387818454952,transformer_add113_f0.3_wd0.1_softmax_ce,reference
transformer_add113_f0.3_wd0.1_softmax_ce_s3,transformer,11500,init,0,8,2,blocks.0.hook_mlp_out,1,1.17791244905954,300.0,0.0,0.0660942944349984,0.0,0.0414037146017412,transformer_add113_f0.3_wd0.1_softmax_ce,reference
transformer_add113_f0.3_wd0.1_softmax_ce_s3,transformer,11500,init,0,8,2,blocks.0.hook_mlp_out,2,1.17791244905954,300.0,0.0,0.060448864673221,0.0,0.0440032117133675,transformer_add113_f0.3_wd0.1_softmax_ce,reference
transformer_add113_f0.3_wd0.1_softmax_ce_s3,transformer,11500,init,0,8,3,blocks.1.hook_attn_out,0,4.407019181461273,300.0,0.0,0.0744359635220639,1.0,0.0531536138454638,transformer_add113_f0.3_wd0.1_softmax_ce,reference
transformer_add113_f0.3_wd0.1_softmax_ce_s3,transformer,11500,init,0,8,3,blocks.1.hook_attn_out,1,4.407019181461273,300.0,0.0,0.0683494185001505,1.0,0.0536077540885305,transformer_add113_f0.3_wd0.1_softmax_ce,reference
transformer_add113_f0.3_wd0.1_softmax_ce_s3,transformer,11500,init,0,8,3,blocks.1.hook_attn_out,2,4.407019181461273,300.0,0.0,0.063623725315061,1.0,0.0521557171448283,transformer_add113_f0.3_wd0.1_softmax_ce,reference
transformer_add113_f0.3_wd0.1_softmax_ce_s3,transformer,11500,init,0,8,4,blocks.1.hook_mlp_out,0,1.6893108051280623,300.0,0.0,0.0542593386159016,0.0,0.0474226311478816,transformer_add113_f0.3_wd0.1_softmax_ce,reference
transformer_add113_f0.3_wd0.1_softmax_ce_s3,transformer,11500,init,0,8,4,blocks.1.hook_mlp_out,1,1.6893108051280623,300.0,0.0,0.0656684231106922,0.0,0.0422856137201587,transformer_add113_f0.3_wd0.1_softmax_ce,reference
transformer_add113_f0.3_wd0.1_softmax_ce_s3,transformer,11500,init,0,8,4,blocks.1.hook_mlp_out,2,1.6893108051280623,300.0,0.0,0.0580320700932763,0.0,0.044320143315854,transformer_add113_f0.3_wd0.1_softmax_ce,reference
transformer_add113_f0.3_wd0.1_softmax_ce_s3,transformer,11500,init,0,8,5,hook_resid_final,0,6.268137578069411,300.0,0.0,0.0700539466817856,0.0,0.049192170312513,transformer_add113_f0.3_wd0.1_softmax_ce,reference
transformer_add113_f0.3_wd0.1_softmax_ce_s3,transformer,11500,init,0,8,5,hook_resid_final,1,6.268137578069411,300.0,0.0,0.0699707606594622,0.0,0.0450757174149771,transformer_add113_f0.3_wd0.1_softmax_ce,reference
transformer_add113_f0.3_wd0.1_softmax_ce_s3,transformer,11500,init,0,8,5,hook_resid_final,2,6.268137578069411,300.0,0.0,0.0810733560051498,0.0,0.0476280106403631,transformer_add113_f0.3_wd0.1_softmax_ce,reference
transformer_add113_f0.3_wd0.1_softmax_ce_s3,transformer,11500,init,0,8,6,logits,0,3.657217948502705,300.0,0.0,0.0683797615924009,1.0,0.0521732026167295,transformer_add113_f0.3_wd0.1_softmax_ce,reference
transformer_add113_f0.3_wd0.1_softmax_ce_s3,transformer,11500,init,0,8,6,logits,1,3.657217948502705,300.0,0.0,0.0738548806192372,0.0,0.0493199449471668,transformer_add113_f0.3_wd0.1_softmax_ce,reference
transformer_add113_f0.3_wd0.1_softmax_ce_s3,transformer,11500,init,0,8,6,logits,2,3.657217948502705,300.0,0.0,0.0607101423930244,0.0,0.0474127425766432,transformer_add113_f0.3_wd0.1_softmax_ce,reference
transformer_add113_f0.3_wd0.1_softmax_ce_s3,transformer,11500,init,0,4,0,operands,0,18.741321079297585,300.0,0.0,0.1018669912396277,0.0,0.0546395491359222,transformer_add113_f0.3_wd0.1_softmax_ce,reference
transformer_add113_f0.3_wd0.1_softmax_ce_s3,transformer,11500,init,0,4,0,operands,1,19.03013826578251,300.0,0.0,0.11082193856701,1.0,0.0543037654558803,transformer_add113_f0.3_wd0.1_softmax_ce,reference
transformer_add113_f0.3_wd0.1_softmax_ce_s3,transformer,11500,init,0,4,0,operands,2,18.741321079297585,300.0,0.0,0.105095668740303,0.0,0.0636180855760616,transformer_add113_f0.3_wd0.1_softmax_ce,reference
transformer_add113_f0.3_wd0.1_softmax_ce_s3,transformer,11500,init,0,4,1,blocks.0.hook_attn_out,0,4.923844213954043,300.0,0.0,0.0528905790403498,0.0,0.0309947785482542,transformer_add113_f0.3_wd0.1_softmax_ce,reference
transformer_add113_f0.3_wd0.1_softmax_ce_s3,transformer,11500,init,0,4,1,blocks.0.hook_attn_out,1,4.923844213954043,300.0,0.0,0.050786567773217,0.0,0.0383088896453809,transformer_add113_f0.3_wd0.1_softmax_ce,reference
transformer_add113_f0.3_wd0.1_softmax_ce_s3,transformer,11500,init,0,4,1,blocks.0.hook_attn_out,2,4.923844213954043,300.0,1.0,0.0542247412171329,0.0,0.0317396786013183,transformer_add113_f0.3_wd0.1_softmax_ce,reference
transformer_add113_f0.3_wd0.1_softmax_ce_s3,transformer,11500,init,0,4,2,blocks.0.hook_mlp_out,0,1.13859531207096,300.0,1.0,0.0502574681884916,0.0,0.0458161421876779,transformer_add113_f0.3_wd0.1_softmax_ce,reference
transformer_add113_f0.3_wd0.1_softmax_ce_s3,transformer,11500,init,0,4,2,blocks.0.hook_mlp_out,1,1.13859531207096,300.0,0.0,0.0496586578621216,0.0,0.0369138853806981,transformer_add113_f0.3_wd0.1_softmax_ce,reference
transformer_add113_f0.3_wd0.1_softmax_ce_s3,transformer,11500,init,0,4,2,blocks.0.hook_mlp_out,2,1.13859531207096,300.0,1.0,0.0544363803360861,0.0,0.0338152006254885,transformer_add113_f0.3_wd0.1_softmax_ce,reference
transformer_add113_f0.3_wd0.1_softmax_ce_s3,transformer,11500,init,0,4,3,blocks.1.hook_attn_out,0,3.9166821024929632,300.0,0.0,0.0616858770268509,0.0,0.0391066663702361,transformer_add113_f0.3_wd0.1_softmax_ce,reference
transformer_add113_f0.3_wd0.1_softmax_ce_s3,transformer,11500,init,0,4,3,blocks.1.hook_attn_out,1,3.9166821024929632,300.0,0.0,0.0610517977055726,0.0,0.043817672108524,transformer_add113_f0.3_wd0.1_softmax_ce,reference
transformer_add113_f0.3_wd0.1_softmax_ce_s3,transformer,11500,init,0,4,3,blocks.1.hook_attn_out,2,3.9166821024929632,300.0,0.0,0.0610164916040662,0.0,0.0410600981812552,transformer_add113_f0.3_wd0.1_softmax_ce,reference
transformer_add113_f0.3_wd0.1_softmax_ce_s3,transformer,11500,init,0,4,4,blocks.1.hook_mlp_out,0,1.6221376048707694,300.0,0.0,0.0545661515992901,0.0,0.0332899160513372,transformer_add113_f0.3_wd0.1_softmax_ce,reference
transformer_add113_f0.3_wd0.1_softmax_ce_s3,transformer,11500,init,0,4,4,blocks.1.hook_mlp_out,1,1.6186060968424532,300.0,0.0,0.0621859313030701,0.0,0.0326135163557025,transformer_add113_f0.3_wd0.1_softmax_ce,reference
transformer_add113_f0.3_wd0.1_softmax_ce_s3,transformer,11500,init,0,4,4,blocks.1.hook_mlp_out,2,1.6221376048707694,300.0,0.0,0.0546418820259279,0.0,0.0344446121489077,transformer_add113_f0.3_wd0.1_softmax_ce,reference
transformer_add113_f0.3_wd0.1_softmax_ce_s3,transformer,11500,init,0,4,5,hook_resid_final,0,5.984419926619779,300.0,0.0,0.0651314230697913,0.0,0.03321753681167,transformer_add113_f0.3_wd0.1_softmax_ce,reference
transformer_add113_f0.3_wd0.1_softmax_ce_s3,transformer,11500,init,0,4,5,hook_resid_final,1,5.984419926619779,300.0,1.0,0.0535816323421002,0.0,0.0344875326255505,transformer_add113_f0.3_wd0.1_softmax_ce,reference
transformer_add113_f0.3_wd0.1_softmax_ce_s3,transformer,11500,init,0,4,5,hook_resid_final,2,5.984419926619779,300.0,0.0,0.0547070791069112,0.0,0.0423138780936001,transformer_add113_f0.3_wd0.1_softmax_ce,reference
transformer_add113_f0.3_wd0.1_softmax_ce_s3,transformer,11500,init,0,4,6,logits,0,3.37862685819276,300.0,0.0,0.0624703084139403,0.0,0.0424291865756113,transformer_add113_f0.3_wd0.1_softmax_ce,reference
transformer_add113_f0.3_wd0.1_softmax_ce_s3,transformer,11500,init,0,4,6,logits,1,3.3335114215471267,300.0,0.0,0.0616923214347639,0.0,0.0390256833692163,transformer_add113_f0.3_wd0.1_softmax_ce,reference
transformer_add113_f0.3_wd0.1_softmax_ce_s3,transformer,11500,init,0,4,6,logits,2,3.395797145986023,300.0,0.0,0.0642709764887397,0.0,0.0390098141819977,transformer_add113_f0.3_wd0.1_softmax_ce,reference
transformer_add113_f0.3_wd0.1_softmax_ce_s3,transformer,11500,init,0,2,0,operands,0,18.40020773196704,300.0,0.0,0.0599839342228323,0.0,0.0349884644133259,transformer_add113_f0.3_wd0.1_softmax_ce,reference
transformer_add113_f0.3_wd0.1_softmax_ce_s3,transformer,11500,init,0,2,0,operands,1,18.40020773196704,300.0,0.0,0.0688190957585086,0.0,0.0281320640416925,transformer_add113_f0.3_wd0.1_softmax_ce,reference
transformer_add113_f0.3_wd0.1_softmax_ce_s3,transformer,11500,init,0,2,0,operands,2,18.40020773196704,300.0,0.0,0.0630498459188241,0.0,0.040333748609696,transformer_add113_f0.3_wd0.1_softmax_ce,reference
transformer_add113_f0.3_wd0.1_softmax_ce_s3,transformer,11500,init,0,2,1,blocks.0.hook_attn_out,0,4.800246254313145,300.0,0.0,0.0228081490720724,0.0,0.0,transformer_add113_f0.3_wd0.1_softmax_ce,reference
transformer_add113_f0.3_wd0.1_softmax_ce_s3,transformer,11500,init,0,2,1,blocks.0.hook_attn_out,1,4.800246254313145,300.0,0.0,0.0208439384160516,0.0,0.0,transformer_add113_f0.3_wd0.1_softmax_ce,reference
transformer_add113_f0.3_wd0.1_softmax_ce_s3,transformer,11500,init,0,2,1,blocks.0.hook_attn_out,2,4.800246254313145,300.0,0.0,0.0223463392127692,0.0,0.0,transformer_add113_f0.3_wd0.1_softmax_ce,reference
transformer_add113_f0.3_wd0.1_softmax_ce_s3,transformer,11500,init,0,2,2,blocks.0.hook_mlp_out,0,1.0727280261137278,300.0,0.0,0.0273347763411811,0.0,0.0,transformer_add113_f0.3_wd0.1_softmax_ce,reference
transformer_add113_f0.3_wd0.1_softmax_ce_s3,transformer,11500,init,0,2,2,blocks.0.hook_mlp_out,1,1.0727280261137278,300.0,0.0,0.0227097480226611,0.0,0.0,transformer_add113_f0.3_wd0.1_softmax_ce,reference
transformer_add113_f0.3_wd0.1_softmax_ce_s3,transformer,11500,init,0,2,2,blocks.0.hook_mlp_out,2,1.0727280261137278,300.0,0.0,0.0234091063817076,0.0,0.0,transformer_add113_f0.3_wd0.1_softmax_ce,reference
transformer_add113_f0.3_wd0.1_softmax_ce_s3,transformer,11500,init,0,2,3,blocks.1.hook_attn_out,0,3.38637970436648,300.0,0.0,0.0303599910004944,0.0,0.0,transformer_add113_f0.3_wd0.1_softmax_ce,reference
transformer_add113_f0.3_wd0.1_softmax_ce_s3,transformer,11500,init,0,2,3,blocks.1.hook_attn_out,1,3.3809635656803008,300.0,0.0,0.0331613027494473,0.0,0.0,transformer_add113_f0.3_wd0.1_softmax_ce,reference
transformer_add113_f0.3_wd0.1_softmax_ce_s3,transformer,11500,init,0,2,3,blocks.1.hook_attn_out,2,3.3724873112762155,300.0,0.0,0.0375284273613179,0.0,0.0,transformer_add113_f0.3_wd0.1_softmax_ce,reference
transformer_add113_f0.3_wd0.1_softmax_ce_s3,transformer,11500,init,0,2,4,blocks.1.hook_mlp_out,0,1.580144363434475,300.0,0.0,0.0324405372702142,0.0,0.000621444245372,transformer_add113_f0.3_wd0.1_softmax_ce,reference
transformer_add113_f0.3_wd0.1_softmax_ce_s3,transformer,11500,init,0,2,4,blocks.1.hook_mlp_out,1,1.580144363434475,300.0,0.0,0.0286972454755103,0.0,0.0,transformer_add113_f0.3_wd0.1_softmax_ce,reference
transformer_add113_f0.3_wd0.1_softmax_ce_s3,transformer,11500,init,0,2,4,blocks.1.hook_mlp_out,2,1.5778536512045802,300.0,0.0,0.0308534351977725,0.0,0.0,transformer_add113_f0.3_wd0.1_softmax_ce,reference
transformer_add113_f0.3_wd0.1_softmax_ce_s3,transformer,11500,init,0,2,5,hook_resid_final,0,5.027402573179464,300.0,0.0,0.0315921735670241,0.0,0.0042724702272846,transformer_add113_f0.3_wd0.1_softmax_ce,reference
transformer_add113_f0.3_wd0.1_softmax_ce_s3,transformer,11500,init,0,2,5,hook_resid_final,1,5.027402573179464,300.0,0.0,0.0298833544234296,0.0,0.0,transformer_add113_f0.3_wd0.1_softmax_ce,reference
transformer_add113_f0.3_wd0.1_softmax_ce_s3,transformer,11500,init,0,2,5,hook_resid_final,2,5.027402573179464,300.0,0.0,0.0266393465567269,0.0,0.0,transformer_add113_f0.3_wd0.1_softmax_ce,reference
transformer_add113_f0.3_wd0.1_softmax_ce_s3,transformer,11500,init,0,2,6,logits,0,3.341354531266138,300.0,0.0,0.0304856067744041,0.0,0.0,transformer_add113_f0.3_wd0.1_softmax_ce,reference
transformer_add113_f0.3_wd0.1_softmax_ce_s3,transformer,11500,init,0,2,6,logits,1,3.341354531266138,300.0,0.0,0.0348682061074,0.0,0.0,transformer_add113_f0.3_wd0.1_softmax_ce,reference
transformer_add113_f0.3_wd0.1_softmax_ce_s3,transformer,11500,init,0,2,6,logits,2,3.3427202640111537,300.0,0.0,0.0294958555532043,0.0,0.0,transformer_add113_f0.3_wd0.1_softmax_ce,reference
transformer_add113_f0.3_wd0.1_softmax_ce_s3,transformer,11500,before,10588,8,0,operands,0,1.434373256540013,300.0,0.0,0.0975010795820167,0.0,0.0482809948656769,transformer_add113_f0.3_wd0.1_softmax_ce,reference
transformer_add113_f0.3_wd0.1_softmax_ce_s3,transformer,11500,before,10588,8,0,operands,1,1.4517373644250786,300.0,0.0,0.0967132629379398,0.0,0.0441887452826122,transformer_add113_f0.3_wd0.1_softmax_ce,reference
transformer_add113_f0.3_wd0.1_softmax_ce_s3,transformer,11500,before,10588,8,0,operands,2,1.434373256540013,300.0,0.0,0.0977790375452489,0.0,0.0499208595843242,transformer_add113_f0.3_wd0.1_softmax_ce,reference
transformer_add113_f0.3_wd0.1_softmax_ce_s3,transformer,11500,before,10588,8,1,blocks.0.hook_attn_out,0,1.430014170490057,300.0,0.0,0.0793454378762735,0.0,0.052806107556216,transformer_add113_f0.3_wd0.1_softmax_ce,reference
transformer_add113_f0.3_wd0.1_softmax_ce_s3,transformer,11500,before,10588,8,1,blocks.0.hook_attn_out,1,1.3980193210832137,300.0,0.0,0.0794589495226018,0.0,0.0578262372502388,transformer_add113_f0.3_wd0.1_softmax_ce,reference
transformer_add113_f0.3_wd0.1_softmax_ce_s3,transformer,11500,before,10588,8,1,blocks.0.hook_attn_out,2,1.4639030027826687,300.0,0.0,0.0770897712017052,1.0,0.0535514204286914,transformer_add113_f0.3_wd0.1_softmax_ce,reference
transformer_add113_f0.3_wd0.1_softmax_ce_s3,transformer,11500,before,10588,8,2,blocks.0.hook_mlp_out,0,0.559630081748505,300.0,0.0,0.0349877951612022,0.0,0.0220757516893939,transformer_add113_f0.3_wd0.1_softmax_ce,reference
transformer_add113_f0.3_wd0.1_softmax_ce_s3,transformer,11500,before,10588,8,2,blocks.0.hook_mlp_out,1,0.544140602198155,300.0,0.0,0.0365380236073375,0.0,0.0265865515069598,transformer_add113_f0.3_wd0.1_softmax_ce,reference
transformer_add113_f0.3_wd0.1_softmax_ce_s3,transformer,11500,before,10588,8,2,blocks.0.hook_mlp_out,2,0.559630081748505,300.0,0.0,0.04009741251998,0.0,0.0253070076992347,transformer_add113_f0.3_wd0.1_softmax_ce,reference
transformer_add113_f0.3_wd0.1_softmax_ce_s3,transformer,11500,before,10588,8,3,blocks.1.hook_attn_out,0,1.7929616738716163,300.0,0.0,0.0782655301729894,0.0,0.0614010443724546,transformer_add113_f0.3_wd0.1_softmax_ce,reference
transformer_add113_f0.3_wd0.1_softmax_ce_s3,transformer,11500,before,10588,8,3,blocks.1.hook_attn_out,1,1.790676710366479,300.0,0.0,0.0751193391013539,1.0,0.0511250869100121,transformer_add113_f0.3_wd0.1_softmax_ce,reference
transformer_add113_f0.3_wd0.1_softmax_ce_s3,transformer,11500,before,10588,8,3,blocks.1.hook_attn_out,2,1.7929616738716163,300.0,0.0,0.0830053476306793,0.0,0.0581083243206284,transformer_add113_f0.3_wd0.1_softmax_ce,reference
transformer_add113_f0.3_wd0.1_softmax_ce_s3,transformer,11500,before,10588,8,4,blocks.1.hook_mlp_out,0,3.1839444088238498,300.0,0.0,0.0872077043254991,0.0,0.0532269036589994,transformer_add113_f0.3_wd0.1_softmax_ce,reference
transformer_add113_f0.3_wd0.1_softmax_ce_s3,transformer,11500,before,10588,8,4,blocks.1.hook_mlp_out,1,3.2481344486584893,300.0,0.0,0.076211531827586,1.0,0.0602898413794605,transformer_add113_f0.3_wd0.1_softmax_ce,reference
transformer_add113_f0.3_wd0.1_softmax_ce_s3,transformer,11500,before,10588,8,4,blocks.1.hook_mlp_out,2,3.246623005682908,300.0,0.0,0.0785689802974743,0.0,0.0557410551329166,transformer_add113_f0.3_wd0.1_softmax_ce,reference
transformer_add113_f0.3_wd0.1_softmax_ce_s3,transformer,11500,before,10588,8,5,hook_resid_final,0,27.10929506690188,300.0,0.0,0.100989137659371,0.0,0.0631385400255307,transformer_add113_f0.3_wd0.1_softmax_ce,reference
transformer_add113_f0.3_wd0.1_softmax_ce_s3,transformer,11500,before,10588,8,5,hook_resid_final,1,27.666868534586875,300.0,0.0,0.1034917518949548,0.0,0.0721371684171163,transformer_add113_f0.3_wd0.1_softmax_ce,reference
transformer_add113_f0.3_wd0.1_softmax_ce_s3,transformer,11500,before,10588,8,5,hook_resid_final,2,26.88313225377255,300.0,0.0,0.1005513238273724,0.0,0.0821838448046285,transformer_add113_f0.3_wd0.1_softmax_ce,reference
transformer_add113_f0.3_wd0.1_softmax_ce_s3,transformer,11500,before,10588,8,6,logits,0,130.94805534202288,300.0,0.0,0.0895566719418702,0.0,0.0706120126270967,transformer_add113_f0.3_wd0.1_softmax_ce,reference
transformer_add113_f0.3_wd0.1_softmax_ce_s3,transformer,11500,before,10588,8,6,logits,1,127.07192951937972,300.0,0.0,0.0937035368742275,0.0,0.076220018388958,transformer_add113_f0.3_wd0.1_softmax_ce,reference
transformer_add113_f0.3_wd0.1_softmax_ce_s3,transformer,11500,before,10588,8,6,logits,2,126.0396227677404,300.0,0.0,0.0930320403148869,0.0,0.0731045457303082,transformer_add113_f0.3_wd0.1_softmax_ce,reference
transformer_add113_f0.3_wd0.1_softmax_ce_s3,transformer,11500,before,10588,4,0,operands,0,1.1161948354500055,300.0,0.0,0.0959285446988441,0.0,0.0559463094481136,transformer_add113_f0.3_wd0.1_softmax_ce,reference
transformer_add113_f0.3_wd0.1_softmax_ce_s3,transformer,11500,before,10588,4,0,operands,1,1.1200589377773604,300.0,0.0,0.1013555579114268,0.0,0.0796036415322673,transformer_add113_f0.3_wd0.1_softmax_ce,reference
transformer_add113_f0.3_wd0.1_softmax_ce_s3,transformer,11500,before,10588,4,0,operands,2,1.1200589377773604,300.0,0.0,0.0943128414636987,0.0,0.068468190614865,transformer_add113_f0.3_wd0.1_softmax_ce,reference
transformer_add113_f0.3_wd0.1_softmax_ce_s3,transformer,11500,before,10588,4,1,blocks.0.hook_attn_out,0,1.42062906412111,300.0,0.0,0.0630927703915451,0.0,0.0411782217415059,transformer_add113_f0.3_wd0.1_softmax_ce,reference
transformer_add113_f0.3_wd0.1_softmax_ce_s3,transformer,11500,before,10588,4,1,blocks.0.hook_attn_out,1,1.4224458850488688,300.0,0.0,0.073627809504318,0.0,0.0496861012800342,transformer_add113_f0.3_wd0.1_softmax_ce,reference
transformer_add113_f0.3_wd0.1_softmax_ce_s3,transformer,11500,before,10588,4,1,blocks.0.hook_attn_out,2,1.4224458850488688,300.0,0.0,0.0583206287040115,0.0,0.0374935440238636,transformer_add113_f0.3_wd0.1_softmax_ce,reference
transformer_add113_f0.3_wd0.1_softmax_ce_s3,transformer,11500,before,10588,4,2,blocks.0.hook_mlp_out,0,0.5564180691336359,300.0,0.0,0.0416445275195851,0.0,0.0284631859253582,transformer_add113_f0.3_wd0.1_softmax_ce,reference
transformer_add113_f0.3_wd0.1_softmax_ce_s3,transformer,11500,before,10588,4,2,blocks.0.hook_mlp_out,1,0.5564180691336359,300.0,0.0,0.034463225904063,0.0,0.0287461622133136,transformer_add113_f0.3_wd0.1_softmax_ce,reference
transformer_add113_f0.3_wd0.1_softmax_ce_s3,transformer,11500,before,10588,4,2,blocks.0.hook_mlp_out,2,0.5564180691336359,300.0,1.0,0.0527448625901884,0.0,0.0277103321509764,transformer_add113_f0.3_wd0.1_softmax_ce,reference
transformer_add113_f0.3_wd0.1_softmax_ce_s3,transformer,11500,before,10588,4,3,blocks.1.hook_attn_out,0,1.736353625717427,300.0,0.0,0.0599500178203865,0.0,0.0460596346520131,transformer_add113_f0.3_wd0.1_softmax_ce,reference
transformer_add113_f0.3_wd0.1_softmax_ce_s3,transformer,11500,before,10588,4,3,blocks.1.hook_attn_out,1,1.741164801539708,300.0,0.0,0.0544052975193124,0.0,0.0411319559364533,transformer_add113_f0.3_wd0.1_softmax_ce,reference
transformer_add113_f0.3_wd0.1_softmax_ce_s3,transformer,11500,before,10588,4,3,blocks.1.hook_attn_out,2,1.7088936821808485,300.0,0.0,0.0586510966073517,0.0,0.0423910261244941,transformer_add113_f0.3_wd0.1_softmax_ce,reference
transformer_add113_f0.3_wd0.1_softmax_ce_s3,transformer,11500,before,10588,4,4,blocks.1.hook_mlp_out,0,3.0026489296706447,300.0,0.0,0.0784294598142493,0.0,0.0429852736563949,transformer_add113_f0.3_wd0.1_softmax_ce,reference
transformer_add113_f0.3_wd0.1_softmax_ce_s3,transformer,11500,before,10588,4,4,blocks.1.hook_mlp_out,1,2.981798758278277,300.0,0.0,0.0691711211185462,0.0,0.0549658479317981,transformer_add113_f0.3_wd0.1_softmax_ce,reference
transformer_add113_f0.3_wd0.1_softmax_ce_s3,transformer,11500,before,10588,4,4,blocks.1.hook_mlp_out,2,3.0026489296706447,300.0,0.0,0.0647306295837642,0.0,0.0425049465774019,transformer_add113_f0.3_wd0.1_softmax_ce,reference
transformer_add113_f0.3_wd0.1_softmax_ce_s3,transformer,11500,before,10588,4,5,hook_resid_final,0,26.933702700758325,300.0,0.0,0.070009935650423,1.0,0.0573081593933886,transformer_add113_f0.3_wd0.1_softmax_ce,reference
transformer_add113_f0.3_wd0.1_softmax_ce_s3,transformer,11500,before,10588,4,5,hook_resid_final,1,27.095353551668996,300.0,0.0,0.066767365321892,0.0,0.0575888405589317,transformer_add113_f0.3_wd0.1_softmax_ce,reference
transformer_add113_f0.3_wd0.1_softmax_ce_s3,transformer,11500,before,10588,4,5,hook_resid_final,2,26.915677447545352,300.0,0.0,0.0676298932960469,0.0,0.0493608728871717,transformer_add113_f0.3_wd0.1_softmax_ce,reference
transformer_add113_f0.3_wd0.1_softmax_ce_s3,transformer,11500,before,10588,4,6,logits,0,120.8135440202115,300.0,0.0,0.0790354711599891,0.0,0.0518271461564423,transformer_add113_f0.3_wd0.1_softmax_ce,reference
transformer_add113_f0.3_wd0.1_softmax_ce_s3,transformer,11500,before,10588,4,6,logits,1,119.54405287279114,300.0,0.0,0.067885906912895,0.0,0.0567048256062015,transformer_add113_f0.3_wd0.1_softmax_ce,reference
transformer_add113_f0.3_wd0.1_softmax_ce_s3,transformer,11500,before,10588,4,6,logits,2,121.42860556803376,300.0,0.0,0.0681003379093553,0.0,0.0544262205703054,transformer_add113_f0.3_wd0.1_softmax_ce,reference
transformer_add113_f0.3_wd0.1_softmax_ce_s3,transformer,11500,before,10588,2,0,operands,0,0.9152627430770328,300.0,0.0,0.0632244413997982,1.0,0.0519288591044514,transformer_add113_f0.3_wd0.1_softmax_ce,reference
transformer_add113_f0.3_wd0.1_softmax_ce_s3,transformer,11500,before,10588,2,0,operands,1,0.9152627430770328,300.0,0.0,0.0728311078396068,1.0,0.0518552538470901,transformer_add113_f0.3_wd0.1_softmax_ce,reference
transformer_add113_f0.3_wd0.1_softmax_ce_s3,transformer,11500,before,10588,2,0,operands,2,0.9139045517599856,300.0,0.0,0.0655573313429798,0.0,0.0416327141558423,transformer_add113_f0.3_wd0.1_softmax_ce,reference
transformer_add113_f0.3_wd0.1_softmax_ce_s3,transformer,11500,before,10588,2,1,blocks.0.hook_attn_out,0,1.4048646380329246,300.0,0.0,0.0262700963830192,0.0,0.0,transformer_add113_f0.3_wd0.1_softmax_ce,reference
transformer_add113_f0.3_wd0.1_softmax_ce_s3,transformer,11500,before,10588,2,1,blocks.0.hook_attn_out,1,1.4057268979472224,300.0,0.0,0.0320628437383489,0.0,0.0,transformer_add113_f0.3_wd0.1_softmax_ce,reference
transformer_add113_f0.3_wd0.1_softmax_ce_s3,transformer,11500,before,10588,2,1,blocks.0.hook_attn_out,2,1.4057268979472224,300.0,0.0,0.0338345660649508,0.0,0.0,transformer_add113_f0.3_wd0.1_softmax_ce,reference
transformer_add113_f0.3_wd0.1_softmax_ce_s3,transformer,11500,before,10588,2,2,blocks.0.hook_mlp_out,0,0.5548010645107044,300.0,0.0,0.0233297535970107,0.0,0.0,transformer_add113_f0.3_wd0.1_softmax_ce,reference
transformer_add113_f0.3_wd0.1_softmax_ce_s3,transformer,11500,before,10588,2,2,blocks.0.hook_mlp_out,1,0.5548010645107044,300.0,0.0,0.0274627229260626,0.0,0.0,transformer_add113_f0.3_wd0.1_softmax_ce,reference
transformer_add113_f0.3_wd0.1_softmax_ce_s3,transformer,11500,before,10588,2,2,blocks.0.hook_mlp_out,2,0.5548010645107044,300.0,0.0,0.0265596774941081,0.0,0.0,transformer_add113_f0.3_wd0.1_softmax_ce,reference
transformer_add113_f0.3_wd0.1_softmax_ce_s3,transformer,11500,before,10588,2,3,blocks.1.hook_attn_out,0,1.583967729070084,300.0,0.0,0.0295235035812273,0.0,0.0,transformer_add113_f0.3_wd0.1_softmax_ce,reference
transformer_add113_f0.3_wd0.1_softmax_ce_s3,transformer,11500,before,10588,2,3,blocks.1.hook_attn_out,1,1.580268115325704,300.0,0.0,0.0352815093760553,0.0,0.0,transformer_add113_f0.3_wd0.1_softmax_ce,reference
transformer_add113_f0.3_wd0.1_softmax_ce_s3,transformer,11500,before,10588,2,3,blocks.1.hook_attn_out,2,1.583967729070084,300.0,0.0,0.0272037105252487,0.0,0.0,transformer_add113_f0.3_wd0.1_softmax_ce,reference
transformer_add113_f0.3_wd0.1_softmax_ce_s3,transformer,11500,before,10588,2,4,blocks.1.hook_mlp_out,0,2.900673644427995,300.0,0.0,0.0306906040071504,0.0,0.0,transformer_add113_f0.3_wd0.1_softmax_ce,reference
transformer_add113_f0.3_wd0.1_softmax_ce_s3,transformer,11500,before,10588,2,4,blocks.1.hook_mlp_out,1,2.908695920571956,300.0,0.0,0.0291976642056662,0.0,0.0,transformer_add113_f0.3_wd0.1_softmax_ce,reference
transformer_add113_f0.3_wd0.1_softmax_ce_s3,transformer,11500,before,10588,2,4,blocks.1.hook_mlp_out,2,2.9245544835867343,300.0,0.0,0.032538444759947,0.0,0.0,transformer_add113_f0.3_wd0.1_softmax_ce,reference
transformer_add113_f0.3_wd0.1_softmax_ce_s3,transformer,11500,before,10588,2,5,hook_resid_final,0,26.543904170434796,300.0,0.0,0.029804203935061,0.0,0.0,transformer_add113_f0.3_wd0.1_softmax_ce,reference
transformer_add113_f0.3_wd0.1_softmax_ce_s3,transformer,11500,before,10588,2,5,hook_resid_final,1,26.543904170434796,300.0,0.0,0.0282228967008848,0.0,0.0,transformer_add113_f0.3_wd0.1_softmax_ce,reference
transformer_add113_f0.3_wd0.1_softmax_ce_s3,transformer,11500,before,10588,2,5,hook_resid_final,2,26.543904170434796,300.0,0.0,0.0384713712329122,0.0,0.0,transformer_add113_f0.3_wd0.1_softmax_ce,reference
transformer_add113_f0.3_wd0.1_softmax_ce_s3,transformer,11500,before,10588,2,6,logits,0,113.88622258820858,300.0,0.0,0.0272838490428532,0.0,0.0,transformer_add113_f0.3_wd0.1_softmax_ce,reference
transformer_add113_f0.3_wd0.1_softmax_ce_s3,transformer,11500,before,10588,2,6,logits,1,113.75143567733936,300.0,0.0,0.0326050929456879,0.0,0.0,transformer_add113_f0.3_wd0.1_softmax_ce,reference
transformer_add113_f0.3_wd0.1_softmax_ce_s3,transformer,11500,before,10588,2,6,logits,2,113.75143567733936,300.0,0.0,0.0275204507199054,0.0,0.0,transformer_add113_f0.3_wd0.1_softmax_ce,reference
transformer_add113_f0.3_wd0.1_softmax_ce_s3,transformer,11500,at,11597,8,0,operands,0,1.2408433845534927,300.0,0.0,0.1026904855093232,0.0,0.051175677119968,transformer_add113_f0.3_wd0.1_softmax_ce,reference
transformer_add113_f0.3_wd0.1_softmax_ce_s3,transformer,11500,at,11597,8,0,operands,1,1.2408433845534927,300.0,0.0,0.1027877575802168,0.0,0.0523624924560513,transformer_add113_f0.3_wd0.1_softmax_ce,reference
transformer_add113_f0.3_wd0.1_softmax_ce_s3,transformer,11500,at,11597,8,0,operands,2,1.2389506811892403,300.0,0.0,0.0905776017532442,0.0,0.0495543589064339,transformer_add113_f0.3_wd0.1_softmax_ce,reference
transformer_add113_f0.3_wd0.1_softmax_ce_s3,transformer,11500,at,11597,8,1,blocks.0.hook_attn_out,0,1.5179442533404468,300.0,0.0,0.0823543211466181,0.0,0.0462034440035983,transformer_add113_f0.3_wd0.1_softmax_ce,reference
transformer_add113_f0.3_wd0.1_softmax_ce_s3,transformer,11500,at,11597,8,1,blocks.0.hook_attn_out,1,1.4187933606231355,300.0,0.0,0.0897957543962973,0.0,0.0482635829801692,transformer_add113_f0.3_wd0.1_softmax_ce,reference
transformer_add113_f0.3_wd0.1_softmax_ce_s3,transformer,11500,at,11597,8,1,blocks.0.hook_attn_out,2,1.5179442533404468,300.0,0.0,0.0689891378763948,0.0,0.0487052229206402,transformer_add113_f0.3_wd0.1_softmax_ce,reference
transformer_add113_f0.3_wd0.1_softmax_ce_s3,transformer,11500,at,11597,8,2,blocks.0.hook_mlp_out,0,0.3790414512686798,300.0,0.0,0.0318172913085099,0.0,0.0217767072658843,transformer_add113_f0.3_wd0.1_softmax_ce,reference
transformer_add113_f0.3_wd0.1_softmax_ce_s3,transformer,11500,at,11597,8,2,blocks.0.hook_mlp_out,1,0.3790414512686798,300.0,0.0,0.0351290561999484,0.0,0.0164477266303114,transformer_add113_f0.3_wd0.1_softmax_ce,reference
transformer_add113_f0.3_wd0.1_softmax_ce_s3,transformer,11500,at,11597,8,2,blocks.0.hook_mlp_out,2,0.3790414512686798,300.0,0.0,0.0314429061776375,0.0,0.0168168438529029,transformer_add113_f0.3_wd0.1_softmax_ce,reference
transformer_add113_f0.3_wd0.1_softmax_ce_s3,transformer,11500,at,11597,8,3,blocks.1.hook_attn_out,0,1.7150875535736063,300.0,0.0,0.0809438062207984,0.0,0.0594987327781807,transformer_add113_f0.3_wd0.1_softmax_ce,reference
transformer_add113_f0.3_wd0.1_softmax_ce_s3,transformer,11500,at,11597,8,3,blocks.1.hook_attn_out,1,1.7497877574966687,300.0,0.0,0.0845520181678553,0.0,0.0590120428747372,transformer_add113_f0.3_wd0.1_softmax_ce,reference
transformer_add113_f0.3_wd0.1_softmax_ce_s3,transformer,11500,at,11597,8,3,blocks.1.hook_attn_out,2,1.6925143263984073,300.0,0.0,0.0810622294198882,0.0,0.0580381625201076,transformer_add113_f0.3_wd0.1_softmax_ce,reference
transformer_add113_f0.3_wd0.1_softmax_ce_s3,transformer,11500,at,11597,8,4,blocks.1.hook_mlp_out,0,3.48016682049455,300.0,0.0,0.0816395143783749,0.0,0.0477991265228903,transformer_add113_f0.3_wd0.1_softmax_ce,reference
transformer_add113_f0.3_wd0.1_softmax_ce_s3,transformer,11500,at,11597,8,4,blocks.1.hook_mlp_out,1,3.246275734064936,300.0,0.0,0.0873305551609187,0.0,0.0574057078392213,transformer_add113_f0.3_wd0.1_softmax_ce,reference
transformer_add113_f0.3_wd0.1_softmax_ce_s3,transformer,11500,at,11597,8,4,blocks.1.hook_mlp_out,2,3.246915692712447,300.0,0.0,0.0848294513480101,0.0,0.0642600280535709,transformer_add113_f0.3_wd0.1_softmax_ce,reference
transformer_add113_f0.3_wd0.1_softmax_ce_s3,transformer,11500,at,11597,8,5,hook_resid_final,0,29.304236269349808,300.0,0.0,0.1222682366463657,0.0,0.0729052817395536,transformer_add113_f0.3_wd0.1_softmax_ce,reference
transformer_add113_f0.3_wd0.1_softmax_ce_s3,transformer,11500,at,11597,8,5,hook_resid_final,1,29.888165068050117,300.0,0.0,0.1196024089365661,0.0,0.066795250800577,transformer_add113_f0.3_wd0.1_softmax_ce,reference
transformer_add113_f0.3_wd0.1_softmax_ce_s3,transformer,11500,at,11597,8,5,hook_resid_final,2,28.80752082027272,300.0,0.0,0.1170737789215828,0.0,0.0815036975503642,transformer_add113_f0.3_wd0.1_softmax_ce,reference
transformer_add113_f0.3_wd0.1_softmax_ce_s3,transformer,11500,at,11597,8,6,logits,0,151.13936471653682,300.0,0.0,0.1199179885880398,0.0,0.0729846223548415,transformer_add113_f0.3_wd0.1_softmax_ce,reference
transformer_add113_f0.3_wd0.1_softmax_ce_s3,transformer,11500,at,11597,8,6,logits,1,149.2622231952644,300.0,0.0,0.1279366922421033,0.0,0.0727390034219589,transformer_add113_f0.3_wd0.1_softmax_ce,reference
transformer_add113_f0.3_wd0.1_softmax_ce_s3,transformer,11500,at,11597,8,6,logits,2,147.60164872773703,300.0,0.0,0.1183007111058204,0.0,0.0765206026186606,transformer_add113_f0.3_wd0.1_softmax_ce,reference
transformer_add113_f0.3_wd0.1_softmax_ce_s3,transformer,11500,at,11597,4,0,operands,0,1.0828996364200238,300.0,0.0,0.0904197370738354,0.0,0.0654320404180537,transformer_add113_f0.3_wd0.1_softmax_ce,reference
transformer_add113_f0.3_wd0.1_softmax_ce_s3,transformer,11500,at,11597,4,0,operands,1,1.091611716125873,300.0,0.0,0.0999851178388979,0.0,0.0575348735246931,transformer_add113_f0.3_wd0.1_softmax_ce,reference
transformer_add113_f0.3_wd0.1_softmax_ce_s3,transformer,11500,at,11597,4,0,operands,2,1.0673846482869582,300.0,0.0,0.1036528456318224,0.0,0.0630025521719107,transformer_add113_f0.3_wd0.1_softmax_ce,reference
transformer_add113_f0.3_wd0.1_softmax_ce_s3,transformer,11500,at,11597,4,1,blocks.0.hook_attn_out,0,1.4202544579793963,300.0,0.0,0.0638008591145161,0.0,0.0394657471195813,transformer_add113_f0.3_wd0.1_softmax_ce,reference
transformer_add113_f0.3_wd0.1_softmax_ce_s3,transformer,11500,at,11597,4,1,blocks.0.hook_attn_out,1,1.4202544579793963,300.0,0.0,0.0607647983630359,0.0,0.0434990835112399,transformer_add113_f0.3_wd0.1_softmax_ce,reference
transformer_add113_f0.3_wd0.1_softmax_ce_s3,transformer,11500,at,11597,4,1,blocks.0.hook_attn_out,2,1.417705985323157,300.0,0.0,0.0662501652483266,0.0,0.0459680120349562,transformer_add113_f0.3_wd0.1_softmax_ce,reference
transformer_add113_f0.3_wd0.1_softmax_ce_s3,transformer,11500,at,11597,4,2,blocks.0.hook_mlp_out,0,0.3690278905977638,300.0,0.0,0.0333537737419645,0.0,0.0180367245320576,transformer_add113_f0.3_wd0.1_softmax_ce,reference
transformer_add113_f0.3_wd0.1_softmax_ce_s3,transformer,11500,at,11597,4,2,blocks.0.hook_mlp_out,1,0.378240078255193,300.0,0.0,0.0342341343281085,0.0,0.0174350227526318,transformer_add113_f0.3_wd0.1_softmax_ce,reference
transformer_add113_f0.3_wd0.1_softmax_ce_s3,transformer,11500,at,11597,4,2,blocks.0.hook_mlp_out,2,0.378240078255193,300.0,0.0,0.0273203016930177,0.0,0.0199558276071521,transformer_add113_f0.3_wd0.1_softmax_ce,reference
transformer_add113_f0.3_wd0.1_softmax_ce_s3,transformer,11500,at,11597,4,3,blocks.1.hook_attn_out,0,1.6900335674682665,300.0,0.0,0.0690342978629341,0.0,0.0439145956052051,transformer_add113_f0.3_wd0.1_softmax_ce,reference
transformer_add113_f0.3_wd0.1_softmax_ce_s3,transformer,11500,at,11597,4,3,blocks.1.hook_attn_out,1,1.6900335674682665,300.0,0.0,0.0630668452057237,0.0,0.0411897651971054,transformer_add113_f0.3_wd0.1_softmax_ce,reference
transformer_add113_f0.3_wd0.1_softmax_ce_s3,transformer,11500,at,11597,4,3,blocks.1.hook_attn_out,2,1.6458514001714075,300.0,0.0,0.0643687244288219,0.0,0.0437953704567466,transformer_add113_f0.3_wd0.1_softmax_ce,reference
transformer_add113_f0.3_wd0.1_softmax_ce_s3,transformer,11500,at,11597,4,4,blocks.1.hook_mlp_out,0,3.2052919458288582,300.0,0.0,0.0729465020659572,0.0,0.0417119012331454,transformer_add113_f0.3_wd0.1_softmax_ce,reference
transformer_add113_f0.3_wd0.1_softmax_ce_s3,transformer,11500,at,11597,4,4,blocks.1.hook_mlp_out,1,3.192031342948855,300.0,0.0,0.0574523193504189,0.0,0.0453556269231831,transformer_add113_f0.3_wd0.1_softmax_ce,reference
transformer_add113_f0.3_wd0.1_softmax_ce_s3,transformer,11500,at,11597,4,4,blocks.1.hook_mlp_out,2,3.2039691730799147,300.0,0.0,0.0636333794655753,0.0,0.0435999521277285,transformer_add113_f0.3_wd0.1_softmax_ce,reference
transformer_add113_f0.3_wd0.1_softmax_ce_s3,transformer,11500,at,11597,4,5,hook_resid_final,0,28.19554451887148,300.0,0.0,0.072386068020713,0.0,0.0467319463998646,transformer_add113_f0.3_wd0.1_softmax_ce,reference
transformer_add113_f0.3_wd0.1_softmax_ce_s3,transformer,11500,at,11597,4,5,hook_resid_final,1,28.01091449989995,300.0,0.0,0.0716149939510296,1.0,0.0506356610886783,transformer_add113_f0.3_wd0.1_softmax_ce,reference
transformer_add113_f0.3_wd0.1_softmax_ce_s3,transformer,11500,at,11597,4,5,hook_resid_final,2,27.909536312536336,300.0,0.0,0.0721331292592949,1.0,0.0582081082115555,transformer_add113_f0.3_wd0.1_softmax_ce,reference
transformer_add113_f0.3_wd0.1_softmax_ce_s3,transformer,11500,at,11597,4,6,logits,0,142.25495376726968,300.0,0.0,0.0790902402474878,1.0,0.0549858534492941,transformer_add113_f0.3_wd0.1_softmax_ce,reference
transformer_add113_f0.3_wd0.1_softmax_ce_s3,transformer,11500,at,11597,4,6,logits,1,142.7129956278936,300.0,0.0,0.0766487864364187,1.0,0.0567582481348792,transformer_add113_f0.3_wd0.1_softmax_ce,reference
transformer_add113_f0.3_wd0.1_softmax_ce_s3,transformer,11500,at,11597,4,6,logits,2,142.81125636949182,300.0,0.0,0.079513607828239,0.0,0.0627607940250128,transformer_add113_f0.3_wd0.1_softmax_ce,reference
transformer_add113_f0.3_wd0.1_softmax_ce_s3,transformer,11500,at,11597,2,0,operands,0,0.949442971093818,300.0,0.0,0.0698248832517141,0.0,0.053230003643753,transformer_add113_f0.3_wd0.1_softmax_ce,reference
transformer_add113_f0.3_wd0.1_softmax_ce_s3,transformer,11500,at,11597,2,0,operands,1,0.949442971093818,300.0,0.0,0.0661331283518663,0.0,0.0625958871367999,transformer_add113_f0.3_wd0.1_softmax_ce,reference
transformer_add113_f0.3_wd0.1_softmax_ce_s3,transformer,11500,at,11597,2,0,operands,2,0.943244838630506,300.0,0.0,0.0582811023434776,0.0,0.0572393028701656,transformer_add113_f0.3_wd0.1_softmax_ce,reference
transformer_add113_f0.3_wd0.1_softmax_ce_s3,transformer,11500,at,11597,2,1,blocks.0.hook_attn_out,0,1.3450533041111266,300.0,0.0,0.0282023876465569,0.0,0.0,transformer_add113_f0.3_wd0.1_softmax_ce,reference
transformer_add113_f0.3_wd0.1_softmax_ce_s3,transformer,11500,at,11597,2,1,blocks.0.hook_attn_out,1,1.351040131791944,300.0,0.0,0.0276006693789038,0.0,7.194477216494468e-05,transformer_add113_f0.3_wd0.1_softmax_ce,reference
transformer_add113_f0.3_wd0.1_softmax_ce_s3,transformer,11500,at,11597,2,1,blocks.0.hook_attn_out,2,1.351040131791944,300.0,0.0,0.0299546023977824,0.0,0.0,transformer_add113_f0.3_wd0.1_softmax_ce,reference
transformer_add113_f0.3_wd0.1_softmax_ce_s3,transformer,11500,at,11597,2,2,blocks.0.hook_mlp_out,0,0.376412561884917,300.0,0.0,0.0211149142291163,0.0,0.0,transformer_add113_f0.3_wd0.1_softmax_ce,reference
transformer_add113_f0.3_wd0.1_softmax_ce_s3,transformer,11500,at,11597,2,2,blocks.0.hook_mlp_out,1,0.376412561884917,300.0,0.0,0.0209747726735724,0.0,0.0,transformer_add113_f0.3_wd0.1_softmax_ce,reference
transformer_add113_f0.3_wd0.1_softmax_ce_s3,transformer,11500,at,11597,2,2,blocks.0.hook_mlp_out,2,0.376412561884917,300.0,0.0,0.0216675481438276,0.0,0.0,transformer_add113_f0.3_wd0.1_softmax_ce,reference
transformer_add113_f0.3_wd0.1_softmax_ce_s3,transformer,11500,at,11597,2,3,blocks.1.hook_attn_out,0,1.6314636326141192,300.0,0.0,0.0285087351640864,0.0,0.0,transformer_add113_f0.3_wd0.1_softmax_ce,reference
transformer_add113_f0.3_wd0.1_softmax_ce_s3,transformer,11500,at,11597,2,3,blocks.1.hook_attn_out,1,1.6314636326141192,300.0,0.0,0.0295978776871678,0.0,5.842317025707855e-05,transformer_add113_f0.3_wd0.1_softmax_ce,reference
transformer_add113_f0.3_wd0.1_softmax_ce_s3,transformer,11500,at,11597,2,3,blocks.1.hook_attn_out,2,1.6341968415322554,300.0,0.0,0.0281547918286854,0.0,0.0,transformer_add113_f0.3_wd0.1_softmax_ce,reference
transformer_add113_f0.3_wd0.1_softmax_ce_s3,transformer,11500,at,11597,2,4,blocks.1.hook_mlp_out,0,3.049732674641558,300.0,0.0,0.0320617594914119,0.0,0.0,transformer_add113_f0.3_wd0.1_softmax_ce,reference
transformer_add113_f0.3_wd0.1_softmax_ce_s3,transformer,11500,at,11597,2,4,blocks.1.hook_mlp_out,1,3.058995524454833,300.0,0.0,0.0307870911109228,0.0,0.0,transformer_add113_f0.3_wd0.1_softmax_ce,reference
transformer_add113_f0.3_wd0.1_softmax_ce_s3,transformer,11500,at,11597,2,4,blocks.1.hook_mlp_out,2,3.0438144334689654,300.0,0.0,0.0268967034005233,0.0,0.0,transformer_add113_f0.3_wd0.1_softmax_ce,reference
transformer_add113_f0.3_wd0.1_softmax_ce_s3,transformer,11500,at,11597,2,5,hook_resid_final,0,26.98559678695289,300.0,0.0,0.0307566241192476,0.0,0.0009107944914112,transformer_add113_f0.3_wd0.1_softmax_ce,reference
transformer_add113_f0.3_wd0.1_softmax_ce_s3,transformer,11500,at,11597,2,5,hook_resid_final,1,27.402794435810456,300.0,0.0,0.0340525414815283,0.0,0.0,transformer_add113_f0.3_wd0.1_softmax_ce,reference
transformer_add113_f0.3_wd0.1_softmax_ce_s3,transformer,11500,at,11597,2,5,hook_resid_final,2,27.402794435810456,300.0,0.0,0.0265095989946949,0.0,0.0,transformer_add113_f0.3_wd0.1_softmax_ce,reference
transformer_add113_f0.3_wd0.1_softmax_ce_s3,transformer,11500,at,11597,2,6,logits,0,136.76463784861488,300.0,0.0,0.030066233999184,0.0,0.0,transformer_add113_f0.3_wd0.1_softmax_ce,reference
transformer_add113_f0.3_wd0.1_softmax_ce_s3,transformer,11500,at,11597,2,6,logits,1,136.76463784861488,300.0,0.0,0.0310378456695354,0.0,0.0,transformer_add113_f0.3_wd0.1_softmax_ce,reference
transformer_add113_f0.3_wd0.1_softmax_ce_s3,transformer,11500,at,11597,2,6,logits,2,136.6583514925848,300.0,0.0,0.0442824184776844,0.0,0.0,transformer_add113_f0.3_wd0.1_softmax_ce,reference
transformer_add113_f0.3_wd0.1_softmax_ce_s3,transformer,11500,after,60000,8,0,operands,0,0.9831198713563826,300.0,0.0,0.0989125483287398,0.0,0.0609912161727214,transformer_add113_f0.3_wd0.1_softmax_ce,reference
transformer_add113_f0.3_wd0.1_softmax_ce_s3,transformer,11500,after,60000,8,0,operands,1,0.9852282051372928,300.0,0.0,0.1087741828850682,0.0,0.0610665741094793,transformer_add113_f0.3_wd0.1_softmax_ce,reference
transformer_add113_f0.3_wd0.1_softmax_ce_s3,transformer,11500,after,60000,8,0,operands,2,0.9931616063356044,300.0,0.0,0.101613043784816,0.0,0.0632106727598691,transformer_add113_f0.3_wd0.1_softmax_ce,reference
transformer_add113_f0.3_wd0.1_softmax_ce_s3,transformer,11500,after,60000,8,1,blocks.0.hook_attn_out,0,0.675709522547768,300.0,0.0,0.0719983661536874,0.0,0.0444903546030157,transformer_add113_f0.3_wd0.1_softmax_ce,reference
transformer_add113_f0.3_wd0.1_softmax_ce_s3,transformer,11500,after,60000,8,1,blocks.0.hook_attn_out,1,0.6737567829573758,300.0,0.0,0.0662742791718993,0.0,0.0458254252476214,transformer_add113_f0.3_wd0.1_softmax_ce,reference
transformer_add113_f0.3_wd0.1_softmax_ce_s3,transformer,11500,after,60000,8,1,blocks.0.hook_attn_out,2,0.6726455307036436,300.0,0.0,0.07264322811703,0.0,0.047273669243464,transformer_add113_f0.3_wd0.1_softmax_ce,reference
transformer_add113_f0.3_wd0.1_softmax_ce_s3,transformer,11500,after,60000,8,2,blocks.0.hook_mlp_out,0,0.1131355958801502,300.0,0.0,0.0350229445047642,0.0,0.0187632254333052,transformer_add113_f0.3_wd0.1_softmax_ce,reference
transformer_add113_f0.3_wd0.1_softmax_ce_s3,transformer,11500,after,60000,8,2,blocks.0.hook_mlp_out,1,0.113329872004711,300.0,0.0,0.0315986281037696,0.0,0.0196782198423406,transformer_add113_f0.3_wd0.1_softmax_ce,reference
transformer_add113_f0.3_wd0.1_softmax_ce_s3,transformer,11500,after,60000,8,2,blocks.0.hook_mlp_out,2,0.1112672387452183,300.0,0.0,0.0333777486871888,0.0,0.02342904827244,transformer_add113_f0.3_wd0.1_softmax_ce,reference
transformer_add113_f0.3_wd0.1_softmax_ce_s3,transformer,11500,after,60000,8,3,blocks.1.hook_attn_out,0,0.6889664970602778,300.0,0.0,0.0799127360243794,0.0,0.0533739048725031,transformer_add113_f0.3_wd0.1_softmax_ce,reference
transformer_add113_f0.3_wd0.1_softmax_ce_s3,transformer,11500,after,60000,8,3,blocks.1.hook_attn_out,1,0.6821396054411947,300.0,0.0,0.069040535823262,0.0,0.0559307874676253,transformer_add113_f0.3_wd0.1_softmax_ce,reference
transformer_add113_f0.3_wd0.1_softmax_ce_s3,transformer,11500,after,60000,8,3,blocks.1.hook_attn_out,2,0.6821396054411947,300.0,0.0,0.0694305517816271,0.0,0.0490299690910476,transformer_add113_f0.3_wd0.1_softmax_ce,reference
transformer_add113_f0.3_wd0.1_softmax_ce_s3,transformer,11500,after,60000,8,4,blocks.1.hook_mlp_out,0,0.6954251769467812,300.0,0.0,0.0761773393558681,0.0,0.0592352853232693,transformer_add113_f0.3_wd0.1_softmax_ce,reference
transformer_add113_f0.3_wd0.1_softmax_ce_s3,transformer,11500,after,60000,8,4,blocks.1.hook_mlp_out,1,0.6948588098560182,300.0,0.0,0.0810741131716127,0.0,0.0602671362031962,transformer_add113_f0.3_wd0.1_softmax_ce,reference
transformer_add113_f0.3_wd0.1_softmax_ce_s3,transformer,11500,after,60000,8,4,blocks.1.hook_mlp_out,2,0.6939935539326962,300.0,0.0,0.0800308434953533,0.0,0.0607796956504804,transformer_add113_f0.3_wd0.1_softmax_ce,reference
transformer_add113_f0.3_wd0.1_softmax_ce_s3,transformer,11500,after,60000,8,5,hook_resid_final,0,37.22987949861976,300.0,0.0,0.1077434913250314,1.0,0.0561292816920147,transformer_add113_f0.3_wd0.1_softmax_ce,reference
transformer_add113_f0.3_wd0.1_softmax_ce_s3,transformer,11500,after,60000,8,5,hook_resid_final,1,37.9466669645745,300.0,0.0,0.1033190925539826,1.0,0.0592649187782044,transformer_add113_f0.3_wd0.1_softmax_ce,reference
transformer_add113_f0.3_wd0.1_softmax_ce_s3,transformer,11500,after,60000,8,5,hook_resid_final,2,37.94186804184497,300.0,0.0,0.1047973633973175,0.0,0.0497671326636889,transformer_add113_f0.3_wd0.1_softmax_ce,reference
transformer_add113_f0.3_wd0.1_softmax_ce_s3,transformer,11500,after,60000,8,6,logits,0,138.9634698862181,300.0,0.0,0.099163126801177,0.0,0.0484109121134137,transformer_add113_f0.3_wd0.1_softmax_ce,reference
transformer_add113_f0.3_wd0.1_softmax_ce_s3,transformer,11500,after,60000,8,6,logits,1,138.89958158420595,300.0,0.0,0.0992975280703557,1.0,0.0517327237747453,transformer_add113_f0.3_wd0.1_softmax_ce,reference
transformer_add113_f0.3_wd0.1_softmax_ce_s3,transformer,11500,after,60000,8,6,logits,2,139.9316333737285,300.0,0.0,0.0962495524525926,0.0,0.048460183786946,transformer_add113_f0.3_wd0.1_softmax_ce,reference
transformer_add113_f0.3_wd0.1_softmax_ce_s3,transformer,11500,after,60000,4,0,operands,0,0.8707028085010389,300.0,0.0,0.127962654389512,0.0,0.0756451148814581,transformer_add113_f0.3_wd0.1_softmax_ce,reference
transformer_add113_f0.3_wd0.1_softmax_ce_s3,transformer,11500,after,60000,4,0,operands,1,0.8775165936516974,300.0,0.0,0.103837954149206,0.0,0.0625868859866018,transformer_add113_f0.3_wd0.1_softmax_ce,reference
transformer_add113_f0.3_wd0.1_softmax_ce_s3,transformer,11500,after,60000,4,0,operands,2,0.8743566562510275,300.0,0.0,0.11013901487989,0.0,0.0619934032204458,transformer_add113_f0.3_wd0.1_softmax_ce,reference
transformer_add113_f0.3_wd0.1_softmax_ce_s3,transformer,11500,after,60000,4,1,blocks.0.hook_attn_out,0,0.6573270962912178,300.0,0.0,0.0650883909590613,0.0,0.043094873107011,transformer_add113_f0.3_wd0.1_softmax_ce,reference
transformer_add113_f0.3_wd0.1_softmax_ce_s3,transformer,11500,after,60000,4,1,blocks.0.hook_attn_out,1,0.6658662298240134,300.0,0.0,0.0680894856722513,0.0,0.0408545261255331,transformer_add113_f0.3_wd0.1_softmax_ce,reference
transformer_add113_f0.3_wd0.1_softmax_ce_s3,transformer,11500,after,60000,4,1,blocks.0.hook_attn_out,2,0.6650795308286972,300.0,0.0,0.0619602002720837,0.0,0.039915593977959,transformer_add113_f0.3_wd0.1_softmax_ce,reference
transformer_add113_f0.3_wd0.1_softmax_ce_s3,transformer,11500,after,60000,4,2,blocks.0.hook_mlp_out,0,0.1130757316120535,300.0,0.0,0.0352058410876205,0.0,0.0229330945060899,transformer_add113_f0.3_wd0.1_softmax_ce,reference
transformer_add113_f0.3_wd0.1_softmax_ce_s3,transformer,11500,after,60000,4,2,blocks.0.hook_mlp_out,1,0.1132684530846874,300.0,0.0,0.0315962918994946,0.0,0.0242988642377316,transformer_add113_f0.3_wd0.1_softmax_ce,reference
transformer_add113_f0.3_wd0.1_softmax_ce_s3,transformer,11500,after,60000,4,2,blocks.0.hook_mlp_out,2,0.1112271242116501,300.0,0.0,0.0353407748003422,0.0,0.0229160176155017,transformer_add113_f0.3_wd0.1_softmax_ce,reference
transformer_add113_f0.3_wd0.1_softmax_ce_s3,transformer,11500,after,60000,4,3,blocks.1.hook_attn_out,0,0.6567690744080169,300.0,0.0,0.0635876985891509,0.0,0.0405985462141364,transformer_add113_f0.3_wd0.1_softmax_ce,reference
transformer_add113_f0.3_wd0.1_softmax_ce_s3,transformer,11500,after,60000,4,3,blocks.1.hook_attn_out,1,0.6525228091164025,300.0,0.0,0.0602999911722074,1.0,0.0501816342908982,transformer_add113_f0.3_wd0.1_softmax_ce,reference
transformer_add113_f0.3_wd0.1_softmax_ce_s3,transformer,11500,after,60000,4,3,blocks.1.hook_attn_out,2,0.6567690744080169,300.0,0.0,0.061241188371751,0.0,0.0469969087889003,transformer_add113_f0.3_wd0.1_softmax_ce,reference
transformer_add113_f0.3_wd0.1_softmax_ce_s3,transformer,11500,after,60000,4,4,blocks.1.hook_mlp_out,0,0.6621784891361698,300.0,0.0,0.0620837714010523,0.0,0.0407266330528808,transformer_add113_f0.3_wd0.1_softmax_ce,reference
transformer_add113_f0.3_wd0.1_softmax_ce_s3,transformer,11500,after,60000,4,4,blocks.1.hook_mlp_out,1,0.662265715074216,300.0,0.0,0.07554608202134,1.0,0.0514409853780247,transformer_add113_f0.3_wd0.1_softmax_ce,reference
transformer_add113_f0.3_wd0.1_softmax_ce_s3,transformer,11500,after,60000,4,4,blocks.1.hook_mlp_out,2,0.6567880430829001,300.0,0.0,0.0607541702185211,0.0,0.0494108177564374,transformer_add113_f0.3_wd0.1_softmax_ce,reference
transformer_add113_f0.3_wd0.1_softmax_ce_s3,transformer,11500,after,60000,4,5,hook_resid_final,0,34.86572576000435,300.0,0.0,0.0976348924665273,0.0,0.0343340224845062,transformer_add113_f0.3_wd0.1_softmax_ce,reference
transformer_add113_f0.3_wd0.1_softmax_ce_s3,transformer,11500,after,60000,4,5,hook_resid_final,1,34.77962455966005,300.0,0.0,0.075353533184011,0.0,0.0469998425705623,transformer_add113_f0.3_wd0.1_softmax_ce,reference
transformer_add113_f0.3_wd0.1_softmax_ce_s3,transformer,11500,after,60000,4,5,hook_resid_final,2,34.69627473070236,300.0,0.0,0.0819346418405585,0.0,0.0413698861566481,transformer_add113_f0.3_wd0.1_softmax_ce,reference
transformer_add113_f0.3_wd0.1_softmax_ce_s3,transformer,11500,after,60000,4,6,logits,0,123.38697075850727,300.0,0.0,0.1737528901280635,1.0,0.0577124164068573,transformer_add113_f0.3_wd0.1_softmax_ce,reference
transformer_add113_f0.3_wd0.1_softmax_ce_s3,transformer,11500,after,60000,4,6,logits,1,124.6449696991511,300.0,0.0,0.1287348398114201,0.0,0.0638265465360256,transformer_add113_f0.3_wd0.1_softmax_ce,reference
transformer_add113_f0.3_wd0.1_softmax_ce_s3,transformer,11500,after,60000,4,6,logits,2,125.42948866897312,300.0,0.0,0.1315900590373096,1.0,0.0508841875402661,transformer_add113_f0.3_wd0.1_softmax_ce,reference
transformer_add113_f0.3_wd0.1_softmax_ce_s3,transformer,11500,after,60000,2,0,operands,0,0.8273440935895509,300.0,0.0,0.0682085238458414,0.0,0.0442299915805251,transformer_add113_f0.3_wd0.1_softmax_ce,reference
transformer_add113_f0.3_wd0.1_softmax_ce_s3,transformer,11500,after,60000,2,0,operands,1,0.8273440935895509,300.0,0.0,0.0728237562897619,1.0,0.0518406516708793,transformer_add113_f0.3_wd0.1_softmax_ce,reference
transformer_add113_f0.3_wd0.1_softmax_ce_s3,transformer,11500,after,60000,2,0,operands,2,0.8273440935895509,300.0,0.0,0.0578310566927739,0.0,0.046968251463564,transformer_add113_f0.3_wd0.1_softmax_ce,reference
transformer_add113_f0.3_wd0.1_softmax_ce_s3,transformer,11500,after,60000,2,1,blocks.0.hook_attn_out,0,0.6032422531987996,300.0,0.0,0.0301505587490075,0.0,0.0,transformer_add113_f0.3_wd0.1_softmax_ce,reference
transformer_add113_f0.3_wd0.1_softmax_ce_s3,transformer,11500,after,60000,2,1,blocks.0.hook_attn_out,1,0.6032422531987996,300.0,0.0,0.0284956502284775,0.0,0.0,transformer_add113_f0.3_wd0.1_softmax_ce,reference
transformer_add113_f0.3_wd0.1_softmax_ce_s3,transformer,11500,after,60000,2,1,blocks.0.hook_attn_out,2,0.6032422531987996,300.0,0.0,0.0294937259017991,0.0,0.0,transformer_add113_f0.3_wd0.1_softmax_ce,reference
transformer_add113_f0.3_wd0.1_softmax_ce_s3,transformer,11500,after,60000,2,2,blocks.0.hook_mlp_out,0,0.1131061258420539,300.0,0.0,0.0254732159578767,0.0,0.0,transformer_add113_f0.3_wd0.1_softmax_ce,reference
transformer_add113_f0.3_wd0.1_softmax_ce_s3,transformer,11500,after,60000,2,2,blocks.0.hook_mlp_out,1,0.1131061258420539,300.0,0.0,0.0275754825184531,0.0,0.0,transformer_add113_f0.3_wd0.1_softmax_ce,reference
transformer_add113_f0.3_wd0.1_softmax_ce_s3,transformer,11500,after,60000,2,2,blocks.0.hook_mlp_out,2,0.1131061258420539,300.0,0.0,0.0233831934438376,0.0,0.0,transformer_add113_f0.3_wd0.1_softmax_ce,reference
transformer_add113_f0.3_wd0.1_softmax_ce_s3,transformer,11500,after,60000,2,3,blocks.1.hook_attn_out,0,0.6021635410390123,300.0,0.0,0.0356944321621415,0.0,0.0,transformer_add113_f0.3_wd0.1_softmax_ce,reference
transformer_add113_f0.3_wd0.1_softmax_ce_s3,transformer,11500,after,60000,2,3,blocks.1.hook_attn_out,1,0.6021635410390123,300.0,0.0,0.0351394744458345,0.0,0.0,transformer_add113_f0.3_wd0.1_softmax_ce,reference
transformer_add113_f0.3_wd0.1_softmax_ce_s3,transformer,11500,after,60000,2,3,blocks.1.hook_attn_out,2,0.6021635410390123,300.0,0.0,0.0302630606307336,0.0,0.0,transformer_add113_f0.3_wd0.1_softmax_ce,reference
transformer_add113_f0.3_wd0.1_softmax_ce_s3,transformer,11500,after,60000,2,4,blocks.1.hook_mlp_out,0,0.6192183615811911,300.0,0.0,0.0319399096718937,0.0,0.0,transformer_add113_f0.3_wd0.1_softmax_ce,reference
transformer_add113_f0.3_wd0.1_softmax_ce_s3,transformer,11500,after,60000,2,4,blocks.1.hook_mlp_out,1,0.6192183615811911,300.0,0.0,0.033850980469685,0.0,0.0,transformer_add113_f0.3_wd0.1_softmax_ce,reference
transformer_add113_f0.3_wd0.1_softmax_ce_s3,transformer,11500,after,60000,2,4,blocks.1.hook_mlp_out,2,0.6192183615811911,300.0,0.0,0.0292586946419379,0.0,0.0,transformer_add113_f0.3_wd0.1_softmax_ce,reference
transformer_add113_f0.3_wd0.1_softmax_ce_s3,transformer,11500,after,60000,2,5,hook_resid_final,0,33.192028633505615,300.0,1.0,0.054263926976265,0.0,0.0,transformer_add113_f0.3_wd0.1_softmax_ce,reference
transformer_add113_f0.3_wd0.1_softmax_ce_s3,transformer,11500,after,60000,2,5,hook_resid_final,1,33.192028633505615,300.0,0.0,0.0474271551339245,0.0,0.0,transformer_add113_f0.3_wd0.1_softmax_ce,reference
transformer_add113_f0.3_wd0.1_softmax_ce_s3,transformer,11500,after,60000,2,5,hook_resid_final,2,32.86260808163914,300.0,0.0,0.0490704849130852,0.0,0.0005302542350286,transformer_add113_f0.3_wd0.1_softmax_ce,reference
transformer_add113_f0.3_wd0.1_softmax_ce_s3,transformer,11500,after,60000,2,6,logits,0,126.54078123076604,300.0,1.0,0.0552707076683227,0.0,0.0,transformer_add113_f0.3_wd0.1_softmax_ce,reference
transformer_add113_f0.3_wd0.1_softmax_ce_s3,transformer,11500,after,60000,2,6,logits,1,126.76504895348394,300.0,1.0,0.0617833828595591,0.0,0.0,transformer_add113_f0.3_wd0.1_softmax_ce,reference
transformer_add113_f0.3_wd0.1_softmax_ce_s3,transformer,11500,after,60000,2,6,logits,2,126.06537149373348,300.0,1.0,0.0518244038964303,0.0,0.0,transformer_add113_f0.3_wd0.1_softmax_ce,reference
transformer_add113_f0.3_wd0.1_softmax_ce_s4,transformer,10500,init,0,8,0,operands,0,18.951632236985905,300.0,0.0,0.1187094698898583,0.0,0.0537350451362299,transformer_add113_f0.3_wd0.1_softmax_ce,reference
transformer_add113_f0.3_wd0.1_softmax_ce_s4,transformer,10500,init,0,8,0,operands,1,18.51211052812884,300.0,0.0,0.1252030589258633,0.0,0.0566525629361023,transformer_add113_f0.3_wd0.1_softmax_ce,reference
transformer_add113_f0.3_wd0.1_softmax_ce_s4,transformer,10500,init,0,8,0,operands,2,18.951632236985905,300.0,0.0,0.100257763139382,0.0,0.0641289482887659,transformer_add113_f0.3_wd0.1_softmax_ce,reference
transformer_add113_f0.3_wd0.1_softmax_ce_s4,transformer,10500,init,0,8,1,blocks.0.hook_attn_out,0,4.918569724732563,300.0,0.0,0.0748772538454711,0.0,0.0412460960853868,transformer_add113_f0.3_wd0.1_softmax_ce,reference
transformer_add113_f0.3_wd0.1_softmax_ce_s4,transformer,10500,init,0,8,1,blocks.0.hook_attn_out,1,4.918569724732563,300.0,0.0,0.0807145604950171,0.0,0.0471560155169979,transformer_add113_f0.3_wd0.1_softmax_ce,reference
transformer_add113_f0.3_wd0.1_softmax_ce_s4,transformer,10500,init,0,8,1,blocks.0.hook_attn_out,2,4.918569724732563,300.0,0.0,0.0635151227223356,0.0,0.0417276283798027,transformer_add113_f0.3_wd0.1_softmax_ce,reference
transformer_add113_f0.3_wd0.1_softmax_ce_s4,transformer,10500,init,0,8,2,blocks.0.hook_mlp_out,0,1.096753463530617,300.0,0.0,0.0691985866044012,0.0,0.057266201023668,transformer_add113_f0.3_wd0.1_softmax_ce,reference
transformer_add113_f0.3_wd0.1_softmax_ce_s4,transformer,10500,init,0,8,2,blocks.0.hook_mlp_out,1,1.096753463530617,300.0,0.0,0.0681272552600945,0.0,0.0449757267589376,transformer_add113_f0.3_wd0.1_softmax_ce,reference
transformer_add113_f0.3_wd0.1_softmax_ce_s4,transformer,10500,init,0,8,2,blocks.0.hook_mlp_out,2,1.096753463530617,300.0,0.0,0.0730379722796187,1.0,0.0506378648118944,transformer_add113_f0.3_wd0.1_softmax_ce,reference
transformer_add113_f0.3_wd0.1_softmax_ce_s4,transformer,10500,init,0,8,3,blocks.1.hook_attn_out,0,4.881572863777688,300.0,0.0,0.0598470297516958,0.0,0.0459883355598342,transformer_add113_f0.3_wd0.1_softmax_ce,reference
transformer_add113_f0.3_wd0.1_softmax_ce_s4,transformer,10500,init,0,8,3,blocks.1.hook_attn_out,1,4.881572863777688,300.0,0.0,0.0763239423612368,0.0,0.0458663807701323,transformer_add113_f0.3_wd0.1_softmax_ce,reference
transformer_add113_f0.3_wd0.1_softmax_ce_s4,transformer,10500,init,0,8,3,blocks.1.hook_attn_out,2,4.881572863777688,300.0,0.0,0.0645781869407346,1.0,0.0519564767131424,transformer_add113_f0.3_wd0.1_softmax_ce,reference
transformer_add113_f0.3_wd0.1_softmax_ce_s4,transformer,10500,init,0,8,4,blocks.1.hook_mlp_out,0,1.4922915598226294,300.0,0.0,0.0667099492535165,0.0,0.0463320392366977,transformer_add113_f0.3_wd0.1_softmax_ce,reference
transformer_add113_f0.3_wd0.1_softmax_ce_s4,transformer,10500,init,0,8,4,blocks.1.hook_mlp_out,1,1.4922915598226294,300.0,0.0,0.0630108895602001,0.0,0.0440830425769787,transformer_add113_f0.3_wd0.1_softmax_ce,reference
transformer_add113_f0.3_wd0.1_softmax_ce_s4,transformer,10500,init,0,8,4,blocks.1.hook_mlp_out,2,1.4922915598226294,300.0,0.0,0.0737884951897006,0.0,0.0459066802240052,transformer_add113_f0.3_wd0.1_softmax_ce,reference
transformer_add113_f0.3_wd0.1_softmax_ce_s4,transformer,10500,init,0,8,5,hook_resid_final,0,6.005449641027708,300.0,0.0,0.0627891937522238,1.0,0.0517597160664359,transformer_add113_f0.3_wd0.1_softmax_ce,reference
transformer_add113_f0.3_wd0.1_softmax_ce_s4,transformer,10500,init,0,8,5,hook_resid_final,1,5.752159783827905,300.0,0.0,0.0728779798461541,0.0,0.0573805395103721,transformer_add113_f0.3_wd0.1_softmax_ce,reference
transformer_add113_f0.3_wd0.1_softmax_ce_s4,transformer,10500,init,0,8,5,hook_resid_final,2,6.005449641027708,300.0,0.0,0.0698683058663587,1.0,0.0536001260176231,transformer_add113_f0.3_wd0.1_softmax_ce,reference
transformer_add113_f0.3_wd0.1_softmax_ce_s4,transformer,10500,init,0,8,6,logits,0,3.6655820363464615,300.0,0.0,0.0638133647776111,0.0,0.04059005792167,transformer_add113_f0.3_wd0.1_softmax_ce,reference
transformer_add113_f0.3_wd0.1_softmax_ce_s4,transformer,10500,init,0,8,6,logits,1,3.6655820363464615,300.0,0.0,0.0715293389813597,0.0,0.0460860831956215,transformer_add113_f0.3_wd0.1_softmax_ce,reference
transformer_add113_f0.3_wd0.1_softmax_ce_s4,transformer,10500,init,0,8,6,logits,2,3.6655820363464615,300.0,0.0,0.0670471635039468,0.0,0.0453338668108921,transformer_add113_f0.3_wd0.1_softmax_ce,reference
transformer_add113_f0.3_wd0.1_softmax_ce_s4,transformer,10500,init,0,4,0,operands,0,16.61282005417381,300.0,0.0,0.0972277564661164,0.0,0.0565861979446979,transformer_add113_f0.3_wd0.1_softmax_ce,reference
transformer_add113_f0.3_wd0.1_softmax_ce_s4,transformer,10500,init,0,4,0,operands,1,16.602611989835957,300.0,0.0,0.0884100532744462,0.0,0.0543837690890141,transformer_add113_f0.3_wd0.1_softmax_ce,reference
transformer_add113_f0.3_wd0.1_softmax_ce_s4,transformer,10500,init,0,4,0,operands,2,16.602611989835957,300.0,0.0,0.0869218373815652,1.0,0.0514100370406727,transformer_add113_f0.3_wd0.1_softmax_ce,reference
transformer_add113_f0.3_wd0.1_softmax_ce_s4,transformer,10500,init,0,4,1,blocks.0.hook_attn_out,0,4.329015254540208,300.0,0.0,0.053397725404296,0.0,0.0341511243559272,transformer_add113_f0.3_wd0.1_softmax_ce,reference
transformer_add113_f0.3_wd0.1_softmax_ce_s4,transformer,10500,init,0,4,1,blocks.0.hook_attn_out,1,4.329015254540208,300.0,0.0,0.0543705623045202,0.0,0.0414654517922806,transformer_add113_f0.3_wd0.1_softmax_ce,reference
transformer_add113_f0.3_wd0.1_softmax_ce_s4,transformer,10500,init,0,4,1,blocks.0.hook_attn_out,2,4.292956463373614,300.0,0.0,0.0648546764709596,0.0,0.0348337908351974,transformer_add113_f0.3_wd0.1_softmax_ce,reference
transformer_add113_f0.3_wd0.1_softmax_ce_s4,transformer,10500,init,0,4,2,blocks.0.hook_mlp_out,0,1.0533023680939793,300.0,0.0,0.0601379550125568,0.0,0.0339496298222681,transformer_add113_f0.3_wd0.1_softmax_ce,reference
transformer_add113_f0.3_wd0.1_softmax_ce_s4,transformer,10500,init,0,4,2,blocks.0.hook_mlp_out,1,1.0538444454812603,300.0,0.0,0.0581669967238688,0.0,0.0408932946758459,transformer_add113_f0.3_wd0.1_softmax_ce,reference
transformer_add113_f0.3_wd0.1_softmax_ce_s4,transformer,10500,init,0,4,2,blocks.0.hook_mlp_out,2,1.0538444454812603,300.0,0.0,0.065760994273402,0.0,0.0443746433816319,transformer_add113_f0.3_wd0.1_softmax_ce,reference
transformer_add113_f0.3_wd0.1_softmax_ce_s4,transformer,10500,init,0,4,3,blocks.1.hook_attn_out,0,4.7490859766892415,300.0,0.0,0.0585853098825175,0.0,0.0378646429646515,transformer_add113_f0.3_wd0.1_softmax_ce,reference
transformer_add113_f0.3_wd0.1_softmax_ce_s4,transformer,10500,init,0,4,3,blocks.1.hook_attn_out,1,4.7490859766892415,300.0,0.0,0.056049842724691,0.0,0.0345666291988263,transformer_add113_f0.3_wd0.1_softmax_ce,reference
transformer_add113_f0.3_wd0.1_softmax_ce_s4,transformer,10500,init,0,4,3,blocks.1.hook_attn_out,2,4.7490859766892415,300.0,0.0,0.0565097904762806,0.0,0.0456197458587339,transformer_add113_f0.3_wd0.1_softmax_ce,reference
transformer_add113_f0.3_wd0.1_softmax_ce_s4,transformer,10500,init,0,4,4,blocks.1.hook_mlp_out,0,1.3347377209714535,300.0,0.0,0.0541371227751219,0.0,0.0369402821485313,transformer_add113_f0.3_wd0.1_softmax_ce,reference
transformer_add113_f0.3_wd0.1_softmax_ce_s4,transformer,10500,init,0,4,4,blocks.1.hook_mlp_out,1,1.3352167167456872,300.0,0.0,0.0571999557220099,0.0,0.0405590646342269,transformer_add113_f0.3_wd0.1_softmax_ce,reference
transformer_add113_f0.3_wd0.1_softmax_ce_s4,transformer,10500,init,0,4,4,blocks.1.hook_mlp_out,2,1.3352167167456872,300.0,0.0,0.0653162215314786,0.0,0.0386742007121765,transformer_add113_f0.3_wd0.1_softmax_ce,reference
transformer_add113_f0.3_wd0.1_softmax_ce_s4,transformer,10500,init,0,4,5,hook_resid_final,0,5.837185610833253,300.0,0.0,0.0554269218184846,0.0,0.032208500747267,transformer_add113_f0.3_wd0.1_softmax_ce,reference
transformer_add113_f0.3_wd0.1_softmax_ce_s4,transformer,10500,init,0,4,5,hook_resid_final,1,5.837185610833253,300.0,0.0,0.0588565152830093,0.0,0.0372150908576989,transformer_add113_f0.3_wd0.1_softmax_ce,reference
transformer_add113_f0.3_wd0.1_softmax_ce_s4,transformer,10500,init,0,4,5,hook_resid_final,2,5.837185610833253,300.0,1.0,0.050522219019031,0.0,0.0352503955323747,transformer_add113_f0.3_wd0.1_softmax_ce,reference
transformer_add113_f0.3_wd0.1_softmax_ce_s4,transformer,10500,init,0,4,6,logits,0,3.5361870250193568,300.0,0.0,0.0511547253680808,0.0,0.0375277189488425,transformer_add113_f0.3_wd0.1_softmax_ce,reference
transformer_add113_f0.3_wd0.1_softmax_ce_s4,transformer,10500,init,0,4,6,logits,1,3.5361870250193568,300.0,0.0,0.0520384489660746,0.0,0.0372056247980087,transformer_add113_f0.3_wd0.1_softmax_ce,reference
transformer_add113_f0.3_wd0.1_softmax_ce_s4,transformer,10500,init,0,4,6,logits,2,3.5361870250193568,300.0,0.0,0.0528686222413304,0.0,0.0391571691375101,transformer_add113_f0.3_wd0.1_softmax_ce,reference
transformer_add113_f0.3_wd0.1_softmax_ce_s4,transformer,10500,init,0,2,0,operands,0,16.568014497542702,300.0,0.0,0.0619141626562264,0.0,0.0411790315225131,transformer_add113_f0.3_wd0.1_softmax_ce,reference
transformer_add113_f0.3_wd0.1_softmax_ce_s4,transformer,10500,init,0,2,0,operands,1,16.568014497542702,300.0,0.0,0.0585920628401131,0.0,0.0382438147273011,transformer_add113_f0.3_wd0.1_softmax_ce,reference
transformer_add113_f0.3_wd0.1_softmax_ce_s4,transformer,10500,init,0,2,0,operands,2,16.568014497542702,300.0,0.0,0.0697961289300675,0.0,0.0342238144928254,transformer_add113_f0.3_wd0.1_softmax_ce,reference
transformer_add113_f0.3_wd0.1_softmax_ce_s4,transformer,10500,init,0,2,1,blocks.0.hook_attn_out,0,4.243102144832009,300.0,0.0,0.0241693369103312,0.0,0.0,transformer_add113_f0.3_wd0.1_softmax_ce,reference
transformer_add113_f0.3_wd0.1_softmax_ce_s4,transformer,10500,init,0,2,1,blocks.0.hook_attn_out,1,4.243102144832009,300.0,0.0,0.0313593656768629,0.0,0.0,transformer_add113_f0.3_wd0.1_softmax_ce,reference
transformer_add113_f0.3_wd0.1_softmax_ce_s4,transformer,10500,init,0,2,1,blocks.0.hook_attn_out,2,4.239266818783392,300.0,0.0,0.0249819274244571,0.0,0.0,transformer_add113_f0.3_wd0.1_softmax_ce,reference
transformer_add113_f0.3_wd0.1_softmax_ce_s4,transformer,10500,init,0,2,2,blocks.0.hook_mlp_out,0,0.9698544657526506,300.0,0.0,0.0323088443891866,0.0,0.0,transformer_add113_f0.3_wd0.1_softmax_ce,reference
transformer_add113_f0.3_wd0.1_softmax_ce_s4,transformer,10500,init,0,2,2,blocks.0.hook_mlp_out,1,0.9710386136063368,300.0,0.0,0.032442232391681,0.0,0.0,transformer_add113_f0.3_wd0.1_softmax_ce,reference
transformer_add113_f0.3_wd0.1_softmax_ce_s4,transformer,10500,init,0,2,2,blocks.0.hook_mlp_out,2,0.9710386136063368,300.0,0.0,0.0304760478820935,0.0,0.0,transformer_add113_f0.3_wd0.1_softmax_ce,reference
transformer_add113_f0.3_wd0.1_softmax_ce_s4,transformer,10500,init,0,2,3,blocks.1.hook_attn_out,0,4.282928026295346,300.0,0.0,0.0302232044515664,0.0,0.0,transformer_add113_f0.3_wd0.1_softmax_ce,reference
transformer_add113_f0.3_wd0.1_softmax_ce_s4,transformer,10500,init,0,2,3,blocks.1.hook_attn_out,1,4.282928026295346,300.0,0.0,0.0255317717781409,0.0,0.0,transformer_add113_f0.3_wd0.1_softmax_ce,reference
transformer_add113_f0.3_wd0.1_softmax_ce_s4,transformer,10500,init,0,2,3,blocks.1.hook_attn_out,2,4.282928026295346,300.0,0.0,0.0280577819743126,0.0,0.0002154111599568,transformer_add113_f0.3_wd0.1_softmax_ce,reference
transformer_add113_f0.3_wd0.1_softmax_ce_s4,transformer,10500,init,0,2,4,blocks.1.hook_mlp_out,0,1.2869189847488736,300.0,0.0,0.0287200129133701,0.0,0.0,transformer_add113_f0.3_wd0.1_softmax_ce,reference
transformer_add113_f0.3_wd0.1_softmax_ce_s4,transformer,10500,init,0,2,4,blocks.1.hook_mlp_out,1,1.2869189847488736,300.0,0.0,0.0281171813139152,0.0,0.0,transformer_add113_f0.3_wd0.1_softmax_ce,reference
transformer_add113_f0.3_wd0.1_softmax_ce_s4,transformer,10500,init,0,2,4,blocks.1.hook_mlp_out,2,1.2869189847488736,300.0,0.0,0.0272633037628792,0.0,0.0,transformer_add113_f0.3_wd0.1_softmax_ce,reference
transformer_add113_f0.3_wd0.1_softmax_ce_s4,transformer,10500,init,0,2,5,hook_resid_final,0,5.770283299794302,300.0,0.0,0.0305206558307394,0.0,0.0,transformer_add113_f0.3_wd0.1_softmax_ce,reference
transformer_add113_f0.3_wd0.1_softmax_ce_s4,transformer,10500,init,0,2,5,hook_resid_final,1,5.770283299794302,300.0,0.0,0.0339086623161228,0.0,0.0,transformer_add113_f0.3_wd0.1_softmax_ce,reference
transformer_add113_f0.3_wd0.1_softmax_ce_s4,transformer,10500,init,0,2,5,hook_resid_final,2,5.770283299794302,300.0,0.0,0.0288077933441346,0.0,0.0028618947830115,transformer_add113_f0.3_wd0.1_softmax_ce,reference
transformer_add113_f0.3_wd0.1_softmax_ce_s4,transformer,10500,init,0,2,6,logits,0,3.449442622227097,300.0,0.0,0.0241030928705373,0.0,0.0,transformer_add113_f0.3_wd0.1_softmax_ce,reference
transformer_add113_f0.3_wd0.1_softmax_ce_s4,transformer,10500,init,0,2,6,logits,1,3.449442622227097,300.0,0.0,0.0294177833323315,0.0,0.0,transformer_add113_f0.3_wd0.1_softmax_ce,reference
transformer_add113_f0.3_wd0.1_softmax_ce_s4,transformer,10500,init,0,2,6,logits,2,3.449442622227097,300.0,0.0,0.0276758887470568,0.0,0.0,transformer_add113_f0.3_wd0.1_softmax_ce,reference
transformer_add113_f0.3_wd0.1_softmax_ce_s4,transformer,10500,before,9580,8,0,operands,0,1.4284974992845554,300.0,0.0,0.1127948005052861,1.0,0.0518945191111308,transformer_add113_f0.3_wd0.1_softmax_ce,reference
transformer_add113_f0.3_wd0.1_softmax_ce_s4,transformer,10500,before,9580,8,0,operands,1,1.4284974992845554,300.0,0.0,0.1208100432648031,1.0,0.050611629635173,transformer_add113_f0.3_wd0.1_softmax_ce,reference
transformer_add113_f0.3_wd0.1_softmax_ce_s4,transformer,10500,before,9580,8,0,operands,2,1.4284974992845554,300.0,0.0,0.1197019415340735,0.0,0.0526008468626761,transformer_add113_f0.3_wd0.1_softmax_ce,reference
transformer_add113_f0.3_wd0.1_softmax_ce_s4,transformer,10500,before,9580,8,1,blocks.0.hook_attn_out,0,1.4639928921603125,300.0,0.0,0.0653080148760906,0.0,0.0494111468666356,transformer_add113_f0.3_wd0.1_softmax_ce,reference
transformer_add113_f0.3_wd0.1_softmax_ce_s4,transformer,10500,before,9580,8,1,blocks.0.hook_attn_out,1,1.4639928921603125,300.0,0.0,0.0708036386623506,0.0,0.0392244641209235,transformer_add113_f0.3_wd0.1_softmax_ce,reference
transformer_add113_f0.3_wd0.1_softmax_ce_s4,transformer,10500,before,9580,8,1,blocks.0.hook_attn_out,2,1.4639928921603125,300.0,0.0,0.0711903582437303,0.0,0.0444418297633777,transformer_add113_f0.3_wd0.1_softmax_ce,reference
transformer_add113_f0.3_wd0.1_softmax_ce_s4,transformer,10500,before,9580,8,2,blocks.0.hook_mlp_out,0,0.9329034593959918,300.0,0.0,0.0665837765622938,0.0,0.0516566028740056,transformer_add113_f0.3_wd0.1_softmax_ce,reference
transformer_add113_f0.3_wd0.1_softmax_ce_s4,transformer,10500,before,9580,8,2,blocks.0.hook_mlp_out,1,0.9348857783967786,300.0,0.0,0.0769651981590725,0.0,0.0488883152161756,transformer_add113_f0.3_wd0.1_softmax_ce,reference
transformer_add113_f0.3_wd0.1_softmax_ce_s4,transformer,10500,before,9580,8,2,blocks.0.hook_mlp_out,2,0.9348857783967786,300.0,0.0,0.0697713933750954,1.0,0.0508722129011489,transformer_add113_f0.3_wd0.1_softmax_ce,reference
transformer_add113_f0.3_wd0.1_softmax_ce_s4,transformer,10500,before,9580,8,3,blocks.1.hook_attn_out,0,1.0245700060485905,300.0,0.0,0.0686494748343848,1.0,0.0516145027123634,transformer_add113_f0.3_wd0.1_softmax_ce,reference
transformer_add113_f0.3_wd0.1_softmax_ce_s4,transformer,10500,before,9580,8,3,blocks.1.hook_attn_out,1,1.019585899690895,300.0,0.0,0.0773209089844108,1.0,0.050464307459522,transformer_add113_f0.3_wd0.1_softmax_ce,reference
transformer_add113_f0.3_wd0.1_softmax_ce_s4,transformer,10500,before,9580,8,3,blocks.1.hook_attn_out,2,1.0198590949882893,300.0,0.0,0.0734590816038911,0.0,0.0599442573069144,transformer_add113_f0.3_wd0.1_softmax_ce,reference
transformer_add113_f0.3_wd0.1_softmax_ce_s4,transformer,10500,before,9580,8,4,blocks.1.hook_mlp_out,0,1.1932103820800153,300.0,0.0,0.0679954350130539,0.0,0.0451240500079797,transformer_add113_f0.3_wd0.1_softmax_ce,reference
transformer_add113_f0.3_wd0.1_softmax_ce_s4,transformer,10500,before,9580,8,4,blocks.1.hook_mlp_out,1,1.1777565100298495,300.0,0.0,0.0698090396924592,0.0,0.0483393148044639,transformer_add113_f0.3_wd0.1_softmax_ce,reference
transformer_add113_f0.3_wd0.1_softmax_ce_s4,transformer,10500,before,9580,8,4,blocks.1.hook_mlp_out,2,1.1820001446481874,300.0,0.0,0.1063246383063895,1.0,0.0509993061920105,transformer_add113_f0.3_wd0.1_softmax_ce,reference
transformer_add113_f0.3_wd0.1_softmax_ce_s4,transformer,10500,before,9580,8,5,hook_resid_final,0,25.3528287377259,300.0,0.0,0.0894443314460235,0.0,0.0697883815666438,transformer_add113_f0.3_wd0.1_softmax_ce,reference
transformer_add113_f0.3_wd0.1_softmax_ce_s4,transformer,10500,before,9580,8,5,hook_resid_final,1,24.880406448645594,300.0,0.0,0.0861743743452469,0.0,0.0614923983300088,transformer_add113_f0.3_wd0.1_softmax_ce,reference
transformer_add113_f0.3_wd0.1_softmax_ce_s4,transformer,10500,before,9580,8,5,hook_resid_final,2,25.16151309138692,300.0,0.0,0.0894331252131568,0.0,0.06675557552664,transformer_add113_f0.3_wd0.1_softmax_ce,reference
transformer_add113_f0.3_wd0.1_softmax_ce_s4,transformer,10500,before,9580,8,6,logits,0,103.02065559328024,300.0,0.0,0.0819500584927527,0.0,0.0569342720894074,transformer_add113_f0.3_wd0.1_softmax_ce,reference
transformer_add113_f0.3_wd0.1_softmax_ce_s4,transformer,10500,before,9580,8,6,logits,1,103.02065559328024,300.0,0.0,0.0872518874132724,0.0,0.0598671490923839,transformer_add113_f0.3_wd0.1_softmax_ce,reference
transformer_add113_f0.3_wd0.1_softmax_ce_s4,transformer,10500,before,9580,8,6,logits,2,103.02065559328024,300.0,0.0,0.0873071894333712,0.0,0.0602903474771908,transformer_add113_f0.3_wd0.1_softmax_ce,reference
transformer_add113_f0.3_wd0.1_softmax_ce_s4,transformer,10500,before,9580,4,0,operands,0,1.1543495193038011,300.0,0.0,0.1172374049157942,0.0,0.0600094608701941,transformer_add113_f0.3_wd0.1_softmax_ce,reference
transformer_add113_f0.3_wd0.1_softmax_ce_s4,transformer,10500,before,9580,4,0,operands,1,1.1774172108611087,300.0,0.0,0.0988779219139581,0.0,0.0650448579159827,transformer_add113_f0.3_wd0.1_softmax_ce,reference
transformer_add113_f0.3_wd0.1_softmax_ce_s4,transformer,10500,before,9580,4,0,operands,2,1.1774172108611087,300.0,0.0,0.0999440974480293,0.0,0.0555752539802184,transformer_add113_f0.3_wd0.1_softmax_ce,reference
transformer_add113_f0.3_wd0.1_softmax_ce_s4,transformer,10500,before,9580,4,1,blocks.0.hook_attn_out,0,1.2916563190963075,300.0,0.0,0.0591445669527641,0.0,0.0401186119231111,transformer_add113_f0.3_wd0.1_softmax_ce,reference
transformer_add113_f0.3_wd0.1_softmax_ce_s4,transformer,10500,before,9580,4,1,blocks.0.hook_attn_out,1,1.299474883924187,300.0,0.0,0.0683742590249995,0.0,0.0430932022287736,transformer_add113_f0.3_wd0.1_softmax_ce,reference
transformer_add113_f0.3_wd0.1_softmax_ce_s4,transformer,10500,before,9580,4,1,blocks.0.hook_attn_out,2,1.2916563190963075,300.0,0.0,0.0652397136920934,0.0,0.0410687675635411,transformer_add113_f0.3_wd0.1_softmax_ce,reference
transformer_add113_f0.3_wd0.1_softmax_ce_s4,transformer,10500,before,9580,4,2,blocks.0.hook_mlp_out,0,0.9058397333674946,300.0,0.0,0.0702823285424054,0.0,0.0498875178874008,transformer_add113_f0.3_wd0.1_softmax_ce,reference
transformer_add113_f0.3_wd0.1_softmax_ce_s4,transformer,10500,before,9580,4,2,blocks.0.hook_mlp_out,1,0.9270695249673092,300.0,0.0,0.0629121314015348,0.0,0.0460354289477632,transformer_add113_f0.3_wd0.1_softmax_ce,reference
transformer_add113_f0.3_wd0.1_softmax_ce_s4,transformer,10500,before,9580,4,2,blocks.0.hook_mlp_out,2,0.920658767505031,300.0,0.0,0.0689692783548972,0.0,0.0484994714695651,transformer_add113_f0.3_wd0.1_softmax_ce,reference
transformer_add113_f0.3_wd0.1_softmax_ce_s4,transformer,10500,before,9580,4,3,blocks.1.hook_attn_out,0,0.9895679620936222,300.0,0.0,0.0635244147910614,0.0,0.0411990692553223,transformer_add113_f0.3_wd0.1_softmax_ce,reference
transformer_add113_f0.3_wd0.1_softmax_ce_s4,transformer,10500,before,9580,4,3,blocks.1.hook_attn_out,1,0.9844481063948388,300.0,0.0,0.0710884159941704,0.0,0.0411943238433783,transformer_add113_f0.3_wd0.1_softmax_ce,reference
transformer_add113_f0.3_wd0.1_softmax_ce_s4,transformer,10500,before,9580,4,3,blocks.1.hook_attn_out,2,0.9786907377777588,300.0,0.0,0.0610828388650303,1.0,0.0524205338990454,transformer_add113_f0.3_wd0.1_softmax_ce,reference
transformer_add113_f0.3_wd0.1_softmax_ce_s4,transformer,10500,before,9580,4,4,blocks.1.hook_mlp_out,0,1.1385904385061916,300.0,0.0,0.0675101690870105,0.0,0.0368934831173041,transformer_add113_f0.3_wd0.1_softmax_ce,reference
transformer_add113_f0.3_wd0.1_softmax_ce_s4,transformer,10500,before,9580,4,4,blocks.1.hook_mlp_out,1,1.1385904385061916,300.0,0.0,0.0599727827944383,0.0,0.0396410860996586,transformer_add113_f0.3_wd0.1_softmax_ce,reference
transformer_add113_f0.3_wd0.1_softmax_ce_s4,transformer,10500,before,9580,4,4,blocks.1.hook_mlp_out,2,1.1385904385061916,300.0,0.0,0.0664154362582522,0.0,0.0363233839307899,transformer_add113_f0.3_wd0.1_softmax_ce,reference
transformer_add113_f0.3_wd0.1_softmax_ce_s4,transformer,10500,before,9580,4,5,hook_resid_final,0,23.471097043465736,300.0,0.0,0.0641327174913598,1.0,0.0531743862591289,transformer_add113_f0.3_wd0.1_softmax_ce,reference
transformer_add113_f0.3_wd0.1_softmax_ce_s4,transformer,10500,before,9580,4,5,hook_resid_final,1,23.656196532674908,300.0,0.0,0.0664879551762305,0.0,0.0479206276352597,transformer_add113_f0.3_wd0.1_softmax_ce,reference
transformer_add113_f0.3_wd0.1_softmax_ce_s4,transformer,10500,before,9580,4,5,hook_resid_final,2,23.68297162829481,300.0,0.0,0.0670620833706271,0.0,0.0485473278241044,transformer_add113_f0.3_wd0.1_softmax_ce,reference
transformer_add113_f0.3_wd0.1_softmax_ce_s4,transformer,10500,before,9580,4,6,logits,0,96.05098722026896,300.0,0.0,0.0619765171310079,0.0,0.0420829462845294,transformer_add113_f0.3_wd0.1_softmax_ce,reference
transformer_add113_f0.3_wd0.1_softmax_ce_s4,transformer,10500,before,9580,4,6,logits,1,96.6103220950103,300.0,0.0,0.067402171027615,0.0,0.047132498594542,transformer_add113_f0.3_wd0.1_softmax_ce,reference
transformer_add113_f0.3_wd0.1_softmax_ce_s4,transformer,10500,before,9580,4,6,logits,2,96.6103220950103,300.0,0.0,0.0592125830693981,1.0,0.0550973553955027,transformer_add113_f0.3_wd0.1_softmax_ce,reference
transformer_add113_f0.3_wd0.1_softmax_ce_s4,transformer,10500,before,9580,2,0,operands,0,1.0819978765369096,300.0,0.0,0.0634759175017379,0.0,0.0401357780250492,transformer_add113_f0.3_wd0.1_softmax_ce,reference
transformer_add113_f0.3_wd0.1_softmax_ce_s4,transformer,10500,before,9580,2,0,operands,1,1.0819978765369096,300.0,0.0,0.0660902914255821,0.0,0.0456197190879089,transformer_add113_f0.3_wd0.1_softmax_ce,reference
transformer_add113_f0.3_wd0.1_softmax_ce_s4,transformer,10500,before,9580,2,0,operands,2,1.0819978765369096,300.0,0.0,0.060862879451713,0.0,0.0438188096886478,transformer_add113_f0.3_wd0.1_softmax_ce,reference
transformer_add113_f0.3_wd0.1_softmax_ce_s4,transformer,10500,before,9580,2,1,blocks.0.hook_attn_out,0,1.154991965433266,300.0,0.0,0.0276481228939027,0.0,0.0,transformer_add113_f0.3_wd0.1_softmax_ce,reference
transformer_add113_f0.3_wd0.1_softmax_ce_s4,transformer,10500,before,9580,2,1,blocks.0.hook_attn_out,1,1.154991965433266,300.0,0.0,0.0268500375965601,0.0,0.0,transformer_add113_f0.3_wd0.1_softmax_ce,reference
transformer_add113_f0.3_wd0.1_softmax_ce_s4,transformer,10500,before,9580,2,1,blocks.0.hook_attn_out,2,1.154991965433266,300.0,0.0,0.0296404478076759,0.0,0.0,transformer_add113_f0.3_wd0.1_softmax_ce,reference
transformer_add113_f0.3_wd0.1_softmax_ce_s4,transformer,10500,before,9580,2,2,blocks.0.hook_mlp_out,0,0.8809495072943233,300.0,0.0,0.0343264623393317,0.0,0.0,transformer_add113_f0.3_wd0.1_softmax_ce,reference
transformer_add113_f0.3_wd0.1_softmax_ce_s4,transformer,10500,before,9580,2,2,blocks.0.hook_mlp_out,1,0.8763635567460775,300.0,0.0,0.0313162735490483,0.0,0.0,transformer_add113_f0.3_wd0.1_softmax_ce,reference
transformer_add113_f0.3_wd0.1_softmax_ce_s4,transformer,10500,before,9580,2,2,blocks.0.hook_mlp_out,2,0.8763635567460775,300.0,0.0,0.0325227583862497,0.0,0.0,transformer_add113_f0.3_wd0.1_softmax_ce,reference
transformer_add113_f0.3_wd0.1_softmax_ce_s4,transformer,10500,before,9580,2,3,blocks.1.hook_attn_out,0,0.86782669927895,300.0,0.0,0.0310517389546155,0.0,0.0,transformer_add113_f0.3_wd0.1_softmax_ce,reference
transformer_add113_f0.3_wd0.1_softmax_ce_s4,transformer,10500,before,9580,2,3,blocks.1.hook_attn_out,1,0.86782669927895,300.0,0.0,0.0384715823510095,0.0,0.0,transformer_add113_f0.3_wd0.1_softmax_ce,reference
transformer_add113_f0.3_wd0.1_softmax_ce_s4,transformer,10500,before,9580,2,3,blocks.1.hook_attn_out,2,0.86782669927895,300.0,0.0,0.0313072942486881,0.0,0.0,transformer_add113_f0.3_wd0.1_softmax_ce,reference
transformer_add113_f0.3_wd0.1_softmax_ce_s4,transformer,10500,before,9580,2,4,blocks.1.hook_mlp_out,0,1.0572623681600355,300.0,0.0,0.0307206025033299,0.0,0.0,transformer_add113_f0.3_wd0.1_softmax_ce,reference
transformer_add113_f0.3_wd0.1_softmax_ce_s4,transformer,10500,before,9580,2,4,blocks.1.hook_mlp_out,1,1.0572623681600355,300.0,0.0,0.0279024872743778,0.0,0.0,transformer_add113_f0.3_wd0.1_softmax_ce,reference
transformer_add113_f0.3_wd0.1_softmax_ce_s4,transformer,10500,before,9580,2,4,blocks.1.hook_mlp_out,2,1.0572623681600355,300.0,0.0,0.0270698677658168,0.0,0.0008699653491607,transformer_add113_f0.3_wd0.1_softmax_ce,reference
transformer_add113_f0.3_wd0.1_softmax_ce_s4,transformer,10500,before,9580,2,5,hook_resid_final,0,23.34731880885844,300.0,0.0,0.0260812572830136,0.0,0.0,transformer_add113_f0.3_wd0.1_softmax_ce,reference
transformer_add113_f0.3_wd0.1_softmax_ce_s4,transformer,10500,before,9580,2,5,hook_resid_final,1,23.17328084886144,300.0,0.0,0.0302966328571364,0.0,0.0,transformer_add113_f0.3_wd0.1_softmax_ce,reference
transformer_add113_f0.3_wd0.1_softmax_ce_s4,transformer,10500,before,9580,2,5,hook_resid_final,2,23.34731880885844,300.0,0.0,0.0251244737256134,0.0,0.0,transformer_add113_f0.3_wd0.1_softmax_ce,reference
transformer_add113_f0.3_wd0.1_softmax_ce_s4,transformer,10500,before,9580,2,6,logits,0,94.38140327932592,300.0,0.0,0.0292846060608794,0.0,0.0,transformer_add113_f0.3_wd0.1_softmax_ce,reference
transformer_add113_f0.3_wd0.1_softmax_ce_s4,transformer,10500,before,9580,2,6,logits,1,94.38140327932592,300.0,0.0,0.0316572676178978,0.0,0.0,transformer_add113_f0.3_wd0.1_softmax_ce,reference
transformer_add113_f0.3_wd0.1_softmax_ce_s4,transformer,10500,before,9580,2,6,logits,2,94.38140327932592,300.0,0.0,0.036834061822318,0.0,0.0,transformer_add113_f0.3_wd0.1_softmax_ce,reference
transformer_add113_f0.3_wd0.1_softmax_ce_s4,transformer,10500,at,10588,8,0,operands,0,1.093072117220572,300.0,0.0,0.0861169491817646,0.0,0.0583550955458378,transformer_add113_f0.3_wd0.1_softmax_ce,reference
transformer_add113_f0.3_wd0.1_softmax_ce_s4,transformer,10500,at,10588,8,0,operands,1,1.0897343948474634,300.0,0.0,0.1044528721675964,0.0,0.0550350597449437,transformer_add113_f0.3_wd0.1_softmax_ce,reference
transformer_add113_f0.3_wd0.1_softmax_ce_s4,transformer,10500,at,10588,8,0,operands,2,1.093072117220572,300.0,0.0,0.1168962183834231,1.0,0.0518117770933879,transformer_add113_f0.3_wd0.1_softmax_ce,reference
transformer_add113_f0.3_wd0.1_softmax_ce_s4,transformer,10500,at,10588,8,1,blocks.0.hook_attn_out,0,1.2186505171175848,300.0,0.0,0.0695332529206987,0.0,0.0521990029030287,transformer_add113_f0.3_wd0.1_softmax_ce,reference
transformer_add113_f0.3_wd0.1_softmax_ce_s4,transformer,10500,at,10588,8,1,blocks.0.hook_attn_out,1,1.2083443818163122,300.0,0.0,0.0669256454242154,0.0,0.0542468915139439,transformer_add113_f0.3_wd0.1_softmax_ce,reference
transformer_add113_f0.3_wd0.1_softmax_ce_s4,transformer,10500,at,10588,8,1,blocks.0.hook_attn_out,2,1.2083443818163122,300.0,0.0,0.0724668782663803,0.0,0.0581612530610378,transformer_add113_f0.3_wd0.1_softmax_ce,reference
transformer_add113_f0.3_wd0.1_softmax_ce_s4,transformer,10500,at,10588,8,2,blocks.0.hook_mlp_out,0,0.8532527604541847,300.0,0.0,0.0726852103861924,0.0,0.0562531903214683,transformer_add113_f0.3_wd0.1_softmax_ce,reference
transformer_add113_f0.3_wd0.1_softmax_ce_s4,transformer,10500,at,10588,8,2,blocks.0.hook_mlp_out,1,0.8398590636199562,300.0,0.0,0.0709474801124617,0.0,0.0518689655981757,transformer_add113_f0.3_wd0.1_softmax_ce,reference
transformer_add113_f0.3_wd0.1_softmax_ce_s4,transformer,10500,at,10588,8,2,blocks.0.hook_mlp_out,2,0.8398590636199562,300.0,0.0,0.0714454930668583,0.0,0.0559435202662142,transformer_add113_f0.3_wd0.1_softmax_ce,reference
transformer_add113_f0.3_wd0.1_softmax_ce_s4,transformer,10500,at,10588,8,3,blocks.1.hook_attn_out,0,0.9742555740958304,300.0,0.0,0.081553737736866,0.0,0.0495776270920049,transformer_add113_f0.3_wd0.1_softmax_ce,reference
transformer_add113_f0.3_wd0.1_softmax_ce_s4,transformer,10500,at,10588,8,3,blocks.1.hook_attn_out,1,0.9742555740958304,300.0,0.0,0.0707653740523142,0.0,0.053622582849766,transformer_add113_f0.3_wd0.1_softmax_ce,reference
transformer_add113_f0.3_wd0.1_softmax_ce_s4,transformer,10500,at,10588,8,3,blocks.1.hook_attn_out,2,0.9399505285922624,300.0,0.0,0.070969468997294,0.0,0.0548833261619685,transformer_add113_f0.3_wd0.1_softmax_ce,reference
transformer_add113_f0.3_wd0.1_softmax_ce_s4,transformer,10500,at,10588,8,4,blocks.1.hook_mlp_out,0,1.3267895708555266,300.0,0.0,0.0826353376871592,1.0,0.050074921451315,transformer_add113_f0.3_wd0.1_softmax_ce,reference
transformer_add113_f0.3_wd0.1_softmax_ce_s4,transformer,10500,at,10588,8,4,blocks.1.hook_mlp_out,1,1.3218457357407434,300.0,0.0,0.1087696401417791,0.0,0.0487626727826059,transformer_add113_f0.3_wd0.1_softmax_ce,reference
transformer_add113_f0.3_wd0.1_softmax_ce_s4,transformer,10500,at,10588,8,4,blocks.1.hook_mlp_out,2,1.3322551231238782,300.0,0.0,0.0854702712438642,1.0,0.0598916889424471,transformer_add113_f0.3_wd0.1_softmax_ce,reference
transformer_add113_f0.3_wd0.1_softmax_ce_s4,transformer,10500,at,10588,8,5,hook_resid_final,0,25.585327697402303,300.0,0.0,0.0908714368667681,0.0,0.0604904311432395,transformer_add113_f0.3_wd0.1_softmax_ce,reference
transformer_add113_f0.3_wd0.1_softmax_ce_s4,transformer,10500,at,10588,8,5,hook_resid_final,1,25.279788537707528,300.0,0.0,0.1031449652463235,0.0,0.065006953789856,transformer_add113_f0.3_wd0.1_softmax_ce,reference
transformer_add113_f0.3_wd0.1_softmax_ce_s4,transformer,10500,at,10588,8,5,hook_resid_final,2,26.46982339526674,300.0,0.0,0.1100501927503764,0.0,0.0606407245388358,transformer_add113_f0.3_wd0.1_softmax_ce,reference
transformer_add113_f0.3_wd0.1_softmax_ce_s4,transformer,10500,at,10588,8,6,logits,0,115.06694719228229,300.0,0.0,0.1057923810997062,0.0,0.0640921947477477,transformer_add113_f0.3_wd0.1_softmax_ce,reference
transformer_add113_f0.3_wd0.1_softmax_ce_s4,transformer,10500,at,10588,8,6,logits,1,112.70914808076974,300.0,0.0,0.0915643584780484,0.0,0.0574685389989796,transformer_add113_f0.3_wd0.1_softmax_ce,reference
transformer_add113_f0.3_wd0.1_softmax_ce_s4,transformer,10500,at,10588,8,6,logits,2,110.36145767693296,300.0,0.0,0.1003878110449039,0.0,0.0605246820146385,transformer_add113_f0.3_wd0.1_softmax_ce,reference
transformer_add113_f0.3_wd0.1_softmax_ce_s4,transformer,10500,at,10588,4,0,operands,0,1.0279927821454131,300.0,0.0,0.102976531021968,0.0,0.0645661411274671,transformer_add113_f0.3_wd0.1_softmax_ce,reference
transformer_add113_f0.3_wd0.1_softmax_ce_s4,transformer,10500,at,10588,4,0,operands,1,1.0279927821454131,300.0,0.0,0.0839465709020443,0.0,0.061856227075954,transformer_add113_f0.3_wd0.1_softmax_ce,reference
transformer_add113_f0.3_wd0.1_softmax_ce_s4,transformer,10500,at,10588,4,0,operands,2,1.0279927821454131,300.0,0.0,0.1061645321836549,0.0,0.0567834187236272,transformer_add113_f0.3_wd0.1_softmax_ce,reference
transformer_add113_f0.3_wd0.1_softmax_ce_s4,transformer,10500,at,10588,4,1,blocks.0.hook_attn_out,0,1.154363133846186,300.0,0.0,0.0734255577275008,0.0,0.0436616546580769,transformer_add113_f0.3_wd0.1_softmax_ce,reference
transformer_add113_f0.3_wd0.1_softmax_ce_s4,transformer,10500,at,10588,4,1,blocks.0.hook_attn_out,1,1.154363133846186,300.0,0.0,0.0635352028160188,0.0,0.0432585849959961,transformer_add113_f0.3_wd0.1_softmax_ce,reference
transformer_add113_f0.3_wd0.1_softmax_ce_s4,transformer,10500,at,10588,4,1,blocks.0.hook_attn_out,2,1.154363133846186,300.0,0.0,0.0534033933639693,0.0,0.0422773023836004,transformer_add113_f0.3_wd0.1_softmax_ce,reference
transformer_add113_f0.3_wd0.1_softmax_ce_s4,transformer,10500,at,10588,4,2,blocks.0.hook_mlp_out,0,0.8436796376072898,300.0,0.0,0.0606047519404289,0.0,0.0576685500577163,transformer_add113_f0.3_wd0.1_softmax_ce,reference
transformer_add113_f0.3_wd0.1_softmax_ce_s4,transformer,10500,at,10588,4,2,blocks.0.hook_mlp_out,1,0.8311179440361107,300.0,0.0,0.0603558583583109,0.0,0.0462639958759503,transformer_add113_f0.3_wd0.1_softmax_ce,reference
transformer_add113_f0.3_wd0.1_softmax_ce_s4,transformer,10500,at,10588,4,2,blocks.0.hook_mlp_out,2,0.8421995328782378,300.0,0.0,0.0618351645693272,0.0,0.0480202659476198,transformer_add113_f0.3_wd0.1_softmax_ce,reference
transformer_add113_f0.3_wd0.1_softmax_ce_s4,transformer,10500,at,10588,4,3,blocks.1.hook_attn_out,0,0.928393178823398,300.0,0.0,0.0610486152166624,0.0,0.0495320869584532,transformer_add113_f0.3_wd0.1_softmax_ce,reference
transformer_add113_f0.3_wd0.1_softmax_ce_s4,transformer,10500,at,10588,4,3,blocks.1.hook_attn_out,1,0.922734169056902,300.0,0.0,0.0650750646925778,0.0,0.045616906809423,transformer_add113_f0.3_wd0.1_softmax_ce,reference
transformer_add113_f0.3_wd0.1_softmax_ce_s4,transformer,10500,at,10588,4,3,blocks.1.hook_attn_out,2,0.920118738708514,300.0,0.0,0.0587216389135072,0.0,0.038969702582138,transformer_add113_f0.3_wd0.1_softmax_ce,reference
transformer_add113_f0.3_wd0.1_softmax_ce_s4,transformer,10500,at,10588,4,4,blocks.1.hook_mlp_out,0,1.3107267959904505,300.0,1.0,0.0511240350965638,0.0,0.0349422755770602,transformer_add113_f0.3_wd0.1_softmax_ce,reference
transformer_add113_f0.3_wd0.1_softmax_ce_s4,transformer,10500,at,10588,4,4,blocks.1.hook_mlp_out,1,1.3175002334440933,300.0,1.0,0.0533456612840991,0.0,0.0405652627603128,transformer_add113_f0.3_wd0.1_softmax_ce,reference
transformer_add113_f0.3_wd0.1_softmax_ce_s4,transformer,10500,at,10588,4,4,blocks.1.hook_mlp_out,2,1.3107267959904505,300.0,0.0,0.0541184740327783,0.0,0.0340389928600838,transformer_add113_f0.3_wd0.1_softmax_ce,reference
transformer_add113_f0.3_wd0.1_softmax_ce_s4,transformer,10500,at,10588,4,5,hook_resid_final,0,25.40244520271284,300.0,0.0,0.0624739773786542,0.0,0.0417927623417036,transformer_add113_f0.3_wd0.1_softmax_ce,reference
transformer_add113_f0.3_wd0.1_softmax_ce_s4,transformer,10500,at,10588,4,5,hook_resid_final,1,25.62270463759363,300.0,0.0,0.0648119295954259,1.0,0.0531158202546537,transformer_add113_f0.3_wd0.1_softmax_ce,reference
transformer_add113_f0.3_wd0.1_softmax_ce_s4,transformer,10500,at,10588,4,5,hook_resid_final,2,25.40244520271284,300.0,0.0,0.0691657990062822,0.0,0.0443979572869253,transformer_add113_f0.3_wd0.1_softmax_ce,reference
transformer_add113_f0.3_wd0.1_softmax_ce_s4,transformer,10500,at,10588,4,6,logits,0,105.36506563552724,300.0,0.0,0.0750578374417038,0.0,0.0481312651566701,transformer_add113_f0.3_wd0.1_softmax_ce,reference
transformer_add113_f0.3_wd0.1_softmax_ce_s4,transformer,10500,at,10588,4,6,logits,1,108.13061754079688,300.0,0.0,0.0746000660308135,0.0,0.0485417719374689,transformer_add113_f0.3_wd0.1_softmax_ce,reference
transformer_add113_f0.3_wd0.1_softmax_ce_s4,transformer,10500,at,10588,4,6,logits,2,104.53129449493288,300.0,0.0,0.0801036545065144,0.0,0.0455572598669485,transformer_add113_f0.3_wd0.1_softmax_ce,reference
transformer_add113_f0.3_wd0.1_softmax_ce_s4,transformer,10500,at,10588,2,0,operands,0,0.9279104193659856,300.0,0.0,0.0606229568008881,0.0,0.0414959678398337,transformer_add113_f0.3_wd0.1_softmax_ce,reference
transformer_add113_f0.3_wd0.1_softmax_ce_s4,transformer,10500,at,10588,2,0,operands,1,0.9279104193659856,300.0,0.0,0.0486659891761609,0.0,0.0419481846599718,transformer_add113_f0.3_wd0.1_softmax_ce,reference
transformer_add113_f0.3_wd0.1_softmax_ce_s4,transformer,10500,at,10588,2,0,operands,2,0.9048949611907644,300.0,0.0,0.0573166501305089,0.0,0.0485139817948434,transformer_add113_f0.3_wd0.1_softmax_ce,reference
transformer_add113_f0.3_wd0.1_softmax_ce_s4,transformer,10500,at,10588,2,1,blocks.0.hook_attn_out,0,1.0695958690559593,300.0,0.0,0.0278343300454978,0.0,0.0,transformer_add113_f0.3_wd0.1_softmax_ce,reference
transformer_add113_f0.3_wd0.1_softmax_ce_s4,transformer,10500,at,10588,2,1,blocks.0.hook_attn_out,1,1.0695958690559593,300.0,0.0,0.0289024747884385,0.0,0.0,transformer_add113_f0.3_wd0.1_softmax_ce,reference
transformer_add113_f0.3_wd0.1_softmax_ce_s4,transformer,10500,at,10588,2,1,blocks.0.hook_attn_out,2,1.0695958690559593,300.0,0.0,0.0302372560548922,0.0,0.0,transformer_add113_f0.3_wd0.1_softmax_ce,reference
transformer_add113_f0.3_wd0.1_softmax_ce_s4,transformer,10500,at,10588,2,2,blocks.0.hook_mlp_out,0,0.8416628709927593,300.0,0.0,0.0320709770131905,0.0,0.0,transformer_add113_f0.3_wd0.1_softmax_ce,reference
transformer_add113_f0.3_wd0.1_softmax_ce_s4,transformer,10500,at,10588,2,2,blocks.0.hook_mlp_out,1,0.8411791365184103,300.0,0.0,0.0357000607094001,0.0,0.0013406639045632,transformer_add113_f0.3_wd0.1_softmax_ce,reference
transformer_add113_f0.3_wd0.1_softmax_ce_s4,transformer,10500,at,10588,2,2,blocks.0.hook_mlp_out,2,0.8416628709927593,300.0,0.0,0.0297794793890697,0.0,0.0,transformer_add113_f0.3_wd0.1_softmax_ce,reference
transformer_add113_f0.3_wd0.1_softmax_ce_s4,transformer,10500,at,10588,2,3,blocks.1.hook_attn_out,0,0.9143028983181748,300.0,0.0,0.0270267019036267,0.0,0.0,transformer_add113_f0.3_wd0.1_softmax_ce,reference
transformer_add113_f0.3_wd0.1_softmax_ce_s4,transformer,10500,at,10588,2,3,blocks.1.hook_attn_out,1,0.9143028983181748,300.0,0.0,0.0332525211203369,0.0,0.0,transformer_add113_f0.3_wd0.1_softmax_ce,reference
transformer_add113_f0.3_wd0.1_softmax_ce_s4,transformer,10500,at,10588,2,3,blocks.1.hook_attn_out,2,0.9143028983181748,300.0,0.0,0.0275080137516767,0.0,0.0,transformer_add113_f0.3_wd0.1_softmax_ce,reference
transformer_add113_f0.3_wd0.1_softmax_ce_s4,transformer,10500,at,10588,2,4,blocks.1.hook_mlp_out,0,1.087381726186349,300.0,0.0,0.025326788073588,0.0,0.0,transformer_add113_f0.3_wd0.1_softmax_ce,reference
transformer_add113_f0.3_wd0.1_softmax_ce_s4,transformer,10500,at,10588,2,4,blocks.1.hook_mlp_out,1,1.0857379602864532,300.0,0.0,0.0334286262847037,0.0,0.0006946769870593,transformer_add113_f0.3_wd0.1_softmax_ce,reference
transformer_add113_f0.3_wd0.1_softmax_ce_s4,transformer,10500,at,10588,2,4,blocks.1.hook_mlp_out,2,1.087381726186349,300.0,0.0,0.0262338227740135,0.0,0.0,transformer_add113_f0.3_wd0.1_softmax_ce,reference
transformer_add113_f0.3_wd0.1_softmax_ce_s4,transformer,10500,at,10588,2,5,hook_resid_final,0,25.16745934988819,300.0,0.0,0.0340563266111022,0.0,0.0,transformer_add113_f0.3_wd0.1_softmax_ce,reference
transformer_add113_f0.3_wd0.1_softmax_ce_s4,transformer,10500,at,10588,2,5,hook_resid_final,1,25.16745934988819,300.0,0.0,0.0259086172490147,0.0,0.0,transformer_add113_f0.3_wd0.1_softmax_ce,reference
transformer_add113_f0.3_wd0.1_softmax_ce_s4,transformer,10500,at,10588,2,5,hook_resid_final,2,25.16745934988819,300.0,0.0,0.0277267258572675,0.0,0.0,transformer_add113_f0.3_wd0.1_softmax_ce,reference
transformer_add113_f0.3_wd0.1_softmax_ce_s4,transformer,10500,at,10588,2,6,logits,0,98.56096591008848,300.0,0.0,0.0289615453341765,0.0,0.0053623867190999,transformer_add113_f0.3_wd0.1_softmax_ce,reference
transformer_add113_f0.3_wd0.1_softmax_ce_s4,transformer,10500,at,10588,2,6,logits,1,98.56096591008848,300.0,0.0,0.0310895747908302,0.0,0.0,transformer_add113_f0.3_wd0.1_softmax_ce,reference
transformer_add113_f0.3_wd0.1_softmax_ce_s4,transformer,10500,at,10588,2,6,logits,2,98.56096591008848,300.0,0.0,0.02806142725864,0.0,0.0,transformer_add113_f0.3_wd0.1_softmax_ce,reference
transformer_add113_f0.3_wd0.1_softmax_ce_s4,transformer,10500,after,60000,8,0,operands,0,1.2227690635074466,300.0,0.0,0.0791153226468134,0.0,0.0590915939546573,transformer_add113_f0.3_wd0.1_softmax_ce,reference
transformer_add113_f0.3_wd0.1_softmax_ce_s4,transformer,10500,after,60000,8,0,operands,1,1.2281847129441474,300.0,0.0,0.0787957781654776,0.0,0.0630405341055504,transformer_add113_f0.3_wd0.1_softmax_ce,reference
transformer_add113_f0.3_wd0.1_softmax_ce_s4,transformer,10500,after,60000,8,0,operands,2,1.2347856856583308,300.0,0.0,0.0824818520209246,0.0,0.0597498598599113,transformer_add113_f0.3_wd0.1_softmax_ce,reference
transformer_add113_f0.3_wd0.1_softmax_ce_s4,transformer,10500,after,60000,8,1,blocks.0.hook_attn_out,0,2.169075325762375,300.0,0.0,0.0762638165550546,0.0,0.0552501854674024,transformer_add113_f0.3_wd0.1_softmax_ce,reference
transformer_add113_f0.3_wd0.1_softmax_ce_s4,transformer,10500,after,60000,8,1,blocks.0.hook_attn_out,1,2.204662165002046,300.0,0.0,0.0807242744795109,1.0,0.052259195459133,transformer_add113_f0.3_wd0.1_softmax_ce,reference
transformer_add113_f0.3_wd0.1_softmax_ce_s4,transformer,10500,after,60000,8,1,blocks.0.hook_attn_out,2,2.260836198990847,300.0,0.0,0.0777248943373561,0.0,0.0443349639069967,transformer_add113_f0.3_wd0.1_softmax_ce,reference
transformer_add113_f0.3_wd0.1_softmax_ce_s4,transformer,10500,after,60000,8,2,blocks.0.hook_mlp_out,0,1.7651665901779368,300.0,0.0,0.0628207770350169,0.0,0.0413948788740826,transformer_add113_f0.3_wd0.1_softmax_ce,reference
transformer_add113_f0.3_wd0.1_softmax_ce_s4,transformer,10500,after,60000,8,2,blocks.0.hook_mlp_out,1,1.7539794166918807,300.0,0.0,0.0611164960444121,0.0,0.0497667753435018,transformer_add113_f0.3_wd0.1_softmax_ce,reference
transformer_add113_f0.3_wd0.1_softmax_ce_s4,transformer,10500,after,60000,8,2,blocks.0.hook_mlp_out,2,1.7343354358969438,300.0,0.0,0.077110657706238,1.0,0.0520228319419458,transformer_add113_f0.3_wd0.1_softmax_ce,reference
transformer_add113_f0.3_wd0.1_softmax_ce_s4,transformer,10500,after,60000,8,3,blocks.1.hook_attn_out,0,1.819912665828629,300.0,0.0,0.0692161202803558,1.0,0.0525296378823312,transformer_add113_f0.3_wd0.1_softmax_ce,reference
transformer_add113_f0.3_wd0.1_softmax_ce_s4,transformer,10500,after,60000,8,3,blocks.1.hook_attn_out,1,1.8902398349201224,300.0,0.0,0.0705561971739062,0.0,0.042643746109356,transformer_add113_f0.3_wd0.1_softmax_ce,reference
transformer_add113_f0.3_wd0.1_softmax_ce_s4,transformer,10500,after,60000,8,3,blocks.1.hook_attn_out,2,1.8952865882433847,300.0,0.0,0.0650911511027251,1.0,0.0515114608421838,transformer_add113_f0.3_wd0.1_softmax_ce,reference
transformer_add113_f0.3_wd0.1_softmax_ce_s4,transformer,10500,after,60000,8,4,blocks.1.hook_mlp_out,0,2.005463179906968,300.0,0.0,0.1046241661341271,1.0,0.0524698131380976,transformer_add113_f0.3_wd0.1_softmax_ce,reference
transformer_add113_f0.3_wd0.1_softmax_ce_s4,transformer,10500,after,60000,8,4,blocks.1.hook_mlp_out,1,2.0369649639484626,300.0,0.0,0.0885532206697444,1.0,0.0586763833517353,transformer_add113_f0.3_wd0.1_softmax_ce,reference
transformer_add113_f0.3_wd0.1_softmax_ce_s4,transformer,10500,after,60000,8,4,blocks.1.hook_mlp_out,2,2.0419198851933658,300.0,0.0,0.0993003010946518,0.0,0.0472452189400471,transformer_add113_f0.3_wd0.1_softmax_ce,reference
transformer_add113_f0.3_wd0.1_softmax_ce_s4,transformer,10500,after,60000,8,5,hook_resid_final,0,31.84801551925645,300.0,0.0,0.1143929509315799,0.0,0.0651834640291424,transformer_add113_f0.3_wd0.1_softmax_ce,reference
transformer_add113_f0.3_wd0.1_softmax_ce_s4,transformer,10500,after,60000,8,5,hook_resid_final,1,32.22152012389157,300.0,0.0,0.1025247715648232,0.0,0.066396397331884,transformer_add113_f0.3_wd0.1_softmax_ce,reference
transformer_add113_f0.3_wd0.1_softmax_ce_s4,transformer,10500,after,60000,8,5,hook_resid_final,2,32.00889150370781,300.0,0.0,0.1177782685769307,0.0,0.0686753604099261,transformer_add113_f0.3_wd0.1_softmax_ce,reference
transformer_add113_f0.3_wd0.1_softmax_ce_s4,transformer,10500,after,60000,8,6,logits,0,124.8613173770107,300.0,0.0,0.0936755541283112,0.0,0.0643737272676989,transformer_add113_f0.3_wd0.1_softmax_ce,reference
transformer_add113_f0.3_wd0.1_softmax_ce_s4,transformer,10500,after,60000,8,6,logits,1,126.07132986073596,300.0,0.0,0.1183848111144422,0.0,0.0589792816041374,transformer_add113_f0.3_wd0.1_softmax_ce,reference
transformer_add113_f0.3_wd0.1_softmax_ce_s4,transformer,10500,after,60000,8,6,logits,2,127.01457269826638,300.0,0.0,0.1002093393446502,0.0,0.0569439825134976,transformer_add113_f0.3_wd0.1_softmax_ce,reference
transformer_add113_f0.3_wd0.1_softmax_ce_s4,transformer,10500,after,60000,4,0,operands,0,1.1023326815116736,300.0,0.0,0.0906536896728953,0.0,0.0729164940263026,transformer_add113_f0.3_wd0.1_softmax_ce,reference
transformer_add113_f0.3_wd0.1_softmax_ce_s4,transformer,10500,after,60000,4,0,operands,1,1.094705485560246,300.0,0.0,0.0907622498622685,0.0,0.0769302247552477,transformer_add113_f0.3_wd0.1_softmax_ce,reference
transformer_add113_f0.3_wd0.1_softmax_ce_s4,transformer,10500,after,60000,4,0,operands,2,1.094705485560246,300.0,0.0,0.0967863887607542,0.0,0.0744274084795184,transformer_add113_f0.3_wd0.1_softmax_ce,reference
transformer_add113_f0.3_wd0.1_softmax_ce_s4,transformer,10500,after,60000,4,1,blocks.0.hook_attn_out,0,2.1534464046843453,300.0,0.0,0.0602482607405722,0.0,0.0413046249719022,transformer_add113_f0.3_wd0.1_softmax_ce,reference
transformer_add113_f0.3_wd0.1_softmax_ce_s4,transformer,10500,after,60000,4,1,blocks.0.hook_attn_out,1,2.09759646292122,300.0,0.0,0.0660180948256366,0.0,0.0422031205756084,transformer_add113_f0.3_wd0.1_softmax_ce,reference
transformer_add113_f0.3_wd0.1_softmax_ce_s4,transformer,10500,after,60000,4,1,blocks.0.hook_attn_out,2,2.1137949614878,300.0,0.0,0.0596173067324384,0.0,0.0456885861699952,transformer_add113_f0.3_wd0.1_softmax_ce,reference
transformer_add113_f0.3_wd0.1_softmax_ce_s4,transformer,10500,after,60000,4,2,blocks.0.hook_mlp_out,0,1.7281260930773736,300.0,0.0,0.0635419171185966,0.0,0.0376319302314267,transformer_add113_f0.3_wd0.1_softmax_ce,reference
transformer_add113_f0.3_wd0.1_softmax_ce_s4,transformer,10500,after,60000,4,2,blocks.0.hook_mlp_out,1,1.6920264101449205,300.0,0.0,0.063703407271101,0.0,0.0409788394488291,transformer_add113_f0.3_wd0.1_softmax_ce,reference
transformer_add113_f0.3_wd0.1_softmax_ce_s4,transformer,10500,after,60000,4,2,blocks.0.hook_mlp_out,2,1.7319722062847325,300.0,0.0,0.0651873199728844,0.0,0.0346537226573159,transformer_add113_f0.3_wd0.1_softmax_ce,reference
transformer_add113_f0.3_wd0.1_softmax_ce_s4,transformer,10500,after,60000,4,3,blocks.1.hook_attn_out,0,1.70335877679592,300.0,0.0,0.0595036557152311,0.0,0.0441422547720788,transformer_add113_f0.3_wd0.1_softmax_ce,reference
transformer_add113_f0.3_wd0.1_softmax_ce_s4,transformer,10500,after,60000,4,3,blocks.1.hook_attn_out,1,1.70335877679592,300.0,0.0,0.0570638705064725,0.0,0.0402231912757855,transformer_add113_f0.3_wd0.1_softmax_ce,reference
transformer_add113_f0.3_wd0.1_softmax_ce_s4,transformer,10500,after,60000,4,3,blocks.1.hook_attn_out,2,1.6836776878079422,300.0,0.0,0.0692678200740115,0.0,0.0424284171788961,transformer_add113_f0.3_wd0.1_softmax_ce,reference
transformer_add113_f0.3_wd0.1_softmax_ce_s4,transformer,10500,after,60000,4,4,blocks.1.hook_mlp_out,0,1.9768723861936972,300.0,0.0,0.0730007448192595,0.0,0.0480376609493012,transformer_add113_f0.3_wd0.1_softmax_ce,reference
transformer_add113_f0.3_wd0.1_softmax_ce_s4,transformer,10500,after,60000,4,4,blocks.1.hook_mlp_out,1,1.9913979660951888,300.0,0.0,0.0826295598675422,0.0,0.0352703677209545,transformer_add113_f0.3_wd0.1_softmax_ce,reference
transformer_add113_f0.3_wd0.1_softmax_ce_s4,transformer,10500,after,60000,4,4,blocks.1.hook_mlp_out,2,1.9822898027671052,300.0,0.0,0.072327194226305,0.0,0.0428582693178021,transformer_add113_f0.3_wd0.1_softmax_ce,reference
transformer_add113_f0.3_wd0.1_softmax_ce_s4,transformer,10500,after,60000,4,5,hook_resid_final,0,31.71054765317569,300.0,0.0,0.0925240135473248,1.0,0.0591389214604081,transformer_add113_f0.3_wd0.1_softmax_ce,reference
transformer_add113_f0.3_wd0.1_softmax_ce_s4,transformer,10500,after,60000,4,5,hook_resid_final,1,31.250715006595343,300.0,0.0,0.0949972466089639,1.0,0.0720112155273703,transformer_add113_f0.3_wd0.1_softmax_ce,reference
transformer_add113_f0.3_wd0.1_softmax_ce_s4,transformer,10500,after,60000,4,5,hook_resid_final,2,31.17294974168232,300.0,0.0,0.0911059334224259,0.0,0.0487215840287986,transformer_add113_f0.3_wd0.1_softmax_ce,reference
transformer_add113_f0.3_wd0.1_softmax_ce_s4,transformer,10500,after,60000,4,6,logits,0,122.40233106905004,300.0,0.0,0.081905974258601,0.0,0.0454025254722362,transformer_add113_f0.3_wd0.1_softmax_ce,reference
transformer_add113_f0.3_wd0.1_softmax_ce_s4,transformer,10500,after,60000,4,6,logits,1,123.146071785356,300.0,0.0,0.0973312411264358,1.0,0.0507860512011304,transformer_add113_f0.3_wd0.1_softmax_ce,reference
transformer_add113_f0.3_wd0.1_softmax_ce_s4,transformer,10500,after,60000,4,6,logits,2,124.79714948097644,300.0,0.0,0.0783470363050071,1.0,0.0521573951436564,transformer_add113_f0.3_wd0.1_softmax_ce,reference
transformer_add113_f0.3_wd0.1_softmax_ce_s4,transformer,10500,after,60000,2,0,operands,0,1.0474317620495328,300.0,0.0,0.0547451548814365,0.0,0.0470008547716775,transformer_add113_f0.3_wd0.1_softmax_ce,reference
transformer_add113_f0.3_wd0.1_softmax_ce_s4,transformer,10500,after,60000,2,0,operands,1,1.0474317620495328,300.0,0.0,0.0732268002936607,0.0,0.0481664220008238,transformer_add113_f0.3_wd0.1_softmax_ce,reference
transformer_add113_f0.3_wd0.1_softmax_ce_s4,transformer,10500,after,60000,2,0,operands,2,1.0474317620495328,300.0,0.0,0.0681128722974838,0.0,0.0468343634585724,transformer_add113_f0.3_wd0.1_softmax_ce,reference
transformer_add113_f0.3_wd0.1_softmax_ce_s4,transformer,10500,after,60000,2,1,blocks.0.hook_attn_out,0,1.7663888993324273,300.0,0.0,0.037042124563417,0.0,0.0,transformer_add113_f0.3_wd0.1_softmax_ce,reference
transformer_add113_f0.3_wd0.1_softmax_ce_s4,transformer,10500,after,60000,2,1,blocks.0.hook_attn_out,1,1.7735392883302834,300.0,0.0,0.0311289578175357,0.0,0.0,transformer_add113_f0.3_wd0.1_softmax_ce,reference
transformer_add113_f0.3_wd0.1_softmax_ce_s4,transformer,10500,after,60000,2,1,blocks.0.hook_attn_out,2,1.7831646083334405,300.0,0.0,0.0339444651607592,0.0,0.0,transformer_add113_f0.3_wd0.1_softmax_ce,reference
transformer_add113_f0.3_wd0.1_softmax_ce_s4,transformer,10500,after,60000,2,2,blocks.0.hook_mlp_out,0,1.7342728056204688,300.0,0.0,0.0317762987169686,0.0,0.0,transformer_add113_f0.3_wd0.1_softmax_ce,reference
transformer_add113_f0.3_wd0.1_softmax_ce_s4,transformer,10500,after,60000,2,2,blocks.0.hook_mlp_out,1,1.7228652251135828,300.0,0.0,0.0306555004918514,0.0,0.0,transformer_add113_f0.3_wd0.1_softmax_ce,reference
transformer_add113_f0.3_wd0.1_softmax_ce_s4,transformer,10500,after,60000,2,2,blocks.0.hook_mlp_out,2,1.7230365712006237,300.0,0.0,0.0382421493403908,0.0,0.0,transformer_add113_f0.3_wd0.1_softmax_ce,reference
transformer_add113_f0.3_wd0.1_softmax_ce_s4,transformer,10500,after,60000,2,3,blocks.1.hook_attn_out,0,1.6706663779812418,300.0,0.0,0.0268853370233371,0.0,0.0,transformer_add113_f0.3_wd0.1_softmax_ce,reference
transformer_add113_f0.3_wd0.1_softmax_ce_s4,transformer,10500,after,60000,2,3,blocks.1.hook_attn_out,1,1.6706663779812418,300.0,0.0,0.0345173031155536,0.0,0.0051881871265361,transformer_add113_f0.3_wd0.1_softmax_ce,reference
transformer_add113_f0.3_wd0.1_softmax_ce_s4,transformer,10500,after,60000,2,3,blocks.1.hook_attn_out,2,1.6706663779812418,300.0,0.0,0.0396840125870488,0.0,0.0051087920491495,transformer_add113_f0.3_wd0.1_softmax_ce,reference
transformer_add113_f0.3_wd0.1_softmax_ce_s4,transformer,10500,after,60000,2,4,blocks.1.hook_mlp_out,0,1.8546310491667803,300.0,0.0,0.0282088897980176,0.0,0.0015452083162784,transformer_add113_f0.3_wd0.1_softmax_ce,reference
transformer_add113_f0.3_wd0.1_softmax_ce_s4,transformer,10500,after,60000,2,4,blocks.1.hook_mlp_out,1,1.8546310491667803,300.0,0.0,0.0343916593942682,0.0,0.0,transformer_add113_f0.3_wd0.1_softmax_ce,reference
transformer_add113_f0.3_wd0.1_softmax_ce_s4,transformer,10500,after,60000,2,4,blocks.1.hook_mlp_out,2,1.8445704424259328,300.0,0.0,0.040023644817269,0.0,0.0003333871166774,transformer_add113_f0.3_wd0.1_softmax_ce,reference
transformer_add113_f0.3_wd0.1_softmax_ce_s4,transformer,10500,after,60000,2,5,hook_resid_final,0,30.877249538891,300.0,0.0,0.0389786170233981,0.0,0.00097129478602,transformer_add113_f0.3_wd0.1_softmax_ce,reference
transformer_add113_f0.3_wd0.1_softmax_ce_s4,transformer,10500,after,60000,2,5,hook_resid_final,1,31.303433284365436,300.0,0.0,0.0327759087588599,0.0,0.0,transformer_add113_f0.3_wd0.1_softmax_ce,reference
transformer_add113_f0.3_wd0.1_softmax_ce_s4,transformer,10500,after,60000,2,5,hook_resid_final,2,30.90457233074606,300.0,1.0,0.0558188935274142,0.0,0.0,transformer_add113_f0.3_wd0.1_softmax_ce,reference
transformer_add113_f0.3_wd0.1_softmax_ce_s4,transformer,10500,after,60000,2,6,logits,0,119.63982350191895,300.0,0.0,0.0265040066451883,0.0,0.0,transformer_add113_f0.3_wd0.1_softmax_ce,reference
transformer_add113_f0.3_wd0.1_softmax_ce_s4,transformer,10500,after,60000,2,6,logits,1,122.08380899295636,300.0,0.0,0.0367142844986391,0.0,0.0,transformer_add113_f0.3_wd0.1_softmax_ce,reference
transformer_add113_f0.3_wd0.1_softmax_ce_s4,transformer,10500,after,60000,2,6,logits,2,122.53525793083816,300.0,0.0,0.0298018140867078,0.0,0.0,transformer_add113_f0.3_wd0.1_softmax_ce,reference
transformer_add97_f0.3_wd1.0_softmax_ce_s0,transformer,27600,init,0,8,0,operands,0,22.5475023519831,300.0,0.0,0.0953145937029598,0.0,0.0400406131327985,transformer_add97_f0.3_wd1.0_softmax_ce,canonical
transformer_add97_f0.3_wd1.0_softmax_ce_s0,transformer,27600,init,0,8,0,operands,1,22.5475023519831,300.0,0.0,0.0842830182184915,0.0,0.0489496369717182,transformer_add97_f0.3_wd1.0_softmax_ce,canonical
transformer_add97_f0.3_wd1.0_softmax_ce_s0,transformer,27600,init,0,8,0,operands,2,22.5475023519831,300.0,0.0,0.0889798875284818,0.0,0.0466737614970816,transformer_add97_f0.3_wd1.0_softmax_ce,canonical
transformer_add97_f0.3_wd1.0_softmax_ce_s0,transformer,27600,init,0,8,1,blocks.0.hook_attn_out,0,4.312355635424592,300.0,0.0,0.0671613481380691,0.0,0.0481811011541801,transformer_add97_f0.3_wd1.0_softmax_ce,canonical
transformer_add97_f0.3_wd1.0_softmax_ce_s0,transformer,27600,init,0,8,1,blocks.0.hook_attn_out,1,4.312355635424592,300.0,0.0,0.0706456655187388,0.0,0.0491647454796249,transformer_add97_f0.3_wd1.0_softmax_ce,canonical
transformer_add97_f0.3_wd1.0_softmax_ce_s0,transformer,27600,init,0,8,1,blocks.0.hook_attn_out,2,4.312355635424592,300.0,0.0,0.0826829310570295,0.0,0.0421248177211993,transformer_add97_f0.3_wd1.0_softmax_ce,canonical
transformer_add97_f0.3_wd1.0_softmax_ce_s0,transformer,27600,init,0,8,2,blocks.0.hook_mlp_out,0,1.1076924211435513,300.0,0.0,0.0631783693064627,0.0,0.0448936571228201,transformer_add97_f0.3_wd1.0_softmax_ce,canonical
transformer_add97_f0.3_wd1.0_softmax_ce_s0,transformer,27600,init,0,8,2,blocks.0.hook_mlp_out,1,1.1076924211435513,300.0,0.0,0.0703152497200048,0.0,0.0491481244724306,transformer_add97_f0.3_wd1.0_softmax_ce,canonical
transformer_add97_f0.3_wd1.0_softmax_ce_s0,transformer,27600,init,0,8,2,blocks.0.hook_mlp_out,2,1.1076924211435513,300.0,0.0,0.0732669966381067,0.0,0.0441395673809945,transformer_add97_f0.3_wd1.0_softmax_ce,canonical
transformer_add97_f0.3_wd1.0_softmax_ce_s0,transformer,27600,init,0,8,3,hook_resid_final,0,4.010246213846561,300.0,0.0,0.0752697127293295,0.0,0.048012086466585,transformer_add97_f0.3_wd1.0_softmax_ce,canonical
transformer_add97_f0.3_wd1.0_softmax_ce_s0,transformer,27600,init,0,8,3,hook_resid_final,1,4.026698991833822,300.0,0.0,0.0739294355592866,0.0,0.0455553261375388,transformer_add97_f0.3_wd1.0_softmax_ce,canonical
transformer_add97_f0.3_wd1.0_softmax_ce_s0,transformer,27600,init,0,8,3,hook_resid_final,2,4.026698991833822,300.0,0.0,0.0679997732988714,1.0,0.0516008464632335,transformer_add97_f0.3_wd1.0_softmax_ce,canonical
transformer_add97_f0.3_wd1.0_softmax_ce_s0,transformer,27600,init,0,8,4,logits,0,2.2317256196896005,300.0,0.0,0.0763279766660203,0.0,0.0470501117048988,transformer_add97_f0.3_wd1.0_softmax_ce,canonical
transformer_add97_f0.3_wd1.0_softmax_ce_s0,transformer,27600,init,0,8,4,logits,1,2.2317256196896005,300.0,0.0,0.0645558672903,0.0,0.0438787921381776,transformer_add97_f0.3_wd1.0_softmax_ce,canonical
transformer_add97_f0.3_wd1.0_softmax_ce_s0,transformer,27600,init,0,8,4,logits,2,2.2079411253100747,300.0,0.0,0.0723763838739313,0.0,0.0496747772986707,transformer_add97_f0.3_wd1.0_softmax_ce,canonical
transformer_add97_f0.3_wd1.0_softmax_ce_s0,transformer,27600,init,0,4,0,operands,0,17.473932087620227,300.0,0.0,0.1106027732259653,0.0,0.0687311559562504,transformer_add97_f0.3_wd1.0_softmax_ce,canonical
transformer_add97_f0.3_wd1.0_softmax_ce_s0,transformer,27600,init,0,4,0,operands,1,17.547516924882736,300.0,0.0,0.084147363314868,0.0,0.0742558992588657,transformer_add97_f0.3_wd1.0_softmax_ce,canonical
transformer_add97_f0.3_wd1.0_softmax_ce_s0,transformer,27600,init,0,4,0,operands,2,17.968674775834188,300.0,0.0,0.0992949288919577,0.0,0.0559861644494602,transformer_add97_f0.3_wd1.0_softmax_ce,canonical
transformer_add97_f0.3_wd1.0_softmax_ce_s0,transformer,27600,init,0,4,1,blocks.0.hook_attn_out,0,4.182720750190908,300.0,0.0,0.0655963054511705,0.0,0.0393596329478273,transformer_add97_f0.3_wd1.0_softmax_ce,canonical
transformer_add97_f0.3_wd1.0_softmax_ce_s0,transformer,27600,init,0,4,1,blocks.0.hook_attn_out,1,4.182720750190908,300.0,1.0,0.0545914390679337,0.0,0.0414069319708854,transformer_add97_f0.3_wd1.0_softmax_ce,canonical
transformer_add97_f0.3_wd1.0_softmax_ce_s0,transformer,27600,init,0,4,1,blocks.0.hook_attn_out,2,4.182720750190908,300.0,0.0,0.0621784640794985,0.0,0.0449001284476186,transformer_add97_f0.3_wd1.0_softmax_ce,canonical
transformer_add97_f0.3_wd1.0_softmax_ce_s0,transformer,27600,init,0,4,2,blocks.0.hook_mlp_out,0,1.044319510275715,300.0,0.0,0.0475499969434532,0.0,0.0377966892396874,transformer_add97_f0.3_wd1.0_softmax_ce,canonical
transformer_add97_f0.3_wd1.0_softmax_ce_s0,transformer,27600,init,0,4,2,blocks.0.hook_mlp_out,1,1.044319510275715,300.0,0.0,0.0526669655212005,0.0,0.0356046199848261,transformer_add97_f0.3_wd1.0_softmax_ce,canonical
transformer_add97_f0.3_wd1.0_softmax_ce_s0,transformer,27600,init,0,4,2,blocks.0.hook_mlp_out,2,1.044319510275715,300.0,1.0,0.0520310061736303,0.0,0.0400323781428665,transformer_add97_f0.3_wd1.0_softmax_ce,canonical
transformer_add97_f0.3_wd1.0_softmax_ce_s0,transformer,27600,init,0,4,3,hook_resid_final,0,3.8027131383237,300.0,0.0,0.0570009708101998,0.0,0.0393429108931926,transformer_add97_f0.3_wd1.0_softmax_ce,canonical
transformer_add97_f0.3_wd1.0_softmax_ce_s0,transformer,27600,init,0,4,3,hook_resid_final,1,3.8244013912367447,300.0,0.0,0.0560088328452721,0.0,0.0413813714519584,transformer_add97_f0.3_wd1.0_softmax_ce,canonical
transformer_add97_f0.3_wd1.0_softmax_ce_s0,transformer,27600,init,0,4,3,hook_resid_final,2,3.8244013912367447,300.0,0.0,0.0571905220841548,0.0,0.0338508251203913,transformer_add97_f0.3_wd1.0_softmax_ce,canonical
transformer_add97_f0.3_wd1.0_softmax_ce_s0,transformer,27600,init,0,4,4,logits,0,1.9695952248803263,300.0,0.0,0.0602256977222291,0.0,0.0410614839217829,transformer_add97_f0.3_wd1.0_softmax_ce,canonical
transformer_add97_f0.3_wd1.0_softmax_ce_s0,transformer,27600,init,0,4,4,logits,1,1.9695952248803263,300.0,0.0,0.0553288053708611,0.0,0.0425047120915879,transformer_add97_f0.3_wd1.0_softmax_ce,canonical
transformer_add97_f0.3_wd1.0_softmax_ce_s0,transformer,27600,init,0,4,4,logits,2,1.9695952248803263,300.0,0.0,0.0683243199178471,0.0,0.0400262985912764,transformer_add97_f0.3_wd1.0_softmax_ce,canonical
transformer_add97_f0.3_wd1.0_softmax_ce_s0,transformer,27600,init,0,2,0,operands,0,15.260057129532036,300.0,0.0,0.0873937216035757,0.0,0.0386809885785388,transformer_add97_f0.3_wd1.0_softmax_ce,canonical
transformer_add97_f0.3_wd1.0_softmax_ce_s0,transformer,27600,init,0,2,0,operands,1,15.260057129532036,300.0,0.0,0.0620208926881904,0.0,0.0427388701021862,transformer_add97_f0.3_wd1.0_softmax_ce,canonical
transformer_add97_f0.3_wd1.0_softmax_ce_s0,transformer,27600,init,0,2,0,operands,2,15.260057129532036,300.0,0.0,0.0695133481598636,0.0,0.039856000305316,transformer_add97_f0.3_wd1.0_softmax_ce,canonical
transformer_add97_f0.3_wd1.0_softmax_ce_s0,transformer,27600,init,0,2,1,blocks.0.hook_attn_out,0,3.9711571257876592,300.0,0.0,0.0248101008756043,0.0,0.0,transformer_add97_f0.3_wd1.0_softmax_ce,canonical
transformer_add97_f0.3_wd1.0_softmax_ce_s0,transformer,27600,init,0,2,1,blocks.0.hook_attn_out,1,3.9711571257876592,300.0,0.0,0.0251942061668661,0.0,0.0,transformer_add97_f0.3_wd1.0_softmax_ce,canonical
transformer_add97_f0.3_wd1.0_softmax_ce_s0,transformer,27600,init,0,2,1,blocks.0.hook_attn_out,2,3.9711571257876592,300.0,0.0,0.0259232009665073,0.0,0.0,transformer_add97_f0.3_wd1.0_softmax_ce,canonical
transformer_add97_f0.3_wd1.0_softmax_ce_s0,transformer,27600,init,0,2,2,blocks.0.hook_mlp_out,0,1.0380079665505202,300.0,0.0,0.0294618710346241,0.0,0.0,transformer_add97_f0.3_wd1.0_softmax_ce,canonical
transformer_add97_f0.3_wd1.0_softmax_ce_s0,transformer,27600,init,0,2,2,blocks.0.hook_mlp_out,1,1.0380079665505202,300.0,0.0,0.0307381679466729,0.0,0.0,transformer_add97_f0.3_wd1.0_softmax_ce,canonical
transformer_add97_f0.3_wd1.0_softmax_ce_s0,transformer,27600,init,0,2,2,blocks.0.hook_mlp_out,2,1.0380079665505202,300.0,0.0,0.0378005248338434,0.0,0.0,transformer_add97_f0.3_wd1.0_softmax_ce,canonical
transformer_add97_f0.3_wd1.0_softmax_ce_s0,transformer,27600,init,0,2,3,hook_resid_final,0,3.694417915252002,300.0,0.0,0.0276691812079377,0.0,0.0,transformer_add97_f0.3_wd1.0_softmax_ce,canonical
transformer_add97_f0.3_wd1.0_softmax_ce_s0,transformer,27600,init,0,2,3,hook_resid_final,1,3.694417915252002,300.0,0.0,0.0275572576704675,0.0,0.0,transformer_add97_f0.3_wd1.0_softmax_ce,canonical
transformer_add97_f0.3_wd1.0_softmax_ce_s0,transformer,27600,init,0,2,3,hook_resid_final,2,3.694417915252002,300.0,0.0,0.0261181756491177,0.0,0.0,transformer_add97_f0.3_wd1.0_softmax_ce,canonical
transformer_add97_f0.3_wd1.0_softmax_ce_s0,transformer,27600,init,0,2,4,logits,0,1.9034552786338477,300.0,0.0,0.0269773602051623,0.0,0.0,transformer_add97_f0.3_wd1.0_softmax_ce,canonical
transformer_add97_f0.3_wd1.0_softmax_ce_s0,transformer,27600,init,0,2,4,logits,1,1.899162421159969,300.0,0.0,0.022714410592834,0.0,0.0,transformer_add97_f0.3_wd1.0_softmax_ce,canonical
transformer_add97_f0.3_wd1.0_softmax_ce_s0,transformer,27600,init,0,2,4,logits,2,1.9034552786338477,300.0,0.0,0.0348280141714873,0.0,0.0,transformer_add97_f0.3_wd1.0_softmax_ce,canonical
transformer_add97_f0.3_wd1.0_softmax_ce_s0,transformer,27600,before,24232,8,0,operands,0,0.1901034566726015,300.0,0.0,0.0901192281462851,0.0,0.055526039356862,transformer_add97_f0.3_wd1.0_softmax_ce,canonical
transformer_add97_f0.3_wd1.0_softmax_ce_s0,transformer,27600,before,24232,8,0,operands,1,0.1900959493146704,300.0,0.0,0.0865763763398268,0.0,0.061547967132177,transformer_add97_f0.3_wd1.0_softmax_ce,canonical
transformer_add97_f0.3_wd1.0_softmax_ce_s0,transformer,27600,before,24232,8,0,operands,2,0.1936062833013619,300.0,0.0,0.0812945872745554,1.0,0.0610595671617348,transformer_add97_f0.3_wd1.0_softmax_ce,canonical
transformer_add97_f0.3_wd1.0_softmax_ce_s0,transformer,27600,before,24232,8,1,blocks.0.hook_attn_out,0,0.0647256817256666,300.0,0.0,0.0761220593368518,0.0,0.0517697665215554,transformer_add97_f0.3_wd1.0_softmax_ce,canonical
transformer_add97_f0.3_wd1.0_softmax_ce_s0,transformer,27600,before,24232,8,1,blocks.0.hook_attn_out,1,0.0647256817256666,300.0,0.0,0.070824375341488,0.0,0.0587049782200018,transformer_add97_f0.3_wd1.0_softmax_ce,canonical
transformer_add97_f0.3_wd1.0_softmax_ce_s0,transformer,27600,before,24232,8,1,blocks.0.hook_attn_out,2,0.0648023973997432,300.0,0.0,0.0739205633598435,0.0,0.0486500314847123,transformer_add97_f0.3_wd1.0_softmax_ce,canonical
transformer_add97_f0.3_wd1.0_softmax_ce_s0,transformer,27600,before,24232,8,2,blocks.0.hook_mlp_out,0,0.1319620049133936,300.0,0.0,0.0774352890354386,1.0,0.0533353757361253,transformer_add97_f0.3_wd1.0_softmax_ce,canonical
transformer_add97_f0.3_wd1.0_softmax_ce_s0,transformer,27600,before,24232,8,2,blocks.0.hook_mlp_out,1,0.1324503777768162,300.0,0.0,0.0813755773238263,0.0,0.0489039358730627,transformer_add97_f0.3_wd1.0_softmax_ce,canonical
transformer_add97_f0.3_wd1.0_softmax_ce_s0,transformer,27600,before,24232,8,2,blocks.0.hook_mlp_out,2,0.1250333756615721,300.0,0.0,0.0818194437725778,0.0,0.0617233814956443,transformer_add97_f0.3_wd1.0_softmax_ce,canonical
transformer_add97_f0.3_wd1.0_softmax_ce_s0,transformer,27600,before,24232,8,3,hook_resid_final,0,7.005276899099672,300.0,0.0,0.0857378200726161,0.0,0.0498775776323005,transformer_add97_f0.3_wd1.0_softmax_ce,canonical
transformer_add97_f0.3_wd1.0_softmax_ce_s0,transformer,27600,before,24232,8,3,hook_resid_final,1,6.968407957286866,300.0,0.0,0.0849848151736602,0.0,0.0528851109877103,transformer_add97_f0.3_wd1.0_softmax_ce,canonical
transformer_add97_f0.3_wd1.0_softmax_ce_s0,transformer,27600,before,24232,8,3,hook_resid_final,2,6.985994143742853,300.0,0.0,0.0833292061644659,0.0,0.0579645332612437,transformer_add97_f0.3_wd1.0_softmax_ce,canonical
transformer_add97_f0.3_wd1.0_softmax_ce_s0,transformer,27600,before,24232,8,4,logits,0,38.10192570401848,300.0,0.0,0.0797302767955456,0.0,0.0531304906713732,transformer_add97_f0.3_wd1.0_softmax_ce,canonical
transformer_add97_f0.3_wd1.0_softmax_ce_s0,transformer,27600,before,24232,8,4,logits,1,38.35491729491201,300.0,0.0,0.0772778473311536,1.0,0.0514696564941273,transformer_add97_f0.3_wd1.0_softmax_ce,canonical
transformer_add97_f0.3_wd1.0_softmax_ce_s0,transformer,27600,before,24232,8,4,logits,2,38.06473888844619,300.0,0.0,0.0954510396540467,1.0,0.0587581404452897,transformer_add97_f0.3_wd1.0_softmax_ce,canonical
transformer_add97_f0.3_wd1.0_softmax_ce_s0,transformer,27600,before,24232,4,0,operands,0,0.1812928123682239,300.0,0.0,0.0880588333441994,0.0,0.0564726672483746,transformer_add97_f0.3_wd1.0_softmax_ce,canonical
transformer_add97_f0.3_wd1.0_softmax_ce_s0,transformer,27600,before,24232,4,0,operands,1,0.1868563286032699,300.0,0.0,0.0866352160504245,0.0,0.0537290878853122,transformer_add97_f0.3_wd1.0_softmax_ce,canonical
transformer_add97_f0.3_wd1.0_softmax_ce_s0,transformer,27600,before,24232,4,0,operands,2,0.1833791044697295,300.0,0.0,0.0773978039174329,0.0,0.0523387356598254,transformer_add97_f0.3_wd1.0_softmax_ce,canonical
transformer_add97_f0.3_wd1.0_softmax_ce_s0,transformer,27600,before,24232,4,1,blocks.0.hook_attn_out,0,0.0587591370484176,300.0,0.0,0.0561819084272304,0.0,0.0434256924889896,transformer_add97_f0.3_wd1.0_softmax_ce,canonical
transformer_add97_f0.3_wd1.0_softmax_ce_s0,transformer,27600,before,24232,4,1,blocks.0.hook_attn_out,1,0.0587591370484176,300.0,0.0,0.0622490664258801,0.0,0.0391957838609386,transformer_add97_f0.3_wd1.0_softmax_ce,canonical
transformer_add97_f0.3_wd1.0_softmax_ce_s0,transformer,27600,before,24232,4,1,blocks.0.hook_attn_out,2,0.057946027743592,300.0,0.0,0.0555021764945715,0.0,0.0434153844962545,transformer_add97_f0.3_wd1.0_softmax_ce,canonical
transformer_add97_f0.3_wd1.0_softmax_ce_s0,transformer,27600,before,24232,4,2,blocks.0.hook_mlp_out,0,0.1247697356480745,300.0,0.0,0.052212172528175,0.0,0.0417929520911762,transformer_add97_f0.3_wd1.0_softmax_ce,canonical
transformer_add97_f0.3_wd1.0_softmax_ce_s0,transformer,27600,before,24232,4,2,blocks.0.hook_mlp_out,1,0.125169122581348,300.0,0.0,0.0577002762010665,0.0,0.035304047146824,transformer_add97_f0.3_wd1.0_softmax_ce,canonical
transformer_add97_f0.3_wd1.0_softmax_ce_s0,transformer,27600,before,24232,4,2,blocks.0.hook_mlp_out,2,0.1247697356480745,300.0,0.0,0.0635707342042263,0.0,0.0381542252079257,transformer_add97_f0.3_wd1.0_softmax_ce,canonical
transformer_add97_f0.3_wd1.0_softmax_ce_s0,transformer,27600,before,24232,4,3,hook_resid_final,0,6.337646863041241,300.0,0.0,0.0543777572639712,0.0,0.043044889132349,transformer_add97_f0.3_wd1.0_softmax_ce,canonical
transformer_add97_f0.3_wd1.0_softmax_ce_s0,transformer,27600,before,24232,4,3,hook_resid_final,1,6.622073604105903,300.0,0.0,0.0586727488068496,0.0,0.0441312853240146,transformer_add97_f0.3_wd1.0_softmax_ce,canonical
transformer_add97_f0.3_wd1.0_softmax_ce_s0,transformer,27600,before,24232,4,3,hook_resid_final,2,6.622073604105903,300.0,0.0,0.0605811383461522,0.0,0.0401586826058606,transformer_add97_f0.3_wd1.0_softmax_ce,canonical
transformer_add97_f0.3_wd1.0_softmax_ce_s0,transformer,27600,before,24232,4,4,logits,0,35.86605512883397,300.0,0.0,0.0697112092800032,0.0,0.047472026919275,transformer_add97_f0.3_wd1.0_softmax_ce,canonical
transformer_add97_f0.3_wd1.0_softmax_ce_s0,transformer,27600,before,24232,4,4,logits,1,35.87451449297824,300.0,0.0,0.065102039373392,0.0,0.0433153704458024,transformer_add97_f0.3_wd1.0_softmax_ce,canonical
transformer_add97_f0.3_wd1.0_softmax_ce_s0,transformer,27600,before,24232,4,4,logits,2,35.640684488853175,300.0,0.0,0.0609310726904891,0.0,0.0355843063361547,transformer_add97_f0.3_wd1.0_softmax_ce,canonical
transformer_add97_f0.3_wd1.0_softmax_ce_s0,transformer,27600,before,24232,2,0,operands,0,0.1806637797027329,300.0,0.0,0.0689625041062164,0.0,0.0419442498306276,transformer_add97_f0.3_wd1.0_softmax_ce,canonical
transformer_add97_f0.3_wd1.0_softmax_ce_s0,transformer,27600,before,24232,2,0,operands,1,0.1806637797027329,300.0,0.0,0.0661044975111344,0.0,0.0483775921894614,transformer_add97_f0.3_wd1.0_softmax_ce,canonical
transformer_add97_f0.3_wd1.0_softmax_ce_s0,transformer,27600,before,24232,2,0,operands,2,0.1806637797027329,300.0,0.0,0.0717595166895437,0.0,0.0426384020996312,transformer_add97_f0.3_wd1.0_softmax_ce,canonical
transformer_add97_f0.3_wd1.0_softmax_ce_s0,transformer,27600,before,24232,2,1,blocks.0.hook_attn_out,0,0.0492759896385965,300.0,0.0,0.0402616979986428,0.0,0.0,transformer_add97_f0.3_wd1.0_softmax_ce,canonical
transformer_add97_f0.3_wd1.0_softmax_ce_s0,transformer,27600,before,24232,2,1,blocks.0.hook_attn_out,1,0.0491364598146833,300.0,0.0,0.0321735996713583,0.0,0.0,transformer_add97_f0.3_wd1.0_softmax_ce,canonical
transformer_add97_f0.3_wd1.0_softmax_ce_s0,transformer,27600,before,24232,2,1,blocks.0.hook_attn_out,2,0.0487728662831758,300.0,0.0,0.0275722305215815,0.0,0.0,transformer_add97_f0.3_wd1.0_softmax_ce,canonical
transformer_add97_f0.3_wd1.0_softmax_ce_s0,transformer,27600,before,24232,2,2,blocks.0.hook_mlp_out,0,0.107873788427682,300.0,0.0,0.0276188440991495,0.0,0.0,transformer_add97_f0.3_wd1.0_softmax_ce,canonical
transformer_add97_f0.3_wd1.0_softmax_ce_s0,transformer,27600,before,24232,2,2,blocks.0.hook_mlp_out,1,0.1074614943773749,300.0,0.0,0.0416310524864503,0.0,0.0,transformer_add97_f0.3_wd1.0_softmax_ce,canonical
transformer_add97_f0.3_wd1.0_softmax_ce_s0,transformer,27600,before,24232,2,2,blocks.0.hook_mlp_out,2,0.107873788427682,300.0,0.0,0.0297414502905934,0.0,0.0,transformer_add97_f0.3_wd1.0_softmax_ce,canonical
transformer_add97_f0.3_wd1.0_softmax_ce_s0,transformer,27600,before,24232,2,3,hook_resid_final,0,5.985667873201611,300.0,0.0,0.0300353377330463,0.0,0.0,transformer_add97_f0.3_wd1.0_softmax_ce,canonical
transformer_add97_f0.3_wd1.0_softmax_ce_s0,transformer,27600,before,24232,2,3,hook_resid_final,1,5.985667873201611,300.0,0.0,0.0252660045157818,0.0,0.0002667221844126,transformer_add97_f0.3_wd1.0_softmax_ce,canonical
transformer_add97_f0.3_wd1.0_softmax_ce_s0,transformer,27600,before,24232,2,3,hook_resid_final,2,5.985667873201611,300.0,0.0,0.0277299807692807,0.0,0.0,transformer_add97_f0.3_wd1.0_softmax_ce,canonical
transformer_add97_f0.3_wd1.0_softmax_ce_s0,transformer,27600,before,24232,2,4,logits,0,32.81613306765024,300.0,0.0,0.0321337660984661,0.0,0.0015285507031663,transformer_add97_f0.3_wd1.0_softmax_ce,canonical
transformer_add97_f0.3_wd1.0_softmax_ce_s0,transformer,27600,before,24232,2,4,logits,1,32.85136557469476,300.0,0.0,0.0370650473245033,0.0,0.0,transformer_add97_f0.3_wd1.0_softmax_ce,canonical
transformer_add97_f0.3_wd1.0_softmax_ce_s0,transformer,27600,before,24232,2,4,logits,2,32.85136557469476,300.0,0.0,0.0302513021789229,0.0,0.0,transformer_add97_f0.3_wd1.0_softmax_ce,canonical
transformer_add97_f0.3_wd1.0_softmax_ce_s0,transformer,27600,at,27963,8,0,operands,0,0.1599669986274721,300.0,0.0,0.1451320407631491,1.0,0.053410864269331,transformer_add97_f0.3_wd1.0_softmax_ce,canonical
transformer_add97_f0.3_wd1.0_softmax_ce_s0,transformer,27600,at,27963,8,0,operands,1,0.162951670194247,300.0,0.0,0.1085246070206165,0.0,0.0519673927501115,transformer_add97_f0.3_wd1.0_softmax_ce,canonical
transformer_add97_f0.3_wd1.0_softmax_ce_s0,transformer,27600,at,27963,8,0,operands,2,0.1665982272425202,300.0,0.0,0.1167809318490468,0.0,0.0479867665204173,transformer_add97_f0.3_wd1.0_softmax_ce,canonical
transformer_add97_f0.3_wd1.0_softmax_ce_s0,transformer,27600,at,27963,8,1,blocks.0.hook_attn_out,0,0.0710466603794021,300.0,0.0,0.0758896704654917,0.0,0.0495838996584672,transformer_add97_f0.3_wd1.0_softmax_ce,canonical
transformer_add97_f0.3_wd1.0_softmax_ce_s0,transformer,27600,at,27963,8,1,blocks.0.hook_attn_out,1,0.0713848058876375,300.0,0.0,0.0756149880003571,0.0,0.051880568499819,transformer_add97_f0.3_wd1.0_softmax_ce,canonical
transformer_add97_f0.3_wd1.0_softmax_ce_s0,transformer,27600,at,27963,8,1,blocks.0.hook_attn_out,2,0.0710529942731263,300.0,0.0,0.0787056704007271,0.0,0.0708159638826159,transformer_add97_f0.3_wd1.0_softmax_ce,canonical
transformer_add97_f0.3_wd1.0_softmax_ce_s0,transformer,27600,at,27963,8,2,blocks.0.hook_mlp_out,0,0.1348248330667675,300.0,0.0,0.0656351234671238,0.0,0.0450210420931521,transformer_add97_f0.3_wd1.0_softmax_ce,canonical
transformer_add97_f0.3_wd1.0_softmax_ce_s0,transformer,27600,at,27963,8,2,blocks.0.hook_mlp_out,1,0.149140743347844,300.0,0.0,0.0700978791439571,0.0,0.0421736528936001,transformer_add97_f0.3_wd1.0_softmax_ce,canonical
transformer_add97_f0.3_wd1.0_softmax_ce_s0,transformer,27600,at,27963,8,2,blocks.0.hook_mlp_out,2,0.149140743347844,300.0,0.0,0.0689890400486361,0.0,0.0387896354364931,transformer_add97_f0.3_wd1.0_softmax_ce,canonical
transformer_add97_f0.3_wd1.0_softmax_ce_s0,transformer,27600,at,27963,8,3,hook_resid_final,0,7.298149171219833,300.0,0.0,0.0821239498601135,0.0,0.0528193510844947,transformer_add97_f0.3_wd1.0_softmax_ce,canonical
transformer_add97_f0.3_wd1.0_softmax_ce_s0,transformer,27600,at,27963,8,3,hook_resid_final,1,7.404895263502296,300.0,0.0,0.0958650394904806,0.0,0.0573784561648903,transformer_add97_f0.3_wd1.0_softmax_ce,canonical
transformer_add97_f0.3_wd1.0_softmax_ce_s0,transformer,27600,at,27963,8,3,hook_resid_final,2,7.450835003719227,300.0,0.0,0.1050085743875028,0.0,0.0548912776878077,transformer_add97_f0.3_wd1.0_softmax_ce,canonical
transformer_add97_f0.3_wd1.0_softmax_ce_s0,transformer,27600,at,27963,8,4,logits,0,42.53235950784643,300.0,0.0,0.0936933596628253,0.0,0.0492062818147293,transformer_add97_f0.3_wd1.0_softmax_ce,canonical
transformer_add97_f0.3_wd1.0_softmax_ce_s0,transformer,27600,at,27963,8,4,logits,1,42.11487653963506,300.0,0.0,0.0879554106901135,0.0,0.0541223253257826,transformer_add97_f0.3_wd1.0_softmax_ce,canonical
transformer_add97_f0.3_wd1.0_softmax_ce_s0,transformer,27600,at,27963,8,4,logits,2,41.30661469040879,300.0,0.0,0.0865299379072867,0.0,0.0517658564248772,transformer_add97_f0.3_wd1.0_softmax_ce,canonical
transformer_add97_f0.3_wd1.0_softmax_ce_s0,transformer,27600,at,27963,4,0,operands,0,0.1471396882845658,300.0,0.0,0.0919644823813514,0.0,0.0563812766505704,transformer_add97_f0.3_wd1.0_softmax_ce,canonical
transformer_add97_f0.3_wd1.0_softmax_ce_s0,transformer,27600,at,27963,4,0,operands,1,0.1476208483879706,300.0,0.0,0.1087641486645023,0.0,0.0587422060587055,transformer_add97_f0.3_wd1.0_softmax_ce,canonical
transformer_add97_f0.3_wd1.0_softmax_ce_s0,transformer,27600,at,27963,4,0,operands,2,0.1457523575759789,300.0,0.0,0.1014346018869073,0.0,0.0565476885126256,transformer_add97_f0.3_wd1.0_softmax_ce,canonical
transformer_add97_f0.3_wd1.0_softmax_ce_s0,transformer,27600,at,27963,4,1,blocks.0.hook_attn_out,0,0.0673854878868278,300.0,0.0,0.0609820520483922,0.0,0.0407697827114624,transformer_add97_f0.3_wd1.0_softmax_ce,canonical
transformer_add97_f0.3_wd1.0_softmax_ce_s0,transformer,27600,at,27963,4,1,blocks.0.hook_attn_out,1,0.067450980444186,300.0,0.0,0.0583863524313019,0.0,0.0327326200086849,transformer_add97_f0.3_wd1.0_softmax_ce,canonical
transformer_add97_f0.3_wd1.0_softmax_ce_s0,transformer,27600,at,27963,4,1,blocks.0.hook_attn_out,2,0.0673854878868278,300.0,0.0,0.0604152188332517,0.0,0.0372162430506022,transformer_add97_f0.3_wd1.0_softmax_ce,canonical
transformer_add97_f0.3_wd1.0_softmax_ce_s0,transformer,27600,at,27963,4,2,blocks.0.hook_mlp_out,0,0.144641407112536,300.0,0.0,0.0469807876019732,0.0,0.0294667235395774,transformer_add97_f0.3_wd1.0_softmax_ce,canonical
transformer_add97_f0.3_wd1.0_softmax_ce_s0,transformer,27600,at,27963,4,2,blocks.0.hook_mlp_out,1,0.1470436854817275,300.0,1.0,0.0500108827683563,0.0,0.027908714804297,transformer_add97_f0.3_wd1.0_softmax_ce,canonical
transformer_add97_f0.3_wd1.0_softmax_ce_s0,transformer,27600,at,27963,4,2,blocks.0.hook_mlp_out,2,0.1470436854817275,300.0,0.0,0.0454171657019975,0.0,0.0274514509348784,transformer_add97_f0.3_wd1.0_softmax_ce,canonical
transformer_add97_f0.3_wd1.0_softmax_ce_s0,transformer,27600,at,27963,4,3,hook_resid_final,0,6.776369492587423,300.0,0.0,0.0698827408782768,1.0,0.0524643212265227,transformer_add97_f0.3_wd1.0_softmax_ce,canonical
transformer_add97_f0.3_wd1.0_softmax_ce_s0,transformer,27600,at,27963,4,3,hook_resid_final,1,6.7953008887876365,300.0,0.0,0.0787960617350822,0.0,0.0423048281336699,transformer_add97_f0.3_wd1.0_softmax_ce,canonical
transformer_add97_f0.3_wd1.0_softmax_ce_s0,transformer,27600,at,27963,4,3,hook_resid_final,2,6.824270297790287,300.0,0.0,0.066198502937704,0.0,0.0461483784699825,transformer_add97_f0.3_wd1.0_softmax_ce,canonical
transformer_add97_f0.3_wd1.0_softmax_ce_s0,transformer,27600,at,27963,4,4,logits,0,38.39804014732755,300.0,0.0,0.059144609803833,0.0,0.0428911334180758,transformer_add97_f0.3_wd1.0_softmax_ce,canonical
transformer_add97_f0.3_wd1.0_softmax_ce_s0,transformer,27600,at,27963,4,4,logits,1,37.73919808423757,300.0,0.0,0.0651400058751429,0.0,0.0370763677707062,transformer_add97_f0.3_wd1.0_softmax_ce,canonical
transformer_add97_f0.3_wd1.0_softmax_ce_s0,transformer,27600,at,27963,4,4,logits,2,38.39804014732755,300.0,0.0,0.0582146802132113,0.0,0.0467875885725843,transformer_add97_f0.3_wd1.0_softmax_ce,canonical
transformer_add97_f0.3_wd1.0_softmax_ce_s0,transformer,27600,at,27963,2,0,operands,0,0.1391112207571098,300.0,0.0,0.059711559960252,0.0,0.0412200249689464,transformer_add97_f0.3_wd1.0_softmax_ce,canonical
transformer_add97_f0.3_wd1.0_softmax_ce_s0,transformer,27600,at,27963,2,0,operands,1,0.1375638755814557,300.0,0.0,0.071486810486124,0.0,0.0401836766914766,transformer_add97_f0.3_wd1.0_softmax_ce,canonical
transformer_add97_f0.3_wd1.0_softmax_ce_s0,transformer,27600,at,27963,2,0,operands,2,0.1359989264275534,300.0,0.0,0.0581635809192951,0.0,0.0461719685306597,transformer_add97_f0.3_wd1.0_softmax_ce,canonical
transformer_add97_f0.3_wd1.0_softmax_ce_s0,transformer,27600,at,27963,2,1,blocks.0.hook_attn_out,0,0.0595962439337194,300.0,0.0,0.0408637828908353,0.0,0.0,transformer_add97_f0.3_wd1.0_softmax_ce,canonical
transformer_add97_f0.3_wd1.0_softmax_ce_s0,transformer,27600,at,27963,2,1,blocks.0.hook_attn_out,1,0.0595962439337194,300.0,0.0,0.0309104269126183,0.0,0.0016952858132196,transformer_add97_f0.3_wd1.0_softmax_ce,canonical
transformer_add97_f0.3_wd1.0_softmax_ce_s0,transformer,27600,at,27963,2,1,blocks.0.hook_attn_out,2,0.0595623583331794,300.0,0.0,0.0298370115813115,0.0,0.0011241803608797,transformer_add97_f0.3_wd1.0_softmax_ce,canonical
transformer_add97_f0.3_wd1.0_softmax_ce_s0,transformer,27600,at,27963,2,2,blocks.0.hook_mlp_out,0,0.1025427394405521,300.0,0.0,0.0328085669471533,0.0,0.0,transformer_add97_f0.3_wd1.0_softmax_ce,canonical
transformer_add97_f0.3_wd1.0_softmax_ce_s0,transformer,27600,at,27963,2,2,blocks.0.hook_mlp_out,1,0.1025427394405521,300.0,0.0,0.0285703132445832,0.0,0.0,transformer_add97_f0.3_wd1.0_softmax_ce,canonical
transformer_add97_f0.3_wd1.0_softmax_ce_s0,transformer,27600,at,27963,2,2,blocks.0.hook_mlp_out,2,0.1025427394405521,300.0,0.0,0.0275609987062582,0.0,0.0,transformer_add97_f0.3_wd1.0_softmax_ce,canonical
transformer_add97_f0.3_wd1.0_softmax_ce_s0,transformer,27600,at,27963,2,3,hook_resid_final,0,6.097644623813663,300.0,0.0,0.0247470807037529,0.0,0.0,transformer_add97_f0.3_wd1.0_softmax_ce,canonical
transformer_add97_f0.3_wd1.0_softmax_ce_s0,transformer,27600,at,27963,2,3,hook_resid_final,1,6.097644623813663,300.0,0.0,0.0269009200703771,0.0,0.0,transformer_add97_f0.3_wd1.0_softmax_ce,canonical
transformer_add97_f0.3_wd1.0_softmax_ce_s0,transformer,27600,at,27963,2,3,hook_resid_final,2,6.103190006110777,300.0,0.0,0.0383743470530325,0.0,0.0,transformer_add97_f0.3_wd1.0_softmax_ce,canonical
transformer_add97_f0.3_wd1.0_softmax_ce_s0,transformer,27600,at,27963,2,4,logits,0,31.940930768336216,300.0,0.0,0.0263110561496311,0.0,0.0,transformer_add97_f0.3_wd1.0_softmax_ce,canonical
transformer_add97_f0.3_wd1.0_softmax_ce_s0,transformer,27600,at,27963,2,4,logits,1,31.868409608690403,300.0,0.0,0.0318243751728458,0.0,0.0,transformer_add97_f0.3_wd1.0_softmax_ce,canonical
transformer_add97_f0.3_wd1.0_softmax_ce_s0,transformer,27600,at,27963,2,4,logits,2,31.940930768336216,300.0,0.0,0.0308720819018276,0.0,0.0,transformer_add97_f0.3_wd1.0_softmax_ce,canonical
transformer_add97_f0.3_wd1.0_softmax_ce_s0,transformer,27600,after,40000,8,0,operands,0,0.1377595624384007,300.0,0.0,0.0923987152671537,0.0,0.0471175002047329,transformer_add97_f0.3_wd1.0_softmax_ce,canonical
transformer_add97_f0.3_wd1.0_softmax_ce_s0,transformer,27600,after,40000,8,0,operands,1,0.1377595624384007,300.0,0.0,0.0858919028872405,0.0,0.0529054017458511,transformer_add97_f0.3_wd1.0_softmax_ce,canonical
transformer_add97_f0.3_wd1.0_softmax_ce_s0,transformer,27600,after,40000,8,0,operands,2,0.1373207416583474,300.0,0.0,0.1095461922750559,0.0,0.0488687517932421,transformer_add97_f0.3_wd1.0_softmax_ce,canonical
transformer_add97_f0.3_wd1.0_softmax_ce_s0,transformer,27600,after,40000,8,1,blocks.0.hook_attn_out,0,0.0720988138946773,300.0,0.0,0.0825438706004203,1.0,0.0505760396322054,transformer_add97_f0.3_wd1.0_softmax_ce,canonical
transformer_add97_f0.3_wd1.0_softmax_ce_s0,transformer,27600,after,40000,8,1,blocks.0.hook_attn_out,1,0.0733320953329744,300.0,0.0,0.0646062857471591,0.0,0.051771876740622,transformer_add97_f0.3_wd1.0_softmax_ce,canonical
transformer_add97_f0.3_wd1.0_softmax_ce_s0,transformer,27600,after,40000,8,1,blocks.0.hook_attn_out,2,0.0733320953329744,300.0,0.0,0.0662664131955267,1.0,0.0502792123848213,transformer_add97_f0.3_wd1.0_softmax_ce,canonical
transformer_add97_f0.3_wd1.0_softmax_ce_s0,transformer,27600,after,40000,8,2,blocks.0.hook_mlp_out,0,0.1512348561763629,300.0,0.0,0.0731571497502768,0.0,0.0380446757389207,transformer_add97_f0.3_wd1.0_softmax_ce,canonical
transformer_add97_f0.3_wd1.0_softmax_ce_s0,transformer,27600,after,40000,8,2,blocks.0.hook_mlp_out,1,0.1540314258173636,300.0,0.0,0.0766865059466325,0.0,0.0348613855368008,transformer_add97_f0.3_wd1.0_softmax_ce,canonical
transformer_add97_f0.3_wd1.0_softmax_ce_s0,transformer,27600,after,40000,8,2,blocks.0.hook_mlp_out,2,0.1560429071611017,300.0,0.0,0.0730288923641247,0.0,0.0353175482742288,transformer_add97_f0.3_wd1.0_softmax_ce,canonical
transformer_add97_f0.3_wd1.0_softmax_ce_s0,transformer,27600,after,40000,8,3,hook_resid_final,0,7.590640652518352,300.0,0.0,0.1058403084688095,0.0,0.0360256816935573,transformer_add97_f0.3_wd1.0_softmax_ce,canonical
transformer_add97_f0.3_wd1.0_softmax_ce_s0,transformer,27600,after,40000,8,3,hook_resid_final,1,7.625845428038352,300.0,0.0,0.0777364120504143,0.0,0.0458435446194088,transformer_add97_f0.3_wd1.0_softmax_ce,canonical
transformer_add97_f0.3_wd1.0_softmax_ce_s0,transformer,27600,after,40000,8,3,hook_resid_final,2,7.524388075670765,300.0,0.0,0.0817081131973322,0.0,0.0378924352258624,transformer_add97_f0.3_wd1.0_softmax_ce,canonical
transformer_add97_f0.3_wd1.0_softmax_ce_s0,transformer,27600,after,40000,8,4,logits,0,32.749138627108515,300.0,0.0,0.1106812853919651,0.0,0.0464999657394704,transformer_add97_f0.3_wd1.0_softmax_ce,canonical
transformer_add97_f0.3_wd1.0_softmax_ce_s0,transformer,27600,after,40000,8,4,logits,1,33.26442821777772,300.0,0.0,0.0948956228917601,0.0,0.0426260613114602,transformer_add97_f0.3_wd1.0_softmax_ce,canonical
transformer_add97_f0.3_wd1.0_softmax_ce_s0,transformer,27600,after,40000,8,4,logits,2,33.56595873732432,300.0,0.0,0.0829397360916942,1.0,0.05082136281831,transformer_add97_f0.3_wd1.0_softmax_ce,canonical
transformer_add97_f0.3_wd1.0_softmax_ce_s0,transformer,27600,after,40000,4,0,operands,0,0.1317838167813496,300.0,0.0,0.102621906085657,0.0,0.0439946360016623,transformer_add97_f0.3_wd1.0_softmax_ce,canonical
transformer_add97_f0.3_wd1.0_softmax_ce_s0,transformer,27600,after,40000,4,0,operands,1,0.1331987852283493,300.0,0.0,0.0971321249688125,0.0,0.0454261902609438,transformer_add97_f0.3_wd1.0_softmax_ce,canonical
transformer_add97_f0.3_wd1.0_softmax_ce_s0,transformer,27600,after,40000,4,0,operands,2,0.1317838167813496,300.0,0.0,0.1036951362813347,0.0,0.0442022658754244,transformer_add97_f0.3_wd1.0_softmax_ce,canonical
transformer_add97_f0.3_wd1.0_softmax_ce_s0,transformer,27600,after,40000,4,1,blocks.0.hook_attn_out,0,0.0669021564060644,300.0,0.0,0.0566289630702502,0.0,0.0343318007828742,transformer_add97_f0.3_wd1.0_softmax_ce,canonical
transformer_add97_f0.3_wd1.0_softmax_ce_s0,transformer,27600,after,40000,4,1,blocks.0.hook_attn_out,1,0.0669021564060644,300.0,0.0,0.0624652579772174,0.0,0.0368507452972157,transformer_add97_f0.3_wd1.0_softmax_ce,canonical
transformer_add97_f0.3_wd1.0_softmax_ce_s0,transformer,27600,after,40000,4,1,blocks.0.hook_attn_out,2,0.0669021564060644,300.0,0.0,0.0597880215696867,0.0,0.0369043120200186,transformer_add97_f0.3_wd1.0_softmax_ce,canonical
transformer_add97_f0.3_wd1.0_softmax_ce_s0,transformer,27600,after,40000,4,2,blocks.0.hook_mlp_out,0,0.1425800793389346,300.0,1.0,0.0511761665938271,0.0,0.0336175517190991,transformer_add97_f0.3_wd1.0_softmax_ce,canonical
transformer_add97_f0.3_wd1.0_softmax_ce_s0,transformer,27600,after,40000,4,2,blocks.0.hook_mlp_out,1,0.1461085252166953,300.0,0.0,0.0398942562786311,0.0,0.030876775139296,transformer_add97_f0.3_wd1.0_softmax_ce,canonical
transformer_add97_f0.3_wd1.0_softmax_ce_s0,transformer,27600,after,40000,4,2,blocks.0.hook_mlp_out,2,0.1461085252166953,300.0,0.0,0.0467765771160176,0.0,0.0346637541443152,transformer_add97_f0.3_wd1.0_softmax_ce,canonical
transformer_add97_f0.3_wd1.0_softmax_ce_s0,transformer,27600,after,40000,4,3,hook_resid_final,0,6.79718597284486,300.0,0.0,0.0694845395247308,0.0,0.0622512748893777,transformer_add97_f0.3_wd1.0_softmax_ce,canonical
transformer_add97_f0.3_wd1.0_softmax_ce_s0,transformer,27600,after,40000,4,3,hook_resid_final,1,6.7768286450870745,300.0,0.0,0.0751141826948347,1.0,0.0594910382372257,transformer_add97_f0.3_wd1.0_softmax_ce,canonical
transformer_add97_f0.3_wd1.0_softmax_ce_s0,transformer,27600,after,40000,4,3,hook_resid_final,2,6.820252708869533,300.0,0.0,0.0747151233798538,1.0,0.0636742090304066,transformer_add97_f0.3_wd1.0_softmax_ce,canonical
transformer_add97_f0.3_wd1.0_softmax_ce_s0,transformer,27600,after,40000,4,4,logits,0,29.770825666754384,300.0,0.0,0.0787469280516538,0.0,0.044964320748366,transformer_add97_f0.3_wd1.0_softmax_ce,canonical
transformer_add97_f0.3_wd1.0_softmax_ce_s0,transformer,27600,after,40000,4,4,logits,1,30.56581945971961,300.0,0.0,0.0725044026912819,0.0,0.0484423299684538,transformer_add97_f0.3_wd1.0_softmax_ce,canonical
transformer_add97_f0.3_wd1.0_softmax_ce_s0,transformer,27600,after,40000,4,4,logits,2,29.947521677931096,300.0,0.0,0.0801757772225074,0.0,0.0373492952563737,transformer_add97_f0.3_wd1.0_softmax_ce,canonical
transformer_add97_f0.3_wd1.0_softmax_ce_s0,transformer,27600,after,40000,2,0,operands,0,0.1001860795098712,300.0,0.0,0.0690182118484444,0.0,0.0405114865879946,transformer_add97_f0.3_wd1.0_softmax_ce,canonical
transformer_add97_f0.3_wd1.0_softmax_ce_s0,transformer,27600,after,40000,2,0,operands,1,0.1037427228305904,300.0,0.0,0.0706627259815485,0.0,0.0374634468045931,transformer_add97_f0.3_wd1.0_softmax_ce,canonical
transformer_add97_f0.3_wd1.0_softmax_ce_s0,transformer,27600,after,40000,2,0,operands,2,0.1016568022857828,300.0,0.0,0.0623653862221672,0.0,0.0360988356990227,transformer_add97_f0.3_wd1.0_softmax_ce,canonical
transformer_add97_f0.3_wd1.0_softmax_ce_s0,transformer,27600,after,40000,2,1,blocks.0.hook_attn_out,0,0.061355708865527,300.0,0.0,0.0414664441449953,0.0,0.0043993952764872,transformer_add97_f0.3_wd1.0_softmax_ce,canonical
transformer_add97_f0.3_wd1.0_softmax_ce_s0,transformer,27600,after,40000,2,1,blocks.0.hook_attn_out,1,0.061355708865527,300.0,0.0,0.0428895084824325,0.0,0.005861405311725,transformer_add97_f0.3_wd1.0_softmax_ce,canonical
transformer_add97_f0.3_wd1.0_softmax_ce_s0,transformer,27600,after,40000,2,1,blocks.0.hook_attn_out,2,0.061355708865527,300.0,0.0,0.038347927066328,0.0,0.00253499949072,transformer_add97_f0.3_wd1.0_softmax_ce,canonical
transformer_add97_f0.3_wd1.0_softmax_ce_s0,transformer,27600,after,40000,2,2,blocks.0.hook_mlp_out,0,0.1264069340913955,300.0,0.0,0.0392569280253687,0.0,0.0,transformer_add97_f0.3_wd1.0_softmax_ce,canonical
transformer_add97_f0.3_wd1.0_softmax_ce_s0,transformer,27600,after,40000,2,2,blocks.0.hook_mlp_out,1,0.1264069340913955,300.0,0.0,0.0283760190212587,0.0,0.0,transformer_add97_f0.3_wd1.0_softmax_ce,canonical
transformer_add97_f0.3_wd1.0_softmax_ce_s0,transformer,27600,after,40000,2,2,blocks.0.hook_mlp_out,2,0.1264069340913955,300.0,0.0,0.0244320400694636,0.0,0.0,transformer_add97_f0.3_wd1.0_softmax_ce,canonical
transformer_add97_f0.3_wd1.0_softmax_ce_s0,transformer,27600,after,40000,2,3,hook_resid_final,0,5.40953470925639,300.0,0.0,0.0343479547159682,0.0,0.0,transformer_add97_f0.3_wd1.0_softmax_ce,canonical
transformer_add97_f0.3_wd1.0_softmax_ce_s0,transformer,27600,after,40000,2,3,hook_resid_final,1,5.3860042594557,300.0,0.0,0.0371366855045664,0.0,0.0,transformer_add97_f0.3_wd1.0_softmax_ce,canonical
transformer_add97_f0.3_wd1.0_softmax_ce_s0,transformer,27600,after,40000,2,3,hook_resid_final,2,5.385848320694159,300.0,0.0,0.0391325141291832,0.0,0.0,transformer_add97_f0.3_wd1.0_softmax_ce,canonical
transformer_add97_f0.3_wd1.0_softmax_ce_s0,transformer,27600,after,40000,2,4,logits,0,25.424412505458708,300.0,0.0,0.0341591152589206,0.0,0.0,transformer_add97_f0.3_wd1.0_softmax_ce,canonical
transformer_add97_f0.3_wd1.0_softmax_ce_s0,transformer,27600,after,40000,2,4,logits,1,25.424412505458708,300.0,0.0,0.0440648460720159,0.0,0.0,transformer_add97_f0.3_wd1.0_softmax_ce,canonical
transformer_add97_f0.3_wd1.0_softmax_ce_s0,transformer,27600,after,40000,2,4,logits,2,25.3541542780584,300.0,0.0,0.0471106659908348,0.0,0.0,transformer_add97_f0.3_wd1.0_softmax_ce,canonical
transformer_add97_f0.3_wd1.0_softmax_ce_s1,transformer,28600,init,0,8,0,operands,0,19.912694992959693,300.0,0.0,0.1075933328754689,0.0,0.0554534692619339,transformer_add97_f0.3_wd1.0_softmax_ce,canonical
transformer_add97_f0.3_wd1.0_softmax_ce_s1,transformer,28600,init,0,8,0,operands,1,20.150354719997257,300.0,0.0,0.0999089488925865,0.0,0.0464539123907444,transformer_add97_f0.3_wd1.0_softmax_ce,canonical
transformer_add97_f0.3_wd1.0_softmax_ce_s1,transformer,28600,init,0,8,0,operands,2,20.016320013235912,300.0,0.0,0.105007935662647,0.0,0.0518577370765183,transformer_add97_f0.3_wd1.0_softmax_ce,canonical
transformer_add97_f0.3_wd1.0_softmax_ce_s1,transformer,28600,init,0,8,1,blocks.0.hook_attn_out,0,4.345571664706492,300.0,0.0,0.0628505285948029,0.0,0.0429722993250186,transformer_add97_f0.3_wd1.0_softmax_ce,canonical
transformer_add97_f0.3_wd1.0_softmax_ce_s1,transformer,28600,init,0,8,1,blocks.0.hook_attn_out,1,4.345571664706492,300.0,0.0,0.0801944740818542,0.0,0.0443462491129469,transformer_add97_f0.3_wd1.0_softmax_ce,canonical
transformer_add97_f0.3_wd1.0_softmax_ce_s1,transformer,28600,init,0,8,1,blocks.0.hook_attn_out,2,4.345571664706492,300.0,0.0,0.0602151839950842,0.0,0.0444396288689239,transformer_add97_f0.3_wd1.0_softmax_ce,canonical
transformer_add97_f0.3_wd1.0_softmax_ce_s1,transformer,28600,init,0,8,2,blocks.0.hook_mlp_out,0,0.9059170021931872,300.0,0.0,0.0790832335585048,0.0,0.0571457935698663,transformer_add97_f0.3_wd1.0_softmax_ce,canonical
transformer_add97_f0.3_wd1.0_softmax_ce_s1,transformer,28600,init,0,8,2,blocks.0.hook_mlp_out,1,0.9059170021931872,300.0,0.0,0.0744111270449777,0.0,0.0518188805734829,transformer_add97_f0.3_wd1.0_softmax_ce,canonical
transformer_add97_f0.3_wd1.0_softmax_ce_s1,transformer,28600,init,0,8,2,blocks.0.hook_mlp_out,2,0.9059170021931872,300.0,0.0,0.0696412987772079,1.0,0.0565156107978501,transformer_add97_f0.3_wd1.0_softmax_ce,canonical
transformer_add97_f0.3_wd1.0_softmax_ce_s1,transformer,28600,init,0,8,3,hook_resid_final,0,3.790681793898483,300.0,0.0,0.0762561653402685,0.0,0.0567095154246781,transformer_add97_f0.3_wd1.0_softmax_ce,canonical
transformer_add97_f0.3_wd1.0_softmax_ce_s1,transformer,28600,init,0,8,3,hook_resid_final,1,3.790681793898483,300.0,0.0,0.0709806721605981,0.0,0.0463757402710504,transformer_add97_f0.3_wd1.0_softmax_ce,canonical
transformer_add97_f0.3_wd1.0_softmax_ce_s1,transformer,28600,init,0,8,3,hook_resid_final,2,3.790681793898483,300.0,0.0,0.0683559135869725,0.0,0.049094512584285,transformer_add97_f0.3_wd1.0_softmax_ce,canonical
transformer_add97_f0.3_wd1.0_softmax_ce_s1,transformer,28600,init,0,8,4,logits,0,2.0022147379708897,300.0,0.0,0.0667922107176301,1.0,0.0501138839582227,transformer_add97_f0.3_wd1.0_softmax_ce,canonical
transformer_add97_f0.3_wd1.0_softmax_ce_s1,transformer,28600,init,0,8,4,logits,1,1.972412936978045,300.0,0.0,0.0776283759078955,0.0,0.0593688466430311,transformer_add97_f0.3_wd1.0_softmax_ce,canonical
transformer_add97_f0.3_wd1.0_softmax_ce_s1,transformer,28600,init,0,8,4,logits,2,1.9715041155497293,300.0,0.0,0.0845474173209104,1.0,0.0525000182743255,transformer_add97_f0.3_wd1.0_softmax_ce,canonical
transformer_add97_f0.3_wd1.0_softmax_ce_s1,transformer,28600,init,0,4,0,operands,0,18.287304938418888,300.0,0.0,0.1067551939632824,0.0,0.0607551385232731,transformer_add97_f0.3_wd1.0_softmax_ce,canonical
transformer_add97_f0.3_wd1.0_softmax_ce_s1,transformer,28600,init,0,4,0,operands,1,18.287304938418888,300.0,0.0,0.0911244681595248,0.0,0.0618143215066922,transformer_add97_f0.3_wd1.0_softmax_ce,canonical
transformer_add97_f0.3_wd1.0_softmax_ce_s1,transformer,28600,init,0,4,0,operands,2,18.287304938418888,300.0,0.0,0.1101746906475478,0.0,0.0593278841729762,transformer_add97_f0.3_wd1.0_softmax_ce,canonical
transformer_add97_f0.3_wd1.0_softmax_ce_s1,transformer,28600,init,0,4,1,blocks.0.hook_attn_out,0,3.952636103652735,300.0,0.0,0.059665520041027,0.0,0.0395642837539623,transformer_add97_f0.3_wd1.0_softmax_ce,canonical
transformer_add97_f0.3_wd1.0_softmax_ce_s1,transformer,28600,init,0,4,1,blocks.0.hook_attn_out,1,3.952636103652735,300.0,0.0,0.0587869831073885,0.0,0.0391268210835849,transformer_add97_f0.3_wd1.0_softmax_ce,canonical
transformer_add97_f0.3_wd1.0_softmax_ce_s1,transformer,28600,init,0,4,1,blocks.0.hook_attn_out,2,3.952636103652735,300.0,0.0,0.0533218890884011,0.0,0.0389955068838729,transformer_add97_f0.3_wd1.0_softmax_ce,canonical
transformer_add97_f0.3_wd1.0_softmax_ce_s1,transformer,28600,init,0,4,2,blocks.0.hook_mlp_out,0,0.8181851145220255,300.0,0.0,0.0742795421876304,0.0,0.0354090048827958,transformer_add97_f0.3_wd1.0_softmax_ce,canonical
transformer_add97_f0.3_wd1.0_softmax_ce_s1,transformer,28600,init,0,4,2,blocks.0.hook_mlp_out,1,0.8200957636491075,300.0,0.0,0.0675523856888029,0.0,0.04035691740037,transformer_add97_f0.3_wd1.0_softmax_ce,canonical
transformer_add97_f0.3_wd1.0_softmax_ce_s1,transformer,28600,init,0,4,2,blocks.0.hook_mlp_out,2,0.8227499823647241,300.0,0.0,0.061805508216182,1.0,0.0515302902691062,transformer_add97_f0.3_wd1.0_softmax_ce,canonical
transformer_add97_f0.3_wd1.0_softmax_ce_s1,transformer,28600,init,0,4,3,hook_resid_final,0,3.535049244932817,300.0,0.0,0.0620352538491119,0.0,0.0384724496671504,transformer_add97_f0.3_wd1.0_softmax_ce,canonical
transformer_add97_f0.3_wd1.0_softmax_ce_s1,transformer,28600,init,0,4,3,hook_resid_final,1,3.535049244932817,300.0,0.0,0.0556959202877619,0.0,0.028399843411731,transformer_add97_f0.3_wd1.0_softmax_ce,canonical
transformer_add97_f0.3_wd1.0_softmax_ce_s1,transformer,28600,init,0,4,3,hook_resid_final,2,3.535049244932817,300.0,0.0,0.0519396997036014,0.0,0.0405734714808686,transformer_add97_f0.3_wd1.0_softmax_ce,canonical
transformer_add97_f0.3_wd1.0_softmax_ce_s1,transformer,28600,init,0,4,4,logits,0,1.8684528292351223,300.0,0.0,0.0525753434219614,0.0,0.0390563512941468,transformer_add97_f0.3_wd1.0_softmax_ce,canonical
transformer_add97_f0.3_wd1.0_softmax_ce_s1,transformer,28600,init,0,4,4,logits,1,1.8684528292351223,300.0,0.0,0.0599193809006663,0.0,0.0412312978662821,transformer_add97_f0.3_wd1.0_softmax_ce,canonical
transformer_add97_f0.3_wd1.0_softmax_ce_s1,transformer,28600,init,0,4,4,logits,2,1.8684528292351223,300.0,0.0,0.0576885126907693,0.0,0.0414097016079718,transformer_add97_f0.3_wd1.0_softmax_ce,canonical
transformer_add97_f0.3_wd1.0_softmax_ce_s1,transformer,28600,init,0,2,0,operands,0,17.49561036663066,300.0,0.0,0.0643355030377913,0.0,0.0464578540907395,transformer_add97_f0.3_wd1.0_softmax_ce,canonical
transformer_add97_f0.3_wd1.0_softmax_ce_s1,transformer,28600,init,0,2,0,operands,1,17.49561036663066,300.0,0.0,0.0618005185478405,0.0,0.0346053278037192,transformer_add97_f0.3_wd1.0_softmax_ce,canonical
transformer_add97_f0.3_wd1.0_softmax_ce_s1,transformer,28600,init,0,2,0,operands,2,17.49561036663066,300.0,0.0,0.0605149155719454,0.0,0.0379985756074802,transformer_add97_f0.3_wd1.0_softmax_ce,canonical
transformer_add97_f0.3_wd1.0_softmax_ce_s1,transformer,28600,init,0,2,1,blocks.0.hook_attn_out,0,3.4927181265952907,300.0,0.0,0.0308353755193437,0.0,0.0008974525141966,transformer_add97_f0.3_wd1.0_softmax_ce,canonical
transformer_add97_f0.3_wd1.0_softmax_ce_s1,transformer,28600,init,0,2,1,blocks.0.hook_attn_out,1,3.4927181265952907,300.0,0.0,0.0266051008623976,0.0,0.0,transformer_add97_f0.3_wd1.0_softmax_ce,canonical
transformer_add97_f0.3_wd1.0_softmax_ce_s1,transformer,28600,init,0,2,1,blocks.0.hook_attn_out,2,3.4927181265952907,300.0,0.0,0.0266051008623976,0.0,0.0,transformer_add97_f0.3_wd1.0_softmax_ce,canonical
transformer_add97_f0.3_wd1.0_softmax_ce_s1,transformer,28600,init,0,2,2,blocks.0.hook_mlp_out,0,0.7533678501864597,300.0,0.0,0.0335452032366278,0.0,0.0,transformer_add97_f0.3_wd1.0_softmax_ce,canonical
transformer_add97_f0.3_wd1.0_softmax_ce_s1,transformer,28600,init,0,2,2,blocks.0.hook_mlp_out,1,0.7536012982908981,300.0,0.0,0.0380625492284309,0.0,0.0008793271593,transformer_add97_f0.3_wd1.0_softmax_ce,canonical
transformer_add97_f0.3_wd1.0_softmax_ce_s1,transformer,28600,init,0,2,2,blocks.0.hook_mlp_out,2,0.7536012982908981,300.0,0.0,0.0351761660586515,0.0,0.0,transformer_add97_f0.3_wd1.0_softmax_ce,canonical
transformer_add97_f0.3_wd1.0_softmax_ce_s1,transformer,28600,init,0,2,3,hook_resid_final,0,3.0401323975405785,300.0,0.0,0.028202826924395,0.0,0.0,transformer_add97_f0.3_wd1.0_softmax_ce,canonical
transformer_add97_f0.3_wd1.0_softmax_ce_s1,transformer,28600,init,0,2,3,hook_resid_final,1,3.038270108084311,300.0,0.0,0.0293771855397591,0.0,0.0,transformer_add97_f0.3_wd1.0_softmax_ce,canonical
transformer_add97_f0.3_wd1.0_softmax_ce_s1,transformer,28600,init,0,2,3,hook_resid_final,2,3.0401323975405785,300.0,0.0,0.0296592343611491,0.0,0.0,transformer_add97_f0.3_wd1.0_softmax_ce,canonical
transformer_add97_f0.3_wd1.0_softmax_ce_s1,transformer,28600,init,0,2,4,logits,0,1.8004482671917266,300.0,0.0,0.0254525270661793,0.0,0.0002424229123838,transformer_add97_f0.3_wd1.0_softmax_ce,canonical
transformer_add97_f0.3_wd1.0_softmax_ce_s1,transformer,28600,init,0,2,4,logits,1,1.8004482671917266,300.0,0.0,0.0352997795347654,0.0,0.0,transformer_add97_f0.3_wd1.0_softmax_ce,canonical
transformer_add97_f0.3_wd1.0_softmax_ce_s1,transformer,28600,init,0,2,4,logits,2,1.8001931120231032,300.0,0.0,0.0301445800434876,0.0,0.0,transformer_add97_f0.3_wd1.0_softmax_ce,canonical
transformer_add97_f0.3_wd1.0_softmax_ce_s1,transformer,28600,before,26031,8,0,operands,0,0.2440432472911821,300.0,0.0,0.131866957907799,0.0,0.0553779534789407,transformer_add97_f0.3_wd1.0_softmax_ce,canonical
transformer_add97_f0.3_wd1.0_softmax_ce_s1,transformer,28600,before,26031,8,0,operands,1,0.2593555909196512,300.0,0.0,0.1235175353489641,1.0,0.0502339863397341,transformer_add97_f0.3_wd1.0_softmax_ce,canonical
transformer_add97_f0.3_wd1.0_softmax_ce_s1,transformer,28600,before,26031,8,0,operands,2,0.2440432472911821,300.0,0.0,0.1547261426402129,0.0,0.0542557407374632,transformer_add97_f0.3_wd1.0_softmax_ce,canonical
transformer_add97_f0.3_wd1.0_softmax_ce_s1,transformer,28600,before,26031,8,1,blocks.0.hook_attn_out,0,0.1392502515698517,300.0,0.0,0.0800949343436396,0.0,0.0594321173261803,transformer_add97_f0.3_wd1.0_softmax_ce,canonical
transformer_add97_f0.3_wd1.0_softmax_ce_s1,transformer,28600,before,26031,8,1,blocks.0.hook_attn_out,1,0.1401794166232353,300.0,0.0,0.0882652717809507,0.0,0.0568320938791296,transformer_add97_f0.3_wd1.0_softmax_ce,canonical
transformer_add97_f0.3_wd1.0_softmax_ce_s1,transformer,28600,before,26031,8,1,blocks.0.hook_attn_out,2,0.1391523004603643,300.0,0.0,0.0717379460654259,1.0,0.0615591702185814,transformer_add97_f0.3_wd1.0_softmax_ce,canonical
transformer_add97_f0.3_wd1.0_softmax_ce_s1,transformer,28600,before,26031,8,2,blocks.0.hook_mlp_out,0,0.2691719513080114,300.0,0.0,0.0800932853517802,1.0,0.0551768832009521,transformer_add97_f0.3_wd1.0_softmax_ce,canonical
transformer_add97_f0.3_wd1.0_softmax_ce_s1,transformer,28600,before,26031,8,2,blocks.0.hook_mlp_out,1,0.2691719513080114,300.0,0.0,0.0792811095852762,0.0,0.0545893830085983,transformer_add97_f0.3_wd1.0_softmax_ce,canonical
transformer_add97_f0.3_wd1.0_softmax_ce_s1,transformer,28600,before,26031,8,2,blocks.0.hook_mlp_out,2,0.2662418968822163,300.0,0.0,0.082136273102497,0.0,0.0517248619059384,transformer_add97_f0.3_wd1.0_softmax_ce,canonical
transformer_add97_f0.3_wd1.0_softmax_ce_s1,transformer,28600,before,26031,8,3,hook_resid_final,0,8.781086253911317,300.0,0.0,0.0906811175871304,0.0,0.0667850825096778,transformer_add97_f0.3_wd1.0_softmax_ce,canonical
transformer_add97_f0.3_wd1.0_softmax_ce_s1,transformer,28600,before,26031,8,3,hook_resid_final,1,8.781518049113231,300.0,0.0,0.0908749897672406,0.0,0.0545742168855085,transformer_add97_f0.3_wd1.0_softmax_ce,canonical
transformer_add97_f0.3_wd1.0_softmax_ce_s1,transformer,28600,before,26031,8,3,hook_resid_final,2,9.242639210260284,300.0,0.0,0.0803622182406046,0.0,0.0621991879173699,transformer_add97_f0.3_wd1.0_softmax_ce,canonical
transformer_add97_f0.3_wd1.0_softmax_ce_s1,transformer,28600,before,26031,8,4,logits,0,54.10705242547829,300.0,0.0,0.09595108457654,0.0,0.0637838239962449,transformer_add97_f0.3_wd1.0_softmax_ce,canonical
transformer_add97_f0.3_wd1.0_softmax_ce_s1,transformer,28600,before,26031,8,4,logits,1,56.3583894004236,300.0,0.0,0.0954758832117031,0.0,0.0620221777837178,transformer_add97_f0.3_wd1.0_softmax_ce,canonical
transformer_add97_f0.3_wd1.0_softmax_ce_s1,transformer,28600,before,26031,8,4,logits,2,56.3583894004236,300.0,0.0,0.0977402814203143,0.0,0.0631992106763591,transformer_add97_f0.3_wd1.0_softmax_ce,canonical
transformer_add97_f0.3_wd1.0_softmax_ce_s1,transformer,28600,before,26031,4,0,operands,0,0.2100650722974925,300.0,0.0,0.092951037310136,0.0,0.0604220189789763,transformer_add97_f0.3_wd1.0_softmax_ce,canonical
transformer_add97_f0.3_wd1.0_softmax_ce_s1,transformer,28600,before,26031,4,0,operands,1,0.2118803032852106,300.0,0.0,0.0927399916686721,0.0,0.0604815169972004,transformer_add97_f0.3_wd1.0_softmax_ce,canonical
transformer_add97_f0.3_wd1.0_softmax_ce_s1,transformer,28600,before,26031,4,0,operands,2,0.2118803032852106,300.0,0.0,0.0871626134501439,0.0,0.0658932722952995,transformer_add97_f0.3_wd1.0_softmax_ce,canonical
transformer_add97_f0.3_wd1.0_softmax_ce_s1,transformer,28600,before,26031,4,1,blocks.0.hook_attn_out,0,0.1301501816459023,300.0,0.0,0.0759541122944,0.0,0.0333925225190959,transformer_add97_f0.3_wd1.0_softmax_ce,canonical
transformer_add97_f0.3_wd1.0_softmax_ce_s1,transformer,28600,before,26031,4,1,blocks.0.hook_attn_out,1,0.1301501816459023,300.0,0.0,0.0649003627688302,0.0,0.0375585161444095,transformer_add97_f0.3_wd1.0_softmax_ce,canonical
transformer_add97_f0.3_wd1.0_softmax_ce_s1,transformer,28600,before,26031,4,1,blocks.0.hook_attn_out,2,0.1301501816459023,300.0,0.0,0.0701755410696874,0.0,0.0395642594458656,transformer_add97_f0.3_wd1.0_softmax_ce,canonical
transformer_add97_f0.3_wd1.0_softmax_ce_s1,transformer,28600,before,26031,4,2,blocks.0.hook_mlp_out,0,0.2466847898504515,300.0,0.0,0.0649717246568656,0.0,0.0438174761248316,transformer_add97_f0.3_wd1.0_softmax_ce,canonical
transformer_add97_f0.3_wd1.0_softmax_ce_s1,transformer,28600,before,26031,4,2,blocks.0.hook_mlp_out,1,0.2466847898504515,300.0,0.0,0.0615605104909707,0.0,0.0391604553218586,transformer_add97_f0.3_wd1.0_softmax_ce,canonical
transformer_add97_f0.3_wd1.0_softmax_ce_s1,transformer,28600,before,26031,4,2,blocks.0.hook_mlp_out,2,0.2466847898504515,300.0,0.0,0.0635071588684988,0.0,0.0384309208858786,transformer_add97_f0.3_wd1.0_softmax_ce,canonical
transformer_add97_f0.3_wd1.0_softmax_ce_s1,transformer,28600,before,26031,4,3,hook_resid_final,0,8.179093858367935,300.0,0.0,0.07381461192124,0.0,0.0479188152470962,transformer_add97_f0.3_wd1.0_softmax_ce,canonical
transformer_add97_f0.3_wd1.0_softmax_ce_s1,transformer,28600,before,26031,4,3,hook_resid_final,1,8.299780888902268,300.0,0.0,0.0619616980710702,0.0,0.0427921228166034,transformer_add97_f0.3_wd1.0_softmax_ce,canonical
transformer_add97_f0.3_wd1.0_softmax_ce_s1,transformer,28600,before,26031,4,3,hook_resid_final,2,8.118264916383003,300.0,0.0,0.0670031406968307,0.0,0.0413542297112472,transformer_add97_f0.3_wd1.0_softmax_ce,canonical
transformer_add97_f0.3_wd1.0_softmax_ce_s1,transformer,28600,before,26031,4,4,logits,0,53.14479855969778,300.0,0.0,0.0617010330806994,0.0,0.0394054804296164,transformer_add97_f0.3_wd1.0_softmax_ce,canonical
transformer_add97_f0.3_wd1.0_softmax_ce_s1,transformer,28600,before,26031,4,4,logits,1,53.14479855969778,300.0,0.0,0.0611295800047819,0.0,0.03796729211844,transformer_add97_f0.3_wd1.0_softmax_ce,canonical
transformer_add97_f0.3_wd1.0_softmax_ce_s1,transformer,28600,before,26031,4,4,logits,2,51.78304810107783,300.0,0.0,0.0629909744942673,0.0,0.0510521463444302,transformer_add97_f0.3_wd1.0_softmax_ce,canonical
transformer_add97_f0.3_wd1.0_softmax_ce_s1,transformer,28600,before,26031,2,0,operands,0,0.198352374984934,300.0,0.0,0.0576894722107267,0.0,0.0433889047611885,transformer_add97_f0.3_wd1.0_softmax_ce,canonical
transformer_add97_f0.3_wd1.0_softmax_ce_s1,transformer,28600,before,26031,2,0,operands,1,0.198352374984934,300.0,0.0,0.0620893752059269,0.0,0.0465524055658579,transformer_add97_f0.3_wd1.0_softmax_ce,canonical
transformer_add97_f0.3_wd1.0_softmax_ce_s1,transformer,28600,before,26031,2,0,operands,2,0.198352374984934,300.0,0.0,0.0593033665909004,0.0,0.0450448971409683,transformer_add97_f0.3_wd1.0_softmax_ce,canonical
transformer_add97_f0.3_wd1.0_softmax_ce_s1,transformer,28600,before,26031,2,1,blocks.0.hook_attn_out,0,0.1254391234379241,300.0,0.0,0.0446659904211742,0.0,0.0038400174067915,transformer_add97_f0.3_wd1.0_softmax_ce,canonical
transformer_add97_f0.3_wd1.0_softmax_ce_s1,transformer,28600,before,26031,2,1,blocks.0.hook_attn_out,1,0.1254391234379241,300.0,0.0,0.0329013677981247,0.0,0.0,transformer_add97_f0.3_wd1.0_softmax_ce,canonical
transformer_add97_f0.3_wd1.0_softmax_ce_s1,transformer,28600,before,26031,2,1,blocks.0.hook_attn_out,2,0.1254391234379241,300.0,0.0,0.0300171988800367,0.0,0.0,transformer_add97_f0.3_wd1.0_softmax_ce,canonical
transformer_add97_f0.3_wd1.0_softmax_ce_s1,transformer,28600,before,26031,2,2,blocks.0.hook_mlp_out,0,0.2248817146394542,300.0,0.0,0.0235467885479268,0.0,0.0,transformer_add97_f0.3_wd1.0_softmax_ce,canonical
transformer_add97_f0.3_wd1.0_softmax_ce_s1,transformer,28600,before,26031,2,2,blocks.0.hook_mlp_out,1,0.2248817146394542,300.0,0.0,0.0269394720876457,0.0,0.0,transformer_add97_f0.3_wd1.0_softmax_ce,canonical
transformer_add97_f0.3_wd1.0_softmax_ce_s1,transformer,28600,before,26031,2,2,blocks.0.hook_mlp_out,2,0.2248817146394542,300.0,0.0,0.0250249329753858,0.0,0.0,transformer_add97_f0.3_wd1.0_softmax_ce,canonical
transformer_add97_f0.3_wd1.0_softmax_ce_s1,transformer,28600,before,26031,2,3,hook_resid_final,0,7.750107949766111,300.0,0.0,0.0320965387749639,0.0,0.0,transformer_add97_f0.3_wd1.0_softmax_ce,canonical
transformer_add97_f0.3_wd1.0_softmax_ce_s1,transformer,28600,before,26031,2,3,hook_resid_final,1,7.854044529181067,300.0,0.0,0.0342218803156201,0.0,0.0,transformer_add97_f0.3_wd1.0_softmax_ce,canonical
transformer_add97_f0.3_wd1.0_softmax_ce_s1,transformer,28600,before,26031,2,3,hook_resid_final,2,7.750107949766111,300.0,0.0,0.0305119040704235,0.0,0.0,transformer_add97_f0.3_wd1.0_softmax_ce,canonical
transformer_add97_f0.3_wd1.0_softmax_ce_s1,transformer,28600,before,26031,2,4,logits,0,50.31996257744066,300.0,0.0,0.0270822338670847,0.0,0.0,transformer_add97_f0.3_wd1.0_softmax_ce,canonical
transformer_add97_f0.3_wd1.0_softmax_ce_s1,transformer,28600,before,26031,2,4,logits,1,50.31996257744066,300.0,0.0,0.0248647546484447,0.0,0.0,transformer_add97_f0.3_wd1.0_softmax_ce,canonical
transformer_add97_f0.3_wd1.0_softmax_ce_s1,transformer,28600,before,26031,2,4,logits,2,50.31996257744066,300.0,0.0,0.0317514936939376,0.0,0.0,transformer_add97_f0.3_wd1.0_softmax_ce,canonical
transformer_add97_f0.3_wd1.0_softmax_ce_s1,transformer,28600,at,27963,8,0,operands,0,0.1446818878219935,300.0,0.0,0.1242461569565429,0.0,0.0604454709324689,transformer_add97_f0.3_wd1.0_softmax_ce,canonical
transformer_add97_f0.3_wd1.0_softmax_ce_s1,transformer,28600,at,27963,8,0,operands,1,0.1483284255907385,300.0,0.0,0.0949359359471509,1.0,0.0513109999526743,transformer_add97_f0.3_wd1.0_softmax_ce,canonical
transformer_add97_f0.3_wd1.0_softmax_ce_s1,transformer,28600,at,27963,8,0,operands,2,0.1483284255907385,300.0,0.0,0.1068422739586164,0.0,0.0493380041893805,transformer_add97_f0.3_wd1.0_softmax_ce,canonical
transformer_add97_f0.3_wd1.0_softmax_ce_s1,transformer,28600,at,27963,8,1,blocks.0.hook_attn_out,0,0.0760976921940521,300.0,0.0,0.0748216161943701,0.0,0.0506986998623487,transformer_add97_f0.3_wd1.0_softmax_ce,canonical
transformer_add97_f0.3_wd1.0_softmax_ce_s1,transformer,28600,at,27963,8,1,blocks.0.hook_attn_out,1,0.0774312141676014,300.0,0.0,0.086943943718871,0.0,0.0486889924080544,transformer_add97_f0.3_wd1.0_softmax_ce,canonical
transformer_add97_f0.3_wd1.0_softmax_ce_s1,transformer,28600,at,27963,8,1,blocks.0.hook_attn_out,2,0.0774312141676014,300.0,0.0,0.0702342123546544,0.0,0.0561446762149441,transformer_add97_f0.3_wd1.0_softmax_ce,canonical
transformer_add97_f0.3_wd1.0_softmax_ce_s1,transformer,28600,at,27963,8,2,blocks.0.hook_mlp_out,0,0.1693242282219935,300.0,0.0,0.0606423482519257,0.0,0.0395505417795134,transformer_add97_f0.3_wd1.0_softmax_ce,canonical
transformer_add97_f0.3_wd1.0_softmax_ce_s1,transformer,28600,at,27963,8,2,blocks.0.hook_mlp_out,1,0.1646189362834199,300.0,0.0,0.0683659002898961,0.0,0.0478026945036064,transformer_add97_f0.3_wd1.0_softmax_ce,canonical
transformer_add97_f0.3_wd1.0_softmax_ce_s1,transformer,28600,at,27963,8,2,blocks.0.hook_mlp_out,2,0.1646189362834199,300.0,0.0,0.0622131346874966,1.0,0.0538872765791123,transformer_add97_f0.3_wd1.0_softmax_ce,canonical
transformer_add97_f0.3_wd1.0_softmax_ce_s1,transformer,28600,at,27963,8,3,hook_resid_final,0,7.94808595588537,300.0,0.0,0.0780314452366285,0.0,0.0578241293356291,transformer_add97_f0.3_wd1.0_softmax_ce,canonical
transformer_add97_f0.3_wd1.0_softmax_ce_s1,transformer,28600,at,27963,8,3,hook_resid_final,1,8.054360863765064,300.0,0.0,0.0780405783889984,0.0,0.0606622293129859,transformer_add97_f0.3_wd1.0_softmax_ce,canonical
transformer_add97_f0.3_wd1.0_softmax_ce_s1,transformer,28600,at,27963,8,3,hook_resid_final,2,7.934262782174069,300.0,0.0,0.0852449205333387,0.0,0.0658198287078143,transformer_add97_f0.3_wd1.0_softmax_ce,canonical
transformer_add97_f0.3_wd1.0_softmax_ce_s1,transformer,28600,at,27963,8,4,logits,0,48.331602001109694,300.0,0.0,0.0859865669293978,1.0,0.0569167826809582,transformer_add97_f0.3_wd1.0_softmax_ce,canonical
transformer_add97_f0.3_wd1.0_softmax_ce_s1,transformer,28600,at,27963,8,4,logits,1,47.18420023452957,300.0,0.0,0.0743221087641425,0.0,0.0554853625245607,transformer_add97_f0.3_wd1.0_softmax_ce,canonical
transformer_add97_f0.3_wd1.0_softmax_ce_s1,transformer,28600,at,27963,8,4,logits,2,45.75738502603229,300.0,0.0,0.0955318435133327,0.0,0.0561599129234553,transformer_add97_f0.3_wd1.0_softmax_ce,canonical
transformer_add97_f0.3_wd1.0_softmax_ce_s1,transformer,28600,at,27963,4,0,operands,0,0.1341300758497204,300.0,0.0,0.096728372993607,1.0,0.0511777331086965,transformer_add97_f0.3_wd1.0_softmax_ce,canonical
transformer_add97_f0.3_wd1.0_softmax_ce_s1,transformer,28600,at,27963,4,0,operands,1,0.1342116271046159,300.0,0.0,0.0897746883417303,0.0,0.0564685653342388,transformer_add97_f0.3_wd1.0_softmax_ce,canonical
transformer_add97_f0.3_wd1.0_softmax_ce_s1,transformer,28600,at,27963,4,0,operands,2,0.1342116271046159,300.0,0.0,0.0961011654852872,0.0,0.0554594655138856,transformer_add97_f0.3_wd1.0_softmax_ce,canonical
transformer_add97_f0.3_wd1.0_softmax_ce_s1,transformer,28600,at,27963,4,1,blocks.0.hook_attn_out,0,0.070791295539511,300.0,0.0,0.0671613108096555,0.0,0.0346064399673676,transformer_add97_f0.3_wd1.0_softmax_ce,canonical
transformer_add97_f0.3_wd1.0_softmax_ce_s1,transformer,28600,at,27963,4,1,blocks.0.hook_attn_out,1,0.070791295539511,300.0,0.0,0.0586471075223588,0.0,0.0396885212298222,transformer_add97_f0.3_wd1.0_softmax_ce,canonical
transformer_add97_f0.3_wd1.0_softmax_ce_s1,transformer,28600,at,27963,4,1,blocks.0.hook_attn_out,2,0.0707950414468612,300.0,0.0,0.0568536086586501,0.0,0.0408170576194008,transformer_add97_f0.3_wd1.0_softmax_ce,canonical
transformer_add97_f0.3_wd1.0_softmax_ce_s1,transformer,28600,at,27963,4,2,blocks.0.hook_mlp_out,0,0.1575421014776301,300.0,0.0,0.0487891953019285,0.0,0.027845428672828,transformer_add97_f0.3_wd1.0_softmax_ce,canonical
transformer_add97_f0.3_wd1.0_softmax_ce_s1,transformer,28600,at,27963,4,2,blocks.0.hook_mlp_out,1,0.1569301070928268,300.0,0.0,0.0586275617489421,0.0,0.0355408309283939,transformer_add97_f0.3_wd1.0_softmax_ce,canonical
transformer_add97_f0.3_wd1.0_softmax_ce_s1,transformer,28600,at,27963,4,2,blocks.0.hook_mlp_out,2,0.1575421014776301,300.0,0.0,0.0552705322574464,0.0,0.038547703954732,transformer_add97_f0.3_wd1.0_softmax_ce,canonical
transformer_add97_f0.3_wd1.0_softmax_ce_s1,transformer,28600,at,27963,4,3,hook_resid_final,0,7.386249851751133,300.0,0.0,0.0670875921720697,1.0,0.0514705898759555,transformer_add97_f0.3_wd1.0_softmax_ce,canonical
transformer_add97_f0.3_wd1.0_softmax_ce_s1,transformer,28600,at,27963,4,3,hook_resid_final,1,7.486292716929453,300.0,0.0,0.0590612436699213,0.0,0.0337692412858649,transformer_add97_f0.3_wd1.0_softmax_ce,canonical
transformer_add97_f0.3_wd1.0_softmax_ce_s1,transformer,28600,at,27963,4,3,hook_resid_final,2,7.512989719145877,300.0,0.0,0.0569846729817046,0.0,0.0443678605827097,transformer_add97_f0.3_wd1.0_softmax_ce,canonical
transformer_add97_f0.3_wd1.0_softmax_ce_s1,transformer,28600,at,27963,4,4,logits,0,43.24469532011401,300.0,0.0,0.0601227583786466,0.0,0.0345313028222701,transformer_add97_f0.3_wd1.0_softmax_ce,canonical
transformer_add97_f0.3_wd1.0_softmax_ce_s1,transformer,28600,at,27963,4,4,logits,1,43.24469532011401,300.0,0.0,0.0631190523995046,0.0,0.0399420450912779,transformer_add97_f0.3_wd1.0_softmax_ce,canonical
transformer_add97_f0.3_wd1.0_softmax_ce_s1,transformer,28600,at,27963,4,4,logits,2,42.76254637015393,300.0,0.0,0.0599958900476639,0.0,0.040511483490452,transformer_add97_f0.3_wd1.0_softmax_ce,canonical
transformer_add97_f0.3_wd1.0_softmax_ce_s1,transformer,28600,at,27963,2,0,operands,0,0.1244264511765079,300.0,0.0,0.061913767326577,0.0,0.0398002469375614,transformer_add97_f0.3_wd1.0_softmax_ce,canonical
transformer_add97_f0.3_wd1.0_softmax_ce_s1,transformer,28600,at,27963,2,0,operands,1,0.1244264511765079,300.0,0.0,0.0591418752907905,0.0,0.046873290873622,transformer_add97_f0.3_wd1.0_softmax_ce,canonical
transformer_add97_f0.3_wd1.0_softmax_ce_s1,transformer,28600,at,27963,2,0,operands,2,0.1244264511765079,300.0,0.0,0.0685510838763301,0.0,0.0426524073021136,transformer_add97_f0.3_wd1.0_softmax_ce,canonical
transformer_add97_f0.3_wd1.0_softmax_ce_s1,transformer,28600,at,27963,2,1,blocks.0.hook_attn_out,0,0.0640205489935309,300.0,0.0,0.0317952538831904,0.0,0.0030987376300699,transformer_add97_f0.3_wd1.0_softmax_ce,canonical
transformer_add97_f0.3_wd1.0_softmax_ce_s1,transformer,28600,at,27963,2,1,blocks.0.hook_attn_out,1,0.0629473733033166,300.0,0.0,0.0361163138407949,0.0,0.0,transformer_add97_f0.3_wd1.0_softmax_ce,canonical
transformer_add97_f0.3_wd1.0_softmax_ce_s1,transformer,28600,at,27963,2,1,blocks.0.hook_attn_out,2,0.0640205489935309,300.0,0.0,0.0265985417562215,0.0,0.0018911054075123,transformer_add97_f0.3_wd1.0_softmax_ce,canonical
transformer_add97_f0.3_wd1.0_softmax_ce_s1,transformer,28600,at,27963,2,2,blocks.0.hook_mlp_out,0,0.1541791666782039,300.0,0.0,0.0194021672107854,0.0,0.001444041034608,transformer_add97_f0.3_wd1.0_softmax_ce,canonical
transformer_add97_f0.3_wd1.0_softmax_ce_s1,transformer,28600,at,27963,2,2,blocks.0.hook_mlp_out,1,0.1541791666782039,300.0,0.0,0.0298353710854674,0.0,0.0,transformer_add97_f0.3_wd1.0_softmax_ce,canonical
transformer_add97_f0.3_wd1.0_softmax_ce_s1,transformer,28600,at,27963,2,2,blocks.0.hook_mlp_out,2,0.1541791666782039,300.0,0.0,0.024275910656649,0.0,0.0,transformer_add97_f0.3_wd1.0_softmax_ce,canonical
transformer_add97_f0.3_wd1.0_softmax_ce_s1,transformer,28600,at,27963,2,3,hook_resid_final,0,6.977311669892744,300.0,0.0,0.0294688961108809,0.0,0.0,transformer_add97_f0.3_wd1.0_softmax_ce,canonical
transformer_add97_f0.3_wd1.0_softmax_ce_s1,transformer,28600,at,27963,2,3,hook_resid_final,1,7.070443883131713,300.0,0.0,0.0407087021980145,0.0,0.0,transformer_add97_f0.3_wd1.0_softmax_ce,canonical
transformer_add97_f0.3_wd1.0_softmax_ce_s1,transformer,28600,at,27963,2,3,hook_resid_final,2,6.992715445794286,300.0,0.0,0.0353971723924283,0.0,0.0,transformer_add97_f0.3_wd1.0_softmax_ce,canonical
transformer_add97_f0.3_wd1.0_softmax_ce_s1,transformer,28600,at,27963,2,4,logits,0,40.356040033654736,300.0,0.0,0.0304680545995266,0.0,0.0,transformer_add97_f0.3_wd1.0_softmax_ce,canonical
transformer_add97_f0.3_wd1.0_softmax_ce_s1,transformer,28600,at,27963,2,4,logits,1,40.2251722761412,300.0,0.0,0.02822448397124,0.0,0.0,transformer_add97_f0.3_wd1.0_softmax_ce,canonical
transformer_add97_f0.3_wd1.0_softmax_ce_s1,transformer,28600,at,27963,2,4,logits,2,40.2251722761412,300.0,0.0,0.0266546562336972,0.0,0.0,transformer_add97_f0.3_wd1.0_softmax_ce,canonical
transformer_add97_f0.3_wd1.0_softmax_ce_s1,transformer,28600,after,40000,8,0,operands,0,0.1650269166187522,300.0,0.0,0.1524591632277587,0.0,0.0362005296440811,transformer_add97_f0.3_wd1.0_softmax_ce,canonical
transformer_add97_f0.3_wd1.0_softmax_ce_s1,transformer,28600,after,40000,8,0,operands,1,0.1650269166187522,300.0,0.0,0.1872323944661179,0.0,0.0359959429823006,transformer_add97_f0.3_wd1.0_softmax_ce,canonical
transformer_add97_f0.3_wd1.0_softmax_ce_s1,transformer,28600,after,40000,8,0,operands,2,0.1650269166187522,300.0,0.0,0.1357890636884174,0.0,0.0431396812117743,transformer_add97_f0.3_wd1.0_softmax_ce,canonical
transformer_add97_f0.3_wd1.0_softmax_ce_s1,transformer,28600,after,40000,8,1,blocks.0.hook_attn_out,0,0.0893241343335399,300.0,0.0,0.0708884885236139,0.0,0.0480217823841234,transformer_add97_f0.3_wd1.0_softmax_ce,canonical
transformer_add97_f0.3_wd1.0_softmax_ce_s1,transformer,28600,after,40000,8,1,blocks.0.hook_attn_out,1,0.0893241343335399,300.0,0.0,0.0732914022499296,0.0,0.0519797201261188,transformer_add97_f0.3_wd1.0_softmax_ce,canonical
transformer_add97_f0.3_wd1.0_softmax_ce_s1,transformer,28600,after,40000,8,1,blocks.0.hook_attn_out,2,0.0893241343335399,300.0,0.0,0.0683218606211047,0.0,0.0437304315784218,transformer_add97_f0.3_wd1.0_softmax_ce,canonical
transformer_add97_f0.3_wd1.0_softmax_ce_s1,transformer,28600,after,40000,8,2,blocks.0.hook_mlp_out,0,0.2088908225619951,300.0,0.0,0.0692169016474316,0.0,0.0419493785036365,transformer_add97_f0.3_wd1.0_softmax_ce,canonical
transformer_add97_f0.3_wd1.0_softmax_ce_s1,transformer,28600,after,40000,8,2,blocks.0.hook_mlp_out,1,0.2058776497854378,300.0,0.0,0.0871971616359958,0.0,0.0386057246702775,transformer_add97_f0.3_wd1.0_softmax_ce,canonical
transformer_add97_f0.3_wd1.0_softmax_ce_s1,transformer,28600,after,40000,8,2,blocks.0.hook_mlp_out,2,0.2064628286550811,300.0,0.0,0.0824319882483923,0.0,0.0358200898883221,transformer_add97_f0.3_wd1.0_softmax_ce,canonical
transformer_add97_f0.3_wd1.0_softmax_ce_s1,transformer,28600,after,40000,8,3,hook_resid_final,0,7.724328408213298,300.0,0.0,0.1088986119686017,0.0,0.0460971859843899,transformer_add97_f0.3_wd1.0_softmax_ce,canonical
transformer_add97_f0.3_wd1.0_softmax_ce_s1,transformer,28600,after,40000,8,3,hook_resid_final,1,7.780733552831661,300.0,0.0,0.1001832651228587,0.0,0.0464100521502636,transformer_add97_f0.3_wd1.0_softmax_ce,canonical
transformer_add97_f0.3_wd1.0_softmax_ce_s1,transformer,28600,after,40000,8,3,hook_resid_final,2,7.783856628827976,300.0,0.0,0.0944942763813363,0.0,0.0616405773225731,transformer_add97_f0.3_wd1.0_softmax_ce,canonical
transformer_add97_f0.3_wd1.0_softmax_ce_s1,transformer,28600,after,40000,8,4,logits,0,45.331288076429374,300.0,0.0,0.0897632172567276,1.0,0.0537974001582358,transformer_add97_f0.3_wd1.0_softmax_ce,canonical
transformer_add97_f0.3_wd1.0_softmax_ce_s1,transformer,28600,after,40000,8,4,logits,1,45.0022327942205,300.0,0.0,0.1027436669865555,0.0,0.0416806626842019,transformer_add97_f0.3_wd1.0_softmax_ce,canonical
transformer_add97_f0.3_wd1.0_softmax_ce_s1,transformer,28600,after,40000,8,4,logits,2,45.32310052196721,300.0,0.0,0.0894218715356597,0.0,0.0437050065466995,transformer_add97_f0.3_wd1.0_softmax_ce,canonical
transformer_add97_f0.3_wd1.0_softmax_ce_s1,transformer,28600,after,40000,4,0,operands,0,0.1478386254941113,300.0,0.0,0.1764229625322144,0.0,0.0313396487821581,transformer_add97_f0.3_wd1.0_softmax_ce,canonical
transformer_add97_f0.3_wd1.0_softmax_ce_s1,transformer,28600,after,40000,4,0,operands,1,0.1479772719484349,300.0,0.0,0.1762576640516148,0.0,0.0389830193200719,transformer_add97_f0.3_wd1.0_softmax_ce,canonical
transformer_add97_f0.3_wd1.0_softmax_ce_s1,transformer,28600,after,40000,4,0,operands,2,0.1476998488918493,300.0,0.0,0.1765887269489346,0.0,0.0372331165801018,transformer_add97_f0.3_wd1.0_softmax_ce,canonical
transformer_add97_f0.3_wd1.0_softmax_ce_s1,transformer,28600,after,40000,4,1,blocks.0.hook_attn_out,0,0.0787837513681807,300.0,0.0,0.0625288904780508,0.0,0.046277778033864,transformer_add97_f0.3_wd1.0_softmax_ce,canonical
transformer_add97_f0.3_wd1.0_softmax_ce_s1,transformer,28600,after,40000,4,1,blocks.0.hook_attn_out,1,0.0787837513681807,300.0,0.0,0.0652419978347145,0.0,0.0411250952694448,transformer_add97_f0.3_wd1.0_softmax_ce,canonical
transformer_add97_f0.3_wd1.0_softmax_ce_s1,transformer,28600,after,40000,4,1,blocks.0.hook_attn_out,2,0.0787837513681807,300.0,0.0,0.0522828085277495,0.0,0.0469276868236591,transformer_add97_f0.3_wd1.0_softmax_ce,canonical
transformer_add97_f0.3_wd1.0_softmax_ce_s1,transformer,28600,after,40000,4,2,blocks.0.hook_mlp_out,0,0.1849919930387533,300.0,0.0,0.0562789666355866,0.0,0.0323277769012512,transformer_add97_f0.3_wd1.0_softmax_ce,canonical
transformer_add97_f0.3_wd1.0_softmax_ce_s1,transformer,28600,after,40000,4,2,blocks.0.hook_mlp_out,1,0.185022373113835,300.0,0.0,0.0682721966654349,0.0,0.0318008905370213,transformer_add97_f0.3_wd1.0_softmax_ce,canonical
transformer_add97_f0.3_wd1.0_softmax_ce_s1,transformer,28600,after,40000,4,2,blocks.0.hook_mlp_out,2,0.185022373113835,300.0,0.0,0.0629114474475269,1.0,0.0533072096858003,transformer_add97_f0.3_wd1.0_softmax_ce,canonical
transformer_add97_f0.3_wd1.0_softmax_ce_s1,transformer,28600,after,40000,4,3,hook_resid_final,0,6.698045235381989,300.0,0.0,0.1061224433865564,0.0,0.0680006984228916,transformer_add97_f0.3_wd1.0_softmax_ce,canonical
transformer_add97_f0.3_wd1.0_softmax_ce_s1,transformer,28600,after,40000,4,3,hook_resid_final,1,6.694641460458995,300.0,0.0,0.1221808678005484,0.0,0.0755028031285313,transformer_add97_f0.3_wd1.0_softmax_ce,canonical
transformer_add97_f0.3_wd1.0_softmax_ce_s1,transformer,28600,after,40000,4,3,hook_resid_final,2,6.695949273336233,300.0,0.0,0.1251187881636799,0.0,0.0694111672542842,transformer_add97_f0.3_wd1.0_softmax_ce,canonical
transformer_add97_f0.3_wd1.0_softmax_ce_s1,transformer,28600,after,40000,4,4,logits,0,39.3320336932312,300.0,0.0,0.1200051600149677,0.0,0.0439703324248187,transformer_add97_f0.3_wd1.0_softmax_ce,canonical
transformer_add97_f0.3_wd1.0_softmax_ce_s1,transformer,28600,after,40000,4,4,logits,1,39.286232613283495,300.0,0.0,0.1026204146521506,1.0,0.057163268071976,transformer_add97_f0.3_wd1.0_softmax_ce,canonical
transformer_add97_f0.3_wd1.0_softmax_ce_s1,transformer,28600,after,40000,4,4,logits,2,39.3320336932312,300.0,0.0,0.082414646770797,0.0,0.0532774991112992,transformer_add97_f0.3_wd1.0_softmax_ce,canonical
transformer_add97_f0.3_wd1.0_softmax_ce_s1,transformer,28600,after,40000,2,0,operands,0,0.1258281398514689,300.0,0.0,0.0785168865720841,0.0,0.0323884925287484,transformer_add97_f0.3_wd1.0_softmax_ce,canonical
transformer_add97_f0.3_wd1.0_softmax_ce_s1,transformer,28600,after,40000,2,0,operands,1,0.125112948610554,300.0,0.0,0.0789657177295613,0.0,0.0336953364973579,transformer_add97_f0.3_wd1.0_softmax_ce,canonical
transformer_add97_f0.3_wd1.0_softmax_ce_s1,transformer,28600,after,40000,2,0,operands,2,0.1258281398514689,300.0,0.0,0.0785168865720841,0.0,0.0319940494200368,transformer_add97_f0.3_wd1.0_softmax_ce,canonical
transformer_add97_f0.3_wd1.0_softmax_ce_s1,transformer,28600,after,40000,2,1,blocks.0.hook_attn_out,0,0.0566712751905366,300.0,0.0,0.0356955157740583,0.0,0.0,transformer_add97_f0.3_wd1.0_softmax_ce,canonical
transformer_add97_f0.3_wd1.0_softmax_ce_s1,transformer,28600,after,40000,2,1,blocks.0.hook_attn_out,1,0.0566712751905366,300.0,0.0,0.0280631851260574,0.0,0.0,transformer_add97_f0.3_wd1.0_softmax_ce,canonical
transformer_add97_f0.3_wd1.0_softmax_ce_s1,transformer,28600,after,40000,2,1,blocks.0.hook_attn_out,2,0.0566712751905366,300.0,0.0,0.0273874368130338,0.0,0.0,transformer_add97_f0.3_wd1.0_softmax_ce,canonical
transformer_add97_f0.3_wd1.0_softmax_ce_s1,transformer,28600,after,40000,2,2,blocks.0.hook_mlp_out,0,0.1275631639617113,300.0,1.0,0.1163856693625246,0.0,0.0,transformer_add97_f0.3_wd1.0_softmax_ce,canonical
transformer_add97_f0.3_wd1.0_softmax_ce_s1,transformer,28600,after,40000,2,2,blocks.0.hook_mlp_out,1,0.1275631639617113,300.0,1.0,0.1162490116048283,0.0,0.0,transformer_add97_f0.3_wd1.0_softmax_ce,canonical
transformer_add97_f0.3_wd1.0_softmax_ce_s1,transformer,28600,after,40000,2,2,blocks.0.hook_mlp_out,2,0.1275631639617113,300.0,1.0,0.1186112349088559,0.0,0.0,transformer_add97_f0.3_wd1.0_softmax_ce,canonical
transformer_add97_f0.3_wd1.0_softmax_ce_s1,transformer,28600,after,40000,2,3,hook_resid_final,0,5.434014369586475,300.0,1.0,0.1817787490620932,0.0,0.0,transformer_add97_f0.3_wd1.0_softmax_ce,canonical
transformer_add97_f0.3_wd1.0_softmax_ce_s1,transformer,28600,after,40000,2,3,hook_resid_final,1,5.434014369586475,300.0,1.0,0.1719430681059496,0.0,0.0,transformer_add97_f0.3_wd1.0_softmax_ce,canonical
transformer_add97_f0.3_wd1.0_softmax_ce_s1,transformer,28600,after,40000,2,3,hook_resid_final,2,5.433594748931022,300.0,1.0,0.1863402922889669,0.0,0.0013378916953957,transformer_add97_f0.3_wd1.0_softmax_ce,canonical
transformer_add97_f0.3_wd1.0_softmax_ce_s1,transformer,28600,after,40000,2,4,logits,0,35.682418586846254,300.0,1.0,0.1184799753025976,0.0,0.0013410002427964,transformer_add97_f0.3_wd1.0_softmax_ce,canonical
transformer_add97_f0.3_wd1.0_softmax_ce_s1,transformer,28600,after,40000,2,4,logits,1,35.682418586846254,300.0,1.0,0.1092486902053721,0.0,0.0,transformer_add97_f0.3_wd1.0_softmax_ce,canonical
transformer_add97_f0.3_wd1.0_softmax_ce_s1,transformer,28600,after,40000,2,4,logits,2,35.682418586846254,300.0,1.0,0.1102317928258447,0.0,0.0,transformer_add97_f0.3_wd1.0_softmax_ce,canonical
transformer_add97_f0.3_wd1.0_softmax_ce_s2,transformer,30000,init,0,8,0,operands,0,19.998619259998392,300.0,0.0,0.096528566126978,0.0,0.0539188415662121,transformer_add97_f0.3_wd1.0_softmax_ce,canonical
transformer_add97_f0.3_wd1.0_softmax_ce_s2,transformer,30000,init,0,8,0,operands,1,20.157100077430453,300.0,0.0,0.1257215838978955,0.0,0.0591353205482425,transformer_add97_f0.3_wd1.0_softmax_ce,canonical
transformer_add97_f0.3_wd1.0_softmax_ce_s2,transformer,30000,init,0,8,0,operands,2,20.086288882255804,300.0,0.0,0.1240432505961666,0.0,0.067796314187819,transformer_add97_f0.3_wd1.0_softmax_ce,canonical
transformer_add97_f0.3_wd1.0_softmax_ce_s2,transformer,30000,init,0,8,1,blocks.0.hook_attn_out,0,4.195119910382308,300.0,0.0,0.0687342395237204,0.0,0.0436719771414622,transformer_add97_f0.3_wd1.0_softmax_ce,canonical
transformer_add97_f0.3_wd1.0_softmax_ce_s2,transformer,30000,init,0,8,1,blocks.0.hook_attn_out,1,4.195119910382308,300.0,0.0,0.0530725899492868,0.0,0.0428232426269872,transformer_add97_f0.3_wd1.0_softmax_ce,canonical
transformer_add97_f0.3_wd1.0_softmax_ce_s2,transformer,30000,init,0,8,1,blocks.0.hook_attn_out,2,3.682393397284433,300.0,0.0,0.0719105171449759,0.0,0.0620309292034715,transformer_add97_f0.3_wd1.0_softmax_ce,canonical
transformer_add97_f0.3_wd1.0_softmax_ce_s2,transformer,30000,init,0,8,2,blocks.0.hook_mlp_out,0,0.9793418974226162,300.0,0.0,0.0638929374467565,0.0,0.0439232990945725,transformer_add97_f0.3_wd1.0_softmax_ce,canonical
transformer_add97_f0.3_wd1.0_softmax_ce_s2,transformer,30000,init,0,8,2,blocks.0.hook_mlp_out,1,0.9793418974226162,300.0,0.0,0.0612981800594545,0.0,0.0404668279735139,transformer_add97_f0.3_wd1.0_softmax_ce,canonical
transformer_add97_f0.3_wd1.0_softmax_ce_s2,transformer,30000,init,0,8,2,blocks.0.hook_mlp_out,2,0.9793418974226162,300.0,0.0,0.0663273388457817,0.0,0.0432781625633142,transformer_add97_f0.3_wd1.0_softmax_ce,canonical
transformer_add97_f0.3_wd1.0_softmax_ce_s2,transformer,30000,init,0,8,3,hook_resid_final,0,3.6055341764168274,300.0,0.0,0.0643615780852132,1.0,0.0507685581379705,transformer_add97_f0.3_wd1.0_softmax_ce,canonical
transformer_add97_f0.3_wd1.0_softmax_ce_s2,transformer,30000,init,0,8,3,hook_resid_final,1,3.6055341764168274,300.0,0.0,0.0706918603344455,0.0,0.041973736872432,transformer_add97_f0.3_wd1.0_softmax_ce,canonical
transformer_add97_f0.3_wd1.0_softmax_ce_s2,transformer,30000,init,0,8,3,hook_resid_final,2,3.6055341764168274,300.0,0.0,0.0595469967539258,0.0,0.0485287474147356,transformer_add97_f0.3_wd1.0_softmax_ce,canonical
transformer_add97_f0.3_wd1.0_softmax_ce_s2,transformer,30000,init,0,8,4,logits,0,2.00314869622788,300.0,0.0,0.0623602341421015,0.0,0.0434369856804316,transformer_add97_f0.3_wd1.0_softmax_ce,canonical
transformer_add97_f0.3_wd1.0_softmax_ce_s2,transformer,30000,init,0,8,4,logits,1,2.00314869622788,300.0,0.0,0.0649092221937506,0.0,0.0460172913715272,transformer_add97_f0.3_wd1.0_softmax_ce,canonical
transformer_add97_f0.3_wd1.0_softmax_ce_s2,transformer,30000,init,0,8,4,logits,2,2.00314869622788,300.0,0.0,0.0622002389427631,0.0,0.0474227318123579,transformer_add97_f0.3_wd1.0_softmax_ce,canonical
transformer_add97_f0.3_wd1.0_softmax_ce_s2,transformer,30000,init,0,4,0,operands,0,19.53806520931684,300.0,0.0,0.1045655638075703,0.0,0.0463323679992037,transformer_add97_f0.3_wd1.0_softmax_ce,canonical
transformer_add97_f0.3_wd1.0_softmax_ce_s2,transformer,30000,init,0,4,0,operands,1,19.53806520931684,300.0,0.0,0.0974154220501116,1.0,0.0535025467103059,transformer_add97_f0.3_wd1.0_softmax_ce,canonical
transformer_add97_f0.3_wd1.0_softmax_ce_s2,transformer,30000,init,0,4,0,operands,2,19.53806520931684,300.0,0.0,0.1168962221009853,0.0,0.0529891028238819,transformer_add97_f0.3_wd1.0_softmax_ce,canonical
transformer_add97_f0.3_wd1.0_softmax_ce_s2,transformer,30000,init,0,4,1,blocks.0.hook_attn_out,0,3.5381554563789246,300.0,0.0,0.0608246760698995,0.0,0.0387674285317433,transformer_add97_f0.3_wd1.0_softmax_ce,canonical
transformer_add97_f0.3_wd1.0_softmax_ce_s2,transformer,30000,init,0,4,1,blocks.0.hook_attn_out,1,3.5381554563789246,300.0,0.0,0.0498270409742746,0.0,0.0334139267203849,transformer_add97_f0.3_wd1.0_softmax_ce,canonical
transformer_add97_f0.3_wd1.0_softmax_ce_s2,transformer,30000,init,0,4,1,blocks.0.hook_attn_out,2,3.437706837237024,300.0,0.0,0.0537489367912573,0.0,0.0378359136337055,transformer_add97_f0.3_wd1.0_softmax_ce,canonical
transformer_add97_f0.3_wd1.0_softmax_ce_s2,transformer,30000,init,0,4,2,blocks.0.hook_mlp_out,0,0.966206657481802,300.0,0.0,0.0498888503388721,0.0,0.0327528720871043,transformer_add97_f0.3_wd1.0_softmax_ce,canonical
transformer_add97_f0.3_wd1.0_softmax_ce_s2,transformer,30000,init,0,4,2,blocks.0.hook_mlp_out,1,0.966206657481802,300.0,0.0,0.0562238282466888,0.0,0.0344198104137309,transformer_add97_f0.3_wd1.0_softmax_ce,canonical
transformer_add97_f0.3_wd1.0_softmax_ce_s2,transformer,30000,init,0,4,2,blocks.0.hook_mlp_out,2,0.966206657481802,300.0,1.0,0.0575378418960536,0.0,0.0345913067610107,transformer_add97_f0.3_wd1.0_softmax_ce,canonical
transformer_add97_f0.3_wd1.0_softmax_ce_s2,transformer,30000,init,0,4,3,hook_resid_final,0,3.0496333263054707,300.0,0.0,0.0551226510674836,0.0,0.0393638094303429,transformer_add97_f0.3_wd1.0_softmax_ce,canonical
transformer_add97_f0.3_wd1.0_softmax_ce_s2,transformer,30000,init,0,4,3,hook_resid_final,1,3.0496333263054707,300.0,0.0,0.0633167929327505,1.0,0.0533304659348711,transformer_add97_f0.3_wd1.0_softmax_ce,canonical
transformer_add97_f0.3_wd1.0_softmax_ce_s2,transformer,30000,init,0,4,3,hook_resid_final,2,3.0496333263054707,300.0,0.0,0.0611903125799735,0.0,0.0405135942299124,transformer_add97_f0.3_wd1.0_softmax_ce,canonical
transformer_add97_f0.3_wd1.0_softmax_ce_s2,transformer,30000,init,0,4,4,logits,0,1.8724277782607408,300.0,0.0,0.0696620860990102,0.0,0.0377803930369185,transformer_add97_f0.3_wd1.0_softmax_ce,canonical
transformer_add97_f0.3_wd1.0_softmax_ce_s2,transformer,30000,init,0,4,4,logits,1,1.8724277782607408,300.0,0.0,0.059168048876623,0.0,0.0371166311204571,transformer_add97_f0.3_wd1.0_softmax_ce,canonical
transformer_add97_f0.3_wd1.0_softmax_ce_s2,transformer,30000,init,0,4,4,logits,2,1.8724277782607408,300.0,0.0,0.0586072501963217,0.0,0.0411291572969897,transformer_add97_f0.3_wd1.0_softmax_ce,canonical
transformer_add97_f0.3_wd1.0_softmax_ce_s2,transformer,30000,init,0,2,0,operands,0,15.685268248641746,300.0,0.0,0.0577514099845899,0.0,0.0378133759751288,transformer_add97_f0.3_wd1.0_softmax_ce,canonical
transformer_add97_f0.3_wd1.0_softmax_ce_s2,transformer,30000,init,0,2,0,operands,1,15.685268248641746,300.0,0.0,0.0615868510298094,0.0,0.0438799724318251,transformer_add97_f0.3_wd1.0_softmax_ce,canonical
transformer_add97_f0.3_wd1.0_softmax_ce_s2,transformer,30000,init,0,2,0,operands,2,15.538597755624176,300.0,0.0,0.0639993314144111,0.0,0.0458229540078291,transformer_add97_f0.3_wd1.0_softmax_ce,canonical
transformer_add97_f0.3_wd1.0_softmax_ce_s2,transformer,30000,init,0,2,1,blocks.0.hook_attn_out,0,3.362722572553197,300.0,0.0,0.0333460508388675,0.0,0.0,transformer_add97_f0.3_wd1.0_softmax_ce,canonical
transformer_add97_f0.3_wd1.0_softmax_ce_s2,transformer,30000,init,0,2,1,blocks.0.hook_attn_out,1,3.362722572553197,300.0,0.0,0.0279912935557016,0.0,0.0022636655917062,transformer_add97_f0.3_wd1.0_softmax_ce,canonical
transformer_add97_f0.3_wd1.0_softmax_ce_s2,transformer,30000,init,0,2,1,blocks.0.hook_attn_out,2,3.362722572553197,300.0,0.0,0.0219184962895773,0.0,0.0,transformer_add97_f0.3_wd1.0_softmax_ce,canonical
transformer_add97_f0.3_wd1.0_softmax_ce_s2,transformer,30000,init,0,2,2,blocks.0.hook_mlp_out,0,0.881384238907835,300.0,0.0,0.0278444815972041,0.0,0.0,transformer_add97_f0.3_wd1.0_softmax_ce,canonical
transformer_add97_f0.3_wd1.0_softmax_ce_s2,transformer,30000,init,0,2,2,blocks.0.hook_mlp_out,1,0.881384238907835,300.0,0.0,0.0266179963810092,0.0,0.0,transformer_add97_f0.3_wd1.0_softmax_ce,canonical
transformer_add97_f0.3_wd1.0_softmax_ce_s2,transformer,30000,init,0,2,2,blocks.0.hook_mlp_out,2,0.881384238907835,300.0,0.0,0.0366304700255021,0.0,0.0,transformer_add97_f0.3_wd1.0_softmax_ce,canonical
transformer_add97_f0.3_wd1.0_softmax_ce_s2,transformer,30000,init,0,2,3,hook_resid_final,0,2.7986839131835253,300.0,0.0,0.0267886956186608,0.0,0.0,transformer_add97_f0.3_wd1.0_softmax_ce,canonical
transformer_add97_f0.3_wd1.0_softmax_ce_s2,transformer,30000,init,0,2,3,hook_resid_final,1,2.7986839131835253,300.0,0.0,0.0373055778941228,0.0,0.0,transformer_add97_f0.3_wd1.0_softmax_ce,canonical
transformer_add97_f0.3_wd1.0_softmax_ce_s2,transformer,30000,init,0,2,3,hook_resid_final,2,2.7986839131835253,300.0,0.0,0.0355361646458391,0.0,0.0,transformer_add97_f0.3_wd1.0_softmax_ce,canonical
transformer_add97_f0.3_wd1.0_softmax_ce_s2,transformer,30000,init,0,2,4,logits,0,1.7489089242770568,300.0,0.0,0.0361431277702561,0.0,0.0,transformer_add97_f0.3_wd1.0_softmax_ce,canonical
transformer_add97_f0.3_wd1.0_softmax_ce_s2,transformer,30000,init,0,2,4,logits,1,1.7490317044490555,300.0,0.0,0.0258710565965217,0.0,0.000749381062742,transformer_add97_f0.3_wd1.0_softmax_ce,canonical
transformer_add97_f0.3_wd1.0_softmax_ce_s2,transformer,30000,init,0,2,4,logits,2,1.7525076830526285,300.0,0.0,0.0340243842989136,0.0,0.0,transformer_add97_f0.3_wd1.0_softmax_ce,canonical
transformer_add97_f0.3_wd1.0_softmax_ce_s2,transformer,30000,before,27963,8,0,operands,0,0.1573463491492005,300.0,0.0,0.1074175624970141,0.0,0.0607686483512704,transformer_add97_f0.3_wd1.0_softmax_ce,canonical
transformer_add97_f0.3_wd1.0_softmax_ce_s2,transformer,30000,before,27963,8,0,operands,1,0.1600928363452829,300.0,0.0,0.0868505247800163,0.0,0.0552874571931661,transformer_add97_f0.3_wd1.0_softmax_ce,canonical
transformer_add97_f0.3_wd1.0_softmax_ce_s2,transformer,30000,before,27963,8,0,operands,2,0.1558631933051557,300.0,0.0,0.1038388696453273,0.0,0.0692967716731613,transformer_add97_f0.3_wd1.0_softmax_ce,canonical
transformer_add97_f0.3_wd1.0_softmax_ce_s2,transformer,30000,before,27963,8,1,blocks.0.hook_attn_out,0,0.0660551941410731,300.0,0.0,0.0820213683921206,0.0,0.0542692638645879,transformer_add97_f0.3_wd1.0_softmax_ce,canonical
transformer_add97_f0.3_wd1.0_softmax_ce_s2,transformer,30000,before,27963,8,1,blocks.0.hook_attn_out,1,0.0662678707646377,300.0,0.0,0.0768145305602244,0.0,0.0520785558628333,transformer_add97_f0.3_wd1.0_softmax_ce,canonical
transformer_add97_f0.3_wd1.0_softmax_ce_s2,transformer,30000,before,27963,8,1,blocks.0.hook_attn_out,2,0.0662499282522318,300.0,0.0,0.0848526175422083,0.0,0.0552990563095845,transformer_add97_f0.3_wd1.0_softmax_ce,canonical
transformer_add97_f0.3_wd1.0_softmax_ce_s2,transformer,30000,before,27963,8,2,blocks.0.hook_mlp_out,0,0.1385048932761833,300.0,0.0,0.075191427059694,0.0,0.0462780094668717,transformer_add97_f0.3_wd1.0_softmax_ce,canonical
transformer_add97_f0.3_wd1.0_softmax_ce_s2,transformer,30000,before,27963,8,2,blocks.0.hook_mlp_out,1,0.1359219616124694,300.0,0.0,0.0750489627708522,0.0,0.0449850541448163,transformer_add97_f0.3_wd1.0_softmax_ce,canonical
transformer_add97_f0.3_wd1.0_softmax_ce_s2,transformer,30000,before,27963,8,2,blocks.0.hook_mlp_out,2,0.1365719630212256,300.0,0.0,0.0750875108008203,0.0,0.0485984779779084,transformer_add97_f0.3_wd1.0_softmax_ce,canonical
transformer_add97_f0.3_wd1.0_softmax_ce_s2,transformer,30000,before,27963,8,3,hook_resid_final,0,8.200751588952235,300.0,0.0,0.0825052409955075,1.0,0.0588097400378515,transformer_add97_f0.3_wd1.0_softmax_ce,canonical
transformer_add97_f0.3_wd1.0_softmax_ce_s2,transformer,30000,before,27963,8,3,hook_resid_final,1,8.386874046569975,300.0,0.0,0.0831981048227835,1.0,0.0509484588711067,transformer_add97_f0.3_wd1.0_softmax_ce,canonical
transformer_add97_f0.3_wd1.0_softmax_ce_s2,transformer,30000,before,27963,8,3,hook_resid_final,2,8.211513151500103,300.0,0.0,0.0972432960693251,0.0,0.0561355159099313,transformer_add97_f0.3_wd1.0_softmax_ce,canonical
transformer_add97_f0.3_wd1.0_softmax_ce_s2,transformer,30000,before,27963,8,4,logits,0,50.45970368759326,300.0,0.0,0.0889431638408004,0.0,0.0486581630454857,transformer_add97_f0.3_wd1.0_softmax_ce,canonical
transformer_add97_f0.3_wd1.0_softmax_ce_s2,transformer,30000,before,27963,8,4,logits,1,48.52818838235836,300.0,0.0,0.0888380297555245,1.0,0.055730696431491,transformer_add97_f0.3_wd1.0_softmax_ce,canonical
transformer_add97_f0.3_wd1.0_softmax_ce_s2,transformer,30000,before,27963,8,4,logits,2,47.32404293933151,300.0,0.0,0.0829292257804652,1.0,0.054648850101925,transformer_add97_f0.3_wd1.0_softmax_ce,canonical
transformer_add97_f0.3_wd1.0_softmax_ce_s2,transformer,30000,before,27963,4,0,operands,0,0.1495484067784289,300.0,0.0,0.1021663590557781,0.0,0.0630613547186172,transformer_add97_f0.3_wd1.0_softmax_ce,canonical
transformer_add97_f0.3_wd1.0_softmax_ce_s2,transformer,30000,before,27963,4,0,operands,1,0.1599904684592502,300.0,0.0,0.1050645676108335,0.0,0.0556011046557753,transformer_add97_f0.3_wd1.0_softmax_ce,canonical
transformer_add97_f0.3_wd1.0_softmax_ce_s2,transformer,30000,before,27963,4,0,operands,2,0.1599904684592502,300.0,0.0,0.0952826298416828,1.0,0.0542179151006663,transformer_add97_f0.3_wd1.0_softmax_ce,canonical
transformer_add97_f0.3_wd1.0_softmax_ce_s2,transformer,30000,before,27963,4,1,blocks.0.hook_attn_out,0,0.0604024631137186,300.0,0.0,0.0571638058323099,0.0,0.0423465282455019,transformer_add97_f0.3_wd1.0_softmax_ce,canonical
transformer_add97_f0.3_wd1.0_softmax_ce_s2,transformer,30000,before,27963,4,1,blocks.0.hook_attn_out,1,0.0603034549494381,300.0,0.0,0.0572596205986541,0.0,0.0396738446797586,transformer_add97_f0.3_wd1.0_softmax_ce,canonical
transformer_add97_f0.3_wd1.0_softmax_ce_s2,transformer,30000,before,27963,4,1,blocks.0.hook_attn_out,2,0.0604024631137186,300.0,0.0,0.07326218564725,0.0,0.0434762658894152,transformer_add97_f0.3_wd1.0_softmax_ce,canonical
transformer_add97_f0.3_wd1.0_softmax_ce_s2,transformer,30000,before,27963,4,2,blocks.0.hook_mlp_out,0,0.1216163866525393,300.0,0.0,0.0565172765620483,0.0,0.0417048102553986,transformer_add97_f0.3_wd1.0_softmax_ce,canonical
transformer_add97_f0.3_wd1.0_softmax_ce_s2,transformer,30000,before,27963,4,2,blocks.0.hook_mlp_out,1,0.1201754076613692,300.0,0.0,0.0544162087833003,0.0,0.0363220229268528,transformer_add97_f0.3_wd1.0_softmax_ce,canonical
transformer_add97_f0.3_wd1.0_softmax_ce_s2,transformer,30000,before,27963,4,2,blocks.0.hook_mlp_out,2,0.125062137677067,300.0,0.0,0.0576035581589638,0.0,0.0334832668481173,transformer_add97_f0.3_wd1.0_softmax_ce,canonical
transformer_add97_f0.3_wd1.0_softmax_ce_s2,transformer,30000,before,27963,4,3,hook_resid_final,0,7.557715645060082,300.0,0.0,0.0599937248677779,0.0,0.0412933928474637,transformer_add97_f0.3_wd1.0_softmax_ce,canonical
transformer_add97_f0.3_wd1.0_softmax_ce_s2,transformer,30000,before,27963,4,3,hook_resid_final,1,7.610622179344571,300.0,0.0,0.0637512838027803,0.0,0.0498317374704946,transformer_add97_f0.3_wd1.0_softmax_ce,canonical
transformer_add97_f0.3_wd1.0_softmax_ce_s2,transformer,30000,before,27963,4,3,hook_resid_final,2,7.610622179344571,300.0,0.0,0.0705757631369301,0.0,0.0343059263760412,transformer_add97_f0.3_wd1.0_softmax_ce,canonical
transformer_add97_f0.3_wd1.0_softmax_ce_s2,transformer,30000,before,27963,4,4,logits,0,42.42748276129396,300.0,0.0,0.0599834696421882,0.0,0.0420249843130446,transformer_add97_f0.3_wd1.0_softmax_ce,canonical
transformer_add97_f0.3_wd1.0_softmax_ce_s2,transformer,30000,before,27963,4,4,logits,1,43.11432963822885,300.0,0.0,0.0643800669862347,0.0,0.0411568128198846,transformer_add97_f0.3_wd1.0_softmax_ce,canonical
transformer_add97_f0.3_wd1.0_softmax_ce_s2,transformer,30000,before,27963,4,4,logits,2,42.3764418356308,300.0,0.0,0.0639274923425005,0.0,0.0452625548935902,transformer_add97_f0.3_wd1.0_softmax_ce,canonical
transformer_add97_f0.3_wd1.0_softmax_ce_s2,transformer,30000,before,27963,2,0,operands,0,0.1352893976359236,300.0,0.0,0.0697276447866961,0.0,0.0429883727884251,transformer_add97_f0.3_wd1.0_softmax_ce,canonical
transformer_add97_f0.3_wd1.0_softmax_ce_s2,transformer,30000,before,27963,2,0,operands,1,0.1352893976359236,300.0,0.0,0.0714291316891807,0.0,0.0412906995824706,transformer_add97_f0.3_wd1.0_softmax_ce,canonical
transformer_add97_f0.3_wd1.0_softmax_ce_s2,transformer,30000,before,27963,2,0,operands,2,0.1303104442287042,300.0,0.0,0.0689810147564076,1.0,0.0504025971079106,transformer_add97_f0.3_wd1.0_softmax_ce,canonical
transformer_add97_f0.3_wd1.0_softmax_ce_s2,transformer,30000,before,27963,2,1,blocks.0.hook_attn_out,0,0.0591527068658842,300.0,0.0,0.0239480963160099,0.0,0.0,transformer_add97_f0.3_wd1.0_softmax_ce,canonical
transformer_add97_f0.3_wd1.0_softmax_ce_s2,transformer,30000,before,27963,2,1,blocks.0.hook_attn_out,1,0.0591527068658842,300.0,0.0,0.0268145059602379,0.0,0.0,transformer_add97_f0.3_wd1.0_softmax_ce,canonical
transformer_add97_f0.3_wd1.0_softmax_ce_s2,transformer,30000,before,27963,2,1,blocks.0.hook_attn_out,2,0.0591527068658842,300.0,0.0,0.0307171712012509,0.0,0.0,transformer_add97_f0.3_wd1.0_softmax_ce,canonical
transformer_add97_f0.3_wd1.0_softmax_ce_s2,transformer,30000,before,27963,2,2,blocks.0.hook_mlp_out,0,0.1219962374244638,300.0,0.0,0.0278505146827599,0.0,0.0,transformer_add97_f0.3_wd1.0_softmax_ce,canonical
transformer_add97_f0.3_wd1.0_softmax_ce_s2,transformer,30000,before,27963,2,2,blocks.0.hook_mlp_out,1,0.1219962374244638,300.0,0.0,0.0264126762269048,0.0,0.0,transformer_add97_f0.3_wd1.0_softmax_ce,canonical
transformer_add97_f0.3_wd1.0_softmax_ce_s2,transformer,30000,before,27963,2,2,blocks.0.hook_mlp_out,2,0.1219962374244638,300.0,0.0,0.0224013232833951,0.0,0.0,transformer_add97_f0.3_wd1.0_softmax_ce,canonical
transformer_add97_f0.3_wd1.0_softmax_ce_s2,transformer,30000,before,27963,2,3,hook_resid_final,0,6.383381348429438,300.0,0.0,0.0473367392932783,0.0,0.0047440240501956,transformer_add97_f0.3_wd1.0_softmax_ce,canonical
transformer_add97_f0.3_wd1.0_softmax_ce_s2,transformer,30000,before,27963,2,3,hook_resid_final,1,6.383381348429438,300.0,0.0,0.0407006912987707,0.0,0.0,transformer_add97_f0.3_wd1.0_softmax_ce,canonical
transformer_add97_f0.3_wd1.0_softmax_ce_s2,transformer,30000,before,27963,2,3,hook_resid_final,2,6.411853053661599,300.0,0.0,0.0298207142924162,0.0,0.0,transformer_add97_f0.3_wd1.0_softmax_ce,canonical
transformer_add97_f0.3_wd1.0_softmax_ce_s2,transformer,30000,before,27963,2,4,logits,0,34.979082347670605,300.0,0.0,0.0328329399500662,0.0,0.0,transformer_add97_f0.3_wd1.0_softmax_ce,canonical
transformer_add97_f0.3_wd1.0_softmax_ce_s2,transformer,30000,before,27963,2,4,logits,1,35.12014226493455,300.0,0.0,0.0317080354890113,0.0,0.0,transformer_add97_f0.3_wd1.0_softmax_ce,canonical
transformer_add97_f0.3_wd1.0_softmax_ce_s2,transformer,30000,before,27963,2,4,logits,2,35.164607718985,300.0,0.0,0.0298443217830802,0.0,0.0,transformer_add97_f0.3_wd1.0_softmax_ce,canonical
transformer_add97_f0.3_wd1.0_softmax_ce_s2,transformer,30000,at,30039,8,0,operands,0,0.1884500499952423,300.0,0.0,0.1142444327118425,0.0,0.0548752017069649,transformer_add97_f0.3_wd1.0_softmax_ce,canonical
transformer_add97_f0.3_wd1.0_softmax_ce_s2,transformer,30000,at,30039,8,0,operands,1,0.1882096397575656,300.0,0.0,0.1083875692686408,0.0,0.0632315252315106,transformer_add97_f0.3_wd1.0_softmax_ce,canonical
transformer_add97_f0.3_wd1.0_softmax_ce_s2,transformer,30000,at,30039,8,0,operands,2,0.1909526738046523,300.0,0.0,0.0903820612416457,0.0,0.0603782383028756,transformer_add97_f0.3_wd1.0_softmax_ce,canonical
transformer_add97_f0.3_wd1.0_softmax_ce_s2,transformer,30000,at,30039,8,1,blocks.0.hook_attn_out,0,0.07823171445418,300.0,0.0,0.0733143730466932,0.0,0.0562424841401864,transformer_add97_f0.3_wd1.0_softmax_ce,canonical
transformer_add97_f0.3_wd1.0_softmax_ce_s2,transformer,30000,at,30039,8,1,blocks.0.hook_attn_out,1,0.0795708872966751,300.0,0.0,0.0727655269651011,0.0,0.0556960270383293,transformer_add97_f0.3_wd1.0_softmax_ce,canonical
transformer_add97_f0.3_wd1.0_softmax_ce_s2,transformer,30000,at,30039,8,1,blocks.0.hook_attn_out,2,0.0784129464935267,300.0,0.0,0.0791941729819679,0.0,0.0559970714406349,transformer_add97_f0.3_wd1.0_softmax_ce,canonical
transformer_add97_f0.3_wd1.0_softmax_ce_s2,transformer,30000,at,30039,8,2,blocks.0.hook_mlp_out,0,0.1620923979627946,300.0,0.0,0.0718086943422468,0.0,0.0433131617446796,transformer_add97_f0.3_wd1.0_softmax_ce,canonical
transformer_add97_f0.3_wd1.0_softmax_ce_s2,transformer,30000,at,30039,8,2,blocks.0.hook_mlp_out,1,0.1479502401728434,300.0,0.0,0.0767309600889699,0.0,0.0442853331506538,transformer_add97_f0.3_wd1.0_softmax_ce,canonical
transformer_add97_f0.3_wd1.0_softmax_ce_s2,transformer,30000,at,30039,8,2,blocks.0.hook_mlp_out,2,0.1620923979627946,300.0,0.0,0.069053826729032,0.0,0.0498631773432232,transformer_add97_f0.3_wd1.0_softmax_ce,canonical
transformer_add97_f0.3_wd1.0_softmax_ce_s2,transformer,30000,at,30039,8,3,hook_resid_final,0,7.141324618644296,300.0,0.0,0.0990368660659349,0.0,0.0590638570049708,transformer_add97_f0.3_wd1.0_softmax_ce,canonical
transformer_add97_f0.3_wd1.0_softmax_ce_s2,transformer,30000,at,30039,8,3,hook_resid_final,1,7.297941442338751,300.0,0.0,0.0984122234650413,0.0,0.0582948884145905,transformer_add97_f0.3_wd1.0_softmax_ce,canonical
transformer_add97_f0.3_wd1.0_softmax_ce_s2,transformer,30000,at,30039,8,3,hook_resid_final,2,7.206761124098041,300.0,0.0,0.116056595997557,0.0,0.0570848311443864,transformer_add97_f0.3_wd1.0_softmax_ce,canonical
transformer_add97_f0.3_wd1.0_softmax_ce_s2,transformer,30000,at,30039,8,4,logits,0,41.23756429657551,300.0,0.0,0.0843559492407777,0.0,0.064300501607369,transformer_add97_f0.3_wd1.0_softmax_ce,canonical
transformer_add97_f0.3_wd1.0_softmax_ce_s2,transformer,30000,at,30039,8,4,logits,1,40.38378900992368,300.0,0.0,0.0901277238087879,0.0,0.060727130479214,transformer_add97_f0.3_wd1.0_softmax_ce,canonical
transformer_add97_f0.3_wd1.0_softmax_ce_s2,transformer,30000,at,30039,8,4,logits,2,40.53503043099047,300.0,0.0,0.105042059340459,0.0,0.0583231342126769,transformer_add97_f0.3_wd1.0_softmax_ce,canonical
transformer_add97_f0.3_wd1.0_softmax_ce_s2,transformer,30000,at,30039,4,0,operands,0,0.1769312734152363,300.0,0.0,0.0985277343919385,0.0,0.0615558681261789,transformer_add97_f0.3_wd1.0_softmax_ce,canonical
transformer_add97_f0.3_wd1.0_softmax_ce_s2,transformer,30000,at,30039,4,0,operands,1,0.1769312734152363,300.0,0.0,0.0808126358200679,0.0,0.0631002743999143,transformer_add97_f0.3_wd1.0_softmax_ce,canonical
transformer_add97_f0.3_wd1.0_softmax_ce_s2,transformer,30000,at,30039,4,0,operands,2,0.1760806050074832,300.0,0.0,0.0885948338153461,0.0,0.0620008419348814,transformer_add97_f0.3_wd1.0_softmax_ce,canonical
transformer_add97_f0.3_wd1.0_softmax_ce_s2,transformer,30000,at,30039,4,1,blocks.0.hook_attn_out,0,0.0738248865972632,300.0,0.0,0.0632923757056628,0.0,0.040638009162546,transformer_add97_f0.3_wd1.0_softmax_ce,canonical
transformer_add97_f0.3_wd1.0_softmax_ce_s2,transformer,30000,at,30039,4,1,blocks.0.hook_attn_out,1,0.0718139049921809,300.0,0.0,0.0683005806700132,0.0,0.0493568418065962,transformer_add97_f0.3_wd1.0_softmax_ce,canonical
transformer_add97_f0.3_wd1.0_softmax_ce_s2,transformer,30000,at,30039,4,1,blocks.0.hook_attn_out,2,0.0738248865972632,300.0,0.0,0.0649348237769146,0.0,0.0438527138148354,transformer_add97_f0.3_wd1.0_softmax_ce,canonical
transformer_add97_f0.3_wd1.0_softmax_ce_s2,transformer,30000,at,30039,4,2,blocks.0.hook_mlp_out,0,0.133950065880691,300.0,0.0,0.0602219092472358,0.0,0.0375526598351748,transformer_add97_f0.3_wd1.0_softmax_ce,canonical
transformer_add97_f0.3_wd1.0_softmax_ce_s2,transformer,30000,at,30039,4,2,blocks.0.hook_mlp_out,1,0.1311873049130638,300.0,0.0,0.0622436981985372,0.0,0.0367044897676343,transformer_add97_f0.3_wd1.0_softmax_ce,canonical
transformer_add97_f0.3_wd1.0_softmax_ce_s2,transformer,30000,at,30039,4,2,blocks.0.hook_mlp_out,2,0.1303961287463486,300.0,0.0,0.0561059945201537,0.0,0.0435871333498919,transformer_add97_f0.3_wd1.0_softmax_ce,canonical
transformer_add97_f0.3_wd1.0_softmax_ce_s2,transformer,30000,at,30039,4,3,hook_resid_final,0,6.662272093934656,300.0,0.0,0.0694474363528449,0.0,0.0441228847750079,transformer_add97_f0.3_wd1.0_softmax_ce,canonical
transformer_add97_f0.3_wd1.0_softmax_ce_s2,transformer,30000,at,30039,4,3,hook_resid_final,1,6.67705483019845,300.0,0.0,0.0604701607568247,0.0,0.049803132603387,transformer_add97_f0.3_wd1.0_softmax_ce,canonical
transformer_add97_f0.3_wd1.0_softmax_ce_s2,transformer,30000,at,30039,4,3,hook_resid_final,2,6.67705483019845,300.0,0.0,0.0750596547277413,0.0,0.0493437601557819,transformer_add97_f0.3_wd1.0_softmax_ce,canonical
transformer_add97_f0.3_wd1.0_softmax_ce_s2,transformer,30000,at,30039,4,4,logits,0,37.7565984601826,300.0,0.0,0.0686303359176698,0.0,0.0432732965488157,transformer_add97_f0.3_wd1.0_softmax_ce,canonical
transformer_add97_f0.3_wd1.0_softmax_ce_s2,transformer,30000,at,30039,4,4,logits,1,37.908890840501705,300.0,0.0,0.0599743477167343,0.0,0.0470326136289515,transformer_add97_f0.3_wd1.0_softmax_ce,canonical
transformer_add97_f0.3_wd1.0_softmax_ce_s2,transformer,30000,at,30039,4,4,logits,2,37.611736176728414,300.0,0.0,0.0657476488952232,0.0,0.0321503737813661,transformer_add97_f0.3_wd1.0_softmax_ce,canonical
transformer_add97_f0.3_wd1.0_softmax_ce_s2,transformer,30000,at,30039,2,0,operands,0,0.153973187398655,300.0,0.0,0.0829270632920514,0.0,0.0409643284014429,transformer_add97_f0.3_wd1.0_softmax_ce,canonical
transformer_add97_f0.3_wd1.0_softmax_ce_s2,transformer,30000,at,30039,2,0,operands,1,0.153973187398655,300.0,0.0,0.0704389254392248,0.0,0.0407854107455669,transformer_add97_f0.3_wd1.0_softmax_ce,canonical
transformer_add97_f0.3_wd1.0_softmax_ce_s2,transformer,30000,at,30039,2,0,operands,2,0.1527490512381995,300.0,0.0,0.0723931075598725,0.0,0.0469884697594168,transformer_add97_f0.3_wd1.0_softmax_ce,canonical
transformer_add97_f0.3_wd1.0_softmax_ce_s2,transformer,30000,at,30039,2,1,blocks.0.hook_attn_out,0,0.0697898138300183,300.0,0.0,0.0271987218152969,0.0,0.0,transformer_add97_f0.3_wd1.0_softmax_ce,canonical
transformer_add97_f0.3_wd1.0_softmax_ce_s2,transformer,30000,at,30039,2,1,blocks.0.hook_attn_out,1,0.0699607724484515,300.0,0.0,0.0288614690924002,0.0,0.0,transformer_add97_f0.3_wd1.0_softmax_ce,canonical
transformer_add97_f0.3_wd1.0_softmax_ce_s2,transformer,30000,at,30039,2,1,blocks.0.hook_attn_out,2,0.0697510048939696,300.0,0.0,0.0262909843518297,0.0,0.0,transformer_add97_f0.3_wd1.0_softmax_ce,canonical
transformer_add97_f0.3_wd1.0_softmax_ce_s2,transformer,30000,at,30039,2,2,blocks.0.hook_mlp_out,0,0.1263289496064593,300.0,0.0,0.0337481175734754,0.0,0.0,transformer_add97_f0.3_wd1.0_softmax_ce,canonical
transformer_add97_f0.3_wd1.0_softmax_ce_s2,transformer,30000,at,30039,2,2,blocks.0.hook_mlp_out,1,0.1263289496064593,300.0,0.0,0.0289866332649243,0.0,0.0,transformer_add97_f0.3_wd1.0_softmax_ce,canonical
transformer_add97_f0.3_wd1.0_softmax_ce_s2,transformer,30000,at,30039,2,2,blocks.0.hook_mlp_out,2,0.1262743211904854,300.0,0.0,0.0305474819693003,0.0,0.0,transformer_add97_f0.3_wd1.0_softmax_ce,canonical
transformer_add97_f0.3_wd1.0_softmax_ce_s2,transformer,30000,at,30039,2,3,hook_resid_final,0,5.907685175152935,300.0,0.0,0.0326675225660117,0.0,0.0,transformer_add97_f0.3_wd1.0_softmax_ce,canonical
transformer_add97_f0.3_wd1.0_softmax_ce_s2,transformer,30000,at,30039,2,3,hook_resid_final,1,5.907685175152935,300.0,0.0,0.0297709032991197,0.0,0.0,transformer_add97_f0.3_wd1.0_softmax_ce,canonical
transformer_add97_f0.3_wd1.0_softmax_ce_s2,transformer,30000,at,30039,2,3,hook_resid_final,2,5.907685175152935,300.0,0.0,0.0280404402258667,0.0,0.0,transformer_add97_f0.3_wd1.0_softmax_ce,canonical
transformer_add97_f0.3_wd1.0_softmax_ce_s2,transformer,30000,at,30039,2,4,logits,0,30.892519135972044,300.0,0.0,0.0240232356350392,0.0,0.0,transformer_add97_f0.3_wd1.0_softmax_ce,canonical
transformer_add97_f0.3_wd1.0_softmax_ce_s2,transformer,30000,at,30039,2,4,logits,1,30.892519135972044,300.0,0.0,0.0258208724054014,0.0,0.0,transformer_add97_f0.3_wd1.0_softmax_ce,canonical
transformer_add97_f0.3_wd1.0_softmax_ce_s2,transformer,30000,at,30039,2,4,logits,2,30.892519135972044,300.0,0.0,0.0330620011619981,0.0,0.0,transformer_add97_f0.3_wd1.0_softmax_ce,canonical
transformer_add97_f0.3_wd1.0_softmax_ce_s2,transformer,30000,after,40000,8,0,operands,0,0.1441168414060103,300.0,0.0,0.1042206405515095,1.0,0.0510995817861778,transformer_add97_f0.3_wd1.0_softmax_ce,canonical
transformer_add97_f0.3_wd1.0_softmax_ce_s2,transformer,30000,after,40000,8,0,operands,1,0.1441168414060103,300.0,0.0,0.1013014244129115,0.0,0.0623155569304666,transformer_add97_f0.3_wd1.0_softmax_ce,canonical
transformer_add97_f0.3_wd1.0_softmax_ce_s2,transformer,30000,after,40000,8,0,operands,2,0.1441168414060103,300.0,0.0,0.0963544499644442,0.0,0.0543017162979436,transformer_add97_f0.3_wd1.0_softmax_ce,canonical
transformer_add97_f0.3_wd1.0_softmax_ce_s2,transformer,30000,after,40000,8,1,blocks.0.hook_attn_out,0,0.0788913545675592,300.0,0.0,0.0770427001501924,1.0,0.0536176420964888,transformer_add97_f0.3_wd1.0_softmax_ce,canonical
transformer_add97_f0.3_wd1.0_softmax_ce_s2,transformer,30000,after,40000,8,1,blocks.0.hook_attn_out,1,0.0788309890254442,300.0,0.0,0.0708430224750844,0.0,0.0493536409762675,transformer_add97_f0.3_wd1.0_softmax_ce,canonical
transformer_add97_f0.3_wd1.0_softmax_ce_s2,transformer,30000,after,40000,8,1,blocks.0.hook_attn_out,2,0.0788309890254442,300.0,0.0,0.0724149448291588,0.0,0.0555982795631405,transformer_add97_f0.3_wd1.0_softmax_ce,canonical
transformer_add97_f0.3_wd1.0_softmax_ce_s2,transformer,30000,after,40000,8,2,blocks.0.hook_mlp_out,0,0.1607844985062995,300.0,0.0,0.0715555695802116,0.0,0.0330653938191683,transformer_add97_f0.3_wd1.0_softmax_ce,canonical
transformer_add97_f0.3_wd1.0_softmax_ce_s2,transformer,30000,after,40000,8,2,blocks.0.hook_mlp_out,1,0.1632705919884099,300.0,0.0,0.0712152815567884,0.0,0.039959508806512,transformer_add97_f0.3_wd1.0_softmax_ce,canonical
transformer_add97_f0.3_wd1.0_softmax_ce_s2,transformer,30000,after,40000,8,2,blocks.0.hook_mlp_out,2,0.1640103972659977,300.0,0.0,0.0819446040415776,0.0,0.0408065371116649,transformer_add97_f0.3_wd1.0_softmax_ce,canonical
transformer_add97_f0.3_wd1.0_softmax_ce_s2,transformer,30000,after,40000,8,3,hook_resid_final,0,8.341499686242303,300.0,0.0,0.0864698758907011,0.0,0.030825181124452,transformer_add97_f0.3_wd1.0_softmax_ce,canonical
transformer_add97_f0.3_wd1.0_softmax_ce_s2,transformer,30000,after,40000,8,3,hook_resid_final,1,8.118465505891862,300.0,0.0,0.0952601904770621,0.0,0.0405255159040453,transformer_add97_f0.3_wd1.0_softmax_ce,canonical
transformer_add97_f0.3_wd1.0_softmax_ce_s2,transformer,30000,after,40000,8,3,hook_resid_final,2,8.541182869978426,300.0,0.0,0.0887372942165519,0.0,0.0288010511486535,transformer_add97_f0.3_wd1.0_softmax_ce,canonical
transformer_add97_f0.3_wd1.0_softmax_ce_s2,transformer,30000,after,40000,8,4,logits,0,37.38491537657387,300.0,0.0,0.0900180033422161,0.0,0.0297258546636313,transformer_add97_f0.3_wd1.0_softmax_ce,canonical
transformer_add97_f0.3_wd1.0_softmax_ce_s2,transformer,30000,after,40000,8,4,logits,1,36.791050771242816,300.0,0.0,0.100899826925139,0.0,0.0284564763061649,transformer_add97_f0.3_wd1.0_softmax_ce,canonical
transformer_add97_f0.3_wd1.0_softmax_ce_s2,transformer,30000,after,40000,8,4,logits,2,36.03574365090444,300.0,0.0,0.0976269761014299,0.0,0.0355485450654481,transformer_add97_f0.3_wd1.0_softmax_ce,canonical
transformer_add97_f0.3_wd1.0_softmax_ce_s2,transformer,30000,after,40000,4,0,operands,0,0.127085915545948,300.0,0.0,0.1049974087887203,0.0,0.0539737428123729,transformer_add97_f0.3_wd1.0_softmax_ce,canonical
transformer_add97_f0.3_wd1.0_softmax_ce_s2,transformer,30000,after,40000,4,0,operands,1,0.1258786423978766,300.0,0.0,0.1033308361707653,0.0,0.0529319209482266,transformer_add97_f0.3_wd1.0_softmax_ce,canonical
transformer_add97_f0.3_wd1.0_softmax_ce_s2,transformer,30000,after,40000,4,0,operands,2,0.1258786423978766,300.0,0.0,0.0924590445525523,0.0,0.0557560753966696,transformer_add97_f0.3_wd1.0_softmax_ce,canonical
transformer_add97_f0.3_wd1.0_softmax_ce_s2,transformer,30000,after,40000,4,1,blocks.0.hook_attn_out,0,0.0666849913990098,300.0,0.0,0.0617317161263023,0.0,0.0393196662656049,transformer_add97_f0.3_wd1.0_softmax_ce,canonical
transformer_add97_f0.3_wd1.0_softmax_ce_s2,transformer,30000,after,40000,4,1,blocks.0.hook_attn_out,1,0.0666849913990098,300.0,0.0,0.0705760625633556,0.0,0.0381706974304349,transformer_add97_f0.3_wd1.0_softmax_ce,canonical
transformer_add97_f0.3_wd1.0_softmax_ce_s2,transformer,30000,after,40000,4,1,blocks.0.hook_attn_out,2,0.0666849913990098,300.0,0.0,0.0601542145541553,0.0,0.0377465639833858,transformer_add97_f0.3_wd1.0_softmax_ce,canonical
transformer_add97_f0.3_wd1.0_softmax_ce_s2,transformer,30000,after,40000,4,2,blocks.0.hook_mlp_out,0,0.1606131313489877,300.0,0.0,0.0453604570369249,0.0,0.0287712006274006,transformer_add97_f0.3_wd1.0_softmax_ce,canonical
transformer_add97_f0.3_wd1.0_softmax_ce_s2,transformer,30000,after,40000,4,2,blocks.0.hook_mlp_out,1,0.158341019991428,300.0,0.0,0.0452832892634751,0.0,0.0311583447320827,transformer_add97_f0.3_wd1.0_softmax_ce,canonical
transformer_add97_f0.3_wd1.0_softmax_ce_s2,transformer,30000,after,40000,4,2,blocks.0.hook_mlp_out,2,0.1606131313489877,300.0,0.0,0.0454189875567474,0.0,0.0293967013440925,transformer_add97_f0.3_wd1.0_softmax_ce,canonical
transformer_add97_f0.3_wd1.0_softmax_ce_s2,transformer,30000,after,40000,4,3,hook_resid_final,0,6.921215169621775,300.0,0.0,0.0903425979020859,0.0,0.0272938588076033,transformer_add97_f0.3_wd1.0_softmax_ce,canonical
transformer_add97_f0.3_wd1.0_softmax_ce_s2,transformer,30000,after,40000,4,3,hook_resid_final,1,6.921215169621775,300.0,0.0,0.0965331069633458,0.0,0.024321004866383,transformer_add97_f0.3_wd1.0_softmax_ce,canonical
transformer_add97_f0.3_wd1.0_softmax_ce_s2,transformer,30000,after,40000,4,3,hook_resid_final,2,6.817018829502867,300.0,0.0,0.0854500039695122,0.0,0.038863939700207,transformer_add97_f0.3_wd1.0_softmax_ce,canonical
transformer_add97_f0.3_wd1.0_softmax_ce_s2,transformer,30000,after,40000,4,4,logits,0,33.20403957057002,300.0,0.0,0.069515534088601,0.0,0.0310298639263942,transformer_add97_f0.3_wd1.0_softmax_ce,canonical
transformer_add97_f0.3_wd1.0_softmax_ce_s2,transformer,30000,after,40000,4,4,logits,1,33.19512327377085,300.0,0.0,0.0748953614256318,0.0,0.0346545342954731,transformer_add97_f0.3_wd1.0_softmax_ce,canonical
transformer_add97_f0.3_wd1.0_softmax_ce_s2,transformer,30000,after,40000,4,4,logits,2,31.9803936232012,300.0,0.0,0.0891784399624265,0.0,0.035085762152983,transformer_add97_f0.3_wd1.0_softmax_ce,canonical
transformer_add97_f0.3_wd1.0_softmax_ce_s2,transformer,30000,after,40000,2,0,operands,0,0.1082683404796252,300.0,0.0,0.0666224379077362,0.0,0.0464790334325501,transformer_add97_f0.3_wd1.0_softmax_ce,canonical
transformer_add97_f0.3_wd1.0_softmax_ce_s2,transformer,30000,after,40000,2,0,operands,1,0.1080958613442975,300.0,0.0,0.0668929569488194,0.0,0.046118257707842,transformer_add97_f0.3_wd1.0_softmax_ce,canonical
transformer_add97_f0.3_wd1.0_softmax_ce_s2,transformer,30000,after,40000,2,0,operands,2,0.1082683404796252,300.0,0.0,0.0619327392427325,0.0,0.0384910242814125,transformer_add97_f0.3_wd1.0_softmax_ce,canonical
transformer_add97_f0.3_wd1.0_softmax_ce_s2,transformer,30000,after,40000,2,1,blocks.0.hook_attn_out,0,0.0580226356860854,300.0,0.0,0.0322439782303149,0.0,0.0006940782729933,transformer_add97_f0.3_wd1.0_softmax_ce,canonical
transformer_add97_f0.3_wd1.0_softmax_ce_s2,transformer,30000,after,40000,2,1,blocks.0.hook_attn_out,1,0.0580226356860854,300.0,0.0,0.0264713045794599,0.0,0.0,transformer_add97_f0.3_wd1.0_softmax_ce,canonical
transformer_add97_f0.3_wd1.0_softmax_ce_s2,transformer,30000,after,40000,2,1,blocks.0.hook_attn_out,2,0.0580226356860854,300.0,0.0,0.0358334641622779,0.0,0.0,transformer_add97_f0.3_wd1.0_softmax_ce,canonical
transformer_add97_f0.3_wd1.0_softmax_ce_s2,transformer,30000,after,40000,2,2,blocks.0.hook_mlp_out,0,0.1503568762679943,300.0,0.0,0.0292892602658828,0.0,0.0,transformer_add97_f0.3_wd1.0_softmax_ce,canonical
transformer_add97_f0.3_wd1.0_softmax_ce_s2,transformer,30000,after,40000,2,2,blocks.0.hook_mlp_out,1,0.1503568762679943,300.0,0.0,0.0256980129949156,0.0,0.0,transformer_add97_f0.3_wd1.0_softmax_ce,canonical
transformer_add97_f0.3_wd1.0_softmax_ce_s2,transformer,30000,after,40000,2,2,blocks.0.hook_mlp_out,2,0.1503568762679943,300.0,0.0,0.0249024391191125,0.0,0.0,transformer_add97_f0.3_wd1.0_softmax_ce,canonical
transformer_add97_f0.3_wd1.0_softmax_ce_s2,transformer,30000,after,40000,2,3,hook_resid_final,0,6.027115404863904,300.0,0.0,0.04295610750152,0.0,0.0,transformer_add97_f0.3_wd1.0_softmax_ce,canonical
transformer_add97_f0.3_wd1.0_softmax_ce_s2,transformer,30000,after,40000,2,3,hook_resid_final,1,5.935577553678534,300.0,0.0,0.0400820207829529,0.0,0.0,transformer_add97_f0.3_wd1.0_softmax_ce,canonical
transformer_add97_f0.3_wd1.0_softmax_ce_s2,transformer,30000,after,40000,2,3,hook_resid_final,2,6.026547108396417,300.0,0.0,0.0468661036764842,0.0,0.0,transformer_add97_f0.3_wd1.0_softmax_ce,canonical
transformer_add97_f0.3_wd1.0_softmax_ce_s2,transformer,30000,after,40000,2,4,logits,0,27.36123357185614,300.0,0.0,0.0407912137500089,0.0,0.0,transformer_add97_f0.3_wd1.0_softmax_ce,canonical
transformer_add97_f0.3_wd1.0_softmax_ce_s2,transformer,30000,after,40000,2,4,logits,1,27.356181070604325,300.0,0.0,0.0379076451517595,0.0,0.0,transformer_add97_f0.3_wd1.0_softmax_ce,canonical
transformer_add97_f0.3_wd1.0_softmax_ce_s2,transformer,30000,after,40000,2,4,logits,2,27.371731637651465,300.0,0.0,0.0355171385367134,0.0,0.0,transformer_add97_f0.3_wd1.0_softmax_ce,canonical
transformer_add97_f0.3_wd1.0_softmax_ce_s3,transformer,34700,init,0,8,0,operands,0,20.479166149536308,300.0,0.0,0.1353679858033665,0.0,0.048119065965247,transformer_add97_f0.3_wd1.0_softmax_ce,canonical
transformer_add97_f0.3_wd1.0_softmax_ce_s3,transformer,34700,init,0,8,0,operands,1,20.70302989214868,300.0,0.0,0.1133034207096683,0.0,0.0486767971712114,transformer_add97_f0.3_wd1.0_softmax_ce,canonical
transformer_add97_f0.3_wd1.0_softmax_ce_s3,transformer,34700,init,0,8,0,operands,2,19.78684748044112,300.0,0.0,0.1165119741972429,0.0,0.0568086678085894,transformer_add97_f0.3_wd1.0_softmax_ce,canonical
transformer_add97_f0.3_wd1.0_softmax_ce_s3,transformer,34700,init,0,8,1,blocks.0.hook_attn_out,0,4.156555362852522,300.0,0.0,0.0677217620051018,0.0,0.0431253112428153,transformer_add97_f0.3_wd1.0_softmax_ce,canonical
transformer_add97_f0.3_wd1.0_softmax_ce_s3,transformer,34700,init,0,8,1,blocks.0.hook_attn_out,1,4.156555362852522,300.0,0.0,0.0634280190356186,0.0,0.0456386105397683,transformer_add97_f0.3_wd1.0_softmax_ce,canonical
transformer_add97_f0.3_wd1.0_softmax_ce_s3,transformer,34700,init,0,8,1,blocks.0.hook_attn_out,2,4.156555362852522,300.0,0.0,0.0734910247243328,1.0,0.0615161930746885,transformer_add97_f0.3_wd1.0_softmax_ce,canonical
transformer_add97_f0.3_wd1.0_softmax_ce_s3,transformer,34700,init,0,8,2,blocks.0.hook_mlp_out,0,1.0558731211696872,300.0,0.0,0.0746434239208689,0.0,0.0478173345042227,transformer_add97_f0.3_wd1.0_softmax_ce,canonical
transformer_add97_f0.3_wd1.0_softmax_ce_s3,transformer,34700,init,0,8,2,blocks.0.hook_mlp_out,1,1.0558731211696872,300.0,0.0,0.0730957043945325,0.0,0.0430553051269904,transformer_add97_f0.3_wd1.0_softmax_ce,canonical
transformer_add97_f0.3_wd1.0_softmax_ce_s3,transformer,34700,init,0,8,2,blocks.0.hook_mlp_out,2,1.0558731211696872,300.0,0.0,0.062914038779709,0.0,0.0468620778747407,transformer_add97_f0.3_wd1.0_softmax_ce,canonical
transformer_add97_f0.3_wd1.0_softmax_ce_s3,transformer,34700,init,0,8,3,hook_resid_final,0,4.389459159552158,300.0,0.0,0.0584127151493651,0.0,0.0456813867601395,transformer_add97_f0.3_wd1.0_softmax_ce,canonical
transformer_add97_f0.3_wd1.0_softmax_ce_s3,transformer,34700,init,0,8,3,hook_resid_final,1,4.389459159552158,300.0,0.0,0.0655455679879801,0.0,0.0466815374271603,transformer_add97_f0.3_wd1.0_softmax_ce,canonical
transformer_add97_f0.3_wd1.0_softmax_ce_s3,transformer,34700,init,0,8,3,hook_resid_final,2,4.389459159552158,300.0,0.0,0.0607430143315879,0.0,0.0477395619658356,transformer_add97_f0.3_wd1.0_softmax_ce,canonical
transformer_add97_f0.3_wd1.0_softmax_ce_s3,transformer,34700,init,0,8,4,logits,0,2.3627342455867297,300.0,0.0,0.0623460542765778,0.0,0.0423110406382106,transformer_add97_f0.3_wd1.0_softmax_ce,canonical
transformer_add97_f0.3_wd1.0_softmax_ce_s3,transformer,34700,init,0,8,4,logits,1,2.3627342455867297,300.0,0.0,0.064852732943114,1.0,0.0510667696999933,transformer_add97_f0.3_wd1.0_softmax_ce,canonical
transformer_add97_f0.3_wd1.0_softmax_ce_s3,transformer,34700,init,0,8,4,logits,2,2.3627342455867297,300.0,0.0,0.0737926946250518,0.0,0.0423733260468321,transformer_add97_f0.3_wd1.0_softmax_ce,canonical
transformer_add97_f0.3_wd1.0_softmax_ce_s3,transformer,34700,init,0,4,0,operands,0,18.77533792894623,300.0,0.0,0.0990535873706445,1.0,0.0525513344847419,transformer_add97_f0.3_wd1.0_softmax_ce,canonical
transformer_add97_f0.3_wd1.0_softmax_ce_s3,transformer,34700,init,0,4,0,operands,1,18.96279018533421,300.0,0.0,0.0918461946306838,1.0,0.0505207555880221,transformer_add97_f0.3_wd1.0_softmax_ce,canonical
transformer_add97_f0.3_wd1.0_softmax_ce_s3,transformer,34700,init,0,4,0,operands,2,18.96279018533421,300.0,0.0,0.0950910768430302,0.0,0.0474552142099657,transformer_add97_f0.3_wd1.0_softmax_ce,canonical
transformer_add97_f0.3_wd1.0_softmax_ce_s3,transformer,34700,init,0,4,1,blocks.0.hook_attn_out,0,3.678812269721501,300.0,0.0,0.0584501080546623,0.0,0.0429385645964243,transformer_add97_f0.3_wd1.0_softmax_ce,canonical
transformer_add97_f0.3_wd1.0_softmax_ce_s3,transformer,34700,init,0,4,1,blocks.0.hook_attn_out,1,3.678812269721501,300.0,0.0,0.0581806502039809,0.0,0.0375312935862199,transformer_add97_f0.3_wd1.0_softmax_ce,canonical
transformer_add97_f0.3_wd1.0_softmax_ce_s3,transformer,34700,init,0,4,1,blocks.0.hook_attn_out,2,3.678812269721501,300.0,0.0,0.0579618078499942,0.0,0.0320826098969017,transformer_add97_f0.3_wd1.0_softmax_ce,canonical
transformer_add97_f0.3_wd1.0_softmax_ce_s3,transformer,34700,init,0,4,2,blocks.0.hook_mlp_out,0,0.9777097028583178,300.0,0.0,0.0670573489936113,0.0,0.036693025153166,transformer_add97_f0.3_wd1.0_softmax_ce,canonical
transformer_add97_f0.3_wd1.0_softmax_ce_s3,transformer,34700,init,0,4,2,blocks.0.hook_mlp_out,1,1.0190535924783828,300.0,0.0,0.0575515164919619,0.0,0.0367774364529731,transformer_add97_f0.3_wd1.0_softmax_ce,canonical
transformer_add97_f0.3_wd1.0_softmax_ce_s3,transformer,34700,init,0,4,2,blocks.0.hook_mlp_out,2,1.0190535924783828,300.0,0.0,0.0491811307093564,0.0,0.0421379021058208,transformer_add97_f0.3_wd1.0_softmax_ce,canonical
transformer_add97_f0.3_wd1.0_softmax_ce_s3,transformer,34700,init,0,4,3,hook_resid_final,0,3.8158874385685575,300.0,0.0,0.0662869593126988,0.0,0.028107277497284,transformer_add97_f0.3_wd1.0_softmax_ce,canonical
transformer_add97_f0.3_wd1.0_softmax_ce_s3,transformer,34700,init,0,4,3,hook_resid_final,1,3.8158874385685575,300.0,0.0,0.0600259127385442,0.0,0.0405861809956214,transformer_add97_f0.3_wd1.0_softmax_ce,canonical
transformer_add97_f0.3_wd1.0_softmax_ce_s3,transformer,34700,init,0,4,3,hook_resid_final,2,3.8158874385685575,300.0,1.0,0.0517960429307337,0.0,0.0374301812821049,transformer_add97_f0.3_wd1.0_softmax_ce,canonical
transformer_add97_f0.3_wd1.0_softmax_ce_s3,transformer,34700,init,0,4,4,logits,0,2.2733628987142014,300.0,0.0,0.0518872091844921,0.0,0.0311298032706998,transformer_add97_f0.3_wd1.0_softmax_ce,canonical
transformer_add97_f0.3_wd1.0_softmax_ce_s3,transformer,34700,init,0,4,4,logits,1,2.2733628987142014,300.0,1.0,0.0503563117602045,0.0,0.0401974920228733,transformer_add97_f0.3_wd1.0_softmax_ce,canonical
transformer_add97_f0.3_wd1.0_softmax_ce_s3,transformer,34700,init,0,4,4,logits,2,2.2733628987142014,300.0,1.0,0.0538565358936502,0.0,0.0377743980829264,transformer_add97_f0.3_wd1.0_softmax_ce,canonical
transformer_add97_f0.3_wd1.0_softmax_ce_s3,transformer,34700,init,0,2,0,operands,0,18.206988852064782,300.0,0.0,0.0874874283799314,0.0,0.0364571131081123,transformer_add97_f0.3_wd1.0_softmax_ce,canonical
transformer_add97_f0.3_wd1.0_softmax_ce_s3,transformer,34700,init,0,2,0,operands,1,18.6961539118662,300.0,0.0,0.072605000962501,0.0,0.0375854818109573,transformer_add97_f0.3_wd1.0_softmax_ce,canonical
transformer_add97_f0.3_wd1.0_softmax_ce_s3,transformer,34700,init,0,2,0,operands,2,18.6961539118662,300.0,0.0,0.0851984125033463,0.0,0.0326556418643853,transformer_add97_f0.3_wd1.0_softmax_ce,canonical
transformer_add97_f0.3_wd1.0_softmax_ce_s3,transformer,34700,init,0,2,1,blocks.0.hook_attn_out,0,3.6481008826227055,300.0,0.0,0.0315914752467447,0.0,0.0,transformer_add97_f0.3_wd1.0_softmax_ce,canonical
transformer_add97_f0.3_wd1.0_softmax_ce_s3,transformer,34700,init,0,2,1,blocks.0.hook_attn_out,1,3.6481008826227055,300.0,0.0,0.0245889278310596,0.0,0.0,transformer_add97_f0.3_wd1.0_softmax_ce,canonical
transformer_add97_f0.3_wd1.0_softmax_ce_s3,transformer,34700,init,0,2,1,blocks.0.hook_attn_out,2,3.6481008826227055,300.0,0.0,0.0270497734782436,0.0,0.0,transformer_add97_f0.3_wd1.0_softmax_ce,canonical
transformer_add97_f0.3_wd1.0_softmax_ce_s3,transformer,34700,init,0,2,2,blocks.0.hook_mlp_out,0,0.981753345315962,300.0,0.0,0.029650724316692,0.0,0.0,transformer_add97_f0.3_wd1.0_softmax_ce,canonical
transformer_add97_f0.3_wd1.0_softmax_ce_s3,transformer,34700,init,0,2,2,blocks.0.hook_mlp_out,1,0.981753345315962,300.0,0.0,0.0247205513475545,0.0,0.0,transformer_add97_f0.3_wd1.0_softmax_ce,canonical
transformer_add97_f0.3_wd1.0_softmax_ce_s3,transformer,34700,init,0,2,2,blocks.0.hook_mlp_out,2,0.981753345315962,300.0,0.0,0.0296195105315378,0.0,0.0026914395503252,transformer_add97_f0.3_wd1.0_softmax_ce,canonical
transformer_add97_f0.3_wd1.0_softmax_ce_s3,transformer,34700,init,0,2,3,hook_resid_final,0,3.6209674456937977,300.0,0.0,0.0303448805964815,0.0,0.0,transformer_add97_f0.3_wd1.0_softmax_ce,canonical
transformer_add97_f0.3_wd1.0_softmax_ce_s3,transformer,34700,init,0,2,3,hook_resid_final,1,3.6209674456937977,300.0,0.0,0.0271881681715058,0.0,0.0,transformer_add97_f0.3_wd1.0_softmax_ce,canonical
transformer_add97_f0.3_wd1.0_softmax_ce_s3,transformer,34700,init,0,2,3,hook_resid_final,2,3.6209674456937977,300.0,0.0,0.0295110747367462,0.0,0.0,transformer_add97_f0.3_wd1.0_softmax_ce,canonical
transformer_add97_f0.3_wd1.0_softmax_ce_s3,transformer,34700,init,0,2,4,logits,0,2.091364871196961,300.0,0.0,0.0214226066018182,0.0,0.0,transformer_add97_f0.3_wd1.0_softmax_ce,canonical
transformer_add97_f0.3_wd1.0_softmax_ce_s3,transformer,34700,init,0,2,4,logits,1,2.091364871196961,300.0,0.0,0.0303134282445782,0.0,0.0,transformer_add97_f0.3_wd1.0_softmax_ce,canonical
transformer_add97_f0.3_wd1.0_softmax_ce_s3,transformer,34700,init,0,2,4,logits,2,2.091364871196961,300.0,0.0,0.0282073872626821,0.0,0.0,transformer_add97_f0.3_wd1.0_softmax_ce,canonical
transformer_add97_f0.3_wd1.0_softmax_ce_s3,transformer,34700,before,32268,8,0,operands,0,0.1787990740566473,300.0,0.0,0.1075470626610594,1.0,0.0509315243131963,transformer_add97_f0.3_wd1.0_softmax_ce,canonical
transformer_add97_f0.3_wd1.0_softmax_ce_s3,transformer,34700,before,32268,8,0,operands,1,0.1787990740566473,300.0,0.0,0.1066456544165089,0.0,0.0498192235424961,transformer_add97_f0.3_wd1.0_softmax_ce,canonical
transformer_add97_f0.3_wd1.0_softmax_ce_s3,transformer,34700,before,32268,8,0,operands,2,0.1787990740566473,300.0,0.0,0.1001915347158133,0.0,0.0509258988456938,transformer_add97_f0.3_wd1.0_softmax_ce,canonical
transformer_add97_f0.3_wd1.0_softmax_ce_s3,transformer,34700,before,32268,8,1,blocks.0.hook_attn_out,0,0.0604014608357411,300.0,0.0,0.0666916301028018,0.0,0.0545515788693125,transformer_add97_f0.3_wd1.0_softmax_ce,canonical
transformer_add97_f0.3_wd1.0_softmax_ce_s3,transformer,34700,before,32268,8,1,blocks.0.hook_attn_out,1,0.0602161595942187,300.0,0.0,0.0707669033088889,0.0,0.0555874187269061,transformer_add97_f0.3_wd1.0_softmax_ce,canonical
transformer_add97_f0.3_wd1.0_softmax_ce_s3,transformer,34700,before,32268,8,1,blocks.0.hook_attn_out,2,0.0602161595942187,300.0,0.0,0.0842179334967339,0.0,0.0514699742155836,transformer_add97_f0.3_wd1.0_softmax_ce,canonical
transformer_add97_f0.3_wd1.0_softmax_ce_s3,transformer,34700,before,32268,8,2,blocks.0.hook_mlp_out,0,0.1198241139739011,300.0,0.0,0.0684928715714256,0.0,0.0490441475255619,transformer_add97_f0.3_wd1.0_softmax_ce,canonical
transformer_add97_f0.3_wd1.0_softmax_ce_s3,transformer,34700,before,32268,8,2,blocks.0.hook_mlp_out,1,0.1161152489270161,300.0,0.0,0.0695879142659183,0.0,0.0547506937486375,transformer_add97_f0.3_wd1.0_softmax_ce,canonical
transformer_add97_f0.3_wd1.0_softmax_ce_s3,transformer,34700,before,32268,8,2,blocks.0.hook_mlp_out,2,0.1197984039768814,300.0,0.0,0.0723702010727189,0.0,0.0529208792037578,transformer_add97_f0.3_wd1.0_softmax_ce,canonical
transformer_add97_f0.3_wd1.0_softmax_ce_s3,transformer,34700,before,32268,8,3,hook_resid_final,0,7.576400782871431,300.0,0.0,0.0755655656612134,1.0,0.0538832730305925,transformer_add97_f0.3_wd1.0_softmax_ce,canonical
transformer_add97_f0.3_wd1.0_softmax_ce_s3,transformer,34700,before,32268,8,3,hook_resid_final,1,7.742806206666165,300.0,0.0,0.0682677558161538,0.0,0.054158984050479,transformer_add97_f0.3_wd1.0_softmax_ce,canonical
transformer_add97_f0.3_wd1.0_softmax_ce_s3,transformer,34700,before,32268,8,3,hook_resid_final,2,7.734885675071199,300.0,0.0,0.0831488068356819,1.0,0.0517309384165277,transformer_add97_f0.3_wd1.0_softmax_ce,canonical
transformer_add97_f0.3_wd1.0_softmax_ce_s3,transformer,34700,before,32268,8,4,logits,0,38.53330629012211,300.0,0.0,0.0826080367434326,0.0,0.0566665591719854,transformer_add97_f0.3_wd1.0_softmax_ce,canonical
transformer_add97_f0.3_wd1.0_softmax_ce_s3,transformer,34700,before,32268,8,4,logits,1,38.14555906663897,300.0,0.0,0.0923515722171238,0.0,0.0549403108903287,transformer_add97_f0.3_wd1.0_softmax_ce,canonical
transformer_add97_f0.3_wd1.0_softmax_ce_s3,transformer,34700,before,32268,8,4,logits,2,37.383279501662045,300.0,0.0,0.0838105672602824,0.0,0.061510551341956,transformer_add97_f0.3_wd1.0_softmax_ce,canonical
transformer_add97_f0.3_wd1.0_softmax_ce_s3,transformer,34700,before,32268,4,0,operands,0,0.1678574242630693,300.0,0.0,0.0886976690332423,1.0,0.0518533257133221,transformer_add97_f0.3_wd1.0_softmax_ce,canonical
transformer_add97_f0.3_wd1.0_softmax_ce_s3,transformer,34700,before,32268,4,0,operands,1,0.1718963293041897,300.0,0.0,0.0695724196916072,1.0,0.0525468293308814,transformer_add97_f0.3_wd1.0_softmax_ce,canonical
transformer_add97_f0.3_wd1.0_softmax_ce_s3,transformer,34700,before,32268,4,0,operands,2,0.1678574242630693,300.0,0.0,0.0774036254999324,0.0,0.0584072163628352,transformer_add97_f0.3_wd1.0_softmax_ce,canonical
transformer_add97_f0.3_wd1.0_softmax_ce_s3,transformer,34700,before,32268,4,1,blocks.0.hook_attn_out,0,0.0565072970491042,300.0,0.0,0.0636506939004944,0.0,0.0417932331278948,transformer_add97_f0.3_wd1.0_softmax_ce,canonical
transformer_add97_f0.3_wd1.0_softmax_ce_s3,transformer,34700,before,32268,4,1,blocks.0.hook_attn_out,1,0.0565072970491042,300.0,0.0,0.0545420355096623,0.0,0.0487381893899231,transformer_add97_f0.3_wd1.0_softmax_ce,canonical
transformer_add97_f0.3_wd1.0_softmax_ce_s3,transformer,34700,before,32268,4,1,blocks.0.hook_attn_out,2,0.0565072970491042,300.0,0.0,0.0647734766628334,0.0,0.0403535613958609,transformer_add97_f0.3_wd1.0_softmax_ce,canonical
transformer_add97_f0.3_wd1.0_softmax_ce_s3,transformer,34700,before,32268,4,2,blocks.0.hook_mlp_out,0,0.1114914808908565,300.0,0.0,0.0486848778683705,0.0,0.0372063814492686,transformer_add97_f0.3_wd1.0_softmax_ce,canonical
transformer_add97_f0.3_wd1.0_softmax_ce_s3,transformer,34700,before,32268,4,2,blocks.0.hook_mlp_out,1,0.1132013957149015,300.0,1.0,0.0521131082097626,0.0,0.0344976550833765,transformer_add97_f0.3_wd1.0_softmax_ce,canonical
transformer_add97_f0.3_wd1.0_softmax_ce_s3,transformer,34700,before,32268,4,2,blocks.0.hook_mlp_out,2,0.1132169964397994,300.0,0.0,0.0558469129053619,0.0,0.0337837054519935,transformer_add97_f0.3_wd1.0_softmax_ce,canonical
transformer_add97_f0.3_wd1.0_softmax_ce_s3,transformer,34700,before,32268,4,3,hook_resid_final,0,7.538592099792161,300.0,0.0,0.0620387071191833,0.0,0.0396334695574929,transformer_add97_f0.3_wd1.0_softmax_ce,canonical
transformer_add97_f0.3_wd1.0_softmax_ce_s3,transformer,34700,before,32268,4,3,hook_resid_final,1,7.511449232699688,300.0,0.0,0.0549079968832465,0.0,0.0371176259868456,transformer_add97_f0.3_wd1.0_softmax_ce,canonical
transformer_add97_f0.3_wd1.0_softmax_ce_s3,transformer,34700,before,32268,4,3,hook_resid_final,2,7.511449232699688,300.0,0.0,0.0616410144859863,0.0,0.0355341147196699,transformer_add97_f0.3_wd1.0_softmax_ce,canonical
transformer_add97_f0.3_wd1.0_softmax_ce_s3,transformer,34700,before,32268,4,4,logits,0,34.9771559823987,300.0,0.0,0.0715560376587881,0.0,0.0382878340272486,transformer_add97_f0.3_wd1.0_softmax_ce,canonical
transformer_add97_f0.3_wd1.0_softmax_ce_s3,transformer,34700,before,32268,4,4,logits,1,34.9771559823987,300.0,0.0,0.0625628501627989,0.0,0.049956857163564,transformer_add97_f0.3_wd1.0_softmax_ce,canonical
transformer_add97_f0.3_wd1.0_softmax_ce_s3,transformer,34700,before,32268,4,4,logits,2,34.9771559823987,300.0,0.0,0.0590663734849441,0.0,0.0422122993543853,transformer_add97_f0.3_wd1.0_softmax_ce,canonical
transformer_add97_f0.3_wd1.0_softmax_ce_s3,transformer,34700,before,32268,2,0,operands,0,0.1743499344115769,300.0,0.0,0.0629181683369803,0.0,0.0401921689449173,transformer_add97_f0.3_wd1.0_softmax_ce,canonical
transformer_add97_f0.3_wd1.0_softmax_ce_s3,transformer,34700,before,32268,2,0,operands,1,0.1743499344115769,300.0,0.0,0.0612142667066263,0.0,0.049741287040981,transformer_add97_f0.3_wd1.0_softmax_ce,canonical
transformer_add97_f0.3_wd1.0_softmax_ce_s3,transformer,34700,before,32268,2,0,operands,2,0.1743499344115769,300.0,0.0,0.0630944226027231,0.0,0.0433338494174296,transformer_add97_f0.3_wd1.0_softmax_ce,canonical
transformer_add97_f0.3_wd1.0_softmax_ce_s3,transformer,34700,before,32268,2,1,blocks.0.hook_attn_out,0,0.0493157154743052,300.0,0.0,0.0348962912813341,0.0,0.0,transformer_add97_f0.3_wd1.0_softmax_ce,canonical
transformer_add97_f0.3_wd1.0_softmax_ce_s3,transformer,34700,before,32268,2,1,blocks.0.hook_attn_out,1,0.0493157154743052,300.0,0.0,0.0267640690058504,0.0,0.0,transformer_add97_f0.3_wd1.0_softmax_ce,canonical
transformer_add97_f0.3_wd1.0_softmax_ce_s3,transformer,34700,before,32268,2,1,blocks.0.hook_attn_out,2,0.0493157154743052,300.0,0.0,0.0367012585151775,0.0,0.0,transformer_add97_f0.3_wd1.0_softmax_ce,canonical
transformer_add97_f0.3_wd1.0_softmax_ce_s3,transformer,34700,before,32268,2,2,blocks.0.hook_mlp_out,0,0.1057981994784657,300.0,0.0,0.026363448712838,0.0,0.0,transformer_add97_f0.3_wd1.0_softmax_ce,canonical
transformer_add97_f0.3_wd1.0_softmax_ce_s3,transformer,34700,before,32268,2,2,blocks.0.hook_mlp_out,1,0.1057981994784657,300.0,0.0,0.028082133422698,0.0,0.0009425444149652,transformer_add97_f0.3_wd1.0_softmax_ce,canonical
transformer_add97_f0.3_wd1.0_softmax_ce_s3,transformer,34700,before,32268,2,2,blocks.0.hook_mlp_out,2,0.1057981994784657,300.0,0.0,0.0268989418983391,0.0,0.0,transformer_add97_f0.3_wd1.0_softmax_ce,canonical
transformer_add97_f0.3_wd1.0_softmax_ce_s3,transformer,34700,before,32268,2,3,hook_resid_final,0,6.402759829675249,300.0,0.0,0.0288573544408437,0.0,0.0011633023291336,transformer_add97_f0.3_wd1.0_softmax_ce,canonical
transformer_add97_f0.3_wd1.0_softmax_ce_s3,transformer,34700,before,32268,2,3,hook_resid_final,1,6.402759829675249,300.0,0.0,0.0311445299342412,0.0,0.0,transformer_add97_f0.3_wd1.0_softmax_ce,canonical
transformer_add97_f0.3_wd1.0_softmax_ce_s3,transformer,34700,before,32268,2,3,hook_resid_final,2,6.402759829675249,300.0,0.0,0.0330179482179104,0.0,0.0,transformer_add97_f0.3_wd1.0_softmax_ce,canonical
transformer_add97_f0.3_wd1.0_softmax_ce_s3,transformer,34700,before,32268,2,4,logits,0,33.08153813618058,300.0,0.0,0.0321049130814763,0.0,0.0,transformer_add97_f0.3_wd1.0_softmax_ce,canonical
transformer_add97_f0.3_wd1.0_softmax_ce_s3,transformer,34700,before,32268,2,4,logits,1,33.08153813618058,300.0,0.0,0.0326345013118274,0.0,0.0,transformer_add97_f0.3_wd1.0_softmax_ce,canonical
transformer_add97_f0.3_wd1.0_softmax_ce_s3,transformer,34700,before,32268,2,4,logits,2,32.838602625596415,300.0,0.0,0.0316874678958411,0.0,0.0,transformer_add97_f0.3_wd1.0_softmax_ce,canonical
transformer_add97_f0.3_wd1.0_softmax_ce_s3,transformer,34700,at,34663,8,0,operands,0,0.2356687444188625,300.0,0.0,0.0918122104727336,0.0,0.0488695501761941,transformer_add97_f0.3_wd1.0_softmax_ce,canonical
transformer_add97_f0.3_wd1.0_softmax_ce_s3,transformer,34700,at,34663,8,0,operands,1,0.2313374687142328,300.0,0.0,0.1006267089238162,0.0,0.0557620899519866,transformer_add97_f0.3_wd1.0_softmax_ce,canonical
transformer_add97_f0.3_wd1.0_softmax_ce_s3,transformer,34700,at,34663,8,0,operands,2,0.2356687444188625,300.0,0.0,0.0921937990793459,1.0,0.0525640360559553,transformer_add97_f0.3_wd1.0_softmax_ce,canonical
transformer_add97_f0.3_wd1.0_softmax_ce_s3,transformer,34700,at,34663,8,1,blocks.0.hook_attn_out,0,0.1223295940193039,300.0,0.0,0.0750581033179798,0.0,0.0562153440008854,transformer_add97_f0.3_wd1.0_softmax_ce,canonical
transformer_add97_f0.3_wd1.0_softmax_ce_s3,transformer,34700,at,34663,8,1,blocks.0.hook_attn_out,1,0.1297561247574926,300.0,0.0,0.0718112492313406,0.0,0.043837204350487,transformer_add97_f0.3_wd1.0_softmax_ce,canonical
transformer_add97_f0.3_wd1.0_softmax_ce_s3,transformer,34700,at,34663,8,1,blocks.0.hook_attn_out,2,0.1221703162910933,300.0,0.0,0.0867612894005685,0.0,0.049751142953355,transformer_add97_f0.3_wd1.0_softmax_ce,canonical
transformer_add97_f0.3_wd1.0_softmax_ce_s3,transformer,34700,at,34663,8,2,blocks.0.hook_mlp_out,0,0.1823373776692615,300.0,0.0,0.0773812191280032,1.0,0.0500982953040406,transformer_add97_f0.3_wd1.0_softmax_ce,canonical
transformer_add97_f0.3_wd1.0_softmax_ce_s3,transformer,34700,at,34663,8,2,blocks.0.hook_mlp_out,1,0.1823182413925072,300.0,0.0,0.0772558734268261,0.0,0.05616176532691,transformer_add97_f0.3_wd1.0_softmax_ce,canonical
transformer_add97_f0.3_wd1.0_softmax_ce_s3,transformer,34700,at,34663,8,2,blocks.0.hook_mlp_out,2,0.1918780246871482,300.0,0.0,0.0773880917791683,0.0,0.0615747045897605,transformer_add97_f0.3_wd1.0_softmax_ce,canonical
transformer_add97_f0.3_wd1.0_softmax_ce_s3,transformer,34700,at,34663,8,3,hook_resid_final,0,7.707236413078743,300.0,0.0,0.0899319651995076,0.0,0.0674861647578531,transformer_add97_f0.3_wd1.0_softmax_ce,canonical
transformer_add97_f0.3_wd1.0_softmax_ce_s3,transformer,34700,at,34663,8,3,hook_resid_final,1,7.730215570360093,300.0,0.0,0.1001743087680125,0.0,0.071416956860215,transformer_add97_f0.3_wd1.0_softmax_ce,canonical
transformer_add97_f0.3_wd1.0_softmax_ce_s3,transformer,34700,at,34663,8,3,hook_resid_final,2,7.673980026060851,300.0,0.0,0.0836492239655955,0.0,0.0639307693392944,transformer_add97_f0.3_wd1.0_softmax_ce,canonical
transformer_add97_f0.3_wd1.0_softmax_ce_s3,transformer,34700,at,34663,8,4,logits,0,40.47064007541052,300.0,0.0,0.0862097814115057,0.0,0.0568225141054234,transformer_add97_f0.3_wd1.0_softmax_ce,canonical
transformer_add97_f0.3_wd1.0_softmax_ce_s3,transformer,34700,at,34663,8,4,logits,1,40.33797830538459,300.0,0.0,0.0930599671721415,0.0,0.0589158880354271,transformer_add97_f0.3_wd1.0_softmax_ce,canonical
transformer_add97_f0.3_wd1.0_softmax_ce_s3,transformer,34700,at,34663,8,4,logits,2,41.45736320836769,300.0,0.0,0.0955912046222685,0.0,0.0594928880039956,transformer_add97_f0.3_wd1.0_softmax_ce,canonical
transformer_add97_f0.3_wd1.0_softmax_ce_s3,transformer,34700,at,34663,4,0,operands,0,0.2182606036802155,300.0,0.0,0.0848202185022691,0.0,0.0541392453117262,transformer_add97_f0.3_wd1.0_softmax_ce,canonical
transformer_add97_f0.3_wd1.0_softmax_ce_s3,transformer,34700,at,34663,4,0,operands,1,0.2182606036802155,300.0,0.0,0.082456459561192,0.0,0.0695849737124037,transformer_add97_f0.3_wd1.0_softmax_ce,canonical
transformer_add97_f0.3_wd1.0_softmax_ce_s3,transformer,34700,at,34663,4,0,operands,2,0.2182606036802155,300.0,0.0,0.0876285498250216,0.0,0.0676263086749119,transformer_add97_f0.3_wd1.0_softmax_ce,canonical
transformer_add97_f0.3_wd1.0_softmax_ce_s3,transformer,34700,at,34663,4,1,blocks.0.hook_attn_out,0,0.1216922662247224,300.0,0.0,0.0639824678458803,0.0,0.0466056392826,transformer_add97_f0.3_wd1.0_softmax_ce,canonical
transformer_add97_f0.3_wd1.0_softmax_ce_s3,transformer,34700,at,34663,4,1,blocks.0.hook_attn_out,1,0.1217571050183878,300.0,0.0,0.0566903013117894,0.0,0.0405782059621117,transformer_add97_f0.3_wd1.0_softmax_ce,canonical
transformer_add97_f0.3_wd1.0_softmax_ce_s3,transformer,34700,at,34663,4,1,blocks.0.hook_attn_out,2,0.1216922662247224,300.0,0.0,0.0627991155569895,0.0,0.0395756585193978,transformer_add97_f0.3_wd1.0_softmax_ce,canonical
transformer_add97_f0.3_wd1.0_softmax_ce_s3,transformer,34700,at,34663,4,2,blocks.0.hook_mlp_out,0,0.171657084229865,300.0,0.0,0.0663567158010577,0.0,0.0454745746792999,transformer_add97_f0.3_wd1.0_softmax_ce,canonical
transformer_add97_f0.3_wd1.0_softmax_ce_s3,transformer,34700,at,34663,4,2,blocks.0.hook_mlp_out,1,0.171657084229865,300.0,0.0,0.0657860092551361,0.0,0.0449684856346799,transformer_add97_f0.3_wd1.0_softmax_ce,canonical
transformer_add97_f0.3_wd1.0_softmax_ce_s3,transformer,34700,at,34663,4,2,blocks.0.hook_mlp_out,2,0.171657084229865,300.0,0.0,0.0692589368141823,0.0,0.0404428733310859,transformer_add97_f0.3_wd1.0_softmax_ce,canonical
transformer_add97_f0.3_wd1.0_softmax_ce_s3,transformer,34700,at,34663,4,3,hook_resid_final,0,7.810005836507682,300.0,0.0,0.0596387908351003,1.0,0.0522493162451927,transformer_add97_f0.3_wd1.0_softmax_ce,canonical
transformer_add97_f0.3_wd1.0_softmax_ce_s3,transformer,34700,at,34663,4,3,hook_resid_final,1,7.778461877624932,300.0,0.0,0.0626192907790229,0.0,0.0416886208297041,transformer_add97_f0.3_wd1.0_softmax_ce,canonical
transformer_add97_f0.3_wd1.0_softmax_ce_s3,transformer,34700,at,34663,4,3,hook_resid_final,2,7.705624382873909,300.0,0.0,0.0698911289827162,1.0,0.0545203482864722,transformer_add97_f0.3_wd1.0_softmax_ce,canonical
transformer_add97_f0.3_wd1.0_softmax_ce_s3,transformer,34700,at,34663,4,4,logits,0,39.5934889766962,300.0,0.0,0.0705507589444269,0.0,0.0424223386916376,transformer_add97_f0.3_wd1.0_softmax_ce,canonical
transformer_add97_f0.3_wd1.0_softmax_ce_s3,transformer,34700,at,34663,4,4,logits,1,38.475457986435146,300.0,0.0,0.0631376934276872,0.0,0.047978405748786,transformer_add97_f0.3_wd1.0_softmax_ce,canonical
transformer_add97_f0.3_wd1.0_softmax_ce_s3,transformer,34700,at,34663,4,4,logits,2,40.22664559894102,300.0,0.0,0.0627321691000191,0.0,0.0407613481587865,transformer_add97_f0.3_wd1.0_softmax_ce,canonical
transformer_add97_f0.3_wd1.0_softmax_ce_s3,transformer,34700,at,34663,2,0,operands,0,0.2079844008858961,300.0,0.0,0.0671456023924368,0.0,0.0373469555494831,transformer_add97_f0.3_wd1.0_softmax_ce,canonical
transformer_add97_f0.3_wd1.0_softmax_ce_s3,transformer,34700,at,34663,2,0,operands,1,0.2079844008858961,300.0,0.0,0.0593444833323728,0.0,0.0452684123020068,transformer_add97_f0.3_wd1.0_softmax_ce,canonical
transformer_add97_f0.3_wd1.0_softmax_ce_s3,transformer,34700,at,34663,2,0,operands,2,0.2079844008858961,300.0,0.0,0.0693763499403793,0.0,0.0332150838151127,transformer_add97_f0.3_wd1.0_softmax_ce,canonical
transformer_add97_f0.3_wd1.0_softmax_ce_s3,transformer,34700,at,34663,2,1,blocks.0.hook_attn_out,0,0.1027177519396765,300.0,0.0,0.0483693717448478,0.0,0.0,transformer_add97_f0.3_wd1.0_softmax_ce,canonical
transformer_add97_f0.3_wd1.0_softmax_ce_s3,transformer,34700,at,34663,2,1,blocks.0.hook_attn_out,1,0.1032099601062206,300.0,0.0,0.033839674323659,0.0,0.0,transformer_add97_f0.3_wd1.0_softmax_ce,canonical
transformer_add97_f0.3_wd1.0_softmax_ce_s3,transformer,34700,at,34663,2,1,blocks.0.hook_attn_out,2,0.1033503255458394,300.0,0.0,0.0431606503069282,0.0,0.0,transformer_add97_f0.3_wd1.0_softmax_ce,canonical
transformer_add97_f0.3_wd1.0_softmax_ce_s3,transformer,34700,at,34663,2,2,blocks.0.hook_mlp_out,0,0.1699906788595558,300.0,0.0,0.0381596710807082,0.0,0.0,transformer_add97_f0.3_wd1.0_softmax_ce,canonical
transformer_add97_f0.3_wd1.0_softmax_ce_s3,transformer,34700,at,34663,2,2,blocks.0.hook_mlp_out,1,0.1692350963346122,300.0,0.0,0.0329377131983747,0.0,0.0,transformer_add97_f0.3_wd1.0_softmax_ce,canonical
transformer_add97_f0.3_wd1.0_softmax_ce_s3,transformer,34700,at,34663,2,2,blocks.0.hook_mlp_out,2,0.1699906788595558,300.0,0.0,0.0262350039720631,0.0,0.0,transformer_add97_f0.3_wd1.0_softmax_ce,canonical
transformer_add97_f0.3_wd1.0_softmax_ce_s3,transformer,34700,at,34663,2,3,hook_resid_final,0,7.166765833400967,300.0,0.0,0.0338591766945851,0.0,0.0,transformer_add97_f0.3_wd1.0_softmax_ce,canonical
transformer_add97_f0.3_wd1.0_softmax_ce_s3,transformer,34700,at,34663,2,3,hook_resid_final,1,7.166765833400967,300.0,0.0,0.0295336276736768,0.0,0.0,transformer_add97_f0.3_wd1.0_softmax_ce,canonical
transformer_add97_f0.3_wd1.0_softmax_ce_s3,transformer,34700,at,34663,2,3,hook_resid_final,2,7.160938863387377,300.0,0.0,0.0353465636192236,0.0,0.0,transformer_add97_f0.3_wd1.0_softmax_ce,canonical
transformer_add97_f0.3_wd1.0_softmax_ce_s3,transformer,34700,at,34663,2,4,logits,0,38.13313285127033,300.0,0.0,0.035880467511964,0.0,0.0004272862703919,transformer_add97_f0.3_wd1.0_softmax_ce,canonical
transformer_add97_f0.3_wd1.0_softmax_ce_s3,transformer,34700,at,34663,2,4,logits,1,38.12238130096842,300.0,0.0,0.0310445252794563,0.0,0.0,transformer_add97_f0.3_wd1.0_softmax_ce,canonical
transformer_add97_f0.3_wd1.0_softmax_ce_s3,transformer,34700,at,34663,2,4,logits,2,38.12238130096842,300.0,0.0,0.0265152023371837,0.0,0.0,transformer_add97_f0.3_wd1.0_softmax_ce,canonical
transformer_add97_f0.3_wd1.0_softmax_ce_s3,transformer,34700,after,40000,8,0,operands,0,0.1460239119621685,300.0,0.0,0.1028637041109756,0.0,0.0531123589114403,transformer_add97_f0.3_wd1.0_softmax_ce,canonical
transformer_add97_f0.3_wd1.0_softmax_ce_s3,transformer,34700,after,40000,8,0,operands,1,0.1434177746164916,300.0,0.0,0.1363001801714864,0.0,0.0491077350655898,transformer_add97_f0.3_wd1.0_softmax_ce,canonical
transformer_add97_f0.3_wd1.0_softmax_ce_s3,transformer,34700,after,40000,8,0,operands,2,0.1460239119621685,300.0,0.0,0.1123888850862427,0.0,0.052514318124811,transformer_add97_f0.3_wd1.0_softmax_ce,canonical
transformer_add97_f0.3_wd1.0_softmax_ce_s3,transformer,34700,after,40000,8,1,blocks.0.hook_attn_out,0,0.0819693611116686,300.0,0.0,0.0865491847305741,1.0,0.0546782075093518,transformer_add97_f0.3_wd1.0_softmax_ce,canonical
transformer_add97_f0.3_wd1.0_softmax_ce_s3,transformer,34700,after,40000,8,1,blocks.0.hook_attn_out,1,0.0819693611116686,300.0,0.0,0.0691541885387778,0.0,0.0487083116966486,transformer_add97_f0.3_wd1.0_softmax_ce,canonical
transformer_add97_f0.3_wd1.0_softmax_ce_s3,transformer,34700,after,40000,8,1,blocks.0.hook_attn_out,2,0.0819693611116686,300.0,0.0,0.0757241938933747,1.0,0.0505437484007205,transformer_add97_f0.3_wd1.0_softmax_ce,canonical
transformer_add97_f0.3_wd1.0_softmax_ce_s3,transformer,34700,after,40000,8,2,blocks.0.hook_mlp_out,0,0.1534829472893458,300.0,0.0,0.0747204175554777,0.0,0.0350612065715852,transformer_add97_f0.3_wd1.0_softmax_ce,canonical
transformer_add97_f0.3_wd1.0_softmax_ce_s3,transformer,34700,after,40000,8,2,blocks.0.hook_mlp_out,1,0.1544745913316511,300.0,0.0,0.0732945660942835,0.0,0.0441203111207939,transformer_add97_f0.3_wd1.0_softmax_ce,canonical
transformer_add97_f0.3_wd1.0_softmax_ce_s3,transformer,34700,after,40000,8,2,blocks.0.hook_mlp_out,2,0.1514876173606493,300.0,0.0,0.0650221544549337,0.0,0.0464161159466613,transformer_add97_f0.3_wd1.0_softmax_ce,canonical
transformer_add97_f0.3_wd1.0_softmax_ce_s3,transformer,34700,after,40000,8,3,hook_resid_final,0,7.677001210604389,300.0,0.0,0.0943738352031396,0.0,0.0423112320300167,transformer_add97_f0.3_wd1.0_softmax_ce,canonical
transformer_add97_f0.3_wd1.0_softmax_ce_s3,transformer,34700,after,40000,8,3,hook_resid_final,1,7.750117177081518,300.0,0.0,0.0843157940767765,0.0,0.0401228098896943,transformer_add97_f0.3_wd1.0_softmax_ce,canonical
transformer_add97_f0.3_wd1.0_softmax_ce_s3,transformer,34700,after,40000,8,3,hook_resid_final,2,7.7018073930853745,300.0,0.0,0.0910775557204864,1.0,0.0566374990827482,transformer_add97_f0.3_wd1.0_softmax_ce,canonical
transformer_add97_f0.3_wd1.0_softmax_ce_s3,transformer,34700,after,40000,8,4,logits,0,39.19595948593236,300.0,0.0,0.1161788732429628,1.0,0.0590002286518692,transformer_add97_f0.3_wd1.0_softmax_ce,canonical
transformer_add97_f0.3_wd1.0_softmax_ce_s3,transformer,34700,after,40000,8,4,logits,1,39.71666708822362,300.0,0.0,0.1033141669074054,0.0,0.0317766359888773,transformer_add97_f0.3_wd1.0_softmax_ce,canonical
transformer_add97_f0.3_wd1.0_softmax_ce_s3,transformer,34700,after,40000,8,4,logits,2,39.716456727906056,300.0,0.0,0.1063436445782203,0.0,0.0489194768898704,transformer_add97_f0.3_wd1.0_softmax_ce,canonical
transformer_add97_f0.3_wd1.0_softmax_ce_s3,transformer,34700,after,40000,4,0,operands,0,0.117618508045715,300.0,0.0,0.1057359244598726,0.0,0.0522480967203104,transformer_add97_f0.3_wd1.0_softmax_ce,canonical
transformer_add97_f0.3_wd1.0_softmax_ce_s3,transformer,34700,after,40000,4,0,operands,1,0.1161248267944085,300.0,0.0,0.0887687075144064,0.0,0.0548343018609898,transformer_add97_f0.3_wd1.0_softmax_ce,canonical
transformer_add97_f0.3_wd1.0_softmax_ce_s3,transformer,34700,after,40000,4,0,operands,2,0.1161248267944085,300.0,0.0,0.1043565644132491,0.0,0.0573145067990337,transformer_add97_f0.3_wd1.0_softmax_ce,canonical
transformer_add97_f0.3_wd1.0_softmax_ce_s3,transformer,34700,after,40000,4,1,blocks.0.hook_attn_out,0,0.0723780772658922,300.0,0.0,0.0543901041794915,0.0,0.036840525212097,transformer_add97_f0.3_wd1.0_softmax_ce,canonical
transformer_add97_f0.3_wd1.0_softmax_ce_s3,transformer,34700,after,40000,4,1,blocks.0.hook_attn_out,1,0.0723780772658922,300.0,0.0,0.0582144571352515,0.0,0.0337536454351677,transformer_add97_f0.3_wd1.0_softmax_ce,canonical
transformer_add97_f0.3_wd1.0_softmax_ce_s3,transformer,34700,after,40000,4,1,blocks.0.hook_attn_out,2,0.0723780772658922,300.0,0.0,0.0682234169201785,0.0,0.0374180300319302,transformer_add97_f0.3_wd1.0_softmax_ce,canonical
transformer_add97_f0.3_wd1.0_softmax_ce_s3,transformer,34700,after,40000,4,2,blocks.0.hook_mlp_out,0,0.1413458240150413,300.0,0.0,0.0630317315143872,0.0,0.0368796054773177,transformer_add97_f0.3_wd1.0_softmax_ce,canonical
transformer_add97_f0.3_wd1.0_softmax_ce_s3,transformer,34700,after,40000,4,2,blocks.0.hook_mlp_out,1,0.1464184848239415,300.0,0.0,0.0554656991631066,0.0,0.0342799967243504,transformer_add97_f0.3_wd1.0_softmax_ce,canonical
transformer_add97_f0.3_wd1.0_softmax_ce_s3,transformer,34700,after,40000,4,2,blocks.0.hook_mlp_out,2,0.1444120841247595,300.0,1.0,0.0502381333736666,0.0,0.0426095758865697,transformer_add97_f0.3_wd1.0_softmax_ce,canonical
transformer_add97_f0.3_wd1.0_softmax_ce_s3,transformer,34700,after,40000,4,3,hook_resid_final,0,6.465527443643493,300.0,0.0,0.0767900558565009,0.0,0.0400957651051065,transformer_add97_f0.3_wd1.0_softmax_ce,canonical
transformer_add97_f0.3_wd1.0_softmax_ce_s3,transformer,34700,after,40000,4,3,hook_resid_final,1,6.586347948133764,300.0,0.0,0.0941863996999517,0.0,0.0356537850062128,transformer_add97_f0.3_wd1.0_softmax_ce,canonical
transformer_add97_f0.3_wd1.0_softmax_ce_s3,transformer,34700,after,40000,4,3,hook_resid_final,2,6.681456120086338,300.0,0.0,0.088827320740828,0.0,0.0378396660137298,transformer_add97_f0.3_wd1.0_softmax_ce,canonical
transformer_add97_f0.3_wd1.0_softmax_ce_s3,transformer,34700,after,40000,4,4,logits,0,35.09124101326832,300.0,0.0,0.0854426773900599,1.0,0.0503671432880282,transformer_add97_f0.3_wd1.0_softmax_ce,canonical
transformer_add97_f0.3_wd1.0_softmax_ce_s3,transformer,34700,after,40000,4,4,logits,1,35.42917082265958,300.0,0.0,0.090958352328113,0.0,0.0308142667063649,transformer_add97_f0.3_wd1.0_softmax_ce,canonical
transformer_add97_f0.3_wd1.0_softmax_ce_s3,transformer,34700,after,40000,4,4,logits,2,35.342069819210224,300.0,0.0,0.0949824633163827,0.0,0.0430937323645432,transformer_add97_f0.3_wd1.0_softmax_ce,canonical
transformer_add97_f0.3_wd1.0_softmax_ce_s3,transformer,34700,after,40000,2,0,operands,0,0.107052611614505,300.0,0.0,0.060198465718705,0.0,0.0437165288172146,transformer_add97_f0.3_wd1.0_softmax_ce,canonical
transformer_add97_f0.3_wd1.0_softmax_ce_s3,transformer,34700,after,40000,2,0,operands,1,0.107052611614505,300.0,0.0,0.0651157202504063,0.0,0.042327904621382,transformer_add97_f0.3_wd1.0_softmax_ce,canonical
transformer_add97_f0.3_wd1.0_softmax_ce_s3,transformer,34700,after,40000,2,0,operands,2,0.107052611614505,300.0,0.0,0.0594209151620577,0.0,0.0412519466260921,transformer_add97_f0.3_wd1.0_softmax_ce,canonical
transformer_add97_f0.3_wd1.0_softmax_ce_s3,transformer,34700,after,40000,2,1,blocks.0.hook_attn_out,0,0.0596982751072365,300.0,0.0,0.0312825471137384,0.0,0.0,transformer_add97_f0.3_wd1.0_softmax_ce,canonical
transformer_add97_f0.3_wd1.0_softmax_ce_s3,transformer,34700,after,40000,2,1,blocks.0.hook_attn_out,1,0.0596982751072365,300.0,0.0,0.0298867982284203,0.0,0.0,transformer_add97_f0.3_wd1.0_softmax_ce,canonical
transformer_add97_f0.3_wd1.0_softmax_ce_s3,transformer,34700,after,40000,2,1,blocks.0.hook_attn_out,2,0.0596982751072365,300.0,0.0,0.0310061882650274,0.0,0.0,transformer_add97_f0.3_wd1.0_softmax_ce,canonical
transformer_add97_f0.3_wd1.0_softmax_ce_s3,transformer,34700,after,40000,2,2,blocks.0.hook_mlp_out,0,0.1356338262489131,300.0,0.0,0.0344882991354137,0.0,0.0,transformer_add97_f0.3_wd1.0_softmax_ce,canonical
transformer_add97_f0.3_wd1.0_softmax_ce_s3,transformer,34700,after,40000,2,2,blocks.0.hook_mlp_out,1,0.1356338262489131,300.0,0.0,0.0354419525910102,0.0,0.0,transformer_add97_f0.3_wd1.0_softmax_ce,canonical
transformer_add97_f0.3_wd1.0_softmax_ce_s3,transformer,34700,after,40000,2,2,blocks.0.hook_mlp_out,2,0.1352836440471623,300.0,0.0,0.0378683712389227,0.0,0.0,transformer_add97_f0.3_wd1.0_softmax_ce,canonical
transformer_add97_f0.3_wd1.0_softmax_ce_s3,transformer,34700,after,40000,2,3,hook_resid_final,0,6.109428011875568,300.0,0.0,0.0316471612376911,0.0,0.0,transformer_add97_f0.3_wd1.0_softmax_ce,canonical
transformer_add97_f0.3_wd1.0_softmax_ce_s3,transformer,34700,after,40000,2,3,hook_resid_final,1,6.075190478523501,300.0,0.0,0.0334706869414617,0.0,0.0,transformer_add97_f0.3_wd1.0_softmax_ce,canonical
transformer_add97_f0.3_wd1.0_softmax_ce_s3,transformer,34700,after,40000,2,3,hook_resid_final,2,6.065199988090986,300.0,1.0,0.0573823100990117,0.0,0.0,transformer_add97_f0.3_wd1.0_softmax_ce,canonical
transformer_add97_f0.3_wd1.0_softmax_ce_s3,transformer,34700,after,40000,2,4,logits,0,34.318682566464254,300.0,0.0,0.0294669686367053,0.0,0.0007328526508013,transformer_add97_f0.3_wd1.0_softmax_ce,canonical
transformer_add97_f0.3_wd1.0_softmax_ce_s3,transformer,34700,after,40000,2,4,logits,1,34.11274290424636,300.0,0.0,0.0337356934286708,0.0,0.0,transformer_add97_f0.3_wd1.0_softmax_ce,canonical
transformer_add97_f0.3_wd1.0_softmax_ce_s3,transformer,34700,after,40000,2,4,logits,2,34.318682566464254,300.0,0.0,0.0393798308341292,0.0,0.0,transformer_add97_f0.3_wd1.0_softmax_ce,canonical
transformer_add97_f0.3_wd1.0_softmax_ce_s4,transformer,25700,init,0,8,0,operands,0,20.496972441387022,300.0,0.0,0.0822708864555176,0.0,0.0543393626848348,transformer_add97_f0.3_wd1.0_softmax_ce,canonical
transformer_add97_f0.3_wd1.0_softmax_ce_s4,transformer,25700,init,0,8,0,operands,1,19.58093298121105,300.0,0.0,0.089185120990934,0.0,0.0498969993591496,transformer_add97_f0.3_wd1.0_softmax_ce,canonical
transformer_add97_f0.3_wd1.0_softmax_ce_s4,transformer,25700,init,0,8,0,operands,2,20.496972441387022,300.0,0.0,0.1001022751605954,1.0,0.0540963957152243,transformer_add97_f0.3_wd1.0_softmax_ce,canonical
transformer_add97_f0.3_wd1.0_softmax_ce_s4,transformer,25700,init,0,8,1,blocks.0.hook_attn_out,0,4.320933541272797,300.0,0.0,0.0644167414775707,0.0,0.0398045415730724,transformer_add97_f0.3_wd1.0_softmax_ce,canonical
transformer_add97_f0.3_wd1.0_softmax_ce_s4,transformer,25700,init,0,8,1,blocks.0.hook_attn_out,1,4.0879840425315095,300.0,0.0,0.0623891163323212,0.0,0.0456212932498241,transformer_add97_f0.3_wd1.0_softmax_ce,canonical
transformer_add97_f0.3_wd1.0_softmax_ce_s4,transformer,25700,init,0,8,1,blocks.0.hook_attn_out,2,4.320933541272797,300.0,0.0,0.067130663667242,0.0,0.0414271205549942,transformer_add97_f0.3_wd1.0_softmax_ce,canonical
transformer_add97_f0.3_wd1.0_softmax_ce_s4,transformer,25700,init,0,8,2,blocks.0.hook_mlp_out,0,0.8742746040777709,300.0,0.0,0.0723982092441249,0.0,0.0478559161893053,transformer_add97_f0.3_wd1.0_softmax_ce,canonical
transformer_add97_f0.3_wd1.0_softmax_ce_s4,transformer,25700,init,0,8,2,blocks.0.hook_mlp_out,1,0.8742746040777709,300.0,0.0,0.0673080272022072,1.0,0.052526729912088,transformer_add97_f0.3_wd1.0_softmax_ce,canonical
transformer_add97_f0.3_wd1.0_softmax_ce_s4,transformer,25700,init,0,8,2,blocks.0.hook_mlp_out,2,0.8833424997835907,300.0,0.0,0.0663929248483909,0.0,0.0430395950268525,transformer_add97_f0.3_wd1.0_softmax_ce,canonical
transformer_add97_f0.3_wd1.0_softmax_ce_s4,transformer,25700,init,0,8,3,hook_resid_final,0,3.957422942875043,300.0,0.0,0.0621492223619904,0.0,0.0444866704631566,transformer_add97_f0.3_wd1.0_softmax_ce,canonical
transformer_add97_f0.3_wd1.0_softmax_ce_s4,transformer,25700,init,0,8,3,hook_resid_final,1,3.957422942875043,300.0,0.0,0.0613745050377197,0.0,0.0491962746306015,transformer_add97_f0.3_wd1.0_softmax_ce,canonical
transformer_add97_f0.3_wd1.0_softmax_ce_s4,transformer,25700,init,0,8,3,hook_resid_final,2,3.957422942875043,300.0,0.0,0.0611088807841505,0.0,0.0403424441155393,transformer_add97_f0.3_wd1.0_softmax_ce,canonical
transformer_add97_f0.3_wd1.0_softmax_ce_s4,transformer,25700,init,0,8,4,logits,0,2.0237804608570342,300.0,0.0,0.0679244455346443,0.0,0.0478021908798325,transformer_add97_f0.3_wd1.0_softmax_ce,canonical
transformer_add97_f0.3_wd1.0_softmax_ce_s4,transformer,25700,init,0,8,4,logits,1,1.9833884472772172,300.0,0.0,0.0611551454800236,0.0,0.0435673904531232,transformer_add97_f0.3_wd1.0_softmax_ce,canonical
transformer_add97_f0.3_wd1.0_softmax_ce_s4,transformer,25700,init,0,8,4,logits,2,2.189772566167475,300.0,0.0,0.0743199859921833,0.0,0.0411168595391756,transformer_add97_f0.3_wd1.0_softmax_ce,canonical
transformer_add97_f0.3_wd1.0_softmax_ce_s4,transformer,25700,init,0,4,0,operands,0,17.095047349779026,300.0,0.0,0.0937293291358929,1.0,0.0517309283996867,transformer_add97_f0.3_wd1.0_softmax_ce,canonical
transformer_add97_f0.3_wd1.0_softmax_ce_s4,transformer,25700,init,0,4,0,operands,1,17.095047349779026,300.0,0.0,0.088886830389471,0.0,0.0541587884832503,transformer_add97_f0.3_wd1.0_softmax_ce,canonical
transformer_add97_f0.3_wd1.0_softmax_ce_s4,transformer,25700,init,0,4,0,operands,2,17.095047349779026,300.0,0.0,0.1071173285847525,0.0,0.0516707346741972,transformer_add97_f0.3_wd1.0_softmax_ce,canonical
transformer_add97_f0.3_wd1.0_softmax_ce_s4,transformer,25700,init,0,4,1,blocks.0.hook_attn_out,0,3.685502496276592,300.0,1.0,0.0585381744446447,0.0,0.0381518633289968,transformer_add97_f0.3_wd1.0_softmax_ce,canonical
transformer_add97_f0.3_wd1.0_softmax_ce_s4,transformer,25700,init,0,4,1,blocks.0.hook_attn_out,1,3.685502496276592,300.0,0.0,0.0539481751554192,0.0,0.0377467687336621,transformer_add97_f0.3_wd1.0_softmax_ce,canonical
transformer_add97_f0.3_wd1.0_softmax_ce_s4,transformer,25700,init,0,4,1,blocks.0.hook_attn_out,2,3.685502496276592,300.0,0.0,0.0518768524830508,0.0,0.0376629454628373,transformer_add97_f0.3_wd1.0_softmax_ce,canonical
transformer_add97_f0.3_wd1.0_softmax_ce_s4,transformer,25700,init,0,4,2,blocks.0.hook_mlp_out,0,0.8583076231069809,300.0,0.0,0.0577384833177339,0.0,0.0348105256104961,transformer_add97_f0.3_wd1.0_softmax_ce,canonical
transformer_add97_f0.3_wd1.0_softmax_ce_s4,transformer,25700,init,0,4,2,blocks.0.hook_mlp_out,1,0.8583076231069809,300.0,0.0,0.0567929285755729,0.0,0.0329369334722163,transformer_add97_f0.3_wd1.0_softmax_ce,canonical
transformer_add97_f0.3_wd1.0_softmax_ce_s4,transformer,25700,init,0,4,2,blocks.0.hook_mlp_out,2,0.8583076231069809,300.0,0.0,0.0643209082108899,0.0,0.0396639242132346,transformer_add97_f0.3_wd1.0_softmax_ce,canonical
transformer_add97_f0.3_wd1.0_softmax_ce_s4,transformer,25700,init,0,4,3,hook_resid_final,0,3.5048794324240555,300.0,0.0,0.0599587147957694,0.0,0.0336905714260272,transformer_add97_f0.3_wd1.0_softmax_ce,canonical
transformer_add97_f0.3_wd1.0_softmax_ce_s4,transformer,25700,init,0,4,3,hook_resid_final,1,3.4763216611140133,300.0,0.0,0.0591332842246702,0.0,0.0318261752531081,transformer_add97_f0.3_wd1.0_softmax_ce,canonical
transformer_add97_f0.3_wd1.0_softmax_ce_s4,transformer,25700,init,0,4,3,hook_resid_final,2,3.5048794324240555,300.0,0.0,0.0632547099458497,0.0,0.0383916774971965,transformer_add97_f0.3_wd1.0_softmax_ce,canonical
transformer_add97_f0.3_wd1.0_softmax_ce_s4,transformer,25700,init,0,4,4,logits,0,1.7839867782874808,300.0,0.0,0.0576540055635414,0.0,0.0451537764984513,transformer_add97_f0.3_wd1.0_softmax_ce,canonical
transformer_add97_f0.3_wd1.0_softmax_ce_s4,transformer,25700,init,0,4,4,logits,1,1.7839867782874808,300.0,0.0,0.0587792854481615,1.0,0.0504126056528272,transformer_add97_f0.3_wd1.0_softmax_ce,canonical
transformer_add97_f0.3_wd1.0_softmax_ce_s4,transformer,25700,init,0,4,4,logits,2,1.7839867782874808,300.0,0.0,0.0582167791495432,0.0,0.0426741347360728,transformer_add97_f0.3_wd1.0_softmax_ce,canonical
transformer_add97_f0.3_wd1.0_softmax_ce_s4,transformer,25700,init,0,2,0,operands,0,16.984650723263403,300.0,0.0,0.0626365789762879,0.0,0.0383053538488646,transformer_add97_f0.3_wd1.0_softmax_ce,canonical
transformer_add97_f0.3_wd1.0_softmax_ce_s4,transformer,25700,init,0,2,0,operands,1,16.984650723263403,300.0,0.0,0.065937856343018,0.0,0.0384314368465301,transformer_add97_f0.3_wd1.0_softmax_ce,canonical
transformer_add97_f0.3_wd1.0_softmax_ce_s4,transformer,25700,init,0,2,0,operands,2,16.984650723263403,300.0,0.0,0.0644385888470639,0.0,0.0391136213845558,transformer_add97_f0.3_wd1.0_softmax_ce,canonical
transformer_add97_f0.3_wd1.0_softmax_ce_s4,transformer,25700,init,0,2,1,blocks.0.hook_attn_out,0,3.4259235988650243,300.0,0.0,0.0224810298699154,0.0,0.0,transformer_add97_f0.3_wd1.0_softmax_ce,canonical
transformer_add97_f0.3_wd1.0_softmax_ce_s4,transformer,25700,init,0,2,1,blocks.0.hook_attn_out,1,3.4259235988650243,300.0,0.0,0.0267450535249606,0.0,0.0,transformer_add97_f0.3_wd1.0_softmax_ce,canonical
transformer_add97_f0.3_wd1.0_softmax_ce_s4,transformer,25700,init,0,2,1,blocks.0.hook_attn_out,2,3.4259235988650243,300.0,0.0,0.0462075262188458,0.0,0.0,transformer_add97_f0.3_wd1.0_softmax_ce,canonical
transformer_add97_f0.3_wd1.0_softmax_ce_s4,transformer,25700,init,0,2,2,blocks.0.hook_mlp_out,0,0.8150681941978299,300.0,0.0,0.0287135017525448,0.0,0.0014925509405541,transformer_add97_f0.3_wd1.0_softmax_ce,canonical
transformer_add97_f0.3_wd1.0_softmax_ce_s4,transformer,25700,init,0,2,2,blocks.0.hook_mlp_out,1,0.8150681941978299,300.0,0.0,0.0270147880998533,0.0,0.0,transformer_add97_f0.3_wd1.0_softmax_ce,canonical
transformer_add97_f0.3_wd1.0_softmax_ce_s4,transformer,25700,init,0,2,2,blocks.0.hook_mlp_out,2,0.8150681941978299,300.0,0.0,0.0286672983061397,0.0,0.0,transformer_add97_f0.3_wd1.0_softmax_ce,canonical
transformer_add97_f0.3_wd1.0_softmax_ce_s4,transformer,25700,init,0,2,3,hook_resid_final,0,3.242800907704471,300.0,0.0,0.0342595328048535,0.0,0.0,transformer_add97_f0.3_wd1.0_softmax_ce,canonical
transformer_add97_f0.3_wd1.0_softmax_ce_s4,transformer,25700,init,0,2,3,hook_resid_final,1,3.242800907704471,300.0,0.0,0.04647661593208,0.0,0.0,transformer_add97_f0.3_wd1.0_softmax_ce,canonical
transformer_add97_f0.3_wd1.0_softmax_ce_s4,transformer,25700,init,0,2,3,hook_resid_final,2,3.242800907704471,300.0,0.0,0.0408629951520925,0.0,0.0,transformer_add97_f0.3_wd1.0_softmax_ce,canonical
transformer_add97_f0.3_wd1.0_softmax_ce_s4,transformer,25700,init,0,2,4,logits,0,1.6280041293427472,300.0,0.0,0.0336019463084749,0.0,0.0,transformer_add97_f0.3_wd1.0_softmax_ce,canonical
transformer_add97_f0.3_wd1.0_softmax_ce_s4,transformer,25700,init,0,2,4,logits,1,1.6351854840299358,300.0,0.0,0.0421889955416749,0.0,0.0,transformer_add97_f0.3_wd1.0_softmax_ce,canonical
transformer_add97_f0.3_wd1.0_softmax_ce_s4,transformer,25700,init,0,2,4,logits,2,1.6351854840299358,300.0,0.0,0.034259182730808,0.0,0.0025661354192072,transformer_add97_f0.3_wd1.0_softmax_ce,canonical
transformer_add97_f0.3_wd1.0_softmax_ce_s4,transformer,25700,before,22558,8,0,operands,0,0.1795315508670984,300.0,0.0,0.0915324533894157,0.0,0.0550167483109101,transformer_add97_f0.3_wd1.0_softmax_ce,canonical
transformer_add97_f0.3_wd1.0_softmax_ce_s4,transformer,25700,before,22558,8,0,operands,1,0.1807905512878487,300.0,0.0,0.0837740414568109,1.0,0.0507234260551842,transformer_add97_f0.3_wd1.0_softmax_ce,canonical
transformer_add97_f0.3_wd1.0_softmax_ce_s4,transformer,25700,before,22558,8,0,operands,2,0.1801621508415541,300.0,0.0,0.0866987692735939,0.0,0.0595593112990043,transformer_add97_f0.3_wd1.0_softmax_ce,canonical
transformer_add97_f0.3_wd1.0_softmax_ce_s4,transformer,25700,before,22558,8,1,blocks.0.hook_attn_out,0,0.0842483955744562,300.0,0.0,0.0689188734671709,0.0,0.0541491979498187,transformer_add97_f0.3_wd1.0_softmax_ce,canonical
transformer_add97_f0.3_wd1.0_softmax_ce_s4,transformer,25700,before,22558,8,1,blocks.0.hook_attn_out,1,0.0843521242532094,300.0,0.0,0.078224908541126,1.0,0.0502506703075464,transformer_add97_f0.3_wd1.0_softmax_ce,canonical
transformer_add97_f0.3_wd1.0_softmax_ce_s4,transformer,25700,before,22558,8,1,blocks.0.hook_attn_out,2,0.0843521242532094,300.0,0.0,0.0750409365138016,0.0,0.0470834804339134,transformer_add97_f0.3_wd1.0_softmax_ce,canonical
transformer_add97_f0.3_wd1.0_softmax_ce_s4,transformer,25700,before,22558,8,2,blocks.0.hook_mlp_out,0,0.24139566376483,300.0,0.0,0.0904388952732969,0.0,0.0522141993343592,transformer_add97_f0.3_wd1.0_softmax_ce,canonical
transformer_add97_f0.3_wd1.0_softmax_ce_s4,transformer,25700,before,22558,8,2,blocks.0.hook_mlp_out,1,0.2422978931615969,300.0,0.0,0.0816524007026812,0.0,0.0484577614245663,transformer_add97_f0.3_wd1.0_softmax_ce,canonical
transformer_add97_f0.3_wd1.0_softmax_ce_s4,transformer,25700,before,22558,8,2,blocks.0.hook_mlp_out,2,0.2400135946756938,300.0,0.0,0.088610851408339,0.0,0.0492449584528704,transformer_add97_f0.3_wd1.0_softmax_ce,canonical
transformer_add97_f0.3_wd1.0_softmax_ce_s4,transformer,25700,before,22558,8,3,hook_resid_final,0,8.532946155306439,300.0,0.0,0.0853257504505879,0.0,0.0619675395557177,transformer_add97_f0.3_wd1.0_softmax_ce,canonical
transformer_add97_f0.3_wd1.0_softmax_ce_s4,transformer,25700,before,22558,8,3,hook_resid_final,1,8.643904757733294,300.0,0.0,0.091861561358584,0.0,0.0580561704954986,transformer_add97_f0.3_wd1.0_softmax_ce,canonical
transformer_add97_f0.3_wd1.0_softmax_ce_s4,transformer,25700,before,22558,8,3,hook_resid_final,2,8.425422074975014,300.0,0.0,0.0787003083044473,0.0,0.0700020174506316,transformer_add97_f0.3_wd1.0_softmax_ce,canonical
transformer_add97_f0.3_wd1.0_softmax_ce_s4,transformer,25700,before,22558,8,4,logits,0,53.0279209051727,300.0,0.0,0.0834180319865151,0.0,0.0553692321851179,transformer_add97_f0.3_wd1.0_softmax_ce,canonical
transformer_add97_f0.3_wd1.0_softmax_ce_s4,transformer,25700,before,22558,8,4,logits,1,52.95809788235155,300.0,0.0,0.0856799101515972,0.0,0.0557038197362405,transformer_add97_f0.3_wd1.0_softmax_ce,canonical
transformer_add97_f0.3_wd1.0_softmax_ce_s4,transformer,25700,before,22558,8,4,logits,2,53.11330584457302,300.0,0.0,0.0826325406714248,0.0,0.063909690840709,transformer_add97_f0.3_wd1.0_softmax_ce,canonical
transformer_add97_f0.3_wd1.0_softmax_ce_s4,transformer,25700,before,22558,4,0,operands,0,0.1591576306185307,300.0,0.0,0.0980578834656488,0.0,0.0692426991742045,transformer_add97_f0.3_wd1.0_softmax_ce,canonical
transformer_add97_f0.3_wd1.0_softmax_ce_s4,transformer,25700,before,22558,4,0,operands,1,0.1647310150535256,300.0,0.0,0.0805126768536401,1.0,0.054978460187211,transformer_add97_f0.3_wd1.0_softmax_ce,canonical
transformer_add97_f0.3_wd1.0_softmax_ce_s4,transformer,25700,before,22558,4,0,operands,2,0.1641856025345826,300.0,0.0,0.083309469484128,1.0,0.0517145585563406,transformer_add97_f0.3_wd1.0_softmax_ce,canonical
transformer_add97_f0.3_wd1.0_softmax_ce_s4,transformer,25700,before,22558,4,1,blocks.0.hook_attn_out,0,0.0733404165946385,300.0,0.0,0.0554134927115626,0.0,0.0382662068726906,transformer_add97_f0.3_wd1.0_softmax_ce,canonical
transformer_add97_f0.3_wd1.0_softmax_ce_s4,transformer,25700,before,22558,4,1,blocks.0.hook_attn_out,1,0.0730278931739318,300.0,0.0,0.06812338474923,0.0,0.0395296943079146,transformer_add97_f0.3_wd1.0_softmax_ce,canonical
transformer_add97_f0.3_wd1.0_softmax_ce_s4,transformer,25700,before,22558,4,1,blocks.0.hook_attn_out,2,0.0730278931739318,300.0,0.0,0.0672451131699601,0.0,0.0390249062256317,transformer_add97_f0.3_wd1.0_softmax_ce,canonical
transformer_add97_f0.3_wd1.0_softmax_ce_s4,transformer,25700,before,22558,4,2,blocks.0.hook_mlp_out,0,0.227944978777838,300.0,0.0,0.0670921503087013,0.0,0.0357495687592512,transformer_add97_f0.3_wd1.0_softmax_ce,canonical
transformer_add97_f0.3_wd1.0_softmax_ce_s4,transformer,25700,before,22558,4,2,blocks.0.hook_mlp_out,1,0.2262645054343905,300.0,0.0,0.0583213075431256,0.0,0.0408288527213396,transformer_add97_f0.3_wd1.0_softmax_ce,canonical
transformer_add97_f0.3_wd1.0_softmax_ce_s4,transformer,25700,before,22558,4,2,blocks.0.hook_mlp_out,2,0.227944978777838,300.0,0.0,0.0587792503201446,0.0,0.0356320303604228,transformer_add97_f0.3_wd1.0_softmax_ce,canonical
transformer_add97_f0.3_wd1.0_softmax_ce_s4,transformer,25700,before,22558,4,3,hook_resid_final,0,8.06642855602921,300.0,0.0,0.0622302239546305,0.0,0.0414918948294858,transformer_add97_f0.3_wd1.0_softmax_ce,canonical
transformer_add97_f0.3_wd1.0_softmax_ce_s4,transformer,25700,before,22558,4,3,hook_resid_final,1,7.945957835574793,300.0,0.0,0.0644842714819991,0.0,0.0488391769052006,transformer_add97_f0.3_wd1.0_softmax_ce,canonical
transformer_add97_f0.3_wd1.0_softmax_ce_s4,transformer,25700,before,22558,4,3,hook_resid_final,2,8.125205627331898,300.0,0.0,0.0602251216603303,0.0,0.0458643236510359,transformer_add97_f0.3_wd1.0_softmax_ce,canonical
transformer_add97_f0.3_wd1.0_softmax_ce_s4,transformer,25700,before,22558,4,4,logits,0,51.37508669128324,300.0,0.0,0.0736357288654929,0.0,0.036914883808006,transformer_add97_f0.3_wd1.0_softmax_ce,canonical
transformer_add97_f0.3_wd1.0_softmax_ce_s4,transformer,25700,before,22558,4,4,logits,1,51.3188598353823,300.0,0.0,0.0673444684302352,0.0,0.0379293361938398,transformer_add97_f0.3_wd1.0_softmax_ce,canonical
transformer_add97_f0.3_wd1.0_softmax_ce_s4,transformer,25700,before,22558,4,4,logits,2,51.27135953869269,300.0,0.0,0.068150936530205,0.0,0.0374673766983902,transformer_add97_f0.3_wd1.0_softmax_ce,canonical
transformer_add97_f0.3_wd1.0_softmax_ce_s4,transformer,25700,before,22558,2,0,operands,0,0.1664055166220739,300.0,0.0,0.0524732054705597,0.0,0.0408518267859895,transformer_add97_f0.3_wd1.0_softmax_ce,canonical
transformer_add97_f0.3_wd1.0_softmax_ce_s4,transformer,25700,before,22558,2,0,operands,1,0.161246128520881,300.0,0.0,0.0579288348230598,0.0,0.0387996971673068,transformer_add97_f0.3_wd1.0_softmax_ce,canonical
transformer_add97_f0.3_wd1.0_softmax_ce_s4,transformer,25700,before,22558,2,0,operands,2,0.1664055166220739,300.0,0.0,0.0594468900964965,0.0,0.0431238875046247,transformer_add97_f0.3_wd1.0_softmax_ce,canonical
transformer_add97_f0.3_wd1.0_softmax_ce_s4,transformer,25700,before,22558,2,1,blocks.0.hook_attn_out,0,0.0627136327806949,300.0,0.0,0.0286939664609865,0.0,0.0,transformer_add97_f0.3_wd1.0_softmax_ce,canonical
transformer_add97_f0.3_wd1.0_softmax_ce_s4,transformer,25700,before,22558,2,1,blocks.0.hook_attn_out,1,0.0626830833775971,300.0,0.0,0.0412718408538328,0.0,0.0041388328451796,transformer_add97_f0.3_wd1.0_softmax_ce,canonical
transformer_add97_f0.3_wd1.0_softmax_ce_s4,transformer,25700,before,22558,2,1,blocks.0.hook_attn_out,2,0.0627136327806949,300.0,0.0,0.0316955517211389,0.0,0.0005653473285195,transformer_add97_f0.3_wd1.0_softmax_ce,canonical
transformer_add97_f0.3_wd1.0_softmax_ce_s4,transformer,25700,before,22558,2,2,blocks.0.hook_mlp_out,0,0.2275400846014053,300.0,0.0,0.0263210309457512,0.0,0.0031869278544832,transformer_add97_f0.3_wd1.0_softmax_ce,canonical
transformer_add97_f0.3_wd1.0_softmax_ce_s4,transformer,25700,before,22558,2,2,blocks.0.hook_mlp_out,1,0.2275400846014053,300.0,0.0,0.0265117076501966,0.0,0.0,transformer_add97_f0.3_wd1.0_softmax_ce,canonical
transformer_add97_f0.3_wd1.0_softmax_ce_s4,transformer,25700,before,22558,2,2,blocks.0.hook_mlp_out,2,0.2275400846014053,300.0,0.0,0.0237996297048328,0.0,0.0,transformer_add97_f0.3_wd1.0_softmax_ce,canonical
transformer_add97_f0.3_wd1.0_softmax_ce_s4,transformer,25700,before,22558,2,3,hook_resid_final,0,7.507769457532209,300.0,0.0,0.0291772425199481,0.0,0.0,transformer_add97_f0.3_wd1.0_softmax_ce,canonical
transformer_add97_f0.3_wd1.0_softmax_ce_s4,transformer,25700,before,22558,2,3,hook_resid_final,1,7.507769457532209,300.0,0.0,0.0395670091756791,0.0,0.0,transformer_add97_f0.3_wd1.0_softmax_ce,canonical
transformer_add97_f0.3_wd1.0_softmax_ce_s4,transformer,25700,before,22558,2,3,hook_resid_final,2,7.507769457532209,300.0,0.0,0.0281305645675958,0.0,0.0,transformer_add97_f0.3_wd1.0_softmax_ce,canonical
transformer_add97_f0.3_wd1.0_softmax_ce_s4,transformer,25700,before,22558,2,4,logits,0,48.030040102769,300.0,0.0,0.0275235330487823,0.0,0.0010725203420113,transformer_add97_f0.3_wd1.0_softmax_ce,canonical
transformer_add97_f0.3_wd1.0_softmax_ce_s4,transformer,25700,before,22558,2,4,logits,1,48.25434912444656,300.0,0.0,0.0285948886026768,0.0,0.0,transformer_add97_f0.3_wd1.0_softmax_ce,canonical
transformer_add97_f0.3_wd1.0_softmax_ce_s4,transformer,25700,before,22558,2,4,logits,2,48.25434912444656,300.0,0.0,0.0339032136236763,0.0,0.0,transformer_add97_f0.3_wd1.0_softmax_ce,canonical
transformer_add97_f0.3_wd1.0_softmax_ce_s4,transformer,25700,at,26031,8,0,operands,0,0.1689369619412081,300.0,0.0,0.084584751107072,0.0,0.0653642537464259,transformer_add97_f0.3_wd1.0_softmax_ce,canonical
transformer_add97_f0.3_wd1.0_softmax_ce_s4,transformer,25700,at,26031,8,0,operands,1,0.173252230027205,300.0,0.0,0.0872395207359919,0.0,0.0517078259364853,transformer_add97_f0.3_wd1.0_softmax_ce,canonical
transformer_add97_f0.3_wd1.0_softmax_ce_s4,transformer,25700,at,26031,8,0,operands,2,0.1682124452924863,300.0,0.0,0.0991984697291818,0.0,0.0607856842728716,transformer_add97_f0.3_wd1.0_softmax_ce,canonical
transformer_add97_f0.3_wd1.0_softmax_ce_s4,transformer,25700,at,26031,8,1,blocks.0.hook_attn_out,0,0.0802558973898973,300.0,0.0,0.0760083709893304,0.0,0.0486761722554831,transformer_add97_f0.3_wd1.0_softmax_ce,canonical
transformer_add97_f0.3_wd1.0_softmax_ce_s4,transformer,25700,at,26031,8,1,blocks.0.hook_attn_out,1,0.0801376856072249,300.0,0.0,0.0734723398672095,0.0,0.0570596006860618,transformer_add97_f0.3_wd1.0_softmax_ce,canonical
transformer_add97_f0.3_wd1.0_softmax_ce_s4,transformer,25700,at,26031,8,1,blocks.0.hook_attn_out,2,0.0802678419950119,300.0,0.0,0.0749601977926468,0.0,0.0479446195036018,transformer_add97_f0.3_wd1.0_softmax_ce,canonical
transformer_add97_f0.3_wd1.0_softmax_ce_s4,transformer,25700,at,26031,8,2,blocks.0.hook_mlp_out,0,0.2216250233352447,300.0,0.0,0.0647308223092494,0.0,0.0432665969477243,transformer_add97_f0.3_wd1.0_softmax_ce,canonical
transformer_add97_f0.3_wd1.0_softmax_ce_s4,transformer,25700,at,26031,8,2,blocks.0.hook_mlp_out,1,0.2252774106443927,300.0,0.0,0.0561255466140056,0.0,0.0351165066868854,transformer_add97_f0.3_wd1.0_softmax_ce,canonical
transformer_add97_f0.3_wd1.0_softmax_ce_s4,transformer,25700,at,26031,8,2,blocks.0.hook_mlp_out,2,0.2258289954395482,300.0,0.0,0.0660486861903254,0.0,0.0407455005858091,transformer_add97_f0.3_wd1.0_softmax_ce,canonical
transformer_add97_f0.3_wd1.0_softmax_ce_s4,transformer,25700,at,26031,8,3,hook_resid_final,0,8.784332110989013,300.0,0.0,0.0837646741779419,1.0,0.0575289011791576,transformer_add97_f0.3_wd1.0_softmax_ce,canonical
transformer_add97_f0.3_wd1.0_softmax_ce_s4,transformer,25700,at,26031,8,3,hook_resid_final,1,8.771965991069992,300.0,0.0,0.0764252468049919,0.0,0.0497728436651785,transformer_add97_f0.3_wd1.0_softmax_ce,canonical
transformer_add97_f0.3_wd1.0_softmax_ce_s4,transformer,25700,at,26031,8,3,hook_resid_final,2,8.822454340509845,300.0,0.0,0.076296285894785,1.0,0.0502899472324147,transformer_add97_f0.3_wd1.0_softmax_ce,canonical
transformer_add97_f0.3_wd1.0_softmax_ce_s4,transformer,25700,at,26031,8,4,logits,0,47.10594750085725,300.0,0.0,0.082427001590656,0.0,0.054951023965747,transformer_add97_f0.3_wd1.0_softmax_ce,canonical
transformer_add97_f0.3_wd1.0_softmax_ce_s4,transformer,25700,at,26031,8,4,logits,1,47.48923227993527,300.0,0.0,0.0881645492934806,1.0,0.0527167714388172,transformer_add97_f0.3_wd1.0_softmax_ce,canonical
transformer_add97_f0.3_wd1.0_softmax_ce_s4,transformer,25700,at,26031,8,4,logits,2,46.94075378362192,300.0,0.0,0.0828322935450494,0.0,0.0639966952744774,transformer_add97_f0.3_wd1.0_softmax_ce,canonical
transformer_add97_f0.3_wd1.0_softmax_ce_s4,transformer,25700,at,26031,4,0,operands,0,0.1592040583327232,300.0,0.0,0.0955058653907378,0.0,0.0524651877976055,transformer_add97_f0.3_wd1.0_softmax_ce,canonical
transformer_add97_f0.3_wd1.0_softmax_ce_s4,transformer,25700,at,26031,4,0,operands,1,0.1592040583327232,300.0,0.0,0.1127959430305514,0.0,0.0546352310779535,transformer_add97_f0.3_wd1.0_softmax_ce,canonical
transformer_add97_f0.3_wd1.0_softmax_ce_s4,transformer,25700,at,26031,4,0,operands,2,0.1567193222369388,300.0,0.0,0.1209047101665143,0.0,0.0571803156805889,transformer_add97_f0.3_wd1.0_softmax_ce,canonical
transformer_add97_f0.3_wd1.0_softmax_ce_s4,transformer,25700,at,26031,4,1,blocks.0.hook_attn_out,0,0.0738656145431642,300.0,0.0,0.0553819823980432,0.0,0.030363284136426,transformer_add97_f0.3_wd1.0_softmax_ce,canonical
transformer_add97_f0.3_wd1.0_softmax_ce_s4,transformer,25700,at,26031,4,1,blocks.0.hook_attn_out,1,0.0738656145431642,300.0,0.0,0.057897723916777,0.0,0.0341024504373345,transformer_add97_f0.3_wd1.0_softmax_ce,canonical
transformer_add97_f0.3_wd1.0_softmax_ce_s4,transformer,25700,at,26031,4,1,blocks.0.hook_attn_out,2,0.0738656145431642,300.0,0.0,0.0575669315823636,0.0,0.0391588097240702,transformer_add97_f0.3_wd1.0_softmax_ce,canonical
transformer_add97_f0.3_wd1.0_softmax_ce_s4,transformer,25700,at,26031,4,2,blocks.0.hook_mlp_out,0,0.2158320203036294,300.0,0.0,0.0428512250048512,0.0,0.0269403903326195,transformer_add97_f0.3_wd1.0_softmax_ce,canonical
transformer_add97_f0.3_wd1.0_softmax_ce_s4,transformer,25700,at,26031,4,2,blocks.0.hook_mlp_out,1,0.2158320203036294,300.0,0.0,0.0461596308573023,0.0,0.0217469444780467,transformer_add97_f0.3_wd1.0_softmax_ce,canonical
transformer_add97_f0.3_wd1.0_softmax_ce_s4,transformer,25700,at,26031,4,2,blocks.0.hook_mlp_out,2,0.2141852462460171,300.0,0.0,0.046342229308636,0.0,0.0280638213170956,transformer_add97_f0.3_wd1.0_softmax_ce,canonical
transformer_add97_f0.3_wd1.0_softmax_ce_s4,transformer,25700,at,26031,4,3,hook_resid_final,0,8.21028226455718,300.0,0.0,0.0577353718771328,0.0,0.0392267404703247,transformer_add97_f0.3_wd1.0_softmax_ce,canonical
transformer_add97_f0.3_wd1.0_softmax_ce_s4,transformer,25700,at,26031,4,3,hook_resid_final,1,8.332779829173502,300.0,0.0,0.0593238179421126,0.0,0.0472763515980595,transformer_add97_f0.3_wd1.0_softmax_ce,canonical
transformer_add97_f0.3_wd1.0_softmax_ce_s4,transformer,25700,at,26031,4,3,hook_resid_final,2,8.342710750232037,300.0,0.0,0.067171083772233,0.0,0.043711616883425,transformer_add97_f0.3_wd1.0_softmax_ce,canonical
transformer_add97_f0.3_wd1.0_softmax_ce_s4,transformer,25700,at,26031,4,4,logits,0,44.06017661344358,300.0,0.0,0.0613337507140159,1.0,0.0500515971747339,transformer_add97_f0.3_wd1.0_softmax_ce,canonical
transformer_add97_f0.3_wd1.0_softmax_ce_s4,transformer,25700,at,26031,4,4,logits,1,44.06017661344358,300.0,0.0,0.0703683717283724,0.0,0.038254827366238,transformer_add97_f0.3_wd1.0_softmax_ce,canonical
transformer_add97_f0.3_wd1.0_softmax_ce_s4,transformer,25700,at,26031,4,4,logits,2,44.06017661344358,300.0,0.0,0.0644195111184692,1.0,0.0519632021903241,transformer_add97_f0.3_wd1.0_softmax_ce,canonical
transformer_add97_f0.3_wd1.0_softmax_ce_s4,transformer,25700,at,26031,2,0,operands,0,0.1420677973873407,300.0,0.0,0.0608057461230838,0.0,0.041848609665691,transformer_add97_f0.3_wd1.0_softmax_ce,canonical
transformer_add97_f0.3_wd1.0_softmax_ce_s4,transformer,25700,at,26031,2,0,operands,1,0.141856151306267,300.0,0.0,0.066276776575379,0.0,0.0390753270187861,transformer_add97_f0.3_wd1.0_softmax_ce,canonical
transformer_add97_f0.3_wd1.0_softmax_ce_s4,transformer,25700,at,26031,2,0,operands,2,0.1420677973873407,300.0,0.0,0.0564876909181367,0.0,0.0487208764613061,transformer_add97_f0.3_wd1.0_softmax_ce,canonical
transformer_add97_f0.3_wd1.0_softmax_ce_s4,transformer,25700,at,26031,2,1,blocks.0.hook_attn_out,0,0.0577292999508794,300.0,0.0,0.0336885787624398,0.0,0.0041035073570028,transformer_add97_f0.3_wd1.0_softmax_ce,canonical
transformer_add97_f0.3_wd1.0_softmax_ce_s4,transformer,25700,at,26031,2,1,blocks.0.hook_attn_out,1,0.0577292999508794,300.0,0.0,0.0355294917141586,0.0,0.0024445376473716,transformer_add97_f0.3_wd1.0_softmax_ce,canonical
transformer_add97_f0.3_wd1.0_softmax_ce_s4,transformer,25700,at,26031,2,1,blocks.0.hook_attn_out,2,0.0577292999508794,300.0,0.0,0.0361990744648988,0.0,0.0,transformer_add97_f0.3_wd1.0_softmax_ce,canonical
transformer_add97_f0.3_wd1.0_softmax_ce_s4,transformer,25700,at,26031,2,2,blocks.0.hook_mlp_out,0,0.2060448693035768,300.0,0.0,0.0275431373808032,0.0,0.000732108735553,transformer_add97_f0.3_wd1.0_softmax_ce,canonical
transformer_add97_f0.3_wd1.0_softmax_ce_s4,transformer,25700,at,26031,2,2,blocks.0.hook_mlp_out,1,0.2060448693035768,300.0,0.0,0.0236141803506616,0.0,0.0,transformer_add97_f0.3_wd1.0_softmax_ce,canonical
transformer_add97_f0.3_wd1.0_softmax_ce_s4,transformer,25700,at,26031,2,2,blocks.0.hook_mlp_out,2,0.2060448693035768,300.0,0.0,0.0245965094431744,0.0,0.0,transformer_add97_f0.3_wd1.0_softmax_ce,canonical
transformer_add97_f0.3_wd1.0_softmax_ce_s4,transformer,25700,at,26031,2,3,hook_resid_final,0,7.155668981223938,300.0,0.0,0.0274800577308339,0.0,0.0,transformer_add97_f0.3_wd1.0_softmax_ce,canonical
transformer_add97_f0.3_wd1.0_softmax_ce_s4,transformer,25700,at,26031,2,3,hook_resid_final,1,7.155668981223938,300.0,0.0,0.0265233364374639,0.0,0.0,transformer_add97_f0.3_wd1.0_softmax_ce,canonical
transformer_add97_f0.3_wd1.0_softmax_ce_s4,transformer,25700,at,26031,2,3,hook_resid_final,2,7.155668981223938,300.0,0.0,0.0288163347377626,0.0,0.0,transformer_add97_f0.3_wd1.0_softmax_ce,canonical
transformer_add97_f0.3_wd1.0_softmax_ce_s4,transformer,25700,at,26031,2,4,logits,0,35.98348730299686,300.0,0.0,0.0367685328707808,0.0,0.0,transformer_add97_f0.3_wd1.0_softmax_ce,canonical
transformer_add97_f0.3_wd1.0_softmax_ce_s4,transformer,25700,at,26031,2,4,logits,1,36.08736310614116,300.0,1.0,0.05018628880313,0.0,0.0,transformer_add97_f0.3_wd1.0_softmax_ce,canonical
transformer_add97_f0.3_wd1.0_softmax_ce_s4,transformer,25700,at,26031,2,4,logits,2,36.08736310614116,300.0,0.0,0.0422087150759125,0.0,0.0,transformer_add97_f0.3_wd1.0_softmax_ce,canonical
transformer_add97_f0.3_wd1.0_softmax_ce_s4,transformer,25700,after,40000,8,0,operands,0,0.1218358691505552,300.0,0.0,0.1152168864027268,1.0,0.0514097401249842,transformer_add97_f0.3_wd1.0_softmax_ce,canonical
transformer_add97_f0.3_wd1.0_softmax_ce_s4,transformer,25700,after,40000,8,0,operands,1,0.1218358691505552,300.0,0.0,0.1279477271260101,0.0,0.0590193866453676,transformer_add97_f0.3_wd1.0_softmax_ce,canonical
transformer_add97_f0.3_wd1.0_softmax_ce_s4,transformer,25700,after,40000,8,0,operands,2,0.1218358691505552,300.0,0.0,0.147457119911957,0.0,0.048957276114654,transformer_add97_f0.3_wd1.0_softmax_ce,canonical
transformer_add97_f0.3_wd1.0_softmax_ce_s4,transformer,25700,after,40000,8,1,blocks.0.hook_attn_out,0,0.1108300058412214,300.0,0.0,0.0724828582591322,0.0,0.0495263252182837,transformer_add97_f0.3_wd1.0_softmax_ce,canonical
transformer_add97_f0.3_wd1.0_softmax_ce_s4,transformer,25700,after,40000,8,1,blocks.0.hook_attn_out,1,0.1108300058412214,300.0,0.0,0.0696500008454186,0.0,0.0467199713798252,transformer_add97_f0.3_wd1.0_softmax_ce,canonical
transformer_add97_f0.3_wd1.0_softmax_ce_s4,transformer,25700,after,40000,8,1,blocks.0.hook_attn_out,2,0.1108300058412214,300.0,0.0,0.0716843225110844,0.0,0.0452653839110048,transformer_add97_f0.3_wd1.0_softmax_ce,canonical
transformer_add97_f0.3_wd1.0_softmax_ce_s4,transformer,25700,after,40000,8,2,blocks.0.hook_mlp_out,0,0.2415626790747784,300.0,0.0,0.0898123046978746,0.0,0.0456399135122085,transformer_add97_f0.3_wd1.0_softmax_ce,canonical
transformer_add97_f0.3_wd1.0_softmax_ce_s4,transformer,25700,after,40000,8,2,blocks.0.hook_mlp_out,1,0.2357318676090584,300.0,0.0,0.0925075506780069,0.0,0.0386507066086599,transformer_add97_f0.3_wd1.0_softmax_ce,canonical
transformer_add97_f0.3_wd1.0_softmax_ce_s4,transformer,25700,after,40000,8,2,blocks.0.hook_mlp_out,2,0.2394915881830984,300.0,0.0,0.0775238207571453,0.0,0.03840266778431,transformer_add97_f0.3_wd1.0_softmax_ce,canonical
transformer_add97_f0.3_wd1.0_softmax_ce_s4,transformer,25700,after,40000,8,3,hook_resid_final,0,7.935139098776831,300.0,0.0,0.1085231099903854,1.0,0.0547998277074206,transformer_add97_f0.3_wd1.0_softmax_ce,canonical
transformer_add97_f0.3_wd1.0_softmax_ce_s4,transformer,25700,after,40000,8,3,hook_resid_final,1,7.78473542054424,300.0,0.0,0.1255898843287525,1.0,0.0505524287832781,transformer_add97_f0.3_wd1.0_softmax_ce,canonical
transformer_add97_f0.3_wd1.0_softmax_ce_s4,transformer,25700,after,40000,8,3,hook_resid_final,2,7.786758253035942,300.0,0.0,0.107276106661754,1.0,0.0575755112857402,transformer_add97_f0.3_wd1.0_softmax_ce,canonical
transformer_add97_f0.3_wd1.0_softmax_ce_s4,transformer,25700,after,40000,8,4,logits,0,46.29629801189237,300.0,0.0,0.117205131002203,0.0,0.0460639692402788,transformer_add97_f0.3_wd1.0_softmax_ce,canonical
transformer_add97_f0.3_wd1.0_softmax_ce_s4,transformer,25700,after,40000,8,4,logits,1,46.54056970264105,300.0,0.0,0.0904705159703768,0.0,0.0463142758321339,transformer_add97_f0.3_wd1.0_softmax_ce,canonical
transformer_add97_f0.3_wd1.0_softmax_ce_s4,transformer,25700,after,40000,8,4,logits,2,47.4106101899402,300.0,0.0,0.0782069858337612,0.0,0.0481992181390705,transformer_add97_f0.3_wd1.0_softmax_ce,canonical
transformer_add97_f0.3_wd1.0_softmax_ce_s4,transformer,25700,after,40000,4,0,operands,0,0.1114900152058512,300.0,0.0,0.0977152633947551,0.0,0.0486704817456697,transformer_add97_f0.3_wd1.0_softmax_ce,canonical
transformer_add97_f0.3_wd1.0_softmax_ce_s4,transformer,25700,after,40000,4,0,operands,1,0.1087039976588021,300.0,0.0,0.1111166793049907,0.0,0.0456923808054475,transformer_add97_f0.3_wd1.0_softmax_ce,canonical
transformer_add97_f0.3_wd1.0_softmax_ce_s4,transformer,25700,after,40000,4,0,operands,2,0.1114900152058512,300.0,0.0,0.1012737187432703,1.0,0.0524599257776621,transformer_add97_f0.3_wd1.0_softmax_ce,canonical
transformer_add97_f0.3_wd1.0_softmax_ce_s4,transformer,25700,after,40000,4,1,blocks.0.hook_attn_out,0,0.0944284086320348,300.0,0.0,0.06086651145206,0.0,0.0458017426187558,transformer_add97_f0.3_wd1.0_softmax_ce,canonical
transformer_add97_f0.3_wd1.0_softmax_ce_s4,transformer,25700,after,40000,4,1,blocks.0.hook_attn_out,1,0.0944284086320348,300.0,0.0,0.0602591049214281,0.0,0.0388314306613873,transformer_add97_f0.3_wd1.0_softmax_ce,canonical
transformer_add97_f0.3_wd1.0_softmax_ce_s4,transformer,25700,after,40000,4,1,blocks.0.hook_attn_out,2,0.0927932030557566,300.0,0.0,0.0644486497538784,1.0,0.0523797520996839,transformer_add97_f0.3_wd1.0_softmax_ce,canonical
transformer_add97_f0.3_wd1.0_softmax_ce_s4,transformer,25700,after,40000,4,2,blocks.0.hook_mlp_out,0,0.2145378191200508,300.0,0.0,0.0669411813603738,0.0,0.034939685147302,transformer_add97_f0.3_wd1.0_softmax_ce,canonical
transformer_add97_f0.3_wd1.0_softmax_ce_s4,transformer,25700,after,40000,4,2,blocks.0.hook_mlp_out,1,0.2110091266479525,300.0,0.0,0.0661405511590922,0.0,0.0347439796469022,transformer_add97_f0.3_wd1.0_softmax_ce,canonical
transformer_add97_f0.3_wd1.0_softmax_ce_s4,transformer,25700,after,40000,4,2,blocks.0.hook_mlp_out,2,0.2145378191200508,300.0,0.0,0.053866302246169,0.0,0.0369554672688023,transformer_add97_f0.3_wd1.0_softmax_ce,canonical
transformer_add97_f0.3_wd1.0_softmax_ce_s4,transformer,25700,after,40000,4,3,hook_resid_final,0,6.699522866807612,300.0,0.0,0.1050493691990169,0.0,0.0441021442074621,transformer_add97_f0.3_wd1.0_softmax_ce,canonical
transformer_add97_f0.3_wd1.0_softmax_ce_s4,transformer,25700,after,40000,4,3,hook_resid_final,1,6.816308110037573,300.0,0.0,0.0810409977450797,0.0,0.0460348291877182,transformer_add97_f0.3_wd1.0_softmax_ce,canonical
transformer_add97_f0.3_wd1.0_softmax_ce_s4,transformer,25700,after,40000,4,3,hook_resid_final,2,6.619686876933847,300.0,0.0,0.1136340579740097,1.0,0.0623577633843668,transformer_add97_f0.3_wd1.0_softmax_ce,canonical
transformer_add97_f0.3_wd1.0_softmax_ce_s4,transformer,25700,after,40000,4,4,logits,0,40.00486801371388,300.0,0.0,0.0969177075689435,0.0,0.0425080303790397,transformer_add97_f0.3_wd1.0_softmax_ce,canonical
transformer_add97_f0.3_wd1.0_softmax_ce_s4,transformer,25700,after,40000,4,4,logits,1,40.213131047788735,300.0,0.0,0.1048950700642579,1.0,0.0566418278691198,transformer_add97_f0.3_wd1.0_softmax_ce,canonical
transformer_add97_f0.3_wd1.0_softmax_ce_s4,transformer,25700,after,40000,4,4,logits,2,40.74549640712386,300.0,0.0,0.0865262764813805,0.0,0.0427901863762561,transformer_add97_f0.3_wd1.0_softmax_ce,canonical
transformer_add97_f0.3_wd1.0_softmax_ce_s4,transformer,25700,after,40000,2,0,operands,0,0.0932137767743177,300.0,0.0,0.064938349011409,0.0,0.047207638825367,transformer_add97_f0.3_wd1.0_softmax_ce,canonical
transformer_add97_f0.3_wd1.0_softmax_ce_s4,transformer,25700,after,40000,2,0,operands,1,0.0926946424804321,300.0,0.0,0.0641362268352981,0.0,0.0487997429199381,transformer_add97_f0.3_wd1.0_softmax_ce,canonical
transformer_add97_f0.3_wd1.0_softmax_ce_s4,transformer,25700,after,40000,2,0,operands,2,0.0932137767743177,300.0,0.0,0.0728998202802286,0.0,0.0361900226214671,transformer_add97_f0.3_wd1.0_softmax_ce,canonical
transformer_add97_f0.3_wd1.0_softmax_ce_s4,transformer,25700,after,40000,2,1,blocks.0.hook_attn_out,0,0.0910929716521579,300.0,0.0,0.0266612525051561,0.0,0.0001787490070635,transformer_add97_f0.3_wd1.0_softmax_ce,canonical
transformer_add97_f0.3_wd1.0_softmax_ce_s4,transformer,25700,after,40000,2,1,blocks.0.hook_attn_out,1,0.0910929716521579,300.0,0.0,0.02848612615141,0.0,0.0008762775557759,transformer_add97_f0.3_wd1.0_softmax_ce,canonical
transformer_add97_f0.3_wd1.0_softmax_ce_s4,transformer,25700,after,40000,2,1,blocks.0.hook_attn_out,2,0.0910929716521579,300.0,0.0,0.0236286792659212,0.0,0.0,transformer_add97_f0.3_wd1.0_softmax_ce,canonical
transformer_add97_f0.3_wd1.0_softmax_ce_s4,transformer,25700,after,40000,2,2,blocks.0.hook_mlp_out,0,0.2014764693493322,300.0,0.0,0.0292282139040609,0.0,0.0,transformer_add97_f0.3_wd1.0_softmax_ce,canonical
transformer_add97_f0.3_wd1.0_softmax_ce_s4,transformer,25700,after,40000,2,2,blocks.0.hook_mlp_out,1,0.2014764693493322,300.0,0.0,0.0269298250116844,0.0,1.5832021617012647e-05,transformer_add97_f0.3_wd1.0_softmax_ce,canonical
transformer_add97_f0.3_wd1.0_softmax_ce_s4,transformer,25700,after,40000,2,2,blocks.0.hook_mlp_out,2,0.2014764693493322,300.0,0.0,0.0257705604752501,0.0,0.0,transformer_add97_f0.3_wd1.0_softmax_ce,canonical
transformer_add97_f0.3_wd1.0_softmax_ce_s4,transformer,25700,after,40000,2,3,hook_resid_final,0,6.022379314869619,300.0,0.0,0.0314442946849085,0.0,0.0,transformer_add97_f0.3_wd1.0_softmax_ce,canonical
transformer_add97_f0.3_wd1.0_softmax_ce_s4,transformer,25700,after,40000,2,3,hook_resid_final,1,6.020853393888608,300.0,0.0,0.0315935771789402,0.0,0.0,transformer_add97_f0.3_wd1.0_softmax_ce,canonical
transformer_add97_f0.3_wd1.0_softmax_ce_s4,transformer,25700,after,40000,2,3,hook_resid_final,2,6.018102920008584,300.0,0.0,0.0323092158123867,0.0,0.0,transformer_add97_f0.3_wd1.0_softmax_ce,canonical
transformer_add97_f0.3_wd1.0_softmax_ce_s4,transformer,25700,after,40000,2,4,logits,0,39.00557541640574,300.0,0.0,0.0404373827479126,0.0,0.0,transformer_add97_f0.3_wd1.0_softmax_ce,canonical
transformer_add97_f0.3_wd1.0_softmax_ce_s4,transformer,25700,after,40000,2,4,logits,1,39.38293730537062,300.0,0.0,0.048076117835183,0.0,0.0016404917012593,transformer_add97_f0.3_wd1.0_softmax_ce,canonical
transformer_add97_f0.3_wd1.0_softmax_ce_s4,transformer,25700,after,40000,2,4,logits,2,39.38293730537062,300.0,0.0,0.0363819261105114,0.0,0.0,transformer_add97_f0.3_wd1.0_softmax_ce,canonical
