step,h1_max_persistence,h1_max_persistence_normalised,pointcloud_scale,test_acc,panel,run,t_g
0,0.8232250213623047,0.0538629471052848,15.283698081970217,0.0089505482465028,reference,transformer_add113_f0.3_wd0.1_softmax_ce_s0,13000
504,0.6310234069824219,0.0483847945286417,13.041770935058594,0.2985007762908935,reference,transformer_add113_f0.3_wd0.1_softmax_ce_s0,13000
1008,0.5435352325439453,0.0485738363425683,11.189876556396484,0.2992839515209198,reference,transformer_add113_f0.3_wd0.1_softmax_ce_s0,13000
1513,0.4646682739257812,0.0483811470017719,9.604325294494627,0.2996196150779724,reference,transformer_add113_f0.3_wd0.1_softmax_ce_s0,13000
2017,0.3945341110229492,0.0478556133543974,8.24425983428955,0.3007384240627289,reference,transformer_add113_f0.3_wd0.1_softmax_ce_s0,13000
2521,0.3086395263671875,0.0436392772103127,7.072516918182373,0.2993958294391632,reference,transformer_add113_f0.3_wd0.1_softmax_ce_s0,13000
3025,0.2401881217956543,0.0393360359575214,6.106058120727539,0.2987245321273803,reference,transformer_add113_f0.3_wd0.1_softmax_ce_s0,13000
3529,0.2136487960815429,0.0408737461801793,5.227042198181152,0.2993958294391632,reference,transformer_add113_f0.3_wd0.1_softmax_ce_s0,13000
4034,0.2137610912322998,0.0474443782862854,4.505509376525879,0.2993958294391632,reference,transformer_add113_f0.3_wd0.1_softmax_ce_s0,13000
4538,0.1837072372436523,0.047628611015558,3.8570773601531982,0.2992839515209198,reference,transformer_add113_f0.3_wd0.1_softmax_ce_s0,13000
5042,0.1714909076690673,0.0511672537543234,3.3515753746032715,0.2992839515209198,reference,transformer_add113_f0.3_wd0.1_softmax_ce_s0,13000
5546,0.1351714134216308,0.0473503157508973,2.85470986366272,0.2992839515209198,reference,transformer_add113_f0.3_wd0.1_softmax_ce_s0,13000
6050,0.1170523166656494,0.0462001578672191,2.5335912704467773,0.2995077073574066,reference,transformer_add113_f0.3_wd0.1_softmax_ce_s0,13000
6555,0.1222727298736572,0.0550138309878705,2.222581624984741,0.2993958294391632,reference,transformer_add113_f0.3_wd0.1_softmax_ce_s0,13000
7059,0.0897905826568603,0.0473351161294575,1.896912693977356,0.2999552488327026,reference,transformer_add113_f0.3_wd0.1_softmax_ce_s0,13000
7563,0.0918332338333129,0.0532863401775365,1.7233916521072388,0.2997314929962158,reference,transformer_add113_f0.3_wd0.1_softmax_ce_s0,13000
8067,0.070205807685852,0.0479223950936523,1.4649895429611206,0.3001790046691894,reference,transformer_add113_f0.3_wd0.1_softmax_ce_s0,13000
8571,0.0589798688888549,0.0428510207754598,1.3763935565948486,0.2999552488327026,reference,transformer_add113_f0.3_wd0.1_softmax_ce_s0,13000
9076,0.0506216287612915,0.0432629083204726,1.170093059539795,0.3009621798992157,reference,transformer_add113_f0.3_wd0.1_softmax_ce_s0,13000
9580,0.0422665476799011,0.0371163892164907,1.1387569904327393,0.3007384240627289,reference,transformer_add113_f0.3_wd0.1_softmax_ce_s0,13000
10084,0.0304456949234008,0.0317890724215604,0.9577409029006958,0.3024166524410248,reference,transformer_add113_f0.3_wd0.1_softmax_ce_s0,13000
10588,0.0350553393363952,0.0360432935521572,0.9725897908210754,0.3055493533611297,reference,transformer_add113_f0.3_wd0.1_softmax_ce_s0,13000
11092,0.0309140682220459,0.0371591530453981,0.8319368362426758,0.3049899339675903,reference,transformer_add113_f0.3_wd0.1_softmax_ce_s0,13000
11597,0.0177186727523803,0.0208013549325388,0.8518037796020508,0.3264712393283844,reference,transformer_add113_f0.3_wd0.1_softmax_ce_s0,13000
12101,0.044344425201416,0.0509017042016128,0.871177613735199,0.5616468787193298,reference,transformer_add113_f0.3_wd0.1_softmax_ce_s0,13000
12605,0.0333009958267211,0.0440042446487236,0.7567678093910217,0.6277690529823303,reference,transformer_add113_f0.3_wd0.1_softmax_ce_s0,13000
13109,0.0556411743164062,0.0756242987972507,0.7357578873634338,0.9982098937034608,reference,transformer_add113_f0.3_wd0.1_softmax_ce_s0,13000
13613,0.0596187710762023,0.0938022647879398,0.6355792284011841,0.9998881220817566,reference,transformer_add113_f0.3_wd0.1_softmax_ce_s0,13000
14118,0.0548509955406188,0.0787736353776738,0.6963115930557251,1.0,reference,transformer_add113_f0.3_wd0.1_softmax_ce_s0,13000
14622,0.0482692420482635,0.0836069303983726,0.5773354172706604,1.0,reference,transformer_add113_f0.3_wd0.1_softmax_ce_s0,13000
15126,0.0772311687469482,0.1182937962868286,0.6528759002685547,1.0,reference,transformer_add113_f0.3_wd0.1_softmax_ce_s0,13000
15630,0.0686126053333282,0.1269081783466118,0.5406476259231567,1.0,reference,transformer_add113_f0.3_wd0.1_softmax_ce_s0,13000
16134,0.0956161022186279,0.1424963211643508,0.671007513999939,1.0,reference,transformer_add113_f0.3_wd0.1_softmax_ce_s0,13000
16639,0.0710043907165527,0.1261885364290302,0.562684953212738,1.0,reference,transformer_add113_f0.3_wd0.1_softmax_ce_s0,13000
17143,0.1030411124229431,0.1561866470288549,0.6597306132316589,1.0,reference,transformer_add113_f0.3_wd0.1_softmax_ce_s0,13000
17647,0.0749659240245819,0.1388761201592727,0.5398042798042297,1.0,reference,transformer_add113_f0.3_wd0.1_softmax_ce_s0,13000
18151,0.1011511087417602,0.158190574715258,0.6394256353378296,1.0,reference,transformer_add113_f0.3_wd0.1_softmax_ce_s0,13000
18655,0.0825995802879333,0.1532035086020271,0.5391494035720825,1.0,reference,transformer_add113_f0.3_wd0.1_softmax_ce_s0,13000
19160,0.0887696743011474,0.1476753234699875,0.6011137962341309,1.0,reference,transformer_add113_f0.3_wd0.1_softmax_ce_s0,13000
19664,0.1036385893821716,0.14833941671848,0.6986584663391113,0.9975386261940002,reference,transformer_add113_f0.3_wd0.1_softmax_ce_s0,13000
20168,0.1070026755332946,0.1793733985650983,0.5965359210968018,1.0,reference,transformer_add113_f0.3_wd0.1_softmax_ce_s0,13000
20672,0.0998862981796264,0.146687291531685,0.6809471845626831,1.0,reference,transformer_add113_f0.3_wd0.1_softmax_ce_s0,13000
21176,0.0787875652313232,0.1327855300864348,0.593344509601593,1.0,reference,transformer_add113_f0.3_wd0.1_softmax_ce_s0,13000
21681,0.1003849506378173,0.1455906020072585,0.6895015835762024,1.0,reference,transformer_add113_f0.3_wd0.1_softmax_ce_s0,13000
22185,0.0909197926521301,0.1469846098817594,0.6185667514801025,1.0,reference,transformer_add113_f0.3_wd0.1_softmax_ce_s0,13000
22689,0.0932586193084716,0.1428224424625794,0.6529689431190491,1.0,reference,transformer_add113_f0.3_wd0.1_softmax_ce_s0,13000
23193,0.0655094981193542,0.1160032386045376,0.5647212862968445,1.0,reference,transformer_add113_f0.3_wd0.1_softmax_ce_s0,13000
23697,0.081453263759613,0.1266917579375008,0.6429247260093689,1.0,reference,transformer_add113_f0.3_wd0.1_softmax_ce_s0,13000
24202,0.0685218274593353,0.1244103361378913,0.5507727861404419,1.0,reference,transformer_add113_f0.3_wd0.1_softmax_ce_s0,13000
24706,0.0832518637180328,0.1315158877286758,0.6330175399780273,0.9998881220817566,reference,transformer_add113_f0.3_wd0.1_softmax_ce_s0,13000
25210,0.0532073676586151,0.0968490137836592,0.5493847131729126,1.0,reference,transformer_add113_f0.3_wd0.1_softmax_ce_s0,13000
25714,0.0846686661243438,0.1405346294334676,0.6024754643440247,0.9998881220817566,reference,transformer_add113_f0.3_wd0.1_softmax_ce_s0,13000
26218,0.0576336681842803,0.108149178886867,0.5329089760780334,1.0,reference,transformer_add113_f0.3_wd0.1_softmax_ce_s0,13000
26723,0.0758173167705535,0.1227299366051449,0.6177573204040527,1.0,reference,transformer_add113_f0.3_wd0.1_softmax_ce_s0,13000
27227,0.0619488656520843,0.1165832595991974,0.5313701629638672,1.0,reference,transformer_add113_f0.3_wd0.1_softmax_ce_s0,13000
27731,0.0919585227966308,0.1430421366683204,0.6428771615028381,1.0,reference,transformer_add113_f0.3_wd0.1_softmax_ce_s0,13000
28235,0.079382300376892,0.1477986412833288,0.5370976328849792,1.0,reference,transformer_add113_f0.3_wd0.1_softmax_ce_s0,13000
28739,0.0832128524780273,0.1311025146012223,0.6347159147262573,1.0,reference,transformer_add113_f0.3_wd0.1_softmax_ce_s0,13000
29244,0.0721588730812072,0.1365871451653538,0.5282991528511047,1.0,reference,transformer_add113_f0.3_wd0.1_softmax_ce_s0,13000
29748,0.0699896812438964,0.1188897406174382,0.5886940360069275,1.0,reference,transformer_add113_f0.3_wd0.1_softmax_ce_s0,13000
30252,0.0543366074562072,0.1079056584075476,0.5035566091537476,1.0,reference,transformer_add113_f0.3_wd0.1_softmax_ce_s0,13000
30756,0.0753278732299804,0.1209745992894444,0.6226751208305359,1.0,reference,transformer_add113_f0.3_wd0.1_softmax_ce_s0,13000
31261,0.0681245326995849,0.1329898299909788,0.5122537016868591,1.0,reference,transformer_add113_f0.3_wd0.1_softmax_ce_s0,13000
31765,0.088593304157257,0.1443535750587622,0.6137243509292603,1.0,reference,transformer_add113_f0.3_wd0.1_softmax_ce_s0,13000
32269,0.0675832033157348,0.1312037098965675,0.5151013135910034,1.0,reference,transformer_add113_f0.3_wd0.1_softmax_ce_s0,13000
32773,0.0667958855628967,0.1151661753871478,0.5799956917762756,1.0,reference,transformer_add113_f0.3_wd0.1_softmax_ce_s0,13000
33277,0.0585856437683105,0.1197648480574206,0.4891722798347473,1.0,reference,transformer_add113_f0.3_wd0.1_softmax_ce_s0,13000
33782,0.0756450593471527,0.1277143925575232,0.5922986268997192,1.0,reference,transformer_add113_f0.3_wd0.1_softmax_ce_s0,13000
34286,0.0580630004405975,0.114244588268877,0.5082341432571411,1.0,reference,transformer_add113_f0.3_wd0.1_softmax_ce_s0,13000
34790,0.0755031108856201,0.1307146620646471,0.5776177644729614,1.0,reference,transformer_add113_f0.3_wd0.1_softmax_ce_s0,13000
35294,0.0800486207008361,0.124237411437598,0.6443197727203369,1.0,reference,transformer_add113_f0.3_wd0.1_softmax_ce_s0,13000
35798,0.0709909200668335,0.1265267952249926,0.5610741972923279,1.0,reference,transformer_add113_f0.3_wd0.1_softmax_ce_s0,13000
36303,0.0943821668624877,0.1447772591440434,0.6519129276275635,1.0,reference,transformer_add113_f0.3_wd0.1_softmax_ce_s0,13000
36807,0.0617955327033996,0.1086599424250303,0.5687057375907898,1.0,reference,transformer_add113_f0.3_wd0.1_softmax_ce_s0,13000
37311,0.086963951587677,0.1325665741313582,0.6560021042823792,1.0,reference,transformer_add113_f0.3_wd0.1_softmax_ce_s0,13000
37815,0.0570183992385864,0.0999792539468451,0.5703023076057434,1.0,reference,transformer_add113_f0.3_wd0.1_softmax_ce_s0,13000
38319,0.0740606784820556,0.1177243154187594,0.6291026473045349,0.9997762441635132,reference,transformer_add113_f0.3_wd0.1_softmax_ce_s0,13000
38824,0.0641757845878601,0.114633680736515,0.5598335862159729,1.0,reference,transformer_add113_f0.3_wd0.1_softmax_ce_s0,13000
39328,0.0886535048484802,0.1334517869475099,0.6643111109733582,1.0,reference,transformer_add113_f0.3_wd0.1_softmax_ce_s0,13000
39832,0.0610108971595764,0.1056797470854501,0.5773187279701233,1.0,reference,transformer_add113_f0.3_wd0.1_softmax_ce_s0,13000
40336,0.0827008485794067,0.1326236823921412,0.6235752701759338,1.0,reference,transformer_add113_f0.3_wd0.1_softmax_ce_s0,13000
40840,0.0627088844776153,0.1136316923486683,0.5518608689308167,1.0,reference,transformer_add113_f0.3_wd0.1_softmax_ce_s0,13000
41345,0.0908229351043701,0.1453336886503491,0.6249269247055054,1.0,reference,transformer_add113_f0.3_wd0.1_softmax_ce_s0,13000
41849,0.0629011392593383,0.116082614095647,0.5418652892112732,1.0,reference,transformer_add113_f0.3_wd0.1_softmax_ce_s0,13000
42353,0.0782098174095153,0.121877383351116,0.64170902967453,1.0,reference,transformer_add113_f0.3_wd0.1_softmax_ce_s0,13000
42857,0.0590077638626098,0.1025365307092448,0.5754804015159607,1.0,reference,transformer_add113_f0.3_wd0.1_softmax_ce_s0,13000
43361,0.0879028439521789,0.1383168406813475,0.6355180144309998,1.0,reference,transformer_add113_f0.3_wd0.1_softmax_ce_s0,13000
43866,0.0652560889720916,0.1215249792567967,0.5369767546653748,1.0,reference,transformer_add113_f0.3_wd0.1_softmax_ce_s0,13000
44370,0.0762399435043335,0.1169123656771982,0.6521118879318237,1.0,reference,transformer_add113_f0.3_wd0.1_softmax_ce_s0,13000
44874,0.0750368535518646,0.1359826875869665,0.5518118143081665,1.0,reference,transformer_add113_f0.3_wd0.1_softmax_ce_s0,13000
45378,0.0526463389396667,0.1047488922168897,0.5025956630706787,0.8847616910934448,reference,transformer_add113_f0.3_wd0.1_softmax_ce_s0,13000
45882,0.0502615571022033,0.0892293464107962,0.5632850527763367,1.0,reference,transformer_add113_f0.3_wd0.1_softmax_ce_s0,13000
46387,0.0770524442195892,0.1319503638796091,0.5839502215385437,0.998321771621704,reference,transformer_add113_f0.3_wd0.1_softmax_ce_s0,13000
46891,0.0596986413002014,0.1120217185752067,0.532920241355896,1.0,reference,transformer_add113_f0.3_wd0.1_softmax_ce_s0,13000
47395,0.0676437020301818,0.1119353609939631,0.6043103933334351,0.988028645515442,reference,transformer_add113_f0.3_wd0.1_softmax_ce_s0,13000
47899,0.0558276772499084,0.0973360318206735,0.573556125164032,1.0,reference,transformer_add113_f0.3_wd0.1_softmax_ce_s0,13000
48403,0.0505601167678833,0.1026409978462231,0.4925918281078338,1.0,reference,transformer_add113_f0.3_wd0.1_softmax_ce_s0,13000
48908,0.0666010677814483,0.1194184984983187,0.5577114820480347,1.0,reference,transformer_add113_f0.3_wd0.1_softmax_ce_s0,13000
49412,0.0568954944610595,0.1194822803357702,0.476183533668518,0.5664578080177307,reference,transformer_add113_f0.3_wd0.1_softmax_ce_s0,13000
49916,0.0760733485221862,0.1420953960409873,0.5353681445121765,1.0,reference,transformer_add113_f0.3_wd0.1_softmax_ce_s0,13000
50420,0.0789608359336853,0.126690074608631,0.6232598423957825,1.0,reference,transformer_add113_f0.3_wd0.1_softmax_ce_s0,13000
50924,0.0466488897800445,0.0844676710119076,0.5522691607475281,1.0,reference,transformer_add113_f0.3_wd0.1_softmax_ce_s0,13000
51429,0.0537212491035461,0.1170935500024716,0.4587891399860382,1.0,reference,transformer_add113_f0.3_wd0.1_softmax_ce_s0,13000
51933,0.0591837465763092,0.1100501518409327,0.5377888679504395,1.0,reference,transformer_add113_f0.3_wd0.1_softmax_ce_s0,13000
52437,0.048343539237976,0.1058798311499515,0.4565887451171875,1.0,reference,transformer_add113_f0.3_wd0.1_softmax_ce_s0,13000
52941,0.0606019496917724,0.1079065857879177,0.5616149306297302,1.0,reference,transformer_add113_f0.3_wd0.1_softmax_ce_s0,13000
53445,0.05338716506958,0.1101084392727902,0.4848598837852478,1.0,reference,transformer_add113_f0.3_wd0.1_softmax_ce_s0,13000
53950,0.0718021094799041,0.1278624145334231,0.5615575909614563,1.0,reference,transformer_add113_f0.3_wd0.1_softmax_ce_s0,13000
54454,0.0562899410724639,0.1196818305206577,0.4703298807144165,1.0,reference,transformer_add113_f0.3_wd0.1_softmax_ce_s0,13000
54958,0.0817767977714538,0.139142351682178,0.5877203941345215,1.0,reference,transformer_add113_f0.3_wd0.1_softmax_ce_s0,13000
55462,0.0565025210380554,0.1130686217175294,0.4997188448905945,1.0,reference,transformer_add113_f0.3_wd0.1_softmax_ce_s0,13000
55966,0.0889754891395568,0.151204823365402,0.5884434580802917,1.0,reference,transformer_add113_f0.3_wd0.1_softmax_ce_s0,13000
56471,0.0588946640491485,0.1153096223679697,0.5107523798942566,1.0,reference,transformer_add113_f0.3_wd0.1_softmax_ce_s0,13000
56975,0.0687906742095947,0.1117953014852072,0.6153270602226257,1.0,reference,transformer_add113_f0.3_wd0.1_softmax_ce_s0,13000
57479,0.051634669303894,0.0994173610099764,0.5193727612495422,1.0,reference,transformer_add113_f0.3_wd0.1_softmax_ce_s0,13000
57983,0.0696239471435546,0.1141202981147762,0.6100925803184509,0.9998881220817566,reference,transformer_add113_f0.3_wd0.1_softmax_ce_s0,13000
58487,0.0581676959991455,0.1118864410384348,0.519881546497345,1.0,reference,transformer_add113_f0.3_wd0.1_softmax_ce_s0,13000
58992,0.0950958132743835,0.1570015654466522,0.6056997776031494,1.0,reference,transformer_add113_f0.3_wd0.1_softmax_ce_s0,13000
59496,0.0646772384643554,0.1213521245210685,0.5329716205596924,1.0,reference,transformer_add113_f0.3_wd0.1_softmax_ce_s0,13000
60000,0.0874437093734741,0.1418730395367108,0.616351842880249,0.9982098937034608,reference,transformer_add113_f0.3_wd0.1_softmax_ce_s0,13000
0,1.1316184997558594,0.0739471922217685,15.303062438964844,0.0090624298900365,reference,transformer_add113_f0.3_wd0.1_softmax_ce_s1,12000
504,0.797027587890625,0.0604220617044717,13.19100284576416,0.2982770204544067,reference,transformer_add113_f0.3_wd0.1_softmax_ce_s1,12000
1008,0.6681394577026367,0.0590352462990636,11.317636489868164,0.2989483177661896,reference,transformer_add113_f0.3_wd0.1_softmax_ce_s1,12000
1513,0.5031232833862305,0.0516224945042063,9.74620246887207,0.2979413866996765,reference,transformer_add113_f0.3_wd0.1_softmax_ce_s1,12000
2017,0.4204840660095215,0.0502825983078314,8.362417221069336,0.2986126542091369,reference,transformer_add113_f0.3_wd0.1_softmax_ce_s1,12000
2521,0.3740501403808594,0.0519846052830736,7.195402145385742,0.1758782714605331,reference,transformer_add113_f0.3_wd0.1_softmax_ce_s1,12000
3025,0.2906279563903808,0.047169928869483,6.16129732131958,0.2976057231426239,reference,transformer_add113_f0.3_wd0.1_softmax_ce_s1,12000
3529,0.2414784431457519,0.0454207973629555,5.316473007202148,0.2979413866996765,reference,transformer_add113_f0.3_wd0.1_softmax_ce_s1,12000
4034,0.2176721096038818,0.047767540091211,4.556904315948486,0.296934425830841,reference,transformer_add113_f0.3_wd0.1_softmax_ce_s1,12000
4538,0.2137537002563476,0.0542646788235635,3.9390945434570312,0.2979413866996765,reference,transformer_add113_f0.3_wd0.1_softmax_ce_s1,12000
5042,0.176222562789917,0.0525029487718156,3.356431722640991,0.2982770204544067,reference,transformer_add113_f0.3_wd0.1_softmax_ce_s1,12000
5546,0.1273427009582519,0.0430546406381947,2.957699775695801,0.2979413866996765,reference,transformer_add113_f0.3_wd0.1_softmax_ce_s1,12000
6050,0.1047322750091552,0.041584276700029,2.5185546875,0.2993958294391632,reference,transformer_add113_f0.3_wd0.1_softmax_ce_s1,12000
6555,0.0801829099655151,0.0360486712236717,2.224295854568481,0.2997314929962158,reference,transformer_add113_f0.3_wd0.1_softmax_ce_s1,12000
7059,0.0496889352798461,0.0258352763048342,1.923298001289368,0.1107630357146263,reference,transformer_add113_f0.3_wd0.1_softmax_ce_s1,12000
7563,0.0575339794158935,0.0333474402801121,1.725289225578308,0.3006265461444855,reference,transformer_add113_f0.3_wd0.1_softmax_ce_s1,12000
8067,0.0530352592468261,0.0326900668758653,1.622366189956665,0.3014097213745117,reference,transformer_add113_f0.3_wd0.1_softmax_ce_s1,12000
8571,0.0428787469863891,0.0319050553776808,1.3439483642578125,0.3016334772109985,reference,transformer_add113_f0.3_wd0.1_softmax_ce_s1,12000
9076,0.0412862300872802,0.0327368650198637,1.261154055595398,0.3052136898040771,reference,transformer_add113_f0.3_wd0.1_softmax_ce_s1,12000
9580,0.0487005710601806,0.0406604362400109,1.197738528251648,0.3098008632659912,reference,transformer_add113_f0.3_wd0.1_softmax_ce_s1,12000
10084,0.0441281795501709,0.0434495496751736,1.0156188011169434,0.3115909695625305,reference,transformer_add113_f0.3_wd0.1_softmax_ce_s1,12000
10588,0.0611932873725891,0.06259202216665,0.9776531457901,0.3573506474494934,reference,transformer_add113_f0.3_wd0.1_softmax_ce_s1,12000
11092,0.0445142388343811,0.054078276481357,0.8231445550918579,0.3707764744758606,reference,transformer_add113_f0.3_wd0.1_softmax_ce_s1,12000
11597,0.0683566331863403,0.0840328844018619,0.8134509921073914,0.9021033644676208,reference,transformer_add113_f0.3_wd0.1_softmax_ce_s1,12000
12101,0.048541784286499,0.0711835956667997,0.6819237470626831,0.9840009212493896,reference,transformer_add113_f0.3_wd0.1_softmax_ce_s1,12000
12605,0.0643748044967651,0.0904692610743026,0.7115654945373535,1.0,reference,transformer_add113_f0.3_wd0.1_softmax_ce_s1,12000
13109,0.0561575591564178,0.0942648533546668,0.5957422852516174,1.0,reference,transformer_add113_f0.3_wd0.1_softmax_ce_s1,12000
13613,0.0857681035995483,0.1415680599553204,0.6058436036109924,1.0,reference,transformer_add113_f0.3_wd0.1_softmax_ce_s1,12000
14118,0.0571372210979461,0.1121815546392158,0.5093281269073486,1.0,reference,transformer_add113_f0.3_wd0.1_softmax_ce_s1,12000
14622,0.0836858749389648,0.1451407352886448,0.5765843391418457,1.0,reference,transformer_add113_f0.3_wd0.1_softmax_ce_s1,12000
15126,0.0657647550106048,0.1328270289974411,0.4951157569885254,1.0,reference,transformer_add113_f0.3_wd0.1_softmax_ce_s1,12000
15630,0.0907184481620788,0.1611465608141252,0.5629561543464661,1.0,reference,transformer_add113_f0.3_wd0.1_softmax_ce_s1,12000
16134,0.1096259355545044,0.1731247535570849,0.633219301700592,1.0,reference,transformer_add113_f0.3_wd0.1_softmax_ce_s1,12000
16639,0.0958731174468994,0.1772626951272827,0.5408533215522766,1.0,reference,transformer_add113_f0.3_wd0.1_softmax_ce_s1,12000
17143,0.0985002517700195,0.1675359464342396,0.5879350304603577,0.9998881220817566,reference,transformer_add113_f0.3_wd0.1_softmax_ce_s1,12000
17647,0.0756846070289611,0.1503004880533923,0.5035552978515625,1.0,reference,transformer_add113_f0.3_wd0.1_softmax_ce_s1,12000
18151,0.0838731527328491,0.1378147714970331,0.6085933446884155,1.0,reference,transformer_add113_f0.3_wd0.1_softmax_ce_s1,12000
18655,0.0766679644584655,0.1443085748199473,0.5312779545783997,1.0,reference,transformer_add113_f0.3_wd0.1_softmax_ce_s1,12000
19160,0.1025850176811218,0.1604755531545065,0.6392563581466675,1.0,reference,transformer_add113_f0.3_wd0.1_softmax_ce_s1,12000
19664,0.0787147879600524,0.1530357540581362,0.5143555402755737,1.0,reference,transformer_add113_f0.3_wd0.1_softmax_ce_s1,12000
20168,0.0925203561782836,0.1560452277967141,0.5929073095321655,1.0,reference,transformer_add113_f0.3_wd0.1_softmax_ce_s1,12000
20672,0.0925399661064148,0.1616889324901897,0.5723333358764648,0.8815171122550964,reference,transformer_add113_f0.3_wd0.1_softmax_ce_s1,12000
21176,0.0901113152503967,0.1555402968607201,0.579343855381012,1.0,reference,transformer_add113_f0.3_wd0.1_softmax_ce_s1,12000
21681,0.0990723967552185,0.1551116290958221,0.6387167572975159,1.0,reference,transformer_add113_f0.3_wd0.1_softmax_ce_s1,12000
22185,0.0783834457397461,0.142121631050233,0.5515236854553223,1.0,reference,transformer_add113_f0.3_wd0.1_softmax_ce_s1,12000
22689,0.1063975691795349,0.1769409351689555,0.6013168692588806,1.0,reference,transformer_add113_f0.3_wd0.1_softmax_ce_s1,12000
23193,0.0908038914203643,0.1736199798827198,0.5230036973953247,1.0,reference,transformer_add113_f0.3_wd0.1_softmax_ce_s1,12000
23697,0.1103622019290924,0.2020719912036822,0.5461528897285461,0.9998881220817566,reference,transformer_add113_f0.3_wd0.1_softmax_ce_s1,12000
24202,0.09103524684906,0.196821130708799,0.4625278115272522,1.0,reference,transformer_add113_f0.3_wd0.1_softmax_ce_s1,12000
24706,0.1172539293766021,0.2309859364960678,0.5076236724853516,1.0,reference,transformer_add113_f0.3_wd0.1_softmax_ce_s1,12000
25210,0.0886902213096618,0.2045055191991715,0.433681309223175,1.0,reference,transformer_add113_f0.3_wd0.1_softmax_ce_s1,12000
25714,0.1044601202011108,0.1971439521504501,0.5298672318458557,1.0,reference,transformer_add113_f0.3_wd0.1_softmax_ce_s1,12000
26218,0.1488872766494751,0.2514936346662384,0.5920121073722839,1.0,reference,transformer_add113_f0.3_wd0.1_softmax_ce_s1,12000
26723,0.1164569854736328,0.2210442691769782,0.5268491506576538,1.0,reference,transformer_add113_f0.3_wd0.1_softmax_ce_s1,12000
27227,0.1439536809921264,0.2372758599516143,0.6066933274269104,1.0,reference,transformer_add113_f0.3_wd0.1_softmax_ce_s1,12000
27731,0.1294130086898803,0.2483110663964113,0.5211729407310486,1.0,reference,transformer_add113_f0.3_wd0.1_softmax_ce_s1,12000
28235,0.1295390725135803,0.2168534873838018,0.5973575711250305,1.0,reference,transformer_add113_f0.3_wd0.1_softmax_ce_s1,12000
28739,0.0966351330280304,0.1860094815853001,0.5195172429084778,1.0,reference,transformer_add113_f0.3_wd0.1_softmax_ce_s1,12000
29244,0.1285877823829651,0.2108717963755791,0.6097912788391113,1.0,reference,transformer_add113_f0.3_wd0.1_softmax_ce_s1,12000
29748,0.1135984063148498,0.2085612695955879,0.5446764230728149,1.0,reference,transformer_add113_f0.3_wd0.1_softmax_ce_s1,12000
30252,0.132444679737091,0.2155352596410444,0.6144919395446777,1.0,reference,transformer_add113_f0.3_wd0.1_softmax_ce_s1,12000
30756,0.164260447025299,0.2545795690656364,0.6452224254608154,0.9958603978157043,reference,transformer_add113_f0.3_wd0.1_softmax_ce_s1,12000
31261,0.117145299911499,0.1963328371498107,0.5966668725013733,1.0,reference,transformer_add113_f0.3_wd0.1_softmax_ce_s1,12000
31765,0.0926863253116607,0.1797512665088881,0.5156365633010864,1.0,reference,transformer_add113_f0.3_wd0.1_softmax_ce_s1,12000
32269,0.1224735081195831,0.2226552849143995,0.5500588417053223,1.0,reference,transformer_add113_f0.3_wd0.1_softmax_ce_s1,12000
32773,0.1342333555221557,0.2284672269640716,0.5875387787818909,1.0,reference,transformer_add113_f0.3_wd0.1_softmax_ce_s1,12000
33277,0.1066295504570007,0.2062210753116549,0.5170642733573914,1.0,reference,transformer_add113_f0.3_wd0.1_softmax_ce_s1,12000
33782,0.1213120818138122,0.2050836233500085,0.5915249586105347,0.9998881220817566,reference,transformer_add113_f0.3_wd0.1_softmax_ce_s1,12000
34286,0.1064270734786987,0.2037659643109713,0.5223005414009094,1.0,reference,transformer_add113_f0.3_wd0.1_softmax_ce_s1,12000
34790,0.1400617957115173,0.2211876346743887,0.6332261562347412,1.0,reference,transformer_add113_f0.3_wd0.1_softmax_ce_s1,12000
35294,0.1166431307792663,0.2064270486883563,0.5650573968887329,1.0,reference,transformer_add113_f0.3_wd0.1_softmax_ce_s1,12000
35798,0.1192677021026611,0.1989134307372733,0.5995960235595703,1.0,reference,transformer_add113_f0.3_wd0.1_softmax_ce_s1,12000
36303,0.0972287356853485,0.1888254208072335,0.5149133801460266,1.0,reference,transformer_add113_f0.3_wd0.1_softmax_ce_s1,12000
36807,0.1236248910427093,0.2297076901761514,0.5381835103034973,1.0,reference,transformer_add113_f0.3_wd0.1_softmax_ce_s1,12000
37311,0.1008251905441284,0.215701362627279,0.4674295485019684,1.0,reference,transformer_add113_f0.3_wd0.1_softmax_ce_s1,12000
37815,0.1043372750282287,0.1837508631253735,0.5678192377090454,0.9995524883270264,reference,transformer_add113_f0.3_wd0.1_softmax_ce_s1,12000
38319,0.081443041563034,0.1624339422522081,0.5013917684555054,1.0,reference,transformer_add113_f0.3_wd0.1_softmax_ce_s1,12000
38824,0.112628698348999,0.1661673983552593,0.6778026223182678,1.0,reference,transformer_add113_f0.3_wd0.1_softmax_ce_s1,12000
39328,0.0926642715930938,0.1682252208549916,0.550834596157074,1.0,reference,transformer_add113_f0.3_wd0.1_softmax_ce_s1,12000
39832,0.123667299747467,0.199627299539041,0.619490921497345,1.0,reference,transformer_add113_f0.3_wd0.1_softmax_ce_s1,12000
40336,0.0922217965126037,0.1828551269990592,0.5043435096740723,1.0,reference,transformer_add113_f0.3_wd0.1_softmax_ce_s1,12000
40840,0.1203492581844329,0.2008234442968891,0.5992789268493652,1.0,reference,transformer_add113_f0.3_wd0.1_softmax_ce_s1,12000
41345,0.0929105281829834,0.1915339271477328,0.4850865304470062,1.0,reference,transformer_add113_f0.3_wd0.1_softmax_ce_s1,12000
41849,0.1204740405082702,0.197803203320933,0.6090601086616516,1.0,reference,transformer_add113_f0.3_wd0.1_softmax_ce_s1,12000
42353,0.1123250424861908,0.1983190826794702,0.5663854479789734,0.7084358930587769,reference,transformer_add113_f0.3_wd0.1_softmax_ce_s1,12000
42857,0.1226010620594024,0.2001591713940288,0.6125178337097168,1.0,reference,transformer_add113_f0.3_wd0.1_softmax_ce_s1,12000
43361,0.1009091138839721,0.1882375832725045,0.5360731482505798,1.0,reference,transformer_add113_f0.3_wd0.1_softmax_ce_s1,12000
43866,0.1073232591152191,0.191729406572157,0.5597642064094543,1.0,reference,transformer_add113_f0.3_wd0.1_softmax_ce_s1,12000
44370,0.0922296345233917,0.2005612736841409,0.4598576426506042,1.0,reference,transformer_add113_f0.3_wd0.1_softmax_ce_s1,12000
44874,0.1146972179412841,0.2088734132464364,0.5491231083869934,1.0,reference,transformer_add113_f0.3_wd0.1_softmax_ce_s1,12000
45378,0.0946898460388183,0.2050307275320933,0.4618324637413025,1.0,reference,transformer_add113_f0.3_wd0.1_softmax_ce_s1,12000
45882,0.1219341158866882,0.2132667033975742,0.5717447400093079,1.0,reference,transformer_add113_f0.3_wd0.1_softmax_ce_s1,12000
46387,0.1009970307350158,0.205210580004682,0.4921628832817077,1.0,reference,transformer_add113_f0.3_wd0.1_softmax_ce_s1,12000
46891,0.1214175522327423,0.2057061445093166,0.5902475714683533,1.0,reference,transformer_add113_f0.3_wd0.1_softmax_ce_s1,12000
47395,0.1102799773216247,0.2340810480788895,0.4711187779903412,1.0,reference,transformer_add113_f0.3_wd0.1_softmax_ce_s1,12000
47899,0.1225506663322448,0.2045027914924108,0.5992615818977356,1.0,reference,transformer_add113_f0.3_wd0.1_softmax_ce_s1,12000
48403,0.1276758909225464,0.2151781736466643,0.5933496356010437,0.975833535194397,reference,transformer_add113_f0.3_wd0.1_softmax_ce_s1,12000
48908,0.1165269613265991,0.2103642651974079,0.5539294481277466,1.0,reference,transformer_add113_f0.3_wd0.1_softmax_ce_s1,12000
49412,0.1042813956737518,0.2208127044027141,0.4722617566585541,1.0,reference,transformer_add113_f0.3_wd0.1_softmax_ce_s1,12000
49916,0.1129578351974487,0.2194842383647299,0.5146512389183044,1.0,reference,transformer_add113_f0.3_wd0.1_softmax_ce_s1,12000
50420,0.0907338857650756,0.2081236988098863,0.4359613358974457,1.0,reference,transformer_add113_f0.3_wd0.1_softmax_ce_s1,12000
50924,0.0969088673591613,0.1996828627489126,0.4853138923645019,1.0,reference,transformer_add113_f0.3_wd0.1_softmax_ce_s1,12000
51429,0.0868123173713684,0.2089589712199339,0.4154514968395233,1.0,reference,transformer_add113_f0.3_wd0.1_softmax_ce_s1,12000
51933,0.1029063165187835,0.1835094114285763,0.5607686042785645,1.0,reference,transformer_add113_f0.3_wd0.1_softmax_ce_s1,12000
52437,0.0886619389057159,0.1851373871416869,0.4788980782032013,1.0,reference,transformer_add113_f0.3_wd0.1_softmax_ce_s1,12000
52941,0.1298176646232605,0.2193041908347484,0.5919525027275085,1.0,reference,transformer_add113_f0.3_wd0.1_softmax_ce_s1,12000
53445,0.1622536778450012,0.2617081333226939,0.6199795007705688,0.9995524883270264,reference,transformer_add113_f0.3_wd0.1_softmax_ce_s1,12000
53950,0.1231664717197418,0.2183308873483938,0.5641275644302368,1.0,reference,transformer_add113_f0.3_wd0.1_softmax_ce_s1,12000
54454,0.0946197211742401,0.1986026737360774,0.4764272272586822,1.0,reference,transformer_add113_f0.3_wd0.1_softmax_ce_s1,12000
54958,0.1193514168262481,0.2146603635961335,0.5560011863708496,1.0,reference,transformer_add113_f0.3_wd0.1_softmax_ce_s1,12000
55462,0.095826119184494,0.2056439489607097,0.4659807384014129,1.0,reference,transformer_add113_f0.3_wd0.1_softmax_ce_s1,12000
55966,0.1104307174682617,0.1959037763013867,0.5636987686157227,1.0,reference,transformer_add113_f0.3_wd0.1_softmax_ce_s1,12000
56471,0.0937428772449493,0.1886640886383035,0.4968771636486053,1.0,reference,transformer_add113_f0.3_wd0.1_softmax_ce_s1,12000
56975,0.1121565103530883,0.2156608600445172,0.5200596451759338,1.0,reference,transformer_add113_f0.3_wd0.1_softmax_ce_s1,12000
57479,0.0906838178634643,0.2039766286974502,0.4445794522762298,1.0,reference,transformer_add113_f0.3_wd0.1_softmax_ce_s1,12000
57983,0.0982295572757721,0.1944927654932165,0.5050550699234009,1.0,reference,transformer_add113_f0.3_wd0.1_softmax_ce_s1,12000
58487,0.0855006277561187,0.1945388552530017,0.4395041167736053,1.0,reference,transformer_add113_f0.3_wd0.1_softmax_ce_s1,12000
58992,0.1048327088356018,0.1974164367610567,0.5310232043266296,1.0,reference,transformer_add113_f0.3_wd0.1_softmax_ce_s1,12000
59496,0.0905468463897705,0.2008948148242188,0.4507176876068115,0.0543745793402195,reference,transformer_add113_f0.3_wd0.1_softmax_ce_s1,12000
60000,0.1120083034038543,0.20112913267622,0.5568974614143372,1.0,reference,transformer_add113_f0.3_wd0.1_softmax_ce_s1,12000
0,1.0392026901245115,0.0691256769071153,15.033526420593262,0.0093980757519602,reference,transformer_add113_f0.3_wd0.1_softmax_ce_s2,14000
504,0.9719305038452148,0.075123916799147,12.937697410583496,0.2980532646179199,reference,transformer_add113_f0.3_wd0.1_softmax_ce_s2,14000
1008,0.8400096893310547,0.075726812815029,11.092632293701172,0.2978294789791107,reference,transformer_add113_f0.3_wd0.1_softmax_ce_s2,14000
1513,0.7306976318359375,0.0766687279982868,9.530582427978516,0.2976057231426239,reference,transformer_add113_f0.3_wd0.1_softmax_ce_s2,14000
2017,0.603426456451416,0.0738636177919355,8.16946792602539,0.2985007762908935,reference,transformer_add113_f0.3_wd0.1_softmax_ce_s2,14000
2521,0.5501861572265625,0.0786272933250169,6.99739408493042,0.2980532646179199,reference,transformer_add113_f0.3_wd0.1_softmax_ce_s2,14000
3025,0.4616913795471191,0.0771442300559867,5.984781742095947,0.2979413866996765,reference,transformer_add113_f0.3_wd0.1_softmax_ce_s2,14000
3529,0.3900322914123535,0.0753660906815986,5.175169467926025,0.2976057231426239,reference,transformer_add113_f0.3_wd0.1_softmax_ce_s2,14000
4034,0.3425133228302002,0.0776399798134593,4.411558628082275,0.2980532646179199,reference,transformer_add113_f0.3_wd0.1_softmax_ce_s2,14000
4538,0.322012186050415,0.0840212410688118,3.832509279251098,0.2973819673061371,reference,transformer_add113_f0.3_wd0.1_softmax_ce_s2,14000
5042,0.2792048454284668,0.0855756003544123,3.26266884803772,0.2977176010608673,reference,transformer_add113_f0.3_wd0.1_softmax_ce_s2,14000
5546,0.1616950035095214,0.0557032556768084,2.902792692184448,0.2981651425361633,reference,transformer_add113_f0.3_wd0.1_softmax_ce_s2,14000
6050,0.0977661609649658,0.0382911573844344,2.553230762481689,0.2989483177661896,reference,transformer_add113_f0.3_wd0.1_softmax_ce_s2,14000
6555,0.0925863981246948,0.0422376788302526,2.192033290863037,0.2985007762908935,reference,transformer_add113_f0.3_wd0.1_softmax_ce_s2,14000
7059,0.0744885206222534,0.0381397543925677,1.953041434288025,0.3009621798992157,reference,transformer_add113_f0.3_wd0.1_softmax_ce_s2,14000
7563,0.0717629194259643,0.042901838200211,1.672723650932312,0.3012978434562683,reference,transformer_add113_f0.3_wd0.1_softmax_ce_s2,14000
8067,0.0535041093826293,0.0351292638723707,1.5230637788772583,0.3002908825874328,reference,transformer_add113_f0.3_wd0.1_softmax_ce_s2,14000
8571,0.0439496040344238,0.0338586091094679,1.298033356666565,0.3010740578174591,reference,transformer_add113_f0.3_wd0.1_softmax_ce_s2,14000
9076,0.0608094930648803,0.0498186541881814,1.2206169366836548,0.3020809888839721,reference,transformer_add113_f0.3_wd0.1_softmax_ce_s2,14000
9580,0.0562117099761962,0.049225396670961,1.1419249773025513,0.296375036239624,reference,transformer_add113_f0.3_wd0.1_softmax_ce_s2,14000
10084,0.0381954908370971,0.0381060562092485,1.0023469924926758,0.3044305145740509,reference,transformer_add113_f0.3_wd0.1_softmax_ce_s2,14000
10588,0.0501766204833984,0.0512122970250445,0.9797767996788024,0.303759217262268,reference,transformer_add113_f0.3_wd0.1_softmax_ce_s2,14000
11092,0.0435969829559326,0.0530143602121658,0.8223617672920227,0.3072275817394256,reference,transformer_add113_f0.3_wd0.1_softmax_ce_s2,14000
11597,0.0442895293235778,0.0530268375864655,0.8352285623550415,0.316401869058609,reference,transformer_add113_f0.3_wd0.1_softmax_ce_s2,14000
12101,0.0576287508010864,0.0690866908814857,0.8341512680053711,0.275900661945343,reference,transformer_add113_f0.3_wd0.1_softmax_ce_s2,14000
12605,0.0480985045433044,0.0636497567935172,0.7556746006011963,0.3586932122707367,reference,transformer_add113_f0.3_wd0.1_softmax_ce_s2,14000
13109,0.0392295718193054,0.048305746916207,0.8121098279953003,0.6997091174125671,reference,transformer_add113_f0.3_wd0.1_softmax_ce_s2,14000
13613,0.0341602563858032,0.0494129052216206,0.6913225650787354,0.8859924077987671,reference,transformer_add113_f0.3_wd0.1_softmax_ce_s2,14000
14118,0.0487866401672363,0.0635496757662473,0.7676929831504822,0.999440610408783,reference,transformer_add113_f0.3_wd0.1_softmax_ce_s2,14000
14622,0.0385497510433197,0.0608284308271432,0.6337456107139587,1.0,reference,transformer_add113_f0.3_wd0.1_softmax_ce_s2,14000
15126,0.0552173852920532,0.0797694523900121,0.6922121644020081,0.9993287324905396,reference,transformer_add113_f0.3_wd0.1_softmax_ce_s2,14000
15630,0.0456280708312988,0.0757131687912342,0.6026437878608704,1.0,reference,transformer_add113_f0.3_wd0.1_softmax_ce_s2,14000
16134,0.0787273049354553,0.1148305429552691,0.6855955123901367,1.0,reference,transformer_add113_f0.3_wd0.1_softmax_ce_s2,14000
16639,0.0986191630363464,0.1353319702706525,0.7287203669548035,0.9741553068161012,reference,transformer_add113_f0.3_wd0.1_softmax_ce_s2,14000
17143,0.0745618045330047,0.1157984066072156,0.6438931822776794,1.0,reference,transformer_add113_f0.3_wd0.1_softmax_ce_s2,14000
17647,0.0894318222999572,0.1163867399740715,0.7684021592140198,0.999216854572296,reference,transformer_add113_f0.3_wd0.1_softmax_ce_s2,14000
18151,0.0647608339786529,0.097471130461883,0.664410412311554,1.0,reference,transformer_add113_f0.3_wd0.1_softmax_ce_s2,14000
18655,0.0908062756061554,0.1295547796416511,0.7009102702140808,0.9997762441635132,reference,transformer_add113_f0.3_wd0.1_softmax_ce_s2,14000
19160,0.0695148110389709,0.1123942929008196,0.6184905767440796,1.0,reference,transformer_add113_f0.3_wd0.1_softmax_ce_s2,14000
19664,0.0813187360763549,0.1149069939454723,0.7076917886734009,1.0,reference,transformer_add113_f0.3_wd0.1_softmax_ce_s2,14000
20168,0.0889421701431274,0.1131786166575916,0.7858566641807556,0.9997762441635132,reference,transformer_add113_f0.3_wd0.1_softmax_ce_s2,14000
20672,0.0758894979953765,0.1157499926816146,0.6556328535079956,1.0,reference,transformer_add113_f0.3_wd0.1_softmax_ce_s2,14000
21176,0.0730968117713928,0.0998600985881121,0.7319921851158142,1.0,reference,transformer_add113_f0.3_wd0.1_softmax_ce_s2,14000
21681,0.0755776762962341,0.1212769834145763,0.6231823563575745,1.0,reference,transformer_add113_f0.3_wd0.1_softmax_ce_s2,14000
22185,0.0813340544700622,0.1164124273445532,0.6986715793609619,1.0,reference,transformer_add113_f0.3_wd0.1_softmax_ce_s2,14000
22689,0.1010597944259643,0.1311828602580388,0.7703734636306763,0.993175208568573,reference,transformer_add113_f0.3_wd0.1_softmax_ce_s2,14000
23193,0.0834205746650695,0.1230163815579101,0.6781257390975952,1.0,reference,transformer_add113_f0.3_wd0.1_softmax_ce_s2,14000
23697,0.0981099605560302,0.1371108684893949,0.715552031993866,1.0,reference,transformer_add113_f0.3_wd0.1_softmax_ce_s2,14000
24202,0.0729570984840393,0.1231097410537222,0.5926184058189392,1.0,reference,transformer_add113_f0.3_wd0.1_softmax_ce_s2,14000
24706,0.0860555171966552,0.1238818625644883,0.6946579217910767,0.9998881220817566,reference,transformer_add113_f0.3_wd0.1_softmax_ce_s2,14000
25210,0.0736830830574035,0.1259633360413852,0.5849565863609314,1.0,reference,transformer_add113_f0.3_wd0.1_softmax_ce_s2,14000
25714,0.088142454624176,0.1341538501175672,0.657025158405304,1.0,reference,transformer_add113_f0.3_wd0.1_softmax_ce_s2,14000
26218,0.066657543182373,0.1206941265640981,0.5522848963737488,1.0,reference,transformer_add113_f0.3_wd0.1_softmax_ce_s2,14000
26723,0.0703464150428772,0.1133693832917337,0.6205062866210938,1.0,reference,transformer_add113_f0.3_wd0.1_softmax_ce_s2,14000
27227,0.0638207793235778,0.1240705442031042,0.5143910646438599,1.0,reference,transformer_add113_f0.3_wd0.1_softmax_ce_s2,14000
27731,0.0715691149234771,0.1191728894964773,0.6005486249923706,1.0,reference,transformer_add113_f0.3_wd0.1_softmax_ce_s2,14000
28235,0.089936226606369,0.1496250843629597,0.6010771989822388,0.9469680190086364,reference,transformer_add113_f0.3_wd0.1_softmax_ce_s2,14000
28739,0.0714759528636932,0.1216253058084047,0.5876733660697937,1.0,reference,transformer_add113_f0.3_wd0.1_softmax_ce_s2,14000
29244,0.085232675075531,0.1258528598258103,0.6772406697273254,1.0,reference,transformer_add113_f0.3_wd0.1_softmax_ce_s2,14000
29748,0.0827467143535614,0.1417341215735059,0.5838164687156677,1.0,reference,transformer_add113_f0.3_wd0.1_softmax_ce_s2,14000
30252,0.0972132682800293,0.1413021941429741,0.6879813075065613,1.0,reference,transformer_add113_f0.3_wd0.1_softmax_ce_s2,14000
30756,0.0745726525783538,0.1269633905005494,0.5873555541038513,1.0,reference,transformer_add113_f0.3_wd0.1_softmax_ce_s2,14000
31261,0.0878455638885498,0.1324749778654669,0.663110613822937,0.9998881220817566,reference,transformer_add113_f0.3_wd0.1_softmax_ce_s2,14000
31765,0.0689627230167388,0.1277996993123684,0.5396156907081604,1.0,reference,transformer_add113_f0.3_wd0.1_softmax_ce_s2,14000
32269,0.0769269168376922,0.1229685625986849,0.6255819797515869,1.0,reference,transformer_add113_f0.3_wd0.1_softmax_ce_s2,14000
32773,0.0630281567573547,0.1249356085453249,0.5044851303100586,1.0,reference,transformer_add113_f0.3_wd0.1_softmax_ce_s2,14000
33277,0.0890999436378479,0.1484059737303827,0.6003797650337219,1.0,reference,transformer_add113_f0.3_wd0.1_softmax_ce_s2,14000
33782,0.0898029208183288,0.1369654909721808,0.6556609272956848,0.9762810468673706,reference,transformer_add113_f0.3_wd0.1_softmax_ce_s2,14000
34286,0.0817435383796691,0.129551248649631,0.630974531173706,1.0,reference,transformer_add113_f0.3_wd0.1_softmax_ce_s2,14000
34790,0.0934875011444091,0.1338769922019037,0.6983089447021484,1.0,reference,transformer_add113_f0.3_wd0.1_softmax_ce_s2,14000
35294,0.0742532014846801,0.1229890751804266,0.6037381887435913,1.0,reference,transformer_add113_f0.3_wd0.1_softmax_ce_s2,14000
35798,0.0985093712806701,0.1519991031139383,0.6480917930603027,1.0,reference,transformer_add113_f0.3_wd0.1_softmax_ce_s2,14000
36303,0.0817493200302124,0.1421081675988744,0.5752612352371216,1.0,reference,transformer_add113_f0.3_wd0.1_softmax_ce_s2,14000
36807,0.1037483215332031,0.1650501823831217,0.6285865306854248,1.0,reference,transformer_add113_f0.3_wd0.1_softmax_ce_s2,14000
37311,0.1024616062641143,0.1858733705998329,0.5512441396713257,1.0,reference,transformer_add113_f0.3_wd0.1_softmax_ce_s2,14000
37815,0.1062343716621398,0.1803401285792717,0.5890778303146362,1.0,reference,transformer_add113_f0.3_wd0.1_softmax_ce_s2,14000
38319,0.088797241449356,0.1704313974301392,0.5210145711898804,1.0,reference,transformer_add113_f0.3_wd0.1_softmax_ce_s2,14000
38824,0.1124341189861297,0.187404321125945,0.5999547839164734,1.0,reference,transformer_add113_f0.3_wd0.1_softmax_ce_s2,14000
39328,0.096198558807373,0.1974032740848148,0.4873199760913849,1.0,reference,transformer_add113_f0.3_wd0.1_softmax_ce_s2,14000
39832,0.1077121198177337,0.1761729291356867,0.6113999485969543,1.0,reference,transformer_add113_f0.3_wd0.1_softmax_ce_s2,14000
40336,0.1163135766983032,0.1922156814595727,0.6051201224327087,0.9775117635726928,reference,transformer_add113_f0.3_wd0.1_softmax_ce_s2,14000
40840,0.0988019108772277,0.1695974617998732,0.5825671553611755,1.0,reference,transformer_add113_f0.3_wd0.1_softmax_ce_s2,14000
41345,0.1144579648971557,0.1742883468925204,0.6567161083221436,1.0,reference,transformer_add113_f0.3_wd0.1_softmax_ce_s2,14000
41849,0.0956414639949798,0.1627011866274544,0.5878350734710693,1.0,reference,transformer_add113_f0.3_wd0.1_softmax_ce_s2,14000
42353,0.1321837306022644,0.2042039771836292,0.6473122239112854,1.0,reference,transformer_add113_f0.3_wd0.1_softmax_ce_s2,14000
42857,0.1138902902603149,0.2081562305237747,0.547138512134552,1.0,reference,transformer_add113_f0.3_wd0.1_softmax_ce_s2,14000
43361,0.108912169933319,0.1690012154075685,0.644446074962616,1.0,reference,transformer_add113_f0.3_wd0.1_softmax_ce_s2,14000
43866,0.0898031592369079,0.1595855988075834,0.5627272129058838,1.0,reference,transformer_add113_f0.3_wd0.1_softmax_ce_s2,14000
44370,0.1002612709999084,0.1688979145120641,0.5936205387115479,1.0,reference,transformer_add113_f0.3_wd0.1_softmax_ce_s2,14000
44874,0.0913549363613128,0.1762283211655332,0.5183896422386169,1.0,reference,transformer_add113_f0.3_wd0.1_softmax_ce_s2,14000
45378,0.1049423813819885,0.1629982725696108,0.643825113773346,1.0,reference,transformer_add113_f0.3_wd0.1_softmax_ce_s2,14000
45882,0.0751652717590332,0.1399044171828962,0.5372616052627563,1.0,reference,transformer_add113_f0.3_wd0.1_softmax_ce_s2,14000
46387,0.1056446433067321,0.1897453212766041,0.5567707419395447,1.0,reference,transformer_add113_f0.3_wd0.1_softmax_ce_s2,14000
46891,0.0970114767551422,0.2081107284752969,0.4661531746387481,1.0,reference,transformer_add113_f0.3_wd0.1_softmax_ce_s2,14000
47395,0.1089798808097839,0.1795891855108641,0.6068287491798401,1.0,reference,transformer_add113_f0.3_wd0.1_softmax_ce_s2,14000
47899,0.0936348140239715,0.1904136428900039,0.4917442500591278,1.0,reference,transformer_add113_f0.3_wd0.1_softmax_ce_s2,14000
48403,0.0971113741397857,0.1735025479742558,0.5597115159034729,1.0,reference,transformer_add113_f0.3_wd0.1_softmax_ce_s2,14000
48908,0.0779937207698822,0.1634362470393579,0.4772118926048279,1.0,reference,transformer_add113_f0.3_wd0.1_softmax_ce_s2,14000
49412,0.0879217684268951,0.1619736288738356,0.5428153276443481,1.0,reference,transformer_add113_f0.3_wd0.1_softmax_ce_s2,14000
49916,0.078853040933609,0.1816477530138303,0.4340986311435699,1.0,reference,transformer_add113_f0.3_wd0.1_softmax_ce_s2,14000
50420,0.0959109365940094,0.1695279200561413,0.5657530426979065,1.0,reference,transformer_add113_f0.3_wd0.1_softmax_ce_s2,14000
50924,0.0911875367164611,0.1820266049803044,0.500957190990448,0.7910047173500061,reference,transformer_add113_f0.3_wd0.1_softmax_ce_s2,14000
51429,0.0848121047019958,0.1488967556684763,0.569603443145752,1.0,reference,transformer_add113_f0.3_wd0.1_softmax_ce_s2,14000
51933,0.1047450304031372,0.1642508627626293,0.6377137303352356,1.0,reference,transformer_add113_f0.3_wd0.1_softmax_ce_s2,14000
52437,0.0901861488819122,0.1684614616387764,0.5353518128395081,1.0,reference,transformer_add113_f0.3_wd0.1_softmax_ce_s2,14000
52941,0.1088832020759582,0.1718724508545935,0.6335116624832153,1.0,reference,transformer_add113_f0.3_wd0.1_softmax_ce_s2,14000
53445,0.0929210782051086,0.1775080911307725,0.523475170135498,1.0,reference,transformer_add113_f0.3_wd0.1_softmax_ce_s2,14000
53950,0.0986566543579101,0.1634080019950343,0.6037443280220032,1.0,reference,transformer_add113_f0.3_wd0.1_softmax_ce_s2,14000
54454,0.0794634819030761,0.1535496558143006,0.5175099968910217,1.0,reference,transformer_add113_f0.3_wd0.1_softmax_ce_s2,14000
54958,0.1066842079162597,0.1839727230977522,0.5798914432525635,1.0,reference,transformer_add113_f0.3_wd0.1_softmax_ce_s2,14000
55462,0.091901808977127,0.1776121816895209,0.5174296498298645,1.0,reference,transformer_add113_f0.3_wd0.1_softmax_ce_s2,14000
55966,0.1095205843448638,0.192376824998542,0.5693023800849915,1.0,reference,transformer_add113_f0.3_wd0.1_softmax_ce_s2,14000
56471,0.0859010815620422,0.1723120263770482,0.4985205233097076,1.0,reference,transformer_add113_f0.3_wd0.1_softmax_ce_s2,14000
56975,0.106344997882843,0.1859111749603596,0.5720204710960388,1.0,reference,transformer_add113_f0.3_wd0.1_softmax_ce_s2,14000
57479,0.0713732540607452,0.1423187007477218,0.5015029907226562,1.0,reference,transformer_add113_f0.3_wd0.1_softmax_ce_s2,14000
57983,0.1013401746749877,0.1725113009114291,0.5874407887458801,1.0,reference,transformer_add113_f0.3_wd0.1_softmax_ce_s2,14000
58487,0.0887740850448608,0.1766476650120128,0.50254887342453,1.0,reference,transformer_add113_f0.3_wd0.1_softmax_ce_s2,14000
58992,0.0965058803558349,0.1534413567055228,0.6289430856704712,1.0,reference,transformer_add113_f0.3_wd0.1_softmax_ce_s2,14000
59496,0.0788546800613403,0.1506873842902921,0.5232998132705688,1.0,reference,transformer_add113_f0.3_wd0.1_softmax_ce_s2,14000
60000,0.0906262099742889,0.1560649881636561,0.5806953310966492,1.0,reference,transformer_add113_f0.3_wd0.1_softmax_ce_s2,14000
0,0.9287557601928712,0.0618628717385483,15.013136863708496,0.008055493235588,reference,transformer_add113_f0.3_wd0.1_softmax_ce_s3,11500
504,0.752044677734375,0.0578214931802877,13.006317138671877,0.3029760718345642,reference,transformer_add113_f0.3_wd0.1_softmax_ce_s3,11500
1008,0.6116971969604492,0.0547078477036062,11.181159973144531,0.3023047745227813,reference,transformer_add113_f0.3_wd0.1_softmax_ce_s3,11500
1513,0.5224523544311523,0.0544880959994493,9.58837604522705,0.3029760718345642,reference,transformer_add113_f0.3_wd0.1_softmax_ce_s3,11500
2017,0.431516170501709,0.0524454592260033,8.227903366088867,0.3035354614257812,reference,transformer_add113_f0.3_wd0.1_softmax_ce_s3,11500
2521,0.3740472793579101,0.0528140331118323,7.082346439361572,0.3023047745227813,reference,transformer_add113_f0.3_wd0.1_softmax_ce_s3,11500
3025,0.3065357208251953,0.0505094615866073,6.068877220153809,0.3028641641139984,reference,transformer_add113_f0.3_wd0.1_softmax_ce_s3,11500
3529,0.2265281677246093,0.0430271256272623,5.26477575302124,0.3026404082775116,reference,transformer_add113_f0.3_wd0.1_softmax_ce_s3,11500
4034,0.1801116466522216,0.0398960986012338,4.514517784118652,0.302752286195755,reference,transformer_add113_f0.3_wd0.1_softmax_ce_s3,11500
4538,0.1542456150054931,0.039539115215329,3.901089191436768,0.3025285303592682,reference,transformer_add113_f0.3_wd0.1_softmax_ce_s3,11500
5042,0.1371099948883056,0.0406684441341663,3.3714098930358887,0.2314835488796234,reference,transformer_add113_f0.3_wd0.1_softmax_ce_s3,11500
5546,0.1086609363555908,0.0372635781855536,2.9160091876983643,0.3025285303592682,reference,transformer_add113_f0.3_wd0.1_softmax_ce_s3,11500
6050,0.0911107063293457,0.0350783177652449,2.59735107421875,0.303199827671051,reference,transformer_add113_f0.3_wd0.1_softmax_ce_s3,11500
6555,0.0861835479736328,0.0388427549687091,2.218780517578125,0.3042067587375641,reference,transformer_add113_f0.3_wd0.1_softmax_ce_s3,11500
7059,0.0756947994232177,0.0379579031410942,1.9941775798797607,0.303199827671051,reference,transformer_add113_f0.3_wd0.1_softmax_ce_s3,11500
7563,0.0485206842422485,0.0285172795638692,1.7014485597610474,0.3036473393440246,reference,transformer_add113_f0.3_wd0.1_softmax_ce_s3,11500
8067,0.0449970960617065,0.0289790972283747,1.5527431964874268,0.3048780560493469,reference,transformer_add113_f0.3_wd0.1_softmax_ce_s3,11500
8571,0.0289655923843383,0.0220652891219335,1.312722086906433,0.3056612312793731,reference,transformer_add113_f0.3_wd0.1_softmax_ce_s3,11500
9076,0.0470673441886901,0.0377622308733479,1.246413230895996,0.3174088299274444,reference,transformer_add113_f0.3_wd0.1_softmax_ce_s3,11500
9580,0.0559707880020141,0.0480393984518674,1.1651017665863037,0.3755873739719391,reference,transformer_add113_f0.3_wd0.1_softmax_ce_s3,11500
10084,0.0445546507835388,0.0445055910110379,1.001102328300476,0.3796151280403137,reference,transformer_add113_f0.3_wd0.1_softmax_ce_s3,11500
10588,0.0544891357421875,0.055415847081223,0.983277142047882,0.5931975841522217,reference,transformer_add113_f0.3_wd0.1_softmax_ce_s3,11500
11092,0.0441553592681884,0.052367003339156,0.8431904911994934,0.6940031051635742,reference,transformer_add113_f0.3_wd0.1_softmax_ce_s3,11500
11597,0.047398030757904,0.056301890458103,0.8418550491333008,0.9852315783500672,reference,transformer_add113_f0.3_wd0.1_softmax_ce_s3,11500
12101,0.0413522720336914,0.0581219964096822,0.7114737033843994,0.9997762441635132,reference,transformer_add113_f0.3_wd0.1_softmax_ce_s3,11500
12605,0.0486819148063659,0.0665583800425339,0.7314167618751526,0.999216854572296,reference,transformer_add113_f0.3_wd0.1_softmax_ce_s3,11500
13109,0.0361745357513427,0.0575001565624587,0.6291206479072571,1.0,reference,transformer_add113_f0.3_wd0.1_softmax_ce_s3,11500
13613,0.0592777132987976,0.0844612498140097,0.7018332481384277,0.9993287324905396,reference,transformer_add113_f0.3_wd0.1_softmax_ce_s3,11500
14118,0.0361446738243103,0.0602295370424261,0.6001154184341431,1.0,reference,transformer_add113_f0.3_wd0.1_softmax_ce_s3,11500
14622,0.0567573308944702,0.0840563716067899,0.6752293705940247,0.9998881220817566,reference,transformer_add113_f0.3_wd0.1_softmax_ce_s3,11500
15126,0.0461908280849456,0.0811758891676269,0.5690215229988098,1.0,reference,transformer_add113_f0.3_wd0.1_softmax_ce_s3,11500
15630,0.0540196895599365,0.0793228525873665,0.6810104250907898,1.0,reference,transformer_add113_f0.3_wd0.1_softmax_ce_s3,11500
16134,0.0473906397819519,0.0790327520277736,0.5996329188346863,1.0,reference,transformer_add113_f0.3_wd0.1_softmax_ce_s3,11500
16639,0.0708423256874084,0.1127890978804281,0.6280955076217651,0.9997762441635132,reference,transformer_add113_f0.3_wd0.1_softmax_ce_s3,11500
17143,0.0508121252059936,0.0938542046493439,0.5413942337036133,1.0,reference,transformer_add113_f0.3_wd0.1_softmax_ce_s3,11500
17647,0.0629853010177612,0.0954541147411721,0.6598489880561829,1.0,reference,transformer_add113_f0.3_wd0.1_softmax_ce_s3,11500
18151,0.0466123223304748,0.0809349614194751,0.5759232044219971,1.0,reference,transformer_add113_f0.3_wd0.1_softmax_ce_s3,11500
18655,0.0619116425514221,0.0956421213720025,0.6473261117935181,0.9996643662452698,reference,transformer_add113_f0.3_wd0.1_softmax_ce_s3,11500
19160,0.0547130107879638,0.0992406876310671,0.5513163208961487,1.0,reference,transformer_add113_f0.3_wd0.1_softmax_ce_s3,11500
19664,0.0528899431228637,0.082957939989918,0.6375513076782227,1.0,reference,transformer_add113_f0.3_wd0.1_softmax_ce_s3,11500
20168,0.0453498065471649,0.0805155387798571,0.5632429122924805,1.0,reference,transformer_add113_f0.3_wd0.1_softmax_ce_s3,11500
20672,0.0544012188911438,0.0850990409282396,0.6392694711685181,1.0,reference,transformer_add113_f0.3_wd0.1_softmax_ce_s3,11500
21176,0.0453681945800781,0.0833910709394686,0.5440413951873779,1.0,reference,transformer_add113_f0.3_wd0.1_softmax_ce_s3,11500
21681,0.0565340518951416,0.0890687468318318,0.6347237825393677,0.9996643662452698,reference,transformer_add113_f0.3_wd0.1_softmax_ce_s3,11500
22185,0.0405582189559936,0.0728963222095988,0.5563822388648987,1.0,reference,transformer_add113_f0.3_wd0.1_softmax_ce_s3,11500
22689,0.0641015172004699,0.1022726224488427,0.6267710328102112,1.0,reference,transformer_add113_f0.3_wd0.1_softmax_ce_s3,11500
23193,0.0470849573612213,0.0835275107357537,0.5637059807777405,1.0,reference,transformer_add113_f0.3_wd0.1_softmax_ce_s3,11500
23697,0.0546433329582214,0.0838364055994883,0.6517852544784546,1.0,reference,transformer_add113_f0.3_wd0.1_softmax_ce_s3,11500
24202,0.0457975268363952,0.0789621886262713,0.5799931287765503,1.0,reference,transformer_add113_f0.3_wd0.1_softmax_ce_s3,11500
24706,0.075432002544403,0.1187119767547443,0.6354203224182129,1.0,reference,transformer_add113_f0.3_wd0.1_softmax_ce_s3,11500
25210,0.0417988300323486,0.0758945834249185,0.5507485270500183,1.0,reference,transformer_add113_f0.3_wd0.1_softmax_ce_s3,11500
25714,0.0590179562568664,0.0941658212106929,0.6267449855804443,1.0,reference,transformer_add113_f0.3_wd0.1_softmax_ce_s3,11500
26218,0.0525312721729278,0.0945850343260774,0.5553867220878601,1.0,reference,transformer_add113_f0.3_wd0.1_softmax_ce_s3,11500
26723,0.0562685132026672,0.0962865833153736,0.5843858122825623,1.0,reference,transformer_add113_f0.3_wd0.1_softmax_ce_s3,11500
27227,0.0524654686450958,0.101458403788597,0.5171130895614624,1.0,reference,transformer_add113_f0.3_wd0.1_softmax_ce_s3,11500
27731,0.057296335697174,0.091364470170036,0.6271183490753174,1.0,reference,transformer_add113_f0.3_wd0.1_softmax_ce_s3,11500
28235,0.0388937890529632,0.0709222552235819,0.548400342464447,1.0,reference,transformer_add113_f0.3_wd0.1_softmax_ce_s3,11500
28739,0.0513782501220703,0.0864651709920618,0.5942074656486511,0.9998881220817566,reference,transformer_add113_f0.3_wd0.1_softmax_ce_s3,11500
29244,0.0347515642642974,0.0676612828261107,0.5136107802391052,1.0,reference,transformer_add113_f0.3_wd0.1_softmax_ce_s3,11500
29748,0.0671917796134948,0.1076459505682181,0.6241923570632935,0.9997762441635132,reference,transformer_add113_f0.3_wd0.1_softmax_ce_s3,11500
30252,0.0374469459056854,0.0701160406128194,0.5340710282325745,1.0,reference,transformer_add113_f0.3_wd0.1_softmax_ce_s3,11500
30756,0.0429143607616424,0.0927757896028815,0.4625599086284637,1.0,reference,transformer_add113_f0.3_wd0.1_softmax_ce_s3,11500
31261,0.0408976376056671,0.0759140966750404,0.5387357473373413,1.0,reference,transformer_add113_f0.3_wd0.1_softmax_ce_s3,11500
31765,0.0452871024608612,0.0969804570960384,0.4669714272022247,1.0,reference,transformer_add113_f0.3_wd0.1_softmax_ce_s3,11500
32269,0.0548367500305175,0.100315762925819,0.5466414093971252,1.0,reference,transformer_add113_f0.3_wd0.1_softmax_ce_s3,11500
32773,0.0390549302101135,0.0800865702979102,0.4876589179039001,1.0,reference,transformer_add113_f0.3_wd0.1_softmax_ce_s3,11500
33277,0.0452556014060974,0.0759252218618495,0.5960549116134644,0.9998881220817566,reference,transformer_add113_f0.3_wd0.1_softmax_ce_s3,11500
33782,0.0446001291275024,0.0871914862378479,0.5115193128585815,1.0,reference,transformer_add113_f0.3_wd0.1_softmax_ce_s3,11500
34286,0.0537751615047454,0.089156549234721,0.6031543612480164,0.9997762441635132,reference,transformer_add113_f0.3_wd0.1_softmax_ce_s3,11500
34790,0.0366703271865844,0.0689382766293655,0.5319298505783081,1.0,reference,transformer_add113_f0.3_wd0.1_softmax_ce_s3,11500
35294,0.044691264629364,0.0742685715259252,0.6017520427703857,0.9997762441635132,reference,transformer_add113_f0.3_wd0.1_softmax_ce_s3,11500
35798,0.0387061536312103,0.0758625995024047,0.5102139115333557,1.0,reference,transformer_add113_f0.3_wd0.1_softmax_ce_s3,11500
36303,0.056207537651062,0.0859635771997237,0.6538529396057129,0.9996643662452698,reference,transformer_add113_f0.3_wd0.1_softmax_ce_s3,11500
36807,0.0449303388595581,0.0804028429826465,0.5588153004646301,1.0,reference,transformer_add113_f0.3_wd0.1_softmax_ce_s3,11500
37311,0.0540864467620849,0.0829721858199508,0.651862382888794,1.0,reference,transformer_add113_f0.3_wd0.1_softmax_ce_s3,11500
37815,0.045765072107315,0.0808010645641979,0.5663919448852539,1.0,reference,transformer_add113_f0.3_wd0.1_softmax_ce_s3,11500
38319,0.0520549416542053,0.080015219930376,0.6505630016326904,0.999216854572296,reference,transformer_add113_f0.3_wd0.1_softmax_ce_s3,11500
38824,0.0455550253391265,0.0811348011174995,0.5614733099937439,1.0,reference,transformer_add113_f0.3_wd0.1_softmax_ce_s3,11500
39328,0.0769873261451721,0.1174129202181591,0.655697226524353,0.9989930391311646,reference,transformer_add113_f0.3_wd0.1_softmax_ce_s3,11500
39832,0.0692589581012725,0.1186242790239747,0.5838514566421509,1.0,reference,transformer_add113_f0.3_wd0.1_softmax_ce_s3,11500
40336,0.0383398830890655,0.0739421651502025,0.5185117721557617,1.0,reference,transformer_add113_f0.3_wd0.1_softmax_ce_s3,11500
40840,0.0510242581367492,0.0830191347106673,0.6146084070205688,1.0,reference,transformer_add113_f0.3_wd0.1_softmax_ce_s3,11500
41345,0.0404818058013916,0.0765343044906258,0.5289367437362671,1.0,reference,transformer_add113_f0.3_wd0.1_softmax_ce_s3,11500
41849,0.055415391921997,0.0905829546604893,0.6117640137672424,1.0,reference,transformer_add113_f0.3_wd0.1_softmax_ce_s3,11500
42353,0.0433795154094696,0.081501040225564,0.5322571992874146,1.0,reference,transformer_add113_f0.3_wd0.1_softmax_ce_s3,11500
42857,0.063946783542633,0.1064111685362655,0.6009405255317688,0.9997762441635132,reference,transformer_add113_f0.3_wd0.1_softmax_ce_s3,11500
43361,0.0537828803062438,0.1020444121358083,0.5270536541938782,1.0,reference,transformer_add113_f0.3_wd0.1_softmax_ce_s3,11500
43866,0.0667320787906646,0.1051401228461403,0.6346966028213501,0.9998881220817566,reference,transformer_add113_f0.3_wd0.1_softmax_ce_s3,11500
44370,0.0547501742839813,0.097137293179333,0.5636370182037354,1.0,reference,transformer_add113_f0.3_wd0.1_softmax_ce_s3,11500
44874,0.0551955699920654,0.0845042197904723,0.6531693935394287,0.9995524883270264,reference,transformer_add113_f0.3_wd0.1_softmax_ce_s3,11500
45378,0.0433659851551055,0.0773844775072932,0.5603964328765869,1.0,reference,transformer_add113_f0.3_wd0.1_softmax_ce_s3,11500
45882,0.0381005406379699,0.0775121267873388,0.4915429651737213,1.0,reference,transformer_add113_f0.3_wd0.1_softmax_ce_s3,11500
46387,0.045940488576889,0.0793243459231793,0.5791473984718323,0.9998881220817566,reference,transformer_add113_f0.3_wd0.1_softmax_ce_s3,11500
46891,0.0434826910495758,0.0742014166974687,0.5860089063644409,0.8984112739562988,reference,transformer_add113_f0.3_wd0.1_softmax_ce_s3,11500
47395,0.0524947643280029,0.0911527167870198,0.575899064540863,1.0,reference,transformer_add113_f0.3_wd0.1_softmax_ce_s3,11500
47899,0.0703858733177185,0.0984551463342627,0.714902937412262,0.9978742599487304,reference,transformer_add113_f0.3_wd0.1_softmax_ce_s3,11500
48403,0.0533614754676818,0.0862417271445797,0.6187431216239929,1.0,reference,transformer_add113_f0.3_wd0.1_softmax_ce_s3,11500
48908,0.0469754338264465,0.0665850473199019,0.7054952383041382,1.0,reference,transformer_add113_f0.3_wd0.1_softmax_ce_s3,11500
49412,0.0424083173274993,0.0686436640595664,0.6178038120269775,1.0,reference,transformer_add113_f0.3_wd0.1_softmax_ce_s3,11500
49916,0.0408911705017089,0.0763950243236038,0.5352596044540405,1.0,reference,transformer_add113_f0.3_wd0.1_softmax_ce_s3,11500
50420,0.0376662611961364,0.064441309292485,0.5845049023628235,1.0,reference,transformer_add113_f0.3_wd0.1_softmax_ce_s3,11500
50924,0.0345444679260253,0.0687389808114155,0.5025455355644226,1.0,reference,transformer_add113_f0.3_wd0.1_softmax_ce_s3,11500
51429,0.0440742969512939,0.0741057950109543,0.594748318195343,0.9997762441635132,reference,transformer_add113_f0.3_wd0.1_softmax_ce_s3,11500
51933,0.0403984785079956,0.0769984581540837,0.5246660709381104,1.0,reference,transformer_add113_f0.3_wd0.1_softmax_ce_s3,11500
52437,0.0420993268489837,0.0688484364411637,0.611478328704834,0.9997762441635132,reference,transformer_add113_f0.3_wd0.1_softmax_ce_s3,11500
52941,0.0439288616180419,0.0841557697716171,0.5219946503639221,1.0,reference,transformer_add113_f0.3_wd0.1_softmax_ce_s3,11500
53445,0.0377848148345947,0.0811170102162104,0.4658063054084778,1.0,reference,transformer_add113_f0.3_wd0.1_softmax_ce_s3,11500
53950,0.0422085523605346,0.0776025701902164,0.5439066290855408,1.0,reference,transformer_add113_f0.3_wd0.1_softmax_ce_s3,11500
54454,0.0413238704204559,0.0871866472163885,0.4739701747894287,1.0,reference,transformer_add113_f0.3_wd0.1_softmax_ce_s3,11500
54958,0.0528003275394439,0.0938407886993907,0.5626586079597473,0.9998881220817566,reference,transformer_add113_f0.3_wd0.1_softmax_ce_s3,11500
55462,0.0540895760059356,0.1104602045468502,0.4896747767925262,1.0,reference,transformer_add113_f0.3_wd0.1_softmax_ce_s3,11500
55966,0.0604637265205383,0.1032056102273984,0.5858569741249084,0.9995524883270264,reference,transformer_add113_f0.3_wd0.1_softmax_ce_s3,11500
56471,0.0422793924808502,0.0827246458346672,0.5110858082771301,1.0,reference,transformer_add113_f0.3_wd0.1_softmax_ce_s3,11500
56975,0.0382789671421051,0.0839328980648689,0.4560663104057312,1.0,reference,transformer_add113_f0.3_wd0.1_softmax_ce_s3,11500
57479,0.0513871610164642,0.0889895296599423,0.577451765537262,1.0,reference,transformer_add113_f0.3_wd0.1_softmax_ce_s3,11500
57983,0.0396626591682434,0.0790640714249899,0.5016521215438843,1.0,reference,transformer_add113_f0.3_wd0.1_softmax_ce_s3,11500
58487,0.0456920266151428,0.077272180200718,0.5913127660751343,1.0,reference,transformer_add113_f0.3_wd0.1_softmax_ce_s3,11500
58992,0.0397222936153411,0.0757684575684722,0.5242589712142944,1.0,reference,transformer_add113_f0.3_wd0.1_softmax_ce_s3,11500
59496,0.0535910725593566,0.0860925243596028,0.6224822998046875,0.9998881220817566,reference,transformer_add113_f0.3_wd0.1_softmax_ce_s3,11500
60000,0.0341320931911468,0.0629338823401926,0.5423484444618225,1.0,reference,transformer_add113_f0.3_wd0.1_softmax_ce_s3,11500
0,0.7093362808227539,0.0470507272720486,15.075989723205566,0.0078317299485206,reference,transformer_add113_f0.3_wd0.1_softmax_ce_s4,10500
504,0.6546401977539062,0.0505177696055884,12.958612442016602,0.2982770204544067,reference,transformer_add113_f0.3_wd0.1_softmax_ce_s4,10500
1008,0.5759258270263672,0.0518110826103913,11.115880966186523,0.2985007762908935,reference,transformer_add113_f0.3_wd0.1_softmax_ce_s4,10500
1513,0.5001983642578125,0.0524279629796782,9.540678977966309,0.0778697729110717,reference,transformer_add113_f0.3_wd0.1_softmax_ce_s4,10500
2017,0.4520015716552734,0.0549707724425887,8.222579956054688,0.2967106699943542,reference,transformer_add113_f0.3_wd0.1_softmax_ce_s4,10500
2521,0.3810052871704101,0.0538030842910677,7.08147668838501,0.2957037389278412,reference,transformer_add113_f0.3_wd0.1_softmax_ce_s4,10500
3025,0.2847867012023926,0.0459113880330634,6.2029643058776855,0.296934425830841,reference,transformer_add113_f0.3_wd0.1_softmax_ce_s4,10500
3529,0.2791266441345215,0.0525407502695382,5.31257438659668,0.2968225479125976,reference,transformer_add113_f0.3_wd0.1_softmax_ce_s4,10500
4034,0.2463049888610839,0.0543597489137553,4.531017780303955,0.2971582114696502,reference,transformer_add113_f0.3_wd0.1_softmax_ce_s4,10500
4538,0.2052919864654541,0.0528447430939684,3.8848137855529785,0.2977176010608673,reference,transformer_add113_f0.3_wd0.1_softmax_ce_s4,10500
5042,0.1707439422607422,0.0512134914045029,3.3339641094207764,0.2991720736026764,reference,transformer_add113_f0.3_wd0.1_softmax_ce_s4,10500
5546,0.1425557136535644,0.0481579399888288,2.9601705074310303,0.2989483177661896,reference,transformer_add113_f0.3_wd0.1_softmax_ce_s4,10500
6050,0.1222994327545166,0.0482790640415416,2.533177375793457,0.2939136326313019,reference,transformer_add113_f0.3_wd0.1_softmax_ce_s4,10500
6555,0.1310329437255859,0.0586517749890506,2.23408317565918,0.2983888983726501,reference,transformer_add113_f0.3_wd0.1_softmax_ce_s4,10500
7059,0.1024525165557861,0.0525798017121224,1.948514699935913,0.3063324987888336,reference,transformer_add113_f0.3_wd0.1_softmax_ce_s4,10500
7563,0.0886678695678711,0.0530050356209089,1.67281973361969,0.3056612312793731,reference,transformer_add113_f0.3_wd0.1_softmax_ce_s4,10500
8067,0.0825774669647216,0.0543874287161635,1.518319010734558,0.3212127983570099,reference,transformer_add113_f0.3_wd0.1_softmax_ce_s4,10500
8571,0.0617278814315795,0.047863527694443,1.2896642684936523,0.3216603398323059,reference,transformer_add113_f0.3_wd0.1_softmax_ce_s4,10500
9076,0.068026602268219,0.0567173541148093,1.1993966102600098,0.3810696005821228,reference,transformer_add113_f0.3_wd0.1_softmax_ce_s4,10500
9580,0.0598865747451782,0.0592688820347915,1.010421872138977,0.4188856482505798,reference,transformer_add113_f0.3_wd0.1_softmax_ce_s4,10500
10084,0.0501616597175598,0.0527963847368885,0.9500964879989624,0.8667486906051636,reference,transformer_add113_f0.3_wd0.1_softmax_ce_s4,10500
10588,0.0528567433357238,0.0657729601692614,0.8036242127418518,0.9941821694374084,reference,transformer_add113_f0.3_wd0.1_softmax_ce_s4,10500
11092,0.0718366503715515,0.0892228334006763,0.8051375150680542,0.999216854572296,reference,transformer_add113_f0.3_wd0.1_softmax_ce_s4,10500
11597,0.0501421093940734,0.0756567948164737,0.6627575159072876,1.0,reference,transformer_add113_f0.3_wd0.1_softmax_ce_s4,10500
12101,0.0938001871109008,0.1397102468290768,0.6713908910751343,0.999104917049408,reference,transformer_add113_f0.3_wd0.1_softmax_ce_s4,10500
12605,0.0635112524032592,0.1100789841107172,0.5769607424736023,1.0,reference,transformer_add113_f0.3_wd0.1_softmax_ce_s4,10500
13109,0.0638375282287597,0.0994385473387262,0.6419796943664551,0.9856791496276855,reference,transformer_add113_f0.3_wd0.1_softmax_ce_s4,10500
13613,0.0629395544528961,0.1149094615727903,0.5477316975593567,1.0,reference,transformer_add113_f0.3_wd0.1_softmax_ce_s4,10500
14118,0.0691970586776733,0.107072854630514,0.64626145362854,0.9993287324905396,reference,transformer_add113_f0.3_wd0.1_softmax_ce_s4,10500
14622,0.0612864196300506,0.1056827085364789,0.57990962266922,1.0,reference,transformer_add113_f0.3_wd0.1_softmax_ce_s4,10500
15126,0.0855833888053894,0.1310211300796145,0.6532029509544373,0.9996643662452698,reference,transformer_add113_f0.3_wd0.1_softmax_ce_s4,10500
15630,0.0617683231830596,0.1097772115839001,0.5626698136329651,1.0,reference,transformer_add113_f0.3_wd0.1_softmax_ce_s4,10500
16134,0.0831550955772399,0.1292185217002693,0.6435230374336243,1.0,reference,transformer_add113_f0.3_wd0.1_softmax_ce_s4,10500
16639,0.0593929588794708,0.1074148190955797,0.5529307723045349,1.0,reference,transformer_add113_f0.3_wd0.1_softmax_ce_s4,10500
17143,0.0701719522476196,0.1141277004134534,0.6148546934127808,1.0,reference,transformer_add113_f0.3_wd0.1_softmax_ce_s4,10500
17647,0.0497898757457733,0.0927878996302637,0.536598801612854,1.0,reference,transformer_add113_f0.3_wd0.1_softmax_ce_s4,10500
18151,0.0843418836593627,0.1402532170515128,0.6013543605804443,1.0,reference,transformer_add113_f0.3_wd0.1_softmax_ce_s4,10500
18655,0.057208240032196,0.1099148321665748,0.5204778909683228,1.0,reference,transformer_add113_f0.3_wd0.1_softmax_ce_s4,10500
19160,0.0758623480796814,0.1226098473868608,0.6187296509742737,1.0,reference,transformer_add113_f0.3_wd0.1_softmax_ce_s4,10500
19664,0.0614860355854034,0.1157316289069323,0.5312811732292175,1.0,reference,transformer_add113_f0.3_wd0.1_softmax_ce_s4,10500
20168,0.0877309143543243,0.1607408329606617,0.5457910895347595,1.0,reference,transformer_add113_f0.3_wd0.1_softmax_ce_s4,10500
20672,0.055323839187622,0.1162409385186525,0.4759410917758941,1.0,reference,transformer_add113_f0.3_wd0.1_softmax_ce_s4,10500
21176,0.0738435089588165,0.1336973992598173,0.5523182153701782,1.0,reference,transformer_add113_f0.3_wd0.1_softmax_ce_s4,10500
21681,0.0601282119750976,0.1272596820538989,0.4724843800067901,1.0,reference,transformer_add113_f0.3_wd0.1_softmax_ce_s4,10500
22185,0.0806753635406494,0.1485803497693587,0.5429746508598328,1.0,reference,transformer_add113_f0.3_wd0.1_softmax_ce_s4,10500
22689,0.0896691083908081,0.1467643080513168,0.6109735369682312,0.9998881220817566,reference,transformer_add113_f0.3_wd0.1_softmax_ce_s4,10500
23193,0.0842388868331909,0.1576568828180375,0.5343178510665894,1.0,reference,transformer_add113_f0.3_wd0.1_softmax_ce_s4,10500
23697,0.0646644830703735,0.1155008240249038,0.5598616600036621,1.0,reference,transformer_add113_f0.3_wd0.1_softmax_ce_s4,10500
24202,0.0548964440822601,0.1124057368318373,0.4883776009082794,1.0,reference,transformer_add113_f0.3_wd0.1_softmax_ce_s4,10500
24706,0.0766955614089965,0.1444379126705699,0.5309932827949524,1.0,reference,transformer_add113_f0.3_wd0.1_softmax_ce_s4,10500
25210,0.0612241327762603,0.1354503285740621,0.4520043134689331,1.0,reference,transformer_add113_f0.3_wd0.1_softmax_ce_s4,10500
25714,0.0694139599800109,0.1246392431142338,0.5569189786911011,1.0,reference,transformer_add113_f0.3_wd0.1_softmax_ce_s4,10500
26218,0.058091789484024,0.1211108735580378,0.479657918214798,1.0,reference,transformer_add113_f0.3_wd0.1_softmax_ce_s4,10500
26723,0.0610533952713012,0.1141987211111427,0.5346241593360901,1.0,reference,transformer_add113_f0.3_wd0.1_softmax_ce_s4,10500
27227,0.0649001896381378,0.1399366969117896,0.4637824892997741,1.0,reference,transformer_add113_f0.3_wd0.1_softmax_ce_s4,10500
27731,0.0743821263313293,0.1456209056974453,0.5107929110527039,1.0,reference,transformer_add113_f0.3_wd0.1_softmax_ce_s4,10500
28235,0.0615947544574737,0.1420568295501838,0.4335923492908478,0.0492280162870883,reference,transformer_add113_f0.3_wd0.1_softmax_ce_s4,10500
28739,0.0632219910621643,0.11939132417799,0.5295358896255493,1.0,reference,transformer_add113_f0.3_wd0.1_softmax_ce_s4,10500
29244,0.0750746130943298,0.1206284224572478,0.6223625540733337,1.0,reference,transformer_add113_f0.3_wd0.1_softmax_ce_s4,10500
29748,0.0749933421611785,0.1454956554118281,0.5154335498809814,1.0,reference,transformer_add113_f0.3_wd0.1_softmax_ce_s4,10500
30252,0.0757802128791809,0.135588967112092,0.5588966012001038,1.0,reference,transformer_add113_f0.3_wd0.1_softmax_ce_s4,10500
30756,0.0609301328659057,0.1299700954021577,0.4688011705875397,1.0,reference,transformer_add113_f0.3_wd0.1_softmax_ce_s4,10500
31261,0.0810338854789733,0.1476831090206619,0.5487011075019836,1.0,reference,transformer_add113_f0.3_wd0.1_softmax_ce_s4,10500
31765,0.0724741220474243,0.1285959711078565,0.5635800361633301,0.9528977274894714,reference,transformer_add113_f0.3_wd0.1_softmax_ce_s4,10500
32269,0.065773606300354,0.1229764157887516,0.5348473191261292,1.0,reference,transformer_add113_f0.3_wd0.1_softmax_ce_s4,10500
32773,0.0747913718223571,0.1303242696315062,0.5738867521286011,0.999216854572296,reference,transformer_add113_f0.3_wd0.1_softmax_ce_s4,10500
33277,0.0671305060386657,0.1286202543528246,0.5219279527664185,1.0,reference,transformer_add113_f0.3_wd0.1_softmax_ce_s4,10500
33782,0.0749558210372924,0.1216362623567131,0.616229236125946,0.9995524883270264,reference,transformer_add113_f0.3_wd0.1_softmax_ce_s4,10500
34286,0.0642317533493042,0.1195875808159161,0.5371105670928955,1.0,reference,transformer_add113_f0.3_wd0.1_softmax_ce_s4,10500
34790,0.0688929557800293,0.1255244066426398,0.548841118812561,1.0,reference,transformer_add113_f0.3_wd0.1_softmax_ce_s4,10500
35294,0.0557251572608947,0.1181778117133452,0.4715365469455719,1.0,reference,transformer_add113_f0.3_wd0.1_softmax_ce_s4,10500
35798,0.0819118618965148,0.1448746532582836,0.5653981566429138,1.0,reference,transformer_add113_f0.3_wd0.1_softmax_ce_s4,10500
36303,0.0515579879283905,0.106743272593908,0.4830092489719391,1.0,reference,transformer_add113_f0.3_wd0.1_softmax_ce_s4,10500
36807,0.0805924832820892,0.147746488184313,0.5454781651496887,1.0,reference,transformer_add113_f0.3_wd0.1_softmax_ce_s4,10500
37311,0.066902220249176,0.1423255661202581,0.4700646698474884,1.0,reference,transformer_add113_f0.3_wd0.1_softmax_ce_s4,10500
37815,0.0666561722755432,0.1247017258003851,0.5345248579978943,1.0,reference,transformer_add113_f0.3_wd0.1_softmax_ce_s4,10500
38319,0.0529320836067199,0.1162192851121445,0.4554500877857208,1.0,reference,transformer_add113_f0.3_wd0.1_softmax_ce_s4,10500
38824,0.074416309595108,0.1381782320934464,0.5385530591011047,1.0,reference,transformer_add113_f0.3_wd0.1_softmax_ce_s4,10500
39328,0.0802628397941589,0.1282086998049906,0.6260327100753784,1.0,reference,transformer_add113_f0.3_wd0.1_softmax_ce_s4,10500
39832,0.0633227825164794,0.1121938794045163,0.5644049644470215,1.0,reference,transformer_add113_f0.3_wd0.1_softmax_ce_s4,10500
40336,0.0988479256629943,0.1716510794118338,0.5758654475212097,1.0,reference,transformer_add113_f0.3_wd0.1_softmax_ce_s4,10500
40840,0.0626747012138366,0.1233782294901925,0.5079883337020874,1.0,reference,transformer_add113_f0.3_wd0.1_softmax_ce_s4,10500
41345,0.094699740409851,0.1683220438695176,0.5626104474067688,1.0,reference,transformer_add113_f0.3_wd0.1_softmax_ce_s4,10500
41849,0.0579133331775665,0.1187568732504627,0.4876630008220672,1.0,reference,transformer_add113_f0.3_wd0.1_softmax_ce_s4,10500
42353,0.0710344612598419,0.1313394054749783,0.5408465266227722,1.0,reference,transformer_add113_f0.3_wd0.1_softmax_ce_s4,10500
42857,0.0562414824962616,0.1186903321409274,0.4738505780696869,1.0,reference,transformer_add113_f0.3_wd0.1_softmax_ce_s4,10500
43361,0.0662600994110107,0.1310009447444128,0.5057986378669739,1.0,reference,transformer_add113_f0.3_wd0.1_softmax_ce_s4,10500
43866,0.0823689103126525,0.138236791954839,0.5958537459373474,0.9998881220817566,reference,transformer_add113_f0.3_wd0.1_softmax_ce_s4,10500
44370,0.0582427084445953,0.1114346501086063,0.5226624608039856,1.0,reference,transformer_add113_f0.3_wd0.1_softmax_ce_s4,10500
44874,0.0695021450519561,0.1291897530326649,0.5379849672317505,1.0,reference,transformer_add113_f0.3_wd0.1_softmax_ce_s4,10500
45378,0.0491001307964324,0.1069908736819232,0.4589188694953918,1.0,reference,transformer_add113_f0.3_wd0.1_softmax_ce_s4,10500
45882,0.0697203278541565,0.124452937692936,0.5602144002914429,1.0,reference,transformer_add113_f0.3_wd0.1_softmax_ce_s4,10500
46387,0.0565527081489563,0.1156135721112082,0.4891528487205505,1.0,reference,transformer_add113_f0.3_wd0.1_softmax_ce_s4,10500
46891,0.076019287109375,0.1366572886076673,0.5562768578529358,1.0,reference,transformer_add113_f0.3_wd0.1_softmax_ce_s4,10500
47395,0.0584780871868133,0.1204127443165824,0.4856469929218292,1.0,reference,transformer_add113_f0.3_wd0.1_softmax_ce_s4,10500
47899,0.0645705461502075,0.1188634896851348,0.543232798576355,1.0,reference,transformer_add113_f0.3_wd0.1_softmax_ce_s4,10500
48403,0.0491746068000793,0.1083283918857666,0.4539401531219482,1.0,reference,transformer_add113_f0.3_wd0.1_softmax_ce_s4,10500
48908,0.0905105173587799,0.1691839950015158,0.5349827408790588,1.0,reference,transformer_add113_f0.3_wd0.1_softmax_ce_s4,10500
49412,0.0637190639972686,0.1380964932887087,0.461409717798233,1.0,reference,transformer_add113_f0.3_wd0.1_softmax_ce_s4,10500
49916,0.0636442005634307,0.1159454510272588,0.5489150285720825,1.0,reference,transformer_add113_f0.3_wd0.1_softmax_ce_s4,10500
50420,0.0760982632637023,0.1315852560513776,0.5783190727233887,0.9959722757339478,reference,transformer_add113_f0.3_wd0.1_softmax_ce_s4,10500
50924,0.079872727394104,0.1479841763492034,0.5397382974624634,1.0,reference,transformer_add113_f0.3_wd0.1_softmax_ce_s4,10500
51429,0.0725029110908508,0.1217432791819279,0.5955393314361572,1.0,reference,transformer_add113_f0.3_wd0.1_softmax_ce_s4,10500
51933,0.0629903972148895,0.1224057633372092,0.5146031975746155,1.0,reference,transformer_add113_f0.3_wd0.1_softmax_ce_s4,10500
52437,0.0683568716049194,0.1194116660957281,0.5724471807479858,1.0,reference,transformer_add113_f0.3_wd0.1_softmax_ce_s4,10500
52941,0.0679751932621002,0.1353428720825438,0.5022443532943726,1.0,reference,transformer_add113_f0.3_wd0.1_softmax_ce_s4,10500
53445,0.0721304714679718,0.131610752736352,0.5480591058731079,0.9914969801902772,reference,transformer_add113_f0.3_wd0.1_softmax_ce_s4,10500
53950,0.061376005411148,0.1216284788610383,0.5046187043190002,1.0,reference,transformer_add113_f0.3_wd0.1_softmax_ce_s4,10500
54454,0.0764966607093811,0.1368528392730021,0.5589702129364014,1.0,reference,transformer_add113_f0.3_wd0.1_softmax_ce_s4,10500
54958,0.0554924011230468,0.1156040611072104,0.480021208524704,1.0,reference,transformer_add113_f0.3_wd0.1_softmax_ce_s4,10500
55462,0.070872962474823,0.1317110200287425,0.5380944013595581,1.0,reference,transformer_add113_f0.3_wd0.1_softmax_ce_s4,10500
55966,0.0710177421569824,0.1484598912330813,0.4783631563186645,0.6340344548225403,reference,transformer_add113_f0.3_wd0.1_softmax_ce_s4,10500
56471,0.0758973658084869,0.1406049757304334,0.539791464805603,1.0,reference,transformer_add113_f0.3_wd0.1_softmax_ce_s4,10500
56975,0.059542030096054,0.1293283325576261,0.4603943228721618,1.0,reference,transformer_add113_f0.3_wd0.1_softmax_ce_s4,10500
57479,0.0581975877285003,0.113631970318629,0.5121585726737976,1.0,reference,transformer_add113_f0.3_wd0.1_softmax_ce_s4,10500
57983,0.0519937276840209,0.1162127984754888,0.4474010467529297,1.0,reference,transformer_add113_f0.3_wd0.1_softmax_ce_s4,10500
58487,0.0658247768878936,0.1321795651846329,0.4979951083660126,1.0,reference,transformer_add113_f0.3_wd0.1_softmax_ce_s4,10500
58992,0.0605240166187286,0.1429583987581475,0.4233680367469787,1.0,reference,transformer_add113_f0.3_wd0.1_softmax_ce_s4,10500
59496,0.0884303748607635,0.1710822279295161,0.5168881416320801,1.0,reference,transformer_add113_f0.3_wd0.1_softmax_ce_s4,10500
60000,0.0678053498268127,0.1135793286091191,0.596986711025238,1.0,reference,transformer_add113_f0.3_wd0.1_softmax_ce_s4,10500
0,0.8148765563964844,0.0533167137970209,15.283698081970217,0.0086547220125794,canonical,transformer_add97_f0.3_wd1.0_softmax_ce_s0,27600
1,0.8158111572265625,0.0534297330368373,15.268860816955566,0.010173094458878,canonical,transformer_add97_f0.3_wd1.0_softmax_ce_s0,27600
2,0.8159027099609375,0.0534888385276489,15.253700256347656,0.0100212572142481,canonical,transformer_add97_f0.3_wd1.0_softmax_ce_s0,27600
3,0.8157548904418945,0.0535330735851408,15.23833465576172,0.0092620709910988,canonical,transformer_add97_f0.3_wd1.0_softmax_ce_s0,27600
4,0.8154611587524414,0.0535676283688734,15.223021507263184,0.0086547220125794,canonical,transformer_add97_f0.3_wd1.0_softmax_ce_s0,27600
5,0.8152141571044922,0.05360481121012,15.20785427093506,0.0077436985448002,canonical,transformer_add97_f0.3_wd1.0_softmax_ce_s0,27600
6,0.8151426315307617,0.0536530491519099,15.192848205566406,0.0062253265641629,canonical,transformer_add97_f0.3_wd1.0_softmax_ce_s0,27600
7,0.8152446746826172,0.0537125346484698,15.177922248840332,0.0066808382980525,canonical,transformer_add97_f0.3_wd1.0_softmax_ce_s0,27600
8,0.8165311813354492,0.0538501645955427,15.163021087646484,0.00804737303406,canonical,transformer_add97_f0.3_wd1.0_softmax_ce_s0,27600
9,0.8178415298461914,0.0539897717917924,15.148082733154297,0.0071363500319421,canonical,transformer_add97_f0.3_wd1.0_softmax_ce_s0,27600
10,0.8188705444335938,0.0541114800546756,15.133028030395508,0.0071363500319421,canonical,transformer_add97_f0.3_wd1.0_softmax_ce_s0,27600
11,0.819331169128418,0.0541963739259683,15.117822647094728,0.0062253265641629,canonical,transformer_add97_f0.3_wd1.0_softmax_ce_s0,27600
12,0.8194780349731445,0.0542609377196318,15.102540969848633,0.0059216520749032,canonical,transformer_add97_f0.3_wd1.0_softmax_ce_s0,27600
13,0.8208503723144531,0.0544069335521939,15.087238311767578,0.0062253265641629,canonical,transformer_add97_f0.3_wd1.0_softmax_ce_s0,27600
14,0.8223752975463867,0.0545633049383504,15.071948051452637,0.0063771638087928,canonical,transformer_add97_f0.3_wd1.0_softmax_ce_s0,27600
15,0.8239965438842773,0.0547263530334725,15.056668281555176,0.0074400245212018,canonical,transformer_add97_f0.3_wd1.0_softmax_ce_s0,27600
16,0.8256406784057617,0.0548912227505267,15.041397094726562,0.0056179775856435,canonical,transformer_add97_f0.3_wd1.0_softmax_ce_s0,27600
18,0.828700065612793,0.055206071940477,15.011031150817873,0.0057698148302733,canonical,transformer_add97_f0.3_wd1.0_softmax_ce_s0,27600
19,0.8299827575683594,0.0553470686658513,14.995965957641602,0.0069845127873122,canonical,transformer_add97_f0.3_wd1.0_softmax_ce_s0,27600
20,0.8307733535766602,0.0554551583166281,14.980993270874023,0.0065290010534226,canonical,transformer_add97_f0.3_wd1.0_softmax_ce_s0,27600
22,0.8290090560913086,0.05544707476606,14.9513578414917,0.0063771638087928,canonical,transformer_add97_f0.3_wd1.0_softmax_ce_s0,27600
23,0.8279075622558594,0.0554278775298046,14.936663627624512,0.0068326755426824,canonical,transformer_add97_f0.3_wd1.0_softmax_ce_s0,27600
25,0.8247976303100586,0.0553279889331611,14.907421112060549,0.0077436985448002,canonical,transformer_add97_f0.3_wd1.0_softmax_ce_s0,27600
27,0.8214664459228516,0.0552107983109547,14.878727912902832,0.0072881872765719,canonical,transformer_add97_f0.3_wd1.0_softmax_ce_s0,27600
29,0.819706916809082,0.0551975365725221,14.850425720214844,0.0085028847679495,canonical,transformer_add97_f0.3_wd1.0_softmax_ce_s0,27600
31,0.8200359344482422,0.0553252383704048,14.822094917297363,0.0088065592572093,canonical,transformer_add97_f0.3_wd1.0_softmax_ce_s0,27600
33,0.8174800872802734,0.0552591042080118,14.79358196258545,0.010173094458878,canonical,transformer_add97_f0.3_wd1.0_softmax_ce_s0,27600
36,0.8155937194824219,0.0552919226435995,14.75068473815918,0.0132098393514752,canonical,transformer_add97_f0.3_wd1.0_softmax_ce_s0,27600
39,0.8160858154296875,0.0554881222537698,14.707396507263184,0.01609474606812,canonical,transformer_add97_f0.3_wd1.0_softmax_ce_s0,27600
41,0.8126668930053711,0.0553655913293841,14.678194046020508,0.017157606780529,canonical,transformer_add97_f0.3_wd1.0_softmax_ce_s0,27600
44,0.8085432052612305,0.055249964972646,14.634275436401367,0.0208017006516456,canonical,transformer_add97_f0.3_wd1.0_softmax_ce_s0,27600
48,0.8029146194458008,0.055087573995238,14.575240135192873,0.0262678414583206,canonical,transformer_add97_f0.3_wd1.0_softmax_ce_s0,27600
51,0.798060417175293,0.0549193856945129,14.531488418579102,0.0311266314238309,canonical,transformer_add97_f0.3_wd1.0_softmax_ce_s0,27600
55,0.7891130447387695,0.0545106779846481,14.47630214691162,0.0388703308999538,canonical,transformer_add97_f0.3_wd1.0_softmax_ce_s0,27600
59,0.7791519165039062,0.0540229402431561,14.422612190246582,0.0461585186421871,canonical,transformer_add97_f0.3_wd1.0_softmax_ce_s0,27600
64,0.7700510025024414,0.053639492194623,14.356045722961426,0.0614940784871578,canonical,transformer_add97_f0.3_wd1.0_softmax_ce_s0,27600
68,0.7630882263183594,0.0533534151997449,14.302518844604492,0.0771333128213882,canonical,transformer_add97_f0.3_wd1.0_softmax_ce_s0,27600
73,0.7543573379516602,0.0529920506664998,14.235292434692385,0.098997876048088,canonical,transformer_add97_f0.3_wd1.0_softmax_ce_s0,27600
79,0.7435617446899414,0.0525327684244293,14.15424633026123,0.1292134821414947,canonical,transformer_add97_f0.3_wd1.0_softmax_ce_s0,27600
85,0.7293004989624023,0.0518159609749539,14.074823379516602,0.1685393303632736,canonical,transformer_add97_f0.3_wd1.0_softmax_ce_s0,27600
91,0.7163362503051758,0.0511880475333501,13.99420928955078,0.2095353752374649,canonical,transformer_add97_f0.3_wd1.0_softmax_ce_s0,27600
98,0.7077980041503906,0.0509250955505966,13.898805618286133,0.2508350908756256,canonical,transformer_add97_f0.3_wd1.0_softmax_ce_s0,27600
105,0.7027988433837891,0.0509166000906626,13.80294132232666,0.277406632900238,canonical,transformer_add97_f0.3_wd1.0_softmax_ce_s0,27600
113,0.7023296356201172,0.0512990798924207,13.690881729125977,0.2869723737239837,canonical,transformer_add97_f0.3_wd1.0_softmax_ce_s0,27600
121,0.7039556503295898,0.0518463352982212,13.57773208618164,0.2897054255008697,canonical,transformer_add97_f0.3_wd1.0_softmax_ce_s0,27600
130,0.7029304504394531,0.0522519138923371,13.45272159576416,0.289857268333435,canonical,transformer_add97_f0.3_wd1.0_softmax_ce_s0,27600
140,0.7015981674194336,0.0526916632490476,13.31516456604004,0.2909201383590698,canonical,transformer_add97_f0.3_wd1.0_softmax_ce_s0,27600
150,0.7023744583129883,0.0532910599399516,13.179967880249023,0.291223794221878,canonical,transformer_add97_f0.3_wd1.0_softmax_ce_s0,27600
161,0.7000961303710938,0.0537153775143869,13.033439636230469,0.2919830083847046,canonical,transformer_add97_f0.3_wd1.0_softmax_ce_s0,27600
173,0.695643424987793,0.0540266314663586,12.875935554504396,0.2919830083847046,canonical,transformer_add97_f0.3_wd1.0_softmax_ce_s0,27600
186,0.6878938674926758,0.0541297204478339,12.708247184753418,0.2919830083847046,canonical,transformer_add97_f0.3_wd1.0_softmax_ce_s0,27600
200,0.6774749755859375,0.0540642069536781,12.530933380126951,0.2922866642475128,canonical,transformer_add97_f0.3_wd1.0_softmax_ce_s0,27600
215,0.6690635681152344,0.0542074595640742,12.342647552490234,0.2925903499126434,canonical,transformer_add97_f0.3_wd1.0_softmax_ce_s0,27600
231,0.6593084335327148,0.0542873061062471,12.14479923248291,0.2922866642475128,canonical,transformer_add97_f0.3_wd1.0_softmax_ce_s0,27600
248,0.6497478485107422,0.0544244477453487,11.938529014587402,0.2919830083847046,canonical,transformer_add97_f0.3_wd1.0_softmax_ce_s0,27600
266,0.642369270324707,0.0547943255338044,11.723280906677246,0.2927421927452087,canonical,transformer_add97_f0.3_wd1.0_softmax_ce_s0,27600
286,0.6300821304321289,0.0548365396546493,11.490187644958496,0.2930458486080169,canonical,transformer_add97_f0.3_wd1.0_softmax_ce_s0,27600
307,0.617884635925293,0.0549248806363259,11.24963092803955,0.2928940057754516,canonical,transformer_add97_f0.3_wd1.0_softmax_ce_s0,27600
330,0.6044244766235352,0.054994147297214,10.990705490112305,0.2935013771057129,canonical,transformer_add97_f0.3_wd1.0_softmax_ce_s0,27600
355,0.5853757858276367,0.0546238461831448,10.716487884521484,0.2945642173290252,canonical,transformer_add97_f0.3_wd1.0_softmax_ce_s0,27600
381,0.5702142715454102,0.0546229975999839,10.439087867736816,0.2947160601615906,canonical,transformer_add97_f0.3_wd1.0_softmax_ce_s0,27600
409,0.5536661148071289,0.0545557281066575,10.14863395690918,0.2950197458267212,canonical,transformer_add97_f0.3_wd1.0_softmax_ce_s0,27600
440,0.5359344482421875,0.0544851384776955,9.836341857910156,0.2947160601615906,canonical,transformer_add97_f0.3_wd1.0_softmax_ce_s0,27600
472,0.5178346633911133,0.0543720194918125,9.523918151855469,0.2950197458267212,canonical,transformer_add97_f0.3_wd1.0_softmax_ce_s0,27600
507,0.4975757598876953,0.0541257914823038,9.192951202392578,0.2948679029941559,canonical,transformer_add97_f0.3_wd1.0_softmax_ce_s0,27600
545,0.4711666107177734,0.0532512477106621,8.847991943359375,0.296993613243103,canonical,transformer_add97_f0.3_wd1.0_softmax_ce_s0,27600
585,0.4500985145568847,0.0529681881678295,8.497525215148926,0.2957789301872253,canonical,transformer_add97_f0.3_wd1.0_softmax_ce_s0,27600
629,0.42962646484375,0.0528435476927516,8.130159378051758,0.29562708735466,canonical,transformer_add97_f0.3_wd1.0_softmax_ce_s0,27600
676,0.4089617729187011,0.0527357855089805,7.754919528961182,0.2954752445220947,canonical,transformer_add97_f0.3_wd1.0_softmax_ce_s0,27600
726,0.388193130493164,0.0526397805695131,7.374520301818848,0.2954752445220947,canonical,transformer_add97_f0.3_wd1.0_softmax_ce_s0,27600
780,0.3663606643676758,0.0524553726110385,6.984235286712647,0.2959307730197906,canonical,transformer_add97_f0.3_wd1.0_softmax_ce_s0,27600
837,0.3416342735290527,0.0517865764981741,6.596965789794922,0.2897054255008697,canonical,transformer_add97_f0.3_wd1.0_softmax_ce_s0,27600
900,0.3201556205749511,0.0516945087553019,6.193222999572754,0.2977527976036072,canonical,transformer_add97_f0.3_wd1.0_softmax_ce_s0,27600
966,0.2998042106628418,0.0517258159484511,5.796026706695557,0.2972972989082336,canonical,transformer_add97_f0.3_wd1.0_softmax_ce_s0,27600
1038,0.2771468162536621,0.0514024849264398,5.391700744628906,0.2972972989082336,canonical,transformer_add97_f0.3_wd1.0_softmax_ce_s0,27600
1115,0.2570762634277344,0.0514568273774663,4.995960235595703,0.0847251713275909,canonical,transformer_add97_f0.3_wd1.0_softmax_ce_s0,27600
1198,0.2327108383178711,0.0505626458054699,4.602426052093506,0.2972972989082336,canonical,transformer_add97_f0.3_wd1.0_softmax_ce_s0,27600
1287,0.214346170425415,0.0508673440809049,4.213826656341553,0.284542977809906,canonical,transformer_add97_f0.3_wd1.0_softmax_ce_s0,27600
1382,0.1951417922973632,0.0509125087045918,3.8328850269317623,0.2976009845733642,canonical,transformer_add97_f0.3_wd1.0_softmax_ce_s0,27600
1485,0.1808843612670898,0.0523366961651713,3.456166982650757,0.2976009845733642,canonical,transformer_add97_f0.3_wd1.0_softmax_ce_s0,27600
1595,0.160987377166748,0.0515443377640766,3.123279571533203,0.2980564832687378,canonical,transformer_add97_f0.3_wd1.0_softmax_ce_s0,27600
1713,0.1430180072784423,0.0513595453284519,2.784643173217773,0.2972972989082336,canonical,transformer_add97_f0.3_wd1.0_softmax_ce_s0,27600
1841,0.1325762271881103,0.0541052629120835,2.450338840484619,0.2997266948223114,canonical,transformer_add97_f0.3_wd1.0_softmax_ce_s0,27600
1977,0.1114444732666015,0.0517332953789968,2.1542117595672607,0.2988156676292419,canonical,transformer_add97_f0.3_wd1.0_softmax_ce_s0,27600
2124,0.0945669412612915,0.0509045465556323,1.857730746269226,0.2989675104618072,canonical,transformer_add97_f0.3_wd1.0_softmax_ce_s0,27600
2282,0.0683592557907104,0.0425436588144554,1.606802463531494,0.2991193532943725,canonical,transformer_add97_f0.3_wd1.0_softmax_ce_s0,27600
2451,0.0602235794067382,0.0440034353186292,1.3686108589172363,0.2991193532943725,canonical,transformer_add97_f0.3_wd1.0_softmax_ce_s0,27600
2633,0.0512861609458923,0.0449413735955804,1.1411792039871216,0.3001821935176849,canonical,transformer_add97_f0.3_wd1.0_softmax_ce_s0,27600
2828,0.0561423897743225,0.0588532123419462,0.9539392590522766,0.1197995766997337,canonical,transformer_add97_f0.3_wd1.0_softmax_ce_s0,27600
3038,0.0405285954475402,0.0508905321083806,0.7963877320289612,0.2997266948223114,canonical,transformer_add97_f0.3_wd1.0_softmax_ce_s0,27600
3264,0.0314871072769165,0.0498368711487265,0.6318034529685974,0.3007895648479461,canonical,transformer_add97_f0.3_wd1.0_softmax_ce_s0,27600
3506,0.0255402624607086,0.0514650368355069,0.4962643384933471,0.2995748519897461,canonical,transformer_add97_f0.3_wd1.0_softmax_ce_s0,27600
3766,0.0222139954566955,0.0575502807724349,0.3859928250312805,0.2994230091571808,canonical,transformer_add97_f0.3_wd1.0_softmax_ce_s0,27600
4046,0.0156531631946563,0.0534519310891988,0.292845606803894,0.3009413778781891,canonical,transformer_add97_f0.3_wd1.0_softmax_ce_s0,27600
4346,0.0207374542951583,0.0878838417964926,0.2359643578529358,0.2995748519897461,canonical,transformer_add97_f0.3_wd1.0_softmax_ce_s0,27600
4669,0.0104891657829284,0.0611435521381342,0.1715498268604278,0.2997266948223114,canonical,transformer_add97_f0.3_wd1.0_softmax_ce_s0,27600
5015,0.0077196508646011,0.0547804655319687,0.1409197747707367,0.300030380487442,canonical,transformer_add97_f0.3_wd1.0_softmax_ce_s0,27600
5388,0.0082524418830871,0.0600225648740127,0.1374889910221099,0.3003340363502502,canonical,transformer_add97_f0.3_wd1.0_softmax_ce_s0,27600
5788,0.0065024942159652,0.0573448861075697,0.1133927479386329,0.3004858791828155,canonical,transformer_add97_f0.3_wd1.0_softmax_ce_s0,27600
6217,0.0059825032949447,0.0543033019013709,0.1101683154702186,0.3003340363502502,canonical,transformer_add97_f0.3_wd1.0_softmax_ce_s0,27600
6679,0.0123785734176635,0.0745840430701139,0.165968120098114,0.3007895648479461,canonical,transformer_add97_f0.3_wd1.0_softmax_ce_s0,27600
7174,0.0076471641659736,0.0578339168648961,0.132226288318634,0.3020042479038238,canonical,transformer_add97_f0.3_wd1.0_softmax_ce_s0,27600
7707,0.011752538383007,0.0842601384657658,0.1394792199134826,0.3007895648479461,canonical,transformer_add97_f0.3_wd1.0_softmax_ce_s0,27600
8279,0.0078930109739303,0.0735596737822313,0.1073007881641388,0.3033707737922668,canonical,transformer_add97_f0.3_wd1.0_softmax_ce_s0,27600
8893,0.012266382575035,0.0696605408636646,0.1760879606008529,0.3015487492084503,canonical,transformer_add97_f0.3_wd1.0_softmax_ce_s0,27600
9553,0.0088100358843803,0.0685097456062297,0.1285953670740127,0.3044336438179016,canonical,transformer_add97_f0.3_wd1.0_softmax_ce_s0,27600
10263,0.0065552145242691,0.0562056111448127,0.1166291832923889,0.3050409853458404,canonical,transformer_add97_f0.3_wd1.0_softmax_ce_s0,27600
11024,0.0106560736894607,0.0708117190757641,0.1504846066236496,0.3030671179294586,canonical,transformer_add97_f0.3_wd1.0_softmax_ce_s0,27600
11843,0.0056627392768859,0.0525654824240652,0.1077273339033126,0.3026115894317627,canonical,transformer_add97_f0.3_wd1.0_softmax_ce_s0,27600
12722,0.0062080323696136,0.0564185028866113,0.1100353971123695,0.304129958152771,canonical,transformer_add97_f0.3_wd1.0_softmax_ce_s0,27600
13666,0.0069041326642036,0.0602236560945535,0.1146415397524833,0.3065593540668487,canonical,transformer_add97_f0.3_wd1.0_softmax_ce_s0,27600
14680,0.0075074583292007,0.0574270516968505,0.1307303458452224,0.3105071485042572,canonical,transformer_add97_f0.3_wd1.0_softmax_ce_s0,27600
15770,0.0095850005745887,0.0723305203482632,0.1325166821479797,0.3143030703067779,canonical,transformer_add97_f0.3_wd1.0_softmax_ce_s0,27600
16940,0.0082622021436691,0.0620587008398961,0.1331352740526199,0.3171879649162292,canonical,transformer_add97_f0.3_wd1.0_softmax_ce_s0,27600
18198,0.0060381516814231,0.0540793517313557,0.1116535514593124,0.3303978145122528,canonical,transformer_add97_f0.3_wd1.0_softmax_ce_s0,27600
19548,0.0049882903695106,0.0471166569655968,0.1058710590004921,0.3382933437824249,canonical,transformer_add97_f0.3_wd1.0_softmax_ce_s0,27600
20999,0.0057899504899978,0.0521272337720434,0.1110734269022941,0.3565138280391693,canonical,transformer_add97_f0.3_wd1.0_softmax_ce_s0,27600
22558,0.0101801306009292,0.0655574243163858,0.1552857011556625,0.3729122281074524,canonical,transformer_add97_f0.3_wd1.0_softmax_ce_s0,27600
24232,0.0077801644802093,0.0594359821067547,0.1308999061584472,0.5543577075004578,canonical,transformer_add97_f0.3_wd1.0_softmax_ce_s0,27600
26031,0.0058075338602066,0.0538806229623441,0.1077852025628089,0.6522927284240723,canonical,transformer_add97_f0.3_wd1.0_softmax_ce_s0,27600
27963,0.0052678734064102,0.0477750223370436,0.1102641746401786,0.92377769947052,canonical,transformer_add97_f0.3_wd1.0_softmax_ce_s0,27600
30039,0.0055926591157913,0.0447888215601926,0.1248672977089881,0.9969632625579834,canonical,transformer_add97_f0.3_wd1.0_softmax_ce_s0,27600
32268,0.0073367208242416,0.0529943379380752,0.1384434849023819,1.0,canonical,transformer_add97_f0.3_wd1.0_softmax_ce_s0,27600
34663,0.0105640143156051,0.0706502414472965,0.1495255231857299,1.0,canonical,transformer_add97_f0.3_wd1.0_softmax_ce_s0,27600
37236,0.0092487633228302,0.0761377049843949,0.1214741542935371,1.0,canonical,transformer_add97_f0.3_wd1.0_softmax_ce_s0,27600
40000,0.0068709775805473,0.0696631883682243,0.0986313968896865,1.0,canonical,transformer_add97_f0.3_wd1.0_softmax_ce_s0,27600
0,0.7851982116699219,0.05130987439943,15.303062438964844,0.0103249317035079,canonical,transformer_add97_f0.3_wd1.0_softmax_ce_s1,28600
1,0.7830371856689453,0.0512130920052278,15.289785385131836,0.0098694199696183,canonical,transformer_add97_f0.3_wd1.0_softmax_ce_s1,28600
2,0.7806119918823242,0.051098115278226,15.276727676391602,0.010173094458878,canonical,transformer_add97_f0.3_wd1.0_softmax_ce_s1,28600
3,0.7820587158203125,0.0512369372201814,15.263572692871094,0.0106286061927676,canonical,transformer_add97_f0.3_wd1.0_softmax_ce_s1,28600
4,0.7840404510498047,0.0514111672079541,15.250391960144045,0.0088065592572093,canonical,transformer_add97_f0.3_wd1.0_softmax_ce_s1,28600
5,0.7861175537109375,0.0515921738250382,15.237147331237791,0.0089583965018391,canonical,transformer_add97_f0.3_wd1.0_softmax_ce_s1,28600
6,0.7890291213989258,0.0518286880746853,15.223791122436523,0.0083510475233197,canonical,transformer_add97_f0.3_wd1.0_softmax_ce_s1,28600
7,0.7922039031982422,0.0520831837700872,15.21035861968994,0.0078955357894301,canonical,transformer_add97_f0.3_wd1.0_softmax_ce_s1,28600
8,0.7967710494995117,0.0524299054570465,15.196881294250488,0.0085028847679495,canonical,transformer_add97_f0.3_wd1.0_softmax_ce_s1,28600
9,0.8012866973876953,0.052774162499649,15.183314323425291,0.0088065592572093,canonical,transformer_add97_f0.3_wd1.0_softmax_ce_s1,28600
10,0.8056983947753906,0.0531126402697363,15.16961669921875,0.0069845127873122,canonical,transformer_add97_f0.3_wd1.0_softmax_ce_s1,28600
11,0.8100013732910156,0.0534450912139675,15.155767440795898,0.0063771638087928,canonical,transformer_add97_f0.3_wd1.0_softmax_ce_s1,28600
12,0.8141536712646484,0.0537686799590106,15.141782760620115,0.0072881872765719,canonical,transformer_add97_f0.3_wd1.0_softmax_ce_s1,28600
13,0.8181037902832031,0.0540799693163294,15.127667427062988,0.0065290010534226,canonical,transformer_add97_f0.3_wd1.0_softmax_ce_s1,28600
14,0.8217763900756836,0.0543740817182132,15.113384246826172,0.0059216520749032,canonical,transformer_add97_f0.3_wd1.0_softmax_ce_s1,28600
15,0.8250904083251953,0.0546456923180411,15.098910331726074,0.0057698148302733,canonical,transformer_add97_f0.3_wd1.0_softmax_ce_s1,28600
16,0.8280048370361328,0.0548921356314843,15.084216117858888,0.0060734893195331,canonical,transformer_add97_f0.3_wd1.0_softmax_ce_s1,28600
18,0.8327932357788086,0.0553197756920301,15.054168701171877,0.0068326755426824,canonical,transformer_add97_f0.3_wd1.0_softmax_ce_s1,28600
19,0.8345069885253906,0.0554902318639455,15.038808822631836,0.0063771638087928,canonical,transformer_add97_f0.3_wd1.0_softmax_ce_s1,28600
20,0.830348014831543,0.0552707676172108,15.023276329040527,0.005010628607124,canonical,transformer_add97_f0.3_wd1.0_softmax_ce_s1,28600
22,0.8234310150146484,0.0549254921573588,14.991782188415527,0.0060734893195331,canonical,transformer_add97_f0.3_wd1.0_softmax_ce_s1,28600
23,0.8195648193359375,0.0547257487763257,14.97585391998291,0.0060734893195331,canonical,transformer_add97_f0.3_wd1.0_softmax_ce_s1,28600
25,0.8110790252685547,0.0542753731169452,14.94377613067627,0.0056179775856435,canonical,transformer_add97_f0.3_wd1.0_softmax_ce_s1,28600
27,0.805999755859375,0.0540518761197758,14.911596298217772,0.0065290010534226,canonical,transformer_add97_f0.3_wd1.0_softmax_ce_s1,28600
29,0.8006830215454102,0.0538103770604616,14.879714012145996,0.0066808382980525,canonical,transformer_add97_f0.3_wd1.0_softmax_ce_s1,28600
31,0.794581413269043,0.0535138832269633,14.848135948181152,0.0078955357894301,canonical,transformer_add97_f0.3_wd1.0_softmax_ce_s1,28600
33,0.7879838943481445,0.0531829122826078,14.816486358642578,0.00804737303406,canonical,transformer_add97_f0.3_wd1.0_softmax_ce_s1,28600
36,0.7781248092651367,0.0526899362475555,14.767996788024902,0.010173094458878,canonical,transformer_add97_f0.3_wd1.0_softmax_ce_s1,28600
39,0.7694664001464844,0.0522756348830257,14.71940803527832,0.010173094458878,canonical,transformer_add97_f0.3_wd1.0_softmax_ce_s1,28600
41,0.7647266387939453,0.0520667717775571,14.687421798706056,0.0119951413944363,canonical,transformer_add97_f0.3_wd1.0_softmax_ce_s1,28600
44,0.7593860626220703,0.0518715539434872,14.639739990234377,0.01609474606812,canonical,transformer_add97_f0.3_wd1.0_softmax_ce_s1,28600
48,0.7542047500610352,0.0517379903659016,14.577387809753418,0.0214090496301651,canonical,transformer_add97_f0.3_wd1.0_softmax_ce_s1,28600
51,0.7516965866088867,0.0517299970729184,14.53115463256836,0.0244457945227623,canonical,transformer_add97_f0.3_wd1.0_softmax_ce_s1,28600
55,0.7509927749633789,0.0519014030666048,14.4696044921875,0.0318858176469802,canonical,transformer_add97_f0.3_wd1.0_softmax_ce_s1,28600
59,0.7552833557128906,0.0524174567951045,14.40900421142578,0.0394776798784732,canonical,transformer_add97_f0.3_wd1.0_softmax_ce_s1,28600
64,0.7647819519042969,0.053359949030939,14.33250904083252,0.0537503808736801,canonical,transformer_add97_f0.3_wd1.0_softmax_ce_s1,28600
68,0.7749099731445312,0.0543040471135152,14.269838333129885,0.0662010312080383,canonical,transformer_add97_f0.3_wd1.0_softmax_ce_s1,28600
73,0.7855339050292969,0.0553484699463355,14.192513465881348,0.0813847556710243,canonical,transformer_add97_f0.3_wd1.0_softmax_ce_s1,28600
79,0.7938575744628906,0.0562942286073714,14.101935386657717,0.1037048250436782,canonical,transformer_add97_f0.3_wd1.0_softmax_ce_s1,28600
85,0.7995824813842773,0.0570587549541381,14.013318061828612,0.1325539052486419,canonical,transformer_add97_f0.3_wd1.0_softmax_ce_s1,28600
91,0.8028144836425781,0.0576462307140737,13.926573753356934,0.1636805385351181,canonical,transformer_add97_f0.3_wd1.0_softmax_ce_s1,28600
98,0.7984704971313477,0.0577444984039961,13.827646255493164,0.2027027010917663,canonical,transformer_add97_f0.3_wd1.0_softmax_ce_s1,28600
105,0.7927398681640625,0.0577368864195153,13.730215072631836,0.2421803772449493,canonical,transformer_add97_f0.3_wd1.0_softmax_ce_s1,28600
113,0.7839431762695312,0.0575557541085521,13.620587348937988,0.2734588384628296,canonical,transformer_add97_f0.3_wd1.0_softmax_ce_s1,28600
121,0.7793951034545898,0.0576813882408325,13.512072563171388,0.2915274798870086,canonical,transformer_add97_f0.3_wd1.0_softmax_ce_s1,28600
130,0.7737836837768555,0.0577831870838495,13.391156196594238,0.2954752445220947,canonical,transformer_add97_f0.3_wd1.0_softmax_ce_s1,28600
140,0.7701196670532227,0.0580920716557775,13.256880760192873,0.2968418002128601,canonical,transformer_add97_f0.3_wd1.0_softmax_ce_s1,28600
150,0.7662382125854492,0.0583972816804157,13.12112808227539,0.2976009845733642,canonical,transformer_add97_f0.3_wd1.0_softmax_ce_s1,28600
161,0.7580881118774414,0.0584357271177771,12.973024368286133,0.2992711961269378,canonical,transformer_add97_f0.3_wd1.0_softmax_ce_s1,28600
173,0.7481975555419922,0.0583952156744762,12.812651634216309,0.2989675104618072,canonical,transformer_add97_f0.3_wd1.0_softmax_ce_s1,28600
186,0.7404689788818359,0.0585731453310872,12.641782760620115,0.2997266948223114,canonical,transformer_add97_f0.3_wd1.0_softmax_ce_s1,28600
200,0.7348709106445312,0.0589690291837646,12.461980819702148,0.2995748519897461,canonical,transformer_add97_f0.3_wd1.0_softmax_ce_s1,28600
215,0.7278842926025391,0.0593187025027664,12.27073860168457,0.3006377220153808,canonical,transformer_add97_f0.3_wd1.0_softmax_ce_s1,28600
231,0.7220058441162109,0.0598099787052592,12.071661949157717,0.3015487492084503,canonical,transformer_add97_f0.3_wd1.0_softmax_ce_s1,28600
248,0.7151412963867188,0.0602782212731929,11.864007949829102,0.301396906375885,canonical,transformer_add97_f0.3_wd1.0_softmax_ce_s1,28600
266,0.7112054824829102,0.0610495119988106,11.649650573730469,0.3021560907363891,canonical,transformer_add97_f0.3_wd1.0_softmax_ce_s1,28600
286,0.7099952697753906,0.062185022334049,11.41746425628662,0.3026115894317627,canonical,transformer_add97_f0.3_wd1.0_softmax_ce_s1,28600
307,0.7031869888305664,0.0629160263526376,11.176595687866213,0.3024597764015198,canonical,transformer_add97_f0.3_wd1.0_softmax_ce_s1,28600
330,0.6929006576538086,0.0634546296939185,10.919623374938965,0.302763432264328,canonical,transformer_add97_f0.3_wd1.0_softmax_ce_s1,28600
355,0.6835737228393555,0.0642195505700324,10.64432430267334,0.302763432264328,canonical,transformer_add97_f0.3_wd1.0_softmax_ce_s1,28600
381,0.6706600189208984,0.0646920408527665,10.366963386535645,0.3024597764015198,canonical,transformer_add97_f0.3_wd1.0_softmax_ce_s1,28600
409,0.6540384292602539,0.0649255708816896,10.073664665222168,0.3024597764015198,canonical,transformer_add97_f0.3_wd1.0_softmax_ce_s1,28600
440,0.6364316940307617,0.0652154856960644,9.758904457092283,0.3030671179294586,canonical,transformer_add97_f0.3_wd1.0_softmax_ce_s1,28600
472,0.6195554733276367,0.0655171739142712,9.456382751464844,0.3042818009853363,canonical,transformer_add97_f0.3_wd1.0_softmax_ce_s1,28600
507,0.5939321517944336,0.0650359477530291,9.132367134094238,0.3045854866504669,canonical,transformer_add97_f0.3_wd1.0_softmax_ce_s1,28600
545,0.5675144195556641,0.0645722250953204,8.78883171081543,0.304129958152771,canonical,transformer_add97_f0.3_wd1.0_softmax_ce_s1,28600
585,0.5430140495300293,0.0643239585469165,8.441863059997559,0.3042818009853363,canonical,transformer_add97_f0.3_wd1.0_softmax_ce_s1,28600
629,0.5179276466369629,0.0641319604273177,8.075967788696289,0.3042818009853363,canonical,transformer_add97_f0.3_wd1.0_softmax_ce_s1,28600
676,0.4921994209289551,0.0639000026619403,7.702651023864746,0.304129958152771,canonical,transformer_add97_f0.3_wd1.0_softmax_ce_s1,28600
726,0.4660801887512207,0.0636332322366468,7.324477672576904,0.3047373294830322,canonical,transformer_add97_f0.3_wd1.0_softmax_ce_s1,28600
780,0.445713996887207,0.0642314031936282,6.9391913414001465,0.2977527976036072,canonical,transformer_add97_f0.3_wd1.0_softmax_ce_s1,28600
837,0.4215073585510254,0.0642891584841412,6.556429862976074,0.3050409853458404,canonical,transformer_add97_f0.3_wd1.0_softmax_ce_s1,28600
900,0.3927874565124511,0.063818248516465,6.154782772064209,0.305344671010971,canonical,transformer_add97_f0.3_wd1.0_softmax_ce_s1,28600
966,0.3619723320007324,0.0628241300750998,5.761676788330078,0.3054965138435364,canonical,transformer_add97_f0.3_wd1.0_softmax_ce_s1,28600
1038,0.3333702087402344,0.0621727192303163,5.362001419067383,0.3058001697063446,canonical,transformer_add97_f0.3_wd1.0_softmax_ce_s1,28600
1115,0.302370548248291,0.060652508226272,4.985293388366699,0.3042818009853363,canonical,transformer_add97_f0.3_wd1.0_softmax_ce_s1,28600
1198,0.2750625610351562,0.0599735963468223,4.586394309997559,0.3039781451225281,canonical,transformer_add97_f0.3_wd1.0_softmax_ce_s1,28600
1287,0.2453975677490234,0.0584113761874408,4.201194763183594,0.2307925969362259,canonical,transformer_add97_f0.3_wd1.0_softmax_ce_s1,28600
1382,0.2177650928497314,0.0569123933234941,3.8263211250305176,0.3039781451225281,canonical,transformer_add97_f0.3_wd1.0_softmax_ce_s1,28600
1485,0.1868176460266113,0.0540094598750731,3.458980083465576,0.3030671179294586,canonical,transformer_add97_f0.3_wd1.0_softmax_ce_s1,28600
1595,0.1587147712707519,0.0512725481084978,3.095511674880981,0.3042818009853363,canonical,transformer_add97_f0.3_wd1.0_softmax_ce_s1,28600
1713,0.1323661804199218,0.0478069974514829,2.76876163482666,0.3035226166248321,canonical,transformer_add97_f0.3_wd1.0_softmax_ce_s1,28600
1841,0.1168615818023681,0.0477189665545783,2.4489545822143555,0.2213786840438842,canonical,transformer_add97_f0.3_wd1.0_softmax_ce_s1,28600
1977,0.1134533882141113,0.0532399699977086,2.1309814453125,0.3056483566761017,canonical,transformer_add97_f0.3_wd1.0_softmax_ce_s1,28600
2124,0.0875465869903564,0.0475122286438583,1.84261167049408,0.3047373294830322,canonical,transformer_add97_f0.3_wd1.0_softmax_ce_s1,28600
2282,0.0650347471237182,0.0411503553006659,1.5804176330566406,0.3050409853458404,canonical,transformer_add97_f0.3_wd1.0_softmax_ce_s1,28600
2451,0.0612175464630126,0.0457559207241897,1.337915301322937,0.3051928281784057,canonical,transformer_add97_f0.3_wd1.0_softmax_ce_s1,28600
2633,0.0510178804397583,0.0449685008559344,1.1345248222351074,0.3042818009853363,canonical,transformer_add97_f0.3_wd1.0_softmax_ce_s1,28600
2828,0.0356566905975341,0.0375808893431837,0.9487984776496888,0.3048891723155975,canonical,transformer_add97_f0.3_wd1.0_softmax_ce_s1,28600
3038,0.0319914817810058,0.0410244588409402,0.7798148393630981,0.3051928281784057,canonical,transformer_add97_f0.3_wd1.0_softmax_ce_s1,28600
3264,0.0287596583366394,0.0465289968358812,0.6181018352508545,0.306711196899414,canonical,transformer_add97_f0.3_wd1.0_softmax_ce_s1,28600
3506,0.0256291031837463,0.0522494443897966,0.4905143678188324,0.3064075410366058,canonical,transformer_add97_f0.3_wd1.0_softmax_ce_s1,28600
3766,0.0258431434631347,0.0666532666097612,0.3877250850200653,0.3070148825645447,canonical,transformer_add97_f0.3_wd1.0_softmax_ce_s1,28600
4046,0.0192301869392395,0.0642383462482085,0.2993568181991577,0.30716672539711,canonical,transformer_add97_f0.3_wd1.0_softmax_ce_s1,28600
4346,0.0155201256275177,0.066991972705578,0.2316714227199554,0.3061038553714752,canonical,transformer_add97_f0.3_wd1.0_softmax_ce_s1,28600
4669,0.0110484361648559,0.0651085188814775,0.1696926355361938,0.3073185682296753,canonical,transformer_add97_f0.3_wd1.0_softmax_ce_s1,28600
5015,0.00730861723423,0.0520638370686902,0.1403779983520507,0.3068630397319793,canonical,transformer_add97_f0.3_wd1.0_softmax_ce_s1,28600
5388,0.0093458443880081,0.0703963782942339,0.1327603012323379,0.3061038553714752,canonical,transformer_add97_f0.3_wd1.0_softmax_ce_s1,28600
5788,0.0069331005215644,0.0594802451400821,0.1165613979101181,0.3065593540668487,canonical,transformer_add97_f0.3_wd1.0_softmax_ce_s1,28600
6217,0.0073950663208961,0.0631275595212616,0.1171448156237602,0.3079259097576141,canonical,transformer_add97_f0.3_wd1.0_softmax_ce_s1,28600
6679,0.0067811012268066,0.0606716111317058,0.1117672845721244,0.3068630397319793,canonical,transformer_add97_f0.3_wd1.0_softmax_ce_s1,28600
7174,0.0052309855818748,0.0487319974398888,0.1073419079184532,0.3074703812599182,canonical,transformer_add97_f0.3_wd1.0_softmax_ce_s1,28600
7707,0.0066916272044181,0.0591720284080551,0.1130876764655113,0.3076222240924835,canonical,transformer_add97_f0.3_wd1.0_softmax_ce_s1,28600
8279,0.0050089806318283,0.0460660647944203,0.1087347194552421,0.3077740669250488,canonical,transformer_add97_f0.3_wd1.0_softmax_ce_s1,28600
8893,0.0073118805885314,0.0667558573199868,0.1095316708087921,0.308533251285553,canonical,transformer_add97_f0.3_wd1.0_softmax_ce_s1,28600
9553,0.0067218393087387,0.0622934805304132,0.1079059839248657,0.3103553056716919,canonical,transformer_add97_f0.3_wd1.0_softmax_ce_s1,28600
10263,0.0077206715941429,0.0729560223985509,0.1058263778686523,0.3105071485042572,canonical,transformer_add97_f0.3_wd1.0_softmax_ce_s1,28600
11024,0.0103202536702156,0.0799092958957471,0.1291496008634567,0.3132402002811432,canonical,transformer_add97_f0.3_wd1.0_softmax_ce_s1,28600
11843,0.0062693431973457,0.0583451202508268,0.107452742755413,0.3112663328647613,canonical,transformer_add97_f0.3_wd1.0_softmax_ce_s1,28600
12722,0.0054110661149024,0.0510557250123006,0.1059835329651832,0.3133920431137085,canonical,transformer_add97_f0.3_wd1.0_softmax_ce_s1,28600
13666,0.0047603696584701,0.0443752200352528,0.107275404036045,0.318250834941864,canonical,transformer_add97_f0.3_wd1.0_softmax_ce_s1,28600
14680,0.005034789443016,0.0431880376910948,0.1165783330798149,0.3205283880233764,canonical,transformer_add97_f0.3_wd1.0_softmax_ce_s1,28600
15770,0.0070526003837585,0.0619796000774987,0.1137890592217445,0.3238688111305237,canonical,transformer_add97_f0.3_wd1.0_softmax_ce_s1,28600
16940,0.0076786950230598,0.0694987467032303,0.1104868128895759,0.329334944486618,canonical,transformer_add97_f0.3_wd1.0_softmax_ce_s1,28600
18198,0.0070232972502708,0.0625007251906397,0.112371452152729,0.3420892655849457,canonical,transformer_add97_f0.3_wd1.0_softmax_ce_s1,28600
19548,0.0038053542375564,0.0359261337430527,0.1059216186404228,0.3511995077133178,canonical,transformer_add97_f0.3_wd1.0_softmax_ce_s1,28600
20999,0.0059699788689613,0.0549884492119091,0.1085678711533546,0.361676275730133,canonical,transformer_add97_f0.3_wd1.0_softmax_ce_s1,28600
22558,0.0085264146327972,0.0633766164721076,0.1345356553792953,0.4470088183879852,canonical,transformer_add97_f0.3_wd1.0_softmax_ce_s1,28600
24232,0.0045645684003829,0.0424456238321141,0.1075391992926597,0.4873975217342376,canonical,transformer_add97_f0.3_wd1.0_softmax_ce_s1,28600
26031,0.011126160621643,0.0684137712648856,0.1626304239034652,0.6251139044761658,canonical,transformer_add97_f0.3_wd1.0_softmax_ce_s1,28600
27963,0.0052936673164367,0.0520863603854412,0.1016325056552887,0.8103553056716919,canonical,transformer_add97_f0.3_wd1.0_softmax_ce_s1,28600
30039,0.0051391571760177,0.0439307879564349,0.1169830411672592,0.9914970993995668,canonical,transformer_add97_f0.3_wd1.0_softmax_ce_s1,28600
32268,0.0083667039871215,0.0587878261832819,0.1423203498125076,1.0,canonical,transformer_add97_f0.3_wd1.0_softmax_ce_s1,28600
34663,0.0075033754110336,0.0530458238856271,0.141450822353363,1.0,canonical,transformer_add97_f0.3_wd1.0_softmax_ce_s1,28600
37236,0.0056448206305503,0.0510310029331367,0.1106155142188072,1.0,canonical,transformer_add97_f0.3_wd1.0_softmax_ce_s1,28600
40000,0.0055764392018318,0.0567617262168164,0.0982429459691047,1.0,canonical,transformer_add97_f0.3_wd1.0_softmax_ce_s1,28600
0,1.039203643798828,0.0691257447287118,15.033525466918944,0.0116914669051766,canonical,transformer_add97_f0.3_wd1.0_softmax_ce_s2,30000
1,1.0380897521972656,0.0691115258235531,15.020501136779783,0.0098694199696183,canonical,transformer_add97_f0.3_wd1.0_softmax_ce_s2,30000
2,1.0377931594848633,0.0691534818954957,15.007099151611328,0.0083510475233197,canonical,transformer_add97_f0.3_wd1.0_softmax_ce_s2,30000
3,1.0371932983398438,0.0691762193674917,14.993494987487791,0.0085028847679495,canonical,transformer_add97_f0.3_wd1.0_softmax_ce_s2,30000
4,1.0363101959228516,0.069181583113238,14.979567527770996,0.0085028847679495,canonical,transformer_add97_f0.3_wd1.0_softmax_ce_s2,30000
5,1.035243034362793,0.0691757424709404,14.965405464172363,0.0062253265641629,canonical,transformer_add97_f0.3_wd1.0_softmax_ce_s2,30000
6,1.033945083618164,0.069155239821661,14.95107364654541,0.0071363500319421,canonical,transformer_add97_f0.3_wd1.0_softmax_ce_s2,30000
7,1.0324487686157229,0.0691217220525288,14.936676025390623,0.0063771638087928,canonical,transformer_add97_f0.3_wd1.0_softmax_ce_s2,30000
8,1.0307941436767578,0.0690774423452992,14.922297477722168,0.0063771638087928,canonical,transformer_add97_f0.3_wd1.0_softmax_ce_s2,30000
9,1.0290555953979492,0.0690270194508342,14.908011436462402,0.0060734893195331,canonical,transformer_add97_f0.3_wd1.0_softmax_ce_s2,30000
10,1.0272932052612305,0.068974391121446,14.893835067749023,0.0068326755426824,canonical,transformer_add97_f0.3_wd1.0_softmax_ce_s2,30000
11,1.0254411697387695,0.068914935524898,14.879810333251951,0.0065290010534226,canonical,transformer_add97_f0.3_wd1.0_softmax_ce_s2,30000
12,1.0234394073486328,0.0688446201031186,14.865931510925291,0.0062253265641629,canonical,transformer_add97_f0.3_wd1.0_softmax_ce_s2,30000
13,1.021225929260254,0.068759529752734,14.852136611938477,0.0062253265641629,canonical,transformer_add97_f0.3_wd1.0_softmax_ce_s2,30000
14,1.0188016891479492,0.0686599449237584,14.838370323181152,0.0057698148302733,canonical,transformer_add97_f0.3_wd1.0_softmax_ce_s2,30000
15,1.0161724090576172,0.0685464014094568,14.824591636657717,0.0059216520749032,canonical,transformer_add97_f0.3_wd1.0_softmax_ce_s2,30000
16,1.0133552551269531,0.0684199529112993,14.81081485748291,0.0060734893195331,canonical,transformer_add97_f0.3_wd1.0_softmax_ce_s2,30000
18,1.0072908401489258,0.068137584349388,14.78318977355957,0.0072881872765719,canonical,transformer_add97_f0.3_wd1.0_softmax_ce_s2,30000
19,1.0040740966796875,0.0679838540542048,14.769302368164062,0.0068326755426824,canonical,transformer_add97_f0.3_wd1.0_softmax_ce_s2,30000
20,1.0007820129394531,0.0678251711971627,14.755318641662598,0.0075918613001704,canonical,transformer_add97_f0.3_wd1.0_softmax_ce_s2,30000
22,0.9941320419311525,0.0675026693854498,14.727299690246582,0.0068326755426824,canonical,transformer_add97_f0.3_wd1.0_softmax_ce_s2,30000
23,0.9908714294433594,0.0673458088317174,14.713186264038086,0.0071363500319421,canonical,transformer_add97_f0.3_wd1.0_softmax_ce_s2,30000
25,0.9844818115234376,0.0670439288330446,14.684130668640137,0.0081992102786898,canonical,transformer_add97_f0.3_wd1.0_softmax_ce_s2,30000
27,0.978468894958496,0.0667707666885917,14.65415096282959,0.0089583965018391,canonical,transformer_add97_f0.3_wd1.0_softmax_ce_s2,30000
29,0.9732046127319336,0.0665461008660105,14.624517440795898,0.009110233746469,canonical,transformer_add97_f0.3_wd1.0_softmax_ce_s2,30000
31,0.9681243896484376,0.0663285094354021,14.595901489257812,0.0095657454803586,canonical,transformer_add97_f0.3_wd1.0_softmax_ce_s2,30000
33,0.9625129699707032,0.0660733861409084,14.56733226776123,0.011235955171287,canonical,transformer_add97_f0.3_wd1.0_softmax_ce_s2,30000
36,0.9523448944091796,0.0655707198881115,14.523935317993164,0.0107804434373974,canonical,transformer_add97_f0.3_wd1.0_softmax_ce_s2,30000
39,0.9404268264770508,0.0649465162647024,14.480019569396973,0.0142727000638842,canonical,transformer_add97_f0.3_wd1.0_softmax_ce_s2,30000
41,0.9331846237182616,0.064577681635392,14.45057487487793,0.0162465833127498,canonical,transformer_add97_f0.3_wd1.0_softmax_ce_s2,30000
44,0.9250860214233398,0.0642141885630754,14.406255722045898,0.020346188917756,canonical,transformer_add97_f0.3_wd1.0_softmax_ce_s2,30000
48,0.9184675216674804,0.064023127175801,14.345870971679688,0.0271788649260997,canonical,transformer_add97_f0.3_wd1.0_softmax_ce_s2,30000
51,0.9152193069458008,0.0640057245712374,14.299022674560549,0.0331005156040191,canonical,transformer_add97_f0.3_wd1.0_softmax_ce_s2,30000
55,0.9126825332641602,0.0641142244627933,14.235258102416992,0.039781354367733,canonical,transformer_add97_f0.3_wd1.0_softmax_ce_s2,30000
59,0.9097213745117188,0.06419074350034,14.172158241271973,0.0498026125133037,canonical,transformer_add97_f0.3_wd1.0_softmax_ce_s2,30000
64,0.9069766998291016,0.0643452331900197,14.095476150512695,0.0630124509334564,canonical,transformer_add97_f0.3_wd1.0_softmax_ce_s2,30000
68,0.9052114486694336,0.0644939235878723,14.035608291625977,0.0803218930959701,canonical,transformer_add97_f0.3_wd1.0_softmax_ce_s2,30000
73,0.9142122268676758,0.0654766112709513,13.962424278259276,0.0980868488550186,canonical,transformer_add97_f0.3_wd1.0_softmax_ce_s2,30000
79,0.924403190612793,0.0666191568452287,13.875936508178713,0.1231399923563003,canonical,transformer_add97_f0.3_wd1.0_softmax_ce_s2,30000
85,0.9366064071655272,0.0679217595727823,13.78948974609375,0.1557849943637848,canonical,transformer_add97_f0.3_wd1.0_softmax_ce_s2,30000
91,0.9489593505859376,0.0692547267518876,13.702448844909668,0.1881263256072998,canonical,transformer_add97_f0.3_wd1.0_softmax_ce_s2,30000
98,0.9564828872680664,0.0703154265011712,13.60274600982666,0.2324627935886383,canonical,transformer_add97_f0.3_wd1.0_softmax_ce_s2,30000
105,0.9610137939453124,0.0711722548444399,13.502646446228027,0.2658669948577881,canonical,transformer_add97_f0.3_wd1.0_softmax_ce_s2,30000
113,0.962204933166504,0.0718705592667749,13.388026237487791,0.2840874493122101,canonical,transformer_add97_f0.3_wd1.0_softmax_ce_s2,30000
121,0.9553613662719728,0.0719460685118984,13.278854370117188,0.288490742444992,canonical,transformer_add97_f0.3_wd1.0_softmax_ce_s2,30000
130,0.9466171264648438,0.0719345211781433,13.159427642822266,0.290312796831131,canonical,transformer_add97_f0.3_wd1.0_softmax_ce_s2,30000
140,0.9344034194946288,0.0717282150344964,13.026999473571776,0.2910719811916351,canonical,transformer_add97_f0.3_wd1.0_softmax_ce_s2,30000
150,0.9188270568847656,0.071254039591379,12.895087242126465,0.2919830083847046,canonical,transformer_add97_f0.3_wd1.0_softmax_ce_s2,30000
161,0.9057598114013672,0.0710329506349271,12.751262664794922,0.291223794221878,canonical,transformer_add97_f0.3_wd1.0_softmax_ce_s2,30000
173,0.8926115036010742,0.0708587046521467,12.59706211090088,0.2927421927452087,canonical,transformer_add97_f0.3_wd1.0_softmax_ce_s2,30000
186,0.8853750228881836,0.0712084106005523,12.433573722839355,0.2924385070800781,canonical,transformer_add97_f0.3_wd1.0_softmax_ce_s2,30000
200,0.873469352722168,0.0712463520139932,12.259846687316896,0.2928940057754516,canonical,transformer_add97_f0.3_wd1.0_softmax_ce_s2,30000
215,0.8598394393920898,0.0712073533184138,12.075149536132812,0.2928940057754516,canonical,transformer_add97_f0.3_wd1.0_softmax_ce_s2,30000
231,0.8428869247436523,0.0709415348438903,11.881430625915527,0.2927421927452087,canonical,transformer_add97_f0.3_wd1.0_softmax_ce_s2,30000
248,0.8249082565307617,0.070636922873142,11.678145408630373,0.2935013771057129,canonical,transformer_add97_f0.3_wd1.0_softmax_ce_s2,30000
266,0.8062744140625,0.0703063871253757,11.468010902404783,0.2931976914405823,canonical,transformer_add97_f0.3_wd1.0_softmax_ce_s2,30000
286,0.7844991683959961,0.0698123188245287,11.237259864807127,0.2925903499126434,canonical,transformer_add97_f0.3_wd1.0_softmax_ce_s2,30000
307,0.7652664184570312,0.069541554727446,11.00444793701172,0.2941087186336517,canonical,transformer_add97_f0.3_wd1.0_softmax_ce_s2,30000
330,0.7435226440429688,0.0691601053244782,10.750744819641112,0.2944124042987823,canonical,transformer_add97_f0.3_wd1.0_softmax_ce_s2,30000
355,0.7188587188720703,0.0685862334185575,10.481093406677246,0.294260561466217,canonical,transformer_add97_f0.3_wd1.0_softmax_ce_s2,30000
381,0.6974925994873047,0.0683312402215303,10.207521438598633,0.2947160601615906,canonical,transformer_add97_f0.3_wd1.0_softmax_ce_s2,30000
409,0.6734685897827148,0.0678719432622259,9.922636032104492,0.2945642173290252,canonical,transformer_add97_f0.3_wd1.0_softmax_ce_s2,30000
440,0.6476097106933594,0.0673470249976247,9.616010665893556,0.2950197458267212,canonical,transformer_add97_f0.3_wd1.0_softmax_ce_s2,30000
472,0.6302080154418945,0.0677540810078468,9.301403045654297,0.2939568758010864,canonical,transformer_add97_f0.3_wd1.0_softmax_ce_s2,30000
507,0.6098213195800781,0.0679251247669151,8.977846145629883,0.2966899573802948,canonical,transformer_add97_f0.3_wd1.0_softmax_ce_s2,30000
545,0.5857338905334473,0.0677837696572562,8.64121150970459,0.2963862717151642,canonical,transformer_add97_f0.3_wd1.0_softmax_ce_s2,30000
585,0.5589838027954102,0.0673374714370892,8.301229476928711,0.2963862717151642,canonical,transformer_add97_f0.3_wd1.0_softmax_ce_s2,30000
629,0.5315055847167969,0.0669252819750045,7.941775798797607,0.296993613243103,canonical,transformer_add97_f0.3_wd1.0_softmax_ce_s2,30000
676,0.5036916732788086,0.0664966016050191,7.574697971343994,0.2963862717151642,canonical,transformer_add97_f0.3_wd1.0_softmax_ce_s2,30000
726,0.4756007194519043,0.0660356884175513,7.202177047729492,0.296993613243103,canonical,transformer_add97_f0.3_wd1.0_softmax_ce_s2,30000
780,0.4460434913635254,0.0654070715665537,6.819499492645264,0.2976009845733642,canonical,transformer_add97_f0.3_wd1.0_softmax_ce_s2,30000
837,0.4234485626220703,0.065732853858251,6.441962242126465,0.2974491417407989,canonical,transformer_add97_f0.3_wd1.0_softmax_ce_s2,30000
900,0.3951635360717773,0.0653458218653394,6.047265529632568,0.2974491417407989,canonical,transformer_add97_f0.3_wd1.0_softmax_ce_s2,30000
966,0.3680672645568847,0.0650496552733087,5.65825080871582,0.2980564832687378,canonical,transformer_add97_f0.3_wd1.0_softmax_ce_s2,30000
1038,0.340548038482666,0.0646968362568469,5.263751029968262,0.2979046404361725,canonical,transformer_add97_f0.3_wd1.0_softmax_ce_s2,30000
1115,0.3153004646301269,0.0646986233735888,4.873372077941895,0.2968418002128601,canonical,transformer_add97_f0.3_wd1.0_softmax_ce_s2,30000
1198,0.2933239936828613,0.0654410131412877,4.482265472412109,0.2971454560756683,canonical,transformer_add97_f0.3_wd1.0_softmax_ce_s2,30000
1287,0.269033670425415,0.0655765647359431,4.102588653564453,0.2951715886592865,canonical,transformer_add97_f0.3_wd1.0_softmax_ce_s2,30000
1382,0.2401771545410156,0.0643896822951192,3.730056524276733,0.2971454560756683,canonical,transformer_add97_f0.3_wd1.0_softmax_ce_s2,30000
1485,0.2184453010559082,0.0646513088060952,3.378822565078736,0.2962344288825989,canonical,transformer_add97_f0.3_wd1.0_softmax_ce_s2,30000
1595,0.1984114646911621,0.0655651402500179,3.0261731147766118,0.2928940057754516,canonical,transformer_add97_f0.3_wd1.0_softmax_ce_s2,30000
1713,0.1761262416839599,0.0653937467910698,2.693319320678711,0.2977527976036072,canonical,transformer_add97_f0.3_wd1.0_softmax_ce_s2,30000
1841,0.1579988002777099,0.0663888339289873,2.3799002170562744,0.0850288495421409,canonical,transformer_add97_f0.3_wd1.0_softmax_ce_s2,30000
1977,0.1325762271881103,0.0638555224091755,2.07619047164917,0.2980564832687378,canonical,transformer_add97_f0.3_wd1.0_softmax_ce_s2,30000
2124,0.1066186428070068,0.0593464867453417,1.796545147895813,0.2974491417407989,canonical,transformer_add97_f0.3_wd1.0_softmax_ce_s2,30000
2282,0.0849529504776001,0.0548098743714612,1.549957036972046,0.2979046404361725,canonical,transformer_add97_f0.3_wd1.0_softmax_ce_s2,30000
2451,0.072095513343811,0.0548071544070623,1.3154398202896118,0.2979046404361725,canonical,transformer_add97_f0.3_wd1.0_softmax_ce_s2,30000
2633,0.0588080883026123,0.053451945442215,1.1002048254013062,0.2976009845733642,canonical,transformer_add97_f0.3_wd1.0_softmax_ce_s2,30000
2828,0.0521373152732849,0.0567680454311023,0.9184271693229676,0.2974491417407989,canonical,transformer_add97_f0.3_wd1.0_softmax_ce_s2,30000
3038,0.0411707758903503,0.0550674049157272,0.7476432919502258,0.2985119819641113,canonical,transformer_add97_f0.3_wd1.0_softmax_ce_s2,30000
3264,0.0289548635482788,0.0485686562590451,0.5961635708808899,0.2985119819641113,canonical,transformer_add97_f0.3_wd1.0_softmax_ce_s2,30000
3506,0.0265964865684509,0.0560204870906746,0.4747635722160339,0.2989675104618072,canonical,transformer_add97_f0.3_wd1.0_softmax_ce_s2,30000
3766,0.0212971270084381,0.0594924782845165,0.3579801619052887,0.2994230091571808,canonical,transformer_add97_f0.3_wd1.0_softmax_ce_s2,30000
4046,0.01577989757061,0.0566210841090473,0.2786929607391357,0.2991193532943725,canonical,transformer_add97_f0.3_wd1.0_softmax_ce_s2,30000
4346,0.0122063755989074,0.0543806417884438,0.2244617789983749,0.2982083261013031,canonical,transformer_add97_f0.3_wd1.0_softmax_ce_s2,30000
4669,0.0114156305789947,0.0661199722466834,0.1726502627134323,0.2986638247966766,canonical,transformer_add97_f0.3_wd1.0_softmax_ce_s2,30000
5015,0.007551223039627,0.0559127470126775,0.1350536942481994,0.2998785376548767,canonical,transformer_add97_f0.3_wd1.0_softmax_ce_s2,30000
5388,0.0126410126686096,0.0814478195682763,0.1552038192749023,0.2997266948223114,canonical,transformer_add97_f0.3_wd1.0_softmax_ce_s2,30000
5788,0.0065995827317237,0.057788486731197,0.1142023801803588,0.3006377220153808,canonical,transformer_add97_f0.3_wd1.0_softmax_ce_s2,30000
6217,0.0057564303278923,0.0537592585235055,0.1070779338479042,0.3001821935176849,canonical,transformer_add97_f0.3_wd1.0_softmax_ce_s2,30000
6679,0.0087281763553619,0.0714907484255236,0.1220881938934326,0.3001821935176849,canonical,transformer_add97_f0.3_wd1.0_softmax_ce_s2,30000
7174,0.006068967282772,0.0615926514345592,0.0985339507460594,0.2995748519897461,canonical,transformer_add97_f0.3_wd1.0_softmax_ce_s2,30000
7707,0.0084625408053398,0.0647578852160935,0.1306796967983245,0.2994230091571808,canonical,transformer_add97_f0.3_wd1.0_softmax_ce_s2,30000
8279,0.0071632862091064,0.0665388220294825,0.1076557412743568,0.3018524050712585,canonical,transformer_add97_f0.3_wd1.0_softmax_ce_s2,30000
8893,0.0107163414359092,0.0824776526007139,0.12993024289608,0.3020042479038238,canonical,transformer_add97_f0.3_wd1.0_softmax_ce_s2,30000
9553,0.0070991441607475,0.068607620238359,0.1034745723009109,0.3042818009853363,canonical,transformer_add97_f0.3_wd1.0_softmax_ce_s2,30000
10263,0.0066442266106605,0.0627771883683117,0.105838231742382,0.3044336438179016,canonical,transformer_add97_f0.3_wd1.0_softmax_ce_s2,30000
11024,0.0084942132234573,0.05871585431173,0.1446664333343505,0.3035226166248321,canonical,transformer_add97_f0.3_wd1.0_softmax_ce_s2,30000
11843,0.0048841834068298,0.0447867671262188,0.1090541630983352,0.306711196899414,canonical,transformer_add97_f0.3_wd1.0_softmax_ce_s2,30000
12722,0.0049866884946823,0.0455850379087529,0.1093930974602699,0.306711196899414,canonical,transformer_add97_f0.3_wd1.0_softmax_ce_s2,30000
13666,0.007130280137062,0.0648248342225487,0.1099930331110954,0.3098997771739959,canonical,transformer_add97_f0.3_wd1.0_softmax_ce_s2,30000
14680,0.0070561617612838,0.061075457431355,0.1155318692326545,0.3149104118347168,canonical,transformer_add97_f0.3_wd1.0_softmax_ce_s2,30000
15770,0.0054619759321212,0.0491952408734397,0.1110265105962753,0.3171879649162292,canonical,transformer_add97_f0.3_wd1.0_softmax_ce_s2,30000
16940,0.0085386708378791,0.0785239801326363,0.1087396591901779,0.3199210464954376,canonical,transformer_add97_f0.3_wd1.0_softmax_ce_s2,30000
18198,0.0050411596894264,0.0475481347097244,0.1060222387313842,0.3262982070446014,canonical,transformer_add97_f0.3_wd1.0_softmax_ce_s2,30000
19548,0.0056495815515518,0.0540279452973056,0.1045677661895752,0.3341937363147735,canonical,transformer_add97_f0.3_wd1.0_softmax_ce_s2,30000
20999,0.0067338645458221,0.0642710231200435,0.1047729477286338,0.3496811389923095,canonical,transformer_add97_f0.3_wd1.0_softmax_ce_s2,30000
22558,0.0092038810253143,0.0686163179798255,0.1341354548931121,0.3792893886566162,canonical,transformer_add97_f0.3_wd1.0_softmax_ce_s2,30000
24232,0.0089178085327148,0.0625772590703795,0.1425087749958038,0.4965077340602875,canonical,transformer_add97_f0.3_wd1.0_softmax_ce_s2,30000
26031,0.0040119588375091,0.0375484752547657,0.1068474501371383,0.5051624774932861,canonical,transformer_add97_f0.3_wd1.0_softmax_ce_s2,30000
27963,0.0062057673931121,0.0585833781188912,0.1059305146336555,0.743850588798523,canonical,transformer_add97_f0.3_wd1.0_softmax_ce_s2,30000
30039,0.0075762346386909,0.055107388047512,0.1374812871217727,0.9391132593154908,canonical,transformer_add97_f0.3_wd1.0_softmax_ce_s2,30000
32268,0.0068502575159072,0.0456515791653157,0.1500552147626876,0.9892195463180542,canonical,transformer_add97_f0.3_wd1.0_softmax_ce_s2,30000
34663,0.0100957453250885,0.0644944250838243,0.1565367132425308,1.0,canonical,transformer_add97_f0.3_wd1.0_softmax_ce_s2,30000
37236,0.0070689246058464,0.0715532887702268,0.0987924486398696,1.0,canonical,transformer_add97_f0.3_wd1.0_softmax_ce_s2,30000
40000,0.0064524784684181,0.0650641974381127,0.0991709530353546,1.0,canonical,transformer_add97_f0.3_wd1.0_softmax_ce_s2,30000
0,0.9287557601928712,0.0618628717385483,15.013136863708496,0.0113877924159169,canonical,transformer_add97_f0.3_wd1.0_softmax_ce_s3,34700
1,0.9271364212036132,0.0618193883882006,14.997502326965332,0.010173094458878,canonical,transformer_add97_f0.3_wd1.0_softmax_ce_s3,34700
2,0.9267749786376952,0.0618622209451062,14.98127555847168,0.0088065592572093,canonical,transformer_add97_f0.3_wd1.0_softmax_ce_s3,34700
3,0.9268035888671876,0.0619292176337021,14.965530395507812,0.0072881872765719,canonical,transformer_add97_f0.3_wd1.0_softmax_ce_s3,34700
4,0.9270238876342772,0.0620083350562212,14.94998836517334,0.0066808382980525,canonical,transformer_add97_f0.3_wd1.0_softmax_ce_s3,34700
5,0.9271841049194336,0.0620834038422855,14.934492111206056,0.0100212572142481,canonical,transformer_add97_f0.3_wd1.0_softmax_ce_s3,34700
6,0.9272680282592772,0.0621538047312298,14.918926239013672,0.0086547220125794,canonical,transformer_add97_f0.3_wd1.0_softmax_ce_s3,34700
7,0.9273233413696288,0.0622228271501107,14.903265953063965,0.0086547220125794,canonical,transformer_add97_f0.3_wd1.0_softmax_ce_s3,34700
8,0.9274654388427734,0.0622982431067549,14.887505531311035,0.0083510475233197,canonical,transformer_add97_f0.3_wd1.0_softmax_ce_s3,34700
9,0.927769660949707,0.0623849844643056,14.871682167053224,0.0078955357894301,canonical,transformer_add97_f0.3_wd1.0_softmax_ce_s3,34700
10,0.9281635284423828,0.062478253780151,14.855785369873049,0.0088065592572093,canonical,transformer_add97_f0.3_wd1.0_softmax_ce_s3,34700
11,0.9285926818847656,0.0625744867423639,14.839797019958496,0.0083510475233197,canonical,transformer_add97_f0.3_wd1.0_softmax_ce_s3,34700
12,0.9289789199829102,0.0626682822275182,14.823749542236328,0.0069845127873122,canonical,transformer_add97_f0.3_wd1.0_softmax_ce_s3,34700
13,0.9292564392089844,0.0627552299620871,14.80763339996338,0.0063771638087928,canonical,transformer_add97_f0.3_wd1.0_softmax_ce_s3,34700
14,0.929347038269043,0.0628299286762504,14.791470527648926,0.0056179775856435,canonical,transformer_add97_f0.3_wd1.0_softmax_ce_s3,34700
15,0.9292392730712892,0.0628914181999377,14.77529525756836,0.0048587913624942,canonical,transformer_add97_f0.3_wd1.0_softmax_ce_s3,34700
16,0.9289760589599608,0.0629424287637715,14.75913906097412,0.0054661403410136,canonical,transformer_add97_f0.3_wd1.0_softmax_ce_s3,34700
18,0.9281501770019532,0.0630236681642976,14.727009773254396,0.0051624658517539,canonical,transformer_add97_f0.3_wd1.0_softmax_ce_s3,34700
19,0.9275264739990234,0.0630495218234731,14.711078643798828,0.0056179775856435,canonical,transformer_add97_f0.3_wd1.0_softmax_ce_s3,34700
20,0.9266901016235352,0.0630604765483662,14.695260047912598,0.0053143030963838,canonical,transformer_add97_f0.3_wd1.0_softmax_ce_s3,34700
22,0.9244184494018556,0.0630393383972584,14.664152145385742,0.005010628607124,canonical,transformer_add97_f0.3_wd1.0_softmax_ce_s3,34700
23,0.9228897094726562,0.0630003482948201,14.648962020874023,0.0054661403410136,canonical,transformer_add97_f0.3_wd1.0_softmax_ce_s3,34700
25,0.918971061706543,0.0628608291741893,14.619136810302734,0.0053143030963838,canonical,transformer_add97_f0.3_wd1.0_softmax_ce_s3,34700
27,0.9139232635498048,0.0626436960433041,14.589229583740234,0.0057698148302733,canonical,transformer_add97_f0.3_wd1.0_softmax_ce_s3,34700
29,0.907923698425293,0.0623600132733978,14.559389114379885,0.0053143030963838,canonical,transformer_add97_f0.3_wd1.0_softmax_ce_s3,34700
31,0.902928352355957,0.0621447132731176,14.529447555541992,0.0077436985448002,canonical,transformer_add97_f0.3_wd1.0_softmax_ce_s3,34700
33,0.899601936340332,0.0620457405476542,14.499011993408203,0.0092620709910988,canonical,transformer_add97_f0.3_wd1.0_softmax_ce_s3,34700
36,0.8961286544799805,0.0620050580175437,14.452508926391602,0.0106286061927676,canonical,transformer_add97_f0.3_wd1.0_softmax_ce_s3,34700
39,0.8936147689819336,0.062031132773884,14.40590763092041,0.0132098393514752,canonical,transformer_add97_f0.3_wd1.0_softmax_ce_s3,34700
41,0.8926639556884766,0.0620989430270629,14.374865531921388,0.0145763745531439,canonical,transformer_add97_f0.3_wd1.0_softmax_ce_s3,34700
44,0.8913793563842773,0.0622109442338603,14.328336715698242,0.018220467492938,canonical,transformer_add97_f0.3_wd1.0_softmax_ce_s3,34700
48,0.8878097534179688,0.0622265494891156,14.267378807067873,0.0235347710549831,canonical,transformer_add97_f0.3_wd1.0_softmax_ce_s3,34700
51,0.8846969604492188,0.0621890787399041,14.225921630859377,0.0282417256385087,canonical,transformer_add97_f0.3_wd1.0_softmax_ce_s3,34700
55,0.87945556640625,0.0620558253175245,14.172006607055664,0.0378074720501899,canonical,transformer_add97_f0.3_wd1.0_softmax_ce_s3,34700
59,0.8761386871337891,0.062054943770817,14.118757247924805,0.0470695421099662,canonical,transformer_add97_f0.3_wd1.0_softmax_ce_s3,34700
64,0.8757600784301758,0.0623186362039732,14.052940368652344,0.0617977529764175,canonical,transformer_add97_f0.3_wd1.0_softmax_ce_s3,34700
68,0.8774242401123047,0.0626670427409412,14.00136661529541,0.0766777992248535,canonical,transformer_add97_f0.3_wd1.0_softmax_ce_s3,34700
73,0.8798589706420898,0.063129115054887,13.937451362609863,0.0993015468120575,canonical,transformer_add97_f0.3_wd1.0_softmax_ce_s3,34700
79,0.8806076049804688,0.0635391959131629,13.859281539916992,0.1340722739696502,canonical,transformer_add97_f0.3_wd1.0_softmax_ce_s3,34700
85,0.8765506744384766,0.0636206800123374,13.77776336669922,0.1771940439939499,canonical,transformer_add97_f0.3_wd1.0_softmax_ce_s3,34700
91,0.8711929321289062,0.0636240803011012,13.69281768798828,0.2225933820009231,canonical,transformer_add97_f0.3_wd1.0_softmax_ce_s3,34700
98,0.85833740234375,0.0631361353276347,13.595026016235352,0.2610082030296325,canonical,transformer_add97_f0.3_wd1.0_softmax_ce_s3,34700
105,0.840022087097168,0.0622302502373479,13.498613357543944,0.2802915275096893,canonical,transformer_add97_f0.3_wd1.0_softmax_ce_s3,34700
113,0.8219985961914062,0.0613880892457957,13.390196800231934,0.2878834009170532,canonical,transformer_add97_f0.3_wd1.0_softmax_ce_s3,34700
121,0.8048486709594727,0.0605898026316497,13.28356647491455,0.289857268333435,canonical,transformer_add97_f0.3_wd1.0_softmax_ce_s3,34700
130,0.7892351150512695,0.05995052543902,13.16477394104004,0.2897054255008697,canonical,transformer_add97_f0.3_wd1.0_softmax_ce_s3,34700
140,0.7708101272583008,0.0591398345129793,13.033687591552734,0.2910719811916351,canonical,transformer_add97_f0.3_wd1.0_softmax_ce_s3,34700
150,0.7648897171020508,0.0592706030829773,12.905043601989746,0.2918311655521393,canonical,transformer_add97_f0.3_wd1.0_softmax_ce_s3,34700
161,0.761082649230957,0.0596251723449022,12.76445198059082,0.2919830083847046,canonical,transformer_add97_f0.3_wd1.0_softmax_ce_s3,34700
173,0.754643440246582,0.0598359319421389,12.61187744140625,0.2931976914405823,canonical,transformer_add97_f0.3_wd1.0_softmax_ce_s3,34700
186,0.7507438659667969,0.0603097446558658,12.448135375976562,0.2925903499126434,canonical,transformer_add97_f0.3_wd1.0_softmax_ce_s3,34700
200,0.7455883026123047,0.0607437533011389,12.274320602416992,0.2927421927452087,canonical,transformer_add97_f0.3_wd1.0_softmax_ce_s3,34700
215,0.7370405197143555,0.060961907711268,12.090181350708008,0.2930458486080169,canonical,transformer_add97_f0.3_wd1.0_softmax_ce_s3,34700
231,0.7283058166503906,0.0612205993475544,11.896417617797852,0.2933495342731476,canonical,transformer_add97_f0.3_wd1.0_softmax_ce_s3,34700
248,0.7176494598388672,0.0613683300239728,11.694133758544922,0.2936531901359558,canonical,transformer_add97_f0.3_wd1.0_softmax_ce_s3,34700
266,0.7077913284301758,0.0616493367471241,11.480923652648926,0.2957789301872253,canonical,transformer_add97_f0.3_wd1.0_softmax_ce_s3,34700
286,0.6993408203125,0.0621503569921482,11.252402305603027,0.29562708735466,canonical,transformer_add97_f0.3_wd1.0_softmax_ce_s3,34700
307,0.6803150177001953,0.0617562868764362,11.016125679016112,0.2959307730197906,canonical,transformer_add97_f0.3_wd1.0_softmax_ce_s3,34700
330,0.6668930053710938,0.0619531662172703,10.764470100402832,0.2954752445220947,canonical,transformer_add97_f0.3_wd1.0_softmax_ce_s3,34700
355,0.6519756317138672,0.0621156308791677,10.496160507202148,0.29562708735466,canonical,transformer_add97_f0.3_wd1.0_softmax_ce_s3,34700
381,0.6359367370605469,0.062200657911306,10.223955154418944,0.2957789301872253,canonical,transformer_add97_f0.3_wd1.0_softmax_ce_s3,34700
409,0.6197881698608398,0.0623584474421421,9.93912124633789,0.2980564832687378,canonical,transformer_add97_f0.3_wd1.0_softmax_ce_s3,34700
440,0.5929431915283203,0.0615568523637884,9.632448196411133,0.2977527976036072,canonical,transformer_add97_f0.3_wd1.0_softmax_ce_s3,34700
472,0.5733957290649414,0.0614885185788187,9.32524871826172,0.2977527976036072,canonical,transformer_add97_f0.3_wd1.0_softmax_ce_s3,34700
507,0.5524187088012695,0.0613749658823708,9.000717163085938,0.2972972989082336,canonical,transformer_add97_f0.3_wd1.0_softmax_ce_s3,34700
545,0.5306186676025391,0.061265030822787,8.661036491394043,0.2976009845733642,canonical,transformer_add97_f0.3_wd1.0_softmax_ce_s3,34700
585,0.5095806121826172,0.0612713611937649,8.31678295135498,0.2979046404361725,canonical,transformer_add97_f0.3_wd1.0_softmax_ce_s3,34700
629,0.4883198738098144,0.0613991225656184,7.9532060623168945,0.2980564832687378,canonical,transformer_add97_f0.3_wd1.0_softmax_ce_s3,34700
676,0.4628410339355469,0.0609757484189398,7.590575695037842,0.2976009845733642,canonical,transformer_add97_f0.3_wd1.0_softmax_ce_s3,34700
726,0.4400343894958496,0.0609511459015425,7.219460487365723,0.2982083261013031,canonical,transformer_add97_f0.3_wd1.0_softmax_ce_s3,34700
780,0.4189381599426269,0.0612650012879515,6.838131904602051,0.2983601689338684,canonical,transformer_add97_f0.3_wd1.0_softmax_ce_s3,34700
837,0.3966283798217773,0.0614283874344869,6.456760406494141,0.2983601689338684,canonical,transformer_add97_f0.3_wd1.0_softmax_ce_s3,34700
900,0.373697280883789,0.0616647629038257,6.060142993927002,0.2986638247966766,canonical,transformer_add97_f0.3_wd1.0_softmax_ce_s3,34700
966,0.3381376266479492,0.0596598562192131,5.667757987976074,0.2913756370544433,canonical,transformer_add97_f0.3_wd1.0_softmax_ce_s3,34700
1038,0.3038105964660644,0.0575799862108866,5.276322841644287,0.2979046404361725,canonical,transformer_add97_f0.3_wd1.0_softmax_ce_s3,34700
1115,0.2828459739685058,0.0579471822537749,4.881099700927734,0.2980564832687378,canonical,transformer_add97_f0.3_wd1.0_softmax_ce_s3,34700
1198,0.2530779838562011,0.0562883418015306,4.496099472045898,0.2935013771057129,canonical,transformer_add97_f0.3_wd1.0_softmax_ce_s3,34700
1287,0.2363669872283935,0.0575207914863693,4.109244346618652,0.2979046404361725,canonical,transformer_add97_f0.3_wd1.0_softmax_ce_s3,34700
1382,0.20098876953125,0.0537547804157188,3.738993406295776,0.2972972989082336,canonical,transformer_add97_f0.3_wd1.0_softmax_ce_s3,34700
1485,0.1854784488677978,0.0550550176515776,3.3689653873443604,0.2976009845733642,canonical,transformer_add97_f0.3_wd1.0_softmax_ce_s3,34700
1595,0.1717615127563476,0.0567550499878047,3.026365280151367,0.2055876106023788,canonical,transformer_add97_f0.3_wd1.0_softmax_ce_s3,34700
1713,0.1433324813842773,0.0533240707913894,2.687950849533081,0.2980564832687378,canonical,transformer_add97_f0.3_wd1.0_softmax_ce_s3,34700
1841,0.127500295639038,0.0537815648330968,2.37070631980896,0.2988156676292419,canonical,transformer_add97_f0.3_wd1.0_softmax_ce_s3,34700
1977,0.1156128644943237,0.0552507814220656,2.092510938644409,0.2986638247966766,canonical,transformer_add97_f0.3_wd1.0_softmax_ce_s3,34700
2124,0.1046103239059448,0.0574667217102776,1.820363521575928,0.2966899573802948,canonical,transformer_add97_f0.3_wd1.0_softmax_ce_s3,34700
2282,0.0788778066635131,0.0502771158674099,1.5688610076904297,0.29562708735466,canonical,transformer_add97_f0.3_wd1.0_softmax_ce_s3,34700
2451,0.063389778137207,0.0478831107201034,1.3238441944122314,0.2723959982395172,canonical,transformer_add97_f0.3_wd1.0_softmax_ce_s3,34700
2633,0.0561692714691162,0.0499462410784729,1.1245945692062378,0.2991193532943725,canonical,transformer_add97_f0.3_wd1.0_softmax_ce_s3,34700
2828,0.0388144254684448,0.0419506304241826,0.9252405762672424,0.2998785376548767,canonical,transformer_add97_f0.3_wd1.0_softmax_ce_s3,34700
3038,0.0382353067398071,0.0500977225865613,0.7632144689559937,0.2991193532943725,canonical,transformer_add97_f0.3_wd1.0_softmax_ce_s3,34700
3264,0.0256000757217407,0.0420003895933209,0.6095199584960938,0.2995748519897461,canonical,transformer_add97_f0.3_wd1.0_softmax_ce_s3,34700
3506,0.0177292227745056,0.0370585285840378,0.4784114062786102,0.3003340363502502,canonical,transformer_add97_f0.3_wd1.0_softmax_ce_s3,34700
3766,0.0117029845714569,0.0314076307152962,0.3726159632205963,0.3004858791828155,canonical,transformer_add97_f0.3_wd1.0_softmax_ce_s3,34700
4046,0.0131460428237915,0.0453697796257693,0.2897532880306244,0.3009413778781891,canonical,transformer_add97_f0.3_wd1.0_softmax_ce_s3,34700
4346,0.0133256167173385,0.0561920974771248,0.2371439635753631,0.3010932207107544,canonical,transformer_add97_f0.3_wd1.0_softmax_ce_s3,34700
4669,0.0105398148298263,0.0611207667335181,0.1724424511194229,0.3007895648479461,canonical,transformer_add97_f0.3_wd1.0_softmax_ce_s3,34700
5015,0.0079635232686996,0.0571547221040759,0.1393327265977859,0.3006377220153808,canonical,transformer_add97_f0.3_wd1.0_softmax_ce_s3,34700
5388,0.012590155005455,0.0857248607686687,0.1468670219182968,0.2998785376548767,canonical,transformer_add97_f0.3_wd1.0_softmax_ce_s3,34700
5788,0.0079661011695861,0.0697694784046448,0.1141774505376815,0.3009413778781891,canonical,transformer_add97_f0.3_wd1.0_softmax_ce_s3,34700
6217,0.0055901184678077,0.0514329308461581,0.1086875349283218,0.3007895648479461,canonical,transformer_add97_f0.3_wd1.0_softmax_ce_s3,34700
6679,0.0071727931499481,0.0624450890286638,0.1148656085133552,0.2995748519897461,canonical,transformer_add97_f0.3_wd1.0_softmax_ce_s3,34700
7174,0.0069277733564376,0.0658605607345036,0.1051884964108467,0.3017005622386932,canonical,transformer_add97_f0.3_wd1.0_softmax_ce_s3,34700
7707,0.0078813135623931,0.0708752851009418,0.1111997440457344,0.3006377220153808,canonical,transformer_add97_f0.3_wd1.0_softmax_ce_s3,34700
8279,0.0068932324647903,0.0682512337419999,0.1009979173541069,0.301396906375885,canonical,transformer_add97_f0.3_wd1.0_softmax_ce_s3,34700
8893,0.005176194012165,0.0481680844191028,0.1074610725045204,0.3004858791828155,canonical,transformer_add97_f0.3_wd1.0_softmax_ce_s3,34700
9553,0.0093840360641479,0.0640327846816373,0.1465504914522171,0.2982083261013031,canonical,transformer_add97_f0.3_wd1.0_softmax_ce_s3,34700
10263,0.0068609789013862,0.0627792843530406,0.1092873066663742,0.3004858791828155,canonical,transformer_add97_f0.3_wd1.0_softmax_ce_s3,34700
11024,0.0065986737608909,0.057464110843325,0.1148312166333198,0.3026115894317627,canonical,transformer_add97_f0.3_wd1.0_softmax_ce_s3,34700
11843,0.0093741565942764,0.0627808835004542,0.1493154615163803,0.3017005622386932,canonical,transformer_add97_f0.3_wd1.0_softmax_ce_s3,34700
12722,0.0065258741378784,0.0593579628995111,0.1099410057067871,0.3021560907363891,canonical,transformer_add97_f0.3_wd1.0_softmax_ce_s3,34700
13666,0.0058832094073295,0.056342402800684,0.104418858885765,0.3045854866504669,canonical,transformer_add97_f0.3_wd1.0_softmax_ce_s3,34700
14680,0.0058942809700965,0.0561851759972938,0.1049081161618232,0.3058001697063446,canonical,transformer_add97_f0.3_wd1.0_softmax_ce_s3,34700
15770,0.0070313736796379,0.0635294201595332,0.1106790155172348,0.3032189607620239,canonical,transformer_add97_f0.3_wd1.0_softmax_ce_s3,34700
16940,0.0089854747056961,0.07330599962083,0.1225748881697654,0.30716672539711,canonical,transformer_add97_f0.3_wd1.0_softmax_ce_s3,34700
18198,0.0078434497117996,0.0694041277896176,0.113011285662651,0.30716672539711,canonical,transformer_add97_f0.3_wd1.0_softmax_ce_s3,34700
19548,0.0069296732544898,0.0656981710523722,0.1054774150252342,0.3108108043670654,canonical,transformer_add97_f0.3_wd1.0_softmax_ce_s3,34700
20999,0.005727395415306,0.0517528642152976,0.1106681823730468,0.3135438859462738,canonical,transformer_add97_f0.3_wd1.0_softmax_ce_s3,34700
22558,0.0082205235958099,0.0537786713323525,0.1528584361076355,0.318250834941864,canonical,transformer_add97_f0.3_wd1.0_softmax_ce_s3,34700
24232,0.0054142475128173,0.047543192594785,0.1138806045055389,0.3341937363147735,canonical,transformer_add97_f0.3_wd1.0_softmax_ce_s3,34700
26031,0.0118283480405807,0.0765822752447552,0.1544528156518936,0.362131804227829,canonical,transformer_add97_f0.3_wd1.0_softmax_ce_s3,34700
27963,0.0060888975858688,0.05668853360547,0.1074096858501434,0.3792893886566162,canonical,transformer_add97_f0.3_wd1.0_softmax_ce_s3,34700
30039,0.0071448385715484,0.0667365327197703,0.1070603802800178,0.4746431708335876,canonical,transformer_add97_f0.3_wd1.0_softmax_ce_s3,34700
32268,0.0057150498032569,0.0510204101994127,0.1120149716734886,0.6645915508270264,canonical,transformer_add97_f0.3_wd1.0_softmax_ce_s3,34700
34663,0.0100408792495727,0.0626377106660039,0.1603008657693863,0.9682660102844238,canonical,transformer_add97_f0.3_wd1.0_softmax_ce_s3,34700
37236,0.0069703087210655,0.0503762146730991,0.1383650749921798,0.9987853169441224,canonical,transformer_add97_f0.3_wd1.0_softmax_ce_s3,34700
40000,0.0058179423213005,0.0574007062849896,0.1013566330075264,1.0,canonical,transformer_add97_f0.3_wd1.0_softmax_ce_s3,34700
0,0.8146324157714844,0.0540350869646434,15.075989723205566,0.0103249317035079,canonical,transformer_add97_f0.3_wd1.0_softmax_ce_s4,25700
1,0.8135662078857422,0.0540195655225783,15.06058406829834,0.0083510475233197,canonical,transformer_add97_f0.3_wd1.0_softmax_ce_s4,25700
2,0.81298828125,0.0540361343829372,15.045270919799805,0.0092620709910988,canonical,transformer_add97_f0.3_wd1.0_softmax_ce_s4,25700
3,0.8122425079345703,0.0540422724889224,15.029762268066406,0.0097175827249884,canonical,transformer_add97_f0.3_wd1.0_softmax_ce_s4,25700
4,0.8115692138671875,0.0540533845390749,15.014216423034668,0.0097175827249884,canonical,transformer_add97_f0.3_wd1.0_softmax_ce_s4,25700
5,0.8107833862304688,0.0540568311153217,14.998722076416016,0.0094139082357287,canonical,transformer_add97_f0.3_wd1.0_softmax_ce_s4,25700
6,0.8099470138549805,0.0540564056214674,14.983367919921877,0.0077436985448002,canonical,transformer_add97_f0.3_wd1.0_softmax_ce_s4,25700
7,0.809147834777832,0.0540580542393196,14.968127250671388,0.0078955357894301,canonical,transformer_add97_f0.3_wd1.0_softmax_ce_s4,25700
8,0.8084993362426758,0.0540696246078583,14.952930450439451,0.0088065592572093,canonical,transformer_add97_f0.3_wd1.0_softmax_ce_s4,25700
9,0.8080320358276367,0.054093103549544,14.937801361083984,0.0085028847679495,canonical,transformer_add97_f0.3_wd1.0_softmax_ce_s4,25700
10,0.8077545166015625,0.054129150561175,14.92272663116455,0.0071363500319421,canonical,transformer_add97_f0.3_wd1.0_softmax_ce_s4,25700
11,0.8076715469360352,0.0541781509616101,14.90769863128662,0.0051624658517539,canonical,transformer_add97_f0.3_wd1.0_softmax_ce_s4,25700
12,0.8078203201293945,0.0542427208084874,14.892695426940918,0.0053143030963838,canonical,transformer_add97_f0.3_wd1.0_softmax_ce_s4,25700
13,0.8081855773925781,0.0543216758257889,14.87777328491211,0.0054661403410136,canonical,transformer_add97_f0.3_wd1.0_softmax_ce_s4,25700
14,0.8087453842163086,0.0544134775203555,14.862960815429688,0.0062253265641629,canonical,transformer_add97_f0.3_wd1.0_softmax_ce_s4,25700
15,0.8093900680541992,0.0545107410708488,14.848267555236816,0.0057698148302733,canonical,transformer_add97_f0.3_wd1.0_softmax_ce_s4,25700
16,0.8099870681762695,0.054604807196522,14.833621978759766,0.0062253265641629,canonical,transformer_add97_f0.3_wd1.0_softmax_ce_s4,25700
18,0.810887336730957,0.0547729794098787,14.804513931274414,0.0051624658517539,canonical,transformer_add97_f0.3_wd1.0_softmax_ce_s4,25700
19,0.8074541091918945,0.0545941619478219,14.790118217468262,0.0047069541178643,canonical,transformer_add97_f0.3_wd1.0_softmax_ce_s4,25700
20,0.803980827331543,0.0544118357029575,14.77584457397461,0.0053143030963838,canonical,transformer_add97_f0.3_wd1.0_softmax_ce_s4,25700
22,0.7970590591430664,0.0540471172169896,14.747485160827637,0.0051624658517539,canonical,transformer_add97_f0.3_wd1.0_softmax_ce_s4,25700
23,0.7937917709350586,0.0538776417473514,14.733231544494627,0.0053143030963838,canonical,transformer_add97_f0.3_wd1.0_softmax_ce_s4,25700
25,0.787480354309082,0.0535547116339637,14.704221725463867,0.0048587913624942,canonical,transformer_add97_f0.3_wd1.0_softmax_ce_s4,25700
27,0.7804288864135742,0.0531831624530079,14.674360275268556,0.0045551168732345,canonical,transformer_add97_f0.3_wd1.0_softmax_ce_s4,25700
29,0.7722139358520508,0.052732232661468,14.64405918121338,0.0053143030963838,canonical,transformer_add97_f0.3_wd1.0_softmax_ce_s4,25700
31,0.7636909484863281,0.0522577439103774,14.61392879486084,0.0059216520749032,canonical,transformer_add97_f0.3_wd1.0_softmax_ce_s4,25700
33,0.756047248840332,0.0518392781173906,14.584447860717772,0.00804737303406,canonical,transformer_add97_f0.3_wd1.0_softmax_ce_s4,25700
36,0.7497358322143555,0.0515580952056162,14.541573524475098,0.0098694199696183,canonical,transformer_add97_f0.3_wd1.0_softmax_ce_s4,25700
39,0.7494907379150391,0.0516939463268262,14.498617172241213,0.0121469786390662,canonical,transformer_add97_f0.3_wd1.0_softmax_ce_s4,25700
41,0.7508535385131836,0.0518935178630701,14.469120025634766,0.013361676596105,canonical,transformer_add97_f0.3_wd1.0_softmax_ce_s4,25700
44,0.7533178329467773,0.0522259833574723,14.424196243286133,0.0151837226003408,canonical,transformer_add97_f0.3_wd1.0_softmax_ce_s4,25700
48,0.7570791244506836,0.0527033770911012,14.364907264709473,0.0201943516731262,canonical,transformer_add97_f0.3_wd1.0_softmax_ce_s4,25700
51,0.7599906921386719,0.0530707398089419,14.32033348083496,0.0242939572781324,canonical,transformer_add97_f0.3_wd1.0_softmax_ce_s4,25700
55,0.7633590698242188,0.0535234976406103,14.262129783630373,0.0335560292005538,canonical,transformer_add97_f0.3_wd1.0_softmax_ce_s4,25700
59,0.7650442123413086,0.0538483875696827,14.207374572753906,0.0414515621960163,canonical,transformer_add97_f0.3_wd1.0_softmax_ce_s4,25700
64,0.7596101760864258,0.0537182995642493,14.14062213897705,0.0548132397234439,canonical,transformer_add97_f0.3_wd1.0_softmax_ce_s4,25700
68,0.7519855499267578,0.0533842762165119,14.086274147033691,0.0665047094225883,canonical,transformer_add97_f0.3_wd1.0_softmax_ce_s4,25700
73,0.7424602508544922,0.0529594716773565,14.019404411315918,0.0850288495421409,canonical,transformer_add97_f0.3_wd1.0_softmax_ce_s4,25700
79,0.7366533279418945,0.0528456433132357,13.939717292785645,0.113877922296524,canonical,transformer_add97_f0.3_wd1.0_softmax_ce_s4,25700
85,0.732457160949707,0.0528457220077379,13.860292434692385,0.1565441787242889,canonical,transformer_add97_f0.3_wd1.0_softmax_ce_s4,25700
91,0.7284107208251953,0.0528576467615717,13.780611991882324,0.1961736977100372,canonical,transformer_add97_f0.3_wd1.0_softmax_ce_s4,25700
98,0.7213754653930664,0.052707879623037,13.68629264831543,0.2362587302923202,canonical,transformer_add97_f0.3_wd1.0_softmax_ce_s4,25700
105,0.7107019424438477,0.0523000256087481,13.588940620422363,0.2663224935531616,canonical,transformer_add97_f0.3_wd1.0_softmax_ce_s4,25700
113,0.6982927322387695,0.0518101055366273,13.477925300598145,0.2758882343769073,canonical,transformer_add97_f0.3_wd1.0_softmax_ce_s4,25700
121,0.689178466796875,0.0515546598990189,13.367918014526367,0.2786213159561157,canonical,transformer_add97_f0.3_wd1.0_softmax_ce_s4,25700
130,0.6794939041137695,0.0512954660775099,13.246665954589844,0.2792286574840545,canonical,transformer_add97_f0.3_wd1.0_softmax_ce_s4,25700
140,0.6670284271240234,0.0508607082104379,13.114808082580566,0.2808988690376282,canonical,transformer_add97_f0.3_wd1.0_softmax_ce_s4,25700
150,0.6561431884765625,0.0505332566832166,12.984383583068848,0.2819617390632629,canonical,transformer_add97_f0.3_wd1.0_softmax_ce_s4,25700
161,0.6454505920410156,0.0502565534366279,12.84311294555664,0.2828727662563324,canonical,transformer_add97_f0.3_wd1.0_softmax_ce_s4,25700
173,0.6349592208862305,0.0500340384734321,12.690545082092283,0.2836319506168365,canonical,transformer_add97_f0.3_wd1.0_softmax_ce_s4,25700
186,0.6254043579101562,0.0499265966717987,12.526476860046388,0.2839356064796448,canonical,transformer_add97_f0.3_wd1.0_softmax_ce_s4,25700
200,0.6156558990478516,0.0498452551913036,12.351344108581545,0.2840874493122101,canonical,transformer_add97_f0.3_wd1.0_softmax_ce_s4,25700
215,0.6034126281738281,0.0495970422565351,12.166302680969238,0.2851503193378448,canonical,transformer_add97_f0.3_wd1.0_softmax_ce_s4,25700
231,0.5914716720581055,0.0494069915095587,11.971416473388672,0.2857576608657837,canonical,transformer_add97_f0.3_wd1.0_softmax_ce_s4,25700
248,0.5777521133422852,0.0490924313717926,11.768659591674805,0.2860613465309143,canonical,transformer_add97_f0.3_wd1.0_softmax_ce_s4,25700
266,0.5640077590942383,0.0487932276166673,11.5591402053833,0.2868205308914184,canonical,transformer_add97_f0.3_wd1.0_softmax_ce_s4,25700
286,0.548680305480957,0.0484336571459118,11.328492164611816,0.2878834009170532,canonical,transformer_add97_f0.3_wd1.0_softmax_ce_s4,25700
307,0.5352869033813477,0.0482497372130103,11.09408950805664,0.2874278724193573,canonical,transformer_add97_f0.3_wd1.0_softmax_ce_s4,25700
330,0.521885871887207,0.0481384640258804,10.841348648071287,0.2875797152519226,canonical,transformer_add97_f0.3_wd1.0_softmax_ce_s4,25700
355,0.5063362121582031,0.0478849157356547,10.574023246765137,0.2854540050029754,canonical,transformer_add97_f0.3_wd1.0_softmax_ce_s4,25700
381,0.4883756637573242,0.047393175887608,10.304767608642578,0.2906164526939392,canonical,transformer_add97_f0.3_wd1.0_softmax_ce_s4,25700
409,0.4714126586914062,0.0470481813839919,10.019784927368164,0.2900091111660003,canonical,transformer_add97_f0.3_wd1.0_softmax_ce_s4,25700
440,0.4559621810913086,0.0469445321040779,9.712785720825195,0.2906164526939392,canonical,transformer_add97_f0.3_wd1.0_softmax_ce_s4,25700
472,0.4397163391113281,0.046753992649983,9.40489387512207,0.290312796831131,canonical,transformer_add97_f0.3_wd1.0_softmax_ce_s4,25700
507,0.4221572875976562,0.0464810988617977,9.082343101501465,0.2907682955265045,canonical,transformer_add97_f0.3_wd1.0_softmax_ce_s4,25700
545,0.4033403396606445,0.0461291309836397,8.743722915649414,0.2909201383590698,canonical,transformer_add97_f0.3_wd1.0_softmax_ce_s4,25700
585,0.3846683502197265,0.0457914930274103,8.400432586669922,0.2918311655521393,canonical,transformer_add97_f0.3_wd1.0_softmax_ce_s4,25700
629,0.3745508193969726,0.0465980996513195,8.037899017333984,0.291679322719574,canonical,transformer_add97_f0.3_wd1.0_softmax_ce_s4,25700
676,0.3531651496887207,0.0460611959327093,7.667303085327148,0.2918311655521393,canonical,transformer_add97_f0.3_wd1.0_softmax_ce_s4,25700
726,0.3323416709899902,0.0455813127938138,7.291182518005371,0.2921348214149475,canonical,transformer_add97_f0.3_wd1.0_softmax_ce_s4,25700
780,0.31231689453125,0.0452231644712144,6.906126499176025,0.2930458486080169,canonical,transformer_add97_f0.3_wd1.0_softmax_ce_s4,25700
837,0.2935247421264648,0.0450059038782814,6.521916389465332,0.2928940057754516,canonical,transformer_add97_f0.3_wd1.0_softmax_ce_s4,25700
900,0.2757124900817871,0.045053248232987,6.1197028160095215,0.0241421200335025,canonical,transformer_add97_f0.3_wd1.0_softmax_ce_s4,25700
966,0.2597894668579101,0.0452629501097141,5.739561080932617,0.2922866642475128,canonical,transformer_add97_f0.3_wd1.0_softmax_ce_s4,25700
1038,0.2389168739318847,0.0447807255327489,5.335261344909668,0.2927421927452087,canonical,transformer_add97_f0.3_wd1.0_softmax_ce_s4,25700
1115,0.2219161987304687,0.0449173685729369,4.940543174743652,0.285909503698349,canonical,transformer_add97_f0.3_wd1.0_softmax_ce_s4,25700
1198,0.202338695526123,0.0445403288175985,4.542819976806641,0.2930458486080169,canonical,transformer_add97_f0.3_wd1.0_softmax_ce_s4,25700
1287,0.1847381591796875,0.0445389634882447,4.147787570953369,0.2938050329685211,canonical,transformer_add97_f0.3_wd1.0_softmax_ce_s4,25700
1382,0.16778564453125,0.0443974764732375,3.7791707515716553,0.2925903499126434,canonical,transformer_add97_f0.3_wd1.0_softmax_ce_s4,25700
1485,0.1504707336425781,0.0441980685824998,3.40446400642395,0.2935013771057129,canonical,transformer_add97_f0.3_wd1.0_softmax_ce_s4,25700
1595,0.1418757438659668,0.0465260395548349,3.049383640289306,0.2928940057754516,canonical,transformer_add97_f0.3_wd1.0_softmax_ce_s4,25700
1713,0.1388390064239502,0.0510796869009298,2.7180864810943604,0.189492866396904,canonical,transformer_add97_f0.3_wd1.0_softmax_ce_s4,25700
1841,0.1157662868499755,0.0483940654058762,2.3921587467193604,0.2928940057754516,canonical,transformer_add97_f0.3_wd1.0_softmax_ce_s4,25700
1977,0.0978130102157592,0.0466784123827229,2.095465660095215,0.2935013771057129,canonical,transformer_add97_f0.3_wd1.0_softmax_ce_s4,25700
2124,0.0829919576644897,0.0459213258411091,1.807263970375061,0.2938050329685211,canonical,transformer_add97_f0.3_wd1.0_softmax_ce_s4,25700
2282,0.0720785856246948,0.0465451536233557,1.54857337474823,0.0412997268140316,canonical,transformer_add97_f0.3_wd1.0_softmax_ce_s4,25700
2451,0.0614821910858154,0.0463768882227522,1.3257075548171997,0.294260561466217,canonical,transformer_add97_f0.3_wd1.0_softmax_ce_s4,25700
2633,0.0543822050094604,0.0490744887336757,1.1081563234329224,0.29562708735466,canonical,transformer_add97_f0.3_wd1.0_softmax_ce_s4,25700
2828,0.0528103113174438,0.0579046201418098,0.9120224118232728,0.2960825860500335,canonical,transformer_add97_f0.3_wd1.0_softmax_ce_s4,25700
3038,0.051100730895996,0.0670936163678973,0.7616332769393921,0.2953234016895294,canonical,transformer_add97_f0.3_wd1.0_softmax_ce_s4,25700
3264,0.0396515727043151,0.0644119051300688,0.6155938506126404,0.2954752445220947,canonical,transformer_add97_f0.3_wd1.0_softmax_ce_s4,25700
3506,0.0282668769359588,0.0593492871420254,0.4762799739837646,0.2960825860500335,canonical,transformer_add97_f0.3_wd1.0_softmax_ce_s4,25700
3766,0.0181796550750732,0.0489561364388023,0.3713457882404327,0.2963862717151642,canonical,transformer_add97_f0.3_wd1.0_softmax_ce_s4,25700
4046,0.0133869349956512,0.0458895211140466,0.2917209565639496,0.2963862717151642,canonical,transformer_add97_f0.3_wd1.0_softmax_ce_s4,25700
4346,0.0105257481336593,0.0442937478288024,0.23763507604599,0.2953234016895294,canonical,transformer_add97_f0.3_wd1.0_softmax_ce_s4,25700
4669,0.0090098083019256,0.0523564325914329,0.1720859855413437,0.2953234016895294,canonical,transformer_add97_f0.3_wd1.0_softmax_ce_s4,25700
5015,0.0076470673084259,0.0532957442000352,0.1434836387634277,0.2960825860500335,canonical,transformer_add97_f0.3_wd1.0_softmax_ce_s4,25700
5388,0.0096442699432373,0.069264291640835,0.1392387002706527,0.2954752445220947,canonical,transformer_add97_f0.3_wd1.0_softmax_ce_s4,25700
5788,0.0062102824449539,0.05511716522156,0.1126741990447044,0.2962344288825989,canonical,transformer_add97_f0.3_wd1.0_softmax_ce_s4,25700
6217,0.0089582130312919,0.0699367379440878,0.1280902326107025,0.2907682955265045,canonical,transformer_add97_f0.3_wd1.0_softmax_ce_s4,25700
6679,0.0064838603138923,0.0588212233571319,0.1102299466729164,0.2963862717151642,canonical,transformer_add97_f0.3_wd1.0_softmax_ce_s4,25700
7174,0.0061584860086441,0.0572837427446573,0.1075084432959556,0.2971454560756683,canonical,transformer_add97_f0.3_wd1.0_softmax_ce_s4,25700
7707,0.0082675516605377,0.0737806565838271,0.1120558157563209,0.2965381145477295,canonical,transformer_add97_f0.3_wd1.0_softmax_ce_s4,25700
8279,0.0065606757998466,0.0639848179032711,0.1025348827242851,0.2974491417407989,canonical,transformer_add97_f0.3_wd1.0_softmax_ce_s4,25700
8893,0.0068705454468727,0.0654697111647721,0.1049423515796661,0.2979046404361725,canonical,transformer_add97_f0.3_wd1.0_softmax_ce_s4,25700
9553,0.0095644444227218,0.0653765375009676,0.146297812461853,0.2983601689338684,canonical,transformer_add97_f0.3_wd1.0_softmax_ce_s4,25700
10263,0.0057455152273178,0.0568178469119502,0.1011216640472412,0.2997266948223114,canonical,transformer_add97_f0.3_wd1.0_softmax_ce_s4,25700
11024,0.0089086294174194,0.0819343618390306,0.1087288558483123,0.3001821935176849,canonical,transformer_add97_f0.3_wd1.0_softmax_ce_s4,25700
11843,0.007404088973999,0.0543331650457367,0.1362719982862472,0.2992711961269378,canonical,transformer_add97_f0.3_wd1.0_softmax_ce_s4,25700
12722,0.0046956986188888,0.0437948352688769,0.1072203740477562,0.3018524050712585,canonical,transformer_add97_f0.3_wd1.0_softmax_ce_s4,25700
13666,0.0074850097298622,0.0720622876005603,0.1038686111569404,0.3010932207107544,canonical,transformer_add97_f0.3_wd1.0_softmax_ce_s4,25700
14680,0.0080792903900146,0.0757480650917673,0.1066600233316421,0.3030671179294586,canonical,transformer_add97_f0.3_wd1.0_softmax_ce_s4,25700
15770,0.0083314105868339,0.0750470225494819,0.1110158711671829,0.305344671010971,canonical,transformer_add97_f0.3_wd1.0_softmax_ce_s4,25700
16940,0.0051047429442405,0.0476372077875755,0.1071587353944778,0.311114490032196,canonical,transformer_add97_f0.3_wd1.0_softmax_ce_s4,25700
18198,0.0050594732165336,0.048980914010914,0.1032947897911071,0.3158214390277862,canonical,transformer_add97_f0.3_wd1.0_softmax_ce_s4,25700
19548,0.0062410905957221,0.0587258297043829,0.1062750518321991,0.3238688111305237,canonical,transformer_add97_f0.3_wd1.0_softmax_ce_s4,25700
20999,0.0083110630512237,0.0743846501522445,0.1117308884859085,0.3313088417053222,canonical,transformer_add97_f0.3_wd1.0_softmax_ce_s4,25700
22558,0.0070245862007141,0.0541955907479421,0.1296154558658599,0.3700273334980011,canonical,transformer_add97_f0.3_wd1.0_softmax_ce_s4,25700
24232,0.0042621046304702,0.0372541481831365,0.1144061759114265,0.5217127203941345,canonical,transformer_add97_f0.3_wd1.0_softmax_ce_s4,25700
26031,0.0056808441877365,0.0461561856020208,0.1230787187814712,0.911327064037323,canonical,transformer_add97_f0.3_wd1.0_softmax_ce_s4,25700
27963,0.0078993588685989,0.0558793028898402,0.1413646638393402,1.0,canonical,transformer_add97_f0.3_wd1.0_softmax_ce_s4,25700
30039,0.0043757408857345,0.0395550293243676,0.1106241345405578,1.0,canonical,transformer_add97_f0.3_wd1.0_softmax_ce_s4,25700
32268,0.0028815120458602,0.0280609651767594,0.1026875600218772,1.0,canonical,transformer_add97_f0.3_wd1.0_softmax_ce_s4,25700
34663,0.0069469213485717,0.0792510015383567,0.0876572057604789,1.0,canonical,transformer_add97_f0.3_wd1.0_softmax_ce_s4,25700
37236,0.0064340159296989,0.0732776557368369,0.0878032445907592,1.0,canonical,transformer_add97_f0.3_wd1.0_softmax_ce_s4,25700
40000,0.0058756098151206,0.06868322182699,0.0855465084314346,1.0,canonical,transformer_add97_f0.3_wd1.0_softmax_ce_s4,25700
0,0.8148765563964844,0.0533167137970209,15.283698081970217,0.0097175827249884,canonical,transformer_add97_permuted_s0,
1,0.8132553100585938,0.0532634247240328,15.268550872802734,0.0094139082357287,canonical,transformer_add97_permuted_s0,
2,0.8120212554931641,0.0532366419773834,15.2530517578125,0.010173094458878,canonical,transformer_add97_permuted_s0,
3,0.8113603591918945,0.053247912825869,15.237411499023438,0.009110233746469,canonical,transformer_add97_permuted_s0,
4,0.8109731674194336,0.0532774349653626,15.22170066833496,0.0092620709910988,canonical,transformer_add97_permuted_s0,
5,0.810704231262207,0.0533148284569359,15.20598030090332,0.0085028847679495,canonical,transformer_add97_permuted_s0,
6,0.8104991912841797,0.0533567268262657,15.190196990966797,0.0078955357894301,canonical,transformer_add97_permuted_s0,
7,0.8104066848754883,0.053406067946643,15.174430847167969,0.0086547220125794,canonical,transformer_add97_permuted_s0,
8,0.8104915618896484,0.0534671697590912,15.158677101135254,0.0083510475233197,canonical,transformer_add97_permuted_s0,
9,0.8107900619506836,0.0535426036136841,15.142895698547363,0.0088065592572093,canonical,transformer_add97_permuted_s0,
10,0.8112916946411133,0.0536317382002591,15.127081871032717,0.0103249317035079,canonical,transformer_add97_permuted_s0,
11,0.8119697570800781,0.0537327821961579,15.111254692077637,0.0104767689481377,canonical,transformer_add97_permuted_s0,
12,0.8128509521484375,0.0538473857828815,15.095458030700684,0.0104767689481377,canonical,transformer_add97_permuted_s0,
13,0.8139486312866211,0.053976322658233,15.079734802246094,0.0113877924159169,canonical,transformer_add97_permuted_s0,
15,0.8165597915649414,0.0542619481485884,15.048479080200195,0.0106286061927676,canonical,transformer_add97_permuted_s0,
16,0.8179874420166016,0.0544130296609699,15.032933235168455,0.0104767689481377,canonical,transformer_add97_permuted_s0,
17,0.8194265365600586,0.0545651721649424,15.017391204833984,0.0110841179266572,canonical,transformer_add97_permuted_s0,
18,0.820805549621582,0.054713492801967,15.001885414123535,0.0107804434373974,canonical,transformer_add97_permuted_s0,
20,0.8232412338256836,0.05498869084031,14.97110080718994,0.0113877924159169,canonical,transformer_add97_permuted_s0,
21,0.824376106262207,0.0551208682511894,14.95578956604004,0.0119951413944363,canonical,transformer_add97_permuted_s0,
23,0.8264808654785156,0.0553738254607728,14.9254789352417,0.011235955171287,canonical,transformer_add97_permuted_s0,
24,0.8272771835327148,0.0554820489208169,14.910717964172363,0.0106286061927676,canonical,transformer_add97_permuted_s0,
26,0.8279361724853516,0.0556346635263864,14.88166046142578,0.0104767689481377,canonical,transformer_add97_permuted_s0,
28,0.8283939361572266,0.0557762968749608,14.852078437805176,0.0100212572142481,canonical,transformer_add97_permuted_s0,
31,0.8299055099487305,0.0560470460302883,14.80730152130127,0.0110841179266572,canonical,transformer_add97_permuted_s0,
33,0.8316879272460938,0.0562806261233208,14.777517318725586,0.0100212572142481,canonical,transformer_add97_permuted_s0,
35,0.8323631286621094,0.0564415216465997,14.747354507446287,0.0088065592572093,canonical,transformer_add97_permuted_s0,
38,0.8303442001342773,0.0564788703797797,14.701855659484863,0.0095657454803586,canonical,transformer_add97_permuted_s0,
41,0.82940673828125,0.0565878274514233,14.656981468200684,0.0103249317035079,canonical,transformer_add97_permuted_s0,
44,0.8297739028930664,0.0567835690175921,14.612922668457031,0.0129061648622155,canonical,transformer_add97_permuted_s0,
48,0.8309612274169922,0.0570945401150073,14.55412769317627,0.0124506531283259,canonical,transformer_add97_permuted_s0,
51,0.8305149078369141,0.0572356433904825,14.510449409484863,0.012298815883696,canonical,transformer_add97_permuted_s0,
55,0.8237342834472656,0.0569873178100509,14.454694747924805,0.0115396296605467,canonical,transformer_add97_permuted_s0,
60,0.8175125122070312,0.0568188160197001,14.388059616088867,0.0109322806820273,canonical,transformer_add97_permuted_s0,
64,0.8119525909423828,0.0566426744152936,14.334644317626951,0.0109322806820273,canonical,transformer_add97_permuted_s0,
69,0.8052835464477539,0.0564410045150076,14.267704010009766,0.011235955171287,canonical,transformer_add97_permuted_s0,
75,0.7947578430175781,0.05603305918487,14.183731079101562,0.0115396296605467,canonical,transformer_add97_permuted_s0,
80,0.7879247665405273,0.0558328731271772,14.112201690673828,0.0115396296605467,canonical,transformer_add97_permuted_s0,
87,0.7824792861938477,0.0558462366755082,14.011316299438477,0.010173094458878,canonical,transformer_add97_permuted_s0,
93,0.7848358154296875,0.0563612323807799,13.925100326538086,0.0097175827249884,canonical,transformer_add97_permuted_s0,
100,0.7904987335205078,0.057183078459043,13.823997497558594,0.0086547220125794,canonical,transformer_add97_permuted_s0,
108,0.7949295043945312,0.0579853186279846,13.709151268005373,0.0085028847679495,canonical,transformer_add97_permuted_s0,
116,0.7899007797241211,0.0580853003700043,13.598978996276855,0.009110233746469,canonical,transformer_add97_permuted_s0,
125,0.7830438613891602,0.058094660474099,13.478757858276367,0.0095657454803586,canonical,transformer_add97_permuted_s0,
135,0.7792463302612305,0.0583870436197696,13.346220016479492,0.0081992102786898,canonical,transformer_add97_permuted_s0,
146,0.7740392684936523,0.0586330571971364,13.201414108276367,0.009110233746469,canonical,transformer_add97_permuted_s0,
157,0.7694520950317383,0.0589204235545571,13.059174537658691,0.0089583965018391,canonical,transformer_add97_permuted_s0,
169,0.7649192810058594,0.0592722369358299,12.905186653137209,0.0075918613001704,canonical,transformer_add97_permuted_s0,
182,0.7581510543823242,0.059511182446567,12.73964023590088,0.0075918613001704,canonical,transformer_add97_permuted_s0,
196,0.7491474151611328,0.0596309089815973,12.563072204589844,0.0071363500319421,canonical,transformer_add97_permuted_s0,
211,0.7393198013305664,0.0597359524388907,12.376462936401367,0.0075918613001704,canonical,transformer_add97_permuted_s0,
227,0.7284965515136719,0.0598077811717497,12.180631637573242,0.0071363500319421,canonical,transformer_add97_permuted_s0,
245,0.7169075012207031,0.0599239794205724,11.963616371154783,0.0085028847679495,canonical,transformer_add97_permuted_s0,
264,0.7053546905517578,0.0600876318924324,11.73876667022705,0.0081992102786898,canonical,transformer_add97_permuted_s0,
284,0.6933107376098633,0.0602475407526498,11.507701873779297,0.0077436985448002,canonical,transformer_add97_permuted_s0,
306,0.6760787963867188,0.0600577602281266,11.257143020629885,0.0083510475233197,canonical,transformer_add97_permuted_s0,
330,0.6558036804199219,0.0596868018269025,10.987415313720703,0.0081992102786898,canonical,transformer_add97_permuted_s0,
355,0.6394510269165039,0.0596810379617447,10.714475631713867,0.0085028847679495,canonical,transformer_add97_permuted_s0,
383,0.6226978302001953,0.05977475959954,10.417404174804688,0.0081992102786898,canonical,transformer_add97_permuted_s0,
412,0.605621337890625,0.0598518181177289,10.11867904663086,0.0081992102786898,canonical,transformer_add97_permuted_s0,
444,0.5881061553955078,0.0600171737911557,9.798964500427246,0.0085028847679495,canonical,transformer_add97_permuted_s0,
478,0.570286750793457,0.0602217106080077,9.469786643981934,0.0081992102786898,canonical,transformer_add97_permuted_s0,
515,0.5500164031982422,0.0602837023989868,9.123799324035645,0.0085028847679495,canonical,transformer_add97_permuted_s0,
555,0.5318441390991211,0.0606942059174997,8.762683868408203,0.0088065592572093,canonical,transformer_add97_permuted_s0,
598,0.5095510482788086,0.0607195067735451,8.391883850097656,0.0089583965018391,canonical,transformer_add97_permuted_s0,
644,0.4868588447570801,0.0607624953223774,8.012489318847656,0.0092620709910988,canonical,transformer_add97_permuted_s0,
694,0.4640545845031738,0.0609021213515411,7.619678497314453,0.010173094458878,canonical,transformer_add97_permuted_s0,
747,0.4424715042114258,0.061250487384055,7.2239670753479,0.0098694199696183,canonical,transformer_add97_permuted_s0,
805,0.4206976890563965,0.0617458240226484,6.813378810882568,0.0092620709910988,canonical,transformer_add97_permuted_s0,
867,0.3977766036987304,0.0621531259401781,6.399945259094238,0.0088065592572093,canonical,transformer_add97_permuted_s0,
934,0.3684430122375488,0.0615060884723993,5.990350246429443,0.0094139082357287,canonical,transformer_add97_permuted_s0,
1006,0.3424129486083984,0.0614654393642377,5.5708208084106445,0.0106286061927676,canonical,transformer_add97_permuted_s0,
1083,0.3148550987243652,0.0611244660048218,5.15104866027832,0.0098694199696183,canonical,transformer_add97_permuted_s0,
1167,0.281259536743164,0.059384377536459,4.736254692077637,0.0092620709910988,canonical,transformer_add97_permuted_s0,
1257,0.2564821243286133,0.0593396235365657,4.322274208068848,0.0088065592572093,canonical,transformer_add97_permuted_s0,
1354,0.2167963981628418,0.0551787774549021,3.92898154258728,0.0078955357894301,canonical,transformer_add97_permuted_s0,
1459,0.1962690353393554,0.0555503708398814,3.533172369003296,0.009110233746469,canonical,transformer_add97_permuted_s0,
1571,0.1557748317718505,0.0492534157431184,3.1627213954925537,0.0069845127873122,canonical,transformer_add97_permuted_s0,
1692,0.136723518371582,0.0488969952810895,2.7961537837982178,0.0078955357894301,canonical,transformer_add97_permuted_s0,
1823,0.1123890876770019,0.045615650257242,2.46382737159729,0.0106286061927676,canonical,transformer_add97_permuted_s0,
1964,0.0992419719696044,0.0462629207998481,2.1451730728149414,0.0098694199696183,canonical,transformer_add97_permuted_s0,
2115,0.0867183208465576,0.0471733816286277,1.8382892608642576,0.009110233746469,canonical,transformer_add97_permuted_s0,
2278,0.0735331773757934,0.0470885765958,1.561592698097229,0.0106286061927676,canonical,transformer_add97_permuted_s0,
2454,0.0511689186096191,0.0389235900246081,1.3145991563796997,0.0100212572142481,canonical,transformer_add97_permuted_s0,
2644,0.038814902305603,0.0357973348602031,1.0842958688735962,0.0092620709910988,canonical,transformer_add97_permuted_s0,
2848,0.0344310402870178,0.0388723710324703,0.8857458233833313,0.0085028847679495,canonical,transformer_add97_permuted_s0,
3067,0.029478371143341,0.0419601903155712,0.7025318741798401,0.009110233746469,canonical,transformer_add97_permuted_s0,
3304,0.0253224372863769,0.0452807520672053,0.5592318177223206,0.0095657454803586,canonical,transformer_add97_permuted_s0,
3559,0.0185790956020355,0.0424745766822912,0.4374168515205383,0.009110233746469,canonical,transformer_add97_permuted_s0,
3834,0.0168856680393219,0.0497618830978805,0.3393293619155884,0.0083510475233197,canonical,transformer_add97_permuted_s0,
4130,0.0113730728626251,0.0442781149734,0.2568553984165191,0.0089583965018391,canonical,transformer_add97_permuted_s0,
4448,0.0058361291885375,0.0290967335488779,0.2005767822265625,0.0100212572142481,canonical,transformer_add97_permuted_s0,
4791,0.0105521827936172,0.0606310070092387,0.1740393787622451,0.010173094458878,canonical,transformer_add97_permuted_s0,
5161,0.0070163235068321,0.0530453768735979,0.1322702169418335,0.0089583965018391,canonical,transformer_add97_permuted_s0,
5560,0.0101533979177474,0.0658905047325048,0.1540950089693069,0.0085028847679495,canonical,transformer_add97_permuted_s0,
5989,0.0044450238347053,0.0399926691401838,0.1111459657549858,0.0086547220125794,canonical,transformer_add97_permuted_s0,
6451,0.0031772702932357,0.0305529582053534,0.1039922311902046,0.009110233746469,canonical,transformer_add97_permuted_s0,
6949,0.0067786052823066,0.0597703875412362,0.1134107634425163,0.0095657454803586,canonical,transformer_add97_permuted_s0,
7485,0.0041679143905639,0.0399678775460045,0.1042816042900085,0.0103249317035079,canonical,transformer_add97_permuted_s0,
8062,0.0112869292497634,0.0693979357803418,0.162640705704689,0.009110233746469,canonical,transformer_add97_permuted_s0,
8685,0.0077282190322875,0.058745000583336,0.1315553486347198,0.0088065592572093,canonical,transformer_add97_permuted_s0,
9355,0.005908228456974,0.0509561740622793,0.1159472540020942,0.0086547220125794,canonical,transformer_add97_permuted_s0,
10077,0.0082816481590271,0.058588311095781,0.1413532495498657,0.0086547220125794,canonical,transformer_add97_permuted_s0,
10854,0.0090605169534683,0.054087031551606,0.1675173640251159,0.009110233746469,canonical,transformer_add97_permuted_s0,
11692,0.0098291039466857,0.0636191301051815,0.1544991880655288,0.0085028847679495,canonical,transformer_add97_permuted_s0,
12594,0.0050620958209037,0.0468356664205706,0.1080820709466934,0.0086547220125794,canonical,transformer_add97_permuted_s0,
13566,0.0055682733654975,0.0534760762568285,0.104126438498497,0.0078955357894301,canonical,transformer_add97_permuted_s0,
14613,0.0068847090005874,0.0637563161220373,0.1079847365617752,0.00804737303406,canonical,transformer_add97_permuted_s0,
15741,0.0052974894642829,0.0495137772795413,0.106990210711956,0.0081992102786898,canonical,transformer_add97_permuted_s0,
16955,0.0050893202424049,0.0488419086982352,0.1041998639702797,0.0094139082357287,canonical,transformer_add97_permuted_s0,
18264,0.0051425769925117,0.0490500817163808,0.1048433929681778,0.0092620709910988,canonical,transformer_add97_permuted_s0,
19673,0.0082350671291351,0.0603208373572984,0.1365211009979248,0.0092620709910988,canonical,transformer_add97_permuted_s0,
21192,0.0090964287519454,0.0611434553622957,0.1487719118595123,0.0109322806820273,canonical,transformer_add97_permuted_s0,
22827,0.0061680451035499,0.053279532564795,0.115767627954483,0.0094139082357287,canonical,transformer_add97_permuted_s0,
24589,0.0071820765733718,0.0556766872867207,0.1289961189031601,0.0103249317035079,canonical,transformer_add97_permuted_s0,
26486,0.0058160573244094,0.0533957870423191,0.1089235246181488,0.0116914669051766,canonical,transformer_add97_permuted_s0,
28530,0.0048317164182662,0.0442344268695655,0.1092297732830047,0.0107804434373974,canonical,transformer_add97_permuted_s0,
30732,0.006025306880474,0.0533041496338887,0.1130363568663597,0.0100212572142481,canonical,transformer_add97_permuted_s0,
33103,0.0043402686715126,0.039234503512369,0.1106237694621086,0.0092620709910988,canonical,transformer_add97_permuted_s0,
35658,0.0100189745426177,0.0638506774546602,0.1569125801324844,0.0104767689481377,canonical,transformer_add97_permuted_s0,
38410,0.0050911977887153,0.0454294271534516,0.1120682805776596,0.0085028847679495,canonical,transformer_add97_permuted_s0,
41374,0.0069728046655654,0.0553177831605602,0.1260499656200409,0.0100212572142481,canonical,transformer_add97_permuted_s0,
44567,0.00525813549757,0.0522579351001518,0.1006188914179802,0.0094139082357287,canonical,transformer_add97_permuted_s0,
48006,0.005353607237339,0.0491187091239385,0.1089932397007942,0.0089583965018391,canonical,transformer_add97_permuted_s0,
51711,0.0051902309060096,0.0490758782070077,0.1057593077421188,0.0095657454803586,canonical,transformer_add97_permuted_s0,
55701,0.0100152119994163,0.0716777420241376,0.1397255510091781,0.0081992102786898,canonical,transformer_add97_permuted_s0,
60000,0.0050946921110153,0.0479797235607654,0.1061842739582061,0.0088065592572093,canonical,transformer_add97_permuted_s0,
0,0.7851982116699219,0.05130987439943,15.303062438964844,0.0107804434373974,canonical,transformer_add97_permuted_s1,
1,0.7817239761352539,0.0511363739156251,15.287043571472168,0.010173094458878,canonical,transformer_add97_permuted_s1,
2,0.7795753479003906,0.0510493849673336,15.271003723144531,0.010173094458878,canonical,transformer_add97_permuted_s1,
3,0.7784137725830078,0.05102734108134,15.254837036132812,0.0094139082357287,canonical,transformer_add97_permuted_s1,
4,0.7773923873901367,0.0510145681793333,15.238635063171388,0.0095657454803586,canonical,transformer_add97_permuted_s1,
5,0.7770519256591797,0.0510465508347334,15.222417831420898,0.0092620709910988,canonical,transformer_add97_permuted_s1,
6,0.777496337890625,0.0511302106842086,15.206202507019045,0.0097175827249884,canonical,transformer_add97_permuted_s1,
7,0.7778263092041016,0.0512062933495731,15.19005298614502,0.0078955357894301,canonical,transformer_add97_permuted_s1,
8,0.7779951095581055,0.0512715393547702,15.174015045166016,0.0077436985448002,canonical,transformer_add97_permuted_s1,
9,0.7779684066772461,0.0513235833337318,15.15810775756836,0.0085028847679495,canonical,transformer_add97_permuted_s1,
10,0.7777271270751953,0.0513611550664053,15.142321586608888,0.0088065592572093,canonical,transformer_add97_permuted_s1,
11,0.7772731781005859,0.0513844251407235,15.126629829406738,0.0072881872765719,canonical,transformer_add97_permuted_s1,
12,0.7770843505859375,0.051425067852485,15.111002922058104,0.0075918613001704,canonical,transformer_add97_permuted_s1,
13,0.7777833938598633,0.0515244461010695,15.09542465209961,0.0085028847679495,canonical,transformer_add97_permuted_s1,
15,0.7781696319580078,0.0516564444131849,15.06432819366455,0.0083510475233197,canonical,transformer_add97_permuted_s1,
16,0.7761850357055664,0.0515780341399362,15.048751831054688,0.0089583965018391,canonical,transformer_add97_permuted_s1,
17,0.7741098403930664,0.0514935523708065,15.033141136169434,0.0092620709910988,canonical,transformer_add97_permuted_s1,
18,0.7718582153320312,0.051397365395405,15.01746654510498,0.0095657454803586,canonical,transformer_add97_permuted_s1,
20,0.7668943405151367,0.0511743219066815,14.985920906066896,0.009110233746469,canonical,transformer_add97_permuted_s1,
21,0.7642793655395508,0.0510537949729589,14.97007942199707,0.0095657454803586,canonical,transformer_add97_permuted_s1,
23,0.762202262878418,0.0510227702487544,14.938472747802734,0.0109322806820273,canonical,transformer_add97_permuted_s1,
24,0.7632474899291992,0.0511463861703839,14.92280387878418,0.011235955171287,canonical,transformer_add97_permuted_s1,
26,0.7652158737182617,0.051384947309403,14.89182949066162,0.0104767689481377,canonical,transformer_add97_permuted_s1,
28,0.7671499252319336,0.051619675071627,14.861579895019531,0.0085028847679495,canonical,transformer_add97_permuted_s1,
31,0.7727737426757812,0.0521521737087685,14.817670822143556,0.0088065592572093,canonical,transformer_add97_permuted_s1,
33,0.7774667739868164,0.0525705283569182,14.789023399353027,0.0094139082357287,canonical,transformer_add97_permuted_s1,
35,0.7817716598510742,0.0529623626333157,14.76089096069336,0.0088065592572093,canonical,transformer_add97_permuted_s1,
38,0.7871294021606445,0.0534734118844028,14.720014572143556,0.010173094458878,canonical,transformer_add97_permuted_s1,
41,0.7911653518676758,0.0538928115135626,14.680350303649902,0.0095657454803586,canonical,transformer_add97_permuted_s1,
44,0.7936162948608398,0.0542047084668285,14.641095161437988,0.0106286061927676,canonical,transformer_add97_permuted_s1,
48,0.7966394424438477,0.0546019788140894,14.589937210083008,0.0106286061927676,canonical,transformer_add97_permuted_s1,
51,0.7990198135375977,0.0549075508081276,14.552093505859377,0.0097175827249884,canonical,transformer_add97_permuted_s1,
55,0.801875114440918,0.055297589535254,14.501086235046388,0.0103249317035079,canonical,transformer_add97_permuted_s1,
60,0.8048477172851562,0.0557488324666809,14.43703269958496,0.0109322806820273,canonical,transformer_add97_permuted_s1,
64,0.805755615234375,0.0560113770789408,14.385570526123049,0.0104767689481377,canonical,transformer_add97_permuted_s1,
69,0.809783935546875,0.0565436834448709,14.321386337280272,0.010173094458878,canonical,transformer_add97_permuted_s1,
75,0.8132152557373047,0.057090375162281,14.244349479675291,0.0107804434373974,canonical,transformer_add97_permuted_s1,
80,0.8115234375,0.0572303580018013,14.179946899414062,0.010173094458878,canonical,transformer_add97_permuted_s1,
87,0.8068380355834961,0.0572556646516479,14.091846466064451,0.0100212572142481,canonical,transformer_add97_permuted_s1,
93,0.8038568496704102,0.0573471822997532,14.017373085021973,0.009110233746469,canonical,transformer_add97_permuted_s1,
100,0.8000001907348633,0.0574282346456022,13.93043327331543,0.0089583965018391,canonical,transformer_add97_permuted_s1,
108,0.7973136901855469,0.0576649596621728,13.826658248901367,0.0092620709910988,canonical,transformer_add97_permuted_s1,
116,0.7909736633300781,0.057652354763189,13.719711303710938,0.0103249317035079,canonical,transformer_add97_permuted_s1,
125,0.7837362289428711,0.0576295575822579,13.599553108215332,0.0100212572142481,canonical,transformer_add97_permuted_s1,
135,0.7746562957763672,0.0575321694867571,13.464750289916992,0.0106286061927676,canonical,transformer_add97_permuted_s1,
146,0.7674455642700195,0.0576329444800068,13.316091537475586,0.0104767689481377,canonical,transformer_add97_permuted_s1,
157,0.7628259658813477,0.0579257427782466,13.169032096862791,0.0106286061927676,canonical,transformer_add97_permuted_s1,
169,0.7569684982299805,0.0581828249543895,13.010170936584473,0.010173094458878,canonical,transformer_add97_permuted_s1,
182,0.7523260116577148,0.0585892955523824,12.840673446655272,0.0103249317035079,canonical,transformer_add97_permuted_s1,
196,0.7441196441650391,0.0587772724906687,12.659989356994627,0.0104767689481377,canonical,transformer_add97_permuted_s1,
211,0.7352752685546875,0.0589677312377417,12.469112396240234,0.0095657454803586,canonical,transformer_add97_permuted_s1,
227,0.7259283065795898,0.0591671035720268,12.269120216369627,0.0095657454803586,canonical,transformer_add97_permuted_s1,
245,0.7154254913330078,0.0593761271367069,12.049042701721191,0.0097175827249884,canonical,transformer_add97_permuted_s1,
264,0.7052364349365234,0.0596592786178684,11.82106876373291,0.0098694199696183,canonical,transformer_add97_permuted_s1,
284,0.6945505142211914,0.0599501952300227,11.585458755493164,0.0098694199696183,canonical,transformer_add97_permuted_s1,
306,0.6820907592773438,0.0601764645897957,11.334842681884766,0.009110233746469,canonical,transformer_add97_permuted_s1,
330,0.6682777404785156,0.0603732554938723,11.06910228729248,0.0085028847679495,canonical,transformer_add97_permuted_s1,
355,0.657740592956543,0.060941953820824,10.792902946472168,0.0086547220125794,canonical,transformer_add97_permuted_s1,
383,0.6417398452758789,0.0611359325611645,10.496933937072754,0.0088065592572093,canonical,transformer_add97_permuted_s1,
412,0.62158203125,0.0609443277657639,10.199177742004396,0.0085028847679495,canonical,transformer_add97_permuted_s1,
444,0.6011848449707031,0.0608503652925458,9.879724502563477,0.0078955357894301,canonical,transformer_add97_permuted_s1,
478,0.5887317657470703,0.061663443635579,9.547500610351562,0.0081992102786898,canonical,transformer_add97_permuted_s1,
515,0.5727729797363281,0.0622717155132048,9.19796371459961,0.0095657454803586,canonical,transformer_add97_permuted_s1,
555,0.5551624298095703,0.0628593901106898,8.83181381225586,0.00804737303406,canonical,transformer_add97_permuted_s1,
598,0.5336437225341797,0.0630858712207902,8.459005355834961,0.0089583965018391,canonical,transformer_add97_permuted_s1,
644,0.5093898773193359,0.0630622972388712,8.077566146850586,0.0085028847679495,canonical,transformer_add97_permuted_s1,
694,0.4831495285034179,0.0628945426195103,7.681899070739746,0.0075918613001704,canonical,transformer_add97_permuted_s1,
747,0.4552493095397949,0.0625038134955187,7.283544540405273,0.0077436985448002,canonical,transformer_add97_permuted_s1,
805,0.4265732765197754,0.0620837350967015,6.87093448638916,0.0072881872765719,canonical,transformer_add97_permuted_s1,
867,0.4112648963928222,0.0636917440254812,6.4571146965026855,0.0088065592572093,canonical,transformer_add97_permuted_s1,
934,0.3805994987487793,0.0630379012444254,6.0376296043396,0.0085028847679495,canonical,transformer_add97_permuted_s1,
1006,0.3485555648803711,0.062053091491412,5.617053985595703,0.0075918613001704,canonical,transformer_add97_permuted_s1,
1083,0.3175868988037109,0.0610597081083608,5.20125150680542,0.0094139082357287,canonical,transformer_add97_permuted_s1,
1167,0.2772378921508789,0.0578930383275393,4.788794994354248,0.0083510475233197,canonical,transformer_add97_permuted_s1,
1257,0.2469515800476074,0.0564564129174043,4.374198913574219,0.009110233746469,canonical,transformer_add97_permuted_s1,
1354,0.2228915691375732,0.0561725683789673,3.9679789543151855,0.0086547220125794,canonical,transformer_add97_permuted_s1,
1459,0.1911702156066894,0.053464176962421,3.575669288635254,0.0110841179266572,canonical,transformer_add97_permuted_s1,
1571,0.1562049388885498,0.0488098532920358,3.200274705886841,0.0092620709910988,canonical,transformer_add97_permuted_s1,
1692,0.1316940784454345,0.0463697427155687,2.8400864601135254,0.0086547220125794,canonical,transformer_add97_permuted_s1,
1823,0.1195089817047119,0.0476601408286387,2.5075247287750244,0.0089583965018391,canonical,transformer_add97_permuted_s1,
1964,0.099784255027771,0.0457463163342655,2.181252241134644,0.0089583965018391,canonical,transformer_add97_permuted_s1,
2115,0.0799150466918945,0.0428045765758126,1.8669743537902832,0.0077436985448002,canonical,transformer_add97_permuted_s1,
2278,0.0694566965103149,0.043837902275362,1.5843982696533203,0.0085028847679495,canonical,transformer_add97_permuted_s1,
2454,0.0692707300186157,0.0524523435004985,1.320641279220581,0.0086547220125794,canonical,transformer_add97_permuted_s1,
2644,0.0653918981552124,0.0598700238739233,1.092231035232544,0.0086547220125794,canonical,transformer_add97_permuted_s1,
2848,0.0452228784561157,0.0506959624721827,0.892041027545929,0.0086547220125794,canonical,transformer_add97_permuted_s1,
3067,0.044658362865448,0.0595184966230037,0.750327467918396,0.0088065592572093,canonical,transformer_add97_permuted_s1,
3304,0.0370290279388427,0.0622566767611143,0.5947800278663635,0.0089583965018391,canonical,transformer_add97_permuted_s1,
3559,0.0254094898700714,0.0549162409149346,0.4626953601837158,0.0094139082357287,canonical,transformer_add97_permuted_s1,
3834,0.0178010761737823,0.0496464311014624,0.3585570156574249,0.0095657454803586,canonical,transformer_add97_permuted_s1,
4130,0.0163871645927429,0.0576652587219094,0.2841774225234985,0.0095657454803586,canonical,transformer_add97_permuted_s1,
4448,0.013916939496994,0.0689006119646194,0.2019857168197631,0.0094139082357287,canonical,transformer_add97_permuted_s1,
4791,0.0096992701292037,0.0612690088138319,0.1583063006401062,0.0089583965018391,canonical,transformer_add97_permuted_s1,
5161,0.0106111168861389,0.06816742862427,0.1556625664234161,0.0098694199696183,canonical,transformer_add97_permuted_s1,
5560,0.0094673112034797,0.0770555591805488,0.1228634417057037,0.0094139082357287,canonical,transformer_add97_permuted_s1,
5989,0.006445974111557,0.0577511094621974,0.1116164550185203,0.0098694199696183,canonical,transformer_add97_permuted_s1,
6451,0.0081888511776924,0.0712432040848154,0.1149422079324722,0.0116914669051766,canonical,transformer_add97_permuted_s1,
6949,0.0055736005306243,0.0525174025200878,0.1061286404728889,0.0097175827249884,canonical,transformer_add97_permuted_s1,
7485,0.0064288303256034,0.0620283203162206,0.1036434695124626,0.0085028847679495,canonical,transformer_add97_permuted_s1,
8062,0.0136124044656753,0.09373273959507,0.1452257186174392,0.0095657454803586,canonical,transformer_add97_permuted_s1,
8685,0.0067514553666114,0.0648125128027895,0.1041690111160278,0.0100212572142481,canonical,transformer_add97_permuted_s1,
9355,0.009318932890892,0.0789022374199301,0.118107333779335,0.0098694199696183,canonical,transformer_add97_permuted_s1,
10077,0.0077778249979019,0.0706443489636836,0.1100983321666717,0.0088065592572093,canonical,transformer_add97_permuted_s1,
10854,0.0072167962789535,0.0641549358836118,0.1124901175498962,0.0100212572142481,canonical,transformer_add97_permuted_s1,
11692,0.0106390267610549,0.0605490171734192,0.1757093220949173,0.00804737303406,canonical,transformer_add97_permuted_s1,
12594,0.0129738003015518,0.0784958595829317,0.1652800589799881,0.0088065592572093,canonical,transformer_add97_permuted_s1,
13566,0.0045799762010574,0.0390681762600042,0.1172303557395935,0.0098694199696183,canonical,transformer_add97_permuted_s1,
14613,0.004038006067276,0.0356122378644537,0.1133881583809852,0.009110233746469,canonical,transformer_add97_permuted_s1,
15741,0.0050974488258361,0.0403047706302683,0.1264725923538208,0.0100212572142481,canonical,transformer_add97_permuted_s1,
16955,0.0055130273103713,0.0475591536038168,0.1159193739295005,0.0121469786390662,canonical,transformer_add97_permuted_s1,
18264,0.0118417292833328,0.0701042046732078,0.16891610622406,0.0106286061927676,canonical,transformer_add97_permuted_s1,
19673,0.0096047818660736,0.0562996332644443,0.1706011444330215,0.009110233746469,canonical,transformer_add97_permuted_s1,
21192,0.0076906159520149,0.0680256816773451,0.1130545958876609,0.0098694199696183,canonical,transformer_add97_permuted_s1,
22827,0.0062220469117164,0.0574950863608061,0.1082187592983245,0.0097175827249884,canonical,transformer_add97_permuted_s1,
24589,0.0090162083506584,0.0592871539559717,0.1520769298076629,0.0092620709910988,canonical,transformer_add97_permuted_s1,
26486,0.0059058964252471,0.0518763009552674,0.1138457506895065,0.0115396296605467,canonical,transformer_add97_permuted_s1,
28530,0.0067343190312385,0.0606656349731095,0.1110071465373039,0.0095657454803586,canonical,transformer_add97_permuted_s1,
30732,0.0052997320890426,0.0450427962225038,0.1176599264144897,0.0095657454803586,canonical,transformer_add97_permuted_s1,
33103,0.0049316734075546,0.0414312865244508,0.1190325915813446,0.0094139082357287,canonical,transformer_add97_permuted_s1,
35658,0.0096729844808578,0.0630142563344498,0.1535046994686126,0.0106286061927676,canonical,transformer_add97_permuted_s1,
38410,0.0068463906645774,0.0621270814678673,0.1101997792720794,0.010173094458878,canonical,transformer_add97_permuted_s1,
41374,0.0070304125547409,0.0615643080648991,0.114196240901947,0.0098694199696183,canonical,transformer_add97_permuted_s1,
44567,0.0087150856852531,0.0626591831843632,0.1390871256589889,0.0107804434373974,canonical,transformer_add97_permuted_s1,
48006,0.0089138150215148,0.0811113055366836,0.1098960861563682,0.0094139082357287,canonical,transformer_add97_permuted_s1,
51711,0.0066713765263557,0.04839039335444,0.1378657221794128,0.011235955171287,canonical,transformer_add97_permuted_s1,
55701,0.0082899704575538,0.0637063740326763,0.130127802491188,0.0092620709910988,canonical,transformer_add97_permuted_s1,
60000,0.0066437423229217,0.0593989245140832,0.1118495389819145,0.011235955171287,canonical,transformer_add97_permuted_s1,
0,1.039203643798828,0.0691257447287118,15.033525466918944,0.0115396296605467,canonical,transformer_add97_permuted_s2,
1,1.039015769958496,0.0691756707754986,15.019959449768066,0.0092620709910988,canonical,transformer_add97_permuted_s2,
2,1.0390472412109375,0.0692382797853862,15.006832122802734,0.0097175827249884,canonical,transformer_add97_permuted_s2,
3,1.0391960144042969,0.0693088394727527,14.993700981140137,0.0103249317035079,canonical,transformer_add97_permuted_s2,
4,1.0391931533813477,0.0693704783453957,14.980337142944336,0.0100212572142481,canonical,transformer_add97_permuted_s2,
5,1.0388259887695312,0.0694087536279424,14.96678638458252,0.0097175827249884,canonical,transformer_add97_permuted_s2,
6,1.0381383895874023,0.0694265148829232,14.95305347442627,0.010173094458878,canonical,transformer_add97_permuted_s2,
7,1.0372285842895508,0.0694300864112083,14.939180374145508,0.0109322806820273,canonical,transformer_add97_permuted_s2,
8,1.036097526550293,0.0694190357677421,14.925265312194824,0.010173094458878,canonical,transformer_add97_permuted_s2,
9,1.034770965576172,0.069394893408823,14.911341667175291,0.0106286061927676,canonical,transformer_add97_permuted_s2,
10,1.03326416015625,0.0693588821672448,14.897358894348145,0.010173094458878,canonical,transformer_add97_permuted_s2,
11,1.0316076278686523,0.0693131340923833,14.883292198181152,0.0097175827249884,canonical,transformer_add97_permuted_s2,
12,1.0298242568969729,0.0692590978934016,14.869154930114746,0.0085028847679495,canonical,transformer_add97_permuted_s2,
13,1.0279054641723633,0.0691959536715032,14.85499382019043,0.0092620709910988,canonical,transformer_add97_permuted_s2,
15,1.0236883163452148,0.0690434413795991,14.826727867126465,0.009110233746469,canonical,transformer_add97_permuted_s2,
16,1.0214414596557615,0.0689570387834613,14.812722206115724,0.0097175827249884,canonical,transformer_add97_permuted_s2,
17,1.0191240310668943,0.0688651003063273,14.798846244812012,0.0094139082357287,canonical,transformer_add97_permuted_s2,
18,1.0167665481567385,0.0687698764698202,14.785057067871094,0.0103249317035079,canonical,transformer_add97_permuted_s2,
20,1.011981964111328,0.0685728923499808,14.757755279541016,0.0100212572142481,canonical,transformer_add97_permuted_s2,
21,1.0095853805541992,0.068473747074287,14.744123458862305,0.0097175827249884,canonical,transformer_add97_permuted_s2,
23,1.005035400390625,0.0682928416147126,14.71655559539795,0.0110841179266572,canonical,transformer_add97_permuted_s2,
24,1.002946853637695,0.0682148573480485,14.702762603759766,0.0109322806820273,canonical,transformer_add97_permuted_s2,
26,0.9995136260986328,0.0681078940461268,14.675444602966309,0.0115396296605467,canonical,transformer_add97_permuted_s2,
28,0.9964208602905272,0.0680259047464277,14.64766788482666,0.0106286061927676,canonical,transformer_add97_permuted_s2,
31,0.9915847778320312,0.0678966687499808,14.604321479797363,0.009110233746469,canonical,transformer_add97_permuted_s2,
33,0.988337516784668,0.0678117519117198,14.57472324371338,0.0103249317035079,canonical,transformer_add97_permuted_s2,
35,0.9854021072387696,0.0677469836181528,14.545328140258787,0.010173094458878,canonical,transformer_add97_permuted_s2,
38,0.982280731201172,0.0677329273725933,14.502263069152832,0.0098694199696183,canonical,transformer_add97_permuted_s2,
41,0.9803457260131836,0.0677945813639243,14.460532188415527,0.0103249317035079,canonical,transformer_add97_permuted_s2,
44,0.978785514831543,0.0678745363567837,14.42051124572754,0.0100212572142481,canonical,transformer_add97_permuted_s2,
48,0.9759626388549804,0.0679185519731349,14.369603157043455,0.0106286061927676,canonical,transformer_add97_permuted_s2,
51,0.9739952087402344,0.0679589659618277,14.332107543945312,0.0100212572142481,canonical,transformer_add97_permuted_s2,
55,0.9721364974975586,0.068065872572944,14.282289505004885,0.010173094458878,canonical,transformer_add97_permuted_s2,
60,0.9716396331787108,0.0683275608936278,14.220317840576172,0.011235955171287,canonical,transformer_add97_permuted_s2,
64,0.969355583190918,0.0684019322391909,14.171464920043944,0.011235955171287,canonical,transformer_add97_permuted_s2,
69,0.9640541076660156,0.0683169040821973,14.111501693725586,0.0116914669051766,canonical,transformer_add97_permuted_s2,
75,0.9571866989135742,0.0682043495908247,14.034100532531738,0.0110841179266572,canonical,transformer_add97_permuted_s2,
80,0.9513683319091796,0.0681066866529991,13.968794822692873,0.0115396296605467,canonical,transformer_add97_permuted_s2,
87,0.9437704086303712,0.0680050082153147,13.877954483032228,0.012298815883696,canonical,transformer_add97_permuted_s2,
93,0.9379472732543944,0.0679734262619823,13.798734664916992,0.0115396296605467,canonical,transformer_add97_permuted_s2,
100,0.9360752105712892,0.0682981612547346,13.705716133117676,0.011235955171287,canonical,transformer_add97_permuted_s2,
108,0.9321737289428712,0.0685489761327073,13.598652839660645,0.0110841179266572,canonical,transformer_add97_permuted_s2,
116,0.9276609420776368,0.068759059447506,13.491472244262695,0.0109322806820273,canonical,transformer_add97_permuted_s2,
125,0.9189844131469728,0.0687212621392111,13.372635841369627,0.0103249317035079,canonical,transformer_add97_permuted_s2,
135,0.9083709716796876,0.0685988999354987,13.241771697998049,0.0116914669051766,canonical,transformer_add97_permuted_s2,
146,0.8992424011230469,0.0686597362074008,13.097084999084473,0.0121469786390662,canonical,transformer_add97_permuted_s2,
157,0.8881101608276367,0.0685616737084798,12.953449249267578,0.0121469786390662,canonical,transformer_add97_permuted_s2,
169,0.876652717590332,0.0685028394893733,12.797319412231444,0.0119951413944363,canonical,transformer_add97_permuted_s2,
182,0.8669776916503906,0.0686365294963381,12.63143253326416,0.0126024903729557,canonical,transformer_add97_permuted_s2,
196,0.8558244705200195,0.0687173722523775,12.454266548156738,0.0119951413944363,canonical,transformer_add97_permuted_s2,
211,0.84375,0.0687765845431324,12.267983436584473,0.0124506531283259,canonical,transformer_add97_permuted_s2,
227,0.8336362838745117,0.0690599435009992,12.07119846343994,0.0115396296605467,canonical,transformer_add97_permuted_s2,
245,0.8191890716552734,0.0691073246368913,11.853867530822754,0.0124506531283259,canonical,transformer_add97_permuted_s2,
264,0.8058099746704102,0.0692954873088711,11.628606796264648,0.0113877924159169,canonical,transformer_add97_permuted_s2,
284,0.7921695709228516,0.0695161204339064,11.395480155944824,0.0121469786390662,canonical,transformer_add97_permuted_s2,
306,0.7745180130004883,0.0694982218133302,11.144429206848145,0.0121469786390662,canonical,transformer_add97_permuted_s2,
330,0.75689697265625,0.0696103372136622,10.87334156036377,0.0118433041498065,canonical,transformer_add97_permuted_s2,
355,0.7393398284912109,0.069764403159049,10.597665786743164,0.0126024903729557,canonical,transformer_add97_permuted_s2,
383,0.7223243713378906,0.0702135667444745,10.287532806396484,0.0127543276175856,canonical,transformer_add97_permuted_s2,
412,0.6999902725219727,0.0700943446407539,9.986401557922363,0.0116914669051766,canonical,transformer_add97_permuted_s2,
444,0.6763114929199219,0.0699463697549642,9.669000625610352,0.0118433041498065,canonical,transformer_add97_permuted_s2,
478,0.6510000228881836,0.0696982654844703,9.340261459350586,0.0116914669051766,canonical,transformer_add97_permuted_s2,
515,0.6244163513183594,0.0694320888470462,8.993195533752441,0.011235955171287,canonical,transformer_add97_permuted_s2,
555,0.5977663993835449,0.0692579201149489,8.63101863861084,0.0107804434373974,canonical,transformer_add97_permuted_s2,
598,0.5713505744934082,0.0691982214423476,8.256723403930664,0.0110841179266572,canonical,transformer_add97_permuted_s2,
644,0.5442943572998047,0.0691263372975356,7.873907089233398,0.0106286061927676,canonical,transformer_add97_permuted_s2,
694,0.5092873573303223,0.0681250834379237,7.475768566131592,0.0129061648622155,canonical,transformer_add97_permuted_s2,
747,0.4808497428894043,0.067890499719562,7.0827250480651855,0.0121469786390662,canonical,transformer_add97_permuted_s2,
805,0.4528541564941406,0.0677879625445425,6.680450916290283,0.0107804434373974,canonical,transformer_add97_permuted_s2,
867,0.4240694046020508,0.0676000389179591,6.273212432861328,0.0103249317035079,canonical,transformer_add97_permuted_s2,
934,0.3964829444885254,0.0676909031879693,5.857255935668945,0.0103249317035079,canonical,transformer_add97_permuted_s2,
1006,0.3527054786682129,0.0648333318724855,5.440187454223633,0.0126024903729557,canonical,transformer_add97_permuted_s2,
1083,0.3240032196044922,0.0643751967658352,5.033044338226318,0.0124506531283259,canonical,transformer_add97_permuted_s2,
1167,0.2983264923095703,0.0644959436179544,4.625507831573486,0.0124506531283259,canonical,transformer_add97_permuted_s2,
1257,0.2424793243408203,0.0572328253746943,4.236717700958252,0.0135135138407349,canonical,transformer_add97_permuted_s2,
1354,0.2248163223266601,0.0585512298112857,3.839651584625244,0.0136653510853648,canonical,transformer_add97_permuted_s2,
1459,0.1835787296295166,0.0531220836184101,3.45578932762146,0.0139690255746245,canonical,transformer_add97_permuted_s2,
1571,0.1682901382446289,0.0543169200599543,3.0983004570007324,0.0107804434373974,canonical,transformer_add97_permuted_s2,
1692,0.1481208801269531,0.0541034907438742,2.737732410430908,0.0118433041498065,canonical,transformer_add97_permuted_s2,
1823,0.1292073726654052,0.0538121547839083,2.4010815620422363,0.0121469786390662,canonical,transformer_add97_permuted_s2,
1964,0.1269783973693847,0.0603304305016744,2.104715585708618,0.0110841179266572,canonical,transformer_add97_permuted_s2,
2115,0.1150192022323608,0.0633784234806749,1.8148006200790403,0.0095657454803586,canonical,transformer_add97_permuted_s2,
2278,0.0957814455032348,0.061035729473264,1.5692684650421145,0.0103249317035079,canonical,transformer_add97_permuted_s2,
2454,0.0665255784988403,0.0498693654378221,1.3339968919754028,0.0109322806820273,canonical,transformer_add97_permuted_s2,
2644,0.062355637550354,0.0562311376604367,1.1089165210723877,0.0100212572142481,canonical,transformer_add97_permuted_s2,
2848,0.0452340245246887,0.048175139667411,0.9389495253562928,0.0104767689481377,canonical,transformer_add97_permuted_s2,
3067,0.0342189669609069,0.04461967470716,0.7669031023979187,0.0115396296605467,canonical,transformer_add97_permuted_s2,
3304,0.0320037603378295,0.05195275917091,0.6160165667533875,0.0110841179266572,canonical,transformer_add97_permuted_s2,
3559,0.0231517851352691,0.0474931193071394,0.4874766170978546,0.0100212572142481,canonical,transformer_add97_permuted_s2,
3834,0.0196924805641174,0.0527920327708958,0.3730199337005615,0.0106286061927676,canonical,transformer_add97_permuted_s2,
4130,0.018956571817398,0.063282201667503,0.2995561361312866,0.0135135138407349,canonical,transformer_add97_permuted_s2,
4448,0.0162148922681808,0.0741423835631334,0.2186993658542633,0.0104767689481377,canonical,transformer_add97_permuted_s2,
4791,0.0105824768543243,0.0625424918151517,0.1692045927047729,0.0124506531283259,canonical,transformer_add97_permuted_s2,
5161,0.009152129292488,0.0574520378673893,0.1593003422021865,0.0095657454803586,canonical,transformer_add97_permuted_s2,
5560,0.0056258961558341,0.0452257580455635,0.124395839869976,0.0115396296605467,canonical,transformer_add97_permuted_s2,
5989,0.0050392374396324,0.0419491189819802,0.120127372443676,0.0110841179266572,canonical,transformer_add97_permuted_s2,
6451,0.0048352107405662,0.0400887650632235,0.1206126138567924,0.0100212572142481,canonical,transformer_add97_permuted_s2,
6949,0.0046137273311614,0.0408223295460875,0.1130196973681449,0.0119951413944363,canonical,transformer_add97_permuted_s2,
7485,0.0047375932335853,0.0403087883591621,0.1175325140357017,0.0095657454803586,canonical,transformer_add97_permuted_s2,
8062,0.0051609650254249,0.046292681906449,0.1114855483174324,0.0109322806820273,canonical,transformer_add97_permuted_s2,
8685,0.0051421672105789,0.0455890841962355,0.1127938255667686,0.0110841179266572,canonical,transformer_add97_permuted_s2,
9355,0.0091275796294212,0.0663785329138277,0.1375080049037933,0.0104767689481377,canonical,transformer_add97_permuted_s2,
10077,0.0046088770031929,0.0449588370515884,0.1025132611393928,0.0116914669051766,canonical,transformer_add97_permuted_s2,
10854,0.0061573982238769,0.0541930831870305,0.1136196330189704,0.0126024903729557,canonical,transformer_add97_permuted_s2,
11692,0.0065651684999465,0.0503201739147517,0.1304679214954376,0.011235955171287,canonical,transformer_add97_permuted_s2,
12594,0.0051789134740829,0.0433686466612851,0.1194160729646682,0.0106286061927676,canonical,transformer_add97_permuted_s2,
13566,0.003721997141838,0.0300681145797414,0.1237855181097984,0.0104767689481377,canonical,transformer_add97_permuted_s2,
14613,0.0053882226347923,0.0484741431355091,0.1111566349864006,0.0100212572142481,canonical,transformer_add97_permuted_s2,
15741,0.0039810314774513,0.0358087266803479,0.1111748963594436,0.0121469786390662,canonical,transformer_add97_permuted_s2,
16955,0.0095793008804321,0.0625466711928298,0.1531544476747512,0.0095657454803586,canonical,transformer_add97_permuted_s2,
18264,0.0061667785048484,0.0529755330636972,0.1164080500602722,0.0110841179266572,canonical,transformer_add97_permuted_s2,
19673,0.0050885006785392,0.0458110234160643,0.1110759004950523,0.0109322806820273,canonical,transformer_add97_permuted_s2,
21192,0.0043574422597885,0.0391218739830233,0.1113812252879142,0.0115396296605467,canonical,transformer_add97_permuted_s2,
22827,0.0059299021959304,0.0483954105298924,0.1225302591919899,0.0113877924159169,canonical,transformer_add97_permuted_s2,
24589,0.0052935928106307,0.0493284573309406,0.1073131635785102,0.0113877924159169,canonical,transformer_add97_permuted_s2,
26486,0.0048383772373199,0.0426895081703186,0.11333879083395,0.0098694199696183,canonical,transformer_add97_permuted_s2,
28530,0.0050578638911247,0.0481256513681131,0.1050970479846,0.0089583965018391,canonical,transformer_add97_permuted_s2,
30732,0.0048512518405914,0.0428961128172958,0.1130930408835411,0.0107804434373974,canonical,transformer_add97_permuted_s2,
33103,0.0052483826875686,0.0474921702163348,0.1105104833841323,0.0110841179266572,canonical,transformer_add97_permuted_s2,
35658,0.0099429190158844,0.0673986542450592,0.1475239992141723,0.0106286061927676,canonical,transformer_add97_permuted_s2,
38410,0.0080697014927864,0.0632600676419097,0.1275639086961746,0.0107804434373974,canonical,transformer_add97_permuted_s2,
41374,0.0039929002523422,0.0367366980294806,0.1086896881461143,0.0107804434373974,canonical,transformer_add97_permuted_s2,
44567,0.007389485836029,0.0595648844646637,0.1240577548742294,0.0107804434373974,canonical,transformer_add97_permuted_s2,
48006,0.0120836198329925,0.0679762570382658,0.177762359380722,0.0100212572142481,canonical,transformer_add97_permuted_s2,
51711,0.0065454989671707,0.0493925126086903,0.1325200647115707,0.0095657454803586,canonical,transformer_add97_permuted_s2,
55701,0.0050002560019493,0.040653897745897,0.1229957342147827,0.0097175827249884,canonical,transformer_add97_permuted_s2,
60000,0.0052914023399353,0.0440264500894291,0.1201868951320648,0.0113877924159169,canonical,transformer_add97_permuted_s2,
0,0.9287557601928712,0.0618628717385483,15.013136863708496,0.0103249317035079,canonical,transformer_add97_permuted_s3,
1,0.9271402359008788,0.0618142065912467,14.998821258544922,0.0097175827249884,canonical,transformer_add97_permuted_s3,
2,0.9256811141967772,0.0617773644211306,14.98414707183838,0.0113877924159169,canonical,transformer_add97_permuted_s3,
3,0.923893928527832,0.0617199146370932,14.969138145446776,0.0095657454803586,canonical,transformer_add97_permuted_s3,
4,0.9217424392700196,0.0616388096884683,14.953929901123049,0.0115396296605467,canonical,transformer_add97_permuted_s3,
5,0.9193658828735352,0.0615428743211546,14.938624382019045,0.0107804434373974,canonical,transformer_add97_permuted_s3,
6,0.9170265197753906,0.0614493483437876,14.923291206359863,0.0100212572142481,canonical,transformer_add97_permuted_s3,
7,0.9147443771362304,0.0613593347714369,14.90799045562744,0.010173094458878,canonical,transformer_add97_permuted_s3,
8,0.912517547607422,0.061272552151475,14.892762184143066,0.0098694199696183,canonical,transformer_add97_permuted_s3,
9,0.9103183746337892,0.0611871448907114,14.877608299255373,0.0107804434373974,canonical,transformer_add97_permuted_s3,
10,0.9081010818481444,0.0611001129842576,14.862510681152344,0.0109322806820273,canonical,transformer_add97_permuted_s3,
11,0.905853271484375,0.0610105900252345,14.8474760055542,0.0109322806820273,canonical,transformer_add97_permuted_s3,
12,0.9035720825195312,0.060918505945004,14.832472801208496,0.0109322806820273,canonical,transformer_add97_permuted_s3,
13,0.901352882385254,0.0608304893570119,14.817452430725098,0.0097175827249884,canonical,transformer_add97_permuted_s3,
15,0.8971462249755859,0.0606697439893984,14.78737449645996,0.0097175827249884,canonical,transformer_add97_permuted_s3,
16,0.8950910568237305,0.0605921258919393,14.772398948669434,0.0089583965018391,canonical,transformer_add97_permuted_s3,
17,0.8930683135986328,0.0605163206335547,14.757478713989258,0.0095657454803586,canonical,transformer_add97_permuted_s3,
18,0.8910903930664062,0.0604432849983792,14.742587089538574,0.0098694199696183,canonical,transformer_add97_permuted_s3,
20,0.8873195648193359,0.0603088643118936,14.712921142578123,0.0103249317035079,canonical,transformer_add97_permuted_s3,
21,0.8856678009033203,0.0602567860824076,14.698225021362305,0.0089583965018391,canonical,transformer_add97_permuted_s3,
23,0.883152961730957,0.0602043919645909,14.669244766235352,0.010173094458878,canonical,transformer_add97_permuted_s3,
24,0.8822879791259766,0.0602045551582248,14.654837608337402,0.0097175827249884,canonical,transformer_add97_permuted_s3,
26,0.8815412521362305,0.0602724929104935,14.625929832458496,0.0109322806820273,canonical,transformer_add97_permuted_s3,
28,0.8812656402587891,0.0603725879440239,14.597115516662598,0.0109322806820273,canonical,transformer_add97_permuted_s3,
31,0.881068229675293,0.0605369628414007,14.554219245910645,0.0116914669051766,canonical,transformer_add97_permuted_s3,
33,0.8810281753540039,0.060654759536452,14.525293350219728,0.0113877924159169,canonical,transformer_add97_permuted_s3,
35,0.880640983581543,0.0607507823788461,14.49596118927002,0.011235955171287,canonical,transformer_add97_permuted_s3,
38,0.8798332214355469,0.0608798480663165,14.451961517333984,0.0113877924159169,canonical,transformer_add97_permuted_s3,
41,0.8796577453613281,0.061052289345019,14.408267974853516,0.012298815883696,canonical,transformer_add97_permuted_s3,
44,0.8801374435424805,0.061269681641515,14.364974975585938,0.0126024903729557,canonical,transformer_add97_permuted_s3,
48,0.8821496963500977,0.0616516738844591,14.308609008789062,0.0119951413944363,canonical,transformer_add97_permuted_s3,
51,0.884425163269043,0.0619885281515348,14.26756191253662,0.0121469786390662,canonical,transformer_add97_permuted_s3,
55,0.8868808746337891,0.0624001347361188,14.212803840637209,0.012298815883696,canonical,transformer_add97_permuted_s3,
60,0.8903398513793945,0.0629392009323956,14.14603042602539,0.0116914669051766,canonical,transformer_add97_permuted_s3,
64,0.889103889465332,0.0630885326950672,14.092955589294434,0.0116914669051766,canonical,transformer_add97_permuted_s3,
69,0.8829069137573242,0.0629745650221677,14.020055770874023,0.010173094458878,canonical,transformer_add97_permuted_s3,
75,0.8692035675048828,0.0623758284887481,13.934942245483398,0.0085028847679495,canonical,transformer_add97_permuted_s3,
80,0.8594484329223633,0.0619805620277422,13.866418838500977,0.0092620709910988,canonical,transformer_add97_permuted_s3,
87,0.8501043319702148,0.0617258124425085,13.772266387939451,0.0089583965018391,canonical,transformer_add97_permuted_s3,
93,0.8450727462768555,0.0617518462528348,13.684979438781738,0.0104767689481377,canonical,transformer_add97_permuted_s3,
100,0.8382453918457031,0.0617163969769663,13.582215309143066,0.0104767689481377,canonical,transformer_add97_permuted_s3,
108,0.8220119476318359,0.0610238508867532,13.470338821411133,0.0116914669051766,canonical,transformer_add97_permuted_s3,
116,0.8061437606811523,0.0603312059396585,13.36196994781494,0.0116914669051766,canonical,transformer_add97_permuted_s3,
125,0.7882490158081055,0.059532380629704,13.240676879882812,0.0104767689481377,canonical,transformer_add97_permuted_s3,
135,0.7735414505004883,0.0590318599427699,13.103796005249023,0.0113877924159169,canonical,transformer_add97_permuted_s3,
146,0.7617368698120117,0.0587931295408427,12.956222534179688,0.0109322806820273,canonical,transformer_add97_permuted_s3,
157,0.7512340545654297,0.0586300302972608,12.813127517700195,0.0115396296605467,canonical,transformer_add97_permuted_s3,
169,0.743840217590332,0.05875548412918,12.65992832183838,0.0113877924159169,canonical,transformer_add97_permuted_s3,
182,0.7371749877929688,0.058988855149143,12.496851921081545,0.0119951413944363,canonical,transformer_add97_permuted_s3,
196,0.7291021347045898,0.0591677376444659,12.322629928588867,0.0118433041498065,canonical,transformer_add97_permuted_s3,
211,0.7202014923095703,0.0593316175660669,12.138578414916992,0.0124506531283259,canonical,transformer_add97_permuted_s3,
227,0.7116079330444336,0.059567526228312,11.946239471435549,0.0118433041498065,canonical,transformer_add97_permuted_s3,
245,0.7013425827026367,0.0597703808138809,11.733948707580566,0.0119951413944363,canonical,transformer_add97_permuted_s3,
264,0.6895895004272461,0.0598916017891436,11.513959884643556,0.0124506531283259,canonical,transformer_add97_permuted_s3,
284,0.6788501739501953,0.0601596039042985,11.28415298461914,0.0126024903729557,canonical,transformer_add97_permuted_s3,
306,0.6640853881835938,0.0601365219192105,11.042963027954102,0.012298815883696,canonical,transformer_add97_permuted_s3,
330,0.6499710083007812,0.0602958063722758,10.779705047607422,0.0121469786390662,canonical,transformer_add97_permuted_s3,
355,0.6361846923828125,0.0605135004410462,10.513103485107422,0.0119951413944363,canonical,transformer_add97_permuted_s3,
383,0.6203289031982422,0.0606854016540047,10.222044944763184,0.0127543276175856,canonical,transformer_add97_permuted_s3,
412,0.6034688949584961,0.0607758600404216,9.929417610168455,0.012298815883696,canonical,transformer_add97_permuted_s3,
444,0.5868139266967773,0.0610181273675651,9.617042541503906,0.012298815883696,canonical,transformer_add97_permuted_s3,
478,0.5711708068847656,0.0614421542034789,9.29607391357422,0.0121469786390662,canonical,transformer_add97_permuted_s3,
515,0.5552167892456055,0.0619605074361719,8.960817337036133,0.0130580021068453,canonical,transformer_add97_permuted_s3,
555,0.5313210487365723,0.0617448829139063,8.6051025390625,0.0129061648622155,canonical,transformer_add97_permuted_s3,
598,0.5094232559204102,0.0618246434691586,8.239809036254883,0.0119951413944363,canonical,transformer_add97_permuted_s3,
644,0.4877042770385742,0.0619975755971083,7.8665056228637695,0.0124506531283259,canonical,transformer_add97_permuted_s3,
694,0.4647846221923828,0.0621339552652911,7.4803643226623535,0.0121469786390662,canonical,transformer_add97_permuted_s3,
747,0.4426522254943847,0.0624207476672968,7.091427803039551,0.0130580021068453,canonical,transformer_add97_permuted_s3,
805,0.4198503494262695,0.0627700193010199,6.688708305358887,0.0144245373085141,canonical,transformer_add97_permuted_s3,
867,0.3982353210449219,0.0633648835056844,6.28479528427124,0.0116914669051766,canonical,transformer_add97_permuted_s3,
934,0.3731846809387207,0.0635435255592134,5.872898578643799,0.012298815883696,canonical,transformer_add97_permuted_s3,
1006,0.3522124290466308,0.0645255043917331,5.458499431610107,0.0129061648622155,canonical,transformer_add97_permuted_s3,
1083,0.3315496444702148,0.0655812511058954,5.05555534362793,0.0126024903729557,canonical,transformer_add97_permuted_s3,
1167,0.2997002601623535,0.064510457390892,4.6457624435424805,0.0118433041498065,canonical,transformer_add97_permuted_s3,
1257,0.2769773006439209,0.0652592778425718,4.244259357452393,0.0113877924159169,canonical,transformer_add97_permuted_s3,
1354,0.245568037033081,0.0637030440791046,3.854887008666992,0.0118433041498065,canonical,transformer_add97_permuted_s3,
1459,0.2252392768859863,0.0648617971949899,3.4726030826568604,0.0124506531283259,canonical,transformer_add97_permuted_s3,
1571,0.2007067203521728,0.0645675746177046,3.10847544670105,0.0118433041498065,canonical,transformer_add97_permuted_s3,
1692,0.175628662109375,0.0635690065539141,2.762803316116333,0.010173094458878,canonical,transformer_add97_permuted_s3,
1823,0.1593050956726074,0.0655140632261784,2.43161678314209,0.0100212572142481,canonical,transformer_add97_permuted_s3,
1964,0.1374294757843017,0.0648792141391914,2.1182358264923096,0.0107804434373974,canonical,transformer_add97_permuted_s3,
2115,0.1110037565231323,0.0608778966568926,1.8233835697174072,0.0109322806820273,canonical,transformer_add97_permuted_s3,
2278,0.087049126625061,0.0563851748782004,1.5438300371170044,0.0106286061927676,canonical,transformer_add97_permuted_s3,
2454,0.0677754878997802,0.0520421677929737,1.3023186922073364,0.012298815883696,canonical,transformer_add97_permuted_s3,
2644,0.0597687363624572,0.055093830377551,1.0848535299301147,0.0104767689481377,canonical,transformer_add97_permuted_s3,
2848,0.0532935261726379,0.0599680078337212,0.8886992931365967,0.0113877924159169,canonical,transformer_add97_permuted_s3,
3067,0.0345024466514587,0.0469056705414999,0.7355709075927734,0.0115396296605467,canonical,transformer_add97_permuted_s3,
3304,0.0268100500106811,0.045050105194166,0.5951162576675415,0.0115396296605467,canonical,transformer_add97_permuted_s3,
3559,0.0197719633579254,0.0425706325730465,0.4644507765769958,0.0097175827249884,canonical,transformer_add97_permuted_s3,
3834,0.016385942697525,0.0451677934223319,0.3627793490886688,0.0104767689481377,canonical,transformer_add97_permuted_s3,
4130,0.0131632983684539,0.0480313159913103,0.2740565836429596,0.0100212572142481,canonical,transformer_add97_permuted_s3,
4448,0.0085257738828659,0.0407925004910528,0.2090034633874893,0.0103249317035079,canonical,transformer_add97_permuted_s3,
4791,0.0077276825904846,0.0437523359084922,0.1766233146190643,0.0118433041498065,canonical,transformer_add97_permuted_s3,
5161,0.0069524869322776,0.053598943859327,0.1297131329774856,0.0109322806820273,canonical,transformer_add97_permuted_s3,
5560,0.0113553255796432,0.0746662426020167,0.1520811170339584,0.0109322806820273,canonical,transformer_add97_permuted_s3,
5989,0.0060971677303314,0.0541177036975903,0.1126649379730224,0.0097175827249884,canonical,transformer_add97_permuted_s3,
6451,0.0040558502078056,0.0374576984124308,0.1082781478762626,0.010173094458878,canonical,transformer_add97_permuted_s3,
6949,0.0063951089978218,0.0545380112217779,0.1172596663236618,0.0116914669051766,canonical,transformer_add97_permuted_s3,
7485,0.0045689344406127,0.0416026129310889,0.1098232567310333,0.0126024903729557,canonical,transformer_add97_permuted_s3,
8062,0.0064936131238937,0.0581371676362887,0.1116946935653686,0.0104767689481377,canonical,transformer_add97_permuted_s3,
8685,0.008110374212265,0.0513350384712386,0.1579890549182891,0.0094139082357287,canonical,transformer_add97_permuted_s3,
9355,0.0044951885938644,0.0419818549520628,0.1070745587348938,0.0095657454803586,canonical,transformer_add97_permuted_s3,
10077,0.0053592547774314,0.0491028961552458,0.109143353998661,0.0104767689481377,canonical,transformer_add97_permuted_s3,
10854,0.0082395374774932,0.0554670526132799,0.1485483199357986,0.0094139082357287,canonical,transformer_add97_permuted_s3,
11692,0.0049422979354858,0.0457736784235964,0.1079724878072738,0.0115396296605467,canonical,transformer_add97_permuted_s3,
12594,0.0068670362234115,0.0617618116337049,0.1111857965588569,0.0116914669051766,canonical,transformer_add97_permuted_s3,
13566,0.0053543522953987,0.0479601444071846,0.1116417050361633,0.011235955171287,canonical,transformer_add97_permuted_s3,
14613,0.0051486417651176,0.0472774546269803,0.1089026853442192,0.0115396296605467,canonical,transformer_add97_permuted_s3,
15741,0.0051559433341026,0.0449116818502274,0.1148018315434455,0.0092620709910988,canonical,transformer_add97_permuted_s3,
16955,0.0074275434017181,0.0486905383355422,0.1525459289550781,0.010173094458878,canonical,transformer_add97_permuted_s3,
18264,0.0070144459605216,0.0578375902100671,0.1212783232331276,0.0098694199696183,canonical,transformer_add97_permuted_s3,
19673,0.0049517303705215,0.0465450975009174,0.1063856482505798,0.0106286061927676,canonical,transformer_add97_permuted_s3,
21192,0.0066384598612785,0.060510523307953,0.1097075268626213,0.0109322806820273,canonical,transformer_add97_permuted_s3,
22827,0.0069800168275833,0.0588920160075002,0.1185222938656807,0.0116914669051766,canonical,transformer_add97_permuted_s3,
24589,0.0040078610181808,0.0362226973420397,0.110645018517971,0.0094139082357287,canonical,transformer_add97_permuted_s3,
26486,0.0047996342182159,0.0389117261293319,0.1233467310667038,0.0104767689481377,canonical,transformer_add97_permuted_s3,
28530,0.0068272203207015,0.0592930649811832,0.1151436567306518,0.0109322806820273,canonical,transformer_add97_permuted_s3,
30732,0.0053128376603126,0.0417796930432311,0.1271631568670272,0.0097175827249884,canonical,transformer_add97_permuted_s3,
33103,0.0069924667477607,0.0578410161388682,0.1208911463618278,0.0107804434373974,canonical,transformer_add97_permuted_s3,
35658,0.0054782629013061,0.0467324794990864,0.1172260269522667,0.0095657454803586,canonical,transformer_add97_permuted_s3,
38410,0.0097365230321884,0.0634677847134417,0.1534088999032974,0.0121469786390662,canonical,transformer_add97_permuted_s3,
41374,0.0043218880891799,0.0368397718181594,0.1173158213496208,0.0119951413944363,canonical,transformer_add97_permuted_s3,
44567,0.0053295269608497,0.0429084533642745,0.1242069229483604,0.0127543276175856,canonical,transformer_add97_permuted_s3,
48006,0.0048752129077911,0.0409298994936211,0.1191112846136093,0.0100212572142481,canonical,transformer_add97_permuted_s3,
51711,0.0047666728496551,0.0404811046269751,0.1177505627274513,0.0135135138407349,canonical,transformer_add97_permuted_s3,
55701,0.0052147805690765,0.044896568663014,0.1161509826779365,0.0115396296605467,canonical,transformer_add97_permuted_s3,
60000,0.0051194280385971,0.0355411144213901,0.1440424174070358,0.0103249317035079,canonical,transformer_add97_permuted_s3,
0,0.8146324157714844,0.0540350869646434,15.075989723205566,0.0092620709910988,canonical,transformer_add97_permuted_s4,
1,0.8130807876586914,0.0539905309478069,15.0596923828125,0.009110233746469,canonical,transformer_add97_permuted_s4,
2,0.8102865219116211,0.0538615539225695,15.043875694274902,0.009110233746469,canonical,transformer_add97_permuted_s4,
3,0.8072719573974609,0.0537164599728018,15.028390884399414,0.009110233746469,canonical,transformer_add97_permuted_s4,
4,0.8041973114013672,0.0535665441053628,15.013051986694336,0.0085028847679495,canonical,transformer_add97_permuted_s4,
5,0.800929069519043,0.0534029174404192,14.997852325439451,0.00804737303406,canonical,transformer_add97_permuted_s4,
6,0.7976245880126953,0.0532364417405732,14.982680320739746,0.0089583965018391,canonical,transformer_add97_permuted_s4,
7,0.7944631576538086,0.0530791081998749,14.967530250549316,0.0097175827249884,canonical,transformer_add97_permuted_s4,
8,0.7914285659790039,0.0529295774540089,14.952482223510742,0.0100212572142481,canonical,transformer_add97_permuted_s4,
9,0.7885456085205078,0.0527894282474292,14.937566757202148,0.0109322806820273,canonical,transformer_add97_permuted_s4,
10,0.7858448028564453,0.0526608922873736,14.92273998260498,0.0104767689481377,canonical,transformer_add97_permuted_s4,
11,0.7833385467529297,0.0525452583052457,14.907882690429688,0.0089583965018391,canonical,transformer_add97_permuted_s4,
12,0.7809476852416992,0.0524371888498382,14.893012046813965,0.0094139082357287,canonical,transformer_add97_permuted_s4,
13,0.7785720825195312,0.0523299524288893,14.878134727478027,0.010173094458878,canonical,transformer_add97_permuted_s4,
15,0.7736711502075195,0.0521039647678949,14.848604202270508,0.0118433041498065,canonical,transformer_add97_permuted_s4,
16,0.7711143493652344,0.0519828485375894,14.834014892578123,0.0109322806820273,canonical,transformer_add97_permuted_s4,
17,0.7684316635131836,0.0518523552289724,14.819609642028809,0.0106286061927676,canonical,transformer_add97_permuted_s4,
18,0.7656269073486328,0.0517125567743218,14.805435180664062,0.0104767689481377,canonical,transformer_add97_permuted_s4,
20,0.7596845626831055,0.0514081851994929,14.777502059936523,0.0104767689481377,canonical,transformer_add97_permuted_s4,
21,0.7565622329711914,0.0512458056224764,14.763398170471191,0.0097175827249884,canonical,transformer_add97_permuted_s4,
23,0.749725341796875,0.0508833603895631,14.7341947555542,0.0103249317035079,canonical,transformer_add97_permuted_s4,
24,0.7460460662841797,0.0506854154010744,14.719146728515623,0.0100212572142481,canonical,transformer_add97_permuted_s4,
26,0.7387800216674805,0.0502956970188515,14.688732147216797,0.0109322806820273,canonical,transformer_add97_permuted_s4,
28,0.7316741943359375,0.0499141549089144,14.658651351928713,0.0097175827249884,canonical,transformer_add97_permuted_s4,
31,0.7227163314819336,0.0494499915758773,14.615095138549805,0.0103249317035079,canonical,transformer_add97_permuted_s4,
33,0.7188091278076172,0.0492770153371952,14.58710765838623,0.0095657454803586,canonical,transformer_add97_permuted_s4,
35,0.7165031433105469,0.049210772544572,14.559884071350098,0.0100212572142481,canonical,transformer_add97_permuted_s4,
38,0.7157869338989258,0.0492959781608801,14.52018928527832,0.0097175827249884,canonical,transformer_add97_permuted_s4,
41,0.7197704315185547,0.0497039596406487,14.481148719787598,0.0098694199696183,canonical,transformer_add97_permuted_s4,
44,0.7220163345336914,0.0499961137048728,14.441449165344238,0.0106286061927676,canonical,transformer_add97_permuted_s4,
48,0.7228193283081055,0.0502431978901769,14.386411666870115,0.0127543276175856,canonical,transformer_add97_permuted_s4,
51,0.7238330841064453,0.0504592459254834,14.344904899597168,0.0124506531283259,canonical,transformer_add97_permuted_s4,
55,0.7262668609619141,0.0508223480161561,14.290305137634276,0.0119951413944363,canonical,transformer_add97_permuted_s4,
60,0.7285280227661133,0.0512364002544928,14.218954086303713,0.011235955171287,canonical,transformer_add97_permuted_s4,
64,0.7301292419433594,0.0515574804261029,14.161460876464844,0.0104767689481377,canonical,transformer_add97_permuted_s4,
69,0.7279071807861328,0.0516538390297768,14.09202480316162,0.0103249317035079,canonical,transformer_add97_permuted_s4,
75,0.7357339859008789,0.0525093579170581,14.011483192443848,0.010173094458878,canonical,transformer_add97_permuted_s4,
80,0.7339487075805664,0.0526226468131305,13.947392463684082,0.0107804434373974,canonical,transformer_add97_permuted_s4,
87,0.7350711822509766,0.0530507933171437,13.85598850250244,0.0106286061927676,canonical,transformer_add97_permuted_s4,
93,0.7340898513793945,0.0532984089530087,13.77320384979248,0.0103249317035079,canonical,transformer_add97_permuted_s4,
100,0.725468635559082,0.0530572528901806,13.673316955566406,0.0113877924159169,canonical,transformer_add97_permuted_s4,
108,0.7136526107788086,0.0526477790490095,13.555227279663086,0.0107804434373974,canonical,transformer_add97_permuted_s4,
116,0.698420524597168,0.0519969288067644,13.431957244873049,0.0106286061927676,canonical,transformer_add97_permuted_s4,
125,0.6834869384765625,0.0513989763349901,13.29767608642578,0.0106286061927676,canonical,transformer_add97_permuted_s4,
135,0.6727933883666992,0.0511439616885891,13.15489387512207,0.0098694199696183,canonical,transformer_add97_permuted_s4,
146,0.6673288345336914,0.0513112002719604,13.00551986694336,0.0098694199696183,canonical,transformer_add97_permuted_s4,
157,0.6609373092651367,0.0513945715423295,12.860060691833496,0.009110233746469,canonical,transformer_add97_permuted_s4,
169,0.6510887145996094,0.0512497107090318,12.704241752624512,0.0089583965018391,canonical,transformer_add97_permuted_s4,
182,0.6416463851928711,0.0511784005189532,12.537445068359377,0.0088065592572093,canonical,transformer_add97_permuted_s4,
196,0.632267951965332,0.0511496936755333,12.361128807067873,0.009110233746469,canonical,transformer_add97_permuted_s4,
211,0.6195249557495117,0.0508895501098958,12.17391300201416,0.0094139082357287,canonical,transformer_add97_permuted_s4,
227,0.6072816848754883,0.0506963431703467,11.978806495666504,0.0092620709910988,canonical,transformer_add97_permuted_s4,
245,0.5935583114624023,0.0504594683162005,11.763071060180664,0.0094139082357287,canonical,transformer_add97_permuted_s4,
264,0.581110954284668,0.0503592484629759,11.53930950164795,0.0092620709910988,canonical,transformer_add97_permuted_s4,
284,0.5654411315917969,0.0499920615802151,11.31061840057373,0.009110233746469,canonical,transformer_add97_permuted_s4,
306,0.5490951538085938,0.0496283014610218,11.064153671264648,0.0088065592572093,canonical,transformer_add97_permuted_s4,
330,0.5350179672241211,0.0495261133989065,10.80274486541748,0.0086547220125794,canonical,transformer_add97_permuted_s4,
355,0.5187053680419922,0.0492275003590906,10.53690242767334,0.0097175827249884,canonical,transformer_add97_permuted_s4,
383,0.5033121109008789,0.0491154425690745,10.247532844543455,0.0098694199696183,canonical,transformer_add97_permuted_s4,
412,0.4820976257324219,0.0484191666400872,9.956751823425291,0.0110841179266572,canonical,transformer_add97_permuted_s4,
444,0.4670448303222656,0.0484403369177697,9.641651153564451,0.0092620709910988,canonical,transformer_add97_permuted_s4,
478,0.4515752792358398,0.0484613395979204,9.31825828552246,0.0094139082357287,canonical,transformer_add97_permuted_s4,
515,0.4352855682373047,0.0484826068926603,8.978179931640625,0.0097175827249884,canonical,transformer_add97_permuted_s4,
555,0.4179797172546386,0.0484752880644326,8.62253189086914,0.0095657454803586,canonical,transformer_add97_permuted_s4,
598,0.3997488021850586,0.0484197034267607,8.255911827087402,0.010173094458878,canonical,transformer_add97_permuted_s4,
644,0.3823103904724121,0.0485131145447008,7.880557537078857,0.0100212572142481,canonical,transformer_add97_permuted_s4,
694,0.3532142639160156,0.0471535181392762,7.490729808807373,0.0095657454803586,canonical,transformer_add97_permuted_s4,
747,0.3324379920959472,0.0468184200951474,7.100581169128418,0.0100212572142481,canonical,transformer_add97_permuted_s4,
805,0.3112521171569824,0.0464757014025737,6.697093486785889,0.0095657454803586,canonical,transformer_add97_permuted_s4,
867,0.2878437042236328,0.0457490889242932,6.291790962219238,0.0094139082357287,canonical,transformer_add97_permuted_s4,
934,0.2630071640014648,0.0447168481272449,5.881612300872803,0.0092620709910988,canonical,transformer_add97_permuted_s4,
1006,0.2418494224548339,0.044226065436213,5.468481540679932,0.0094139082357287,canonical,transformer_add97_permuted_s4,
1083,0.2260365486145019,0.0446850460874367,5.058438301086426,0.0094139082357287,canonical,transformer_add97_permuted_s4,
1167,0.2053308486938476,0.0441971995063084,4.645788669586182,0.010173094458878,canonical,transformer_add97_permuted_s4,
1257,0.1870908737182617,0.0441047728630838,4.241964340209961,0.0097175827249884,canonical,transformer_add97_permuted_s4,
1354,0.1686978340148925,0.0437758534255964,3.853673219680786,0.0088065592572093,canonical,transformer_add97_permuted_s4,
1459,0.1601877212524414,0.0459048588329049,3.4895591735839844,0.0113877924159169,canonical,transformer_add97_permuted_s4,
1571,0.1367347240447998,0.0439057563533571,3.1142778396606445,0.0109322806820273,canonical,transformer_add97_permuted_s4,
1692,0.1465277671813964,0.0528632625776919,2.7718260288238525,0.0098694199696183,canonical,transformer_add97_permuted_s4,
1823,0.1057629585266113,0.043700600614564,2.4201717376708984,0.0095657454803586,canonical,transformer_add97_permuted_s4,
1964,0.0933825969696044,0.0442776750306357,2.1090221405029297,0.0092620709910988,canonical,transformer_add97_permuted_s4,
2115,0.0899455547332763,0.0489734958777567,1.8366169929504397,0.0106286061927676,canonical,transformer_add97_permuted_s4,
2278,0.081497311592102,0.051915381563235,1.5698105096817017,0.0107804434373974,canonical,transformer_add97_permuted_s4,
2454,0.0736922025680542,0.0554633322483063,1.328665256500244,0.0100212572142481,canonical,transformer_add97_permuted_s4,
2644,0.0548856258392334,0.0488416635151456,1.123746037483215,0.0103249317035079,canonical,transformer_add97_permuted_s4,
2848,0.046132743358612,0.0504732254120412,0.9140042662620544,0.0095657454803586,canonical,transformer_add97_permuted_s4,
3067,0.0392804145812988,0.0527276537187815,0.7449679970741272,0.0088065592572093,canonical,transformer_add97_permuted_s4,
3304,0.0319700241088867,0.05481264637122,0.5832599997520447,0.0086547220125794,canonical,transformer_add97_permuted_s4,
3559,0.0239327251911163,0.0530968729370842,0.4507369995117187,0.0094139082357287,canonical,transformer_add97_permuted_s4,
3834,0.0154215991497039,0.0449410869242743,0.3431514501571655,0.0103249317035079,canonical,transformer_add97_permuted_s4,
4130,0.0117535293102264,0.0435295703134959,0.2700125277042389,0.0086547220125794,canonical,transformer_add97_permuted_s4,
4448,0.0093291997909545,0.0471273677649743,0.197957158088684,0.0085028847679495,canonical,transformer_add97_permuted_s4,
4791,0.0112544894218444,0.0609016586371706,0.1847977489233017,0.0098694199696183,canonical,transformer_add97_permuted_s4,
5161,0.006526343524456,0.0475716414144513,0.1371897906064987,0.0092620709910988,canonical,transformer_add97_permuted_s4,
5560,0.0083919614553451,0.0557196118489769,0.15061055123806,0.0103249317035079,canonical,transformer_add97_permuted_s4,
5989,0.0057264491915702,0.0486757828115096,0.117644727230072,0.010173094458878,canonical,transformer_add97_permuted_s4,
6451,0.0084052830934524,0.0568138519400614,0.1479442566633224,0.0100212572142481,canonical,transformer_add97_permuted_s4,
6949,0.0056678429245948,0.0536248185014276,0.1056943982839584,0.0110841179266572,canonical,transformer_add97_permuted_s4,
7485,0.0078633725643157,0.0584192413232478,0.1346024423837661,0.0106286061927676,canonical,transformer_add97_permuted_s4,
8062,0.0056343153119087,0.0557089059109011,0.1011385023593902,0.0094139082357287,canonical,transformer_add97_permuted_s4,
8685,0.0086711943149566,0.0770141668115307,0.1125921979546547,0.0098694199696183,canonical,transformer_add97_permuted_s4,
9355,0.0095958560705184,0.0636300533027814,0.1508069783449173,0.0106286061927676,canonical,transformer_add97_permuted_s4,
10077,0.0063908845186233,0.0594821900502329,0.1074419841170311,0.0103249317035079,canonical,transformer_add97_permuted_s4,
10854,0.0085558667778968,0.0781747761735791,0.1094453632831573,0.0104767689481377,canonical,transformer_add97_permuted_s4,
11692,0.0089304074645042,0.0686311020505292,0.1301218718290329,0.0100212572142481,canonical,transformer_add97_permuted_s4,
12594,0.0053986310958862,0.0513081237673805,0.1052198112010955,0.0113877924159169,canonical,transformer_add97_permuted_s4,
13566,0.0052005350589752,0.0486901551372458,0.1068087592720985,0.0098694199696183,canonical,transformer_add97_permuted_s4,
14613,0.0054361820220947,0.0495561671018262,0.1096973866224289,0.0107804434373974,canonical,transformer_add97_permuted_s4,
15741,0.0043220818042755,0.0407181299561829,0.1061463728547096,0.0094139082357287,canonical,transformer_add97_permuted_s4,
16955,0.0048364475369453,0.0469438076106392,0.1030263155698776,0.0104767689481377,canonical,transformer_add97_permuted_s4,
18264,0.0065595507621765,0.0451241363757508,0.1453667879104614,0.0109322806820273,canonical,transformer_add97_permuted_s4,
19673,0.0065784454345703,0.0538273194202936,0.1222138777375221,0.010173094458878,canonical,transformer_add97_permuted_s4,
21192,0.0044798925518989,0.0441324193506479,0.1015102416276931,0.0098694199696183,canonical,transformer_add97_permuted_s4,
22827,0.0049403458833694,0.0422384152220908,0.1169633343815803,0.0077436985448002,canonical,transformer_add97_permuted_s4,
24589,0.0047402828931808,0.0441218946831879,0.1074360683560371,0.010173094458878,canonical,transformer_add97_permuted_s4,
26486,0.0063205584883689,0.0590318572498603,0.1070702970027923,0.009110233746469,canonical,transformer_add97_permuted_s4,
28530,0.0053715035319328,0.0473725503080082,0.1133885234594345,0.0109322806820273,canonical,transformer_add97_permuted_s4,
30732,0.0051933377981185,0.043950000614762,0.1181646808981895,0.0109322806820273,canonical,transformer_add97_permuted_s4,
33103,0.0049520507454872,0.0453574366889063,0.1091783642768859,0.0103249317035079,canonical,transformer_add97_permuted_s4,
35658,0.0039766356348991,0.0357400350466421,0.1112655773758888,0.011235955171287,canonical,transformer_add97_permuted_s4,
38410,0.0070261359214782,0.0550845843866028,0.1275517642498016,0.0106286061927676,canonical,transformer_add97_permuted_s4,
41374,0.0059969127178192,0.0560182884930861,0.1070527657866478,0.0095657454803586,canonical,transformer_add97_permuted_s4,
44567,0.0043832585215568,0.0423851217531824,0.1034150272607803,0.0095657454803586,canonical,transformer_add97_permuted_s4,
48006,0.0071149915456771,0.0650245929741071,0.109420008957386,0.0098694199696183,canonical,transformer_add97_permuted_s4,
51711,0.0085321962833404,0.057880789547238,0.1474098116159439,0.0074400245212018,canonical,transformer_add97_permuted_s4,
55701,0.0060170516371726,0.0563674145190125,0.1067469865083694,0.00804737303406,canonical,transformer_add97_permuted_s4,
60000,0.0087862908840179,0.0535582367868146,0.1640511602163314,0.0078955357894301,canonical,transformer_add97_permuted_s4,
