step,h1_max_persistence_normalised,fourier_concentration,fourier_concentration_group,fourier_concentration_k1,fourier_concentration_k2,fourier_concentration_k3,fourier_concentration_k5,fourier_concentration_k10,fourier_concentration_k20,fourier_concentration_group_k1,fourier_concentration_group_k2,fourier_concentration_group_k3,fourier_concentration_group_k5,fourier_concentration_group_k10,fourier_concentration_group_k20,run,operation,t_g
0,0.0533167137970209,0.1173431574352981,0.1218293596233479,0.0236154469970105,0.0472080339010358,0.0707978333667646,0.1173431574352981,0.2312752565463535,0.4490029489403283,0.0258684571190925,0.0500180463591092,0.0740156313650239,0.1218293596233479,0.2374221981723366,0.4548023171491062,transformer_mul97_f0.5_wd1.0_softmax_ce_s0,mul,1900
1,0.0533456386251584,0.1173361246978452,0.1218251688527898,0.0236152314168229,0.047209985172246,0.070799952705121,0.1173361246978452,0.2312662922841602,0.4489940309757369,0.0258674334897439,0.0500140222258043,0.0740107645498772,0.1218251688527898,0.237411392249902,0.4548016743126519,transformer_mul97_f0.5_wd1.0_softmax_ce_s0,mul,1900
2,0.0533411861578961,0.1173308285669181,0.1218252522088712,0.0236158826387084,0.0472123226751887,0.0708037493892154,0.1173308285669181,0.2312605782793498,0.4489910252357214,0.0258691715451244,0.0500138225914325,0.0740097777500159,0.1218252522088712,0.2374057927066149,0.4548072969200114,transformer_mul97_f0.5_wd1.0_softmax_ce_s0,mul,1900
3,0.0533174747381942,0.1173265927200925,0.1218252154029103,0.0236168068118562,0.0472143072369101,0.0708076765582073,0.1173265927200925,0.2312558033629692,0.448990145201994,0.0258718512535824,0.0500148898513406,0.0740103693038924,0.1218252154029103,0.2374010819805387,0.4548150895908687,transformer_mul97_f0.5_wd1.0_softmax_ce_s0,mul,1900
4,0.0532780573999452,0.1173230042550082,0.121824713715589,0.0236176105663975,0.0472155697078511,0.0708109641090423,0.1173230042550082,0.2312512145811872,0.4489900509617384,0.0258746955531084,0.0500164053677028,0.0740117335527172,0.121824713715589,0.2373959765328196,0.4548218890754266,transformer_mul97_f0.5_wd1.0_softmax_ce_s0,mul,1900
5,0.0532391097488021,0.1173198950307808,0.121823611694937,0.0236182974356469,0.0472162374648093,0.0708137140910746,0.1173198950307808,0.2312467810497719,0.44899069648746,0.0258775509879022,0.050017955170422,0.0740131756901901,0.121823611694937,0.2373911560339091,0.454828891896133,transformer_mul97_f0.5_wd1.0_softmax_ce_s0,mul,1900
6,0.0532154794605511,0.1173169364948238,0.1218218963519094,0.0236188560722203,0.0472185566791697,0.0708160195217909,0.1173169364948238,0.2312421041840158,0.4489918076434623,0.0258802807522899,0.0500193212421773,0.0740141987338844,0.1218218963519094,0.2373862036189723,0.4548351951611845,transformer_mul97_f0.5_wd1.0_softmax_ce_s0,mul,1900
7,0.0532841504643885,0.1173142557349248,0.1218196013211431,0.0236192901791603,0.047221323448338,0.0708180889450751,0.1173142557349248,0.2312372600829238,0.4489932075744466,0.0258828056444692,0.0500203108963892,0.0740145332000645,0.1218196013211431,0.2373810611222409,0.454840836231318,transformer_mul97_f0.5_wd1.0_softmax_ce_s0,mul,1900
8,0.0533640848091567,0.1173118642941151,0.1218170576175869,0.0236198227626021,0.0472242324321512,0.0708202099085969,0.1173118642941151,0.2312320697991485,0.4489954805689714,0.025885118215005,0.0500208638469467,0.0740141580942118,0.1218170576175869,0.2373758033521995,0.4548455035086044,transformer_mul97_f0.5_wd1.0_softmax_ce_s0,mul,1900
9,0.0534454734604686,0.1173095886803922,0.1218144846043329,0.0236204223360101,0.0472272092979371,0.0708223396494493,0.1173095886803922,0.2312261369353083,0.4489993803083444,0.025887176942329,0.0500209508278343,0.0740130734723869,0.1218144846043329,0.2373706630531472,0.4548493316241222,transformer_mul97_f0.5_wd1.0_softmax_ce_s0,mul,1900
10,0.0535178216559232,0.1173071906106584,0.1218120064353619,0.0236209591136681,0.0472299757317443,0.0708241587355165,0.1173071906106584,0.2312194056226365,0.4490030669433142,0.0258889504896952,0.0500204880056531,0.0740113266258097,0.1218120064353619,0.2373655352599549,0.4548521482177608,transformer_mul97_f0.5_wd1.0_softmax_ce_s0,mul,1900
11,0.0535794908684767,0.1173048459285403,0.1218097262983433,0.0236213481801048,0.0472324703861816,0.0708255927431435,0.1173048459285403,0.2312121610452559,0.4490063959078817,0.0258905711197039,0.0500197373165148,0.0740091588862591,0.1218097262983433,0.2373603726140349,0.4548540476963393,transformer_mul97_f0.5_wd1.0_softmax_ce_s0,mul,1900
12,0.0536295399570801,0.117302862710824,0.12180751451689,0.0236215885930518,0.0472348514513356,0.0708268349020985,0.117302862710824,0.2312048986968224,0.4490096111959313,0.0258921099871825,0.0500187044419811,0.0740065353478619,0.12180751451689,0.237355111041506,0.4548549414783739,transformer_mul97_f0.5_wd1.0_softmax_ce_s0,mul,1900
13,0.05366761049691,0.1173011127283358,0.1218054138014079,0.0236215878456377,0.0472369623792682,0.0708276869523562,0.1173011127283358,0.2311975128264403,0.4490125907576018,0.0258936329342355,0.0500174782926961,0.0740035826957256,0.1218054138014079,0.2373496787631495,0.4548549821946911,transformer_mul97_f0.5_wd1.0_softmax_ce_s0,mul,1900
15,0.0534942243369475,0.1172967578930533,0.1218021466611744,0.0236205317452424,0.0472399238798064,0.0708272709168748,0.1172967578930533,0.231189586169613,0.4490156965719634,0.025897038099601,0.0500150903556154,0.0739973363244613,0.1218021466611744,0.2373383317113416,0.4548550558516157,transformer_mul97_f0.5_wd1.0_softmax_ce_s0,mul,1900
16,0.0533464612639128,0.1172938945681151,0.121801236808866,0.0236214414620688,0.0472408817273557,0.0708260485915546,0.1172938945681151,0.2311839708354172,0.4490151973466623,0.0258989130308085,0.0500139517332101,0.0739942523952596,0.121801236808866,0.2373324481736364,0.4548559763288228,transformer_mul97_f0.5_wd1.0_softmax_ce_s0,mul,1900
17,0.0532779414650814,0.1172907163497199,0.1218006768758509,0.0236235515483125,0.0472416116824663,0.0708243143787117,0.1172907163497199,0.2311773972713507,0.4490133918407352,0.0259007453392455,0.050012658995764,0.073991099956595,0.1218006768758509,0.237326395166805,0.4548579110612786,transformer_mul97_f0.5_wd1.0_softmax_ce_s0,mul,1900
18,0.0532882794384222,0.1172873184821107,0.1218004669152629,0.0236256898312654,0.047242168126104,0.0708221533397265,0.1172873184821107,0.231170157633161,0.4490105471703588,0.0259023954566786,0.0500110451580237,0.0739878000252712,0.1218004669152629,0.2373200878766596,0.4548605395755691,transformer_mul97_f0.5_wd1.0_softmax_ce_s0,mul,1900
20,0.0532886956921779,0.1172792941175757,0.1218008065634307,0.023629846637459,0.0472424620953234,0.0708163689239754,0.1172792941175757,0.2311539863370139,0.4490023992616851,0.0259049626073474,0.050006627132578,0.0739803521564498,0.1218008065634307,0.2373061343944232,0.4548647513864676,transformer_mul97_f0.5_wd1.0_softmax_ce_s0,mul,1900
21,0.0532777693721396,0.1172743233485658,0.1218011233293374,0.0236318180481649,0.047242011938454,0.0708125494286606,0.1172743233485658,0.2311447794359645,0.4489970162525194,0.0259060066352348,0.050003921372296,0.0739762045201595,0.1218011233293374,0.2372982459054667,0.4548658420099488,transformer_mul97_f0.5_wd1.0_softmax_ce_s0,mul,1900
23,0.0532374452060538,0.1172620419442369,0.1218020937311747,0.0236353870737093,0.0472399552381239,0.0708031666871344,0.1172620419442369,0.2311237507179616,0.4489831791595461,0.0259082417957923,0.0499983305329379,0.0739677374686658,0.1218020937311747,0.2372808025197363,0.4548659719818098,transformer_mul97_f0.5_wd1.0_softmax_ce_s0,mul,1900
24,0.0532160994509445,0.1172546563776801,0.121802767111719,0.0236368623484909,0.0472383693108725,0.0707977747289335,0.1172546563776801,0.2311119535922783,0.4489748671565304,0.0259096365624401,0.0499956774618014,0.0739636338564681,0.121802767111719,0.2372716821863736,0.4548657696583781,transformer_mul97_f0.5_wd1.0_softmax_ce_s0,mul,1900
26,0.0531818700350561,0.1172383165387506,0.1218045689550929,0.0236389927542686,0.0472344147837545,0.0707867162091816,0.1172383165387506,0.2310874282808263,0.4489569657469918,0.0259134394514576,0.0499913852687289,0.0739577082232725,0.1218045689550929,0.2372545968108357,0.4548674802788158,transformer_mul97_f0.5_wd1.0_softmax_ce_s0,mul,1900
28,0.0531824688104254,0.1172222928317491,0.1218066354626623,0.0236397762103854,0.0472299879708269,0.0707769685211074,0.1172222928317491,0.2310644260433068,0.4489391469512874,0.0259187344372068,0.0499898064326302,0.0739692559709856,0.1218066354626623,0.237239926704568,0.4548715547691931,transformer_mul97_f0.5_wd1.0_softmax_ce_s0,mul,1900
31,0.0533799176279,0.1172043394211802,0.1218046128541377,0.0236386205062703,0.0472226311984489,0.0707657324464167,0.1172043394211802,0.2310438960532911,0.4489123114888452,0.0259275188186481,0.0499920106209664,0.073993948685587,0.1218046128541377,0.2372153906456564,0.4548770123425344,transformer_mul97_f0.5_wd1.0_softmax_ce_s0,mul,1900
33,0.0536332985279808,0.1171962691974798,0.1218042301748166,0.0236339782970117,0.047216234812807,0.0707599347888284,0.1171962691974798,0.231042166055345,0.4488906593324803,0.0259355630483099,0.049998299200134,0.074018001051599,0.1218042301748166,0.237198857211079,0.4548870707809093,transformer_mul97_f0.5_wd1.0_softmax_ce_s0,mul,1900
35,0.0536517685645695,0.1171893563137921,0.1218108837212049,0.0236253379367438,0.0472105558928268,0.0707547872309869,0.1171893563137921,0.2310447550173937,0.448861802749317,0.0259471622425986,0.0500106102534523,0.0740498407010784,0.1218108837212049,0.2371872008694995,0.454903647084639,transformer_mul97_f0.5_wd1.0_softmax_ce_s0,mul,1900
38,0.0533728486505551,0.1171791070901533,0.1218380646832255,0.0236057804865867,0.0472047768721236,0.0707488355011915,0.1171791070901533,0.2310478652275593,0.4488118969192346,0.025971701515886,0.0500432406375115,0.0741130560631307,0.1218380646832255,0.2371874204949256,0.4549436300761277,transformer_mul97_f0.5_wd1.0_softmax_ce_s0,mul,1900
41,0.0530133245052883,0.1171667627935575,0.1218856455130112,0.0236176610659222,0.0471987018065687,0.0707443205040553,0.1171667627935575,0.2310435943987775,0.4487691159048673,0.0260055820935394,0.0501144104746033,0.0741943154192577,0.1218856455130112,0.2372136098821343,0.4550099866565446,transformer_mul97_f0.5_wd1.0_softmax_ce_s0,mul,1900
44,0.0526308207927265,0.117155439701972,0.1219545875211041,0.0236357168343898,0.0471901804893223,0.070739797906691,0.117155439701972,0.2310320705497472,0.4487363625287407,0.0260506359541373,0.050202044779091,0.0742946506221504,0.1219545875211041,0.2372711180941914,0.4551132924927958,transformer_mul97_f0.5_wd1.0_softmax_ce_s0,mul,1900
48,0.0522710104696121,0.1171510359916777,0.1220797762994777,0.0236606299197437,0.0472224814170466,0.0707412169444729,0.1171510359916777,0.2310130716419866,0.448699105468043,0.0261287835946118,0.0503406929308247,0.0744563025541063,0.1220797762994777,0.2374038865528467,0.4553024974531608,transformer_mul97_f0.5_wd1.0_softmax_ce_s0,mul,1900
51,0.052077158672395,0.1171527585364867,0.1221911248555662,0.0236790451285153,0.0472546054294384,0.0707488221320841,0.1171527585364867,0.2310005652555073,0.4486666251295479,0.0261973428781599,0.0504584626414836,0.0745905027564465,0.1221911248555662,0.237532353684394,0.455460253305136,transformer_mul97_f0.5_wd1.0_softmax_ce_s0,mul,1900
55,0.0519173466445281,0.117154617513776,0.1223524238087502,0.02370271088709,0.0472977950864857,0.0707633214374945,0.117154617513776,0.2309831957848516,0.4486136853822568,0.0262948578068385,0.0506264681765427,0.0747757553218406,0.1223524238087502,0.237733488293308,0.4556844692641191,transformer_mul97_f0.5_wd1.0_softmax_ce_s0,mul,1900
60,0.0519740862506,0.1171584635267096,0.1225595648427479,0.0237333981663676,0.0473457192872398,0.0707840169949571,0.1171584635267096,0.2309620671253649,0.4485389458351921,0.026421620216515,0.0508465782924874,0.075005874892365,0.1225595648427479,0.238011338837561,0.4559883429822932,transformer_mul97_f0.5_wd1.0_softmax_ce_s0,mul,1900
64,0.0521388609535989,0.117164277022779,0.1227199537428193,0.0237535489114713,0.0473726218577747,0.0708009006974694,0.117164277022779,0.2309666756194107,0.4484933984204544,0.0265269272098374,0.0510278462468758,0.0751876416551337,0.1227199537428193,0.238245466452457,0.4562983982911764,transformer_mul97_f0.5_wd1.0_softmax_ce_s0,mul,1900
69,0.0523746335788526,0.1171697555164428,0.1229238606576909,0.023774650126405,0.0473956600384008,0.0708198649177542,0.1171697555164428,0.2309763205215901,0.4484357020939583,0.0266620169806339,0.0512557861444973,0.0754163326166479,0.1229238606576909,0.2386401710790578,0.4566858391487852,transformer_mul97_f0.5_wd1.0_softmax_ce_s0,mul,1900
75,0.0526116294011018,0.1171518495671709,0.1231783397088699,0.0237903485272942,0.0474080884069293,0.0708320320253286,0.1171518495671709,0.23097804929217,0.4483705599415856,0.0268180203317715,0.051526634286429,0.0756964644425708,0.1231783397088699,0.2391464231924304,0.4571209613654361,transformer_mul97_f0.5_wd1.0_softmax_ce_s0,mul,1900
80,0.0526104920715855,0.1171162851198096,0.1233825360547729,0.0237944523846224,0.0474077251885473,0.0708301621703117,0.1171162851198096,0.2309553603800787,0.4483212400566326,0.0269339940247869,0.0517248510172509,0.0759029192497523,0.1233825360547729,0.2395342289973251,0.457453025362057,transformer_mul97_f0.5_wd1.0_softmax_ce_s0,mul,1900
87,0.0532271418163992,0.1170864360927672,0.1236960308453565,0.0238019942656402,0.0474099640839838,0.0708391407527723,0.1170864360927672,0.2309269028613791,0.4482861053478442,0.0270773432900217,0.0519660353957753,0.0761551761634685,0.1236960308453565,0.2400313631477177,0.4578728108611026,transformer_mul97_f0.5_wd1.0_softmax_ce_s0,mul,1900
93,0.054118405670248,0.1171018327403066,0.1239898113328955,0.0238149379079279,0.0474240404259304,0.0708674347175226,0.1171018327403066,0.2309049254484485,0.4482728741672186,0.0271821607568156,0.0521345615436925,0.0763254477497573,0.1239898113328955,0.2403921909337311,0.4581729137126984,transformer_mul97_f0.5_wd1.0_softmax_ce_s0,mul,1900
100,0.0544047719838049,0.1171385352730036,0.124313315921835,0.0238239932408456,0.0474354461000916,0.0708991840059686,0.1171385352730036,0.2308794179456575,0.4482650907525363,0.0272894135727263,0.0523003815869013,0.0764846892327483,0.124313315921835,0.240724091372312,0.4584769936532336,transformer_mul97_f0.5_wd1.0_softmax_ce_s0,mul,1900
108,0.053952405855958,0.1171842146650242,0.1246000211579811,0.0238320089827321,0.0474492938094902,0.0709245534103991,0.1171842146650242,0.2308660293492793,0.4482672486522618,0.0273797547679965,0.052450769298198,0.0766241844402012,0.1246000211579811,0.2409994031610766,0.4587486698475842,transformer_mul97_f0.5_wd1.0_softmax_ce_s0,mul,1900
116,0.0534272975274533,0.1172171472218586,0.1248177500980151,0.0238338205188424,0.0474599935542029,0.0709353861997411,0.1172171472218586,0.2308617970379411,0.4482709021028448,0.027448474498806,0.0525826626745681,0.0767519153050171,0.1248177500980151,0.2412056996110418,0.4589737305912924,transformer_mul97_f0.5_wd1.0_softmax_ce_s0,mul,1900
125,0.0528496683718125,0.1172523701824067,0.1249874194828041,0.0238334251452078,0.0474705866446898,0.0709403466787776,0.1172523701824067,0.2308629656402629,0.4482513886883364,0.0275055644126972,0.0526947534020358,0.0769255504471342,0.1249874194828041,0.2413688757725899,0.4591817991075676,transformer_mul97_f0.5_wd1.0_softmax_ce_s0,mul,1900
135,0.0528318035603612,0.117278549732945,0.1251197991145852,0.0238371282329899,0.0474815107620694,0.0709386695124512,0.117278549732945,0.2308663696646858,0.4482176393280235,0.0275585023188886,0.0527788032587683,0.0770667267999582,0.1251197991145852,0.2414960817551288,0.4593723662794627,transformer_mul97_f0.5_wd1.0_softmax_ce_s0,mul,1900
146,0.0528856961401347,0.1172959620030589,0.1251998962115952,0.0238382278024089,0.0474806747724389,0.0709306554958161,0.1172959620030589,0.2308585723953567,0.4481784689298725,0.0275891886467176,0.052829218666046,0.0771469196914857,0.1251998962115952,0.2415898996680549,0.4595140965804524,transformer_mul97_f0.5_wd1.0_softmax_ce_s0,mul,1900
157,0.0527877101113082,0.1173062501520179,0.1252586183476977,0.0238327069760512,0.0474724000119764,0.0709163518684369,0.1173062501520179,0.2308874722223364,0.4481686286191402,0.0275990674012245,0.0528606520018455,0.0772000150112469,0.1252586183476977,0.2416592708750746,0.4596106545300245,transformer_mul97_f0.5_wd1.0_softmax_ce_s0,mul,1900
169,0.0527981629302463,0.117311556580787,0.1252928808596524,0.0238298852223677,0.047466511977268,0.0709053457925692,0.117311556580787,0.230917306287605,0.4481538908723803,0.0276024677802398,0.0528771306982836,0.0772290371956874,0.1252928808596524,0.2417023130356111,0.4596689655360964,transformer_mul97_f0.5_wd1.0_softmax_ce_s0,mul,1900
182,0.0528089571266645,0.1173040483061208,0.1253160024837918,0.0238214985422887,0.0474540928865743,0.0708842448689865,0.1173040483061208,0.2309294562424971,0.4481488637387875,0.027607944172582,0.0528949307748463,0.0772516511396999,0.1253160024837918,0.2417386739355337,0.459719054998679,transformer_mul97_f0.5_wd1.0_softmax_ce_s0,mul,1900
196,0.0528360626327388,0.1172990627921122,0.1253218228377272,0.023816465996179,0.0474446103963399,0.0708678225117158,0.1172990627921122,0.2309515088197798,0.4481526186727058,0.0276095823946853,0.0529030201921147,0.0772629280739295,0.1253218228377272,0.2417595063571228,0.4597553887875282,transformer_mul97_f0.5_wd1.0_softmax_ce_s0,mul,1900
211,0.0528175850980269,0.1172873304660118,0.125331642877179,0.0238073672186282,0.0474300056945434,0.0708456820142341,0.1172873304660118,0.2309595584681402,0.4481249445778394,0.0276076397009899,0.052907508095764,0.0772767996054858,0.125331642877179,0.2417779666470448,0.4597954831198076,transformer_mul97_f0.5_wd1.0_softmax_ce_s0,mul,1900
227,0.0528497246107418,0.1172809178102895,0.1253603662854573,0.0238006576803184,0.0474185208423746,0.0708405378273732,0.1172809178102895,0.2309576648941725,0.448108167922409,0.0276001334020825,0.0529186779294779,0.0773027115330355,0.1253603662854573,0.2418082902903558,0.4598598475881787,transformer_mul97_f0.5_wd1.0_softmax_ce_s0,mul,1900
245,0.0528530974236444,0.1172634157357514,0.1254083874624489,0.0237989252429911,0.0474118885287398,0.0708353640715194,0.1172634157357514,0.2309493188608355,0.4480938491374485,0.0276019012497034,0.0529453069687716,0.0773451277339907,0.1254083874624489,0.2418535491696384,0.4599427785014968,transformer_mul97_f0.5_wd1.0_softmax_ce_s0,mul,1900
264,0.052771347769044,0.1172506576296392,0.1254515412902093,0.0238034677037345,0.0474104595695372,0.0708343991766166,0.1172506576296392,0.2309419303830804,0.4480672515208101,0.0276057768810459,0.0529690849833548,0.0773829015112516,0.1254515412902093,0.2418840530347501,0.4600154446698212,transformer_mul97_f0.5_wd1.0_softmax_ce_s0,mul,1900
284,0.0527709956632728,0.1172515667586904,0.125506787154865,0.0238133924575522,0.0474141592428103,0.0708395483883855,0.1172515667586904,0.2309384019233944,0.4480409320338347,0.0276142614444314,0.0529954149164448,0.077431511408048,0.125506787154865,0.2419361417398586,0.4601137150849582,transformer_mul97_f0.5_wd1.0_softmax_ce_s0,mul,1900
306,0.052850982653349,0.1172504324009998,0.1255578941922838,0.0238248495540113,0.0474209582221111,0.0708478578748864,0.1172504324009998,0.2309367163658226,0.4480056330168176,0.0276241723740626,0.0530292411040785,0.0774835633198609,0.1255578941922838,0.2419778469202949,0.4602224220923046,transformer_mul97_f0.5_wd1.0_softmax_ce_s0,mul,1900
330,0.0529568261060404,0.1172577234150282,0.1256217926345881,0.0238473801230862,0.0474368828656419,0.0708656219359291,0.1172577234150282,0.2309483424661112,0.4479688111362329,0.0276343247089347,0.0530671709392117,0.0775402638018246,0.1256217926345881,0.2420339147596518,0.4603486191377862,transformer_mul97_f0.5_wd1.0_softmax_ce_s0,mul,1900
355,0.0530562593297695,0.1172515104856812,0.1257179319875828,0.0238601402589377,0.0474408559414024,0.0708670892605099,0.1172515104856812,0.2309439235661632,0.4479196555917051,0.0276514734584626,0.0531230407847648,0.077615516032979,0.1257179319875828,0.242126535542037,0.460506830007153,transformer_mul97_f0.5_wd1.0_softmax_ce_s0,mul,1900
383,0.0531616105662081,0.1172315069811662,0.1258097492433399,0.0238683095820325,0.0474376201819618,0.0708516968793829,0.1172315069811662,0.2309187717454599,0.4479012227777036,0.0276794045390621,0.0531797859370851,0.0776927342657899,0.1258097492433399,0.2422330688116508,0.4606812301964553,transformer_mul97_f0.5_wd1.0_softmax_ce_s0,mul,1900
412,0.0535656531766398,0.1171941153156152,0.1259050506332656,0.0238701857326323,0.0474316926508321,0.0708442096383992,0.1171941153156152,0.2308447240840535,0.4478236346652146,0.0276923526814673,0.0532404921474015,0.0777816311485275,0.1259050506332656,0.2423605632016358,0.4608552791644571,transformer_mul97_f0.5_wd1.0_softmax_ce_s0,mul,1900
444,0.0533531699434377,0.117162209712708,0.1261073661880352,0.0238680415804857,0.0474147494595947,0.0708040907689217,0.117162209712708,0.2307908948405303,0.4477563706010233,0.0277435799295452,0.0533406398946951,0.0779343390282215,0.1261073661880352,0.2425494209341078,0.461129546783685,transformer_mul97_f0.5_wd1.0_softmax_ce_s0,mul,1900
478,0.0531380170071221,0.1171327723107908,0.1261670717354791,0.0238587548225052,0.0473989893660871,0.070779455358635,0.1171327723107908,0.2307432596267797,0.4477283625849318,0.0277676084593465,0.0533950851433161,0.077989492358865,0.1261670717354791,0.2426183416818762,0.4612284137041232,transformer_mul97_f0.5_wd1.0_softmax_ce_s0,mul,1900
515,0.0532922713880144,0.1171004310676237,0.1266995466555093,0.0238450404003163,0.0473692940881225,0.0707485266012938,0.1171004310676237,0.2306773278666205,0.4476625311197806,0.0278871615027779,0.0536979450032185,0.0784869990549194,0.1266995466555093,0.2431558368592547,0.461763436611015,transformer_mul97_f0.5_wd1.0_softmax_ce_s0,mul,1900
555,0.0526386378290804,0.117107713002942,0.1268507526481209,0.023850573494922,0.0473645740049986,0.0707420163354719,0.117107713002942,0.2306811034575315,0.447642470991174,0.0279361846621614,0.0537702273038208,0.0786116785243515,0.1268507526481209,0.2433066995763802,0.4619224869457375,transformer_mul97_f0.5_wd1.0_softmax_ce_s0,mul,1900
598,0.0524162532193871,0.1171098233371794,0.126826218552552,0.0238467555990151,0.0473591528035575,0.0707310353356474,0.1171098233371794,0.2306816889405783,0.4476617218021969,0.0279363546106047,0.0537709162893739,0.0785792039638054,0.126826218552552,0.2432845311291906,0.4619223910238688,transformer_mul97_f0.5_wd1.0_softmax_ce_s0,mul,1900
644,0.0521172543217371,0.1171017429495244,0.1268038136928158,0.0238364520439512,0.0473379236668188,0.0707113836685006,0.1171017429495244,0.2306700982043572,0.4476748684605756,0.0279368313376721,0.0537754193006244,0.078552990882457,0.1268038136928158,0.2432592643717323,0.4619273717258553,transformer_mul97_f0.5_wd1.0_softmax_ce_s0,mul,1900
694,0.0517476868149645,0.1170880588907823,0.1267991289693734,0.0238252327009334,0.0473078918399336,0.0706900541413115,0.1170880588907823,0.230649293741126,0.4476869574327811,0.0279404788419105,0.0537933274550613,0.0785426572415628,0.1267991289693734,0.2432431532046742,0.4619540789024535,transformer_mul97_f0.5_wd1.0_softmax_ce_s0,mul,1900
747,0.0517061988869467,0.1170600589712215,0.1274613934764461,0.0237999193027782,0.0472540523744353,0.0706481400525916,0.1170600589712215,0.2305142581753226,0.4475478821305218,0.0281185698146492,0.0541868133361292,0.0791727102763053,0.1274613934764461,0.2439307127411707,0.4626590712531815,transformer_mul97_f0.5_wd1.0_softmax_ce_s0,mul,1900
805,0.0517283174241582,0.1170280396483297,0.1278831459857105,0.0237967155974058,0.0472477476083033,0.0706263692177601,0.1170280396483297,0.230486088753088,0.4474300173769346,0.028271314542163,0.0544504497597751,0.0795512062558653,0.1278831459857105,0.2443782806929264,0.4630851008094807,transformer_mul97_f0.5_wd1.0_softmax_ce_s0,mul,1900
867,0.0517584159590235,0.1170079500870338,0.1278074114643947,0.0237883526720944,0.0472302057418086,0.0706066956225212,0.1170079500870338,0.2304478064869784,0.4474070808469925,0.0282369764481685,0.0544138743257301,0.0794655116431059,0.1278074114643947,0.2443195647478704,0.4630332046753922,transformer_mul97_f0.5_wd1.0_softmax_ce_s0,mul,1900
934,0.0519411300820689,0.1169813490902705,0.127761687967522,0.0237794905533089,0.0472066618782214,0.07058528688395,0.1169813490902705,0.2303945835867063,0.4473730203036797,0.0282163348605861,0.0543972527691419,0.0794146450358883,0.127761687967522,0.2442957934827993,0.4630456717547673,transformer_mul97_f0.5_wd1.0_softmax_ce_s0,mul,1900
1006,0.0523250596698098,0.1169225696133797,0.1284266750331446,0.0237584760392403,0.047176202968891,0.0705494032577405,0.1169225696133797,0.2302621940237667,0.4472296497333268,0.0283560504034944,0.0547682758309752,0.0800500259681714,0.1284266750331446,0.2450492716859134,0.4637723795009528,transformer_mul97_f0.5_wd1.0_softmax_ce_s0,mul,1900
1083,0.0524797304118021,0.116787843757554,0.1322623046435456,0.0237827064718523,0.0471803445130089,0.0704654025044481,0.116787843757554,0.2297141932033395,0.4463483954500026,0.0295318871872592,0.0569980297859907,0.0834971704120702,0.1322623046435456,0.2491194782126538,0.4675612791139161,transformer_mul97_f0.5_wd1.0_softmax_ce_s0,mul,1900
1167,0.052090517660087,0.1167801574579582,0.1317999049110495,0.0237762033346672,0.0471546874754165,0.070451838240332,0.1167801574579582,0.2296727136042569,0.4464488790146559,0.0294022440469758,0.0567414688258493,0.083015913501892,0.1317999049110495,0.248673334499277,0.4672913934278326,transformer_mul97_f0.5_wd1.0_softmax_ce_s0,mul,1900
1257,0.0528020161193274,0.1165974999838925,0.1340277417006216,0.0237051605300103,0.0470787650419101,0.0703574517382461,0.1165974999838925,0.229343647173313,0.446084883282367,0.0299326420831965,0.0577338371849587,0.0846895861625889,0.1340277417006216,0.2510855901740074,0.4692558253217531,transformer_mul97_f0.5_wd1.0_softmax_ce_s0,mul,1900
1354,0.052668449478009,0.116567477283448,0.1337341217552736,0.0236879317171732,0.0470416637251641,0.0703223418246105,0.116567477283448,0.2293541311593534,0.4462056156296954,0.0298032957205005,0.0575353864435752,0.0843548743436259,0.1337341217552736,0.2508332781946923,0.4691631345167809,transformer_mul97_f0.5_wd1.0_softmax_ce_s0,mul,1900
1459,0.0496119908354587,0.1162225225639081,0.1456054068036165,0.0235475127554877,0.0468828964584346,0.0700438537663895,0.1162225225639081,0.2286362912316552,0.4448979257668683,0.0329312060657382,0.0635709588459676,0.0938087048547342,0.1456054068036165,0.2632236109670737,0.4791910418024463,transformer_mul97_f0.5_wd1.0_softmax_ce_s0,mul,1900
1571,0.0497169124983828,0.1162240482161009,0.1441060041891874,0.023566058489693,0.0469422155354781,0.0701177266737269,0.1162240482161009,0.2287251231761315,0.4449704001800679,0.032442140913221,0.0626062723807473,0.0920418496025839,0.1441060041891874,0.261825285260535,0.4782552504989077,transformer_mul97_f0.5_wd1.0_softmax_ce_s0,mul,1900
1692,0.0512248694032415,0.1157005125306232,0.1550418056331059,0.023411475537345,0.0468010713969605,0.0698450033452383,0.1157005125306232,0.2280588739371223,0.4438842074750715,0.0350788858543734,0.0677899311047599,0.0996184826004217,0.1550418056331059,0.27435624903266,0.487975293079091,transformer_mul97_f0.5_wd1.0_softmax_ce_s0,mul,1900
1823,0.0580988947120938,0.1151678118935458,0.1682433108320133,0.0233732539110884,0.0465879346803381,0.0696145983612431,0.1151678118935458,0.2275708567224034,0.4433856226800881,0.0378148017629639,0.0735776167247925,0.1086484492745364,0.1682433108320133,0.2888448492413065,0.4987691094193955,transformer_mul97_f0.5_wd1.0_softmax_ce_s0,mul,1900
1964,0.054350314822223,0.1152866709888424,0.1651806985505968,0.0233626864635365,0.0466316133656284,0.0696364723496136,0.1152866709888424,0.227297659871127,0.443309561141003,0.0368408263747694,0.0714702229538334,0.1050149225090402,0.1651806985505968,0.2879389275950929,0.4987298548602887,transformer_mul97_f0.5_wd1.0_softmax_ce_s0,mul,1900
2115,0.0559803853560893,0.1145892203760794,0.2174963043669972,0.0232375628289447,0.0462696813041103,0.0691612991640165,0.1145892203760794,0.2254399190543844,0.4401501620590468,0.048398609626671,0.0965512446816175,0.143820627975009,0.2174963043669972,0.3423250913852227,0.5381959341959993,transformer_mul97_f0.5_wd1.0_softmax_ce_s0,mul,1900
2278,0.0592593317315232,0.1141660133489409,0.2202771916594213,0.023021408681547,0.045979627486462,0.0688477959626273,0.1141660133489409,0.2244611683004661,0.4392671286358165,0.0475421004517231,0.0942507664885657,0.1389665262531001,0.2202771916594213,0.34979950074793,0.5434531193097772,transformer_mul97_f0.5_wd1.0_softmax_ce_s0,mul,1900
2454,0.0611209493554806,0.1136967346536823,0.2453503273504712,0.0229461970644948,0.045829503898935,0.0686191644062989,0.1136967346536823,0.2233755595385434,0.4380177474284947,0.053503658543328,0.1061773888946386,0.1542125285960055,0.2453503273504712,0.3784203450197975,0.5634346429394067,transformer_mul97_f0.5_wd1.0_softmax_ce_s0,mul,1900
2644,0.0608980768926157,0.112854164779892,0.2978020787072613,0.0229061686421877,0.0456360119601321,0.0682279802707707,0.112854164779892,0.2217743626497735,0.4361417916742481,0.0658764603298631,0.1313565766119346,0.1912781056246187,0.2978020787072613,0.4389619526877477,0.6066083067869888,transformer_mul97_f0.5_wd1.0_softmax_ce_s0,mul,1900
2848,0.0570252731888464,0.1124124882985519,0.3039916632632071,0.0229470309280735,0.0456883325867246,0.0679850078272773,0.1124124882985519,0.2216051660793774,0.4356934092235149,0.0684195200516472,0.1348028543456835,0.196397886246659,0.3039916632632071,0.4456318571408861,0.6119266989542727,transformer_mul97_f0.5_wd1.0_softmax_ce_s0,mul,1900
3067,0.0515786412339774,0.112256582800093,0.3494513033868143,0.0230350250010479,0.0457361361576055,0.0680297716939276,0.112256582800093,0.2208004470627654,0.4333677793539989,0.0797513384098088,0.158513348129461,0.2291846338193754,0.3494513033868143,0.5036793282925773,0.6525934068290243,transformer_mul97_f0.5_wd1.0_softmax_ce_s0,mul,1900
3304,0.0694365585957423,0.1124121299306289,0.408822801633535,0.0229552942646938,0.0457008353187119,0.0682163865672022,0.1124121299306289,0.2203544898072819,0.4325383119327599,0.1013239614776807,0.193385138792698,0.2741752722138149,0.408822801633535,0.5803325137609069,0.7072926908501859,transformer_mul97_f0.5_wd1.0_softmax_ce_s0,mul,1900
3559,0.0731635823271452,0.1120993456123904,0.4424607072255898,0.0228256567266321,0.045423016572466,0.0680062892861421,0.1120993456123904,0.2201644974554577,0.433139220782341,0.1045073462014237,0.2068934990495145,0.2966181902645889,0.4424607072255898,0.6240231051331259,0.7401234615876922,transformer_mul97_f0.5_wd1.0_softmax_ce_s0,mul,1900
3834,0.0828438106618248,0.111592118121022,0.5163303068103134,0.022757438277818,0.0451387968437517,0.0674171408227026,0.111592118121022,0.2206523234918599,0.4330452486542244,0.1283122976227783,0.2460881805299931,0.3482849368024926,0.5163303068103134,0.7200903583958097,0.8107364169925175,transformer_mul97_f0.5_wd1.0_softmax_ce_s0,mul,1900
4130,0.1067415002158104,0.1144443741160596,0.6670222021314841,0.0234728778866103,0.0463996833743104,0.0692548404795065,0.1144443741160596,0.2242165593400544,0.4364532822479504,0.1820306537198068,0.3383277753932153,0.4591001508249902,0.6670222021314841,0.8792970077301396,0.9255300875066986,transformer_mul97_f0.5_wd1.0_softmax_ce_s0,mul,1900
4448,0.0864727649458424,0.1139709402070685,0.6568821862540901,0.0233918692740168,0.0464571452769154,0.0694148835264372,0.1139709402070685,0.2234607374325314,0.4360878542121153,0.1797111469571314,0.343877066523522,0.4523889200509922,0.6568821862540901,0.9051566037636172,0.9486696076925424,transformer_mul97_f0.5_wd1.0_softmax_ce_s0,mul,1900
4791,0.0763584770651114,0.1140684940588982,0.6666084473375316,0.0236019613687443,0.0466923991542836,0.0694103984242004,0.1140684940588982,0.2241943219353674,0.4374966873290657,0.1680601710899684,0.3352054883046435,0.4534567140863635,0.6666084473375316,0.9468572326719298,0.979933531256278,transformer_mul97_f0.5_wd1.0_softmax_ce_s0,mul,1900
5161,0.0577457779016113,0.1194780633219961,0.6566411378182917,0.0255042363756611,0.0496914902234689,0.0738769967157089,0.1194780633219961,0.2307105947716487,0.4451827832506271,0.1527651581409077,0.2965588256838143,0.4269978482985876,0.6566411378182917,0.9367504950386016,0.9759676883268016,transformer_mul97_f0.5_wd1.0_softmax_ce_s0,mul,1900
5560,0.0531057688399397,0.1269817612443391,0.6408351629056428,0.0277833699169296,0.0533972651835969,0.0788873129468602,0.1269817612443391,0.2448984639728182,0.4625963195934761,0.1674716779064582,0.2989856564322142,0.4250669854409527,0.6408351629056428,0.898693703283405,0.952125627486362,transformer_mul97_f0.5_wd1.0_softmax_ce_s0,mul,1900
5989,0.0476832900926072,0.1282477610254471,0.6749691315371442,0.0270244855315742,0.0533740230340904,0.079239027676161,0.1282477610254471,0.2438160201402167,0.4578398646102129,0.1612635107949309,0.313391420603828,0.4388822889620672,0.6749691315371442,0.9209209489943706,0.9676209660099244,transformer_mul97_f0.5_wd1.0_softmax_ce_s0,mul,1900
6451,0.0583514750482356,0.1231246359024761,0.6063557166492363,0.0266658520032701,0.0513562977940977,0.075953049433184,0.1231246359024761,0.2337762412355458,0.4466661375172814,0.1447914846481461,0.279661177775439,0.3947496848109852,0.6063557166492363,0.9490083685896792,0.9832516174908232,transformer_mul97_f0.5_wd1.0_softmax_ce_s0,mul,1900
6949,0.0635803149794282,0.1139295377254182,0.6858499914562556,0.0239422309342553,0.0466732335449416,0.069179578441157,0.1139295377254182,0.2248676168010175,0.4399866986728619,0.1913024736519646,0.3309115168412661,0.4663307940269678,0.6858499914562556,0.9699798858768084,0.9850388207939996,transformer_mul97_f0.5_wd1.0_softmax_ce_s0,mul,1900
7485,0.0656070131791285,0.1214312345743238,0.6176352401641301,0.0250571426144194,0.0496231226280607,0.0740800261599622,0.1214312345743238,0.2359156168895391,0.4546152158977543,0.2185610741201331,0.3251257526649888,0.4282641881852949,0.6176352401641301,0.8933813873165688,0.9431852141276962,transformer_mul97_f0.5_wd1.0_softmax_ce_s0,mul,1900
8062,0.0218857768216638,0.1220276596062528,0.6073559631247956,0.0248363999646891,0.0493118921435837,0.0736728433117108,0.1220276596062528,0.2394304762983761,0.4616724270811218,0.1383705506256439,0.2634325194704706,0.3860422075857925,0.6073559631247956,0.9362922379656688,0.9820443077070428,transformer_mul97_f0.5_wd1.0_softmax_ce_s0,mul,1900
8685,0.0293587528720406,0.128979140139445,0.5900986623944887,0.0271616137098512,0.0537025385669613,0.0796203177682418,0.128979140139445,0.2483051460704585,0.475140610148753,0.1499996635317749,0.2680146755620928,0.3841577906040126,0.5900986623944887,0.9323157433941492,0.9795907657034728,transformer_mul97_f0.5_wd1.0_softmax_ce_s0,mul,1900
9355,0.0365108557059541,0.1255029114745002,0.5894411797470549,0.0257983201697178,0.051349084574974,0.0761246729813179,0.1255029114745002,0.2427354264262644,0.4648663894427952,0.1963614524424188,0.317285036901504,0.4111062614613982,0.5894411797470549,0.9108990685957016,0.9631096547555982,transformer_mul97_f0.5_wd1.0_softmax_ce_s0,mul,1900
10077,0.0552866766223439,0.1278816939231315,0.5499696373771474,0.0270776622552398,0.0536793814231273,0.0787507840294047,0.1278816939231315,0.2476016666636293,0.4660335173284392,0.1385998155324284,0.2678166996194545,0.369152276281794,0.5499696373771474,0.8616959505514783,0.9297250933854952,transformer_mul97_f0.5_wd1.0_softmax_ce_s0,mul,1900
10854,0.067472530220574,0.1268868413578093,0.5633529622596481,0.0281568406728698,0.0530986903315873,0.0779546355448704,0.1268868413578093,0.2466504652623593,0.4713736768564493,0.1879359972318339,0.3014336399034076,0.3894336083687459,0.5633529622596481,0.8955526113682635,0.9452059960048556,transformer_mul97_f0.5_wd1.0_softmax_ce_s0,mul,1900
11692,0.0464868045179468,0.1176819014107096,0.5393946455148843,0.0248818793467439,0.0484263839880553,0.0718765254444552,0.1176819014107096,0.2291238677128182,0.4423613407502582,0.1146369624630637,0.2245474634144421,0.3307190463274984,0.5393946455148843,0.9244158006824424,0.988777499584258,transformer_mul97_f0.5_wd1.0_softmax_ce_s0,mul,1900
12594,0.0336464912845004,0.1212657591307765,0.5326879284407846,0.0253964930293086,0.049911530782006,0.0738858347243708,0.1212657591307765,0.2336121732809375,0.4475615393100239,0.1250832731167669,0.2298155624366336,0.3312210298286741,0.5326879284407846,0.9133510579418784,0.9875830936741592,transformer_mul97_f0.5_wd1.0_softmax_ce_s0,mul,1900
13566,0.0549292182022875,0.1181776035552534,0.538806513220222,0.0255867994591752,0.0489936798148518,0.0723106714231563,0.1181776035552534,0.2300821610253439,0.4481630590957561,0.1560279398148902,0.255825298528439,0.3504211397666076,0.538806513220222,0.8919832759359261,0.9522576245296526,transformer_mul97_f0.5_wd1.0_softmax_ce_s0,mul,1900
14613,0.0372936498335057,0.1277403262234721,0.5873357812558084,0.0291327963633391,0.0546567080531055,0.0796567307536643,0.1277403262234721,0.2412653400135922,0.4563170923970415,0.1905447304219675,0.3048549728537762,0.4176817867416494,0.5873357812558084,0.9079261356457626,0.9766801967130574,transformer_mul97_f0.5_wd1.0_softmax_ce_s0,mul,1900
15741,0.0429974099976734,0.1195965849198283,0.5591948578106233,0.0257150118696124,0.0499409339803536,0.0732974709156435,0.1195965849198283,0.2337973872403687,0.453126902274784,0.1265307782546554,0.2513813394771279,0.3584323368626962,0.5591948578106233,0.9091253689849624,0.9847887067429888,transformer_mul97_f0.5_wd1.0_softmax_ce_s0,mul,1900
16955,0.04685708771389,0.1219864651395428,0.5285075434980439,0.0255198838403281,0.0507915030436137,0.0747912427870603,0.1219864651395428,0.2324775038273988,0.4441804458936533,0.1194474082815191,0.2278974894288518,0.3334027295678184,0.5285075434980439,0.8976839739668735,0.9907866416790072,transformer_mul97_f0.5_wd1.0_softmax_ce_s0,mul,1900
18264,0.0480971131589886,0.1256695566129213,0.5790941496905011,0.0263495876735569,0.0518665384158746,0.076626609290937,0.1256695566129213,0.2426536118249911,0.4638278474459377,0.1814097828786343,0.3143699587505509,0.4032192702984352,0.5790941496905011,0.917325766686764,0.9702483129472222,transformer_mul97_f0.5_wd1.0_softmax_ce_s0,mul,1900
19673,0.051346246834336,0.1163278806735679,0.5185662839298633,0.02399561406971,0.0472054291895241,0.0703202863372289,0.1163278806735679,0.2295376719881103,0.4496427753375294,0.1155035463357839,0.230058419057094,0.3286017845944091,0.5185662839298633,0.8934378486119681,0.9912404132308664,transformer_mul97_f0.5_wd1.0_softmax_ce_s0,mul,1900
21192,0.0393231341845353,0.1141716561130978,0.569014661999045,0.0235457498592907,0.0463833384976677,0.0691763761478723,0.1141716561130978,0.2260794574707388,0.4438266729672088,0.1777329604378544,0.2856088108644666,0.3928333194087764,0.569014661999045,0.9006731377187913,0.9896865837944092,transformer_mul97_f0.5_wd1.0_softmax_ce_s0,mul,1900
22827,0.0475512446532564,0.119302141098035,0.4988719656450525,0.025152088857333,0.0495692746540625,0.0731811595323838,0.119302141098035,0.2315902755326588,0.4476264602371416,0.1385926186476754,0.2374378057638207,0.330856683059357,0.4988719656450525,0.8612989613985413,0.9753373440691104,transformer_mul97_f0.5_wd1.0_softmax_ce_s0,mul,1900
24589,0.0534807811035145,0.1193065354562443,0.5144529376353487,0.0245956997712318,0.0484792708286007,0.0723390465092167,0.1193065354562443,0.2351808719739395,0.4570768199510511,0.120647896318265,0.2330696714321384,0.3280978660845535,0.5144529376353487,0.8914605796666142,0.982677384695016,transformer_mul97_f0.5_wd1.0_softmax_ce_s0,mul,1900
26486,0.0406546684338668,0.1223073391287146,0.4953771312249122,0.0253432989675385,0.0500540168020811,0.0743454018921967,0.1223073391287146,0.2395473082349495,0.4654588231165889,0.112016637872237,0.2162476467138049,0.3173317133951252,0.4953771312249122,0.8516179770435023,0.982272084126312,transformer_mul97_f0.5_wd1.0_softmax_ce_s0,mul,1900
28530,0.0512281934390305,0.1261939240755196,0.4611251588870243,0.0258167676266559,0.0514090607034966,0.0765290279022671,0.1261939240755196,0.2424588864030478,0.4620749032887589,0.1068479572340151,0.1991536725547746,0.2885744219908804,0.4611251588870243,0.820218007276419,0.978600256166336,transformer_mul97_f0.5_wd1.0_softmax_ce_s0,mul,1900
30732,0.0626476673068379,0.1234623377246706,0.4475582747527609,0.0265630266188901,0.0517301421121815,0.0762920810927163,0.1234623377246706,0.2365569198222752,0.4562707713994502,0.1081913683804575,0.2061505885898587,0.2872657299270075,0.4475582747527609,0.803781816158636,0.9838286979172473,transformer_mul97_f0.5_wd1.0_softmax_ce_s0,mul,1900
33103,0.0428254289126003,0.120502802774247,0.4790231790084826,0.0247797289966904,0.0494078790128602,0.0738875503883261,0.120502802774247,0.233393421303033,0.4489234251599861,0.1444897174197136,0.2469302912334588,0.3341089689902434,0.4790231790084826,0.8098240123380921,0.965018203811624,transformer_mul97_f0.5_wd1.0_softmax_ce_s0,mul,1900
35658,0.0306077659239264,0.1187443540727231,0.4512772210582616,0.0248101664012374,0.0492907434577452,0.0724742239349573,0.1187443540727231,0.2316056103373251,0.4475843002089493,0.1016175149052471,0.1998579375849702,0.2874234246416547,0.4512772210582616,0.8054970134982747,0.991723471312074,transformer_mul97_f0.5_wd1.0_softmax_ce_s0,mul,1900
38410,0.0627762376724231,0.1286850223574446,0.4664977359438367,0.0264807471545262,0.0523811182121804,0.0781576277061462,0.1286850223574446,0.2474236203171561,0.4664264469394815,0.1198004069762592,0.2125157662443957,0.3000033495726719,0.4664977359438367,0.8131105687687814,0.9607204141413664,transformer_mul97_f0.5_wd1.0_softmax_ce_s0,mul,1900
41374,0.051252198634188,0.1167937482736481,0.4065052918824454,0.0246714426622869,0.047955603574941,0.0710746091612757,0.1167937482736481,0.2286449870925349,0.4422660423749023,0.0848955258587625,0.1691738327333996,0.2487940431726816,0.4065052918824454,0.7704605441501075,0.990561291262634,transformer_mul97_f0.5_wd1.0_softmax_ce_s0,mul,1900
44567,0.0375904783412794,0.1203902268352403,0.4233347466389368,0.0245597463274703,0.0489748526371495,0.0730494575227209,0.1203902268352403,0.2309533221913974,0.4430059051933985,0.100462158207962,0.1855786595868505,0.2664430042513178,0.4233347466389368,0.7913305398862306,0.9922190195700644,transformer_mul97_f0.5_wd1.0_softmax_ce_s0,mul,1900
48006,0.0368253032520489,0.1177201788842677,0.4057574482061847,0.025085130238893,0.0489305980687836,0.0723303893449939,0.1177201788842677,0.2277704282088794,0.4412248738257082,0.0870008831839578,0.1732230536077674,0.2538409565283847,0.4057574482061847,0.7638581448025656,0.990473655946702,transformer_mul97_f0.5_wd1.0_softmax_ce_s0,mul,1900
51711,0.0531901551046115,0.1234053157959762,0.4528118200865059,0.0256523202832887,0.0504643806905435,0.0749720471561643,0.1234053157959762,0.2377521738061133,0.4538745862943135,0.1305628086131508,0.2205102112223712,0.3055884032760889,0.4528118200865059,0.7685180807396553,0.955979423407084,transformer_mul97_f0.5_wd1.0_softmax_ce_s0,mul,1900
55701,0.0194376307108701,0.1157587543422084,0.4003432609375307,0.023658531422331,0.0472133361365896,0.0701418548087719,0.1157587543422084,0.224833659137472,0.4389864687903673,0.0885756257242754,0.1731160210988221,0.2551144337635046,0.4003432609375307,0.752843138233614,0.988293442966962,transformer_mul97_f0.5_wd1.0_softmax_ce_s0,mul,1900
60000,0.0254593115253346,0.1209959362489604,0.4126620420530678,0.0248013242430869,0.0491847267808466,0.0733372266253835,0.1209959362489604,0.2354740396810806,0.4503289246887181,0.0902029399934603,0.1781602595013578,0.2608998702232569,0.4126620420530678,0.7589219457162216,0.9904674504433048,transformer_mul97_f0.5_wd1.0_softmax_ce_s0,mul,1900
0,0.05130987439943,0.1194102554854595,0.1182439506837356,0.0246646685121823,0.0488711500956814,0.0726356869968101,0.1194102554854595,0.2321420518651539,0.448238419955736,0.0242714108004948,0.0480937226644607,0.0715986616748541,0.1182439506837356,0.2311069358858144,0.4505623246222682,transformer_mul97_f0.5_wd1.0_softmax_ce_s1,mul,2700
1,0.0513199330073108,0.1194087262779104,0.1182463032877783,0.0246639159489351,0.0488741062475715,0.07264010570937,0.1194087262779104,0.2321375506684099,0.4482232633757196,0.0242684658815202,0.0480902733017702,0.0716000989308008,0.1182463032877783,0.2311145293642293,0.4505746992607762,transformer_mul97_f0.5_wd1.0_softmax_ce_s1,mul,2700
2,0.0512591921394571,0.1194067433169001,0.1182503624464456,0.0246642950429158,0.0488771985255027,0.0726451013358958,0.1194067433169001,0.2321320691007128,0.4482080989417542,0.0242648174208649,0.0480858607319441,0.07159969173825,0.1182503624464456,0.2311224185737529,0.4505896970804055,transformer_mul97_f0.5_wd1.0_softmax_ce_s1,mul,2700
3,0.0512001057999603,0.1194049986522458,0.1182557931988046,0.0246650633371987,0.0488806599508803,0.0726499991044853,0.1194049986522458,0.2321284645731292,0.448194261342264,0.0242616341835159,0.0480811512210324,0.0715989512257879,0.1182557931988046,0.2311305564179218,0.4506064363516232,transformer_mul97_f0.5_wd1.0_softmax_ce_s1,mul,2700
4,0.0511403394132959,0.119402758355546,0.1182624937816618,0.0246653999986647,0.0488834910631375,0.072653943741261,0.119402758355546,0.2321260596336677,0.4481804992700132,0.0242592513289865,0.0480771312390428,0.0715990045926478,0.1182624937816618,0.2311386390124485,0.4506231952098342,transformer_mul97_f0.5_wd1.0_softmax_ce_s1,mul,2700
5,0.0510920447075116,0.1194000515609405,0.1182700783053723,0.024665427411094,0.0488855408397566,0.0726568191321494,0.1194000515609405,0.2321248291548736,0.448166858520753,0.0242575598243898,0.0480739544749743,0.0716002776820135,0.1182700783053723,0.2311468801252102,0.4506393501296444,transformer_mul97_f0.5_wd1.0_softmax_ce_s1,mul,2700
6,0.0511210595370292,0.1193968039401139,0.1182776701807061,0.0246651862634746,0.048886582269863,0.072658198172207,0.1193968039401139,0.2321236907825304,0.4481532957983277,0.0242563345258762,0.0480712047485799,0.0716019744300272,0.1182776701807061,0.2311545716299766,0.450654677259606,transformer_mul97_f0.5_wd1.0_softmax_ce_s1,mul,2700
7,0.0512533125098856,0.1193934844399492,0.1182846793055959,0.0246648437322358,0.0488866964340449,0.0726582245056801,0.1193934844399492,0.2321219365933381,0.4481396686633774,0.0242553497478673,0.0480686680178692,0.0716036040908102,0.1182846793055959,0.2311609279392175,0.4506688634856723,transformer_mul97_f0.5_wd1.0_softmax_ce_s1,mul,2700
8,0.0513973362694483,0.1193898758168004,0.1182905536743436,0.0246644173249517,0.0488859275676955,0.0726569207992893,0.1193898758168004,0.2321189569751854,0.4481260742237699,0.0242542069347158,0.0480659652098653,0.0716047039410072,0.1182905536743436,0.2311653909786509,0.4506817698025535,transformer_mul97_f0.5_wd1.0_softmax_ce_s1,mul,2700
9,0.0515443684869722,0.1193854803633434,0.1182953133972867,0.024663725281058,0.0488842323091398,0.0726542861310417,0.1193854803633434,0.2321144037531257,0.4481121880771931,0.024252898594254,0.0480631305708921,0.0716052488212867,0.1182953133972867,0.231167847583091,0.4506934261162507,transformer_mul97_f0.5_wd1.0_softmax_ce_s1,mul,2700
10,0.0516812731325324,0.1193800994675875,0.1182989775220934,0.0246627495019366,0.0488816286905339,0.0726503987923321,0.1193800994675875,0.2321083017015468,0.4480977704502159,0.0242515037355323,0.0480601906130757,0.0716051528445989,0.1182989775220934,0.2311683893122706,0.4507037807416749,transformer_mul97_f0.5_wd1.0_softmax_ce_s1,mul,2700
11,0.0518125662315004,0.1193738168006393,0.1183016575061971,0.0246616867330492,0.0488782751283899,0.0726455089810258,0.1193738168006393,0.2321010028828754,0.4480830250560934,0.0242500977285823,0.0480570911728509,0.0716043480122382,0.1183016575061971,0.2311672934099954,0.450712450282962,transformer_mul97_f0.5_wd1.0_softmax_ce_s1,mul,2700
12,0.0519490393721676,0.1193670506460213,0.1183038073238494,0.0246606742014387,0.0488742992158856,0.0726398906101366,0.1193670506460213,0.232093244498014,0.4480685806109217,0.0242487115694056,0.0480539027422777,0.0716031223254131,0.1183038073238494,0.2311651582925248,0.4507192301239308,transformer_mul97_f0.5_wd1.0_softmax_ce_s1,mul,2700
13,0.052090598963827,0.1193599649951952,0.1183058493168748,0.0246597936696496,0.048869855206061,0.0726335946244602,0.1193599649951952,0.2320851802600758,0.4480548516902278,0.0242472808440144,0.0480506972525479,0.0716019059142501,0.1183058493168748,0.2311621168652834,0.4507240704336757,transformer_mul97_f0.5_wd1.0_softmax_ce_s1,mul,2700
15,0.0524329993911866,0.1193447014113444,0.1183103504469985,0.024658100602555,0.0488595138054411,0.0726188476460452,0.1193447014113444,0.2320677004600669,0.4480287832439464,0.0242443045154879,0.0480442903343432,0.0715996935458765,0.1183103504469985,0.2311541908450062,0.4507294347509516,transformer_mul97_f0.5_wd1.0_softmax_ce_s1,mul,2700
16,0.0526125490045178,0.1193367253880644,0.1183130608894568,0.0246572196781026,0.048853848815851,0.0726107692055285,0.1193367253880644,0.2320586261617086,0.4480166138968546,0.0242428009334834,0.0480411068251716,0.0715987980038004,0.1183130608894568,0.2311497415419479,0.4507307759873621,transformer_mul97_f0.5_wd1.0_softmax_ce_s1,mul,2700
17,0.0527952114687765,0.1193287029106965,0.1183160484426387,0.0246562243086194,0.0488480263177081,0.0726024598066163,0.1193287029106965,0.2320495906222728,0.4480052654544503,0.0242413226492589,0.04803785526913,0.0715979969502327,0.1183160484426387,0.2311450141301819,0.4507317457837915,transformer_mul97_f0.5_wd1.0_softmax_ce_s1,mul,2700
18,0.0529844340988134,0.1193208214742864,0.1183191038063222,0.0246550581406553,0.0488421605075227,0.0725941286205947,0.1193208214742864,0.2320409313564244,0.4479950336713102,0.0242398916489958,0.0480344349183291,0.0715971003424644,0.1183191038063222,0.2311399048781094,0.4507324940457682,transformer_mul97_f0.5_wd1.0_softmax_ce_s1,mul,2700
20,0.0533833107814229,0.119305823830184,0.1183250809048807,0.024652339459503,0.0488304056512984,0.0725778570214712,0.119305823830184,0.2320249340520788,0.4479776024095611,0.0242374614498805,0.048027097841618,0.0715950493027783,0.1183250809048807,0.2311286567819112,0.4507335068296749,transformer_mul97_f0.5_wd1.0_softmax_ce_s1,mul,2700
21,0.0535857956189457,0.1192985950329336,0.1183280869781492,0.0246509977006907,0.0488245979526449,0.0725701577183235,0.1192985950329336,0.232017287008352,0.4479698711215075,0.0242365053306385,0.0480232387841017,0.0715941411975747,0.1183280869781492,0.2311226925499459,0.4507334630508317,transformer_mul97_f0.5_wd1.0_softmax_ce_s1,mul,2700
23,0.0539876979970126,0.1192844675841187,0.1183346561190917,0.0246489086887748,0.0488133593967892,0.0725561658499195,0.1192844675841187,0.2320020309796583,0.4479555817699335,0.0242351543407158,0.0480154416985238,0.071593311931763,0.1183346561190917,0.2311144575616963,0.4507313938079184,transformer_mul97_f0.5_wd1.0_softmax_ce_s1,mul,2700
24,0.0541876472313566,0.1192775386017824,0.1183385316817008,0.0246482693765158,0.0488079939516445,0.0725499698872679,0.1192775386017824,0.2319943072605468,0.447948556509481,0.0242347161085097,0.0480116414526074,0.0715936280393532,0.1183385316817008,0.2311176127542277,0.4507295643619635,transformer_mul97_f0.5_wd1.0_softmax_ce_s1,mul,2700
26,0.05458124129271,0.1192642301058854,0.1183482466358184,0.0246474668848933,0.0487978139875672,0.0725388994952579,0.1192642301058854,0.2319785530344789,0.4479338222789679,0.0242340510168291,0.0480047850792834,0.0715963506374694,0.1183482466358184,0.2311253701466899,0.4507257936228692,transformer_mul97_f0.5_wd1.0_softmax_ce_s1,mul,2700
28,0.0549561886320189,0.119252514936045,0.1183615587267057,0.0246466073407289,0.048788374338702,0.0725294090267923,0.119252514936045,0.2319624126465685,0.4479176737139288,0.0242336094622907,0.0479997964513835,0.0716034413492931,0.1183615587267057,0.2311372870207217,0.4507238321150981,transformer_mul97_f0.5_wd1.0_softmax_ce_s1,mul,2700
31,0.0554280239587455,0.119237468935946,0.1183927650195246,0.0246442712712936,0.0487746161715,0.0725170617103294,0.119237468935946,0.2319395323818681,0.4478916253468691,0.0242363481973246,0.0479981504076439,0.0716249779025612,0.1183927650195246,0.2311689865153501,0.4507298521773437,transformer_mul97_f0.5_wd1.0_softmax_ce_s1,mul,2700
33,0.0556826555005898,0.1192261982597709,0.1184265420250438,0.0246427301306317,0.0487651896357606,0.0725080064330955,0.1192261982597709,0.231922847526742,0.4478720801627891,0.0242427645124363,0.0480034187083401,0.0716488626064637,0.1184265420250438,0.2312058089600635,0.4507471524605406,transformer_mul97_f0.5_wd1.0_softmax_ce_s1,mul,2700
35,0.05592996592429,0.1192137150361605,0.1184716975235653,0.0246420412938626,0.0487562176506557,0.0724979348920263,0.1192137150361605,0.2319007628390376,0.4478483109083126,0.0242514216124945,0.0480128137199048,0.0716796345096019,0.1184716975235653,0.2312550575867598,0.4507777847519481,transformer_mul97_f0.5_wd1.0_softmax_ce_s1,mul,2700
38,0.0562457579163558,0.1191904190442298,0.1185569185181669,0.0246432381254384,0.048744561502003,0.072481407690567,0.1191904190442298,0.2318688654865,0.4478006848772625,0.0242639207655871,0.0480277718176348,0.0717313549842471,0.1185569185181669,0.2313479803803849,0.4508446616944478,transformer_mul97_f0.5_wd1.0_softmax_ce_s1,mul,2700
41,0.0565054657586468,0.1191658885083669,0.1186615030673308,0.0246456899114517,0.0487350187073744,0.0724639433207677,0.1191658885083669,0.2318387655857351,0.4477402285815602,0.0242750192062076,0.0480428955525545,0.071789394764403,0.1186615030673308,0.2314577824448974,0.4509278227566601,transformer_mul97_f0.5_wd1.0_softmax_ce_s1,mul,2700
44,0.0567401666783603,0.1191469938361804,0.1187847476419477,0.0246475589910734,0.0487257370288438,0.0724487380904945,0.1191469938361804,0.2318163448006441,0.4476778221257259,0.0242844727486797,0.0480831452672617,0.0718557000805521,0.1187847476419477,0.2315788438752871,0.4510188782423817,transformer_mul97_f0.5_wd1.0_softmax_ce_s1,mul,2700
48,0.0570337999248465,0.1191298420974588,0.1189754282634398,0.0246477980728227,0.0487093791719396,0.0724298927276038,0.1191298420974588,0.2317930128401263,0.4476014327923107,0.0242945773949236,0.0481804149465742,0.0719560736589243,0.1189754282634398,0.2317688163089097,0.4511642917180896,transformer_mul97_f0.5_wd1.0_softmax_ce_s1,mul,2700
51,0.0570773152638339,0.1191120248112361,0.1191362078439799,0.0246462246066699,0.0486937546781513,0.0724138043645457,0.1191120248112361,0.2317714592835127,0.4475522695786194,0.0242989791691439,0.0482636616318279,0.072038253006098,0.1191362078439799,0.2319553104201893,0.4512941947321288,transformer_mul97_f0.5_wd1.0_softmax_ce_s1,mul,2700
55,0.0567435144683,0.1190890357665279,0.1193761493271778,0.0246422521363256,0.0486720606723935,0.0723964390079715,0.1190890357665279,0.2317501319091779,0.4475068835870109,0.0243004622577697,0.0483842430380971,0.0721548681584567,0.1193761493271778,0.2322342737910622,0.4514861192651127,transformer_mul97_f0.5_wd1.0_softmax_ce_s1,mul,2700
60,0.0563989416930822,0.1190802339374631,0.1197020628937154,0.0246478956631467,0.0486566029207458,0.0723854295856523,0.1190802339374631,0.2317409850762563,0.4474742189878681,0.0242921575178721,0.0485380814769741,0.0724160745802058,0.1197020628937154,0.2326027824544795,0.4517655316783255,transformer_mul97_f0.5_wd1.0_softmax_ce_s1,mul,2700
64,0.0561230582829585,0.1190698565709383,0.1199722443878197,0.0246495820353837,0.0486450701516084,0.0723719800496449,0.1190698565709383,0.2317306225025149,0.4474482024746277,0.0243830070627365,0.0486675570441842,0.072671869121382,0.1199722443878197,0.2329141260739706,0.4520101239797496,transformer_mul97_f0.5_wd1.0_softmax_ce_s1,mul,2700
69,0.0555816469320847,0.1190513846205279,0.1202960898928816,0.0246537204685329,0.0486341779360166,0.0723498628875022,0.1190513846205279,0.2316970485371239,0.4474052859104201,0.0245484227324196,0.0488200197823967,0.0729835737338321,0.1202960898928816,0.2333015188247383,0.4523233312724735,transformer_mul97_f0.5_wd1.0_softmax_ce_s1,mul,2700
75,0.0547921880002149,0.1190304259953823,0.1206748377324879,0.0246649043455855,0.0486203873754859,0.0723220667074231,0.1190304259953823,0.231656764248277,0.4473589832875664,0.0247305999667048,0.0490933743265492,0.0733503394254776,0.1206748377324879,0.2337644084257928,0.4527207752162031,transformer_mul97_f0.5_wd1.0_softmax_ce_s1,mul,2700
80,0.0539914040386138,0.1190239060844035,0.1209665885294369,0.0246788753879204,0.0486163946994272,0.0723041238074335,0.1190239060844035,0.2316380755784704,0.4473475740598024,0.0248682670071326,0.0493848420860574,0.0736315013907316,0.1209665885294369,0.2341309779674983,0.4530392242200496,transformer_mul97_f0.5_wd1.0_softmax_ce_s1,mul,2700
87,0.0532334524303202,0.1190116648119766,0.1213290236496429,0.024697637245138,0.0486078170648918,0.0722780791610927,0.1190116648119766,0.2316194530572502,0.4473569934633407,0.0250338900929646,0.0497422655131914,0.0739776275378396,0.1213290236496429,0.2345849134108663,0.4534433915008539,transformer_mul97_f0.5_wd1.0_softmax_ce_s1,mul,2700
93,0.0527515972839205,0.1190049812034557,0.121586129811986,0.0247130720003794,0.0486049579620696,0.0722607848431001,0.1190049812034557,0.2316077683410974,0.4473714871379728,0.0251564979815583,0.0500010506987023,0.0742309984021236,0.121586129811986,0.2349124146071911,0.4537411983472609,transformer_mul97_f0.5_wd1.0_softmax_ce_s1,mul,2700
100,0.0523662602392377,0.1189942247043156,0.1218275484066836,0.0247199465401277,0.0485995916750065,0.0722656760450039,0.1189942247043156,0.2315935963513031,0.4473658547558737,0.0252830798697961,0.0502467831660324,0.0744714004228028,0.1218275484066836,0.235217979480085,0.4540196727021857,transformer_mul97_f0.5_wd1.0_softmax_ce_s1,mul,2700
108,0.0520351462136488,0.1189820397780323,0.1220426032120053,0.0247272177937002,0.0485971314602527,0.0722825938171985,0.1189820397780323,0.2315938517870841,0.4473529609581227,0.0254263666701741,0.0504820725314193,0.0746995011079469,0.1220426032120053,0.2354939089213724,0.454261568425348,transformer_mul97_f0.5_wd1.0_softmax_ce_s1,mul,2700
116,0.0516415663727746,0.1189734478390675,0.122193644740072,0.0247298693202964,0.0485932976585275,0.0723057555272928,0.1189734478390675,0.2315914960356062,0.4473314981917647,0.0255685111861509,0.0506686984839412,0.0748779065986776,0.122193644740072,0.2356985149064722,0.4544227985661151,transformer_mul97_f0.5_wd1.0_softmax_ce_s1,mul,2700
125,0.0512217490391263,0.1189774240949561,0.1223187178944388,0.024732916035515,0.0485916050531777,0.0723387905165102,0.1189774240949561,0.2315945063463883,0.4473321246165468,0.025701510522977,0.0508362432214388,0.0750357842012574,0.1223187178944388,0.2358794129291438,0.4545697642061591,transformer_mul97_f0.5_wd1.0_softmax_ce_s1,mul,2700
135,0.0507393276107937,0.1189774916323101,0.1224132897812981,0.0247322879738519,0.0485850695202547,0.0723632780303103,0.1189774916323101,0.2315827625325624,0.4473114539897636,0.0258047759116309,0.0509703827542298,0.0751629069765676,0.1224132897812981,0.236014772656613,0.4547274230484128,transformer_mul97_f0.5_wd1.0_softmax_ce_s1,mul,2700
146,0.0506551974717957,0.1189779903662176,0.1224495439369255,0.0247324126256729,0.0485731099775058,0.0723728354238642,0.1189779903662176,0.2315907437564649,0.4473147199918407,0.0258434476241929,0.0510344640086763,0.0752182271618441,0.1224495439369255,0.2361021135528531,0.4548739720380019,transformer_mul97_f0.5_wd1.0_softmax_ce_s1,mul,2700
157,0.0508438545508709,0.1189783560610877,0.1224434321065081,0.0247295905604965,0.0485621257768218,0.0723783526256744,0.1189783560610877,0.2315831716308237,0.4472975793188363,0.0258411098882407,0.0510437453095825,0.0752208395634423,0.1224434321065081,0.2361544600768886,0.4549748164791005,transformer_mul97_f0.5_wd1.0_softmax_ce_s1,mul,2700
169,0.0509679340071008,0.118998218272793,0.1223993276316576,0.0247217180915732,0.0485600153355781,0.0723932006023972,0.118998218272793,0.2315870377740677,0.4472523630308391,0.0258137415759626,0.0510199497050821,0.075189042055965,0.1223993276316576,0.2361725037673439,0.4550373674073266,transformer_mul97_f0.5_wd1.0_softmax_ce_s1,mul,2700
182,0.0511669419933543,0.1190161125226497,0.1223660288314836,0.0247184555849604,0.0485716394661442,0.0724041586546488,0.1190161125226497,0.2316025086092443,0.4472330991950166,0.0257844997463403,0.0509938882201621,0.0751570641324785,0.1223660288314836,0.2361828413944199,0.4550762056133471,transformer_mul97_f0.5_wd1.0_softmax_ce_s1,mul,2700
196,0.0515036486601626,0.119032258950355,0.1223307607314602,0.0247166107811298,0.0485773554428491,0.0724049056961269,0.119032258950355,0.2316184499353971,0.4472225171765447,0.0257556564527906,0.0509630232467827,0.0751262316401628,0.1223307607314602,0.236177598837302,0.4550889585899703,transformer_mul97_f0.5_wd1.0_softmax_ce_s1,mul,2700
211,0.0519046213169077,0.1190367773807961,0.1222994992104827,0.0247100261608279,0.0485745588062999,0.0723962056847987,0.1190367773807961,0.2316298874946784,0.4472353946243401,0.025729449567885,0.0509299268109186,0.0750986042558277,0.1222994992104827,0.2361703934523844,0.4550955194693102,transformer_mul97_f0.5_wd1.0_softmax_ce_s1,mul,2700
227,0.0522458127678223,0.1190192567597598,0.1222860196983497,0.0246998724433299,0.0485656787944241,0.0723850952206678,0.1190192567597598,0.2316170880339434,0.4472412540338734,0.0257089318397234,0.0509138808037857,0.0750901351592573,0.1222860196983497,0.236188330510035,0.4551134288481129,transformer_mul97_f0.5_wd1.0_softmax_ce_s1,mul,2700
245,0.0527152060167099,0.1190031305413887,0.1223033326884276,0.024691732643164,0.0485594029553176,0.0723775586216157,0.1190031305413887,0.2315890754007924,0.4472405994439525,0.0256936097665106,0.0509124024390245,0.0750918911005077,0.1223033326884276,0.2362025068107205,0.4551157822478869,transformer_mul97_f0.5_wd1.0_softmax_ce_s1,mul,2700
264,0.0531715622057715,0.1190002276924622,0.1223385787919572,0.0246869485351857,0.0485604531856112,0.0723716031862689,0.1190002276924622,0.2315759692801549,0.4472403765152206,0.0256771230464407,0.0509171481673473,0.0751048854599971,0.1223385787919572,0.2362181108303906,0.4550911298022071,transformer_mul97_f0.5_wd1.0_softmax_ce_s1,mul,2700
284,0.0536372382904664,0.11899170066716,0.1223690689540725,0.0246784194448314,0.0485548035602342,0.0723627589579421,0.11899170066716,0.2315625476975855,0.4472521333071092,0.0256621404784727,0.0509254772369595,0.07512115618055,0.1223690689540725,0.2362261887047797,0.4550579427783363,transformer_mul97_f0.5_wd1.0_softmax_ce_s1,mul,2700
306,0.0538055749563293,0.1189594695768296,0.1223812020080801,0.02466248219287,0.0485391073625234,0.0723360572184249,0.1189594695768296,0.2315431064565886,0.4472466551888801,0.0256430124242279,0.0509145884702331,0.0751189046748927,0.1223812020080801,0.2362174684296117,0.4550247392413427,transformer_mul97_f0.5_wd1.0_softmax_ce_s1,mul,2700
330,0.0541642476722144,0.1189183486429629,0.1223984456400039,0.024647342529413,0.048514258952931,0.0723001104455941,0.1189183486429629,0.231524862680989,0.4472324819212092,0.025627653058532,0.050900787751507,0.0751152320621738,0.1223984456400039,0.2362203654617331,0.4550093232288854,transformer_mul97_f0.5_wd1.0_softmax_ce_s1,mul,2700
355,0.0542087165314611,0.1188881510410557,0.122423756408117,0.0246393996815751,0.0484996147380157,0.0722720289237091,0.1188881510410557,0.2315453410426965,0.44722886027374,0.0256150793312513,0.0508895685042206,0.0751177448969965,0.122423756408117,0.2362510942695367,0.4549940829070469,transformer_mul97_f0.5_wd1.0_softmax_ce_s1,mul,2700
383,0.0541238622361102,0.1188462145052481,0.1224474507496213,0.0246276085228667,0.0484769013721536,0.0722264031371733,0.1188462145052481,0.2315567924483934,0.4472518822184981,0.0256151025596443,0.0509104972835382,0.075156798967411,0.1224474507496213,0.2362729705558633,0.4549867850132517,transformer_mul97_f0.5_wd1.0_softmax_ce_s1,mul,2700
412,0.053159350492136,0.1188263600360677,0.1227679069659212,0.024601424985038,0.0484429590790553,0.0721733936802538,0.1188263600360677,0.2316061079369835,0.4473016806105679,0.0257853995191386,0.0512147917066715,0.0754761352834903,0.1227679069659212,0.2365439537580147,0.455233255188958,transformer_mul97_f0.5_wd1.0_softmax_ce_s1,mul,2700
444,0.0523112164626285,0.1187910551829791,0.1228216472034912,0.0245934112598328,0.0484189247079219,0.0721461445190067,0.1187910551829791,0.2315714101035569,0.447235323297681,0.0257742380726683,0.0512254316422721,0.0754964345415235,0.1228216472034912,0.2366038994568614,0.4552357226405144,transformer_mul97_f0.5_wd1.0_softmax_ce_s1,mul,2700
478,0.052684387317957,0.118792039614274,0.1228372314210163,0.0245887380195516,0.0484183800363903,0.0721429006212085,0.118792039614274,0.2315866681666832,0.4472349538853926,0.0257684858210905,0.0512251836742329,0.0754990275998847,0.1228372314210163,0.2366283551503705,0.455241712778997,transformer_mul97_f0.5_wd1.0_softmax_ce_s1,mul,2700
515,0.0532792423111995,0.1187881826710343,0.1228724163277374,0.0245817566163047,0.0484140992617901,0.0721365497967411,0.1187881826710343,0.2315943163633407,0.4472301505748859,0.0257757068937684,0.0512507421597627,0.0755261822778331,0.1228724163277374,0.2366707240043243,0.4552552810889728,transformer_mul97_f0.5_wd1.0_softmax_ce_s1,mul,2700
555,0.0529853187481078,0.1188200490572312,0.123539010560855,0.0245880618052562,0.0484137318960415,0.0721274197966651,0.1188200490572312,0.2316614169988095,0.4472288927973994,0.0260958279360975,0.0518067731218487,0.0760431358898683,0.123539010560855,0.2373379222761343,0.4557826590456445,transformer_mul97_f0.5_wd1.0_softmax_ce_s1,mul,2700
598,0.0531852584072435,0.1188057596645825,0.1236195990746227,0.0245806998954738,0.0484006726184199,0.0721052250459713,0.1188057596645825,0.2316096972546147,0.4471472055996787,0.0260989148645837,0.0518253330724218,0.0760600935227738,0.1236195990746227,0.2374436341721358,0.4558313093471107,transformer_mul97_f0.5_wd1.0_softmax_ce_s1,mul,2700
644,0.0537319579747795,0.1187990524859572,0.123566687941793,0.0245689365123881,0.0483803720838056,0.0720921381447046,0.1187990524859572,0.2316131042990865,0.4471287111106794,0.0260819834248214,0.0517813594092125,0.0760129563411088,0.123566687941793,0.2374078467530256,0.455803863730447,transformer_mul97_f0.5_wd1.0_softmax_ce_s1,mul,2700
694,0.0544173083633825,0.1188263923718287,0.1235602212672518,0.0245575363403735,0.0483632284707258,0.0720907560412841,0.1188263923718287,0.2316819767640172,0.4471588802860641,0.0260825853894328,0.051777606542109,0.0760090703946593,0.1235602212672518,0.2374186723773776,0.4558055866903545,transformer_mul97_f0.5_wd1.0_softmax_ce_s1,mul,2700
747,0.0551645825485879,0.1188549009253182,0.1235855241666656,0.0245463654315521,0.0483469012797519,0.0720910912771456,0.1188549009253182,0.2317673873492926,0.4472116690515564,0.0261044638760136,0.0518120878201487,0.0760394517121251,0.1235855241666656,0.2374708008416738,0.455824822060665,transformer_mul97_f0.5_wd1.0_softmax_ce_s1,mul,2700
805,0.0547183179077929,0.1188464645037314,0.1246428254421632,0.0245383390710785,0.0483122836185818,0.0720716993226826,0.1188464645037314,0.2318257028888069,0.4471725951259516,0.0265832169435018,0.0526923778850306,0.0768725226406937,0.1246428254421632,0.2385976881975315,0.4567321239501078,transformer_mul97_f0.5_wd1.0_softmax_ce_s1,mul,2700
867,0.0543621621374215,0.1188317963266274,0.124548979139454,0.0245367485545992,0.0483006839311037,0.0720508571720385,0.1188317963266274,0.2317768075098543,0.4471014034309168,0.0265352580558255,0.0525613984083106,0.0767581184756894,0.124548979139454,0.2385435722929156,0.4566996253986704,transformer_mul97_f0.5_wd1.0_softmax_ce_s1,mul,2700
934,0.0547284913546475,0.1188134901384496,0.1245110532106694,0.0245173562569896,0.0482808673484071,0.0720241877950504,0.1188134901384496,0.2317811646586317,0.4470943843747158,0.026518367532964,0.0525013170562992,0.0767030437023083,0.1245110532106694,0.2385327343313834,0.4566832635760083,transformer_mul97_f0.5_wd1.0_softmax_ce_s1,mul,2700
1006,0.0554329699755771,0.1188314884952016,0.1245796696280582,0.0244993232739282,0.0482700268392489,0.0720399472219359,0.1188314884952016,0.231845188928461,0.4471564939641742,0.026560295292182,0.0525366808881337,0.0767450899241254,0.1245796696280582,0.2386560419732151,0.4567549526956524,transformer_mul97_f0.5_wd1.0_softmax_ce_s1,mul,2700
1083,0.0527868500426036,0.1187019172463863,0.1274267602203105,0.024505301228971,0.0482566890408562,0.0719766747223806,0.1187019172463863,0.23160381730195,0.4467348053654142,0.0277367903090443,0.0547448960153794,0.0796706752395482,0.1274267602203105,0.2415975616902512,0.4590205404005365,transformer_mul97_f0.5_wd1.0_softmax_ce_s1,mul,2700
1167,0.0524833173937526,0.1187238423535319,0.1269620014931863,0.0245007214069497,0.0482809488157398,0.0719884612799183,0.1187238423535319,0.2316575671178033,0.4466942958573935,0.0275278005285822,0.0543317601782874,0.0791549277907673,0.1269620014931863,0.2412237235574243,0.458733133137089,transformer_mul97_f0.5_wd1.0_softmax_ce_s1,mul,2700
1257,0.050046594879438,0.1186464673063698,0.1291178896671194,0.0244712199646596,0.0482981896836042,0.0719705998337117,0.1186464673063698,0.2315577427113058,0.4463116571348804,0.0283444725989731,0.0558057071283433,0.0812802878348446,0.1291178896671194,0.2434876996320178,0.4604725230750393,transformer_mul97_f0.5_wd1.0_softmax_ce_s1,mul,2700
1354,0.0494219530744715,0.1186049549534457,0.1286372750442675,0.0244702816017252,0.0482942266715422,0.0719318741773511,0.1186049549534457,0.2315399407197279,0.4462818348960959,0.0281309047803824,0.0554004912757872,0.0807356144715128,0.1286372750442675,0.2431887457959816,0.4602854116613098,transformer_mul97_f0.5_wd1.0_softmax_ce_s1,mul,2700
1459,0.0454826010549988,0.1184427503659476,0.1336693044554222,0.0244198070085123,0.0482556708352583,0.0717795669928223,0.1184427503659476,0.2311085325253792,0.4455615309835616,0.0296524940385375,0.05848382684784,0.0853781706615534,0.1336693044554222,0.2482673857848223,0.4642910705083161,transformer_mul97_f0.5_wd1.0_softmax_ce_s1,mul,2700
1571,0.0430775047553478,0.1182300128574798,0.1383732510270993,0.024291769659023,0.0480744750361694,0.0715190727437963,0.1182300128574798,0.2310097327834333,0.4454899624336113,0.0314249997384701,0.0621380356096085,0.0899077607675857,0.1383732510270993,0.2526312900287578,0.4675180974846435,transformer_mul97_f0.5_wd1.0_softmax_ce_s1,mul,2700
1692,0.0446157772684556,0.1182827194224711,0.1370043732578046,0.024274309634263,0.0480609979428594,0.071575761541004,0.1182827194224711,0.2308192310251251,0.4448947326737071,0.0305761836351094,0.0601294892733888,0.0880257444740948,0.1370043732578046,0.251759393058902,0.4672852600983836,transformer_mul97_f0.5_wd1.0_softmax_ce_s1,mul,2700
1823,0.0461465538317907,0.11815765796042,0.1432031731402095,0.0241664263899877,0.0479970386264912,0.0714365652206821,0.11815765796042,0.2305235422495044,0.4445635862608387,0.0322809318806026,0.0636048597593954,0.0932502756075907,0.1432031731402095,0.2579505341278831,0.4722027418247755,transformer_mul97_f0.5_wd1.0_softmax_ce_s1,mul,2700
1964,0.0504560901153513,0.118140242527081,0.1543801967178458,0.0240805075940436,0.0480958082776298,0.0716443176482894,0.118140242527081,0.2303920771055568,0.4444652726095763,0.0356834019103979,0.069408565883239,0.1023962315898496,0.1543801967178458,0.2688045136043502,0.480942912265646,transformer_mul97_f0.5_wd1.0_softmax_ce_s1,mul,2700
2115,0.0501349132582182,0.1178821531262688,0.1646146056297545,0.0240835619314334,0.0480311290611283,0.0715922657527877,0.1178821531262688,0.2299793304509511,0.4444611351712988,0.0378334996995669,0.0747095015997561,0.1101670016685621,0.1646146056297545,0.2789413318178312,0.488932778318021,transformer_mul97_f0.5_wd1.0_softmax_ce_s1,mul,2700
2278,0.0498441622583338,0.1176369546139205,0.1742940484368723,0.0241218002687634,0.0478164107370068,0.071500719879681,0.1176369546139205,0.2297694852615537,0.4441947820582267,0.0407233787122304,0.0804563908583142,0.1185097976468226,0.1742940484368723,0.2879712665075275,0.4959262335323076,transformer_mul97_f0.5_wd1.0_softmax_ce_s1,mul,2700
2454,0.0567490265103461,0.1174255123281157,0.2093147369312059,0.0242263378111135,0.0479651210918239,0.0714902221893555,0.1174255123281157,0.2292458811306513,0.4436643138445095,0.0490067416179738,0.0959585561435104,0.1420622973608088,0.2093147369312059,0.3212464377914232,0.5230058409618195,transformer_mul97_f0.5_wd1.0_softmax_ce_s1,mul,2700
2644,0.0521590079158962,0.1175880025304373,0.1965223546514975,0.0244672445662872,0.0482548993982243,0.0718536776483067,0.1175880025304373,0.2293723019299051,0.4450012668935362,0.0444850848493974,0.0868464557036327,0.1274597745954695,0.1965223546514975,0.312726036981988,0.5201376844422176,transformer_mul97_f0.5_wd1.0_softmax_ce_s1,mul,2700
2848,0.057432954914627,0.1173029319966954,0.2232725810936065,0.0244854108904301,0.0483635161209283,0.0719253130891983,0.1173029319966954,0.2291485479946189,0.4447494406700042,0.0505170830915653,0.0974661798873722,0.1431160715634406,0.2232725810936065,0.3395398224314007,0.542831746813789,transformer_mul97_f0.5_wd1.0_softmax_ce_s1,mul,2700
3067,0.0608330460647486,0.1163102960382915,0.2846158590980086,0.0240830738860913,0.0475132909352311,0.0707900721648298,0.1163102960382915,0.2275435828168614,0.4418199839867565,0.0627585590101583,0.1244447107807385,0.182161240057163,0.2846158590980086,0.3963604397250553,0.583681180281835,transformer_mul97_f0.5_wd1.0_softmax_ce_s1,mul,2700
3304,0.054097911684257,0.1168455123493622,0.2940310338837824,0.0245417090414406,0.0479124059209996,0.0711176933703416,0.1168455123493622,0.2282093750430197,0.4418092666311274,0.0666554629682455,0.1325689070993495,0.1918621368346332,0.2940310338837824,0.4257514080764855,0.6091055947255165,transformer_mul97_f0.5_wd1.0_softmax_ce_s1,mul,2700
3559,0.0555975665496369,0.1152538501950631,0.3343203456365555,0.0237720421989752,0.0469315371193837,0.0698485702953822,0.1152538501950631,0.2255169382931328,0.439313187054855,0.0782464674229546,0.1541140292702703,0.2200961744639338,0.3343203456365555,0.5050908340745632,0.6761498905946638,transformer_mul97_f0.5_wd1.0_softmax_ce_s1,mul,2700
3834,0.0596095164422283,0.111640887850031,0.3849583771961025,0.0226649756400236,0.0449524996615974,0.0672243726105279,0.111640887850031,0.2204491582467364,0.4341279065341289,0.0882709686181896,0.174118803417333,0.2537887235112642,0.3849583771961025,0.5972500973281044,0.7697205196417161,transformer_mul97_f0.5_wd1.0_softmax_ce_s1,mul,2700
4130,0.0712311287515327,0.1151135045421117,0.4774159647710161,0.0238475580739502,0.0469454921957859,0.06991919861071,0.1151135045421117,0.2242136731064514,0.4381508387324352,0.1150420135968667,0.215014179995366,0.3147680627929012,0.4774159647710161,0.7454046634981795,0.8811259115859364,transformer_mul97_f0.5_wd1.0_softmax_ce_s1,mul,2700
4448,0.0407321994701248,0.1139887956385376,0.501426287034942,0.0231741553853119,0.0462664358716672,0.0691372595114816,0.1139887956385376,0.2233342545118994,0.4352990011617283,0.1175375721351575,0.2232683823406024,0.3268965405552031,0.501426287034942,0.7974282419391192,0.9363811935844852,transformer_mul97_f0.5_wd1.0_softmax_ce_s1,mul,2700
4791,0.0380048632345173,0.111024791616006,0.4862620280673869,0.0227961088394582,0.0451468737345899,0.0672057048492908,0.111024791616006,0.2193112430910875,0.4325135592491546,0.1090675091522449,0.2121133153094381,0.3068521381083958,0.4862620280673869,0.8179836528736872,0.976087066931846,transformer_mul97_f0.5_wd1.0_softmax_ce_s1,mul,2700
5161,0.0453948170295692,0.1155170324490827,0.4993940567621676,0.0236790299094126,0.0469108211588547,0.0700205674801466,0.1155170324490827,0.2264969050550115,0.4408537894057134,0.1338037781090609,0.2397113897198753,0.3347785439395503,0.4993940567621676,0.8192621027656449,0.9625498281999244,transformer_mul97_f0.5_wd1.0_softmax_ce_s1,mul,2700
5560,0.0557829164044144,0.1126288695880139,0.470730732749488,0.0229160294919565,0.0457476467030834,0.0682942079516426,0.1126288695880139,0.221881730139577,0.4361444222683984,0.1018785102964021,0.1988506745848341,0.2954560926948887,0.470730732749488,0.833897060141746,0.9898291919126938,transformer_mul97_f0.5_wd1.0_softmax_ce_s1,mul,2700
5989,0.0638440287992929,0.1242938992769,0.5007581983911993,0.0254078515518497,0.0507736123537954,0.0757196130786391,0.1242938992769,0.2384530110649174,0.453139860795784,0.1356780501575898,0.2435097644813448,0.3323663088520439,0.5007581983911993,0.8479721283620995,0.9700076454737896,transformer_mul97_f0.5_wd1.0_softmax_ce_s1,mul,2700
6451,0.026254816145883,0.1153095855489628,0.4698717806986822,0.0233338800189289,0.0464603375159165,0.069461440729007,0.1153095855489628,0.227734809226113,0.4445189391907959,0.1025304050339163,0.1988301542841584,0.2920166679677212,0.4698717806986822,0.8310769553674313,0.9909669731473832,transformer_mul97_f0.5_wd1.0_softmax_ce_s1,mul,2700
6949,0.0518020764022877,0.1147919575381842,0.4801518270843253,0.0238946315042074,0.0468923457466957,0.0697800396344061,0.1147919575381842,0.2245098310531487,0.438035593820893,0.134269508236754,0.2300993405567746,0.3144794840877338,0.4801518270843253,0.8247249705700461,0.988777339549848,transformer_mul97_f0.5_wd1.0_softmax_ce_s1,mul,2700
7485,0.0618414312484182,0.1195854352832015,0.5088993178147642,0.0245625895896572,0.0490428467976777,0.0726028034044608,0.1195854352832015,0.2330382068500802,0.4541078194501187,0.1588909518189282,0.2613115678012849,0.3543128351387275,0.5088993178147642,0.8215329885931475,0.956460636461132,transformer_mul97_f0.5_wd1.0_softmax_ce_s1,mul,2700
8062,0.0342590686930668,0.1130601251318592,0.4598032016121611,0.0231542468671462,0.0458286097855308,0.0683594749100927,0.1130601251318592,0.2238361687568009,0.438439507940997,0.1149751791924598,0.2158102477138933,0.300002933362501,0.4598032016121611,0.8227594193324702,0.9912377923773134,transformer_mul97_f0.5_wd1.0_softmax_ce_s1,mul,2700
8685,0.0407537261018555,0.1237550672791548,0.4979718865735839,0.0254613805143342,0.0505845721956036,0.0752655920114333,0.1237550672791548,0.2411467299175688,0.4615624582444493,0.1522210993874847,0.2566013509239698,0.3416390634658805,0.4979718865735839,0.8221562952412008,0.975354442949363,transformer_mul97_f0.5_wd1.0_softmax_ce_s1,mul,2700
9355,0.0509057900112837,0.1198167081781297,0.4939097503406924,0.0259180150478294,0.050342453983687,0.0735938599560719,0.1198167081781297,0.2327868202948567,0.4485967670805296,0.1292410585629471,0.2314999154711449,0.3269535573505283,0.4939097503406924,0.8230606466687238,0.9579193901373376,transformer_mul97_f0.5_wd1.0_softmax_ce_s1,mul,2700
10077,0.0495480467651891,0.1152028252498265,0.4501182641110374,0.023503914049135,0.0466455651421175,0.0696324082993416,0.1152028252498265,0.2274069234116797,0.4424458457964315,0.1042324810994806,0.1960768500949225,0.2832080262719857,0.4501182641110374,0.8175617404046244,0.99351575802553,transformer_mul97_f0.5_wd1.0_softmax_ce_s1,mul,2700
10854,0.0263339636782903,0.1134610430402883,0.4462155136672325,0.0232606522225396,0.0459369894179983,0.0685858921364386,0.1134610430402883,0.2241201994350667,0.441006024258713,0.1008041036159269,0.197839677951047,0.2837103211833602,0.4462155136672325,0.8225136842472783,0.9897926822069296,transformer_mul97_f0.5_wd1.0_softmax_ce_s1,mul,2700
11692,0.0317703365142034,0.1125193848949061,0.4458044101051167,0.0227322724587372,0.0452964194357971,0.0677861624341218,0.1125193848949061,0.2219108909566629,0.4348029650101483,0.0960637086121091,0.1856504592731859,0.2747559616253348,0.4458044101051167,0.813784187452332,0.9905770040135348,transformer_mul97_f0.5_wd1.0_softmax_ce_s1,mul,2700
12594,0.03017859393383,0.1137898471383408,0.4582353924007972,0.0231700392163729,0.0460798203437077,0.0687619739846943,0.1137898471383408,0.2251368269141948,0.4410785465400213,0.1062665015898571,0.1982394001896052,0.2889545478998377,0.4582353924007972,0.8220456963894968,0.990966630074371,transformer_mul97_f0.5_wd1.0_softmax_ce_s1,mul,2700
13566,0.0431963975674699,0.1148829833872896,0.4409393703718984,0.0236318550129687,0.0466900718979432,0.0696121951088263,0.1148829833872896,0.2247132533396359,0.4377657152760272,0.0944680306951113,0.1885283860309472,0.2756626922737137,0.4409393703718984,0.8131569931391511,0.9926118122304094,transformer_mul97_f0.5_wd1.0_softmax_ce_s1,mul,2700
14613,0.0419770111909597,0.1255436463592242,0.5150492870597702,0.026469258799712,0.0519131193347606,0.0768215695964182,0.1255436463592242,0.2406851719093631,0.4586375353033175,0.1638460834524468,0.2644587219270778,0.356955796365701,0.5150492870597702,0.8281126656454201,0.9696477061642408,transformer_mul97_f0.5_wd1.0_softmax_ce_s1,mul,2700
15741,0.0536591555032503,0.1257680934245787,0.4533874686405013,0.0264287621933966,0.0517314712314389,0.0765487372136766,0.1257680934245787,0.2399138038200743,0.454804685156414,0.0984628199223157,0.1965334825058607,0.2894655875256737,0.4533874686405013,0.7887173244508207,0.9532402422552084,transformer_mul97_f0.5_wd1.0_softmax_ce_s1,mul,2700
16955,0.0367675912256463,0.1335217357763713,0.508492330952719,0.0296010471989529,0.0566335767488914,0.0827102372637093,0.1335217357763713,0.2564088900022536,0.476237972738004,0.1983832415838287,0.295035234228328,0.3751614614028241,0.508492330952719,0.7787263705721487,0.94268020452063,transformer_mul97_f0.5_wd1.0_softmax_ce_s1,mul,2700
18264,0.0325743140886142,0.1171263907217145,0.4592853774217572,0.0243440994249362,0.0478845710016577,0.0711237856941661,0.1171263907217145,0.2298753913304411,0.446203754997986,0.1200385875282316,0.2097908074849538,0.2983386014111244,0.4592853774217572,0.8072875991715224,0.9897373240288858,transformer_mul97_f0.5_wd1.0_softmax_ce_s1,mul,2700
19673,0.0305258461742637,0.113989240888706,0.4344978076921588,0.0230765895585663,0.0461422954800401,0.0688815085376713,0.113989240888706,0.2244353494850146,0.4381044418111207,0.0962575039699779,0.1884998160411579,0.2734141397756725,0.4344978076921588,0.7750539985607462,0.9928494253276484,transformer_mul97_f0.5_wd1.0_softmax_ce_s1,mul,2700
21192,0.0416337692362269,0.1246357390415817,0.4064004328269527,0.0254293472524373,0.0507465124600008,0.075558099124987,0.1246357390415817,0.2398073889491616,0.4579847494786446,0.098583784180539,0.1822170518999372,0.2614235112752251,0.4064004328269527,0.7316822387653319,0.9394110300316512,transformer_mul97_f0.5_wd1.0_softmax_ce_s1,mul,2700
22827,0.0351222152345015,0.1136969063942154,0.4167806574272087,0.0239809731832829,0.0466858497842737,0.0693349393612333,0.1136969063942154,0.222863495002637,0.436729948181787,0.0931022834571639,0.182763503783933,0.2676180805371654,0.4167806574272087,0.752482218168245,0.9859389132537744,transformer_mul97_f0.5_wd1.0_softmax_ce_s1,mul,2700
24589,0.0275684301711292,0.114116056844185,0.3907476389759826,0.0248112059996278,0.0479889318589725,0.0701363871468476,0.114116056844185,0.2234834237593763,0.4387571580488852,0.0829392517308845,0.1645078662053806,0.2411712148648935,0.3907476389759826,0.7351892022564614,0.9908910061355344,transformer_mul97_f0.5_wd1.0_softmax_ce_s1,mul,2700
26486,0.0265248158904224,0.1155626174586076,0.3936798450816742,0.0242769667973,0.0476633251759477,0.070499287864736,0.1155626174586076,0.225903297837732,0.4396759563170098,0.081451369955279,0.1609978856635441,0.239519702727086,0.3936798450816742,0.7505944819700482,0.9932897297299952,transformer_mul97_f0.5_wd1.0_softmax_ce_s1,mul,2700
28530,0.029422558288586,0.1158932747629857,0.4027761584435681,0.024098984749082,0.0475287599396455,0.0703539690284268,0.1158932747629857,0.2272961106628283,0.4418588087845665,0.0873991611671162,0.1708228474834978,0.2498069266947207,0.4027761584435681,0.7520107089346499,0.993600530338981,transformer_mul97_f0.5_wd1.0_softmax_ce_s1,mul,2700
30732,0.0397698539463059,0.115598250979019,0.4039482392823278,0.0238525888318297,0.0475252732466921,0.0704240239350597,0.115598250979019,0.2272383415147987,0.4449707348689247,0.090716399228304,0.1725159037016911,0.2504141530368662,0.4039482392823278,0.7443792263642807,0.9917324689377968,transformer_mul97_f0.5_wd1.0_softmax_ce_s1,mul,2700
33103,0.0380875123062582,0.1172295270715233,0.4104480902669065,0.0239056223889287,0.0474502785158284,0.0708681468387428,0.1172295270715233,0.2306081916930948,0.4451171490170642,0.093191003286462,0.1771672239516114,0.2567823754413907,0.4104480902669065,0.744015791151064,0.9701351144174652,transformer_mul97_f0.5_wd1.0_softmax_ce_s1,mul,2700
35658,0.0463964962805948,0.1194949054115758,0.4471329658519217,0.0242478440917431,0.0483737276834924,0.0722616534182364,0.1194949054115758,0.2318451748742236,0.4471206146510565,0.1023201020200623,0.1940149899410959,0.2843806174333471,0.4471329658519217,0.7846341897002512,0.97915528724664,transformer_mul97_f0.5_wd1.0_softmax_ce_s1,mul,2700
38410,0.0423475098648816,0.1169822261574549,0.3969592661172531,0.0236925967916467,0.0473476369164518,0.0707074164117599,0.1169822261574549,0.2293750027855525,0.4461954095680518,0.0856678164958657,0.1661530474635007,0.2453397587953675,0.3969592661172531,0.7349517166046844,0.9918355774497452,transformer_mul97_f0.5_wd1.0_softmax_ce_s1,mul,2700
41374,0.051876056899024,0.1153725472475274,0.4309243501886892,0.0232588807417366,0.0464971096905407,0.0696501037276861,0.1153725472475274,0.2274395774162056,0.4456154081288717,0.1116116108512173,0.2017391389671017,0.2798311125703318,0.4309243501886892,0.7774707315993046,0.991432089950098,transformer_mul97_f0.5_wd1.0_softmax_ce_s1,mul,2700
44567,0.02947795248976,0.1234854092718611,0.4295999801673273,0.0253483288362166,0.0505267739620332,0.0750304912099827,0.1234854092718611,0.2412243052634206,0.4594686841664496,0.1050864847669129,0.1936095446466397,0.278238406290593,0.4295999801673273,0.746454451034624,0.9622774523489588,transformer_mul97_f0.5_wd1.0_softmax_ce_s1,mul,2700
48006,0.0266475606758101,0.1182693461878501,0.3981094491703907,0.0243749488480553,0.0483676452140551,0.0718143550903598,0.1182693461878501,0.229914813716441,0.4444038154098954,0.0933303313911858,0.1714207459698028,0.2493817668808388,0.3981094491703907,0.7355241187443528,0.9836159861883222,transformer_mul97_f0.5_wd1.0_softmax_ce_s1,mul,2700
51711,0.0221296073415175,0.1180787072858818,0.373717315465594,0.0239918830171972,0.0477411545012831,0.0712545733292495,0.1180787072858818,0.2298453197465184,0.4457789609595785,0.0780672466415705,0.1527506013619891,0.2270961922643379,0.373717315465594,0.7231652854969842,0.9894382423866924,transformer_mul97_f0.5_wd1.0_softmax_ce_s1,mul,2700
55701,0.0294151022186717,0.1313600489356891,0.4221685051059204,0.0289655874874793,0.0572328735867641,0.0821789148816602,0.1313600489356891,0.2449212022010563,0.4591441210886919,0.0933163489603539,0.1809811837924771,0.2656247695320318,0.4221685051059204,0.755277279101135,0.9557412693152566,transformer_mul97_f0.5_wd1.0_softmax_ce_s1,mul,2700
60000,0.0482619956173219,0.1209223472539387,0.4697248774961534,0.0266875563660877,0.0505281917895015,0.0742260385776995,0.1209223472539387,0.2343052779442213,0.4494441062982752,0.1310012917779652,0.2263205391266679,0.3151685361658021,0.4697248774961534,0.7937396581375047,0.9814935571303176,transformer_mul97_f0.5_wd1.0_softmax_ce_s1,mul,2700
0,0.0691257447287118,0.1183278725795631,0.1230105810387088,0.0240037672180504,0.0478009362060859,0.071382228747608,0.1183278725795631,0.2338918939043127,0.4526769266513663,0.0262764398595536,0.0513502720505772,0.075774490090864,0.1230105810387088,0.2355762196320101,0.4509171192798647,transformer_mul97_f0.5_wd1.0_softmax_ce_s2,mul,2600
1,0.0691334258186016,0.1183286996656163,0.1230167783393331,0.0240062583245213,0.0478006823417266,0.0713828343729046,0.1183286996656163,0.2338914292342528,0.4526786324684879,0.0262763859969312,0.0513535489288788,0.0757779584725355,0.1230167783393331,0.2355818319896168,0.450922015865119,transformer_mul97_f0.5_wd1.0_softmax_ce_s2,mul,2600
2,0.0691934883086095,0.1183340847749716,0.1230229400856649,0.024008877723616,0.04780200779045,0.0713862692357908,0.1183340847749716,0.2338909788179005,0.452682297204248,0.0262753411632293,0.0513553364092413,0.0757803423703608,0.1230229400856649,0.2355913415768218,0.4509266422612651,transformer_mul97_f0.5_wd1.0_softmax_ce_s2,mul,2600
3,0.0692507881173771,0.1183410295369729,0.1230289906716269,0.0240115294954971,0.0478036021065484,0.0713907311694696,0.1183410295369729,0.2338910949443531,0.4526841454267028,0.0262740069793455,0.0513562330449165,0.075782335774531,0.1230289906716269,0.235603218644135,0.4509327637218263,transformer_mul97_f0.5_wd1.0_softmax_ce_s2,mul,2600
4,0.0692955316616056,0.1183477815449953,0.1230351915551302,0.0240139147357815,0.0478045218221435,0.071394364019976,0.1183477815449953,0.2338910386757845,0.4526842660067153,0.0262725021189527,0.0513564239299714,0.0757840996307551,0.1230351915551302,0.2356154312392341,0.4509387530010953,transformer_mul97_f0.5_wd1.0_softmax_ce_s2,mul,2600
5,0.0693390446246676,0.1183539333427951,0.1230416462379547,0.0240160486392888,0.0478048185092948,0.0713969490221851,0.1183539333427951,0.2338904650965906,0.4526827204434459,0.0262708196796679,0.0513562115584872,0.0757859024282716,0.1230416462379547,0.2356275250909094,0.4509438982912904,transformer_mul97_f0.5_wd1.0_softmax_ce_s2,mul,2600
6,0.0693874502233459,0.1183594859246667,0.1230477913011658,0.0240180857080911,0.0478048623768507,0.0713991221951353,0.1183594859246667,0.2338897023038105,0.4526802891854171,0.0262688062586757,0.0513552053355079,0.0757872009338647,0.1230477913011658,0.2356388989723038,0.4509473324564815,transformer_mul97_f0.5_wd1.0_softmax_ce_s2,mul,2600
7,0.0694468504855846,0.1183643100722892,0.1230531039727814,0.024019986857755,0.0478046608509587,0.0714010573227354,0.1183643100722892,0.2338884059710564,0.45267744467438,0.0262663807169752,0.0513532924165723,0.075787658348292,0.1230531039727814,0.2356492757798379,0.4509485334220172,transformer_mul97_f0.5_wd1.0_softmax_ce_s2,mul,2600
8,0.0695150823179185,0.1183685187828504,0.1230579237445382,0.0240216065082462,0.0478041349538309,0.0714028115227215,0.1183685187828504,0.2338866234472013,0.4526746475172108,0.0262639737065054,0.05135122134037,0.0757880406573645,0.1230579237445382,0.2356589192935292,0.4509483081441127,transformer_mul97_f0.5_wd1.0_softmax_ce_s2,mul,2600
9,0.0695852492394445,0.1183722174047251,0.1230630646225908,0.024022807202276,0.0478032393679495,0.0714043490495208,0.1183722174047251,0.2338842700631759,0.4526725471389513,0.0262620080222876,0.0513495337988408,0.0757889638192281,0.1230630646225908,0.2356682691419394,0.4509473280643443,transformer_mul97_f0.5_wd1.0_softmax_ce_s2,mul,2600
10,0.0696560235828839,0.1183754032423643,0.1230684587888556,0.0240235351939572,0.0478021017943046,0.0714057916282812,0.1183754032423643,0.2338815481946624,0.4526713192480747,0.0262602932387854,0.0513480704818035,0.0757902045522766,0.1230684587888556,0.2356774653689539,0.4509459016783774,transformer_mul97_f0.5_wd1.0_softmax_ce_s2,mul,2600
11,0.0697252345897391,0.1183778411289073,0.1230739488600049,0.0240237277985382,0.0478006403358226,0.0714070835873782,0.1183778411289073,0.2338785699312392,0.4526706886013913,0.0262585714764749,0.0513466712170815,0.0757917376335176,0.1230739488600049,0.2356865051788745,0.4509441757449073,transformer_mul97_f0.5_wd1.0_softmax_ce_s2,mul,2600
12,0.0697953970679667,0.1183792620479596,0.123079302186529,0.02402325314052,0.0477984288357996,0.0714080513206159,0.1183792620479596,0.2338754348495408,0.4526706976067773,0.0262565020445641,0.0513451616628914,0.0757935685257645,0.123079302186529,0.2356952909487854,0.4509419744217927,transformer_mul97_f0.5_wd1.0_softmax_ce_s2,mul,2600
13,0.0698647944848406,0.1183796603965397,0.1230846207476904,0.024022150911956,0.0477953057073447,0.0714086276134923,0.1183796603965397,0.233872161208114,0.4526713499290597,0.0262540241317051,0.0513434924803081,0.0757956566821238,0.1230846207476904,0.2357039177807048,0.4509393570051292,transformer_mul97_f0.5_wd1.0_softmax_ce_s2,mul,2600
15,0.0699873860453013,0.1183780674115209,0.123095421765957,0.024018474055578,0.0477870538876222,0.071408809008551,0.1183780674115209,0.2338656385450415,0.452673976408259,0.0262478106155598,0.0513395217147184,0.0758002057390117,0.123095421765957,0.2357214689490891,0.4509336443843217,transformer_mul97_f0.5_wd1.0_softmax_ce_s2,mul,2600
16,0.0700361518260637,0.1183765255864986,0.1231009467209257,0.0240161886242773,0.0477825574345668,0.0714087468914786,0.1183765255864986,0.2338624938172073,0.4526755823474783,0.0262441458667399,0.0513371499709965,0.0758025236047662,0.1231009467209257,0.2357302087783377,0.4509311044858544,transformer_mul97_f0.5_wd1.0_softmax_ce_s2,mul,2600
17,0.070080469689449,0.1183748013880791,0.123106462894028,0.0240138198179903,0.0477781572228749,0.0714087437181217,0.1183748013880791,0.2338594506994526,0.4526772085401925,0.0262401572940417,0.051334458303236,0.0758047690690745,0.123106462894028,0.2357387726199935,0.4509289836702452,transformer_mul97_f0.5_wd1.0_softmax_ce_s2,mul,2600
18,0.0701233966094541,0.1183732090544491,0.1231120777061587,0.0240114784931499,0.0477740332144058,0.0714090663871794,0.1183732090544491,0.233856786880105,0.4526791832539872,0.0262359072479988,0.051331517838239,0.0758070041282197,0.1231120777061587,0.2357472881224934,0.4509276352835065,transformer_mul97_f0.5_wd1.0_softmax_ce_s2,mul,2600
20,0.0702137837113108,0.1183709152345357,0.1231234036263973,0.0240071523791884,0.0477668338935382,0.0714109240128381,0.1183709152345357,0.2338528274967302,0.4526846841514776,0.0262267651352642,0.0513251394097588,0.0758114567118656,0.1231234036263973,0.2357645420311328,0.4509279129902085,transformer_mul97_f0.5_wd1.0_softmax_ce_s2,mul,2600
21,0.0702602664246588,0.1183705542434361,0.1231289408315065,0.0240053605804496,0.047763854124753,0.0714125687143056,0.1183705542434361,0.2338519537797121,0.4526884997932035,0.026221911568635,0.0513216559294468,0.0758135697877214,0.1231289408315065,0.2357734054808921,0.450929853110784,transformer_mul97_f0.5_wd1.0_softmax_ce_s2,mul,2600
23,0.0703594592984646,0.1183714288909999,0.1231392095145791,0.0240025893006624,0.0477587982274859,0.0714167608780511,0.1183714288909999,0.2338524570405246,0.4526979448848178,0.0262114795911046,0.051313821826946,0.0758170374216754,0.1231392095145791,0.2357912793479833,0.4509375669223203,transformer_mul97_f0.5_wd1.0_softmax_ce_s2,mul,2600
24,0.0704170921863371,0.1183722389567567,0.1231436878225036,0.0240014357658938,0.0477563563234502,0.0714188268115888,0.1183722389567567,0.2338528855967671,0.4527028283373516,0.0262058330344992,0.0513092727604188,0.0758181489015386,0.1231436878225036,0.2358001131303796,0.4509436073513372,transformer_mul97_f0.5_wd1.0_softmax_ce_s2,mul,2600
26,0.0705577239437163,0.1183731959228494,0.1231514663080269,0.0239992170951629,0.047751045448805,0.0714220875647382,0.1183731959228494,0.233850720586621,0.4527104918571316,0.0261940951198661,0.051298703073863,0.0758188576836267,0.1231514663080269,0.235817360605077,0.4509611127093286,transformer_mul97_f0.5_wd1.0_softmax_ce_s2,mul,2600
28,0.0707394763601282,0.1183712269640224,0.1231605558895954,0.0239957881665148,0.0477447991308991,0.0714226714550933,0.1183712269640224,0.23384100806449,0.4527134950328382,0.026184411068981,0.0512882945582916,0.0758197146267782,0.1231605558895954,0.2358352654816619,0.4509882596612635,transformer_mul97_f0.5_wd1.0_softmax_ce_s2,mul,2600
31,0.0710359313052677,0.1183590279214397,0.1231788841078213,0.0239820970714539,0.0477317804790915,0.0714158176543869,0.1183590279214397,0.2338122997702973,0.4527064377028447,0.0261792824153164,0.0512785406413079,0.0758251243507737,0.1231788841078213,0.2358549255291541,0.4510396606419337,transformer_mul97_f0.5_wd1.0_softmax_ce_s2,mul,2600
33,0.0712480621299591,0.1183461085934633,0.1231897269906388,0.023969979447081,0.0477197935110433,0.0714067826100095,0.1183461085934633,0.2337868707241987,0.4526915923377635,0.0261812484626842,0.0512753234834175,0.075829913393132,0.1231897269906388,0.2358574013648906,0.451076774135363,transformer_mul97_f0.5_wd1.0_softmax_ce_s2,mul,2600
35,0.0715037618505459,0.1183315494660964,0.1231996340117115,0.0239604780846166,0.0477079354567165,0.0713972052189225,0.1183315494660964,0.2337610219029148,0.4526715231841235,0.0261859945782575,0.0512735409351802,0.0758357270068695,0.1231996340117115,0.2358573030710224,0.4511225125273828,transformer_mul97_f0.5_wd1.0_softmax_ce_s2,mul,2600
38,0.071952875882321,0.1183085245705512,0.123213291978093,0.0239530040332073,0.0476935790910644,0.0713860481014004,0.1183085245705512,0.233727428104672,0.4526472815692013,0.0261940990338323,0.0512696841761306,0.075844711924743,0.123213291978093,0.2358614004053092,0.4512078663201825,transformer_mul97_f0.5_wd1.0_softmax_ce_s2,mul,2600
41,0.0724856363262216,0.1182923315928484,0.1232260834932267,0.023952878949513,0.0476895436999807,0.0713879496451298,0.1182923315928484,0.2337115766550923,0.4526427449248699,0.0262030433979433,0.051262939393766,0.075853656475441,0.1232260834932267,0.2358723098757635,0.4513111264385132,transformer_mul97_f0.5_wd1.0_softmax_ce_s2,mul,2600
44,0.0730267845331563,0.1182918952566179,0.1232407665205488,0.0239605083223915,0.0477009776663925,0.0714076453653779,0.1182918952566179,0.2337152747120714,0.4526491826958726,0.0262151971416742,0.0512561898282224,0.0758645868225541,0.1232407665205488,0.2358878229766857,0.4514309526169805,transformer_mul97_f0.5_wd1.0_softmax_ce_s2,mul,2600
48,0.0735794018062409,0.1183028396602471,0.1232645566710616,0.0239769510807293,0.0477294580854234,0.0714450679135572,0.1183028396602471,0.2337434654073954,0.4526662337208,0.0262352213083842,0.0512460835608487,0.0758815162435992,0.1232645566710616,0.235985875411787,0.4516154881663533,transformer_mul97_f0.5_wd1.0_softmax_ce_s2,mul,2600
51,0.0739388656642133,0.1183115979216226,0.1232898560078728,0.0239882221622328,0.0477515599086155,0.0714690245118561,0.1183115979216226,0.2337732826116081,0.4526947187088281,0.0262561176696912,0.0512433988176511,0.0759041186854534,0.1232898560078728,0.2361109440746601,0.4517698736824638,transformer_mul97_f0.5_wd1.0_softmax_ce_s2,mul,2600
55,0.0743110458160035,0.1183177875057805,0.1233446761204172,0.0240014120607083,0.0477775295649809,0.0714878420246322,0.1183177875057805,0.2338121478926201,0.4527416317761461,0.0262955994315128,0.0512519648380475,0.0759530446142591,0.1233446761204172,0.2363065266673241,0.4520004102978513,transformer_mul97_f0.5_wd1.0_softmax_ce_s2,mul,2600
60,0.0746170855578733,0.1183091707090012,0.1234272626598351,0.0240168557425563,0.0478037653131399,0.0714920781012395,0.1183091707090012,0.233846974393522,0.4527982471316071,0.0263570062849862,0.0512724419839848,0.0760268336491798,0.1234272626598351,0.2366576377744081,0.452334257843225,transformer_mul97_f0.5_wd1.0_softmax_ce_s2,mul,2600
64,0.0744187992552097,0.1182819775215485,0.1234934307130149,0.0240268123984345,0.0478050569269818,0.0714704064187919,0.1182819775215485,0.2338480074448323,0.4528264448016011,0.0264065531831827,0.0512889423320413,0.0760891694450387,0.1234934307130149,0.2369560559938529,0.4526327014544965,transformer_mul97_f0.5_wd1.0_softmax_ce_s2,mul,2600
69,0.074097694081434,0.1182474826854792,0.1235961391442763,0.0240370499277724,0.0477985718536264,0.0714401513193619,0.1182474826854792,0.2338429357409307,0.4528354559897387,0.026473678259753,0.0513390998120576,0.0761893087478714,0.1235961391442763,0.2373466027079664,0.4530789874788951,transformer_mul97_f0.5_wd1.0_softmax_ce_s2,mul,2600
75,0.0736929715147974,0.1182258290447626,0.1237103709577302,0.0240506544392287,0.0477924737741356,0.0714114865706462,0.1182258290447626,0.2338437452518202,0.4528109010145125,0.026554847023618,0.0514870391146444,0.0763048525115488,0.1237103709577302,0.2378132317519737,0.4535824353230073,transformer_mul97_f0.5_wd1.0_softmax_ce_s2,mul,2600
80,0.0734911887289161,0.1182228369826235,0.1237779993425533,0.0240622537483742,0.0477872746297788,0.071393725172222,0.1182228369826235,0.2338452507603571,0.4527758725007708,0.0266169600913389,0.0515916616694751,0.0763842484889197,0.1237779993425533,0.23816127638491,0.4539694157284399,transformer_mul97_f0.5_wd1.0_softmax_ce_s2,mul,2600
87,0.0733259653641777,0.1182242984489782,0.1239261898496577,0.0240701467756619,0.0477726577541838,0.0713718927112886,0.1182242984489782,0.2338519206309628,0.4527251092714674,0.0266923726253374,0.0517216468255045,0.076485394941011,0.1239261898496577,0.2385948620765516,0.4544607355926583,transformer_mul97_f0.5_wd1.0_softmax_ce_s2,mul,2600
93,0.0733361485833518,0.1182354931729355,0.1241649003875931,0.0240790537531309,0.0477636116554359,0.0713594456174755,0.1182354931729355,0.2338610105916596,0.45268010671185,0.0267499803469031,0.0518247599902003,0.0765696797895594,0.1241649003875931,0.2389072372695031,0.454812101416921,transformer_mul97_f0.5_wd1.0_softmax_ce_s2,mul,2600
100,0.073494047687136,0.118242365840203,0.1244127392543309,0.0240911749856141,0.0477610272160997,0.0713506026404049,0.118242365840203,0.233868668981051,0.4526392692055683,0.0268131339677064,0.0519246524224385,0.0766522650061899,0.1244127392543309,0.2392199382112361,0.4551560234467531,transformer_mul97_f0.5_wd1.0_softmax_ce_s2,mul,2600
108,0.0736132852542501,0.1182520085274336,0.124674514532579,0.0241036355232801,0.0477694125593193,0.0713493060000773,0.1182520085274336,0.2338759301023742,0.4526043368237245,0.026882669784678,0.0520221977725766,0.0767309546875526,0.124674514532579,0.2395557735189636,0.4555242822160929,transformer_mul97_f0.5_wd1.0_softmax_ce_s2,mul,2600
116,0.0737783750971129,0.1182628249296624,0.1249080735094745,0.024118731354909,0.0477875087124273,0.0713609557702382,0.1182628249296624,0.233892168444593,0.4525718886173864,0.0269427358957277,0.0521084835251057,0.0767988135074929,0.1249080735094745,0.2398680600014254,0.4558341688385748,transformer_mul97_f0.5_wd1.0_softmax_ce_s2,mul,2600
125,0.0737131452997829,0.1182613138351761,0.1251094535441043,0.0241354284147323,0.0478116430588813,0.0713816713919237,0.1182613138351761,0.2338992200438412,0.4525321423992002,0.0269933844436915,0.0521821252928927,0.0768620044588627,0.1251094535441043,0.2401538571369441,0.4561043259887509,transformer_mul97_f0.5_wd1.0_softmax_ce_s2,mul,2600
135,0.0736280261857033,0.1182579986829362,0.1252768455251626,0.0241473132714633,0.0478292622957329,0.071398099949955,0.1182579986829362,0.2339085734075188,0.4525277590169339,0.0270354995127921,0.0522544936040725,0.0769263935758603,0.1252768455251626,0.2404104558374208,0.4563190942018495,transformer_mul97_f0.5_wd1.0_softmax_ce_s2,mul,2600
146,0.0733854871175864,0.1182535136346928,0.125370994881057,0.0241535790165398,0.0478485441348475,0.0714114643943477,0.1182535136346928,0.2339186162082534,0.4525404654589223,0.0270671300149101,0.0523043933334692,0.076974875726786,0.125370994881057,0.2405575366428014,0.456446461393774,transformer_mul97_f0.5_wd1.0_softmax_ce_s2,mul,2600
157,0.0731922591612145,0.1182519548498415,0.1254395869674687,0.0241513527996196,0.0478596654963247,0.0714226778248963,0.1182519548498415,0.2339347369999405,0.4525518577531994,0.0270931285380925,0.0523417083561896,0.0770133196550816,0.1254395869674687,0.2406704210646634,0.456544646285816,transformer_mul97_f0.5_wd1.0_softmax_ce_s2,mul,2600
169,0.0729456313901099,0.118249386043777,0.1254752699104824,0.024148728991348,0.0478529475780845,0.0714158980651639,0.118249386043777,0.2339453040490919,0.4525668649398283,0.0271150515587227,0.0523653199297271,0.0770384447803267,0.1254752699104824,0.240745105971584,0.4566164777599626,transformer_mul97_f0.5_wd1.0_softmax_ce_s2,mul,2600
182,0.0726014886067572,0.1182542622283736,0.1254980396353656,0.0241532378434584,0.0478491193049656,0.0714052414330958,0.1182542622283736,0.2339562969210359,0.4525723748082361,0.0271381038902674,0.0523871625580668,0.0770597793169085,0.1254980396353656,0.2408071601429322,0.4566674711885859,transformer_mul97_f0.5_wd1.0_softmax_ce_s2,mul,2600
196,0.0722359024670387,0.1182663977302226,0.1255199606472364,0.0241590516003827,0.0478570292968078,0.0714015297584722,0.1182663977302226,0.2339644096190704,0.4525636020874515,0.0271559187210494,0.0524024011095032,0.0770727087565889,0.1255199606472364,0.2408550182210697,0.4567066386949853,transformer_mul97_f0.5_wd1.0_softmax_ce_s2,mul,2600
211,0.0720919192170322,0.1182751105949864,0.1255386260853637,0.02416681565458,0.0478732260525088,0.0714059694646251,0.1182751105949864,0.2339831653665723,0.4525449387678404,0.0271708944358767,0.0524154159374309,0.0770868968118351,0.1255386260853637,0.2409058622017585,0.4567653009942026,transformer_mul97_f0.5_wd1.0_softmax_ce_s2,mul,2600
227,0.0719578131820532,0.118274649230474,0.1255569443825,0.0241710800706418,0.0478756226340619,0.071402094889921,0.118274649230474,0.2339929801663453,0.4525318670468085,0.0271894126253231,0.0524281371771153,0.0771037409123845,0.1255569443825,0.2409674735721445,0.4568154414838052,transformer_mul97_f0.5_wd1.0_softmax_ce_s2,mul,2600
245,0.0717397919669236,0.1182709088357733,0.1255650930773173,0.0241733290508467,0.0478788861373535,0.0714024181771187,0.1182709088357733,0.2340132032500897,0.4525430038740182,0.0271975708742798,0.052437256145523,0.077109169385633,0.1255650930773173,0.2410253869562389,0.4568575149488362,transformer_mul97_f0.5_wd1.0_softmax_ce_s2,mul,2600
264,0.0713159314299679,0.1182615208129264,0.1256054264012135,0.0241716516358121,0.04788493974182,0.0714070659923682,0.1182615208129264,0.2340151482152207,0.45253369597088,0.0272114288886031,0.0524607876225136,0.0771323334337957,0.1256054264012135,0.2411019402509671,0.4568969036180303,transformer_mul97_f0.5_wd1.0_softmax_ce_s2,mul,2600
284,0.0707284297833485,0.118243453903758,0.1256352548137627,0.0241671354331228,0.0478709728140082,0.071389613090488,0.118243453903758,0.2340199707757044,0.4525492168426588,0.0272222121627397,0.0524704941114819,0.0771378733310067,0.1256352548137627,0.2411637242985002,0.4569117138913995,transformer_mul97_f0.5_wd1.0_softmax_ce_s2,mul,2600
306,0.07031582609889,0.1182298336031271,0.125653854537365,0.0241634902508077,0.0478619819291793,0.0713893487873766,0.1182298336031271,0.2340405722891282,0.4525579053727098,0.0272410309927476,0.0524912244863158,0.0771583829285781,0.125653854537365,0.2412273334471193,0.4569658856654523,transformer_mul97_f0.5_wd1.0_softmax_ce_s2,mul,2600
330,0.0696567977820092,0.1182014397463909,0.125687321684811,0.0241627619865377,0.0478433416945724,0.0713794977573056,0.1182014397463909,0.2340373861605242,0.452549580296876,0.0272564693596949,0.0525210446911031,0.0772022847788461,0.125687321684811,0.2413180564698009,0.4570070389521368,transformer_mul97_f0.5_wd1.0_softmax_ce_s2,mul,2600
355,0.069133477611663,0.1181691483051172,0.1256913542954946,0.0241551030324104,0.0478264685967948,0.0713736314465107,0.1181691483051172,0.234024977996473,0.4525516297831955,0.0272767022044692,0.0525480433402172,0.0772270398769471,0.1256913542954946,0.24140745944718,0.4570564554583399,transformer_mul97_f0.5_wd1.0_softmax_ce_s2,mul,2600
383,0.0690578041618187,0.1181198782205087,0.1257243965927832,0.0241432713449337,0.0478077796839598,0.0713503893928738,0.1181198782205087,0.2339809800384968,0.4525093329236829,0.0272955634920549,0.0525525521292567,0.0772677099445542,0.1257243965927832,0.2415222134424293,0.457121818468291,transformer_mul97_f0.5_wd1.0_softmax_ce_s2,mul,2600
412,0.0683021808055469,0.1181159166921965,0.1258295391079238,0.0241386320346766,0.047799930036019,0.0713406392684047,0.1181159166921965,0.2339862954868964,0.4524682065150406,0.0273394983568535,0.052615850018768,0.0773922976293453,0.1258295391079238,0.2417308969672987,0.4572836266715169,transformer_mul97_f0.5_wd1.0_softmax_ce_s2,mul,2600
444,0.0684216348431946,0.1181267203426629,0.1259167264258414,0.0241072453550199,0.0477705854964403,0.07132531094534,0.1181267203426629,0.2339407448130419,0.4524350069890161,0.0273559347700785,0.052667388841173,0.0774717769378707,0.1259167264258414,0.2418776953381557,0.4573759996460791,transformer_mul97_f0.5_wd1.0_softmax_ce_s2,mul,2600
478,0.0673767836611603,0.1181356123045268,0.1262090892124154,0.0240953370837085,0.0477655401970643,0.0713202496706291,0.1181356123045268,0.2339200112097755,0.4523890337017799,0.0274223326410622,0.052768407224465,0.0777196552021161,0.1262090892124154,0.2422331031089506,0.4576991113930819,transformer_mul97_f0.5_wd1.0_softmax_ce_s2,mul,2600
515,0.0674036864823632,0.1180803780543992,0.126266802877623,0.0240721565698533,0.0477234974169549,0.0712734374792514,0.1180803780543992,0.2338007384683896,0.4522870571906393,0.0274379914734526,0.0528019119042685,0.0777748637421129,0.126266802877623,0.2423195969422829,0.4577552645876677,transformer_mul97_f0.5_wd1.0_softmax_ce_s2,mul,2600
555,0.0674311191474286,0.1180551065272711,0.1263128012009169,0.0240508878699524,0.0476990527334175,0.0712412509936367,0.1180551065272711,0.2337342885519324,0.4522312018934907,0.0274388852157441,0.0528070769284383,0.0778050172096872,0.1263128012009169,0.2423765758363296,0.4577875159848575,transformer_mul97_f0.5_wd1.0_softmax_ce_s2,mul,2600
598,0.0673458472110161,0.1180203245105478,0.1263765323153337,0.0240204942366017,0.0476589419576763,0.0711956693853027,0.1180203245105478,0.2336482111965006,0.4521518802877505,0.0274473699515677,0.0528150752275648,0.0778463091840058,0.1263765323153337,0.2424578672053545,0.4578225545676968,transformer_mul97_f0.5_wd1.0_softmax_ce_s2,mul,2600
644,0.0667542098857298,0.118021805811814,0.127536613942669,0.0240046262075034,0.04765704385287,0.0711754369115804,0.118021805811814,0.2334897332693388,0.4519282261991393,0.0276699504457727,0.0532323634023685,0.0787797759416571,0.127536613942669,0.2435999716732414,0.458839004152289,transformer_mul97_f0.5_wd1.0_softmax_ce_s2,mul,2600
694,0.0662493475053611,0.1180313197547096,0.1275826704072857,0.02401785931324,0.0476658703684145,0.0711944153249882,0.1180313197547096,0.2334555240148075,0.4518479924275567,0.0277056431986282,0.0532743110707961,0.078809647538186,0.1275826704072857,0.2436184798604073,0.4588965337401681,transformer_mul97_f0.5_wd1.0_softmax_ce_s2,mul,2600
747,0.0659709483835523,0.1180211389751074,0.1275052883410321,0.0240166996854704,0.0476659364848242,0.0711917142133635,0.1180211389751074,0.2334267922185428,0.4518370555840444,0.0276891847647558,0.0532516066875006,0.0787521124671748,0.1275052883410321,0.243528989434228,0.4588575135352291,transformer_mul97_f0.5_wd1.0_softmax_ce_s2,mul,2600
805,0.0658095827533882,0.118010195308565,0.127455489151153,0.0240194226598781,0.0476641685977423,0.0711810494382633,0.118010195308565,0.2333839758168139,0.4518319238679184,0.027672836762865,0.0532311038247417,0.0787120919568981,0.127455489151153,0.2434675950932292,0.4588523813603731,transformer_mul97_f0.5_wd1.0_softmax_ce_s2,mul,2600
867,0.0657470009166086,0.1180050935158099,0.1274887672303587,0.0240246458819724,0.0476604606683808,0.0711721208507744,0.1180050935158099,0.233322191448403,0.4518119201559472,0.0276746471743495,0.053234004772585,0.0787304829674322,0.1274887672303587,0.2435096834249715,0.4589222527006307,transformer_mul97_f0.5_wd1.0_softmax_ce_s2,mul,2600
934,0.0642528044463192,0.1179307656703203,0.129117410206743,0.0239627356005597,0.0476096084134872,0.071129640414229,0.1179307656703203,0.2330436290438286,0.451484574624341,0.0280367467102013,0.0542641143305897,0.0800647019661289,0.129117410206743,0.2449931847440873,0.4603663753212478,transformer_mul97_f0.5_wd1.0_softmax_ce_s2,mul,2600
1006,0.0642442953218006,0.117865905311078,0.1289437329806586,0.0239519512448283,0.0475758090756874,0.0710748272265173,0.117865905311078,0.2329863528408905,0.4514608592181241,0.0280024387277644,0.05413149390462,0.0799146190308026,0.1289437329806586,0.2448356568754016,0.4602500226293472,transformer_mul97_f0.5_wd1.0_softmax_ce_s2,mul,2600
1083,0.0660623428614013,0.1177421490357344,0.1302016225687836,0.023918527914041,0.0475012558324001,0.0709924153329384,0.1177421490357344,0.232812371137715,0.4513006740942089,0.0282236568857884,0.0550377940326542,0.0809678294773807,0.1302016225687836,0.245937029092581,0.4611619081339618,transformer_mul97_f0.5_wd1.0_softmax_ce_s2,mul,2600
1167,0.0553323113026531,0.1175440738758315,0.1348243284910382,0.0239934541085119,0.0475323446287512,0.0709023676042555,0.1175440738758315,0.2323685885610145,0.4505073354309532,0.0293793567857349,0.0577218839501063,0.0845285720431225,0.1348243284910382,0.2502228935666808,0.4651141322052819,transformer_mul97_f0.5_wd1.0_softmax_ce_s2,mul,2600
1257,0.0544556158427076,0.1175350899481297,0.1340630530320226,0.0240132587333794,0.0475397739872432,0.0708857924289265,0.1175350899481297,0.232342253532757,0.4504651754423716,0.0292913959191834,0.0571250777781791,0.0838901027559214,0.1340630530320226,0.249673794002548,0.4649632811209082,transformer_mul97_f0.5_wd1.0_softmax_ce_s2,mul,2600
1354,0.0470074039195613,0.1170419918270867,0.1410295090573038,0.0239719843131394,0.0474666973929106,0.070714295428284,0.1170419918270867,0.2315641112592858,0.4492775566179114,0.0308478207571087,0.0611622473907497,0.0892907296303727,0.1410295090573038,0.2571260103393771,0.4713164713834135,transformer_mul97_f0.5_wd1.0_softmax_ce_s2,mul,2600
1459,0.0483568106473792,0.1170146206123259,0.1446846455764854,0.0239593195125071,0.0474540073337553,0.0706603268519216,0.1170146206123259,0.2314100464195327,0.4490607455824978,0.0317264423661665,0.063297212820161,0.0922966765197101,0.1446846455764854,0.2608047413931129,0.4743919986124456,transformer_mul97_f0.5_wd1.0_softmax_ce_s2,mul,2600
1571,0.0447325519006944,0.1168610444431276,0.1456060619141686,0.0239705929869299,0.0474748199449329,0.0707152085676661,0.1168610444431276,0.2309879432683454,0.4486056126989861,0.0320116366300153,0.0637571766150405,0.0928306229997786,0.1456060619141686,0.2619491619276061,0.4756929373421704,transformer_mul97_f0.5_wd1.0_softmax_ce_s2,mul,2600
1692,0.042887259155111,0.1163317889126576,0.1583306272895778,0.0239114343645721,0.0473531374061602,0.0704556313735863,0.1163317889126576,0.2299368534575105,0.4474458996700926,0.0359226697359123,0.0703655009136696,0.1026560760774592,0.1583306272895778,0.2743720825131042,0.4859215203559007,transformer_mul97_f0.5_wd1.0_softmax_ce_s2,mul,2600
1823,0.0431621131298377,0.1165070597595921,0.1582355314974963,0.0239452284128245,0.0474592667484507,0.0705502924250986,0.1165070597595921,0.2298858965825193,0.4472338746215418,0.0360650936821085,0.0703990021122036,0.102405699444706,0.1582355314974963,0.2748418719728587,0.4868164438952727,transformer_mul97_f0.5_wd1.0_softmax_ce_s2,mul,2600
1964,0.0452195963814568,0.116436857016468,0.1609029966936881,0.0239042970933781,0.047510644905172,0.0705447206440822,0.116436857016468,0.2295880270933082,0.4470054386095152,0.0362893641724155,0.0712580343379625,0.1036364286733582,0.1609029966936881,0.2787586892569921,0.4905677278429572,transformer_mul97_f0.5_wd1.0_softmax_ce_s2,mul,2600
2115,0.0472252613822709,0.1159363246575632,0.1798784117318482,0.023922608771189,0.047538893560184,0.0705748782631422,0.1159363246575632,0.2281336761497329,0.4456962802587481,0.0414933918096703,0.0805642046875519,0.1169775505245588,0.1798784117318482,0.3012992085565393,0.509349474578481,transformer_mul97_f0.5_wd1.0_softmax_ce_s2,mul,2600
2278,0.0491022076062693,0.1159522360255482,0.1883894173871135,0.0239485723138717,0.0476298318630065,0.0707645861188975,0.1159522360255482,0.2279421722171602,0.4452064245171857,0.0437451493842953,0.0846253686565382,0.1231391385733298,0.1883894173871135,0.3136888459912797,0.5201804560556852,transformer_mul97_f0.5_wd1.0_softmax_ce_s2,mul,2600
2454,0.0443322009080808,0.116279786061134,0.1882075556449226,0.0238447174050733,0.047589432870492,0.0708686713148598,0.116279786061134,0.2280190641628259,0.4455981192790957,0.0438313685588159,0.0846008195680129,0.1227561029463827,0.1882075556449226,0.3180034544456048,0.524703051049645,transformer_mul97_f0.5_wd1.0_softmax_ce_s2,mul,2600
2644,0.0599426221105987,0.1163476850116339,0.2404040922773539,0.0244015863389133,0.0479993362400283,0.0711384704999247,0.1163476850116339,0.2263411829841972,0.4420948611147669,0.0626699001589053,0.112961582754345,0.1586754423682214,0.2404040922773539,0.3897950437956452,0.5822165679881884,transformer_mul97_f0.5_wd1.0_softmax_ce_s2,mul,2600
2848,0.0471113737767228,0.1166086243963886,0.2467849091452879,0.0242574497837843,0.0478298035240636,0.0711430605788743,0.1166086243963886,0.2265562078403261,0.441833343011232,0.0648278846756153,0.116205687095932,0.1618788099071133,0.2467849091452879,0.4088692781951865,0.6027543889112553,transformer_mul97_f0.5_wd1.0_softmax_ce_s2,mul,2600
3067,0.0520845132963901,0.1156194272715623,0.3008776525426829,0.0239500253315775,0.0473448848525693,0.0705394277721487,0.1156194272715623,0.2253707360197146,0.4386772954504992,0.0795117993460384,0.1440863592059202,0.1973031112165294,0.3008776525426829,0.4962640901235043,0.6694631666287635,transformer_mul97_f0.5_wd1.0_softmax_ce_s2,mul,2600
3304,0.0554814600437458,0.1147200386149,0.3435783325866934,0.0236631536932994,0.047055730900044,0.0698253479308866,0.1147200386149,0.2240801673470016,0.437134801083623,0.0929912037567861,0.1655737606475275,0.2282453886969193,0.3435783325866934,0.5614520795568356,0.7210712718926694,transformer_mul97_f0.5_wd1.0_softmax_ce_s2,mul,2600
3559,0.066492095819998,0.1137949047982524,0.3550278126938319,0.0235995852277289,0.046280034139182,0.0689406761694278,0.1137949047982524,0.224337410938839,0.4375899729068778,0.0987218216835067,0.1742726259188561,0.2391789075647637,0.3550278126938319,0.5912470383555032,0.757889199974788,transformer_mul97_f0.5_wd1.0_softmax_ce_s2,mul,2600
3834,0.0590349741448085,0.1122514643404999,0.3880318160718436,0.0232752167957809,0.0455848657220406,0.067872897630032,0.1122514643404999,0.2216294534656298,0.435062397620952,0.1131578072951709,0.1942505686868341,0.2637234617472119,0.3880318160718436,0.6495316814610284,0.8302183793002536,transformer_mul97_f0.5_wd1.0_softmax_ce_s2,mul,2600
4130,0.0643109707178546,0.1132545964696853,0.4869756719304117,0.0229768289121611,0.0459288073823015,0.0685967155712223,0.1132545964696853,0.2237438740338697,0.440210696194153,0.1550782867320586,0.2464256496771902,0.332745403679844,0.4869756719304117,0.7713023239577059,0.9278561481871668,transformer_mul97_f0.5_wd1.0_softmax_ce_s2,mul,2600
4448,0.0383071402392938,0.1114663459684163,0.4751419748574742,0.0228468415231293,0.0451475051921292,0.067262646211821,0.1114663459684163,0.2202220630466308,0.4330955495098008,0.1456683106853449,0.2377818952378552,0.3227968622954749,0.4751419748574742,0.764893779506084,0.961992517360488,transformer_mul97_f0.5_wd1.0_softmax_ce_s2,mul,2600
4791,0.0414405944222042,0.1181447107800813,0.517994302549207,0.0253021483375806,0.048857872785531,0.0721161716275149,0.1181447107800813,0.2295121285232046,0.4428006680907087,0.1498774321945723,0.250111459411764,0.3459845203590266,0.517994302549207,0.8328999666856707,0.9595236626708218,transformer_mul97_f0.5_wd1.0_softmax_ce_s2,mul,2600
5161,0.0308947147937424,0.1139971833966335,0.4545840979831146,0.0231109926425191,0.0461205232369994,0.0688761758299405,0.1139971833966335,0.2232332904965405,0.4354341280130785,0.1254756863607694,0.2200905432827874,0.3017862655044013,0.4545840979831146,0.7714616605779484,0.985358234254118,transformer_mul97_f0.5_wd1.0_softmax_ce_s2,mul,2600
5560,0.0244265806443383,0.1143065200193848,0.4157042463024199,0.0232064290090886,0.0461353614783368,0.0689763789343371,0.1143065200193848,0.2244750078460385,0.4375408989647341,0.0943243318949406,0.1829081136902327,0.2632570659381095,0.4157042463024199,0.7452142867069108,0.9898934998394684,transformer_mul97_f0.5_wd1.0_softmax_ce_s2,mul,2600
5989,0.0419203738256243,0.1245743937784016,0.4323003537140372,0.0266512926979649,0.0532922585040007,0.0779413860822996,0.1245743937784016,0.2382054414672587,0.4558788689031558,0.1099476420074599,0.2039296708027331,0.2812764342511936,0.4323003537140372,0.7686356669386628,0.944264909356868,transformer_mul97_f0.5_wd1.0_softmax_ce_s2,mul,2600
6451,0.0165987914473826,0.1150151997642499,0.4152262435325832,0.0235373124377796,0.046846312157773,0.0698892311723545,0.1150151997642499,0.2270246316639885,0.4472214731385128,0.1116960849251296,0.1947064481717159,0.2707731538449222,0.4152262435325832,0.724961394998557,0.9869375622811544,transformer_mul97_f0.5_wd1.0_softmax_ce_s2,mul,2600
6949,0.0295043807619186,0.1182480766223443,0.4407814988250717,0.0245733455888106,0.0486485844824921,0.0725377485078036,0.1182480766223443,0.2302253047247738,0.4471727381082207,0.102685175271636,0.1985674540444757,0.2813887390829533,0.4407814988250717,0.7640509478842051,0.9346288789117296,transformer_mul97_f0.5_wd1.0_softmax_ce_s2,mul,2600
7485,0.0121019218184922,0.1167346729201155,0.3914992128409642,0.0243455452521638,0.0479500870610541,0.0709682492593491,0.1167346729201155,0.2291779546494585,0.4454950522255816,0.0869234555202387,0.1679880012445319,0.2443410068523093,0.3914992128409642,0.7101323079440427,0.9877909834060444,transformer_mul97_f0.5_wd1.0_softmax_ce_s2,mul,2600
8062,0.0298591123452523,0.1205613847198182,0.4219961292643272,0.0252179367575055,0.0500060788043998,0.0744752346751966,0.1205613847198182,0.2328875739874446,0.44968887221187,0.0994517067588823,0.1838259493553262,0.2652333334097859,0.4219961292643272,0.7427328378615662,0.9591819682175954,transformer_mul97_f0.5_wd1.0_softmax_ce_s2,mul,2600
8685,0.0245545926646539,0.1124334700330247,0.361328481274673,0.0227070156560303,0.0453666353611255,0.0680100900756102,0.1124334700330247,0.2220307686919481,0.4346859192438912,0.0734939556619524,0.1468525886153461,0.2190610781625119,0.361328481274673,0.6827259098242726,0.98892795976885,transformer_mul97_f0.5_wd1.0_softmax_ce_s2,mul,2600
9355,0.0250437945766226,0.1144516346249866,0.4062559491377342,0.0232940713858679,0.0465783171863254,0.0692784673973005,0.1144516346249866,0.2255192323882767,0.440903170062247,0.0885982013285656,0.1708689001288384,0.2508795089753646,0.4062559491377342,0.7213725644782323,0.980416185603508,transformer_mul97_f0.5_wd1.0_softmax_ce_s2,mul,2600
10077,0.0482141467220932,0.1218431439304168,0.4754540140896862,0.0251469454266761,0.0498468628760826,0.074191755184612,0.1218431439304168,0.233518523677716,0.4468476878116163,0.1088955178357889,0.2125388148424873,0.3086668196737463,0.4754540140896862,0.7776114353238736,0.9536685507801258,transformer_mul97_f0.5_wd1.0_softmax_ce_s2,mul,2600
10854,0.0363303745664678,0.1280846749275088,0.4639837508271582,0.0269916610344547,0.0534106115494376,0.0787919632224719,0.1280846749275088,0.243489368819747,0.458717889926983,0.1137016781089813,0.2129723932143595,0.3034823290675688,0.4639837508271582,0.7800947744298858,0.944734382945277,transformer_mul97_f0.5_wd1.0_softmax_ce_s2,mul,2600
11692,0.0203900547840506,0.1138132990149906,0.3882323901912333,0.0230926910222222,0.0461541577995804,0.0688001748572464,0.1138132990149906,0.2248063611217799,0.4391565203739448,0.0894562643716706,0.1713751910006921,0.2444844371098972,0.3882323901912333,0.7013067129300241,0.9922851816810906,transformer_mul97_f0.5_wd1.0_softmax_ce_s2,mul,2600
12594,0.0163077088556595,0.1141952318498858,0.3940610734222076,0.0239333646864532,0.0467895513866655,0.0695564376022046,0.1141952318498858,0.2236533937652098,0.4384160440642743,0.0924238505935736,0.1711668597083949,0.2473001875518622,0.3940610734222076,0.7116283344158165,0.9933220582555718,transformer_mul97_f0.5_wd1.0_softmax_ce_s2,mul,2600
13566,0.0241333695703186,0.115323098328036,0.3928582854267072,0.0248128690024587,0.0477905239686045,0.0703956327942407,0.115323098328036,0.2250645636929149,0.4398169974206832,0.0922155452610583,0.1709111741902972,0.2483525933701892,0.3928582854267072,0.7034900070604673,0.9916574002716824,transformer_mul97_f0.5_wd1.0_softmax_ce_s2,mul,2600
14613,0.0227527335747353,0.1171435101492502,0.4235624424003079,0.0244472545986488,0.0477300085569222,0.071006224717514,0.1171435101492502,0.22935877524307,0.4466005608070565,0.1041218245983335,0.1938244356046529,0.2799494474074451,0.4235624424003079,0.7025366791268626,0.9807515284339396,transformer_mul97_f0.5_wd1.0_softmax_ce_s2,mul,2600
15741,0.0155076468904549,0.1178915216124992,0.3802666046655636,0.0242209909438938,0.0481896941835632,0.0719052447379693,0.1178915216124992,0.228103411406349,0.4416612104125767,0.0877713858636592,0.1673440126307591,0.2413946399437214,0.3802666046655636,0.6694692500957516,0.9925759800914378,transformer_mul97_f0.5_wd1.0_softmax_ce_s2,mul,2600
16955,0.0176497872724412,0.1141782112188527,0.3696232165093134,0.0239657922263018,0.0466930404953493,0.0691962086865156,0.1141782112188527,0.2249000652935339,0.4396807261116424,0.0953654700744374,0.1686992715286256,0.2397201928585558,0.3696232165093134,0.657167065667638,0.9910813434527016,transformer_mul97_f0.5_wd1.0_softmax_ce_s2,mul,2600
18264,0.0176271753212296,0.1150876029359448,0.3537220924311672,0.0234466792088801,0.0468871218383804,0.0700202915503152,0.1150876029359448,0.225007765566526,0.4401217526550965,0.0838614109965945,0.1582445303245978,0.2245792839380993,0.3537220924311672,0.6325376502535334,0.9911280998838972,transformer_mul97_f0.5_wd1.0_softmax_ce_s2,mul,2600
19673,0.0277775258422833,0.1172015231277746,0.3351136598702007,0.024291448020307,0.0476889016053114,0.0710751190194001,0.1172015231277746,0.229385117947355,0.4455243665395355,0.0808371936498811,0.1505795350204058,0.2143059369527291,0.3351136598702007,0.6175498382979555,0.9936099355524284,transformer_mul97_f0.5_wd1.0_softmax_ce_s2,mul,2600
21192,0.0302449590835925,0.124900731213538,0.3567137990228533,0.0257484147527275,0.0514888964860936,0.0767426651290422,0.124900731213538,0.2356089165858444,0.4485255976498365,0.0749216752625438,0.1494869302725472,0.2196485645375301,0.3567137990228533,0.6357948922418555,0.9183157009235272,transformer_mul97_f0.5_wd1.0_softmax_ce_s2,mul,2600
22827,0.0158228995815455,0.1174218268182709,0.349743837481911,0.0238533625091025,0.0476869315942451,0.0715144458922275,0.1174218268182709,0.2289079315037505,0.4465159637670122,0.0731255325208179,0.1462294515211764,0.2173423638989457,0.349743837481911,0.6410625787316636,0.9795709206024604,transformer_mul97_f0.5_wd1.0_softmax_ce_s2,mul,2600
24589,0.0180042625805964,0.1172403706205737,0.3355060117235756,0.0248144458095682,0.0486189119146364,0.0721923976349894,0.1172403706205737,0.2277183742801983,0.4435548345284002,0.0831566236091996,0.1489439347492389,0.2144451867552824,0.3355060117235756,0.6173316727867739,0.9889259071406032,transformer_mul97_f0.5_wd1.0_softmax_ce_s2,mul,2600
26486,0.0369243610390804,0.1277317791833987,0.3410757531463123,0.0304687349393972,0.0551853637189403,0.0798751292803878,0.1277317791833987,0.244714331642171,0.4638693526647826,0.0807441498251223,0.1476988970900663,0.2141325080628062,0.3410757531463123,0.6153076906452565,0.9137538332215016,transformer_mul97_f0.5_wd1.0_softmax_ce_s2,mul,2600
28530,0.0289584162808886,0.115548010995189,0.324718706985388,0.0236421539602832,0.0469798773826671,0.0698874561418674,0.115548010995189,0.2271618236136629,0.4428691680911468,0.0768670996618779,0.1396890810379333,0.20231052811663,0.324718706985388,0.6098181376957681,0.9893155634127982,transformer_mul97_f0.5_wd1.0_softmax_ce_s2,mul,2600
30732,0.0165564109616912,0.1179344192062014,0.3497727502017371,0.0244931891381616,0.0484276740924683,0.0721393026715059,0.1179344192062014,0.230431832245913,0.447862445915228,0.092173480064893,0.1598222349440931,0.2260656836487082,0.3497727502017371,0.6259964583154628,0.9497097399882144,transformer_mul97_f0.5_wd1.0_softmax_ce_s2,mul,2600
33103,0.0208035174413209,0.1143837990128704,0.3184958192237925,0.0236750425248654,0.0470179848873887,0.0696872409745148,0.1143837990128704,0.2239068146252187,0.438608609457725,0.0759762438197662,0.1385886915518566,0.2007108513900413,0.3184958192237925,0.5970565125198983,0.9940461278249104,transformer_mul97_f0.5_wd1.0_softmax_ce_s2,mul,2600
35658,0.0227367886895754,0.1174584337098212,0.3212182529192426,0.0242794305561727,0.0483881643285273,0.0723845645702156,0.1174584337098212,0.2278708710278018,0.442235908983522,0.0732858500165939,0.1383738712374499,0.2010051786044788,0.3212182529192426,0.5993077496986293,0.9908595990135992,transformer_mul97_f0.5_wd1.0_softmax_ce_s2,mul,2600
38410,0.0242379539433734,0.1144042145278784,0.3245869553294998,0.0230329201787114,0.0459894036195834,0.0689253232925112,0.1144042145278784,0.2249137617477557,0.4400832128448325,0.0807774903148524,0.1448128294091656,0.207251109594043,0.3245869553294998,0.5966763401654335,0.9838677085260042,transformer_mul97_f0.5_wd1.0_softmax_ce_s2,mul,2600
41374,0.0341392172141141,0.1214853854484028,0.3314658356923006,0.0261694367534019,0.0509861187387536,0.0748003909961474,0.1214853854484028,0.2334908183578266,0.4463969073820276,0.0713933078056153,0.1388282820756464,0.2053973747931931,0.3314658356923006,0.6151572323528595,0.922548692042214,transformer_mul97_f0.5_wd1.0_softmax_ce_s2,mul,2600
44567,0.0150936458421637,0.117417134572448,0.3409814458798725,0.0238153704226833,0.0473501326479234,0.0708434829395655,0.117417134572448,0.2287025812927579,0.4435500302284122,0.0787124213391196,0.1541136888852856,0.2183411464026263,0.3409814458798725,0.6182435722848427,0.9719388654864048,transformer_mul97_f0.5_wd1.0_softmax_ce_s2,mul,2600
48006,0.0213952163371163,0.1151533810482176,0.3152097178308506,0.023622584167109,0.0467410078694316,0.0697797548484567,0.1151533810482176,0.2255485889086123,0.4405947162389287,0.0765241165166117,0.1406426251669992,0.2006048125532891,0.3152097178308506,0.5869148429292891,0.9790115355437762,transformer_mul97_f0.5_wd1.0_softmax_ce_s2,mul,2600
51711,0.0211308019806395,0.1144069203175497,0.3141618947805555,0.0234508178673383,0.0464722559454337,0.0692579701332004,0.1144069203175497,0.2252501685827881,0.4378384033075714,0.0707842978178927,0.1328543641013601,0.1945067991842059,0.3141618947805555,0.5942977174780937,0.9793059512167274,transformer_mul97_f0.5_wd1.0_softmax_ce_s2,mul,2600
55701,0.0325797303861604,0.114712621398259,0.33336720842044,0.0245113027813608,0.0473919023222833,0.0699934720497223,0.114712621398259,0.2245742191797717,0.43914346246643,0.0783214004615077,0.1453431396187645,0.2106046022482576,0.33336720842044,0.6192007009707712,0.9882036664014588,transformer_mul97_f0.5_wd1.0_softmax_ce_s2,mul,2600
60000,0.0269133715581237,0.1144096512818367,0.3495876751545864,0.0233143576586838,0.0464295073946835,0.0692246564693175,0.1144096512818367,0.225264795947734,0.4393095669892322,0.0736619140413026,0.1461256608776965,0.2173937963877304,0.3495876751545864,0.6519918910067724,0.9868564657132292,transformer_mul97_f0.5_wd1.0_softmax_ce_s2,mul,2600
0,0.0618628717385483,0.1210570282981468,0.1259373338981469,0.0247619899453598,0.049342951858369,0.073763529982932,0.1210570282981468,0.2364257593713156,0.4558688828826004,0.0288007599919684,0.0553265953185025,0.0793706846246013,0.1259373338981469,0.2370882149397696,0.4519274429638223,transformer_mul97_f0.5_wd1.0_softmax_ce_s3,mul,2100
1,0.061920023175864,0.1210532509553621,0.1259413909181451,0.0247598716705729,0.0493401002917169,0.0737604880527085,0.1210532509553621,0.2364247452574166,0.4558713549167223,0.0288004018511836,0.055324334785313,0.0793711995236373,0.1259413909181451,0.237089263414708,0.451924186695352,transformer_mul97_f0.5_wd1.0_softmax_ce_s3,mul,2100
2,0.0619701294171264,0.121049980346503,0.1259455913292859,0.0247561025250787,0.0493362150102848,0.0737574732886892,0.121049980346503,0.2364241405106175,0.4558729518582627,0.0288006864336591,0.055322436499906,0.0793726134403705,0.1259455913292859,0.2370907401369957,0.4519225380597952,transformer_mul97_f0.5_wd1.0_softmax_ce_s3,mul,2100
3,0.0620079802536446,0.1210473849025059,0.1259501031446303,0.0247522346273363,0.0493324205368281,0.0737549545951527,0.1210473849025059,0.2364258217781511,0.4558758435925876,0.0288008942596365,0.0553199512231722,0.0793735824695197,0.1259501031446303,0.2370936332825983,0.4519214009916205,transformer_mul97_f0.5_wd1.0_softmax_ce_s3,mul,2100
4,0.0620444276395187,0.1210458735100959,0.1259537251007038,0.0247485063868557,0.0493291217176429,0.0737531636296809,0.1210458735100959,0.2364294001980891,0.4558797633230192,0.0288010816548157,0.0553170884708043,0.079373498167925,0.1259537251007038,0.2370971671814892,0.4519207831488648,transformer_mul97_f0.5_wd1.0_softmax_ce_s3,mul,2100
5,0.0620826824531645,0.1210458724365816,0.1259565056202031,0.0247450318275858,0.0493264206230878,0.0737522749208688,0.1210458724365816,0.2364343556973765,0.4558842018755526,0.0288011361874938,0.055313811936085,0.0793724250367861,0.1259565056202031,0.2371009853834577,0.4519202419612343,transformer_mul97_f0.5_wd1.0_softmax_ce_s3,mul,2100
6,0.06211666696069,0.1210472083135504,0.1259587516462456,0.0247418173229024,0.0493242472682769,0.0737521401718321,0.1210472083135504,0.2364403165635148,0.4558891951235278,0.0288010471440148,0.0553103257531389,0.0793708956327105,0.1259587516462456,0.2371050114372054,0.4519198455917591,transformer_mul97_f0.5_wd1.0_softmax_ce_s3,mul,2100
7,0.0621427477285003,0.1210497443356495,0.1259608353504629,0.0247388873415555,0.0493224739327392,0.0737525610775647,0.1210497443356495,0.2364471491696585,0.4558948829458997,0.0288008861264836,0.055306814800998,0.0793691862684215,0.1259608353504629,0.2371092877717032,0.4519201032233252,transformer_mul97_f0.5_wd1.0_softmax_ce_s3,mul,2100
8,0.0621604492083353,0.1210529819200674,0.1259628223291075,0.0247361567745975,0.0493208408620438,0.0737530846582994,0.1210529819200674,0.2364539644123298,0.4559006199363645,0.0288005326846409,0.055303241579558,0.0793673032984586,0.1259628223291075,0.2371138116624278,0.4519212474154495,transformer_mul97_f0.5_wd1.0_softmax_ce_s3,mul,2100
9,0.0621787847084032,0.1210562619739054,0.1259651999317361,0.0247334562290017,0.0493189839692883,0.0737533356059104,0.1210562619739054,0.2364600212582947,0.4559061061410371,0.0287998997612162,0.0552997744755077,0.0793655144000198,0.1259651999317361,0.2371193257981835,0.4519238361929803,transformer_mul97_f0.5_wd1.0_softmax_ce_s3,mul,2100
10,0.0622087412229229,0.1210590786881185,0.1259677823978474,0.02473068527579,0.0493167191201406,0.0737530963787477,0.1210590786881185,0.2364648161854108,0.4559111294367117,0.0287991323487959,0.0552963606849724,0.0793636535351749,0.1259677823978474,0.237126193802482,0.4519280655413034,transformer_mul97_f0.5_wd1.0_softmax_ce_s3,mul,2100
11,0.0622538852296794,0.1210613598312468,0.125970386776599,0.0247278462848595,0.0493142133600856,0.0737524914420836,0.1210613598312468,0.2364682096702341,0.4559154582444737,0.0287983695649912,0.0552928297208524,0.0793614855951771,0.125970386776599,0.2371339759392706,0.451933460801748,transformer_mul97_f0.5_wd1.0_softmax_ce_s3,mul,2100
12,0.0623064248335014,0.1210634011410931,0.1259730179967389,0.0247249649873059,0.0493118477527487,0.0737518886713944,0.1210634011410931,0.2364707675226281,0.4559189493316689,0.0287976056150214,0.0552891579015205,0.0793590325296493,0.1259730179967389,0.2371422699808742,0.4519392492463888,transformer_mul97_f0.5_wd1.0_softmax_ce_s3,mul,2100
13,0.0623542613643863,0.1210654841689277,0.1259759723200355,0.0247220536181416,0.0493098635595452,0.0737515380932521,0.1210654841689277,0.236473292534965,0.4559220569981538,0.0287969530175653,0.0552856283155858,0.0793566525426438,0.1259759723200355,0.2371512075315261,0.4519455078700325,transformer_mul97_f0.5_wd1.0_softmax_ce_s3,mul,2100
15,0.0624267830044055,0.1210692365419303,0.1259833151978175,0.0247161402659592,0.0493069007793896,0.0737511513838154,0.1210692365419303,0.2364860743669937,0.4559271941508065,0.0287963358465657,0.0552794762911212,0.0793530674797914,0.1259833151978175,0.2371712938746783,0.4519593102340329,transformer_mul97_f0.5_wd1.0_softmax_ce_s3,mul,2100
16,0.0624513831641168,0.1210709809995235,0.12598742301813,0.0247133472582481,0.049306038735119,0.0737512034347572,0.1210709809995235,0.2364933696341578,0.4559295144745517,0.0287964203130278,0.0552766382049617,0.0793516923296662,0.12598742301813,0.2371816910661608,0.4519666283004773,transformer_mul97_f0.5_wd1.0_softmax_ce_s3,mul,2100
17,0.0624678149736734,0.1210728029343663,0.1259917421606248,0.0247106903019972,0.0493055862181623,0.0737514230794008,0.1210728029343663,0.2365009668947338,0.4559323076236722,0.0287967715854666,0.0552738823611819,0.0793505202300024,0.1259917421606248,0.2371918984976816,0.4519741986657904,transformer_mul97_f0.5_wd1.0_softmax_ce_s3,mul,2100
18,0.0624786783170844,0.1210749095655626,0.125996449226535,0.0247081445188173,0.0493055503295522,0.0737517814295273,0.1210749095655626,0.2365089397018113,0.4559359516356028,0.0287973717826282,0.0552712590202355,0.0793496232417314,0.125996449226535,0.237201913578702,0.4519822755995464,transformer_mul97_f0.5_wd1.0_softmax_ce_s3,mul,2100
20,0.0624934878032349,0.1210804001674654,0.1260069526791516,0.0247036070127859,0.0493067335155211,0.0737532432095012,0.1210804001674654,0.2365255445094576,0.4559461330200944,0.0287991539965051,0.0552663450401102,0.0793485569288075,0.1260069526791516,0.2372206109928361,0.4520000174806052,transformer_mul97_f0.5_wd1.0_softmax_ce_s3,mul,2100
21,0.0624999553791953,0.121084104877025,0.1260127268458695,0.0247017336095818,0.0493079252242467,0.0737545785305256,0.121084104877025,0.2365342120750524,0.4559527695202913,0.0288002137888245,0.0552640659468838,0.0793483763743985,0.1260127268458695,0.2372288611512556,0.4520098663435105,transformer_mul97_f0.5_wd1.0_softmax_ce_s3,mul,2100
23,0.0625161890426251,0.1210942344315699,0.1260248114175391,0.0246990889737702,0.0493116568361482,0.0737594833440797,0.1210942344315699,0.2365528670635094,0.4559690898002576,0.0288025026104593,0.0552602016633727,0.0793489042445563,0.1260248114175391,0.2372424600940842,0.4520309599975921,transformer_mul97_f0.5_wd1.0_softmax_ce_s3,mul,2100
24,0.0625357140392742,0.1211002739272396,0.1260310381185178,0.0246982825777348,0.0493140625910162,0.0737630668880997,0.1211002739272396,0.2365625511047086,0.455982534795058,0.0288039042621055,0.0552588632566405,0.0793497850446656,0.1260310381185178,0.2372478193268046,0.4520470748914226,transformer_mul97_f0.5_wd1.0_softmax_ce_s3,mul,2100
26,0.0626068621505734,0.1211132819541584,0.1260443696529616,0.0246977603867623,0.0493193550185538,0.0737718292954199,0.1211132819541584,0.2365819681236914,0.4560112909072078,0.0288082233233409,0.0552580446701321,0.0793533989363745,0.1260443696529616,0.2372577524763491,0.4520867059291228,transformer_mul97_f0.5_wd1.0_softmax_ce_s3,mul,2100
28,0.0627145760163201,0.1211261984977057,0.1260611380960986,0.0246987634024488,0.0493240294514856,0.0737806841613001,0.1211261984977057,0.23659885355943,0.4560374237130347,0.0288159370995559,0.0552607683739866,0.0793605647574206,0.1260611380960986,0.2372705845702366,0.452135171168361,transformer_mul97_f0.5_wd1.0_softmax_ce_s3,mul,2100
31,0.0629435912609674,0.1211428848631046,0.126095507952537,0.0247034748542694,0.0493318091828759,0.0737925616622567,0.1211428848631046,0.2366137386548721,0.4560668738137679,0.0288332216462794,0.0552731113435935,0.0793806203855629,0.126095507952537,0.2373031601046824,0.4522339445277102,transformer_mul97_f0.5_wd1.0_softmax_ce_s3,mul,2100
33,0.0631598622241761,0.1211543140983387,0.1261217895011563,0.0247091596243115,0.0493387154690051,0.0738012656252273,0.1211543140983387,0.2366183942202605,0.4560802315641459,0.0288444144315577,0.0552831474654516,0.0793958984694394,0.1261217895011563,0.2373371360163013,0.4523127571446082,transformer_mul97_f0.5_wd1.0_softmax_ce_s3,mul,2100
35,0.0633877346660962,0.1211657354684883,0.1261475179144366,0.0247153019523046,0.0493444714463675,0.0738084613330578,0.1211657354684883,0.2366209290414377,0.4560890689104192,0.0288548496148155,0.0552930519715113,0.0794095297408668,0.1261475179144366,0.2373755704846613,0.4523981267732417,transformer_mul97_f0.5_wd1.0_softmax_ce_s3,mul,2100
38,0.0637752133778795,0.1211819753220969,0.1261848758044932,0.0247240123360874,0.0493497146881693,0.0738164767436431,0.1211819753220969,0.2366210430654448,0.4560945067792845,0.0288715259001375,0.0553087662225447,0.0794274125277682,0.1261848758044932,0.2374382400636719,0.4525427105338784,transformer_mul97_f0.5_wd1.0_softmax_ce_s3,mul,2100
41,0.0641806500366441,0.1211969683217045,0.1262249461362899,0.0247313945341296,0.0493487632646346,0.0738216102501468,0.1211969683217045,0.2366229168101038,0.456093021204016,0.0288914296357936,0.0553270025493801,0.0794459182652086,0.1262249461362899,0.2375136208749075,0.4527110878523924,transformer_mul97_f0.5_wd1.0_softmax_ce_s3,mul,2100
44,0.0645269946005433,0.1212108773358041,0.1262718038881535,0.0247374094533508,0.0493431842446997,0.0738246890150455,0.1212108773358041,0.2366318303830413,0.456090290622316,0.0289151448077448,0.055348858209328,0.0794673905227067,0.1262718038881535,0.2376021104714098,0.4528929500376976,transformer_mul97_f0.5_wd1.0_softmax_ce_s3,mul,2100
48,0.0649790694226008,0.1212308631232594,0.1263461136694887,0.0247445652375147,0.0493342459452999,0.0738315312716307,0.1212308631232594,0.2366649412702808,0.4561068150559066,0.0289493475873364,0.0553813370148274,0.079501860122551,0.1263461136694887,0.2378544789498072,0.4531487210189534,transformer_mul97_f0.5_wd1.0_softmax_ce_s3,mul,2100
51,0.0653198449014707,0.1212399746021904,0.1264010773467311,0.0247492857759227,0.0493258787032175,0.0738346275358164,0.1212399746021904,0.2366979415163944,0.4561236414314674,0.0289724522765011,0.0554034808654688,0.0795267948893071,0.1264010773467311,0.238094234728584,0.4533385802945709,transformer_mul97_f0.5_wd1.0_softmax_ce_s3,mul,2100
55,0.0656127482976018,0.1212463296372594,0.1264662539699281,0.0247564814097536,0.0493169772995172,0.0738381853991083,0.1212463296372594,0.2367368023398333,0.4561399471655764,0.0289969812134911,0.0554282287985314,0.0795535216307054,0.1264662539699281,0.2384066030454408,0.4535768922491532,transformer_mul97_f0.5_wd1.0_softmax_ce_s3,mul,2100
60,0.0656376719162798,0.1212565212487667,0.1265343739895647,0.0247705089703536,0.0493146881743887,0.0738426059846677,0.1212565212487667,0.236769274129626,0.456136397591677,0.0290237465619827,0.0554570900610609,0.0795785522605376,0.1265343739895647,0.2387839071663953,0.4538533336726919,transformer_mul97_f0.5_wd1.0_softmax_ce_s3,mul,2100
64,0.0654938940591158,0.1212666900175567,0.1265800033347782,0.0247862279477258,0.0493231749384071,0.073847475248618,0.1212666900175567,0.2367933139112857,0.4561074338185142,0.0290385381498738,0.0554726915993509,0.0795906312730331,0.1265800033347782,0.2390751700618499,0.4540623522536838,transformer_mul97_f0.5_wd1.0_softmax_ce_s3,mul,2100
69,0.0653004742683781,0.1212775895829959,0.1266202095840168,0.0248069724306589,0.0493456742705115,0.0738586699915337,0.1212775895829959,0.2368410794656945,0.4560714020681481,0.0290509454838666,0.0554808288027962,0.0795925513965227,0.1266202095840168,0.2393996277610792,0.4543347828494962,transformer_mul97_f0.5_wd1.0_softmax_ce_s3,mul,2100
75,0.0650142014151029,0.1212761488022017,0.1266563139582782,0.0248331489666064,0.0493686243574594,0.0738586530357296,0.1212761488022017,0.2368908107268485,0.4560581669961077,0.0290665658057487,0.0554895906266068,0.0795899399212716,0.1266563139582782,0.2397376296720656,0.4546808201795448,transformer_mul97_f0.5_wd1.0_softmax_ce_s3,mul,2100
80,0.064671257157574,0.1212671136742854,0.12682392238417,0.024855547433373,0.0493829896664784,0.0738532640915514,0.1212671136742854,0.2369189078570258,0.4560526500091632,0.0290859344077993,0.0555028871943833,0.079596633031006,0.12682392238417,0.2400061736169519,0.4549814017568589,transformer_mul97_f0.5_wd1.0_softmax_ce_s3,mul,2100
87,0.0644475649085786,0.1212455169149114,0.1270613633658913,0.0248795627367697,0.0493915702362788,0.0738343460706573,0.1212455169149114,0.2369407265972131,0.456044080827665,0.0291122934814975,0.055518665550946,0.0796085083260182,0.1270613633658913,0.2404379701868091,0.4553242825996052,transformer_mul97_f0.5_wd1.0_softmax_ce_s3,mul,2100
93,0.0647318300339415,0.1212336466445784,0.1272312657177232,0.0248922089404564,0.0493968926947127,0.0738236716576502,0.1212336466445784,0.2369776482038083,0.4560598446823707,0.0291298095726037,0.0555383480299953,0.0796292163538747,0.1272312657177232,0.2407465805438679,0.4555452979761761,transformer_mul97_f0.5_wd1.0_softmax_ce_s3,mul,2100
100,0.0653282902227598,0.1212352391418046,0.127405439791983,0.0249052237561821,0.0494086647455019,0.0738224634537321,0.1212352391418046,0.2370174140681306,0.4560820243026283,0.0291541255189674,0.0555665533948073,0.0796835791812896,0.127405439791983,0.241048107629778,0.4557678097422991,transformer_mul97_f0.5_wd1.0_softmax_ce_s3,mul,2100
108,0.0657878397999742,0.1212314185858441,0.1275759915214132,0.0249202561703267,0.0494239720866912,0.0738259436223885,0.1212314185858441,0.2370385099406505,0.4560957272699309,0.029186052407195,0.0556063301796738,0.0797673500607731,0.1275759915214132,0.2413204699809872,0.4559860641342446,transformer_mul97_f0.5_wd1.0_softmax_ce_s3,mul,2100
116,0.0659976319881314,0.1212432246237895,0.1276895360036787,0.0249343773920327,0.0494292806508906,0.0738164089339,0.1212432246237895,0.2370330419720378,0.4560965665555572,0.0292113544723421,0.0556307050165095,0.0798192686687811,0.1276895360036787,0.2415055561440147,0.4561498142378592,transformer_mul97_f0.5_wd1.0_softmax_ce_s3,mul,2100
125,0.0659691398252248,0.1212456390853675,0.1277817228798831,0.0249478216684075,0.0494199792265189,0.0737948700570906,0.1212456390853675,0.2370287080792284,0.456120698610748,0.0292334421608046,0.0556501557504061,0.079854086654192,0.1277817228798831,0.2416566758542062,0.45627183114336,transformer_mul97_f0.5_wd1.0_softmax_ce_s3,mul,2100
135,0.0657903198059234,0.1212623371991527,0.1278493621381497,0.0249553622209501,0.0494062205739421,0.0737804897575227,0.1212623371991527,0.2370443040079642,0.456170985107605,0.0292470818359515,0.055654482102682,0.0798617723898158,0.1278493621381497,0.2417608630219228,0.4563417099304121,transformer_mul97_f0.5_wd1.0_softmax_ce_s3,mul,2100
146,0.0655365433796072,0.1212828868263939,0.1279239882202849,0.0249600459607702,0.0493960167584696,0.0737722594528,0.1212828868263939,0.2370869939261761,0.4562277952001887,0.0292593878208374,0.0556715043592816,0.0798820518836646,0.1279239882202849,0.2418321343803409,0.456390254297411,transformer_mul97_f0.5_wd1.0_softmax_ce_s3,mul,2100
157,0.0655340029258618,0.1213084318314821,0.1279784827327088,0.0249664225485239,0.0493992687454056,0.0737799681433879,0.1213084318314821,0.2371263534344336,0.4562728541590158,0.0292634292617078,0.0556842029890179,0.0799008002546936,0.1279784827327088,0.2418925260608014,0.4564250660896039,transformer_mul97_f0.5_wd1.0_softmax_ce_s3,mul,2100
169,0.0655929143559331,0.1213272167163405,0.1280144630013219,0.0249759530437357,0.0494088390927227,0.0737901691940303,0.1213272167163405,0.2371673484100406,0.4562984374081827,0.0292726024573185,0.055693770976471,0.0799126519462464,0.1280144630013219,0.2419288138753238,0.4564527128570746,transformer_mul97_f0.5_wd1.0_softmax_ce_s3,mul,2100
182,0.065405717694948,0.1213403944364265,0.1280376873463301,0.0249839622468116,0.0494087059271711,0.0737924045709442,0.1213403944364265,0.2372033264237427,0.4563054228361661,0.0292900662524714,0.0557079451741701,0.0799184268403147,0.1280376873463301,0.2419702998655951,0.4564858335783582,transformer_mul97_f0.5_wd1.0_softmax_ce_s3,mul,2100
196,0.0650468596599515,0.1213468412676498,0.128055335164709,0.0249915850224242,0.0494063154116523,0.0737940395977411,0.1213468412676498,0.2372340181218143,0.4563084446681811,0.0293048496580205,0.0557236679382687,0.0799251632294458,0.128055335164709,0.2420146182753065,0.4565203409070917,transformer_mul97_f0.5_wd1.0_softmax_ce_s3,mul,2100
211,0.0646010355363648,0.1213524010690987,0.1280746443598718,0.0249967343794108,0.0494028866359418,0.0737913269941928,0.1213524010690987,0.2372498011198018,0.4562876418411052,0.0293179023302511,0.0557417582223082,0.0799441238205007,0.1280746443598718,0.2420614916938071,0.4565713886623451,transformer_mul97_f0.5_wd1.0_softmax_ce_s3,mul,2100
227,0.0642061992290421,0.1213521050450443,0.1280890951797496,0.0249968907997676,0.0493892981061196,0.0737782406478017,0.1213521050450443,0.2372450857478814,0.4562811580867997,0.0293319011232222,0.0557573684613071,0.079961010506038,0.1280890951797496,0.242093924804898,0.4566031720796364,transformer_mul97_f0.5_wd1.0_softmax_ce_s3,mul,2100
245,0.0637599945109169,0.1213448119616682,0.1281085618794665,0.0249943273740083,0.0493827274799653,0.073761598741752,0.1213448119616682,0.2372386029398542,0.4562698542286092,0.0293483740785573,0.0557726801800661,0.0799849965016912,0.1281085618794665,0.2421356995212364,0.4566354615667987,transformer_mul97_f0.5_wd1.0_softmax_ce_s3,mul,2100
264,0.0633197547625165,0.1213419382369915,0.1281274077079522,0.0249919221032447,0.0493746776682988,0.0737449217492748,0.1213419382369915,0.2372345489766463,0.4562598168251766,0.0293633180961197,0.0557806981410115,0.0799994814427433,0.1281274077079522,0.2421694306134207,0.4566797214987009,transformer_mul97_f0.5_wd1.0_softmax_ce_s3,mul,2100
284,0.0630089417876396,0.1213271122516205,0.1281400161029683,0.0249866404640952,0.0493617580592164,0.0737238049807438,0.1213271122516205,0.237227286889554,0.4562578356106505,0.0293741832857228,0.0557793180311679,0.0800040669341907,0.1281400161029683,0.2422063604723516,0.4567238243580526,transformer_mul97_f0.5_wd1.0_softmax_ce_s3,mul,2100
306,0.0627451245489845,0.1213199423137299,0.1281695311166011,0.0249841537922188,0.0493580910446701,0.0737064966944462,0.1213199423137299,0.2372235594715787,0.4562671064679398,0.0293787135288964,0.0557780991545869,0.0800066531545938,0.1281695311166011,0.242270400628289,0.4567909537892833,transformer_mul97_f0.5_wd1.0_softmax_ce_s3,mul,2100
330,0.0627814251408139,0.1212757261907964,0.1282181914548259,0.0249761041826362,0.0493382448912147,0.0736813742315246,0.1212757261907964,0.2371808118709006,0.4562581715786361,0.0293927646457539,0.0557660886801866,0.0800089214373205,0.1282181914548259,0.2423854831845865,0.4568798608512339,transformer_mul97_f0.5_wd1.0_softmax_ce_s3,mul,2100
355,0.0629716032629584,0.1212829300189912,0.1282651580129286,0.0249641843276742,0.049318884221644,0.0736630077914055,0.1212829300189912,0.2371770313993156,0.45626130728953,0.0294044487559705,0.0557841778319957,0.080033132805159,0.1282651580129286,0.2424563971555084,0.4569377372233586,transformer_mul97_f0.5_wd1.0_softmax_ce_s3,mul,2100
383,0.0629327424108759,0.1212422382536555,0.1283066149148644,0.0249549677934454,0.0492944665315568,0.0736205462954029,0.1212422382536555,0.2371409661113104,0.4562559269650291,0.0294150204523193,0.0557919868187931,0.0800372611282873,0.1283066149148644,0.2425715036191071,0.4570414880730495,transformer_mul97_f0.5_wd1.0_softmax_ce_s3,mul,2100
412,0.0631438946365135,0.1212398312078908,0.1283867042003381,0.0249449262695776,0.0492872662770295,0.0736107285913159,0.1212398312078908,0.2371585719750905,0.4562645299594183,0.0294370121435318,0.0558158643722987,0.0800837885996489,0.1283867042003381,0.2426665505250549,0.4571526820368444,transformer_mul97_f0.5_wd1.0_softmax_ce_s3,mul,2100
444,0.0634155982842949,0.1212335448469661,0.1284457890980534,0.0249329505614502,0.0492736863333132,0.0735885666203134,0.1212335448469661,0.2371669250620476,0.4562872811270548,0.0294419721379949,0.0558199536892122,0.0801000209753054,0.1284457890980534,0.2427391873905838,0.4572269328380415,transformer_mul97_f0.5_wd1.0_softmax_ce_s3,mul,2100
478,0.0636552449907306,0.1212208329070398,0.128501289364102,0.0249215382249504,0.0492634480955761,0.0735644519607576,0.1212208329070398,0.2371807827704554,0.4563181719919917,0.0294494179002401,0.0558257967686527,0.080122582626128,0.128501289364102,0.2428167783494191,0.4573093627636964,transformer_mul97_f0.5_wd1.0_softmax_ce_s3,mul,2100
515,0.0648715695050796,0.1211629843470451,0.128883360711774,0.0249149127567537,0.0492309055801497,0.0735378658034889,0.1211629843470451,0.237086309081752,0.4562455711423743,0.0294852214692328,0.0558548479878131,0.0802673763175564,0.128883360711774,0.2435082634115243,0.457861026453644,transformer_mul97_f0.5_wd1.0_softmax_ce_s3,mul,2100
555,0.0644045085001175,0.1211272039828958,0.1289217728830447,0.0249134582327014,0.0492165992443369,0.0735099885852925,0.1211272039828958,0.237055485701416,0.4562270085265423,0.0294944443530991,0.0558490436820745,0.0802763560796407,0.1289217728830447,0.2435917722344794,0.4579328645211751,transformer_mul97_f0.5_wd1.0_softmax_ce_s3,mul,2100
598,0.064154373624599,0.1211187485888915,0.1289061840019236,0.0249123146474644,0.0492113164107135,0.07350482628425,0.1211187485888915,0.2370434970267809,0.4562091728552694,0.0294826670421368,0.0558433240234707,0.080256940571031,0.1289061840019236,0.2435654746087318,0.4579374529944949,transformer_mul97_f0.5_wd1.0_softmax_ce_s3,mul,2100
644,0.0635817148024023,0.1211094197284628,0.128906498098687,0.0249037622100739,0.0492133314946145,0.0734985812775516,0.1211094197284628,0.2370456857893928,0.4562054117089417,0.0294762299310265,0.0558428800905912,0.0802442373461469,0.128906498098687,0.243575150285446,0.4579611963738303,transformer_mul97_f0.5_wd1.0_softmax_ce_s3,mul,2100
694,0.0629436874371945,0.1210916519842899,0.1289206166483899,0.024890040265806,0.0492100827678171,0.0734864882274737,0.1210916519842899,0.2370536681863687,0.456212956309827,0.0294744030858201,0.0558455768379985,0.0802361362556277,0.1289206166483899,0.2436210905910431,0.4580171791283928,transformer_mul97_f0.5_wd1.0_softmax_ce_s3,mul,2100
747,0.0623946841054174,0.1210579987668047,0.1289468563382996,0.0248748693883512,0.0492000126021353,0.0734642936425303,0.1210579987668047,0.2370494782453737,0.4562240051692309,0.0294807334592648,0.0558529808873877,0.0802355738738036,0.1289468563382996,0.2436933223680761,0.4580939648701999,transformer_mul97_f0.5_wd1.0_softmax_ce_s3,mul,2100
805,0.0630045235051668,0.1209682164005608,0.1298625674149597,0.0248525863040021,0.049178658399702,0.0734503399417688,0.1209682164005608,0.2369087873925693,0.4561141562967114,0.0295662745831372,0.0559393867741972,0.0809016996712307,0.1298625674149597,0.2453353506342145,0.4594939049829732,transformer_mul97_f0.5_wd1.0_softmax_ce_s3,mul,2100
867,0.0635058539210913,0.120937339739382,0.1299886980235649,0.0248564927556345,0.0491455326148634,0.0734238346820013,0.120937339739382,0.2368096172211744,0.4560349095403646,0.0295773022088077,0.0558948981575759,0.0809315859855683,0.1299886980235649,0.2456042843177607,0.4597174752473744,transformer_mul97_f0.5_wd1.0_softmax_ce_s3,mul,2100
934,0.0629189743230985,0.1209041996690593,0.1298745834593353,0.0248382209715835,0.0491317734131975,0.0734024929715696,0.1209041996690593,0.2368104934633031,0.4559839083870506,0.029555312986361,0.0558602896241029,0.0808331674675245,0.1298745834593353,0.2454341292659789,0.4595680955016407,transformer_mul97_f0.5_wd1.0_softmax_ce_s3,mul,2100
1006,0.0622081870061078,0.1208325863655702,0.1298440065274609,0.0247982178313178,0.0491101805149478,0.0733437520268939,0.1208325863655702,0.2367705426730184,0.4559570510697508,0.0295492521548821,0.0558402840713876,0.0807882057813842,0.1298440065274609,0.2454229579328435,0.4595549073429786,transformer_mul97_f0.5_wd1.0_softmax_ce_s3,mul,2100
1083,0.0594404314827557,0.1206284224025084,0.1331299210035552,0.0247801888543916,0.0490256422525587,0.0732177573892009,0.1206284224025084,0.2363650689885837,0.4554263769705218,0.0297990299910476,0.0564183920907789,0.0825537794466983,0.1331299210035552,0.2501376143636336,0.4634699708590862,transformer_mul97_f0.5_wd1.0_softmax_ce_s3,mul,2100
1167,0.0575035559039421,0.1205575426733811,0.1326619421797948,0.0247717203777363,0.0490298377556722,0.0731804005030542,0.1205575426733811,0.2364101428174343,0.4553644089942569,0.0297648407231544,0.0561758638977946,0.0823294386317977,0.1326619421797948,0.24962099533194,0.4630779841627413,transformer_mul97_f0.5_wd1.0_softmax_ce_s3,mul,2100
1257,0.058099212325575,0.1203890014671124,0.1348752903888571,0.024725307586496,0.048946558451251,0.0730732182617629,0.1203890014671124,0.2361984657837908,0.4549301201598749,0.029966197287885,0.0572742455756596,0.0833994855115386,0.1348752903888571,0.2525350020166048,0.4658448257083044,transformer_mul97_f0.5_wd1.0_softmax_ce_s3,mul,2100
1354,0.0580583984116221,0.1203473266090161,0.1344217233086474,0.0247104101153448,0.0489546658085705,0.0730654091173165,0.1203473266090161,0.2361405217540943,0.4547883472274738,0.029941217875566,0.057037249337844,0.0831814992965991,0.1344217233086474,0.2520002724215522,0.465442002905905,transformer_mul97_f0.5_wd1.0_softmax_ce_s3,mul,2100
1459,0.0555070647566095,0.1200720570338339,0.1406809502683728,0.0246224217759254,0.0487486583460719,0.0728375348853925,0.1200720570338339,0.2358599170977822,0.4541123207707965,0.030526002815949,0.0598016311088993,0.0868579724503857,0.1406809502683728,0.2596063639948659,0.4722393412226656,transformer_mul97_f0.5_wd1.0_softmax_ce_s3,mul,2100
1571,0.0540254661822621,0.1199592078002235,0.1389252251109964,0.024576824922373,0.0487317551310289,0.0727704749550815,0.1199592078002235,0.2356886778132351,0.4539183681596354,0.0304933144668083,0.0592292398018763,0.0858072126626566,0.1389252251109964,0.2583414746954054,0.4713635637480241,transformer_mul97_f0.5_wd1.0_softmax_ce_s3,mul,2100
1692,0.0529526322686174,0.1193568359230853,0.1511822864053699,0.024384573519536,0.0484263320455622,0.0722116085428711,0.1193568359230853,0.2348020890443855,0.4516595529314251,0.0321235804108956,0.0640440621595723,0.0932467894989937,0.1511822864053699,0.2725364907758864,0.4836141358372544,transformer_mul97_f0.5_wd1.0_softmax_ce_s3,mul,2100
1823,0.052345550611839,0.1188799068248025,0.1615048985927344,0.0242273888774768,0.0480793654118189,0.0717578793228531,0.1188799068248025,0.2341625046045094,0.4502713984694281,0.0344523026435668,0.0682019683948599,0.0994354807564779,0.1615048985927344,0.2848445491094459,0.4947956192384144,transformer_mul97_f0.5_wd1.0_softmax_ce_s3,mul,2100
1964,0.0548991055010356,0.1188801419440866,0.1583000459838971,0.02419227254866,0.0481138885414538,0.0718623139882183,0.1188801419440866,0.2340850923071964,0.4502577167927573,0.0337248239410287,0.0674276394390429,0.0978252176980751,0.1583000459838971,0.2829334289726727,0.4942195842140596,transformer_mul97_f0.5_wd1.0_softmax_ce_s3,mul,2100
2115,0.0453174465596961,0.1187108952348695,0.1745484314185574,0.0239376557798946,0.0477339985612246,0.0715016648108071,0.1187108952348695,0.2334266769825483,0.4480450495335291,0.0383543351201997,0.0747330814065613,0.1088110641824144,0.1745484314185574,0.3038981012380479,0.5110744414682052,transformer_mul97_f0.5_wd1.0_softmax_ce_s3,mul,2100
2278,0.0395195822470032,0.1183975080904631,0.189819604514171,0.0239690527175417,0.0477143900434849,0.0713546352345471,0.1183975080904631,0.2328995974085425,0.4462794526991593,0.0422819476217114,0.0817530403747828,0.1190243547484072,0.189819604514171,0.3276049783745033,0.5286485643642694,transformer_mul97_f0.5_wd1.0_softmax_ce_s3,mul,2100
2454,0.0359872248662828,0.1175882332459221,0.2133290178063158,0.0238791981899507,0.0474095603116996,0.0708913746799153,0.1175882332459221,0.2314039214596351,0.4436772108159109,0.0479235743355645,0.0921176933716201,0.1347571221203436,0.2133290178063158,0.3617673910497366,0.5525518109916697,transformer_mul97_f0.5_wd1.0_softmax_ce_s3,mul,2100
2644,0.0473408454209919,0.1168074191287121,0.2098766204806737,0.0234174504770685,0.0468013002656474,0.0701478702240138,0.1168074191287121,0.2306627190888938,0.4433050610735839,0.047423478361292,0.0910092707024126,0.1333399061465505,0.2098766204806737,0.3668516159998272,0.5569678057158225,transformer_mul97_f0.5_wd1.0_softmax_ce_s3,mul,2100
2848,0.0626710765673277,0.115803141755449,0.247667076594424,0.0235861045087806,0.0467016998542966,0.0697606835207994,0.115803141755449,0.2285088919044329,0.4412893109057041,0.0568264255742384,0.1081035561885108,0.1585523957563764,0.247667076594424,0.4258882961306738,0.6004143439125669,transformer_mul97_f0.5_wd1.0_softmax_ce_s3,mul,2100
3067,0.0630506717875576,0.1161991142343703,0.2603996021933502,0.0241141199283623,0.0472952870387749,0.0703292172411263,0.1161991142343703,0.2286698048413527,0.4408964600822801,0.0605891999819048,0.1143837407847266,0.1668492904307549,0.2603996021933502,0.4492230269367318,0.6196052983759989,transformer_mul97_f0.5_wd1.0_softmax_ce_s3,mul,2100
3304,0.0781480304506501,0.1151842791088296,0.3542333510820051,0.024351732886994,0.0472175675085886,0.0700371688377081,0.1151842791088296,0.2257944636553248,0.438558938360888,0.0816461950720969,0.1551410040892931,0.2245117769414598,0.3542333510820051,0.5922212986273058,0.729163862311917,transformer_mul97_f0.5_wd1.0_softmax_ce_s3,mul,2100
3559,0.0802156467786757,0.1161481684357957,0.3640329546169014,0.024864651744739,0.0479703805227481,0.0708811216747626,0.1161481684357957,0.2267971741553684,0.4394371330426947,0.0831000151020262,0.1579581981586101,0.2304597751275514,0.3640329546169014,0.6163855587667216,0.7585589763776618,transformer_mul97_f0.5_wd1.0_softmax_ce_s3,mul,2100
3834,0.0936286957683921,0.1160292079190886,0.4127040014132102,0.024526090406763,0.0477877070320468,0.0710072502060251,0.1160292079190886,0.2255386147178378,0.437779698160406,0.0940130690757619,0.1808029669098672,0.2591217284270498,0.4127040014132102,0.7017071597851526,0.8422501344546283,transformer_mul97_f0.5_wd1.0_softmax_ce_s3,mul,2100
4130,0.0836797166733839,0.1137414740049101,0.4580831801036059,0.0232375879092958,0.0461923830642446,0.0690851360903802,0.1137414740049101,0.2218769347871267,0.4338814350421553,0.0978424031492874,0.1953116860522284,0.2867822940985701,0.4580831801036059,0.7744260449745198,0.9258955778456324,transformer_mul97_f0.5_wd1.0_softmax_ce_s3,mul,2100
4448,0.1044437810419023,0.1172073278907874,0.5186755913263804,0.0243174646717493,0.0483334542293973,0.0719751393954108,0.1172073278907874,0.2272476943722788,0.4405009925561713,0.1295564476993482,0.2415434014187286,0.3478464918694824,0.5186755913263804,0.8341672315867236,0.956515245831513,transformer_mul97_f0.5_wd1.0_softmax_ce_s3,mul,2100
4791,0.1025808770747297,0.1114767915420516,0.5111220901568708,0.0226010153083097,0.0450831789191884,0.0673890392644415,0.1114767915420516,0.2206498816599342,0.4336662425153537,0.1227294098156301,0.2381343458695648,0.3468933212013162,0.5111220901568708,0.8415814955231169,0.9863059321845888,transformer_mul97_f0.5_wd1.0_softmax_ce_s3,mul,2100
5161,0.0755237444565693,0.1103491293021367,0.4965987874578878,0.0222743603777686,0.044325353456786,0.0663505699372579,0.1103491293021367,0.2186249542220812,0.4311712384966464,0.1239541662878418,0.2356120624084968,0.3456157560717492,0.4965987874578878,0.8284363395257519,0.9916430014829776,transformer_mul97_f0.5_wd1.0_softmax_ce_s3,mul,2100
5560,0.0733353196055382,0.1164454129111674,0.5101130470721883,0.0243261281598157,0.0483801392100732,0.0713089388644344,0.1164454129111674,0.2279304076581739,0.4441365235908389,0.1609484318594686,0.2669602295967235,0.366119876951203,0.5101130470721883,0.8284534098118362,0.9831922464439092,transformer_mul97_f0.5_wd1.0_softmax_ce_s3,mul,2100
5989,0.0540822569436982,0.1147302195743093,0.4482102140685823,0.0236892469238967,0.0469533581403829,0.0699444947788645,0.1147302195743093,0.2259532479148636,0.4424518487495499,0.1089592688849974,0.2135360184822949,0.2971589866003346,0.4482102140685823,0.7963136436441463,0.982043986637113,transformer_mul97_f0.5_wd1.0_softmax_ce_s3,mul,2100
6451,0.0256921667423527,0.1224105229775534,0.4709640027609393,0.0259449949838071,0.0513023321014415,0.0751610259307602,0.1224105229775534,0.2371038807251996,0.4584900656683857,0.1181527109543486,0.2224425807212486,0.3079441200849014,0.4709640027609393,0.8006412487499975,0.9818558953196276,transformer_mul97_f0.5_wd1.0_softmax_ce_s3,mul,2100
6949,0.0253569470381377,0.1172093593803167,0.4262977168181095,0.0240728566714402,0.0475918098991997,0.0710290782331017,0.1172093593803167,0.2312962435678375,0.4510514460080537,0.0919237467838314,0.1803107494562459,0.2673973875746174,0.4262977168181095,0.7857161629580094,0.993072042574722,transformer_mul97_f0.5_wd1.0_softmax_ce_s3,mul,2100
7485,0.0289239714761045,0.125950635984736,0.486408050430109,0.0262150475255085,0.0517006227126392,0.0767773955564605,0.125950635984736,0.2455897299360518,0.465612116916832,0.121925262912287,0.2196390970914148,0.3159730704863335,0.486408050430109,0.8375436040514481,0.975629143317399,transformer_mul97_f0.5_wd1.0_softmax_ce_s3,mul,2100
8062,0.0245554209698232,0.1207998308517863,0.465181188369264,0.0256953057766766,0.0497430436295409,0.0734488789488481,0.1207998308517863,0.2344369163942073,0.4526936297835667,0.1032796421048467,0.2017914296305956,0.2951554449486078,0.465181188369264,0.8361594463261226,0.9917582291469124,transformer_mul97_f0.5_wd1.0_softmax_ce_s3,mul,2100
8685,0.0242647026593873,0.1170840857917446,0.5140850815582265,0.0240752409100065,0.0476010625845286,0.070986053215355,0.1170840857917446,0.2299031846402294,0.4473444884476124,0.1311018536037586,0.2497911332800995,0.3411777202559046,0.5140850815582265,0.8640025748040309,0.9895891835905596,transformer_mul97_f0.5_wd1.0_softmax_ce_s3,mul,2100
9355,0.0510458522150298,0.1222293282323854,0.4886337331819403,0.0254180473145442,0.0501464318453484,0.0743080412712057,0.1222293282323854,0.2385587225473786,0.4601236213364086,0.1274255581780749,0.2333196886989346,0.3261957635730698,0.4886337331819403,0.8181572826354876,0.961109109551134,transformer_mul97_f0.5_wd1.0_softmax_ce_s3,mul,2100
10077,0.0286661566534371,0.1131029498621122,0.4099732442949973,0.0235806882242387,0.0463228676983871,0.0686537051244336,0.1131029498621122,0.2231416478153561,0.4376398160553927,0.0878767377731381,0.1737786119923406,0.2529625152534599,0.4099732442949973,0.7768473402265236,0.9936807592229496,transformer_mul97_f0.5_wd1.0_softmax_ce_s3,mul,2100
10854,0.0243997408139377,0.1162157411453762,0.4362607705935233,0.0238136037858592,0.0471253308726079,0.0702143555467607,0.1162157411453762,0.2292585148270981,0.4449279595149847,0.0939262800695134,0.1836110184381923,0.2683808546542903,0.4362607705935233,0.7986476228649646,0.9938838746436552,transformer_mul97_f0.5_wd1.0_softmax_ce_s3,mul,2100
11692,0.0333041612520245,0.1173575400873866,0.453998632157625,0.0241473807256784,0.0479313938157833,0.071470739664222,0.1173575400873866,0.2283889366892051,0.4414905262881009,0.1083664266561652,0.2052069987265943,0.2998598919246375,0.453998632157625,0.8056868645436259,0.9825049068992372,transformer_mul97_f0.5_wd1.0_softmax_ce_s3,mul,2100
12594,0.0488257880310781,0.1216289772381629,0.4711219492249335,0.0264904416426428,0.0508080442307991,0.0748966136809554,0.1216289772381629,0.2355074199433769,0.4504286757825687,0.1042870709513797,0.2074044184006211,0.3039433040595283,0.4711219492249335,0.8276618566674251,0.9592508405117908,transformer_mul97_f0.5_wd1.0_softmax_ce_s3,mul,2100
13566,0.0292930319188955,0.1160363429514045,0.4153906193486325,0.0238215461401458,0.0470576035383578,0.0702744046546429,0.1160363429514045,0.2254657384971126,0.4386759941851151,0.0926033166065862,0.1781910293859054,0.2592641492789465,0.4153906193486325,0.77560258397127,0.9952157901663,transformer_mul97_f0.5_wd1.0_softmax_ce_s3,mul,2100
14613,0.0579967531040455,0.1288087724999129,0.4212306223290282,0.0263441753600027,0.0526077656394488,0.0788410157813148,0.1288087724999129,0.2421806067547725,0.4587450373135057,0.0927620150652399,0.1834723527774761,0.2652751020298176,0.4212306223290282,0.7657560668574479,0.9235064754772812,transformer_mul97_f0.5_wd1.0_softmax_ce_s3,mul,2100
15741,0.0566557063611063,0.1254677695145838,0.448789642184131,0.026594025144895,0.0517586359981381,0.0766968588914849,0.1254677695145838,0.2421627808486312,0.4560441068418939,0.0977518986972513,0.1945193767670264,0.2897288804861752,0.448789642184131,0.8181605884821382,0.9539931004698194,transformer_mul97_f0.5_wd1.0_softmax_ce_s3,mul,2100
16955,0.0619266670974773,0.1274009835936807,0.4615800819016433,0.0262572182001214,0.0524811841909762,0.0784274098993588,0.1274009835936807,0.2400110591444547,0.453874944649085,0.1092197090783079,0.210703521327102,0.306256434526254,0.4615800819016433,0.7923835407184441,0.96769346135463,transformer_mul97_f0.5_wd1.0_softmax_ce_s3,mul,2100
18264,0.0518617202242112,0.1164288332177412,0.4383353026528195,0.0238556583841346,0.0472961544477524,0.0705106135904756,0.1164288332177412,0.228167814750936,0.442124899964628,0.0995833635756472,0.1925605452811785,0.2836759455306284,0.4383353026528195,0.786828069397041,0.9873624785670536,transformer_mul97_f0.5_wd1.0_softmax_ce_s3,mul,2100
19673,0.0997636182282099,0.1232487978917769,0.4409976169257583,0.0253191134488653,0.0501748134498452,0.0748533623561528,0.1232487978917769,0.2404329345323099,0.4596627586747914,0.1134368806185326,0.2048609319495773,0.2914727887518384,0.4409976169257583,0.7689531269736504,0.9407929575893448,transformer_mul97_f0.5_wd1.0_softmax_ce_s3,mul,2100
21192,0.021479470532425,0.1190527562426069,0.4332874805950306,0.0241165522160011,0.0481090650592629,0.0720577316721026,0.1190527562426069,0.2332255971431463,0.4518466868994977,0.0931585349371135,0.1804430889221169,0.2670558226925371,0.4332874805950306,0.8133973851568833,0.9903014779801456,transformer_mul97_f0.5_wd1.0_softmax_ce_s3,mul,2100
22827,0.0252221302899132,0.1193946120827366,0.4397594877525027,0.0249361134281882,0.0492174187409719,0.0733723387895542,0.1193946120827366,0.2299728818461729,0.4427151726085738,0.0988537706481742,0.1867155990689617,0.2736228519755949,0.4397594877525027,0.8140751132327582,0.9768904495094906,transformer_mul97_f0.5_wd1.0_softmax_ce_s3,mul,2100
24589,0.0314505000201614,0.1222729639643684,0.411959993535219,0.0263126634267254,0.0509929196050137,0.0752472861091771,0.1222729639643684,0.2380709340851591,0.4597473607852305,0.0913540631041303,0.1769038363929074,0.26069021780712,0.411959993535219,0.7562152280215483,0.9922786405581018,transformer_mul97_f0.5_wd1.0_softmax_ce_s3,mul,2100
26486,0.0210310817494588,0.1291314924285471,0.4124794111448917,0.0283123797354691,0.0541987574567539,0.0795466296261843,0.1291314924285471,0.2457216393596569,0.4623509655194814,0.0890867011652939,0.1750437249318955,0.2605431005617658,0.4124794111448917,0.7627814371953332,0.9905874958546168,transformer_mul97_f0.5_wd1.0_softmax_ce_s3,mul,2100
28530,0.0578612475385288,0.1184855116699532,0.4122916312439622,0.0243277550950941,0.0481050998085368,0.0718762346370529,0.1184855116699532,0.2309122226917554,0.4483365066046055,0.091829413409431,0.1772984170029286,0.2593941499608142,0.4122916312439622,0.7606072422943656,0.9690730312088326,transformer_mul97_f0.5_wd1.0_softmax_ce_s3,mul,2100
30732,0.0557163881194622,0.1171521308277594,0.4080907363621061,0.0239658483063907,0.0475793314034602,0.0711137497899191,0.1171521308277594,0.2307810422168804,0.4488407781506554,0.0918536473023651,0.1776854214516804,0.2587635042147472,0.4080907363621061,0.7564028784695084,0.9782244404370763,transformer_mul97_f0.5_wd1.0_softmax_ce_s3,mul,2100
33103,0.0301120250654822,0.1159181017384926,0.4127370464257865,0.0240851572191497,0.0471303665762292,0.0701188366563892,0.1159181017384926,0.2279128285013529,0.4453240946610702,0.0908688690823515,0.1802742527110725,0.2613353847255973,0.4127370464257865,0.7598046309642892,0.9899485491559392,transformer_mul97_f0.5_wd1.0_softmax_ce_s3,mul,2100
35658,0.0301552487703034,0.1278709611487261,0.4106986367750637,0.0275031323175289,0.053891002841568,0.0798334159127684,0.1278709611487261,0.2429994641181916,0.4582286276861969,0.0926035313786457,0.1765458938632347,0.2597080756443269,0.4106986367750637,0.7308726459203172,0.9573807446240314,transformer_mul97_f0.5_wd1.0_softmax_ce_s3,mul,2100
38410,0.0407506172627201,0.1137366006457182,0.4884187894273368,0.0235615797123415,0.0462954998023637,0.0689301706914417,0.1137366006457182,0.2242009649197567,0.440143981426694,0.1257727690735558,0.2235586195218215,0.3210068779708645,0.4884187894273368,0.8433380962107387,0.9924696186580728,transformer_mul97_f0.5_wd1.0_softmax_ce_s3,mul,2100
41374,0.0618545548040191,0.1172245964588302,0.4794568217120642,0.0243033165090986,0.0483285283570017,0.0714841403440839,0.1172245964588302,0.2280355300283741,0.4430962797649261,0.1062610568802753,0.2078477867702393,0.3012851785649432,0.4794568217120642,0.8569692630480021,0.9895483934489384,transformer_mul97_f0.5_wd1.0_softmax_ce_s3,mul,2100
44567,0.0541926496133822,0.1231142586145006,0.5026912234632906,0.0253765282745668,0.0502808939427084,0.0748787745340079,0.1231142586145006,0.2405719797542513,0.4619290803433246,0.107015092455813,0.2132776022285057,0.319328337954313,0.5026912234632906,0.8733314851965428,0.9869905944937808,transformer_mul97_f0.5_wd1.0_softmax_ce_s3,mul,2100
48006,0.0735627570555346,0.1187505396501123,0.4447748375967209,0.0238231029025635,0.0476293608560136,0.071435275651895,0.1187505396501123,0.2336119810617161,0.4496918726504217,0.0945803408902743,0.1883010298726936,0.2761840068635074,0.4447748375967209,0.8054417274614097,0.9479950761834642,transformer_mul97_f0.5_wd1.0_softmax_ce_s3,mul,2100
51711,0.0338844075493898,0.1199281690924357,0.4364105393568398,0.0247712996277822,0.0488125104935585,0.0726405720422311,0.1199281690924357,0.2349844587213633,0.4552807557572498,0.0924410311922396,0.1840504993675109,0.2704972909227229,0.4364105393568398,0.7912731017324249,0.966664967640027,transformer_mul97_f0.5_wd1.0_softmax_ce_s3,mul,2100
55701,0.0413260667560538,0.1258266859665144,0.4529690537597465,0.0269896155181318,0.0530131477227184,0.0774477577186734,0.1258266859665144,0.2406931127456846,0.457429723343678,0.1070665497548044,0.2126255273204767,0.30296060842652,0.4529690537597465,0.7831418628165234,0.9342807388517091,transformer_mul97_f0.5_wd1.0_softmax_ce_s3,mul,2100
60000,0.0593346177028087,0.119348514331563,0.4671438241402619,0.0248768432063613,0.0494845541600974,0.0735782254607121,0.119348514331563,0.2320873328402782,0.4489229353340475,0.1090159399590023,0.2022178254165451,0.2949698903643659,0.4671438241402619,0.822456777393074,0.9508848589304972,transformer_mul97_f0.5_wd1.0_softmax_ce_s3,mul,2100
0,0.0540350869646434,0.1229771148948571,0.1251618386587316,0.0269523890363747,0.0526059370045998,0.0765229550469151,0.1229771148948571,0.2365150577997479,0.4509590530819892,0.0261373543188934,0.0519449368275545,0.0772806505189906,0.1251618386587316,0.2383776754531356,0.4598488609388552,transformer_mul97_f0.5_wd1.0_softmax_ce_s4,mul,2800
1,0.054121817246077,0.1229739643518284,0.1251618134213687,0.0269520560907978,0.0526028254251542,0.0765205305218918,0.1229739643518284,0.2364997560348318,0.4509617459081717,0.0261393876722771,0.0519456059813908,0.0772807649213462,0.1251618134213687,0.2383712845511129,0.4598527975716712,transformer_mul97_f0.5_wd1.0_softmax_ce_s4,mul,2800
2,0.054204391591407,0.1229684115085124,0.1251645014307259,0.0269524186379179,0.0526003300473994,0.0765171303652032,0.1229684115085124,0.236485318427873,0.4509618863968265,0.0261412993988688,0.0519455405242689,0.0772806403487581,0.1251645014307259,0.2383676638348842,0.4598564227387826,transformer_mul97_f0.5_wd1.0_softmax_ce_s4,mul,2800
3,0.0542523957521163,0.1229629495156387,0.1251685612734018,0.0269525897437584,0.052597912117033,0.0765137207384875,0.1229629495156387,0.2364729814527282,0.4509620839722246,0.0261425813672203,0.0519452446792277,0.0772808119628158,0.1251685612734018,0.2383688372343474,0.4598605222765898,transformer_mul97_f0.5_wd1.0_softmax_ce_s4,mul,2800
4,0.0542762200846909,0.1229580482871633,0.1251730101478564,0.0269530919392616,0.0525961155648174,0.0765111593862949,0.1229580482871633,0.2364614823530424,0.4509625978955019,0.0261435209380719,0.0519450510006477,0.0772806098198055,0.1251730101478564,0.2383714717503913,0.4598650077742547,transformer_mul97_f0.5_wd1.0_softmax_ce_s4,mul,2800
5,0.0542695085482626,0.1229532752555406,0.1251772197915181,0.0269537375565535,0.0525945137702503,0.0765091124810451,0.1229532752555406,0.2364501949710218,0.4509628255444665,0.0261443745561206,0.0519452924809185,0.0772801017390819,0.1251772197915181,0.2383734347970788,0.459869104108434,transformer_mul97_f0.5_wd1.0_softmax_ce_s4,mul,2800
6,0.0542438432739517,0.1229486235371214,0.1251811941127718,0.0269545839654095,0.0525931859698927,0.0765074687457533,0.1229486235371214,0.236439106806444,0.4509623479003359,0.0261452380609058,0.0519459479993616,0.0772794971104094,0.1251811941127718,0.2383745337903018,0.4598724733737404,transformer_mul97_f0.5_wd1.0_softmax_ce_s4,mul,2800
7,0.0542117918206338,0.1229440741354038,0.125185134799986,0.0269553281717032,0.0525919387565118,0.0765060569685317,0.1229440741354038,0.2364284531882172,0.4509614308367058,0.0261461341245947,0.0519469215689335,0.0772788876678593,0.125185134799986,0.2383754056581223,0.4598749906023451,transformer_mul97_f0.5_wd1.0_softmax_ce_s4,mul,2800
8,0.0541840878111772,0.1229393324173477,0.1251896440128034,0.02695587207398,0.0525906294513902,0.0765046745211329,0.1229393324173477,0.2364181583888237,0.4509603356494337,0.0261470634267178,0.05194841004294,0.0772786878863874,0.1251896440128034,0.2383768895855391,0.4598771930917369,transformer_mul97_f0.5_wd1.0_softmax_ce_s4,mul,2800
9,0.0541698669260193,0.1229342341577715,0.1251951530575746,0.0269560498213575,0.0525891060875222,0.0765030755751959,0.1229342341577715,0.2364081644390733,0.4509587346968409,0.0261481512845784,0.0519506509390872,0.0772792706372304,0.1251951530575746,0.2383795601940005,0.4598796296458755,transformer_mul97_f0.5_wd1.0_softmax_ce_s4,mul,2800
10,0.0541696359012436,0.1229289060032131,0.1252014949988136,0.0269557845566632,0.0525873047040876,0.0765011096891002,0.1229289060032131,0.2363984472253967,0.4509566114825433,0.0261494708536007,0.0519535461037742,0.0772805906003791,0.1252014949988136,0.2383835181410102,0.4598823508400123,transformer_mul97_f0.5_wd1.0_softmax_ce_s4,mul,2800
11,0.054177748304901,0.1229233247657986,0.1252084660041475,0.0269550427704814,0.0525852553267755,0.076498684476344,0.1229233247657986,0.2363885007900997,0.4509535533503482,0.0261509101045739,0.0519569303866813,0.077282496354788,0.1252084660041475,0.2383885098023827,0.4598855163819879,transformer_mul97_f0.5_wd1.0_softmax_ce_s4,mul,2800
12,0.0541921556727129,0.1229174977569886,0.1252157686626884,0.0269536546364788,0.0525827397118969,0.0764957128565297,0.1229174977569886,0.2363777752905699,0.4509491657472425,0.0261523547712471,0.0519605652740966,0.0772847213191852,0.1252157686626884,0.238394121288491,0.4598893467060643,transformer_mul97_f0.5_wd1.0_softmax_ce_s4,mul,2800
13,0.0542106321275364,0.1229110620730155,0.1252234004717524,0.0269515912634578,0.0525795819586137,0.0764920019803917,0.1229110620730155,0.2363656667877044,0.4509430197091134,0.0261536772653231,0.0519643207976932,0.077287136039049,0.1252234004717524,0.2384002273460678,0.4598939646122444,transformer_mul97_f0.5_wd1.0_softmax_ce_s4,mul,2800
15,0.0542522504249233,0.1228958906808673,0.1252392388684951,0.0269457622550983,0.0525712200536367,0.0764823312566787,0.1228958906808673,0.2363364988418219,0.4509250845264873,0.0261556845163861,0.0519717110439602,0.0772921343487683,0.1252392388684951,0.2384122396359144,0.4599046289451153,transformer_mul97_f0.5_wd1.0_softmax_ce_s4,mul,2800
16,0.0542740817710763,0.1228874246057408,0.125247316184077,0.0269422745710429,0.0525663629699363,0.0764766972927455,0.1228874246057408,0.2363198259419236,0.4509142452242703,0.0261564100033458,0.0519752705154882,0.0772946009597722,0.125247316184077,0.2384175658171156,0.4599102125556946,transformer_mul97_f0.5_wd1.0_softmax_ce_s4,mul,2800
17,0.0543014474366572,0.1228785852186365,0.1252555847790977,0.0269385830766933,0.0525613057460507,0.07647078003481,0.1228785852186365,0.236302197438128,0.4509027520509761,0.0261569975515404,0.0519787700912867,0.0772970885685533,0.1252555847790977,0.2384222380800779,0.45991576152062,transformer_mul97_f0.5_wd1.0_softmax_ce_s4,mul,2800
18,0.0543336756164959,0.1228694558396914,0.1252639266100151,0.0269348210157926,0.0525562259354951,0.0764647971081387,0.1228694558396914,0.2362840194792248,0.4508909379065829,0.0261574504515907,0.0519821888590708,0.0772995954230723,0.1252639266100151,0.2384260056673413,0.4599211544318318,transformer_mul97_f0.5_wd1.0_softmax_ce_s4,mul,2800
20,0.0544200813444798,0.1228503460161831,0.1252805373915533,0.0269272633488349,0.0525460587250811,0.0764525901834993,0.1228503460161831,0.236247040397693,0.4508667480723686,0.0261580335955626,0.0519887219959534,0.0773044251070096,0.1252805373915533,0.2384306450105154,0.4599313655559952,transformer_mul97_f0.5_wd1.0_softmax_ce_s4,mul,2800
21,0.0544784289928796,0.1228404225233574,0.1252888574126154,0.0269235380165074,0.0525410752092629,0.0764465158996711,0.1228404225233574,0.2362286784917482,0.4508543669047152,0.0261581797465319,0.0519918885428652,0.0773066161432887,0.1252888574126154,0.2384316003098048,0.459936521535345,transformer_mul97_f0.5_wd1.0_softmax_ce_s4,mul,2800
23,0.0546253742351096,0.122819904675353,0.1253053186092249,0.0269163572909767,0.0525315052105619,0.0764348011525548,0.122819904675353,0.2361925587090081,0.4508290948515119,0.0261578422715368,0.0519976635465968,0.0773096566989771,0.1253053186092249,0.2384308024211614,0.4599481364634261,transformer_mul97_f0.5_wd1.0_softmax_ce_s4,mul,2800
24,0.054708959831541,0.1228096454798328,0.1253130414701523,0.0269129135084708,0.0525268354823157,0.0764293636446272,0.1228096454798328,0.2361752501439684,0.4508166494899956,0.0261571411523383,0.0519999139227246,0.0773100483349807,0.1253130414701523,0.2384289303709433,0.4599546989590576,transformer_mul97_f0.5_wd1.0_softmax_ce_s4,mul,2800
26,0.0548972833522859,0.1227895152500649,0.1253271358790754,0.0269054647418763,0.0525165489321077,0.0764188193081594,0.1227895152500649,0.2361428286638074,0.4507933298941847,0.0261549129835446,0.0520030286166889,0.07730849050155,0.1253271358790754,0.2384228167934882,0.459970156695362,transformer_mul97_f0.5_wd1.0_softmax_ce_s4,mul,2800
28,0.055051308110837,0.1227714064773391,0.1253381378445404,0.0268973297134296,0.0525046380391422,0.0764084219447768,0.1227714064773391,0.2361146389668726,0.4507831596438637,0.0261527181299342,0.052005399248294,0.0773043378280674,0.1253381378445404,0.2384139815176909,0.4599891481794302,transformer_mul97_f0.5_wd1.0_softmax_ce_s4,mul,2800
31,0.0552217533319898,0.1227526429781945,0.1253469453036408,0.0268885653438751,0.0524869101170005,0.0763952700962676,0.1227526429781945,0.2360889475489482,0.4507829792387257,0.0261493474974437,0.0520065962437361,0.0772966393662785,0.1253469453036408,0.2383958421393986,0.4600180536486921,transformer_mul97_f0.5_wd1.0_softmax_ce_s4,mul,2800
33,0.0552171933300156,0.1227436590881033,0.1253477948097045,0.0268846959296437,0.0524743719945793,0.0763863168752292,0.1227436590881033,0.2360837313261,0.4507811291413249,0.0261466369825397,0.0520050849741408,0.0772906274206651,0.1253477948097045,0.2383812723028515,0.4600359292796499,transformer_mul97_f0.5_wd1.0_softmax_ce_s4,mul,2800
35,0.0550735247695696,0.1227329678066115,0.1253500146830508,0.0268815455093943,0.0524616829148636,0.0763765779463794,0.1227329678066115,0.2360845271130359,0.4507779247942257,0.0261458224612777,0.0520048886412228,0.0772855904376661,0.1253500146830508,0.2383737509479956,0.4600597705207974,transformer_mul97_f0.5_wd1.0_softmax_ce_s4,mul,2800
38,0.0546793625115207,0.122712459939737,0.12536098283264,0.02687741577067,0.0524423637953277,0.0763590192988752,0.122712459939737,0.2360906980726364,0.450779051786523,0.0261504779017185,0.0520098376478265,0.0772820193732426,0.12536098283264,0.2384026842622563,0.4601106321892387,transformer_mul97_f0.5_wd1.0_softmax_ce_s4,mul,2800
41,0.0542626230796624,0.1227000257733274,0.1253826077344111,0.0268743781749979,0.0524277203406325,0.0763462201864218,0.1227000257733274,0.2361068322043542,0.4507910835631962,0.026165987011664,0.0520234774298235,0.0772868235294574,0.1253826077344111,0.2384598719783138,0.4601810801795603,transformer_mul97_f0.5_wd1.0_softmax_ce_s4,mul,2800
44,0.0537254419861488,0.1226961957881243,0.1254118665820952,0.0268723682581399,0.052417619537338,0.0763397843202369,0.1226961957881243,0.2361316354202672,0.4508169430278472,0.0261893297111673,0.0520457044684603,0.0773003306230992,0.1254118665820952,0.2385297193702161,0.460261061655564,transformer_mul97_f0.5_wd1.0_softmax_ce_s4,mul,2800
48,0.0529543049092735,0.1226894871578158,0.1254658344962892,0.0268678160882138,0.0524058899168237,0.0763328352807839,0.1226894871578158,0.236162147100237,0.4508551549554027,0.0262274770741853,0.0520888248314715,0.0773350219165105,0.1254658344962892,0.2386408193144494,0.4603860162449791,transformer_mul97_f0.5_wd1.0_softmax_ce_s4,mul,2800
51,0.0525299536813586,0.1226823282648949,0.1255114700609732,0.0268607755328957,0.0523972938063508,0.076326964187069,0.1226823282648949,0.2361854948775725,0.4508810777176609,0.0262544782113285,0.0521246419882284,0.0773647485112112,0.1255114700609732,0.2387414080172116,0.4604910053794246,transformer_mul97_f0.5_wd1.0_softmax_ce_s4,mul,2800
55,0.0520743437846477,0.1226686848838457,0.1255868333386604,0.026846866668261,0.0523836691356586,0.0763120536318229,0.1226686848838457,0.2362178206883517,0.4509011385264409,0.0262908251247695,0.0521756932708171,0.0774066885485237,0.1255868333386604,0.2388786213519168,0.4606523685753486,transformer_mul97_f0.5_wd1.0_softmax_ce_s4,mul,2800
60,0.0515492665355999,0.1226405121752418,0.1257031455448511,0.0268250127498875,0.0523614672902959,0.0762867090669149,0.1226405121752418,0.2362364922057844,0.4508881971458585,0.0263402637669091,0.0522515518185752,0.0774646984168711,0.1257031455448511,0.2390584410918327,0.4608823971423845,transformer_mul97_f0.5_wd1.0_softmax_ce_s4,mul,2800
64,0.0510199064321844,0.1226093888202861,0.125800410794854,0.0268004103731657,0.052337161298642,0.0762631586348164,0.1226093888202861,0.2362260683415313,0.4508663885284131,0.026383814848695,0.0523176316460258,0.0775473579877746,0.125800410794854,0.2392183107016605,0.4610775334166062,transformer_mul97_f0.5_wd1.0_softmax_ce_s4,mul,2800
69,0.0501179195402088,0.1225671367194404,0.1259257340503464,0.0267711727520616,0.052311615859902,0.0762287398117672,0.1225671367194404,0.2361903002914786,0.4508194339305947,0.0264496586199929,0.0524115396775545,0.0777148723634489,0.1259257340503464,0.2394118541841568,0.4613023675211835,transformer_mul97_f0.5_wd1.0_softmax_ce_s4,mul,2800
75,0.0488830231457477,0.1225184521849358,0.1260513439489188,0.026739562790308,0.0522851294783568,0.07618845301606,0.1225184521849358,0.2361528335625607,0.4507929505058574,0.0265318347720534,0.0525175602037364,0.0778894505642584,0.1260513439489188,0.2395975693917563,0.4615042495210062,transformer_mul97_f0.5_wd1.0_softmax_ce_s4,mul,2800
80,0.0479307169749689,0.1224743426071188,0.1261576101654806,0.026713503472727,0.0522627118152943,0.0761597093017067,0.1224743426071188,0.2361178667045862,0.4507840144028497,0.0265969714061862,0.052599748079614,0.0780236652695473,0.1261576101654806,0.2397370965862972,0.4616477429132495,transformer_mul97_f0.5_wd1.0_softmax_ce_s4,mul,2800
87,0.0472015714438583,0.1224154942869018,0.1263556279010228,0.0266807689682534,0.052227557169881,0.0761307535427116,0.1224154942869018,0.236061081948411,0.4507570132535578,0.0266712620505199,0.0526970033857113,0.0781969783158586,0.1263556279010228,0.2399177307160175,0.4618406628889608,transformer_mul97_f0.5_wd1.0_softmax_ce_s4,mul,2800
93,0.0470656325322174,0.122382730767851,0.1264909631364639,0.0266609577602923,0.0521977454375136,0.0761102460572883,0.122382730767851,0.236012453780125,0.4507279899433495,0.0267216814793782,0.0527659163335937,0.0783232524214181,0.1264909631364639,0.2400451149771516,0.4619865592941171,transformer_mul97_f0.5_wd1.0_softmax_ce_s4,mul,2800
100,0.0471781006436846,0.1223494406747615,0.1266279321928852,0.0266413852663317,0.0521619414952148,0.076080794020902,0.1223494406747615,0.235945427947181,0.4506852495663538,0.0267702152523724,0.0528353667504025,0.0784545248692096,0.1266279321928852,0.2401863997079152,0.4621471484517833,transformer_mul97_f0.5_wd1.0_softmax_ce_s4,mul,2800
108,0.0475209108071417,0.1223143700546827,0.1267510924574023,0.0266212423081214,0.0521222324899494,0.0760498818223058,0.1223143700546827,0.2358871894804722,0.450639408831285,0.0268114307881899,0.0528944435018742,0.0785766922512477,0.1267510924574023,0.2402988257693431,0.4622930067041996,transformer_mul97_f0.5_wd1.0_softmax_ce_s4,mul,2800
116,0.0476945973615818,0.1223062968674171,0.1268731973212001,0.0266113316665026,0.0520979574960807,0.076036500771105,0.1223062968674171,0.2358546930511792,0.4506217048926814,0.0268489864114894,0.052947866455139,0.0786861795201492,0.1268731973212001,0.2403995874383837,0.4623968132767433,transformer_mul97_f0.5_wd1.0_softmax_ce_s4,mul,2800
125,0.0470105247454134,0.1223034746122066,0.1269852389330386,0.0266086673865378,0.0520914908680122,0.0760290892597002,0.1223034746122066,0.2358458534915563,0.4506212820661626,0.026890503674527,0.0529958512764843,0.0787787382141568,0.1269852389330386,0.2404956702000592,0.4624694942829048,transformer_mul97_f0.5_wd1.0_softmax_ce_s4,mul,2800
135,0.0462713554738469,0.1223191091377138,0.1270775582207676,0.0266121601442484,0.0520983300459282,0.076033620455971,0.1223191091377138,0.2358766916814548,0.4506549185780719,0.0269250402809172,0.053031260083808,0.0788509494819791,0.1270775582207676,0.2405661759364694,0.4625318855692437,transformer_mul97_f0.5_wd1.0_softmax_ce_s4,mul,2800
146,0.0459324148420368,0.1223237704091852,0.1271515263125583,0.0266180294632315,0.0521176350429029,0.0760450883326423,0.1223237704091852,0.2359149824448172,0.4506782070394909,0.0269604780531884,0.05306526873895,0.0789099648072095,0.1271515263125583,0.2406229547396897,0.4625774506541315,transformer_mul97_f0.5_wd1.0_softmax_ce_s4,mul,2800
157,0.0456508584782386,0.1223252232818347,0.1272033545740573,0.0266286369101128,0.0521433275035871,0.0760664597761965,0.1223252232818347,0.2359506626909557,0.4506886561004215,0.0269845346255151,0.0530811891950474,0.0789432336007662,0.1272033545740573,0.2406439688051765,0.4626031465065967,transformer_mul97_f0.5_wd1.0_softmax_ce_s4,mul,2800
169,0.045543959987482,0.1223398400903856,0.1272256212653797,0.0266375351392192,0.0521627816511169,0.0760873811706382,0.1223398400903856,0.2359964440478551,0.450709273381345,0.0270011348727032,0.0530886173819308,0.0789583684890944,0.1272256212653797,0.2406490298590284,0.462621640720697,transformer_mul97_f0.5_wd1.0_softmax_ce_s4,mul,2800
182,0.0454276801701601,0.1223454839179219,0.1272494145198572,0.0266343427193303,0.0521709953518528,0.0760934851081111,0.1223454839179219,0.2360314351727447,0.4507342048316495,0.0270209307277592,0.0531002638460149,0.0789747997242481,0.1272494145198572,0.2406742059261307,0.4626365791411123,transformer_mul97_f0.5_wd1.0_softmax_ce_s4,mul,2800
196,0.0455016046452165,0.1223384923244451,0.1272639164425599,0.0266308604920695,0.052167784394415,0.0760891017262979,0.1223384923244451,0.2360445472467248,0.4507442224956608,0.0270306663451827,0.0531015319256912,0.078972580054271,0.1272639164425599,0.2407069498586458,0.4626215434984613,transformer_mul97_f0.5_wd1.0_softmax_ce_s4,mul,2800
211,0.0464422315985816,0.1223283646346265,0.1272845321175169,0.0266238043086914,0.0521666769201185,0.0760782775081781,0.1223283646346265,0.2360505876792043,0.4507558945180472,0.027041264057471,0.0531107435106043,0.0789716544867497,0.1272845321175169,0.2407218172841183,0.4626255668293276,transformer_mul97_f0.5_wd1.0_softmax_ce_s4,mul,2800
227,0.0473897976140946,0.1223183835591958,0.1273133602438962,0.0266232746893537,0.0521637452637501,0.0760658364493737,0.1223183835591958,0.2360421092021147,0.4507658893830519,0.0270519093794431,0.0531212215362519,0.0789813073528427,0.1273133602438962,0.2407239842757025,0.4626261995098353,transformer_mul97_f0.5_wd1.0_softmax_ce_s4,mul,2800
245,0.0478448635521464,0.1223122094484596,0.1273598256693238,0.0266235314117599,0.0521646019231118,0.0760632186132198,0.1223122094484596,0.2360330331105533,0.4507796931888749,0.0270668047838231,0.0531432629042446,0.0790091666657362,0.1273598256693238,0.2407533545698144,0.4626405800788631,transformer_mul97_f0.5_wd1.0_softmax_ce_s4,mul,2800
264,0.0481654644470938,0.1223330476897475,0.1273987204838552,0.0266335428807416,0.0521788324281671,0.0760765170314422,0.1223330476897475,0.236061263547323,0.4507988675396607,0.027085918379505,0.0531714083324148,0.0790415295206941,0.1273987204838552,0.2407934926747845,0.4626828051550705,transformer_mul97_f0.5_wd1.0_softmax_ce_s4,mul,2800
284,0.048504565775562,0.1223343720184702,0.1274202603534218,0.0266356295944295,0.0521786022151139,0.07606513797107,0.1223343720184702,0.2360969119524319,0.4507889227056628,0.0271017793517166,0.0531829823780319,0.0790578939732049,0.1274202603534218,0.240792829240098,0.4627206191758394,transformer_mul97_f0.5_wd1.0_softmax_ce_s4,mul,2800
306,0.0484522341667449,0.1223629238082343,0.1274464961315135,0.0266479263473966,0.0521883068275726,0.0760783935198579,0.1223629238082343,0.2361566089568019,0.4507829406148452,0.0271098646462924,0.0531917966617136,0.0790745472649498,0.1274464961315135,0.2408254641037491,0.4627501225437475,transformer_mul97_f0.5_wd1.0_softmax_ce_s4,mul,2800
330,0.0484038813379412,0.1223737775802183,0.1275396871710158,0.0266635471677685,0.0522024329221728,0.0760698789489061,0.1223737775802183,0.2362083955875595,0.4507591800596296,0.0271670354205638,0.0532613946146839,0.0791580671814572,0.1275396871710158,0.2409272676044082,0.4628479782062778,transformer_mul97_f0.5_wd1.0_softmax_ce_s4,mul,2800
355,0.0483546653244168,0.122353216328438,0.1276446672227025,0.0266788458852916,0.0522093149507687,0.0760467445200534,0.122353216328438,0.2361912093352725,0.4507505056934527,0.0272288187013396,0.0533393857156963,0.0792649559856191,0.1276446672227025,0.2410156972837748,0.4629340746459487,transformer_mul97_f0.5_wd1.0_softmax_ce_s4,mul,2800
383,0.0486742949661921,0.1223619826297637,0.1277222647237956,0.0266980195361418,0.0522127735911619,0.0760322546454963,0.1223619826297637,0.2361969415806731,0.4507792933851214,0.027262371692075,0.0533889883341058,0.0793548575296618,0.1277222647237956,0.2411006602201444,0.4629901820662801,transformer_mul97_f0.5_wd1.0_softmax_ce_s4,mul,2800
412,0.0490491993681786,0.1223546425352465,0.1277952762151862,0.0267049163316012,0.0522032698236031,0.0760131096286105,0.1223546425352465,0.2362045400074649,0.450789159080001,0.027307350227248,0.0534396227789465,0.0794250091246741,0.1277952762151862,0.2411853407127495,0.463069013860994,transformer_mul97_f0.5_wd1.0_softmax_ce_s4,mul,2800
444,0.0494050431991836,0.1223672682575692,0.1278531882132122,0.026717685431047,0.0522078205787856,0.0760178590115196,0.1223672682575692,0.2362420944229234,0.4508341564272037,0.0273407818483593,0.0534830848378093,0.0794802172320355,0.1278531882132122,0.2412783142716513,0.4631528407132548,transformer_mul97_f0.5_wd1.0_softmax_ce_s4,mul,2800
478,0.0498447957463653,0.1223823416540152,0.1279312331578762,0.0267387913788475,0.0522184177121897,0.0760295295392013,0.1223823416540152,0.2362767359043436,0.4508663162165615,0.0273911587045002,0.0535444431323234,0.079560081918704,0.1279312331578762,0.2414348973716104,0.4633079210784551,transformer_mul97_f0.5_wd1.0_softmax_ce_s4,mul,2800
515,0.0502873699260507,0.1223981353212948,0.1280300291624334,0.0267543971519726,0.0522321497338192,0.0760435953763477,0.1223981353212948,0.2363197133296821,0.4509090483966069,0.0274529313755372,0.0536125574413369,0.07965275253821,0.1280300291624334,0.241552629769077,0.4634033412566837,transformer_mul97_f0.5_wd1.0_softmax_ce_s4,mul,2800
555,0.0508021328186062,0.1223696762331914,0.1282352031348822,0.0267335507402106,0.0521962760740734,0.0760219778887938,0.1223696762331914,0.2362690379173814,0.4509057572717683,0.027563586723724,0.0537459120081424,0.0798353536864928,0.1282352031348822,0.241811671253867,0.4636128057809276,transformer_mul97_f0.5_wd1.0_softmax_ce_s4,mul,2800
598,0.0506733207186329,0.1223498726478869,0.1282368903009138,0.0267358786065851,0.0521903929030867,0.0760104506863295,0.1223498726478869,0.2362482906989339,0.4508760930815496,0.0275640890802544,0.0537545878050435,0.0798479276727769,0.1282368903009138,0.2418247393665179,0.4636254100279165,transformer_mul97_f0.5_wd1.0_softmax_ce_s4,mul,2800
644,0.0507494724313554,0.1223442049126266,0.128231846662705,0.0267410028317385,0.0521874438419326,0.0760068771563985,0.1223442049126266,0.2362441768486395,0.4508661788893807,0.0275572453785344,0.0537563082534594,0.0798477618267735,0.128231846662705,0.2418280347792888,0.4636213360834852,transformer_mul97_f0.5_wd1.0_softmax_ce_s4,mul,2800
694,0.050949223790365,0.1223376265720749,0.1282354926815377,0.0267566773228569,0.0521905597668903,0.0760034837087748,0.1223376265720749,0.2362566758936206,0.450873995410582,0.0275627608292075,0.0537704258397123,0.0798537221875222,0.1282354926815377,0.2418640778170039,0.463666612023476,transformer_mul97_f0.5_wd1.0_softmax_ce_s4,mul,2800
747,0.0512141981037808,0.1223095153354114,0.1282543171687416,0.0267646369535862,0.0521805320836224,0.0759855898961975,0.1223095153354114,0.2362641823930897,0.4508768081825771,0.0275746814026174,0.0537880469793909,0.0798694937759595,0.1282543171687416,0.2419201717788717,0.463716674830198,transformer_mul97_f0.5_wd1.0_softmax_ce_s4,mul,2800
805,0.0526289243602471,0.1221718719203791,0.1287208992158851,0.0267246656268625,0.0520878535780956,0.0759019985317706,0.1221718719203791,0.2361926185153216,0.4506850198246069,0.0279079272414501,0.0541624750620299,0.0803589409895399,0.1287208992158851,0.2427638292623167,0.4643039092909885,transformer_mul97_f0.5_wd1.0_softmax_ce_s4,mul,2800
867,0.0526040546048555,0.1221248904391619,0.1287408856942623,0.0267459466321728,0.0520934446789985,0.0758763166179809,0.1221248904391619,0.2361341480997998,0.4506130713417247,0.0278899676638355,0.0541592048368803,0.0803839864060208,0.1287408856942623,0.242789487189047,0.464303154684936,transformer_mul97_f0.5_wd1.0_softmax_ce_s4,mul,2800
934,0.0526660377647058,0.1221055621676365,0.128750356842084,0.0267518071652032,0.0520868802903378,0.0758674213171174,0.1221055621676365,0.2361398019967241,0.4506131948875647,0.0278705263690446,0.0541522462727014,0.0803811883410746,0.128750356842084,0.2428317917347872,0.4643279736371488,transformer_mul97_f0.5_wd1.0_softmax_ce_s4,mul,2800
1006,0.0528227028251295,0.1220781075430459,0.1293798638626688,0.0267400819818467,0.052034952687708,0.0758395196340025,0.1220781075430459,0.2361397233390042,0.4505366058469126,0.0282143903524201,0.0545732307098354,0.0808996012875984,0.1293798638626688,0.2437547104824835,0.4649316999109963,transformer_mul97_f0.5_wd1.0_softmax_ce_s4,mul,2800
1083,0.0538065105429837,0.1220510559125126,0.1294259810035863,0.0267508560886575,0.0520172453991632,0.0758121849727078,0.1220510559125126,0.2360693257965511,0.4505280785309034,0.0281783645148276,0.0545926561054405,0.0809445104616613,0.1294259810035863,0.2437997048022513,0.4649312110065922,transformer_mul97_f0.5_wd1.0_softmax_ce_s4,mul,2800
1167,0.0540030140796227,0.1220688967965794,0.1294669598458402,0.0267664922073602,0.0519998487986264,0.0758027445858913,0.1220688967965794,0.2361371408932746,0.4505814996734372,0.0281814052404493,0.0545985975492469,0.0809594051267962,0.1294669598458402,0.2439255025085125,0.4650062904762939,transformer_mul97_f0.5_wd1.0_softmax_ce_s4,mul,2800
1257,0.0550153767313221,0.1221795213669495,0.1308409157418701,0.0267189039576865,0.0519196833601627,0.0757631367831924,0.1221795213669495,0.236301280407525,0.4504190257039174,0.0288714309472545,0.0556499728049328,0.0821336319850374,0.1308409157418701,0.2459028163325604,0.4664523341659799,transformer_mul97_f0.5_wd1.0_softmax_ce_s4,mul,2800
1354,0.055310679937074,0.1221607544213199,0.1316552911922542,0.026650459250143,0.0518287260574762,0.0756855176297852,0.1221607544213199,0.2361692987463504,0.4502938133447524,0.0292788611193503,0.0562391191239526,0.0827526350232214,0.1316552911922542,0.246995539672153,0.4673918400155801,transformer_mul97_f0.5_wd1.0_softmax_ce_s4,mul,2800
1459,0.0546012831695286,0.1220022689496338,0.1353002878423136,0.0264394669023815,0.0516605971886314,0.0754446494717604,0.1220022689496338,0.2360074226085628,0.4492944318380027,0.0312611201181285,0.0590679238396929,0.085935811601719,0.1353002878423136,0.2521327970395485,0.4728499495792612,transformer_mul97_f0.5_wd1.0_softmax_ce_s4,mul,2800
1571,0.0539186609047404,0.1221677487185545,0.1349783748814887,0.0265687690640481,0.0517641278637682,0.0755441779423644,0.1221677487185545,0.2361478171566319,0.4493294042291046,0.0308465741009253,0.0586721608758104,0.0854896925679623,0.1349783748814887,0.2519612798639552,0.4725581809319331,transformer_mul97_f0.5_wd1.0_softmax_ce_s4,mul,2800
1692,0.0563605620823902,0.1219272334201524,0.1379146421557592,0.0264221976532224,0.0515351723449243,0.0753072354216102,0.1219272334201524,0.2356848781918301,0.4485986781025016,0.0322418092192533,0.0609498868273963,0.087949969337536,0.1379146421557592,0.2571363573513531,0.4771457627948768,transformer_mul97_f0.5_wd1.0_softmax_ce_s4,mul,2800
1823,0.0565994483874986,0.1218270114249556,0.1398749656452058,0.0263378009050504,0.0513996816385722,0.0751846688526116,0.1218270114249556,0.23538348411316,0.4481815811614735,0.0330351214916883,0.0623543949620055,0.0895181895575959,0.1398749656452058,0.2605622132135981,0.4803211350328377,transformer_mul97_f0.5_wd1.0_softmax_ce_s4,mul,2800
1964,0.0550641554372063,0.1217787632385928,0.1458618317834213,0.0262591256146354,0.0512565115889976,0.0751207754408127,0.1217787632385928,0.2349544845404953,0.4474420008818356,0.0349450561150215,0.06613367373543,0.0937602308763054,0.1458618317834213,0.2690412082746817,0.488589078109146,transformer_mul97_f0.5_wd1.0_softmax_ce_s4,mul,2800
2115,0.0545755302041411,0.1216894387540739,0.1501540873365323,0.0261169535420487,0.0511009912263706,0.075037738555857,0.1216894387540739,0.23459500617983,0.4471889406502975,0.0362560943471226,0.0684763991748994,0.0965380503564201,0.1501540873365323,0.2760069524719261,0.4961106751576715,transformer_mul97_f0.5_wd1.0_softmax_ce_s4,mul,2800
2278,0.0512332924462125,0.1215294360713541,0.1588099624751869,0.0257672342559929,0.0506330599251751,0.0747053972485486,0.1215294360713541,0.2341227339350043,0.4467639608513281,0.0401176882418026,0.0747362134573141,0.102995395953077,0.1588099624751869,0.2880024619145005,0.5091458796211004,transformer_mul97_f0.5_wd1.0_softmax_ce_s4,mul,2800
2454,0.0657050910251166,0.1209852886207809,0.1844138726256882,0.0248147358740566,0.049491721240378,0.0738243468024837,0.1209852886207809,0.2330343060654841,0.4466029217827348,0.0533521242106012,0.0945274136360146,0.1249982810689973,0.1844138726256882,0.3219186148235292,0.5388646105073764,transformer_mul97_f0.5_wd1.0_softmax_ce_s4,mul,2800
2644,0.0562939143689381,0.120271457826463,0.1910725311654158,0.0248244648866509,0.0492749055130706,0.0734797195145671,0.120271457826463,0.2326481965612285,0.4459174097072091,0.0467583040820491,0.0882151583924578,0.1235039370032728,0.1910725311654158,0.3458314906563017,0.5620678894001226,transformer_mul97_f0.5_wd1.0_softmax_ce_s4,mul,2800
2848,0.0595529417335611,0.1203507695597647,0.1916053811534251,0.0247020953635603,0.0492800725339241,0.0734571822969377,0.1203507695597647,0.233232276034476,0.4465026817653697,0.046289079643204,0.0872406928701745,0.1231322753545531,0.1916053811534251,0.3526752217457196,0.5709042666305386,transformer_mul97_f0.5_wd1.0_softmax_ce_s4,mul,2800
3067,0.0623315163359028,0.11939102454765,0.2083840831000072,0.0248375069644084,0.0487720759149601,0.0726482162783695,0.11939102454765,0.2326694684912797,0.4466430641284049,0.0499531005128076,0.0941500954011284,0.1332213731102508,0.2083840831000072,0.387769977162227,0.6048776628539493,transformer_mul97_f0.5_wd1.0_softmax_ce_s4,mul,2800
3304,0.060906956123193,0.1160233124463244,0.2666567289446405,0.0245494510010891,0.0478325058457681,0.0706429655302966,0.1160233124463244,0.2274875972881707,0.4426222770172394,0.0602689021062312,0.1148699764181181,0.1663548151026383,0.2666567289446405,0.5014340025073635,0.6952996921048273,transformer_mul97_f0.5_wd1.0_softmax_ce_s4,mul,2800
3559,0.0646194842315535,0.1154367650790326,0.2742562849777146,0.0245591278951756,0.0475584705282372,0.0702994611919538,0.1154367650790326,0.2264409709271518,0.44205527224537,0.0618292638468814,0.1163421673481817,0.169877846726672,0.2742562849777146,0.5213275756123676,0.7203840143923155,transformer_mul97_f0.5_wd1.0_softmax_ce_s4,mul,2800
3834,0.0701408706530345,0.11450982917618,0.3086966222630204,0.0234927428754727,0.0464286824544859,0.0693611388517595,0.11450982917618,0.2238415336320168,0.4370417926407204,0.0677199384483205,0.1297673994755052,0.189729180513944,0.3086966222630204,0.5936085771834837,0.8153527002111228,transformer_mul97_f0.5_wd1.0_softmax_ce_s4,mul,2800
4130,0.071034550804179,0.1103644978754813,0.323678306935289,0.0224488933401998,0.0445349929346208,0.0665589357317894,0.1103644978754813,0.2189199948323514,0.4321685947192805,0.0656951978772032,0.1308692926885921,0.1953186158350999,0.323678306935289,0.6272048057920726,0.9126759539342624,transformer_mul97_f0.5_wd1.0_softmax_ce_s4,mul,2800
4448,0.0501719973651467,0.1119917484250535,0.3656696786668854,0.0225602398187436,0.0450767821455673,0.0674962733828643,0.1119917484250535,0.2219955942627731,0.4363206596047351,0.0825565946312558,0.1581128734166283,0.2308902247014697,0.3656696786668854,0.6771998868983206,0.9539774021401364,transformer_mul97_f0.5_wd1.0_softmax_ce_s4,mul,2800
4791,0.0318581843711278,0.1140495570999618,0.3546264443220051,0.023262284520707,0.0463161262654691,0.0692734287920998,0.1140495570999618,0.2242719509749308,0.4382129751754017,0.0745934125729767,0.1463687402279183,0.2165597324968859,0.3546264443220051,0.6613898414382317,0.9790167573286446,transformer_mul97_f0.5_wd1.0_softmax_ce_s4,mul,2800
5161,0.0319914884894837,0.1213102571674689,0.3924274629822224,0.0245746428003789,0.0490098376263342,0.0734448665605919,0.1213102571674689,0.2379387281602803,0.4527646996519241,0.1048241731344833,0.1870523705921052,0.2629735593354605,0.3924274629822224,0.6916142207196468,0.9601985277919872,transformer_mul97_f0.5_wd1.0_softmax_ce_s4,mul,2800
5560,0.0187969410882416,0.1174889549495173,0.3474549150430925,0.0254827000499318,0.0491843201642006,0.0723681739106213,0.1174889549495173,0.2286555197672531,0.443476698115274,0.0802795067619807,0.1503149140134089,0.2172109845991853,0.3474549150430925,0.6543012375878514,0.9883541103621564,transformer_mul97_f0.5_wd1.0_softmax_ce_s4,mul,2800
5989,0.0204330761992166,0.1164537993673623,0.3349117635188921,0.0238988614168452,0.0476065556087236,0.0707277067962728,0.1164537993673623,0.2283701032761174,0.4438702261407402,0.0732122077326144,0.143964477966406,0.2077890559376309,0.3349117635188921,0.6314919961347042,0.9836973313268929,transformer_mul97_f0.5_wd1.0_softmax_ce_s4,mul,2800
6451,0.0344599335905909,0.1195378173038135,0.3574382790643545,0.0248742776494173,0.0487703173090483,0.0724180462760985,0.1195378173038135,0.2335035839297156,0.4476949824153979,0.0808857798164975,0.1525651452040094,0.2220108955674566,0.3574382790643545,0.6611082074464173,0.980999797221936,transformer_mul97_f0.5_wd1.0_softmax_ce_s4,mul,2800
6949,0.031649890414775,0.1146810810653344,0.3288034236866187,0.0235412033277711,0.0464636064093072,0.0693197201740778,0.1146810810653344,0.2251479694730244,0.4401405734875325,0.0692351221922589,0.13606122076942,0.2013028387240923,0.3288034236866187,0.6325184370062686,0.9890367938792786,transformer_mul97_f0.5_wd1.0_softmax_ce_s4,mul,2800
7485,0.0566781247788024,0.1163579060900317,0.3674685002462576,0.0239994983537363,0.0473945926268717,0.0705364751982367,0.1163579060900317,0.2270182252264427,0.4420214110190095,0.0805035217320103,0.1550506636590867,0.2287691236574333,0.3674685002462576,0.6732014155020157,0.9766176607303616,transformer_mul97_f0.5_wd1.0_softmax_ce_s4,mul,2800
8062,0.0423528734334987,0.1119253939244782,0.323179629816524,0.0227386053462241,0.0453601678427473,0.0677879957276105,0.1119253939244782,0.220192137918055,0.4334694998824552,0.065576760899485,0.1309090832483402,0.1960074956896075,0.323179629816524,0.6314182095811212,0.9918574913674546,transformer_mul97_f0.5_wd1.0_softmax_ce_s4,mul,2800
8685,0.0195419713886972,0.1179532878701144,0.3698963320883203,0.0241952532880495,0.047838869450549,0.0714707446207686,0.1179532878701144,0.231075848030499,0.4502535967135596,0.085678656431718,0.1587316773416846,0.2300572366532852,0.3698963320883203,0.6801869599044216,0.9908186872652974,transformer_mul97_f0.5_wd1.0_softmax_ce_s4,mul,2800
9355,0.0295633162456827,0.1209840314201484,0.3705737622254959,0.0244387797562242,0.0487741874154975,0.0729031441519105,0.1209840314201484,0.2394683958175834,0.4566677830027993,0.0891835273647523,0.162794326458285,0.2358247144674996,0.3705737622254959,0.6687911601694126,0.9468532528155844,transformer_mul97_f0.5_wd1.0_softmax_ce_s4,mul,2800
10077,0.0201930509292062,0.1155820893285342,0.3421708330406589,0.0240417567412796,0.0476138669335665,0.0705036547946929,0.1155820893285342,0.2261966533662422,0.440856067910087,0.0720106252697649,0.143196501749524,0.2124991409883991,0.3421708330406589,0.6419247389519633,0.9903902298721532,transformer_mul97_f0.5_wd1.0_softmax_ce_s4,mul,2800
10854,0.020504877822636,0.1175121694164149,0.3777839290597464,0.0243471379381106,0.047752534628675,0.0710810545799239,0.1175121694164149,0.2307753125910804,0.4511548990330897,0.0804981335613841,0.1577426727547525,0.2338406714308876,0.3777839290597464,0.688504019733895,0.98884084109766,transformer_mul97_f0.5_wd1.0_softmax_ce_s4,mul,2800
11692,0.0314510828245652,0.1171661782760977,0.4063822701795918,0.024547886739924,0.0489245559112348,0.0718787016576883,0.1171661782760977,0.2282483644074268,0.4449617804579434,0.0896463410131355,0.1781835182171079,0.2550374307257669,0.4063822701795918,0.7049022783554688,0.986424736913399,transformer_mul97_f0.5_wd1.0_softmax_ce_s4,mul,2800
12594,0.0451793186251639,0.1168462954954958,0.4257674106109116,0.0243886846853103,0.0479717380892294,0.0714912556314417,0.1168462954954958,0.2284110061680393,0.4441873731026701,0.1241325095996002,0.2025714829388932,0.2778641172840152,0.4257674106109116,0.7383235817485094,0.9771536364705822,transformer_mul97_f0.5_wd1.0_softmax_ce_s4,mul,2800
13566,0.0803925180537468,0.1134238942012347,0.4214546793809398,0.0233243356128377,0.0463657298743354,0.0691350837378213,0.1134238942012347,0.2225732164722968,0.4363321532993988,0.107355477407047,0.194842313451185,0.2743071534845821,0.4214546793809398,0.7520123626963446,0.9799044752347638,transformer_mul97_f0.5_wd1.0_softmax_ce_s4,mul,2800
14613,0.0342344600774037,0.116574752168553,0.4182158033445358,0.0243329132776536,0.0476957984619893,0.070711008907404,0.116574752168553,0.2294552319199193,0.4466553300534975,0.1041996449080103,0.1961178755403097,0.2724354766056958,0.4182158033445358,0.7420164047194909,0.9851799698542636,transformer_mul97_f0.5_wd1.0_softmax_ce_s4,mul,2800
15741,0.0478403875407767,0.1167854804786921,0.3766890780958531,0.0242076285807491,0.0483523626439705,0.0716843455900288,0.1167854804786921,0.2273339611915409,0.4428163370780397,0.078974931866312,0.1560098063752881,0.229850194099428,0.3766890780958531,0.702736458762579,0.9839721329425593,transformer_mul97_f0.5_wd1.0_softmax_ce_s4,mul,2800
16955,0.0484752367029573,0.1297264836581378,0.432975681856677,0.0291810502411017,0.0552176314272347,0.0808338458107524,0.1297264836581378,0.2456969425055633,0.4642152274863887,0.1606226502232845,0.2414043031555006,0.3063736868966125,0.432975681856677,0.7173971705616092,0.9679562183143592,transformer_mul97_f0.5_wd1.0_softmax_ce_s4,mul,2800
18264,0.0404488820852049,0.115892527768014,0.377719083911263,0.023817900987202,0.0471787899531958,0.0701912472723708,0.115892527768014,0.2288245926088609,0.4455186016959132,0.0891782433023037,0.163071081706259,0.2361161838913874,0.377719083911263,0.7006760592887785,0.9912155934236964,transformer_mul97_f0.5_wd1.0_softmax_ce_s4,mul,2800
19673,0.0872676404224344,0.1184056871992773,0.4153313731196032,0.026334201746728,0.0497746986449286,0.0729718539551627,0.1184056871992773,0.2272146652463889,0.4393761245622425,0.0940837151185326,0.1853274658137879,0.26402001588921,0.4153313731196032,0.7404905358715821,0.9772200929777176,transformer_mul97_f0.5_wd1.0_softmax_ce_s4,mul,2800
21192,0.0694014309789754,0.1120955779745179,0.392411428619122,0.022979167402887,0.0457259589219783,0.0679027983978573,0.1120955779745179,0.2211151492959652,0.4337480270189268,0.0855534948627379,0.1641047689620251,0.2406725226358155,0.392411428619122,0.727736389617319,0.9883963288485684,transformer_mul97_f0.5_wd1.0_softmax_ce_s4,mul,2800
22827,0.0639591698506949,0.1169753421951677,0.4225178513232803,0.0242159195265828,0.0479900393505298,0.0717530749908555,0.1169753421951677,0.2278149146506479,0.4431711264392199,0.0961146103513809,0.1844003472653497,0.2697086085576446,0.4225178513232803,0.763793408449913,0.9875241760917404,transformer_mul97_f0.5_wd1.0_softmax_ce_s4,mul,2800
24589,0.0500603475666199,0.1192052459595493,0.4404908622356021,0.0254084648965284,0.0497342486139615,0.0731600173672131,0.1192052459595493,0.2312814750811407,0.4465957969762284,0.1038050829905909,0.1979357549760084,0.2815211627591491,0.4404908622356021,0.7762420679013542,0.9787326894629492,transformer_mul97_f0.5_wd1.0_softmax_ce_s4,mul,2800
26486,0.0535987131049939,0.1206740640827574,0.4342474863624031,0.0249726677224547,0.0490798469904182,0.0730478244378736,0.1206740640827574,0.2347410622431948,0.4515662688220911,0.0938723589802775,0.1844779948837953,0.2713859955020697,0.4342474863624031,0.7681439926644067,0.9477612803591222,transformer_mul97_f0.5_wd1.0_softmax_ce_s4,mul,2800
28530,0.0592530532670275,0.1354423994821505,0.4306020966594736,0.0294444271368429,0.0578594120626463,0.0855791347126023,0.1354423994821505,0.2505780962635051,0.466811402515673,0.0958102707116231,0.1847324009702325,0.2677956852457304,0.4306020966594736,0.7533869838190246,0.9746444507353634,transformer_mul97_f0.5_wd1.0_softmax_ce_s4,mul,2800
30732,0.0577884611107797,0.1205682432845118,0.4275497701947258,0.0250071710191837,0.0495652768374057,0.073276135023689,0.1205682432845118,0.235147693766289,0.4498940938201179,0.1087917935230265,0.2050416392088545,0.282866374046464,0.4275497701947258,0.7395439912477065,0.9817145554407362,transformer_mul97_f0.5_wd1.0_softmax_ce_s4,mul,2800
33103,0.0560431761977874,0.1199143126863724,0.4286150004813344,0.0249243340021695,0.049066209851624,0.0732051606918412,0.1199143126863724,0.2331643267856301,0.450988572530864,0.1050121940863872,0.201202094133753,0.2790690403902129,0.4286150004813344,0.7513089483616413,0.991239963398974,transformer_mul97_f0.5_wd1.0_softmax_ce_s4,mul,2800
35658,0.0950070847950627,0.1140101538661798,0.4098062066910889,0.0230553134328471,0.0459542323750182,0.0688525729139631,0.1140101538661798,0.2256980022017398,0.4422634295701919,0.1067067631346371,0.1897808731284322,0.2643154042707229,0.4098062066910889,0.7233124909302121,0.9942870451844796,transformer_mul97_f0.5_wd1.0_softmax_ce_s4,mul,2800
38410,0.0823219571722791,0.1188081182364706,0.4121896486287515,0.0251726995898773,0.0494803716505494,0.0728488708165616,0.1188081182364706,0.2316307437457518,0.4480635684587701,0.090922781143463,0.1791981331538746,0.2611459508595749,0.4121896486287515,0.7288492804547013,0.93739206825369,transformer_mul97_f0.5_wd1.0_softmax_ce_s4,mul,2800
41374,0.0445464924426634,0.1175640060461729,0.3833213721429367,0.0245619847230037,0.0479965316941871,0.0712527575286812,0.1175640060461729,0.2306066306109035,0.4463602537170591,0.0921414535615093,0.1745318940055316,0.2481937660295994,0.3833213721429367,0.6935556962358753,0.991851570785182,transformer_mul97_f0.5_wd1.0_softmax_ce_s4,mul,2800
44567,0.0571571628187581,0.1211343417923409,0.4145020563819372,0.0253483799492984,0.0500180892844967,0.0744297189500345,0.1211343417923409,0.2335471933344025,0.4537905742075865,0.0893997591898195,0.1767125292209864,0.2586839704872763,0.4145020563819372,0.749724381825305,0.9493538258474852,transformer_mul97_f0.5_wd1.0_softmax_ce_s4,mul,2800
48006,0.0563705007779238,0.1154250554997748,0.4434018629412564,0.0234539461807105,0.0468590707056191,0.0697907230757677,0.1154250554997748,0.2282145915258015,0.444763450476827,0.1094755823959272,0.2090385766221851,0.297720754478625,0.4434018629412564,0.7552914360507473,0.9863207683421802,transformer_mul97_f0.5_wd1.0_softmax_ce_s4,mul,2800
51711,0.0561915449758462,0.1226277531450221,0.4343409973617607,0.0260386022554728,0.0504229799919224,0.0747194697301578,0.1226277531450221,0.2391661493491525,0.4572185050513034,0.115944180081571,0.1998699592841069,0.2799068532367251,0.4343409973617607,0.759930011543961,0.9535844312978252,transformer_mul97_f0.5_wd1.0_softmax_ce_s4,mul,2800
55701,0.0360528024643746,0.1198360611493436,0.3975607939992988,0.0243143065637353,0.0486138566441257,0.0726702338791286,0.1198360611493436,0.2332931765854634,0.4515846412528577,0.1084879860030199,0.1862172854240373,0.260666755861631,0.3975607939992988,0.7104977395785,0.9940707218048888,transformer_mul97_f0.5_wd1.0_softmax_ce_s4,mul,2800
60000,0.0386819432400347,0.1193858732401522,0.391833384235783,0.0245964094641769,0.0491782849711942,0.0726406413725484,0.1193858732401522,0.2340812860101913,0.4520856016179638,0.0879787217195475,0.1738548771286837,0.2478800344412619,0.391833384235783,0.7112029060737741,0.9935575465145848,transformer_mul97_f0.5_wd1.0_softmax_ce_s4,mul,2800
0,0.0533167137970209,0.1173431574352981,0.1218293596233479,0.0236154469970105,0.0472080339010358,0.0707978333667646,0.1173431574352981,0.2312752565463535,0.4490029489403283,0.0258684571190925,0.0500180463591092,0.0740156313650239,0.1218293596233479,0.2374221981723366,0.4548023171491062,transformer_div97_f0.5_wd1.0_softmax_ce_s0,div,8100
1,0.0533173867200097,0.1173420840455785,0.1218326102055005,0.0236180971761785,0.0472102119302616,0.0707950893825671,0.1173420840455785,0.231265079468841,0.4489934654285636,0.0258652102182369,0.0500152740916267,0.0740160548232271,0.1218326102055005,0.2374228992551726,0.4548043935632492,transformer_div97_f0.5_wd1.0_softmax_ce_s0,div,8100
2,0.0533531700489188,0.1173440152568083,0.1218344364644497,0.023620399825616,0.0472130996531102,0.0707940612240855,0.1173440152568083,0.2312617170957865,0.44899419202877,0.02586273293444,0.050012090970308,0.0740155512787994,0.1218344364644497,0.237418702835174,0.4548029147436538,transformer_div97_f0.5_wd1.0_softmax_ce_s0,div,8100
3,0.0534222112614873,0.1173457476724871,0.1218365540997975,0.0236223979285508,0.0472158152041046,0.0707928100012642,0.1173457476724871,0.2312586161700781,0.4489962201937026,0.0258602685616881,0.0500096094184454,0.0740153722585211,0.1218365540997975,0.23741341272293,0.4547994238954057,transformer_div97_f0.5_wd1.0_softmax_ce_s0,div,8100
4,0.0535216552231641,0.1173477437727552,0.1218385812094533,0.0236240705517161,0.0472183030128373,0.0707915367548816,0.1173477437727552,0.2312562028536439,0.4489995252003229,0.0258576206368456,0.0500072828984613,0.0740150810626713,0.1218385812094533,0.2374084334707032,0.4547950527722726,transformer_div97_f0.5_wd1.0_softmax_ce_s0,div,8100
5,0.0536388231631597,0.1173498150995274,0.1218406913592598,0.0236253286343799,0.0472203751814051,0.070790195420355,0.1173498150995274,0.2312545438484271,0.4490039471702211,0.0258552075136997,0.0500055309955808,0.0740150787987879,0.1218406913592598,0.2374038771995563,0.4547897090305811,transformer_div97_f0.5_wd1.0_softmax_ce_s0,div,8100
6,0.0537659465300628,0.1173518997296141,0.121843104825926,0.0236261522450297,0.0472219732274478,0.0707888460722173,0.1173518997296141,0.2312532896708298,0.4490089233482168,0.0258530542160508,0.0500042925618653,0.0740154839262704,0.121843104825926,0.2373999365706622,0.4547840246207675,transformer_div97_f0.5_wd1.0_softmax_ce_s0,div,8100
7,0.0538959540522683,0.1173537653736671,0.1218459746800239,0.0236265058697775,0.0472229956899099,0.070787302320778,0.1173537653736671,0.2312521834031265,0.4490138527906175,0.0258511518384972,0.0500035135409934,0.0740162675429706,0.1218459746800239,0.2373966015576826,0.4547783207908949,transformer_div97_f0.5_wd1.0_softmax_ce_s0,div,8100
8,0.0540234104759532,0.1173552149903086,0.1218493387547097,0.0236263721873781,0.0472233997252284,0.0707854222117218,0.1173552149903086,0.2312507279705014,0.449017977170235,0.0258495477991001,0.050003261943533,0.0740174509126836,0.1218493387547097,0.237393791030932,0.4547729201827403,transformer_div97_f0.5_wd1.0_softmax_ce_s0,div,8100
9,0.0541344555876723,0.117356043477372,0.1218531217417151,0.0236258143858189,0.0472232693264048,0.0707831634825669,0.117356043477372,0.2312513589039843,0.4490210984832318,0.0258483028275537,0.050003573545235,0.0740190108082595,0.1218531217417151,0.2373911461837013,0.4547678616730975,transformer_div97_f0.5_wd1.0_softmax_ce_s0,div,8100
10,0.0541593454075463,0.1173562056821355,0.12185720011866,0.0236247568648024,0.0472225349452903,0.0707804226994111,0.1173562056821355,0.2312533650640192,0.4490229376369311,0.0258474394310139,0.050004470354756,0.0740209537972286,0.12185720011866,0.2373881991210746,0.454762563112308,transformer_div97_f0.5_wd1.0_softmax_ce_s0,div,8100
11,0.0541750730375805,0.1173557179675975,0.1218615350832566,0.0236232192830984,0.0472212623983011,0.0707772989317268,0.1173557179675975,0.2312547807187137,0.4490234895930365,0.0258469220879968,0.0500059219857066,0.0740232291063132,0.1218615350832566,0.2373847690536015,0.4547570294178552,transformer_div97_f0.5_wd1.0_softmax_ce_s0,div,8100
12,0.0541847708388904,0.1173546285820808,0.1218664627614172,0.0236212786935234,0.0472195275159321,0.0707791765680741,0.1173546285820808,0.2312553595775792,0.4490232498176872,0.0258467543995304,0.0500079542084181,0.0740259900379026,0.1218664627614172,0.2373810103407861,0.4547512472635011,transformer_div97_f0.5_wd1.0_softmax_ce_s0,div,8100
13,0.054188371317421,0.1173530954066855,0.1218722163708348,0.0236189724332886,0.0472174402941839,0.0707811809243008,0.1173530954066855,0.2312552803902273,0.4490225281164308,0.0258468168278021,0.050010436803312,0.0740293190074802,0.1218722163708348,0.2373772213573236,0.4547453675764021,transformer_div97_f0.5_wd1.0_softmax_ce_s0,div,8100
15,0.0541695637466636,0.117349342296301,0.121886434806098,0.0236132015655482,0.0472122355829238,0.0707840634291411,0.117349342296301,0.2312543570918548,0.4490202808340486,0.0258473666013903,0.0500164134788503,0.0740373985203879,0.121886434806098,0.2373706250963097,0.4547326602136993,transformer_div97_f0.5_wd1.0_softmax_ce_s0,div,8100
16,0.0541523782713756,0.1173468888206285,0.1218943461478902,0.0236096218960526,0.0472090505452283,0.0707848165996807,0.1173468888206285,0.2312536430819977,0.4490188969704869,0.0258476129754277,0.0500195669289065,0.0740416136647258,0.1218943461478902,0.2373677045658635,0.4547251319320393,transformer_div97_f0.5_wd1.0_softmax_ce_s0,div,8100
17,0.0541347409256169,0.1173436111877583,0.1219020123396182,0.023605407363354,0.0472052735527604,0.0707848045265897,0.1173436111877583,0.2312527333254375,0.4490172791130897,0.025847618858713,0.0500224107513679,0.074045393091804,0.1219020123396182,0.2373643718163123,0.4547159149113636,transformer_div97_f0.5_wd1.0_softmax_ce_s0,div,8100
18,0.0541167882190524,0.1173392960413175,0.1219090745512575,0.0236005151561679,0.0472008085220155,0.0707838725242966,0.1173392960413175,0.2312515404727051,0.4490150063265076,0.0258472362098564,0.0500247484988867,0.074048503054248,0.1219090745512575,0.2373602867916772,0.4547050278642134,transformer_div97_f0.5_wd1.0_softmax_ce_s0,div,8100
20,0.0540927608868081,0.1173278874671062,0.1219213078877883,0.0236010939873028,0.0471904945551899,0.0707794416813613,0.1173278874671062,0.2312490829045104,0.449008439802098,0.0258453382355239,0.0500277460070077,0.0740527629306561,0.1219213078877883,0.23735010736903,0.4546798498379785,transformer_div97_f0.5_wd1.0_softmax_ce_s0,div,8100
21,0.0540864094382991,0.117320988329712,0.1219266697728941,0.0236015284896285,0.0471937138333375,0.0707762138827355,0.117320988329712,0.2312477309183503,0.4490040165653911,0.0258438877173913,0.0500282899990838,0.0740539068625615,0.1219266697728941,0.2373445084907485,0.4546665131094266,transformer_div97_f0.5_wd1.0_softmax_ce_s0,div,8100
23,0.0540835396230626,0.1173054482152639,0.1219366483637367,0.0236027381467034,0.0471995444047817,0.0707683640047803,0.1173054482152639,0.2312450387360208,0.4489929202860478,0.0258400788625815,0.0500271513894934,0.074053962436301,0.1219366483637367,0.2373335793412471,0.4546461629369317,transformer_div97_f0.5_wd1.0_softmax_ce_s0,div,8100
24,0.0540832215208203,0.1172969362430237,0.121941337708599,0.0236034814644127,0.0472019951892602,0.0707638209713977,0.1172969362430237,0.2312434732251606,0.4489863607936606,0.0258376272374052,0.0500253255745985,0.0740526231792196,0.121941337708599,0.2373281027282011,0.4546390330758001,transformer_div97_f0.5_wd1.0_softmax_ce_s0,div,8100
26,0.0540847781866018,0.1172900746804509,0.1219503050260914,0.0236048534941777,0.0472053093412942,0.0707534915392891,0.1172900746804509,0.2312396880467205,0.448971144446502,0.0258314563401144,0.0500191491963067,0.0740465753259562,0.1219503050260914,0.2373172184753441,0.4546248014516753,transformer_div97_f0.5_wd1.0_softmax_ce_s0,div,8100
28,0.0540900487053547,0.1172829377040803,0.1219590585676037,0.0236049275606985,0.0472052473068128,0.0707430599226881,0.1172829377040803,0.2312338507186422,0.4489528852420097,0.0258239948931489,0.0500105818548794,0.074036863353749,0.1219590585676037,0.2373049733192651,0.454608369813588,transformer_div97_f0.5_wd1.0_softmax_ce_s0,div,8100
31,0.0540335623672688,0.1172704444438182,0.1219723562075829,0.02360198857639,0.0471983066267759,0.0707339896497674,0.1172704444438182,0.2312226168499651,0.4489244935279994,0.0258107840116614,0.0499965139803962,0.074018292433675,0.1219723562075829,0.2372825208234911,0.4545814023463462,transformer_div97_f0.5_wd1.0_softmax_ce_s0,div,8100
33,0.0539398751541207,0.1172645539163552,0.1219858108219822,0.0236003407050528,0.0471919659741311,0.0707272350250174,0.1172645539163552,0.2312145243842165,0.4489058873529455,0.0258030472881001,0.0499900353104535,0.0740076365766908,0.1219858108219822,0.2372704878295321,0.4545636030005007,transformer_div97_f0.5_wd1.0_softmax_ce_s0,div,8100
35,0.0537962123260468,0.1172624318644152,0.1220039468167496,0.0235994021015397,0.0471862704190837,0.0707222224889986,0.1172624318644152,0.2312069478040602,0.4488886013549161,0.0257972393084798,0.0499865506932593,0.074007581431646,0.1220039468167496,0.2372602934781025,0.4545422631255244,transformer_div97_f0.5_wd1.0_softmax_ce_s0,div,8100
38,0.0534382944325331,0.1172662896432403,0.1220332845865007,0.0235987346794834,0.0471789247372619,0.0707175408846771,0.1172662896432403,0.2312000044205853,0.4488663867139443,0.0257910927999838,0.0499839580121699,0.0740249493377353,0.1220332845865007,0.2372429901790322,0.4545026664322289,transformer_div97_f0.5_wd1.0_softmax_ce_s0,div,8100
41,0.0529051328853048,0.1172757757586239,0.1220558800001668,0.0235995240910749,0.0471727617420556,0.0707156429138919,0.1172757757586239,0.231201373305223,0.4488397920480706,0.0257855302414622,0.049980297604712,0.0740339604593309,0.1220558800001668,0.2372195145810786,0.4544553404209644,transformer_div97_f0.5_wd1.0_softmax_ce_s0,div,8100
44,0.0524435370844223,0.1172899934415349,0.122073011557937,0.0236023209371657,0.0471708541562912,0.0707178698400544,0.1172899934415349,0.2312100651350846,0.4488107992653228,0.0257774623631271,0.0499744746153803,0.0740332801747417,0.122073011557937,0.2372011458457477,0.454412739977591,transformer_div97_f0.5_wd1.0_softmax_ce_s0,div,8100
48,0.051989407456651,0.1173041766825719,0.1221053952050725,0.0236052446440623,0.0471708240090358,0.0707220250546927,0.1173041766825719,0.231217795567129,0.4487907631879186,0.025761992539674,0.0499639074506813,0.0740473715573292,0.1221053952050725,0.23720630325251,0.4543747053894907,transformer_div97_f0.5_wd1.0_softmax_ce_s0,div,8100
51,0.0516747689372759,0.1173011206245003,0.1221345272747416,0.023604510574622,0.0471667888621302,0.0707154525905662,0.1173011206245003,0.2312159667564679,0.4487756304888329,0.025750357419202,0.0499524013608217,0.0740648861394079,0.1221345272747416,0.2372222790493817,0.4543515493700338,transformer_div97_f0.5_wd1.0_softmax_ce_s0,div,8100
55,0.0512641348009022,0.1172796270523195,0.1221722861391288,0.0236006717834598,0.0471557594330558,0.0706928728866816,0.1172796270523195,0.2311933078395261,0.4487263105008876,0.025741768180204,0.0499400333218382,0.0740909603900585,0.1221722861391288,0.2372577644019591,0.4543258508612829,transformer_div97_f0.5_wd1.0_softmax_ce_s0,div,8100
60,0.0507959996543903,0.1172511853940109,0.1222379064012655,0.0235989616526646,0.0471388609863906,0.0706697916471361,0.1172511853940109,0.2311596361523875,0.4486607333981139,0.0257389531009668,0.0499374579737703,0.0741343359430628,0.1222379064012655,0.2373303579512325,0.4542998576538776,transformer_div97_f0.5_wd1.0_softmax_ce_s0,div,8100
64,0.0504613025120922,0.1172403541157022,0.1223009182220289,0.0236055813268333,0.0471347675887729,0.0706602594634308,0.1172403541157022,0.2311601061103451,0.4486246553690395,0.0257448741781071,0.0499838641910821,0.0741846380784733,0.1223009182220289,0.2374034420634137,0.4543149481384047,transformer_div97_f0.5_wd1.0_softmax_ce_s0,div,8100
69,0.0498750839848777,0.1172565119408859,0.122378864330605,0.0236224449758616,0.0471471742818553,0.0706627939095418,0.1172565119408859,0.2311883812947582,0.4486076871338539,0.025761758289805,0.0500429268811358,0.0742465373211738,0.122378864330605,0.2375035446683251,0.4543353383230738,transformer_div97_f0.5_wd1.0_softmax_ce_s0,div,8100
75,0.0488157282026712,0.1172843796984434,0.1224594779216424,0.0236483796885728,0.0471895211916182,0.0707148086456764,0.1172843796984434,0.2312269448360528,0.4486178198179939,0.0257810185556709,0.0501088045983506,0.0743042646296347,0.1224594779216424,0.2376101810635171,0.4543493553549471,transformer_div97_f0.5_wd1.0_softmax_ce_s0,div,8100
80,0.0480797338116864,0.11730330201739,0.1225286867499535,0.0236711789906309,0.047226778569663,0.0707621422483099,0.11730330201739,0.2312366908952098,0.4486161508680319,0.0257969916156904,0.0501657735861338,0.0743565230116577,0.1225286867499535,0.2377097662843575,0.4543909491918998,transformer_div97_f0.5_wd1.0_softmax_ce_s0,div,8100
87,0.0477334471111594,0.1173149348821706,0.1226246101001759,0.023697909646332,0.0472648512734862,0.0708201210141811,0.1173149348821706,0.2312188707282446,0.4485990316544376,0.0258142084044456,0.0502333458298347,0.0744649724099566,0.1226246101001759,0.237860542987783,0.4544914393337989,transformer_div97_f0.5_wd1.0_softmax_ce_s0,div,8100
93,0.0478751416426332,0.1173108756683295,0.1226884316894423,0.0237132921829912,0.0472854216484412,0.0708526210186772,0.1173108756683295,0.2311953535175779,0.4485889632969955,0.0258275940377441,0.0502789157050966,0.0745480119404063,0.1226884316894423,0.2380008664475602,0.4546016340020715,transformer_div97_f0.5_wd1.0_softmax_ce_s0,div,8100
100,0.0483988248903086,0.1172958221711338,0.1227370831462566,0.0237241721492484,0.0473022172298401,0.0708723667289315,0.1172958221711338,0.2311573371846617,0.4485674295310001,0.0258489195904682,0.0503186137822322,0.0746347715679872,0.1227370831462566,0.2381317076810766,0.454721835881449,transformer_div97_f0.5_wd1.0_softmax_ce_s0,div,8100
108,0.0494829216652895,0.1172905595967018,0.1227744264341972,0.0237278705469882,0.0473168690290583,0.0708726361187534,0.1172905595967018,0.2311293878163166,0.4485705769769412,0.0258737184146839,0.0503506208596652,0.0746977654204994,0.1227744264341972,0.2382402415763624,0.4548495820954796,transformer_div97_f0.5_wd1.0_softmax_ce_s0,div,8100
116,0.050362976438288,0.1172994877101586,0.1228070279802209,0.023721573779394,0.047325162480034,0.0708674997545378,0.1172994877101586,0.2311246526513939,0.4486015660277281,0.0259061148406093,0.0503744086410195,0.074741463052159,0.1228070279802209,0.2383288804418428,0.454950854721078,transformer_div97_f0.5_wd1.0_softmax_ce_s0,div,8100
125,0.050580626771532,0.1172842600415131,0.1228144286553296,0.0237131809135948,0.0473276288912583,0.0708541306988519,0.1172842600415131,0.2310931789525664,0.4486078029936535,0.0259284293639014,0.0503830435009546,0.0747624171909766,0.1228144286553296,0.2383858413883808,0.4549989242487866,transformer_div97_f0.5_wd1.0_softmax_ce_s0,div,8100
135,0.0504975541842585,0.117273007209431,0.1228247870651007,0.023718933929452,0.047345536382085,0.0708600500672205,0.117273007209431,0.2310856451116163,0.4486434395356047,0.0259437265555969,0.0503908726928571,0.074775428582873,0.1228247870651007,0.238461992806901,0.4550569142814596,transformer_div97_f0.5_wd1.0_softmax_ce_s0,div,8100
146,0.0502552186895944,0.11727837566571,0.122840785716075,0.0237244576131122,0.0473647995081843,0.0708921619500215,0.11727837566571,0.2310940390361912,0.4486822368854687,0.0259460463621222,0.0503859926785629,0.0747789322479515,0.122840785716075,0.2385323400478111,0.4551200682461709,transformer_div97_f0.5_wd1.0_softmax_ce_s0,div,8100
157,0.049801950063827,0.1172867036593812,0.1228572233828507,0.0237256680649632,0.0473789208273225,0.0709220165680934,0.1172867036593812,0.2311195656532935,0.4487335411401421,0.0259544133302199,0.0503891066663574,0.0747910502107691,0.1228572233828507,0.2385773488980012,0.4551701692925918,transformer_div97_f0.5_wd1.0_softmax_ce_s0,div,8100
169,0.0490783545173705,0.1172989110524075,0.1228700099523046,0.0237334000100199,0.0473946516305045,0.0709449077170744,0.1172989110524075,0.2311582116809426,0.4488123163664088,0.0259657461548612,0.0503989845821169,0.0748048100517946,0.1228700099523046,0.2386143569835389,0.4552122141182627,transformer_div97_f0.5_wd1.0_softmax_ce_s0,div,8100
182,0.0484928468725892,0.1173100649346149,0.1228914574125523,0.0237420326105163,0.0474075131818219,0.0709662720305579,0.1173100649346149,0.2312056445855166,0.4488973194590581,0.0259770955383062,0.0504177291226627,0.0748267129867079,0.1228914574125523,0.2386669628886545,0.4552517132681498,transformer_div97_f0.5_wd1.0_softmax_ce_s0,div,8100
196,0.0478752645757898,0.1173168126886153,0.1229043998699671,0.0237495965114665,0.0474226079244201,0.07098421372468,0.1173168126886153,0.2312571008104422,0.4489647247492496,0.0259833033739416,0.0504231492666206,0.0748406148494602,0.1229043998699671,0.2387135495107033,0.4552793674012767,transformer_div97_f0.5_wd1.0_softmax_ce_s0,div,8100
211,0.0479783489792773,0.1173286898741445,0.1229357975108642,0.0237598987198099,0.047438576765557,0.0710046523818058,0.1173286898741445,0.2313033770630438,0.4490200274971507,0.025992328980474,0.0504366911729832,0.0748711779494476,0.1229357975108642,0.2387708646250776,0.4553322048083911,transformer_div97_f0.5_wd1.0_softmax_ce_s0,div,8100
227,0.047943904669002,0.1173333915450095,0.1229720836634654,0.0237698702780381,0.0474476445749885,0.0710160336585299,0.1173333915450095,0.2313248703322604,0.4490781441566379,0.0260035694123882,0.0504585094131773,0.0749047597296223,0.1229720836634654,0.2388250336181527,0.4553854271713139,transformer_div97_f0.5_wd1.0_softmax_ce_s0,div,8100
245,0.0479432778531384,0.1173236118722617,0.1230066019752888,0.0237729403805417,0.047440219400191,0.0710070975225021,0.1173236118722617,0.2313275875402358,0.4491106407858415,0.0260126555213638,0.050479977166553,0.074938321152573,0.1230066019752888,0.238890761424051,0.4554501870191143,transformer_div97_f0.5_wd1.0_softmax_ce_s0,div,8100
264,0.0478531329514141,0.1173041022350606,0.1230223192248177,0.0237656792963633,0.0474285658528621,0.070992615241097,0.1173041022350606,0.2313178781576648,0.4491165749861149,0.0260196587190839,0.0504974849768418,0.0749602862979606,0.1230223192248177,0.2389354722878012,0.455504770538206,transformer_div97_f0.5_wd1.0_softmax_ce_s0,div,8100
284,0.047549975204881,0.1172923010426217,0.1230348481486954,0.0237658396800946,0.0474259202793337,0.070980886770375,0.1172923010426217,0.2313013572981273,0.4491265685413371,0.026020742213731,0.0505161530976825,0.0749814880808782,0.1230348481486954,0.2389793553370044,0.455558169368757,transformer_div97_f0.5_wd1.0_softmax_ce_s0,div,8100
306,0.0472918976796932,0.1172685874865214,0.1230490361072397,0.0237634917846162,0.0474196543925303,0.0709637920628503,0.1172685874865214,0.2312720276409867,0.4491385803233153,0.0260228541340765,0.0505315275574835,0.0750064249327659,0.1230490361072397,0.2390297804136402,0.4556124802045574,transformer_div97_f0.5_wd1.0_softmax_ce_s0,div,8100
330,0.0470425649240917,0.1172420789116686,0.1230586062213194,0.0237569045178492,0.0474092477298468,0.0709425851072685,0.1172420789116686,0.2312434992928983,0.4491516733588613,0.0260246749747579,0.0505447728381532,0.0750268372977982,0.1230586062213194,0.2390706988706282,0.4556564004689094,transformer_div97_f0.5_wd1.0_softmax_ce_s0,div,8100
355,0.0467742866126911,0.1172232512847795,0.1230747029715971,0.0237579862342524,0.0474024373952867,0.0709251270975638,0.1172232512847795,0.2312168439281567,0.4491550902348514,0.0260252627914154,0.0505617894391078,0.0750526095741438,0.1230747029715971,0.2391198828373555,0.4556989503038209,transformer_div97_f0.5_wd1.0_softmax_ce_s0,div,8100
383,0.0468528487097284,0.1172233692813605,0.1230760750969242,0.0237677063168327,0.0474085082892085,0.0709270059268459,0.1172233692813605,0.2312264595914046,0.4491490009218045,0.026026770025265,0.050578474131979,0.075074332748934,0.1230760750969242,0.2391577884452334,0.4557013126889245,transformer_div97_f0.5_wd1.0_softmax_ce_s0,div,8100
412,0.0471632900827073,0.1172345428361091,0.1230738079399814,0.0237870156923895,0.0474240197518134,0.0709319989088389,0.1172345428361091,0.2312501568051435,0.4491334615167551,0.0260293009272721,0.0505964807327644,0.0750945318559033,0.1230738079399814,0.2391895500230546,0.4556907676583687,transformer_div97_f0.5_wd1.0_softmax_ce_s0,div,8100
444,0.0477186751581822,0.1171724033627762,0.1231622271682192,0.0237591771143079,0.0473540756008869,0.0708771972789889,0.1171724033627762,0.2312000322683374,0.4489862004860555,0.0260283395315063,0.0506443243806135,0.075198182940851,0.1231622271682192,0.2393252896056524,0.4557973852990971,transformer_div97_f0.5_wd1.0_softmax_ce_s0,div,8100
478,0.0475570798707598,0.1171868112143493,0.1231621369675737,0.0237656186717305,0.0473684009915425,0.0708756138912638,0.1171868112143493,0.2312115730227614,0.4489645626361895,0.0260354096949224,0.0506547198669796,0.0752080724676758,0.1231621369675737,0.2393515976946687,0.4557607673131769,transformer_div97_f0.5_wd1.0_softmax_ce_s0,div,8100
515,0.0476759964921178,0.1171903621568639,0.1231484817344627,0.023776689072523,0.0473839181140016,0.0708744244837528,0.1171903621568639,0.2312138137519052,0.4489289380726677,0.0260320404656979,0.050656222493027,0.0752001254957178,0.1231484817344627,0.2393493607244269,0.4557218390241369,transformer_div97_f0.5_wd1.0_softmax_ce_s0,div,8100
555,0.0479538097494208,0.1171955087263268,0.123136137802345,0.0237899392320709,0.0474015287065781,0.0708755133238902,0.1171955087263268,0.2312371644002244,0.4489068228152788,0.026025905743067,0.0506576863682421,0.0751954814903993,0.123136137802345,0.2393572404362005,0.4557052501328206,transformer_div97_f0.5_wd1.0_softmax_ce_s0,div,8100
598,0.0483891722823022,0.117201295051968,0.1231287734684469,0.0237996272365273,0.0474155153333303,0.0708722621989158,0.117201295051968,0.2312664646095376,0.448883405576387,0.0260215313619384,0.0506630940280617,0.0751977436679672,0.1231287734684469,0.2393785800551884,0.4557029088673068,transformer_div97_f0.5_wd1.0_softmax_ce_s0,div,8100
644,0.049240732932533,0.1171762318642315,0.1232104290035845,0.023786139820921,0.0473988395445831,0.0708534430277758,0.1171762318642315,0.2312431356821717,0.4488137382124267,0.0260246025994644,0.0507325657603345,0.0753061625784634,0.1232104290035845,0.239515014838077,0.4557957314192438,transformer_div97_f0.5_wd1.0_softmax_ce_s0,div,8100
694,0.048830293587067,0.1170955163302868,0.1232710262262059,0.0237231586047692,0.0473455995542922,0.0707703197996509,0.1170955163302868,0.2310993497479855,0.4484760057417974,0.0260152167473973,0.0507847882879914,0.0754311339169805,0.1232710262262059,0.2396245636835098,0.4558340493402749,transformer_div97_f0.5_wd1.0_softmax_ce_s0,div,8100
747,0.0488863730085048,0.1170523235262521,0.1232569038074484,0.0237252861892318,0.0473554959918241,0.0707330178490387,0.1170523235262521,0.2310339793747259,0.4483330566750694,0.0260155695930333,0.0507813179921088,0.0754129606222111,0.1232569038074484,0.2396018089950937,0.4558292519097225,transformer_div97_f0.5_wd1.0_softmax_ce_s0,div,8100
805,0.0489652390407481,0.1170053635066859,0.1232661217917299,0.0237455311186846,0.0473787534424275,0.070696696685236,0.1170053635066859,0.230973344581629,0.4481865728374033,0.0260158791628817,0.0507928984802296,0.0754082956272023,0.1232661217917299,0.2396101219799361,0.455846797315102,transformer_div97_f0.5_wd1.0_softmax_ce_s0,div,8100
867,0.0495119923125786,0.1169575029477794,0.1234409673293279,0.0237417170800489,0.0473575126963491,0.0706383712732555,0.1169575029477794,0.2308786851293131,0.4479323117088361,0.0260498976900934,0.0508920954047788,0.0755597097392829,0.1234409673293279,0.2398024870505884,0.4559899751222883,transformer_div97_f0.5_wd1.0_softmax_ce_s0,div,8100
934,0.0502645568737843,0.1169442603206361,0.1234936946628169,0.0237441238532791,0.0473354834300901,0.0706107579091688,0.1169442603206361,0.2308233560084923,0.4477369969126614,0.0260791451093208,0.0509447442535274,0.0756459156120325,0.1234936946628169,0.2398341610850828,0.4559892195965384,transformer_div97_f0.5_wd1.0_softmax_ce_s0,div,8100
1006,0.0507520720263265,0.1169253020698184,0.1234823338963472,0.0237700169951532,0.0473456534265315,0.0706225412335439,0.1169253020698184,0.2308180368186864,0.4477024176625554,0.0260765217087732,0.0509626924478184,0.0756381730123703,0.1234823338963472,0.2398395602663238,0.455997033230463,transformer_div97_f0.5_wd1.0_softmax_ce_s0,div,8100
1083,0.0520283418447839,0.1168794504398295,0.1239387575818133,0.0237451093356156,0.0472703163335262,0.0705460351966989,0.1168794504398295,0.2306512541131888,0.4472083337540504,0.0262227771544002,0.0512652995495453,0.0761001527364737,0.1239387575818133,0.24035675202496,0.4565696642142537,transformer_div97_f0.5_wd1.0_softmax_ce_s0,div,8100
1167,0.0521713845922159,0.1168322538550318,0.1238241826251795,0.0237347237262513,0.0472397019847192,0.070490175465598,0.1168322538550318,0.2305839395462036,0.4472057438624188,0.0262071404853996,0.0512344922989788,0.0760360704417242,0.1238241826251795,0.2402089534628168,0.4564503313566447,transformer_div97_f0.5_wd1.0_softmax_ce_s0,div,8100
1257,0.0519773979657273,0.1167311702641405,0.1243398290802801,0.0236376873476944,0.047138316020698,0.0704395878546408,0.1167311702641405,0.2303154814513305,0.4465352447884038,0.0263484305931003,0.0516123269443273,0.076656227861443,0.1243398290802801,0.2408455766102406,0.4576040663756717,transformer_div97_f0.5_wd1.0_softmax_ce_s0,div,8100
1354,0.0528353551936902,0.1167513775102404,0.1242206943231264,0.0236829047836859,0.0471624313277611,0.0704607598211192,0.1167513775102404,0.2302909493099314,0.4465609509348524,0.0263320757827943,0.0515805324227648,0.0765711136964508,0.1242206943231264,0.2407199032170306,0.4574937926982976,transformer_div97_f0.5_wd1.0_softmax_ce_s0,div,8100
1459,0.0521476414238021,0.1166954871104722,0.1253054765923623,0.023624463018708,0.0471162206601856,0.0704719538632258,0.1166954871104722,0.2299099173176053,0.4457928152388322,0.0265741745464873,0.0520799067439851,0.0773129086681258,0.1253054765923623,0.2416042883572009,0.4591012336777688,transformer_div97_f0.5_wd1.0_softmax_ce_s0,div,8100
1571,0.0523616802804784,0.1165764141426116,0.1263251481215346,0.0235425209966285,0.047022114157399,0.0703983356834698,0.1165764141426116,0.2294551980043404,0.4451557712890581,0.0267587815482589,0.0525558384355197,0.0781305112568256,0.1263251481215346,0.2425975524633569,0.4606807136348214,transformer_div97_f0.5_wd1.0_softmax_ce_s0,div,8100
1692,0.0534896013009086,0.1165137919369297,0.1280061051200564,0.0235164694572798,0.0470080469142223,0.0704576446842001,0.1165137919369297,0.2289493930451974,0.4444356682319828,0.0271078144467407,0.0533812198435316,0.0793336034237558,0.1280061051200564,0.2447766405110374,0.4632852406818754,transformer_div97_f0.5_wd1.0_softmax_ce_s0,div,8100
1823,0.056684032897864,0.11641321643936,0.1297677496033122,0.0235892218207718,0.0470407140598391,0.0704005666101723,0.11641321643936,0.228435134896763,0.4440760184944567,0.0274106281115358,0.0542364094023444,0.0806778833325019,0.1297677496033122,0.2473210120072582,0.4659020780048747,transformer_div97_f0.5_wd1.0_softmax_ce_s0,div,8100
1964,0.0589511850762196,0.1162444522453343,0.1302672108126567,0.023544375184418,0.0470471880139373,0.0704847033942678,0.1162444522453343,0.2278587388735799,0.4432771546185549,0.0275043350582143,0.0544376076488168,0.0809651424926018,0.1302672108126567,0.2480513634866482,0.4665254790220426,transformer_div97_f0.5_wd1.0_softmax_ce_s0,div,8100
2115,0.0543886631917126,0.1160894907187178,0.1370594011190176,0.023835045207906,0.047318951682236,0.0705369673167178,0.1160894907187178,0.22718060901529,0.4424037414344041,0.0287232685574313,0.0569382796702991,0.0846508292808047,0.1370594011190176,0.2565266116677427,0.4740314886126044,transformer_div97_f0.5_wd1.0_softmax_ce_s0,div,8100
2278,0.0558676070847079,0.1159931135915966,0.1395879052561053,0.0239035422442599,0.0473793787348621,0.0706186303731675,0.1159931135915966,0.2268331790172198,0.441981131007479,0.0290359476293655,0.0577061319041263,0.0859773462074773,0.1395879052561053,0.2597642968186714,0.4768463437047576,transformer_div97_f0.5_wd1.0_softmax_ce_s0,div,8100
2454,0.0567911799322526,0.1160503593011349,0.1515290720148222,0.0243846033420401,0.0477424136831732,0.070825835737662,0.1160503593011349,0.2273216140477957,0.4407770052535433,0.0323663977436542,0.0631590028500549,0.0936622319732241,0.1515290720148222,0.2759719227794138,0.4928061841459453,transformer_div97_f0.5_wd1.0_softmax_ce_s0,div,8100
2644,0.0644272458937675,0.1165532247434092,0.1567643230273052,0.0244824325001539,0.047617892649724,0.0706608198965383,0.1165532247434092,0.2279397544674487,0.4416415252297201,0.0330831709235617,0.0654949480126198,0.0971347017177929,0.1567643230273052,0.2834279623257085,0.4994587657114063,transformer_div97_f0.5_wd1.0_softmax_ce_s0,div,8100
2848,0.0655190454520661,0.1175343721321225,0.1554557792243434,0.0247818498602132,0.0481781956881265,0.0715284102070775,0.1175343721321225,0.2284317784979688,0.4421122516027021,0.0327132159660933,0.0643337097215001,0.0959234720383796,0.1554557792243434,0.2829974597308191,0.4997383643794408,transformer_div97_f0.5_wd1.0_softmax_ce_s0,div,8100
3067,0.0476887379455762,0.1185141922850041,0.1613881071130172,0.0251153476347809,0.0490734017156778,0.0725027345420069,0.1185141922850041,0.2294182211779484,0.4436842297123258,0.0337701642254801,0.067208434977772,0.0999550180333104,0.1613881071130172,0.2920165787743527,0.508236733169705,transformer_div97_f0.5_wd1.0_softmax_ce_s0,div,8100
3304,0.0504878642917569,0.1192996337801542,0.1901138385308797,0.0249104783465613,0.0490885858827802,0.072764263351411,0.1192996337801542,0.2311615049635913,0.446743080529083,0.0409891431607867,0.0814390523584337,0.1196661418076692,0.1901138385308797,0.3354580248261199,0.54642861843082,transformer_div97_f0.5_wd1.0_softmax_ce_s0,div,8100
3559,0.0465327794822239,0.1209781310413418,0.1802123319173331,0.0257169295853536,0.0505325062589118,0.0745900325965749,0.1209781310413418,0.2340192812229223,0.4494950824067662,0.0387610867390303,0.0763300831030496,0.112873422352734,0.1802123319173331,0.322008643052546,0.5362875545809204,transformer_div97_f0.5_wd1.0_softmax_ce_s0,div,8100
3834,0.0471595522126616,0.1208611901954076,0.1851034587747216,0.0255187912324945,0.0503005500224608,0.0742342229853266,0.1208611901954076,0.2347140424255822,0.4513356516712161,0.0405734508699761,0.0789711953507127,0.1161808673564422,0.1851034587747216,0.3303494238462429,0.5430938238619306,transformer_div97_f0.5_wd1.0_softmax_ce_s0,div,8100
4130,0.0595681746026982,0.1195587680068523,0.2118477612084229,0.0243959756002887,0.0486397945806565,0.0727459843424767,0.1195587680068523,0.2328261086116865,0.4504146108304261,0.0484423379091749,0.0921760176559407,0.1332730721804506,0.2118477612084229,0.3712293189288729,0.5799951138232943,transformer_div97_f0.5_wd1.0_softmax_ce_s0,div,8100
4448,0.0506522804326313,0.1241297705190702,0.2016150963519498,0.0261749701754502,0.051940121515411,0.0760674329286368,0.1241297705190702,0.2408538263483505,0.4583579565678558,0.0463010786520855,0.0862801180304836,0.1261124090926874,0.2016150963519498,0.355000795181314,0.5685274917773473,transformer_div97_f0.5_wd1.0_softmax_ce_s0,div,8100
4791,0.0470034706630201,0.1228507241261459,0.2004076173909331,0.0255976542096842,0.0509762483842405,0.075112637952225,0.1228507241261459,0.2380762840068628,0.4552402447195908,0.0457486552952816,0.0855757575853869,0.1247075338708129,0.2004076173909331,0.3537707398077579,0.5649763113841786,transformer_div97_f0.5_wd1.0_softmax_ce_s0,div,8100
5161,0.0643795548169988,0.1223718271266838,0.2334934820922217,0.0252324907538978,0.049966851848651,0.0746696306407162,0.1223718271266838,0.2369824665223034,0.4552425875853161,0.0518574737666303,0.099953078187111,0.1468739634610173,0.2334934820922217,0.4069885600002987,0.6119184335410032,transformer_div97_f0.5_wd1.0_softmax_ce_s0,div,8100
5560,0.0389846196003736,0.1245301909676628,0.2129361829354399,0.0263814791296993,0.0514015678733641,0.0759032135551841,0.1245301909676628,0.2418521833997615,0.4577653143402599,0.0491893681351802,0.0912673233498884,0.1331427086747018,0.2129361829354399,0.3766369561748116,0.587680227725936,transformer_div97_f0.5_wd1.0_softmax_ce_s0,div,8100
5989,0.0412600460988079,0.1201300167396377,0.2529798336420735,0.0246729925759991,0.0489288451420329,0.0728716490188205,0.1201300167396377,0.2348803550903963,0.4535021155219132,0.0555607837009007,0.1096703409270513,0.1607930265199472,0.2529798336420735,0.4477452544306766,0.6482206052513992,transformer_div97_f0.5_wd1.0_softmax_ce_s0,div,8100
6451,0.0420150922803402,0.1223385375703978,0.2204996147850978,0.0256716568285489,0.0506661037773517,0.0747681582905602,0.1223385375703978,0.2369640161394386,0.4537415735311399,0.050160450060787,0.0946679365190842,0.1385333219952919,0.2204996147850978,0.3978291914722712,0.6103525414772504,transformer_div97_f0.5_wd1.0_softmax_ce_s0,div,8100
6949,0.0575890140867564,0.12458707746767,0.2511680087913199,0.02696968467035,0.0525846717311133,0.0770066455953413,0.12458707746767,0.2400924718866287,0.456514306614244,0.0554229700098167,0.1066791891253659,0.1577273000244469,0.2511680087913199,0.4505081869490603,0.6591859949488647,transformer_div97_f0.5_wd1.0_softmax_ce_s0,div,8100
7485,0.0652728381547124,0.1176714748236171,0.266954266513329,0.0244155562386548,0.0485313049135303,0.0716703662989793,0.1176714748236171,0.229686460516991,0.4452880630368258,0.0599775427627308,0.1146587709961765,0.1680323323618495,0.266954266513329,0.4813346991205876,0.6950824722384443,transformer_div97_f0.5_wd1.0_softmax_ce_s0,div,8100
8062,0.0552213954213874,0.1152983308197833,0.3479528769367059,0.0239373124154454,0.0469901611319803,0.0698539853979861,0.1152983308197833,0.2269071569314621,0.4444375987131818,0.0763428824007351,0.1496396709838609,0.2177447835821476,0.3479528769367059,0.6099405062713512,0.8023516113898651,transformer_div97_f0.5_wd1.0_softmax_ce_s0,div,8100
8685,0.0468224287725728,0.1142262786760163,0.3095347869876292,0.0232789960474452,0.0462797417388666,0.0690553575842269,0.1142262786760163,0.2237638805736531,0.4367263762964871,0.0633295770487289,0.1265371336436944,0.1881495886709962,0.3095347869876292,0.5722417678990438,0.8201337309388809,transformer_div97_f0.5_wd1.0_softmax_ce_s0,div,8100
9355,0.0508642262195576,0.1155006304916538,0.418094959695999,0.0235912144243398,0.0471107891356163,0.0702696423827093,0.1155006304916538,0.2273701170308686,0.4410126665182527,0.095457865728893,0.1898550866572312,0.271235936525517,0.418094959695999,0.7102055218364065,0.9228726968616756,transformer_div97_f0.5_wd1.0_softmax_ce_s0,div,8100
10077,0.0296123587513763,0.1106083930071587,0.352382262540034,0.0226242263378999,0.0447412298030102,0.0668202320976305,0.1106083930071587,0.2185743195188934,0.4314217365272987,0.0793367263235246,0.1501602250868218,0.219133854400382,0.352382262540034,0.6466155509024237,0.9738159801700816,transformer_div97_f0.5_wd1.0_softmax_ce_s0,div,8100
10854,0.0135189504133933,0.1143606338113604,0.3669328505490687,0.0233401900901146,0.0464337067052482,0.0692617681093058,0.1143606338113604,0.224779644533422,0.439147668984957,0.0814980218254252,0.1580514954278748,0.2317718209693997,0.3669328505490687,0.6681573723823836,0.9821825976276252,transformer_div97_f0.5_wd1.0_softmax_ce_s0,div,8100
11692,0.0179856584525271,0.1117708434337839,0.3415272668633613,0.0227512149039892,0.0450904639013423,0.0674219864004489,0.1117708434337839,0.2210599159121321,0.4343571002226812,0.0729201120117835,0.1437063189589193,0.2105092999273165,0.3415272668633613,0.6512976940690013,0.9905682066216864,transformer_div97_f0.5_wd1.0_softmax_ce_s0,div,8100
12594,0.0288689389486461,0.108353970723267,0.3405524147258952,0.021763689045677,0.0434570837282484,0.0651376272661951,0.108353970723267,0.2154400862354669,0.4267515345304981,0.0712020180005102,0.1406981145866559,0.2078245367727043,0.3405524147258952,0.6574384059974006,0.9949596853054734,transformer_div97_f0.5_wd1.0_softmax_ce_s0,div,8100
13566,0.0383479606392784,0.1081781718085136,0.3441374143114744,0.0218689163838057,0.0435416857762032,0.0651562511198627,0.1081781718085136,0.2149899957693831,0.4260212120499256,0.0730206262710527,0.1415851065263456,0.210068968176894,0.3441374143114744,0.6545941647577374,0.997136687281564,transformer_div97_f0.5_wd1.0_softmax_ce_s0,div,8100
14613,0.0349341762337651,0.1084570757619977,0.3468561144592309,0.0218706213567791,0.0436014827683134,0.0652641767696365,0.1084570757619977,0.2155013738556272,0.4267457529623404,0.0795125085415181,0.1472971401187481,0.2145723871682324,0.3468561144592309,0.6568055660977996,0.9977616436318424,transformer_div97_f0.5_wd1.0_softmax_ce_s0,div,8100
15741,0.0320190949822773,0.1087297184680881,0.34330979590504,0.0219922251229321,0.0439212025390369,0.0656110948471821,0.1087297184680881,0.2149010841874026,0.4252359919580947,0.076195415358584,0.1447253680336725,0.2120784186304821,0.34330979590504,0.6516552057568845,0.9981007954098992,transformer_div97_f0.5_wd1.0_softmax_ce_s0,div,8100
16955,0.0465301880621848,0.1083826835913489,0.3625014448682734,0.0218721675631047,0.0435341310097665,0.0651949804788592,0.1083826835913489,0.2158262834826176,0.4264733675445994,0.0906969660900942,0.1644388843383289,0.2322796581867539,0.3625014448682734,0.6631180120617663,0.998590834863304,transformer_div97_f0.5_wd1.0_softmax_ce_s0,div,8100
18264,0.0327731137188888,0.1080125237077471,0.3463151453954446,0.0218741276263804,0.0434932037372573,0.065104432442251,0.1080125237077471,0.2143920010326883,0.4245463305025868,0.0785355393455537,0.1530811820536131,0.2180232936152757,0.3463151453954446,0.6508837710517984,0.9987774741440568,transformer_div97_f0.5_wd1.0_softmax_ce_s0,div,8100
19673,0.0306519233306694,0.107824334244489,0.3462769549586224,0.0216434485907572,0.0432812509490049,0.0649168249774901,0.107824334244489,0.2139422935566136,0.4241580160182937,0.0817227617965594,0.1583257636760039,0.2222513987143028,0.3462769549586224,0.646993095931032,0.9989856173460256,transformer_div97_f0.5_wd1.0_softmax_ce_s0,div,8100
21192,0.0313133201367002,0.1078978785876,0.3517071356933171,0.021733410476235,0.0433552757716695,0.0649158461128726,0.1078978785876,0.2138757826252666,0.4242727988372471,0.0840536885316059,0.1622230235298059,0.2270487561478273,0.3517071356933171,0.6527112758229179,0.999003643257226,transformer_div97_f0.5_wd1.0_softmax_ce_s0,div,8100
22827,0.0299346935578536,0.1071465659888159,0.3530211121976131,0.0216459139076033,0.0431241712683515,0.0645385495877605,0.1071465659888159,0.2131113631079179,0.4232892748561799,0.084704989615505,0.1633745521789559,0.228943442916619,0.3530211121976131,0.6558978261771878,0.9989469573212164,transformer_div97_f0.5_wd1.0_softmax_ce_s0,div,8100
24589,0.0345989570927868,0.1070927673834498,0.3517065593439036,0.021613924365928,0.0430911024263871,0.0644480882325306,0.1070927673834498,0.2132235069745341,0.423529844812087,0.081980123215762,0.1612806577340901,0.2271126551388668,0.3517065593439036,0.6549873592310859,0.9992856740268652,transformer_div97_f0.5_wd1.0_softmax_ce_s0,div,8100
26486,0.0307774932598839,0.1069989965765397,0.3530638516757977,0.0215751849976042,0.0429886682507282,0.0643811051880582,0.1069989965765397,0.2129538864102538,0.4230770071170101,0.0818869985781784,0.1605914282981858,0.2267675717463288,0.3530638516757977,0.660293977542876,0.9995250646222662,transformer_div97_f0.5_wd1.0_softmax_ce_s0,div,8100
28530,0.0330236647904463,0.1070220403030355,0.3519716954387191,0.021527391465184,0.0429719684792501,0.0643867830770978,0.1070220403030355,0.2127859529811868,0.4224790647743319,0.0797464680066109,0.158579233495973,0.2248974427091532,0.3519716954387191,0.6599887906720253,0.9995236035893558,transformer_div97_f0.5_wd1.0_softmax_ce_s0,div,8100
30732,0.0323043131272467,0.1069518140599272,0.3526014943531362,0.0215042899533042,0.0429904944837044,0.0643493256094406,0.1069518140599272,0.2127628681887957,0.4229169771529154,0.0796257154680445,0.157679931251918,0.2238930205546156,0.3526014943531362,0.6598469247074121,0.9996533423618555,transformer_div97_f0.5_wd1.0_softmax_ce_s0,div,8100
33103,0.0351435714480309,0.1073171740719731,0.3525881491427887,0.0216075522117189,0.0431074258656678,0.0645621123611095,0.1073171740719731,0.2131045210364593,0.4228936434142012,0.0794671756214629,0.156640228847537,0.2239968547022467,0.3525881491427887,0.660120269912152,0.9996727661054982,transformer_div97_f0.5_wd1.0_softmax_ce_s0,div,8100
35658,0.0406030623986168,0.106663056871607,0.3524732299555895,0.0215123832468049,0.0428499410768248,0.0641506914507856,0.106663056871607,0.2127633902522838,0.422972834612945,0.0804983791812765,0.1552495311949706,0.2240567095586888,0.3524732299555895,0.6585804465973811,0.9996659200342298,transformer_div97_f0.5_wd1.0_softmax_ce_s0,div,8100
38410,0.0312843806605284,0.1073078029956866,0.3548839077038883,0.0215739967170267,0.0430693828294519,0.0645461351802002,0.1073078029956866,0.2133261182142792,0.4233676373847906,0.079518344771923,0.1544889452534826,0.2261303249386485,0.3548839077038883,0.661142679940561,0.9996622200924415,transformer_div97_f0.5_wd1.0_softmax_ce_s0,div,8100
41374,0.0314820371845254,0.1068975760272621,0.3537424112497028,0.0215094694079054,0.0429368816081304,0.064348275325009,0.1068975760272621,0.212791100631897,0.4231404166261902,0.0791767911901685,0.1528154477435122,0.2238503098792988,0.3537424112497028,0.6590331953489623,0.9996449139728107,transformer_div97_f0.5_wd1.0_softmax_ce_s0,div,8100
44567,0.0291057359768434,0.1070422819839877,0.3533262034661445,0.0215051675726543,0.0429779294589436,0.0644091590814195,0.1070422819839877,0.2127930239877252,0.4227441353670116,0.0795327335055359,0.1508922313302175,0.2222057934668074,0.3533262034661445,0.6575128749710678,0.99966233458649,transformer_div97_f0.5_wd1.0_softmax_ce_s0,div,8100
48006,0.0387776016128142,0.1081602683848188,0.3512673292609871,0.0216892933821918,0.0433264286609496,0.0649594402271401,0.1081602683848188,0.2146590168064973,0.4251007356549927,0.0801182683096448,0.1519308796353581,0.220376888910396,0.3512673292609871,0.6558893098988067,0.999654224155976,transformer_div97_f0.5_wd1.0_softmax_ce_s0,div,8100
51711,0.0334614456777474,0.1070244779718168,0.3558530651465169,0.0215678630806933,0.0430165304008094,0.064423168558018,0.1070244779718168,0.2127902679546587,0.4222434405061944,0.079936138776003,0.1537114763700116,0.2233346036183686,0.3558530651465169,0.6584539907134307,0.9997498802841313,transformer_div97_f0.5_wd1.0_softmax_ce_s0,div,8100
55701,0.0280973700046952,0.1067098684629284,0.3595520171776949,0.021437197296657,0.042795029745034,0.0641256707615915,0.1067098684629284,0.2127711099238998,0.4227168498081242,0.079427582390813,0.1567496279971634,0.2269410398929107,0.3595520171776949,0.6628790390935546,0.999589011095432,transformer_div97_f0.5_wd1.0_softmax_ce_s0,div,8100
60000,0.0198157967053536,0.1186921621835026,0.3840594755081475,0.0238939278142945,0.0477689288412483,0.0715555336150704,0.1186921621835026,0.230852471216665,0.4450062331333808,0.0964420740296929,0.1730805705003807,0.2474326080861106,0.3840594755081475,0.6972466476736954,0.9834863054390316,transformer_div97_f0.5_wd1.0_softmax_ce_s0,div,8100
0,0.05130987439943,0.1194102554854595,0.1182439506837356,0.0246646685121823,0.0488711500956814,0.0726356869968101,0.1194102554854595,0.2321420518651539,0.448238419955736,0.0242714108004948,0.0480937226644607,0.0715986616748541,0.1182439506837356,0.2311069358858144,0.4505623246222682,transformer_div97_f0.5_wd1.0_softmax_ce_s1,div,9100
1,0.0513714141828301,0.1194072462428724,0.1182427375785255,0.0246664116855286,0.0488755582216111,0.0726364104073768,0.1194072462428724,0.2321349928059395,0.4482335134280435,0.0242675993442909,0.0480926827974672,0.0715957090155328,0.1182427375785255,0.2311015433225197,0.4505486625209411,transformer_div97_f0.5_wd1.0_softmax_ce_s1,div,9100
2,0.0514620800515832,0.1194030557493785,0.1182389786924218,0.024666110723964,0.0488778237498506,0.0726344733965791,0.1194030557493785,0.2321280430715963,0.4482323059191579,0.0242639790288865,0.0480910404924987,0.0715917311219882,0.1182389786924218,0.2310946646023384,0.4505376863149202,transformer_div97_f0.5_wd1.0_softmax_ce_s1,div,9100
3,0.0515687943212749,0.1194014868576925,0.1182350039481386,0.0246655916975006,0.0488800787550427,0.0726336852349568,0.1194014868576925,0.2321249872862241,0.4482341851158747,0.0242605079410339,0.048090565875797,0.0715888465800282,0.1182350039481386,0.2310892547862529,0.4505303129475937,transformer_div97_f0.5_wd1.0_softmax_ce_s1,div,9100
4,0.0516777854786317,0.1194010315360656,0.1182325412983249,0.0246652170848578,0.0488824462768629,0.0726338222900139,0.1194010315360656,0.2321231013210474,0.4482374445990135,0.0242575428627338,0.0480916113015448,0.071587842160854,0.1182325412983249,0.2310866395435516,0.4505259427257312,transformer_div97_f0.5_wd1.0_softmax_ce_s1,div,9100
5,0.0517887541684386,0.119401460033998,0.1182312802596842,0.0246651426064836,0.0488848516142815,0.0726346195367578,0.119401460033998,0.2321222655955048,0.4482419286105868,0.024255069452789,0.0480935347774676,0.0715880238380378,0.1182312802596842,0.2310855159701438,0.4505232872387811,transformer_div97_f0.5_wd1.0_softmax_ce_s1,div,9100
6,0.0519052588405139,0.1194026366216084,0.1182308987510409,0.0246654696149012,0.0488875630270672,0.0726362182789945,0.1194026366216084,0.2321222419081481,0.4482476123469241,0.0242530182723537,0.0480960894753163,0.0715890594646593,0.1182308987510409,0.2310852796472644,0.4505216571786389,transformer_div97_f0.5_wd1.0_softmax_ce_s1,div,9100
7,0.0520280601450969,0.1194042069898761,0.1182313498928018,0.0246662348362777,0.048890654446598,0.0726385653997883,0.1194042069898761,0.2321222751688695,0.4482542529199519,0.0242515079156127,0.0480993745930713,0.0715910101463342,0.1182313498928018,0.2310855075793921,0.4505203874329914,transformer_div97_f0.5_wd1.0_softmax_ce_s1,div,9100
8,0.0521577961952686,0.1194057741740404,0.1182323961675029,0.0246672695809102,0.0488939540887201,0.0726413705769363,0.1194057741740404,0.2321215850965641,0.4482610280487711,0.0242505501882171,0.0481034168005354,0.0715937565551693,0.1182323961675029,0.2310858394414947,0.4505191306649175,transformer_div97_f0.5_wd1.0_softmax_ce_s1,div,9100
9,0.0522943495179257,0.1194071572222529,0.1182338507427389,0.0246684127038673,0.0488972763141573,0.072644470016497,0.1194071572222529,0.2321200335258871,0.4482675658239825,0.0242501112610789,0.0481081667721609,0.0715971771887663,0.1182338507427389,0.2310859681914778,0.4505173584644885,transformer_div97_f0.5_wd1.0_softmax_ce_s1,div,9100
10,0.0524351656240062,0.1194082891573227,0.1182353292708003,0.0246696206622515,0.0489005178490443,0.0726478256171102,0.1194082891573227,0.2321177494901415,0.4482737638796132,0.0242501327184627,0.0481134016556341,0.0716009920173192,0.1182353292708003,0.2310856027553771,0.4505146990436141,transformer_div97_f0.5_wd1.0_softmax_ce_s1,div,9100
11,0.0525759702845778,0.1194091523560972,0.1182367261647868,0.0246710182104069,0.0489037826223338,0.0726515235044436,0.1194091523560972,0.2321147999847861,0.4482794799689848,0.0242505309530384,0.0481190804232221,0.0716051661919933,0.1182367261647868,0.2310847801882714,0.4505114763502328,transformer_div97_f0.5_wd1.0_softmax_ce_s1,div,9100
12,0.0527148115984624,0.1194096985160874,0.1182379133540459,0.0246726981664847,0.0489072679333108,0.0726555960851675,0.1194096985160874,0.2321113047521851,0.448284809108834,0.0242511838393884,0.0481250080985324,0.0716095094442136,0.1182379133540459,0.2310835333315001,0.4505081633717243,transformer_div97_f0.5_wd1.0_softmax_ce_s1,div,9100
13,0.0528527836587239,0.119409970007463,0.1182390105231257,0.0246746511840709,0.0489110307397723,0.0726600096666689,0.119409970007463,0.2321075104765323,0.4482899450887876,0.0242519698185545,0.048131082792985,0.0716139834768067,0.1182390105231257,0.2310821244752095,0.4505053025121546,transformer_div97_f0.5_wd1.0_softmax_ce_s1,div,9100
15,0.053128207361304,0.1194094849720523,0.1182415196031872,0.0246793580003142,0.0489191470817091,0.0726692148323428,0.1194094849720523,0.2320997814610169,0.4483005324301777,0.0242539519431739,0.0481438406790161,0.0716234905497999,0.1182415196031872,0.2310793160952831,0.4505011311856062,transformer_div97_f0.5_wd1.0_softmax_ce_s1,div,9100
16,0.0532722477263016,0.1194087505482619,0.1182432273081117,0.0246820457405882,0.0489233319683622,0.0726737907125368,0.1194087505482619,0.2320963289236361,0.4483065913493883,0.024255120116942,0.0481505667269568,0.0716285922049662,0.1182432273081117,0.2310783479002389,0.4504998622141488,transformer_div97_f0.5_wd1.0_softmax_ce_s1,div,9100
17,0.053431704041523,0.1194077505229717,0.1182453663962717,0.0246848308574536,0.0489274996381769,0.0726782529754911,0.1194077505229717,0.2320934235359236,0.4483136159241407,0.0242562784815941,0.0481574673401266,0.0716339017798552,0.1182453663962717,0.2310776817881134,0.450499039503357,transformer_div97_f0.5_wd1.0_softmax_ce_s1,div,9100
18,0.0536124915006754,0.1194066482683278,0.1182479453836175,0.0246875920991736,0.0489316109902943,0.0726826057670742,0.1194066482683278,0.2320912337081196,0.4483217094438017,0.0242574134329752,0.0481645258973199,0.0716394075951177,0.1182479453836175,0.2310772635572673,0.4504983532710458,transformer_div97_f0.5_wd1.0_softmax_ce_s1,div,9100
20,0.0540545080546516,0.1194048524153973,0.118254321870577,0.0246926057756511,0.0489396427699271,0.072691101884967,0.1194048524153973,0.2320896076382559,0.4483410698240639,0.0242596418710485,0.0481790927141396,0.0716511267122792,0.118254321870577,0.2310765074037312,0.4504957232852681,transformer_div97_f0.5_wd1.0_softmax_ce_s1,div,9100
21,0.0543155287029692,0.1194046230735849,0.1182578565730852,0.0246948238230016,0.0489436168761421,0.0726954460514817,0.1194046230735849,0.2320905526576352,0.4483523370066257,0.0242606925695785,0.048186559246736,0.0716573413811238,0.1182578565730852,0.2310757435400939,0.4504929953284798,transformer_div97_f0.5_wd1.0_softmax_ce_s1,div,9100
23,0.0549073347003837,0.1194058127615751,0.1182651264830643,0.0246985897473228,0.048951430521379,0.072704481313206,0.1194058127615751,0.232096291780041,0.4483771811772845,0.0242627752066622,0.0482019349645776,0.0716774131270119,0.1182651264830643,0.2310726538755125,0.4504829724771769,transformer_div97_f0.5_wd1.0_softmax_ce_s1,div,9100
24,0.0552328941922296,0.1194071367596256,0.1182689454740303,0.0247002132475694,0.0489552907626388,0.0727092235404009,0.1194071367596256,0.2321008960193275,0.4483902446699612,0.0242639220077584,0.0482100049866838,0.071689931067422,0.1182689454740303,0.2310702628385374,0.4504757797170917,transformer_div97_f0.5_wd1.0_softmax_ce_s1,div,9100
26,0.055919299291172,0.119410468610953,0.118277571902215,0.0247030112114583,0.0489628281896458,0.0727188211648469,0.119410468610953,0.2321127831205448,0.4484157500873688,0.0242667863519366,0.0482274720336201,0.0717160541954698,0.118277571902215,0.2310640756468046,0.4504580095908405,transformer_div97_f0.5_wd1.0_softmax_ce_s1,div,9100
28,0.0563263132952864,0.1194128520222079,0.1182879663968659,0.0247052662565528,0.0489695862057486,0.0727276539458921,0.1194128520222079,0.2321254400635886,0.4484378863343455,0.024270566142246,0.0482470076532505,0.0717441257684881,0.1182879663968659,0.2310562449752638,0.4504367363941789,transformer_div97_f0.5_wd1.0_softmax_ce_s1,div,9100
31,0.0568768249324818,0.1194132293281167,0.118307134909568,0.0247076460641053,0.0489767859934136,0.0727371681950508,0.1194132293281167,0.232142198105172,0.4484603268684021,0.0242770717026985,0.0482795333860306,0.0717891551458871,0.118307134909568,0.231041419056826,0.450402297720096,transformer_div97_f0.5_wd1.0_softmax_ce_s1,div,9100
33,0.0572435712602199,0.1194128151918259,0.1183224611629925,0.0247080279252182,0.0489790255803231,0.0727403875674756,0.1194128151918259,0.232154323876342,0.4484703097115906,0.0242805178854358,0.0483016780744634,0.0718191330293445,0.1183224611629925,0.2310289682730632,0.4503835581528176,transformer_div97_f0.5_wd1.0_softmax_ce_s1,div,9100
35,0.0575485226123128,0.119414140214893,0.1183375442578248,0.0247076722690751,0.0489794641222551,0.0727408436391699,0.119414140214893,0.2321690456083098,0.4484763414573844,0.0242818512915855,0.0483228702133468,0.0718476412808759,0.1183375442578248,0.2310134756813563,0.4503634103436109,transformer_div97_f0.5_wd1.0_softmax_ce_s1,div,9100
38,0.0577168228799665,0.119417417849586,0.1183583161513289,0.0247057520881116,0.0489777990954887,0.0727378208934877,0.119417417849586,0.2321888445587571,0.4484693962846577,0.0242815369506092,0.0483525515628914,0.0718880162028268,0.1183583161513289,0.2309832101108946,0.4503280701826046,transformer_div97_f0.5_wd1.0_softmax_ce_s1,div,9100
41,0.0577148690772337,0.1194164996389404,0.1183841098221314,0.0247002681057189,0.0489717111713381,0.0727322462547606,0.1194164996389404,0.2322034608822553,0.4484548848291179,0.0242795831921192,0.0483816976717712,0.0719289364136214,0.1183841098221314,0.2309527079565946,0.4502883325227524,transformer_div97_f0.5_wd1.0_softmax_ce_s1,div,9100
44,0.0576687238984988,0.1194019872486877,0.1184184354032271,0.0246904942617171,0.0489581423897018,0.0727209981056148,0.1194019872486877,0.2322035543862155,0.4484390807741205,0.0242767822647412,0.0484113914861123,0.0719739391234445,0.1184184354032271,0.2309261856688023,0.4502387945083863,transformer_div97_f0.5_wd1.0_softmax_ce_s1,div,9100
48,0.0575552911215824,0.1193546629855334,0.1184655543203954,0.0246711259008075,0.0489271522042124,0.0726954080114332,0.1193546629855334,0.2321774211154031,0.4484119373456568,0.0242716692451683,0.048443116579541,0.072035461330846,0.1184655543203954,0.2308860279867371,0.4501675176817055,transformer_div97_f0.5_wd1.0_softmax_ce_s1,div,9100
51,0.057314996271856,0.1193038534323889,0.1184932950961927,0.0246526994777682,0.0488965687410174,0.072668218565982,0.1193038534323889,0.2321443709547679,0.448380718820934,0.0242676901572827,0.0484590826891345,0.0720800679966872,0.1184932950961927,0.2308488740417475,0.4501089471563413,transformer_div97_f0.5_wd1.0_softmax_ce_s1,div,9100
55,0.0573533239839748,0.1192296266342454,0.1185245853207225,0.0246287831753716,0.0488566313159699,0.0726261887187628,0.1192296266342454,0.2320943230330782,0.448328284673569,0.0242672048610731,0.0484801416918041,0.0721457197933706,0.1185245853207225,0.2308072179544848,0.4500210757118553,transformer_div97_f0.5_wd1.0_softmax_ce_s1,div,9100
60,0.057790739453461,0.1191692662272439,0.1185690679603905,0.0246101121151196,0.0488297961901394,0.0725905339589257,0.1191692662272439,0.2320658313666962,0.4482712151927108,0.0242715694062804,0.0485149916637269,0.0722415067167075,0.1185690679603905,0.2307632411470806,0.4499029481895171,transformer_div97_f0.5_wd1.0_softmax_ce_s1,div,9100
64,0.0583299205161851,0.1191382989325188,0.1185987774678034,0.0246030642066307,0.0488221053755321,0.0725696175485042,0.1191382989325188,0.2320511162684752,0.4482355142094986,0.0242714674557678,0.048535507066156,0.0723112310457736,0.1185987774678034,0.2307237662809622,0.4498087907788269,transformer_div97_f0.5_wd1.0_softmax_ce_s1,div,9100
69,0.0591330707639938,0.1191088149838897,0.1186388078888398,0.0246006211901097,0.048822348374569,0.0725475003549133,0.1191088149838897,0.2320462824970777,0.4482030930343857,0.0242838747242262,0.0485470527755279,0.0723861470882461,0.1186388078888398,0.2306910873730963,0.4497340068292202,transformer_div97_f0.5_wd1.0_softmax_ce_s1,div,9100
75,0.0600649199443313,0.1190867041952078,0.1186758912954854,0.0246097549603359,0.0488314864151963,0.0725368270508838,0.1190867041952078,0.2320709540706201,0.4481835993371302,0.02430601838545,0.0485526924992636,0.07245938428324,0.1186758912954854,0.2306817261373328,0.4497536804134924,transformer_div97_f0.5_wd1.0_softmax_ce_s1,div,9100
80,0.060718346080985,0.1190723570787816,0.118700677537606,0.0246182303914782,0.0488340938353224,0.0725284807451879,0.1190723570787816,0.2320887799614557,0.4481893366444516,0.0243234831883246,0.0485525223067816,0.0725089566562578,0.118700677537606,0.2306729437449475,0.4497801988826591,transformer_div97_f0.5_wd1.0_softmax_ce_s1,div,9100
87,0.0606491152830787,0.1190546178909259,0.1187325417133289,0.0246197871046028,0.0488258512396858,0.0725076203532995,0.1190546178909259,0.2321062635759554,0.4482105565996786,0.0243437202544566,0.0485548607806486,0.0725698159791901,0.1187325417133289,0.23067428467637,0.4498326714161184,transformer_div97_f0.5_wd1.0_softmax_ce_s1,div,9100
93,0.0607467111156071,0.1190540090779636,0.1187550445998685,0.0246198260398191,0.0488267206579917,0.0724997779160968,0.1190540090779636,0.2321073859177408,0.4482090194756378,0.0243566964213371,0.0485586759658041,0.0726073489426417,0.1187550445998685,0.2306973591342408,0.4499015309556547,transformer_div97_f0.5_wd1.0_softmax_ce_s1,div,9100
100,0.0613519647212219,0.1190506543940158,0.1187754684017684,0.0246229938006927,0.0488391458982297,0.0724893133676705,0.1190506543940158,0.2321027732453917,0.4482055285328753,0.0243604805805272,0.04855346025579,0.072633544307412,0.1187754684017684,0.2307415363066332,0.4500022577877635,transformer_div97_f0.5_wd1.0_softmax_ce_s1,div,9100
108,0.0619269153922152,0.1190553527075849,0.118790657541513,0.0246303836720085,0.0488568438547448,0.072479398025431,0.1190553527075849,0.2321075141352895,0.4482353948498199,0.0243625825255004,0.0485439460904287,0.0726573658193909,0.118790657541513,0.2308228538696166,0.4501106342627393,transformer_div97_f0.5_wd1.0_softmax_ce_s1,div,9100
116,0.0617755488230037,0.1190982496600801,0.1188204780824649,0.0246460258182876,0.0488876119758752,0.0725186147623902,0.1190982496600801,0.232157854899665,0.4483134281119451,0.0243788620419766,0.0485549375426052,0.0726979600535977,0.1188204780824649,0.2309291351984199,0.4502186890518306,transformer_div97_f0.5_wd1.0_softmax_ce_s1,div,9100
125,0.0621832360595012,0.1191469693794454,0.1188487304239418,0.0246544428490478,0.0489090120255896,0.0725533206768686,0.1191469693794454,0.2322285538197995,0.4484133739518459,0.0244073864004981,0.0485829853307846,0.0727427518662357,0.1188487304239418,0.2310284864326958,0.4503144917096146,transformer_div97_f0.5_wd1.0_softmax_ce_s1,div,9100
135,0.0629631409301821,0.1192054129453878,0.1188862500036809,0.0246675253585099,0.0489214785042679,0.072583489453663,0.1192054129453878,0.2323179353483031,0.4485390401098794,0.0244375366933572,0.048614041914905,0.0727889187178993,0.1188862500036809,0.2311150683325986,0.4503852427858069,transformer_div97_f0.5_wd1.0_softmax_ce_s1,div,9100
146,0.0636948529279668,0.1192435527439334,0.1189356132192541,0.0246782279555355,0.0489161505062577,0.0725893948461093,0.1192435527439334,0.2323932481220553,0.4486511275017052,0.0244850558579061,0.0486615150973549,0.072837917079787,0.1189356132192541,0.2311959717738292,0.4504504323320124,transformer_div97_f0.5_wd1.0_softmax_ce_s1,div,9100
157,0.0641139694745071,0.119264781556686,0.1189426986716048,0.0246838852675102,0.0489020321254413,0.0725795594225104,0.119264781556686,0.2324487064868402,0.4487560427478696,0.0245175699215966,0.0486918335005534,0.0728537080202299,0.1189426986716048,0.2312428341678764,0.4504749823436443,transformer_div97_f0.5_wd1.0_softmax_ce_s1,div,9100
169,0.0642175990114485,0.1192784600616578,0.1189211519876869,0.0246870717571527,0.0488922651869642,0.0725674174814298,0.1192784600616578,0.2324972910299521,0.4488511289838832,0.0245317022978861,0.0487053776860772,0.0728476046763918,0.1189211519876869,0.2312595802736391,0.4504812629467457,transformer_div97_f0.5_wd1.0_softmax_ce_s1,div,9100
182,0.0642216544818829,0.1193044077825169,0.1188940322988392,0.0246897598858628,0.0488887634783942,0.0725678906715019,0.1193044077825169,0.232548416220003,0.4489392348107898,0.0245357740408152,0.0487103298883881,0.072834353038159,0.1188940322988392,0.2312488647333314,0.4504588580377946,transformer_div97_f0.5_wd1.0_softmax_ce_s1,div,9100
196,0.0640354137087305,0.1193195436575549,0.1188647659342462,0.0246908177068238,0.0488835767575944,0.0725615052509042,0.1193195436575549,0.2325786906534883,0.4490150635275362,0.0245338787810698,0.0487031995039101,0.0728162923629081,0.1188647659342462,0.2312251113246398,0.4504262063996426,transformer_div97_f0.5_wd1.0_softmax_ce_s1,div,9100
211,0.0640704178483139,0.1193288865604048,0.118839110037052,0.0246917102104602,0.0488846111245239,0.0725542296476175,0.1193288865604048,0.2325937648061344,0.4490787691493955,0.024532675969576,0.0486946161860894,0.0727947318544229,0.118839110037052,0.2312001820332971,0.4503980805726612,transformer_div97_f0.5_wd1.0_softmax_ce_s1,div,9100
227,0.0646545959808914,0.1193343862086411,0.118827955962646,0.0246984352505304,0.0488917100824033,0.0725632110121829,0.1193343862086411,0.232580875516356,0.4491075388696769,0.0245336242332851,0.048692257801306,0.0727871631550636,0.118827955962646,0.2311949704514276,0.4503943832110439,transformer_div97_f0.5_wd1.0_softmax_ce_s1,div,9100
245,0.0654830648480041,0.119329845277923,0.1188250742744812,0.0247037155130622,0.0488900784860358,0.0725594928148167,0.119329845277923,0.2325728959019009,0.4491402516466344,0.0245402715252097,0.0486973700365665,0.072782843038546,0.1188250742744812,0.2311938433856621,0.4503975132142391,transformer_div97_f0.5_wd1.0_softmax_ce_s1,div,9100
264,0.0661255737734954,0.1193236210460793,0.1188022546983061,0.024708516910443,0.0488896487551207,0.0725566797853812,0.1193236210460793,0.2325544075685171,0.4491661452283604,0.0245362008131535,0.0486914887274551,0.0727689874038365,0.1188022546983061,0.2311722948144881,0.4503749884521333,transformer_div97_f0.5_wd1.0_softmax_ce_s1,div,9100
284,0.0665227365397853,0.1193263639395684,0.1187816741715492,0.024714879117858,0.0488969638257211,0.072563860519377,0.1193263639395684,0.2325477917842572,0.4491985362485429,0.0245268396287929,0.0486766251129091,0.0727549172839839,0.1187816741715492,0.2311386884026912,0.450348435791845,transformer_div97_f0.5_wd1.0_softmax_ce_s1,div,9100
306,0.0668401143530074,0.1193205484004842,0.1187490164474154,0.0247173930561769,0.0488992051017737,0.0725624469552808,0.1193205484004842,0.2325435363839964,0.4492418024881741,0.0245093845603011,0.048650805327699,0.0727339465669269,0.1187490164474154,0.2310884738104545,0.4503229942211837,transformer_div97_f0.5_wd1.0_softmax_ce_s1,div,9100
330,0.0671324053617764,0.1193172340646756,0.118730242179068,0.0247196334653936,0.04890329031274,0.0725610787422973,0.1193172340646756,0.2325378984688259,0.4492811677588125,0.0245058183538791,0.0486352630530609,0.0727302387942314,0.118730242179068,0.2310656606203494,0.450322544422826,transformer_div97_f0.5_wd1.0_softmax_ce_s1,div,9100
355,0.0675245938991939,0.1193070301609697,0.1187383575485369,0.024720410483154,0.0489056411075081,0.072556587026744,0.1193070301609697,0.2325226918159514,0.4492897443628044,0.0245101908470975,0.0486340386390104,0.0727425896265735,0.1187383575485369,0.2310728408906598,0.4503245159892537,transformer_div97_f0.5_wd1.0_softmax_ce_s1,div,9100
383,0.0681941954029813,0.1193011337656911,0.1187458655419965,0.0247202038826698,0.0489118206649846,0.0725528583381639,0.1193011337656911,0.2325087145948316,0.4492955161887696,0.024517235204646,0.0486358009657111,0.0727510058307279,0.1187458655419965,0.2311022299988345,0.450336531734648,transformer_div97_f0.5_wd1.0_softmax_ce_s1,div,9100
412,0.068505748985357,0.119277322279979,0.1187623010201439,0.0247247404733913,0.0489226452067673,0.0725482452374491,0.119277322279979,0.2324889016759108,0.4492947524757493,0.0245190881445042,0.0486415693060763,0.072761019529558,0.1187623010201439,0.2311305944620235,0.4503379424237892,transformer_div97_f0.5_wd1.0_softmax_ce_s1,div,9100
444,0.0685105151196265,0.1192899401669828,0.1187930121453195,0.0247432413557851,0.048951057880871,0.0725612707168369,0.1192899401669828,0.2324959043388795,0.4492537687692493,0.0245434532562224,0.0486829033339922,0.0727996080615467,0.1187930121453195,0.2311298322933732,0.4503401449420085,transformer_div97_f0.5_wd1.0_softmax_ce_s1,div,9100
478,0.0688814891774195,0.1192817822795105,0.1187856060026798,0.0247381435743131,0.0489532486863901,0.0725772228408795,0.1192817822795105,0.2324732940306316,0.4492190501855145,0.0245579272482933,0.0486994928790047,0.0728122085530299,0.1187856060026798,0.2311159004150149,0.4503185100056578,transformer_div97_f0.5_wd1.0_softmax_ce_s1,div,9100
515,0.068707013667615,0.1192915043490678,0.118789407959983,0.0247266655963501,0.0489495699725664,0.0725857010425201,0.1192915043490678,0.2324654944644911,0.449201668125122,0.0245709500598876,0.0487097391460574,0.0728284915054849,0.118789407959983,0.231131580420399,0.4503072345288219,transformer_div97_f0.5_wd1.0_softmax_ce_s1,div,9100
555,0.0691890772213112,0.1193522691588987,0.1188494682630338,0.0247644342460451,0.0490093262725807,0.0726254281280833,0.1193522691588987,0.232513707707363,0.449320629368457,0.0246475704888287,0.04881048263968,0.072899620100537,0.1188494682630338,0.2311226427984399,0.4503235433590736,transformer_div97_f0.5_wd1.0_softmax_ce_s1,div,9100
598,0.0694877598489668,0.1193479233151868,0.1188542806425945,0.0247615605757754,0.0490022096574756,0.0726232145139567,0.1193479233151868,0.232501388927273,0.4492789361566408,0.0246557106053058,0.0488053165937396,0.0729113674009944,0.1188542806425945,0.2311127746900132,0.4502948753306593,transformer_div97_f0.5_wd1.0_softmax_ce_s1,div,9100
644,0.0694158278376388,0.1193653619202869,0.1188588017309997,0.0247617037081136,0.0490120440099717,0.0726360525265813,0.1193653619202869,0.2325030965010261,0.4492722342098375,0.024661075358805,0.0488001771364826,0.0729167500442255,0.1188588017309997,0.2311056424268973,0.4502811413117079,transformer_div97_f0.5_wd1.0_softmax_ce_s1,div,9100
694,0.0681049402557037,0.1193966705868983,0.1188739624894626,0.0247644139730045,0.0490438466114171,0.072657981544772,0.1193966705868983,0.2325155357130037,0.4492836444370167,0.0246645347863542,0.0488017851919341,0.0729287176783241,0.1188739624894626,0.231104224364835,0.4502749564613219,transformer_div97_f0.5_wd1.0_softmax_ce_s1,div,9100
747,0.0676127634256029,0.119444315604,0.1188889405672964,0.024778130197524,0.0490903497629685,0.0727008247853664,0.119444315604,0.2325419175339545,0.4492792236947179,0.024669997674615,0.0488083050491593,0.0729401501336948,0.1188889405672964,0.2310739468160398,0.4502465327578575,transformer_div97_f0.5_wd1.0_softmax_ce_s1,div,9100
805,0.0671736910107186,0.1194678668774766,0.1190022780656823,0.0247981373719473,0.0491215344971637,0.0727335931081001,0.1194678668774766,0.2324979544999877,0.4491960078087603,0.0247492285257404,0.0489378019886171,0.0730474952717779,0.1190022780656823,0.2310083346763591,0.4501864076355459,transformer_div97_f0.5_wd1.0_softmax_ce_s1,div,9100
867,0.0668956494629865,0.1194653423148035,0.1189864156863778,0.0248014394273159,0.049120404486094,0.0727411783956828,0.1194653423148035,0.2324832726120236,0.4491620644629359,0.0247405026893006,0.0489166088883997,0.0730350265206902,0.1189864156863778,0.2310028259056301,0.4501873771468794,transformer_div97_f0.5_wd1.0_softmax_ce_s1,div,9100
934,0.0678467456847606,0.1194730721672027,0.1189762541996857,0.0248047763711417,0.0491396819900491,0.0727544090376529,0.1194730721672027,0.2324750191871108,0.4491091056229787,0.0247409734842972,0.0489053931991645,0.0730268310287482,0.1189762541996857,0.2310105530566786,0.4501957349848431,transformer_div97_f0.5_wd1.0_softmax_ce_s1,div,9100
1006,0.068409985795207,0.1194279273854831,0.1191683849961111,0.0248166343575289,0.0491466125444881,0.0727360251900759,0.1194279273854831,0.2323197619209761,0.4490247598836616,0.02487200829174,0.0490902959984172,0.0732104310368568,0.1191683849961111,0.231103633378134,0.4501993460648232,transformer_div97_f0.5_wd1.0_softmax_ce_s1,div,9100
1083,0.0689225140492873,0.1194290719087913,0.1191354950871855,0.0248225754000966,0.0491537428269165,0.0727425757509751,0.1194290719087913,0.2323236015732709,0.4490009552748473,0.0248568494599216,0.0490613380398049,0.0731766042055261,0.1191354950871855,0.2310538758617724,0.4501692411837735,transformer_div97_f0.5_wd1.0_softmax_ce_s1,div,9100
1167,0.0702007959771184,0.11937477301937,0.1194485795112079,0.0248171276655142,0.0491004791528507,0.0726603639579586,0.11937477301937,0.2321874388634806,0.4489229518274057,0.0250465866139161,0.0493662033965596,0.0734770858764582,0.1194485795112079,0.23132907155941,0.4501947748348596,transformer_div97_f0.5_wd1.0_softmax_ce_s1,div,9100
1257,0.0704913117650087,0.1193709230157951,0.1195028630798442,0.0248181381353269,0.0491258755109439,0.0726877132565455,0.1193709230157951,0.2321931671799329,0.4489054213295492,0.0250592833092694,0.0494355932871006,0.0735392042880229,0.1195028630798442,0.2313841851673666,0.4502787279612181,transformer_div97_f0.5_wd1.0_softmax_ce_s1,div,9100
1354,0.0704883093519736,0.1192324492096393,0.1196977871170764,0.0248167901889429,0.0491123971722477,0.0726950409098629,0.1192324492096393,0.2320718859986856,0.4487109527295096,0.0251796791247158,0.0496611717642483,0.0736995513821117,0.1196977871170764,0.2315806570788166,0.4503386009226474,transformer_div97_f0.5_wd1.0_softmax_ce_s1,div,9100
1459,0.0693105109844153,0.1189811809518463,0.1200261192655187,0.0247638794068898,0.0489846163040411,0.0725186989872023,0.1189811809518463,0.2317515570897601,0.44835061422138,0.0254152652798623,0.0500026549902607,0.0739369942621328,0.1200261192655187,0.2320307166959474,0.4504076399453999,transformer_div97_f0.5_wd1.0_softmax_ce_s1,div,9100
1571,0.0691216224635308,0.1188005419090924,0.1207130463614896,0.0247499479773366,0.0489932965548959,0.0724671033161922,0.1188005419090924,0.2315919808634946,0.4480741020670777,0.0258095364586332,0.0505062471183863,0.0743262597729904,0.1207130463614896,0.2327653875530956,0.4506745589909607,transformer_div97_f0.5_wd1.0_softmax_ce_s1,div,9100
1692,0.0700116861390643,0.1187275009626385,0.1219530862605722,0.0247889872430027,0.0490404751986154,0.0724731130197466,0.1187275009626385,0.2316354214992498,0.4480677408921374,0.0263892188882866,0.0516627046600603,0.075316923797266,0.1219530862605722,0.2342053939795697,0.4518940577194619,transformer_div97_f0.5_wd1.0_softmax_ce_s1,div,9100
1823,0.0648799145544208,0.1184284611193009,0.1234131843545025,0.0246773503629745,0.0487546796825206,0.0721350821960698,0.1184284611193009,0.2311110698420883,0.4474502194152991,0.0270559313473165,0.0525405260657277,0.0766887829315156,0.1234131843545025,0.2372065632083263,0.4544979002556712,transformer_div97_f0.5_wd1.0_softmax_ce_s1,div,9100
1964,0.0653964490304404,0.1183044272166757,0.1238911114808864,0.0246936054437251,0.0486989664494861,0.0720308028788533,0.1183044272166757,0.2309673772364152,0.4472809711729811,0.0271965403305664,0.052858328578836,0.0771679541443093,0.1238911114808864,0.2380921652467489,0.4555120996813777,transformer_div97_f0.5_wd1.0_softmax_ce_s1,div,9100
2115,0.0525503471857752,0.1182493720133491,0.1308938931258459,0.0246402388705645,0.0486620859168598,0.0719712433556017,0.1182493720133491,0.2308851107812257,0.4471340100892608,0.028569302596567,0.0555052110832225,0.0822647675439583,0.1308938931258459,0.2457776510244584,0.4622381483950565,transformer_div97_f0.5_wd1.0_softmax_ce_s1,div,9100
2278,0.037937699580249,0.1182804467844747,0.1386883447793637,0.0245307602886209,0.0484507253536037,0.0719571969404249,0.1182804467844747,0.2309660246765452,0.4468363439447624,0.0305468927834903,0.060340478303426,0.0882986062201877,0.1386883447793637,0.2543808799587825,0.4707411175921551,transformer_div97_f0.5_wd1.0_softmax_ce_s1,div,9100
2454,0.0375349241829167,0.1180448718233252,0.1385075950775344,0.0244340082148716,0.048224927847485,0.071937151091831,0.1180448718233252,0.2302984304835916,0.4464809017669165,0.0308077035625934,0.0589773543705964,0.0871385404670771,0.1385075950775344,0.2555164567189804,0.4732594167452046,transformer_div97_f0.5_wd1.0_softmax_ce_s1,div,9100
2644,0.0431816146947532,0.1181706183295111,0.1419290677818011,0.0244790663639325,0.0483324625664183,0.0720280213784423,0.1181706183295111,0.2303382540968914,0.4464751454521293,0.0315694996729243,0.0606654772954717,0.0896443096985252,0.1419290677818011,0.2598438617943697,0.4786906482102967,transformer_div97_f0.5_wd1.0_softmax_ce_s1,div,9100
2848,0.0401781187761767,0.1183945263000189,0.1545272647026226,0.0245286219267709,0.0483318572259718,0.0720972882862094,0.1183945263000189,0.2302068615106282,0.446745439794726,0.0347246420820039,0.0670043522118921,0.0989304334227991,0.1545272647026226,0.2750160347050348,0.4936888315227692,transformer_div97_f0.5_wd1.0_softmax_ce_s1,div,9100
3067,0.0400037392803197,0.1183437791295768,0.173712780054411,0.0243788223292144,0.0484461370638769,0.0720616759771649,0.1183437791295768,0.230376242987288,0.4466583238545058,0.0393723411125532,0.076480377759326,0.1129397315842923,0.173712780054411,0.2988656783267406,0.5182962138373876,transformer_div97_f0.5_wd1.0_softmax_ce_s1,div,9100
3304,0.0431223777929309,0.1192379822359044,0.1663845898247374,0.0244902084096844,0.0485678360994765,0.0724702682692496,0.1192379822359044,0.2306766771296524,0.4478038654990612,0.0375396430653442,0.0723046057259164,0.1062795968976072,0.1663845898247374,0.2923027029942643,0.5158001433341312,transformer_div97_f0.5_wd1.0_softmax_ce_s1,div,9100
3559,0.0397895940397551,0.118963006018569,0.1746490204129083,0.0245148330156161,0.0486512937323223,0.0724586746033113,0.118963006018569,0.2307634433349893,0.448813812794411,0.039162968705768,0.0760114587310487,0.1121847463941741,0.1746490204129083,0.3038580593863578,0.5291402856926481,transformer_div97_f0.5_wd1.0_softmax_ce_s1,div,9100
3834,0.0442203250722736,0.1181203105003538,0.1798090580728809,0.024413881409895,0.0485570535280886,0.0721557512984662,0.1181203105003538,0.2311477071651046,0.4502981104168118,0.0402792824768734,0.0783847017903574,0.1152781228363107,0.1798090580728809,0.3106664548549389,0.5370448088669206,transformer_div97_f0.5_wd1.0_softmax_ce_s1,div,9100
4130,0.0556836435729835,0.1183222310051689,0.1974787281718287,0.0245203956581472,0.0486142685810076,0.0722683550820706,0.1183222310051689,0.2310236468341913,0.4523571739486159,0.0445834568436647,0.0862416519251875,0.1268195839152202,0.1974787281718287,0.3347674702975344,0.563566335685525,transformer_div97_f0.5_wd1.0_softmax_ce_s1,div,9100
4448,0.0520024198147356,0.1191501688832859,0.2012466350968425,0.0245708739080468,0.0484634612918703,0.0723363493204838,0.1191501688832859,0.2326038082327913,0.4547346385867815,0.0469351765258289,0.0886898330727334,0.1302476606491777,0.2012466350968425,0.3383259339613707,0.5681100875961022,transformer_div97_f0.5_wd1.0_softmax_ce_s1,div,9100
4791,0.0514319541832598,0.1189588916466799,0.2356121108161072,0.0246240981671955,0.048448627409083,0.0720786718292059,0.1189588916466799,0.2326818553907659,0.4511055103571526,0.0536736799536217,0.1040350671334539,0.1501549927294626,0.2356121108161072,0.3840910719456748,0.6110942442224038,transformer_div97_f0.5_wd1.0_softmax_ce_s1,div,9100
5161,0.0341330584286027,0.1178856182678902,0.2278786704029429,0.0238818333086324,0.0476673269565972,0.0713887585033929,0.1178856182678902,0.2315573074897612,0.4505725203249225,0.0522604256110691,0.1003827765503897,0.1445627109725859,0.2278786704029429,0.37595074329612,0.6099146653994135,transformer_div97_f0.5_wd1.0_softmax_ce_s1,div,9100
5560,0.0264817827372677,0.1200494507576469,0.212508075602782,0.0244443884927427,0.0485946299559767,0.0726298247773822,0.1200494507576469,0.2332034446807536,0.451114716618149,0.0486474990033077,0.0926035474653698,0.1363701078668795,0.212508075602782,0.356503903465781,0.589578090999397,transformer_div97_f0.5_wd1.0_softmax_ce_s1,div,9100
5989,0.0510939399023188,0.1211950880524091,0.2249304478410165,0.0248150152345862,0.0493216942497063,0.0735578740746713,0.1211950880524091,0.2360440962932031,0.4522601491562694,0.0521158953440607,0.0995996797593875,0.1422695545827217,0.2249304478410165,0.385792455322093,0.62111584811957,transformer_div97_f0.5_wd1.0_softmax_ce_s1,div,9100
6451,0.0363509395597516,0.1197135668541552,0.2106888134875889,0.0250048319148237,0.0492944068066584,0.0731275591033731,0.1197135668541552,0.2322292570553155,0.447894962515166,0.0494965846571177,0.0933307099344252,0.1334685325097844,0.2106888134875889,0.364312707493782,0.5979988170884593,transformer_div97_f0.5_wd1.0_softmax_ce_s1,div,9100
6949,0.038411263086918,0.119685894255697,0.2342679096658798,0.0243777097777579,0.048721139505469,0.0724938234239289,0.119685894255697,0.2347436344329508,0.4507011182269584,0.0553149610918035,0.1052708805419155,0.1506468984690112,0.2342679096658798,0.4102527196035003,0.6465712011055601,transformer_div97_f0.5_wd1.0_softmax_ce_s1,div,9100
7485,0.0273897513773278,0.1201277105708217,0.2150888186554743,0.0247852034455774,0.0489926161364785,0.0728608022424818,0.1201277105708217,0.2323241943915508,0.4489677247304855,0.0512111227406072,0.0943549969496015,0.1369468672330226,0.2150888186554743,0.3815441093068467,0.6186270711779215,transformer_div97_f0.5_wd1.0_softmax_ce_s1,div,9100
8062,0.061895500941117,0.1216461741309172,0.2800531976531601,0.0251936628145077,0.0496441455774794,0.0739059881772281,0.1216461741309172,0.2357058922361637,0.450747342539243,0.0654228925673182,0.1272508611931982,0.1823495043822587,0.2800531976531601,0.4946158325350801,0.7357297489676577,transformer_div97_f0.5_wd1.0_softmax_ce_s1,div,9100
8685,0.0449940871572694,0.118526479225586,0.2328673433972878,0.0253543588275418,0.0498949011416417,0.0729164230148232,0.118526479225586,0.2301313365053968,0.4467418483158764,0.0532102955804108,0.1008662224278882,0.1479782812201585,0.2328673433972878,0.4238348011880845,0.6742413466493995,transformer_div97_f0.5_wd1.0_softmax_ce_s1,div,9100
9355,0.0657871727692259,0.1151158064539285,0.2991552137013558,0.0238241427816321,0.0469676793409886,0.0697627671379306,0.1151158064539285,0.225062476104195,0.43973835243797,0.0681737330432238,0.1312598547791004,0.1912030162341915,0.2991552137013558,0.5436256678786349,0.8157363734139091,transformer_div97_f0.5_wd1.0_softmax_ce_s1,div,9100
10077,0.0583438569553501,0.1149587406357819,0.2695293134081091,0.0236334651264976,0.0467505773024848,0.0696705847405898,0.1149587406357819,0.2257558146912086,0.4386443569589531,0.0581236205725009,0.1141691234825889,0.1683766336235782,0.2695293134081091,0.5053924402603895,0.7980515207412725,transformer_div97_f0.5_wd1.0_softmax_ce_s1,div,9100
10854,0.0460576690890603,0.1117875776421209,0.3180787920171978,0.0227310522538475,0.0452979582300228,0.0676125926744597,0.1117875776421209,0.2205116360292203,0.4337082236862103,0.0657396000097933,0.1292197213709548,0.1925392350980352,0.3180787920171978,0.6049904927444899,0.918751489620286,transformer_div97_f0.5_wd1.0_softmax_ce_s1,div,9100
11692,0.0491524357723739,0.114112238270391,0.3840328552134034,0.0231915556329629,0.0461854776815402,0.0689175842051444,0.114112238270391,0.2243547180319971,0.4370214941898936,0.0817150142796324,0.1627853006447917,0.2431048599259555,0.3840328552134034,0.6954597098043771,0.9680638808655524,transformer_div97_f0.5_wd1.0_softmax_ce_s1,div,9100
12594,0.0264660886466678,0.1137758182424106,0.3460675201531463,0.0235236551563681,0.0465686631079075,0.0692004210874923,0.1137758182424106,0.2238056410667699,0.4376279027941951,0.0722770902720987,0.1417155310403585,0.2103377524498878,0.3460675201531463,0.6578580626269249,0.9778587531444244,transformer_div97_f0.5_wd1.0_softmax_ce_s1,div,9100
13566,0.0393288394552175,0.1124384850778471,0.3401790936370911,0.0234284713674531,0.0460485046589935,0.0683526856751667,0.1124384850778471,0.2217054831030303,0.4362433793498577,0.0701544525733266,0.1382769107976152,0.2063013058559251,0.3401790936370911,0.6566451895335306,0.9875885981191804,transformer_div97_f0.5_wd1.0_softmax_ce_s1,div,9100
14613,0.041736221459585,0.1130904978068328,0.3884702483437024,0.0232477384727502,0.0459808275082243,0.0685264297042965,0.1130904978068328,0.2220123860350738,0.4343647216004464,0.0895866530938965,0.1706743299546461,0.2447527026263767,0.3884702483437024,0.7049758777132075,0.9880303831986504,transformer_div97_f0.5_wd1.0_softmax_ce_s1,div,9100
15741,0.0536721589095586,0.113319653144433,0.4070754146002319,0.023053337166102,0.0458928968822091,0.0685592445194682,0.113319653144433,0.2233825405933163,0.4395111710845776,0.0840848228245386,0.1679195282302266,0.2501917637383327,0.4070754146002319,0.7545972969515631,0.9741049530185464,transformer_div97_f0.5_wd1.0_softmax_ce_s1,div,9100
16955,0.0499620227559427,0.1118279938819089,0.3874218078016918,0.0229741474752712,0.0458118413704058,0.0679301228056033,0.1118279938819089,0.2204941415841657,0.4332527491712417,0.0818441002393633,0.1626181803757261,0.2392076646154455,0.3874218078016918,0.7174224537331146,0.9881109191801636,transformer_div97_f0.5_wd1.0_softmax_ce_s1,div,9100
18264,0.0365309820676609,0.1118667557750857,0.3946179666390554,0.0226392395080802,0.0451160493894453,0.067426956635418,0.1118667557750857,0.2226755311913253,0.4382024935732998,0.0851474549651969,0.1693559803860631,0.2478537887107116,0.3946179666390554,0.7272616300142968,0.9897541754793732,transformer_div97_f0.5_wd1.0_softmax_ce_s1,div,9100
19673,0.0531702986500059,0.1169256840765814,0.3984523228374248,0.024455153119547,0.0479815074559527,0.0711003434628934,0.1169256840765814,0.2303065253788607,0.4427102387036636,0.0877075966824311,0.1705162032830842,0.2509761989373321,0.3984523228374248,0.7357730044055452,0.9376026403717648,transformer_div97_f0.5_wd1.0_softmax_ce_s1,div,9100
21192,0.0307113942708751,0.1174182572777904,0.4346880321893666,0.0241876462000116,0.0482002289997345,0.0714185056686726,0.1174182572777904,0.2293805921923614,0.443683087179789,0.0954214354226496,0.1890548166618065,0.2782729453019751,0.4346880321893666,0.797828122525038,0.9893035496872252,transformer_div97_f0.5_wd1.0_softmax_ce_s1,div,9100
22827,0.0416585274541511,0.1118711677724113,0.4715342840266781,0.0226650310530645,0.0452495883799853,0.0676378550829564,0.1118711677724113,0.2207221925373768,0.4330413119103234,0.1577762910020184,0.2412505299333944,0.3215060522979719,0.4715342840266781,0.805636401379389,0.9918948279597568,transformer_div97_f0.5_wd1.0_softmax_ce_s1,div,9100
24589,0.0365382854856442,0.1144827811443834,0.4426844686947751,0.0233780280296889,0.0466297604475032,0.0695726008786642,0.1144827811443834,0.2241455154980712,0.4373289894159281,0.1071654142724687,0.1970028305236727,0.2818707217774781,0.4426844686947751,0.7998263728903257,0.988482164384078,transformer_div97_f0.5_wd1.0_softmax_ce_s1,div,9100
26486,0.0356990121864817,0.1137769361333329,0.4585763046973555,0.0234391824008654,0.0466544727971663,0.0691481074044276,0.1137769361333329,0.2227774899393359,0.4349454833066969,0.1075635967987197,0.1981877146484468,0.2868891625027947,0.4585763046973555,0.8296736711909332,0.9812352556357394,transformer_div97_f0.5_wd1.0_softmax_ce_s1,div,9100
28530,0.038725177530753,0.1120606768428841,0.4721875807709577,0.0235233385891868,0.0461393434859513,0.0684948188711683,0.1120606768428841,0.2194184468567094,0.4304869012449129,0.1089847280760442,0.2115459230556048,0.3030800099714461,0.4721875807709577,0.8182944511272982,0.9941704931594276,transformer_div97_f0.5_wd1.0_softmax_ce_s1,div,9100
30732,0.0323147577755045,0.1088988391220599,0.487198589262909,0.0220144132506618,0.0440139980610968,0.0659910825362312,0.1088988391220599,0.21519624104188,0.4256442260282262,0.1120446810778311,0.2229426341015746,0.3167001061697133,0.487198589262909,0.8224285986433789,0.9955049400605864,transformer_div97_f0.5_wd1.0_softmax_ce_s1,div,9100
33103,0.0512263190133624,0.1177341100214151,0.4568152667785543,0.0248194498478642,0.0493369112932984,0.0724232847678088,0.1177341100214151,0.2268821592496569,0.4405222379520082,0.1117336358943935,0.1994376987055207,0.2866648744962149,0.4568152667785543,0.8258882897494496,0.9675700647809544,transformer_div97_f0.5_wd1.0_softmax_ce_s1,div,9100
35658,0.055650916032078,0.1143379761241011,0.4738280798588741,0.0234655278920287,0.0466513132721409,0.0693975879060635,0.1143379761241011,0.225092234499592,0.4403059595223976,0.1152980714929383,0.2179038458506692,0.3178979197757773,0.4738280798588741,0.8215916655689416,0.9926838846510776,transformer_div97_f0.5_wd1.0_softmax_ce_s1,div,9100
38410,0.0340049314749024,0.1104554092643954,0.4952882366455173,0.0223884544094328,0.0446004549624285,0.0666031152942503,0.1104554092643954,0.2192217755477368,0.4321449480949911,0.115223336442352,0.2279089301847102,0.3317677892087982,0.4952882366455173,0.8305623123862577,0.995448192960602,transformer_div97_f0.5_wd1.0_softmax_ce_s1,div,9100
41374,0.0321789585463445,0.1118811876980859,0.4810904859801152,0.0227067399674902,0.0451689042292839,0.067564644898663,0.1118811876980859,0.2210085596181398,0.4346448097502779,0.1130722960689131,0.2240199302441482,0.3217705828760651,0.4810904859801152,0.8209833347742588,0.9961334163668794,transformer_div97_f0.5_wd1.0_softmax_ce_s1,div,9100
44567,0.0369022784871074,0.1114432254790923,0.476835579792293,0.0227015150385441,0.0453515072424242,0.0674986118006021,0.1114432254790923,0.2193487386068451,0.4322778469419899,0.1177642990378995,0.2233287379486083,0.314697089697864,0.476835579792293,0.8244976175974953,0.987491357274144,transformer_div97_f0.5_wd1.0_softmax_ce_s1,div,9100
48006,0.043891079423323,0.1145654037224495,0.4459081509159169,0.0235550730858546,0.0465985861005901,0.0694245325732444,0.1145654037224495,0.2234571526339109,0.4363750121559262,0.1022058737790292,0.201790573090151,0.2861448675837723,0.4459081509159169,0.806881701280846,0.984458926704077,transformer_div97_f0.5_wd1.0_softmax_ce_s1,div,9100
51711,0.0431212248774101,0.1133763330033287,0.4968761433296997,0.0243724775931589,0.0468215019295176,0.0691927541669489,0.1133763330033287,0.2232426803951214,0.4373668274868257,0.1242693138050423,0.2301114760120033,0.3288752679135251,0.4968761433296997,0.8225481359944552,0.9848826083802156,transformer_div97_f0.5_wd1.0_softmax_ce_s1,div,9100
55701,0.0422406347205817,0.1113543973975238,0.5221376525083647,0.0230205844487542,0.0457749205551349,0.0677039934701576,0.1113543973975238,0.2198361303658452,0.4314123204845129,0.1335282554000223,0.2455922098033962,0.351001264255361,0.5221376525083647,0.8758898822552973,0.9945262664415324,transformer_div97_f0.5_wd1.0_softmax_ce_s1,div,9100
60000,0.0400549985385852,0.1113583021396844,0.4927746890747194,0.0226727392005761,0.045007876495187,0.0672252149238529,0.1113583021396844,0.2204661782160935,0.4329563581237163,0.1047910894863016,0.2053100903754522,0.3026158544384217,0.4927746890747194,0.9063401139710346,0.9840239738437224,transformer_div97_f0.5_wd1.0_softmax_ce_s1,div,9100
0,0.0691257447287118,0.1183278725795631,0.1230105810387088,0.0240037672180504,0.0478009362060859,0.071382228747608,0.1183278725795631,0.2338918939043127,0.4526769266513663,0.0262764398595536,0.0513502720505772,0.075774490090864,0.1230105810387088,0.2355762196320101,0.4509171192798647,transformer_div97_f0.5_wd1.0_softmax_ce_s2,div,8200
1,0.0690927347853629,0.1183225566767225,0.1230069242586812,0.0240018274970845,0.0478025125169953,0.0713824883318694,0.1183225566767225,0.2338834478563189,0.4526575837614813,0.0262767085506867,0.0513514313111808,0.0757770779896922,0.1230069242586812,0.2355741293220281,0.4509294794544936,transformer_div97_f0.5_wd1.0_softmax_ce_s2,div,8200
2,0.06905134544863,0.1183209371620816,0.123005499721852,0.024001219040296,0.0478040237225286,0.0713842660840025,0.1183209371620816,0.2338790124063165,0.4526442071844798,0.026277889272572,0.0513541791611128,0.0757808114785812,0.123005499721852,0.235574090639185,0.4509435860291788,transformer_div97_f0.5_wd1.0_softmax_ce_s2,div,8200
3,0.0689733226059829,0.1183211109547157,0.123006374610202,0.0240005489965626,0.0478058576273252,0.0713857429597936,0.1183211109547157,0.2338775298438593,0.4526350878382164,0.0262799901240181,0.0513580456468798,0.075786230134763,0.123006374610202,0.2355761471115099,0.4509583780138956,transformer_div97_f0.5_wd1.0_softmax_ce_s2,div,8200
4,0.0688809048423826,0.1183223995531001,0.1230085955769411,0.0239996520228718,0.0478072728221748,0.0713865391773389,0.1183223995531001,0.2338768941589291,0.4526275395234365,0.0262825192757706,0.0513618850362211,0.0757921537008231,0.1230085955769411,0.2355797833436838,0.4509736515638867,transformer_div97_f0.5_wd1.0_softmax_ce_s2,div,8200
5,0.0687723975511161,0.1183244925708294,0.1230111992803264,0.0239988124003444,0.047808502266232,0.0713870967231182,0.1183244925708294,0.233876609185947,0.4526210043989176,0.0262849587720824,0.0513651274327935,0.0757977620927677,0.1230111992803264,0.2355837385200453,0.4509880905175509,transformer_div97_f0.5_wd1.0_softmax_ce_s2,div,8200
6,0.0686578296396305,0.1183275771377408,0.1230140521362957,0.0239984113200342,0.0478099936950883,0.0713879083593478,0.1183275771377408,0.2338770838955874,0.4526156668601183,0.0262872868409378,0.0513680537986991,0.0758031944757106,0.1230140521362957,0.2355876290243458,0.451001694486184,transformer_div97_f0.5_wd1.0_softmax_ce_s2,div,8200
7,0.068542258629511,0.1183311415701703,0.1230171138620927,0.0239983011710532,0.0478115803911148,0.071388743975654,0.1183311415701703,0.2338779616821506,0.4526109940999462,0.0262895577965049,0.0513709441064774,0.0758086259415377,0.1230171138620927,0.2355917174204802,0.4510148655404815,transformer_div97_f0.5_wd1.0_softmax_ce_s2,div,8200
8,0.0684315945432896,0.1183346776234499,0.1230202926813477,0.0239984347807084,0.0478130845533908,0.0713893366119877,0.1183346776234499,0.2338788863209198,0.4526066206052807,0.0262918287772462,0.0513738759769029,0.0758141442536769,0.1230202926813477,0.2355961900310475,0.4510278035119157,transformer_div97_f0.5_wd1.0_softmax_ce_s2,div,8200
9,0.0683264886111324,0.1183381004110751,0.1230238300880544,0.0239987985117996,0.047814524394767,0.0713896769491204,0.1183381004110751,0.233879851516159,0.452602123698788,0.0262942468670688,0.0513769415601185,0.0758198327458957,0.1230238300880544,0.2356010001415168,0.451040530443398,transformer_div97_f0.5_wd1.0_softmax_ce_s2,div,8200
10,0.0682231480609308,0.1183414569905872,0.1230279391935215,0.0239994112538227,0.0478159568238141,0.0713898548990196,0.1183414569905872,0.2338810121262594,0.4525973904294553,0.0262968449585437,0.0513801338573965,0.0758257419128778,0.1230279391935215,0.2356059693872219,0.4510530029758079,transformer_div97_f0.5_wd1.0_softmax_ce_s2,div,8200
11,0.0681168842864844,0.1183447190737685,0.1230323890611892,0.0240002022774648,0.047817285260639,0.0713899077144258,0.1183447190737685,0.233882484799335,0.4525923355596631,0.0262994452521596,0.0513832743393846,0.0758316815838655,0.1230323890611892,0.2356110748569886,0.4510651760397388,transformer_div97_f0.5_wd1.0_softmax_ce_s2,div,8200
12,0.0680041932799724,0.1183479846276631,0.1230371955295754,0.0240011996807193,0.0478184060680168,0.0713898342911859,0.1183479846276631,0.2338843980792983,0.4525870383503133,0.0263019221428782,0.051386274716626,0.0758376659238235,0.1230371955295754,0.2356163788735006,0.4510768609111718,transformer_div97_f0.5_wd1.0_softmax_ce_s2,div,8200
13,0.067886665393194,0.1183513754763898,0.1230419901071747,0.0240025614159052,0.0478194768532159,0.0713897969157237,0.1183513754763898,0.2338868208786834,0.4525815128601281,0.0263041844018207,0.0513890249586834,0.0758434653538747,0.1230419901071747,0.2356214703772202,0.4510877213762929,transformer_div97_f0.5_wd1.0_softmax_ce_s2,div,8200
15,0.0676337789865305,0.1183586573945967,0.1230509333904864,0.0240065467678697,0.0478218940353659,0.0713901646767748,0.1183586573945967,0.233893296272474,0.452569902818095,0.026307831927261,0.051393597175286,0.0758537764805272,0.1230509333904864,0.2356305593304234,0.4511065045598607,transformer_div97_f0.5_wd1.0_softmax_ce_s2,div,8200
16,0.0674980441404781,0.1183623814436357,0.1230551902779474,0.0240090280281665,0.0478232041055345,0.071390424234494,0.1183623814436357,0.2338969627790504,0.4525636779354805,0.0263090534713326,0.0513952428992215,0.0758581294145949,0.1230551902779474,0.2356350910361798,0.4511149885994071,transformer_div97_f0.5_wd1.0_softmax_ce_s2,div,8200
17,0.0673540835328544,0.1183661254904269,0.1230593458937997,0.0240117132523035,0.047824449808383,0.0713905440474585,0.1183661254904269,0.2339008450513569,0.4525573358846949,0.0263097589038978,0.0513964077044536,0.0758620061521963,0.1230593458937997,0.2356399980038585,0.4511231538003573,transformer_div97_f0.5_wd1.0_softmax_ce_s2,div,8200
18,0.0672031807389446,0.1183698492292612,0.12306333369513,0.0240144885344234,0.0478255436001544,0.0713904330621665,0.1183698492292612,0.2339050631241351,0.4525510280548182,0.0263098996836706,0.0513969928471185,0.0758654374031348,0.12306333369513,0.2356452082701924,0.4511310196191956,transformer_div97_f0.5_wd1.0_softmax_ce_s2,div,8200
20,0.0668862748993947,0.1183780412073802,0.1230708533971724,0.0240201253371422,0.0478272757711288,0.0713899373131201,0.1183780412073802,0.2339154579890604,0.4525389112231542,0.0263090665940986,0.0513967662473337,0.0758714899340552,0.1230708533971724,0.2356562707957002,0.4511465464757715,transformer_div97_f0.5_wd1.0_softmax_ce_s2,div,8200
21,0.0667237705609463,0.1183828570359262,0.1230744637617408,0.024023016415127,0.0478281023037583,0.0713898872965387,0.1183828570359262,0.2339220340352915,0.4525331844767649,0.0263082719373889,0.0513960680316437,0.075874132323632,0.1230744637617408,0.2356620510949273,0.4511543792874137,transformer_div97_f0.5_wd1.0_softmax_ce_s2,div,8200
23,0.066405800556764,0.1183944652983682,0.1230813169902835,0.0240292406408866,0.0478302607261487,0.0713908394108555,0.1183944652983682,0.2339384262945403,0.4525226709737131,0.0263059293789426,0.0513934996351768,0.0758783386567999,0.1230813169902835,0.2356741165266629,0.4511700954716507,transformer_div97_f0.5_wd1.0_softmax_ce_s2,div,8200
24,0.0662618031019574,0.1184013985735954,0.1230843221050847,0.0240327319831991,0.0478319384269817,0.0713921478707297,0.1184013985735954,0.2339485264994704,0.4525182253558159,0.0263043735795881,0.051391615304448,0.075879858032148,0.1230843221050847,0.2356802880026416,0.4511777618663982,transformer_div97_f0.5_wd1.0_softmax_ce_s2,div,8200
26,0.0660186989792102,0.1184169159511127,0.1230883441419065,0.0240406841338236,0.0478368582448874,0.0713966953789438,0.1184169159511127,0.2339718482546494,0.4525098844621724,0.026300363295646,0.0513861136580571,0.0758812549835842,0.1230883441419065,0.2356919265394769,0.4511917854843197,transformer_div97_f0.5_wd1.0_softmax_ce_s2,div,8200
28,0.0658290192687826,0.1184319013732676,0.1230898266490714,0.0240489269424134,0.0478429998703636,0.0714029166065335,0.1184319013732676,0.2339955419563729,0.4524993820737723,0.0262955329856335,0.0513790770241738,0.0758814224473236,0.1230898266490714,0.2357027562245119,0.451205008232742,transformer_div97_f0.5_wd1.0_softmax_ce_s2,div,8200
31,0.0656279222158557,0.1184462726515284,0.1230884922924668,0.0240558897680148,0.0478493669196086,0.0714098079108914,0.1184462726515284,0.2340246408099887,0.452478357870728,0.0262894321573414,0.0513702623397844,0.0758830632308323,0.1230884922924668,0.2357205215832877,0.451229422514758,transformer_div97_f0.5_wd1.0_softmax_ce_s2,div,8200
33,0.0655898153384896,0.1184499125687036,0.1230840011569875,0.0240560689807844,0.0478493217451723,0.0714101756273878,0.1184499125687036,0.2340357727492732,0.4524581305866276,0.0262854712084056,0.0513655223750405,0.0758852580055187,0.1230840011569875,0.2357344159818718,0.4512486552485446,transformer_div97_f0.5_wd1.0_softmax_ce_s2,div,8200
35,0.0656466750646284,0.1184525575513345,0.1230779846093158,0.0240551655423573,0.0478468722765776,0.0714082785477391,0.1184525575513345,0.2340408565133279,0.4524353283692971,0.0262795853807341,0.051359421359439,0.0758869690757739,0.1230779846093158,0.235752305720888,0.4512710748772728,transformer_div97_f0.5_wd1.0_softmax_ce_s2,div,8200
38,0.0658674729009186,0.118458208289737,0.1230685884110391,0.0240547885258278,0.047842326414365,0.0714043094698808,0.118458208289737,0.2340399151099187,0.4524037342357482,0.0262694006981515,0.0513475761137232,0.0758884307181235,0.1230685884110391,0.2357880958205405,0.4513046798673784,transformer_div97_f0.5_wd1.0_softmax_ce_s2,div,8200
41,0.0661353512330621,0.1184637326318798,0.1230594066577027,0.0240526345552077,0.0478341917240605,0.0714041612628536,0.1184637326318798,0.234033360209404,0.4523817085703412,0.0262602839764221,0.051336552101365,0.0758884545699662,0.1230594066577027,0.2358270662348347,0.4513280728242057,transformer_div97_f0.5_wd1.0_softmax_ce_s2,div,8200
44,0.0663941910919905,0.118464880308271,0.1230476239693749,0.0240475564443685,0.0478217814276198,0.0714015102502989,0.118464880308271,0.234027827357503,0.4523741486014039,0.0262535029057029,0.0513283184887434,0.075883241386737,0.1230476239693749,0.2358594130591155,0.451341412484103,transformer_div97_f0.5_wd1.0_softmax_ce_s2,div,8200
48,0.0667397475178312,0.1184644300138341,0.1230276815086923,0.024038890081383,0.047801278204934,0.071392241640957,0.1184644300138341,0.2340216212033309,0.4523636875394481,0.0262434002236973,0.0513144500358565,0.0758653169149265,0.1230276815086923,0.2358996630548996,0.4513606254892077,transformer_div97_f0.5_wd1.0_softmax_ce_s2,div,8200
51,0.067086645664395,0.1184630935635277,0.1230131446991431,0.0240326542980422,0.0477869178086387,0.0713845454933968,0.1184630935635277,0.234011641230998,0.4523510006757401,0.0262356297449899,0.0513025085806754,0.0758481307950973,0.1230131446991431,0.2359304644718167,0.4513801588710989,transformer_div97_f0.5_wd1.0_softmax_ce_s2,div,8200
55,0.0676072592677309,0.1184633230519423,0.122997108052312,0.0240302990266572,0.0477776621022092,0.0713792637592698,0.1184633230519423,0.2339967664147652,0.4523293535341141,0.0262284262915211,0.0512889085939523,0.0758243736736701,0.122997108052312,0.2359843567160738,0.4514286821405451,transformer_div97_f0.5_wd1.0_softmax_ce_s2,div,8200
60,0.0677247231091338,0.1184660725134143,0.1229798270575523,0.0240319467612096,0.0477753472534747,0.0713776421995339,0.1184660725134143,0.2339702340153329,0.4522888060547842,0.0262212419760545,0.0512793149710163,0.0757935524505459,0.1229798270575523,0.2360827688262742,0.4515165042101849,transformer_div97_f0.5_wd1.0_softmax_ce_s2,div,8200
64,0.0675754980268545,0.1184618805073135,0.1229800693984696,0.0240344580589615,0.0477742935839073,0.0713820169690747,0.1184618805073135,0.2339444960946366,0.4522599613724541,0.0262245401863276,0.0512841642234404,0.0757808417280319,0.1229800693984696,0.2361817630074828,0.4516046940062956,transformer_div97_f0.5_wd1.0_softmax_ce_s2,div,8200
69,0.0674458988746016,0.1184521762518018,0.1229826616854544,0.0240387652321971,0.0477750475020974,0.0713949162330858,0.1184521762518018,0.2339066464676989,0.4522330130163982,0.0262423634292541,0.0512993270256225,0.0757715883334499,0.1229826616854544,0.2363012454495876,0.4517070826618019,transformer_div97_f0.5_wd1.0_softmax_ce_s2,div,8200
75,0.0673353681168412,0.1184569552397162,0.122991927828964,0.02405028793235,0.0477825007274137,0.0714124264669613,0.1184569552397162,0.233864524622301,0.4522026667841889,0.0262749430197642,0.0513201084608831,0.0757615834146259,0.122991927828964,0.2364446905701657,0.4518278861695388,transformer_div97_f0.5_wd1.0_softmax_ce_s2,div,8200
80,0.066960600870828,0.1184691254789313,0.122994694782566,0.0240615457550165,0.0477913094064301,0.0714232406668964,0.1184691254789313,0.2338326023456314,0.4521690759896762,0.0262955538784403,0.0513209823230376,0.0757431834301394,0.122994694782566,0.2365401081957298,0.4519133463654296,transformer_div97_f0.5_wd1.0_softmax_ce_s2,div,8200
87,0.0662484516530263,0.1184740048347637,0.1230076103601558,0.0240724037171915,0.0477999058283849,0.0714227737307681,0.1184740048347637,0.2337707605778497,0.4521014578247615,0.026322480021958,0.0513170230052956,0.0757275815762866,0.1230076103601558,0.2366540675089729,0.4520589942572221,transformer_div97_f0.5_wd1.0_softmax_ce_s2,div,8200
93,0.0656814120641179,0.1184752273604915,0.1230423689202864,0.0240810087639078,0.0478051587486095,0.071415363793492,0.1184752273604915,0.2337289618135296,0.4520567463979624,0.026347110993095,0.0513194091827693,0.0757326130923414,0.1230423689202864,0.2367698198466866,0.452179947402352,transformer_div97_f0.5_wd1.0_softmax_ce_s2,div,8200
100,0.065158858784547,0.118481019453987,0.1230832348756649,0.0240911810944149,0.0478101779186574,0.0714055447316984,0.118481019453987,0.2336887153147512,0.4520172999093679,0.0263757749955802,0.0513260863130951,0.0757472842470813,0.1230832348756649,0.2368914967563458,0.4523159980123603,transformer_div97_f0.5_wd1.0_softmax_ce_s2,div,8200
108,0.0647217666808107,0.1184974494529194,0.1231256488296238,0.0241035475732148,0.0478168090942724,0.0714029781687066,0.1184974494529194,0.2336506175574987,0.4519997842685069,0.0263978470861696,0.0513349494280446,0.0757646212285172,0.1231256488296238,0.2369846119911415,0.4524352486241298,transformer_div97_f0.5_wd1.0_softmax_ce_s2,div,8200
116,0.0644677673858685,0.1185038066764181,0.1231678173637997,0.0241015016930995,0.0478046943550912,0.0713876527885038,0.1185038066764181,0.2336180482497802,0.4519896591030758,0.0264129324538718,0.0513469619957411,0.0757843170326317,0.1231678173637997,0.237053952460902,0.4525398717146393,transformer_div97_f0.5_wd1.0_softmax_ce_s2,div,8200
125,0.0641886551062001,0.1184970619659319,0.1232099840074388,0.0240938215485403,0.0477916607781332,0.0713855670745506,0.1184970619659319,0.233608428478201,0.4520088879039279,0.0264291849140434,0.0513773595813947,0.0758095073239391,0.1232099840074388,0.2371321909450427,0.4526653783509323,transformer_div97_f0.5_wd1.0_softmax_ce_s2,div,8200
135,0.0641725033765184,0.1184770751967662,0.1232533480718461,0.0240776398824202,0.0477757784561548,0.0713777253253643,0.1184770751967662,0.2335984875303784,0.4520301734684111,0.0264517569416309,0.0514172905543351,0.0758461762818488,0.1232533480718461,0.237218233955884,0.4528084636849682,transformer_div97_f0.5_wd1.0_softmax_ce_s2,div,8200
146,0.0639621136594575,0.118482351480324,0.123286189013266,0.0240716478301257,0.0477757981350751,0.071387222064969,0.118482351480324,0.2336188098419317,0.4520708596808631,0.0264681001886335,0.0514448817040071,0.0758618566812169,0.123286189013266,0.2372608861886886,0.4529181241122699,transformer_div97_f0.5_wd1.0_softmax_ce_s2,div,8200
157,0.0640920282534586,0.1185004138432222,0.123304658270122,0.0240785522304218,0.0477877836020965,0.0714013132448956,0.1185004138432222,0.2336452572539856,0.452106650677138,0.0264682613430713,0.0514445659333248,0.0758547221392239,0.123304658270122,0.2372677342863198,0.4529674100806466,transformer_div97_f0.5_wd1.0_softmax_ce_s2,div,8200
169,0.0638885054551776,0.1185144795379626,0.1233252705710721,0.0240889510367028,0.0478032286237021,0.0714187360176517,0.1185144795379626,0.2336726770862326,0.4521482451819323,0.0264647291992681,0.0514441097309518,0.075844244876453,0.1233252705710721,0.2372775075323325,0.453021172515062,transformer_div97_f0.5_wd1.0_softmax_ce_s2,div,8200
182,0.0636864510765278,0.1185135832933079,0.1233353853213207,0.0240946461988438,0.0478090078601141,0.071424407383151,0.1185135832933079,0.2336780612845401,0.4521852381738699,0.0264533766213147,0.0514281751583047,0.0758262605410454,0.1233353853213207,0.2372891534437765,0.453061806538998,transformer_div97_f0.5_wd1.0_softmax_ce_s2,div,8200
196,0.0630587095931773,0.1185100922067128,0.1233275316045856,0.024099905460068,0.0478101875658181,0.0714268283587085,0.1185100922067128,0.233690606370534,0.4522304870906996,0.026449088948966,0.0514128678540185,0.0758020404333738,0.1233275316045856,0.2372803104889125,0.4530705100389373,transformer_div97_f0.5_wd1.0_softmax_ce_s2,div,8200
211,0.0627320256594932,0.1184890726676789,0.1233321972985537,0.0240941425231431,0.0477981111085635,0.0714124954794726,0.1184890726676789,0.2336770033785863,0.4522629473353675,0.0264491569635056,0.0514037147581423,0.0757873715607267,0.1233321972985537,0.2372764976691449,0.4530704265077171,transformer_div97_f0.5_wd1.0_softmax_ce_s2,div,8200
227,0.0625432325900903,0.1184673327144667,0.123344930154135,0.0240910011534864,0.0477847400615108,0.0713909617670402,0.1184673327144667,0.2336654394918443,0.4522859658153676,0.0264417711725315,0.0513887185297592,0.0757789652489068,0.123344930154135,0.2372686153746958,0.4530598791519029,transformer_div97_f0.5_wd1.0_softmax_ce_s2,div,8200
245,0.061999947808034,0.1184556482029476,0.1233472796915605,0.0240851371657951,0.047771435028096,0.0713748246074516,0.1184556482029476,0.2336629935737963,0.4522984055056229,0.0264344040303097,0.0513742040804598,0.0757724728598544,0.1233472796915605,0.2372468135075441,0.4530187206100006,transformer_div97_f0.5_wd1.0_softmax_ce_s2,div,8200
264,0.0611845598599679,0.118451422127071,0.123350744501531,0.0240756105188103,0.0477572325666831,0.0713654743120801,0.118451422127071,0.2336724014661162,0.452311398703656,0.0264321223323817,0.0513699119967369,0.075771974194513,0.123350744501531,0.2372304656215624,0.4529877278934355,transformer_div97_f0.5_wd1.0_softmax_ce_s2,div,8200
284,0.0606519022767572,0.1184546049374514,0.1233492898930325,0.0240728086263994,0.047750762056002,0.0713677112686718,0.1184546049374514,0.2337052365572807,0.4523395387549516,0.026433916545601,0.0513718758890601,0.0757698937335283,0.1233492898930325,0.2372195761078921,0.4529611638169384,transformer_div97_f0.5_wd1.0_softmax_ce_s2,div,8200
306,0.0602500334151062,0.118467339342455,0.1233465702324649,0.0240726486872553,0.0477490754187713,0.0713760055225914,0.118467339342455,0.2337466982017507,0.4523730083515511,0.0264342436679596,0.0513677618991218,0.0757681642126426,0.1233465702324649,0.2372177366628304,0.452929387032664,transformer_div97_f0.5_wd1.0_softmax_ce_s2,div,8200
330,0.0596636831950536,0.1184838446067135,0.1233350641121824,0.0240755098524229,0.0477492178660867,0.0713907736261523,0.1184838446067135,0.2337808121925886,0.4524138998792375,0.0264327071228621,0.0513597016130661,0.0757589113297166,0.1233350641121824,0.2372162856397544,0.4529073661443307,transformer_div97_f0.5_wd1.0_softmax_ce_s2,div,8200
355,0.0590935108636262,0.1185067331938776,0.1233251577824742,0.0240792345730059,0.0477499346942992,0.071408043568364,0.1185067331938776,0.233826802693525,0.4524509325851656,0.0264304494031763,0.0513513976192832,0.0757503360883651,0.1233251577824742,0.2372167344414864,0.4528952131588231,transformer_div97_f0.5_wd1.0_softmax_ce_s2,div,8200
383,0.0584768739868852,0.1185290055021684,0.1233101529100628,0.0240822655820931,0.0477527817299413,0.071418975974253,0.1185290055021684,0.2338737858550904,0.4524891958719487,0.0264318067087801,0.0513453062772611,0.0757441489712825,0.1233101529100628,0.2372138797753646,0.4528989709723079,transformer_div97_f0.5_wd1.0_softmax_ce_s2,div,8200
412,0.057580551054602,0.1185334037024405,0.1233013855429504,0.0240879108851161,0.0477715659526491,0.0714308640427834,0.1185334037024405,0.2338904791983225,0.4525214717945886,0.0264406310274081,0.0513487827719761,0.0757461871462923,0.1233013855429504,0.2373034970488002,0.4529914371529393,transformer_div97_f0.5_wd1.0_softmax_ce_s2,div,8200
444,0.0577942992531392,0.1185043959112189,0.1232952885788989,0.0240941084084637,0.0477968344935269,0.0714350574011416,0.1185043959112189,0.2338512033380585,0.452446228443667,0.0264504370750467,0.0513519319376932,0.0757493477787124,0.1232952885788989,0.2373744366815338,0.4530553742657992,transformer_div97_f0.5_wd1.0_softmax_ce_s2,div,8200
478,0.0574805554334704,0.1185237385931843,0.1232953654949667,0.0241077513016767,0.0478280468408372,0.071459530539373,0.1185237385931843,0.2338671687254354,0.4524588330693571,0.0264491109344794,0.0513558568059101,0.0757563321347332,0.1232953654949667,0.2373603765503248,0.4530247250957732,transformer_div97_f0.5_wd1.0_softmax_ce_s2,div,8200
515,0.0576908362930151,0.1185446823682336,0.1232986275433363,0.0241172932917425,0.0478569417000919,0.0714811704146901,0.1185446823682336,0.2338792125286108,0.4524603913278659,0.0264507793241039,0.0513618449873048,0.0757658844029828,0.1232986275433363,0.2373587249481444,0.4530074322617511,transformer_div97_f0.5_wd1.0_softmax_ce_s2,div,8200
555,0.0576590301780733,0.1185735830462811,0.1233120540440833,0.02412886029826,0.0478961941730875,0.0715109039129506,0.1185735830462811,0.2339033750980478,0.4524739327005413,0.0264593177839903,0.0513751403388971,0.0757817925478607,0.1233120540440833,0.2373756259819855,0.4530139032188026,transformer_div97_f0.5_wd1.0_softmax_ce_s2,div,8200
598,0.0572901496078915,0.1186023331635114,0.1233284802575514,0.0241391657912368,0.047941089988124,0.0715420646343389,0.1186023331635114,0.2339369989361866,0.4525015152229714,0.0264693696941067,0.0513900081665754,0.0758013340532564,0.1233284802575514,0.2373964294308731,0.4530239162194132,transformer_div97_f0.5_wd1.0_softmax_ce_s2,div,8200
644,0.0551603658959864,0.1185416776972388,0.1233892271768965,0.0241510553223024,0.0479674411029871,0.071537685417882,0.1185416776972388,0.2338558520777356,0.4524149104970768,0.0264991322934809,0.0514041364479144,0.0758447234491771,0.1233892271768965,0.2377725744201189,0.4533538235806432,transformer_div97_f0.5_wd1.0_softmax_ce_s2,div,8200
694,0.0549529481665224,0.1185290907206076,0.1233333662519215,0.0241731043575216,0.048005266997183,0.0715625706516689,0.1185290907206076,0.2338137928122714,0.4523763402451792,0.0264866288249678,0.0513772754697903,0.0758109045455282,0.1233333662519215,0.2376925322086141,0.4532500521811843,transformer_div97_f0.5_wd1.0_softmax_ce_s2,div,8200
747,0.0553317473875876,0.1185552698086988,0.1233240498680463,0.0241848291830088,0.0480342359015832,0.0715884192349075,0.1185552698086988,0.2338344305251141,0.4523963862847893,0.0264831802004637,0.0513812589026209,0.0758143093301202,0.1233240498680463,0.2376691299167267,0.4532023194484985,transformer_div97_f0.5_wd1.0_softmax_ce_s2,div,8200
805,0.0557164656857913,0.1185868686370292,0.1233369225993541,0.0241951996075123,0.0480738972979283,0.0716169205211142,0.1185868686370292,0.2338626873468045,0.4524238261475395,0.0264923414982696,0.0514033676323733,0.0758354500431516,0.1233369225993541,0.2376523392979111,0.4531898302232577,transformer_div97_f0.5_wd1.0_softmax_ce_s2,div,8200
867,0.0549667868752655,0.1185260866659716,0.1235191214083833,0.0241935995951728,0.0481364859433482,0.0716187284394127,0.1185260866659716,0.2337618686903809,0.4524141737013134,0.0265224908998548,0.0514183100004758,0.0758603316594987,0.1235191214083833,0.2380985297513043,0.4535144139240795,transformer_div97_f0.5_wd1.0_softmax_ce_s2,div,8200
934,0.0554587594916713,0.1185377862469921,0.1234657124779016,0.0242111632780062,0.0481615384475978,0.0716256753999252,0.1185377862469921,0.2337663566279781,0.4524241817824946,0.0264943174878508,0.0513904655089183,0.0758393138448363,0.1234657124779016,0.2379847775098131,0.4533879791302497,transformer_div97_f0.5_wd1.0_softmax_ce_s2,div,8200
1006,0.0558421376986392,0.118580189390702,0.1234983893434411,0.0242310132790343,0.0482048404716958,0.0716721959937228,0.118580189390702,0.2338327899817838,0.4525045954059986,0.0265007996931897,0.0514137760246442,0.0758728821992782,0.1234983893434411,0.2379531301329172,0.4533254573073059,transformer_div97_f0.5_wd1.0_softmax_ce_s2,div,8200
1083,0.0494078870199417,0.1183033549561764,0.124095046919643,0.0242454124294889,0.0482156599862774,0.0716112762106844,0.1183033549561764,0.2332600621836706,0.4521185769825935,0.0265477379842095,0.0513519128575168,0.0758256725339554,0.124095046919643,0.2395064992226205,0.4550991774329888,transformer_div97_f0.5_wd1.0_softmax_ce_s2,div,8200
1167,0.0511749663649464,0.1184087802315381,0.1238334021582659,0.0242513389197433,0.0482132839402977,0.0716461613265259,0.1184087802315381,0.2333752832386171,0.4521952171691479,0.0264957954172424,0.0513074581183043,0.0757734273988825,0.1238334021582659,0.2389728415183257,0.4543351448842275,transformer_div97_f0.5_wd1.0_softmax_ce_s2,div,8200
1257,0.0477443638225933,0.1183348867407508,0.1241741269678072,0.0243097062207599,0.0482774477542867,0.0716472840320954,0.1183348867407508,0.233261492198044,0.4520249633198056,0.0265154722699261,0.0512909052935396,0.0757570546249356,0.1241741269678072,0.2395046780697791,0.4547304297059754,transformer_div97_f0.5_wd1.0_softmax_ce_s2,div,8200
1354,0.0472328180352509,0.1182361242446722,0.1248800497823056,0.0242978418982502,0.0482841106686093,0.0716101335591599,0.1182361242446722,0.2331498999209559,0.4519907088289753,0.0266023624789209,0.0514092512391356,0.0761484090474184,0.1248800497823056,0.2402967925454049,0.4554427203705891,transformer_div97_f0.5_wd1.0_softmax_ce_s2,div,8200
1459,0.0450480192985842,0.1181816869571339,0.1253709982140883,0.0243628681117929,0.0483373015459502,0.0716529844709695,0.1181816869571339,0.232674865131989,0.4515884774770458,0.0266570781496149,0.0517745365094817,0.0763971131374634,0.1253709982140883,0.2409075745211217,0.4562099760347931,transformer_div97_f0.5_wd1.0_softmax_ce_s2,div,8200
1571,0.0430461645601211,0.1182357608815542,0.1261279724227665,0.024495605580487,0.0485182866921739,0.0718275713875626,0.1182357608815542,0.2325434157276801,0.4512187266268512,0.0267259606060294,0.0523257017185987,0.077198149788957,0.1261279724227665,0.2423795997158111,0.4575210696815656,transformer_div97_f0.5_wd1.0_softmax_ce_s2,div,8200
1692,0.0433086362413269,0.118181365880285,0.1274255676162173,0.0245309413414652,0.048517889501661,0.0718808744334417,0.118181365880285,0.2321697720554484,0.4509294836591246,0.0269223257151438,0.0530130248237194,0.078304557990584,0.1274255676162173,0.2439192810834698,0.4588444959293753,transformer_div97_f0.5_wd1.0_softmax_ce_s2,div,8200
1823,0.0438257199387255,0.1181292695705484,0.131581136134799,0.0244920094882319,0.0486857634811284,0.0719904501956391,0.1181292695705484,0.2318706044227443,0.4499912621296812,0.0274419752070423,0.0548828580066442,0.081183062989182,0.131581136134799,0.2483761083865077,0.4630764653178962,transformer_div97_f0.5_wd1.0_softmax_ce_s2,div,8200
1964,0.0415670142162435,0.1182752340309677,0.132967498491682,0.0247128124779683,0.0488381300094253,0.0722025973201719,0.1182752340309677,0.2319845313664935,0.4503172039904979,0.0279751221233166,0.0557123494972249,0.0823364758234355,0.132967498491682,0.2500708245337302,0.4648781493392019,transformer_div97_f0.5_wd1.0_softmax_ce_s2,div,8200
2115,0.041588054086861,0.1181696903728247,0.1395152717541474,0.024759142851317,0.0489702211601414,0.0723232155985175,0.1181696903728247,0.2318633063840049,0.450022945920938,0.0295916629789512,0.058229108704403,0.0867884593634761,0.1395152717541474,0.2562352506156352,0.4708117552688857,transformer_div97_f0.5_wd1.0_softmax_ce_s2,div,8200
2278,0.0392859271052269,0.1187341453088802,0.145476750381795,0.0249467717577397,0.0493867125874575,0.0727103898471551,0.1187341453088802,0.232625709259728,0.4500688981430193,0.0309465381901589,0.0608599261297128,0.0904430882370982,0.145476750381795,0.2617230277301554,0.477749368382209,transformer_div97_f0.5_wd1.0_softmax_ce_s2,div,8200
2454,0.0430899244052404,0.1189303511681716,0.1499830049230325,0.0249330346178278,0.0494214658087201,0.0728716633842319,0.1189303511681716,0.2327736865869884,0.4505122882282894,0.0320341587747795,0.0628420089220325,0.0932499307417174,0.1499830049230325,0.2666563122261269,0.483913825789135,transformer_div97_f0.5_wd1.0_softmax_ce_s2,div,8200
2644,0.0448815656579195,0.1195528603373937,0.1532648360770124,0.0248441754712894,0.0495142082854773,0.0731654387681769,0.1195528603373937,0.2331116151508124,0.4511851365466569,0.0329970899771753,0.0643265021367004,0.0954077021500028,0.1532648360770124,0.2709951478154492,0.4894810290683005,transformer_div97_f0.5_wd1.0_softmax_ce_s2,div,8200
2848,0.0490150079204209,0.1197631900062179,0.1605909039589078,0.0248674472894576,0.0495161418686195,0.0732704034109774,0.1197631900062179,0.233334472529196,0.4516161077197169,0.0349969660400658,0.0678501583828778,0.1003797615587352,0.1605909039589078,0.2813170421411168,0.5001035552343582,transformer_div97_f0.5_wd1.0_softmax_ce_s2,div,8200
3067,0.0507818254760711,0.1201055094466261,0.1792145390233091,0.0256369506954924,0.0497987557334488,0.0734882509843255,0.1201055094466261,0.2342685024816363,0.4522096744402359,0.0401158920796249,0.0766067194197287,0.1127649376480526,0.1792145390233091,0.3092948450266086,0.5257936072629686,transformer_div97_f0.5_wd1.0_softmax_ce_s2,div,8200
3304,0.0564277587699877,0.1205802764211324,0.1868762329044556,0.0256390775362372,0.0496850363863587,0.0734297305447198,0.1205802764211324,0.2358393119898816,0.4532107608950338,0.0414249736110904,0.0797021066722827,0.117409295401643,0.1868762329044556,0.3251581495679657,0.5410324645729304,transformer_div97_f0.5_wd1.0_softmax_ce_s2,div,8200
3559,0.0555956464667144,0.1213195402493342,0.1911335255309547,0.026235556993028,0.0505795263870173,0.0742493640387015,0.1213195402493342,0.2367796681980028,0.4549918564193376,0.0431230833421743,0.0823800205976068,0.1205217252672691,0.1911335255309547,0.3355108863789161,0.5501082628556612,transformer_div97_f0.5_wd1.0_softmax_ce_s2,div,8200
3834,0.0422743190694762,0.1210524300031374,0.1967291138072478,0.0270239059155642,0.0511447239398626,0.0746440305587912,0.1210524300031374,0.236083133641512,0.4550224997389588,0.0446674289046303,0.0851643808490353,0.1246135133675364,0.1967291138072478,0.3480348016873971,0.5591236626141664,transformer_div97_f0.5_wd1.0_softmax_ce_s2,div,8200
4130,0.0527305746242814,0.1223130816038468,0.2086526454192526,0.0271928796332365,0.051136995513031,0.074974257444048,0.1223130816038468,0.2381421418886838,0.4570668730671446,0.0477579324078032,0.0902181259201303,0.1325968986714186,0.2086526454192526,0.3710696221089395,0.5821169397157899,transformer_div97_f0.5_wd1.0_softmax_ce_s2,div,8200
4448,0.0554863760384812,0.1203619787925486,0.2135839351124016,0.0261236549483365,0.0498195604763411,0.0734348556550563,0.1203619787925486,0.2358625246456041,0.4539454284900009,0.0480572162569064,0.0919847805919002,0.1342085499992405,0.2135839351124016,0.3784586855674136,0.5876948298910217,transformer_div97_f0.5_wd1.0_softmax_ce_s2,div,8200
4791,0.0653732257200162,0.1218228561999959,0.2524625027961251,0.0264871734764104,0.0507063135097274,0.0746549424440163,0.1218228561999959,0.2358940898423246,0.4530291111145361,0.0550866252278964,0.1100188709846163,0.1586857757593128,0.2524625027961251,0.4499744773299466,0.6478372744799468,transformer_div97_f0.5_wd1.0_softmax_ce_s2,div,8200
5161,0.0485826066593072,0.1222062675142759,0.2314100915129641,0.0265307047028686,0.0506056317055081,0.0746674800723547,0.1222062675142759,0.2381652923153891,0.4577770932064785,0.0526203010985926,0.1015307960372051,0.1460551973411698,0.2314100915129641,0.409236212942197,0.6172978381228456,transformer_div97_f0.5_wd1.0_softmax_ce_s2,div,8200
5560,0.0414838840675337,0.1198012339892346,0.226322364623789,0.0248826861840003,0.0488908250647851,0.0728172736383616,0.1198012339892346,0.2334459998474988,0.4528787467437187,0.0504300199737733,0.0978631025324993,0.142241690976935,0.226322364623789,0.4002894656562693,0.6098884311083386,transformer_div97_f0.5_wd1.0_softmax_ce_s2,div,8200
5989,0.0675854197010915,0.1191425164180052,0.3044610098617268,0.024479288167395,0.0485197833415166,0.0721572607687888,0.1191425164180052,0.2335555835087123,0.4492801710803178,0.0668877345877853,0.1332930344460254,0.1924411729011675,0.3044610098617268,0.5462141307555534,0.7324591675276154,transformer_div97_f0.5_wd1.0_softmax_ce_s2,div,8200
6451,0.0513091296868011,0.1200708632275234,0.2507555788899522,0.0246843593287744,0.0487901251397385,0.0727293172033557,0.1200708632275234,0.2343199527068883,0.4503562251645977,0.0557765372401848,0.1073418626038934,0.1559287031785216,0.2507555788899522,0.4552175396889121,0.6661665938352451,transformer_div97_f0.5_wd1.0_softmax_ce_s2,div,8200
6949,0.0665003875367621,0.1235994729321294,0.3222150179876779,0.0262143450156461,0.0515930653269274,0.0760304095781657,0.1235994729321294,0.238434511227576,0.4545149332032285,0.0735358384396275,0.1408344715703428,0.2056107867936782,0.3222150179876779,0.564703156481539,0.7548230381357925,transformer_div97_f0.5_wd1.0_softmax_ce_s2,div,8200
7485,0.0485998077417673,0.1213731317627179,0.2612156392035146,0.0252350108240358,0.0501611898846112,0.0742428056855448,0.1213731317627179,0.234107004313559,0.4485989197425823,0.0574805038015081,0.111106320883478,0.1627539849108545,0.2612156392035146,0.4736266009123878,0.6914118159184333,transformer_div97_f0.5_wd1.0_softmax_ce_s2,div,8200
8062,0.0675029379597379,0.1224458604869056,0.3276251137758083,0.0250382022281401,0.0500097051649456,0.0749741602393214,0.1224458604869056,0.2368359709501853,0.4553128781820114,0.0733227404379128,0.1426899704614965,0.2097150397292997,0.3276251137758083,0.5809717959444516,0.7789186018642208,transformer_div97_f0.5_wd1.0_softmax_ce_s2,div,8200
8685,0.0658342766957643,0.1107405017294339,0.3899799603367433,0.0224472819907525,0.0446245287246743,0.0666923550423935,0.1107405017294339,0.219743401056675,0.4320459045851202,0.0812788850662877,0.1613731295404654,0.2395903192378772,0.3899799603367433,0.7233598530258032,0.9199317816662104,transformer_div97_f0.5_wd1.0_softmax_ce_s2,div,8200
9355,0.0596153533086203,0.1096323141772737,0.3942937883670961,0.022387977696049,0.0442936557218031,0.0661337505350947,0.1096323141772737,0.2175634887326054,0.4306364532190083,0.0923739111373498,0.1691545069566757,0.2452076193730634,0.3942937883670961,0.7129570627628222,0.9134962342907574,transformer_div97_f0.5_wd1.0_softmax_ce_s2,div,8200
10077,0.0282619408296983,0.1192277566291075,0.4741300323646702,0.0253035262943266,0.0496491676275256,0.0736151709515054,0.1192277566291075,0.2299711873726744,0.4445295815757723,0.1120732059761028,0.2149804560048254,0.3109048955185937,0.4741300323646702,0.7901562206470465,0.9539769444170711,transformer_div97_f0.5_wd1.0_softmax_ce_s2,div,8200
10854,0.0308269575266109,0.1099387312168346,0.4485793539638918,0.0221580697934463,0.0443143684767337,0.0662886414393635,0.1099387312168346,0.2182379311612663,0.430618188264662,0.1121700232608409,0.1988543860255968,0.2851165744369887,0.4485793539638918,0.8113540509924674,0.9861793003022252,transformer_div97_f0.5_wd1.0_softmax_ce_s2,div,8200
11692,0.0664494063100617,0.1094136219328398,0.483951563997219,0.0221061687002908,0.044053110744004,0.0658896462568383,0.1094136219328398,0.2174260186212263,0.4286104633694858,0.1186478461299493,0.2195270654299554,0.3130563325546129,0.483951563997219,0.8589743800113065,0.9906297396254464,transformer_div97_f0.5_wd1.0_softmax_ce_s2,div,8200
12594,0.0752603616398455,0.1180050316575195,0.4963873663994575,0.0242819850051184,0.0483706312237019,0.0721073401548444,0.1180050316575195,0.2312040568910962,0.4493389405344308,0.1228906414713918,0.2337904713630534,0.3284678033218515,0.4963873663994575,0.8509935639125662,0.966364989671207,transformer_div97_f0.5_wd1.0_softmax_ce_s2,div,8200
13566,0.0718014162325678,0.1121456216195137,0.4807958541089696,0.0233785265602931,0.0457029155560644,0.0679033881158026,0.1121456216195137,0.2211698037993269,0.4345309155440617,0.1266889538571706,0.2205423198154208,0.3082764445904029,0.4807958541089696,0.8425339339971575,0.9891647315339508,transformer_div97_f0.5_wd1.0_softmax_ce_s2,div,8200
14613,0.0787246725137572,0.1095394474856987,0.503926885479099,0.0222433044441825,0.044368605581894,0.0661355662878445,0.1095394474856987,0.2170159203383171,0.4284640377371384,0.1444654569136771,0.2383512027612693,0.3320624155989958,0.503926885479099,0.8658045943174087,0.9947841353381144,transformer_div97_f0.5_wd1.0_softmax_ce_s2,div,8200
15741,0.0541957951372721,0.1108505929313336,0.5254197022695879,0.0227801652101584,0.0452883390113629,0.0672629249537277,0.1108505929313336,0.2187836405186215,0.4302858927066213,0.1343082382684369,0.2509905747026134,0.3488813109451684,0.5254197022695879,0.8757039285186982,0.9937114422106548,transformer_div97_f0.5_wd1.0_softmax_ce_s2,div,8200
16955,0.063312047816993,0.1150649549506476,0.5538477731053508,0.0238112794080463,0.0474337886362006,0.070178126876938,0.1150649549506476,0.2244535076705127,0.4359426111517857,0.1426431008396929,0.260867020080788,0.3647641362647168,0.5538477731053508,0.9242159448840068,0.9914225377842436,transformer_div97_f0.5_wd1.0_softmax_ce_s2,div,8200
18264,0.0794640380484839,0.1147123211028812,0.5549595887372969,0.0233096825578279,0.046534570928699,0.0693666845000366,0.1147123211028812,0.2260977935172787,0.4403798385736256,0.1256091865390368,0.2483462215927495,0.3702319222269072,0.5549595887372969,0.914862486804672,0.979665736312171,transformer_div97_f0.5_wd1.0_softmax_ce_s2,div,8200
19673,0.0802463316911918,0.1182205934516189,0.5182480362566056,0.0244176273618682,0.0487219995277619,0.0721974601913711,0.1182205934516189,0.2299727573991818,0.4455820266459579,0.1284466814146405,0.2334508260837411,0.3351861709397833,0.5182480362566056,0.8862795548929173,0.9514051173093084,transformer_div97_f0.5_wd1.0_softmax_ce_s2,div,8200
21192,0.1069313513983079,0.1124235109601136,0.5329785299413906,0.0228823739882791,0.0456185162672578,0.0679184206476063,0.1124235109601136,0.2213592802179889,0.4331994358568067,0.1416953033578391,0.254275083748383,0.3507713967482448,0.5329785299413906,0.92329428676215,0.9926333751220712,transformer_div97_f0.5_wd1.0_softmax_ce_s2,div,8200
22827,0.0698679553780979,0.119934212461907,0.4774497004164736,0.0264387069052958,0.0499873767993234,0.0735064339299241,0.119934212461907,0.2330492496445887,0.4487281635437154,0.1062567680114753,0.2049744453685951,0.2995423517408385,0.4774497004164736,0.8438307447057238,0.9336962088052077,transformer_div97_f0.5_wd1.0_softmax_ce_s2,div,8200
24589,0.0693162975800274,0.1143136294430176,0.5118974963355696,0.0233513015984435,0.0465609043657395,0.0697512761135646,0.1143136294430176,0.2236892214446522,0.4371709002817669,0.1140291054113087,0.2211883393210833,0.3205581462852883,0.5118974963355696,0.945001136772422,0.9807705818433488,transformer_div97_f0.5_wd1.0_softmax_ce_s2,div,8200
26486,0.0316682766502092,0.1095033440019704,0.5485880295126058,0.0221418843592107,0.044224628498086,0.0660862280042274,0.1095033440019704,0.2168403500496959,0.4292942314531753,0.1293922511818794,0.2445294381902425,0.3495016004631719,0.5485880295126058,0.9270897656752418,0.9927210816154518,transformer_div97_f0.5_wd1.0_softmax_ce_s2,div,8200
28530,0.057067665238724,0.1106912105164926,0.5267004128283621,0.0223221856063067,0.0445859461230313,0.0667628944468293,0.1106912105164926,0.219720809238082,0.4341304264355461,0.1209117296352914,0.2298409318779121,0.3324251067139927,0.5267004128283621,0.910913419987756,0.9690477245343384,transformer_div97_f0.5_wd1.0_softmax_ce_s2,div,8200
30732,0.0830945904273521,0.1111447311648242,0.5363222347363307,0.0226171819547703,0.0450124243679184,0.0672110852127047,0.1111447311648242,0.2191145236924858,0.4312996039109048,0.118822688321199,0.2353545089118409,0.34817215985488,0.5363222347363307,0.9253400971669492,0.9955195807500024,transformer_div97_f0.5_wd1.0_softmax_ce_s2,div,8200
33103,0.0896386850484341,0.1166554339829686,0.5848625870672882,0.0237675358498284,0.0472351367278642,0.0705037158088839,0.1166554339829686,0.2279407616612551,0.4448898266275936,0.1387061614628327,0.2580167132404554,0.3698678624505919,0.5848625870672882,0.9873310158842504,0.992224408206918,transformer_div97_f0.5_wd1.0_softmax_ce_s2,div,8200
35658,0.069589750349717,0.1235598344489662,0.5667475949294765,0.0261615792576603,0.0510004802847961,0.075399267931568,0.1235598344489662,0.2410216897020983,0.4669532406939924,0.1234685408835813,0.2453616785529843,0.3563900784466309,0.5667475949294765,0.987788351753704,0.9923160064336264,transformer_div97_f0.5_wd1.0_softmax_ce_s2,div,8200
38410,0.092368996453455,0.1114386657324956,0.6600182357348638,0.0227016162847963,0.0450320661868421,0.0673223243051888,0.1114386657324956,0.2204426978174536,0.4318073417576588,0.162782011408984,0.2957008704138065,0.4257163388399754,0.6600182357348638,0.9843282785473888,0.9897452423740344,transformer_div97_f0.5_wd1.0_softmax_ce_s2,div,8200
41374,0.0658875067041344,0.1170167567256328,0.6843353815139118,0.024856435792857,0.048457839718838,0.071561720873727,0.1170167567256328,0.226535372298565,0.4393933160730202,0.1536099972796007,0.3052533904142129,0.4432144605189123,0.6843353815139118,0.9399035346122444,0.9602359776423794,transformer_div97_f0.5_wd1.0_softmax_ce_s2,div,8200
44567,0.0784822702014322,0.1083808702691197,0.6700787456090609,0.0220235023523834,0.0437454620141259,0.0654228085177021,0.1083808702691197,0.2146483374369237,0.4250435369261027,0.1616828522359651,0.2980261998276866,0.4312389647351106,0.6700787456090609,0.9857159374541624,0.991445429915364,transformer_div97_f0.5_wd1.0_softmax_ce_s2,div,8200
48006,0.1003530579753156,0.1092835689350848,0.6704389813467031,0.0222923789627101,0.0443160032879416,0.0661637572153617,0.1092835689350848,0.2165164070008529,0.4285708111545613,0.1596668729482745,0.3026143118862494,0.4319664632112365,0.6704389813467031,0.9880265537934516,0.9928679664552946,transformer_div97_f0.5_wd1.0_softmax_ce_s2,div,8200
51711,0.0632668343129074,0.1096512978575409,0.6572955998175029,0.0220644176558889,0.0440564077981464,0.0659809040957246,0.1096512978575409,0.218029918454342,0.4319720313340314,0.1393924723405346,0.2760326986904355,0.4108494029951048,0.6572955998175029,0.980645172552024,0.9889385362777902,transformer_div97_f0.5_wd1.0_softmax_ce_s2,div,8200
55701,0.0709568355595302,0.1138317113414551,0.6072290787309889,0.0229812211048669,0.0458439489717101,0.068592871330954,0.1138317113414551,0.2247853547689938,0.4403124668211157,0.1310154523618583,0.2559620074508364,0.3796706464733457,0.6072290787309889,0.9314898603973067,0.9573431606919476,transformer_div97_f0.5_wd1.0_softmax_ce_s2,div,8200
60000,0.0364385048365836,0.1105659951228522,0.6784367296519687,0.0226144845186439,0.0452035088602212,0.0670334235740377,0.1105659951228522,0.2178183930273159,0.4295000524361077,0.1475028658570863,0.2941721257521769,0.43394208764006,0.6784367296519687,0.9863802401304868,0.9914338650709748,transformer_div97_f0.5_wd1.0_softmax_ce_s2,div,8200
0,0.0618628717385483,0.1210570282981468,0.1259373338981469,0.0247619899453598,0.049342951858369,0.073763529982932,0.1210570282981468,0.2364257593713156,0.4558688828826004,0.0288007599919684,0.0553265953185025,0.0793706846246013,0.1259373338981469,0.2370882149397696,0.4519274429638223,transformer_div97_f0.5_wd1.0_softmax_ce_s3,div,6000
1,0.0617365291658535,0.1210538201513595,0.1259398855838285,0.0247594793304977,0.0493379012031583,0.0737564186484374,0.1210538201513595,0.2364213407239478,0.4558636932549644,0.0287987415028661,0.0553272678242718,0.0793738867120434,0.1259398855838285,0.2370882859738552,0.4519239770098183,transformer_div97_f0.5_wd1.0_softmax_ce_s3,div,6000
2,0.0616145968682317,0.1210558904885352,0.1259407969557176,0.0247590980966792,0.0493356033913313,0.0737551149013533,0.1210558904885352,0.236419616085262,0.4558614540950554,0.0287978939281065,0.0553260674940966,0.0793764572454392,0.1259407969557176,0.2370936553608226,0.4519216320725306,transformer_div97_f0.5_wd1.0_softmax_ce_s3,div,6000
3,0.0615023505884817,0.1210607208713701,0.1259406787232728,0.0247589370473699,0.0493338783781939,0.0737554617442085,0.1210607208713701,0.2364194784027431,0.4558586269760655,0.0287970270456802,0.0553242108005776,0.0793789437009061,0.1259406787232728,0.2370979417233935,0.4519191038646402,transformer_div97_f0.5_wd1.0_softmax_ce_s3,div,6000
4,0.0613846285034692,0.121066968065974,0.1259399911772173,0.0247591354153101,0.0493325861695955,0.0737565656684665,0.121066968065974,0.2364206121540335,0.4558559771439125,0.0287963402406776,0.0553220813370176,0.0793810720582632,0.1259399911772173,0.237102008485309,0.4519163157398199,transformer_div97_f0.5_wd1.0_softmax_ce_s3,div,6000
5,0.0612655028721147,0.1210741663962594,0.1259386731239103,0.0247596170100142,0.0493319045424965,0.0737583989420837,0.1210741663962594,0.2364223225107174,0.4558529586437808,0.0287958950004417,0.0553196535911033,0.0793828569705099,0.1259386731239103,0.2371062242852324,0.4519130184067208,transformer_div97_f0.5_wd1.0_softmax_ce_s3,div,6000
6,0.0611502848008164,0.1210817647463334,0.1259367517863243,0.0247601931532035,0.0493315114995287,0.0737605402942474,0.1210817647463334,0.2364240041376806,0.4558494171826723,0.0287956498986564,0.0553169981854296,0.0793843710123817,0.1259367517863243,0.2371104221436417,0.4519092531276636,transformer_div97_f0.5_wd1.0_softmax_ce_s3,div,6000
7,0.0610422617992285,0.121089565597755,0.125934242397755,0.0247607657340378,0.0493312214144869,0.0737628139491651,0.121089565597755,0.2364254447464558,0.4558454352242921,0.0287954832140512,0.0553140974615094,0.079385554719032,0.125934242397755,0.2371143493692717,0.4519051525375702,transformer_div97_f0.5_wd1.0_softmax_ce_s3,div,6000
8,0.0609421119591652,0.1210975756573861,0.1259311668552799,0.0247613447177572,0.0493310104478933,0.0737651468301485,0.1210975756573861,0.2364265031209184,0.4558411883847314,0.0287953118241969,0.0553109251920933,0.0793863566961695,0.1259311668552799,0.2371179474969708,0.4519012352443505,transformer_div97_f0.5_wd1.0_softmax_ce_s3,div,6000
9,0.0608448152100977,0.1211058329704654,0.1259275575456728,0.0247618564321169,0.0493309169645175,0.0737675280744604,0.1211058329704654,0.2364273175981083,0.4558370086567177,0.0287950143211857,0.0553073577213274,0.0793866630474607,0.1259275575456728,0.2371213964588052,0.4518977960272278,transformer_div97_f0.5_wd1.0_softmax_ce_s3,div,6000
10,0.060749042091735,0.1211143757254132,0.125923265620017,0.0247623115717604,0.0493310551636255,0.0737700234155319,0.1211143757254132,0.236428164646716,0.4558331822842432,0.0287944590059956,0.055303328130579,0.0793863610291857,0.125923265620017,0.2371246158553638,0.4518946849934526,transformer_div97_f0.5_wd1.0_softmax_ce_s3,div,6000
11,0.0606546272174931,0.1211231002571012,0.1259183770557946,0.024762642410548,0.0493313029312332,0.07377247598096,0.1211231002571012,0.2364290432897771,0.455829523589129,0.0287936459067042,0.0552988619069322,0.0793854728558602,0.1259183770557946,0.2371274436846307,0.4518915687586203,transformer_div97_f0.5_wd1.0_softmax_ce_s3,div,6000
12,0.0605572231485595,0.1211319373341246,0.1259129453218855,0.0247628254877898,0.0493316017113205,0.0737747911158093,0.1211319373341246,0.2364299012548219,0.4558258328827191,0.0287926062127126,0.0552939641705702,0.0793839589279147,0.1259129453218855,0.2371296727260132,0.4518878750539228,transformer_div97_f0.5_wd1.0_softmax_ce_s3,div,6000
13,0.0604529138799055,0.1211406715759342,0.1259069564296214,0.0247628238909587,0.0493318763279098,0.0737768340315865,0.1211406715759342,0.2364308857701562,0.4558221221631925,0.0287913691535738,0.0552885303757589,0.079381597844039,0.1259069564296214,0.2371312785971635,0.4518835383158771,transformer_div97_f0.5_wd1.0_softmax_ce_s3,div,6000
15,0.0602147868653214,0.1211577741862832,0.1258934935804402,0.0247622190876045,0.0493325026111018,0.073780366027005,0.1211577741862832,0.2364338274312554,0.4558151908993958,0.0287886493666838,0.0552766565981865,0.0793744298941086,0.1258934935804402,0.2371331332280457,0.4518883044182114,transformer_div97_f0.5_wd1.0_softmax_ce_s3,div,6000
16,0.0600807066708507,0.1211660821264069,0.1258861846443434,0.0247615082396676,0.0493327852547497,0.073781917654412,0.1211660821264069,0.2364358484227364,0.4558121782972805,0.0287873069710956,0.0552705960656259,0.0793699126444882,0.1258861846443434,0.237133460545479,0.4518925799090022,transformer_div97_f0.5_wd1.0_softmax_ce_s3,div,6000
17,0.0599371833594826,0.121174353614254,0.1258785784555907,0.0247605051061886,0.0493330855670686,0.0737834685786718,0.121174353614254,0.2364384483680441,0.4558097341782168,0.0287859788757602,0.0552645898816907,0.0793648750636117,0.1258785784555907,0.2371334916820976,0.4518977771258864,transformer_div97_f0.5_wd1.0_softmax_ce_s3,div,6000
18,0.0597858575153058,0.1211827818007621,0.1258706613726245,0.0247592458240379,0.0493333689376733,0.073785084682292,0.1211827818007621,0.2364420633350553,0.4558084105240884,0.0287846579158523,0.0552587117950033,0.0793593950321422,0.1258706613726245,0.2371331062609702,0.4519039335634795,transformer_div97_f0.5_wd1.0_softmax_ce_s3,div,6000
20,0.0594762524436175,0.1212006928023096,0.1258536099836871,0.0247562298749656,0.0493341685918195,0.0737887913622609,0.1212006928023096,0.2364522818209174,0.4558090921103317,0.028782110063546,0.0552472053366678,0.0793471038881479,0.1258536099836871,0.2371301157952433,0.4519183297459913,transformer_div97_f0.5_wd1.0_softmax_ce_s3,div,6000
21,0.0593254101395115,0.1212102407477513,0.1258444433778658,0.024754652712672,0.0493348584235175,0.0737909373411552,0.1212102407477513,0.236458501981021,0.4558107433222588,0.0287808244695275,0.055241447395862,0.0793402412696092,0.1258444433778658,0.2371275126707205,0.4519267652284854,transformer_div97_f0.5_wd1.0_softmax_ce_s3,div,6000
23,0.0590300147840141,0.121230872175233,0.1258248158944806,0.0247515501808588,0.0493371267703559,0.0737961043742726,0.121230872175233,0.2364716909957186,0.4558150221525515,0.0287780146033361,0.0552293590732661,0.0793249854780273,0.1258248158944806,0.2371202249132795,0.4519473332213073,transformer_div97_f0.5_wd1.0_softmax_ce_s3,div,6000
24,0.0588824726445825,0.1212415138367617,0.1258144976939895,0.0247500981017547,0.0493386435151225,0.073798948076392,0.1212415138367617,0.2364771540745639,0.4558164810326449,0.0287765691394753,0.0552228668070839,0.0793165711261354,0.1258144976939895,0.2371158787145517,0.4519598691203089,transformer_div97_f0.5_wd1.0_softmax_ce_s3,div,6000
26,0.0586084449164739,0.1212626658583878,0.1257936862554339,0.0247477200889525,0.0493421999471315,0.0738048479424407,0.1212626658583878,0.2364834686282159,0.4558163555508233,0.02877444115125,0.0552094388294214,0.0792990776426233,0.1257936862554339,0.2371061074209652,0.4519909231684034,transformer_div97_f0.5_wd1.0_softmax_ce_s3,div,6000
28,0.0583749301175987,0.1212833586066229,0.1257738228189685,0.0247460101746827,0.0493453843460358,0.0738108729545105,0.1212833586066229,0.2364847122030326,0.4558132267650835,0.0287739403850736,0.0551959524267335,0.0792814133227848,0.1257738228189685,0.237094772562351,0.4520320746843527,transformer_div97_f0.5_wd1.0_softmax_ce_s3,div,6000
31,0.0581209910921035,0.1213120187143955,0.1257459393150669,0.0247418567625064,0.0493448363799912,0.0738175229996595,0.1213120187143955,0.2364915759783557,0.4558064269104012,0.0287762364967566,0.055173718241152,0.079252543886799,0.1257459393150669,0.237141157331657,0.4521113986441576,transformer_div97_f0.5_wd1.0_softmax_ce_s3,div,6000
33,0.0580769772781908,0.1213250679329223,0.1257266590043043,0.024735863698786,0.0493391495329385,0.0738173597113002,0.1213250679329223,0.2364918971397271,0.4557977048022767,0.0287796206854295,0.0551579653505971,0.0792320383479917,0.1257266590043043,0.2371891091337836,0.4521661735718862,transformer_div97_f0.5_wd1.0_softmax_ce_s3,div,6000
35,0.0581004648074106,0.1213318362208738,0.1257061474089825,0.0247276478619063,0.0493298894110273,0.0738135367455114,0.1213318362208738,0.2364877039686228,0.4557851164200703,0.0287848391960742,0.055144291044794,0.0792119926544484,0.1257061474089825,0.2372442293506214,0.4522224024348752,transformer_div97_f0.5_wd1.0_softmax_ce_s3,div,6000
38,0.0581110787377383,0.1213337620266807,0.1256770425514992,0.0247142990793871,0.0493123798536307,0.0738045816983391,0.1213337620266807,0.236481256414705,0.4557621764776466,0.0287960274062613,0.0551309139731659,0.0791884148368438,0.1256770425514992,0.2373466866355324,0.4523207799594082,transformer_div97_f0.5_wd1.0_softmax_ce_s3,div,6000
41,0.0580222076987131,0.121330575840294,0.1256563044400183,0.0247027359278962,0.0492936842541766,0.0737958189886299,0.121330575840294,0.2364780619916873,0.4557383289106535,0.0288099577295873,0.0551261911218582,0.0791777277312465,0.1256563044400183,0.2374847773183579,0.4524509252529349,transformer_div97_f0.5_wd1.0_softmax_ce_s3,div,6000
44,0.057964490067603,0.1213215953761766,0.1256418162455611,0.0246956705195551,0.0492762648703313,0.0737874345405273,0.1213215953761766,0.2364862420190402,0.4557143940388601,0.0288262396282659,0.055128252646579,0.0791786563908606,0.1256418162455611,0.2376687179666484,0.4526302775547008,transformer_div97_f0.5_wd1.0_softmax_ce_s3,div,6000
48,0.0579713573577812,0.1213067733084345,0.1256158406805465,0.0246926250400707,0.0492626767610871,0.0737807286376448,0.1213067733084345,0.2365127408909078,0.4556757850543269,0.0288415645920018,0.0551259591323791,0.0791763856061043,0.1256158406805465,0.2379815645238907,0.4529588528507396,transformer_div97_f0.5_wd1.0_softmax_ce_s3,div,6000
51,0.0577739168953321,0.121303110744373,0.1259083325399066,0.0246941272033827,0.0492609428218556,0.0737830245557994,0.121303110744373,0.23653229371013,0.4556360379072675,0.0288417123096119,0.0551106547595735,0.079157153796548,0.1259083325399066,0.23826766481931,0.4532423107316745,transformer_div97_f0.5_wd1.0_softmax_ce_s3,div,6000
55,0.0573264074941628,0.1213125814656397,0.1264243349257102,0.0246994068866826,0.0492646086896243,0.0737957396865225,0.1213125814656397,0.2365623521485853,0.4555684031024635,0.0288308019553307,0.0550743693979277,0.0791414291928831,0.1264243349257102,0.238713483843587,0.4536689655723949,transformer_div97_f0.5_wd1.0_softmax_ce_s3,div,6000
60,0.0566049232063049,0.1213154579963687,0.127160157181578,0.0246986108345474,0.0492691491272658,0.0738084813915693,0.1213154579963687,0.2365870560589546,0.4554555187670762,0.0288113142167155,0.0550158240438639,0.0798956500572639,0.127160157181578,0.2393487292707544,0.4542337523778746,transformer_div97_f0.5_wd1.0_softmax_ce_s3,div,6000
64,0.0561332944647177,0.1213171348791256,0.1277258234570569,0.0246931660432102,0.0492698289172693,0.0738126895347075,0.1213171348791256,0.2365943087841536,0.4553593252833076,0.0287918546146751,0.0549667436891204,0.0804784560247835,0.1277258234570569,0.2398495634233733,0.4546564326276082,transformer_div97_f0.5_wd1.0_softmax_ce_s3,div,6000
69,0.055446234554531,0.1213232410628987,0.1283600963738889,0.0246845940360879,0.0492714021833666,0.0738189654669679,0.1213232410628987,0.2365966521192098,0.4552358454823724,0.0287680893404829,0.0549865841659625,0.0811327975797116,0.1283600963738889,0.2404193534363782,0.4551385727710784,transformer_div97_f0.5_wd1.0_softmax_ce_s3,div,6000
75,0.0554246993261517,0.1213225348344263,0.1288463139250784,0.0246634334895899,0.0492706704581909,0.0738153228938021,0.1213225348344263,0.2365912749890227,0.4551062048108502,0.0287459560752109,0.0555237709927923,0.0816379895668181,0.1288463139250784,0.2408621461216341,0.4555464221971083,transformer_div97_f0.5_wd1.0_softmax_ce_s3,div,6000
80,0.0555549015562361,0.1213191050223555,0.1290443417488592,0.0246389883234504,0.0492666735511964,0.0738090448764597,0.1213191050223555,0.2365690755952776,0.455031646209491,0.0287367939384571,0.0557602206305646,0.0818454917829448,0.1290443417488592,0.2410431585452863,0.4557595562046715,transformer_div97_f0.5_wd1.0_softmax_ce_s3,div,6000
87,0.055433230842897,0.1213410474726513,0.1291039010017424,0.0246510421241276,0.0492675227839819,0.0738196542284404,0.1213410474726513,0.2365446129040385,0.4549573036211829,0.0287357602187854,0.055863742396451,0.0819115772665456,0.1291039010017424,0.241100168930514,0.455938244325718,transformer_div97_f0.5_wd1.0_softmax_ce_s3,div,6000
93,0.0552800113790256,0.1213470089740138,0.1290955449385062,0.0246645548111833,0.0492660116356767,0.0738257416659257,0.1213470089740138,0.2365255738406028,0.4549052042794172,0.0287435011685197,0.0558826335959914,0.0819015155108409,0.1290955449385062,0.2411015554989402,0.4560445814777525,transformer_div97_f0.5_wd1.0_softmax_ce_s3,div,6000
100,0.0552087483888862,0.1213218536735631,0.1290424456226398,0.0246691320396595,0.0492573611047167,0.0738119965839021,0.1213218536735631,0.2364930165808914,0.4548546164939233,0.0287649473670085,0.0558421968014767,0.0818336992851877,0.1290424456226398,0.2410715736448218,0.4561319851795226,transformer_div97_f0.5_wd1.0_softmax_ce_s3,div,6000
108,0.0552017744376524,0.1212957179544706,0.1289913164270118,0.0246777093774646,0.049251756618997,0.0737987437254806,0.1212957179544706,0.2364752138964226,0.4548196594068718,0.0287955773337285,0.0557944240825312,0.0817627155744163,0.1289913164270118,0.2411350788636733,0.4562085377454395,transformer_div97_f0.5_wd1.0_softmax_ce_s3,div,6000
116,0.0553118200729693,0.1212857373691812,0.1289824137809546,0.0246899003416068,0.0492589531565701,0.0738022209299621,0.1212857373691812,0.2364790701842999,0.454813290758869,0.0288248840084184,0.0557810831660679,0.0817295994271815,0.1289824137809546,0.2412458874325814,0.4562878029509488,transformer_div97_f0.5_wd1.0_softmax_ce_s3,div,6000
125,0.0556343430336533,0.1212873482337728,0.1289541129445094,0.0247038504717377,0.0492738571119986,0.0738180027301167,0.1212873482337728,0.2364734928744217,0.454814319908871,0.0288489534368804,0.0557452765088486,0.0816778661800277,0.1289541129445094,0.2413129105695614,0.4563353235299932,transformer_div97_f0.5_wd1.0_softmax_ce_s3,div,6000
135,0.0563796608138864,0.1212815473335472,0.1289542969441468,0.0247136591154306,0.0492761558590699,0.0738299872332012,0.1212815473335472,0.2364644349553289,0.4548128602771599,0.0288638820947506,0.0557326167102173,0.0816535161726752,0.1289542969441468,0.2413931978490647,0.4564017959583293,transformer_div97_f0.5_wd1.0_softmax_ce_s3,div,6000
146,0.0572912645133678,0.1212838656958145,0.1289990712310608,0.024720703465617,0.0492835340135948,0.073840905301681,0.1212838656958145,0.2364477846060194,0.4548261909011095,0.0288798431840359,0.0557514862705916,0.0816700348947466,0.1289990712310608,0.2415086164337384,0.4564891409040503,transformer_div97_f0.5_wd1.0_softmax_ce_s3,div,6000
157,0.0580768110718983,0.1212893639949965,0.1290300105868678,0.0247260690539212,0.0493022554246108,0.0738592604394605,0.1212893639949965,0.2364257433202365,0.4548119011537047,0.0288979224995776,0.0557604764843684,0.0816734674830065,0.1290300105868678,0.2416003688265153,0.4565733726171913,transformer_div97_f0.5_wd1.0_softmax_ce_s3,div,6000
169,0.058640689627488,0.1212962641681265,0.1290454279726993,0.0247353365865833,0.0493195735487359,0.0738733544972887,0.1212962641681265,0.2364268678198244,0.4548059754982299,0.0289054327365948,0.0557655212187989,0.081671353250732,0.1290454279726993,0.2416583104124063,0.4566373264322025,transformer_div97_f0.5_wd1.0_softmax_ce_s3,div,6000
182,0.0591351054812442,0.1213161914809051,0.1290608161298728,0.0247468198322968,0.0493335489392997,0.0738863865720318,0.1213161914809051,0.2364352549599187,0.4548112511138424,0.0289023674554617,0.0557743325636159,0.0816762783347574,0.1290608161298728,0.2416999614822369,0.4566780593595926,transformer_div97_f0.5_wd1.0_softmax_ce_s3,div,6000
196,0.0596674903315222,0.1213424752128669,0.1290701876747449,0.0247615831518075,0.0493570772905976,0.0739073315880307,0.1213424752128669,0.2364517846485185,0.4548241079245721,0.0288959639197191,0.0557854395791806,0.0816816161242568,0.1290701876747449,0.2417213126014537,0.4567017496600477,transformer_div97_f0.5_wd1.0_softmax_ce_s3,div,6000
211,0.0604356220596894,0.1213709766888193,0.1290912544989222,0.0247715277500317,0.0493779322304161,0.0739306452296049,0.1213709766888193,0.2364835711269863,0.4548607062223789,0.0288961049509644,0.0557977486534778,0.0816875225375075,0.1290912544989222,0.2417467828115466,0.4567303132647977,transformer_div97_f0.5_wd1.0_softmax_ce_s3,div,6000
227,0.0612402902637054,0.1213899035108372,0.1291211694704649,0.0247757673920587,0.0493855835269346,0.0739382899666148,0.1213899035108372,0.2365109539125857,0.4549135866448576,0.0288958869753445,0.0558189046898802,0.0817014085885828,0.1291211694704649,0.2417853878731787,0.456770359855437,transformer_div97_f0.5_wd1.0_softmax_ce_s3,div,6000
245,0.0621523258538109,0.1214034133856072,0.1291575621619369,0.0247850920752176,0.0493915792742832,0.0739445558903657,0.1214034133856072,0.2365297247519976,0.4549588218769581,0.0288948753386825,0.0558431304163758,0.0817196792480105,0.1291575621619369,0.2418261643302099,0.4568285384510502,transformer_div97_f0.5_wd1.0_softmax_ce_s3,div,6000
264,0.0628240475272333,0.1214089743467764,0.1292046291200339,0.0247951873109437,0.049396949498782,0.0739486538820456,0.1214089743467764,0.2365238529978836,0.4549761423054244,0.0288979792296769,0.0558776312728471,0.0817496262631365,0.1292046291200339,0.2418680065230306,0.4568929178615323,transformer_div97_f0.5_wd1.0_softmax_ce_s3,div,6000
284,0.0629152340416596,0.1214029880776381,0.1292386257026961,0.0248049302302782,0.0494034394556397,0.0739534664102253,0.1214029880776381,0.2365043135297426,0.4549787740616597,0.0289006548997396,0.0559130706118826,0.0817788193003325,0.1292386257026961,0.241912168990366,0.4569647317830473,transformer_div97_f0.5_wd1.0_softmax_ce_s3,div,6000
306,0.0629070467172447,0.121405582341432,0.1292810153401006,0.0248139193024835,0.0494127929497228,0.0739626823479966,0.121405582341432,0.2364964245769123,0.4549911765763944,0.028902911564507,0.0559572006716901,0.0818199936005497,0.1292810153401006,0.2419616453825451,0.4570421505962762,transformer_div97_f0.5_wd1.0_softmax_ce_s3,div,6000
330,0.0629965946276114,0.1213666772746039,0.1295145589506922,0.0248046748509918,0.0493953876542067,0.0739276039995312,0.1213666772746039,0.2364284084678556,0.4549353962804284,0.0289063743328374,0.0561862370350848,0.0820255585687253,0.1295145589506922,0.2422999839110037,0.4573149089919857,transformer_div97_f0.5_wd1.0_softmax_ce_s3,div,6000
355,0.0627255522340823,0.1213586420199374,0.1295268370790121,0.0248124887202819,0.0494078933712289,0.0739197799775529,0.1213586420199374,0.2363990838366788,0.4549277465840303,0.0289059134824474,0.0562120588650564,0.0820418577994771,0.1295268370790121,0.242353481392814,0.4573557206092058,transformer_div97_f0.5_wd1.0_softmax_ce_s3,div,6000
383,0.0627859552825317,0.1213500402077606,0.1295800582922019,0.0248133614202463,0.0494117545561839,0.0739188185703711,0.1213500402077606,0.2363847732918611,0.4549184612093848,0.0289018458701257,0.0562826458436793,0.0821034016442304,0.1295800582922019,0.2424076843835091,0.4573915950575402,transformer_div97_f0.5_wd1.0_softmax_ce_s3,div,6000
412,0.0627875399245605,0.1213461134590955,0.1296322501240073,0.0248133314241319,0.0494152529404421,0.0739181045267262,0.1213461134590955,0.2363756043898955,0.4549165143165852,0.028900414159434,0.0563421699778066,0.0821561797701524,0.1296322501240073,0.2424607426537056,0.457437655253174,transformer_div97_f0.5_wd1.0_softmax_ce_s3,div,6000
444,0.0628626943636784,0.121343669135965,0.1296940055491111,0.0248130508769706,0.0494211662205638,0.0739191528078126,0.121343669135965,0.2363680830925496,0.454924558579417,0.0288964407644598,0.0564090431453617,0.0822155009025665,0.1296940055491111,0.2425371678398,0.4575087311688334,transformer_div97_f0.5_wd1.0_softmax_ce_s3,div,6000
478,0.0628354879439342,0.1213387684888229,0.1297646634052458,0.0248121952304102,0.049428537579393,0.0739210416377934,0.1213387684888229,0.2363570433696251,0.4549275884454939,0.0288917639819131,0.0564827683281415,0.0822824872990755,0.1297646634052458,0.2426278256252365,0.4575980594690537,transformer_div97_f0.5_wd1.0_softmax_ce_s3,div,6000
515,0.0628306335160586,0.1213355993393802,0.1298480592310926,0.0248120244592576,0.0494362804494571,0.0739259637855132,0.1213355993393802,0.2363483127624013,0.4549397215536828,0.0288872907419106,0.0565640023114333,0.0823594325008658,0.1298480592310926,0.242732330738707,0.4577037495814015,transformer_div97_f0.5_wd1.0_softmax_ce_s3,div,6000
555,0.0632384341319873,0.1213130175730366,0.1301210874700507,0.0248006423082608,0.0494548859538268,0.0739230782372079,0.1213130175730366,0.2363032127321819,0.454830294893066,0.0289070659400111,0.0568428904555257,0.0826147637140974,0.1301210874700507,0.2431895751889619,0.4580736525265172,transformer_div97_f0.5_wd1.0_softmax_ce_s3,div,6000
598,0.0632456735850911,0.1213090247385843,0.1301129469592738,0.0248006284040712,0.0494532465616827,0.0739222452829044,0.1213090247385843,0.2362789010057672,0.4548071790811718,0.0289003459172817,0.0568446513520709,0.0826134564137416,0.1301129469592738,0.2431917394293308,0.4580597411306579,transformer_div97_f0.5_wd1.0_softmax_ce_s3,div,6000
644,0.0633809094806088,0.1213008697239529,0.1301990611661198,0.0247961161029005,0.0494505475014225,0.0739198466500718,0.1213008697239529,0.2362538656138246,0.4548019339359623,0.028884894596639,0.0569328233626543,0.082698757800651,0.1301990611661198,0.2432528288427869,0.4581093949981021,transformer_div97_f0.5_wd1.0_softmax_ce_s3,div,6000
694,0.0635408659512508,0.1212927517986574,0.1303153340911193,0.0247921246873347,0.0494489139821869,0.0739159709458546,0.1212927517986574,0.2362303124384231,0.4547948722421465,0.0288674662251881,0.0570552991467281,0.082818325319694,0.1303153340911193,0.2433600795730797,0.4582070383524639,transformer_div97_f0.5_wd1.0_softmax_ce_s3,div,6000
747,0.0637355082247906,0.1212952638626003,0.1304527300680329,0.0247887497347027,0.0494482248606693,0.0739182216072981,0.1212952638626003,0.2362225000805961,0.4547898019961465,0.0288501745655633,0.0572037910097085,0.082963223102859,0.1304527300680329,0.2435011531624901,0.4583488532278907,transformer_div97_f0.5_wd1.0_softmax_ce_s3,div,6000
805,0.0645470994238646,0.121303199050999,0.1313178808089485,0.0247574980588005,0.0494483219570376,0.073909570050188,0.121303199050999,0.2362046135082921,0.4546893933816276,0.0292425799779954,0.0581137670136201,0.0837919262346909,0.1313178808089485,0.2446931035267353,0.4592274609068422,transformer_div97_f0.5_wd1.0_softmax_ce_s3,div,6000
867,0.0647532888655709,0.1212577150145844,0.1311082883649447,0.0247636440114804,0.0494493582788839,0.0739098995464944,0.1212577150145844,0.2361732037818532,0.4546111351882458,0.0290551735242691,0.0579245822506798,0.0836065625559421,0.1311082883649447,0.2444781539673503,0.4590705652988514,transformer_div97_f0.5_wd1.0_softmax_ce_s3,div,6000
934,0.0651527480060818,0.1212516984623212,0.1313823896686178,0.0247644673052638,0.0494303179627992,0.0738982899892733,0.1212516984623212,0.236125431231271,0.454578634482277,0.0293716019240481,0.058224422743307,0.0839071455159168,0.1313823896686178,0.2446957570522666,0.4592797888545476,transformer_div97_f0.5_wd1.0_softmax_ce_s3,div,6000
1006,0.0639214178919588,0.1211561151851934,0.1321149067551961,0.0247262462065046,0.0493980387102855,0.073807176815755,0.1211561151851934,0.2360245228057313,0.4543227081246728,0.030085926145582,0.0589660820921285,0.0846036621123964,0.1321149067551961,0.2456818464712026,0.4601078464705616,transformer_div97_f0.5_wd1.0_softmax_ce_s3,div,6000
1083,0.0644455021599283,0.1211354882453069,0.1322200544400596,0.0247431690592662,0.0494067448836648,0.0738125820437892,0.1211354882453069,0.235934752864013,0.4542763607494368,0.0302373720948832,0.0590878520858088,0.0847357979528687,0.1322200544400596,0.2456964277586686,0.4601865040229816,transformer_div97_f0.5_wd1.0_softmax_ce_s3,div,6000
1167,0.0648618003763672,0.1210970337686113,0.1346817835255511,0.0247351965256693,0.0493610919609341,0.0737337537789672,0.1210970337686113,0.2357334104452417,0.4541805167762325,0.0327980159036496,0.0616017568813603,0.0871794079781945,0.1346817835255511,0.2482071313374177,0.4620815395803894,transformer_div97_f0.5_wd1.0_softmax_ce_s3,div,6000
1257,0.0611456825989993,0.1210237129961397,0.1335347209372799,0.0247036536503119,0.0493421671978621,0.0736059570783939,0.1210237129961397,0.2355835852079981,0.4537048622247861,0.0310907490689855,0.0599421088633409,0.0855686334304594,0.1335347209372799,0.2476466515556573,0.4619672632496492,transformer_div97_f0.5_wd1.0_softmax_ce_s3,div,6000
1354,0.0610883083094651,0.1209387725975255,0.145878596267753,0.0246334120309881,0.0491763488018589,0.0733742929890552,0.1209387725975255,0.2352059747942143,0.453474279026228,0.0419237236504039,0.0707280443008504,0.096435303292615,0.145878596267753,0.2588523821009518,0.4705489301612827,transformer_div97_f0.5_wd1.0_softmax_ce_s3,div,6000
1459,0.0592733525856186,0.1207715141373659,0.1393961801055233,0.0247143828310077,0.0491530023793499,0.0733330315303449,0.1207715141373659,0.2349580014614304,0.4527647841027925,0.0352554221411233,0.0643110693097575,0.089692295092447,0.1393961801055233,0.253662969910241,0.4670755272858992,transformer_div97_f0.5_wd1.0_softmax_ce_s3,div,6000
1571,0.0612395721816338,0.1203677776406041,0.1419985089042899,0.024671607721968,0.0489715247910744,0.0730199990847706,0.1203677776406041,0.2342836858802232,0.4521167765699032,0.0370805367937007,0.0661969404489524,0.0921370834991307,0.1419985089042899,0.2566704768890409,0.4694233172525965,transformer_div97_f0.5_wd1.0_softmax_ce_s3,div,6000
1692,0.0617067259022427,0.1198859386739143,0.1455108983452288,0.024626795268063,0.0488066143655677,0.072747741224579,0.1198859386739143,0.2337071463772735,0.4516672834011837,0.0395710300621572,0.0689410466586175,0.0956826017641956,0.1455108983452288,0.2606252473842768,0.4725734094937142,transformer_div97_f0.5_wd1.0_softmax_ce_s3,div,6000
1823,0.0620221031721884,0.1194725864866734,0.153150964578459,0.0244866807376166,0.048545970128775,0.0724647659921059,0.1194725864866734,0.2331051095630592,0.4511810649105645,0.0454675217817856,0.0750139303131532,0.1034107600226495,0.153150964578459,0.2684852110226341,0.4789344787210505,transformer_div97_f0.5_wd1.0_softmax_ce_s3,div,6000
1964,0.0566435860921216,0.1189910694274531,0.1633986275566394,0.0244964645833223,0.0484653494291971,0.0722923979113943,0.1189910694274531,0.2324066031442215,0.4499712444122801,0.0522568773758295,0.0839085292048702,0.1137576920799059,0.1633986275566394,0.2802177129129528,0.4904850440368532,transformer_div97_f0.5_wd1.0_softmax_ce_s3,div,6000
2115,0.0523789039233855,0.1187830938126704,0.158508021565879,0.0244366592014787,0.0483953046401325,0.0720937274403486,0.1187830938126704,0.231679573292788,0.4492489221026232,0.0489283550326512,0.0787194472406723,0.1084013312583094,0.158508021565879,0.2757269369772919,0.4881651983631905,transformer_div97_f0.5_wd1.0_softmax_ce_s3,div,6000
2278,0.0540974964957329,0.1181653785859925,0.1669170615235599,0.0242795596842449,0.0482293279625309,0.0716959559938148,0.1181653785859925,0.2310384131003855,0.4483279463967124,0.0534283783858667,0.0852632915224611,0.1155006937378714,0.1669170615235599,0.2845533937772946,0.498392270673792,transformer_div97_f0.5_wd1.0_softmax_ce_s3,div,6000
2454,0.058210053162012,0.1175348124092869,0.1745698397690212,0.0240894422722839,0.0479714169454271,0.0713709951362717,0.1175348124092869,0.230412539867418,0.4473400869964022,0.0582052730229445,0.0913889142908342,0.121959963283607,0.1745698397690212,0.292712996893892,0.5082972702669755,transformer_div97_f0.5_wd1.0_softmax_ce_s3,div,6000
2644,0.0670798852731346,0.1173055831202539,0.1842056664259307,0.0241443903828989,0.0479934537925471,0.0715428284599074,0.1173055831202539,0.229967894083608,0.4466286206049946,0.0623096826441419,0.0978358726480662,0.1292505981189796,0.1842056664259307,0.3068343007865455,0.5236154369034858,transformer_div97_f0.5_wd1.0_softmax_ce_s3,div,6000
2848,0.0726925940991726,0.1175983059506557,0.19798311531603,0.0244367639144584,0.0480457487844329,0.0713573691098776,0.1175983059506557,0.229491670254453,0.4462642596511924,0.0657885091684415,0.1055350212849362,0.1382106081938651,0.19798311531603,0.3325930629073512,0.5508330270762746,transformer_div97_f0.5_wd1.0_softmax_ce_s3,div,6000
3067,0.0574538697247817,0.1176809030213985,0.2056316273194579,0.0244965738030946,0.0481052089586414,0.0715318005495886,0.1176809030213985,0.2298404749588714,0.4469922311056272,0.0731854375751279,0.1133585959263309,0.1456486039963946,0.2056316273194579,0.3394212724623007,0.5575260508644757,transformer_div97_f0.5_wd1.0_softmax_ce_s3,div,6000
3304,0.0496577479387269,0.1179277541767039,0.218770255563524,0.0245025688332551,0.0484078275628343,0.0717520932565223,0.1179277541767039,0.230107147533161,0.447621040095717,0.0804594553651869,0.1229908485948973,0.1561056678544258,0.218770255563524,0.3573562770327931,0.5763145267402091,transformer_div97_f0.5_wd1.0_softmax_ce_s3,div,6000
3559,0.0478698347215657,0.1172181556555165,0.2456653005767281,0.0239884137641204,0.047758923099019,0.0709664144848289,0.1172181556555165,0.2295935783503328,0.4459134185134241,0.0912694422490781,0.1400849630760653,0.1759899040489475,0.2456653005767281,0.4057590203199762,0.6256217218619008,transformer_div97_f0.5_wd1.0_softmax_ce_s3,div,6000
3834,0.0426939844922993,0.1200710087735272,0.2644306051528486,0.0246513060875235,0.0488947437626755,0.0730906626507057,0.1200710087735272,0.2344534873444533,0.4502843266517827,0.1080081214352188,0.1591648373171446,0.1954266756944409,0.2644306051528486,0.4234774300890462,0.6455973224237403,transformer_div97_f0.5_wd1.0_softmax_ce_s3,div,6000
4130,0.0437437683649874,0.1199900208108017,0.2691177313103648,0.0243768223138713,0.0486345247653187,0.07277233489318,0.1199900208108017,0.2355849930685258,0.4502509290627519,0.1078365866361195,0.161075722500326,0.1989475299689006,0.2691177313103648,0.4358509102558683,0.6626220028398009,transformer_div97_f0.5_wd1.0_softmax_ce_s3,div,6000
4448,0.0408540889069322,0.1198871086520212,0.3086803557784424,0.0250395952191627,0.0489363690324289,0.0726777403374681,0.1198871086520212,0.2357421641972274,0.4493397826037154,0.124854370638607,0.1895293514096853,0.2303066945468423,0.3086803557784424,0.4978965637852646,0.7200490440141424,transformer_div97_f0.5_wd1.0_softmax_ce_s3,div,6000
4791,0.0544131204528505,0.1226004473779648,0.3104497448676154,0.0252572554096024,0.0503090992743619,0.0746485987069822,0.1226004473779648,0.2373022291182112,0.4493955540051703,0.1296715947208145,0.1934747956850958,0.2330753840061345,0.3104497448676154,0.4945005776462056,0.7201478251560862,transformer_div97_f0.5_wd1.0_softmax_ce_s3,div,6000
5161,0.0685841682649501,0.116149829374817,0.3723655896516794,0.0248412422066124,0.048037711980842,0.0710433161526393,0.116149829374817,0.2268222502126775,0.4423300241693059,0.1360757565827853,0.2165890802749653,0.2713780215996383,0.3723655896516794,0.5972291297088337,0.8077019970268093,transformer_div97_f0.5_wd1.0_softmax_ce_s3,div,6000
5560,0.0567697719971484,0.1186298244143504,0.3524441384138896,0.0254080455995696,0.0490197469529982,0.07246991281449,0.1186298244143504,0.2310460387317835,0.4439648976343309,0.1483370423550591,0.2198306324031391,0.2657457790369349,0.3524441384138896,0.5590776725269607,0.7874496672407062,transformer_div97_f0.5_wd1.0_softmax_ce_s3,div,6000
5989,0.0551333497539313,0.1158620594859192,0.3235379156560445,0.0242007129241836,0.0473872601348251,0.0705656336099049,0.1158620594859192,0.2266110812871901,0.4402379531808943,0.1278599894605193,0.1937089478515868,0.2375552796191969,0.3235379156560445,0.5268404801207809,0.7661658353363332,transformer_div97_f0.5_wd1.0_softmax_ce_s3,div,6000
6451,0.0718892503530344,0.1152384618962688,0.4214910735741629,0.0233380145022331,0.0465010048582702,0.0696195521673874,0.1152384618962688,0.2269488728348414,0.4406595523415115,0.1679278298691849,0.2618480788256027,0.3181559403703592,0.4214910735741629,0.6573087818436231,0.8733793438532829,transformer_div97_f0.5_wd1.0_softmax_ce_s3,div,6000
6949,0.0529749170120502,0.1108064007083432,0.4343084991921364,0.0225704029413443,0.0448701600265765,0.0671607390393465,0.1108064007083432,0.2177244280604003,0.4290027502011073,0.1898318342290573,0.2688483525097705,0.3263330569002763,0.4343084991921364,0.6819319260124878,0.919315547500623,transformer_div97_f0.5_wd1.0_softmax_ce_s3,div,6000
7485,0.0368518972807472,0.1097986610525744,0.4486561786477535,0.0223901713641002,0.0445149183362858,0.0663188259279089,0.1097986610525744,0.2168914692544694,0.4283357945127707,0.2016808285704528,0.2765257290363814,0.3364004287185742,0.4486561786477535,0.7079899641852313,0.9540955803449728,transformer_div97_f0.5_wd1.0_softmax_ce_s3,div,6000
8062,0.016211700819238,0.1122565342226321,0.5026570558113784,0.022638689731487,0.0451954146730904,0.0677279493987653,0.1122565342226321,0.2224062665840913,0.4355053654271844,0.2469022140550733,0.3175432054201754,0.3832111866674175,0.5026570558113784,0.7670842078268632,0.984038180618829,transformer_div97_f0.5_wd1.0_softmax_ce_s3,div,6000
8685,0.0229785946750507,0.1124332821556434,0.4657736239330821,0.0229389413526721,0.0456795339045249,0.0681092215979942,0.1124332821556434,0.2218393680479218,0.4365417569174021,0.2218128084430419,0.2856757546657665,0.3471384948723053,0.4657736239330821,0.746066385872227,0.9904332087669157,transformer_div97_f0.5_wd1.0_softmax_ce_s3,div,6000
9355,0.0315132794778631,0.1106218273393077,0.513790324314752,0.0223775146009234,0.0446937724009881,0.0668379985859111,0.1106218273393077,0.2187404839807739,0.4318065366250061,0.263703826871479,0.3323339898157518,0.3952951133976585,0.513790324314752,0.7766324624670867,0.9948946171284524,transformer_div97_f0.5_wd1.0_softmax_ce_s3,div,6000
10077,0.046059086066435,0.1094827895721378,0.5394930528495033,0.0219622289132993,0.04388533756867,0.0657547428977382,0.1094827895721378,0.2175783018557921,0.4311515766674334,0.3009533653910227,0.3633622662808749,0.4253607936528411,0.5394930528495033,0.7916123173828595,0.9972554762902172,transformer_div97_f0.5_wd1.0_softmax_ce_s3,div,6000
10854,0.045828611477035,0.1091640439957999,0.5582602025596356,0.0219361854091266,0.0438132356000833,0.0656368436980012,0.1091640439957999,0.2169500145021311,0.4291934035307567,0.3384598247107047,0.3950029103285861,0.4511770469946949,0.5582602025596356,0.796024269238943,0.9978185966956716,transformer_div97_f0.5_wd1.0_softmax_ce_s3,div,6000
11692,0.0313147158323552,0.1125306020860637,0.3782086313754714,0.0233532367088134,0.0465433370987513,0.0689481378726674,0.1125306020860637,0.2200578495878722,0.4319739425586714,0.0823104706248042,0.1601396835410511,0.2339119825865911,0.3782086313754714,0.7178679443780251,0.9946202872225516,transformer_div97_f0.5_wd1.0_softmax_ce_s3,div,6000
12594,0.0476895227864971,0.1097606365593518,0.3644029597859868,0.0221480679102695,0.044235247243439,0.0661099258206243,0.1097606365593518,0.2176531125239465,0.4288358226486061,0.0782286177534738,0.1537940802863432,0.2270635088245263,0.3644029597859868,0.692515264426905,0.9965054235058232,transformer_div97_f0.5_wd1.0_softmax_ce_s3,div,6000
13566,0.047451763563334,0.1106027505725772,0.3848919282645904,0.0225343942071793,0.0450604041021636,0.0672628739285372,0.1106027505725772,0.2173783940755205,0.4283933762565668,0.0934552547860072,0.1724380495476642,0.2486699729643845,0.3848919282645904,0.7023993893443673,0.9981987733820684,transformer_div97_f0.5_wd1.0_softmax_ce_s3,div,6000
14613,0.0645623134957561,0.1119477773565873,0.4084973411991687,0.0226995170658602,0.0453019239417837,0.0676328335348337,0.1119477773565873,0.2208680239625576,0.4345981938808361,0.0985594739655414,0.1775258427799254,0.2555721025702409,0.4084973411991687,0.7648099631049623,0.9913102429958196,transformer_div97_f0.5_wd1.0_softmax_ce_s3,div,6000
15741,0.0555987951073412,0.110088371229358,0.4040664038159514,0.022785724299022,0.0446879959626945,0.0665333456099144,0.110088371229358,0.2179763861465633,0.4301757836560697,0.0910115995951448,0.1777554899080115,0.2543118580314937,0.4040664038159514,0.7516543955486094,0.99561534221043,transformer_div97_f0.5_wd1.0_softmax_ce_s3,div,6000
16955,0.0429461026776554,0.1079483362019265,0.4175000817244503,0.0218002164626318,0.0435049628681396,0.0650291201842348,0.1079483362019265,0.2147049253304009,0.425387493728809,0.1069537925416367,0.1872581535502206,0.2652206751896849,0.4175000817244503,0.7576678063860429,0.9982033956996836,transformer_div97_f0.5_wd1.0_softmax_ce_s3,div,6000
18264,0.0539440065415483,0.10777780464891,0.412909935269769,0.0218941681478485,0.0434416603844931,0.0649808860417279,0.10777780464891,0.2137166296567677,0.4238300803266975,0.0977564124668331,0.1825723794742224,0.2616753385732296,0.412909935269769,0.7554118863544572,0.9991536221739992,transformer_div97_f0.5_wd1.0_softmax_ce_s3,div,6000
19673,0.0562130202580029,0.1067055761247995,0.4108047537448574,0.0214659310622318,0.0428268059116897,0.0641665577347598,0.1067055761247995,0.2124901680370329,0.421761496912219,0.0968641963940801,0.18135463866413,0.2601704858725645,0.4108047537448574,0.7593448260621636,0.9994608178004498,transformer_div97_f0.5_wd1.0_softmax_ce_s3,div,6000
21192,0.0624554025417463,0.1064270032928693,0.4176067584949717,0.0214535657083643,0.042821729761476,0.0640588736109755,0.1064270032928693,0.211915996397984,0.4209229262586498,0.0984347572533549,0.1870614592961846,0.2648467129662664,0.4176067584949717,0.7637062209191992,0.9996090008260962,transformer_div97_f0.5_wd1.0_softmax_ce_s3,div,6000
22827,0.0640081054225624,0.1064400750912519,0.4157547251531084,0.0213911545667961,0.0427138746086434,0.0640364516558674,0.1064400750912519,0.2117425777045155,0.420887696659674,0.0958289303394339,0.1851670134457764,0.2626796703111082,0.4157547251531084,0.763622869556677,0.9996837640387908,transformer_div97_f0.5_wd1.0_softmax_ce_s3,div,6000
24589,0.0645093792139721,0.1068363750010116,0.41975625355065,0.0215181431220084,0.0430258868833137,0.0644035504324951,0.1068363750010116,0.2121844742768567,0.4214822462979815,0.0980599242634945,0.1899291178288094,0.2672938759062666,0.41975625355065,0.7643093488815216,0.9996968391143428,transformer_div97_f0.5_wd1.0_softmax_ce_s3,div,6000
26486,0.0562692433320316,0.1072283435222616,0.4204678997723274,0.0215806804650272,0.0431483586158052,0.0645163305489927,0.1072283435222616,0.2132480650504588,0.4230228375455775,0.097952032729696,0.1892586235270421,0.268880896160299,0.4204678997723274,0.7623329117982423,0.9996830136647286,transformer_div97_f0.5_wd1.0_softmax_ce_s3,div,6000
28530,0.0572987471495975,0.1070350672849891,0.4189775154391701,0.0214715736537158,0.0429359681936206,0.0643594113648066,0.1070350672849891,0.21317718496993,0.4233021838138149,0.096265674320635,0.1865011259599117,0.2661164232832859,0.4189775154391701,0.7617102321035308,0.999786163112198,transformer_div97_f0.5_wd1.0_softmax_ce_s3,div,6000
30732,0.0630182782748024,0.10635442046653,0.4257297815828531,0.0213368635689212,0.0426386989371465,0.0639174001795875,0.10635442046653,0.2121284210679153,0.422191286890207,0.0992215939733568,0.1937686914598465,0.2745079438947234,0.4257297815828531,0.7631812848546763,0.999904511849214,transformer_div97_f0.5_wd1.0_softmax_ce_s3,div,6000
33103,0.064258230801656,0.1060943006335451,0.4271812012945829,0.0212961470810854,0.042554274212024,0.0637501800692919,0.1060943006335451,0.2116315075281421,0.4217748135754732,0.1003632105044665,0.1957690797598308,0.2764113159552501,0.4271812012945829,0.7640282290817869,0.9999138158778696,transformer_div97_f0.5_wd1.0_softmax_ce_s3,div,6000
35658,0.0635331648586807,0.1058541038579387,0.4339562810983479,0.0211883077817461,0.0423760932444848,0.0635534261647335,0.1058541038579387,0.2111928892688274,0.4209178864719646,0.1026089377952238,0.2017338712806252,0.2824642579382679,0.4339562810983479,0.7666096440289739,0.9999070358821132,transformer_div97_f0.5_wd1.0_softmax_ce_s3,div,6000
38410,0.066167619421433,0.1058375505780541,0.4366895425993768,0.0212213521207054,0.0424417200952318,0.0635770661949702,0.1058375505780541,0.2112063653582401,0.4207530884056813,0.1022139950390475,0.2043477409838676,0.2866542390058828,0.4366895425993768,0.7677506881176852,0.9999033557004796,transformer_div97_f0.5_wd1.0_softmax_ce_s3,div,6000
41374,0.0684138070974549,0.1058848803205898,0.4382013997443552,0.0212654608676348,0.0424656841590796,0.0636495446141469,0.1058848803205898,0.21107426456915,0.4201449008451351,0.1035967912080092,0.2047100076695031,0.2871496278888835,0.4382013997443552,0.7684993152464854,0.999900666032054,transformer_div97_f0.5_wd1.0_softmax_ce_s3,div,6000
44567,0.0708544077089503,0.1059454268067158,0.4395546948055797,0.0213033738501518,0.0425556205235968,0.063719746795492,0.1059454268067158,0.2111329870465724,0.4200532254885649,0.1070573501822747,0.2062264335715492,0.2894764666380536,0.4395546948055797,0.76937182448268,0.9998988612955184,transformer_div97_f0.5_wd1.0_softmax_ce_s3,div,6000
48006,0.0710323874987391,0.1064386183690024,0.4388641561554415,0.0213700326236151,0.0427183653519744,0.0640429575420865,0.1064386183690024,0.2116044872403221,0.4204345019660517,0.1073736968390781,0.2045152610649353,0.2878907766102919,0.4388641561554415,0.7682293013145111,0.9999022478287032,transformer_div97_f0.5_wd1.0_softmax_ce_s3,div,6000
51711,0.0649783881155986,0.1066683790124357,0.4414997725331322,0.0214036198843317,0.0428054320505478,0.0641917692456987,0.1066683790124357,0.2116371419244299,0.4204548530113711,0.1108400478268676,0.2067235821077876,0.2906526845449952,0.4414997725331322,0.7697700109602932,0.999902489171976,transformer_div97_f0.5_wd1.0_softmax_ce_s3,div,6000
55701,0.0704678628618956,0.1061894466308668,0.4434189981518414,0.0212797573699689,0.0425537050290749,0.0637976846705583,0.1061894466308668,0.2112598768179177,0.4200375520604139,0.1130281510327241,0.2084513807673181,0.292821824303666,0.4434189981518414,0.7714453706237915,0.999902491050258,transformer_div97_f0.5_wd1.0_softmax_ce_s3,div,6000
60000,0.0735624312765387,0.1061373431537418,0.443905301288198,0.0213470516059095,0.0426150551370688,0.063876386129743,0.1061373431537418,0.2109292272677581,0.4198509442894611,0.1132296996647398,0.2078119880720023,0.2927687913581035,0.443905301288198,0.771852041301373,0.999911588731346,transformer_div97_f0.5_wd1.0_softmax_ce_s3,div,6000
0,0.0540350869646434,0.1229771148948571,0.1251618386587316,0.0269523890363747,0.0526059370045998,0.0765229550469151,0.1229771148948571,0.2365150577997479,0.4509590530819892,0.0261373543188934,0.0519449368275545,0.0772806505189906,0.1251618386587316,0.2383776754531356,0.4598488609388552,transformer_div97_f0.5_wd1.0_softmax_ce_s4,div,8000
1,0.0540164039631861,0.1229749252213647,0.1251571560696363,0.0269491215781637,0.05260005345769,0.076519480259389,0.1229749252213647,0.2365203232765782,0.4509666833489883,0.0261342647255369,0.0519404507497313,0.0772751108888966,0.1251571560696363,0.2383731226202659,0.4598417472872322,transformer_div97_f0.5_wd1.0_softmax_ce_s4,div,8000
2,0.053978001823304,0.1229729831097551,0.1251512941369585,0.0269472492652662,0.0525961573254186,0.0765171937750466,0.1229729831097551,0.2365231114815207,0.4509721792854059,0.0261303860482834,0.0519365814195692,0.0772706980690006,0.1251512941369585,0.2383676427551095,0.4598372262984624,transformer_div97_f0.5_wd1.0_softmax_ce_s4,div,8000
3,0.0539457529358177,0.1229718906102761,0.1251447041432363,0.0269458881472481,0.0525933887654486,0.0765157641321323,0.1229718906102761,0.2365258091158849,0.4509779638191507,0.0261266823122783,0.0519330106374354,0.0772667638122842,0.1251447041432363,0.2383603292177276,0.459829451443107,transformer_div97_f0.5_wd1.0_softmax_ce_s4,div,8000
4,0.0539157437220863,0.1229720536828025,0.1251378194470983,0.0269453757339667,0.0525918689801928,0.0765154503619133,0.1229720536828025,0.236529409297179,0.4509843000473296,0.0261230471014847,0.0519296565114043,0.0772631748391169,0.1251378194470983,0.2383523117353492,0.4598208301843132,transformer_div97_f0.5_wd1.0_softmax_ce_s4,div,8000
5,0.0538874798772411,0.1229732194317396,0.1251310771900776,0.0269452239761901,0.0525910266023293,0.0765158133067798,0.1229732194317396,0.2365336966783344,0.4509903437241746,0.0261195011750773,0.0519266814467915,0.0772598152744226,0.1251310771900776,0.23834438102593,0.4598125557622664,transformer_div97_f0.5_wd1.0_softmax_ce_s4,div,8000
6,0.0538450372512175,0.1229747118300248,0.1251249855803699,0.0269451656636476,0.0525901372591436,0.0765160813542505,0.1229747118300248,0.2365382677481028,0.4509957911222135,0.0261160621188223,0.0519241967951061,0.0772566262005074,0.1251249855803699,0.2383371956492977,0.4598052707784049,transformer_div97_f0.5_wd1.0_softmax_ce_s4,div,8000
7,0.0537863986509096,0.1229758666378679,0.1251195401177115,0.026945094768411,0.0525889303580074,0.076515874341392,0.1229758666378679,0.2365427317711963,0.4510007759836685,0.0261127914902966,0.0519221218606378,0.0772536455866872,0.1251195401177115,0.2383307692042177,0.4597987838021136,transformer_div97_f0.5_wd1.0_softmax_ce_s4,div,8000
8,0.0537109973418339,0.1229761079140637,0.1251146023345734,0.0269448616453932,0.052587212696744,0.0765149190180763,0.1229761079140637,0.2365464753779927,0.4510054433197913,0.0261097515582608,0.0519204102753379,0.0772510122000719,0.1251146023345734,0.2383251122053629,0.4597931404524243,transformer_div97_f0.5_wd1.0_softmax_ce_s4,div,8000
9,0.0536256009477293,0.1229753143456545,0.1251098086425954,0.0269443696768429,0.0525849381937977,0.0765131603616486,0.1229753143456545,0.2365491918463453,0.4510100691843259,0.0261067667087509,0.0519187526124952,0.0772484280134677,0.1251098086425954,0.2383197646304276,0.4597878112839259,transformer_div97_f0.5_wd1.0_softmax_ce_s4,div,8000
10,0.0535328292478375,0.1229738975746554,0.1251050678731335,0.0269437509821813,0.0525823088298061,0.0765108922983563,0.1229738975746554,0.2365512100446909,0.4510150459058591,0.0261038884298287,0.0519172541615459,0.0772460422625697,0.1251050678731335,0.238314374698303,0.4597825114946854,transformer_div97_f0.5_wd1.0_softmax_ce_s4,div,8000
11,0.0534347151364568,0.1229721034747547,0.1251005823996089,0.026943164162734,0.0525796215118558,0.0765083698853091,0.1229721034747547,0.2365528751581046,0.4510205040762182,0.0261012049252223,0.0519161451533882,0.077244198503064,0.1251005823996089,0.2383088673781618,0.4597771017619458,transformer_div97_f0.5_wd1.0_softmax_ce_s4,div,8000
12,0.0533325590940581,0.1229700685489755,0.125096566711248,0.0269425694729156,0.0525769433601891,0.0765056789953758,0.1229700685489755,0.2365543862013899,0.451026465770759,0.0260987972939283,0.0519155262116796,0.0772431587227966,0.125096566711248,0.2383030250151602,0.4597717472921208,transformer_div97_f0.5_wd1.0_softmax_ce_s4,div,8000
13,0.0532296230244217,0.1229680400149194,0.1250927196654675,0.0269419196420589,0.0525742881543333,0.0765029808379035,0.1229680400149194,0.2365560314632891,0.4510329805578494,0.0260965943137412,0.0519152959853199,0.0772428708248555,0.1250927196654675,0.2382966126063935,0.4597662506093986,transformer_div97_f0.5_wd1.0_softmax_ce_s4,div,8000
15,0.0530412156270206,0.1229646234098623,0.12508496202531,0.0269401696930262,0.0525689562614985,0.0764979351509159,0.1229646234098623,0.2365598047147139,0.4510477593788467,0.0260929328529165,0.0519157270938763,0.0772442342485629,0.12508496202531,0.2382814691067359,0.4597545753106504,transformer_div97_f0.5_wd1.0_softmax_ce_s4,div,8000
16,0.0529594548970732,0.1229634465696774,0.1250809309248179,0.0269390384757069,0.0525663302069369,0.0764957173626407,0.1229634465696774,0.2365616528610005,0.4510556121501706,0.0260914869352411,0.0519163041748431,0.0772456964124052,0.1250809309248179,0.2382728333698147,0.4597487518107955,transformer_div97_f0.5_wd1.0_softmax_ce_s4,div,8000
17,0.0528841745285158,0.1229628217584774,0.1250768555460091,0.0269378003949309,0.0525638327790193,0.0764939053286267,0.1229628217584774,0.2365634349623911,0.4510635973338808,0.0260903144672772,0.0519170879765955,0.0772475937504271,0.1250768555460091,0.2382633756576571,0.4597432332250012,transformer_div97_f0.5_wd1.0_softmax_ce_s4,div,8000
18,0.0528127608647438,0.1229629383503274,0.1250726560410258,0.0269365176086931,0.0525615731068005,0.0764926739192254,0.1229629383503274,0.2365651732432721,0.4510718292768694,0.0260894672094369,0.0519181322222964,0.0772498388672694,0.1250726560410258,0.2382531701553614,0.4597382835015062,transformer_div97_f0.5_wd1.0_softmax_ce_s4,div,8000
20,0.0526809259586672,0.1229655611018632,0.1250636067634363,0.026933956389712,0.0525579398677524,0.0764920092513074,0.1229655611018632,0.2365683567451395,0.4510889199820373,0.0260887945630253,0.0519211125961554,0.0772550751520804,0.1250636067634363,0.2382309151947522,0.459729669663025,transformer_div97_f0.5_wd1.0_softmax_ce_s4,div,8000
21,0.0526192470890344,0.1229679682467062,0.125059010373211,0.0269326768819142,0.0525565347758821,0.0764924711823296,0.1229679682467062,0.236569394138306,0.4510973199452802,0.0260889634161599,0.0519231333918984,0.0772580757279643,0.125059010373211,0.2382194107065154,0.4597261364007066,transformer_div97_f0.5_wd1.0_softmax_ce_s4,div,8000
23,0.0525130669274828,0.122973698575811,0.1250501531568915,0.0269299901583998,0.0525541754098848,0.0764939049312565,0.122973698575811,0.2365700563954427,0.4511132640972316,0.0260899410050666,0.0519282613311814,0.0772649060167518,0.1250501531568915,0.238196547618281,0.4597203380282178,transformer_div97_f0.5_wd1.0_softmax_ce_s4,div,8000
24,0.052471803807592,0.1229765434598966,0.125046008509313,0.0269285438588824,0.0525529449904895,0.0764944011912359,0.1229765434598966,0.2365694917760294,0.4511206199276362,0.0260905275145246,0.051931313513763,0.0772687713744537,0.125046008509313,0.2381854946612741,0.459717812096516,transformer_div97_f0.5_wd1.0_softmax_ce_s4,div,8000
26,0.0524187041359888,0.1229818530123346,0.1250380878125883,0.0269254798647565,0.0525496937545963,0.076494556978979,0.1229818530123346,0.2365668826757895,0.4511341321045176,0.0260914901058728,0.051938120195637,0.0772772481488516,0.1250380878125883,0.2381670006391571,0.4597117206343534,transformer_div97_f0.5_wd1.0_softmax_ce_s4,div,8000
28,0.0523962508383604,0.1229842579372648,0.1250299569973132,0.0269221246660882,0.0525444495355016,0.0764924238607461,0.1229842579372648,0.2365604983552652,0.4511423393219034,0.0260921839597229,0.0519450841547995,0.0772857037270933,0.1250299569973132,0.2381650692847056,0.4597029793373227,transformer_div97_f0.5_wd1.0_softmax_ce_s4,div,8000
31,0.0524291490173809,0.1229768370248717,0.1250145018142757,0.0269151919350088,0.0525314459005824,0.0764828888133693,0.1229768370248717,0.2365412009238542,0.4511418035436387,0.026092503012311,0.0519533384300806,0.077293955011125,0.1250145018142757,0.2381604035277387,0.4596865005345222,transformer_div97_f0.5_wd1.0_softmax_ce_s4,div,8000
33,0.0525149780566233,0.122966607428327,0.1250010066779191,0.0269086482111796,0.0525192425303082,0.0764741353544316,0.122966607428327,0.2365188050948899,0.4511255867976254,0.0260910920705403,0.0519549534940674,0.0772952583957351,0.1250010066779191,0.2381522454937313,0.4596743287185189,transformer_div97_f0.5_wd1.0_softmax_ce_s4,div,8000
35,0.0526518631039226,0.122957263220899,0.1249857862417441,0.0269023522382347,0.0525074772992722,0.0764678945335519,0.122957263220899,0.2364918238758382,0.4511040249334298,0.0260870895309736,0.051952316537579,0.0772928783548619,0.1249857862417441,0.2381377116042446,0.4596621175694013,transformer_div97_f0.5_wd1.0_softmax_ce_s4,div,8000
38,0.052906816368043,0.1229456877184347,0.1249645877000563,0.0268937069113782,0.0524916047077628,0.0764635667472009,0.1229456877184347,0.2364450072926065,0.4510648653649349,0.0260798793010238,0.0519460649690863,0.0772856667340859,0.1249645877000563,0.2381107260080893,0.4596491602141489,transformer_div97_f0.5_wd1.0_softmax_ce_s4,div,8000
41,0.0531808736008155,0.1229327815480685,0.1249437802707832,0.0268864403584891,0.052480193773726,0.0764624269775769,0.1229327815480685,0.2363934571928908,0.451016046285349,0.0260733255056234,0.0519412061801382,0.0772752759802456,0.1249437802707832,0.2380835111106271,0.4596375645728972,transformer_div97_f0.5_wd1.0_softmax_ce_s4,div,8000
44,0.0534624300216019,0.1229182354458739,0.1249200626783215,0.0268805043197418,0.0524725499054334,0.0764627706442234,0.1229182354458739,0.2363438158039526,0.450963803933663,0.0260664148755708,0.0519347057757035,0.0772593488319323,0.1249200626783215,0.238057912476601,0.4596144562762539,transformer_div97_f0.5_wd1.0_softmax_ce_s4,div,8000
48,0.0537878791405286,0.1229051259763006,0.1248848235847253,0.0268712459624147,0.0524646190077943,0.0764667528119674,0.1229051259763006,0.2362923769334528,0.4509075234952722,0.0260614822799614,0.0519235132809267,0.0772282841505945,0.1248848235847253,0.2380176137654722,0.4595620073998526,transformer_div97_f0.5_wd1.0_softmax_ce_s4,div,8000
51,0.0540600044620125,0.1228937543420003,0.1248532652070913,0.0268653011399348,0.0524583985143104,0.0764675735313927,0.1228937543420003,0.2362653634025942,0.4508765942994658,0.0260617124058962,0.0519166104120951,0.0771994782570149,0.1248532652070913,0.2379838770433266,0.4595094859013209,transformer_div97_f0.5_wd1.0_softmax_ce_s4,div,8000
55,0.05452265014018,0.1228805735971608,0.1248062932520241,0.0268647453058179,0.0524506222901195,0.0764645297966274,0.1228805735971608,0.2362469269838056,0.4508587355988029,0.0260633998737587,0.0519069761220065,0.0771582187095109,0.1248062932520241,0.2379472719105969,0.4594203343233918,transformer_div97_f0.5_wd1.0_softmax_ce_s4,div,8000
60,0.0551347539749208,0.1228869178182558,0.1247434125960703,0.0268680276690255,0.0524377361807698,0.0764654258055411,0.1228869178182558,0.2362590082247016,0.4508648631381822,0.026066887167003,0.0518939699212566,0.0771076198553021,0.1247434125960703,0.2378849198811714,0.4592679290234964,transformer_div97_f0.5_wd1.0_softmax_ce_s4,div,8000
64,0.055658126949659,0.1228868133944189,0.1246802901731579,0.0268623800676176,0.0524160200794938,0.0764543958060771,0.1228868133944189,0.2362908396407481,0.4508673466530741,0.0260650492058398,0.0518768159817803,0.0770632711161197,0.1246802901731579,0.2378132282776529,0.4591196010902535,transformer_div97_f0.5_wd1.0_softmax_ce_s4,div,8000
69,0.0562860640233682,0.1228953907612344,0.1245998034984102,0.0268581510210785,0.0523926634278015,0.0764457329692935,0.1228953907612344,0.2363312623126442,0.4508713837937925,0.0260578319152708,0.0518547244179236,0.0770108647450325,0.1245998034984102,0.2377166937155985,0.4589607959243835,transformer_div97_f0.5_wd1.0_softmax_ce_s4,div,8000
75,0.0567273688950341,0.1229057962862606,0.1245269172971158,0.0268648874923556,0.0523765256002762,0.0764465175531832,0.1229057962862606,0.2363692193050496,0.450854638945864,0.0260550101748939,0.0518415106653465,0.0769700301558858,0.1245269172971158,0.2376363807394896,0.4588046238890412,transformer_div97_f0.5_wd1.0_softmax_ce_s4,div,8000
80,0.0570168492551871,0.1229113411678816,0.1244746330934152,0.0268827289895529,0.0523736641485001,0.0764507406166795,0.1229113411678816,0.2363917656674622,0.4508259650030502,0.0260603789132262,0.0518388403776252,0.0769494201089438,0.1244746330934152,0.2375955028309413,0.4587026275802282,transformer_div97_f0.5_wd1.0_softmax_ce_s4,div,8000
87,0.0572681708168529,0.1229075755443359,0.1243912698431084,0.0269099690353799,0.0523774103824822,0.0764633733478888,0.1229075755443359,0.2363879626537664,0.4507839644882249,0.0260739388587333,0.0518398007598639,0.0769257427529379,0.1243912698431084,0.2375252477820391,0.4585828726414411,transformer_div97_f0.5_wd1.0_softmax_ce_s4,div,8000
93,0.0571394937410838,0.1229027968034728,0.1243591104298603,0.0269284478757546,0.052383277631157,0.0764699822821772,0.1229027968034728,0.2363725778156759,0.4507676724057546,0.0260922624310066,0.0518582072124576,0.0769337546815154,0.1243591104298603,0.2375078200502043,0.4585388173448715,transformer_div97_f0.5_wd1.0_softmax_ce_s4,div,8000
100,0.0568197091282453,0.1229137825862641,0.1243377082183436,0.0269489051919405,0.0523964342709942,0.0764840801577039,0.1229137825862641,0.2363507021502935,0.4507600155765192,0.0261082620963144,0.0518843144139451,0.0769476093452779,0.1243377082183436,0.2374845908590274,0.458516918055039,transformer_div97_f0.5_wd1.0_softmax_ce_s4,div,8000
108,0.0566101239033765,0.1229190459368417,0.1243182966766861,0.026961456362691,0.0524106072791107,0.076496715386492,0.1229190459368417,0.2363188444839789,0.4507737146510014,0.0261139034654594,0.0519034978966552,0.0769563821820927,0.1243182966766861,0.2374556012057121,0.458506347969596,transformer_div97_f0.5_wd1.0_softmax_ce_s4,div,8000
116,0.0562659404363597,0.1229319022374797,0.1243143699819596,0.0269704751896262,0.0524211822360122,0.0765028349123682,0.1229319022374797,0.2363041188356612,0.4508037065984911,0.0261141254540574,0.0519223598321345,0.0769703745720281,0.1243143699819596,0.2374628874504033,0.4584888744930582,transformer_div97_f0.5_wd1.0_softmax_ce_s4,div,8000
125,0.0560049811365265,0.1229332599112191,0.1243328290625764,0.0269681396750814,0.0524137252493761,0.0764903410313108,0.1229332599112191,0.2362760232724221,0.4508185748093019,0.026120167725881,0.0519514212717149,0.0770031188698115,0.1243328290625764,0.2374933115244414,0.4584750906090738,transformer_div97_f0.5_wd1.0_softmax_ce_s4,div,8000
135,0.0556896617893944,0.1229348171946354,0.1243567306884657,0.02695766893628,0.0524057140314366,0.076470999177621,0.1229348171946354,0.2362755225300762,0.4508182929207667,0.0261287565991236,0.0519753830346014,0.07703389493471,0.1243567306884657,0.2375397943345288,0.4584570747340662,transformer_div97_f0.5_wd1.0_softmax_ce_s4,div,8000
146,0.0554287000399617,0.1229312143038046,0.1243752884698705,0.0269467138590031,0.0524010562456073,0.0764629640415486,0.1229312143038046,0.2362827526313952,0.4507838708927318,0.0261385500385396,0.0519934562156027,0.0770602799541623,0.1243752884698705,0.2375913334762145,0.4584819279491626,transformer_div97_f0.5_wd1.0_softmax_ce_s4,div,8000
157,0.0551663728257246,0.122924654343968,0.1243881561989759,0.0269314642635992,0.0523941010219522,0.0764559768693157,0.122924654343968,0.2362844785659877,0.4507472313812279,0.0261464981231995,0.0520013154024072,0.0770771491178754,0.1243881561989759,0.2376324312912878,0.4585203897062767,transformer_div97_f0.5_wd1.0_softmax_ce_s4,div,8000
169,0.055003312903573,0.1229093054140815,0.1243921433238379,0.0269163299994786,0.0523863696343946,0.0764564152454723,0.1229093054140815,0.2362745113909272,0.4506976350366043,0.0261481235713702,0.0519948446908659,0.0770812979332991,0.1243921433238379,0.2376601566245683,0.4585533064801161,transformer_div97_f0.5_wd1.0_softmax_ce_s4,div,8000
182,0.054748187581257,0.1228906561426645,0.1243960064136564,0.026910945349333,0.0523816757221741,0.0764538294554243,0.1228906561426645,0.2362747782747613,0.4506586728444088,0.0261496374945539,0.0519862922305295,0.077079221038898,0.1243960064136564,0.2376765387756206,0.4585845250262332,transformer_div97_f0.5_wd1.0_softmax_ce_s4,div,8000
196,0.0545800200948323,0.1228858009422822,0.1244047035194295,0.0269082397004789,0.0523844038876209,0.0764599758438437,0.1228858009422822,0.2363069039202407,0.4506576448573452,0.0261459569293231,0.0519730029755998,0.0770830922773101,0.1244047035194295,0.2376881723984205,0.4585968567798823,transformer_div97_f0.5_wd1.0_softmax_ce_s4,div,8000
211,0.0546531286785056,0.1228903516657931,0.1244111383670297,0.0269048079919164,0.0523928986650218,0.0764698157778489,0.1228903516657931,0.2363451506626695,0.4506655316633083,0.0261350980435713,0.0519483291398484,0.0770761847941643,0.1244111383670297,0.2376970533787465,0.4585792959402389,transformer_div97_f0.5_wd1.0_softmax_ce_s4,div,8000
227,0.0546891802970633,0.1229010657836521,0.124427452076564,0.026896932202763,0.0523978500130362,0.0764747191672292,0.1229010657836521,0.2363589018956579,0.4506839079826427,0.0261281588352449,0.0519366127459607,0.0770815074349998,0.124427452076564,0.2377188381212402,0.4585877064074883,transformer_div97_f0.5_wd1.0_softmax_ce_s4,div,8000
245,0.054813741231377,0.1229420535355677,0.1244418842788242,0.0268896446523979,0.0524087323268693,0.0764849584161506,0.1229420535355677,0.2363992491141247,0.4507340327373896,0.0261191871660251,0.0519248383842617,0.0770883998694425,0.1244418842788242,0.237743038241559,0.4586113741236138,transformer_div97_f0.5_wd1.0_softmax_ce_s4,div,8000
264,0.0548301706314584,0.1229883647641962,0.1244429712514699,0.0268874431908599,0.0524328777835345,0.0765040278541056,0.1229883647641962,0.2364569031314965,0.4507886347196391,0.026101816584869,0.051901908237023,0.0770762742759083,0.1244429712514699,0.2377504889904842,0.458631422565584,transformer_div97_f0.5_wd1.0_softmax_ce_s4,div,8000
284,0.054872446838771,0.1230302021038789,0.1244344353234608,0.0268872893527049,0.0524582326132288,0.0765198287547811,0.1230302021038789,0.2365092041467362,0.4508350123962046,0.0260826382874587,0.0518800699273351,0.0770627334204902,0.1244344353234608,0.2377445468978191,0.4586572460085807,transformer_div97_f0.5_wd1.0_softmax_ce_s4,div,8000
306,0.0547230125624421,0.1230633944717565,0.1244204798955675,0.0268763060283678,0.0524637413325728,0.0765260114291689,0.1230633944717565,0.236550635862764,0.4508870120873635,0.0260578139105738,0.0518535956611174,0.0770431726505656,0.1244204798955675,0.2377498392757981,0.4586997782105055,transformer_div97_f0.5_wd1.0_softmax_ce_s4,div,8000
330,0.0546704120325094,0.1230910447757527,0.1244183490419873,0.026868753897944,0.0524715981875056,0.0765298331835755,0.1230910447757527,0.2365859624839106,0.4509406075971522,0.0260431304535743,0.0518404108518494,0.0770324859192165,0.1244183490419873,0.2377595047949589,0.4587455456912853,transformer_div97_f0.5_wd1.0_softmax_ce_s4,div,8000
355,0.0547207927792408,0.123143114682896,0.1244091924969214,0.0268711619335059,0.0524923868082048,0.0765534065760093,0.123143114682896,0.2366298687408566,0.4509688946627539,0.0260223027929283,0.0518256408029662,0.0770292312238239,0.1244091924969214,0.2377508626314641,0.4587514966215193,transformer_div97_f0.5_wd1.0_softmax_ce_s4,div,8000
383,0.054663017614223,0.123182279912616,0.1243878684817287,0.0268754631057355,0.0525128448854863,0.0765793488738792,0.123182279912616,0.2366565310326075,0.4509870446950788,0.0260042514788726,0.0518084164636555,0.077017326601468,0.1243878684817287,0.2377432555692308,0.4587584743920466,transformer_div97_f0.5_wd1.0_softmax_ce_s4,div,8000
412,0.0547256948996084,0.123195825957897,0.1243782145856342,0.026872396208922,0.0525169242824466,0.0765822624782598,0.123195825957897,0.2366698791126285,0.4510025982821066,0.0259908592584117,0.0517925094125779,0.0770063743377512,0.1243782145856342,0.2377454926909547,0.4587647764354158,transformer_div97_f0.5_wd1.0_softmax_ce_s4,div,8000
444,0.0548236947633373,0.12323904815846,0.124378537002712,0.0268882254018359,0.0525453768196646,0.0766182244967712,0.12323904815846,0.236716807233479,0.4510354183827291,0.0259852809209866,0.0517815389443978,0.0770047335477266,0.124378537002712,0.2377642114787329,0.4587837898329759,transformer_div97_f0.5_wd1.0_softmax_ce_s4,div,8000
478,0.054432677869992,0.1232567071445428,0.1243637074691804,0.0268975212613308,0.0525668881449521,0.0766331267725187,0.1232567071445428,0.2367443531273887,0.4510737404783801,0.0259714964366458,0.0517672039182493,0.0769917213770257,0.1243637074691804,0.237767977852525,0.4588182711631171,transformer_div97_f0.5_wd1.0_softmax_ce_s4,div,8000
515,0.0551143645300924,0.1231984096375835,0.1242829249011109,0.0269077501480545,0.0525525691846349,0.0766001374181074,0.1231984096375835,0.2367300941336591,0.4510622793155991,0.0259721071155728,0.0517803679953323,0.0769483125341304,0.1242829249011109,0.2377536022155378,0.4586910208244216,transformer_div97_f0.5_wd1.0_softmax_ce_s4,div,8000
555,0.0548397519830375,0.1231890652877724,0.1242601055163351,0.0269008302329975,0.052541530119666,0.0765858284610355,0.1231890652877724,0.2367462281873753,0.4510528575282487,0.0259687168955495,0.0517676654211697,0.07693623792587,0.1242601055163351,0.2377362103527666,0.4587234308355161,transformer_div97_f0.5_wd1.0_softmax_ce_s4,div,8000
598,0.0547252200935044,0.1231959146499986,0.12426202295522,0.026894672877297,0.0525371995882699,0.0765830366198846,0.1231959146499986,0.2367374955273204,0.4510257395089313,0.0259585872963171,0.0517612604347654,0.0769327897606619,0.12426202295522,0.2377273783306594,0.4587321446879427,transformer_div97_f0.5_wd1.0_softmax_ce_s4,div,8000
644,0.0544265095993885,0.1231885896039576,0.1242681033216695,0.026888292499406,0.0525320722813318,0.0765677381009105,0.1231885896039576,0.23672639802964,0.4510195989276644,0.02594684062817,0.0517553638406547,0.0769328612406102,0.1242681033216695,0.2377212087172636,0.4587277883469725,transformer_div97_f0.5_wd1.0_softmax_ce_s4,div,8000
694,0.0538952077498193,0.1231872301429183,0.1242467622739235,0.0268918749376679,0.0525410817977337,0.0765529948845332,0.1231872301429183,0.2367319847988232,0.451021282083583,0.0259367746622576,0.0517585025076635,0.0769246570126602,0.1242467622739235,0.237713615805035,0.4586514327250964,transformer_div97_f0.5_wd1.0_softmax_ce_s4,div,8000
747,0.0542583154587698,0.1231403019752874,0.1241414825158675,0.0268883875338395,0.0525121779821659,0.0765335826410678,0.1231403019752874,0.2367385295438923,0.4509785765199421,0.0259264177671342,0.0517538251790111,0.0768764768550268,0.1241414825158675,0.2377032183371457,0.4587734666787157,transformer_div97_f0.5_wd1.0_softmax_ce_s4,div,8000
805,0.0537811401010281,0.1231421882426325,0.1241288051694788,0.0268880684232333,0.052520072477002,0.0765414512872757,0.1231421882426325,0.2367290877310105,0.4509773038542503,0.0259080146780789,0.0517294562174501,0.0768626613610024,0.1241288051694788,0.2376729808319353,0.4587101117416564,transformer_div97_f0.5_wd1.0_softmax_ce_s4,div,8000
867,0.0524920434414818,0.1231654583868742,0.1240843509810377,0.026893196159661,0.0525298687521214,0.0765444214384295,0.1231654583868742,0.2367061586124881,0.4509997206507312,0.0258895270156323,0.0517223705515637,0.0768463790564178,0.1240843509810377,0.2376353563943637,0.458999865224335,transformer_div97_f0.5_wd1.0_softmax_ce_s4,div,8000
934,0.0513463424827313,0.1230861192757291,0.1239949805881317,0.0268549104672139,0.0524438193845586,0.0764673790908488,0.1230861192757291,0.2365390878902634,0.4507707139106048,0.0258591621252682,0.0516958815549824,0.0767444172144818,0.1239949805881317,0.2380057944907255,0.4594846181056456,transformer_div97_f0.5_wd1.0_softmax_ce_s4,div,8000
1006,0.0499210988267313,0.1231230453468182,0.1239456385308466,0.0268564856049705,0.0524637268037735,0.0764580769756724,0.1231230453468182,0.2365681475137828,0.4507933255872993,0.0258472455365457,0.0516797451064475,0.0767352889594416,0.1239456385308466,0.2378539439298726,0.4593582011434329,transformer_div97_f0.5_wd1.0_softmax_ce_s4,div,8000
1083,0.0484251502845913,0.1230002934169396,0.1249627989192106,0.026869647804978,0.0524296693838511,0.0763351011365656,0.1230002934169396,0.2363976333379793,0.450598981816334,0.0258857199040937,0.0517257347549743,0.0766503796275774,0.1249627989192106,0.2392247829121328,0.4604512415038708,transformer_div97_f0.5_wd1.0_softmax_ce_s4,div,8000
1167,0.0478407968894788,0.1230737515203449,0.1247302259885119,0.0268727860978523,0.0524473617672994,0.0763406641042948,0.1230737515203449,0.2364681874793264,0.4506388616353343,0.0258965153003201,0.0516975297165246,0.0766157015433538,0.1247302259885119,0.2389196526280104,0.4602534018599057,transformer_div97_f0.5_wd1.0_softmax_ce_s4,div,8000
1257,0.0476852202573406,0.1231014813094589,0.1255539397526722,0.0268397781431886,0.0524013269920768,0.0762873742426518,0.1231014813094589,0.2364275570326112,0.4505113060506363,0.0259379483857516,0.0517096659985354,0.0766322224409769,0.1255539397526722,0.2398931722650437,0.4610910115226654,transformer_div97_f0.5_wd1.0_softmax_ce_s4,div,8000
1354,0.0462594937409851,0.1232176393769923,0.1275311600817401,0.0268362396335232,0.0524115292150189,0.0762779123114229,0.1232176393769923,0.236362560577942,0.4502649076067266,0.0270609171791576,0.0530198141451006,0.0787994689281708,0.1275311600817401,0.242008810905569,0.462671416782261,transformer_div97_f0.5_wd1.0_softmax_ce_s4,div,8000
1459,0.0454932709872046,0.1231734136238291,0.1263713704650171,0.0268115628708278,0.0523543536186953,0.0761924163561879,0.1231734136238291,0.2363687578019698,0.4501338806388096,0.0259711320452906,0.0518769601132582,0.0776006292755618,0.1263713704650171,0.2410172276023466,0.4620037671713749,transformer_div97_f0.5_wd1.0_softmax_ce_s4,div,8000
1571,0.0520342395532403,0.1230375600141105,0.1284254442498463,0.0267199771351179,0.0521653821367678,0.0760188691853631,0.1230375600141105,0.2360147612686775,0.4495300165070308,0.0279664520527122,0.054060134155843,0.0798625261929554,0.1284254442498463,0.243926003880853,0.4642765468396733,transformer_div97_f0.5_wd1.0_softmax_ce_s4,div,8000
1692,0.0537391989399131,0.1226472920921157,0.1304680599883187,0.0265708950743383,0.0518612366857452,0.0757790690851413,0.1226472920921157,0.2355300578279089,0.4486909555452157,0.029625385352635,0.0559501516354563,0.0818505174108967,0.1304680599883187,0.2471568906173926,0.4668299969916531,transformer_div97_f0.5_wd1.0_softmax_ce_s4,div,8000
1823,0.0496334445045876,0.1223344701727618,0.135194474874104,0.0264202309782727,0.0515894315201815,0.075659253123061,0.1223344701727618,0.2347958996267574,0.4473538442557135,0.0324601416529251,0.0592278252855571,0.0853330288873065,0.135194474874104,0.2525210373303447,0.4706655091513597,transformer_div97_f0.5_wd1.0_softmax_ce_s4,div,8000
1964,0.051714137357529,0.1222101835160972,0.1384945795669931,0.026296876044957,0.0513920300679112,0.0757024640531968,0.1222101835160972,0.2342665572086414,0.4466791276445754,0.0342268471566758,0.0612671864800934,0.0874959054344994,0.1384945795669931,0.2559713943568052,0.4731816215998796,transformer_div97_f0.5_wd1.0_softmax_ce_s4,div,8000
2115,0.0499677045197715,0.1222782539375671,0.1417632993563089,0.0261249357128076,0.0511560644235304,0.0756435550439713,0.1222782539375671,0.2339613880956087,0.4463249482563041,0.0356986288345138,0.0630939494225825,0.0896351142940465,0.1417632993563089,0.2597292555448715,0.4767062265651515,transformer_div97_f0.5_wd1.0_softmax_ce_s4,div,8000
2278,0.0514844409846048,0.1221382072075841,0.1490705623262143,0.0258397735474803,0.0508199089493097,0.0755964894365211,0.1221382072075841,0.2335395049688219,0.4457691565602692,0.0383658283303548,0.0666924495187295,0.0947901801601734,0.1490705623262143,0.2684799452445223,0.4853458870970076,transformer_div97_f0.5_wd1.0_softmax_ce_s4,div,8000
2454,0.0564767846544651,0.1220542812531979,0.1507171016457666,0.0256389076345496,0.0506736144927645,0.0756315477379931,0.1220542812531979,0.233113628360005,0.4453372878821071,0.0389885069657049,0.06761130475413,0.0961720874383902,0.1507171016457666,0.2711521283093742,0.4884757973868698,transformer_div97_f0.5_wd1.0_softmax_ce_s4,div,8000
2644,0.058314966756368,0.1222853026812917,0.1552709880596973,0.0254310744625319,0.0508055488303291,0.0756624286985686,0.1222853026812917,0.2329656293330812,0.4453454933097442,0.0410574266689233,0.0707747477900229,0.0998147719634135,0.1552709880596973,0.277021831626012,0.4943750059564687,transformer_div97_f0.5_wd1.0_softmax_ce_s4,div,8000
2848,0.0569656142872112,0.1220422085006406,0.1694677188597695,0.0258912418247598,0.0506088609632444,0.0752706594824598,0.1220422085006406,0.2320772757264102,0.4452045647642874,0.046749063456697,0.0791461168115266,0.1100348845924286,0.1694677188597695,0.2953745656267632,0.5107312750443767,transformer_div97_f0.5_wd1.0_softmax_ce_s4,div,8000
3067,0.0608830189711854,0.1224495158477135,0.1764758657308769,0.0263168873998499,0.0508118083757555,0.0752026405864898,0.1224495158477135,0.2320561282990151,0.4456540039279726,0.0484104658698704,0.0827731239473162,0.1147405332794576,0.1764758657308769,0.3062297498943637,0.5208108160264144,transformer_div97_f0.5_wd1.0_softmax_ce_s4,div,8000
3304,0.0592807751843975,0.1237015031504725,0.1841603123851496,0.0273606583451501,0.0519757307018789,0.0763041555443293,0.1237015031504725,0.2334461835131527,0.4475507494498958,0.0519069254602048,0.0878368070652409,0.1207319511295054,0.1841603123851496,0.3168745132123029,0.5312072672718618,transformer_div97_f0.5_wd1.0_softmax_ce_s4,div,8000
3559,0.0575825147492504,0.1238604642992148,0.1916214896680045,0.0277288160416005,0.0525305137679287,0.0765526024754344,0.1238604642992148,0.2341851988184119,0.4488185465902657,0.0540999286880261,0.0917703087559448,0.1260323540577019,0.1916214896680045,0.3261792484432663,0.5408882119609665,transformer_div97_f0.5_wd1.0_softmax_ce_s4,div,8000
3834,0.0531522804857673,0.1204341284819814,0.214009862605319,0.0271193138685692,0.0508654206145676,0.0744644623378709,0.1204341284819814,0.2314954053355038,0.4464931991330788,0.0533412799874679,0.0983536073391379,0.1378838051537998,0.214009862605319,0.3603622027906469,0.5734838856897779,transformer_div97_f0.5_wd1.0_softmax_ce_s4,div,8000
4130,0.0584630577078211,0.1259075626191943,0.2136325600187728,0.0299401648514648,0.0556804904746921,0.07954910946806,0.1259075626191943,0.2388835802570051,0.4546361065582834,0.0625871275295269,0.1047147835378898,0.1420754430494698,0.2136325600187728,0.3569713594084538,0.5701286121905166,transformer_div97_f0.5_wd1.0_softmax_ce_s4,div,8000
4448,0.0443131951674314,0.1233850987044418,0.2169191362498273,0.0289315157777712,0.0536248627429097,0.0773286205435892,0.1233850987044418,0.2355305561046083,0.4534880831494576,0.0645623616856051,0.1061469237864844,0.1434530105284558,0.2169191362498273,0.362069097703979,0.5733922166593497,transformer_div97_f0.5_wd1.0_softmax_ce_s4,div,8000
4791,0.0395629643626717,0.1251984854020185,0.2377167426079476,0.030212739365149,0.0553326697737666,0.0791988703321812,0.1251984854020185,0.2361418554097308,0.4506579452482407,0.063605003520577,0.11125517997214,0.1545783615162252,0.2377167426079476,0.4063744402462999,0.6146315250641261,transformer_div97_f0.5_wd1.0_softmax_ce_s4,div,8000
5161,0.0594750225474065,0.1246897973473109,0.2416026213719701,0.0308242050205574,0.0548775461798751,0.0785080414925039,0.1246897973473109,0.2367612068586186,0.4527410728199227,0.0717502613658013,0.1183499156309674,0.1614400457887737,0.2416026213719701,0.4125061566072835,0.6192814883427045,transformer_div97_f0.5_wd1.0_softmax_ce_s4,div,8000
5560,0.0399786910774624,0.1219127138937768,0.2333858130394598,0.0285042878588935,0.0523638189604491,0.0760218220613098,0.1219127138937768,0.2323513166684119,0.4467676269400232,0.0697339216237201,0.1136623087637836,0.1542915754998509,0.2333858130394598,0.4001689188323024,0.6059982201949095,transformer_div97_f0.5_wd1.0_softmax_ce_s4,div,8000
5989,0.0413298298689887,0.13078735675095,0.2466103294396477,0.033243842755399,0.0583347225827667,0.0832294683070993,0.13078735675095,0.2432799068383806,0.4566858145382671,0.0659635014824488,0.1139659654627033,0.1597002209918744,0.2466103294396477,0.427222305726894,0.6371452420213934,transformer_div97_f0.5_wd1.0_softmax_ce_s4,div,8000
6451,0.0297038067689612,0.1210953080342863,0.2345387401205755,0.0286097184042429,0.0521964578923292,0.0757771474413302,0.1210953080342863,0.2309396447558574,0.4454804743973939,0.0615516697716726,0.107373916616173,0.151672506785586,0.2345387401205755,0.4115142737072522,0.619296116641108,transformer_div97_f0.5_wd1.0_softmax_ce_s4,div,8000
6949,0.0368665226002758,0.120456210326249,0.2932820318032004,0.0265962582189096,0.0504999372308044,0.0739511862761568,0.120456210326249,0.2324480353979265,0.4461701524782763,0.0639994647278484,0.1236861862958233,0.1814652737206162,0.2932820318032004,0.5322320865839536,0.7328776021562976,transformer_div97_f0.5_wd1.0_softmax_ce_s4,div,8000
7485,0.0478381743982938,0.1203446890533484,0.2637090733653792,0.0270192177894469,0.0506139492864268,0.0739946189878517,0.1203446890533484,0.2306506288779344,0.4459599896073855,0.0586981352943183,0.1123943695632659,0.1660766909693232,0.2637090733653792,0.4767678217683616,0.6899199889267384,transformer_div97_f0.5_wd1.0_softmax_ce_s4,div,8000
8062,0.0465324389925712,0.1253332668186634,0.3129012909678581,0.0285402803213275,0.0556089711206792,0.079572232416772,0.1253332668186634,0.235733129734482,0.4477457336950269,0.0688840034487774,0.1321873711636987,0.1935668427646047,0.3129012909678581,0.5548633827371224,0.7619915250583122,transformer_div97_f0.5_wd1.0_softmax_ce_s4,div,8000
8685,0.0383262322748398,0.1162668864028464,0.3069234601037429,0.0235858953900461,0.0470226679013639,0.0702054646634802,0.1162668864028464,0.2260140172170606,0.4392708963801413,0.0628571028819301,0.1248646899071821,0.1865273780897886,0.3069234601037429,0.5720129917152018,0.8056029657178001,transformer_div97_f0.5_wd1.0_softmax_ce_s4,div,8000
9355,0.0415561027809968,0.1165154484105118,0.4815940575777123,0.0238370114163005,0.0475651691727368,0.07107881428706,0.1165154484105118,0.2271994614843304,0.4418505761853661,0.2037975166732795,0.2766453484757336,0.3473366727372485,0.4815940575777123,0.7641849099575101,0.9340109930217226,transformer_div97_f0.5_wd1.0_softmax_ce_s4,div,8000
10077,0.0379159561637985,0.1108846389207163,0.3995510168925176,0.0225279311894492,0.0448839865778189,0.0670610023265759,0.1108846389207163,0.21869035274281,0.4305784427816204,0.0858578773073644,0.1685626767358114,0.2499608550286781,0.3995510168925176,0.7488714183360196,0.982402360356729,transformer_div97_f0.5_wd1.0_softmax_ce_s4,div,8000
10854,0.0289131218021975,0.1144561067020174,0.5333747085745191,0.023382073571495,0.0465204839323569,0.0694077471610132,0.1144561067020174,0.2246469274852925,0.4380160420279052,0.1459631973074102,0.24876284125016,0.3491782293183858,0.5333747085745191,0.8662507810263028,0.9853297546888942,transformer_div97_f0.5_wd1.0_softmax_ce_s4,div,8000
11692,0.0502492794957872,0.1089075221315136,0.4454456705508305,0.0222871993754878,0.044216552669379,0.065894498299626,0.1089075221315136,0.2159381629914133,0.4269996881981182,0.0959341517352415,0.1902938368946405,0.2763790483255887,0.4454456705508305,0.8230737171825423,0.995661825667016,transformer_div97_f0.5_wd1.0_softmax_ce_s4,div,8000
12594,0.0486780887585243,0.1110731602723084,0.4858036164330488,0.0226386182455977,0.0451053475811139,0.0671426909249241,0.1110731602723084,0.2197362356160078,0.4345404030890423,0.1194572940930625,0.2199204071526985,0.3139683162455083,0.4858036164330488,0.8786830627880325,0.99511929993262,transformer_div97_f0.5_wd1.0_softmax_ce_s4,div,8000
13566,0.0849536621144844,0.1091168617994866,0.5278647866108299,0.0220466057322028,0.0440653263058792,0.0657951135634689,0.1091168617994866,0.2166488655292398,0.4280365349150816,0.1344442016145817,0.2485503552916203,0.3614796815727307,0.5278647866108299,0.9011365812069184,0.9917152682401558,transformer_div97_f0.5_wd1.0_softmax_ce_s4,div,8000
14613,0.095644728752215,0.1082993067145074,0.5697931026552511,0.0217624241137974,0.0435038233544477,0.0652426602409429,0.1082993067145074,0.2154435223356032,0.4269118661385074,0.1595211718718877,0.2825184988848001,0.4042584961547264,0.5697931026552511,0.9459780944857183,0.993789743565427,transformer_div97_f0.5_wd1.0_softmax_ce_s4,div,8000
15741,0.042940193186623,0.1092638681744237,0.5986658567181297,0.0221577776184627,0.0441206380526703,0.0659283395968253,0.1092638681744237,0.2169363179807517,0.4297645773268939,0.1524101883511796,0.284182276430155,0.4123635679978025,0.5986658567181297,0.9496251282893096,0.9929266678701852,transformer_div97_f0.5_wd1.0_softmax_ce_s4,div,8000
16955,0.0379058879907723,0.1116951659434613,0.6061205272721715,0.0228726544195936,0.0453309473338754,0.0675186984083112,0.1116951659434613,0.2202378109985705,0.4316025431659275,0.1580738989689555,0.2918026603912849,0.414904038798323,0.6061205272721715,0.9646269745877788,0.9950326037686198,transformer_div97_f0.5_wd1.0_softmax_ce_s4,div,8000
18264,0.0695252582683086,0.1098258526375564,0.5890182916661383,0.0226543626478887,0.0445720139260111,0.0664304812281247,0.1098258526375564,0.2173483272985109,0.4291673323042945,0.1448861213361595,0.2857990025505906,0.4089541502881274,0.5890182916661383,0.9723647020371806,0.99556685117837,transformer_div97_f0.5_wd1.0_softmax_ce_s4,div,8000
19673,0.0604391062915336,0.1111008365810256,0.586753394135956,0.0225330732764026,0.0449035042151504,0.0670601586390084,0.1111008365810256,0.2192810298247874,0.4312542806558115,0.1476299646346444,0.2713536501813322,0.3820671813673922,0.586753394135956,0.959671038724101,0.9928854392976773,transformer_div97_f0.5_wd1.0_softmax_ce_s4,div,8000
21192,0.0799199341399777,0.1117022668164744,0.5927719364265672,0.0229053505087678,0.0454396721493681,0.0676494817710945,0.1117022668164744,0.2197787888639336,0.4319494904337042,0.1426626245416773,0.276252060763464,0.4025795825851074,0.5927719364265672,0.9668263017599876,0.9960428311975766,transformer_div97_f0.5_wd1.0_softmax_ce_s4,div,8000
22827,0.0385948530909028,0.1124052170008835,0.614918749239069,0.0232525029421764,0.0458834678185132,0.0682205196128198,0.1124052170008835,0.2202655598174054,0.430829034022347,0.1500380042257192,0.2833143099785826,0.4127834046581295,0.614918749239069,0.9677278067288904,0.9950878975973104,transformer_div97_f0.5_wd1.0_softmax_ce_s4,div,8000
24589,0.0481431218335871,0.1168353454682298,0.5738394203484969,0.0239797277264392,0.0475766352478253,0.0708732094856309,0.1168353454682298,0.229079452026215,0.4443148004316499,0.1556912238134052,0.2879134429440113,0.3857908993320443,0.5738394203484969,0.9363654178891954,0.9593175783843786,transformer_div97_f0.5_wd1.0_softmax_ce_s4,div,8000
26486,0.0901815298811733,0.1094471052380611,0.6077493426257258,0.0226158961049199,0.0447597169387312,0.0664113090778331,0.1094471052380611,0.2164467044955986,0.4271260407691766,0.141573927374826,0.2778635265532032,0.4039275458980963,0.6077493426257258,0.9940838114855356,0.9963546524239508,transformer_div97_f0.5_wd1.0_softmax_ce_s4,div,8000
28530,0.0604548754118266,0.1101127530223494,0.6133735100385155,0.0223533825331901,0.04438442126974,0.0663342690993975,0.1101127530223494,0.2183176434075615,0.4297507560045936,0.1427773901840577,0.2752356836779508,0.3999789094116746,0.6133735100385155,0.9935145429393152,0.9958618824328106,transformer_div97_f0.5_wd1.0_softmax_ce_s4,div,8000
30732,0.0820727381342278,0.1163844271353793,0.5556486083003302,0.0238998044931515,0.0473133258586295,0.0704549229835553,0.1163844271353793,0.2284266275891412,0.4438339428234525,0.1339430649740425,0.2476120239636721,0.3573722375101893,0.5556486083003302,0.8994938503791191,0.9363612661147792,transformer_div97_f0.5_wd1.0_softmax_ce_s4,div,8000
33103,0.0788881895808353,0.1162204785118055,0.5603145848350746,0.0238978120326415,0.0474977349366133,0.0707511506111254,0.1162204785118055,0.2263472142313985,0.4407203039550283,0.1517178171184706,0.2667146886103254,0.375658119944799,0.5603145848350746,0.950326314447531,0.9701475384215288,transformer_div97_f0.5_wd1.0_softmax_ce_s4,div,8000
35658,0.0652109832218394,0.1090492895978875,0.621074182816905,0.021941996611633,0.0438636346926828,0.0656995164708602,0.1090492895978875,0.2166660159286971,0.4285962788088471,0.1466170537515944,0.2773817947311405,0.4041766048811904,0.621074182816905,0.995569717401584,0.9971833638691536,transformer_div97_f0.5_wd1.0_softmax_ce_s4,div,8000
38410,0.0319503145005442,0.1137678913436633,0.5571412987831005,0.0236920576677555,0.0465870794163341,0.0691942671253016,0.1137678913436633,0.2228527587959984,0.4359714406406135,0.1364672154999821,0.2547152997216495,0.3670719970305813,0.5571412987831005,0.9495517230837952,0.9679491960690888,transformer_div97_f0.5_wd1.0_softmax_ce_s4,div,8000
41374,0.079240239275488,0.1166419167469557,0.5619807151173591,0.0240966844733496,0.0476375004372323,0.0709037601925811,0.1166419167469557,0.2293915497122176,0.4449359007484301,0.1228328509616091,0.239379746656994,0.3514809117820175,0.5619807151173591,0.9420888759409656,0.9631475366082308,transformer_div97_f0.5_wd1.0_softmax_ce_s4,div,8000
44567,0.0321684705480025,0.1105404153431954,0.6034108067775943,0.0222983097249398,0.0444692654111281,0.066555045083039,0.1105404153431954,0.2193544294770114,0.4309086416879089,0.1472789051779705,0.281772287179326,0.3995102272826037,0.6034108067775943,0.9832749245393548,0.9896218677298873,transformer_div97_f0.5_wd1.0_softmax_ce_s4,div,8000
48006,0.1150110169938236,0.1112949757630615,0.6235964363346141,0.022806842693334,0.0453146686878725,0.0674839749936263,0.1112949757630615,0.2200289423817144,0.4324738456458858,0.1555154452809469,0.2846785761647148,0.3980922482232831,0.6235964363346141,0.9757421213560654,0.9854839811611706,transformer_div97_f0.5_wd1.0_softmax_ce_s4,div,8000
51711,0.1451028685280933,0.1093678892918067,0.6606937672120865,0.0220480802872463,0.0439754844516199,0.0658050127999788,0.1093678892918067,0.2167487412277974,0.4280293205737497,0.145557375281299,0.2846668028917126,0.4226264573092604,0.6606937672120865,0.9854285758684912,0.9923406987698185,transformer_div97_f0.5_wd1.0_softmax_ce_s4,div,8000
55701,0.1711335256349965,0.1129661681302604,0.6517057593746723,0.0231248105389262,0.0458967136862236,0.0683556706345423,0.1129661681302604,0.2228710527486594,0.437598937328245,0.1414520904274548,0.2800694223258402,0.4176949091506857,0.6517057593746723,0.9574984225993596,0.9745673005199872,transformer_div97_f0.5_wd1.0_softmax_ce_s4,div,8000
60000,0.1151581463584468,0.1145975941525631,0.6697044476561529,0.0237612125624276,0.0467362031946753,0.0696878467078096,0.1145975941525631,0.2253708712591254,0.4405884111878846,0.1639519698462801,0.299406526390668,0.431502960238926,0.6697044476561529,0.9538071359560064,0.9698309393981,transformer_div97_f0.5_wd1.0_softmax_ce_s4,div,8000
