step,train_acc,test_acc,panel,run,seed,t_g
0,0.00708466162905097,0.008654722012579441,canonical transformer,transformer_add97_f0.3_wd1.0_softmax_ce_s0,0,27600
100,0.9316329956054688,0.2613118588924408,canonical transformer,transformer_add97_f0.3_wd1.0_softmax_ce_s0,0,27600
200,0.9982288479804993,0.2922866642475128,canonical transformer,transformer_add97_f0.3_wd1.0_softmax_ce_s0,0,27600
300,0.9992915391921997,0.29259034991264343,canonical transformer,transformer_add97_f0.3_wd1.0_softmax_ce_s0,0,27600
400,1.0,0.2948679029941559,canonical transformer,transformer_add97_f0.3_wd1.0_softmax_ce_s0,0,27600
500,1.0,0.2948679029941559,canonical transformer,transformer_add97_f0.3_wd1.0_softmax_ce_s0,0,27600
600,1.0,0.29562708735466003,canonical transformer,transformer_add97_f0.3_wd1.0_softmax_ce_s0,0,27600
700,1.0,0.2954752445220947,canonical transformer,transformer_add97_f0.3_wd1.0_softmax_ce_s0,0,27600
800,1.0,0.29608258605003357,canonical transformer,transformer_add97_f0.3_wd1.0_softmax_ce_s0,0,27600
900,1.0,0.2977527976036072,canonical transformer,transformer_add97_f0.3_wd1.0_softmax_ce_s0,0,27600
1000,1.0,0.29729729890823364,canonical transformer,transformer_add97_f0.3_wd1.0_softmax_ce_s0,0,27600
1100,0.10591568797826767,0.027938051149249077,canonical transformer,transformer_add97_f0.3_wd1.0_softmax_ce_s0,0,27600
1200,1.0,0.29729729890823364,canonical transformer,transformer_add97_f0.3_wd1.0_softmax_ce_s0,0,27600
1300,0.9992915391921997,0.296993613243103,canonical transformer,transformer_add97_f0.3_wd1.0_softmax_ce_s0,0,27600
1400,1.0,0.2977527976036072,canonical transformer,transformer_add97_f0.3_wd1.0_softmax_ce_s0,0,27600
1500,0.03613177314400673,0.013361676596105099,canonical transformer,transformer_add97_f0.3_wd1.0_softmax_ce_s0,0,27600
1600,1.0,0.2980564832687378,canonical transformer,transformer_add97_f0.3_wd1.0_softmax_ce_s0,0,27600
1700,0.9380092024803162,0.2648041248321533,canonical transformer,transformer_add97_f0.3_wd1.0_softmax_ce_s0,0,27600
1800,1.0,0.29911935329437256,canonical transformer,transformer_add97_f0.3_wd1.0_softmax_ce_s0,0,27600
1900,1.0,0.2997266948223114,canonical transformer,transformer_add97_f0.3_wd1.0_softmax_ce_s0,0,27600
2000,1.0,0.2982083261013031,canonical transformer,transformer_add97_f0.3_wd1.0_softmax_ce_s0,0,27600
2100,1.0,0.29911935329437256,canonical transformer,transformer_add97_f0.3_wd1.0_softmax_ce_s0,0,27600
2200,1.0,0.29911935329437256,canonical transformer,transformer_add97_f0.3_wd1.0_softmax_ce_s0,0,27600
2300,1.0,0.29896751046180725,canonical transformer,transformer_add97_f0.3_wd1.0_softmax_ce_s0,0,27600
2400,1.0,0.29896751046180725,canonical transformer,transformer_add97_f0.3_wd1.0_softmax_ce_s0,0,27600
2500,1.0,0.29911935329437256,canonical transformer,transformer_add97_f0.3_wd1.0_softmax_ce_s0,0,27600
2600,1.0,0.300030380487442,canonical transformer,transformer_add97_f0.3_wd1.0_softmax_ce_s0,0,27600
2700,1.0,0.2998785376548767,canonical transformer,transformer_add97_f0.3_wd1.0_softmax_ce_s0,0,27600
2800,1.0,0.30033403635025024,canonical transformer,transformer_add97_f0.3_wd1.0_softmax_ce_s0,0,27600
2900,1.0,0.2994230091571808,canonical transformer,transformer_add97_f0.3_wd1.0_softmax_ce_s0,0,27600
3000,1.0,0.30018219351768494,canonical transformer,transformer_add97_f0.3_wd1.0_softmax_ce_s0,0,27600
3100,1.0,0.30033403635025024,canonical transformer,transformer_add97_f0.3_wd1.0_softmax_ce_s0,0,27600
3200,1.0,0.30048587918281555,canonical transformer,transformer_add97_f0.3_wd1.0_softmax_ce_s0,0,27600
3300,1.0,0.30048587918281555,canonical transformer,transformer_add97_f0.3_wd1.0_softmax_ce_s0,0,27600
3400,1.0,0.30018219351768494,canonical transformer,transformer_add97_f0.3_wd1.0_softmax_ce_s0,0,27600
3500,1.0,0.2995748519897461,canonical transformer,transformer_add97_f0.3_wd1.0_softmax_ce_s0,0,27600
3600,1.0,0.2995748519897461,canonical transformer,transformer_add97_f0.3_wd1.0_softmax_ce_s0,0,27600
3700,1.0,0.2997266948223114,canonical transformer,transformer_add97_f0.3_wd1.0_softmax_ce_s0,0,27600
3800,1.0,0.2994230091571808,canonical transformer,transformer_add97_f0.3_wd1.0_softmax_ce_s0,0,27600
3900,1.0,0.2995748519897461,canonical transformer,transformer_add97_f0.3_wd1.0_softmax_ce_s0,0,27600
4000,1.0,0.300030380487442,canonical transformer,transformer_add97_f0.3_wd1.0_softmax_ce_s0,0,27600
4100,1.0,0.30078956484794617,canonical transformer,transformer_add97_f0.3_wd1.0_softmax_ce_s0,0,27600
4200,1.0,0.2995748519897461,canonical transformer,transformer_add97_f0.3_wd1.0_softmax_ce_s0,0,27600
4300,1.0,0.2994230091571808,canonical transformer,transformer_add97_f0.3_wd1.0_softmax_ce_s0,0,27600
4400,1.0,0.2995748519897461,canonical transformer,transformer_add97_f0.3_wd1.0_softmax_ce_s0,0,27600
4500,1.0,0.29911935329437256,canonical transformer,transformer_add97_f0.3_wd1.0_softmax_ce_s0,0,27600
4600,1.0,0.2994230091571808,canonical transformer,transformer_add97_f0.3_wd1.0_softmax_ce_s0,0,27600
4700,1.0,0.2998785376548767,canonical transformer,transformer_add97_f0.3_wd1.0_softmax_ce_s0,0,27600
4800,1.0,0.300030380487442,canonical transformer,transformer_add97_f0.3_wd1.0_softmax_ce_s0,0,27600
4900,1.0,0.30048587918281555,canonical transformer,transformer_add97_f0.3_wd1.0_softmax_ce_s0,0,27600
5000,1.0,0.30033403635025024,canonical transformer,transformer_add97_f0.3_wd1.0_softmax_ce_s0,0,27600
5100,1.0,0.300030380487442,canonical transformer,transformer_add97_f0.3_wd1.0_softmax_ce_s0,0,27600
5200,1.0,0.30033403635025024,canonical transformer,transformer_add97_f0.3_wd1.0_softmax_ce_s0,0,27600
5300,1.0,0.300030380487442,canonical transformer,transformer_add97_f0.3_wd1.0_softmax_ce_s0,0,27600
5400,1.0,0.30048587918281555,canonical transformer,transformer_add97_f0.3_wd1.0_softmax_ce_s0,0,27600
5500,1.0,0.30033403635025024,canonical transformer,transformer_add97_f0.3_wd1.0_softmax_ce_s0,0,27600
5600,1.0,0.30063772201538086,canonical transformer,transformer_add97_f0.3_wd1.0_softmax_ce_s0,0,27600
5700,1.0,0.30018219351768494,canonical transformer,transformer_add97_f0.3_wd1.0_softmax_ce_s0,0,27600
5800,1.0,0.3009413778781891,canonical transformer,transformer_add97_f0.3_wd1.0_softmax_ce_s0,0,27600
5900,1.0,0.3009413778781891,canonical transformer,transformer_add97_f0.3_wd1.0_softmax_ce_s0,0,27600
6000,1.0,0.300030380487442,canonical transformer,transformer_add97_f0.3_wd1.0_softmax_ce_s0,0,27600
6100,1.0,0.30063772201538086,canonical transformer,transformer_add97_f0.3_wd1.0_softmax_ce_s0,0,27600
6200,1.0,0.30018219351768494,canonical transformer,transformer_add97_f0.3_wd1.0_softmax_ce_s0,0,27600
6300,1.0,0.29911935329437256,canonical transformer,transformer_add97_f0.3_wd1.0_softmax_ce_s0,0,27600
6400,1.0,0.29866382479667664,canonical transformer,transformer_add97_f0.3_wd1.0_softmax_ce_s0,0,27600
6500,1.0,0.2995748519897461,canonical transformer,transformer_add97_f0.3_wd1.0_softmax_ce_s0,0,27600
6600,1.0,0.2998785376548767,canonical transformer,transformer_add97_f0.3_wd1.0_softmax_ce_s0,0,27600
6700,1.0,0.30063772201538086,canonical transformer,transformer_add97_f0.3_wd1.0_softmax_ce_s0,0,27600
6800,1.0,0.3010932207107544,canonical transformer,transformer_add97_f0.3_wd1.0_softmax_ce_s0,0,27600
6900,1.0,0.30078956484794617,canonical transformer,transformer_add97_f0.3_wd1.0_softmax_ce_s0,0,27600
7000,1.0,0.3010932207107544,canonical transformer,transformer_add97_f0.3_wd1.0_softmax_ce_s0,0,27600
7100,1.0,0.301396906375885,canonical transformer,transformer_add97_f0.3_wd1.0_softmax_ce_s0,0,27600
7200,1.0,0.30200424790382385,canonical transformer,transformer_add97_f0.3_wd1.0_softmax_ce_s0,0,27600
7300,1.0,0.30185240507125854,canonical transformer,transformer_add97_f0.3_wd1.0_softmax_ce_s0,0,27600
7400,1.0,0.30200424790382385,canonical transformer,transformer_add97_f0.3_wd1.0_softmax_ce_s0,0,27600
7500,1.0,0.30230793356895447,canonical transformer,transformer_add97_f0.3_wd1.0_softmax_ce_s0,0,27600
7600,1.0,0.30063772201538086,canonical transformer,transformer_add97_f0.3_wd1.0_softmax_ce_s0,0,27600
7700,1.0,0.30078956484794617,canonical transformer,transformer_add97_f0.3_wd1.0_softmax_ce_s0,0,27600
7800,1.0,0.30215609073638916,canonical transformer,transformer_add97_f0.3_wd1.0_softmax_ce_s0,0,27600
7900,1.0,0.3024597764015198,canonical transformer,transformer_add97_f0.3_wd1.0_softmax_ce_s0,0,27600
8000,1.0,0.3030671179294586,canonical transformer,transformer_add97_f0.3_wd1.0_softmax_ce_s0,0,27600
8100,1.0,0.3032189607620239,canonical transformer,transformer_add97_f0.3_wd1.0_softmax_ce_s0,0,27600
8200,1.0,0.30352261662483215,canonical transformer,transformer_add97_f0.3_wd1.0_softmax_ce_s0,0,27600
8300,1.0,0.3032189607620239,canonical transformer,transformer_add97_f0.3_wd1.0_softmax_ce_s0,0,27600
8400,1.0,0.304129958152771,canonical transformer,transformer_add97_f0.3_wd1.0_softmax_ce_s0,0,27600
8500,1.0,0.3039781451225281,canonical transformer,transformer_add97_f0.3_wd1.0_softmax_ce_s0,0,27600
8600,1.0,0.30048587918281555,canonical transformer,transformer_add97_f0.3_wd1.0_softmax_ce_s0,0,27600
8700,1.0,0.30185240507125854,canonical transformer,transformer_add97_f0.3_wd1.0_softmax_ce_s0,0,27600
8800,1.0,0.3015487492084503,canonical transformer,transformer_add97_f0.3_wd1.0_softmax_ce_s0,0,27600
8900,1.0,0.3015487492084503,canonical transformer,transformer_add97_f0.3_wd1.0_softmax_ce_s0,0,27600
9000,1.0,0.30230793356895447,canonical transformer,transformer_add97_f0.3_wd1.0_softmax_ce_s0,0,27600
9100,1.0,0.30200424790382385,canonical transformer,transformer_add97_f0.3_wd1.0_softmax_ce_s0,0,27600
9200,1.0,0.30488917231559753,canonical transformer,transformer_add97_f0.3_wd1.0_softmax_ce_s0,0,27600
9300,1.0,0.3047373294830322,canonical transformer,transformer_add97_f0.3_wd1.0_softmax_ce_s0,0,27600
9400,1.0,0.30488917231559753,canonical transformer,transformer_add97_f0.3_wd1.0_softmax_ce_s0,0,27600
9500,1.0,0.3044336438179016,canonical transformer,transformer_add97_f0.3_wd1.0_softmax_ce_s0,0,27600
9600,1.0,0.304129958152771,canonical transformer,transformer_add97_f0.3_wd1.0_softmax_ce_s0,0,27600
9700,1.0,0.304129958152771,canonical transformer,transformer_add97_f0.3_wd1.0_softmax_ce_s0,0,27600
9800,1.0,0.30534467101097107,canonical transformer,transformer_add97_f0.3_wd1.0_softmax_ce_s0,0,27600
9900,1.0,0.304129958152771,canonical transformer,transformer_add97_f0.3_wd1.0_softmax_ce_s0,0,27600
10000,1.0,0.3039781451225281,canonical transformer,transformer_add97_f0.3_wd1.0_softmax_ce_s0,0,27600
10100,1.0,0.3042818009853363,canonical transformer,transformer_add97_f0.3_wd1.0_softmax_ce_s0,0,27600
10200,1.0,0.3047373294830322,canonical transformer,transformer_add97_f0.3_wd1.0_softmax_ce_s0,0,27600
10300,1.0,0.30504098534584045,canonical transformer,transformer_add97_f0.3_wd1.0_softmax_ce_s0,0,27600
10400,1.0,0.3042818009853363,canonical transformer,transformer_add97_f0.3_wd1.0_softmax_ce_s0,0,27600
10500,1.0,0.3039781451225281,canonical transformer,transformer_add97_f0.3_wd1.0_softmax_ce_s0,0,27600
10600,1.0,0.3032189607620239,canonical transformer,transformer_add97_f0.3_wd1.0_softmax_ce_s0,0,27600
10700,1.0,0.302763432264328,canonical transformer,transformer_add97_f0.3_wd1.0_softmax_ce_s0,0,27600
10800,1.0,0.3029152750968933,canonical transformer,transformer_add97_f0.3_wd1.0_softmax_ce_s0,0,27600
10900,1.0,0.3029152750968933,canonical transformer,transformer_add97_f0.3_wd1.0_softmax_ce_s0,0,27600
11000,0.989727258682251,0.30200424790382385,canonical transformer,transformer_add97_f0.3_wd1.0_softmax_ce_s0,0,27600
11100,1.0,0.30230793356895447,canonical transformer,transformer_add97_f0.3_wd1.0_softmax_ce_s0,0,27600
11200,1.0,0.30337077379226685,canonical transformer,transformer_add97_f0.3_wd1.0_softmax_ce_s0,0,27600
11300,1.0,0.30200424790382385,canonical transformer,transformer_add97_f0.3_wd1.0_softmax_ce_s0,0,27600
11400,1.0,0.30230793356895447,canonical transformer,transformer_add97_f0.3_wd1.0_softmax_ce_s0,0,27600
11500,1.0,0.3032189607620239,canonical transformer,transformer_add97_f0.3_wd1.0_softmax_ce_s0,0,27600
11600,1.0,0.3029152750968933,canonical transformer,transformer_add97_f0.3_wd1.0_softmax_ce_s0,0,27600
11700,1.0,0.3029152750968933,canonical transformer,transformer_add97_f0.3_wd1.0_softmax_ce_s0,0,27600
11800,1.0,0.3029152750968933,canonical transformer,transformer_add97_f0.3_wd1.0_softmax_ce_s0,0,27600
11900,1.0,0.3024597764015198,canonical transformer,transformer_add97_f0.3_wd1.0_softmax_ce_s0,0,27600
12000,1.0,0.30230793356895447,canonical transformer,transformer_add97_f0.3_wd1.0_softmax_ce_s0,0,27600
12100,1.0,0.30185240507125854,canonical transformer,transformer_add97_f0.3_wd1.0_softmax_ce_s0,0,27600
12200,1.0,0.30170056223869324,canonical transformer,transformer_add97_f0.3_wd1.0_softmax_ce_s0,0,27600
12300,1.0,0.3030671179294586,canonical transformer,transformer_add97_f0.3_wd1.0_softmax_ce_s0,0,27600
12400,1.0,0.3042818009853363,canonical transformer,transformer_add97_f0.3_wd1.0_softmax_ce_s0,0,27600
12500,1.0,0.3042818009853363,canonical transformer,transformer_add97_f0.3_wd1.0_softmax_ce_s0,0,27600
12600,1.0,0.3044336438179016,canonical transformer,transformer_add97_f0.3_wd1.0_softmax_ce_s0,0,27600
12700,1.0,0.304129958152771,canonical transformer,transformer_add97_f0.3_wd1.0_softmax_ce_s0,0,27600
12800,1.0,0.30534467101097107,canonical transformer,transformer_add97_f0.3_wd1.0_softmax_ce_s0,0,27600
12900,1.0,0.3058001697063446,canonical transformer,transformer_add97_f0.3_wd1.0_softmax_ce_s0,0,27600
13000,1.0,0.3056483566761017,canonical transformer,transformer_add97_f0.3_wd1.0_softmax_ce_s0,0,27600
13100,1.0,0.30534467101097107,canonical transformer,transformer_add97_f0.3_wd1.0_softmax_ce_s0,0,27600
13200,1.0,0.3056483566761017,canonical transformer,transformer_add97_f0.3_wd1.0_softmax_ce_s0,0,27600
13300,1.0,0.30488917231559753,canonical transformer,transformer_add97_f0.3_wd1.0_softmax_ce_s0,0,27600
13400,1.0,0.30671119689941406,canonical transformer,transformer_add97_f0.3_wd1.0_softmax_ce_s0,0,27600
13500,1.0,0.3061038553714752,canonical transformer,transformer_add97_f0.3_wd1.0_softmax_ce_s0,0,27600
13600,1.0,0.3062556982040405,canonical transformer,transformer_add97_f0.3_wd1.0_softmax_ce_s0,0,27600
13700,1.0,0.30686303973197937,canonical transformer,transformer_add97_f0.3_wd1.0_softmax_ce_s0,0,27600
13800,1.0,0.3070148825645447,canonical transformer,transformer_add97_f0.3_wd1.0_softmax_ce_s0,0,27600
13900,1.0,0.30716672539711,canonical transformer,transformer_add97_f0.3_wd1.0_softmax_ce_s0,0,27600
14000,1.0,0.3074703812599182,canonical transformer,transformer_add97_f0.3_wd1.0_softmax_ce_s0,0,27600
14100,1.0,0.30777406692504883,canonical transformer,transformer_add97_f0.3_wd1.0_softmax_ce_s0,0,27600
14200,1.0,0.30792590975761414,canonical transformer,transformer_add97_f0.3_wd1.0_softmax_ce_s0,0,27600
14300,1.0,0.30777406692504883,canonical transformer,transformer_add97_f0.3_wd1.0_softmax_ce_s0,0,27600
14400,1.0,0.30716672539711,canonical transformer,transformer_add97_f0.3_wd1.0_softmax_ce_s0,0,27600
14500,1.0,0.308533251285553,canonical transformer,transformer_add97_f0.3_wd1.0_softmax_ce_s0,0,27600
14600,1.0,0.3091405928134918,canonical transformer,transformer_add97_f0.3_wd1.0_softmax_ce_s0,0,27600
14700,1.0,0.31126633286476135,canonical transformer,transformer_add97_f0.3_wd1.0_softmax_ce_s0,0,27600
14800,1.0,0.3102034628391266,canonical transformer,transformer_add97_f0.3_wd1.0_softmax_ce_s0,0,27600
14900,1.0,0.3102034628391266,canonical transformer,transformer_add97_f0.3_wd1.0_softmax_ce_s0,0,27600
15000,1.0,0.3102034628391266,canonical transformer,transformer_add97_f0.3_wd1.0_softmax_ce_s0,0,27600
15100,1.0,0.31081080436706543,canonical transformer,transformer_add97_f0.3_wd1.0_softmax_ce_s0,0,27600
15200,1.0,0.30989977717399597,canonical transformer,transformer_add97_f0.3_wd1.0_softmax_ce_s0,0,27600
15300,1.0,0.30929243564605713,canonical transformer,transformer_add97_f0.3_wd1.0_softmax_ce_s0,0,27600
15400,1.0,0.30929243564605713,canonical transformer,transformer_add97_f0.3_wd1.0_softmax_ce_s0,0,27600
15500,1.0,0.30929243564605713,canonical transformer,transformer_add97_f0.3_wd1.0_softmax_ce_s0,0,27600
15600,1.0,0.3088369369506836,canonical transformer,transformer_add97_f0.3_wd1.0_softmax_ce_s0,0,27600
15700,1.0,0.31263285875320435,canonical transformer,transformer_add97_f0.3_wd1.0_softmax_ce_s0,0,27600
15800,1.0,0.31399938464164734,canonical transformer,transformer_add97_f0.3_wd1.0_softmax_ce_s0,0,27600
15900,1.0,0.31232917308807373,canonical transformer,transformer_add97_f0.3_wd1.0_softmax_ce_s0,0,27600
16000,1.0,0.31445491313934326,canonical transformer,transformer_add97_f0.3_wd1.0_softmax_ce_s0,0,27600
16100,1.0,0.3150622546672821,canonical transformer,transformer_add97_f0.3_wd1.0_softmax_ce_s0,0,27600
16200,1.0,0.3167324662208557,canonical transformer,transformer_add97_f0.3_wd1.0_softmax_ce_s0,0,27600
16300,1.0,0.316884309053421,canonical transformer,transformer_add97_f0.3_wd1.0_softmax_ce_s0,0,27600
16400,1.0,0.3153659403324127,canonical transformer,transformer_add97_f0.3_wd1.0_softmax_ce_s0,0,27600
16500,1.0,0.31582143902778625,canonical transformer,transformer_add97_f0.3_wd1.0_softmax_ce_s0,0,27600
16600,1.0,0.31551775336265564,canonical transformer,transformer_add97_f0.3_wd1.0_softmax_ce_s0,0,27600
16700,0.955720841884613,0.29456421732902527,canonical transformer,transformer_add97_f0.3_wd1.0_softmax_ce_s0,0,27600
16800,1.0,0.31764349341392517,canonical transformer,transformer_add97_f0.3_wd1.0_softmax_ce_s0,0,27600
16900,1.0,0.3180989921092987,canonical transformer,transformer_add97_f0.3_wd1.0_softmax_ce_s0,0,27600
17000,1.0,0.3180989921092987,canonical transformer,transformer_add97_f0.3_wd1.0_softmax_ce_s0,0,27600
17100,1.0,0.32007288932800293,canonical transformer,transformer_add97_f0.3_wd1.0_softmax_ce_s0,0,27600
17200,1.0,0.3225022852420807,canonical transformer,transformer_add97_f0.3_wd1.0_softmax_ce_s0,0,27600
17300,1.0,0.32174310088157654,canonical transformer,transformer_add97_f0.3_wd1.0_softmax_ce_s0,0,27600
17400,1.0,0.3223504424095154,canonical transformer,transformer_add97_f0.3_wd1.0_softmax_ce_s0,0,27600
17500,1.0,0.3223504424095154,canonical transformer,transformer_add97_f0.3_wd1.0_softmax_ce_s0,0,27600
17600,1.0,0.32022473216056824,canonical transformer,transformer_add97_f0.3_wd1.0_softmax_ce_s0,0,27600
17700,1.0,0.3211357295513153,canonical transformer,transformer_add97_f0.3_wd1.0_softmax_ce_s0,0,27600
17800,1.0,0.32037654519081116,canonical transformer,transformer_add97_f0.3_wd1.0_softmax_ce_s0,0,27600
17900,1.0,0.3259945213794708,canonical transformer,transformer_add97_f0.3_wd1.0_softmax_ce_s0,0,27600
18000,1.0,0.3287276029586792,canonical transformer,transformer_add97_f0.3_wd1.0_softmax_ce_s0,0,27600
18100,1.0,0.32827210426330566,canonical transformer,transformer_add97_f0.3_wd1.0_softmax_ce_s0,0,27600
18200,1.0,0.3302459716796875,canonical transformer,transformer_add97_f0.3_wd1.0_softmax_ce_s0,0,27600
18300,1.0,0.3314606845378876,canonical transformer,transformer_add97_f0.3_wd1.0_softmax_ce_s0,0,27600
18400,1.0,0.33100515604019165,canonical transformer,transformer_add97_f0.3_wd1.0_softmax_ce_s0,0,27600
18500,1.0,0.33100515604019165,canonical transformer,transformer_add97_f0.3_wd1.0_softmax_ce_s0,0,27600
18600,1.0,0.33237168192863464,canonical transformer,transformer_add97_f0.3_wd1.0_softmax_ce_s0,0,27600
18700,1.0,0.33130884170532227,canonical transformer,transformer_add97_f0.3_wd1.0_softmax_ce_s0,0,27600
18800,1.0,0.3302459716796875,canonical transformer,transformer_add97_f0.3_wd1.0_softmax_ce_s0,0,27600
18900,1.0,0.3302459716796875,canonical transformer,transformer_add97_f0.3_wd1.0_softmax_ce_s0,0,27600
19000,1.0,0.33738231658935547,canonical transformer,transformer_add97_f0.3_wd1.0_softmax_ce_s0,0,27600
19100,1.0,0.3411782681941986,canonical transformer,transformer_add97_f0.3_wd1.0_softmax_ce_s0,0,27600
19200,1.0,0.3398117125034332,canonical transformer,transformer_add97_f0.3_wd1.0_softmax_ce_s0,0,27600
19300,1.0,0.33844518661499023,canonical transformer,transformer_add97_f0.3_wd1.0_softmax_ce_s0,0,27600
19400,1.0,0.33859702944755554,canonical transformer,transformer_add97_f0.3_wd1.0_softmax_ce_s0,0,27600
19500,1.0,0.3378378450870514,canonical transformer,transformer_add97_f0.3_wd1.0_softmax_ce_s0,0,27600
19600,1.0,0.33859702944755554,canonical transformer,transformer_add97_f0.3_wd1.0_softmax_ce_s0,0,27600
19700,1.0,0.33890068531036377,canonical transformer,transformer_add97_f0.3_wd1.0_softmax_ce_s0,0,27600
19800,1.0,0.3392043709754944,canonical transformer,transformer_add97_f0.3_wd1.0_softmax_ce_s0,0,27600
19900,1.0,0.33707866072654724,canonical transformer,transformer_add97_f0.3_wd1.0_softmax_ce_s0,0,27600
20000,1.0,0.3378378450870514,canonical transformer,transformer_add97_f0.3_wd1.0_softmax_ce_s0,0,27600
20100,1.0,0.34770727157592773,canonical transformer,transformer_add97_f0.3_wd1.0_softmax_ce_s0,0,27600
20200,1.0,0.35560280084609985,canonical transformer,transformer_add97_f0.3_wd1.0_softmax_ce_s0,0,27600
20300,1.0,0.3562101423740387,canonical transformer,transformer_add97_f0.3_wd1.0_softmax_ce_s0,0,27600
20400,1.0,0.3580321967601776,canonical transformer,transformer_add97_f0.3_wd1.0_softmax_ce_s0,0,27600
20500,1.0,0.3580321967601776,canonical transformer,transformer_add97_f0.3_wd1.0_softmax_ce_s0,0,27600
20600,1.0,0.3595505654811859,canonical transformer,transformer_add97_f0.3_wd1.0_softmax_ce_s0,0,27600
20700,1.0,0.36197996139526367,canonical transformer,transformer_add97_f0.3_wd1.0_softmax_ce_s0,0,27600
20800,1.0,0.35909503698349,canonical transformer,transformer_add97_f0.3_wd1.0_softmax_ce_s0,0,27600
20900,1.0,0.35727301239967346,canonical transformer,transformer_add97_f0.3_wd1.0_softmax_ce_s0,0,27600
21000,1.0,0.3565138280391693,canonical transformer,transformer_add97_f0.3_wd1.0_softmax_ce_s0,0,27600
21100,1.0,0.35727301239967346,canonical transformer,transformer_add97_f0.3_wd1.0_softmax_ce_s0,0,27600
21200,1.0,0.35696932673454285,canonical transformer,transformer_add97_f0.3_wd1.0_softmax_ce_s0,0,27600
21300,1.0,0.35560280084609985,canonical transformer,transformer_add97_f0.3_wd1.0_softmax_ce_s0,0,27600
21400,1.0,0.3792893886566162,canonical transformer,transformer_add97_f0.3_wd1.0_softmax_ce_s0,0,27600
21500,1.0,0.3835408389568329,canonical transformer,transformer_add97_f0.3_wd1.0_softmax_ce_s0,0,27600
21600,1.0,0.38293349742889404,canonical transformer,transformer_add97_f0.3_wd1.0_softmax_ce_s0,0,27600
21700,1.0,0.38141512870788574,canonical transformer,transformer_add97_f0.3_wd1.0_softmax_ce_s0,0,27600
21800,1.0,0.3849073648452759,canonical transformer,transformer_add97_f0.3_wd1.0_softmax_ce_s0,0,27600
21900,1.0,0.3839963674545288,canonical transformer,transformer_add97_f0.3_wd1.0_softmax_ce_s0,0,27600
22000,1.0,0.3808077871799469,canonical transformer,transformer_add97_f0.3_wd1.0_softmax_ce_s0,0,27600
22100,1.0,0.37868204712867737,canonical transformer,transformer_add97_f0.3_wd1.0_softmax_ce_s0,0,27600
22200,1.0,0.37701183557510376,canonical transformer,transformer_add97_f0.3_wd1.0_softmax_ce_s0,0,27600
22300,1.0,0.37078651785850525,canonical transformer,transformer_add97_f0.3_wd1.0_softmax_ce_s0,0,27600
22400,1.0,0.36456120014190674,canonical transformer,transformer_add97_f0.3_wd1.0_softmax_ce_s0,0,27600
22500,1.0,0.36015790700912476,canonical transformer,transformer_add97_f0.3_wd1.0_softmax_ce_s0,0,27600
22600,1.0,0.391436368227005,canonical transformer,transformer_add97_f0.3_wd1.0_softmax_ce_s0,0,27600
22700,1.0,0.4084421396255493,canonical transformer,transformer_add97_f0.3_wd1.0_softmax_ce_s0,0,27600
22800,1.0,0.45338597893714905,canonical transformer,transformer_add97_f0.3_wd1.0_softmax_ce_s0,0,27600
22900,1.0,0.5262678265571594,canonical transformer,transformer_add97_f0.3_wd1.0_softmax_ce_s0,0,27600
23000,1.0,0.506984531879425,canonical transformer,transformer_add97_f0.3_wd1.0_softmax_ce_s0,0,27600
23100,1.0,0.5012146830558777,canonical transformer,transformer_add97_f0.3_wd1.0_softmax_ce_s0,0,27600
23200,1.0,0.49453386664390564,canonical transformer,transformer_add97_f0.3_wd1.0_softmax_ce_s0,0,27600
23300,1.0,0.49028241634368896,canonical transformer,transformer_add97_f0.3_wd1.0_softmax_ce_s0,0,27600
23400,1.0,0.4849681258201599,canonical transformer,transformer_add97_f0.3_wd1.0_softmax_ce_s0,0,27600
23500,1.0,0.47965380549430847,canonical transformer,transformer_add97_f0.3_wd1.0_softmax_ce_s0,0,27600
23600,1.0,0.46872153878211975,canonical transformer,transformer_add97_f0.3_wd1.0_softmax_ce_s0,0,27600
23700,1.0,0.46128150820732117,canonical transformer,transformer_add97_f0.3_wd1.0_softmax_ce_s0,0,27600
23800,1.0,0.45627087354660034,canonical transformer,transformer_add97_f0.3_wd1.0_softmax_ce_s0,0,27600
23900,1.0,0.4538414776325226,canonical transformer,transformer_add97_f0.3_wd1.0_softmax_ce_s0,0,27600
24000,1.0,0.46234437823295593,canonical transformer,transformer_add97_f0.3_wd1.0_softmax_ce_s0,0,27600
24100,1.0,0.5464621782302856,canonical transformer,transformer_add97_f0.3_wd1.0_softmax_ce_s0,0,27600
24200,1.0,0.5586091876029968,canonical transformer,transformer_add97_f0.3_wd1.0_softmax_ce_s0,0,27600
24300,1.0,0.5516246557235718,canonical transformer,transformer_add97_f0.3_wd1.0_softmax_ce_s0,0,27600
24400,1.0,0.5625569224357605,canonical transformer,transformer_add97_f0.3_wd1.0_softmax_ce_s0,0,27600
24500,1.0,0.5696932673454285,canonical transformer,transformer_add97_f0.3_wd1.0_softmax_ce_s0,0,27600
24600,1.0,0.5698451399803162,canonical transformer,transformer_add97_f0.3_wd1.0_softmax_ce_s0,0,27600
24700,1.0,0.5654418468475342,canonical transformer,transformer_add97_f0.3_wd1.0_softmax_ce_s0,0,27600
24800,1.0,0.5514728426933289,canonical transformer,transformer_add97_f0.3_wd1.0_softmax_ce_s0,0,27600
24900,1.0,0.5394777059555054,canonical transformer,transformer_add97_f0.3_wd1.0_softmax_ce_s0,0,27600
25000,1.0,0.5341633558273315,canonical transformer,transformer_add97_f0.3_wd1.0_softmax_ce_s0,0,27600
25100,1.0,0.5332523584365845,canonical transformer,transformer_add97_f0.3_wd1.0_softmax_ce_s0,0,27600
25200,1.0,0.5710598230361938,canonical transformer,transformer_add97_f0.3_wd1.0_softmax_ce_s0,0,27600
25300,1.0,0.6440935134887695,canonical transformer,transformer_add97_f0.3_wd1.0_softmax_ce_s0,0,27600
25400,1.0,0.6563923358917236,canonical transformer,transformer_add97_f0.3_wd1.0_softmax_ce_s0,0,27600
25500,1.0,0.6522927284240723,canonical transformer,transformer_add97_f0.3_wd1.0_softmax_ce_s0,0,27600
25600,1.0,0.6641360521316528,canonical transformer,transformer_add97_f0.3_wd1.0_softmax_ce_s0,0,27600
25700,1.0,0.6708168983459473,canonical transformer,transformer_add97_f0.3_wd1.0_softmax_ce_s0,0,27600
25800,1.0,0.6723352670669556,canonical transformer,transformer_add97_f0.3_wd1.0_softmax_ce_s0,0,27600
25900,1.0,0.6662617921829224,canonical transformer,transformer_add97_f0.3_wd1.0_softmax_ce_s0,0,27600
26000,1.0,0.6553294658660889,canonical transformer,transformer_add97_f0.3_wd1.0_softmax_ce_s0,0,27600
26100,1.0,0.6445490121841431,canonical transformer,transformer_add97_f0.3_wd1.0_softmax_ce_s0,0,27600
26200,1.0,0.6327057480812073,canonical transformer,transformer_add97_f0.3_wd1.0_softmax_ce_s0,0,27600
26300,1.0,0.6234436631202698,canonical transformer,transformer_add97_f0.3_wd1.0_softmax_ce_s0,0,27600
26400,1.0,0.7137868404388428,canonical transformer,transformer_add97_f0.3_wd1.0_softmax_ce_s0,0,27600
26500,1.0,0.7787731289863586,canonical transformer,transformer_add97_f0.3_wd1.0_softmax_ce_s0,0,27600
26600,1.0,0.7881870865821838,canonical transformer,transformer_add97_f0.3_wd1.0_softmax_ce_s0,0,27600
26700,1.0,0.8030670881271362,canonical transformer,transformer_add97_f0.3_wd1.0_softmax_ce_s0,0,27600
26800,1.0,0.8170361518859863,canonical transformer,transformer_add97_f0.3_wd1.0_softmax_ce_s0,0,27600
26900,1.0,0.8244761824607849,canonical transformer,transformer_add97_f0.3_wd1.0_softmax_ce_s0,0,27600
27000,1.0,0.8272092342376709,canonical transformer,transformer_add97_f0.3_wd1.0_softmax_ce_s0,0,27600
27100,1.0,0.8199210166931152,canonical transformer,transformer_add97_f0.3_wd1.0_softmax_ce_s0,0,27600
27200,1.0,0.8100516200065613,canonical transformer,transformer_add97_f0.3_wd1.0_softmax_ce_s0,0,27600
27300,1.0,0.7995748519897461,canonical transformer,transformer_add97_f0.3_wd1.0_softmax_ce_s0,0,27600
27400,1.0,0.7871242165565491,canonical transformer,transformer_add97_f0.3_wd1.0_softmax_ce_s0,0,27600
27500,1.0,0.8651685118675232,canonical transformer,transformer_add97_f0.3_wd1.0_softmax_ce_s0,0,27600
27600,1.0,0.9177042245864868,canonical transformer,transformer_add97_f0.3_wd1.0_softmax_ce_s0,0,27600
27700,1.0,0.9216519594192505,canonical transformer,transformer_add97_f0.3_wd1.0_softmax_ce_s0,0,27600
27800,1.0,0.9190707802772522,canonical transformer,transformer_add97_f0.3_wd1.0_softmax_ce_s0,0,27600
27900,1.0,0.9240813851356506,canonical transformer,transformer_add97_f0.3_wd1.0_softmax_ce_s0,0,27600
28000,1.0,0.9233222007751465,canonical transformer,transformer_add97_f0.3_wd1.0_softmax_ce_s0,0,27600
28100,1.0,0.9195262789726257,canonical transformer,transformer_add97_f0.3_wd1.0_softmax_ce_s0,0,27600
28200,1.0,0.9155784845352173,canonical transformer,transformer_add97_f0.3_wd1.0_softmax_ce_s0,0,27600
28300,1.0,0.9063163995742798,canonical transformer,transformer_add97_f0.3_wd1.0_softmax_ce_s0,0,27600
28400,1.0,0.8962951898574829,canonical transformer,transformer_add97_f0.3_wd1.0_softmax_ce_s0,0,27600
28500,1.0,0.8920437097549438,canonical transformer,transformer_add97_f0.3_wd1.0_softmax_ce_s0,0,27600
28600,1.0,0.8366231322288513,canonical transformer,transformer_add97_f0.3_wd1.0_softmax_ce_s0,0,27600
28700,1.0,0.954752504825592,canonical transformer,transformer_add97_f0.3_wd1.0_softmax_ce_s0,0,27600
28800,1.0,0.9784390926361084,canonical transformer,transformer_add97_f0.3_wd1.0_softmax_ce_s0,0,27600
28900,1.0,0.9829941987991333,canonical transformer,transformer_add97_f0.3_wd1.0_softmax_ce_s0,0,27600
29000,1.0,0.9845126271247864,canonical transformer,transformer_add97_f0.3_wd1.0_softmax_ce_s0,0,27600
29100,1.0,0.985879123210907,canonical transformer,transformer_add97_f0.3_wd1.0_softmax_ce_s0,0,27600
29200,1.0,0.9869419932365417,canonical transformer,transformer_add97_f0.3_wd1.0_softmax_ce_s0,0,27600
29300,1.0,0.985879123210907,canonical transformer,transformer_add97_f0.3_wd1.0_softmax_ce_s0,0,27600
29400,1.0,0.9837534427642822,canonical transformer,transformer_add97_f0.3_wd1.0_softmax_ce_s0,0,27600
29500,1.0,0.9823868870735168,canonical transformer,transformer_add97_f0.3_wd1.0_softmax_ce_s0,0,27600
29600,1.0,0.9784390926361084,canonical transformer,transformer_add97_f0.3_wd1.0_softmax_ce_s0,0,27600
29700,1.0,0.9770725965499878,canonical transformer,transformer_add97_f0.3_wd1.0_softmax_ce_s0,0,27600
29800,1.0,0.922866702079773,canonical transformer,transformer_add97_f0.3_wd1.0_softmax_ce_s0,0,27600
29900,1.0,0.9892195463180542,canonical transformer,transformer_add97_f0.3_wd1.0_softmax_ce_s0,0,27600
30000,1.0,0.9963558912277222,canonical transformer,transformer_add97_f0.3_wd1.0_softmax_ce_s0,0,27600
30100,1.0,0.9978742599487305,canonical transformer,transformer_add97_f0.3_wd1.0_softmax_ce_s0,0,27600
30200,1.0,0.9981779456138611,canonical transformer,transformer_add97_f0.3_wd1.0_softmax_ce_s0,0,27600
30300,1.0,0.9978742599487305,canonical transformer,transformer_add97_f0.3_wd1.0_softmax_ce_s0,0,27600
30400,1.0,0.9977224469184875,canonical transformer,transformer_add97_f0.3_wd1.0_softmax_ce_s0,0,27600
30500,1.0,0.997266948223114,canonical transformer,transformer_add97_f0.3_wd1.0_softmax_ce_s0,0,27600
30600,1.0,0.9966595768928528,canonical transformer,transformer_add97_f0.3_wd1.0_softmax_ce_s0,0,27600
30700,1.0,0.9966595768928528,canonical transformer,transformer_add97_f0.3_wd1.0_softmax_ce_s0,0,27600
30800,1.0,0.9965077638626099,canonical transformer,transformer_add97_f0.3_wd1.0_softmax_ce_s0,0,27600
30900,1.0,0.9963558912277222,canonical transformer,transformer_add97_f0.3_wd1.0_softmax_ce_s0,0,27600
31000,1.0,0.9924081563949585,canonical transformer,transformer_add97_f0.3_wd1.0_softmax_ce_s0,0,27600
31100,1.0,0.9993926286697388,canonical transformer,transformer_add97_f0.3_wd1.0_softmax_ce_s0,0,27600
31200,1.0,1.0,canonical transformer,transformer_add97_f0.3_wd1.0_softmax_ce_s0,0,27600
31300,1.0,1.0,canonical transformer,transformer_add97_f0.3_wd1.0_softmax_ce_s0,0,27600
31400,1.0,1.0,canonical transformer,transformer_add97_f0.3_wd1.0_softmax_ce_s0,0,27600
31500,1.0,1.0,canonical transformer,transformer_add97_f0.3_wd1.0_softmax_ce_s0,0,27600
31600,1.0,1.0,canonical transformer,transformer_add97_f0.3_wd1.0_softmax_ce_s0,0,27600
31700,1.0,1.0,canonical transformer,transformer_add97_f0.3_wd1.0_softmax_ce_s0,0,27600
31800,1.0,1.0,canonical transformer,transformer_add97_f0.3_wd1.0_softmax_ce_s0,0,27600
31900,1.0,1.0,canonical transformer,transformer_add97_f0.3_wd1.0_softmax_ce_s0,0,27600
32000,1.0,1.0,canonical transformer,transformer_add97_f0.3_wd1.0_softmax_ce_s0,0,27600
32100,1.0,1.0,canonical transformer,transformer_add97_f0.3_wd1.0_softmax_ce_s0,0,27600
32200,1.0,1.0,canonical transformer,transformer_add97_f0.3_wd1.0_softmax_ce_s0,0,27600
32300,1.0,1.0,canonical transformer,transformer_add97_f0.3_wd1.0_softmax_ce_s0,0,27600
32400,1.0,1.0,canonical transformer,transformer_add97_f0.3_wd1.0_softmax_ce_s0,0,27600
32500,1.0,1.0,canonical transformer,transformer_add97_f0.3_wd1.0_softmax_ce_s0,0,27600
32600,1.0,1.0,canonical transformer,transformer_add97_f0.3_wd1.0_softmax_ce_s0,0,27600
32700,1.0,1.0,canonical transformer,transformer_add97_f0.3_wd1.0_softmax_ce_s0,0,27600
32800,1.0,1.0,canonical transformer,transformer_add97_f0.3_wd1.0_softmax_ce_s0,0,27600
32900,1.0,1.0,canonical transformer,transformer_add97_f0.3_wd1.0_softmax_ce_s0,0,27600
33000,1.0,1.0,canonical transformer,transformer_add97_f0.3_wd1.0_softmax_ce_s0,0,27600
33100,1.0,1.0,canonical transformer,transformer_add97_f0.3_wd1.0_softmax_ce_s0,0,27600
33200,1.0,1.0,canonical transformer,transformer_add97_f0.3_wd1.0_softmax_ce_s0,0,27600
33300,1.0,0.9998481869697571,canonical transformer,transformer_add97_f0.3_wd1.0_softmax_ce_s0,0,27600
33400,1.0,0.9998481869697571,canonical transformer,transformer_add97_f0.3_wd1.0_softmax_ce_s0,0,27600
33500,1.0,1.0,canonical transformer,transformer_add97_f0.3_wd1.0_softmax_ce_s0,0,27600
33600,1.0,1.0,canonical transformer,transformer_add97_f0.3_wd1.0_softmax_ce_s0,0,27600
33700,1.0,1.0,canonical transformer,transformer_add97_f0.3_wd1.0_softmax_ce_s0,0,27600
33800,1.0,1.0,canonical transformer,transformer_add97_f0.3_wd1.0_softmax_ce_s0,0,27600
33900,1.0,1.0,canonical transformer,transformer_add97_f0.3_wd1.0_softmax_ce_s0,0,27600
34000,1.0,1.0,canonical transformer,transformer_add97_f0.3_wd1.0_softmax_ce_s0,0,27600
34100,1.0,1.0,canonical transformer,transformer_add97_f0.3_wd1.0_softmax_ce_s0,0,27600
34200,1.0,1.0,canonical transformer,transformer_add97_f0.3_wd1.0_softmax_ce_s0,0,27600
34300,1.0,1.0,canonical transformer,transformer_add97_f0.3_wd1.0_softmax_ce_s0,0,27600
34400,1.0,1.0,canonical transformer,transformer_add97_f0.3_wd1.0_softmax_ce_s0,0,27600
34500,1.0,1.0,canonical transformer,transformer_add97_f0.3_wd1.0_softmax_ce_s0,0,27600
34600,1.0,0.9996963143348694,canonical transformer,transformer_add97_f0.3_wd1.0_softmax_ce_s0,0,27600
34700,1.0,1.0,canonical transformer,transformer_add97_f0.3_wd1.0_softmax_ce_s0,0,27600
34800,1.0,1.0,canonical transformer,transformer_add97_f0.3_wd1.0_softmax_ce_s0,0,27600
34900,1.0,1.0,canonical transformer,transformer_add97_f0.3_wd1.0_softmax_ce_s0,0,27600
35000,1.0,1.0,canonical transformer,transformer_add97_f0.3_wd1.0_softmax_ce_s0,0,27600
35100,1.0,1.0,canonical transformer,transformer_add97_f0.3_wd1.0_softmax_ce_s0,0,27600
35200,1.0,1.0,canonical transformer,transformer_add97_f0.3_wd1.0_softmax_ce_s0,0,27600
35300,1.0,1.0,canonical transformer,transformer_add97_f0.3_wd1.0_softmax_ce_s0,0,27600
35400,1.0,1.0,canonical transformer,transformer_add97_f0.3_wd1.0_softmax_ce_s0,0,27600
35500,1.0,1.0,canonical transformer,transformer_add97_f0.3_wd1.0_softmax_ce_s0,0,27600
35600,1.0,1.0,canonical transformer,transformer_add97_f0.3_wd1.0_softmax_ce_s0,0,27600
35700,1.0,1.0,canonical transformer,transformer_add97_f0.3_wd1.0_softmax_ce_s0,0,27600
35800,1.0,0.9998481869697571,canonical transformer,transformer_add97_f0.3_wd1.0_softmax_ce_s0,0,27600
35900,1.0,1.0,canonical transformer,transformer_add97_f0.3_wd1.0_softmax_ce_s0,0,27600
36000,1.0,1.0,canonical transformer,transformer_add97_f0.3_wd1.0_softmax_ce_s0,0,27600
36100,1.0,1.0,canonical transformer,transformer_add97_f0.3_wd1.0_softmax_ce_s0,0,27600
36200,1.0,1.0,canonical transformer,transformer_add97_f0.3_wd1.0_softmax_ce_s0,0,27600
36300,1.0,1.0,canonical transformer,transformer_add97_f0.3_wd1.0_softmax_ce_s0,0,27600
36400,1.0,1.0,canonical transformer,transformer_add97_f0.3_wd1.0_softmax_ce_s0,0,27600
36500,1.0,1.0,canonical transformer,transformer_add97_f0.3_wd1.0_softmax_ce_s0,0,27600
36600,1.0,1.0,canonical transformer,transformer_add97_f0.3_wd1.0_softmax_ce_s0,0,27600
36700,1.0,1.0,canonical transformer,transformer_add97_f0.3_wd1.0_softmax_ce_s0,0,27600
36800,1.0,1.0,canonical transformer,transformer_add97_f0.3_wd1.0_softmax_ce_s0,0,27600
36900,1.0,1.0,canonical transformer,transformer_add97_f0.3_wd1.0_softmax_ce_s0,0,27600
37000,1.0,0.998329758644104,canonical transformer,transformer_add97_f0.3_wd1.0_softmax_ce_s0,0,27600
37100,1.0,1.0,canonical transformer,transformer_add97_f0.3_wd1.0_softmax_ce_s0,0,27600
37200,1.0,1.0,canonical transformer,transformer_add97_f0.3_wd1.0_softmax_ce_s0,0,27600
37300,1.0,1.0,canonical transformer,transformer_add97_f0.3_wd1.0_softmax_ce_s0,0,27600
37400,1.0,1.0,canonical transformer,transformer_add97_f0.3_wd1.0_softmax_ce_s0,0,27600
37500,1.0,1.0,canonical transformer,transformer_add97_f0.3_wd1.0_softmax_ce_s0,0,27600
37600,1.0,1.0,canonical transformer,transformer_add97_f0.3_wd1.0_softmax_ce_s0,0,27600
37700,1.0,1.0,canonical transformer,transformer_add97_f0.3_wd1.0_softmax_ce_s0,0,27600
37800,1.0,1.0,canonical transformer,transformer_add97_f0.3_wd1.0_softmax_ce_s0,0,27600
37900,1.0,1.0,canonical transformer,transformer_add97_f0.3_wd1.0_softmax_ce_s0,0,27600
38000,1.0,1.0,canonical transformer,transformer_add97_f0.3_wd1.0_softmax_ce_s0,0,27600
38100,1.0,1.0,canonical transformer,transformer_add97_f0.3_wd1.0_softmax_ce_s0,0,27600
38200,1.0,1.0,canonical transformer,transformer_add97_f0.3_wd1.0_softmax_ce_s0,0,27600
38300,1.0,1.0,canonical transformer,transformer_add97_f0.3_wd1.0_softmax_ce_s0,0,27600
38400,1.0,1.0,canonical transformer,transformer_add97_f0.3_wd1.0_softmax_ce_s0,0,27600
38500,1.0,1.0,canonical transformer,transformer_add97_f0.3_wd1.0_softmax_ce_s0,0,27600
38600,1.0,1.0,canonical transformer,transformer_add97_f0.3_wd1.0_softmax_ce_s0,0,27600
38700,1.0,1.0,canonical transformer,transformer_add97_f0.3_wd1.0_softmax_ce_s0,0,27600
38800,1.0,1.0,canonical transformer,transformer_add97_f0.3_wd1.0_softmax_ce_s0,0,27600
38900,1.0,1.0,canonical transformer,transformer_add97_f0.3_wd1.0_softmax_ce_s0,0,27600
39000,1.0,1.0,canonical transformer,transformer_add97_f0.3_wd1.0_softmax_ce_s0,0,27600
39100,1.0,1.0,canonical transformer,transformer_add97_f0.3_wd1.0_softmax_ce_s0,0,27600
39200,1.0,1.0,canonical transformer,transformer_add97_f0.3_wd1.0_softmax_ce_s0,0,27600
39300,1.0,1.0,canonical transformer,transformer_add97_f0.3_wd1.0_softmax_ce_s0,0,27600
39400,1.0,1.0,canonical transformer,transformer_add97_f0.3_wd1.0_softmax_ce_s0,0,27600
39500,1.0,0.9980261325836182,canonical transformer,transformer_add97_f0.3_wd1.0_softmax_ce_s0,0,27600
39600,1.0,1.0,canonical transformer,transformer_add97_f0.3_wd1.0_softmax_ce_s0,0,27600
39700,1.0,1.0,canonical transformer,transformer_add97_f0.3_wd1.0_softmax_ce_s0,0,27600
39800,1.0,1.0,canonical transformer,transformer_add97_f0.3_wd1.0_softmax_ce_s0,0,27600
39900,1.0,1.0,canonical transformer,transformer_add97_f0.3_wd1.0_softmax_ce_s0,0,27600
40000,1.0,1.0,canonical transformer,transformer_add97_f0.3_wd1.0_softmax_ce_s0,0,27600
0,0.00991852581501007,0.0103249317035079,canonical transformer,transformer_add97_f0.3_wd1.0_softmax_ce_s1,1,28600
100,0.8150902986526489,0.215457022190094,canonical transformer,transformer_add97_f0.3_wd1.0_softmax_ce_s1,1,28600
200,0.9943322539329529,0.2995748519897461,canonical transformer,transformer_add97_f0.3_wd1.0_softmax_ce_s1,1,28600
300,0.9992915391921997,0.3024597764015198,canonical transformer,transformer_add97_f0.3_wd1.0_softmax_ce_s1,1,28600
400,1.0,0.302763432264328,canonical transformer,transformer_add97_f0.3_wd1.0_softmax_ce_s1,1,28600
500,1.0,0.3042818009853363,canonical transformer,transformer_add97_f0.3_wd1.0_softmax_ce_s1,1,28600
600,1.0,0.3042818009853363,canonical transformer,transformer_add97_f0.3_wd1.0_softmax_ce_s1,1,28600
700,1.0,0.3047373294830322,canonical transformer,transformer_add97_f0.3_wd1.0_softmax_ce_s1,1,28600
800,1.0,0.3039781451225281,canonical transformer,transformer_add97_f0.3_wd1.0_softmax_ce_s1,1,28600
900,1.0,0.30534467101097107,canonical transformer,transformer_add97_f0.3_wd1.0_softmax_ce_s1,1,28600
1000,1.0,0.3054965138435364,canonical transformer,transformer_add97_f0.3_wd1.0_softmax_ce_s1,1,28600
1100,1.0,0.30337077379226685,canonical transformer,transformer_add97_f0.3_wd1.0_softmax_ce_s1,1,28600
1200,1.0,0.3039781451225281,canonical transformer,transformer_add97_f0.3_wd1.0_softmax_ce_s1,1,28600
1300,0.9989373087882996,0.30352261662483215,canonical transformer,transformer_add97_f0.3_wd1.0_softmax_ce_s1,1,28600
1400,1.0,0.304129958152771,canonical transformer,transformer_add97_f0.3_wd1.0_softmax_ce_s1,1,28600
1500,1.0,0.30367445945739746,canonical transformer,transformer_add97_f0.3_wd1.0_softmax_ce_s1,1,28600
1600,1.0,0.3042818009853363,canonical transformer,transformer_add97_f0.3_wd1.0_softmax_ce_s1,1,28600
1700,0.9996457695960999,0.3032189607620239,canonical transformer,transformer_add97_f0.3_wd1.0_softmax_ce_s1,1,28600
1800,1.0,0.3047373294830322,canonical transformer,transformer_add97_f0.3_wd1.0_softmax_ce_s1,1,28600
1900,1.0,0.3045854866504669,canonical transformer,transformer_add97_f0.3_wd1.0_softmax_ce_s1,1,28600
2000,1.0,0.3056483566761017,canonical transformer,transformer_add97_f0.3_wd1.0_softmax_ce_s1,1,28600
2100,1.0,0.304129958152771,canonical transformer,transformer_add97_f0.3_wd1.0_softmax_ce_s1,1,28600
2200,0.9854764342308044,0.29562708735466003,canonical transformer,transformer_add97_f0.3_wd1.0_softmax_ce_s1,1,28600
2300,1.0,0.30504098534584045,canonical transformer,transformer_add97_f0.3_wd1.0_softmax_ce_s1,1,28600
2400,1.0,0.30519282817840576,canonical transformer,transformer_add97_f0.3_wd1.0_softmax_ce_s1,1,28600
2500,0.41268154978752136,0.08229577541351318,canonical transformer,transformer_add97_f0.3_wd1.0_softmax_ce_s1,1,28600
2600,1.0,0.3044336438179016,canonical transformer,transformer_add97_f0.3_wd1.0_softmax_ce_s1,1,28600
2700,1.0,0.3047373294830322,canonical transformer,transformer_add97_f0.3_wd1.0_softmax_ce_s1,1,28600
2800,1.0,0.3047373294830322,canonical transformer,transformer_add97_f0.3_wd1.0_softmax_ce_s1,1,28600
2900,0.29932695627212524,0.08290312439203262,canonical transformer,transformer_add97_f0.3_wd1.0_softmax_ce_s1,1,28600
3000,1.0,0.30534467101097107,canonical transformer,transformer_add97_f0.3_wd1.0_softmax_ce_s1,1,28600
3100,1.0,0.3062556982040405,canonical transformer,transformer_add97_f0.3_wd1.0_softmax_ce_s1,1,28600
3200,1.0,0.30671119689941406,canonical transformer,transformer_add97_f0.3_wd1.0_softmax_ce_s1,1,28600
3300,1.0,0.30716672539711,canonical transformer,transformer_add97_f0.3_wd1.0_softmax_ce_s1,1,28600
3400,1.0,0.30655935406684875,canonical transformer,transformer_add97_f0.3_wd1.0_softmax_ce_s1,1,28600
3500,1.0,0.30671119689941406,canonical transformer,transformer_add97_f0.3_wd1.0_softmax_ce_s1,1,28600
3600,1.0,0.30686303973197937,canonical transformer,transformer_add97_f0.3_wd1.0_softmax_ce_s1,1,28600
3700,1.0,0.30640754103660583,canonical transformer,transformer_add97_f0.3_wd1.0_softmax_ce_s1,1,28600
3800,1.0,0.3073185682296753,canonical transformer,transformer_add97_f0.3_wd1.0_softmax_ce_s1,1,28600
3900,1.0,0.3070148825645447,canonical transformer,transformer_add97_f0.3_wd1.0_softmax_ce_s1,1,28600
4000,1.0,0.30686303973197937,canonical transformer,transformer_add97_f0.3_wd1.0_softmax_ce_s1,1,28600
4100,1.0,0.3062556982040405,canonical transformer,transformer_add97_f0.3_wd1.0_softmax_ce_s1,1,28600
4200,1.0,0.30534467101097107,canonical transformer,transformer_add97_f0.3_wd1.0_softmax_ce_s1,1,28600
4300,1.0,0.3059520125389099,canonical transformer,transformer_add97_f0.3_wd1.0_softmax_ce_s1,1,28600
4400,1.0,0.3058001697063446,canonical transformer,transformer_add97_f0.3_wd1.0_softmax_ce_s1,1,28600
4500,1.0,0.30686303973197937,canonical transformer,transformer_add97_f0.3_wd1.0_softmax_ce_s1,1,28600
4600,1.0,0.3073185682296753,canonical transformer,transformer_add97_f0.3_wd1.0_softmax_ce_s1,1,28600
4700,1.0,0.30686303973197937,canonical transformer,transformer_add97_f0.3_wd1.0_softmax_ce_s1,1,28600
4800,1.0,0.3070148825645447,canonical transformer,transformer_add97_f0.3_wd1.0_softmax_ce_s1,1,28600
4900,1.0,0.30671119689941406,canonical transformer,transformer_add97_f0.3_wd1.0_softmax_ce_s1,1,28600
5000,1.0,0.3070148825645447,canonical transformer,transformer_add97_f0.3_wd1.0_softmax_ce_s1,1,28600
5100,1.0,0.30534467101097107,canonical transformer,transformer_add97_f0.3_wd1.0_softmax_ce_s1,1,28600
5200,1.0,0.3054965138435364,canonical transformer,transformer_add97_f0.3_wd1.0_softmax_ce_s1,1,28600
5300,1.0,0.3059520125389099,canonical transformer,transformer_add97_f0.3_wd1.0_softmax_ce_s1,1,28600
5400,1.0,0.3059520125389099,canonical transformer,transformer_add97_f0.3_wd1.0_softmax_ce_s1,1,28600
5500,1.0,0.30671119689941406,canonical transformer,transformer_add97_f0.3_wd1.0_softmax_ce_s1,1,28600
5600,1.0,0.30655935406684875,canonical transformer,transformer_add97_f0.3_wd1.0_softmax_ce_s1,1,28600
5700,1.0,0.30686303973197937,canonical transformer,transformer_add97_f0.3_wd1.0_softmax_ce_s1,1,28600
5800,1.0,0.30671119689941406,canonical transformer,transformer_add97_f0.3_wd1.0_softmax_ce_s1,1,28600
5900,1.0,0.30686303973197937,canonical transformer,transformer_add97_f0.3_wd1.0_softmax_ce_s1,1,28600
6000,1.0,0.30716672539711,canonical transformer,transformer_add97_f0.3_wd1.0_softmax_ce_s1,1,28600
6100,1.0,0.3073185682296753,canonical transformer,transformer_add97_f0.3_wd1.0_softmax_ce_s1,1,28600
6200,1.0,0.30792590975761414,canonical transformer,transformer_add97_f0.3_wd1.0_softmax_ce_s1,1,28600
6300,1.0,0.3059520125389099,canonical transformer,transformer_add97_f0.3_wd1.0_softmax_ce_s1,1,28600
6400,1.0,0.3059520125389099,canonical transformer,transformer_add97_f0.3_wd1.0_softmax_ce_s1,1,28600
6500,1.0,0.3070148825645447,canonical transformer,transformer_add97_f0.3_wd1.0_softmax_ce_s1,1,28600
6600,1.0,0.30716672539711,canonical transformer,transformer_add97_f0.3_wd1.0_softmax_ce_s1,1,28600
6700,1.0,0.30686303973197937,canonical transformer,transformer_add97_f0.3_wd1.0_softmax_ce_s1,1,28600
6800,1.0,0.3070148825645447,canonical transformer,transformer_add97_f0.3_wd1.0_softmax_ce_s1,1,28600
6900,1.0,0.3070148825645447,canonical transformer,transformer_add97_f0.3_wd1.0_softmax_ce_s1,1,28600
7000,1.0,0.3073185682296753,canonical transformer,transformer_add97_f0.3_wd1.0_softmax_ce_s1,1,28600
7100,1.0,0.3074703812599182,canonical transformer,transformer_add97_f0.3_wd1.0_softmax_ce_s1,1,28600
7200,1.0,0.30716672539711,canonical transformer,transformer_add97_f0.3_wd1.0_softmax_ce_s1,1,28600
7300,1.0,0.30807775259017944,canonical transformer,transformer_add97_f0.3_wd1.0_softmax_ce_s1,1,28600
7400,1.0,0.3061038553714752,canonical transformer,transformer_add97_f0.3_wd1.0_softmax_ce_s1,1,28600
7500,1.0,0.3061038553714752,canonical transformer,transformer_add97_f0.3_wd1.0_softmax_ce_s1,1,28600
7600,1.0,0.30655935406684875,canonical transformer,transformer_add97_f0.3_wd1.0_softmax_ce_s1,1,28600
7700,1.0,0.3073185682296753,canonical transformer,transformer_add97_f0.3_wd1.0_softmax_ce_s1,1,28600
7800,1.0,0.3076222240924835,canonical transformer,transformer_add97_f0.3_wd1.0_softmax_ce_s1,1,28600
7900,1.0,0.3073185682296753,canonical transformer,transformer_add97_f0.3_wd1.0_softmax_ce_s1,1,28600
8000,1.0,0.30777406692504883,canonical transformer,transformer_add97_f0.3_wd1.0_softmax_ce_s1,1,28600
8100,1.0,0.30838140845298767,canonical transformer,transformer_add97_f0.3_wd1.0_softmax_ce_s1,1,28600
8200,1.0,0.3073185682296753,canonical transformer,transformer_add97_f0.3_wd1.0_softmax_ce_s1,1,28600
8300,1.0,0.30792590975761414,canonical transformer,transformer_add97_f0.3_wd1.0_softmax_ce_s1,1,28600
8400,1.0,0.3074703812599182,canonical transformer,transformer_add97_f0.3_wd1.0_softmax_ce_s1,1,28600
8500,1.0,0.308533251285553,canonical transformer,transformer_add97_f0.3_wd1.0_softmax_ce_s1,1,28600
8600,1.0,0.3061038553714752,canonical transformer,transformer_add97_f0.3_wd1.0_softmax_ce_s1,1,28600
8700,1.0,0.30792590975761414,canonical transformer,transformer_add97_f0.3_wd1.0_softmax_ce_s1,1,28600
8800,1.0,0.3088369369506836,canonical transformer,transformer_add97_f0.3_wd1.0_softmax_ce_s1,1,28600
8900,1.0,0.308533251285553,canonical transformer,transformer_add97_f0.3_wd1.0_softmax_ce_s1,1,28600
9000,1.0,0.3091405928134918,canonical transformer,transformer_add97_f0.3_wd1.0_softmax_ce_s1,1,28600
9100,1.0,0.30822956562042236,canonical transformer,transformer_add97_f0.3_wd1.0_softmax_ce_s1,1,28600
9200,1.0,0.308533251285553,canonical transformer,transformer_add97_f0.3_wd1.0_softmax_ce_s1,1,28600
9300,1.0,0.3086850941181183,canonical transformer,transformer_add97_f0.3_wd1.0_softmax_ce_s1,1,28600
9400,1.0,0.3089887499809265,canonical transformer,transformer_add97_f0.3_wd1.0_softmax_ce_s1,1,28600
9500,1.0,0.30959612131118774,canonical transformer,transformer_add97_f0.3_wd1.0_softmax_ce_s1,1,28600
9600,1.0,0.3091405928134918,canonical transformer,transformer_add97_f0.3_wd1.0_softmax_ce_s1,1,28600
9700,1.0,0.30777406692504883,canonical transformer,transformer_add97_f0.3_wd1.0_softmax_ce_s1,1,28600
9800,1.0,0.30807775259017944,canonical transformer,transformer_add97_f0.3_wd1.0_softmax_ce_s1,1,28600
9900,1.0,0.30989977717399597,canonical transformer,transformer_add97_f0.3_wd1.0_softmax_ce_s1,1,28600
10000,1.0,0.30974796414375305,canonical transformer,transformer_add97_f0.3_wd1.0_softmax_ce_s1,1,28600
10100,1.0,0.3103553056716919,canonical transformer,transformer_add97_f0.3_wd1.0_softmax_ce_s1,1,28600
10200,1.0,0.3105071485042572,canonical transformer,transformer_add97_f0.3_wd1.0_softmax_ce_s1,1,28600
10300,1.0,0.3103553056716919,canonical transformer,transformer_add97_f0.3_wd1.0_softmax_ce_s1,1,28600
10400,1.0,0.31111449003219604,canonical transformer,transformer_add97_f0.3_wd1.0_softmax_ce_s1,1,28600
10500,1.0,0.31081080436706543,canonical transformer,transformer_add97_f0.3_wd1.0_softmax_ce_s1,1,28600
10600,1.0,0.3103553056716919,canonical transformer,transformer_add97_f0.3_wd1.0_softmax_ce_s1,1,28600
10700,1.0,0.3105071485042572,canonical transformer,transformer_add97_f0.3_wd1.0_softmax_ce_s1,1,28600
10800,1.0,0.3117218315601349,canonical transformer,transformer_add97_f0.3_wd1.0_softmax_ce_s1,1,28600
10900,1.0,0.3133920431137085,canonical transformer,transformer_add97_f0.3_wd1.0_softmax_ce_s1,1,28600
11000,1.0,0.3135438859462738,canonical transformer,transformer_add97_f0.3_wd1.0_softmax_ce_s1,1,28600
11100,1.0,0.3120255172252655,canonical transformer,transformer_add97_f0.3_wd1.0_softmax_ce_s1,1,28600
11200,1.0,0.31126633286476135,canonical transformer,transformer_add97_f0.3_wd1.0_softmax_ce_s1,1,28600
11300,1.0,0.31111449003219604,canonical transformer,transformer_add97_f0.3_wd1.0_softmax_ce_s1,1,28600
11400,1.0,0.31081080436706543,canonical transformer,transformer_add97_f0.3_wd1.0_softmax_ce_s1,1,28600
11500,1.0,0.31111449003219604,canonical transformer,transformer_add97_f0.3_wd1.0_softmax_ce_s1,1,28600
11600,1.0,0.3118736743927002,canonical transformer,transformer_add97_f0.3_wd1.0_softmax_ce_s1,1,28600
11700,1.0,0.3117218315601349,canonical transformer,transformer_add97_f0.3_wd1.0_softmax_ce_s1,1,28600
11800,1.0,0.31111449003219604,canonical transformer,transformer_add97_f0.3_wd1.0_softmax_ce_s1,1,28600
11900,1.0,0.31111449003219604,canonical transformer,transformer_add97_f0.3_wd1.0_softmax_ce_s1,1,28600
12000,1.0,0.31096264719963074,canonical transformer,transformer_add97_f0.3_wd1.0_softmax_ce_s1,1,28600
12100,1.0,0.3135438859462738,canonical transformer,transformer_add97_f0.3_wd1.0_softmax_ce_s1,1,28600
12200,1.0,0.3118736743927002,canonical transformer,transformer_add97_f0.3_wd1.0_softmax_ce_s1,1,28600
12300,1.0,0.31293654441833496,canonical transformer,transformer_add97_f0.3_wd1.0_softmax_ce_s1,1,28600
12400,1.0,0.3130883574485779,canonical transformer,transformer_add97_f0.3_wd1.0_softmax_ce_s1,1,28600
12500,1.0,0.3130883574485779,canonical transformer,transformer_add97_f0.3_wd1.0_softmax_ce_s1,1,28600
12600,1.0,0.31248101592063904,canonical transformer,transformer_add97_f0.3_wd1.0_softmax_ce_s1,1,28600
12700,1.0,0.3130883574485779,canonical transformer,transformer_add97_f0.3_wd1.0_softmax_ce_s1,1,28600
12800,1.0,0.31278470158576965,canonical transformer,transformer_add97_f0.3_wd1.0_softmax_ce_s1,1,28600
12900,1.0,0.31263285875320435,canonical transformer,transformer_add97_f0.3_wd1.0_softmax_ce_s1,1,28600
13000,1.0,0.31263285875320435,canonical transformer,transformer_add97_f0.3_wd1.0_softmax_ce_s1,1,28600
13100,1.0,0.3146067261695862,canonical transformer,transformer_add97_f0.3_wd1.0_softmax_ce_s1,1,28600
13200,1.0,0.3150622546672821,canonical transformer,transformer_add97_f0.3_wd1.0_softmax_ce_s1,1,28600
13300,1.0,0.3149104118347168,canonical transformer,transformer_add97_f0.3_wd1.0_softmax_ce_s1,1,28600
13400,1.0,0.31551775336265564,canonical transformer,transformer_add97_f0.3_wd1.0_softmax_ce_s1,1,28600
13500,1.0,0.31597328186035156,canonical transformer,transformer_add97_f0.3_wd1.0_softmax_ce_s1,1,28600
13600,1.0,0.31733980774879456,canonical transformer,transformer_add97_f0.3_wd1.0_softmax_ce_s1,1,28600
13700,1.0,0.31870633363723755,canonical transformer,transformer_add97_f0.3_wd1.0_softmax_ce_s1,1,28600
13800,1.0,0.3180989921092987,canonical transformer,transformer_add97_f0.3_wd1.0_softmax_ce_s1,1,28600
13900,1.0,0.3180989921092987,canonical transformer,transformer_add97_f0.3_wd1.0_softmax_ce_s1,1,28600
14000,1.0,0.31718796491622925,canonical transformer,transformer_add97_f0.3_wd1.0_softmax_ce_s1,1,28600
14100,1.0,0.31703612208366394,canonical transformer,transformer_add97_f0.3_wd1.0_softmax_ce_s1,1,28600
14200,1.0,0.31582143902778625,canonical transformer,transformer_add97_f0.3_wd1.0_softmax_ce_s1,1,28600
14300,1.0,0.31855452060699463,canonical transformer,transformer_add97_f0.3_wd1.0_softmax_ce_s1,1,28600
14400,1.0,0.3211357295513153,canonical transformer,transformer_add97_f0.3_wd1.0_softmax_ce_s1,1,28600
14500,1.0,0.31916186213493347,canonical transformer,transformer_add97_f0.3_wd1.0_softmax_ce_s1,1,28600
14600,1.0,0.32052838802337646,canonical transformer,transformer_add97_f0.3_wd1.0_softmax_ce_s1,1,28600
14700,1.0,0.3197692036628723,canonical transformer,transformer_add97_f0.3_wd1.0_softmax_ce_s1,1,28600
14800,1.0,0.31855452060699463,canonical transformer,transformer_add97_f0.3_wd1.0_softmax_ce_s1,1,28600
14900,1.0,0.31901001930236816,canonical transformer,transformer_add97_f0.3_wd1.0_softmax_ce_s1,1,28600
15000,1.0,0.31901001930236816,canonical transformer,transformer_add97_f0.3_wd1.0_softmax_ce_s1,1,28600
15100,1.0,0.318250834941864,canonical transformer,transformer_add97_f0.3_wd1.0_softmax_ce_s1,1,28600
15200,1.0,0.3179471492767334,canonical transformer,transformer_add97_f0.3_wd1.0_softmax_ce_s1,1,28600
15300,1.0,0.316884309053421,canonical transformer,transformer_add97_f0.3_wd1.0_softmax_ce_s1,1,28600
15400,1.0,0.3165806233882904,canonical transformer,transformer_add97_f0.3_wd1.0_softmax_ce_s1,1,28600
15500,1.0,0.3238688111305237,canonical transformer,transformer_add97_f0.3_wd1.0_softmax_ce_s1,1,28600
15600,1.0,0.32629820704460144,canonical transformer,transformer_add97_f0.3_wd1.0_softmax_ce_s1,1,28600
15700,1.0,0.32341331243515015,canonical transformer,transformer_add97_f0.3_wd1.0_softmax_ce_s1,1,28600
15800,1.0,0.3237169682979584,canonical transformer,transformer_add97_f0.3_wd1.0_softmax_ce_s1,1,28600
15900,1.0,0.32356512546539307,canonical transformer,transformer_add97_f0.3_wd1.0_softmax_ce_s1,1,28600
16000,1.0,0.3238688111305237,canonical transformer,transformer_add97_f0.3_wd1.0_softmax_ce_s1,1,28600
16100,1.0,0.3241724967956543,canonical transformer,transformer_add97_f0.3_wd1.0_softmax_ce_s1,1,28600
16200,1.0,0.32508352398872375,canonical transformer,transformer_add97_f0.3_wd1.0_softmax_ce_s1,1,28600
16300,1.0,0.32508352398872375,canonical transformer,transformer_add97_f0.3_wd1.0_softmax_ce_s1,1,28600
16400,1.0,0.3244761526584625,canonical transformer,transformer_add97_f0.3_wd1.0_softmax_ce_s1,1,28600
16500,1.0,0.32326146960258484,canonical transformer,transformer_add97_f0.3_wd1.0_softmax_ce_s1,1,28600
16600,1.0,0.33100515604019165,canonical transformer,transformer_add97_f0.3_wd1.0_softmax_ce_s1,1,28600
16700,1.0,0.3316124975681305,canonical transformer,transformer_add97_f0.3_wd1.0_softmax_ce_s1,1,28600
16800,1.0,0.32812026143074036,canonical transformer,transformer_add97_f0.3_wd1.0_softmax_ce_s1,1,28600
16900,1.0,0.32796841859817505,canonical transformer,transformer_add97_f0.3_wd1.0_softmax_ce_s1,1,28600
17000,1.0,0.3305496573448181,canonical transformer,transformer_add97_f0.3_wd1.0_softmax_ce_s1,1,28600
17100,1.0,0.3314606845378876,canonical transformer,transformer_add97_f0.3_wd1.0_softmax_ce_s1,1,28600
17200,1.0,0.3317643404006958,canonical transformer,transformer_add97_f0.3_wd1.0_softmax_ce_s1,1,28600
17300,1.0,0.3332827091217041,canonical transformer,transformer_add97_f0.3_wd1.0_softmax_ce_s1,1,28600
17400,1.0,0.3316124975681305,canonical transformer,transformer_add97_f0.3_wd1.0_softmax_ce_s1,1,28600
17500,1.0,0.33115699887275696,canonical transformer,transformer_add97_f0.3_wd1.0_softmax_ce_s1,1,28600
17600,1.0,0.33100515604019165,canonical transformer,transformer_add97_f0.3_wd1.0_softmax_ce_s1,1,28600
17700,1.0,0.33085331320762634,canonical transformer,transformer_add97_f0.3_wd1.0_softmax_ce_s1,1,28600
17800,1.0,0.34467050433158875,canonical transformer,transformer_add97_f0.3_wd1.0_softmax_ce_s1,1,28600
17900,1.0,0.3475554287433624,canonical transformer,transformer_add97_f0.3_wd1.0_softmax_ce_s1,1,28600
18000,1.0,0.34482234716415405,canonical transformer,transformer_add97_f0.3_wd1.0_softmax_ce_s1,1,28600
18100,1.0,0.34345582127571106,canonical transformer,transformer_add97_f0.3_wd1.0_softmax_ce_s1,1,28600
18200,1.0,0.34178560972213745,canonical transformer,transformer_add97_f0.3_wd1.0_softmax_ce_s1,1,28600
18300,1.0,0.3442150056362152,canonical transformer,transformer_add97_f0.3_wd1.0_softmax_ce_s1,1,28600
18400,1.0,0.3410264253616333,canonical transformer,transformer_add97_f0.3_wd1.0_softmax_ce_s1,1,28600
18500,1.0,0.3392043709754944,canonical transformer,transformer_add97_f0.3_wd1.0_softmax_ce_s1,1,28600
18600,1.0,0.3392043709754944,canonical transformer,transformer_add97_f0.3_wd1.0_softmax_ce_s1,1,28600
18700,1.0,0.3375341594219208,canonical transformer,transformer_add97_f0.3_wd1.0_softmax_ce_s1,1,28600
18800,1.0,0.33844518661499023,canonical transformer,transformer_add97_f0.3_wd1.0_softmax_ce_s1,1,28600
18900,1.0,0.3470999002456665,canonical transformer,transformer_add97_f0.3_wd1.0_softmax_ce_s1,1,28600
19000,1.0,0.357728511095047,canonical transformer,transformer_add97_f0.3_wd1.0_softmax_ce_s1,1,28600
19100,1.0,0.35408443212509155,canonical transformer,transformer_add97_f0.3_wd1.0_softmax_ce_s1,1,28600
19200,1.0,0.3548436164855957,canonical transformer,transformer_add97_f0.3_wd1.0_softmax_ce_s1,1,28600
19300,1.0,0.3548436164855957,canonical transformer,transformer_add97_f0.3_wd1.0_softmax_ce_s1,1,28600
19400,1.0,0.3530215620994568,canonical transformer,transformer_add97_f0.3_wd1.0_softmax_ce_s1,1,28600
19500,1.0,0.35226237773895264,canonical transformer,transformer_add97_f0.3_wd1.0_softmax_ce_s1,1,28600
19600,1.0,0.3515031933784485,canonical transformer,transformer_add97_f0.3_wd1.0_softmax_ce_s1,1,28600
19700,1.0,0.34801092743873596,canonical transformer,transformer_add97_f0.3_wd1.0_softmax_ce_s1,1,28600
19800,1.0,0.3454296886920929,canonical transformer,transformer_add97_f0.3_wd1.0_softmax_ce_s1,1,28600
19900,1.0,0.3454296886920929,canonical transformer,transformer_add97_f0.3_wd1.0_softmax_ce_s1,1,28600
20000,1.0,0.3700273334980011,canonical transformer,transformer_add97_f0.3_wd1.0_softmax_ce_s1,1,28600
20100,1.0,0.3776191771030426,canonical transformer,transformer_add97_f0.3_wd1.0_softmax_ce_s1,1,28600
20200,1.0,0.37230488657951355,canonical transformer,transformer_add97_f0.3_wd1.0_softmax_ce_s1,1,28600
20300,1.0,0.37534162402153015,canonical transformer,transformer_add97_f0.3_wd1.0_softmax_ce_s1,1,28600
20400,1.0,0.3780747056007385,canonical transformer,transformer_add97_f0.3_wd1.0_softmax_ce_s1,1,28600
20500,1.0,0.37564530968666077,canonical transformer,transformer_add97_f0.3_wd1.0_softmax_ce_s1,1,28600
20600,1.0,0.37382325530052185,canonical transformer,transformer_add97_f0.3_wd1.0_softmax_ce_s1,1,28600
20700,1.0,0.3695718050003052,canonical transformer,transformer_add97_f0.3_wd1.0_softmax_ce_s1,1,28600
20800,1.0,0.3682052791118622,canonical transformer,transformer_add97_f0.3_wd1.0_softmax_ce_s1,1,28600
20900,1.0,0.36440935730934143,canonical transformer,transformer_add97_f0.3_wd1.0_softmax_ce_s1,1,28600
21000,1.0,0.362131804227829,canonical transformer,transformer_add97_f0.3_wd1.0_softmax_ce_s1,1,28600
21100,1.0,0.3498329818248749,canonical transformer,transformer_add97_f0.3_wd1.0_softmax_ce_s1,1,28600
21200,1.0,0.394473135471344,canonical transformer,transformer_add97_f0.3_wd1.0_softmax_ce_s1,1,28600
21300,1.0,0.39796537160873413,canonical transformer,transformer_add97_f0.3_wd1.0_softmax_ce_s1,1,28600
21400,1.0,0.39811721444129944,canonical transformer,transformer_add97_f0.3_wd1.0_softmax_ce_s1,1,28600
21500,1.0,0.40009111166000366,canonical transformer,transformer_add97_f0.3_wd1.0_softmax_ce_s1,1,28600
21600,1.0,0.4049499034881592,canonical transformer,transformer_add97_f0.3_wd1.0_softmax_ce_s1,1,28600
21700,1.0,0.40768295526504517,canonical transformer,transformer_add97_f0.3_wd1.0_softmax_ce_s1,1,28600
21800,1.0,0.4035833477973938,canonical transformer,transformer_add97_f0.3_wd1.0_softmax_ce_s1,1,28600
21900,1.0,0.39811721444129944,canonical transformer,transformer_add97_f0.3_wd1.0_softmax_ce_s1,1,28600
22000,1.0,0.39492863416671753,canonical transformer,transformer_add97_f0.3_wd1.0_softmax_ce_s1,1,28600
22100,1.0,0.3917400538921356,canonical transformer,transformer_add97_f0.3_wd1.0_softmax_ce_s1,1,28600
22200,1.0,0.39067718386650085,canonical transformer,transformer_add97_f0.3_wd1.0_softmax_ce_s1,1,28600
22300,1.0,0.3883996307849884,canonical transformer,transformer_add97_f0.3_wd1.0_softmax_ce_s1,1,28600
22400,1.0,0.4192225933074951,canonical transformer,transformer_add97_f0.3_wd1.0_softmax_ce_s1,1,28600
22500,1.0,0.4482235014438629,canonical transformer,transformer_add97_f0.3_wd1.0_softmax_ce_s1,1,28600
22600,1.0,0.4447312355041504,canonical transformer,transformer_add97_f0.3_wd1.0_softmax_ce_s1,1,28600
22700,1.0,0.4386577606201172,canonical transformer,transformer_add97_f0.3_wd1.0_softmax_ce_s1,1,28600
22800,1.0,0.4386577606201172,canonical transformer,transformer_add97_f0.3_wd1.0_softmax_ce_s1,1,28600
22900,1.0,0.43668386340141296,canonical transformer,transformer_add97_f0.3_wd1.0_softmax_ce_s1,1,28600
23000,1.0,0.43182507157325745,canonical transformer,transformer_add97_f0.3_wd1.0_softmax_ce_s1,1,28600
23100,1.0,0.4296993613243103,canonical transformer,transformer_add97_f0.3_wd1.0_softmax_ce_s1,1,28600
23200,1.0,0.4222593307495117,canonical transformer,transformer_add97_f0.3_wd1.0_softmax_ce_s1,1,28600
23300,1.0,0.4189189076423645,canonical transformer,transformer_add97_f0.3_wd1.0_softmax_ce_s1,1,28600
23400,1.0,0.4142119586467743,canonical transformer,transformer_add97_f0.3_wd1.0_softmax_ce_s1,1,28600
23500,0.8080056309700012,0.2687518894672394,canonical transformer,transformer_add97_f0.3_wd1.0_softmax_ce_s1,1,28600
23600,1.0,0.47358033061027527,canonical transformer,transformer_add97_f0.3_wd1.0_softmax_ce_s1,1,28600
23700,1.0,0.48830851912498474,canonical transformer,transformer_add97_f0.3_wd1.0_softmax_ce_s1,1,28600
23800,1.0,0.4801093339920044,canonical transformer,transformer_add97_f0.3_wd1.0_softmax_ce_s1,1,28600
23900,1.0,0.48253872990608215,canonical transformer,transformer_add97_f0.3_wd1.0_softmax_ce_s1,1,28600
24000,1.0,0.4881567060947418,canonical transformer,transformer_add97_f0.3_wd1.0_softmax_ce_s1,1,28600
24100,1.0,0.49013057351112366,canonical transformer,transformer_add97_f0.3_wd1.0_softmax_ce_s1,1,28600
24200,1.0,0.4896750748157501,canonical transformer,transformer_add97_f0.3_wd1.0_softmax_ce_s1,1,28600
24300,1.0,0.48405709862709045,canonical transformer,transformer_add97_f0.3_wd1.0_softmax_ce_s1,1,28600
24400,1.0,0.4770725667476654,canonical transformer,transformer_add97_f0.3_wd1.0_softmax_ce_s1,1,28600
24500,1.0,0.4675068259239197,canonical transformer,transformer_add97_f0.3_wd1.0_softmax_ce_s1,1,28600
24600,1.0,0.45945945382118225,canonical transformer,transformer_add97_f0.3_wd1.0_softmax_ce_s1,1,28600
24700,1.0,0.4541451632976532,canonical transformer,transformer_add97_f0.3_wd1.0_softmax_ce_s1,1,28600
24800,1.0,0.5118433237075806,canonical transformer,transformer_add97_f0.3_wd1.0_softmax_ce_s1,1,28600
24900,1.0,0.5851806998252869,canonical transformer,transformer_add97_f0.3_wd1.0_softmax_ce_s1,1,28600
25000,1.0,0.5950500965118408,canonical transformer,transformer_add97_f0.3_wd1.0_softmax_ce_s1,1,28600
25100,1.0,0.5838141441345215,canonical transformer,transformer_add97_f0.3_wd1.0_softmax_ce_s1,1,28600
25200,1.0,0.5850288271903992,canonical transformer,transformer_add97_f0.3_wd1.0_softmax_ce_s1,1,28600
25300,1.0,0.5862435698509216,canonical transformer,transformer_add97_f0.3_wd1.0_softmax_ce_s1,1,28600
25400,1.0,0.5798664093017578,canonical transformer,transformer_add97_f0.3_wd1.0_softmax_ce_s1,1,28600
25500,1.0,0.5727300047874451,canonical transformer,transformer_add97_f0.3_wd1.0_softmax_ce_s1,1,28600
25600,1.0,0.5605830550193787,canonical transformer,transformer_add97_f0.3_wd1.0_softmax_ce_s1,1,28600
25700,1.0,0.5516246557235718,canonical transformer,transformer_add97_f0.3_wd1.0_softmax_ce_s1,1,28600
25800,1.0,0.5432736277580261,canonical transformer,transformer_add97_f0.3_wd1.0_softmax_ce_s1,1,28600
25900,1.0,0.5372000932693481,canonical transformer,transformer_add97_f0.3_wd1.0_softmax_ce_s1,1,28600
26000,1.0,0.5419070720672607,canonical transformer,transformer_add97_f0.3_wd1.0_softmax_ce_s1,1,28600
26100,1.0,0.6737017631530762,canonical transformer,transformer_add97_f0.3_wd1.0_softmax_ce_s1,1,28600
26200,1.0,0.6960218548774719,canonical transformer,transformer_add97_f0.3_wd1.0_softmax_ce_s1,1,28600
26300,1.0,0.6838749051094055,canonical transformer,transformer_add97_f0.3_wd1.0_softmax_ce_s1,1,28600
26400,1.0,0.6823565363883972,canonical transformer,transformer_add97_f0.3_wd1.0_softmax_ce_s1,1,28600
26500,1.0,0.6901001930236816,canonical transformer,transformer_add97_f0.3_wd1.0_softmax_ce_s1,1,28600
26600,1.0,0.6896446943283081,canonical transformer,transformer_add97_f0.3_wd1.0_softmax_ce_s1,1,28600
26700,1.0,0.6832675337791443,canonical transformer,transformer_add97_f0.3_wd1.0_softmax_ce_s1,1,28600
26800,1.0,0.6767385601997375,canonical transformer,transformer_add97_f0.3_wd1.0_softmax_ce_s1,1,28600
26900,1.0,0.6633768677711487,canonical transformer,transformer_add97_f0.3_wd1.0_softmax_ce_s1,1,28600
27000,1.0,0.646371066570282,canonical transformer,transformer_add97_f0.3_wd1.0_softmax_ce_s1,1,28600
27100,1.0,0.636653482913971,canonical transformer,transformer_add97_f0.3_wd1.0_softmax_ce_s1,1,28600
27200,1.0,0.5426662564277649,canonical transformer,transformer_add97_f0.3_wd1.0_softmax_ce_s1,1,28600
27300,1.0,0.7487093806266785,canonical transformer,transformer_add97_f0.3_wd1.0_softmax_ce_s1,1,28600
27400,1.0,0.7904646396636963,canonical transformer,transformer_add97_f0.3_wd1.0_softmax_ce_s1,1,28600
27500,1.0,0.8027634620666504,canonical transformer,transformer_add97_f0.3_wd1.0_softmax_ce_s1,1,28600
27600,1.0,0.8091406226158142,canonical transformer,transformer_add97_f0.3_wd1.0_softmax_ce_s1,1,28600
27700,1.0,0.818250834941864,canonical transformer,transformer_add97_f0.3_wd1.0_softmax_ce_s1,1,28600
27800,1.0,0.8174916505813599,canonical transformer,transformer_add97_f0.3_wd1.0_softmax_ce_s1,1,28600
27900,1.0,0.8118736743927002,canonical transformer,transformer_add97_f0.3_wd1.0_softmax_ce_s1,1,28600
28000,1.0,0.8015487194061279,canonical transformer,transformer_add97_f0.3_wd1.0_softmax_ce_s1,1,28600
28100,1.0,0.7928940057754517,canonical transformer,transformer_add97_f0.3_wd1.0_softmax_ce_s1,1,28600
28200,1.0,0.7862131595611572,canonical transformer,transformer_add97_f0.3_wd1.0_softmax_ce_s1,1,28600
28300,1.0,0.7760400772094727,canonical transformer,transformer_add97_f0.3_wd1.0_softmax_ce_s1,1,28600
28400,1.0,0.7670816779136658,canonical transformer,transformer_add97_f0.3_wd1.0_softmax_ce_s1,1,28600
28500,1.0,0.8392043709754944,canonical transformer,transformer_add97_f0.3_wd1.0_softmax_ce_s1,1,28600
28600,1.0,0.9066200852394104,canonical transformer,transformer_add97_f0.3_wd1.0_softmax_ce_s1,1,28600
28700,1.0,0.9322806000709534,canonical transformer,transformer_add97_f0.3_wd1.0_softmax_ce_s1,1,28600
28800,1.0,0.9360765218734741,canonical transformer,transformer_add97_f0.3_wd1.0_softmax_ce_s1,1,28600
28900,1.0,0.9505010843276978,canonical transformer,transformer_add97_f0.3_wd1.0_softmax_ce_s1,1,28600
29000,1.0,0.956574559211731,canonical transformer,transformer_add97_f0.3_wd1.0_softmax_ce_s1,1,28600
29100,1.0,0.9562708735466003,canonical transformer,transformer_add97_f0.3_wd1.0_softmax_ce_s1,1,28600
29200,1.0,0.9546006917953491,canonical transformer,transformer_add97_f0.3_wd1.0_softmax_ce_s1,1,28600
29300,1.0,0.9508047103881836,canonical transformer,transformer_add97_f0.3_wd1.0_softmax_ce_s1,1,28600
29400,1.0,0.9483753442764282,canonical transformer,transformer_add97_f0.3_wd1.0_softmax_ce_s1,1,28600
29500,1.0,0.9439720511436462,canonical transformer,transformer_add97_f0.3_wd1.0_softmax_ce_s1,1,28600
29600,1.0,0.9363802075386047,canonical transformer,transformer_add97_f0.3_wd1.0_softmax_ce_s1,1,28600
29700,1.0,0.8328272104263306,canonical transformer,transformer_add97_f0.3_wd1.0_softmax_ce_s1,1,28600
29800,1.0,0.9473124742507935,canonical transformer,transformer_add97_f0.3_wd1.0_softmax_ce_s1,1,28600
29900,1.0,0.9826905727386475,canonical transformer,transformer_add97_f0.3_wd1.0_softmax_ce_s1,1,28600
30000,1.0,0.9889158606529236,canonical transformer,transformer_add97_f0.3_wd1.0_softmax_ce_s1,1,28600
30100,1.0,0.9940783381462097,canonical transformer,transformer_add97_f0.3_wd1.0_softmax_ce_s1,1,28600
30200,1.0,0.9962040781974792,canonical transformer,transformer_add97_f0.3_wd1.0_softmax_ce_s1,1,28600
30300,1.0,0.9963558912277222,canonical transformer,transformer_add97_f0.3_wd1.0_softmax_ce_s1,1,28600
30400,1.0,0.9965077638626099,canonical transformer,transformer_add97_f0.3_wd1.0_softmax_ce_s1,1,28600
30500,1.0,0.9962040781974792,canonical transformer,transformer_add97_f0.3_wd1.0_softmax_ce_s1,1,28600
30600,1.0,0.9948375225067139,canonical transformer,transformer_add97_f0.3_wd1.0_softmax_ce_s1,1,28600
30700,1.0,0.992863655090332,canonical transformer,transformer_add97_f0.3_wd1.0_softmax_ce_s1,1,28600
30800,1.0,0.9904342293739319,canonical transformer,transformer_add97_f0.3_wd1.0_softmax_ce_s1,1,28600
30900,1.0,0.991193413734436,canonical transformer,transformer_add97_f0.3_wd1.0_softmax_ce_s1,1,28600
31000,1.0,0.98846036195755,canonical transformer,transformer_add97_f0.3_wd1.0_softmax_ce_s1,1,28600
31100,1.0,0.9974187612533569,canonical transformer,transformer_add97_f0.3_wd1.0_softmax_ce_s1,1,28600
31200,1.0,1.0,canonical transformer,transformer_add97_f0.3_wd1.0_softmax_ce_s1,1,28600
31300,1.0,1.0,canonical transformer,transformer_add97_f0.3_wd1.0_softmax_ce_s1,1,28600
31400,1.0,1.0,canonical transformer,transformer_add97_f0.3_wd1.0_softmax_ce_s1,1,28600
31500,1.0,1.0,canonical transformer,transformer_add97_f0.3_wd1.0_softmax_ce_s1,1,28600
31600,1.0,1.0,canonical transformer,transformer_add97_f0.3_wd1.0_softmax_ce_s1,1,28600
31700,1.0,1.0,canonical transformer,transformer_add97_f0.3_wd1.0_softmax_ce_s1,1,28600
31800,1.0,1.0,canonical transformer,transformer_add97_f0.3_wd1.0_softmax_ce_s1,1,28600
31900,1.0,1.0,canonical transformer,transformer_add97_f0.3_wd1.0_softmax_ce_s1,1,28600
32000,1.0,1.0,canonical transformer,transformer_add97_f0.3_wd1.0_softmax_ce_s1,1,28600
32100,1.0,1.0,canonical transformer,transformer_add97_f0.3_wd1.0_softmax_ce_s1,1,28600
32200,1.0,0.9981779456138611,canonical transformer,transformer_add97_f0.3_wd1.0_softmax_ce_s1,1,28600
32300,1.0,1.0,canonical transformer,transformer_add97_f0.3_wd1.0_softmax_ce_s1,1,28600
32400,1.0,1.0,canonical transformer,transformer_add97_f0.3_wd1.0_softmax_ce_s1,1,28600
32500,1.0,1.0,canonical transformer,transformer_add97_f0.3_wd1.0_softmax_ce_s1,1,28600
32600,1.0,1.0,canonical transformer,transformer_add97_f0.3_wd1.0_softmax_ce_s1,1,28600
32700,1.0,1.0,canonical transformer,transformer_add97_f0.3_wd1.0_softmax_ce_s1,1,28600
32800,1.0,1.0,canonical transformer,transformer_add97_f0.3_wd1.0_softmax_ce_s1,1,28600
32900,1.0,1.0,canonical transformer,transformer_add97_f0.3_wd1.0_softmax_ce_s1,1,28600
33000,1.0,1.0,canonical transformer,transformer_add97_f0.3_wd1.0_softmax_ce_s1,1,28600
33100,1.0,1.0,canonical transformer,transformer_add97_f0.3_wd1.0_softmax_ce_s1,1,28600
33200,1.0,1.0,canonical transformer,transformer_add97_f0.3_wd1.0_softmax_ce_s1,1,28600
33300,1.0,0.998329758644104,canonical transformer,transformer_add97_f0.3_wd1.0_softmax_ce_s1,1,28600
33400,1.0,1.0,canonical transformer,transformer_add97_f0.3_wd1.0_softmax_ce_s1,1,28600
33500,1.0,1.0,canonical transformer,transformer_add97_f0.3_wd1.0_softmax_ce_s1,1,28600
33600,1.0,1.0,canonical transformer,transformer_add97_f0.3_wd1.0_softmax_ce_s1,1,28600
33700,1.0,1.0,canonical transformer,transformer_add97_f0.3_wd1.0_softmax_ce_s1,1,28600
33800,1.0,1.0,canonical transformer,transformer_add97_f0.3_wd1.0_softmax_ce_s1,1,28600
33900,1.0,1.0,canonical transformer,transformer_add97_f0.3_wd1.0_softmax_ce_s1,1,28600
34000,1.0,1.0,canonical transformer,transformer_add97_f0.3_wd1.0_softmax_ce_s1,1,28600
34100,1.0,1.0,canonical transformer,transformer_add97_f0.3_wd1.0_softmax_ce_s1,1,28600
34200,1.0,1.0,canonical transformer,transformer_add97_f0.3_wd1.0_softmax_ce_s1,1,28600
34300,1.0,1.0,canonical transformer,transformer_add97_f0.3_wd1.0_softmax_ce_s1,1,28600
34400,1.0,1.0,canonical transformer,transformer_add97_f0.3_wd1.0_softmax_ce_s1,1,28600
34500,1.0,0.9996963143348694,canonical transformer,transformer_add97_f0.3_wd1.0_softmax_ce_s1,1,28600
34600,1.0,1.0,canonical transformer,transformer_add97_f0.3_wd1.0_softmax_ce_s1,1,28600
34700,1.0,1.0,canonical transformer,transformer_add97_f0.3_wd1.0_softmax_ce_s1,1,28600
34800,1.0,1.0,canonical transformer,transformer_add97_f0.3_wd1.0_softmax_ce_s1,1,28600
34900,1.0,1.0,canonical transformer,transformer_add97_f0.3_wd1.0_softmax_ce_s1,1,28600
35000,1.0,1.0,canonical transformer,transformer_add97_f0.3_wd1.0_softmax_ce_s1,1,28600
35100,1.0,1.0,canonical transformer,transformer_add97_f0.3_wd1.0_softmax_ce_s1,1,28600
35200,1.0,1.0,canonical transformer,transformer_add97_f0.3_wd1.0_softmax_ce_s1,1,28600
35300,1.0,1.0,canonical transformer,transformer_add97_f0.3_wd1.0_softmax_ce_s1,1,28600
35400,1.0,1.0,canonical transformer,transformer_add97_f0.3_wd1.0_softmax_ce_s1,1,28600
35500,1.0,1.0,canonical transformer,transformer_add97_f0.3_wd1.0_softmax_ce_s1,1,28600
35600,1.0,1.0,canonical transformer,transformer_add97_f0.3_wd1.0_softmax_ce_s1,1,28600
35700,1.0,1.0,canonical transformer,transformer_add97_f0.3_wd1.0_softmax_ce_s1,1,28600
35800,1.0,1.0,canonical transformer,transformer_add97_f0.3_wd1.0_softmax_ce_s1,1,28600
35900,1.0,1.0,canonical transformer,transformer_add97_f0.3_wd1.0_softmax_ce_s1,1,28600
36000,1.0,1.0,canonical transformer,transformer_add97_f0.3_wd1.0_softmax_ce_s1,1,28600
36100,1.0,1.0,canonical transformer,transformer_add97_f0.3_wd1.0_softmax_ce_s1,1,28600
36200,1.0,1.0,canonical transformer,transformer_add97_f0.3_wd1.0_softmax_ce_s1,1,28600
36300,1.0,1.0,canonical transformer,transformer_add97_f0.3_wd1.0_softmax_ce_s1,1,28600
36400,1.0,1.0,canonical transformer,transformer_add97_f0.3_wd1.0_softmax_ce_s1,1,28600
36500,1.0,1.0,canonical transformer,transformer_add97_f0.3_wd1.0_softmax_ce_s1,1,28600
36600,1.0,1.0,canonical transformer,transformer_add97_f0.3_wd1.0_softmax_ce_s1,1,28600
36700,1.0,1.0,canonical transformer,transformer_add97_f0.3_wd1.0_softmax_ce_s1,1,28600
36800,1.0,1.0,canonical transformer,transformer_add97_f0.3_wd1.0_softmax_ce_s1,1,28600
36900,1.0,0.9993926286697388,canonical transformer,transformer_add97_f0.3_wd1.0_softmax_ce_s1,1,28600
37000,1.0,1.0,canonical transformer,transformer_add97_f0.3_wd1.0_softmax_ce_s1,1,28600
37100,1.0,1.0,canonical transformer,transformer_add97_f0.3_wd1.0_softmax_ce_s1,1,28600
37200,1.0,1.0,canonical transformer,transformer_add97_f0.3_wd1.0_softmax_ce_s1,1,28600
37300,1.0,1.0,canonical transformer,transformer_add97_f0.3_wd1.0_softmax_ce_s1,1,28600
37400,1.0,1.0,canonical transformer,transformer_add97_f0.3_wd1.0_softmax_ce_s1,1,28600
37500,1.0,1.0,canonical transformer,transformer_add97_f0.3_wd1.0_softmax_ce_s1,1,28600
37600,1.0,1.0,canonical transformer,transformer_add97_f0.3_wd1.0_softmax_ce_s1,1,28600
37700,1.0,1.0,canonical transformer,transformer_add97_f0.3_wd1.0_softmax_ce_s1,1,28600
37800,1.0,1.0,canonical transformer,transformer_add97_f0.3_wd1.0_softmax_ce_s1,1,28600
37900,1.0,1.0,canonical transformer,transformer_add97_f0.3_wd1.0_softmax_ce_s1,1,28600
38000,1.0,1.0,canonical transformer,transformer_add97_f0.3_wd1.0_softmax_ce_s1,1,28600
38100,1.0,1.0,canonical transformer,transformer_add97_f0.3_wd1.0_softmax_ce_s1,1,28600
38200,1.0,1.0,canonical transformer,transformer_add97_f0.3_wd1.0_softmax_ce_s1,1,28600
38300,1.0,1.0,canonical transformer,transformer_add97_f0.3_wd1.0_softmax_ce_s1,1,28600
38400,1.0,1.0,canonical transformer,transformer_add97_f0.3_wd1.0_softmax_ce_s1,1,28600
38500,1.0,1.0,canonical transformer,transformer_add97_f0.3_wd1.0_softmax_ce_s1,1,28600
38600,1.0,1.0,canonical transformer,transformer_add97_f0.3_wd1.0_softmax_ce_s1,1,28600
38700,1.0,1.0,canonical transformer,transformer_add97_f0.3_wd1.0_softmax_ce_s1,1,28600
38800,1.0,1.0,canonical transformer,transformer_add97_f0.3_wd1.0_softmax_ce_s1,1,28600
38900,1.0,1.0,canonical transformer,transformer_add97_f0.3_wd1.0_softmax_ce_s1,1,28600
39000,1.0,1.0,canonical transformer,transformer_add97_f0.3_wd1.0_softmax_ce_s1,1,28600
39100,1.0,1.0,canonical transformer,transformer_add97_f0.3_wd1.0_softmax_ce_s1,1,28600
39200,1.0,1.0,canonical transformer,transformer_add97_f0.3_wd1.0_softmax_ce_s1,1,28600
39300,1.0,1.0,canonical transformer,transformer_add97_f0.3_wd1.0_softmax_ce_s1,1,28600
39400,1.0,1.0,canonical transformer,transformer_add97_f0.3_wd1.0_softmax_ce_s1,1,28600
39500,1.0,1.0,canonical transformer,transformer_add97_f0.3_wd1.0_softmax_ce_s1,1,28600
39600,1.0,1.0,canonical transformer,transformer_add97_f0.3_wd1.0_softmax_ce_s1,1,28600
39700,1.0,1.0,canonical transformer,transformer_add97_f0.3_wd1.0_softmax_ce_s1,1,28600
39800,1.0,1.0,canonical transformer,transformer_add97_f0.3_wd1.0_softmax_ce_s1,1,28600
39900,1.0,1.0,canonical transformer,transformer_add97_f0.3_wd1.0_softmax_ce_s1,1,28600
40000,1.0,1.0,canonical transformer,transformer_add97_f0.3_wd1.0_softmax_ce_s1,1,28600
0,0.00708466162905097,0.01169146690517664,canonical transformer,transformer_add97_f0.3_wd1.0_softmax_ce_s2,2,30000
100,0.8859369158744812,0.2432432472705841,canonical transformer,transformer_add97_f0.3_wd1.0_softmax_ce_s2,2,30000
200,0.9968118667602539,0.29289400577545166,canonical transformer,transformer_add97_f0.3_wd1.0_softmax_ce_s2,2,30000
300,0.9985830783843994,0.29441237449645996,canonical transformer,transformer_add97_f0.3_wd1.0_softmax_ce_s2,2,30000
400,1.0,0.2947160601615906,canonical transformer,transformer_add97_f0.3_wd1.0_softmax_ce_s2,2,30000
500,1.0,0.29608258605003357,canonical transformer,transformer_add97_f0.3_wd1.0_softmax_ce_s2,2,30000
600,1.0,0.2966899573802948,canonical transformer,transformer_add97_f0.3_wd1.0_softmax_ce_s2,2,30000
700,1.0,0.2966899573802948,canonical transformer,transformer_add97_f0.3_wd1.0_softmax_ce_s2,2,30000
800,0.9603258967399597,0.2781658172607422,canonical transformer,transformer_add97_f0.3_wd1.0_softmax_ce_s2,2,30000
900,1.0,0.29744914174079895,canonical transformer,transformer_add97_f0.3_wd1.0_softmax_ce_s2,2,30000
1000,1.0,0.2980564832687378,canonical transformer,transformer_add97_f0.3_wd1.0_softmax_ce_s2,2,30000
1100,0.9996457695960999,0.2965381145477295,canonical transformer,transformer_add97_f0.3_wd1.0_softmax_ce_s2,2,30000
1200,1.0,0.29714545607566833,canonical transformer,transformer_add97_f0.3_wd1.0_softmax_ce_s2,2,30000
1300,1.0,0.29562708735466003,canonical transformer,transformer_add97_f0.3_wd1.0_softmax_ce_s2,2,30000
1400,1.0,0.29714545607566833,canonical transformer,transformer_add97_f0.3_wd1.0_softmax_ce_s2,2,30000
1500,1.0,0.2965381145477295,canonical transformer,transformer_add97_f0.3_wd1.0_softmax_ce_s2,2,30000
1600,0.3372299075126648,0.07303370535373688,canonical transformer,transformer_add97_f0.3_wd1.0_softmax_ce_s2,2,30000
1700,1.0,0.2977527976036072,canonical transformer,transformer_add97_f0.3_wd1.0_softmax_ce_s2,2,30000
1800,1.0,0.29866382479667664,canonical transformer,transformer_add97_f0.3_wd1.0_softmax_ce_s2,2,30000
1900,1.0,0.29744914174079895,canonical transformer,transformer_add97_f0.3_wd1.0_softmax_ce_s2,2,30000
2000,0.9996457695960999,0.2980564832687378,canonical transformer,transformer_add97_f0.3_wd1.0_softmax_ce_s2,2,30000
2100,1.0,0.29729729890823364,canonical transformer,transformer_add97_f0.3_wd1.0_softmax_ce_s2,2,30000
2200,0.5681898593902588,0.15624050796031952,canonical transformer,transformer_add97_f0.3_wd1.0_softmax_ce_s2,2,30000
2300,1.0,0.2983601689338684,canonical transformer,transformer_add97_f0.3_wd1.0_softmax_ce_s2,2,30000
2400,1.0,0.2977527976036072,canonical transformer,transformer_add97_f0.3_wd1.0_softmax_ce_s2,2,30000
2500,1.0,0.2979046404361725,canonical transformer,transformer_add97_f0.3_wd1.0_softmax_ce_s2,2,30000
2600,1.0,0.2977527976036072,canonical transformer,transformer_add97_f0.3_wd1.0_softmax_ce_s2,2,30000
2700,1.0,0.2979046404361725,canonical transformer,transformer_add97_f0.3_wd1.0_softmax_ce_s2,2,30000
2800,0.10945802181959152,0.026875190436840057,canonical transformer,transformer_add97_f0.3_wd1.0_softmax_ce_s2,2,30000
2900,1.0,0.2980564832687378,canonical transformer,transformer_add97_f0.3_wd1.0_softmax_ce_s2,2,30000
3000,1.0,0.29851198196411133,canonical transformer,transformer_add97_f0.3_wd1.0_softmax_ce_s2,2,30000
3100,1.0,0.2979046404361725,canonical transformer,transformer_add97_f0.3_wd1.0_softmax_ce_s2,2,30000
3200,1.0,0.2982083261013031,canonical transformer,transformer_add97_f0.3_wd1.0_softmax_ce_s2,2,30000
3300,1.0,0.29896751046180725,canonical transformer,transformer_add97_f0.3_wd1.0_softmax_ce_s2,2,30000
3400,1.0,0.29881566762924194,canonical transformer,transformer_add97_f0.3_wd1.0_softmax_ce_s2,2,30000
3500,1.0,0.29896751046180725,canonical transformer,transformer_add97_f0.3_wd1.0_softmax_ce_s2,2,30000
3600,1.0,0.2992711663246155,canonical transformer,transformer_add97_f0.3_wd1.0_softmax_ce_s2,2,30000
3700,1.0,0.2994230091571808,canonical transformer,transformer_add97_f0.3_wd1.0_softmax_ce_s2,2,30000
3800,1.0,0.2997266948223114,canonical transformer,transformer_add97_f0.3_wd1.0_softmax_ce_s2,2,30000
3900,1.0,0.2992711663246155,canonical transformer,transformer_add97_f0.3_wd1.0_softmax_ce_s2,2,30000
4000,1.0,0.2992711663246155,canonical transformer,transformer_add97_f0.3_wd1.0_softmax_ce_s2,2,30000
4100,1.0,0.2994230091571808,canonical transformer,transformer_add97_f0.3_wd1.0_softmax_ce_s2,2,30000
4200,1.0,0.2994230091571808,canonical transformer,transformer_add97_f0.3_wd1.0_softmax_ce_s2,2,30000
4300,1.0,0.300030380487442,canonical transformer,transformer_add97_f0.3_wd1.0_softmax_ce_s2,2,30000
4400,1.0,0.2998785376548767,canonical transformer,transformer_add97_f0.3_wd1.0_softmax_ce_s2,2,30000
4500,1.0,0.2995748519897461,canonical transformer,transformer_add97_f0.3_wd1.0_softmax_ce_s2,2,30000
4600,1.0,0.29896751046180725,canonical transformer,transformer_add97_f0.3_wd1.0_softmax_ce_s2,2,30000
4700,1.0,0.29851198196411133,canonical transformer,transformer_add97_f0.3_wd1.0_softmax_ce_s2,2,30000
4800,1.0,0.29851198196411133,canonical transformer,transformer_add97_f0.3_wd1.0_softmax_ce_s2,2,30000
4900,1.0,0.2992711663246155,canonical transformer,transformer_add97_f0.3_wd1.0_softmax_ce_s2,2,30000
5000,1.0,0.2994230091571808,canonical transformer,transformer_add97_f0.3_wd1.0_softmax_ce_s2,2,30000
5100,1.0,0.2997266948223114,canonical transformer,transformer_add97_f0.3_wd1.0_softmax_ce_s2,2,30000
5200,1.0,0.2995748519897461,canonical transformer,transformer_add97_f0.3_wd1.0_softmax_ce_s2,2,30000
5300,1.0,0.3009413778781891,canonical transformer,transformer_add97_f0.3_wd1.0_softmax_ce_s2,2,30000
5400,1.0,0.2995748519897461,canonical transformer,transformer_add97_f0.3_wd1.0_softmax_ce_s2,2,30000
5500,1.0,0.2992711663246155,canonical transformer,transformer_add97_f0.3_wd1.0_softmax_ce_s2,2,30000
5600,1.0,0.30018219351768494,canonical transformer,transformer_add97_f0.3_wd1.0_softmax_ce_s2,2,30000
5700,1.0,0.3012450635433197,canonical transformer,transformer_add97_f0.3_wd1.0_softmax_ce_s2,2,30000
5800,1.0,0.30063772201538086,canonical transformer,transformer_add97_f0.3_wd1.0_softmax_ce_s2,2,30000
5900,1.0,0.30063772201538086,canonical transformer,transformer_add97_f0.3_wd1.0_softmax_ce_s2,2,30000
6000,1.0,0.30033403635025024,canonical transformer,transformer_add97_f0.3_wd1.0_softmax_ce_s2,2,30000
6100,1.0,0.300030380487442,canonical transformer,transformer_add97_f0.3_wd1.0_softmax_ce_s2,2,30000
6200,1.0,0.30063772201538086,canonical transformer,transformer_add97_f0.3_wd1.0_softmax_ce_s2,2,30000
6300,1.0,0.2995748519897461,canonical transformer,transformer_add97_f0.3_wd1.0_softmax_ce_s2,2,30000
6400,1.0,0.300030380487442,canonical transformer,transformer_add97_f0.3_wd1.0_softmax_ce_s2,2,30000
6500,1.0,0.30063772201538086,canonical transformer,transformer_add97_f0.3_wd1.0_softmax_ce_s2,2,30000
6600,1.0,0.3010932207107544,canonical transformer,transformer_add97_f0.3_wd1.0_softmax_ce_s2,2,30000
6700,1.0,0.2997266948223114,canonical transformer,transformer_add97_f0.3_wd1.0_softmax_ce_s2,2,30000
6800,1.0,0.29896751046180725,canonical transformer,transformer_add97_f0.3_wd1.0_softmax_ce_s2,2,30000
6900,1.0,0.29896751046180725,canonical transformer,transformer_add97_f0.3_wd1.0_softmax_ce_s2,2,30000
7000,1.0,0.29911935329437256,canonical transformer,transformer_add97_f0.3_wd1.0_softmax_ce_s2,2,30000
7100,1.0,0.2994230091571808,canonical transformer,transformer_add97_f0.3_wd1.0_softmax_ce_s2,2,30000
7200,1.0,0.2997266948223114,canonical transformer,transformer_add97_f0.3_wd1.0_softmax_ce_s2,2,30000
7300,1.0,0.30018219351768494,canonical transformer,transformer_add97_f0.3_wd1.0_softmax_ce_s2,2,30000
7400,1.0,0.3010932207107544,canonical transformer,transformer_add97_f0.3_wd1.0_softmax_ce_s2,2,30000
7500,1.0,0.3024597764015198,canonical transformer,transformer_add97_f0.3_wd1.0_softmax_ce_s2,2,30000
7600,1.0,0.30033403635025024,canonical transformer,transformer_add97_f0.3_wd1.0_softmax_ce_s2,2,30000
7700,1.0,0.2995748519897461,canonical transformer,transformer_add97_f0.3_wd1.0_softmax_ce_s2,2,30000
7800,1.0,0.300030380487442,canonical transformer,transformer_add97_f0.3_wd1.0_softmax_ce_s2,2,30000
7900,1.0,0.3009413778781891,canonical transformer,transformer_add97_f0.3_wd1.0_softmax_ce_s2,2,30000
8000,1.0,0.30048587918281555,canonical transformer,transformer_add97_f0.3_wd1.0_softmax_ce_s2,2,30000
8100,1.0,0.30200424790382385,canonical transformer,transformer_add97_f0.3_wd1.0_softmax_ce_s2,2,30000
8200,1.0,0.3024597764015198,canonical transformer,transformer_add97_f0.3_wd1.0_softmax_ce_s2,2,30000
8300,1.0,0.30185240507125854,canonical transformer,transformer_add97_f0.3_wd1.0_softmax_ce_s2,2,30000
8400,1.0,0.30200424790382385,canonical transformer,transformer_add97_f0.3_wd1.0_softmax_ce_s2,2,30000
8500,1.0,0.30230793356895447,canonical transformer,transformer_add97_f0.3_wd1.0_softmax_ce_s2,2,30000
8600,1.0,0.3015487492084503,canonical transformer,transformer_add97_f0.3_wd1.0_softmax_ce_s2,2,30000
8700,1.0,0.30063772201538086,canonical transformer,transformer_add97_f0.3_wd1.0_softmax_ce_s2,2,30000
8800,1.0,0.30185240507125854,canonical transformer,transformer_add97_f0.3_wd1.0_softmax_ce_s2,2,30000
8900,1.0,0.30215609073638916,canonical transformer,transformer_add97_f0.3_wd1.0_softmax_ce_s2,2,30000
9000,1.0,0.3042818009853363,canonical transformer,transformer_add97_f0.3_wd1.0_softmax_ce_s2,2,30000
9100,1.0,0.3032189607620239,canonical transformer,transformer_add97_f0.3_wd1.0_softmax_ce_s2,2,30000
9200,1.0,0.304129958152771,canonical transformer,transformer_add97_f0.3_wd1.0_softmax_ce_s2,2,30000
9300,1.0,0.3042818009853363,canonical transformer,transformer_add97_f0.3_wd1.0_softmax_ce_s2,2,30000
9400,1.0,0.3039781451225281,canonical transformer,transformer_add97_f0.3_wd1.0_softmax_ce_s2,2,30000
9500,1.0,0.30382630228996277,canonical transformer,transformer_add97_f0.3_wd1.0_softmax_ce_s2,2,30000
9600,1.0,0.304129958152771,canonical transformer,transformer_add97_f0.3_wd1.0_softmax_ce_s2,2,30000
9700,1.0,0.3054965138435364,canonical transformer,transformer_add97_f0.3_wd1.0_softmax_ce_s2,2,30000
9800,1.0,0.30200424790382385,canonical transformer,transformer_add97_f0.3_wd1.0_softmax_ce_s2,2,30000
9900,1.0,0.30352261662483215,canonical transformer,transformer_add97_f0.3_wd1.0_softmax_ce_s2,2,30000
10000,1.0,0.3032189607620239,canonical transformer,transformer_add97_f0.3_wd1.0_softmax_ce_s2,2,30000
10100,1.0,0.30337077379226685,canonical transformer,transformer_add97_f0.3_wd1.0_softmax_ce_s2,2,30000
10200,1.0,0.304129958152771,canonical transformer,transformer_add97_f0.3_wd1.0_softmax_ce_s2,2,30000
10300,1.0,0.3042818009853363,canonical transformer,transformer_add97_f0.3_wd1.0_softmax_ce_s2,2,30000
10400,1.0,0.30352261662483215,canonical transformer,transformer_add97_f0.3_wd1.0_softmax_ce_s2,2,30000
10500,1.0,0.30352261662483215,canonical transformer,transformer_add97_f0.3_wd1.0_softmax_ce_s2,2,30000
10600,1.0,0.3042818009853363,canonical transformer,transformer_add97_f0.3_wd1.0_softmax_ce_s2,2,30000
10700,1.0,0.30488917231559753,canonical transformer,transformer_add97_f0.3_wd1.0_softmax_ce_s2,2,30000
10800,1.0,0.304129958152771,canonical transformer,transformer_add97_f0.3_wd1.0_softmax_ce_s2,2,30000
10900,1.0,0.30488917231559753,canonical transformer,transformer_add97_f0.3_wd1.0_softmax_ce_s2,2,30000
11000,1.0,0.3026115894317627,canonical transformer,transformer_add97_f0.3_wd1.0_softmax_ce_s2,2,30000
11100,1.0,0.304129958152771,canonical transformer,transformer_add97_f0.3_wd1.0_softmax_ce_s2,2,30000
11200,1.0,0.3056483566761017,canonical transformer,transformer_add97_f0.3_wd1.0_softmax_ce_s2,2,30000
11300,1.0,0.3047373294830322,canonical transformer,transformer_add97_f0.3_wd1.0_softmax_ce_s2,2,30000
11400,1.0,0.3044336438179016,canonical transformer,transformer_add97_f0.3_wd1.0_softmax_ce_s2,2,30000
11500,1.0,0.30534467101097107,canonical transformer,transformer_add97_f0.3_wd1.0_softmax_ce_s2,2,30000
11600,1.0,0.3059520125389099,canonical transformer,transformer_add97_f0.3_wd1.0_softmax_ce_s2,2,30000
11700,1.0,0.30640754103660583,canonical transformer,transformer_add97_f0.3_wd1.0_softmax_ce_s2,2,30000
11800,1.0,0.3059520125389099,canonical transformer,transformer_add97_f0.3_wd1.0_softmax_ce_s2,2,30000
11900,1.0,0.30686303973197937,canonical transformer,transformer_add97_f0.3_wd1.0_softmax_ce_s2,2,30000
12000,1.0,0.30655935406684875,canonical transformer,transformer_add97_f0.3_wd1.0_softmax_ce_s2,2,30000
12100,1.0,0.3059520125389099,canonical transformer,transformer_add97_f0.3_wd1.0_softmax_ce_s2,2,30000
12200,1.0,0.304129958152771,canonical transformer,transformer_add97_f0.3_wd1.0_softmax_ce_s2,2,30000
12300,1.0,0.3074703812599182,canonical transformer,transformer_add97_f0.3_wd1.0_softmax_ce_s2,2,30000
12400,1.0,0.3074703812599182,canonical transformer,transformer_add97_f0.3_wd1.0_softmax_ce_s2,2,30000
12500,1.0,0.30640754103660583,canonical transformer,transformer_add97_f0.3_wd1.0_softmax_ce_s2,2,30000
12600,1.0,0.30792590975761414,canonical transformer,transformer_add97_f0.3_wd1.0_softmax_ce_s2,2,30000
12700,1.0,0.30655935406684875,canonical transformer,transformer_add97_f0.3_wd1.0_softmax_ce_s2,2,30000
12800,1.0,0.3073185682296753,canonical transformer,transformer_add97_f0.3_wd1.0_softmax_ce_s2,2,30000
12900,1.0,0.30686303973197937,canonical transformer,transformer_add97_f0.3_wd1.0_softmax_ce_s2,2,30000
13000,1.0,0.30671119689941406,canonical transformer,transformer_add97_f0.3_wd1.0_softmax_ce_s2,2,30000
13100,1.0,0.3086850941181183,canonical transformer,transformer_add97_f0.3_wd1.0_softmax_ce_s2,2,30000
13200,1.0,0.3091405928134918,canonical transformer,transformer_add97_f0.3_wd1.0_softmax_ce_s2,2,30000
13300,1.0,0.30959612131118774,canonical transformer,transformer_add97_f0.3_wd1.0_softmax_ce_s2,2,30000
13400,1.0,0.30807775259017944,canonical transformer,transformer_add97_f0.3_wd1.0_softmax_ce_s2,2,30000
13500,1.0,0.30929243564605713,canonical transformer,transformer_add97_f0.3_wd1.0_softmax_ce_s2,2,30000
13600,1.0,0.3091405928134918,canonical transformer,transformer_add97_f0.3_wd1.0_softmax_ce_s2,2,30000
13700,1.0,0.30989977717399597,canonical transformer,transformer_add97_f0.3_wd1.0_softmax_ce_s2,2,30000
13800,1.0,0.30974796414375305,canonical transformer,transformer_add97_f0.3_wd1.0_softmax_ce_s2,2,30000
13900,1.0,0.3088369369506836,canonical transformer,transformer_add97_f0.3_wd1.0_softmax_ce_s2,2,30000
14000,1.0,0.3091405928134918,canonical transformer,transformer_add97_f0.3_wd1.0_softmax_ce_s2,2,30000
14100,1.0,0.3091405928134918,canonical transformer,transformer_add97_f0.3_wd1.0_softmax_ce_s2,2,30000
14200,1.0,0.30777406692504883,canonical transformer,transformer_add97_f0.3_wd1.0_softmax_ce_s2,2,30000
14300,1.0,0.3118736743927002,canonical transformer,transformer_add97_f0.3_wd1.0_softmax_ce_s2,2,30000
14400,1.0,0.31445491313934326,canonical transformer,transformer_add97_f0.3_wd1.0_softmax_ce_s2,2,30000
14500,1.0,0.3136957287788391,canonical transformer,transformer_add97_f0.3_wd1.0_softmax_ce_s2,2,30000
14600,1.0,0.31445491313934326,canonical transformer,transformer_add97_f0.3_wd1.0_softmax_ce_s2,2,30000
14700,1.0,0.31445491313934326,canonical transformer,transformer_add97_f0.3_wd1.0_softmax_ce_s2,2,30000
14800,1.0,0.31384754180908203,canonical transformer,transformer_add97_f0.3_wd1.0_softmax_ce_s2,2,30000
14900,1.0,0.31384754180908203,canonical transformer,transformer_add97_f0.3_wd1.0_softmax_ce_s2,2,30000
15000,1.0,0.31445491313934326,canonical transformer,transformer_add97_f0.3_wd1.0_softmax_ce_s2,2,30000
15100,1.0,0.3147585690021515,canonical transformer,transformer_add97_f0.3_wd1.0_softmax_ce_s2,2,30000
15200,1.0,0.31399938464164734,canonical transformer,transformer_add97_f0.3_wd1.0_softmax_ce_s2,2,30000
15300,1.0,0.3114181458950043,canonical transformer,transformer_add97_f0.3_wd1.0_softmax_ce_s2,2,30000
15400,1.0,0.31749165058135986,canonical transformer,transformer_add97_f0.3_wd1.0_softmax_ce_s2,2,30000
15500,1.0,0.31703612208366394,canonical transformer,transformer_add97_f0.3_wd1.0_softmax_ce_s2,2,30000
15600,1.0,0.3147585690021515,canonical transformer,transformer_add97_f0.3_wd1.0_softmax_ce_s2,2,30000
15700,1.0,0.31597328186035156,canonical transformer,transformer_add97_f0.3_wd1.0_softmax_ce_s2,2,30000
15800,1.0,0.31749165058135986,canonical transformer,transformer_add97_f0.3_wd1.0_softmax_ce_s2,2,30000
15900,1.0,0.3180989921092987,canonical transformer,transformer_add97_f0.3_wd1.0_softmax_ce_s2,2,30000
16000,1.0,0.316884309053421,canonical transformer,transformer_add97_f0.3_wd1.0_softmax_ce_s2,2,30000
16100,1.0,0.31718796491622925,canonical transformer,transformer_add97_f0.3_wd1.0_softmax_ce_s2,2,30000
16200,1.0,0.3153659403324127,canonical transformer,transformer_add97_f0.3_wd1.0_softmax_ce_s2,2,30000
16300,1.0,0.31551775336265564,canonical transformer,transformer_add97_f0.3_wd1.0_softmax_ce_s2,2,30000
16400,1.0,0.3165806233882904,canonical transformer,transformer_add97_f0.3_wd1.0_softmax_ce_s2,2,30000
16500,1.0,0.31278470158576965,canonical transformer,transformer_add97_f0.3_wd1.0_softmax_ce_s2,2,30000
16600,1.0,0.31582143902778625,canonical transformer,transformer_add97_f0.3_wd1.0_softmax_ce_s2,2,30000
16700,1.0,0.3164287805557251,canonical transformer,transformer_add97_f0.3_wd1.0_softmax_ce_s2,2,30000
16800,1.0,0.318250834941864,canonical transformer,transformer_add97_f0.3_wd1.0_softmax_ce_s2,2,30000
16900,1.0,0.3194655179977417,canonical transformer,transformer_add97_f0.3_wd1.0_softmax_ce_s2,2,30000
17000,1.0,0.32052838802337646,canonical transformer,transformer_add97_f0.3_wd1.0_softmax_ce_s2,2,30000
17100,1.0,0.3209839165210724,canonical transformer,transformer_add97_f0.3_wd1.0_softmax_ce_s2,2,30000
17200,1.0,0.3194655179977417,canonical transformer,transformer_add97_f0.3_wd1.0_softmax_ce_s2,2,30000
17300,1.0,0.31885817646980286,canonical transformer,transformer_add97_f0.3_wd1.0_softmax_ce_s2,2,30000
17400,1.0,0.31764349341392517,canonical transformer,transformer_add97_f0.3_wd1.0_softmax_ce_s2,2,30000
17500,1.0,0.3164287805557251,canonical transformer,transformer_add97_f0.3_wd1.0_softmax_ce_s2,2,30000
17600,0.9440311789512634,0.28833889961242676,canonical transformer,transformer_add97_f0.3_wd1.0_softmax_ce_s2,2,30000
17700,1.0,0.32310962677001953,canonical transformer,transformer_add97_f0.3_wd1.0_softmax_ce_s2,2,30000
17800,1.0,0.322654128074646,canonical transformer,transformer_add97_f0.3_wd1.0_softmax_ce_s2,2,30000
17900,1.0,0.32356512546539307,canonical transformer,transformer_add97_f0.3_wd1.0_softmax_ce_s2,2,30000
18000,1.0,0.32508352398872375,canonical transformer,transformer_add97_f0.3_wd1.0_softmax_ce_s2,2,30000
18100,1.0,0.32645004987716675,canonical transformer,transformer_add97_f0.3_wd1.0_softmax_ce_s2,2,30000
18200,1.0,0.32629820704460144,canonical transformer,transformer_add97_f0.3_wd1.0_softmax_ce_s2,2,30000
18300,1.0,0.32493168115615845,canonical transformer,transformer_add97_f0.3_wd1.0_softmax_ce_s2,2,30000
18400,1.0,0.3238688111305237,canonical transformer,transformer_add97_f0.3_wd1.0_softmax_ce_s2,2,30000
18500,1.0,0.3229577839374542,canonical transformer,transformer_add97_f0.3_wd1.0_softmax_ce_s2,2,30000
18600,1.0,0.32310962677001953,canonical transformer,transformer_add97_f0.3_wd1.0_softmax_ce_s2,2,30000
18700,1.0,0.3225022852420807,canonical transformer,transformer_add97_f0.3_wd1.0_softmax_ce_s2,2,30000
18800,1.0,0.3331308960914612,canonical transformer,transformer_add97_f0.3_wd1.0_softmax_ce_s2,2,30000
18900,1.0,0.33874887228012085,canonical transformer,transformer_add97_f0.3_wd1.0_softmax_ce_s2,2,30000
19000,1.0,0.33707866072654724,canonical transformer,transformer_add97_f0.3_wd1.0_softmax_ce_s2,2,30000
19100,1.0,0.3361676335334778,canonical transformer,transformer_add97_f0.3_wd1.0_softmax_ce_s2,2,30000
19200,1.0,0.3344974219799042,canonical transformer,transformer_add97_f0.3_wd1.0_softmax_ce_s2,2,30000
19300,1.0,0.3360157907009125,canonical transformer,transformer_add97_f0.3_wd1.0_softmax_ce_s2,2,30000
19400,1.0,0.33692681789398193,canonical transformer,transformer_add97_f0.3_wd1.0_softmax_ce_s2,2,30000
19500,1.0,0.33434557914733887,canonical transformer,transformer_add97_f0.3_wd1.0_softmax_ce_s2,2,30000
19600,1.0,0.33434557914733887,canonical transformer,transformer_add97_f0.3_wd1.0_softmax_ce_s2,2,30000
19700,1.0,0.33389008045196533,canonical transformer,transformer_add97_f0.3_wd1.0_softmax_ce_s2,2,30000
19800,1.0,0.32963863015174866,canonical transformer,transformer_add97_f0.3_wd1.0_softmax_ce_s2,2,30000
19900,1.0,0.3300941288471222,canonical transformer,transformer_add97_f0.3_wd1.0_softmax_ce_s2,2,30000
20000,1.0,0.3454296886920929,canonical transformer,transformer_add97_f0.3_wd1.0_softmax_ce_s2,2,30000
20100,1.0,0.3489219546318054,canonical transformer,transformer_add97_f0.3_wd1.0_softmax_ce_s2,2,30000
20200,1.0,0.34968113899230957,canonical transformer,transformer_add97_f0.3_wd1.0_softmax_ce_s2,2,30000
20300,1.0,0.3513513505458832,canonical transformer,transformer_add97_f0.3_wd1.0_softmax_ce_s2,2,30000
20400,1.0,0.3548436164855957,canonical transformer,transformer_add97_f0.3_wd1.0_softmax_ce_s2,2,30000
20500,1.0,0.3545399308204651,canonical transformer,transformer_add97_f0.3_wd1.0_softmax_ce_s2,2,30000
20600,1.0,0.3534770607948303,canonical transformer,transformer_add97_f0.3_wd1.0_softmax_ce_s2,2,30000
20700,1.0,0.35089585185050964,canonical transformer,transformer_add97_f0.3_wd1.0_softmax_ce_s2,2,30000
20800,1.0,0.3518068492412567,canonical transformer,transformer_add97_f0.3_wd1.0_softmax_ce_s2,2,30000
20900,1.0,0.34922564029693604,canonical transformer,transformer_add97_f0.3_wd1.0_softmax_ce_s2,2,30000
21000,1.0,0.34952929615974426,canonical transformer,transformer_add97_f0.3_wd1.0_softmax_ce_s2,2,30000
21100,1.0,0.3454296886920929,canonical transformer,transformer_add97_f0.3_wd1.0_softmax_ce_s2,2,30000
21200,1.0,0.35089585185050964,canonical transformer,transformer_add97_f0.3_wd1.0_softmax_ce_s2,2,30000
21300,1.0,0.36440935730934143,canonical transformer,transformer_add97_f0.3_wd1.0_softmax_ce_s2,2,30000
21400,1.0,0.3672942519187927,canonical transformer,transformer_add97_f0.3_wd1.0_softmax_ce_s2,2,30000
21500,1.0,0.37078651785850525,canonical transformer,transformer_add97_f0.3_wd1.0_softmax_ce_s2,2,30000
21600,1.0,0.3700273334980011,canonical transformer,transformer_add97_f0.3_wd1.0_softmax_ce_s2,2,30000
21700,1.0,0.3701791763305664,canonical transformer,transformer_add97_f0.3_wd1.0_softmax_ce_s2,2,30000
21800,1.0,0.3672942519187927,canonical transformer,transformer_add97_f0.3_wd1.0_softmax_ce_s2,2,30000
21900,1.0,0.36623141169548035,canonical transformer,transformer_add97_f0.3_wd1.0_softmax_ce_s2,2,30000
22000,1.0,0.36197996139526367,canonical transformer,transformer_add97_f0.3_wd1.0_softmax_ce_s2,2,30000
22100,1.0,0.3597024083137512,canonical transformer,transformer_add97_f0.3_wd1.0_softmax_ce_s2,2,30000
22200,1.0,0.35408443212509155,canonical transformer,transformer_add97_f0.3_wd1.0_softmax_ce_s2,2,30000
22300,1.0,0.35271787643432617,canonical transformer,transformer_add97_f0.3_wd1.0_softmax_ce_s2,2,30000
22400,1.0,0.3518068492412567,canonical transformer,transformer_add97_f0.3_wd1.0_softmax_ce_s2,2,30000
22500,1.0,0.3703309893608093,canonical transformer,transformer_add97_f0.3_wd1.0_softmax_ce_s2,2,30000
22600,1.0,0.3824779689311981,canonical transformer,transformer_add97_f0.3_wd1.0_softmax_ce_s2,2,30000
22700,1.0,0.3824779689311981,canonical transformer,transformer_add97_f0.3_wd1.0_softmax_ce_s2,2,30000
22800,1.0,0.38308534026145935,canonical transformer,transformer_add97_f0.3_wd1.0_softmax_ce_s2,2,30000
22900,1.0,0.3835408389568329,canonical transformer,transformer_add97_f0.3_wd1.0_softmax_ce_s2,2,30000
23000,1.0,0.38278165459632874,canonical transformer,transformer_add97_f0.3_wd1.0_softmax_ce_s2,2,30000
23100,1.0,0.3824779689311981,canonical transformer,transformer_add97_f0.3_wd1.0_softmax_ce_s2,2,30000
23200,1.0,0.3776191771030426,canonical transformer,transformer_add97_f0.3_wd1.0_softmax_ce_s2,2,30000
23300,1.0,0.3735195994377136,canonical transformer,transformer_add97_f0.3_wd1.0_softmax_ce_s2,2,30000
23400,1.0,0.3729122281074524,canonical transformer,transformer_add97_f0.3_wd1.0_softmax_ce_s2,2,30000
23500,1.0,0.36440935730934143,canonical transformer,transformer_add97_f0.3_wd1.0_softmax_ce_s2,2,30000
23600,1.0,0.42894017696380615,canonical transformer,transformer_add97_f0.3_wd1.0_softmax_ce_s2,2,30000
23700,1.0,0.4278773069381714,canonical transformer,transformer_add97_f0.3_wd1.0_softmax_ce_s2,2,30000
23800,1.0,0.5028849244117737,canonical transformer,transformer_add97_f0.3_wd1.0_softmax_ce_s2,2,30000
23900,1.0,0.5457029938697815,canonical transformer,transformer_add97_f0.3_wd1.0_softmax_ce_s2,2,30000
24000,1.0,0.5182204842567444,canonical transformer,transformer_add97_f0.3_wd1.0_softmax_ce_s2,2,30000
24100,1.0,0.5047069787979126,canonical transformer,transformer_add97_f0.3_wd1.0_softmax_ce_s2,2,30000
24200,1.0,0.49939265847206116,canonical transformer,transformer_add97_f0.3_wd1.0_softmax_ce_s2,2,30000
24300,1.0,0.4860309660434723,canonical transformer,transformer_add97_f0.3_wd1.0_softmax_ce_s2,2,30000
24400,1.0,0.47358033061027527,canonical transformer,transformer_add97_f0.3_wd1.0_softmax_ce_s2,2,30000
24500,1.0,0.4647737741470337,canonical transformer,transformer_add97_f0.3_wd1.0_softmax_ce_s2,2,30000
24600,1.0,0.4573337435722351,canonical transformer,transformer_add97_f0.3_wd1.0_softmax_ce_s2,2,30000
24700,1.0,0.45050105452537537,canonical transformer,transformer_add97_f0.3_wd1.0_softmax_ce_s2,2,30000
24800,1.0,0.44123899936676025,canonical transformer,transformer_add97_f0.3_wd1.0_softmax_ce_s2,2,30000
24900,1.0,0.4356210231781006,canonical transformer,transformer_add97_f0.3_wd1.0_softmax_ce_s2,2,30000
25000,1.0,0.430914044380188,canonical transformer,transformer_add97_f0.3_wd1.0_softmax_ce_s2,2,30000
25100,1.0,0.4650774300098419,canonical transformer,transformer_add97_f0.3_wd1.0_softmax_ce_s2,2,30000
25200,1.0,0.5048587918281555,canonical transformer,transformer_add97_f0.3_wd1.0_softmax_ce_s2,2,30000
25300,1.0,0.5127543210983276,canonical transformer,transformer_add97_f0.3_wd1.0_softmax_ce_s2,2,30000
25400,1.0,0.5110841393470764,canonical transformer,transformer_add97_f0.3_wd1.0_softmax_ce_s2,2,30000
25500,1.0,0.5215609073638916,canonical transformer,transformer_add97_f0.3_wd1.0_softmax_ce_s2,2,30000
25600,1.0,0.5277861952781677,canonical transformer,transformer_add97_f0.3_wd1.0_softmax_ce_s2,2,30000
25700,1.0,0.5274825096130371,canonical transformer,transformer_add97_f0.3_wd1.0_softmax_ce_s2,2,30000
25800,1.0,0.5259641408920288,canonical transformer,transformer_add97_f0.3_wd1.0_softmax_ce_s2,2,30000
25900,1.0,0.516853928565979,canonical transformer,transformer_add97_f0.3_wd1.0_softmax_ce_s2,2,30000
26000,1.0,0.5051624774932861,canonical transformer,transformer_add97_f0.3_wd1.0_softmax_ce_s2,2,30000
26100,1.0,0.4980261027812958,canonical transformer,transformer_add97_f0.3_wd1.0_softmax_ce_s2,2,30000
26200,1.0,0.49164894223213196,canonical transformer,transformer_add97_f0.3_wd1.0_softmax_ce_s2,2,30000
26300,1.0,0.5892803072929382,canonical transformer,transformer_add97_f0.3_wd1.0_softmax_ce_s2,2,30000
26400,1.0,0.6111448407173157,canonical transformer,transformer_add97_f0.3_wd1.0_softmax_ce_s2,2,30000
26500,1.0,0.6161555051803589,canonical transformer,transformer_add97_f0.3_wd1.0_softmax_ce_s2,2,30000
26600,1.0,0.6270877718925476,canonical transformer,transformer_add97_f0.3_wd1.0_softmax_ce_s2,2,30000
26700,1.0,0.6305800080299377,canonical transformer,transformer_add97_f0.3_wd1.0_softmax_ce_s2,2,30000
26800,1.0,0.6255694031715393,canonical transformer,transformer_add97_f0.3_wd1.0_softmax_ce_s2,2,30000
26900,1.0,0.6199514269828796,canonical transformer,transformer_add97_f0.3_wd1.0_softmax_ce_s2,2,30000
27000,1.0,0.6056787371635437,canonical transformer,transformer_add97_f0.3_wd1.0_softmax_ce_s2,2,30000
27100,1.0,0.595809280872345,canonical transformer,transformer_add97_f0.3_wd1.0_softmax_ce_s2,2,30000
27200,1.0,0.5854843854904175,canonical transformer,transformer_add97_f0.3_wd1.0_softmax_ce_s2,2,30000
27300,1.0,0.5742484331130981,canonical transformer,transformer_add97_f0.3_wd1.0_softmax_ce_s2,2,30000
27400,1.0,0.598390519618988,canonical transformer,transformer_add97_f0.3_wd1.0_softmax_ce_s2,2,30000
27500,1.0,0.7042210698127747,canonical transformer,transformer_add97_f0.3_wd1.0_softmax_ce_s2,2,30000
27600,1.0,0.7408138513565063,canonical transformer,transformer_add97_f0.3_wd1.0_softmax_ce_s2,2,30000
27700,1.0,0.7397509813308716,canonical transformer,transformer_add97_f0.3_wd1.0_softmax_ce_s2,2,30000
27800,1.0,0.7400546669960022,canonical transformer,transformer_add97_f0.3_wd1.0_softmax_ce_s2,2,30000
27900,1.0,0.74369877576828,canonical transformer,transformer_add97_f0.3_wd1.0_softmax_ce_s2,2,30000
28000,1.0,0.742028534412384,canonical transformer,transformer_add97_f0.3_wd1.0_softmax_ce_s2,2,30000
28100,1.0,0.7348921895027161,canonical transformer,transformer_add97_f0.3_wd1.0_softmax_ce_s2,2,30000
28200,1.0,0.7259337902069092,canonical transformer,transformer_add97_f0.3_wd1.0_softmax_ce_s2,2,30000
28300,1.0,0.7098390460014343,canonical transformer,transformer_add97_f0.3_wd1.0_softmax_ce_s2,2,30000
28400,1.0,0.6976920962333679,canonical transformer,transformer_add97_f0.3_wd1.0_softmax_ce_s2,2,30000
28500,0.9620970487594604,0.4327360987663269,canonical transformer,transformer_add97_f0.3_wd1.0_softmax_ce_s2,2,30000
28600,1.0,0.7081688642501831,canonical transformer,transformer_add97_f0.3_wd1.0_softmax_ce_s2,2,30000
28700,1.0,0.760552704334259,canonical transformer,transformer_add97_f0.3_wd1.0_softmax_ce_s2,2,30000
28800,1.0,0.8039781451225281,canonical transformer,transformer_add97_f0.3_wd1.0_softmax_ce_s2,2,30000
28900,1.0,0.8358639478683472,canonical transformer,transformer_add97_f0.3_wd1.0_softmax_ce_s2,2,30000
29000,1.0,0.8528697490692139,canonical transformer,transformer_add97_f0.3_wd1.0_softmax_ce_s2,2,30000
29100,1.0,0.8578803539276123,canonical transformer,transformer_add97_f0.3_wd1.0_softmax_ce_s2,2,30000
29200,1.0,0.8589432239532471,canonical transformer,transformer_add97_f0.3_wd1.0_softmax_ce_s2,2,30000
29300,1.0,0.8513513207435608,canonical transformer,transformer_add97_f0.3_wd1.0_softmax_ce_s2,2,30000
29400,1.0,0.8443668484687805,canonical transformer,transformer_add97_f0.3_wd1.0_softmax_ce_s2,2,30000
29500,1.0,0.8334345817565918,canonical transformer,transformer_add97_f0.3_wd1.0_softmax_ce_s2,2,30000
29600,1.0,0.8243243098258972,canonical transformer,transformer_add97_f0.3_wd1.0_softmax_ce_s2,2,30000
29700,1.0,0.8161250948905945,canonical transformer,transformer_add97_f0.3_wd1.0_softmax_ce_s2,2,30000
29800,1.0,0.8127846717834473,canonical transformer,transformer_add97_f0.3_wd1.0_softmax_ce_s2,2,30000
29900,1.0,0.8833889961242676,canonical transformer,transformer_add97_f0.3_wd1.0_softmax_ce_s2,2,30000
30000,1.0,0.9328879117965698,canonical transformer,transformer_add97_f0.3_wd1.0_softmax_ce_s2,2,30000
30100,1.0,0.9407835006713867,canonical transformer,transformer_add97_f0.3_wd1.0_softmax_ce_s2,2,30000
30200,1.0,0.9410871267318726,canonical transformer,transformer_add97_f0.3_wd1.0_softmax_ce_s2,2,30000
30300,1.0,0.9439720511436462,canonical transformer,transformer_add97_f0.3_wd1.0_softmax_ce_s2,2,30000
30400,1.0,0.9483753442764282,canonical transformer,transformer_add97_f0.3_wd1.0_softmax_ce_s2,2,30000
30500,1.0,0.9451867341995239,canonical transformer,transformer_add97_f0.3_wd1.0_softmax_ce_s2,2,30000
30600,1.0,0.9407835006713867,canonical transformer,transformer_add97_f0.3_wd1.0_softmax_ce_s2,2,30000
30700,1.0,0.9339507818222046,canonical transformer,transformer_add97_f0.3_wd1.0_softmax_ce_s2,2,30000
30800,1.0,0.9303067326545715,canonical transformer,transformer_add97_f0.3_wd1.0_softmax_ce_s2,2,30000
30900,1.0,0.9243850708007812,canonical transformer,transformer_add97_f0.3_wd1.0_softmax_ce_s2,2,30000
31000,1.0,0.9207409620285034,canonical transformer,transformer_add97_f0.3_wd1.0_softmax_ce_s2,2,30000
31100,1.0,0.9524749517440796,canonical transformer,transformer_add97_f0.3_wd1.0_softmax_ce_s2,2,30000
31200,1.0,0.9816277027130127,canonical transformer,transformer_add97_f0.3_wd1.0_softmax_ce_s2,2,30000
31300,1.0,0.9852718114852905,canonical transformer,transformer_add97_f0.3_wd1.0_softmax_ce_s2,2,30000
31400,1.0,0.9898269176483154,canonical transformer,transformer_add97_f0.3_wd1.0_softmax_ce_s2,2,30000
31500,1.0,0.9927117824554443,canonical transformer,transformer_add97_f0.3_wd1.0_softmax_ce_s2,2,30000
31600,1.0,0.9934709668159485,canonical transformer,transformer_add97_f0.3_wd1.0_softmax_ce_s2,2,30000
31700,1.0,0.9933191537857056,canonical transformer,transformer_add97_f0.3_wd1.0_softmax_ce_s2,2,30000
31800,1.0,0.9913452863693237,canonical transformer,transformer_add97_f0.3_wd1.0_softmax_ce_s2,2,30000
31900,1.0,0.9904342293739319,canonical transformer,transformer_add97_f0.3_wd1.0_softmax_ce_s2,2,30000
32000,1.0,0.9890677332878113,canonical transformer,transformer_add97_f0.3_wd1.0_softmax_ce_s2,2,30000
32100,1.0,0.98846036195755,canonical transformer,transformer_add97_f0.3_wd1.0_softmax_ce_s2,2,30000
32200,1.0,0.9650774598121643,canonical transformer,transformer_add97_f0.3_wd1.0_softmax_ce_s2,2,30000
32300,1.0,0.9951412081718445,canonical transformer,transformer_add97_f0.3_wd1.0_softmax_ce_s2,2,30000
32400,1.0,0.9990890026092529,canonical transformer,transformer_add97_f0.3_wd1.0_softmax_ce_s2,2,30000
32500,1.0,1.0,canonical transformer,transformer_add97_f0.3_wd1.0_softmax_ce_s2,2,30000
32600,1.0,1.0,canonical transformer,transformer_add97_f0.3_wd1.0_softmax_ce_s2,2,30000
32700,1.0,1.0,canonical transformer,transformer_add97_f0.3_wd1.0_softmax_ce_s2,2,30000
32800,1.0,1.0,canonical transformer,transformer_add97_f0.3_wd1.0_softmax_ce_s2,2,30000
32900,1.0,1.0,canonical transformer,transformer_add97_f0.3_wd1.0_softmax_ce_s2,2,30000
33000,1.0,1.0,canonical transformer,transformer_add97_f0.3_wd1.0_softmax_ce_s2,2,30000
33100,1.0,1.0,canonical transformer,transformer_add97_f0.3_wd1.0_softmax_ce_s2,2,30000
33200,1.0,1.0,canonical transformer,transformer_add97_f0.3_wd1.0_softmax_ce_s2,2,30000
33300,1.0,1.0,canonical transformer,transformer_add97_f0.3_wd1.0_softmax_ce_s2,2,30000
33400,1.0,0.9843607544898987,canonical transformer,transformer_add97_f0.3_wd1.0_softmax_ce_s2,2,30000
33500,1.0,0.9989371299743652,canonical transformer,transformer_add97_f0.3_wd1.0_softmax_ce_s2,2,30000
33600,1.0,1.0,canonical transformer,transformer_add97_f0.3_wd1.0_softmax_ce_s2,2,30000
33700,1.0,1.0,canonical transformer,transformer_add97_f0.3_wd1.0_softmax_ce_s2,2,30000
33800,1.0,1.0,canonical transformer,transformer_add97_f0.3_wd1.0_softmax_ce_s2,2,30000
33900,1.0,1.0,canonical transformer,transformer_add97_f0.3_wd1.0_softmax_ce_s2,2,30000
34000,1.0,1.0,canonical transformer,transformer_add97_f0.3_wd1.0_softmax_ce_s2,2,30000
34100,1.0,1.0,canonical transformer,transformer_add97_f0.3_wd1.0_softmax_ce_s2,2,30000
34200,1.0,1.0,canonical transformer,transformer_add97_f0.3_wd1.0_softmax_ce_s2,2,30000
34300,1.0,1.0,canonical transformer,transformer_add97_f0.3_wd1.0_softmax_ce_s2,2,30000
34400,1.0,1.0,canonical transformer,transformer_add97_f0.3_wd1.0_softmax_ce_s2,2,30000
34500,1.0,1.0,canonical transformer,transformer_add97_f0.3_wd1.0_softmax_ce_s2,2,30000
34600,1.0,0.9750986695289612,canonical transformer,transformer_add97_f0.3_wd1.0_softmax_ce_s2,2,30000
34700,1.0,1.0,canonical transformer,transformer_add97_f0.3_wd1.0_softmax_ce_s2,2,30000
34800,1.0,1.0,canonical transformer,transformer_add97_f0.3_wd1.0_softmax_ce_s2,2,30000
34900,1.0,1.0,canonical transformer,transformer_add97_f0.3_wd1.0_softmax_ce_s2,2,30000
35000,1.0,1.0,canonical transformer,transformer_add97_f0.3_wd1.0_softmax_ce_s2,2,30000
35100,1.0,1.0,canonical transformer,transformer_add97_f0.3_wd1.0_softmax_ce_s2,2,30000
35200,1.0,1.0,canonical transformer,transformer_add97_f0.3_wd1.0_softmax_ce_s2,2,30000
35300,1.0,1.0,canonical transformer,transformer_add97_f0.3_wd1.0_softmax_ce_s2,2,30000
35400,1.0,1.0,canonical transformer,transformer_add97_f0.3_wd1.0_softmax_ce_s2,2,30000
35500,1.0,1.0,canonical transformer,transformer_add97_f0.3_wd1.0_softmax_ce_s2,2,30000
35600,0.9705986380577087,0.9442757368087769,canonical transformer,transformer_add97_f0.3_wd1.0_softmax_ce_s2,2,30000
35700,1.0,1.0,canonical transformer,transformer_add97_f0.3_wd1.0_softmax_ce_s2,2,30000
35800,1.0,1.0,canonical transformer,transformer_add97_f0.3_wd1.0_softmax_ce_s2,2,30000
35900,1.0,1.0,canonical transformer,transformer_add97_f0.3_wd1.0_softmax_ce_s2,2,30000
36000,1.0,1.0,canonical transformer,transformer_add97_f0.3_wd1.0_softmax_ce_s2,2,30000
36100,1.0,1.0,canonical transformer,transformer_add97_f0.3_wd1.0_softmax_ce_s2,2,30000
36200,1.0,1.0,canonical transformer,transformer_add97_f0.3_wd1.0_softmax_ce_s2,2,30000
36300,1.0,1.0,canonical transformer,transformer_add97_f0.3_wd1.0_softmax_ce_s2,2,30000
36400,1.0,1.0,canonical transformer,transformer_add97_f0.3_wd1.0_softmax_ce_s2,2,30000
36500,1.0,1.0,canonical transformer,transformer_add97_f0.3_wd1.0_softmax_ce_s2,2,30000
36600,1.0,1.0,canonical transformer,transformer_add97_f0.3_wd1.0_softmax_ce_s2,2,30000
36700,1.0,1.0,canonical transformer,transformer_add97_f0.3_wd1.0_softmax_ce_s2,2,30000
36800,1.0,1.0,canonical transformer,transformer_add97_f0.3_wd1.0_softmax_ce_s2,2,30000
36900,1.0,1.0,canonical transformer,transformer_add97_f0.3_wd1.0_softmax_ce_s2,2,30000
37000,1.0,1.0,canonical transformer,transformer_add97_f0.3_wd1.0_softmax_ce_s2,2,30000
37100,1.0,1.0,canonical transformer,transformer_add97_f0.3_wd1.0_softmax_ce_s2,2,30000
37200,1.0,1.0,canonical transformer,transformer_add97_f0.3_wd1.0_softmax_ce_s2,2,30000
37300,1.0,1.0,canonical transformer,transformer_add97_f0.3_wd1.0_softmax_ce_s2,2,30000
37400,1.0,1.0,canonical transformer,transformer_add97_f0.3_wd1.0_softmax_ce_s2,2,30000
37500,1.0,1.0,canonical transformer,transformer_add97_f0.3_wd1.0_softmax_ce_s2,2,30000
37600,1.0,1.0,canonical transformer,transformer_add97_f0.3_wd1.0_softmax_ce_s2,2,30000
37700,1.0,1.0,canonical transformer,transformer_add97_f0.3_wd1.0_softmax_ce_s2,2,30000
37800,1.0,1.0,canonical transformer,transformer_add97_f0.3_wd1.0_softmax_ce_s2,2,30000
37900,1.0,1.0,canonical transformer,transformer_add97_f0.3_wd1.0_softmax_ce_s2,2,30000
38000,1.0,1.0,canonical transformer,transformer_add97_f0.3_wd1.0_softmax_ce_s2,2,30000
38100,1.0,1.0,canonical transformer,transformer_add97_f0.3_wd1.0_softmax_ce_s2,2,30000
38200,1.0,1.0,canonical transformer,transformer_add97_f0.3_wd1.0_softmax_ce_s2,2,30000
38300,1.0,1.0,canonical transformer,transformer_add97_f0.3_wd1.0_softmax_ce_s2,2,30000
38400,1.0,1.0,canonical transformer,transformer_add97_f0.3_wd1.0_softmax_ce_s2,2,30000
38500,1.0,1.0,canonical transformer,transformer_add97_f0.3_wd1.0_softmax_ce_s2,2,30000
38600,1.0,1.0,canonical transformer,transformer_add97_f0.3_wd1.0_softmax_ce_s2,2,30000
38700,1.0,1.0,canonical transformer,transformer_add97_f0.3_wd1.0_softmax_ce_s2,2,30000
38800,1.0,1.0,canonical transformer,transformer_add97_f0.3_wd1.0_softmax_ce_s2,2,30000
38900,1.0,1.0,canonical transformer,transformer_add97_f0.3_wd1.0_softmax_ce_s2,2,30000
39000,1.0,1.0,canonical transformer,transformer_add97_f0.3_wd1.0_softmax_ce_s2,2,30000
39100,1.0,1.0,canonical transformer,transformer_add97_f0.3_wd1.0_softmax_ce_s2,2,30000
39200,1.0,1.0,canonical transformer,transformer_add97_f0.3_wd1.0_softmax_ce_s2,2,30000
39300,1.0,1.0,canonical transformer,transformer_add97_f0.3_wd1.0_softmax_ce_s2,2,30000
39400,1.0,1.0,canonical transformer,transformer_add97_f0.3_wd1.0_softmax_ce_s2,2,30000
39500,1.0,1.0,canonical transformer,transformer_add97_f0.3_wd1.0_softmax_ce_s2,2,30000
39600,1.0,1.0,canonical transformer,transformer_add97_f0.3_wd1.0_softmax_ce_s2,2,30000
39700,1.0,1.0,canonical transformer,transformer_add97_f0.3_wd1.0_softmax_ce_s2,2,30000
39800,1.0,1.0,canonical transformer,transformer_add97_f0.3_wd1.0_softmax_ce_s2,2,30000
39900,1.0,1.0,canonical transformer,transformer_add97_f0.3_wd1.0_softmax_ce_s2,2,30000
40000,1.0,1.0,canonical transformer,transformer_add97_f0.3_wd1.0_softmax_ce_s2,2,30000
0,0.008501593954861164,0.01138779241591692,canonical transformer,transformer_add97_f0.3_wd1.0_softmax_ce_s3,3,34700
100,0.9390718936920166,0.26966291666030884,canonical transformer,transformer_add97_f0.3_wd1.0_softmax_ce_s3,3,34700
200,1.0,0.29274219274520874,canonical transformer,transformer_add97_f0.3_wd1.0_softmax_ce_s3,3,34700
300,1.0,0.2954752445220947,canonical transformer,transformer_add97_f0.3_wd1.0_softmax_ce_s3,3,34700
400,0.9968118667602539,0.2965381145477295,canonical transformer,transformer_add97_f0.3_wd1.0_softmax_ce_s3,3,34700
500,1.0,0.29729729890823364,canonical transformer,transformer_add97_f0.3_wd1.0_softmax_ce_s3,3,34700
600,1.0,0.2979046404361725,canonical transformer,transformer_add97_f0.3_wd1.0_softmax_ce_s3,3,34700
700,1.0,0.29760098457336426,canonical transformer,transformer_add97_f0.3_wd1.0_softmax_ce_s3,3,34700
800,1.0,0.29851198196411133,canonical transformer,transformer_add97_f0.3_wd1.0_softmax_ce_s3,3,34700
900,1.0,0.29866382479667664,canonical transformer,transformer_add97_f0.3_wd1.0_softmax_ce_s3,3,34700
1000,1.0,0.2977527976036072,canonical transformer,transformer_add97_f0.3_wd1.0_softmax_ce_s3,3,34700
1100,1.0,0.2980564832687378,canonical transformer,transformer_add97_f0.3_wd1.0_softmax_ce_s3,3,34700
1200,0.997166097164154,0.2953234016895294,canonical transformer,transformer_add97_f0.3_wd1.0_softmax_ce_s3,3,34700
1300,1.0,0.2980564832687378,canonical transformer,transformer_add97_f0.3_wd1.0_softmax_ce_s3,3,34700
1400,1.0,0.2977527976036072,canonical transformer,transformer_add97_f0.3_wd1.0_softmax_ce_s3,3,34700
1500,1.0,0.2977527976036072,canonical transformer,transformer_add97_f0.3_wd1.0_softmax_ce_s3,3,34700
1600,0.9139213562011719,0.25129061937332153,canonical transformer,transformer_add97_f0.3_wd1.0_softmax_ce_s3,3,34700
1700,1.0,0.2979046404361725,canonical transformer,transformer_add97_f0.3_wd1.0_softmax_ce_s3,3,34700
1800,1.0,0.2983601689338684,canonical transformer,transformer_add97_f0.3_wd1.0_softmax_ce_s3,3,34700
1900,1.0,0.29851198196411133,canonical transformer,transformer_add97_f0.3_wd1.0_softmax_ce_s3,3,34700
2000,1.0,0.29881566762924194,canonical transformer,transformer_add97_f0.3_wd1.0_softmax_ce_s3,3,34700
2100,0.3733616769313812,0.07424840331077576,canonical transformer,transformer_add97_f0.3_wd1.0_softmax_ce_s3,3,34700
2200,1.0,0.29851198196411133,canonical transformer,transformer_add97_f0.3_wd1.0_softmax_ce_s3,3,34700
2300,1.0,0.2977527976036072,canonical transformer,transformer_add97_f0.3_wd1.0_softmax_ce_s3,3,34700
2400,1.0,0.29866382479667664,canonical transformer,transformer_add97_f0.3_wd1.0_softmax_ce_s3,3,34700
2500,0.9879560470581055,0.2856058180332184,canonical transformer,transformer_add97_f0.3_wd1.0_softmax_ce_s3,3,34700
2600,1.0,0.29881566762924194,canonical transformer,transformer_add97_f0.3_wd1.0_softmax_ce_s3,3,34700
2700,1.0,0.29911935329437256,canonical transformer,transformer_add97_f0.3_wd1.0_softmax_ce_s3,3,34700
2800,1.0,0.2998785376548767,canonical transformer,transformer_add97_f0.3_wd1.0_softmax_ce_s3,3,34700
2900,1.0,0.30018219351768494,canonical transformer,transformer_add97_f0.3_wd1.0_softmax_ce_s3,3,34700
3000,1.0,0.29896751046180725,canonical transformer,transformer_add97_f0.3_wd1.0_softmax_ce_s3,3,34700
3100,1.0,0.2997266948223114,canonical transformer,transformer_add97_f0.3_wd1.0_softmax_ce_s3,3,34700
3200,1.0,0.2995748519897461,canonical transformer,transformer_add97_f0.3_wd1.0_softmax_ce_s3,3,34700
3300,1.0,0.2997266948223114,canonical transformer,transformer_add97_f0.3_wd1.0_softmax_ce_s3,3,34700
3400,1.0,0.30048587918281555,canonical transformer,transformer_add97_f0.3_wd1.0_softmax_ce_s3,3,34700
3500,1.0,0.30048587918281555,canonical transformer,transformer_add97_f0.3_wd1.0_softmax_ce_s3,3,34700
3600,1.0,0.3009413778781891,canonical transformer,transformer_add97_f0.3_wd1.0_softmax_ce_s3,3,34700
3700,1.0,0.300030380487442,canonical transformer,transformer_add97_f0.3_wd1.0_softmax_ce_s3,3,34700
3800,1.0,0.30063772201538086,canonical transformer,transformer_add97_f0.3_wd1.0_softmax_ce_s3,3,34700
3900,1.0,0.30078956484794617,canonical transformer,transformer_add97_f0.3_wd1.0_softmax_ce_s3,3,34700
4000,1.0,0.3010932207107544,canonical transformer,transformer_add97_f0.3_wd1.0_softmax_ce_s3,3,34700
4100,1.0,0.3012450635433197,canonical transformer,transformer_add97_f0.3_wd1.0_softmax_ce_s3,3,34700
4200,1.0,0.300030380487442,canonical transformer,transformer_add97_f0.3_wd1.0_softmax_ce_s3,3,34700
4300,1.0,0.30033403635025024,canonical transformer,transformer_add97_f0.3_wd1.0_softmax_ce_s3,3,34700
4400,1.0,0.3015487492084503,canonical transformer,transformer_add97_f0.3_wd1.0_softmax_ce_s3,3,34700
4500,1.0,0.3015487492084503,canonical transformer,transformer_add97_f0.3_wd1.0_softmax_ce_s3,3,34700
4600,1.0,0.301396906375885,canonical transformer,transformer_add97_f0.3_wd1.0_softmax_ce_s3,3,34700
4700,1.0,0.3009413778781891,canonical transformer,transformer_add97_f0.3_wd1.0_softmax_ce_s3,3,34700
4800,1.0,0.30078956484794617,canonical transformer,transformer_add97_f0.3_wd1.0_softmax_ce_s3,3,34700
4900,1.0,0.30033403635025024,canonical transformer,transformer_add97_f0.3_wd1.0_softmax_ce_s3,3,34700
5000,1.0,0.30063772201538086,canonical transformer,transformer_add97_f0.3_wd1.0_softmax_ce_s3,3,34700
5100,1.0,0.30063772201538086,canonical transformer,transformer_add97_f0.3_wd1.0_softmax_ce_s3,3,34700
5200,1.0,0.3010932207107544,canonical transformer,transformer_add97_f0.3_wd1.0_softmax_ce_s3,3,34700
5300,1.0,0.2995748519897461,canonical transformer,transformer_add97_f0.3_wd1.0_softmax_ce_s3,3,34700
5400,1.0,0.2998785376548767,canonical transformer,transformer_add97_f0.3_wd1.0_softmax_ce_s3,3,34700
5500,1.0,0.3012450635433197,canonical transformer,transformer_add97_f0.3_wd1.0_softmax_ce_s3,3,34700
5600,1.0,0.3015487492084503,canonical transformer,transformer_add97_f0.3_wd1.0_softmax_ce_s3,3,34700
5700,1.0,0.3010932207107544,canonical transformer,transformer_add97_f0.3_wd1.0_softmax_ce_s3,3,34700
5800,1.0,0.3010932207107544,canonical transformer,transformer_add97_f0.3_wd1.0_softmax_ce_s3,3,34700
5900,1.0,0.301396906375885,canonical transformer,transformer_add97_f0.3_wd1.0_softmax_ce_s3,3,34700
6000,1.0,0.301396906375885,canonical transformer,transformer_add97_f0.3_wd1.0_softmax_ce_s3,3,34700
6100,1.0,0.3015487492084503,canonical transformer,transformer_add97_f0.3_wd1.0_softmax_ce_s3,3,34700
6200,1.0,0.3012450635433197,canonical transformer,transformer_add97_f0.3_wd1.0_softmax_ce_s3,3,34700
6300,1.0,0.29911935329437256,canonical transformer,transformer_add97_f0.3_wd1.0_softmax_ce_s3,3,34700
6400,1.0,0.29881566762924194,canonical transformer,transformer_add97_f0.3_wd1.0_softmax_ce_s3,3,34700
6500,1.0,0.2995748519897461,canonical transformer,transformer_add97_f0.3_wd1.0_softmax_ce_s3,3,34700
6600,1.0,0.2992711663246155,canonical transformer,transformer_add97_f0.3_wd1.0_softmax_ce_s3,3,34700
6700,1.0,0.2995748519897461,canonical transformer,transformer_add97_f0.3_wd1.0_softmax_ce_s3,3,34700
6800,1.0,0.3009413778781891,canonical transformer,transformer_add97_f0.3_wd1.0_softmax_ce_s3,3,34700
6900,1.0,0.3009413778781891,canonical transformer,transformer_add97_f0.3_wd1.0_softmax_ce_s3,3,34700
7000,1.0,0.3009413778781891,canonical transformer,transformer_add97_f0.3_wd1.0_softmax_ce_s3,3,34700
7100,1.0,0.301396906375885,canonical transformer,transformer_add97_f0.3_wd1.0_softmax_ce_s3,3,34700
7200,1.0,0.30170056223869324,canonical transformer,transformer_add97_f0.3_wd1.0_softmax_ce_s3,3,34700
7300,1.0,0.301396906375885,canonical transformer,transformer_add97_f0.3_wd1.0_softmax_ce_s3,3,34700
7400,1.0,0.30033403635025024,canonical transformer,transformer_add97_f0.3_wd1.0_softmax_ce_s3,3,34700
7500,1.0,0.2998785376548767,canonical transformer,transformer_add97_f0.3_wd1.0_softmax_ce_s3,3,34700
7600,1.0,0.30018219351768494,canonical transformer,transformer_add97_f0.3_wd1.0_softmax_ce_s3,3,34700
7700,1.0,0.30063772201538086,canonical transformer,transformer_add97_f0.3_wd1.0_softmax_ce_s3,3,34700
7800,1.0,0.30063772201538086,canonical transformer,transformer_add97_f0.3_wd1.0_softmax_ce_s3,3,34700
7900,1.0,0.3010932207107544,canonical transformer,transformer_add97_f0.3_wd1.0_softmax_ce_s3,3,34700
8000,1.0,0.3012450635433197,canonical transformer,transformer_add97_f0.3_wd1.0_softmax_ce_s3,3,34700
8100,1.0,0.3009413778781891,canonical transformer,transformer_add97_f0.3_wd1.0_softmax_ce_s3,3,34700
8200,1.0,0.3010932207107544,canonical transformer,transformer_add97_f0.3_wd1.0_softmax_ce_s3,3,34700
8300,1.0,0.3012450635433197,canonical transformer,transformer_add97_f0.3_wd1.0_softmax_ce_s3,3,34700
8400,1.0,0.30078956484794617,canonical transformer,transformer_add97_f0.3_wd1.0_softmax_ce_s3,3,34700
8500,1.0,0.3010932207107544,canonical transformer,transformer_add97_f0.3_wd1.0_softmax_ce_s3,3,34700
8600,1.0,0.30063772201538086,canonical transformer,transformer_add97_f0.3_wd1.0_softmax_ce_s3,3,34700
8700,1.0,0.30048587918281555,canonical transformer,transformer_add97_f0.3_wd1.0_softmax_ce_s3,3,34700
8800,1.0,0.30033403635025024,canonical transformer,transformer_add97_f0.3_wd1.0_softmax_ce_s3,3,34700
8900,1.0,0.30048587918281555,canonical transformer,transformer_add97_f0.3_wd1.0_softmax_ce_s3,3,34700
9000,1.0,0.30048587918281555,canonical transformer,transformer_add97_f0.3_wd1.0_softmax_ce_s3,3,34700
9100,1.0,0.30078956484794617,canonical transformer,transformer_add97_f0.3_wd1.0_softmax_ce_s3,3,34700
9200,1.0,0.30018219351768494,canonical transformer,transformer_add97_f0.3_wd1.0_softmax_ce_s3,3,34700
9300,1.0,0.300030380487442,canonical transformer,transformer_add97_f0.3_wd1.0_softmax_ce_s3,3,34700
9400,1.0,0.30018219351768494,canonical transformer,transformer_add97_f0.3_wd1.0_softmax_ce_s3,3,34700
9500,1.0,0.2995748519897461,canonical transformer,transformer_add97_f0.3_wd1.0_softmax_ce_s3,3,34700
9600,1.0,0.29866382479667664,canonical transformer,transformer_add97_f0.3_wd1.0_softmax_ce_s3,3,34700
9700,1.0,0.30033403635025024,canonical transformer,transformer_add97_f0.3_wd1.0_softmax_ce_s3,3,34700
9800,1.0,0.30018219351768494,canonical transformer,transformer_add97_f0.3_wd1.0_softmax_ce_s3,3,34700
9900,1.0,0.30063772201538086,canonical transformer,transformer_add97_f0.3_wd1.0_softmax_ce_s3,3,34700
10000,1.0,0.3010932207107544,canonical transformer,transformer_add97_f0.3_wd1.0_softmax_ce_s3,3,34700
10100,1.0,0.3010932207107544,canonical transformer,transformer_add97_f0.3_wd1.0_softmax_ce_s3,3,34700
10200,1.0,0.30078956484794617,canonical transformer,transformer_add97_f0.3_wd1.0_softmax_ce_s3,3,34700
10300,1.0,0.30063772201538086,canonical transformer,transformer_add97_f0.3_wd1.0_softmax_ce_s3,3,34700
10400,1.0,0.3012450635433197,canonical transformer,transformer_add97_f0.3_wd1.0_softmax_ce_s3,3,34700
10500,1.0,0.30200424790382385,canonical transformer,transformer_add97_f0.3_wd1.0_softmax_ce_s3,3,34700
10600,1.0,0.3015487492084503,canonical transformer,transformer_add97_f0.3_wd1.0_softmax_ce_s3,3,34700
10700,1.0,0.30063772201538086,canonical transformer,transformer_add97_f0.3_wd1.0_softmax_ce_s3,3,34700
10800,1.0,0.3009413778781891,canonical transformer,transformer_add97_f0.3_wd1.0_softmax_ce_s3,3,34700
10900,1.0,0.3015487492084503,canonical transformer,transformer_add97_f0.3_wd1.0_softmax_ce_s3,3,34700
11000,1.0,0.3030671179294586,canonical transformer,transformer_add97_f0.3_wd1.0_softmax_ce_s3,3,34700
11100,1.0,0.3029152750968933,canonical transformer,transformer_add97_f0.3_wd1.0_softmax_ce_s3,3,34700
11200,1.0,0.30230793356895447,canonical transformer,transformer_add97_f0.3_wd1.0_softmax_ce_s3,3,34700
11300,1.0,0.30200424790382385,canonical transformer,transformer_add97_f0.3_wd1.0_softmax_ce_s3,3,34700
11400,1.0,0.3026115894317627,canonical transformer,transformer_add97_f0.3_wd1.0_softmax_ce_s3,3,34700
11500,1.0,0.3029152750968933,canonical transformer,transformer_add97_f0.3_wd1.0_softmax_ce_s3,3,34700
11600,1.0,0.3024597764015198,canonical transformer,transformer_add97_f0.3_wd1.0_softmax_ce_s3,3,34700
11700,1.0,0.3024597764015198,canonical transformer,transformer_add97_f0.3_wd1.0_softmax_ce_s3,3,34700
11800,1.0,0.3012450635433197,canonical transformer,transformer_add97_f0.3_wd1.0_softmax_ce_s3,3,34700
11900,1.0,0.3012450635433197,canonical transformer,transformer_add97_f0.3_wd1.0_softmax_ce_s3,3,34700
12000,1.0,0.30170056223869324,canonical transformer,transformer_add97_f0.3_wd1.0_softmax_ce_s3,3,34700
12100,1.0,0.30200424790382385,canonical transformer,transformer_add97_f0.3_wd1.0_softmax_ce_s3,3,34700
12200,1.0,0.30170056223869324,canonical transformer,transformer_add97_f0.3_wd1.0_softmax_ce_s3,3,34700
12300,1.0,0.30078956484794617,canonical transformer,transformer_add97_f0.3_wd1.0_softmax_ce_s3,3,34700
12400,1.0,0.3015487492084503,canonical transformer,transformer_add97_f0.3_wd1.0_softmax_ce_s3,3,34700
12500,1.0,0.30170056223869324,canonical transformer,transformer_add97_f0.3_wd1.0_softmax_ce_s3,3,34700
12600,1.0,0.3012450635433197,canonical transformer,transformer_add97_f0.3_wd1.0_softmax_ce_s3,3,34700
12700,1.0,0.30200424790382385,canonical transformer,transformer_add97_f0.3_wd1.0_softmax_ce_s3,3,34700
12800,1.0,0.30170056223869324,canonical transformer,transformer_add97_f0.3_wd1.0_softmax_ce_s3,3,34700
12900,1.0,0.30170056223869324,canonical transformer,transformer_add97_f0.3_wd1.0_softmax_ce_s3,3,34700
13000,1.0,0.3029152750968933,canonical transformer,transformer_add97_f0.3_wd1.0_softmax_ce_s3,3,34700
13100,1.0,0.3024597764015198,canonical transformer,transformer_add97_f0.3_wd1.0_softmax_ce_s3,3,34700
13200,1.0,0.30185240507125854,canonical transformer,transformer_add97_f0.3_wd1.0_softmax_ce_s3,3,34700
13300,1.0,0.3032189607620239,canonical transformer,transformer_add97_f0.3_wd1.0_softmax_ce_s3,3,34700
13400,1.0,0.30337077379226685,canonical transformer,transformer_add97_f0.3_wd1.0_softmax_ce_s3,3,34700
13500,1.0,0.30352261662483215,canonical transformer,transformer_add97_f0.3_wd1.0_softmax_ce_s3,3,34700
13600,1.0,0.3039781451225281,canonical transformer,transformer_add97_f0.3_wd1.0_softmax_ce_s3,3,34700
13700,1.0,0.30488917231559753,canonical transformer,transformer_add97_f0.3_wd1.0_softmax_ce_s3,3,34700
13800,1.0,0.3042818009853363,canonical transformer,transformer_add97_f0.3_wd1.0_softmax_ce_s3,3,34700
13900,1.0,0.30534467101097107,canonical transformer,transformer_add97_f0.3_wd1.0_softmax_ce_s3,3,34700
14000,1.0,0.3061038553714752,canonical transformer,transformer_add97_f0.3_wd1.0_softmax_ce_s3,3,34700
14100,1.0,0.30671119689941406,canonical transformer,transformer_add97_f0.3_wd1.0_softmax_ce_s3,3,34700
14200,1.0,0.30337077379226685,canonical transformer,transformer_add97_f0.3_wd1.0_softmax_ce_s3,3,34700
14300,1.0,0.3042818009853363,canonical transformer,transformer_add97_f0.3_wd1.0_softmax_ce_s3,3,34700
14400,1.0,0.3059520125389099,canonical transformer,transformer_add97_f0.3_wd1.0_softmax_ce_s3,3,34700
14500,1.0,0.3059520125389099,canonical transformer,transformer_add97_f0.3_wd1.0_softmax_ce_s3,3,34700
14600,1.0,0.3054965138435364,canonical transformer,transformer_add97_f0.3_wd1.0_softmax_ce_s3,3,34700
14700,1.0,0.30640754103660583,canonical transformer,transformer_add97_f0.3_wd1.0_softmax_ce_s3,3,34700
14800,1.0,0.30671119689941406,canonical transformer,transformer_add97_f0.3_wd1.0_softmax_ce_s3,3,34700
14900,1.0,0.3070148825645447,canonical transformer,transformer_add97_f0.3_wd1.0_softmax_ce_s3,3,34700
15000,1.0,0.3070148825645447,canonical transformer,transformer_add97_f0.3_wd1.0_softmax_ce_s3,3,34700
15100,1.0,0.3059520125389099,canonical transformer,transformer_add97_f0.3_wd1.0_softmax_ce_s3,3,34700
15200,1.0,0.3059520125389099,canonical transformer,transformer_add97_f0.3_wd1.0_softmax_ce_s3,3,34700
15300,1.0,0.30488917231559753,canonical transformer,transformer_add97_f0.3_wd1.0_softmax_ce_s3,3,34700
15400,1.0,0.3044336438179016,canonical transformer,transformer_add97_f0.3_wd1.0_softmax_ce_s3,3,34700
15500,1.0,0.3047373294830322,canonical transformer,transformer_add97_f0.3_wd1.0_softmax_ce_s3,3,34700
15600,1.0,0.3045854866504669,canonical transformer,transformer_add97_f0.3_wd1.0_softmax_ce_s3,3,34700
15700,1.0,0.30367445945739746,canonical transformer,transformer_add97_f0.3_wd1.0_softmax_ce_s3,3,34700
15800,1.0,0.30352261662483215,canonical transformer,transformer_add97_f0.3_wd1.0_softmax_ce_s3,3,34700
15900,1.0,0.30352261662483215,canonical transformer,transformer_add97_f0.3_wd1.0_softmax_ce_s3,3,34700
16000,1.0,0.304129958152771,canonical transformer,transformer_add97_f0.3_wd1.0_softmax_ce_s3,3,34700
16100,1.0,0.30534467101097107,canonical transformer,transformer_add97_f0.3_wd1.0_softmax_ce_s3,3,34700
16200,1.0,0.30519282817840576,canonical transformer,transformer_add97_f0.3_wd1.0_softmax_ce_s3,3,34700
16300,1.0,0.30504098534584045,canonical transformer,transformer_add97_f0.3_wd1.0_softmax_ce_s3,3,34700
16400,1.0,0.3056483566761017,canonical transformer,transformer_add97_f0.3_wd1.0_softmax_ce_s3,3,34700
16500,1.0,0.3054965138435364,canonical transformer,transformer_add97_f0.3_wd1.0_softmax_ce_s3,3,34700
16600,1.0,0.3029152750968933,canonical transformer,transformer_add97_f0.3_wd1.0_softmax_ce_s3,3,34700
16700,1.0,0.3045854866504669,canonical transformer,transformer_add97_f0.3_wd1.0_softmax_ce_s3,3,34700
16800,1.0,0.30504098534584045,canonical transformer,transformer_add97_f0.3_wd1.0_softmax_ce_s3,3,34700
16900,1.0,0.30686303973197937,canonical transformer,transformer_add97_f0.3_wd1.0_softmax_ce_s3,3,34700
17000,1.0,0.3073185682296753,canonical transformer,transformer_add97_f0.3_wd1.0_softmax_ce_s3,3,34700
17100,1.0,0.3058001697063446,canonical transformer,transformer_add97_f0.3_wd1.0_softmax_ce_s3,3,34700
17200,1.0,0.3061038553714752,canonical transformer,transformer_add97_f0.3_wd1.0_softmax_ce_s3,3,34700
17300,1.0,0.3061038553714752,canonical transformer,transformer_add97_f0.3_wd1.0_softmax_ce_s3,3,34700
17400,1.0,0.3074703812599182,canonical transformer,transformer_add97_f0.3_wd1.0_softmax_ce_s3,3,34700
17500,1.0,0.30686303973197937,canonical transformer,transformer_add97_f0.3_wd1.0_softmax_ce_s3,3,34700
17600,1.0,0.3062556982040405,canonical transformer,transformer_add97_f0.3_wd1.0_softmax_ce_s3,3,34700
17700,1.0,0.30671119689941406,canonical transformer,transformer_add97_f0.3_wd1.0_softmax_ce_s3,3,34700
17800,1.0,0.3062556982040405,canonical transformer,transformer_add97_f0.3_wd1.0_softmax_ce_s3,3,34700
17900,1.0,0.30792590975761414,canonical transformer,transformer_add97_f0.3_wd1.0_softmax_ce_s3,3,34700
18000,1.0,0.3074703812599182,canonical transformer,transformer_add97_f0.3_wd1.0_softmax_ce_s3,3,34700
18100,1.0,0.30822956562042236,canonical transformer,transformer_add97_f0.3_wd1.0_softmax_ce_s3,3,34700
18200,1.0,0.30716672539711,canonical transformer,transformer_add97_f0.3_wd1.0_softmax_ce_s3,3,34700
18300,1.0,0.30838140845298767,canonical transformer,transformer_add97_f0.3_wd1.0_softmax_ce_s3,3,34700
18400,1.0,0.308533251285553,canonical transformer,transformer_add97_f0.3_wd1.0_softmax_ce_s3,3,34700
18500,1.0,0.30822956562042236,canonical transformer,transformer_add97_f0.3_wd1.0_softmax_ce_s3,3,34700
18600,1.0,0.308533251285553,canonical transformer,transformer_add97_f0.3_wd1.0_softmax_ce_s3,3,34700
18700,1.0,0.30959612131118774,canonical transformer,transformer_add97_f0.3_wd1.0_softmax_ce_s3,3,34700
18800,1.0,0.3089887499809265,canonical transformer,transformer_add97_f0.3_wd1.0_softmax_ce_s3,3,34700
18900,1.0,0.3091405928134918,canonical transformer,transformer_add97_f0.3_wd1.0_softmax_ce_s3,3,34700
19000,1.0,0.30974796414375305,canonical transformer,transformer_add97_f0.3_wd1.0_softmax_ce_s3,3,34700
19100,1.0,0.30792590975761414,canonical transformer,transformer_add97_f0.3_wd1.0_softmax_ce_s3,3,34700
19200,1.0,0.3086850941181183,canonical transformer,transformer_add97_f0.3_wd1.0_softmax_ce_s3,3,34700
19300,1.0,0.3100516200065613,canonical transformer,transformer_add97_f0.3_wd1.0_softmax_ce_s3,3,34700
19400,1.0,0.3106589615345001,canonical transformer,transformer_add97_f0.3_wd1.0_softmax_ce_s3,3,34700
19500,1.0,0.3106589615345001,canonical transformer,transformer_add97_f0.3_wd1.0_softmax_ce_s3,3,34700
19600,1.0,0.31096264719963074,canonical transformer,transformer_add97_f0.3_wd1.0_softmax_ce_s3,3,34700
19700,1.0,0.3115699887275696,canonical transformer,transformer_add97_f0.3_wd1.0_softmax_ce_s3,3,34700
19800,1.0,0.3115699887275696,canonical transformer,transformer_add97_f0.3_wd1.0_softmax_ce_s3,3,34700
19900,1.0,0.3115699887275696,canonical transformer,transformer_add97_f0.3_wd1.0_softmax_ce_s3,3,34700
20000,1.0,0.3106589615345001,canonical transformer,transformer_add97_f0.3_wd1.0_softmax_ce_s3,3,34700
20100,1.0,0.31232917308807373,canonical transformer,transformer_add97_f0.3_wd1.0_softmax_ce_s3,3,34700
20200,1.0,0.3089887499809265,canonical transformer,transformer_add97_f0.3_wd1.0_softmax_ce_s3,3,34700
20300,1.0,0.3115699887275696,canonical transformer,transformer_add97_f0.3_wd1.0_softmax_ce_s3,3,34700
20400,1.0,0.3150622546672821,canonical transformer,transformer_add97_f0.3_wd1.0_softmax_ce_s3,3,34700
20500,1.0,0.3130883574485779,canonical transformer,transformer_add97_f0.3_wd1.0_softmax_ce_s3,3,34700
20600,1.0,0.31445491313934326,canonical transformer,transformer_add97_f0.3_wd1.0_softmax_ce_s3,3,34700
20700,1.0,0.3136957287788391,canonical transformer,transformer_add97_f0.3_wd1.0_softmax_ce_s3,3,34700
20800,1.0,0.3149104118347168,canonical transformer,transformer_add97_f0.3_wd1.0_softmax_ce_s3,3,34700
20900,1.0,0.3136957287788391,canonical transformer,transformer_add97_f0.3_wd1.0_softmax_ce_s3,3,34700
21000,1.0,0.3132402002811432,canonical transformer,transformer_add97_f0.3_wd1.0_softmax_ce_s3,3,34700
21100,1.0,0.31278470158576965,canonical transformer,transformer_add97_f0.3_wd1.0_softmax_ce_s3,3,34700
21200,1.0,0.3118736743927002,canonical transformer,transformer_add97_f0.3_wd1.0_softmax_ce_s3,3,34700
21300,1.0,0.3135438859462738,canonical transformer,transformer_add97_f0.3_wd1.0_softmax_ce_s3,3,34700
21400,1.0,0.3150622546672821,canonical transformer,transformer_add97_f0.3_wd1.0_softmax_ce_s3,3,34700
21500,1.0,0.3133920431137085,canonical transformer,transformer_add97_f0.3_wd1.0_softmax_ce_s3,3,34700
21600,1.0,0.31445491313934326,canonical transformer,transformer_add97_f0.3_wd1.0_softmax_ce_s3,3,34700
21700,1.0,0.3147585690021515,canonical transformer,transformer_add97_f0.3_wd1.0_softmax_ce_s3,3,34700
21800,1.0,0.3146067261695862,canonical transformer,transformer_add97_f0.3_wd1.0_softmax_ce_s3,3,34700
21900,1.0,0.31582143902778625,canonical transformer,transformer_add97_f0.3_wd1.0_softmax_ce_s3,3,34700
22000,1.0,0.3167324662208557,canonical transformer,transformer_add97_f0.3_wd1.0_softmax_ce_s3,3,34700
22100,1.0,0.318250834941864,canonical transformer,transformer_add97_f0.3_wd1.0_softmax_ce_s3,3,34700
22200,1.0,0.31764349341392517,canonical transformer,transformer_add97_f0.3_wd1.0_softmax_ce_s3,3,34700
22300,1.0,0.3180989921092987,canonical transformer,transformer_add97_f0.3_wd1.0_softmax_ce_s3,3,34700
22400,1.0,0.31749165058135986,canonical transformer,transformer_add97_f0.3_wd1.0_softmax_ce_s3,3,34700
22500,1.0,0.31278470158576965,canonical transformer,transformer_add97_f0.3_wd1.0_softmax_ce_s3,3,34700
22600,1.0,0.3199210464954376,canonical transformer,transformer_add97_f0.3_wd1.0_softmax_ce_s3,3,34700
22700,1.0,0.3208320736885071,canonical transformer,transformer_add97_f0.3_wd1.0_softmax_ce_s3,3,34700
22800,1.0,0.32204675674438477,canonical transformer,transformer_add97_f0.3_wd1.0_softmax_ce_s3,3,34700
22900,1.0,0.3237169682979584,canonical transformer,transformer_add97_f0.3_wd1.0_softmax_ce_s3,3,34700
23000,1.0,0.322654128074646,canonical transformer,transformer_add97_f0.3_wd1.0_softmax_ce_s3,3,34700
23100,1.0,0.324020653963089,canonical transformer,transformer_add97_f0.3_wd1.0_softmax_ce_s3,3,34700
23200,1.0,0.32660189270973206,canonical transformer,transformer_add97_f0.3_wd1.0_softmax_ce_s3,3,34700
23300,1.0,0.3252353370189667,canonical transformer,transformer_add97_f0.3_wd1.0_softmax_ce_s3,3,34700
23400,1.0,0.3221985995769501,canonical transformer,transformer_add97_f0.3_wd1.0_softmax_ce_s3,3,34700
23500,1.0,0.322654128074646,canonical transformer,transformer_add97_f0.3_wd1.0_softmax_ce_s3,3,34700
23600,1.0,0.32189491391181946,canonical transformer,transformer_add97_f0.3_wd1.0_softmax_ce_s3,3,34700
23700,1.0,0.3238688111305237,canonical transformer,transformer_add97_f0.3_wd1.0_softmax_ce_s3,3,34700
23800,1.0,0.32356512546539307,canonical transformer,transformer_add97_f0.3_wd1.0_softmax_ce_s3,3,34700
23900,1.0,0.32918310165405273,canonical transformer,transformer_add97_f0.3_wd1.0_softmax_ce_s3,3,34700
24000,1.0,0.3319161832332611,canonical transformer,transformer_add97_f0.3_wd1.0_softmax_ce_s3,3,34700
24100,1.0,0.33252352476119995,canonical transformer,transformer_add97_f0.3_wd1.0_softmax_ce_s3,3,34700
24200,1.0,0.3331308960914612,canonical transformer,transformer_add97_f0.3_wd1.0_softmax_ce_s3,3,34700
24300,1.0,0.3346492648124695,canonical transformer,transformer_add97_f0.3_wd1.0_softmax_ce_s3,3,34700
24400,1.0,0.33434557914733887,canonical transformer,transformer_add97_f0.3_wd1.0_softmax_ce_s3,3,34700
24500,1.0,0.3317643404006958,canonical transformer,transformer_add97_f0.3_wd1.0_softmax_ce_s3,3,34700
24600,1.0,0.33115699887275696,canonical transformer,transformer_add97_f0.3_wd1.0_softmax_ce_s3,3,34700
24700,1.0,0.33085331320762634,canonical transformer,transformer_add97_f0.3_wd1.0_softmax_ce_s3,3,34700
24800,1.0,0.3299423158168793,canonical transformer,transformer_add97_f0.3_wd1.0_softmax_ce_s3,3,34700
24900,1.0,0.34026724100112915,canonical transformer,transformer_add97_f0.3_wd1.0_softmax_ce_s3,3,34700
25000,1.0,0.3483146131038666,canonical transformer,transformer_add97_f0.3_wd1.0_softmax_ce_s3,3,34700
25100,1.0,0.34634071588516235,canonical transformer,transformer_add97_f0.3_wd1.0_softmax_ce_s3,3,34700
25200,1.0,0.3486182689666748,canonical transformer,transformer_add97_f0.3_wd1.0_softmax_ce_s3,3,34700
25300,1.0,0.3513513505458832,canonical transformer,transformer_add97_f0.3_wd1.0_softmax_ce_s3,3,34700
25400,1.0,0.35241422057151794,canonical transformer,transformer_add97_f0.3_wd1.0_softmax_ce_s3,3,34700
25500,1.0,0.35256603360176086,canonical transformer,transformer_add97_f0.3_wd1.0_softmax_ce_s3,3,34700
25600,1.0,0.3516550362110138,canonical transformer,transformer_add97_f0.3_wd1.0_softmax_ce_s3,3,34700
25700,1.0,0.3499848246574402,canonical transformer,transformer_add97_f0.3_wd1.0_softmax_ce_s3,3,34700
25800,1.0,0.3457333743572235,canonical transformer,transformer_add97_f0.3_wd1.0_softmax_ce_s3,3,34700
25900,1.0,0.342241108417511,canonical transformer,transformer_add97_f0.3_wd1.0_softmax_ce_s3,3,34700
26000,1.0,0.35226237773895264,canonical transformer,transformer_add97_f0.3_wd1.0_softmax_ce_s3,3,34700
26100,1.0,0.363498330116272,canonical transformer,transformer_add97_f0.3_wd1.0_softmax_ce_s3,3,34700
26200,1.0,0.35985422134399414,canonical transformer,transformer_add97_f0.3_wd1.0_softmax_ce_s3,3,34700
26300,1.0,0.3597024083137512,canonical transformer,transformer_add97_f0.3_wd1.0_softmax_ce_s3,3,34700
26400,1.0,0.36197996139526367,canonical transformer,transformer_add97_f0.3_wd1.0_softmax_ce_s3,3,34700
26500,1.0,0.36607956886291504,canonical transformer,transformer_add97_f0.3_wd1.0_softmax_ce_s3,3,34700
26600,1.0,0.36182811856269836,canonical transformer,transformer_add97_f0.3_wd1.0_softmax_ce_s3,3,34700
26700,1.0,0.36000606417655945,canonical transformer,transformer_add97_f0.3_wd1.0_softmax_ce_s3,3,34700
26800,1.0,0.35727301239967346,canonical transformer,transformer_add97_f0.3_wd1.0_softmax_ce_s3,3,34700
26900,1.0,0.35393258929252625,canonical transformer,transformer_add97_f0.3_wd1.0_softmax_ce_s3,3,34700
27000,1.0,0.35059216618537903,canonical transformer,transformer_add97_f0.3_wd1.0_softmax_ce_s3,3,34700
27100,1.0,0.3504403233528137,canonical transformer,transformer_add97_f0.3_wd1.0_softmax_ce_s3,3,34700
27200,0.9989373087882996,0.33571210503578186,canonical transformer,transformer_add97_f0.3_wd1.0_softmax_ce_s3,3,34700
27300,1.0,0.38733676075935364,canonical transformer,transformer_add97_f0.3_wd1.0_softmax_ce_s3,3,34700
27400,1.0,0.3912845551967621,canonical transformer,transformer_add97_f0.3_wd1.0_softmax_ce_s3,3,34700
27500,1.0,0.38430002331733704,canonical transformer,transformer_add97_f0.3_wd1.0_softmax_ce_s3,3,34700
27600,1.0,0.3880959749221802,canonical transformer,transformer_add97_f0.3_wd1.0_softmax_ce_s3,3,34700
27700,1.0,0.38733676075935364,canonical transformer,transformer_add97_f0.3_wd1.0_softmax_ce_s3,3,34700
27800,1.0,0.3833889961242676,canonical transformer,transformer_add97_f0.3_wd1.0_softmax_ce_s3,3,34700
27900,1.0,0.380352258682251,canonical transformer,transformer_add97_f0.3_wd1.0_softmax_ce_s3,3,34700
28000,1.0,0.3806559443473816,canonical transformer,transformer_add97_f0.3_wd1.0_softmax_ce_s3,3,34700
28100,1.0,0.3779228627681732,canonical transformer,transformer_add97_f0.3_wd1.0_softmax_ce_s3,3,34700
28200,1.0,0.3729122281074524,canonical transformer,transformer_add97_f0.3_wd1.0_softmax_ce_s3,3,34700
28300,1.0,0.38597023487091064,canonical transformer,transformer_add97_f0.3_wd1.0_softmax_ce_s3,3,34700
28400,1.0,0.4280291497707367,canonical transformer,transformer_add97_f0.3_wd1.0_softmax_ce_s3,3,34700
28500,1.0,0.42423322796821594,canonical transformer,transformer_add97_f0.3_wd1.0_softmax_ce_s3,3,34700
28600,1.0,0.417096883058548,canonical transformer,transformer_add97_f0.3_wd1.0_softmax_ce_s3,3,34700
28700,1.0,0.42848464846611023,canonical transformer,transformer_add97_f0.3_wd1.0_softmax_ce_s3,3,34700
28800,1.0,0.4278773069381714,canonical transformer,transformer_add97_f0.3_wd1.0_softmax_ce_s3,3,34700
28900,1.0,0.42726996541023254,canonical transformer,transformer_add97_f0.3_wd1.0_softmax_ce_s3,3,34700
29000,1.0,0.42848464846611023,canonical transformer,transformer_add97_f0.3_wd1.0_softmax_ce_s3,3,34700
29100,1.0,0.4216519892215729,canonical transformer,transformer_add97_f0.3_wd1.0_softmax_ce_s3,3,34700
29200,1.0,0.414060115814209,canonical transformer,transformer_add97_f0.3_wd1.0_softmax_ce_s3,3,34700
29300,1.0,0.4067719280719757,canonical transformer,transformer_add97_f0.3_wd1.0_softmax_ce_s3,3,34700
29400,1.0,0.4022168219089508,canonical transformer,transformer_add97_f0.3_wd1.0_softmax_ce_s3,3,34700
29500,1.0,0.40130579471588135,canonical transformer,transformer_add97_f0.3_wd1.0_softmax_ce_s3,3,34700
29600,1.0,0.4725174605846405,canonical transformer,transformer_add97_f0.3_wd1.0_softmax_ce_s3,3,34700
29700,1.0,0.48238688707351685,canonical transformer,transformer_add97_f0.3_wd1.0_softmax_ce_s3,3,34700
29800,1.0,0.4708472490310669,canonical transformer,transformer_add97_f0.3_wd1.0_softmax_ce_s3,3,34700
29900,1.0,0.4740358293056488,canonical transformer,transformer_add97_f0.3_wd1.0_softmax_ce_s3,3,34700
30000,1.0,0.4758578836917877,canonical transformer,transformer_add97_f0.3_wd1.0_softmax_ce_s3,3,34700
30100,1.0,0.47616153955459595,canonical transformer,transformer_add97_f0.3_wd1.0_softmax_ce_s3,3,34700
30200,1.0,0.4696325659751892,canonical transformer,transformer_add97_f0.3_wd1.0_softmax_ce_s3,3,34700
30300,1.0,0.463255375623703,canonical transformer,transformer_add97_f0.3_wd1.0_softmax_ce_s3,3,34700
30400,1.0,0.4583965837955475,canonical transformer,transformer_add97_f0.3_wd1.0_softmax_ce_s3,3,34700
30500,1.0,0.45308229327201843,canonical transformer,transformer_add97_f0.3_wd1.0_softmax_ce_s3,3,34700
30600,0.9128586649894714,0.3179471492767334,canonical transformer,transformer_add97_f0.3_wd1.0_softmax_ce_s3,3,34700
30700,1.0,0.5440328121185303,canonical transformer,transformer_add97_f0.3_wd1.0_softmax_ce_s3,3,34700
30800,1.0,0.5736410617828369,canonical transformer,transformer_add97_f0.3_wd1.0_softmax_ce_s3,3,34700
30900,1.0,0.5611904263496399,canonical transformer,transformer_add97_f0.3_wd1.0_softmax_ce_s3,3,34700
31000,1.0,0.5669602155685425,canonical transformer,transformer_add97_f0.3_wd1.0_softmax_ce_s3,3,34700
31100,1.0,0.5704524517059326,canonical transformer,transformer_add97_f0.3_wd1.0_softmax_ce_s3,3,34700
31200,1.0,0.5698451399803162,canonical transformer,transformer_add97_f0.3_wd1.0_softmax_ce_s3,3,34700
31300,1.0,0.5628606081008911,canonical transformer,transformer_add97_f0.3_wd1.0_softmax_ce_s3,3,34700
31400,1.0,0.5526875257492065,canonical transformer,transformer_add97_f0.3_wd1.0_softmax_ce_s3,3,34700
31500,1.0,0.5416033864021301,canonical transformer,transformer_add97_f0.3_wd1.0_softmax_ce_s3,3,34700
31600,1.0,0.529304563999176,canonical transformer,transformer_add97_f0.3_wd1.0_softmax_ce_s3,3,34700
31700,1.0,0.5221682190895081,canonical transformer,transformer_add97_f0.3_wd1.0_softmax_ce_s3,3,34700
31800,1.0,0.5129061341285706,canonical transformer,transformer_add97_f0.3_wd1.0_softmax_ce_s3,3,34700
31900,1.0,0.5382629632949829,canonical transformer,transformer_add97_f0.3_wd1.0_softmax_ce_s3,3,34700
32000,1.0,0.6521409153938293,canonical transformer,transformer_add97_f0.3_wd1.0_softmax_ce_s3,3,34700
32100,1.0,0.6609474420547485,canonical transformer,transformer_add97_f0.3_wd1.0_softmax_ce_s3,3,34700
32200,1.0,0.6566960215568542,canonical transformer,transformer_add97_f0.3_wd1.0_softmax_ce_s3,3,34700
32300,1.0,0.6656544208526611,canonical transformer,transformer_add97_f0.3_wd1.0_softmax_ce_s3,3,34700
32400,1.0,0.677345871925354,canonical transformer,transformer_add97_f0.3_wd1.0_softmax_ce_s3,3,34700
32500,1.0,0.6797752976417542,canonical transformer,transformer_add97_f0.3_wd1.0_softmax_ce_s3,3,34700
32600,1.0,0.6730944514274597,canonical transformer,transformer_add97_f0.3_wd1.0_softmax_ce_s3,3,34700
32700,1.0,0.6614030003547668,canonical transformer,transformer_add97_f0.3_wd1.0_softmax_ce_s3,3,34700
32800,1.0,0.6433343291282654,canonical transformer,transformer_add97_f0.3_wd1.0_softmax_ce_s3,3,34700
32900,1.0,0.6290616393089294,canonical transformer,transformer_add97_f0.3_wd1.0_softmax_ce_s3,3,34700
33000,1.0,0.6199514269828796,canonical transformer,transformer_add97_f0.3_wd1.0_softmax_ce_s3,3,34700
33100,0.9645766615867615,0.40145763754844666,canonical transformer,transformer_add97_f0.3_wd1.0_softmax_ce_s3,3,34700
33200,1.0,0.7318554520606995,canonical transformer,transformer_add97_f0.3_wd1.0_softmax_ce_s3,3,34700
33300,1.0,0.7780139446258545,canonical transformer,transformer_add97_f0.3_wd1.0_softmax_ce_s3,3,34700
33400,1.0,0.7877315282821655,canonical transformer,transformer_add97_f0.3_wd1.0_softmax_ce_s3,3,34700
33500,1.0,0.7910719513893127,canonical transformer,transformer_add97_f0.3_wd1.0_softmax_ce_s3,3,34700
33600,1.0,0.8023079037666321,canonical transformer,transformer_add97_f0.3_wd1.0_softmax_ce_s3,3,34700
33700,1.0,0.8027634620666504,canonical transformer,transformer_add97_f0.3_wd1.0_softmax_ce_s3,3,34700
33800,1.0,0.7957789301872253,canonical transformer,transformer_add97_f0.3_wd1.0_softmax_ce_s3,3,34700
33900,1.0,0.7821135520935059,canonical transformer,transformer_add97_f0.3_wd1.0_softmax_ce_s3,3,34700
34000,1.0,0.7679927349090576,canonical transformer,transformer_add97_f0.3_wd1.0_softmax_ce_s3,3,34700
34100,1.0,0.7550865411758423,canonical transformer,transformer_add97_f0.3_wd1.0_softmax_ce_s3,3,34700
34200,1.0,0.7433950901031494,canonical transformer,transformer_add97_f0.3_wd1.0_softmax_ce_s3,3,34700
34300,1.0,0.7156088948249817,canonical transformer,transformer_add97_f0.3_wd1.0_softmax_ce_s3,3,34700
34400,1.0,0.8124810457229614,canonical transformer,transformer_add97_f0.3_wd1.0_softmax_ce_s3,3,34700
34500,1.0,0.8745824694633484,canonical transformer,transformer_add97_f0.3_wd1.0_softmax_ce_s3,3,34700
34600,1.0,0.7894017696380615,canonical transformer,transformer_add97_f0.3_wd1.0_softmax_ce_s3,3,34700
34700,1.0,0.9769207239151001,canonical transformer,transformer_add97_f0.3_wd1.0_softmax_ce_s3,3,34700
34800,1.0,0.9816277027130127,canonical transformer,transformer_add97_f0.3_wd1.0_softmax_ce_s3,3,34700
34900,1.0,0.9860309958457947,canonical transformer,transformer_add97_f0.3_wd1.0_softmax_ce_s3,3,34700
35000,1.0,0.9878529906272888,canonical transformer,transformer_add97_f0.3_wd1.0_softmax_ce_s3,3,34700
35100,1.0,0.9860309958457947,canonical transformer,transformer_add97_f0.3_wd1.0_softmax_ce_s3,3,34700
35200,1.0,0.9832978844642639,canonical transformer,transformer_add97_f0.3_wd1.0_softmax_ce_s3,3,34700
35300,1.0,0.9811722040176392,canonical transformer,transformer_add97_f0.3_wd1.0_softmax_ce_s3,3,34700
35400,1.0,0.9757060408592224,canonical transformer,transformer_add97_f0.3_wd1.0_softmax_ce_s3,3,34700
35500,1.0,0.9684178829193115,canonical transformer,transformer_add97_f0.3_wd1.0_softmax_ce_s3,3,34700
35600,1.0,0.9602186679840088,canonical transformer,transformer_add97_f0.3_wd1.0_softmax_ce_s3,3,34700
35700,1.0,0.9532341361045837,canonical transformer,transformer_add97_f0.3_wd1.0_softmax_ce_s3,3,34700
35800,1.0,0.9468569755554199,canonical transformer,transformer_add97_f0.3_wd1.0_softmax_ce_s3,3,34700
35900,0.9808713793754578,0.6387792229652405,canonical transformer,transformer_add97_f0.3_wd1.0_softmax_ce_s3,3,34700
36000,1.0,0.9870938062667847,canonical transformer,transformer_add97_f0.3_wd1.0_softmax_ce_s3,3,34700
36100,1.0,0.9948375225067139,canonical transformer,transformer_add97_f0.3_wd1.0_softmax_ce_s3,3,34700
36200,1.0,0.9948375225067139,canonical transformer,transformer_add97_f0.3_wd1.0_softmax_ce_s3,3,34700
36300,1.0,0.9962040781974792,canonical transformer,transformer_add97_f0.3_wd1.0_softmax_ce_s3,3,34700
36400,1.0,0.9975705742835999,canonical transformer,transformer_add97_f0.3_wd1.0_softmax_ce_s3,3,34700
36500,1.0,0.9975705742835999,canonical transformer,transformer_add97_f0.3_wd1.0_softmax_ce_s3,3,34700
36600,1.0,0.9969632625579834,canonical transformer,transformer_add97_f0.3_wd1.0_softmax_ce_s3,3,34700
36700,1.0,0.9962040781974792,canonical transformer,transformer_add97_f0.3_wd1.0_softmax_ce_s3,3,34700
36800,1.0,0.9952930212020874,canonical transformer,transformer_add97_f0.3_wd1.0_softmax_ce_s3,3,34700
36900,1.0,0.994685709476471,canonical transformer,transformer_add97_f0.3_wd1.0_softmax_ce_s3,3,34700
37000,1.0,0.9939265251159668,canonical transformer,transformer_add97_f0.3_wd1.0_softmax_ce_s3,3,34700
37100,1.0,0.9848162531852722,canonical transformer,transformer_add97_f0.3_wd1.0_softmax_ce_s3,3,34700
37200,1.0,0.998329758644104,canonical transformer,transformer_add97_f0.3_wd1.0_softmax_ce_s3,3,34700
37300,1.0,0.9998481869697571,canonical transformer,transformer_add97_f0.3_wd1.0_softmax_ce_s3,3,34700
37400,1.0,1.0,canonical transformer,transformer_add97_f0.3_wd1.0_softmax_ce_s3,3,34700
37500,1.0,1.0,canonical transformer,transformer_add97_f0.3_wd1.0_softmax_ce_s3,3,34700
37600,1.0,1.0,canonical transformer,transformer_add97_f0.3_wd1.0_softmax_ce_s3,3,34700
37700,1.0,1.0,canonical transformer,transformer_add97_f0.3_wd1.0_softmax_ce_s3,3,34700
37800,1.0,1.0,canonical transformer,transformer_add97_f0.3_wd1.0_softmax_ce_s3,3,34700
37900,1.0,1.0,canonical transformer,transformer_add97_f0.3_wd1.0_softmax_ce_s3,3,34700
38000,1.0,1.0,canonical transformer,transformer_add97_f0.3_wd1.0_softmax_ce_s3,3,34700
38100,1.0,1.0,canonical transformer,transformer_add97_f0.3_wd1.0_softmax_ce_s3,3,34700
38200,1.0,1.0,canonical transformer,transformer_add97_f0.3_wd1.0_softmax_ce_s3,3,34700
38300,1.0,0.9989371299743652,canonical transformer,transformer_add97_f0.3_wd1.0_softmax_ce_s3,3,34700
38400,1.0,0.9998481869697571,canonical transformer,transformer_add97_f0.3_wd1.0_softmax_ce_s3,3,34700
38500,1.0,1.0,canonical transformer,transformer_add97_f0.3_wd1.0_softmax_ce_s3,3,34700
38600,1.0,1.0,canonical transformer,transformer_add97_f0.3_wd1.0_softmax_ce_s3,3,34700
38700,1.0,1.0,canonical transformer,transformer_add97_f0.3_wd1.0_softmax_ce_s3,3,34700
38800,1.0,1.0,canonical transformer,transformer_add97_f0.3_wd1.0_softmax_ce_s3,3,34700
38900,1.0,1.0,canonical transformer,transformer_add97_f0.3_wd1.0_softmax_ce_s3,3,34700
39000,1.0,1.0,canonical transformer,transformer_add97_f0.3_wd1.0_softmax_ce_s3,3,34700
39100,1.0,1.0,canonical transformer,transformer_add97_f0.3_wd1.0_softmax_ce_s3,3,34700
39200,1.0,1.0,canonical transformer,transformer_add97_f0.3_wd1.0_softmax_ce_s3,3,34700
39300,1.0,1.0,canonical transformer,transformer_add97_f0.3_wd1.0_softmax_ce_s3,3,34700
39400,1.0,1.0,canonical transformer,transformer_add97_f0.3_wd1.0_softmax_ce_s3,3,34700
39500,1.0,1.0,canonical transformer,transformer_add97_f0.3_wd1.0_softmax_ce_s3,3,34700
39600,1.0,1.0,canonical transformer,transformer_add97_f0.3_wd1.0_softmax_ce_s3,3,34700
39700,1.0,1.0,canonical transformer,transformer_add97_f0.3_wd1.0_softmax_ce_s3,3,34700
39800,1.0,1.0,canonical transformer,transformer_add97_f0.3_wd1.0_softmax_ce_s3,3,34700
39900,1.0,1.0,canonical transformer,transformer_add97_f0.3_wd1.0_softmax_ce_s3,3,34700
40000,1.0,1.0,canonical transformer,transformer_add97_f0.3_wd1.0_softmax_ce_s3,3,34700
0,0.010272759012877941,0.0103249317035079,canonical transformer,transformer_add97_f0.3_wd1.0_softmax_ce_s4,4,25700
100,0.8990435600280762,0.2474946826696396,canonical transformer,transformer_add97_f0.3_wd1.0_softmax_ce_s4,4,25700
200,0.997166097164154,0.2840874493122101,canonical transformer,transformer_add97_f0.3_wd1.0_softmax_ce_s4,4,25700
300,1.0,0.2877315580844879,canonical transformer,transformer_add97_f0.3_wd1.0_softmax_ce_s4,4,25700
400,1.0,0.290312796831131,canonical transformer,transformer_add97_f0.3_wd1.0_softmax_ce_s4,4,25700
500,1.0,0.2907682955265045,canonical transformer,transformer_add97_f0.3_wd1.0_softmax_ce_s4,4,25700
600,0.9918526411056519,0.2886425852775574,canonical transformer,transformer_add97_f0.3_wd1.0_softmax_ce_s4,4,25700
700,1.0,0.2918311655521393,canonical transformer,transformer_add97_f0.3_wd1.0_softmax_ce_s4,4,25700
800,1.0,0.2931976914405823,canonical transformer,transformer_add97_f0.3_wd1.0_softmax_ce_s4,4,25700
900,0.0804109126329422,0.02414212003350258,canonical transformer,transformer_add97_f0.3_wd1.0_softmax_ce_s4,4,25700
1000,1.0,0.2918311655521393,canonical transformer,transformer_add97_f0.3_wd1.0_softmax_ce_s4,4,25700
1100,0.4392490088939667,0.10507136583328247,canonical transformer,transformer_add97_f0.3_wd1.0_softmax_ce_s4,4,25700
1200,1.0,0.29304584860801697,canonical transformer,transformer_add97_f0.3_wd1.0_softmax_ce_s4,4,25700
1300,1.0,0.2939568758010864,canonical transformer,transformer_add97_f0.3_wd1.0_softmax_ce_s4,4,25700
1400,1.0,0.29259034991264343,canonical transformer,transformer_add97_f0.3_wd1.0_softmax_ce_s4,4,25700
1500,0.2295430302619934,0.058609168976545334,canonical transformer,transformer_add97_f0.3_wd1.0_softmax_ce_s4,4,25700
1600,1.0,0.29304584860801697,canonical transformer,transformer_add97_f0.3_wd1.0_softmax_ce_s4,4,25700
1700,0.25115126371383667,0.05906468257308006,canonical transformer,transformer_add97_f0.3_wd1.0_softmax_ce_s4,4,25700
1800,1.0,0.29274219274520874,canonical transformer,transformer_add97_f0.3_wd1.0_softmax_ce_s4,4,25700
1900,0.9929153323173523,0.28849074244499207,canonical transformer,transformer_add97_f0.3_wd1.0_softmax_ce_s4,4,25700
2000,1.0,0.2935013771057129,canonical transformer,transformer_add97_f0.3_wd1.0_softmax_ce_s4,4,25700
2100,1.0,0.2938050329685211,canonical transformer,transformer_add97_f0.3_wd1.0_softmax_ce_s4,4,25700
2200,1.0,0.29426056146621704,canonical transformer,transformer_add97_f0.3_wd1.0_softmax_ce_s4,4,25700
2300,0.9978746175765991,0.29259034991264343,canonical transformer,transformer_add97_f0.3_wd1.0_softmax_ce_s4,4,25700
2400,1.0,0.29410871863365173,canonical transformer,transformer_add97_f0.3_wd1.0_softmax_ce_s4,4,25700
2500,1.0,0.2951715886592865,canonical transformer,transformer_add97_f0.3_wd1.0_softmax_ce_s4,4,25700
2600,1.0,0.2954752445220947,canonical transformer,transformer_add97_f0.3_wd1.0_softmax_ce_s4,4,25700
2700,1.0,0.29562708735466003,canonical transformer,transformer_add97_f0.3_wd1.0_softmax_ce_s4,4,25700
2800,1.0,0.29577893018722534,canonical transformer,transformer_add97_f0.3_wd1.0_softmax_ce_s4,4,25700
2900,0.06765852123498917,0.01973883993923664,canonical transformer,transformer_add97_f0.3_wd1.0_softmax_ce_s4,4,25700
3000,1.0,0.2947160601615906,canonical transformer,transformer_add97_f0.3_wd1.0_softmax_ce_s4,4,25700
3100,1.0,0.2950197458267212,canonical transformer,transformer_add97_f0.3_wd1.0_softmax_ce_s4,4,25700
3200,1.0,0.29562708735466003,canonical transformer,transformer_add97_f0.3_wd1.0_softmax_ce_s4,4,25700
3300,1.0,0.29577893018722534,canonical transformer,transformer_add97_f0.3_wd1.0_softmax_ce_s4,4,25700
3400,1.0,0.29562708735466003,canonical transformer,transformer_add97_f0.3_wd1.0_softmax_ce_s4,4,25700
3500,1.0,0.29608258605003357,canonical transformer,transformer_add97_f0.3_wd1.0_softmax_ce_s4,4,25700
3600,1.0,0.2966899573802948,canonical transformer,transformer_add97_f0.3_wd1.0_softmax_ce_s4,4,25700
3700,1.0,0.2965381145477295,canonical transformer,transformer_add97_f0.3_wd1.0_softmax_ce_s4,4,25700
3800,1.0,0.2965381145477295,canonical transformer,transformer_add97_f0.3_wd1.0_softmax_ce_s4,4,25700
3900,1.0,0.2962344288825989,canonical transformer,transformer_add97_f0.3_wd1.0_softmax_ce_s4,4,25700
4000,1.0,0.2963862717151642,canonical transformer,transformer_add97_f0.3_wd1.0_softmax_ce_s4,4,25700
4100,1.0,0.2963862717151642,canonical transformer,transformer_add97_f0.3_wd1.0_softmax_ce_s4,4,25700
4200,1.0,0.29577893018722534,canonical transformer,transformer_add97_f0.3_wd1.0_softmax_ce_s4,4,25700
4300,1.0,0.29562708735466003,canonical transformer,transformer_add97_f0.3_wd1.0_softmax_ce_s4,4,25700
4400,1.0,0.2954752445220947,canonical transformer,transformer_add97_f0.3_wd1.0_softmax_ce_s4,4,25700
4500,1.0,0.29593077301979065,canonical transformer,transformer_add97_f0.3_wd1.0_softmax_ce_s4,4,25700
4600,1.0,0.29562708735466003,canonical transformer,transformer_add97_f0.3_wd1.0_softmax_ce_s4,4,25700
4700,1.0,0.2951715886592865,canonical transformer,transformer_add97_f0.3_wd1.0_softmax_ce_s4,4,25700
4800,1.0,0.2953234016895294,canonical transformer,transformer_add97_f0.3_wd1.0_softmax_ce_s4,4,25700
4900,1.0,0.29593077301979065,canonical transformer,transformer_add97_f0.3_wd1.0_softmax_ce_s4,4,25700
5000,1.0,0.2962344288825989,canonical transformer,transformer_add97_f0.3_wd1.0_softmax_ce_s4,4,25700
5100,1.0,0.2963862717151642,canonical transformer,transformer_add97_f0.3_wd1.0_softmax_ce_s4,4,25700
5200,1.0,0.29744914174079895,canonical transformer,transformer_add97_f0.3_wd1.0_softmax_ce_s4,4,25700
5300,1.0,0.29608258605003357,canonical transformer,transformer_add97_f0.3_wd1.0_softmax_ce_s4,4,25700
5400,1.0,0.2951715886592865,canonical transformer,transformer_add97_f0.3_wd1.0_softmax_ce_s4,4,25700
5500,1.0,0.2954752445220947,canonical transformer,transformer_add97_f0.3_wd1.0_softmax_ce_s4,4,25700
5600,1.0,0.29562708735466003,canonical transformer,transformer_add97_f0.3_wd1.0_softmax_ce_s4,4,25700
5700,1.0,0.29608258605003357,canonical transformer,transformer_add97_f0.3_wd1.0_softmax_ce_s4,4,25700
5800,1.0,0.2963862717151642,canonical transformer,transformer_add97_f0.3_wd1.0_softmax_ce_s4,4,25700
5900,1.0,0.29729729890823364,canonical transformer,transformer_add97_f0.3_wd1.0_softmax_ce_s4,4,25700
6000,1.0,0.29714545607566833,canonical transformer,transformer_add97_f0.3_wd1.0_softmax_ce_s4,4,25700
6100,1.0,0.29714545607566833,canonical transformer,transformer_add97_f0.3_wd1.0_softmax_ce_s4,4,25700
6200,1.0,0.296993613243103,canonical transformer,transformer_add97_f0.3_wd1.0_softmax_ce_s4,4,25700
6300,1.0,0.2954752445220947,canonical transformer,transformer_add97_f0.3_wd1.0_softmax_ce_s4,4,25700
6400,1.0,0.2953234016895294,canonical transformer,transformer_add97_f0.3_wd1.0_softmax_ce_s4,4,25700
6500,1.0,0.2962344288825989,canonical transformer,transformer_add97_f0.3_wd1.0_softmax_ce_s4,4,25700
6600,1.0,0.29577893018722534,canonical transformer,transformer_add97_f0.3_wd1.0_softmax_ce_s4,4,25700
6700,1.0,0.2966899573802948,canonical transformer,transformer_add97_f0.3_wd1.0_softmax_ce_s4,4,25700
6800,1.0,0.2965381145477295,canonical transformer,transformer_add97_f0.3_wd1.0_softmax_ce_s4,4,25700
6900,1.0,0.2968417704105377,canonical transformer,transformer_add97_f0.3_wd1.0_softmax_ce_s4,4,25700
7000,1.0,0.29714545607566833,canonical transformer,transformer_add97_f0.3_wd1.0_softmax_ce_s4,4,25700
7100,1.0,0.29729729890823364,canonical transformer,transformer_add97_f0.3_wd1.0_softmax_ce_s4,4,25700
7200,1.0,0.296993613243103,canonical transformer,transformer_add97_f0.3_wd1.0_softmax_ce_s4,4,25700
7300,1.0,0.2965381145477295,canonical transformer,transformer_add97_f0.3_wd1.0_softmax_ce_s4,4,25700
7400,1.0,0.2953234016895294,canonical transformer,transformer_add97_f0.3_wd1.0_softmax_ce_s4,4,25700
7500,1.0,0.29608258605003357,canonical transformer,transformer_add97_f0.3_wd1.0_softmax_ce_s4,4,25700
7600,1.0,0.29729729890823364,canonical transformer,transformer_add97_f0.3_wd1.0_softmax_ce_s4,4,25700
7700,1.0,0.2965381145477295,canonical transformer,transformer_add97_f0.3_wd1.0_softmax_ce_s4,4,25700
7800,1.0,0.296993613243103,canonical transformer,transformer_add97_f0.3_wd1.0_softmax_ce_s4,4,25700
7900,1.0,0.2968417704105377,canonical transformer,transformer_add97_f0.3_wd1.0_softmax_ce_s4,4,25700
8000,1.0,0.29714545607566833,canonical transformer,transformer_add97_f0.3_wd1.0_softmax_ce_s4,4,25700
8100,1.0,0.296993613243103,canonical transformer,transformer_add97_f0.3_wd1.0_softmax_ce_s4,4,25700
8200,1.0,0.2968417704105377,canonical transformer,transformer_add97_f0.3_wd1.0_softmax_ce_s4,4,25700
8300,1.0,0.2977527976036072,canonical transformer,transformer_add97_f0.3_wd1.0_softmax_ce_s4,4,25700
8400,1.0,0.29911935329437256,canonical transformer,transformer_add97_f0.3_wd1.0_softmax_ce_s4,4,25700
8500,1.0,0.2980564832687378,canonical transformer,transformer_add97_f0.3_wd1.0_softmax_ce_s4,4,25700
8600,1.0,0.296993613243103,canonical transformer,transformer_add97_f0.3_wd1.0_softmax_ce_s4,4,25700
8700,1.0,0.29760098457336426,canonical transformer,transformer_add97_f0.3_wd1.0_softmax_ce_s4,4,25700
8800,1.0,0.2983601689338684,canonical transformer,transformer_add97_f0.3_wd1.0_softmax_ce_s4,4,25700
8900,1.0,0.2980564832687378,canonical transformer,transformer_add97_f0.3_wd1.0_softmax_ce_s4,4,25700
9000,1.0,0.2977527976036072,canonical transformer,transformer_add97_f0.3_wd1.0_softmax_ce_s4,4,25700
9100,1.0,0.29729729890823364,canonical transformer,transformer_add97_f0.3_wd1.0_softmax_ce_s4,4,25700
9200,1.0,0.29729729890823364,canonical transformer,transformer_add97_f0.3_wd1.0_softmax_ce_s4,4,25700
9300,1.0,0.29851198196411133,canonical transformer,transformer_add97_f0.3_wd1.0_softmax_ce_s4,4,25700
9400,1.0,0.2982083261013031,canonical transformer,transformer_add97_f0.3_wd1.0_softmax_ce_s4,4,25700
9500,1.0,0.29851198196411133,canonical transformer,transformer_add97_f0.3_wd1.0_softmax_ce_s4,4,25700
9600,1.0,0.2979046404361725,canonical transformer,transformer_add97_f0.3_wd1.0_softmax_ce_s4,4,25700
9700,1.0,0.2977527976036072,canonical transformer,transformer_add97_f0.3_wd1.0_softmax_ce_s4,4,25700
9800,1.0,0.29714545607566833,canonical transformer,transformer_add97_f0.3_wd1.0_softmax_ce_s4,4,25700
9900,1.0,0.2977527976036072,canonical transformer,transformer_add97_f0.3_wd1.0_softmax_ce_s4,4,25700
10000,1.0,0.29881566762924194,canonical transformer,transformer_add97_f0.3_wd1.0_softmax_ce_s4,4,25700
10100,1.0,0.29911935329437256,canonical transformer,transformer_add97_f0.3_wd1.0_softmax_ce_s4,4,25700
10200,1.0,0.29911935329437256,canonical transformer,transformer_add97_f0.3_wd1.0_softmax_ce_s4,4,25700
10300,1.0,0.300030380487442,canonical transformer,transformer_add97_f0.3_wd1.0_softmax_ce_s4,4,25700
10400,1.0,0.30063772201538086,canonical transformer,transformer_add97_f0.3_wd1.0_softmax_ce_s4,4,25700
10500,1.0,0.30078956484794617,canonical transformer,transformer_add97_f0.3_wd1.0_softmax_ce_s4,4,25700
10600,1.0,0.30033403635025024,canonical transformer,transformer_add97_f0.3_wd1.0_softmax_ce_s4,4,25700
10700,1.0,0.2995748519897461,canonical transformer,transformer_add97_f0.3_wd1.0_softmax_ce_s4,4,25700
10800,1.0,0.2995748519897461,canonical transformer,transformer_add97_f0.3_wd1.0_softmax_ce_s4,4,25700
10900,1.0,0.30033403635025024,canonical transformer,transformer_add97_f0.3_wd1.0_softmax_ce_s4,4,25700
11000,1.0,0.2995748519897461,canonical transformer,transformer_add97_f0.3_wd1.0_softmax_ce_s4,4,25700
11100,1.0,0.30033403635025024,canonical transformer,transformer_add97_f0.3_wd1.0_softmax_ce_s4,4,25700
11200,1.0,0.2995748519897461,canonical transformer,transformer_add97_f0.3_wd1.0_softmax_ce_s4,4,25700
11300,1.0,0.300030380487442,canonical transformer,transformer_add97_f0.3_wd1.0_softmax_ce_s4,4,25700
11400,1.0,0.30048587918281555,canonical transformer,transformer_add97_f0.3_wd1.0_softmax_ce_s4,4,25700
11500,1.0,0.30063772201538086,canonical transformer,transformer_add97_f0.3_wd1.0_softmax_ce_s4,4,25700
11600,1.0,0.3010932207107544,canonical transformer,transformer_add97_f0.3_wd1.0_softmax_ce_s4,4,25700
11700,0.9390718936920166,0.27436986565589905,canonical transformer,transformer_add97_f0.3_wd1.0_softmax_ce_s4,4,25700
11800,1.0,0.29911935329437256,canonical transformer,transformer_add97_f0.3_wd1.0_softmax_ce_s4,4,25700
11900,1.0,0.2997266948223114,canonical transformer,transformer_add97_f0.3_wd1.0_softmax_ce_s4,4,25700
12000,1.0,0.30078956484794617,canonical transformer,transformer_add97_f0.3_wd1.0_softmax_ce_s4,4,25700
12100,1.0,0.30033403635025024,canonical transformer,transformer_add97_f0.3_wd1.0_softmax_ce_s4,4,25700
12200,1.0,0.30018219351768494,canonical transformer,transformer_add97_f0.3_wd1.0_softmax_ce_s4,4,25700
12300,1.0,0.2998785376548767,canonical transformer,transformer_add97_f0.3_wd1.0_softmax_ce_s4,4,25700
12400,1.0,0.30078956484794617,canonical transformer,transformer_add97_f0.3_wd1.0_softmax_ce_s4,4,25700
12500,1.0,0.3015487492084503,canonical transformer,transformer_add97_f0.3_wd1.0_softmax_ce_s4,4,25700
12600,1.0,0.30185240507125854,canonical transformer,transformer_add97_f0.3_wd1.0_softmax_ce_s4,4,25700
12700,1.0,0.302763432264328,canonical transformer,transformer_add97_f0.3_wd1.0_softmax_ce_s4,4,25700
12800,1.0,0.3026115894317627,canonical transformer,transformer_add97_f0.3_wd1.0_softmax_ce_s4,4,25700
12900,1.0,0.29911935329437256,canonical transformer,transformer_add97_f0.3_wd1.0_softmax_ce_s4,4,25700
13000,1.0,0.29911935329437256,canonical transformer,transformer_add97_f0.3_wd1.0_softmax_ce_s4,4,25700
13100,1.0,0.29911935329437256,canonical transformer,transformer_add97_f0.3_wd1.0_softmax_ce_s4,4,25700
13200,1.0,0.300030380487442,canonical transformer,transformer_add97_f0.3_wd1.0_softmax_ce_s4,4,25700
13300,1.0,0.30185240507125854,canonical transformer,transformer_add97_f0.3_wd1.0_softmax_ce_s4,4,25700
13400,1.0,0.30170056223869324,canonical transformer,transformer_add97_f0.3_wd1.0_softmax_ce_s4,4,25700
13500,1.0,0.3015487492084503,canonical transformer,transformer_add97_f0.3_wd1.0_softmax_ce_s4,4,25700
13600,1.0,0.30048587918281555,canonical transformer,transformer_add97_f0.3_wd1.0_softmax_ce_s4,4,25700
13700,1.0,0.3009413778781891,canonical transformer,transformer_add97_f0.3_wd1.0_softmax_ce_s4,4,25700
13800,1.0,0.3010932207107544,canonical transformer,transformer_add97_f0.3_wd1.0_softmax_ce_s4,4,25700
13900,1.0,0.30048587918281555,canonical transformer,transformer_add97_f0.3_wd1.0_softmax_ce_s4,4,25700
14000,1.0,0.30063772201538086,canonical transformer,transformer_add97_f0.3_wd1.0_softmax_ce_s4,4,25700
14100,1.0,0.2992711663246155,canonical transformer,transformer_add97_f0.3_wd1.0_softmax_ce_s4,4,25700
14200,1.0,0.30063772201538086,canonical transformer,transformer_add97_f0.3_wd1.0_softmax_ce_s4,4,25700
14300,1.0,0.301396906375885,canonical transformer,transformer_add97_f0.3_wd1.0_softmax_ce_s4,4,25700
14400,1.0,0.301396906375885,canonical transformer,transformer_add97_f0.3_wd1.0_softmax_ce_s4,4,25700
14500,1.0,0.302763432264328,canonical transformer,transformer_add97_f0.3_wd1.0_softmax_ce_s4,4,25700
14600,1.0,0.30230793356895447,canonical transformer,transformer_add97_f0.3_wd1.0_softmax_ce_s4,4,25700
14700,1.0,0.30352261662483215,canonical transformer,transformer_add97_f0.3_wd1.0_softmax_ce_s4,4,25700
14800,1.0,0.30382630228996277,canonical transformer,transformer_add97_f0.3_wd1.0_softmax_ce_s4,4,25700
14900,1.0,0.3047373294830322,canonical transformer,transformer_add97_f0.3_wd1.0_softmax_ce_s4,4,25700
15000,1.0,0.30519282817840576,canonical transformer,transformer_add97_f0.3_wd1.0_softmax_ce_s4,4,25700
15100,1.0,0.3045854866504669,canonical transformer,transformer_add97_f0.3_wd1.0_softmax_ce_s4,4,25700
15200,1.0,0.3029152750968933,canonical transformer,transformer_add97_f0.3_wd1.0_softmax_ce_s4,4,25700
15300,1.0,0.30504098534584045,canonical transformer,transformer_add97_f0.3_wd1.0_softmax_ce_s4,4,25700
15400,1.0,0.3061038553714752,canonical transformer,transformer_add97_f0.3_wd1.0_softmax_ce_s4,4,25700
15500,1.0,0.3047373294830322,canonical transformer,transformer_add97_f0.3_wd1.0_softmax_ce_s4,4,25700
15600,1.0,0.3044336438179016,canonical transformer,transformer_add97_f0.3_wd1.0_softmax_ce_s4,4,25700
15700,1.0,0.30488917231559753,canonical transformer,transformer_add97_f0.3_wd1.0_softmax_ce_s4,4,25700
15800,1.0,0.30519282817840576,canonical transformer,transformer_add97_f0.3_wd1.0_softmax_ce_s4,4,25700
15900,1.0,0.30716672539711,canonical transformer,transformer_add97_f0.3_wd1.0_softmax_ce_s4,4,25700
16000,1.0,0.30671119689941406,canonical transformer,transformer_add97_f0.3_wd1.0_softmax_ce_s4,4,25700
16100,1.0,0.3061038553714752,canonical transformer,transformer_add97_f0.3_wd1.0_softmax_ce_s4,4,25700
16200,1.0,0.30519282817840576,canonical transformer,transformer_add97_f0.3_wd1.0_softmax_ce_s4,4,25700
16300,1.0,0.3059520125389099,canonical transformer,transformer_add97_f0.3_wd1.0_softmax_ce_s4,4,25700
16400,1.0,0.30777406692504883,canonical transformer,transformer_add97_f0.3_wd1.0_softmax_ce_s4,4,25700
16500,1.0,0.3105071485042572,canonical transformer,transformer_add97_f0.3_wd1.0_softmax_ce_s4,4,25700
16600,1.0,0.3100516200065613,canonical transformer,transformer_add97_f0.3_wd1.0_softmax_ce_s4,4,25700
16700,1.0,0.3100516200065613,canonical transformer,transformer_add97_f0.3_wd1.0_softmax_ce_s4,4,25700
16800,1.0,0.3117218315601349,canonical transformer,transformer_add97_f0.3_wd1.0_softmax_ce_s4,4,25700
16900,1.0,0.31126633286476135,canonical transformer,transformer_add97_f0.3_wd1.0_softmax_ce_s4,4,25700
17000,1.0,0.31081080436706543,canonical transformer,transformer_add97_f0.3_wd1.0_softmax_ce_s4,4,25700
17100,1.0,0.30974796414375305,canonical transformer,transformer_add97_f0.3_wd1.0_softmax_ce_s4,4,25700
17200,1.0,0.30929243564605713,canonical transformer,transformer_add97_f0.3_wd1.0_softmax_ce_s4,4,25700
17300,1.0,0.31096264719963074,canonical transformer,transformer_add97_f0.3_wd1.0_softmax_ce_s4,4,25700
17400,1.0,0.31096264719963074,canonical transformer,transformer_add97_f0.3_wd1.0_softmax_ce_s4,4,25700
17500,1.0,0.3115699887275696,canonical transformer,transformer_add97_f0.3_wd1.0_softmax_ce_s4,4,25700
17600,1.0,0.30716672539711,canonical transformer,transformer_add97_f0.3_wd1.0_softmax_ce_s4,4,25700
17700,1.0,0.3105071485042572,canonical transformer,transformer_add97_f0.3_wd1.0_softmax_ce_s4,4,25700
17800,1.0,0.3136957287788391,canonical transformer,transformer_add97_f0.3_wd1.0_softmax_ce_s4,4,25700
17900,1.0,0.31384754180908203,canonical transformer,transformer_add97_f0.3_wd1.0_softmax_ce_s4,4,25700
18000,1.0,0.3146067261695862,canonical transformer,transformer_add97_f0.3_wd1.0_softmax_ce_s4,4,25700
18100,1.0,0.31597328186035156,canonical transformer,transformer_add97_f0.3_wd1.0_softmax_ce_s4,4,25700
18200,1.0,0.31597328186035156,canonical transformer,transformer_add97_f0.3_wd1.0_softmax_ce_s4,4,25700
18300,1.0,0.3152140974998474,canonical transformer,transformer_add97_f0.3_wd1.0_softmax_ce_s4,4,25700
18400,1.0,0.3153659403324127,canonical transformer,transformer_add97_f0.3_wd1.0_softmax_ce_s4,4,25700
18500,1.0,0.3149104118347168,canonical transformer,transformer_add97_f0.3_wd1.0_softmax_ce_s4,4,25700
18600,1.0,0.31597328186035156,canonical transformer,transformer_add97_f0.3_wd1.0_softmax_ce_s4,4,25700
18700,1.0,0.3132402002811432,canonical transformer,transformer_add97_f0.3_wd1.0_softmax_ce_s4,4,25700
18800,1.0,0.3197692036628723,canonical transformer,transformer_add97_f0.3_wd1.0_softmax_ce_s4,4,25700
18900,1.0,0.3225022852420807,canonical transformer,transformer_add97_f0.3_wd1.0_softmax_ce_s4,4,25700
19000,1.0,0.32189491391181946,canonical transformer,transformer_add97_f0.3_wd1.0_softmax_ce_s4,4,25700
19100,1.0,0.32310962677001953,canonical transformer,transformer_add97_f0.3_wd1.0_softmax_ce_s4,4,25700
19200,1.0,0.3243243098258972,canonical transformer,transformer_add97_f0.3_wd1.0_softmax_ce_s4,4,25700
19300,1.0,0.32462799549102783,canonical transformer,transformer_add97_f0.3_wd1.0_softmax_ce_s4,4,25700
19400,1.0,0.32462799549102783,canonical transformer,transformer_add97_f0.3_wd1.0_softmax_ce_s4,4,25700
19500,1.0,0.32462799549102783,canonical transformer,transformer_add97_f0.3_wd1.0_softmax_ce_s4,4,25700
19600,1.0,0.3228059411048889,canonical transformer,transformer_add97_f0.3_wd1.0_softmax_ce_s4,4,25700
19700,1.0,0.3228059411048889,canonical transformer,transformer_add97_f0.3_wd1.0_softmax_ce_s4,4,25700
19800,1.0,0.32356512546539307,canonical transformer,transformer_add97_f0.3_wd1.0_softmax_ce_s4,4,25700
19900,1.0,0.3238688111305237,canonical transformer,transformer_add97_f0.3_wd1.0_softmax_ce_s4,4,25700
20000,1.0,0.3305496573448181,canonical transformer,transformer_add97_f0.3_wd1.0_softmax_ce_s4,4,25700
20100,1.0,0.3288794457912445,canonical transformer,transformer_add97_f0.3_wd1.0_softmax_ce_s4,4,25700
20200,1.0,0.3307015001773834,canonical transformer,transformer_add97_f0.3_wd1.0_softmax_ce_s4,4,25700
20300,1.0,0.3305496573448181,canonical transformer,transformer_add97_f0.3_wd1.0_softmax_ce_s4,4,25700
20400,1.0,0.3320680260658264,canonical transformer,transformer_add97_f0.3_wd1.0_softmax_ce_s4,4,25700
20500,1.0,0.33389008045196533,canonical transformer,transformer_add97_f0.3_wd1.0_softmax_ce_s4,4,25700
20600,1.0,0.3329790532588959,canonical transformer,transformer_add97_f0.3_wd1.0_softmax_ce_s4,4,25700
20700,1.0,0.33115699887275696,canonical transformer,transformer_add97_f0.3_wd1.0_softmax_ce_s4,4,25700
20800,1.0,0.3307015001773834,canonical transformer,transformer_add97_f0.3_wd1.0_softmax_ce_s4,4,25700
20900,1.0,0.3305496573448181,canonical transformer,transformer_add97_f0.3_wd1.0_softmax_ce_s4,4,25700
21000,1.0,0.33130884170532227,canonical transformer,transformer_add97_f0.3_wd1.0_softmax_ce_s4,4,25700
21100,1.0,0.33723047375679016,canonical transformer,transformer_add97_f0.3_wd1.0_softmax_ce_s4,4,25700
21200,1.0,0.3460370600223541,canonical transformer,transformer_add97_f0.3_wd1.0_softmax_ce_s4,4,25700
21300,1.0,0.3484664559364319,canonical transformer,transformer_add97_f0.3_wd1.0_softmax_ce_s4,4,25700
21400,1.0,0.38156697154045105,canonical transformer,transformer_add97_f0.3_wd1.0_softmax_ce_s4,4,25700
21500,1.0,0.3902216851711273,canonical transformer,transformer_add97_f0.3_wd1.0_softmax_ce_s4,4,25700
21600,1.0,0.38323718309402466,canonical transformer,transformer_add97_f0.3_wd1.0_softmax_ce_s4,4,25700
21700,1.0,0.38946250081062317,canonical transformer,transformer_add97_f0.3_wd1.0_softmax_ce_s4,4,25700
21800,1.0,0.38764044642448425,canonical transformer,transformer_add97_f0.3_wd1.0_softmax_ce_s4,4,25700
21900,1.0,0.38627392053604126,canonical transformer,transformer_add97_f0.3_wd1.0_softmax_ce_s4,4,25700
22000,1.0,0.3853628933429718,canonical transformer,transformer_add97_f0.3_wd1.0_softmax_ce_s4,4,25700
22100,1.0,0.3795930743217468,canonical transformer,transformer_add97_f0.3_wd1.0_softmax_ce_s4,4,25700
22200,1.0,0.3757971525192261,canonical transformer,transformer_add97_f0.3_wd1.0_softmax_ce_s4,4,25700
22300,1.0,0.3730640709400177,canonical transformer,transformer_add97_f0.3_wd1.0_softmax_ce_s4,4,25700
22400,1.0,0.374582439661026,canonical transformer,transformer_add97_f0.3_wd1.0_softmax_ce_s4,4,25700
22500,1.0,0.37109020352363586,canonical transformer,transformer_add97_f0.3_wd1.0_softmax_ce_s4,4,25700
22600,1.0,0.37109020352363586,canonical transformer,transformer_add97_f0.3_wd1.0_softmax_ce_s4,4,25700
22700,1.0,0.4085939824581146,canonical transformer,transformer_add97_f0.3_wd1.0_softmax_ce_s4,4,25700
22800,1.0,0.4283328354358673,canonical transformer,transformer_add97_f0.3_wd1.0_softmax_ce_s4,4,25700
22900,1.0,0.4219556748867035,canonical transformer,transformer_add97_f0.3_wd1.0_softmax_ce_s4,4,25700
23000,1.0,0.4239295423030853,canonical transformer,transformer_add97_f0.3_wd1.0_softmax_ce_s4,4,25700
23100,1.0,0.42408138513565063,canonical transformer,transformer_add97_f0.3_wd1.0_softmax_ce_s4,4,25700
23200,1.0,0.42544791102409363,canonical transformer,transformer_add97_f0.3_wd1.0_softmax_ce_s4,4,25700
23300,1.0,0.4246887266635895,canonical transformer,transformer_add97_f0.3_wd1.0_softmax_ce_s4,4,25700
23400,1.0,0.4216519892215729,canonical transformer,transformer_add97_f0.3_wd1.0_softmax_ce_s4,4,25700
23500,1.0,0.4187670946121216,canonical transformer,transformer_add97_f0.3_wd1.0_softmax_ce_s4,4,25700
23600,1.0,0.41648951172828674,canonical transformer,transformer_add97_f0.3_wd1.0_softmax_ce_s4,4,25700
23700,1.0,0.41330093145370483,canonical transformer,transformer_add97_f0.3_wd1.0_softmax_ce_s4,4,25700
23800,1.0,0.4559671878814697,canonical transformer,transformer_add97_f0.3_wd1.0_softmax_ce_s4,4,25700
23900,1.0,0.5104767680168152,canonical transformer,transformer_add97_f0.3_wd1.0_softmax_ce_s4,4,25700
24000,1.0,0.5136653780937195,canonical transformer,transformer_add97_f0.3_wd1.0_softmax_ce_s4,4,25700
24100,1.0,0.5130580067634583,canonical transformer,transformer_add97_f0.3_wd1.0_softmax_ce_s4,4,25700
24200,1.0,0.5192833542823792,canonical transformer,transformer_add97_f0.3_wd1.0_softmax_ce_s4,4,25700
24300,1.0,0.5220164060592651,canonical transformer,transformer_add97_f0.3_wd1.0_softmax_ce_s4,4,25700
24400,1.0,0.5229274034500122,canonical transformer,transformer_add97_f0.3_wd1.0_softmax_ce_s4,4,25700
24500,1.0,0.5215609073638916,canonical transformer,transformer_add97_f0.3_wd1.0_softmax_ce_s4,4,25700
24600,1.0,0.5148800611495972,canonical transformer,transformer_add97_f0.3_wd1.0_softmax_ce_s4,4,25700
24700,1.0,0.5100212693214417,canonical transformer,transformer_add97_f0.3_wd1.0_softmax_ce_s4,4,25700
24800,1.0,0.502733051776886,canonical transformer,transformer_add97_f0.3_wd1.0_softmax_ce_s4,4,25700
24900,1.0,0.5010628700256348,canonical transformer,transformer_add97_f0.3_wd1.0_softmax_ce_s4,4,25700
25000,1.0,0.5810810923576355,canonical transformer,transformer_add97_f0.3_wd1.0_softmax_ce_s4,4,25700
25100,1.0,0.639234721660614,canonical transformer,transformer_add97_f0.3_wd1.0_softmax_ce_s4,4,25700
25200,1.0,0.6498633623123169,canonical transformer,transformer_add97_f0.3_wd1.0_softmax_ce_s4,4,25700
25300,1.0,0.7883388996124268,canonical transformer,transformer_add97_f0.3_wd1.0_softmax_ce_s4,4,25700
25400,1.0,0.8425447940826416,canonical transformer,transformer_add97_f0.3_wd1.0_softmax_ce_s4,4,25700
25500,1.0,0.8677497506141663,canonical transformer,transformer_add97_f0.3_wd1.0_softmax_ce_s4,4,25700
25600,1.0,0.8885514736175537,canonical transformer,transformer_add97_f0.3_wd1.0_softmax_ce_s4,4,25700
25700,1.0,0.9026723504066467,canonical transformer,transformer_add97_f0.3_wd1.0_softmax_ce_s4,4,25700
25800,1.0,0.9092013239860535,canonical transformer,transformer_add97_f0.3_wd1.0_softmax_ce_s4,4,25700
25900,1.0,0.9129972457885742,canonical transformer,transformer_add97_f0.3_wd1.0_softmax_ce_s4,4,25700
26000,1.0,0.9114788770675659,canonical transformer,transformer_add97_f0.3_wd1.0_softmax_ce_s4,4,25700
26100,1.0,0.904342532157898,canonical transformer,transformer_add97_f0.3_wd1.0_softmax_ce_s4,4,25700
26200,1.0,0.8917400240898132,canonical transformer,transformer_add97_f0.3_wd1.0_softmax_ce_s4,4,25700
26300,1.0,0.8839963674545288,canonical transformer,transformer_add97_f0.3_wd1.0_softmax_ce_s4,4,25700
26400,1.0,0.8754934668540955,canonical transformer,transformer_add97_f0.3_wd1.0_softmax_ce_s4,4,25700
26500,1.0,0.8723049163818359,canonical transformer,transformer_add97_f0.3_wd1.0_softmax_ce_s4,4,25700
26600,1.0,0.8721530437469482,canonical transformer,transformer_add97_f0.3_wd1.0_softmax_ce_s4,4,25700
26700,1.0,0.909656822681427,canonical transformer,transformer_add97_f0.3_wd1.0_softmax_ce_s4,4,25700
26800,1.0,0.9640145897865295,canonical transformer,transformer_add97_f0.3_wd1.0_softmax_ce_s4,4,25700
26900,1.0,0.9758578538894653,canonical transformer,transformer_add97_f0.3_wd1.0_softmax_ce_s4,4,25700
27000,1.0,0.9785909652709961,canonical transformer,transformer_add97_f0.3_wd1.0_softmax_ce_s4,4,25700
27100,1.0,0.9813240170478821,canonical transformer,transformer_add97_f0.3_wd1.0_softmax_ce_s4,4,25700
27200,1.0,0.9851199388504028,canonical transformer,transformer_add97_f0.3_wd1.0_softmax_ce_s4,4,25700
27300,1.0,0.9857273101806641,canonical transformer,transformer_add97_f0.3_wd1.0_softmax_ce_s4,4,25700
27400,1.0,0.985879123210907,canonical transformer,transformer_add97_f0.3_wd1.0_softmax_ce_s4,4,25700
27500,1.0,0.9861828088760376,canonical transformer,transformer_add97_f0.3_wd1.0_softmax_ce_s4,4,25700
27600,1.0,0.9842089414596558,canonical transformer,transformer_add97_f0.3_wd1.0_softmax_ce_s4,4,25700
27700,1.0,0.981475830078125,canonical transformer,transformer_add97_f0.3_wd1.0_softmax_ce_s4,4,25700
27800,1.0,0.9512602686882019,canonical transformer,transformer_add97_f0.3_wd1.0_softmax_ce_s4,4,25700
27900,1.0,0.9975705742835999,canonical transformer,transformer_add97_f0.3_wd1.0_softmax_ce_s4,4,25700
28000,1.0,1.0,canonical transformer,transformer_add97_f0.3_wd1.0_softmax_ce_s4,4,25700
28100,1.0,1.0,canonical transformer,transformer_add97_f0.3_wd1.0_softmax_ce_s4,4,25700
28200,1.0,1.0,canonical transformer,transformer_add97_f0.3_wd1.0_softmax_ce_s4,4,25700
28300,1.0,1.0,canonical transformer,transformer_add97_f0.3_wd1.0_softmax_ce_s4,4,25700
28400,1.0,1.0,canonical transformer,transformer_add97_f0.3_wd1.0_softmax_ce_s4,4,25700
28500,1.0,1.0,canonical transformer,transformer_add97_f0.3_wd1.0_softmax_ce_s4,4,25700
28600,1.0,1.0,canonical transformer,transformer_add97_f0.3_wd1.0_softmax_ce_s4,4,25700
28700,1.0,1.0,canonical transformer,transformer_add97_f0.3_wd1.0_softmax_ce_s4,4,25700
28800,1.0,1.0,canonical transformer,transformer_add97_f0.3_wd1.0_softmax_ce_s4,4,25700
28900,1.0,1.0,canonical transformer,transformer_add97_f0.3_wd1.0_softmax_ce_s4,4,25700
29000,1.0,0.9631035327911377,canonical transformer,transformer_add97_f0.3_wd1.0_softmax_ce_s4,4,25700
29100,1.0,0.9998481869697571,canonical transformer,transformer_add97_f0.3_wd1.0_softmax_ce_s4,4,25700
29200,1.0,1.0,canonical transformer,transformer_add97_f0.3_wd1.0_softmax_ce_s4,4,25700
29300,1.0,1.0,canonical transformer,transformer_add97_f0.3_wd1.0_softmax_ce_s4,4,25700
29400,1.0,1.0,canonical transformer,transformer_add97_f0.3_wd1.0_softmax_ce_s4,4,25700
29500,1.0,1.0,canonical transformer,transformer_add97_f0.3_wd1.0_softmax_ce_s4,4,25700
29600,1.0,1.0,canonical transformer,transformer_add97_f0.3_wd1.0_softmax_ce_s4,4,25700
29700,1.0,1.0,canonical transformer,transformer_add97_f0.3_wd1.0_softmax_ce_s4,4,25700
29800,1.0,1.0,canonical transformer,transformer_add97_f0.3_wd1.0_softmax_ce_s4,4,25700
29900,1.0,1.0,canonical transformer,transformer_add97_f0.3_wd1.0_softmax_ce_s4,4,25700
30000,1.0,1.0,canonical transformer,transformer_add97_f0.3_wd1.0_softmax_ce_s4,4,25700
30100,1.0,0.9996963143348694,canonical transformer,transformer_add97_f0.3_wd1.0_softmax_ce_s4,4,25700
30200,1.0,1.0,canonical transformer,transformer_add97_f0.3_wd1.0_softmax_ce_s4,4,25700
30300,1.0,1.0,canonical transformer,transformer_add97_f0.3_wd1.0_softmax_ce_s4,4,25700
30400,1.0,1.0,canonical transformer,transformer_add97_f0.3_wd1.0_softmax_ce_s4,4,25700
30500,1.0,1.0,canonical transformer,transformer_add97_f0.3_wd1.0_softmax_ce_s4,4,25700
30600,1.0,1.0,canonical transformer,transformer_add97_f0.3_wd1.0_softmax_ce_s4,4,25700
30700,1.0,1.0,canonical transformer,transformer_add97_f0.3_wd1.0_softmax_ce_s4,4,25700
30800,1.0,1.0,canonical transformer,transformer_add97_f0.3_wd1.0_softmax_ce_s4,4,25700
30900,1.0,1.0,canonical transformer,transformer_add97_f0.3_wd1.0_softmax_ce_s4,4,25700
31000,1.0,1.0,canonical transformer,transformer_add97_f0.3_wd1.0_softmax_ce_s4,4,25700
31100,1.0,1.0,canonical transformer,transformer_add97_f0.3_wd1.0_softmax_ce_s4,4,25700
31200,1.0,0.9998481869697571,canonical transformer,transformer_add97_f0.3_wd1.0_softmax_ce_s4,4,25700
31300,1.0,1.0,canonical transformer,transformer_add97_f0.3_wd1.0_softmax_ce_s4,4,25700
31400,1.0,1.0,canonical transformer,transformer_add97_f0.3_wd1.0_softmax_ce_s4,4,25700
31500,1.0,1.0,canonical transformer,transformer_add97_f0.3_wd1.0_softmax_ce_s4,4,25700
31600,1.0,1.0,canonical transformer,transformer_add97_f0.3_wd1.0_softmax_ce_s4,4,25700
31700,1.0,1.0,canonical transformer,transformer_add97_f0.3_wd1.0_softmax_ce_s4,4,25700
31800,1.0,1.0,canonical transformer,transformer_add97_f0.3_wd1.0_softmax_ce_s4,4,25700
31900,1.0,1.0,canonical transformer,transformer_add97_f0.3_wd1.0_softmax_ce_s4,4,25700
32000,1.0,1.0,canonical transformer,transformer_add97_f0.3_wd1.0_softmax_ce_s4,4,25700
32100,1.0,1.0,canonical transformer,transformer_add97_f0.3_wd1.0_softmax_ce_s4,4,25700
32200,1.0,1.0,canonical transformer,transformer_add97_f0.3_wd1.0_softmax_ce_s4,4,25700
32300,1.0,0.9996963143348694,canonical transformer,transformer_add97_f0.3_wd1.0_softmax_ce_s4,4,25700
32400,1.0,1.0,canonical transformer,transformer_add97_f0.3_wd1.0_softmax_ce_s4,4,25700
32500,1.0,1.0,canonical transformer,transformer_add97_f0.3_wd1.0_softmax_ce_s4,4,25700
32600,1.0,1.0,canonical transformer,transformer_add97_f0.3_wd1.0_softmax_ce_s4,4,25700
32700,1.0,1.0,canonical transformer,transformer_add97_f0.3_wd1.0_softmax_ce_s4,4,25700
32800,1.0,1.0,canonical transformer,transformer_add97_f0.3_wd1.0_softmax_ce_s4,4,25700
32900,1.0,1.0,canonical transformer,transformer_add97_f0.3_wd1.0_softmax_ce_s4,4,25700
33000,1.0,1.0,canonical transformer,transformer_add97_f0.3_wd1.0_softmax_ce_s4,4,25700
33100,1.0,1.0,canonical transformer,transformer_add97_f0.3_wd1.0_softmax_ce_s4,4,25700
33200,1.0,1.0,canonical transformer,transformer_add97_f0.3_wd1.0_softmax_ce_s4,4,25700
33300,1.0,1.0,canonical transformer,transformer_add97_f0.3_wd1.0_softmax_ce_s4,4,25700
33400,1.0,1.0,canonical transformer,transformer_add97_f0.3_wd1.0_softmax_ce_s4,4,25700
33500,1.0,1.0,canonical transformer,transformer_add97_f0.3_wd1.0_softmax_ce_s4,4,25700
33600,1.0,1.0,canonical transformer,transformer_add97_f0.3_wd1.0_softmax_ce_s4,4,25700
33700,1.0,1.0,canonical transformer,transformer_add97_f0.3_wd1.0_softmax_ce_s4,4,25700
33800,1.0,1.0,canonical transformer,transformer_add97_f0.3_wd1.0_softmax_ce_s4,4,25700
33900,1.0,1.0,canonical transformer,transformer_add97_f0.3_wd1.0_softmax_ce_s4,4,25700
34000,1.0,1.0,canonical transformer,transformer_add97_f0.3_wd1.0_softmax_ce_s4,4,25700
34100,1.0,1.0,canonical transformer,transformer_add97_f0.3_wd1.0_softmax_ce_s4,4,25700
34200,1.0,1.0,canonical transformer,transformer_add97_f0.3_wd1.0_softmax_ce_s4,4,25700
34300,1.0,1.0,canonical transformer,transformer_add97_f0.3_wd1.0_softmax_ce_s4,4,25700
34400,1.0,1.0,canonical transformer,transformer_add97_f0.3_wd1.0_softmax_ce_s4,4,25700
34500,1.0,1.0,canonical transformer,transformer_add97_f0.3_wd1.0_softmax_ce_s4,4,25700
34600,1.0,1.0,canonical transformer,transformer_add97_f0.3_wd1.0_softmax_ce_s4,4,25700
34700,1.0,1.0,canonical transformer,transformer_add97_f0.3_wd1.0_softmax_ce_s4,4,25700
34800,0.9975203275680542,0.9832978844642639,canonical transformer,transformer_add97_f0.3_wd1.0_softmax_ce_s4,4,25700
34900,1.0,1.0,canonical transformer,transformer_add97_f0.3_wd1.0_softmax_ce_s4,4,25700
35000,1.0,1.0,canonical transformer,transformer_add97_f0.3_wd1.0_softmax_ce_s4,4,25700
35100,1.0,1.0,canonical transformer,transformer_add97_f0.3_wd1.0_softmax_ce_s4,4,25700
35200,1.0,1.0,canonical transformer,transformer_add97_f0.3_wd1.0_softmax_ce_s4,4,25700
35300,1.0,1.0,canonical transformer,transformer_add97_f0.3_wd1.0_softmax_ce_s4,4,25700
35400,1.0,1.0,canonical transformer,transformer_add97_f0.3_wd1.0_softmax_ce_s4,4,25700
35500,1.0,1.0,canonical transformer,transformer_add97_f0.3_wd1.0_softmax_ce_s4,4,25700
35600,1.0,1.0,canonical transformer,transformer_add97_f0.3_wd1.0_softmax_ce_s4,4,25700
35700,1.0,1.0,canonical transformer,transformer_add97_f0.3_wd1.0_softmax_ce_s4,4,25700
35800,1.0,1.0,canonical transformer,transformer_add97_f0.3_wd1.0_softmax_ce_s4,4,25700
35900,1.0,1.0,canonical transformer,transformer_add97_f0.3_wd1.0_softmax_ce_s4,4,25700
36000,1.0,1.0,canonical transformer,transformer_add97_f0.3_wd1.0_softmax_ce_s4,4,25700
36100,1.0,1.0,canonical transformer,transformer_add97_f0.3_wd1.0_softmax_ce_s4,4,25700
36200,1.0,1.0,canonical transformer,transformer_add97_f0.3_wd1.0_softmax_ce_s4,4,25700
36300,1.0,0.9993926286697388,canonical transformer,transformer_add97_f0.3_wd1.0_softmax_ce_s4,4,25700
36400,1.0,1.0,canonical transformer,transformer_add97_f0.3_wd1.0_softmax_ce_s4,4,25700
36500,1.0,1.0,canonical transformer,transformer_add97_f0.3_wd1.0_softmax_ce_s4,4,25700
36600,1.0,1.0,canonical transformer,transformer_add97_f0.3_wd1.0_softmax_ce_s4,4,25700
36700,1.0,1.0,canonical transformer,transformer_add97_f0.3_wd1.0_softmax_ce_s4,4,25700
36800,1.0,1.0,canonical transformer,transformer_add97_f0.3_wd1.0_softmax_ce_s4,4,25700
36900,1.0,1.0,canonical transformer,transformer_add97_f0.3_wd1.0_softmax_ce_s4,4,25700
37000,1.0,1.0,canonical transformer,transformer_add97_f0.3_wd1.0_softmax_ce_s4,4,25700
37100,1.0,1.0,canonical transformer,transformer_add97_f0.3_wd1.0_softmax_ce_s4,4,25700
37200,1.0,1.0,canonical transformer,transformer_add97_f0.3_wd1.0_softmax_ce_s4,4,25700
37300,1.0,1.0,canonical transformer,transformer_add97_f0.3_wd1.0_softmax_ce_s4,4,25700
37400,1.0,1.0,canonical transformer,transformer_add97_f0.3_wd1.0_softmax_ce_s4,4,25700
37500,1.0,1.0,canonical transformer,transformer_add97_f0.3_wd1.0_softmax_ce_s4,4,25700
37600,1.0,1.0,canonical transformer,transformer_add97_f0.3_wd1.0_softmax_ce_s4,4,25700
37700,1.0,1.0,canonical transformer,transformer_add97_f0.3_wd1.0_softmax_ce_s4,4,25700
37800,1.0,1.0,canonical transformer,transformer_add97_f0.3_wd1.0_softmax_ce_s4,4,25700
37900,1.0,1.0,canonical transformer,transformer_add97_f0.3_wd1.0_softmax_ce_s4,4,25700
38000,1.0,1.0,canonical transformer,transformer_add97_f0.3_wd1.0_softmax_ce_s4,4,25700
38100,1.0,1.0,canonical transformer,transformer_add97_f0.3_wd1.0_softmax_ce_s4,4,25700
38200,1.0,1.0,canonical transformer,transformer_add97_f0.3_wd1.0_softmax_ce_s4,4,25700
38300,1.0,1.0,canonical transformer,transformer_add97_f0.3_wd1.0_softmax_ce_s4,4,25700
38400,1.0,1.0,canonical transformer,transformer_add97_f0.3_wd1.0_softmax_ce_s4,4,25700
38500,1.0,1.0,canonical transformer,transformer_add97_f0.3_wd1.0_softmax_ce_s4,4,25700
38600,1.0,1.0,canonical transformer,transformer_add97_f0.3_wd1.0_softmax_ce_s4,4,25700
38700,1.0,1.0,canonical transformer,transformer_add97_f0.3_wd1.0_softmax_ce_s4,4,25700
38800,1.0,1.0,canonical transformer,transformer_add97_f0.3_wd1.0_softmax_ce_s4,4,25700
38900,1.0,0.9996963143348694,canonical transformer,transformer_add97_f0.3_wd1.0_softmax_ce_s4,4,25700
39000,1.0,1.0,canonical transformer,transformer_add97_f0.3_wd1.0_softmax_ce_s4,4,25700
39100,1.0,1.0,canonical transformer,transformer_add97_f0.3_wd1.0_softmax_ce_s4,4,25700
39200,1.0,1.0,canonical transformer,transformer_add97_f0.3_wd1.0_softmax_ce_s4,4,25700
39300,1.0,1.0,canonical transformer,transformer_add97_f0.3_wd1.0_softmax_ce_s4,4,25700
39400,1.0,1.0,canonical transformer,transformer_add97_f0.3_wd1.0_softmax_ce_s4,4,25700
39500,1.0,1.0,canonical transformer,transformer_add97_f0.3_wd1.0_softmax_ce_s4,4,25700
39600,1.0,1.0,canonical transformer,transformer_add97_f0.3_wd1.0_softmax_ce_s4,4,25700
39700,1.0,1.0,canonical transformer,transformer_add97_f0.3_wd1.0_softmax_ce_s4,4,25700
39800,1.0,1.0,canonical transformer,transformer_add97_f0.3_wd1.0_softmax_ce_s4,4,25700
39900,1.0,1.0,canonical transformer,transformer_add97_f0.3_wd1.0_softmax_ce_s4,4,25700
40000,1.0,1.0,canonical transformer,transformer_add97_f0.3_wd1.0_softmax_ce_s4,4,25700
0,0.007830853573977947,0.008950548246502876,reference transformer,transformer_add113_f0.3_wd0.1_softmax_ce_s0,0,13000
500,0.9999999403953552,0.29850077629089355,reference transformer,transformer_add113_f0.3_wd0.1_softmax_ce_s0,0,13000
1000,0.9999999403953552,0.2991720736026764,reference transformer,transformer_add113_f0.3_wd0.1_softmax_ce_s0,0,13000
1500,0.9999999403953552,0.2996196150779724,reference transformer,transformer_add113_f0.3_wd0.1_softmax_ce_s0,0,13000
2000,0.9999999403953552,0.30040279030799866,reference transformer,transformer_add113_f0.3_wd0.1_softmax_ce_s0,0,13000
2500,0.9999999403953552,0.2993958294391632,reference transformer,transformer_add113_f0.3_wd0.1_softmax_ce_s0,0,13000
3000,0.9999999403953552,0.29861268401145935,reference transformer,transformer_add113_f0.3_wd0.1_softmax_ce_s0,0,13000
3500,0.9999999403953552,0.2992839515209198,reference transformer,transformer_add113_f0.3_wd0.1_softmax_ce_s0,0,13000
4000,0.9999999403953552,0.2991720736026764,reference transformer,transformer_add113_f0.3_wd0.1_softmax_ce_s0,0,13000
4500,0.9999999403953552,0.299507737159729,reference transformer,transformer_add113_f0.3_wd0.1_softmax_ce_s0,0,13000
5000,0.9999999403953552,0.2992839515209198,reference transformer,transformer_add113_f0.3_wd0.1_softmax_ce_s0,0,13000
5500,0.9999999403953552,0.2992839515209198,reference transformer,transformer_add113_f0.3_wd0.1_softmax_ce_s0,0,13000
6000,0.9999999403953552,0.2993958294391632,reference transformer,transformer_add113_f0.3_wd0.1_softmax_ce_s0,0,13000
6500,0.9999999403953552,0.299060195684433,reference transformer,transformer_add113_f0.3_wd0.1_softmax_ce_s0,0,13000
7000,0.9999999403953552,0.29995524883270264,reference transformer,transformer_add113_f0.3_wd0.1_softmax_ce_s0,0,13000
7500,0.9999999403953552,0.2992839515209198,reference transformer,transformer_add113_f0.3_wd0.1_softmax_ce_s0,0,13000
8000,0.9999999403953552,0.29995524883270264,reference transformer,transformer_add113_f0.3_wd0.1_softmax_ce_s0,0,13000
8500,0.9999999403953552,0.30006712675094604,reference transformer,transformer_add113_f0.3_wd0.1_softmax_ce_s0,0,13000
9000,0.9999999403953552,0.3011859655380249,reference transformer,transformer_add113_f0.3_wd0.1_softmax_ce_s0,0,13000
9500,0.9999999403953552,0.30017900466918945,reference transformer,transformer_add113_f0.3_wd0.1_softmax_ce_s0,0,13000
10000,0.9999999403953552,0.3026404082775116,reference transformer,transformer_add113_f0.3_wd0.1_softmax_ce_s0,0,13000
10500,0.9999999403953552,0.3048780560493469,reference transformer,transformer_add113_f0.3_wd0.1_softmax_ce_s0,0,13000
11000,0.9999999403953552,0.3044305145740509,reference transformer,transformer_add113_f0.3_wd0.1_softmax_ce_s0,0,13000
11500,0.9999999403953552,0.3264712393283844,reference transformer,transformer_add113_f0.3_wd0.1_softmax_ce_s0,0,13000
12000,0.9999999403953552,0.5476616621017456,reference transformer,transformer_add113_f0.3_wd0.1_softmax_ce_s0,0,13000
12500,0.9999999403953552,0.6169165372848511,reference transformer,transformer_add113_f0.3_wd0.1_softmax_ce_s0,0,13000
13000,0.9999999403953552,0.9957485198974609,reference transformer,transformer_add113_f0.3_wd0.1_softmax_ce_s0,0,13000
13500,0.9999999403953552,0.9998881220817566,reference transformer,transformer_add113_f0.3_wd0.1_softmax_ce_s0,0,13000
14000,0.9999999403953552,0.9998881220817566,reference transformer,transformer_add113_f0.3_wd0.1_softmax_ce_s0,0,13000
14500,0.9999999403953552,1.0,reference transformer,transformer_add113_f0.3_wd0.1_softmax_ce_s0,0,13000
15000,0.9999999403953552,0.9993287324905396,reference transformer,transformer_add113_f0.3_wd0.1_softmax_ce_s0,0,13000
15500,0.9999999403953552,1.0,reference transformer,transformer_add113_f0.3_wd0.1_softmax_ce_s0,0,13000
16000,0.9999999403953552,1.0,reference transformer,transformer_add113_f0.3_wd0.1_softmax_ce_s0,0,13000
16500,0.9999999403953552,1.0,reference transformer,transformer_add113_f0.3_wd0.1_softmax_ce_s0,0,13000
17000,0.9999999403953552,0.9997762441635132,reference transformer,transformer_add113_f0.3_wd0.1_softmax_ce_s0,0,13000
17500,0.9999999403953552,1.0,reference transformer,transformer_add113_f0.3_wd0.1_softmax_ce_s0,0,13000
18000,0.9999999403953552,1.0,reference transformer,transformer_add113_f0.3_wd0.1_softmax_ce_s0,0,13000
18500,0.9999999403953552,1.0,reference transformer,transformer_add113_f0.3_wd0.1_softmax_ce_s0,0,13000
19000,0.9999999403953552,1.0,reference transformer,transformer_add113_f0.3_wd0.1_softmax_ce_s0,0,13000
19500,0.9999999403953552,1.0,reference transformer,transformer_add113_f0.3_wd0.1_softmax_ce_s0,0,13000
20000,0.9999999403953552,1.0,reference transformer,transformer_add113_f0.3_wd0.1_softmax_ce_s0,0,13000
20500,0.9999999403953552,1.0,reference transformer,transformer_add113_f0.3_wd0.1_softmax_ce_s0,0,13000
21000,0.9999999403953552,1.0,reference transformer,transformer_add113_f0.3_wd0.1_softmax_ce_s0,0,13000
21500,0.9999999403953552,1.0,reference transformer,transformer_add113_f0.3_wd0.1_softmax_ce_s0,0,13000
22000,0.9999999403953552,1.0,reference transformer,transformer_add113_f0.3_wd0.1_softmax_ce_s0,0,13000
22500,0.9999999403953552,1.0,reference transformer,transformer_add113_f0.3_wd0.1_softmax_ce_s0,0,13000
23000,0.9999999403953552,1.0,reference transformer,transformer_add113_f0.3_wd0.1_softmax_ce_s0,0,13000
23500,0.9989558458328247,0.996307909488678,reference transformer,transformer_add113_f0.3_wd0.1_softmax_ce_s0,0,13000
24000,0.9999999403953552,1.0,reference transformer,transformer_add113_f0.3_wd0.1_softmax_ce_s0,0,13000
24500,0.9999999403953552,1.0,reference transformer,transformer_add113_f0.3_wd0.1_softmax_ce_s0,0,13000
25000,0.9999999403953552,1.0,reference transformer,transformer_add113_f0.3_wd0.1_softmax_ce_s0,0,13000
25500,0.9999999403953552,1.0,reference transformer,transformer_add113_f0.3_wd0.1_softmax_ce_s0,0,13000
26000,0.9999999403953552,1.0,reference transformer,transformer_add113_f0.3_wd0.1_softmax_ce_s0,0,13000
26500,0.9994779229164124,0.9930633306503296,reference transformer,transformer_add113_f0.3_wd0.1_softmax_ce_s0,0,13000
27000,0.9999999403953552,1.0,reference transformer,transformer_add113_f0.3_wd0.1_softmax_ce_s0,0,13000
27500,0.9999999403953552,1.0,reference transformer,transformer_add113_f0.3_wd0.1_softmax_ce_s0,0,13000
28000,0.9999999403953552,1.0,reference transformer,transformer_add113_f0.3_wd0.1_softmax_ce_s0,0,13000
28500,0.986948549747467,0.9668830037117004,reference transformer,transformer_add113_f0.3_wd0.1_softmax_ce_s0,0,13000
29000,0.9999999403953552,1.0,reference transformer,transformer_add113_f0.3_wd0.1_softmax_ce_s0,0,13000
29500,0.9999999403953552,1.0,reference transformer,transformer_add113_f0.3_wd0.1_softmax_ce_s0,0,13000
30000,0.9999999403953552,1.0,reference transformer,transformer_add113_f0.3_wd0.1_softmax_ce_s0,0,13000
30500,0.9999999403953552,1.0,reference transformer,transformer_add113_f0.3_wd0.1_softmax_ce_s0,0,13000
31000,0.9999999403953552,1.0,reference transformer,transformer_add113_f0.3_wd0.1_softmax_ce_s0,0,13000
31500,0.9999999403953552,0.9998881220817566,reference transformer,transformer_add113_f0.3_wd0.1_softmax_ce_s0,0,13000
32000,0.9999999403953552,1.0,reference transformer,transformer_add113_f0.3_wd0.1_softmax_ce_s0,0,13000
32500,0.9999999403953552,0.9995524883270264,reference transformer,transformer_add113_f0.3_wd0.1_softmax_ce_s0,0,13000
33000,0.9999999403953552,1.0,reference transformer,transformer_add113_f0.3_wd0.1_softmax_ce_s0,0,13000
33500,0.9999999403953552,0.9997762441635132,reference transformer,transformer_add113_f0.3_wd0.1_softmax_ce_s0,0,13000
34000,0.9999999403953552,1.0,reference transformer,transformer_add113_f0.3_wd0.1_softmax_ce_s0,0,13000
34500,0.9999999403953552,0.9997762441635132,reference transformer,transformer_add113_f0.3_wd0.1_softmax_ce_s0,0,13000
35000,0.9999999403953552,1.0,reference transformer,transformer_add113_f0.3_wd0.1_softmax_ce_s0,0,13000
35500,0.9999999403953552,1.0,reference transformer,transformer_add113_f0.3_wd0.1_softmax_ce_s0,0,13000
36000,0.9999999403953552,1.0,reference transformer,transformer_add113_f0.3_wd0.1_softmax_ce_s0,0,13000
36500,0.9999999403953552,1.0,reference transformer,transformer_add113_f0.3_wd0.1_softmax_ce_s0,0,13000
37000,0.9999999403953552,1.0,reference transformer,transformer_add113_f0.3_wd0.1_softmax_ce_s0,0,13000
37500,0.9999999403953552,1.0,reference transformer,transformer_add113_f0.3_wd0.1_softmax_ce_s0,0,13000
38000,0.9999999403953552,1.0,reference transformer,transformer_add113_f0.3_wd0.1_softmax_ce_s0,0,13000
38500,0.9999999403953552,0.9998881220817566,reference transformer,transformer_add113_f0.3_wd0.1_softmax_ce_s0,0,13000
39000,0.9999999403953552,1.0,reference transformer,transformer_add113_f0.3_wd0.1_softmax_ce_s0,0,13000
39500,0.9999999403953552,1.0,reference transformer,transformer_add113_f0.3_wd0.1_softmax_ce_s0,0,13000
40000,0.9999999403953552,1.0,reference transformer,transformer_add113_f0.3_wd0.1_softmax_ce_s0,0,13000
40500,0.9999999403953552,1.0,reference transformer,transformer_add113_f0.3_wd0.1_softmax_ce_s0,0,13000
41000,0.9999999403953552,1.0,reference transformer,transformer_add113_f0.3_wd0.1_softmax_ce_s0,0,13000
41500,0.9999999403953552,1.0,reference transformer,transformer_add113_f0.3_wd0.1_softmax_ce_s0,0,13000
42000,0.9999999403953552,1.0,reference transformer,transformer_add113_f0.3_wd0.1_softmax_ce_s0,0,13000
42500,0.9999999403953552,1.0,reference transformer,transformer_add113_f0.3_wd0.1_softmax_ce_s0,0,13000
43000,0.9999999403953552,1.0,reference transformer,transformer_add113_f0.3_wd0.1_softmax_ce_s0,0,13000
43500,0.9999999403953552,1.0,reference transformer,transformer_add113_f0.3_wd0.1_softmax_ce_s0,0,13000
44000,0.9999999403953552,1.0,reference transformer,transformer_add113_f0.3_wd0.1_softmax_ce_s0,0,13000
44500,0.9999999403953552,1.0,reference transformer,transformer_add113_f0.3_wd0.1_softmax_ce_s0,0,13000
45000,0.9999999403953552,1.0,reference transformer,transformer_add113_f0.3_wd0.1_softmax_ce_s0,0,13000
45500,0.9999999403953552,0.9997762441635132,reference transformer,transformer_add113_f0.3_wd0.1_softmax_ce_s0,0,13000
46000,0.9999999403953552,1.0,reference transformer,transformer_add113_f0.3_wd0.1_softmax_ce_s0,0,13000
46500,0.9999999403953552,1.0,reference transformer,transformer_add113_f0.3_wd0.1_softmax_ce_s0,0,13000
47000,0.9999999403953552,1.0,reference transformer,transformer_add113_f0.3_wd0.1_softmax_ce_s0,0,13000
47500,0.9999999403953552,1.0,reference transformer,transformer_add113_f0.3_wd0.1_softmax_ce_s0,0,13000
48000,0.9999999403953552,1.0,reference transformer,transformer_add113_f0.3_wd0.1_softmax_ce_s0,0,13000
48500,0.9999999403953552,0.9998881220817566,reference transformer,transformer_add113_f0.3_wd0.1_softmax_ce_s0,0,13000
49000,0.9999999403953552,1.0,reference transformer,transformer_add113_f0.3_wd0.1_softmax_ce_s0,0,13000
49500,0.9999999403953552,0.9998881220817566,reference transformer,transformer_add113_f0.3_wd0.1_softmax_ce_s0,0,13000
50000,0.9999999403953552,1.0,reference transformer,transformer_add113_f0.3_wd0.1_softmax_ce_s0,0,13000
50500,0.9999999403953552,1.0,reference transformer,transformer_add113_f0.3_wd0.1_softmax_ce_s0,0,13000
51000,0.9999999403953552,1.0,reference transformer,transformer_add113_f0.3_wd0.1_softmax_ce_s0,0,13000
51500,0.9853823781013489,0.965316653251648,reference transformer,transformer_add113_f0.3_wd0.1_softmax_ce_s0,0,13000
52000,0.9999999403953552,1.0,reference transformer,transformer_add113_f0.3_wd0.1_softmax_ce_s0,0,13000
52500,0.9999999403953552,1.0,reference transformer,transformer_add113_f0.3_wd0.1_softmax_ce_s0,0,13000
53000,0.9999999403953552,1.0,reference transformer,transformer_add113_f0.3_wd0.1_softmax_ce_s0,0,13000
53500,0.9999999403953552,1.0,reference transformer,transformer_add113_f0.3_wd0.1_softmax_ce_s0,0,13000
54000,0.9999999403953552,1.0,reference transformer,transformer_add113_f0.3_wd0.1_softmax_ce_s0,0,13000
54500,0.9999999403953552,1.0,reference transformer,transformer_add113_f0.3_wd0.1_softmax_ce_s0,0,13000
55000,0.9999999403953552,1.0,reference transformer,transformer_add113_f0.3_wd0.1_softmax_ce_s0,0,13000
55500,0.9999999403953552,1.0,reference transformer,transformer_add113_f0.3_wd0.1_softmax_ce_s0,0,13000
56000,0.9999999403953552,1.0,reference transformer,transformer_add113_f0.3_wd0.1_softmax_ce_s0,0,13000
56500,0.9999999403953552,1.0,reference transformer,transformer_add113_f0.3_wd0.1_softmax_ce_s0,0,13000
57000,0.9999999403953552,1.0,reference transformer,transformer_add113_f0.3_wd0.1_softmax_ce_s0,0,13000
57500,0.9999999403953552,1.0,reference transformer,transformer_add113_f0.3_wd0.1_softmax_ce_s0,0,13000
58000,0.9999999403953552,0.9998881220817566,reference transformer,transformer_add113_f0.3_wd0.1_softmax_ce_s0,0,13000
58500,0.9999999403953552,1.0,reference transformer,transformer_add113_f0.3_wd0.1_softmax_ce_s0,0,13000
59000,0.9999999403953552,1.0,reference transformer,transformer_add113_f0.3_wd0.1_softmax_ce_s0,0,13000
59500,0.9999999403953552,1.0,reference transformer,transformer_add113_f0.3_wd0.1_softmax_ce_s0,0,13000
60000,0.9999999403953552,0.9982098937034607,reference transformer,transformer_add113_f0.3_wd0.1_softmax_ce_s0,0,13000
0,0.010180109180510044,0.009062429890036583,reference transformer,transformer_add113_f0.3_wd0.1_softmax_ce_s1,1,12000
500,0.9999999403953552,0.29827702045440674,reference transformer,transformer_add113_f0.3_wd0.1_softmax_ce_s1,1,12000
1000,0.9999999403953552,0.29850077629089355,reference transformer,transformer_add113_f0.3_wd0.1_softmax_ce_s1,1,12000
1500,0.9999999403953552,0.2974938452243805,reference transformer,transformer_add113_f0.3_wd0.1_softmax_ce_s1,1,12000
2000,0.9999999403953552,0.29872456192970276,reference transformer,transformer_add113_f0.3_wd0.1_softmax_ce_s1,1,12000
2500,0.9999999403953552,0.2989483177661896,reference transformer,transformer_add113_f0.3_wd0.1_softmax_ce_s1,1,12000
3000,0.9999999403953552,0.2973819673061371,reference transformer,transformer_add113_f0.3_wd0.1_softmax_ce_s1,1,12000
3500,0.9806838631629944,0.28988587856292725,reference transformer,transformer_add113_f0.3_wd0.1_softmax_ce_s1,1,12000
4000,0.9999999403953552,0.29704633355140686,reference transformer,transformer_add113_f0.3_wd0.1_softmax_ce_s1,1,12000
4500,0.9999999403953552,0.2977176010608673,reference transformer,transformer_add113_f0.3_wd0.1_softmax_ce_s1,1,12000
5000,0.9999999403953552,0.29827702045440674,reference transformer,transformer_add113_f0.3_wd0.1_softmax_ce_s1,1,12000
5500,0.9999999403953552,0.2979413866996765,reference transformer,transformer_add113_f0.3_wd0.1_softmax_ce_s1,1,12000
6000,0.9999999403953552,0.299507737159729,reference transformer,transformer_add113_f0.3_wd0.1_softmax_ce_s1,1,12000
6500,0.9999999403953552,0.299060195684433,reference transformer,transformer_add113_f0.3_wd0.1_softmax_ce_s1,1,12000
7000,0.9999999403953552,0.30006712675094604,reference transformer,transformer_add113_f0.3_wd0.1_softmax_ce_s1,1,12000
7500,0.9999999403953552,0.30040279030799866,reference transformer,transformer_add113_f0.3_wd0.1_softmax_ce_s1,1,12000
8000,0.9999999403953552,0.3008503019809723,reference transformer,transformer_add113_f0.3_wd0.1_softmax_ce_s1,1,12000
8500,0.9999999403953552,0.30174535512924194,reference transformer,transformer_add113_f0.3_wd0.1_softmax_ce_s1,1,12000
9000,0.9999999403953552,0.30510181188583374,reference transformer,transformer_add113_f0.3_wd0.1_softmax_ce_s1,1,12000
9500,0.9887757301330566,0.30163347721099854,reference transformer,transformer_add113_f0.3_wd0.1_softmax_ce_s1,1,12000
10000,0.9999999403953552,0.3111434280872345,reference transformer,transformer_add113_f0.3_wd0.1_softmax_ce_s1,1,12000
10500,0.9999999403953552,0.35656747221946716,reference transformer,transformer_add113_f0.3_wd0.1_softmax_ce_s1,1,12000
11000,0.9999999403953552,0.36853882670402527,reference transformer,transformer_add113_f0.3_wd0.1_softmax_ce_s1,1,12000
11500,0.9999999403953552,0.8613783717155457,reference transformer,transformer_add113_f0.3_wd0.1_softmax_ce_s1,1,12000
12000,0.9999999403953552,0.9747146964073181,reference transformer,transformer_add113_f0.3_wd0.1_softmax_ce_s1,1,12000
12500,0.9999999403953552,1.0,reference transformer,transformer_add113_f0.3_wd0.1_softmax_ce_s1,1,12000
13000,0.9999999403953552,1.0,reference transformer,transformer_add113_f0.3_wd0.1_softmax_ce_s1,1,12000
13500,0.9999999403953552,1.0,reference transformer,transformer_add113_f0.3_wd0.1_softmax_ce_s1,1,12000
14000,0.9999999403953552,1.0,reference transformer,transformer_add113_f0.3_wd0.1_softmax_ce_s1,1,12000
14500,0.9999999403953552,1.0,reference transformer,transformer_add113_f0.3_wd0.1_softmax_ce_s1,1,12000
15000,0.9999999403953552,1.0,reference transformer,transformer_add113_f0.3_wd0.1_softmax_ce_s1,1,12000
15500,0.9999999403953552,1.0,reference transformer,transformer_add113_f0.3_wd0.1_softmax_ce_s1,1,12000
16000,0.9999999403953552,1.0,reference transformer,transformer_add113_f0.3_wd0.1_softmax_ce_s1,1,12000
16500,0.9999999403953552,1.0,reference transformer,transformer_add113_f0.3_wd0.1_softmax_ce_s1,1,12000
17000,0.9989558458328247,0.9899306297302246,reference transformer,transformer_add113_f0.3_wd0.1_softmax_ce_s1,1,12000
17500,0.9999999403953552,1.0,reference transformer,transformer_add113_f0.3_wd0.1_softmax_ce_s1,1,12000
18000,0.9999999403953552,1.0,reference transformer,transformer_add113_f0.3_wd0.1_softmax_ce_s1,1,12000
18500,0.9999999403953552,1.0,reference transformer,transformer_add113_f0.3_wd0.1_softmax_ce_s1,1,12000
19000,0.9999999403953552,0.999440610408783,reference transformer,transformer_add113_f0.3_wd0.1_softmax_ce_s1,1,12000
19500,0.9999999403953552,1.0,reference transformer,transformer_add113_f0.3_wd0.1_softmax_ce_s1,1,12000
20000,0.9999999403953552,1.0,reference transformer,transformer_add113_f0.3_wd0.1_softmax_ce_s1,1,12000
20500,0.9999999403953552,1.0,reference transformer,transformer_add113_f0.3_wd0.1_softmax_ce_s1,1,12000
21000,0.9999999403953552,1.0,reference transformer,transformer_add113_f0.3_wd0.1_softmax_ce_s1,1,12000
21500,0.9999999403953552,1.0,reference transformer,transformer_add113_f0.3_wd0.1_softmax_ce_s1,1,12000
22000,0.9999999403953552,1.0,reference transformer,transformer_add113_f0.3_wd0.1_softmax_ce_s1,1,12000
22500,0.9999999403953552,1.0,reference transformer,transformer_add113_f0.3_wd0.1_softmax_ce_s1,1,12000
23000,0.9999999403953552,1.0,reference transformer,transformer_add113_f0.3_wd0.1_softmax_ce_s1,1,12000
23500,0.735578179359436,0.7174983620643616,reference transformer,transformer_add113_f0.3_wd0.1_softmax_ce_s1,1,12000
24000,0.9999999403953552,1.0,reference transformer,transformer_add113_f0.3_wd0.1_softmax_ce_s1,1,12000
24500,0.9999999403953552,1.0,reference transformer,transformer_add113_f0.3_wd0.1_softmax_ce_s1,1,12000
25000,0.9999999403953552,1.0,reference transformer,transformer_add113_f0.3_wd0.1_softmax_ce_s1,1,12000
25500,0.9999999403953552,1.0,reference transformer,transformer_add113_f0.3_wd0.1_softmax_ce_s1,1,12000
26000,0.9999999403953552,1.0,reference transformer,transformer_add113_f0.3_wd0.1_softmax_ce_s1,1,12000
26500,0.9999999403953552,1.0,reference transformer,transformer_add113_f0.3_wd0.1_softmax_ce_s1,1,12000
27000,0.9999999403953552,1.0,reference transformer,transformer_add113_f0.3_wd0.1_softmax_ce_s1,1,12000
27500,0.9999999403953552,1.0,reference transformer,transformer_add113_f0.3_wd0.1_softmax_ce_s1,1,12000
28000,0.9999999403953552,1.0,reference transformer,transformer_add113_f0.3_wd0.1_softmax_ce_s1,1,12000
28500,0.9999999403953552,1.0,reference transformer,transformer_add113_f0.3_wd0.1_softmax_ce_s1,1,12000
29000,0.9999999403953552,1.0,reference transformer,transformer_add113_f0.3_wd0.1_softmax_ce_s1,1,12000
29500,0.9999999403953552,1.0,reference transformer,transformer_add113_f0.3_wd0.1_softmax_ce_s1,1,12000
30000,0.9999999403953552,1.0,reference transformer,transformer_add113_f0.3_wd0.1_softmax_ce_s1,1,12000
30500,0.9999999403953552,1.0,reference transformer,transformer_add113_f0.3_wd0.1_softmax_ce_s1,1,12000
31000,0.9999999403953552,1.0,reference transformer,transformer_add113_f0.3_wd0.1_softmax_ce_s1,1,12000
31500,0.9999999403953552,1.0,reference transformer,transformer_add113_f0.3_wd0.1_softmax_ce_s1,1,12000
32000,0.9999999403953552,1.0,reference transformer,transformer_add113_f0.3_wd0.1_softmax_ce_s1,1,12000
32500,0.9999999403953552,1.0,reference transformer,transformer_add113_f0.3_wd0.1_softmax_ce_s1,1,12000
33000,0.9999999403953552,1.0,reference transformer,transformer_add113_f0.3_wd0.1_softmax_ce_s1,1,12000
33500,0.9999999403953552,1.0,reference transformer,transformer_add113_f0.3_wd0.1_softmax_ce_s1,1,12000
34000,0.9999999403953552,1.0,reference transformer,transformer_add113_f0.3_wd0.1_softmax_ce_s1,1,12000
34500,0.9999999403953552,1.0,reference transformer,transformer_add113_f0.3_wd0.1_softmax_ce_s1,1,12000
35000,0.9999999403953552,1.0,reference transformer,transformer_add113_f0.3_wd0.1_softmax_ce_s1,1,12000
35500,0.9999999403953552,1.0,reference transformer,transformer_add113_f0.3_wd0.1_softmax_ce_s1,1,12000
36000,0.9999999403953552,1.0,reference transformer,transformer_add113_f0.3_wd0.1_softmax_ce_s1,1,12000
36500,0.9999999403953552,1.0,reference transformer,transformer_add113_f0.3_wd0.1_softmax_ce_s1,1,12000
37000,0.9999999403953552,1.0,reference transformer,transformer_add113_f0.3_wd0.1_softmax_ce_s1,1,12000
37500,0.9999999403953552,1.0,reference transformer,transformer_add113_f0.3_wd0.1_softmax_ce_s1,1,12000
38000,0.9999999403953552,1.0,reference transformer,transformer_add113_f0.3_wd0.1_softmax_ce_s1,1,12000
38500,0.9999999403953552,1.0,reference transformer,transformer_add113_f0.3_wd0.1_softmax_ce_s1,1,12000
39000,0.9999999403953552,1.0,reference transformer,transformer_add113_f0.3_wd0.1_softmax_ce_s1,1,12000
39500,0.9999999403953552,0.9997762441635132,reference transformer,transformer_add113_f0.3_wd0.1_softmax_ce_s1,1,12000
40000,0.9999999403953552,1.0,reference transformer,transformer_add113_f0.3_wd0.1_softmax_ce_s1,1,12000
40500,0.9999999403953552,0.9998881220817566,reference transformer,transformer_add113_f0.3_wd0.1_softmax_ce_s1,1,12000
41000,0.9999999403953552,1.0,reference transformer,transformer_add113_f0.3_wd0.1_softmax_ce_s1,1,12000
41500,0.9999999403953552,0.9998881220817566,reference transformer,transformer_add113_f0.3_wd0.1_softmax_ce_s1,1,12000
42000,0.9999999403953552,1.0,reference transformer,transformer_add113_f0.3_wd0.1_softmax_ce_s1,1,12000
42500,0.9999999403953552,1.0,reference transformer,transformer_add113_f0.3_wd0.1_softmax_ce_s1,1,12000
43000,0.9999999403953552,1.0,reference transformer,transformer_add113_f0.3_wd0.1_softmax_ce_s1,1,12000
43500,0.9999999403953552,1.0,reference transformer,transformer_add113_f0.3_wd0.1_softmax_ce_s1,1,12000
44000,0.9999999403953552,1.0,reference transformer,transformer_add113_f0.3_wd0.1_softmax_ce_s1,1,12000
44500,0.9999999403953552,1.0,reference transformer,transformer_add113_f0.3_wd0.1_softmax_ce_s1,1,12000
45000,0.9999999403953552,1.0,reference transformer,transformer_add113_f0.3_wd0.1_softmax_ce_s1,1,12000
45500,0.9999999403953552,1.0,reference transformer,transformer_add113_f0.3_wd0.1_softmax_ce_s1,1,12000
46000,0.9999999403953552,1.0,reference transformer,transformer_add113_f0.3_wd0.1_softmax_ce_s1,1,12000
46500,0.9999999403953552,1.0,reference transformer,transformer_add113_f0.3_wd0.1_softmax_ce_s1,1,12000
47000,0.9999999403953552,1.0,reference transformer,transformer_add113_f0.3_wd0.1_softmax_ce_s1,1,12000
47500,0.9999999403953552,1.0,reference transformer,transformer_add113_f0.3_wd0.1_softmax_ce_s1,1,12000
48000,0.9999999403953552,1.0,reference transformer,transformer_add113_f0.3_wd0.1_softmax_ce_s1,1,12000
48500,0.9999999403953552,1.0,reference transformer,transformer_add113_f0.3_wd0.1_softmax_ce_s1,1,12000
49000,0.9999999403953552,1.0,reference transformer,transformer_add113_f0.3_wd0.1_softmax_ce_s1,1,12000
49500,0.7308796644210815,0.7220854759216309,reference transformer,transformer_add113_f0.3_wd0.1_softmax_ce_s1,1,12000
50000,0.9999999403953552,1.0,reference transformer,transformer_add113_f0.3_wd0.1_softmax_ce_s1,1,12000
50500,0.9999999403953552,1.0,reference transformer,transformer_add113_f0.3_wd0.1_softmax_ce_s1,1,12000
51000,0.9999999403953552,1.0,reference transformer,transformer_add113_f0.3_wd0.1_softmax_ce_s1,1,12000
51500,0.9999999403953552,1.0,reference transformer,transformer_add113_f0.3_wd0.1_softmax_ce_s1,1,12000
52000,0.9999999403953552,1.0,reference transformer,transformer_add113_f0.3_wd0.1_softmax_ce_s1,1,12000
52500,0.9989558458328247,0.994070291519165,reference transformer,transformer_add113_f0.3_wd0.1_softmax_ce_s1,1,12000
53000,0.9999999403953552,1.0,reference transformer,transformer_add113_f0.3_wd0.1_softmax_ce_s1,1,12000
53500,0.9999999403953552,1.0,reference transformer,transformer_add113_f0.3_wd0.1_softmax_ce_s1,1,12000
54000,0.9999999403953552,1.0,reference transformer,transformer_add113_f0.3_wd0.1_softmax_ce_s1,1,12000
54500,0.9999999403953552,1.0,reference transformer,transformer_add113_f0.3_wd0.1_softmax_ce_s1,1,12000
55000,0.9999999403953552,1.0,reference transformer,transformer_add113_f0.3_wd0.1_softmax_ce_s1,1,12000
55500,0.9999999403953552,1.0,reference transformer,transformer_add113_f0.3_wd0.1_softmax_ce_s1,1,12000
56000,0.9999999403953552,1.0,reference transformer,transformer_add113_f0.3_wd0.1_softmax_ce_s1,1,12000
56500,0.9999999403953552,1.0,reference transformer,transformer_add113_f0.3_wd0.1_softmax_ce_s1,1,12000
57000,0.9999999403953552,1.0,reference transformer,transformer_add113_f0.3_wd0.1_softmax_ce_s1,1,12000
57500,0.9999999403953552,1.0,reference transformer,transformer_add113_f0.3_wd0.1_softmax_ce_s1,1,12000
58000,0.9999999403953552,1.0,reference transformer,transformer_add113_f0.3_wd0.1_softmax_ce_s1,1,12000
58500,0.9999999403953552,1.0,reference transformer,transformer_add113_f0.3_wd0.1_softmax_ce_s1,1,12000
59000,0.9999999403953552,1.0,reference transformer,transformer_add113_f0.3_wd0.1_softmax_ce_s1,1,12000
59500,0.5285825729370117,0.5070485472679138,reference transformer,transformer_add113_f0.3_wd0.1_softmax_ce_s1,1,12000
60000,0.9999999403953552,1.0,reference transformer,transformer_add113_f0.3_wd0.1_softmax_ce_s1,1,12000
0,0.00913599506020546,0.009398075751960278,reference transformer,transformer_add113_f0.3_wd0.1_softmax_ce_s2,2,14000
500,0.9999999403953552,0.2976057231426239,reference transformer,transformer_add113_f0.3_wd0.1_softmax_ce_s2,2,14000
1000,0.9999999403953552,0.2978295087814331,reference transformer,transformer_add113_f0.3_wd0.1_softmax_ce_s2,2,14000
1500,0.9999999403953552,0.2977176010608673,reference transformer,transformer_add113_f0.3_wd0.1_softmax_ce_s2,2,14000
2000,0.9999999403953552,0.29838889837265015,reference transformer,transformer_add113_f0.3_wd0.1_softmax_ce_s2,2,14000
2500,0.9999999403953552,0.2980532646179199,reference transformer,transformer_add113_f0.3_wd0.1_softmax_ce_s2,2,14000
3000,0.9999999403953552,0.2980532646179199,reference transformer,transformer_add113_f0.3_wd0.1_softmax_ce_s2,2,14000
3500,0.9999999403953552,0.2976057231426239,reference transformer,transformer_add113_f0.3_wd0.1_softmax_ce_s2,2,14000
4000,0.9999999403953552,0.2979413866996765,reference transformer,transformer_add113_f0.3_wd0.1_softmax_ce_s2,2,14000
4500,0.9994779229164124,0.2977176010608673,reference transformer,transformer_add113_f0.3_wd0.1_softmax_ce_s2,2,14000
5000,0.9999999403953552,0.2979413866996765,reference transformer,transformer_add113_f0.3_wd0.1_softmax_ce_s2,2,14000
5500,0.9999999403953552,0.2980532646179199,reference transformer,transformer_add113_f0.3_wd0.1_softmax_ce_s2,2,14000
6000,0.7971808910369873,0.21559633314609528,reference transformer,transformer_add113_f0.3_wd0.1_softmax_ce_s2,2,14000
6500,0.9999999403953552,0.29861268401145935,reference transformer,transformer_add113_f0.3_wd0.1_softmax_ce_s2,2,14000
7000,0.9999999403953552,0.3008503019809723,reference transformer,transformer_add113_f0.3_wd0.1_softmax_ce_s2,2,14000
7500,0.9999999403953552,0.3008503019809723,reference transformer,transformer_add113_f0.3_wd0.1_softmax_ce_s2,2,14000
8000,0.9999999403953552,0.3007384240627289,reference transformer,transformer_add113_f0.3_wd0.1_softmax_ce_s2,2,14000
8500,0.9999999403953552,0.30051466822624207,reference transformer,transformer_add113_f0.3_wd0.1_softmax_ce_s2,2,14000
9000,0.9999999403953552,0.30208101868629456,reference transformer,transformer_add113_f0.3_wd0.1_softmax_ce_s2,2,14000
9500,0.9999999403953552,0.30375924706459045,reference transformer,transformer_add113_f0.3_wd0.1_softmax_ce_s2,2,14000
10000,0.9999999403953552,0.30375924706459045,reference transformer,transformer_add113_f0.3_wd0.1_softmax_ce_s2,2,14000
10500,0.9999999403953552,0.3044305145740509,reference transformer,transformer_add113_f0.3_wd0.1_softmax_ce_s2,2,14000
11000,0.9999999403953552,0.306332528591156,reference transformer,transformer_add113_f0.3_wd0.1_softmax_ce_s2,2,14000
11500,0.9999999403953552,0.3150593042373657,reference transformer,transformer_add113_f0.3_wd0.1_softmax_ce_s2,2,14000
12000,0.9999999403953552,0.3235623240470886,reference transformer,transformer_add113_f0.3_wd0.1_softmax_ce_s2,2,14000
12500,0.9999999403953552,0.3536585569381714,reference transformer,transformer_add113_f0.3_wd0.1_softmax_ce_s2,2,14000
13000,0.9999999403953552,0.6594316363334656,reference transformer,transformer_add113_f0.3_wd0.1_softmax_ce_s2,2,14000
13500,0.9999999403953552,0.8437010645866394,reference transformer,transformer_add113_f0.3_wd0.1_softmax_ce_s2,2,14000
14000,0.9999999403953552,0.9975386261940002,reference transformer,transformer_add113_f0.3_wd0.1_softmax_ce_s2,2,14000
14500,0.9999999403953552,1.0,reference transformer,transformer_add113_f0.3_wd0.1_softmax_ce_s2,2,14000
15000,0.9999999403953552,0.9970911145210266,reference transformer,transformer_add113_f0.3_wd0.1_softmax_ce_s2,2,14000
15500,0.9999999403953552,1.0,reference transformer,transformer_add113_f0.3_wd0.1_softmax_ce_s2,2,14000
16000,0.9999999403953552,0.9995524883270264,reference transformer,transformer_add113_f0.3_wd0.1_softmax_ce_s2,2,14000
16500,0.9999999403953552,1.0,reference transformer,transformer_add113_f0.3_wd0.1_softmax_ce_s2,2,14000
17000,0.9999999403953552,1.0,reference transformer,transformer_add113_f0.3_wd0.1_softmax_ce_s2,2,14000
17500,0.9999999403953552,1.0,reference transformer,transformer_add113_f0.3_wd0.1_softmax_ce_s2,2,14000
18000,0.9999999403953552,1.0,reference transformer,transformer_add113_f0.3_wd0.1_softmax_ce_s2,2,14000
18500,0.9999999403953552,0.9987693428993225,reference transformer,transformer_add113_f0.3_wd0.1_softmax_ce_s2,2,14000
19000,0.9999999403953552,1.0,reference transformer,transformer_add113_f0.3_wd0.1_softmax_ce_s2,2,14000
19500,0.9999999403953552,1.0,reference transformer,transformer_add113_f0.3_wd0.1_softmax_ce_s2,2,14000
20000,0.9999999403953552,1.0,reference transformer,transformer_add113_f0.3_wd0.1_softmax_ce_s2,2,14000
20500,0.9999999403953552,1.0,reference transformer,transformer_add113_f0.3_wd0.1_softmax_ce_s2,2,14000
21000,0.9999999403953552,0.9996643662452698,reference transformer,transformer_add113_f0.3_wd0.1_softmax_ce_s2,2,14000
21500,0.9999999403953552,1.0,reference transformer,transformer_add113_f0.3_wd0.1_softmax_ce_s2,2,14000
22000,0.9999999403953552,1.0,reference transformer,transformer_add113_f0.3_wd0.1_softmax_ce_s2,2,14000
22500,0.9999999403953552,1.0,reference transformer,transformer_add113_f0.3_wd0.1_softmax_ce_s2,2,14000
23000,0.9999999403953552,1.0,reference transformer,transformer_add113_f0.3_wd0.1_softmax_ce_s2,2,14000
23500,0.9999999403953552,1.0,reference transformer,transformer_add113_f0.3_wd0.1_softmax_ce_s2,2,14000
24000,0.9999999403953552,1.0,reference transformer,transformer_add113_f0.3_wd0.1_softmax_ce_s2,2,14000
24500,0.9999999403953552,1.0,reference transformer,transformer_add113_f0.3_wd0.1_softmax_ce_s2,2,14000
25000,0.9999999403953552,1.0,reference transformer,transformer_add113_f0.3_wd0.1_softmax_ce_s2,2,14000
25500,0.9999999403953552,0.999440610408783,reference transformer,transformer_add113_f0.3_wd0.1_softmax_ce_s2,2,14000
26000,0.9999999403953552,1.0,reference transformer,transformer_add113_f0.3_wd0.1_softmax_ce_s2,2,14000
26500,0.9999999403953552,1.0,reference transformer,transformer_add113_f0.3_wd0.1_softmax_ce_s2,2,14000
27000,0.9999999403953552,1.0,reference transformer,transformer_add113_f0.3_wd0.1_softmax_ce_s2,2,14000
27500,0.9999999403953552,1.0,reference transformer,transformer_add113_f0.3_wd0.1_softmax_ce_s2,2,14000
28000,0.9999999403953552,1.0,reference transformer,transformer_add113_f0.3_wd0.1_softmax_ce_s2,2,14000
28500,0.9999999403953552,1.0,reference transformer,transformer_add113_f0.3_wd0.1_softmax_ce_s2,2,14000
29000,0.9999999403953552,1.0,reference transformer,transformer_add113_f0.3_wd0.1_softmax_ce_s2,2,14000
29500,0.9999999403953552,1.0,reference transformer,transformer_add113_f0.3_wd0.1_softmax_ce_s2,2,14000
30000,0.9992168545722961,0.989483118057251,reference transformer,transformer_add113_f0.3_wd0.1_softmax_ce_s2,2,14000
30500,0.9999999403953552,1.0,reference transformer,transformer_add113_f0.3_wd0.1_softmax_ce_s2,2,14000
31000,0.9999999403953552,0.9998881220817566,reference transformer,transformer_add113_f0.3_wd0.1_softmax_ce_s2,2,14000
31500,0.9999999403953552,1.0,reference transformer,transformer_add113_f0.3_wd0.1_softmax_ce_s2,2,14000
32000,0.9999999403953552,0.9997762441635132,reference transformer,transformer_add113_f0.3_wd0.1_softmax_ce_s2,2,14000
32500,0.9999999403953552,1.0,reference transformer,transformer_add113_f0.3_wd0.1_softmax_ce_s2,2,14000
33000,0.9999999403953552,1.0,reference transformer,transformer_add113_f0.3_wd0.1_softmax_ce_s2,2,14000
33500,0.9999999403953552,1.0,reference transformer,transformer_add113_f0.3_wd0.1_softmax_ce_s2,2,14000
34000,0.9999999403953552,1.0,reference transformer,transformer_add113_f0.3_wd0.1_softmax_ce_s2,2,14000
34500,0.9999999403953552,1.0,reference transformer,transformer_add113_f0.3_wd0.1_softmax_ce_s2,2,14000
35000,0.9999999403953552,1.0,reference transformer,transformer_add113_f0.3_wd0.1_softmax_ce_s2,2,14000
35500,0.9999999403953552,1.0,reference transformer,transformer_add113_f0.3_wd0.1_softmax_ce_s2,2,14000
36000,0.9999999403953552,1.0,reference transformer,transformer_add113_f0.3_wd0.1_softmax_ce_s2,2,14000
36500,0.0704776793718338,0.07641530781984329,reference transformer,transformer_add113_f0.3_wd0.1_softmax_ce_s2,2,14000
37000,0.9999999403953552,1.0,reference transformer,transformer_add113_f0.3_wd0.1_softmax_ce_s2,2,14000
37500,0.9999999403953552,0.9995524883270264,reference transformer,transformer_add113_f0.3_wd0.1_softmax_ce_s2,2,14000
38000,0.9999999403953552,1.0,reference transformer,transformer_add113_f0.3_wd0.1_softmax_ce_s2,2,14000
38500,0.9999999403953552,0.9993287324905396,reference transformer,transformer_add113_f0.3_wd0.1_softmax_ce_s2,2,14000
39000,0.9999999403953552,1.0,reference transformer,transformer_add113_f0.3_wd0.1_softmax_ce_s2,2,14000
39500,0.9999999403953552,0.9995524883270264,reference transformer,transformer_add113_f0.3_wd0.1_softmax_ce_s2,2,14000
40000,0.9999999403953552,1.0,reference transformer,transformer_add113_f0.3_wd0.1_softmax_ce_s2,2,14000
40500,0.9999999403953552,1.0,reference transformer,transformer_add113_f0.3_wd0.1_softmax_ce_s2,2,14000
41000,0.9999999403953552,1.0,reference transformer,transformer_add113_f0.3_wd0.1_softmax_ce_s2,2,14000
41500,0.9999999403953552,1.0,reference transformer,transformer_add113_f0.3_wd0.1_softmax_ce_s2,2,14000
42000,0.9999999403953552,1.0,reference transformer,transformer_add113_f0.3_wd0.1_softmax_ce_s2,2,14000
42500,0.9999999403953552,1.0,reference transformer,transformer_add113_f0.3_wd0.1_softmax_ce_s2,2,14000
43000,0.9999999403953552,1.0,reference transformer,transformer_add113_f0.3_wd0.1_softmax_ce_s2,2,14000
43500,0.9999999403953552,1.0,reference transformer,transformer_add113_f0.3_wd0.1_softmax_ce_s2,2,14000
44000,0.9999999403953552,1.0,reference transformer,transformer_add113_f0.3_wd0.1_softmax_ce_s2,2,14000
44500,0.9999999403953552,1.0,reference transformer,transformer_add113_f0.3_wd0.1_softmax_ce_s2,2,14000
45000,0.9999999403953552,1.0,reference transformer,transformer_add113_f0.3_wd0.1_softmax_ce_s2,2,14000
45500,0.9999999403953552,1.0,reference transformer,transformer_add113_f0.3_wd0.1_softmax_ce_s2,2,14000
46000,0.9540589451789856,0.9347729086875916,reference transformer,transformer_add113_f0.3_wd0.1_softmax_ce_s2,2,14000
46500,0.9999999403953552,1.0,reference transformer,transformer_add113_f0.3_wd0.1_softmax_ce_s2,2,14000
47000,0.9999999403953552,0.9997762441635132,reference transformer,transformer_add113_f0.3_wd0.1_softmax_ce_s2,2,14000
47500,0.9999999403953552,1.0,reference transformer,transformer_add113_f0.3_wd0.1_softmax_ce_s2,2,14000
48000,0.9999999403953552,0.9996643662452698,reference transformer,transformer_add113_f0.3_wd0.1_softmax_ce_s2,2,14000
48500,0.9999999403953552,1.0,reference transformer,transformer_add113_f0.3_wd0.1_softmax_ce_s2,2,14000
49000,0.9999999403953552,1.0,reference transformer,transformer_add113_f0.3_wd0.1_softmax_ce_s2,2,14000
49500,0.9999999403953552,1.0,reference transformer,transformer_add113_f0.3_wd0.1_softmax_ce_s2,2,14000
50000,0.9999999403953552,1.0,reference transformer,transformer_add113_f0.3_wd0.1_softmax_ce_s2,2,14000
50500,0.9999999403953552,1.0,reference transformer,transformer_add113_f0.3_wd0.1_softmax_ce_s2,2,14000
51000,0.9999999403953552,1.0,reference transformer,transformer_add113_f0.3_wd0.1_softmax_ce_s2,2,14000
51500,0.9999999403953552,1.0,reference transformer,transformer_add113_f0.3_wd0.1_softmax_ce_s2,2,14000
52000,0.9999999403953552,1.0,reference transformer,transformer_add113_f0.3_wd0.1_softmax_ce_s2,2,14000
52500,0.9999999403953552,1.0,reference transformer,transformer_add113_f0.3_wd0.1_softmax_ce_s2,2,14000
53000,0.9999999403953552,1.0,reference transformer,transformer_add113_f0.3_wd0.1_softmax_ce_s2,2,14000
53500,0.9999999403953552,1.0,reference transformer,transformer_add113_f0.3_wd0.1_softmax_ce_s2,2,14000
54000,0.9999999403953552,1.0,reference transformer,transformer_add113_f0.3_wd0.1_softmax_ce_s2,2,14000
54500,0.9999999403953552,1.0,reference transformer,transformer_add113_f0.3_wd0.1_softmax_ce_s2,2,14000
55000,0.9999999403953552,1.0,reference transformer,transformer_add113_f0.3_wd0.1_softmax_ce_s2,2,14000
55500,0.9999999403953552,1.0,reference transformer,transformer_add113_f0.3_wd0.1_softmax_ce_s2,2,14000
56000,0.9999999403953552,1.0,reference transformer,transformer_add113_f0.3_wd0.1_softmax_ce_s2,2,14000
56500,0.9999999403953552,1.0,reference transformer,transformer_add113_f0.3_wd0.1_softmax_ce_s2,2,14000
57000,0.9999999403953552,1.0,reference transformer,transformer_add113_f0.3_wd0.1_softmax_ce_s2,2,14000
57500,0.9999999403953552,1.0,reference transformer,transformer_add113_f0.3_wd0.1_softmax_ce_s2,2,14000
58000,0.9999999403953552,1.0,reference transformer,transformer_add113_f0.3_wd0.1_softmax_ce_s2,2,14000
58500,0.9999999403953552,1.0,reference transformer,transformer_add113_f0.3_wd0.1_softmax_ce_s2,2,14000
59000,0.9999999403953552,1.0,reference transformer,transformer_add113_f0.3_wd0.1_softmax_ce_s2,2,14000
59500,0.9999999403953552,1.0,reference transformer,transformer_add113_f0.3_wd0.1_softmax_ce_s2,2,14000
60000,0.9999999403953552,1.0,reference transformer,transformer_add113_f0.3_wd0.1_softmax_ce_s2,2,14000
0,0.00965805258601904,0.008055493235588074,reference transformer,transformer_add113_f0.3_wd0.1_softmax_ce_s3,3,11500
500,0.9999999403953552,0.3029760718345642,reference transformer,transformer_add113_f0.3_wd0.1_softmax_ce_s3,3,11500
1000,0.9999999403953552,0.30230477452278137,reference transformer,transformer_add113_f0.3_wd0.1_softmax_ce_s3,3,11500
1500,0.9999999403953552,0.3029760718345642,reference transformer,transformer_add113_f0.3_wd0.1_softmax_ce_s3,3,11500
2000,0.9999999403953552,0.30353546142578125,reference transformer,transformer_add113_f0.3_wd0.1_softmax_ce_s3,3,11500
2500,0.9999999403953552,0.3024166524410248,reference transformer,transformer_add113_f0.3_wd0.1_softmax_ce_s3,3,11500
3000,0.9999999403953552,0.3028641939163208,reference transformer,transformer_add113_f0.3_wd0.1_softmax_ce_s3,3,11500
3500,0.9999999403953552,0.302752286195755,reference transformer,transformer_add113_f0.3_wd0.1_softmax_ce_s3,3,11500
4000,0.9999999403953552,0.3030879497528076,reference transformer,transformer_add113_f0.3_wd0.1_softmax_ce_s3,3,11500
4500,0.9999999403953552,0.3026404082775116,reference transformer,transformer_add113_f0.3_wd0.1_softmax_ce_s3,3,11500
5000,0.9999999403953552,0.3025285303592682,reference transformer,transformer_add113_f0.3_wd0.1_softmax_ce_s3,3,11500
5500,0.9999999403953552,0.3025285303592682,reference transformer,transformer_add113_f0.3_wd0.1_softmax_ce_s3,3,11500
6000,0.9999999403953552,0.3030879497528076,reference transformer,transformer_add113_f0.3_wd0.1_softmax_ce_s3,3,11500
6500,0.9999999403953552,0.3040948808193207,reference transformer,transformer_add113_f0.3_wd0.1_softmax_ce_s3,3,11500
7000,0.9999999403953552,0.3029760718345642,reference transformer,transformer_add113_f0.3_wd0.1_softmax_ce_s3,3,11500
7500,0.9999999403953552,0.30353546142578125,reference transformer,transformer_add113_f0.3_wd0.1_softmax_ce_s3,3,11500
8000,0.9999999403953552,0.3047661781311035,reference transformer,transformer_add113_f0.3_wd0.1_softmax_ce_s3,3,11500
8500,0.9999999403953552,0.3062206506729126,reference transformer,transformer_add113_f0.3_wd0.1_softmax_ce_s3,3,11500
9000,0.9999999403953552,0.3167375326156616,reference transformer,transformer_add113_f0.3_wd0.1_softmax_ce_s3,3,11500
9500,0.8971547484397888,0.3010740578174591,reference transformer,transformer_add113_f0.3_wd0.1_softmax_ce_s3,3,11500
10000,0.9999999403953552,0.3776012659072876,reference transformer,transformer_add113_f0.3_wd0.1_softmax_ce_s3,3,11500
10500,0.9999999403953552,0.5883866548538208,reference transformer,transformer_add113_f0.3_wd0.1_softmax_ce_s3,3,11500
11000,0.9999999403953552,0.6671515107154846,reference transformer,transformer_add113_f0.3_wd0.1_softmax_ce_s3,3,11500
11500,0.9999999403953552,0.9692324995994568,reference transformer,transformer_add113_f0.3_wd0.1_softmax_ce_s3,3,11500
12000,0.9999999403953552,0.9995524883270264,reference transformer,transformer_add113_f0.3_wd0.1_softmax_ce_s3,3,11500
12500,0.9229965806007385,0.8246811628341675,reference transformer,transformer_add113_f0.3_wd0.1_softmax_ce_s3,3,11500
13000,0.9999999403953552,1.0,reference transformer,transformer_add113_f0.3_wd0.1_softmax_ce_s3,3,11500
13500,0.4458365738391876,0.40937569737434387,reference transformer,transformer_add113_f0.3_wd0.1_softmax_ce_s3,3,11500
14000,0.9999999403953552,1.0,reference transformer,transformer_add113_f0.3_wd0.1_softmax_ce_s3,3,11500
14500,0.9691985845565796,0.9345491528511047,reference transformer,transformer_add113_f0.3_wd0.1_softmax_ce_s3,3,11500
15000,0.9999999403953552,1.0,reference transformer,transformer_add113_f0.3_wd0.1_softmax_ce_s3,3,11500
15500,0.9999999403953552,1.0,reference transformer,transformer_add113_f0.3_wd0.1_softmax_ce_s3,3,11500
16000,0.9999999403953552,1.0,reference transformer,transformer_add113_f0.3_wd0.1_softmax_ce_s3,3,11500
16500,0.9999999403953552,0.9997762441635132,reference transformer,transformer_add113_f0.3_wd0.1_softmax_ce_s3,3,11500
17000,0.9999999403953552,1.0,reference transformer,transformer_add113_f0.3_wd0.1_softmax_ce_s3,3,11500
17500,0.9999999403953552,0.9997762441635132,reference transformer,transformer_add113_f0.3_wd0.1_softmax_ce_s3,3,11500
18000,0.9999999403953552,1.0,reference transformer,transformer_add113_f0.3_wd0.1_softmax_ce_s3,3,11500
18500,0.9999999403953552,0.9997762441635132,reference transformer,transformer_add113_f0.3_wd0.1_softmax_ce_s3,3,11500
19000,0.9999999403953552,1.0,reference transformer,transformer_add113_f0.3_wd0.1_softmax_ce_s3,3,11500
19500,0.9999999403953552,1.0,reference transformer,transformer_add113_f0.3_wd0.1_softmax_ce_s3,3,11500
20000,0.9999999403953552,1.0,reference transformer,transformer_add113_f0.3_wd0.1_softmax_ce_s3,3,11500
20500,0.9999999403953552,1.0,reference transformer,transformer_add113_f0.3_wd0.1_softmax_ce_s3,3,11500
21000,0.9999999403953552,1.0,reference transformer,transformer_add113_f0.3_wd0.1_softmax_ce_s3,3,11500
21500,0.9999999403953552,0.9978742599487305,reference transformer,transformer_add113_f0.3_wd0.1_softmax_ce_s3,3,11500
22000,0.9999999403953552,1.0,reference transformer,transformer_add113_f0.3_wd0.1_softmax_ce_s3,3,11500
22500,0.9999999403953552,1.0,reference transformer,transformer_add113_f0.3_wd0.1_softmax_ce_s3,3,11500
23000,0.9999999403953552,1.0,reference transformer,transformer_add113_f0.3_wd0.1_softmax_ce_s3,3,11500
23500,0.9999999403953552,0.9993287324905396,reference transformer,transformer_add113_f0.3_wd0.1_softmax_ce_s3,3,11500
24000,0.9999999403953552,1.0,reference transformer,transformer_add113_f0.3_wd0.1_softmax_ce_s3,3,11500
24500,0.9999999403953552,1.0,reference transformer,transformer_add113_f0.3_wd0.1_softmax_ce_s3,3,11500
25000,0.9999999403953552,1.0,reference transformer,transformer_add113_f0.3_wd0.1_softmax_ce_s3,3,11500
25500,0.9999999403953552,1.0,reference transformer,transformer_add113_f0.3_wd0.1_softmax_ce_s3,3,11500
26000,0.9999999403953552,1.0,reference transformer,transformer_add113_f0.3_wd0.1_softmax_ce_s3,3,11500
26500,0.9999999403953552,0.9998881220817566,reference transformer,transformer_add113_f0.3_wd0.1_softmax_ce_s3,3,11500
27000,0.9999999403953552,1.0,reference transformer,transformer_add113_f0.3_wd0.1_softmax_ce_s3,3,11500
27500,0.9999999403953552,1.0,reference transformer,transformer_add113_f0.3_wd0.1_softmax_ce_s3,3,11500
28000,0.9999999403953552,1.0,reference transformer,transformer_add113_f0.3_wd0.1_softmax_ce_s3,3,11500
28500,0.9999999403953552,1.0,reference transformer,transformer_add113_f0.3_wd0.1_softmax_ce_s3,3,11500
29000,0.9999999403953552,1.0,reference transformer,transformer_add113_f0.3_wd0.1_softmax_ce_s3,3,11500
29500,0.9999999403953552,1.0,reference transformer,transformer_add113_f0.3_wd0.1_softmax_ce_s3,3,11500
30000,0.9999999403953552,1.0,reference transformer,transformer_add113_f0.3_wd0.1_softmax_ce_s3,3,11500
30500,0.9999999403953552,1.0,reference transformer,transformer_add113_f0.3_wd0.1_softmax_ce_s3,3,11500
31000,0.9999999403953552,0.9997762441635132,reference transformer,transformer_add113_f0.3_wd0.1_softmax_ce_s3,3,11500
31500,0.9999999403953552,1.0,reference transformer,transformer_add113_f0.3_wd0.1_softmax_ce_s3,3,11500
32000,0.9999999403953552,0.9998881220817566,reference transformer,transformer_add113_f0.3_wd0.1_softmax_ce_s3,3,11500
32500,0.9999999403953552,1.0,reference transformer,transformer_add113_f0.3_wd0.1_softmax_ce_s3,3,11500
33000,0.9999999403953552,0.9985455274581909,reference transformer,transformer_add113_f0.3_wd0.1_softmax_ce_s3,3,11500
33500,0.9999999403953552,1.0,reference transformer,transformer_add113_f0.3_wd0.1_softmax_ce_s3,3,11500
34000,0.9999999403953552,1.0,reference transformer,transformer_add113_f0.3_wd0.1_softmax_ce_s3,3,11500
34500,0.9999999403953552,1.0,reference transformer,transformer_add113_f0.3_wd0.1_softmax_ce_s3,3,11500
35000,0.9999999403953552,1.0,reference transformer,transformer_add113_f0.3_wd0.1_softmax_ce_s3,3,11500
35500,0.9999999403953552,1.0,reference transformer,transformer_add113_f0.3_wd0.1_softmax_ce_s3,3,11500
36000,0.9999999403953552,1.0,reference transformer,transformer_add113_f0.3_wd0.1_softmax_ce_s3,3,11500
36500,0.9999999403953552,1.0,reference transformer,transformer_add113_f0.3_wd0.1_softmax_ce_s3,3,11500
37000,0.9999999403953552,1.0,reference transformer,transformer_add113_f0.3_wd0.1_softmax_ce_s3,3,11500
37500,0.9999999403953552,1.0,reference transformer,transformer_add113_f0.3_wd0.1_softmax_ce_s3,3,11500
38000,0.9999999403953552,1.0,reference transformer,transformer_add113_f0.3_wd0.1_softmax_ce_s3,3,11500
38500,0.9999999403953552,0.9998881220817566,reference transformer,transformer_add113_f0.3_wd0.1_softmax_ce_s3,3,11500
39000,0.9999999403953552,1.0,reference transformer,transformer_add113_f0.3_wd0.1_softmax_ce_s3,3,11500
39500,0.9999999403953552,0.9998881220817566,reference transformer,transformer_add113_f0.3_wd0.1_softmax_ce_s3,3,11500
40000,0.9999999403953552,1.0,reference transformer,transformer_add113_f0.3_wd0.1_softmax_ce_s3,3,11500
40500,0.9999999403953552,0.999440610408783,reference transformer,transformer_add113_f0.3_wd0.1_softmax_ce_s3,3,11500
41000,0.9999999403953552,1.0,reference transformer,transformer_add113_f0.3_wd0.1_softmax_ce_s3,3,11500
41500,0.9999999403953552,1.0,reference transformer,transformer_add113_f0.3_wd0.1_softmax_ce_s3,3,11500
42000,0.9999999403953552,1.0,reference transformer,transformer_add113_f0.3_wd0.1_softmax_ce_s3,3,11500
42500,0.9999999403953552,1.0,reference transformer,transformer_add113_f0.3_wd0.1_softmax_ce_s3,3,11500
43000,0.9999999403953552,0.9998881220817566,reference transformer,transformer_add113_f0.3_wd0.1_softmax_ce_s3,3,11500
43500,0.9999999403953552,1.0,reference transformer,transformer_add113_f0.3_wd0.1_softmax_ce_s3,3,11500
44000,0.9999999403953552,1.0,reference transformer,transformer_add113_f0.3_wd0.1_softmax_ce_s3,3,11500
44500,0.9999999403953552,1.0,reference transformer,transformer_add113_f0.3_wd0.1_softmax_ce_s3,3,11500
45000,0.9999999403953552,0.9995524883270264,reference transformer,transformer_add113_f0.3_wd0.1_softmax_ce_s3,3,11500
45500,0.9999999403953552,1.0,reference transformer,transformer_add113_f0.3_wd0.1_softmax_ce_s3,3,11500
46000,0.9999999403953552,0.9987693428993225,reference transformer,transformer_add113_f0.3_wd0.1_softmax_ce_s3,3,11500
46500,0.9999999403953552,1.0,reference transformer,transformer_add113_f0.3_wd0.1_softmax_ce_s3,3,11500
47000,0.9999999403953552,0.999440610408783,reference transformer,transformer_add113_f0.3_wd0.1_softmax_ce_s3,3,11500
47500,0.9999999403953552,1.0,reference transformer,transformer_add113_f0.3_wd0.1_softmax_ce_s3,3,11500
48000,0.9999999403953552,0.999440610408783,reference transformer,transformer_add113_f0.3_wd0.1_softmax_ce_s3,3,11500
48500,0.9999999403953552,1.0,reference transformer,transformer_add113_f0.3_wd0.1_softmax_ce_s3,3,11500
49000,0.9999999403953552,1.0,reference transformer,transformer_add113_f0.3_wd0.1_softmax_ce_s3,3,11500
49500,0.9999999403953552,1.0,reference transformer,transformer_add113_f0.3_wd0.1_softmax_ce_s3,3,11500
50000,0.997650682926178,0.9888118505477905,reference transformer,transformer_add113_f0.3_wd0.1_softmax_ce_s3,3,11500
50500,0.9999999403953552,1.0,reference transformer,transformer_add113_f0.3_wd0.1_softmax_ce_s3,3,11500
51000,0.9999999403953552,1.0,reference transformer,transformer_add113_f0.3_wd0.1_softmax_ce_s3,3,11500
51500,0.9999999403953552,0.9997762441635132,reference transformer,transformer_add113_f0.3_wd0.1_softmax_ce_s3,3,11500
52000,0.9999999403953552,1.0,reference transformer,transformer_add113_f0.3_wd0.1_softmax_ce_s3,3,11500
52500,0.9999999403953552,0.9998881220817566,reference transformer,transformer_add113_f0.3_wd0.1_softmax_ce_s3,3,11500
53000,0.9999999403953552,1.0,reference transformer,transformer_add113_f0.3_wd0.1_softmax_ce_s3,3,11500
53500,0.9999999403953552,1.0,reference transformer,transformer_add113_f0.3_wd0.1_softmax_ce_s3,3,11500
54000,0.9999999403953552,1.0,reference transformer,transformer_add113_f0.3_wd0.1_softmax_ce_s3,3,11500
54500,0.9999999403953552,1.0,reference transformer,transformer_add113_f0.3_wd0.1_softmax_ce_s3,3,11500
55000,0.9999999403953552,1.0,reference transformer,transformer_add113_f0.3_wd0.1_softmax_ce_s3,3,11500
55500,0.9999999403953552,1.0,reference transformer,transformer_add113_f0.3_wd0.1_softmax_ce_s3,3,11500
56000,0.9999999403953552,0.9995524883270264,reference transformer,transformer_add113_f0.3_wd0.1_softmax_ce_s3,3,11500
56500,0.9999999403953552,1.0,reference transformer,transformer_add113_f0.3_wd0.1_softmax_ce_s3,3,11500
57000,0.9999999403953552,1.0,reference transformer,transformer_add113_f0.3_wd0.1_softmax_ce_s3,3,11500
57500,0.9999999403953552,1.0,reference transformer,transformer_add113_f0.3_wd0.1_softmax_ce_s3,3,11500
58000,0.9999999403953552,1.0,reference transformer,transformer_add113_f0.3_wd0.1_softmax_ce_s3,3,11500
58500,0.9999999403953552,1.0,reference transformer,transformer_add113_f0.3_wd0.1_softmax_ce_s3,3,11500
59000,0.9999999403953552,1.0,reference transformer,transformer_add113_f0.3_wd0.1_softmax_ce_s3,3,11500
59500,0.9999999403953552,0.9998881220817566,reference transformer,transformer_add113_f0.3_wd0.1_softmax_ce_s3,3,11500
60000,0.9999999403953552,1.0,reference transformer,transformer_add113_f0.3_wd0.1_softmax_ce_s3,3,11500
0,0.008874966762959957,0.00783172994852066,reference transformer,transformer_add113_f0.3_wd0.1_softmax_ce_s4,4,10500
500,0.9999999403953552,0.2980532646179199,reference transformer,transformer_add113_f0.3_wd0.1_softmax_ce_s4,4,10500
1000,0.9999999403953552,0.29850077629089355,reference transformer,transformer_add113_f0.3_wd0.1_softmax_ce_s4,4,10500
1500,0.9999999403953552,0.29827702045440674,reference transformer,transformer_add113_f0.3_wd0.1_softmax_ce_s4,4,10500
2000,0.9999999403953552,0.29671066999435425,reference transformer,transformer_add113_f0.3_wd0.1_softmax_ce_s4,4,10500
2500,0.9984337687492371,0.2962631583213806,reference transformer,transformer_add113_f0.3_wd0.1_softmax_ce_s4,4,10500
3000,0.9989558458328247,0.2946968078613281,reference transformer,transformer_add113_f0.3_wd0.1_softmax_ce_s4,4,10500
3500,0.9999999403953552,0.29682254791259766,reference transformer,transformer_add113_f0.3_wd0.1_softmax_ce_s4,4,10500
4000,0.9999999403953552,0.2972700893878937,reference transformer,transformer_add113_f0.3_wd0.1_softmax_ce_s4,4,10500
4500,0.9999999403953552,0.2980532646179199,reference transformer,transformer_add113_f0.3_wd0.1_softmax_ce_s4,4,10500
5000,0.9999999403953552,0.2989483177661896,reference transformer,transformer_add113_f0.3_wd0.1_softmax_ce_s4,4,10500
5500,0.9999999403953552,0.29861268401145935,reference transformer,transformer_add113_f0.3_wd0.1_softmax_ce_s4,4,10500
6000,0.9999999403953552,0.299507737159729,reference transformer,transformer_add113_f0.3_wd0.1_softmax_ce_s4,4,10500
6500,0.9999999403953552,0.29883643984794617,reference transformer,transformer_add113_f0.3_wd0.1_softmax_ce_s4,4,10500
7000,0.3382928669452667,0.09565898776054382,reference transformer,transformer_add113_f0.3_wd0.1_softmax_ce_s4,4,10500
7500,0.9999999403953552,0.30510181188583374,reference transformer,transformer_add113_f0.3_wd0.1_softmax_ce_s4,4,10500
8000,0.9986948370933533,0.3211009204387665,reference transformer,transformer_add113_f0.3_wd0.1_softmax_ce_s4,4,10500
8500,0.9999999403953552,0.3214365541934967,reference transformer,transformer_add113_f0.3_wd0.1_softmax_ce_s4,4,10500
9000,0.9999999403953552,0.38207653164863586,reference transformer,transformer_add113_f0.3_wd0.1_softmax_ce_s4,4,10500
9500,0.9999999403953552,0.4083687663078308,reference transformer,transformer_add113_f0.3_wd0.1_softmax_ce_s4,4,10500
10000,0.9999999403953552,0.8414634466171265,reference transformer,transformer_add113_f0.3_wd0.1_softmax_ce_s4,4,10500
10500,0.9999999403953552,0.9874692559242249,reference transformer,transformer_add113_f0.3_wd0.1_softmax_ce_s4,4,10500
11000,0.9999999403953552,0.9980980157852173,reference transformer,transformer_add113_f0.3_wd0.1_softmax_ce_s4,4,10500
11500,0.9999999403953552,1.0,reference transformer,transformer_add113_f0.3_wd0.1_softmax_ce_s4,4,10500
12000,0.9999999403953552,1.0,reference transformer,transformer_add113_f0.3_wd0.1_softmax_ce_s4,4,10500
12500,0.9999999403953552,1.0,reference transformer,transformer_add113_f0.3_wd0.1_softmax_ce_s4,4,10500
13000,0.9999999403953552,1.0,reference transformer,transformer_add113_f0.3_wd0.1_softmax_ce_s4,4,10500
13500,0.9999999403953552,1.0,reference transformer,transformer_add113_f0.3_wd0.1_softmax_ce_s4,4,10500
14000,0.9999999403953552,1.0,reference transformer,transformer_add113_f0.3_wd0.1_softmax_ce_s4,4,10500
14500,0.9999999403953552,1.0,reference transformer,transformer_add113_f0.3_wd0.1_softmax_ce_s4,4,10500
15000,0.9999999403953552,1.0,reference transformer,transformer_add113_f0.3_wd0.1_softmax_ce_s4,4,10500
15500,0.9999999403953552,1.0,reference transformer,transformer_add113_f0.3_wd0.1_softmax_ce_s4,4,10500
16000,0.9999999403953552,1.0,reference transformer,transformer_add113_f0.3_wd0.1_softmax_ce_s4,4,10500
16500,0.9999999403953552,1.0,reference transformer,transformer_add113_f0.3_wd0.1_softmax_ce_s4,4,10500
17000,0.9997389316558838,0.9958603978157043,reference transformer,transformer_add113_f0.3_wd0.1_softmax_ce_s4,4,10500
17500,0.9999999403953552,1.0,reference transformer,transformer_add113_f0.3_wd0.1_softmax_ce_s4,4,10500
18000,0.9999999403953552,1.0,reference transformer,transformer_add113_f0.3_wd0.1_softmax_ce_s4,4,10500
18500,0.9999999403953552,1.0,reference transformer,transformer_add113_f0.3_wd0.1_softmax_ce_s4,4,10500
19000,0.9999999403953552,0.9969791769981384,reference transformer,transformer_add113_f0.3_wd0.1_softmax_ce_s4,4,10500
19500,0.9999999403953552,1.0,reference transformer,transformer_add113_f0.3_wd0.1_softmax_ce_s4,4,10500
20000,0.9999999403953552,1.0,reference transformer,transformer_add113_f0.3_wd0.1_softmax_ce_s4,4,10500
20500,0.9999999403953552,1.0,reference transformer,transformer_add113_f0.3_wd0.1_softmax_ce_s4,4,10500
21000,0.9999999403953552,1.0,reference transformer,transformer_add113_f0.3_wd0.1_softmax_ce_s4,4,10500
21500,0.9999999403953552,1.0,reference transformer,transformer_add113_f0.3_wd0.1_softmax_ce_s4,4,10500
22000,0.9999999403953552,1.0,reference transformer,transformer_add113_f0.3_wd0.1_softmax_ce_s4,4,10500
22500,0.9999999403953552,1.0,reference transformer,transformer_add113_f0.3_wd0.1_softmax_ce_s4,4,10500
23000,0.9999999403953552,1.0,reference transformer,transformer_add113_f0.3_wd0.1_softmax_ce_s4,4,10500
23500,0.9999999403953552,1.0,reference transformer,transformer_add113_f0.3_wd0.1_softmax_ce_s4,4,10500
24000,0.9999999403953552,1.0,reference transformer,transformer_add113_f0.3_wd0.1_softmax_ce_s4,4,10500
24500,0.9999999403953552,1.0,reference transformer,transformer_add113_f0.3_wd0.1_softmax_ce_s4,4,10500
25000,0.9999999403953552,1.0,reference transformer,transformer_add113_f0.3_wd0.1_softmax_ce_s4,4,10500
25500,0.9999999403953552,1.0,reference transformer,transformer_add113_f0.3_wd0.1_softmax_ce_s4,4,10500
26000,0.9999999403953552,1.0,reference transformer,transformer_add113_f0.3_wd0.1_softmax_ce_s4,4,10500
26500,0.9999999403953552,0.9992168545722961,reference transformer,transformer_add113_f0.3_wd0.1_softmax_ce_s4,4,10500
27000,0.9999999403953552,1.0,reference transformer,transformer_add113_f0.3_wd0.1_softmax_ce_s4,4,10500
27500,0.9999999403953552,1.0,reference transformer,transformer_add113_f0.3_wd0.1_softmax_ce_s4,4,10500
28000,0.9999999403953552,1.0,reference transformer,transformer_add113_f0.3_wd0.1_softmax_ce_s4,4,10500
28500,0.9999999403953552,1.0,reference transformer,transformer_add113_f0.3_wd0.1_softmax_ce_s4,4,10500
29000,0.9999999403953552,1.0,reference transformer,transformer_add113_f0.3_wd0.1_softmax_ce_s4,4,10500
29500,0.9999999403953552,1.0,reference transformer,transformer_add113_f0.3_wd0.1_softmax_ce_s4,4,10500
30000,0.9999999403953552,1.0,reference transformer,transformer_add113_f0.3_wd0.1_softmax_ce_s4,4,10500
30500,0.9999999403953552,1.0,reference transformer,transformer_add113_f0.3_wd0.1_softmax_ce_s4,4,10500
31000,0.9999999403953552,1.0,reference transformer,transformer_add113_f0.3_wd0.1_softmax_ce_s4,4,10500
31500,0.9999999403953552,1.0,reference transformer,transformer_add113_f0.3_wd0.1_softmax_ce_s4,4,10500
32000,0.9999999403953552,1.0,reference transformer,transformer_add113_f0.3_wd0.1_softmax_ce_s4,4,10500
32500,0.9999999403953552,1.0,reference transformer,transformer_add113_f0.3_wd0.1_softmax_ce_s4,4,10500
33000,0.9999999403953552,1.0,reference transformer,transformer_add113_f0.3_wd0.1_softmax_ce_s4,4,10500
33500,0.9999999403953552,1.0,reference transformer,transformer_add113_f0.3_wd0.1_softmax_ce_s4,4,10500
34000,0.9999999403953552,1.0,reference transformer,transformer_add113_f0.3_wd0.1_softmax_ce_s4,4,10500
34500,0.9999999403953552,1.0,reference transformer,transformer_add113_f0.3_wd0.1_softmax_ce_s4,4,10500
35000,0.9999999403953552,1.0,reference transformer,transformer_add113_f0.3_wd0.1_softmax_ce_s4,4,10500
35500,0.9999999403953552,0.9998881220817566,reference transformer,transformer_add113_f0.3_wd0.1_softmax_ce_s4,4,10500
36000,0.9999999403953552,1.0,reference transformer,transformer_add113_f0.3_wd0.1_softmax_ce_s4,4,10500
36500,0.9999999403953552,1.0,reference transformer,transformer_add113_f0.3_wd0.1_softmax_ce_s4,4,10500
37000,0.9999999403953552,1.0,reference transformer,transformer_add113_f0.3_wd0.1_softmax_ce_s4,4,10500
37500,0.9999999403953552,1.0,reference transformer,transformer_add113_f0.3_wd0.1_softmax_ce_s4,4,10500
38000,0.9999999403953552,1.0,reference transformer,transformer_add113_f0.3_wd0.1_softmax_ce_s4,4,10500
38500,0.9999999403953552,1.0,reference transformer,transformer_add113_f0.3_wd0.1_softmax_ce_s4,4,10500
39000,0.9999999403953552,1.0,reference transformer,transformer_add113_f0.3_wd0.1_softmax_ce_s4,4,10500
39500,0.9999999403953552,1.0,reference transformer,transformer_add113_f0.3_wd0.1_softmax_ce_s4,4,10500
40000,0.9999999403953552,1.0,reference transformer,transformer_add113_f0.3_wd0.1_softmax_ce_s4,4,10500
40500,0.9999999403953552,1.0,reference transformer,transformer_add113_f0.3_wd0.1_softmax_ce_s4,4,10500
41000,0.9999999403953552,1.0,reference transformer,transformer_add113_f0.3_wd0.1_softmax_ce_s4,4,10500
41500,0.9999999403953552,1.0,reference transformer,transformer_add113_f0.3_wd0.1_softmax_ce_s4,4,10500
42000,0.9999999403953552,1.0,reference transformer,transformer_add113_f0.3_wd0.1_softmax_ce_s4,4,10500
42500,0.9999999403953552,1.0,reference transformer,transformer_add113_f0.3_wd0.1_softmax_ce_s4,4,10500
43000,0.9999999403953552,0.9998881220817566,reference transformer,transformer_add113_f0.3_wd0.1_softmax_ce_s4,4,10500
43500,0.9999999403953552,1.0,reference transformer,transformer_add113_f0.3_wd0.1_softmax_ce_s4,4,10500
44000,0.9999999403953552,1.0,reference transformer,transformer_add113_f0.3_wd0.1_softmax_ce_s4,4,10500
44500,0.9999999403953552,1.0,reference transformer,transformer_add113_f0.3_wd0.1_softmax_ce_s4,4,10500
45000,0.9999999403953552,1.0,reference transformer,transformer_add113_f0.3_wd0.1_softmax_ce_s4,4,10500
45500,0.9999999403953552,1.0,reference transformer,transformer_add113_f0.3_wd0.1_softmax_ce_s4,4,10500
46000,0.9999999403953552,1.0,reference transformer,transformer_add113_f0.3_wd0.1_softmax_ce_s4,4,10500
46500,0.9999999403953552,1.0,reference transformer,transformer_add113_f0.3_wd0.1_softmax_ce_s4,4,10500
47000,0.9999999403953552,1.0,reference transformer,transformer_add113_f0.3_wd0.1_softmax_ce_s4,4,10500
47500,0.9999999403953552,1.0,reference transformer,transformer_add113_f0.3_wd0.1_softmax_ce_s4,4,10500
48000,0.9999999403953552,1.0,reference transformer,transformer_add113_f0.3_wd0.1_softmax_ce_s4,4,10500
48500,0.9999999403953552,1.0,reference transformer,transformer_add113_f0.3_wd0.1_softmax_ce_s4,4,10500
49000,0.9999999403953552,1.0,reference transformer,transformer_add113_f0.3_wd0.1_softmax_ce_s4,4,10500
49500,0.9999999403953552,1.0,reference transformer,transformer_add113_f0.3_wd0.1_softmax_ce_s4,4,10500
50000,0.9999999403953552,1.0,reference transformer,transformer_add113_f0.3_wd0.1_softmax_ce_s4,4,10500
50500,0.9999999403953552,1.0,reference transformer,transformer_add113_f0.3_wd0.1_softmax_ce_s4,4,10500
51000,0.9999999403953552,1.0,reference transformer,transformer_add113_f0.3_wd0.1_softmax_ce_s4,4,10500
51500,0.9999999403953552,1.0,reference transformer,transformer_add113_f0.3_wd0.1_softmax_ce_s4,4,10500
52000,0.9999999403953552,1.0,reference transformer,transformer_add113_f0.3_wd0.1_softmax_ce_s4,4,10500
52500,0.9999999403953552,1.0,reference transformer,transformer_add113_f0.3_wd0.1_softmax_ce_s4,4,10500
53000,0.9999999403953552,1.0,reference transformer,transformer_add113_f0.3_wd0.1_softmax_ce_s4,4,10500
53500,0.9999999403953552,0.9998881220817566,reference transformer,transformer_add113_f0.3_wd0.1_softmax_ce_s4,4,10500
54000,0.9999999403953552,1.0,reference transformer,transformer_add113_f0.3_wd0.1_softmax_ce_s4,4,10500
54500,0.9999999403953552,1.0,reference transformer,transformer_add113_f0.3_wd0.1_softmax_ce_s4,4,10500
55000,0.9999999403953552,1.0,reference transformer,transformer_add113_f0.3_wd0.1_softmax_ce_s4,4,10500
55500,0.9999999403953552,1.0,reference transformer,transformer_add113_f0.3_wd0.1_softmax_ce_s4,4,10500
56000,0.9999999403953552,0.9984336495399475,reference transformer,transformer_add113_f0.3_wd0.1_softmax_ce_s4,4,10500
56500,0.9999999403953552,1.0,reference transformer,transformer_add113_f0.3_wd0.1_softmax_ce_s4,4,10500
57000,0.7802140116691589,0.7567688822746277,reference transformer,transformer_add113_f0.3_wd0.1_softmax_ce_s4,4,10500
57500,0.9999999403953552,1.0,reference transformer,transformer_add113_f0.3_wd0.1_softmax_ce_s4,4,10500
58000,0.8846253752708435,0.8526515960693359,reference transformer,transformer_add113_f0.3_wd0.1_softmax_ce_s4,4,10500
58500,0.9999999403953552,1.0,reference transformer,transformer_add113_f0.3_wd0.1_softmax_ce_s4,4,10500
59000,0.1848081350326538,0.18494071066379547,reference transformer,transformer_add113_f0.3_wd0.1_softmax_ce_s4,4,10500
59500,0.9999999403953552,1.0,reference transformer,transformer_add113_f0.3_wd0.1_softmax_ce_s4,4,10500
60000,0.9999999403953552,1.0,reference transformer,transformer_add113_f0.3_wd0.1_softmax_ce_s4,4,10500
0,0.009564293548464775,0.0110841179266572,canonical MLP,mlp_add97_f0.3_wd1.0_softmax_ce_s0,0,14300
100,1.0,0.0,canonical MLP,mlp_add97_f0.3_wd1.0_softmax_ce_s0,0,14300
200,1.0,0.0,canonical MLP,mlp_add97_f0.3_wd1.0_softmax_ce_s0,0,14300
300,1.0,0.0,canonical MLP,mlp_add97_f0.3_wd1.0_softmax_ce_s0,0,14300
400,1.0,0.0001518372300779447,canonical MLP,mlp_add97_f0.3_wd1.0_softmax_ce_s0,0,14300
500,1.0,0.0001518372300779447,canonical MLP,mlp_add97_f0.3_wd1.0_softmax_ce_s0,0,14300
600,1.0,0.0,canonical MLP,mlp_add97_f0.3_wd1.0_softmax_ce_s0,0,14300
700,1.0,0.0,canonical MLP,mlp_add97_f0.3_wd1.0_softmax_ce_s0,0,14300
800,1.0,0.0,canonical MLP,mlp_add97_f0.3_wd1.0_softmax_ce_s0,0,14300
900,1.0,0.0,canonical MLP,mlp_add97_f0.3_wd1.0_softmax_ce_s0,0,14300
1000,1.0,0.0,canonical MLP,mlp_add97_f0.3_wd1.0_softmax_ce_s0,0,14300
1100,1.0,0.0,canonical MLP,mlp_add97_f0.3_wd1.0_softmax_ce_s0,0,14300
1200,1.0,0.0,canonical MLP,mlp_add97_f0.3_wd1.0_softmax_ce_s0,0,14300
1300,1.0,0.0,canonical MLP,mlp_add97_f0.3_wd1.0_softmax_ce_s0,0,14300
1400,1.0,0.0,canonical MLP,mlp_add97_f0.3_wd1.0_softmax_ce_s0,0,14300
1500,1.0,0.0001518372300779447,canonical MLP,mlp_add97_f0.3_wd1.0_softmax_ce_s0,0,14300
1600,1.0,0.0001518372300779447,canonical MLP,mlp_add97_f0.3_wd1.0_softmax_ce_s0,0,14300
1700,1.0,0.0001518372300779447,canonical MLP,mlp_add97_f0.3_wd1.0_softmax_ce_s0,0,14300
1800,1.0,0.0001518372300779447,canonical MLP,mlp_add97_f0.3_wd1.0_softmax_ce_s0,0,14300
1900,1.0,0.0001518372300779447,canonical MLP,mlp_add97_f0.3_wd1.0_softmax_ce_s0,0,14300
2000,1.0,0.0001518372300779447,canonical MLP,mlp_add97_f0.3_wd1.0_softmax_ce_s0,0,14300
2100,1.0,0.0001518372300779447,canonical MLP,mlp_add97_f0.3_wd1.0_softmax_ce_s0,0,14300
2200,1.0,0.0001518372300779447,canonical MLP,mlp_add97_f0.3_wd1.0_softmax_ce_s0,0,14300
2300,1.0,0.0001518372300779447,canonical MLP,mlp_add97_f0.3_wd1.0_softmax_ce_s0,0,14300
2400,1.0,0.0001518372300779447,canonical MLP,mlp_add97_f0.3_wd1.0_softmax_ce_s0,0,14300
2500,1.0,0.0001518372300779447,canonical MLP,mlp_add97_f0.3_wd1.0_softmax_ce_s0,0,14300
2600,1.0,0.0001518372300779447,canonical MLP,mlp_add97_f0.3_wd1.0_softmax_ce_s0,0,14300
2700,1.0,0.0001518372300779447,canonical MLP,mlp_add97_f0.3_wd1.0_softmax_ce_s0,0,14300
2800,1.0,0.0001518372300779447,canonical MLP,mlp_add97_f0.3_wd1.0_softmax_ce_s0,0,14300
2900,1.0,0.0001518372300779447,canonical MLP,mlp_add97_f0.3_wd1.0_softmax_ce_s0,0,14300
3000,1.0,0.0003036744601558894,canonical MLP,mlp_add97_f0.3_wd1.0_softmax_ce_s0,0,14300
3100,1.0,0.0003036744601558894,canonical MLP,mlp_add97_f0.3_wd1.0_softmax_ce_s0,0,14300
3200,1.0,0.0003036744601558894,canonical MLP,mlp_add97_f0.3_wd1.0_softmax_ce_s0,0,14300
3300,1.0,0.0003036744601558894,canonical MLP,mlp_add97_f0.3_wd1.0_softmax_ce_s0,0,14300
3400,1.0,0.0003036744601558894,canonical MLP,mlp_add97_f0.3_wd1.0_softmax_ce_s0,0,14300
3500,1.0,0.0001518372300779447,canonical MLP,mlp_add97_f0.3_wd1.0_softmax_ce_s0,0,14300
3600,1.0,0.0001518372300779447,canonical MLP,mlp_add97_f0.3_wd1.0_softmax_ce_s0,0,14300
3700,1.0,0.0,canonical MLP,mlp_add97_f0.3_wd1.0_softmax_ce_s0,0,14300
3800,1.0,0.0,canonical MLP,mlp_add97_f0.3_wd1.0_softmax_ce_s0,0,14300
3900,1.0,0.0,canonical MLP,mlp_add97_f0.3_wd1.0_softmax_ce_s0,0,14300
4000,1.0,0.0001518372300779447,canonical MLP,mlp_add97_f0.3_wd1.0_softmax_ce_s0,0,14300
4100,1.0,0.0001518372300779447,canonical MLP,mlp_add97_f0.3_wd1.0_softmax_ce_s0,0,14300
4200,1.0,0.0001518372300779447,canonical MLP,mlp_add97_f0.3_wd1.0_softmax_ce_s0,0,14300
4300,1.0,0.0001518372300779447,canonical MLP,mlp_add97_f0.3_wd1.0_softmax_ce_s0,0,14300
4400,1.0,0.0001518372300779447,canonical MLP,mlp_add97_f0.3_wd1.0_softmax_ce_s0,0,14300
4500,1.0,0.0003036744601558894,canonical MLP,mlp_add97_f0.3_wd1.0_softmax_ce_s0,0,14300
4600,1.0,0.0003036744601558894,canonical MLP,mlp_add97_f0.3_wd1.0_softmax_ce_s0,0,14300
4700,1.0,0.00045551167568191886,canonical MLP,mlp_add97_f0.3_wd1.0_softmax_ce_s0,0,14300
4800,1.0,0.00045551167568191886,canonical MLP,mlp_add97_f0.3_wd1.0_softmax_ce_s0,0,14300
4900,1.0,0.00045551167568191886,canonical MLP,mlp_add97_f0.3_wd1.0_softmax_ce_s0,0,14300
5000,1.0,0.0006073489203117788,canonical MLP,mlp_add97_f0.3_wd1.0_softmax_ce_s0,0,14300
5100,1.0,0.0006073489203117788,canonical MLP,mlp_add97_f0.3_wd1.0_softmax_ce_s0,0,14300
5200,1.0,0.0006073489203117788,canonical MLP,mlp_add97_f0.3_wd1.0_softmax_ce_s0,0,14300
5300,1.0,0.0006073489203117788,canonical MLP,mlp_add97_f0.3_wd1.0_softmax_ce_s0,0,14300
5400,1.0,0.0006073489203117788,canonical MLP,mlp_add97_f0.3_wd1.0_softmax_ce_s0,0,14300
5500,1.0,0.0006073489203117788,canonical MLP,mlp_add97_f0.3_wd1.0_softmax_ce_s0,0,14300
5600,1.0,0.0006073489203117788,canonical MLP,mlp_add97_f0.3_wd1.0_softmax_ce_s0,0,14300
5700,1.0,0.0006073489203117788,canonical MLP,mlp_add97_f0.3_wd1.0_softmax_ce_s0,0,14300
5800,1.0,0.00045551167568191886,canonical MLP,mlp_add97_f0.3_wd1.0_softmax_ce_s0,0,14300
5900,1.0,0.00045551167568191886,canonical MLP,mlp_add97_f0.3_wd1.0_softmax_ce_s0,0,14300
6000,1.0,0.00045551167568191886,canonical MLP,mlp_add97_f0.3_wd1.0_softmax_ce_s0,0,14300
6100,1.0,0.0007591861649416387,canonical MLP,mlp_add97_f0.3_wd1.0_softmax_ce_s0,0,14300
6200,1.0,0.0007591861649416387,canonical MLP,mlp_add97_f0.3_wd1.0_softmax_ce_s0,0,14300
6300,1.0,0.0009110233513638377,canonical MLP,mlp_add97_f0.3_wd1.0_softmax_ce_s0,0,14300
6400,1.0,0.0010628605959936976,canonical MLP,mlp_add97_f0.3_wd1.0_softmax_ce_s0,0,14300
6500,1.0,0.0010628605959936976,canonical MLP,mlp_add97_f0.3_wd1.0_softmax_ce_s0,0,14300
6600,1.0,0.0012146978406235576,canonical MLP,mlp_add97_f0.3_wd1.0_softmax_ce_s0,0,14300
6700,1.0,0.0013665350852534175,canonical MLP,mlp_add97_f0.3_wd1.0_softmax_ce_s0,0,14300
6800,1.0,0.0013665350852534175,canonical MLP,mlp_add97_f0.3_wd1.0_softmax_ce_s0,0,14300
6900,1.0,0.0013665350852534175,canonical MLP,mlp_add97_f0.3_wd1.0_softmax_ce_s0,0,14300
7000,1.0,0.0013665350852534175,canonical MLP,mlp_add97_f0.3_wd1.0_softmax_ce_s0,0,14300
7100,1.0,0.0015183723298832774,canonical MLP,mlp_add97_f0.3_wd1.0_softmax_ce_s0,0,14300
7200,1.0,0.0015183723298832774,canonical MLP,mlp_add97_f0.3_wd1.0_softmax_ce_s0,0,14300
7300,1.0,0.0013665350852534175,canonical MLP,mlp_add97_f0.3_wd1.0_softmax_ce_s0,0,14300
7400,1.0,0.0015183723298832774,canonical MLP,mlp_add97_f0.3_wd1.0_softmax_ce_s0,0,14300
7500,1.0,0.0015183723298832774,canonical MLP,mlp_add97_f0.3_wd1.0_softmax_ce_s0,0,14300
7600,1.0,0.0018220467027276754,canonical MLP,mlp_add97_f0.3_wd1.0_softmax_ce_s0,0,14300
7700,1.0,0.0016702095745131373,canonical MLP,mlp_add97_f0.3_wd1.0_softmax_ce_s0,0,14300
7800,1.0,0.0016702095745131373,canonical MLP,mlp_add97_f0.3_wd1.0_softmax_ce_s0,0,14300
7900,1.0,0.0018220467027276754,canonical MLP,mlp_add97_f0.3_wd1.0_softmax_ce_s0,0,14300
8000,1.0,0.0018220467027276754,canonical MLP,mlp_add97_f0.3_wd1.0_softmax_ce_s0,0,14300
8100,1.0,0.0018220467027276754,canonical MLP,mlp_add97_f0.3_wd1.0_softmax_ce_s0,0,14300
8200,1.0,0.0019738839473575354,canonical MLP,mlp_add97_f0.3_wd1.0_softmax_ce_s0,0,14300
8300,1.0,0.0019738839473575354,canonical MLP,mlp_add97_f0.3_wd1.0_softmax_ce_s0,0,14300
8400,1.0,0.002277558436617255,canonical MLP,mlp_add97_f0.3_wd1.0_softmax_ce_s0,0,14300
8500,1.0,0.002277558436617255,canonical MLP,mlp_add97_f0.3_wd1.0_softmax_ce_s0,0,14300
8600,1.0,0.002277558436617255,canonical MLP,mlp_add97_f0.3_wd1.0_softmax_ce_s0,0,14300
8700,1.0,0.002277558436617255,canonical MLP,mlp_add97_f0.3_wd1.0_softmax_ce_s0,0,14300
8800,1.0,0.002429395681247115,canonical MLP,mlp_add97_f0.3_wd1.0_softmax_ce_s0,0,14300
8900,1.0,0.002733070170506835,canonical MLP,mlp_add97_f0.3_wd1.0_softmax_ce_s0,0,14300
9000,1.0,0.003036744659766555,canonical MLP,mlp_add97_f0.3_wd1.0_softmax_ce_s0,0,14300
9100,1.0,0.003036744659766555,canonical MLP,mlp_add97_f0.3_wd1.0_softmax_ce_s0,0,14300
9200,1.0,0.003036744659766555,canonical MLP,mlp_add97_f0.3_wd1.0_softmax_ce_s0,0,14300
9300,1.0,0.0033404191490262747,canonical MLP,mlp_add97_f0.3_wd1.0_softmax_ce_s0,0,14300
9400,1.0,0.0034922563936561346,canonical MLP,mlp_add97_f0.3_wd1.0_softmax_ce_s0,0,14300
9500,1.0,0.0033404191490262747,canonical MLP,mlp_add97_f0.3_wd1.0_softmax_ce_s0,0,14300
9600,1.0,0.003644093405455351,canonical MLP,mlp_add97_f0.3_wd1.0_softmax_ce_s0,0,14300
9700,1.0,0.003947767894715071,canonical MLP,mlp_add97_f0.3_wd1.0_softmax_ce_s0,0,14300
9800,1.0,0.00455511687323451,canonical MLP,mlp_add97_f0.3_wd1.0_softmax_ce_s0,0,14300
9900,1.0,0.00531430309638381,canonical MLP,mlp_add97_f0.3_wd1.0_softmax_ce_s0,0,14300
10000,1.0,0.00561797758564353,canonical MLP,mlp_add97_f0.3_wd1.0_softmax_ce_s0,0,14300
10100,1.0,0.00607348931953311,canonical MLP,mlp_add97_f0.3_wd1.0_softmax_ce_s0,0,14300
10200,1.0,0.007440024055540562,canonical MLP,mlp_add97_f0.3_wd1.0_softmax_ce_s0,0,14300
10300,1.0,0.008199210278689861,canonical MLP,mlp_add97_f0.3_wd1.0_softmax_ce_s0,0,14300
10400,1.0,0.008502884767949581,canonical MLP,mlp_add97_f0.3_wd1.0_softmax_ce_s0,0,14300
10500,1.0,0.00926207099109888,canonical MLP,mlp_add97_f0.3_wd1.0_softmax_ce_s0,0,14300
10600,1.0,0.01017309445887804,canonical MLP,mlp_add97_f0.3_wd1.0_softmax_ce_s0,0,14300
10700,1.0,0.0110841179266572,canonical MLP,mlp_add97_f0.3_wd1.0_softmax_ce_s0,0,14300
10800,1.0,0.01199514139443636,canonical MLP,mlp_add97_f0.3_wd1.0_softmax_ce_s0,0,14300
10900,1.0,0.013209839351475239,canonical MLP,mlp_add97_f0.3_wd1.0_softmax_ce_s0,0,14300
11000,1.0,0.015942908823490143,canonical MLP,mlp_add97_f0.3_wd1.0_softmax_ce_s0,0,14300
11100,1.0,0.017157606780529022,canonical MLP,mlp_add97_f0.3_wd1.0_softmax_ce_s0,0,14300
11200,1.0,0.01882781647145748,canonical MLP,mlp_add97_f0.3_wd1.0_softmax_ce_s0,0,14300
11300,1.0,0.02049802616238594,canonical MLP,mlp_add97_f0.3_wd1.0_softmax_ce_s0,0,14300
11400,1.0,0.02262374758720398,canonical MLP,mlp_add97_f0.3_wd1.0_softmax_ce_s0,0,14300
11500,1.0,0.026116004213690758,canonical MLP,mlp_add97_f0.3_wd1.0_softmax_ce_s0,0,14300
11600,1.0,0.029456421732902527,canonical MLP,mlp_add97_f0.3_wd1.0_softmax_ce_s0,0,14300
11700,1.0,0.033707864582538605,canonical MLP,mlp_add97_f0.3_wd1.0_softmax_ce_s0,0,14300
11800,1.0,0.0382629819214344,canonical MLP,mlp_add97_f0.3_wd1.0_softmax_ce_s0,0,14300
11900,1.0,0.04266626015305519,canonical MLP,mlp_add97_f0.3_wd1.0_softmax_ce_s0,0,14300
12000,1.0,0.04965077340602875,canonical MLP,mlp_add97_f0.3_wd1.0_softmax_ce_s0,0,14300
12100,1.0,0.054054055362939835,canonical MLP,mlp_add97_f0.3_wd1.0_softmax_ce_s0,0,14300
12200,1.0,0.06043121591210365,canonical MLP,mlp_add97_f0.3_wd1.0_softmax_ce_s0,0,14300
12300,1.0,0.06756756454706192,canonical MLP,mlp_add97_f0.3_wd1.0_softmax_ce_s0,0,14300
12400,1.0,0.07895535975694656,canonical MLP,mlp_add97_f0.3_wd1.0_softmax_ce_s0,0,14300
12500,1.0,0.0917096883058548,canonical MLP,mlp_add97_f0.3_wd1.0_softmax_ce_s0,0,14300
12600,1.0,0.10476768761873245,canonical MLP,mlp_add97_f0.3_wd1.0_softmax_ce_s0,0,14300
12700,1.0,0.12450652569532394,canonical MLP,mlp_add97_f0.3_wd1.0_softmax_ce_s0,0,14300
12800,1.0,0.14804129302501678,canonical MLP,mlp_add97_f0.3_wd1.0_softmax_ce_s0,0,14300
12900,1.0,0.17689037322998047,canonical MLP,mlp_add97_f0.3_wd1.0_softmax_ce_s0,0,14300
13000,1.0,0.2061949521303177,canonical MLP,mlp_add97_f0.3_wd1.0_softmax_ce_s0,0,14300
13100,1.0,0.2446097731590271,canonical MLP,mlp_add97_f0.3_wd1.0_softmax_ce_s0,0,14300
13200,1.0,0.28499847650527954,canonical MLP,mlp_add97_f0.3_wd1.0_softmax_ce_s0,0,14300
13300,1.0,0.3287276029586792,canonical MLP,mlp_add97_f0.3_wd1.0_softmax_ce_s0,0,14300
13400,1.0,0.3823261559009552,canonical MLP,mlp_add97_f0.3_wd1.0_softmax_ce_s0,0,14300
13500,1.0,0.4433647096157074,canonical MLP,mlp_add97_f0.3_wd1.0_softmax_ce_s0,0,14300
13600,1.0,0.5109322667121887,canonical MLP,mlp_add97_f0.3_wd1.0_softmax_ce_s0,0,14300
13700,1.0,0.5736410617828369,canonical MLP,mlp_add97_f0.3_wd1.0_softmax_ce_s0,0,14300
13800,1.0,0.6510780453681946,canonical MLP,mlp_add97_f0.3_wd1.0_softmax_ce_s0,0,14300
13900,1.0,0.7184937596321106,canonical MLP,mlp_add97_f0.3_wd1.0_softmax_ce_s0,0,14300
14000,1.0,0.7815062403678894,canonical MLP,mlp_add97_f0.3_wd1.0_softmax_ce_s0,0,14300
14100,1.0,0.8408745527267456,canonical MLP,mlp_add97_f0.3_wd1.0_softmax_ce_s0,0,14300
14200,1.0,0.8859702348709106,canonical MLP,mlp_add97_f0.3_wd1.0_softmax_ce_s0,0,14300
14300,1.0,0.9225630164146423,canonical MLP,mlp_add97_f0.3_wd1.0_softmax_ce_s0,0,14300
14400,1.0,0.9483753442764282,canonical MLP,mlp_add97_f0.3_wd1.0_softmax_ce_s0,0,14300
14500,1.0,0.9672031402587891,canonical MLP,mlp_add97_f0.3_wd1.0_softmax_ce_s0,0,14300
14600,1.0,0.9816277027130127,canonical MLP,mlp_add97_f0.3_wd1.0_softmax_ce_s0,0,14300
14700,1.0,0.9896750450134277,canonical MLP,mlp_add97_f0.3_wd1.0_softmax_ce_s0,0,14300
14800,1.0,0.994685709476471,canonical MLP,mlp_add97_f0.3_wd1.0_softmax_ce_s0,0,14300
14900,1.0,0.9977224469184875,canonical MLP,mlp_add97_f0.3_wd1.0_softmax_ce_s0,0,14300
15000,1.0,0.9993926286697388,canonical MLP,mlp_add97_f0.3_wd1.0_softmax_ce_s0,0,14300
15100,1.0,1.0,canonical MLP,mlp_add97_f0.3_wd1.0_softmax_ce_s0,0,14300
15200,1.0,1.0,canonical MLP,mlp_add97_f0.3_wd1.0_softmax_ce_s0,0,14300
15300,1.0,1.0,canonical MLP,mlp_add97_f0.3_wd1.0_softmax_ce_s0,0,14300
15400,1.0,1.0,canonical MLP,mlp_add97_f0.3_wd1.0_softmax_ce_s0,0,14300
15500,1.0,1.0,canonical MLP,mlp_add97_f0.3_wd1.0_softmax_ce_s0,0,14300
15600,1.0,1.0,canonical MLP,mlp_add97_f0.3_wd1.0_softmax_ce_s0,0,14300
15700,1.0,1.0,canonical MLP,mlp_add97_f0.3_wd1.0_softmax_ce_s0,0,14300
15800,1.0,1.0,canonical MLP,mlp_add97_f0.3_wd1.0_softmax_ce_s0,0,14300
15900,1.0,1.0,canonical MLP,mlp_add97_f0.3_wd1.0_softmax_ce_s0,0,14300
16000,1.0,1.0,canonical MLP,mlp_add97_f0.3_wd1.0_softmax_ce_s0,0,14300
16100,1.0,1.0,canonical MLP,mlp_add97_f0.3_wd1.0_softmax_ce_s0,0,14300
16200,1.0,1.0,canonical MLP,mlp_add97_f0.3_wd1.0_softmax_ce_s0,0,14300
16300,1.0,1.0,canonical MLP,mlp_add97_f0.3_wd1.0_softmax_ce_s0,0,14300
16400,1.0,1.0,canonical MLP,mlp_add97_f0.3_wd1.0_softmax_ce_s0,0,14300
16500,1.0,1.0,canonical MLP,mlp_add97_f0.3_wd1.0_softmax_ce_s0,0,14300
16600,1.0,1.0,canonical MLP,mlp_add97_f0.3_wd1.0_softmax_ce_s0,0,14300
16700,1.0,1.0,canonical MLP,mlp_add97_f0.3_wd1.0_softmax_ce_s0,0,14300
16800,1.0,1.0,canonical MLP,mlp_add97_f0.3_wd1.0_softmax_ce_s0,0,14300
16900,1.0,1.0,canonical MLP,mlp_add97_f0.3_wd1.0_softmax_ce_s0,0,14300
17000,1.0,1.0,canonical MLP,mlp_add97_f0.3_wd1.0_softmax_ce_s0,0,14300
17100,1.0,1.0,canonical MLP,mlp_add97_f0.3_wd1.0_softmax_ce_s0,0,14300
17200,1.0,1.0,canonical MLP,mlp_add97_f0.3_wd1.0_softmax_ce_s0,0,14300
17300,1.0,1.0,canonical MLP,mlp_add97_f0.3_wd1.0_softmax_ce_s0,0,14300
17400,1.0,1.0,canonical MLP,mlp_add97_f0.3_wd1.0_softmax_ce_s0,0,14300
17500,1.0,1.0,canonical MLP,mlp_add97_f0.3_wd1.0_softmax_ce_s0,0,14300
17600,1.0,1.0,canonical MLP,mlp_add97_f0.3_wd1.0_softmax_ce_s0,0,14300
17700,1.0,1.0,canonical MLP,mlp_add97_f0.3_wd1.0_softmax_ce_s0,0,14300
17800,1.0,1.0,canonical MLP,mlp_add97_f0.3_wd1.0_softmax_ce_s0,0,14300
17900,1.0,1.0,canonical MLP,mlp_add97_f0.3_wd1.0_softmax_ce_s0,0,14300
18000,1.0,1.0,canonical MLP,mlp_add97_f0.3_wd1.0_softmax_ce_s0,0,14300
18100,1.0,1.0,canonical MLP,mlp_add97_f0.3_wd1.0_softmax_ce_s0,0,14300
18200,1.0,1.0,canonical MLP,mlp_add97_f0.3_wd1.0_softmax_ce_s0,0,14300
18300,1.0,1.0,canonical MLP,mlp_add97_f0.3_wd1.0_softmax_ce_s0,0,14300
18400,1.0,1.0,canonical MLP,mlp_add97_f0.3_wd1.0_softmax_ce_s0,0,14300
18500,1.0,1.0,canonical MLP,mlp_add97_f0.3_wd1.0_softmax_ce_s0,0,14300
18600,1.0,1.0,canonical MLP,mlp_add97_f0.3_wd1.0_softmax_ce_s0,0,14300
18700,1.0,1.0,canonical MLP,mlp_add97_f0.3_wd1.0_softmax_ce_s0,0,14300
18800,1.0,1.0,canonical MLP,mlp_add97_f0.3_wd1.0_softmax_ce_s0,0,14300
18900,1.0,1.0,canonical MLP,mlp_add97_f0.3_wd1.0_softmax_ce_s0,0,14300
19000,1.0,1.0,canonical MLP,mlp_add97_f0.3_wd1.0_softmax_ce_s0,0,14300
19100,1.0,1.0,canonical MLP,mlp_add97_f0.3_wd1.0_softmax_ce_s0,0,14300
19200,1.0,1.0,canonical MLP,mlp_add97_f0.3_wd1.0_softmax_ce_s0,0,14300
19300,1.0,1.0,canonical MLP,mlp_add97_f0.3_wd1.0_softmax_ce_s0,0,14300
19400,1.0,1.0,canonical MLP,mlp_add97_f0.3_wd1.0_softmax_ce_s0,0,14300
19500,1.0,1.0,canonical MLP,mlp_add97_f0.3_wd1.0_softmax_ce_s0,0,14300
19600,1.0,1.0,canonical MLP,mlp_add97_f0.3_wd1.0_softmax_ce_s0,0,14300
19700,1.0,1.0,canonical MLP,mlp_add97_f0.3_wd1.0_softmax_ce_s0,0,14300
19800,1.0,1.0,canonical MLP,mlp_add97_f0.3_wd1.0_softmax_ce_s0,0,14300
19900,1.0,1.0,canonical MLP,mlp_add97_f0.3_wd1.0_softmax_ce_s0,0,14300
20000,1.0,1.0,canonical MLP,mlp_add97_f0.3_wd1.0_softmax_ce_s0,0,14300
20100,1.0,1.0,canonical MLP,mlp_add97_f0.3_wd1.0_softmax_ce_s0,0,14300
20200,1.0,1.0,canonical MLP,mlp_add97_f0.3_wd1.0_softmax_ce_s0,0,14300
20300,1.0,1.0,canonical MLP,mlp_add97_f0.3_wd1.0_softmax_ce_s0,0,14300
20400,1.0,1.0,canonical MLP,mlp_add97_f0.3_wd1.0_softmax_ce_s0,0,14300
20500,1.0,1.0,canonical MLP,mlp_add97_f0.3_wd1.0_softmax_ce_s0,0,14300
20600,1.0,1.0,canonical MLP,mlp_add97_f0.3_wd1.0_softmax_ce_s0,0,14300
20700,1.0,1.0,canonical MLP,mlp_add97_f0.3_wd1.0_softmax_ce_s0,0,14300
20800,1.0,1.0,canonical MLP,mlp_add97_f0.3_wd1.0_softmax_ce_s0,0,14300
20900,1.0,1.0,canonical MLP,mlp_add97_f0.3_wd1.0_softmax_ce_s0,0,14300
21000,1.0,1.0,canonical MLP,mlp_add97_f0.3_wd1.0_softmax_ce_s0,0,14300
21100,1.0,1.0,canonical MLP,mlp_add97_f0.3_wd1.0_softmax_ce_s0,0,14300
21200,1.0,1.0,canonical MLP,mlp_add97_f0.3_wd1.0_softmax_ce_s0,0,14300
21300,1.0,1.0,canonical MLP,mlp_add97_f0.3_wd1.0_softmax_ce_s0,0,14300
21400,1.0,1.0,canonical MLP,mlp_add97_f0.3_wd1.0_softmax_ce_s0,0,14300
21500,1.0,1.0,canonical MLP,mlp_add97_f0.3_wd1.0_softmax_ce_s0,0,14300
21600,1.0,1.0,canonical MLP,mlp_add97_f0.3_wd1.0_softmax_ce_s0,0,14300
21700,1.0,1.0,canonical MLP,mlp_add97_f0.3_wd1.0_softmax_ce_s0,0,14300
21800,1.0,1.0,canonical MLP,mlp_add97_f0.3_wd1.0_softmax_ce_s0,0,14300
21900,1.0,1.0,canonical MLP,mlp_add97_f0.3_wd1.0_softmax_ce_s0,0,14300
22000,1.0,1.0,canonical MLP,mlp_add97_f0.3_wd1.0_softmax_ce_s0,0,14300
22100,1.0,1.0,canonical MLP,mlp_add97_f0.3_wd1.0_softmax_ce_s0,0,14300
22200,1.0,1.0,canonical MLP,mlp_add97_f0.3_wd1.0_softmax_ce_s0,0,14300
22300,1.0,1.0,canonical MLP,mlp_add97_f0.3_wd1.0_softmax_ce_s0,0,14300
22400,1.0,1.0,canonical MLP,mlp_add97_f0.3_wd1.0_softmax_ce_s0,0,14300
22500,1.0,1.0,canonical MLP,mlp_add97_f0.3_wd1.0_softmax_ce_s0,0,14300
22600,1.0,1.0,canonical MLP,mlp_add97_f0.3_wd1.0_softmax_ce_s0,0,14300
22700,1.0,1.0,canonical MLP,mlp_add97_f0.3_wd1.0_softmax_ce_s0,0,14300
22800,1.0,1.0,canonical MLP,mlp_add97_f0.3_wd1.0_softmax_ce_s0,0,14300
22900,1.0,1.0,canonical MLP,mlp_add97_f0.3_wd1.0_softmax_ce_s0,0,14300
23000,1.0,1.0,canonical MLP,mlp_add97_f0.3_wd1.0_softmax_ce_s0,0,14300
23100,1.0,1.0,canonical MLP,mlp_add97_f0.3_wd1.0_softmax_ce_s0,0,14300
23200,1.0,1.0,canonical MLP,mlp_add97_f0.3_wd1.0_softmax_ce_s0,0,14300
23300,1.0,1.0,canonical MLP,mlp_add97_f0.3_wd1.0_softmax_ce_s0,0,14300
23400,1.0,1.0,canonical MLP,mlp_add97_f0.3_wd1.0_softmax_ce_s0,0,14300
23500,1.0,1.0,canonical MLP,mlp_add97_f0.3_wd1.0_softmax_ce_s0,0,14300
23600,1.0,1.0,canonical MLP,mlp_add97_f0.3_wd1.0_softmax_ce_s0,0,14300
23700,1.0,1.0,canonical MLP,mlp_add97_f0.3_wd1.0_softmax_ce_s0,0,14300
23800,1.0,1.0,canonical MLP,mlp_add97_f0.3_wd1.0_softmax_ce_s0,0,14300
23900,1.0,1.0,canonical MLP,mlp_add97_f0.3_wd1.0_softmax_ce_s0,0,14300
24000,1.0,1.0,canonical MLP,mlp_add97_f0.3_wd1.0_softmax_ce_s0,0,14300
24100,1.0,1.0,canonical MLP,mlp_add97_f0.3_wd1.0_softmax_ce_s0,0,14300
24200,1.0,1.0,canonical MLP,mlp_add97_f0.3_wd1.0_softmax_ce_s0,0,14300
24300,1.0,1.0,canonical MLP,mlp_add97_f0.3_wd1.0_softmax_ce_s0,0,14300
24400,1.0,1.0,canonical MLP,mlp_add97_f0.3_wd1.0_softmax_ce_s0,0,14300
24500,1.0,1.0,canonical MLP,mlp_add97_f0.3_wd1.0_softmax_ce_s0,0,14300
24600,1.0,1.0,canonical MLP,mlp_add97_f0.3_wd1.0_softmax_ce_s0,0,14300
24700,1.0,1.0,canonical MLP,mlp_add97_f0.3_wd1.0_softmax_ce_s0,0,14300
24800,1.0,1.0,canonical MLP,mlp_add97_f0.3_wd1.0_softmax_ce_s0,0,14300
24900,1.0,1.0,canonical MLP,mlp_add97_f0.3_wd1.0_softmax_ce_s0,0,14300
25000,1.0,1.0,canonical MLP,mlp_add97_f0.3_wd1.0_softmax_ce_s0,0,14300
25100,1.0,1.0,canonical MLP,mlp_add97_f0.3_wd1.0_softmax_ce_s0,0,14300
25200,1.0,1.0,canonical MLP,mlp_add97_f0.3_wd1.0_softmax_ce_s0,0,14300
25300,1.0,1.0,canonical MLP,mlp_add97_f0.3_wd1.0_softmax_ce_s0,0,14300
25400,1.0,1.0,canonical MLP,mlp_add97_f0.3_wd1.0_softmax_ce_s0,0,14300
25500,1.0,1.0,canonical MLP,mlp_add97_f0.3_wd1.0_softmax_ce_s0,0,14300
25600,1.0,1.0,canonical MLP,mlp_add97_f0.3_wd1.0_softmax_ce_s0,0,14300
25700,1.0,1.0,canonical MLP,mlp_add97_f0.3_wd1.0_softmax_ce_s0,0,14300
25800,1.0,1.0,canonical MLP,mlp_add97_f0.3_wd1.0_softmax_ce_s0,0,14300
25900,1.0,1.0,canonical MLP,mlp_add97_f0.3_wd1.0_softmax_ce_s0,0,14300
26000,1.0,1.0,canonical MLP,mlp_add97_f0.3_wd1.0_softmax_ce_s0,0,14300
26100,1.0,1.0,canonical MLP,mlp_add97_f0.3_wd1.0_softmax_ce_s0,0,14300
26200,1.0,1.0,canonical MLP,mlp_add97_f0.3_wd1.0_softmax_ce_s0,0,14300
26300,1.0,1.0,canonical MLP,mlp_add97_f0.3_wd1.0_softmax_ce_s0,0,14300
26400,1.0,1.0,canonical MLP,mlp_add97_f0.3_wd1.0_softmax_ce_s0,0,14300
26500,1.0,1.0,canonical MLP,mlp_add97_f0.3_wd1.0_softmax_ce_s0,0,14300
26600,1.0,1.0,canonical MLP,mlp_add97_f0.3_wd1.0_softmax_ce_s0,0,14300
26700,1.0,1.0,canonical MLP,mlp_add97_f0.3_wd1.0_softmax_ce_s0,0,14300
26800,1.0,1.0,canonical MLP,mlp_add97_f0.3_wd1.0_softmax_ce_s0,0,14300
26900,1.0,1.0,canonical MLP,mlp_add97_f0.3_wd1.0_softmax_ce_s0,0,14300
27000,1.0,1.0,canonical MLP,mlp_add97_f0.3_wd1.0_softmax_ce_s0,0,14300
27100,1.0,1.0,canonical MLP,mlp_add97_f0.3_wd1.0_softmax_ce_s0,0,14300
27200,1.0,1.0,canonical MLP,mlp_add97_f0.3_wd1.0_softmax_ce_s0,0,14300
27300,1.0,1.0,canonical MLP,mlp_add97_f0.3_wd1.0_softmax_ce_s0,0,14300
27400,1.0,1.0,canonical MLP,mlp_add97_f0.3_wd1.0_softmax_ce_s0,0,14300
27500,1.0,1.0,canonical MLP,mlp_add97_f0.3_wd1.0_softmax_ce_s0,0,14300
27600,1.0,1.0,canonical MLP,mlp_add97_f0.3_wd1.0_softmax_ce_s0,0,14300
27700,1.0,1.0,canonical MLP,mlp_add97_f0.3_wd1.0_softmax_ce_s0,0,14300
27800,1.0,1.0,canonical MLP,mlp_add97_f0.3_wd1.0_softmax_ce_s0,0,14300
27900,1.0,1.0,canonical MLP,mlp_add97_f0.3_wd1.0_softmax_ce_s0,0,14300
28000,1.0,1.0,canonical MLP,mlp_add97_f0.3_wd1.0_softmax_ce_s0,0,14300
28100,1.0,1.0,canonical MLP,mlp_add97_f0.3_wd1.0_softmax_ce_s0,0,14300
28200,1.0,1.0,canonical MLP,mlp_add97_f0.3_wd1.0_softmax_ce_s0,0,14300
28300,1.0,1.0,canonical MLP,mlp_add97_f0.3_wd1.0_softmax_ce_s0,0,14300
28400,1.0,1.0,canonical MLP,mlp_add97_f0.3_wd1.0_softmax_ce_s0,0,14300
28500,1.0,1.0,canonical MLP,mlp_add97_f0.3_wd1.0_softmax_ce_s0,0,14300
28600,1.0,1.0,canonical MLP,mlp_add97_f0.3_wd1.0_softmax_ce_s0,0,14300
28700,1.0,1.0,canonical MLP,mlp_add97_f0.3_wd1.0_softmax_ce_s0,0,14300
28800,1.0,1.0,canonical MLP,mlp_add97_f0.3_wd1.0_softmax_ce_s0,0,14300
28900,1.0,1.0,canonical MLP,mlp_add97_f0.3_wd1.0_softmax_ce_s0,0,14300
29000,1.0,1.0,canonical MLP,mlp_add97_f0.3_wd1.0_softmax_ce_s0,0,14300
29100,1.0,1.0,canonical MLP,mlp_add97_f0.3_wd1.0_softmax_ce_s0,0,14300
29200,1.0,1.0,canonical MLP,mlp_add97_f0.3_wd1.0_softmax_ce_s0,0,14300
29300,1.0,1.0,canonical MLP,mlp_add97_f0.3_wd1.0_softmax_ce_s0,0,14300
29400,1.0,1.0,canonical MLP,mlp_add97_f0.3_wd1.0_softmax_ce_s0,0,14300
29500,1.0,1.0,canonical MLP,mlp_add97_f0.3_wd1.0_softmax_ce_s0,0,14300
29600,1.0,1.0,canonical MLP,mlp_add97_f0.3_wd1.0_softmax_ce_s0,0,14300
29700,1.0,1.0,canonical MLP,mlp_add97_f0.3_wd1.0_softmax_ce_s0,0,14300
29800,1.0,1.0,canonical MLP,mlp_add97_f0.3_wd1.0_softmax_ce_s0,0,14300
29900,1.0,1.0,canonical MLP,mlp_add97_f0.3_wd1.0_softmax_ce_s0,0,14300
30000,1.0,1.0,canonical MLP,mlp_add97_f0.3_wd1.0_softmax_ce_s0,0,14300
30100,1.0,1.0,canonical MLP,mlp_add97_f0.3_wd1.0_softmax_ce_s0,0,14300
30200,1.0,1.0,canonical MLP,mlp_add97_f0.3_wd1.0_softmax_ce_s0,0,14300
30300,1.0,1.0,canonical MLP,mlp_add97_f0.3_wd1.0_softmax_ce_s0,0,14300
30400,1.0,1.0,canonical MLP,mlp_add97_f0.3_wd1.0_softmax_ce_s0,0,14300
30500,1.0,1.0,canonical MLP,mlp_add97_f0.3_wd1.0_softmax_ce_s0,0,14300
30600,1.0,1.0,canonical MLP,mlp_add97_f0.3_wd1.0_softmax_ce_s0,0,14300
30700,1.0,1.0,canonical MLP,mlp_add97_f0.3_wd1.0_softmax_ce_s0,0,14300
30800,1.0,1.0,canonical MLP,mlp_add97_f0.3_wd1.0_softmax_ce_s0,0,14300
30900,1.0,1.0,canonical MLP,mlp_add97_f0.3_wd1.0_softmax_ce_s0,0,14300
31000,1.0,1.0,canonical MLP,mlp_add97_f0.3_wd1.0_softmax_ce_s0,0,14300
31100,1.0,1.0,canonical MLP,mlp_add97_f0.3_wd1.0_softmax_ce_s0,0,14300
31200,1.0,1.0,canonical MLP,mlp_add97_f0.3_wd1.0_softmax_ce_s0,0,14300
31300,1.0,1.0,canonical MLP,mlp_add97_f0.3_wd1.0_softmax_ce_s0,0,14300
31400,1.0,1.0,canonical MLP,mlp_add97_f0.3_wd1.0_softmax_ce_s0,0,14300
31500,1.0,1.0,canonical MLP,mlp_add97_f0.3_wd1.0_softmax_ce_s0,0,14300
31600,1.0,1.0,canonical MLP,mlp_add97_f0.3_wd1.0_softmax_ce_s0,0,14300
31700,1.0,1.0,canonical MLP,mlp_add97_f0.3_wd1.0_softmax_ce_s0,0,14300
31800,1.0,1.0,canonical MLP,mlp_add97_f0.3_wd1.0_softmax_ce_s0,0,14300
31900,1.0,1.0,canonical MLP,mlp_add97_f0.3_wd1.0_softmax_ce_s0,0,14300
32000,1.0,1.0,canonical MLP,mlp_add97_f0.3_wd1.0_softmax_ce_s0,0,14300
32100,1.0,1.0,canonical MLP,mlp_add97_f0.3_wd1.0_softmax_ce_s0,0,14300
32200,1.0,1.0,canonical MLP,mlp_add97_f0.3_wd1.0_softmax_ce_s0,0,14300
32300,1.0,1.0,canonical MLP,mlp_add97_f0.3_wd1.0_softmax_ce_s0,0,14300
32400,1.0,1.0,canonical MLP,mlp_add97_f0.3_wd1.0_softmax_ce_s0,0,14300
32500,1.0,1.0,canonical MLP,mlp_add97_f0.3_wd1.0_softmax_ce_s0,0,14300
32600,1.0,1.0,canonical MLP,mlp_add97_f0.3_wd1.0_softmax_ce_s0,0,14300
32700,1.0,1.0,canonical MLP,mlp_add97_f0.3_wd1.0_softmax_ce_s0,0,14300
32800,1.0,1.0,canonical MLP,mlp_add97_f0.3_wd1.0_softmax_ce_s0,0,14300
32900,1.0,1.0,canonical MLP,mlp_add97_f0.3_wd1.0_softmax_ce_s0,0,14300
33000,1.0,1.0,canonical MLP,mlp_add97_f0.3_wd1.0_softmax_ce_s0,0,14300
33100,1.0,1.0,canonical MLP,mlp_add97_f0.3_wd1.0_softmax_ce_s0,0,14300
33200,1.0,1.0,canonical MLP,mlp_add97_f0.3_wd1.0_softmax_ce_s0,0,14300
33300,1.0,1.0,canonical MLP,mlp_add97_f0.3_wd1.0_softmax_ce_s0,0,14300
33400,1.0,1.0,canonical MLP,mlp_add97_f0.3_wd1.0_softmax_ce_s0,0,14300
33500,1.0,1.0,canonical MLP,mlp_add97_f0.3_wd1.0_softmax_ce_s0,0,14300
33600,1.0,1.0,canonical MLP,mlp_add97_f0.3_wd1.0_softmax_ce_s0,0,14300
33700,1.0,1.0,canonical MLP,mlp_add97_f0.3_wd1.0_softmax_ce_s0,0,14300
33800,1.0,1.0,canonical MLP,mlp_add97_f0.3_wd1.0_softmax_ce_s0,0,14300
33900,1.0,1.0,canonical MLP,mlp_add97_f0.3_wd1.0_softmax_ce_s0,0,14300
34000,1.0,1.0,canonical MLP,mlp_add97_f0.3_wd1.0_softmax_ce_s0,0,14300
34100,1.0,1.0,canonical MLP,mlp_add97_f0.3_wd1.0_softmax_ce_s0,0,14300
34200,1.0,1.0,canonical MLP,mlp_add97_f0.3_wd1.0_softmax_ce_s0,0,14300
34300,1.0,1.0,canonical MLP,mlp_add97_f0.3_wd1.0_softmax_ce_s0,0,14300
34400,1.0,1.0,canonical MLP,mlp_add97_f0.3_wd1.0_softmax_ce_s0,0,14300
34500,1.0,1.0,canonical MLP,mlp_add97_f0.3_wd1.0_softmax_ce_s0,0,14300
34600,1.0,1.0,canonical MLP,mlp_add97_f0.3_wd1.0_softmax_ce_s0,0,14300
34700,1.0,1.0,canonical MLP,mlp_add97_f0.3_wd1.0_softmax_ce_s0,0,14300
34800,1.0,1.0,canonical MLP,mlp_add97_f0.3_wd1.0_softmax_ce_s0,0,14300
34900,1.0,1.0,canonical MLP,mlp_add97_f0.3_wd1.0_softmax_ce_s0,0,14300
35000,1.0,1.0,canonical MLP,mlp_add97_f0.3_wd1.0_softmax_ce_s0,0,14300
35100,1.0,1.0,canonical MLP,mlp_add97_f0.3_wd1.0_softmax_ce_s0,0,14300
35200,1.0,1.0,canonical MLP,mlp_add97_f0.3_wd1.0_softmax_ce_s0,0,14300
35300,1.0,1.0,canonical MLP,mlp_add97_f0.3_wd1.0_softmax_ce_s0,0,14300
35400,1.0,1.0,canonical MLP,mlp_add97_f0.3_wd1.0_softmax_ce_s0,0,14300
35500,1.0,1.0,canonical MLP,mlp_add97_f0.3_wd1.0_softmax_ce_s0,0,14300
35600,1.0,1.0,canonical MLP,mlp_add97_f0.3_wd1.0_softmax_ce_s0,0,14300
35700,1.0,1.0,canonical MLP,mlp_add97_f0.3_wd1.0_softmax_ce_s0,0,14300
35800,1.0,1.0,canonical MLP,mlp_add97_f0.3_wd1.0_softmax_ce_s0,0,14300
35900,1.0,1.0,canonical MLP,mlp_add97_f0.3_wd1.0_softmax_ce_s0,0,14300
36000,1.0,1.0,canonical MLP,mlp_add97_f0.3_wd1.0_softmax_ce_s0,0,14300
36100,1.0,1.0,canonical MLP,mlp_add97_f0.3_wd1.0_softmax_ce_s0,0,14300
36200,1.0,1.0,canonical MLP,mlp_add97_f0.3_wd1.0_softmax_ce_s0,0,14300
36300,1.0,1.0,canonical MLP,mlp_add97_f0.3_wd1.0_softmax_ce_s0,0,14300
36400,1.0,1.0,canonical MLP,mlp_add97_f0.3_wd1.0_softmax_ce_s0,0,14300
36500,1.0,1.0,canonical MLP,mlp_add97_f0.3_wd1.0_softmax_ce_s0,0,14300
36600,1.0,1.0,canonical MLP,mlp_add97_f0.3_wd1.0_softmax_ce_s0,0,14300
36700,1.0,1.0,canonical MLP,mlp_add97_f0.3_wd1.0_softmax_ce_s0,0,14300
36800,1.0,1.0,canonical MLP,mlp_add97_f0.3_wd1.0_softmax_ce_s0,0,14300
36900,1.0,1.0,canonical MLP,mlp_add97_f0.3_wd1.0_softmax_ce_s0,0,14300
37000,1.0,1.0,canonical MLP,mlp_add97_f0.3_wd1.0_softmax_ce_s0,0,14300
37100,1.0,1.0,canonical MLP,mlp_add97_f0.3_wd1.0_softmax_ce_s0,0,14300
37200,1.0,1.0,canonical MLP,mlp_add97_f0.3_wd1.0_softmax_ce_s0,0,14300
37300,1.0,1.0,canonical MLP,mlp_add97_f0.3_wd1.0_softmax_ce_s0,0,14300
37400,1.0,1.0,canonical MLP,mlp_add97_f0.3_wd1.0_softmax_ce_s0,0,14300
37500,1.0,1.0,canonical MLP,mlp_add97_f0.3_wd1.0_softmax_ce_s0,0,14300
37600,1.0,1.0,canonical MLP,mlp_add97_f0.3_wd1.0_softmax_ce_s0,0,14300
37700,1.0,1.0,canonical MLP,mlp_add97_f0.3_wd1.0_softmax_ce_s0,0,14300
37800,1.0,1.0,canonical MLP,mlp_add97_f0.3_wd1.0_softmax_ce_s0,0,14300
37900,1.0,1.0,canonical MLP,mlp_add97_f0.3_wd1.0_softmax_ce_s0,0,14300
38000,1.0,1.0,canonical MLP,mlp_add97_f0.3_wd1.0_softmax_ce_s0,0,14300
38100,1.0,1.0,canonical MLP,mlp_add97_f0.3_wd1.0_softmax_ce_s0,0,14300
38200,1.0,1.0,canonical MLP,mlp_add97_f0.3_wd1.0_softmax_ce_s0,0,14300
38300,1.0,1.0,canonical MLP,mlp_add97_f0.3_wd1.0_softmax_ce_s0,0,14300
38400,1.0,1.0,canonical MLP,mlp_add97_f0.3_wd1.0_softmax_ce_s0,0,14300
38500,1.0,1.0,canonical MLP,mlp_add97_f0.3_wd1.0_softmax_ce_s0,0,14300
38600,1.0,1.0,canonical MLP,mlp_add97_f0.3_wd1.0_softmax_ce_s0,0,14300
38700,1.0,1.0,canonical MLP,mlp_add97_f0.3_wd1.0_softmax_ce_s0,0,14300
38800,1.0,1.0,canonical MLP,mlp_add97_f0.3_wd1.0_softmax_ce_s0,0,14300
38900,1.0,1.0,canonical MLP,mlp_add97_f0.3_wd1.0_softmax_ce_s0,0,14300
39000,1.0,1.0,canonical MLP,mlp_add97_f0.3_wd1.0_softmax_ce_s0,0,14300
39100,1.0,1.0,canonical MLP,mlp_add97_f0.3_wd1.0_softmax_ce_s0,0,14300
39200,1.0,1.0,canonical MLP,mlp_add97_f0.3_wd1.0_softmax_ce_s0,0,14300
39300,1.0,1.0,canonical MLP,mlp_add97_f0.3_wd1.0_softmax_ce_s0,0,14300
39400,1.0,1.0,canonical MLP,mlp_add97_f0.3_wd1.0_softmax_ce_s0,0,14300
39500,1.0,1.0,canonical MLP,mlp_add97_f0.3_wd1.0_softmax_ce_s0,0,14300
39600,1.0,1.0,canonical MLP,mlp_add97_f0.3_wd1.0_softmax_ce_s0,0,14300
39700,1.0,1.0,canonical MLP,mlp_add97_f0.3_wd1.0_softmax_ce_s0,0,14300
39800,1.0,1.0,canonical MLP,mlp_add97_f0.3_wd1.0_softmax_ce_s0,0,14300
39900,1.0,1.0,canonical MLP,mlp_add97_f0.3_wd1.0_softmax_ce_s0,0,14300
40000,1.0,1.0,canonical MLP,mlp_add97_f0.3_wd1.0_softmax_ce_s0,0,14300
40100,1.0,1.0,canonical MLP,mlp_add97_f0.3_wd1.0_softmax_ce_s0,0,14300
40200,1.0,1.0,canonical MLP,mlp_add97_f0.3_wd1.0_softmax_ce_s0,0,14300
40300,1.0,1.0,canonical MLP,mlp_add97_f0.3_wd1.0_softmax_ce_s0,0,14300
40400,1.0,1.0,canonical MLP,mlp_add97_f0.3_wd1.0_softmax_ce_s0,0,14300
40500,1.0,1.0,canonical MLP,mlp_add97_f0.3_wd1.0_softmax_ce_s0,0,14300
40600,1.0,1.0,canonical MLP,mlp_add97_f0.3_wd1.0_softmax_ce_s0,0,14300
40700,1.0,1.0,canonical MLP,mlp_add97_f0.3_wd1.0_softmax_ce_s0,0,14300
40800,1.0,1.0,canonical MLP,mlp_add97_f0.3_wd1.0_softmax_ce_s0,0,14300
40900,1.0,1.0,canonical MLP,mlp_add97_f0.3_wd1.0_softmax_ce_s0,0,14300
41000,1.0,1.0,canonical MLP,mlp_add97_f0.3_wd1.0_softmax_ce_s0,0,14300
41100,1.0,1.0,canonical MLP,mlp_add97_f0.3_wd1.0_softmax_ce_s0,0,14300
41200,1.0,1.0,canonical MLP,mlp_add97_f0.3_wd1.0_softmax_ce_s0,0,14300
41300,1.0,1.0,canonical MLP,mlp_add97_f0.3_wd1.0_softmax_ce_s0,0,14300
41400,1.0,1.0,canonical MLP,mlp_add97_f0.3_wd1.0_softmax_ce_s0,0,14300
41500,1.0,1.0,canonical MLP,mlp_add97_f0.3_wd1.0_softmax_ce_s0,0,14300
41600,1.0,1.0,canonical MLP,mlp_add97_f0.3_wd1.0_softmax_ce_s0,0,14300
41700,1.0,1.0,canonical MLP,mlp_add97_f0.3_wd1.0_softmax_ce_s0,0,14300
41800,1.0,1.0,canonical MLP,mlp_add97_f0.3_wd1.0_softmax_ce_s0,0,14300
41900,1.0,1.0,canonical MLP,mlp_add97_f0.3_wd1.0_softmax_ce_s0,0,14300
42000,1.0,1.0,canonical MLP,mlp_add97_f0.3_wd1.0_softmax_ce_s0,0,14300
42100,1.0,1.0,canonical MLP,mlp_add97_f0.3_wd1.0_softmax_ce_s0,0,14300
42200,1.0,1.0,canonical MLP,mlp_add97_f0.3_wd1.0_softmax_ce_s0,0,14300
42300,1.0,1.0,canonical MLP,mlp_add97_f0.3_wd1.0_softmax_ce_s0,0,14300
42400,1.0,1.0,canonical MLP,mlp_add97_f0.3_wd1.0_softmax_ce_s0,0,14300
42500,1.0,1.0,canonical MLP,mlp_add97_f0.3_wd1.0_softmax_ce_s0,0,14300
42600,1.0,1.0,canonical MLP,mlp_add97_f0.3_wd1.0_softmax_ce_s0,0,14300
42700,1.0,1.0,canonical MLP,mlp_add97_f0.3_wd1.0_softmax_ce_s0,0,14300
42800,1.0,1.0,canonical MLP,mlp_add97_f0.3_wd1.0_softmax_ce_s0,0,14300
42900,1.0,1.0,canonical MLP,mlp_add97_f0.3_wd1.0_softmax_ce_s0,0,14300
43000,1.0,1.0,canonical MLP,mlp_add97_f0.3_wd1.0_softmax_ce_s0,0,14300
43100,1.0,1.0,canonical MLP,mlp_add97_f0.3_wd1.0_softmax_ce_s0,0,14300
43200,1.0,1.0,canonical MLP,mlp_add97_f0.3_wd1.0_softmax_ce_s0,0,14300
43300,1.0,1.0,canonical MLP,mlp_add97_f0.3_wd1.0_softmax_ce_s0,0,14300
43400,1.0,1.0,canonical MLP,mlp_add97_f0.3_wd1.0_softmax_ce_s0,0,14300
43500,1.0,1.0,canonical MLP,mlp_add97_f0.3_wd1.0_softmax_ce_s0,0,14300
43600,1.0,1.0,canonical MLP,mlp_add97_f0.3_wd1.0_softmax_ce_s0,0,14300
43700,1.0,1.0,canonical MLP,mlp_add97_f0.3_wd1.0_softmax_ce_s0,0,14300
43800,1.0,1.0,canonical MLP,mlp_add97_f0.3_wd1.0_softmax_ce_s0,0,14300
43900,1.0,1.0,canonical MLP,mlp_add97_f0.3_wd1.0_softmax_ce_s0,0,14300
44000,1.0,1.0,canonical MLP,mlp_add97_f0.3_wd1.0_softmax_ce_s0,0,14300
44100,1.0,1.0,canonical MLP,mlp_add97_f0.3_wd1.0_softmax_ce_s0,0,14300
44200,1.0,1.0,canonical MLP,mlp_add97_f0.3_wd1.0_softmax_ce_s0,0,14300
44300,1.0,1.0,canonical MLP,mlp_add97_f0.3_wd1.0_softmax_ce_s0,0,14300
44400,1.0,1.0,canonical MLP,mlp_add97_f0.3_wd1.0_softmax_ce_s0,0,14300
44500,1.0,1.0,canonical MLP,mlp_add97_f0.3_wd1.0_softmax_ce_s0,0,14300
44600,1.0,1.0,canonical MLP,mlp_add97_f0.3_wd1.0_softmax_ce_s0,0,14300
44700,1.0,1.0,canonical MLP,mlp_add97_f0.3_wd1.0_softmax_ce_s0,0,14300
44800,1.0,1.0,canonical MLP,mlp_add97_f0.3_wd1.0_softmax_ce_s0,0,14300
44900,1.0,1.0,canonical MLP,mlp_add97_f0.3_wd1.0_softmax_ce_s0,0,14300
45000,1.0,1.0,canonical MLP,mlp_add97_f0.3_wd1.0_softmax_ce_s0,0,14300
45100,1.0,1.0,canonical MLP,mlp_add97_f0.3_wd1.0_softmax_ce_s0,0,14300
45200,1.0,1.0,canonical MLP,mlp_add97_f0.3_wd1.0_softmax_ce_s0,0,14300
45300,1.0,1.0,canonical MLP,mlp_add97_f0.3_wd1.0_softmax_ce_s0,0,14300
45400,1.0,1.0,canonical MLP,mlp_add97_f0.3_wd1.0_softmax_ce_s0,0,14300
45500,1.0,1.0,canonical MLP,mlp_add97_f0.3_wd1.0_softmax_ce_s0,0,14300
45600,1.0,1.0,canonical MLP,mlp_add97_f0.3_wd1.0_softmax_ce_s0,0,14300
45700,1.0,1.0,canonical MLP,mlp_add97_f0.3_wd1.0_softmax_ce_s0,0,14300
45800,1.0,1.0,canonical MLP,mlp_add97_f0.3_wd1.0_softmax_ce_s0,0,14300
45900,1.0,1.0,canonical MLP,mlp_add97_f0.3_wd1.0_softmax_ce_s0,0,14300
46000,1.0,1.0,canonical MLP,mlp_add97_f0.3_wd1.0_softmax_ce_s0,0,14300
46100,1.0,1.0,canonical MLP,mlp_add97_f0.3_wd1.0_softmax_ce_s0,0,14300
46200,1.0,1.0,canonical MLP,mlp_add97_f0.3_wd1.0_softmax_ce_s0,0,14300
46300,1.0,1.0,canonical MLP,mlp_add97_f0.3_wd1.0_softmax_ce_s0,0,14300
46400,1.0,1.0,canonical MLP,mlp_add97_f0.3_wd1.0_softmax_ce_s0,0,14300
46500,1.0,1.0,canonical MLP,mlp_add97_f0.3_wd1.0_softmax_ce_s0,0,14300
46600,1.0,1.0,canonical MLP,mlp_add97_f0.3_wd1.0_softmax_ce_s0,0,14300
46700,1.0,1.0,canonical MLP,mlp_add97_f0.3_wd1.0_softmax_ce_s0,0,14300
46800,1.0,1.0,canonical MLP,mlp_add97_f0.3_wd1.0_softmax_ce_s0,0,14300
46900,1.0,1.0,canonical MLP,mlp_add97_f0.3_wd1.0_softmax_ce_s0,0,14300
47000,1.0,1.0,canonical MLP,mlp_add97_f0.3_wd1.0_softmax_ce_s0,0,14300
47100,1.0,1.0,canonical MLP,mlp_add97_f0.3_wd1.0_softmax_ce_s0,0,14300
47200,1.0,1.0,canonical MLP,mlp_add97_f0.3_wd1.0_softmax_ce_s0,0,14300
47300,1.0,1.0,canonical MLP,mlp_add97_f0.3_wd1.0_softmax_ce_s0,0,14300
47400,1.0,1.0,canonical MLP,mlp_add97_f0.3_wd1.0_softmax_ce_s0,0,14300
47500,1.0,1.0,canonical MLP,mlp_add97_f0.3_wd1.0_softmax_ce_s0,0,14300
47600,1.0,1.0,canonical MLP,mlp_add97_f0.3_wd1.0_softmax_ce_s0,0,14300
47700,1.0,1.0,canonical MLP,mlp_add97_f0.3_wd1.0_softmax_ce_s0,0,14300
47800,1.0,1.0,canonical MLP,mlp_add97_f0.3_wd1.0_softmax_ce_s0,0,14300
47900,1.0,1.0,canonical MLP,mlp_add97_f0.3_wd1.0_softmax_ce_s0,0,14300
48000,1.0,1.0,canonical MLP,mlp_add97_f0.3_wd1.0_softmax_ce_s0,0,14300
48100,1.0,1.0,canonical MLP,mlp_add97_f0.3_wd1.0_softmax_ce_s0,0,14300
48200,1.0,1.0,canonical MLP,mlp_add97_f0.3_wd1.0_softmax_ce_s0,0,14300
48300,1.0,1.0,canonical MLP,mlp_add97_f0.3_wd1.0_softmax_ce_s0,0,14300
48400,1.0,1.0,canonical MLP,mlp_add97_f0.3_wd1.0_softmax_ce_s0,0,14300
48500,1.0,1.0,canonical MLP,mlp_add97_f0.3_wd1.0_softmax_ce_s0,0,14300
48600,1.0,1.0,canonical MLP,mlp_add97_f0.3_wd1.0_softmax_ce_s0,0,14300
48700,1.0,1.0,canonical MLP,mlp_add97_f0.3_wd1.0_softmax_ce_s0,0,14300
48800,1.0,1.0,canonical MLP,mlp_add97_f0.3_wd1.0_softmax_ce_s0,0,14300
48900,1.0,1.0,canonical MLP,mlp_add97_f0.3_wd1.0_softmax_ce_s0,0,14300
49000,1.0,1.0,canonical MLP,mlp_add97_f0.3_wd1.0_softmax_ce_s0,0,14300
49100,1.0,1.0,canonical MLP,mlp_add97_f0.3_wd1.0_softmax_ce_s0,0,14300
49200,1.0,1.0,canonical MLP,mlp_add97_f0.3_wd1.0_softmax_ce_s0,0,14300
49300,1.0,1.0,canonical MLP,mlp_add97_f0.3_wd1.0_softmax_ce_s0,0,14300
49400,1.0,1.0,canonical MLP,mlp_add97_f0.3_wd1.0_softmax_ce_s0,0,14300
49500,1.0,1.0,canonical MLP,mlp_add97_f0.3_wd1.0_softmax_ce_s0,0,14300
49600,1.0,1.0,canonical MLP,mlp_add97_f0.3_wd1.0_softmax_ce_s0,0,14300
49700,1.0,1.0,canonical MLP,mlp_add97_f0.3_wd1.0_softmax_ce_s0,0,14300
49800,1.0,1.0,canonical MLP,mlp_add97_f0.3_wd1.0_softmax_ce_s0,0,14300
49900,1.0,1.0,canonical MLP,mlp_add97_f0.3_wd1.0_softmax_ce_s0,0,14300
50000,1.0,1.0,canonical MLP,mlp_add97_f0.3_wd1.0_softmax_ce_s0,0,14300
50100,1.0,1.0,canonical MLP,mlp_add97_f0.3_wd1.0_softmax_ce_s0,0,14300
50200,1.0,1.0,canonical MLP,mlp_add97_f0.3_wd1.0_softmax_ce_s0,0,14300
50300,1.0,1.0,canonical MLP,mlp_add97_f0.3_wd1.0_softmax_ce_s0,0,14300
50400,1.0,1.0,canonical MLP,mlp_add97_f0.3_wd1.0_softmax_ce_s0,0,14300
50500,1.0,1.0,canonical MLP,mlp_add97_f0.3_wd1.0_softmax_ce_s0,0,14300
50600,1.0,1.0,canonical MLP,mlp_add97_f0.3_wd1.0_softmax_ce_s0,0,14300
50700,1.0,1.0,canonical MLP,mlp_add97_f0.3_wd1.0_softmax_ce_s0,0,14300
50800,1.0,1.0,canonical MLP,mlp_add97_f0.3_wd1.0_softmax_ce_s0,0,14300
50900,1.0,1.0,canonical MLP,mlp_add97_f0.3_wd1.0_softmax_ce_s0,0,14300
51000,1.0,1.0,canonical MLP,mlp_add97_f0.3_wd1.0_softmax_ce_s0,0,14300
51100,1.0,1.0,canonical MLP,mlp_add97_f0.3_wd1.0_softmax_ce_s0,0,14300
51200,1.0,1.0,canonical MLP,mlp_add97_f0.3_wd1.0_softmax_ce_s0,0,14300
51300,1.0,1.0,canonical MLP,mlp_add97_f0.3_wd1.0_softmax_ce_s0,0,14300
51400,1.0,1.0,canonical MLP,mlp_add97_f0.3_wd1.0_softmax_ce_s0,0,14300
51500,1.0,1.0,canonical MLP,mlp_add97_f0.3_wd1.0_softmax_ce_s0,0,14300
51600,1.0,1.0,canonical MLP,mlp_add97_f0.3_wd1.0_softmax_ce_s0,0,14300
51700,1.0,1.0,canonical MLP,mlp_add97_f0.3_wd1.0_softmax_ce_s0,0,14300
51800,1.0,1.0,canonical MLP,mlp_add97_f0.3_wd1.0_softmax_ce_s0,0,14300
51900,1.0,1.0,canonical MLP,mlp_add97_f0.3_wd1.0_softmax_ce_s0,0,14300
52000,1.0,1.0,canonical MLP,mlp_add97_f0.3_wd1.0_softmax_ce_s0,0,14300
52100,1.0,1.0,canonical MLP,mlp_add97_f0.3_wd1.0_softmax_ce_s0,0,14300
52200,1.0,1.0,canonical MLP,mlp_add97_f0.3_wd1.0_softmax_ce_s0,0,14300
52300,1.0,1.0,canonical MLP,mlp_add97_f0.3_wd1.0_softmax_ce_s0,0,14300
52400,1.0,1.0,canonical MLP,mlp_add97_f0.3_wd1.0_softmax_ce_s0,0,14300
52500,1.0,1.0,canonical MLP,mlp_add97_f0.3_wd1.0_softmax_ce_s0,0,14300
52600,1.0,1.0,canonical MLP,mlp_add97_f0.3_wd1.0_softmax_ce_s0,0,14300
52700,1.0,1.0,canonical MLP,mlp_add97_f0.3_wd1.0_softmax_ce_s0,0,14300
52800,1.0,1.0,canonical MLP,mlp_add97_f0.3_wd1.0_softmax_ce_s0,0,14300
52900,1.0,1.0,canonical MLP,mlp_add97_f0.3_wd1.0_softmax_ce_s0,0,14300
53000,1.0,1.0,canonical MLP,mlp_add97_f0.3_wd1.0_softmax_ce_s0,0,14300
53100,1.0,1.0,canonical MLP,mlp_add97_f0.3_wd1.0_softmax_ce_s0,0,14300
53200,1.0,1.0,canonical MLP,mlp_add97_f0.3_wd1.0_softmax_ce_s0,0,14300
53300,1.0,1.0,canonical MLP,mlp_add97_f0.3_wd1.0_softmax_ce_s0,0,14300
53400,1.0,1.0,canonical MLP,mlp_add97_f0.3_wd1.0_softmax_ce_s0,0,14300
53500,1.0,1.0,canonical MLP,mlp_add97_f0.3_wd1.0_softmax_ce_s0,0,14300
53600,1.0,1.0,canonical MLP,mlp_add97_f0.3_wd1.0_softmax_ce_s0,0,14300
53700,1.0,1.0,canonical MLP,mlp_add97_f0.3_wd1.0_softmax_ce_s0,0,14300
53800,1.0,1.0,canonical MLP,mlp_add97_f0.3_wd1.0_softmax_ce_s0,0,14300
53900,1.0,1.0,canonical MLP,mlp_add97_f0.3_wd1.0_softmax_ce_s0,0,14300
54000,1.0,1.0,canonical MLP,mlp_add97_f0.3_wd1.0_softmax_ce_s0,0,14300
54100,1.0,1.0,canonical MLP,mlp_add97_f0.3_wd1.0_softmax_ce_s0,0,14300
54200,1.0,1.0,canonical MLP,mlp_add97_f0.3_wd1.0_softmax_ce_s0,0,14300
54300,1.0,1.0,canonical MLP,mlp_add97_f0.3_wd1.0_softmax_ce_s0,0,14300
54400,1.0,1.0,canonical MLP,mlp_add97_f0.3_wd1.0_softmax_ce_s0,0,14300
54500,1.0,1.0,canonical MLP,mlp_add97_f0.3_wd1.0_softmax_ce_s0,0,14300
54600,1.0,1.0,canonical MLP,mlp_add97_f0.3_wd1.0_softmax_ce_s0,0,14300
54700,1.0,1.0,canonical MLP,mlp_add97_f0.3_wd1.0_softmax_ce_s0,0,14300
54800,1.0,1.0,canonical MLP,mlp_add97_f0.3_wd1.0_softmax_ce_s0,0,14300
54900,1.0,1.0,canonical MLP,mlp_add97_f0.3_wd1.0_softmax_ce_s0,0,14300
55000,1.0,1.0,canonical MLP,mlp_add97_f0.3_wd1.0_softmax_ce_s0,0,14300
55100,1.0,1.0,canonical MLP,mlp_add97_f0.3_wd1.0_softmax_ce_s0,0,14300
55200,1.0,1.0,canonical MLP,mlp_add97_f0.3_wd1.0_softmax_ce_s0,0,14300
55300,1.0,1.0,canonical MLP,mlp_add97_f0.3_wd1.0_softmax_ce_s0,0,14300
55400,1.0,1.0,canonical MLP,mlp_add97_f0.3_wd1.0_softmax_ce_s0,0,14300
55500,1.0,1.0,canonical MLP,mlp_add97_f0.3_wd1.0_softmax_ce_s0,0,14300
55600,1.0,1.0,canonical MLP,mlp_add97_f0.3_wd1.0_softmax_ce_s0,0,14300
55700,1.0,1.0,canonical MLP,mlp_add97_f0.3_wd1.0_softmax_ce_s0,0,14300
55800,1.0,1.0,canonical MLP,mlp_add97_f0.3_wd1.0_softmax_ce_s0,0,14300
55900,1.0,1.0,canonical MLP,mlp_add97_f0.3_wd1.0_softmax_ce_s0,0,14300
56000,1.0,1.0,canonical MLP,mlp_add97_f0.3_wd1.0_softmax_ce_s0,0,14300
56100,1.0,1.0,canonical MLP,mlp_add97_f0.3_wd1.0_softmax_ce_s0,0,14300
56200,1.0,1.0,canonical MLP,mlp_add97_f0.3_wd1.0_softmax_ce_s0,0,14300
56300,1.0,1.0,canonical MLP,mlp_add97_f0.3_wd1.0_softmax_ce_s0,0,14300
56400,1.0,1.0,canonical MLP,mlp_add97_f0.3_wd1.0_softmax_ce_s0,0,14300
56500,1.0,1.0,canonical MLP,mlp_add97_f0.3_wd1.0_softmax_ce_s0,0,14300
56600,1.0,1.0,canonical MLP,mlp_add97_f0.3_wd1.0_softmax_ce_s0,0,14300
56700,1.0,1.0,canonical MLP,mlp_add97_f0.3_wd1.0_softmax_ce_s0,0,14300
56800,1.0,1.0,canonical MLP,mlp_add97_f0.3_wd1.0_softmax_ce_s0,0,14300
56900,1.0,1.0,canonical MLP,mlp_add97_f0.3_wd1.0_softmax_ce_s0,0,14300
57000,1.0,1.0,canonical MLP,mlp_add97_f0.3_wd1.0_softmax_ce_s0,0,14300
57100,1.0,1.0,canonical MLP,mlp_add97_f0.3_wd1.0_softmax_ce_s0,0,14300
57200,1.0,1.0,canonical MLP,mlp_add97_f0.3_wd1.0_softmax_ce_s0,0,14300
57300,1.0,1.0,canonical MLP,mlp_add97_f0.3_wd1.0_softmax_ce_s0,0,14300
57400,1.0,1.0,canonical MLP,mlp_add97_f0.3_wd1.0_softmax_ce_s0,0,14300
57500,1.0,1.0,canonical MLP,mlp_add97_f0.3_wd1.0_softmax_ce_s0,0,14300
57600,1.0,1.0,canonical MLP,mlp_add97_f0.3_wd1.0_softmax_ce_s0,0,14300
57700,1.0,1.0,canonical MLP,mlp_add97_f0.3_wd1.0_softmax_ce_s0,0,14300
57800,1.0,1.0,canonical MLP,mlp_add97_f0.3_wd1.0_softmax_ce_s0,0,14300
57900,1.0,1.0,canonical MLP,mlp_add97_f0.3_wd1.0_softmax_ce_s0,0,14300
58000,1.0,1.0,canonical MLP,mlp_add97_f0.3_wd1.0_softmax_ce_s0,0,14300
58100,1.0,1.0,canonical MLP,mlp_add97_f0.3_wd1.0_softmax_ce_s0,0,14300
58200,1.0,1.0,canonical MLP,mlp_add97_f0.3_wd1.0_softmax_ce_s0,0,14300
58300,1.0,1.0,canonical MLP,mlp_add97_f0.3_wd1.0_softmax_ce_s0,0,14300
58400,1.0,1.0,canonical MLP,mlp_add97_f0.3_wd1.0_softmax_ce_s0,0,14300
58500,1.0,1.0,canonical MLP,mlp_add97_f0.3_wd1.0_softmax_ce_s0,0,14300
58600,1.0,1.0,canonical MLP,mlp_add97_f0.3_wd1.0_softmax_ce_s0,0,14300
58700,1.0,1.0,canonical MLP,mlp_add97_f0.3_wd1.0_softmax_ce_s0,0,14300
58800,1.0,1.0,canonical MLP,mlp_add97_f0.3_wd1.0_softmax_ce_s0,0,14300
58900,1.0,1.0,canonical MLP,mlp_add97_f0.3_wd1.0_softmax_ce_s0,0,14300
59000,1.0,1.0,canonical MLP,mlp_add97_f0.3_wd1.0_softmax_ce_s0,0,14300
59100,1.0,1.0,canonical MLP,mlp_add97_f0.3_wd1.0_softmax_ce_s0,0,14300
59200,1.0,1.0,canonical MLP,mlp_add97_f0.3_wd1.0_softmax_ce_s0,0,14300
59300,1.0,1.0,canonical MLP,mlp_add97_f0.3_wd1.0_softmax_ce_s0,0,14300
59400,1.0,1.0,canonical MLP,mlp_add97_f0.3_wd1.0_softmax_ce_s0,0,14300
59500,1.0,1.0,canonical MLP,mlp_add97_f0.3_wd1.0_softmax_ce_s0,0,14300
59600,1.0,1.0,canonical MLP,mlp_add97_f0.3_wd1.0_softmax_ce_s0,0,14300
59700,1.0,1.0,canonical MLP,mlp_add97_f0.3_wd1.0_softmax_ce_s0,0,14300
59800,1.0,1.0,canonical MLP,mlp_add97_f0.3_wd1.0_softmax_ce_s0,0,14300
59900,1.0,1.0,canonical MLP,mlp_add97_f0.3_wd1.0_softmax_ce_s0,0,14300
60000,1.0,1.0,canonical MLP,mlp_add97_f0.3_wd1.0_softmax_ce_s0,0,14300
0,0.01416932325810194,0.00941390823572874,canonical MLP,mlp_add97_f0.3_wd1.0_softmax_ce_s1,1,13200
100,1.0,0.0,canonical MLP,mlp_add97_f0.3_wd1.0_softmax_ce_s1,1,13200
200,1.0,0.0,canonical MLP,mlp_add97_f0.3_wd1.0_softmax_ce_s1,1,13200
300,1.0,0.0,canonical MLP,mlp_add97_f0.3_wd1.0_softmax_ce_s1,1,13200
400,1.0,0.0,canonical MLP,mlp_add97_f0.3_wd1.0_softmax_ce_s1,1,13200
500,1.0,0.0,canonical MLP,mlp_add97_f0.3_wd1.0_softmax_ce_s1,1,13200
600,1.0,0.0,canonical MLP,mlp_add97_f0.3_wd1.0_softmax_ce_s1,1,13200
700,1.0,0.0,canonical MLP,mlp_add97_f0.3_wd1.0_softmax_ce_s1,1,13200
800,1.0,0.0,canonical MLP,mlp_add97_f0.3_wd1.0_softmax_ce_s1,1,13200
900,1.0,0.0,canonical MLP,mlp_add97_f0.3_wd1.0_softmax_ce_s1,1,13200
1000,1.0,0.0,canonical MLP,mlp_add97_f0.3_wd1.0_softmax_ce_s1,1,13200
1100,1.0,0.0,canonical MLP,mlp_add97_f0.3_wd1.0_softmax_ce_s1,1,13200
1200,1.0,0.0,canonical MLP,mlp_add97_f0.3_wd1.0_softmax_ce_s1,1,13200
1300,1.0,0.0,canonical MLP,mlp_add97_f0.3_wd1.0_softmax_ce_s1,1,13200
1400,1.0,0.0,canonical MLP,mlp_add97_f0.3_wd1.0_softmax_ce_s1,1,13200
1500,1.0,0.0,canonical MLP,mlp_add97_f0.3_wd1.0_softmax_ce_s1,1,13200
1600,1.0,0.0,canonical MLP,mlp_add97_f0.3_wd1.0_softmax_ce_s1,1,13200
1700,1.0,0.0,canonical MLP,mlp_add97_f0.3_wd1.0_softmax_ce_s1,1,13200
1800,1.0,0.0,canonical MLP,mlp_add97_f0.3_wd1.0_softmax_ce_s1,1,13200
1900,1.0,0.0,canonical MLP,mlp_add97_f0.3_wd1.0_softmax_ce_s1,1,13200
2000,1.0,0.0,canonical MLP,mlp_add97_f0.3_wd1.0_softmax_ce_s1,1,13200
2100,1.0,0.0,canonical MLP,mlp_add97_f0.3_wd1.0_softmax_ce_s1,1,13200
2200,1.0,0.0,canonical MLP,mlp_add97_f0.3_wd1.0_softmax_ce_s1,1,13200
2300,1.0,0.0,canonical MLP,mlp_add97_f0.3_wd1.0_softmax_ce_s1,1,13200
2400,1.0,0.0,canonical MLP,mlp_add97_f0.3_wd1.0_softmax_ce_s1,1,13200
2500,1.0,0.0,canonical MLP,mlp_add97_f0.3_wd1.0_softmax_ce_s1,1,13200
2600,1.0,0.0,canonical MLP,mlp_add97_f0.3_wd1.0_softmax_ce_s1,1,13200
2700,1.0,0.0,canonical MLP,mlp_add97_f0.3_wd1.0_softmax_ce_s1,1,13200
2800,1.0,0.0,canonical MLP,mlp_add97_f0.3_wd1.0_softmax_ce_s1,1,13200
2900,1.0,0.0,canonical MLP,mlp_add97_f0.3_wd1.0_softmax_ce_s1,1,13200
3000,1.0,0.0,canonical MLP,mlp_add97_f0.3_wd1.0_softmax_ce_s1,1,13200
3100,1.0,0.0,canonical MLP,mlp_add97_f0.3_wd1.0_softmax_ce_s1,1,13200
3200,1.0,0.0,canonical MLP,mlp_add97_f0.3_wd1.0_softmax_ce_s1,1,13200
3300,1.0,0.0,canonical MLP,mlp_add97_f0.3_wd1.0_softmax_ce_s1,1,13200
3400,1.0,0.0,canonical MLP,mlp_add97_f0.3_wd1.0_softmax_ce_s1,1,13200
3500,1.0,0.0,canonical MLP,mlp_add97_f0.3_wd1.0_softmax_ce_s1,1,13200
3600,1.0,0.0,canonical MLP,mlp_add97_f0.3_wd1.0_softmax_ce_s1,1,13200
3700,1.0,0.0,canonical MLP,mlp_add97_f0.3_wd1.0_softmax_ce_s1,1,13200
3800,1.0,0.0,canonical MLP,mlp_add97_f0.3_wd1.0_softmax_ce_s1,1,13200
3900,1.0,0.0,canonical MLP,mlp_add97_f0.3_wd1.0_softmax_ce_s1,1,13200
4000,1.0,0.0,canonical MLP,mlp_add97_f0.3_wd1.0_softmax_ce_s1,1,13200
4100,1.0,0.0,canonical MLP,mlp_add97_f0.3_wd1.0_softmax_ce_s1,1,13200
4200,1.0,0.0001518372300779447,canonical MLP,mlp_add97_f0.3_wd1.0_softmax_ce_s1,1,13200
4300,1.0,0.0001518372300779447,canonical MLP,mlp_add97_f0.3_wd1.0_softmax_ce_s1,1,13200
4400,1.0,0.0001518372300779447,canonical MLP,mlp_add97_f0.3_wd1.0_softmax_ce_s1,1,13200
4500,1.0,0.0001518372300779447,canonical MLP,mlp_add97_f0.3_wd1.0_softmax_ce_s1,1,13200
4600,1.0,0.0003036744601558894,canonical MLP,mlp_add97_f0.3_wd1.0_softmax_ce_s1,1,13200
4700,1.0,0.0003036744601558894,canonical MLP,mlp_add97_f0.3_wd1.0_softmax_ce_s1,1,13200
4800,1.0,0.0003036744601558894,canonical MLP,mlp_add97_f0.3_wd1.0_softmax_ce_s1,1,13200
4900,1.0,0.00045551167568191886,canonical MLP,mlp_add97_f0.3_wd1.0_softmax_ce_s1,1,13200
5000,1.0,0.0006073489203117788,canonical MLP,mlp_add97_f0.3_wd1.0_softmax_ce_s1,1,13200
5100,1.0,0.0006073489203117788,canonical MLP,mlp_add97_f0.3_wd1.0_softmax_ce_s1,1,13200
5200,1.0,0.0006073489203117788,canonical MLP,mlp_add97_f0.3_wd1.0_softmax_ce_s1,1,13200
5300,1.0,0.0006073489203117788,canonical MLP,mlp_add97_f0.3_wd1.0_softmax_ce_s1,1,13200
5400,1.0,0.00045551167568191886,canonical MLP,mlp_add97_f0.3_wd1.0_softmax_ce_s1,1,13200
5500,1.0,0.00045551167568191886,canonical MLP,mlp_add97_f0.3_wd1.0_softmax_ce_s1,1,13200
5600,1.0,0.00045551167568191886,canonical MLP,mlp_add97_f0.3_wd1.0_softmax_ce_s1,1,13200
5700,1.0,0.00045551167568191886,canonical MLP,mlp_add97_f0.3_wd1.0_softmax_ce_s1,1,13200
5800,1.0,0.00045551167568191886,canonical MLP,mlp_add97_f0.3_wd1.0_softmax_ce_s1,1,13200
5900,1.0,0.0006073489203117788,canonical MLP,mlp_add97_f0.3_wd1.0_softmax_ce_s1,1,13200
6000,1.0,0.0006073489203117788,canonical MLP,mlp_add97_f0.3_wd1.0_softmax_ce_s1,1,13200
6100,1.0,0.0006073489203117788,canonical MLP,mlp_add97_f0.3_wd1.0_softmax_ce_s1,1,13200
6200,1.0,0.0006073489203117788,canonical MLP,mlp_add97_f0.3_wd1.0_softmax_ce_s1,1,13200
6300,1.0,0.0007591861649416387,canonical MLP,mlp_add97_f0.3_wd1.0_softmax_ce_s1,1,13200
6400,1.0,0.0007591861649416387,canonical MLP,mlp_add97_f0.3_wd1.0_softmax_ce_s1,1,13200
6500,1.0,0.0007591861649416387,canonical MLP,mlp_add97_f0.3_wd1.0_softmax_ce_s1,1,13200
6600,1.0,0.0007591861649416387,canonical MLP,mlp_add97_f0.3_wd1.0_softmax_ce_s1,1,13200
6700,1.0,0.0007591861649416387,canonical MLP,mlp_add97_f0.3_wd1.0_softmax_ce_s1,1,13200
6800,1.0,0.0007591861649416387,canonical MLP,mlp_add97_f0.3_wd1.0_softmax_ce_s1,1,13200
6900,1.0,0.0009110233513638377,canonical MLP,mlp_add97_f0.3_wd1.0_softmax_ce_s1,1,13200
7000,1.0,0.0007591861649416387,canonical MLP,mlp_add97_f0.3_wd1.0_softmax_ce_s1,1,13200
7100,1.0,0.0007591861649416387,canonical MLP,mlp_add97_f0.3_wd1.0_softmax_ce_s1,1,13200
7200,1.0,0.0007591861649416387,canonical MLP,mlp_add97_f0.3_wd1.0_softmax_ce_s1,1,13200
7300,1.0,0.0007591861649416387,canonical MLP,mlp_add97_f0.3_wd1.0_softmax_ce_s1,1,13200
7400,1.0,0.0007591861649416387,canonical MLP,mlp_add97_f0.3_wd1.0_softmax_ce_s1,1,13200
7500,1.0,0.0007591861649416387,canonical MLP,mlp_add97_f0.3_wd1.0_softmax_ce_s1,1,13200
7600,1.0,0.0009110233513638377,canonical MLP,mlp_add97_f0.3_wd1.0_softmax_ce_s1,1,13200
7700,1.0,0.0009110233513638377,canonical MLP,mlp_add97_f0.3_wd1.0_softmax_ce_s1,1,13200
7800,1.0,0.0012146978406235576,canonical MLP,mlp_add97_f0.3_wd1.0_softmax_ce_s1,1,13200
7900,1.0,0.0012146978406235576,canonical MLP,mlp_add97_f0.3_wd1.0_softmax_ce_s1,1,13200
8000,1.0,0.0018220467027276754,canonical MLP,mlp_add97_f0.3_wd1.0_softmax_ce_s1,1,13200
8100,1.0,0.0019738839473575354,canonical MLP,mlp_add97_f0.3_wd1.0_softmax_ce_s1,1,13200
8200,1.0,0.002277558436617255,canonical MLP,mlp_add97_f0.3_wd1.0_softmax_ce_s1,1,13200
8300,1.0,0.002277558436617255,canonical MLP,mlp_add97_f0.3_wd1.0_softmax_ce_s1,1,13200
8400,1.0,0.002884907415136695,canonical MLP,mlp_add97_f0.3_wd1.0_softmax_ce_s1,1,13200
8500,1.0,0.003644093405455351,canonical MLP,mlp_add97_f0.3_wd1.0_softmax_ce_s1,1,13200
8600,1.0,0.003795930650085211,canonical MLP,mlp_add97_f0.3_wd1.0_softmax_ce_s1,1,13200
8700,1.0,0.004099605139344931,canonical MLP,mlp_add97_f0.3_wd1.0_softmax_ce_s1,1,13200
8800,1.0,0.0044032796286046505,canonical MLP,mlp_add97_f0.3_wd1.0_softmax_ce_s1,1,13200
8900,1.0,0.00485879136249423,canonical MLP,mlp_add97_f0.3_wd1.0_softmax_ce_s1,1,13200
9000,1.0,0.00501062860712409,canonical MLP,mlp_add97_f0.3_wd1.0_softmax_ce_s1,1,13200
9100,1.0,0.00546614034101367,canonical MLP,mlp_add97_f0.3_wd1.0_softmax_ce_s1,1,13200
9200,1.0,0.006680838298052549,canonical MLP,mlp_add97_f0.3_wd1.0_softmax_ce_s1,1,13200
9300,1.0,0.007591861300170422,canonical MLP,mlp_add97_f0.3_wd1.0_softmax_ce_s1,1,13200
9400,1.0,0.008958396501839161,canonical MLP,mlp_add97_f0.3_wd1.0_softmax_ce_s1,1,13200
9500,1.0,0.0095657454803586,canonical MLP,mlp_add97_f0.3_wd1.0_softmax_ce_s1,1,13200
9600,1.0,0.0110841179266572,canonical MLP,mlp_add97_f0.3_wd1.0_softmax_ce_s1,1,13200
9700,1.0,0.013058002106845379,canonical MLP,mlp_add97_f0.3_wd1.0_softmax_ce_s1,1,13200
9800,1.0,0.014880048111081123,canonical MLP,mlp_add97_f0.3_wd1.0_softmax_ce_s1,1,13200
9900,1.0,0.016702095046639442,canonical MLP,mlp_add97_f0.3_wd1.0_softmax_ce_s1,1,13200
10000,1.0,0.01882781647145748,canonical MLP,mlp_add97_f0.3_wd1.0_softmax_ce_s1,1,13200
10100,1.0,0.02201639860868454,canonical MLP,mlp_add97_f0.3_wd1.0_softmax_ce_s1,1,13200
10200,1.0,0.025508655235171318,canonical MLP,mlp_add97_f0.3_wd1.0_softmax_ce_s1,1,13200
10300,1.0,0.029760096222162247,canonical MLP,mlp_add97_f0.3_wd1.0_softmax_ce_s1,1,13200
10400,1.0,0.034315213561058044,canonical MLP,mlp_add97_f0.3_wd1.0_softmax_ce_s1,1,13200
10500,1.0,0.039781354367733,canonical MLP,mlp_add97_f0.3_wd1.0_softmax_ce_s1,1,13200
10600,1.0,0.04570300504565239,canonical MLP,mlp_add97_f0.3_wd1.0_softmax_ce_s1,1,13200
10700,1.0,0.052687518298625946,canonical MLP,mlp_add97_f0.3_wd1.0_softmax_ce_s1,1,13200
10800,1.0,0.06027938053011894,canonical MLP,mlp_add97_f0.3_wd1.0_softmax_ce_s1,1,13200
10900,1.0,0.06680838018655777,canonical MLP,mlp_add97_f0.3_wd1.0_softmax_ce_s1,1,13200
11000,1.0,0.07698147743940353,canonical MLP,mlp_add97_f0.3_wd1.0_softmax_ce_s1,1,13200
11100,1.0,0.08669906109571457,canonical MLP,mlp_add97_f0.3_wd1.0_softmax_ce_s1,1,13200
11200,1.0,0.09975706040859222,canonical MLP,mlp_add97_f0.3_wd1.0_softmax_ce_s1,1,13200
11300,1.0,0.11418160051107407,canonical MLP,mlp_add97_f0.3_wd1.0_softmax_ce_s1,1,13200
11400,1.0,0.12815062701702118,canonical MLP,mlp_add97_f0.3_wd1.0_softmax_ce_s1,1,13200
11500,1.0,0.14500455558300018,canonical MLP,mlp_add97_f0.3_wd1.0_softmax_ce_s1,1,13200
11600,1.0,0.16565442085266113,canonical MLP,mlp_add97_f0.3_wd1.0_softmax_ce_s1,1,13200
11700,1.0,0.1866079568862915,canonical MLP,mlp_add97_f0.3_wd1.0_softmax_ce_s1,1,13200
11800,1.0,0.21196477115154266,canonical MLP,mlp_add97_f0.3_wd1.0_softmax_ce_s1,1,13200
11900,1.0,0.23808076977729797,canonical MLP,mlp_add97_f0.3_wd1.0_softmax_ce_s1,1,13200
12000,1.0,0.27269965410232544,canonical MLP,mlp_add97_f0.3_wd1.0_softmax_ce_s1,1,13200
12100,1.0,0.31263285875320435,canonical MLP,mlp_add97_f0.3_wd1.0_softmax_ce_s1,1,13200
12200,1.0,0.35256603360176086,canonical MLP,mlp_add97_f0.3_wd1.0_softmax_ce_s1,1,13200
12300,1.0,0.40479806065559387,canonical MLP,mlp_add97_f0.3_wd1.0_softmax_ce_s1,1,13200
12400,1.0,0.45809292793273926,canonical MLP,mlp_add97_f0.3_wd1.0_softmax_ce_s1,1,13200
12500,1.0,0.5220164060592651,canonical MLP,mlp_add97_f0.3_wd1.0_softmax_ce_s1,1,13200
12600,1.0,0.5804737210273743,canonical MLP,mlp_add97_f0.3_wd1.0_softmax_ce_s1,1,13200
12700,1.0,0.6498633623123169,canonical MLP,mlp_add97_f0.3_wd1.0_softmax_ce_s1,1,13200
12800,1.0,0.7192529439926147,canonical MLP,mlp_add97_f0.3_wd1.0_softmax_ce_s1,1,13200
12900,1.0,0.7856058478355408,canonical MLP,mlp_add97_f0.3_wd1.0_softmax_ce_s1,1,13200
13000,1.0,0.8401153683662415,canonical MLP,mlp_add97_f0.3_wd1.0_softmax_ce_s1,1,13200
13100,1.0,0.8844518661499023,canonical MLP,mlp_add97_f0.3_wd1.0_softmax_ce_s1,1,13200
13200,1.0,0.9198299646377563,canonical MLP,mlp_add97_f0.3_wd1.0_softmax_ce_s1,1,13200
13300,1.0,0.9465532898902893,canonical MLP,mlp_add97_f0.3_wd1.0_softmax_ce_s1,1,13200
13400,1.0,0.9644700884819031,canonical MLP,mlp_add97_f0.3_wd1.0_softmax_ce_s1,1,13200
13500,1.0,0.9772244095802307,canonical MLP,mlp_add97_f0.3_wd1.0_softmax_ce_s1,1,13200
13600,1.0,0.9845126271247864,canonical MLP,mlp_add97_f0.3_wd1.0_softmax_ce_s1,1,13200
13700,1.0,0.991193413734436,canonical MLP,mlp_add97_f0.3_wd1.0_softmax_ce_s1,1,13200
13800,1.0,0.9945338368415833,canonical MLP,mlp_add97_f0.3_wd1.0_softmax_ce_s1,1,13200
13900,1.0,0.9965077638626099,canonical MLP,mlp_add97_f0.3_wd1.0_softmax_ce_s1,1,13200
14000,1.0,0.9977224469184875,canonical MLP,mlp_add97_f0.3_wd1.0_softmax_ce_s1,1,13200
14100,1.0,0.9993926286697388,canonical MLP,mlp_add97_f0.3_wd1.0_softmax_ce_s1,1,13200
14200,1.0,0.9996963143348694,canonical MLP,mlp_add97_f0.3_wd1.0_softmax_ce_s1,1,13200
14300,1.0,1.0,canonical MLP,mlp_add97_f0.3_wd1.0_softmax_ce_s1,1,13200
14400,1.0,1.0,canonical MLP,mlp_add97_f0.3_wd1.0_softmax_ce_s1,1,13200
14500,1.0,1.0,canonical MLP,mlp_add97_f0.3_wd1.0_softmax_ce_s1,1,13200
14600,1.0,1.0,canonical MLP,mlp_add97_f0.3_wd1.0_softmax_ce_s1,1,13200
14700,1.0,1.0,canonical MLP,mlp_add97_f0.3_wd1.0_softmax_ce_s1,1,13200
14800,1.0,1.0,canonical MLP,mlp_add97_f0.3_wd1.0_softmax_ce_s1,1,13200
14900,1.0,1.0,canonical MLP,mlp_add97_f0.3_wd1.0_softmax_ce_s1,1,13200
15000,1.0,1.0,canonical MLP,mlp_add97_f0.3_wd1.0_softmax_ce_s1,1,13200
15100,1.0,1.0,canonical MLP,mlp_add97_f0.3_wd1.0_softmax_ce_s1,1,13200
15200,1.0,1.0,canonical MLP,mlp_add97_f0.3_wd1.0_softmax_ce_s1,1,13200
15300,1.0,1.0,canonical MLP,mlp_add97_f0.3_wd1.0_softmax_ce_s1,1,13200
15400,1.0,1.0,canonical MLP,mlp_add97_f0.3_wd1.0_softmax_ce_s1,1,13200
15500,1.0,1.0,canonical MLP,mlp_add97_f0.3_wd1.0_softmax_ce_s1,1,13200
15600,1.0,1.0,canonical MLP,mlp_add97_f0.3_wd1.0_softmax_ce_s1,1,13200
15700,1.0,1.0,canonical MLP,mlp_add97_f0.3_wd1.0_softmax_ce_s1,1,13200
15800,1.0,1.0,canonical MLP,mlp_add97_f0.3_wd1.0_softmax_ce_s1,1,13200
15900,1.0,1.0,canonical MLP,mlp_add97_f0.3_wd1.0_softmax_ce_s1,1,13200
16000,1.0,1.0,canonical MLP,mlp_add97_f0.3_wd1.0_softmax_ce_s1,1,13200
16100,1.0,1.0,canonical MLP,mlp_add97_f0.3_wd1.0_softmax_ce_s1,1,13200
16200,1.0,1.0,canonical MLP,mlp_add97_f0.3_wd1.0_softmax_ce_s1,1,13200
16300,1.0,1.0,canonical MLP,mlp_add97_f0.3_wd1.0_softmax_ce_s1,1,13200
16400,1.0,1.0,canonical MLP,mlp_add97_f0.3_wd1.0_softmax_ce_s1,1,13200
16500,1.0,1.0,canonical MLP,mlp_add97_f0.3_wd1.0_softmax_ce_s1,1,13200
16600,1.0,1.0,canonical MLP,mlp_add97_f0.3_wd1.0_softmax_ce_s1,1,13200
16700,1.0,1.0,canonical MLP,mlp_add97_f0.3_wd1.0_softmax_ce_s1,1,13200
16800,1.0,1.0,canonical MLP,mlp_add97_f0.3_wd1.0_softmax_ce_s1,1,13200
16900,1.0,1.0,canonical MLP,mlp_add97_f0.3_wd1.0_softmax_ce_s1,1,13200
17000,1.0,1.0,canonical MLP,mlp_add97_f0.3_wd1.0_softmax_ce_s1,1,13200
17100,1.0,1.0,canonical MLP,mlp_add97_f0.3_wd1.0_softmax_ce_s1,1,13200
17200,1.0,1.0,canonical MLP,mlp_add97_f0.3_wd1.0_softmax_ce_s1,1,13200
17300,1.0,1.0,canonical MLP,mlp_add97_f0.3_wd1.0_softmax_ce_s1,1,13200
17400,1.0,1.0,canonical MLP,mlp_add97_f0.3_wd1.0_softmax_ce_s1,1,13200
17500,1.0,1.0,canonical MLP,mlp_add97_f0.3_wd1.0_softmax_ce_s1,1,13200
17600,1.0,1.0,canonical MLP,mlp_add97_f0.3_wd1.0_softmax_ce_s1,1,13200
17700,1.0,1.0,canonical MLP,mlp_add97_f0.3_wd1.0_softmax_ce_s1,1,13200
17800,1.0,1.0,canonical MLP,mlp_add97_f0.3_wd1.0_softmax_ce_s1,1,13200
17900,1.0,1.0,canonical MLP,mlp_add97_f0.3_wd1.0_softmax_ce_s1,1,13200
18000,1.0,1.0,canonical MLP,mlp_add97_f0.3_wd1.0_softmax_ce_s1,1,13200
18100,1.0,1.0,canonical MLP,mlp_add97_f0.3_wd1.0_softmax_ce_s1,1,13200
18200,1.0,1.0,canonical MLP,mlp_add97_f0.3_wd1.0_softmax_ce_s1,1,13200
18300,1.0,1.0,canonical MLP,mlp_add97_f0.3_wd1.0_softmax_ce_s1,1,13200
18400,1.0,1.0,canonical MLP,mlp_add97_f0.3_wd1.0_softmax_ce_s1,1,13200
18500,1.0,1.0,canonical MLP,mlp_add97_f0.3_wd1.0_softmax_ce_s1,1,13200
18600,1.0,1.0,canonical MLP,mlp_add97_f0.3_wd1.0_softmax_ce_s1,1,13200
18700,1.0,1.0,canonical MLP,mlp_add97_f0.3_wd1.0_softmax_ce_s1,1,13200
18800,1.0,1.0,canonical MLP,mlp_add97_f0.3_wd1.0_softmax_ce_s1,1,13200
18900,1.0,1.0,canonical MLP,mlp_add97_f0.3_wd1.0_softmax_ce_s1,1,13200
19000,1.0,1.0,canonical MLP,mlp_add97_f0.3_wd1.0_softmax_ce_s1,1,13200
19100,1.0,1.0,canonical MLP,mlp_add97_f0.3_wd1.0_softmax_ce_s1,1,13200
19200,1.0,1.0,canonical MLP,mlp_add97_f0.3_wd1.0_softmax_ce_s1,1,13200
19300,1.0,1.0,canonical MLP,mlp_add97_f0.3_wd1.0_softmax_ce_s1,1,13200
19400,1.0,1.0,canonical MLP,mlp_add97_f0.3_wd1.0_softmax_ce_s1,1,13200
19500,1.0,1.0,canonical MLP,mlp_add97_f0.3_wd1.0_softmax_ce_s1,1,13200
19600,1.0,1.0,canonical MLP,mlp_add97_f0.3_wd1.0_softmax_ce_s1,1,13200
19700,1.0,1.0,canonical MLP,mlp_add97_f0.3_wd1.0_softmax_ce_s1,1,13200
19800,1.0,1.0,canonical MLP,mlp_add97_f0.3_wd1.0_softmax_ce_s1,1,13200
19900,1.0,1.0,canonical MLP,mlp_add97_f0.3_wd1.0_softmax_ce_s1,1,13200
20000,1.0,1.0,canonical MLP,mlp_add97_f0.3_wd1.0_softmax_ce_s1,1,13200
20100,1.0,1.0,canonical MLP,mlp_add97_f0.3_wd1.0_softmax_ce_s1,1,13200
20200,1.0,1.0,canonical MLP,mlp_add97_f0.3_wd1.0_softmax_ce_s1,1,13200
20300,1.0,1.0,canonical MLP,mlp_add97_f0.3_wd1.0_softmax_ce_s1,1,13200
20400,1.0,1.0,canonical MLP,mlp_add97_f0.3_wd1.0_softmax_ce_s1,1,13200
20500,1.0,1.0,canonical MLP,mlp_add97_f0.3_wd1.0_softmax_ce_s1,1,13200
20600,1.0,1.0,canonical MLP,mlp_add97_f0.3_wd1.0_softmax_ce_s1,1,13200
20700,1.0,1.0,canonical MLP,mlp_add97_f0.3_wd1.0_softmax_ce_s1,1,13200
20800,1.0,1.0,canonical MLP,mlp_add97_f0.3_wd1.0_softmax_ce_s1,1,13200
20900,1.0,1.0,canonical MLP,mlp_add97_f0.3_wd1.0_softmax_ce_s1,1,13200
21000,1.0,1.0,canonical MLP,mlp_add97_f0.3_wd1.0_softmax_ce_s1,1,13200
21100,1.0,1.0,canonical MLP,mlp_add97_f0.3_wd1.0_softmax_ce_s1,1,13200
21200,1.0,1.0,canonical MLP,mlp_add97_f0.3_wd1.0_softmax_ce_s1,1,13200
21300,1.0,1.0,canonical MLP,mlp_add97_f0.3_wd1.0_softmax_ce_s1,1,13200
21400,1.0,1.0,canonical MLP,mlp_add97_f0.3_wd1.0_softmax_ce_s1,1,13200
21500,1.0,1.0,canonical MLP,mlp_add97_f0.3_wd1.0_softmax_ce_s1,1,13200
21600,1.0,1.0,canonical MLP,mlp_add97_f0.3_wd1.0_softmax_ce_s1,1,13200
21700,1.0,1.0,canonical MLP,mlp_add97_f0.3_wd1.0_softmax_ce_s1,1,13200
21800,1.0,1.0,canonical MLP,mlp_add97_f0.3_wd1.0_softmax_ce_s1,1,13200
21900,1.0,1.0,canonical MLP,mlp_add97_f0.3_wd1.0_softmax_ce_s1,1,13200
22000,1.0,1.0,canonical MLP,mlp_add97_f0.3_wd1.0_softmax_ce_s1,1,13200
22100,1.0,1.0,canonical MLP,mlp_add97_f0.3_wd1.0_softmax_ce_s1,1,13200
22200,1.0,1.0,canonical MLP,mlp_add97_f0.3_wd1.0_softmax_ce_s1,1,13200
22300,1.0,1.0,canonical MLP,mlp_add97_f0.3_wd1.0_softmax_ce_s1,1,13200
22400,1.0,1.0,canonical MLP,mlp_add97_f0.3_wd1.0_softmax_ce_s1,1,13200
22500,1.0,1.0,canonical MLP,mlp_add97_f0.3_wd1.0_softmax_ce_s1,1,13200
22600,1.0,1.0,canonical MLP,mlp_add97_f0.3_wd1.0_softmax_ce_s1,1,13200
22700,1.0,1.0,canonical MLP,mlp_add97_f0.3_wd1.0_softmax_ce_s1,1,13200
22800,1.0,1.0,canonical MLP,mlp_add97_f0.3_wd1.0_softmax_ce_s1,1,13200
22900,1.0,1.0,canonical MLP,mlp_add97_f0.3_wd1.0_softmax_ce_s1,1,13200
23000,1.0,1.0,canonical MLP,mlp_add97_f0.3_wd1.0_softmax_ce_s1,1,13200
23100,1.0,1.0,canonical MLP,mlp_add97_f0.3_wd1.0_softmax_ce_s1,1,13200
23200,1.0,1.0,canonical MLP,mlp_add97_f0.3_wd1.0_softmax_ce_s1,1,13200
23300,1.0,1.0,canonical MLP,mlp_add97_f0.3_wd1.0_softmax_ce_s1,1,13200
23400,1.0,1.0,canonical MLP,mlp_add97_f0.3_wd1.0_softmax_ce_s1,1,13200
23500,1.0,1.0,canonical MLP,mlp_add97_f0.3_wd1.0_softmax_ce_s1,1,13200
23600,1.0,1.0,canonical MLP,mlp_add97_f0.3_wd1.0_softmax_ce_s1,1,13200
23700,1.0,1.0,canonical MLP,mlp_add97_f0.3_wd1.0_softmax_ce_s1,1,13200
23800,1.0,1.0,canonical MLP,mlp_add97_f0.3_wd1.0_softmax_ce_s1,1,13200
23900,1.0,1.0,canonical MLP,mlp_add97_f0.3_wd1.0_softmax_ce_s1,1,13200
24000,1.0,1.0,canonical MLP,mlp_add97_f0.3_wd1.0_softmax_ce_s1,1,13200
24100,1.0,1.0,canonical MLP,mlp_add97_f0.3_wd1.0_softmax_ce_s1,1,13200
24200,1.0,1.0,canonical MLP,mlp_add97_f0.3_wd1.0_softmax_ce_s1,1,13200
24300,1.0,1.0,canonical MLP,mlp_add97_f0.3_wd1.0_softmax_ce_s1,1,13200
24400,1.0,1.0,canonical MLP,mlp_add97_f0.3_wd1.0_softmax_ce_s1,1,13200
24500,1.0,1.0,canonical MLP,mlp_add97_f0.3_wd1.0_softmax_ce_s1,1,13200
24600,1.0,1.0,canonical MLP,mlp_add97_f0.3_wd1.0_softmax_ce_s1,1,13200
24700,1.0,1.0,canonical MLP,mlp_add97_f0.3_wd1.0_softmax_ce_s1,1,13200
24800,1.0,1.0,canonical MLP,mlp_add97_f0.3_wd1.0_softmax_ce_s1,1,13200
24900,1.0,1.0,canonical MLP,mlp_add97_f0.3_wd1.0_softmax_ce_s1,1,13200
25000,1.0,1.0,canonical MLP,mlp_add97_f0.3_wd1.0_softmax_ce_s1,1,13200
25100,1.0,1.0,canonical MLP,mlp_add97_f0.3_wd1.0_softmax_ce_s1,1,13200
25200,1.0,1.0,canonical MLP,mlp_add97_f0.3_wd1.0_softmax_ce_s1,1,13200
25300,1.0,1.0,canonical MLP,mlp_add97_f0.3_wd1.0_softmax_ce_s1,1,13200
25400,1.0,1.0,canonical MLP,mlp_add97_f0.3_wd1.0_softmax_ce_s1,1,13200
25500,1.0,1.0,canonical MLP,mlp_add97_f0.3_wd1.0_softmax_ce_s1,1,13200
25600,1.0,1.0,canonical MLP,mlp_add97_f0.3_wd1.0_softmax_ce_s1,1,13200
25700,1.0,1.0,canonical MLP,mlp_add97_f0.3_wd1.0_softmax_ce_s1,1,13200
25800,1.0,1.0,canonical MLP,mlp_add97_f0.3_wd1.0_softmax_ce_s1,1,13200
25900,1.0,1.0,canonical MLP,mlp_add97_f0.3_wd1.0_softmax_ce_s1,1,13200
26000,1.0,1.0,canonical MLP,mlp_add97_f0.3_wd1.0_softmax_ce_s1,1,13200
26100,1.0,1.0,canonical MLP,mlp_add97_f0.3_wd1.0_softmax_ce_s1,1,13200
26200,1.0,1.0,canonical MLP,mlp_add97_f0.3_wd1.0_softmax_ce_s1,1,13200
26300,1.0,1.0,canonical MLP,mlp_add97_f0.3_wd1.0_softmax_ce_s1,1,13200
26400,1.0,1.0,canonical MLP,mlp_add97_f0.3_wd1.0_softmax_ce_s1,1,13200
26500,1.0,1.0,canonical MLP,mlp_add97_f0.3_wd1.0_softmax_ce_s1,1,13200
26600,1.0,1.0,canonical MLP,mlp_add97_f0.3_wd1.0_softmax_ce_s1,1,13200
26700,1.0,1.0,canonical MLP,mlp_add97_f0.3_wd1.0_softmax_ce_s1,1,13200
26800,1.0,1.0,canonical MLP,mlp_add97_f0.3_wd1.0_softmax_ce_s1,1,13200
26900,1.0,1.0,canonical MLP,mlp_add97_f0.3_wd1.0_softmax_ce_s1,1,13200
27000,1.0,1.0,canonical MLP,mlp_add97_f0.3_wd1.0_softmax_ce_s1,1,13200
27100,1.0,1.0,canonical MLP,mlp_add97_f0.3_wd1.0_softmax_ce_s1,1,13200
27200,1.0,1.0,canonical MLP,mlp_add97_f0.3_wd1.0_softmax_ce_s1,1,13200
27300,1.0,1.0,canonical MLP,mlp_add97_f0.3_wd1.0_softmax_ce_s1,1,13200
27400,1.0,1.0,canonical MLP,mlp_add97_f0.3_wd1.0_softmax_ce_s1,1,13200
27500,1.0,1.0,canonical MLP,mlp_add97_f0.3_wd1.0_softmax_ce_s1,1,13200
27600,1.0,1.0,canonical MLP,mlp_add97_f0.3_wd1.0_softmax_ce_s1,1,13200
27700,1.0,1.0,canonical MLP,mlp_add97_f0.3_wd1.0_softmax_ce_s1,1,13200
27800,1.0,1.0,canonical MLP,mlp_add97_f0.3_wd1.0_softmax_ce_s1,1,13200
27900,1.0,1.0,canonical MLP,mlp_add97_f0.3_wd1.0_softmax_ce_s1,1,13200
28000,1.0,1.0,canonical MLP,mlp_add97_f0.3_wd1.0_softmax_ce_s1,1,13200
28100,1.0,1.0,canonical MLP,mlp_add97_f0.3_wd1.0_softmax_ce_s1,1,13200
28200,1.0,1.0,canonical MLP,mlp_add97_f0.3_wd1.0_softmax_ce_s1,1,13200
28300,1.0,1.0,canonical MLP,mlp_add97_f0.3_wd1.0_softmax_ce_s1,1,13200
28400,1.0,1.0,canonical MLP,mlp_add97_f0.3_wd1.0_softmax_ce_s1,1,13200
28500,1.0,1.0,canonical MLP,mlp_add97_f0.3_wd1.0_softmax_ce_s1,1,13200
28600,1.0,1.0,canonical MLP,mlp_add97_f0.3_wd1.0_softmax_ce_s1,1,13200
28700,1.0,1.0,canonical MLP,mlp_add97_f0.3_wd1.0_softmax_ce_s1,1,13200
28800,1.0,1.0,canonical MLP,mlp_add97_f0.3_wd1.0_softmax_ce_s1,1,13200
28900,1.0,1.0,canonical MLP,mlp_add97_f0.3_wd1.0_softmax_ce_s1,1,13200
29000,1.0,1.0,canonical MLP,mlp_add97_f0.3_wd1.0_softmax_ce_s1,1,13200
29100,1.0,1.0,canonical MLP,mlp_add97_f0.3_wd1.0_softmax_ce_s1,1,13200
29200,1.0,1.0,canonical MLP,mlp_add97_f0.3_wd1.0_softmax_ce_s1,1,13200
29300,1.0,1.0,canonical MLP,mlp_add97_f0.3_wd1.0_softmax_ce_s1,1,13200
29400,1.0,1.0,canonical MLP,mlp_add97_f0.3_wd1.0_softmax_ce_s1,1,13200
29500,1.0,1.0,canonical MLP,mlp_add97_f0.3_wd1.0_softmax_ce_s1,1,13200
29600,1.0,1.0,canonical MLP,mlp_add97_f0.3_wd1.0_softmax_ce_s1,1,13200
29700,1.0,1.0,canonical MLP,mlp_add97_f0.3_wd1.0_softmax_ce_s1,1,13200
29800,1.0,1.0,canonical MLP,mlp_add97_f0.3_wd1.0_softmax_ce_s1,1,13200
29900,1.0,1.0,canonical MLP,mlp_add97_f0.3_wd1.0_softmax_ce_s1,1,13200
30000,1.0,1.0,canonical MLP,mlp_add97_f0.3_wd1.0_softmax_ce_s1,1,13200
30100,1.0,1.0,canonical MLP,mlp_add97_f0.3_wd1.0_softmax_ce_s1,1,13200
30200,1.0,1.0,canonical MLP,mlp_add97_f0.3_wd1.0_softmax_ce_s1,1,13200
30300,1.0,1.0,canonical MLP,mlp_add97_f0.3_wd1.0_softmax_ce_s1,1,13200
30400,1.0,1.0,canonical MLP,mlp_add97_f0.3_wd1.0_softmax_ce_s1,1,13200
30500,1.0,1.0,canonical MLP,mlp_add97_f0.3_wd1.0_softmax_ce_s1,1,13200
30600,1.0,1.0,canonical MLP,mlp_add97_f0.3_wd1.0_softmax_ce_s1,1,13200
30700,1.0,1.0,canonical MLP,mlp_add97_f0.3_wd1.0_softmax_ce_s1,1,13200
30800,1.0,1.0,canonical MLP,mlp_add97_f0.3_wd1.0_softmax_ce_s1,1,13200
30900,1.0,1.0,canonical MLP,mlp_add97_f0.3_wd1.0_softmax_ce_s1,1,13200
31000,1.0,1.0,canonical MLP,mlp_add97_f0.3_wd1.0_softmax_ce_s1,1,13200
31100,1.0,1.0,canonical MLP,mlp_add97_f0.3_wd1.0_softmax_ce_s1,1,13200
31200,1.0,1.0,canonical MLP,mlp_add97_f0.3_wd1.0_softmax_ce_s1,1,13200
31300,1.0,1.0,canonical MLP,mlp_add97_f0.3_wd1.0_softmax_ce_s1,1,13200
31400,1.0,1.0,canonical MLP,mlp_add97_f0.3_wd1.0_softmax_ce_s1,1,13200
31500,1.0,1.0,canonical MLP,mlp_add97_f0.3_wd1.0_softmax_ce_s1,1,13200
31600,1.0,1.0,canonical MLP,mlp_add97_f0.3_wd1.0_softmax_ce_s1,1,13200
31700,1.0,1.0,canonical MLP,mlp_add97_f0.3_wd1.0_softmax_ce_s1,1,13200
31800,1.0,1.0,canonical MLP,mlp_add97_f0.3_wd1.0_softmax_ce_s1,1,13200
31900,1.0,1.0,canonical MLP,mlp_add97_f0.3_wd1.0_softmax_ce_s1,1,13200
32000,1.0,1.0,canonical MLP,mlp_add97_f0.3_wd1.0_softmax_ce_s1,1,13200
32100,1.0,1.0,canonical MLP,mlp_add97_f0.3_wd1.0_softmax_ce_s1,1,13200
32200,1.0,1.0,canonical MLP,mlp_add97_f0.3_wd1.0_softmax_ce_s1,1,13200
32300,1.0,1.0,canonical MLP,mlp_add97_f0.3_wd1.0_softmax_ce_s1,1,13200
32400,1.0,1.0,canonical MLP,mlp_add97_f0.3_wd1.0_softmax_ce_s1,1,13200
32500,1.0,1.0,canonical MLP,mlp_add97_f0.3_wd1.0_softmax_ce_s1,1,13200
32600,1.0,1.0,canonical MLP,mlp_add97_f0.3_wd1.0_softmax_ce_s1,1,13200
32700,1.0,1.0,canonical MLP,mlp_add97_f0.3_wd1.0_softmax_ce_s1,1,13200
32800,1.0,1.0,canonical MLP,mlp_add97_f0.3_wd1.0_softmax_ce_s1,1,13200
32900,1.0,1.0,canonical MLP,mlp_add97_f0.3_wd1.0_softmax_ce_s1,1,13200
33000,1.0,1.0,canonical MLP,mlp_add97_f0.3_wd1.0_softmax_ce_s1,1,13200
33100,1.0,1.0,canonical MLP,mlp_add97_f0.3_wd1.0_softmax_ce_s1,1,13200
33200,1.0,1.0,canonical MLP,mlp_add97_f0.3_wd1.0_softmax_ce_s1,1,13200
33300,1.0,1.0,canonical MLP,mlp_add97_f0.3_wd1.0_softmax_ce_s1,1,13200
33400,1.0,1.0,canonical MLP,mlp_add97_f0.3_wd1.0_softmax_ce_s1,1,13200
33500,1.0,1.0,canonical MLP,mlp_add97_f0.3_wd1.0_softmax_ce_s1,1,13200
33600,1.0,1.0,canonical MLP,mlp_add97_f0.3_wd1.0_softmax_ce_s1,1,13200
33700,1.0,1.0,canonical MLP,mlp_add97_f0.3_wd1.0_softmax_ce_s1,1,13200
33800,1.0,1.0,canonical MLP,mlp_add97_f0.3_wd1.0_softmax_ce_s1,1,13200
33900,1.0,1.0,canonical MLP,mlp_add97_f0.3_wd1.0_softmax_ce_s1,1,13200
34000,1.0,1.0,canonical MLP,mlp_add97_f0.3_wd1.0_softmax_ce_s1,1,13200
34100,1.0,1.0,canonical MLP,mlp_add97_f0.3_wd1.0_softmax_ce_s1,1,13200
34200,1.0,1.0,canonical MLP,mlp_add97_f0.3_wd1.0_softmax_ce_s1,1,13200
34300,1.0,1.0,canonical MLP,mlp_add97_f0.3_wd1.0_softmax_ce_s1,1,13200
34400,1.0,1.0,canonical MLP,mlp_add97_f0.3_wd1.0_softmax_ce_s1,1,13200
34500,1.0,1.0,canonical MLP,mlp_add97_f0.3_wd1.0_softmax_ce_s1,1,13200
34600,1.0,1.0,canonical MLP,mlp_add97_f0.3_wd1.0_softmax_ce_s1,1,13200
34700,1.0,1.0,canonical MLP,mlp_add97_f0.3_wd1.0_softmax_ce_s1,1,13200
34800,1.0,1.0,canonical MLP,mlp_add97_f0.3_wd1.0_softmax_ce_s1,1,13200
34900,1.0,1.0,canonical MLP,mlp_add97_f0.3_wd1.0_softmax_ce_s1,1,13200
35000,1.0,1.0,canonical MLP,mlp_add97_f0.3_wd1.0_softmax_ce_s1,1,13200
35100,1.0,1.0,canonical MLP,mlp_add97_f0.3_wd1.0_softmax_ce_s1,1,13200
35200,1.0,1.0,canonical MLP,mlp_add97_f0.3_wd1.0_softmax_ce_s1,1,13200
35300,1.0,1.0,canonical MLP,mlp_add97_f0.3_wd1.0_softmax_ce_s1,1,13200
35400,1.0,1.0,canonical MLP,mlp_add97_f0.3_wd1.0_softmax_ce_s1,1,13200
35500,1.0,1.0,canonical MLP,mlp_add97_f0.3_wd1.0_softmax_ce_s1,1,13200
35600,1.0,1.0,canonical MLP,mlp_add97_f0.3_wd1.0_softmax_ce_s1,1,13200
35700,1.0,1.0,canonical MLP,mlp_add97_f0.3_wd1.0_softmax_ce_s1,1,13200
35800,1.0,1.0,canonical MLP,mlp_add97_f0.3_wd1.0_softmax_ce_s1,1,13200
35900,1.0,1.0,canonical MLP,mlp_add97_f0.3_wd1.0_softmax_ce_s1,1,13200
36000,1.0,1.0,canonical MLP,mlp_add97_f0.3_wd1.0_softmax_ce_s1,1,13200
36100,1.0,1.0,canonical MLP,mlp_add97_f0.3_wd1.0_softmax_ce_s1,1,13200
36200,1.0,1.0,canonical MLP,mlp_add97_f0.3_wd1.0_softmax_ce_s1,1,13200
36300,1.0,1.0,canonical MLP,mlp_add97_f0.3_wd1.0_softmax_ce_s1,1,13200
36400,1.0,1.0,canonical MLP,mlp_add97_f0.3_wd1.0_softmax_ce_s1,1,13200
36500,1.0,1.0,canonical MLP,mlp_add97_f0.3_wd1.0_softmax_ce_s1,1,13200
36600,1.0,1.0,canonical MLP,mlp_add97_f0.3_wd1.0_softmax_ce_s1,1,13200
36700,1.0,1.0,canonical MLP,mlp_add97_f0.3_wd1.0_softmax_ce_s1,1,13200
36800,1.0,1.0,canonical MLP,mlp_add97_f0.3_wd1.0_softmax_ce_s1,1,13200
36900,1.0,1.0,canonical MLP,mlp_add97_f0.3_wd1.0_softmax_ce_s1,1,13200
37000,1.0,1.0,canonical MLP,mlp_add97_f0.3_wd1.0_softmax_ce_s1,1,13200
37100,1.0,1.0,canonical MLP,mlp_add97_f0.3_wd1.0_softmax_ce_s1,1,13200
37200,1.0,1.0,canonical MLP,mlp_add97_f0.3_wd1.0_softmax_ce_s1,1,13200
37300,1.0,1.0,canonical MLP,mlp_add97_f0.3_wd1.0_softmax_ce_s1,1,13200
37400,1.0,1.0,canonical MLP,mlp_add97_f0.3_wd1.0_softmax_ce_s1,1,13200
37500,1.0,1.0,canonical MLP,mlp_add97_f0.3_wd1.0_softmax_ce_s1,1,13200
37600,1.0,1.0,canonical MLP,mlp_add97_f0.3_wd1.0_softmax_ce_s1,1,13200
37700,1.0,1.0,canonical MLP,mlp_add97_f0.3_wd1.0_softmax_ce_s1,1,13200
37800,1.0,1.0,canonical MLP,mlp_add97_f0.3_wd1.0_softmax_ce_s1,1,13200
37900,1.0,1.0,canonical MLP,mlp_add97_f0.3_wd1.0_softmax_ce_s1,1,13200
38000,1.0,1.0,canonical MLP,mlp_add97_f0.3_wd1.0_softmax_ce_s1,1,13200
38100,1.0,1.0,canonical MLP,mlp_add97_f0.3_wd1.0_softmax_ce_s1,1,13200
38200,1.0,1.0,canonical MLP,mlp_add97_f0.3_wd1.0_softmax_ce_s1,1,13200
38300,1.0,1.0,canonical MLP,mlp_add97_f0.3_wd1.0_softmax_ce_s1,1,13200
38400,1.0,1.0,canonical MLP,mlp_add97_f0.3_wd1.0_softmax_ce_s1,1,13200
38500,1.0,1.0,canonical MLP,mlp_add97_f0.3_wd1.0_softmax_ce_s1,1,13200
38600,1.0,1.0,canonical MLP,mlp_add97_f0.3_wd1.0_softmax_ce_s1,1,13200
38700,1.0,1.0,canonical MLP,mlp_add97_f0.3_wd1.0_softmax_ce_s1,1,13200
38800,1.0,1.0,canonical MLP,mlp_add97_f0.3_wd1.0_softmax_ce_s1,1,13200
38900,1.0,1.0,canonical MLP,mlp_add97_f0.3_wd1.0_softmax_ce_s1,1,13200
39000,1.0,1.0,canonical MLP,mlp_add97_f0.3_wd1.0_softmax_ce_s1,1,13200
39100,1.0,1.0,canonical MLP,mlp_add97_f0.3_wd1.0_softmax_ce_s1,1,13200
39200,1.0,1.0,canonical MLP,mlp_add97_f0.3_wd1.0_softmax_ce_s1,1,13200
39300,1.0,1.0,canonical MLP,mlp_add97_f0.3_wd1.0_softmax_ce_s1,1,13200
39400,1.0,1.0,canonical MLP,mlp_add97_f0.3_wd1.0_softmax_ce_s1,1,13200
39500,1.0,1.0,canonical MLP,mlp_add97_f0.3_wd1.0_softmax_ce_s1,1,13200
39600,1.0,1.0,canonical MLP,mlp_add97_f0.3_wd1.0_softmax_ce_s1,1,13200
39700,1.0,1.0,canonical MLP,mlp_add97_f0.3_wd1.0_softmax_ce_s1,1,13200
39800,1.0,1.0,canonical MLP,mlp_add97_f0.3_wd1.0_softmax_ce_s1,1,13200
39900,1.0,1.0,canonical MLP,mlp_add97_f0.3_wd1.0_softmax_ce_s1,1,13200
40000,1.0,1.0,canonical MLP,mlp_add97_f0.3_wd1.0_softmax_ce_s1,1,13200
40100,1.0,1.0,canonical MLP,mlp_add97_f0.3_wd1.0_softmax_ce_s1,1,13200
40200,1.0,1.0,canonical MLP,mlp_add97_f0.3_wd1.0_softmax_ce_s1,1,13200
40300,1.0,1.0,canonical MLP,mlp_add97_f0.3_wd1.0_softmax_ce_s1,1,13200
40400,1.0,1.0,canonical MLP,mlp_add97_f0.3_wd1.0_softmax_ce_s1,1,13200
40500,1.0,1.0,canonical MLP,mlp_add97_f0.3_wd1.0_softmax_ce_s1,1,13200
40600,1.0,1.0,canonical MLP,mlp_add97_f0.3_wd1.0_softmax_ce_s1,1,13200
40700,1.0,1.0,canonical MLP,mlp_add97_f0.3_wd1.0_softmax_ce_s1,1,13200
40800,1.0,1.0,canonical MLP,mlp_add97_f0.3_wd1.0_softmax_ce_s1,1,13200
40900,1.0,1.0,canonical MLP,mlp_add97_f0.3_wd1.0_softmax_ce_s1,1,13200
41000,1.0,1.0,canonical MLP,mlp_add97_f0.3_wd1.0_softmax_ce_s1,1,13200
41100,1.0,1.0,canonical MLP,mlp_add97_f0.3_wd1.0_softmax_ce_s1,1,13200
41200,1.0,1.0,canonical MLP,mlp_add97_f0.3_wd1.0_softmax_ce_s1,1,13200
41300,1.0,1.0,canonical MLP,mlp_add97_f0.3_wd1.0_softmax_ce_s1,1,13200
41400,1.0,1.0,canonical MLP,mlp_add97_f0.3_wd1.0_softmax_ce_s1,1,13200
41500,1.0,1.0,canonical MLP,mlp_add97_f0.3_wd1.0_softmax_ce_s1,1,13200
41600,1.0,1.0,canonical MLP,mlp_add97_f0.3_wd1.0_softmax_ce_s1,1,13200
41700,1.0,1.0,canonical MLP,mlp_add97_f0.3_wd1.0_softmax_ce_s1,1,13200
41800,1.0,1.0,canonical MLP,mlp_add97_f0.3_wd1.0_softmax_ce_s1,1,13200
41900,1.0,1.0,canonical MLP,mlp_add97_f0.3_wd1.0_softmax_ce_s1,1,13200
42000,1.0,1.0,canonical MLP,mlp_add97_f0.3_wd1.0_softmax_ce_s1,1,13200
42100,1.0,1.0,canonical MLP,mlp_add97_f0.3_wd1.0_softmax_ce_s1,1,13200
42200,1.0,1.0,canonical MLP,mlp_add97_f0.3_wd1.0_softmax_ce_s1,1,13200
42300,1.0,1.0,canonical MLP,mlp_add97_f0.3_wd1.0_softmax_ce_s1,1,13200
42400,1.0,1.0,canonical MLP,mlp_add97_f0.3_wd1.0_softmax_ce_s1,1,13200
42500,1.0,1.0,canonical MLP,mlp_add97_f0.3_wd1.0_softmax_ce_s1,1,13200
42600,1.0,1.0,canonical MLP,mlp_add97_f0.3_wd1.0_softmax_ce_s1,1,13200
42700,1.0,1.0,canonical MLP,mlp_add97_f0.3_wd1.0_softmax_ce_s1,1,13200
42800,1.0,1.0,canonical MLP,mlp_add97_f0.3_wd1.0_softmax_ce_s1,1,13200
42900,1.0,1.0,canonical MLP,mlp_add97_f0.3_wd1.0_softmax_ce_s1,1,13200
43000,1.0,1.0,canonical MLP,mlp_add97_f0.3_wd1.0_softmax_ce_s1,1,13200
43100,1.0,1.0,canonical MLP,mlp_add97_f0.3_wd1.0_softmax_ce_s1,1,13200
43200,1.0,1.0,canonical MLP,mlp_add97_f0.3_wd1.0_softmax_ce_s1,1,13200
43300,1.0,1.0,canonical MLP,mlp_add97_f0.3_wd1.0_softmax_ce_s1,1,13200
43400,1.0,1.0,canonical MLP,mlp_add97_f0.3_wd1.0_softmax_ce_s1,1,13200
43500,1.0,1.0,canonical MLP,mlp_add97_f0.3_wd1.0_softmax_ce_s1,1,13200
43600,1.0,1.0,canonical MLP,mlp_add97_f0.3_wd1.0_softmax_ce_s1,1,13200
43700,1.0,1.0,canonical MLP,mlp_add97_f0.3_wd1.0_softmax_ce_s1,1,13200
43800,1.0,1.0,canonical MLP,mlp_add97_f0.3_wd1.0_softmax_ce_s1,1,13200
43900,1.0,1.0,canonical MLP,mlp_add97_f0.3_wd1.0_softmax_ce_s1,1,13200
44000,1.0,1.0,canonical MLP,mlp_add97_f0.3_wd1.0_softmax_ce_s1,1,13200
44100,1.0,1.0,canonical MLP,mlp_add97_f0.3_wd1.0_softmax_ce_s1,1,13200
44200,1.0,1.0,canonical MLP,mlp_add97_f0.3_wd1.0_softmax_ce_s1,1,13200
44300,1.0,1.0,canonical MLP,mlp_add97_f0.3_wd1.0_softmax_ce_s1,1,13200
44400,1.0,1.0,canonical MLP,mlp_add97_f0.3_wd1.0_softmax_ce_s1,1,13200
44500,1.0,1.0,canonical MLP,mlp_add97_f0.3_wd1.0_softmax_ce_s1,1,13200
44600,1.0,1.0,canonical MLP,mlp_add97_f0.3_wd1.0_softmax_ce_s1,1,13200
44700,1.0,1.0,canonical MLP,mlp_add97_f0.3_wd1.0_softmax_ce_s1,1,13200
44800,1.0,1.0,canonical MLP,mlp_add97_f0.3_wd1.0_softmax_ce_s1,1,13200
44900,1.0,1.0,canonical MLP,mlp_add97_f0.3_wd1.0_softmax_ce_s1,1,13200
45000,1.0,1.0,canonical MLP,mlp_add97_f0.3_wd1.0_softmax_ce_s1,1,13200
45100,1.0,1.0,canonical MLP,mlp_add97_f0.3_wd1.0_softmax_ce_s1,1,13200
45200,1.0,1.0,canonical MLP,mlp_add97_f0.3_wd1.0_softmax_ce_s1,1,13200
45300,1.0,1.0,canonical MLP,mlp_add97_f0.3_wd1.0_softmax_ce_s1,1,13200
45400,1.0,1.0,canonical MLP,mlp_add97_f0.3_wd1.0_softmax_ce_s1,1,13200
45500,1.0,1.0,canonical MLP,mlp_add97_f0.3_wd1.0_softmax_ce_s1,1,13200
45600,1.0,1.0,canonical MLP,mlp_add97_f0.3_wd1.0_softmax_ce_s1,1,13200
45700,1.0,1.0,canonical MLP,mlp_add97_f0.3_wd1.0_softmax_ce_s1,1,13200
45800,1.0,1.0,canonical MLP,mlp_add97_f0.3_wd1.0_softmax_ce_s1,1,13200
45900,1.0,1.0,canonical MLP,mlp_add97_f0.3_wd1.0_softmax_ce_s1,1,13200
46000,1.0,1.0,canonical MLP,mlp_add97_f0.3_wd1.0_softmax_ce_s1,1,13200
46100,1.0,1.0,canonical MLP,mlp_add97_f0.3_wd1.0_softmax_ce_s1,1,13200
46200,1.0,1.0,canonical MLP,mlp_add97_f0.3_wd1.0_softmax_ce_s1,1,13200
46300,1.0,1.0,canonical MLP,mlp_add97_f0.3_wd1.0_softmax_ce_s1,1,13200
46400,1.0,1.0,canonical MLP,mlp_add97_f0.3_wd1.0_softmax_ce_s1,1,13200
46500,1.0,1.0,canonical MLP,mlp_add97_f0.3_wd1.0_softmax_ce_s1,1,13200
46600,1.0,1.0,canonical MLP,mlp_add97_f0.3_wd1.0_softmax_ce_s1,1,13200
46700,1.0,1.0,canonical MLP,mlp_add97_f0.3_wd1.0_softmax_ce_s1,1,13200
46800,1.0,1.0,canonical MLP,mlp_add97_f0.3_wd1.0_softmax_ce_s1,1,13200
46900,1.0,1.0,canonical MLP,mlp_add97_f0.3_wd1.0_softmax_ce_s1,1,13200
47000,1.0,1.0,canonical MLP,mlp_add97_f0.3_wd1.0_softmax_ce_s1,1,13200
47100,1.0,1.0,canonical MLP,mlp_add97_f0.3_wd1.0_softmax_ce_s1,1,13200
47200,1.0,1.0,canonical MLP,mlp_add97_f0.3_wd1.0_softmax_ce_s1,1,13200
47300,1.0,1.0,canonical MLP,mlp_add97_f0.3_wd1.0_softmax_ce_s1,1,13200
47400,1.0,1.0,canonical MLP,mlp_add97_f0.3_wd1.0_softmax_ce_s1,1,13200
47500,1.0,1.0,canonical MLP,mlp_add97_f0.3_wd1.0_softmax_ce_s1,1,13200
47600,1.0,1.0,canonical MLP,mlp_add97_f0.3_wd1.0_softmax_ce_s1,1,13200
47700,1.0,1.0,canonical MLP,mlp_add97_f0.3_wd1.0_softmax_ce_s1,1,13200
47800,1.0,1.0,canonical MLP,mlp_add97_f0.3_wd1.0_softmax_ce_s1,1,13200
47900,1.0,1.0,canonical MLP,mlp_add97_f0.3_wd1.0_softmax_ce_s1,1,13200
48000,1.0,1.0,canonical MLP,mlp_add97_f0.3_wd1.0_softmax_ce_s1,1,13200
48100,1.0,1.0,canonical MLP,mlp_add97_f0.3_wd1.0_softmax_ce_s1,1,13200
48200,1.0,1.0,canonical MLP,mlp_add97_f0.3_wd1.0_softmax_ce_s1,1,13200
48300,1.0,1.0,canonical MLP,mlp_add97_f0.3_wd1.0_softmax_ce_s1,1,13200
48400,1.0,1.0,canonical MLP,mlp_add97_f0.3_wd1.0_softmax_ce_s1,1,13200
48500,1.0,1.0,canonical MLP,mlp_add97_f0.3_wd1.0_softmax_ce_s1,1,13200
48600,1.0,1.0,canonical MLP,mlp_add97_f0.3_wd1.0_softmax_ce_s1,1,13200
48700,1.0,1.0,canonical MLP,mlp_add97_f0.3_wd1.0_softmax_ce_s1,1,13200
48800,1.0,1.0,canonical MLP,mlp_add97_f0.3_wd1.0_softmax_ce_s1,1,13200
48900,1.0,1.0,canonical MLP,mlp_add97_f0.3_wd1.0_softmax_ce_s1,1,13200
49000,1.0,1.0,canonical MLP,mlp_add97_f0.3_wd1.0_softmax_ce_s1,1,13200
49100,1.0,1.0,canonical MLP,mlp_add97_f0.3_wd1.0_softmax_ce_s1,1,13200
49200,1.0,1.0,canonical MLP,mlp_add97_f0.3_wd1.0_softmax_ce_s1,1,13200
49300,1.0,1.0,canonical MLP,mlp_add97_f0.3_wd1.0_softmax_ce_s1,1,13200
49400,1.0,1.0,canonical MLP,mlp_add97_f0.3_wd1.0_softmax_ce_s1,1,13200
49500,1.0,1.0,canonical MLP,mlp_add97_f0.3_wd1.0_softmax_ce_s1,1,13200
49600,1.0,1.0,canonical MLP,mlp_add97_f0.3_wd1.0_softmax_ce_s1,1,13200
49700,1.0,1.0,canonical MLP,mlp_add97_f0.3_wd1.0_softmax_ce_s1,1,13200
49800,1.0,1.0,canonical MLP,mlp_add97_f0.3_wd1.0_softmax_ce_s1,1,13200
49900,1.0,1.0,canonical MLP,mlp_add97_f0.3_wd1.0_softmax_ce_s1,1,13200
50000,1.0,1.0,canonical MLP,mlp_add97_f0.3_wd1.0_softmax_ce_s1,1,13200
50100,1.0,1.0,canonical MLP,mlp_add97_f0.3_wd1.0_softmax_ce_s1,1,13200
50200,1.0,1.0,canonical MLP,mlp_add97_f0.3_wd1.0_softmax_ce_s1,1,13200
50300,1.0,1.0,canonical MLP,mlp_add97_f0.3_wd1.0_softmax_ce_s1,1,13200
50400,1.0,1.0,canonical MLP,mlp_add97_f0.3_wd1.0_softmax_ce_s1,1,13200
50500,1.0,1.0,canonical MLP,mlp_add97_f0.3_wd1.0_softmax_ce_s1,1,13200
50600,1.0,1.0,canonical MLP,mlp_add97_f0.3_wd1.0_softmax_ce_s1,1,13200
50700,1.0,1.0,canonical MLP,mlp_add97_f0.3_wd1.0_softmax_ce_s1,1,13200
50800,1.0,1.0,canonical MLP,mlp_add97_f0.3_wd1.0_softmax_ce_s1,1,13200
50900,1.0,1.0,canonical MLP,mlp_add97_f0.3_wd1.0_softmax_ce_s1,1,13200
51000,1.0,1.0,canonical MLP,mlp_add97_f0.3_wd1.0_softmax_ce_s1,1,13200
51100,1.0,1.0,canonical MLP,mlp_add97_f0.3_wd1.0_softmax_ce_s1,1,13200
51200,1.0,1.0,canonical MLP,mlp_add97_f0.3_wd1.0_softmax_ce_s1,1,13200
51300,1.0,1.0,canonical MLP,mlp_add97_f0.3_wd1.0_softmax_ce_s1,1,13200
51400,1.0,1.0,canonical MLP,mlp_add97_f0.3_wd1.0_softmax_ce_s1,1,13200
51500,1.0,1.0,canonical MLP,mlp_add97_f0.3_wd1.0_softmax_ce_s1,1,13200
51600,1.0,1.0,canonical MLP,mlp_add97_f0.3_wd1.0_softmax_ce_s1,1,13200
51700,1.0,1.0,canonical MLP,mlp_add97_f0.3_wd1.0_softmax_ce_s1,1,13200
51800,1.0,1.0,canonical MLP,mlp_add97_f0.3_wd1.0_softmax_ce_s1,1,13200
51900,1.0,1.0,canonical MLP,mlp_add97_f0.3_wd1.0_softmax_ce_s1,1,13200
52000,1.0,1.0,canonical MLP,mlp_add97_f0.3_wd1.0_softmax_ce_s1,1,13200
52100,1.0,1.0,canonical MLP,mlp_add97_f0.3_wd1.0_softmax_ce_s1,1,13200
52200,1.0,1.0,canonical MLP,mlp_add97_f0.3_wd1.0_softmax_ce_s1,1,13200
52300,1.0,1.0,canonical MLP,mlp_add97_f0.3_wd1.0_softmax_ce_s1,1,13200
52400,1.0,1.0,canonical MLP,mlp_add97_f0.3_wd1.0_softmax_ce_s1,1,13200
52500,1.0,1.0,canonical MLP,mlp_add97_f0.3_wd1.0_softmax_ce_s1,1,13200
52600,1.0,1.0,canonical MLP,mlp_add97_f0.3_wd1.0_softmax_ce_s1,1,13200
52700,1.0,1.0,canonical MLP,mlp_add97_f0.3_wd1.0_softmax_ce_s1,1,13200
52800,1.0,1.0,canonical MLP,mlp_add97_f0.3_wd1.0_softmax_ce_s1,1,13200
52900,1.0,1.0,canonical MLP,mlp_add97_f0.3_wd1.0_softmax_ce_s1,1,13200
53000,1.0,1.0,canonical MLP,mlp_add97_f0.3_wd1.0_softmax_ce_s1,1,13200
53100,1.0,1.0,canonical MLP,mlp_add97_f0.3_wd1.0_softmax_ce_s1,1,13200
53200,1.0,1.0,canonical MLP,mlp_add97_f0.3_wd1.0_softmax_ce_s1,1,13200
53300,1.0,1.0,canonical MLP,mlp_add97_f0.3_wd1.0_softmax_ce_s1,1,13200
53400,1.0,1.0,canonical MLP,mlp_add97_f0.3_wd1.0_softmax_ce_s1,1,13200
53500,1.0,1.0,canonical MLP,mlp_add97_f0.3_wd1.0_softmax_ce_s1,1,13200
53600,1.0,1.0,canonical MLP,mlp_add97_f0.3_wd1.0_softmax_ce_s1,1,13200
53700,1.0,1.0,canonical MLP,mlp_add97_f0.3_wd1.0_softmax_ce_s1,1,13200
53800,1.0,1.0,canonical MLP,mlp_add97_f0.3_wd1.0_softmax_ce_s1,1,13200
53900,1.0,1.0,canonical MLP,mlp_add97_f0.3_wd1.0_softmax_ce_s1,1,13200
54000,1.0,1.0,canonical MLP,mlp_add97_f0.3_wd1.0_softmax_ce_s1,1,13200
54100,1.0,1.0,canonical MLP,mlp_add97_f0.3_wd1.0_softmax_ce_s1,1,13200
54200,1.0,1.0,canonical MLP,mlp_add97_f0.3_wd1.0_softmax_ce_s1,1,13200
54300,1.0,1.0,canonical MLP,mlp_add97_f0.3_wd1.0_softmax_ce_s1,1,13200
54400,1.0,1.0,canonical MLP,mlp_add97_f0.3_wd1.0_softmax_ce_s1,1,13200
54500,1.0,1.0,canonical MLP,mlp_add97_f0.3_wd1.0_softmax_ce_s1,1,13200
54600,1.0,1.0,canonical MLP,mlp_add97_f0.3_wd1.0_softmax_ce_s1,1,13200
54700,1.0,1.0,canonical MLP,mlp_add97_f0.3_wd1.0_softmax_ce_s1,1,13200
54800,1.0,1.0,canonical MLP,mlp_add97_f0.3_wd1.0_softmax_ce_s1,1,13200
54900,1.0,1.0,canonical MLP,mlp_add97_f0.3_wd1.0_softmax_ce_s1,1,13200
55000,1.0,1.0,canonical MLP,mlp_add97_f0.3_wd1.0_softmax_ce_s1,1,13200
55100,1.0,1.0,canonical MLP,mlp_add97_f0.3_wd1.0_softmax_ce_s1,1,13200
55200,1.0,1.0,canonical MLP,mlp_add97_f0.3_wd1.0_softmax_ce_s1,1,13200
55300,1.0,1.0,canonical MLP,mlp_add97_f0.3_wd1.0_softmax_ce_s1,1,13200
55400,1.0,1.0,canonical MLP,mlp_add97_f0.3_wd1.0_softmax_ce_s1,1,13200
55500,1.0,1.0,canonical MLP,mlp_add97_f0.3_wd1.0_softmax_ce_s1,1,13200
55600,1.0,1.0,canonical MLP,mlp_add97_f0.3_wd1.0_softmax_ce_s1,1,13200
55700,1.0,1.0,canonical MLP,mlp_add97_f0.3_wd1.0_softmax_ce_s1,1,13200
55800,1.0,1.0,canonical MLP,mlp_add97_f0.3_wd1.0_softmax_ce_s1,1,13200
55900,1.0,1.0,canonical MLP,mlp_add97_f0.3_wd1.0_softmax_ce_s1,1,13200
56000,1.0,1.0,canonical MLP,mlp_add97_f0.3_wd1.0_softmax_ce_s1,1,13200
56100,1.0,1.0,canonical MLP,mlp_add97_f0.3_wd1.0_softmax_ce_s1,1,13200
56200,1.0,1.0,canonical MLP,mlp_add97_f0.3_wd1.0_softmax_ce_s1,1,13200
56300,1.0,1.0,canonical MLP,mlp_add97_f0.3_wd1.0_softmax_ce_s1,1,13200
56400,1.0,1.0,canonical MLP,mlp_add97_f0.3_wd1.0_softmax_ce_s1,1,13200
56500,1.0,1.0,canonical MLP,mlp_add97_f0.3_wd1.0_softmax_ce_s1,1,13200
56600,1.0,1.0,canonical MLP,mlp_add97_f0.3_wd1.0_softmax_ce_s1,1,13200
56700,1.0,1.0,canonical MLP,mlp_add97_f0.3_wd1.0_softmax_ce_s1,1,13200
56800,1.0,1.0,canonical MLP,mlp_add97_f0.3_wd1.0_softmax_ce_s1,1,13200
56900,1.0,1.0,canonical MLP,mlp_add97_f0.3_wd1.0_softmax_ce_s1,1,13200
57000,1.0,1.0,canonical MLP,mlp_add97_f0.3_wd1.0_softmax_ce_s1,1,13200
57100,1.0,1.0,canonical MLP,mlp_add97_f0.3_wd1.0_softmax_ce_s1,1,13200
57200,1.0,1.0,canonical MLP,mlp_add97_f0.3_wd1.0_softmax_ce_s1,1,13200
57300,1.0,1.0,canonical MLP,mlp_add97_f0.3_wd1.0_softmax_ce_s1,1,13200
57400,1.0,1.0,canonical MLP,mlp_add97_f0.3_wd1.0_softmax_ce_s1,1,13200
57500,1.0,1.0,canonical MLP,mlp_add97_f0.3_wd1.0_softmax_ce_s1,1,13200
57600,1.0,1.0,canonical MLP,mlp_add97_f0.3_wd1.0_softmax_ce_s1,1,13200
57700,1.0,1.0,canonical MLP,mlp_add97_f0.3_wd1.0_softmax_ce_s1,1,13200
57800,1.0,1.0,canonical MLP,mlp_add97_f0.3_wd1.0_softmax_ce_s1,1,13200
57900,1.0,1.0,canonical MLP,mlp_add97_f0.3_wd1.0_softmax_ce_s1,1,13200
58000,1.0,1.0,canonical MLP,mlp_add97_f0.3_wd1.0_softmax_ce_s1,1,13200
58100,1.0,1.0,canonical MLP,mlp_add97_f0.3_wd1.0_softmax_ce_s1,1,13200
58200,1.0,1.0,canonical MLP,mlp_add97_f0.3_wd1.0_softmax_ce_s1,1,13200
58300,1.0,1.0,canonical MLP,mlp_add97_f0.3_wd1.0_softmax_ce_s1,1,13200
58400,1.0,1.0,canonical MLP,mlp_add97_f0.3_wd1.0_softmax_ce_s1,1,13200
58500,1.0,1.0,canonical MLP,mlp_add97_f0.3_wd1.0_softmax_ce_s1,1,13200
58600,1.0,1.0,canonical MLP,mlp_add97_f0.3_wd1.0_softmax_ce_s1,1,13200
58700,1.0,1.0,canonical MLP,mlp_add97_f0.3_wd1.0_softmax_ce_s1,1,13200
58800,1.0,1.0,canonical MLP,mlp_add97_f0.3_wd1.0_softmax_ce_s1,1,13200
58900,1.0,1.0,canonical MLP,mlp_add97_f0.3_wd1.0_softmax_ce_s1,1,13200
59000,1.0,1.0,canonical MLP,mlp_add97_f0.3_wd1.0_softmax_ce_s1,1,13200
59100,1.0,1.0,canonical MLP,mlp_add97_f0.3_wd1.0_softmax_ce_s1,1,13200
59200,1.0,1.0,canonical MLP,mlp_add97_f0.3_wd1.0_softmax_ce_s1,1,13200
59300,1.0,1.0,canonical MLP,mlp_add97_f0.3_wd1.0_softmax_ce_s1,1,13200
59400,1.0,1.0,canonical MLP,mlp_add97_f0.3_wd1.0_softmax_ce_s1,1,13200
59500,1.0,1.0,canonical MLP,mlp_add97_f0.3_wd1.0_softmax_ce_s1,1,13200
59600,1.0,1.0,canonical MLP,mlp_add97_f0.3_wd1.0_softmax_ce_s1,1,13200
59700,1.0,1.0,canonical MLP,mlp_add97_f0.3_wd1.0_softmax_ce_s1,1,13200
59800,1.0,1.0,canonical MLP,mlp_add97_f0.3_wd1.0_softmax_ce_s1,1,13200
59900,1.0,1.0,canonical MLP,mlp_add97_f0.3_wd1.0_softmax_ce_s1,1,13200
60000,1.0,1.0,canonical MLP,mlp_add97_f0.3_wd1.0_softmax_ce_s1,1,13200
0,0.00743889482691884,0.0110841179266572,canonical MLP,mlp_add97_f0.3_wd1.0_softmax_ce_s2,2,12100
100,1.0,0.0,canonical MLP,mlp_add97_f0.3_wd1.0_softmax_ce_s2,2,12100
200,1.0,0.0,canonical MLP,mlp_add97_f0.3_wd1.0_softmax_ce_s2,2,12100
300,1.0,0.0,canonical MLP,mlp_add97_f0.3_wd1.0_softmax_ce_s2,2,12100
400,1.0,0.0,canonical MLP,mlp_add97_f0.3_wd1.0_softmax_ce_s2,2,12100
500,1.0,0.0,canonical MLP,mlp_add97_f0.3_wd1.0_softmax_ce_s2,2,12100
600,1.0,0.0001518372300779447,canonical MLP,mlp_add97_f0.3_wd1.0_softmax_ce_s2,2,12100
700,1.0,0.0001518372300779447,canonical MLP,mlp_add97_f0.3_wd1.0_softmax_ce_s2,2,12100
800,1.0,0.00045551167568191886,canonical MLP,mlp_add97_f0.3_wd1.0_softmax_ce_s2,2,12100
900,1.0,0.00045551167568191886,canonical MLP,mlp_add97_f0.3_wd1.0_softmax_ce_s2,2,12100
1000,1.0,0.0003036744601558894,canonical MLP,mlp_add97_f0.3_wd1.0_softmax_ce_s2,2,12100
1100,1.0,0.0003036744601558894,canonical MLP,mlp_add97_f0.3_wd1.0_softmax_ce_s2,2,12100
1200,1.0,0.0003036744601558894,canonical MLP,mlp_add97_f0.3_wd1.0_softmax_ce_s2,2,12100
1300,1.0,0.0001518372300779447,canonical MLP,mlp_add97_f0.3_wd1.0_softmax_ce_s2,2,12100
1400,1.0,0.0001518372300779447,canonical MLP,mlp_add97_f0.3_wd1.0_softmax_ce_s2,2,12100
1500,1.0,0.0001518372300779447,canonical MLP,mlp_add97_f0.3_wd1.0_softmax_ce_s2,2,12100
1600,1.0,0.0003036744601558894,canonical MLP,mlp_add97_f0.3_wd1.0_softmax_ce_s2,2,12100
1700,1.0,0.0003036744601558894,canonical MLP,mlp_add97_f0.3_wd1.0_softmax_ce_s2,2,12100
1800,1.0,0.0003036744601558894,canonical MLP,mlp_add97_f0.3_wd1.0_softmax_ce_s2,2,12100
1900,1.0,0.0003036744601558894,canonical MLP,mlp_add97_f0.3_wd1.0_softmax_ce_s2,2,12100
2000,1.0,0.0003036744601558894,canonical MLP,mlp_add97_f0.3_wd1.0_softmax_ce_s2,2,12100
2100,1.0,0.0003036744601558894,canonical MLP,mlp_add97_f0.3_wd1.0_softmax_ce_s2,2,12100
2200,1.0,0.0003036744601558894,canonical MLP,mlp_add97_f0.3_wd1.0_softmax_ce_s2,2,12100
2300,1.0,0.0003036744601558894,canonical MLP,mlp_add97_f0.3_wd1.0_softmax_ce_s2,2,12100
2400,1.0,0.0003036744601558894,canonical MLP,mlp_add97_f0.3_wd1.0_softmax_ce_s2,2,12100
2500,1.0,0.0001518372300779447,canonical MLP,mlp_add97_f0.3_wd1.0_softmax_ce_s2,2,12100
2600,1.0,0.0001518372300779447,canonical MLP,mlp_add97_f0.3_wd1.0_softmax_ce_s2,2,12100
2700,1.0,0.0001518372300779447,canonical MLP,mlp_add97_f0.3_wd1.0_softmax_ce_s2,2,12100
2800,1.0,0.0001518372300779447,canonical MLP,mlp_add97_f0.3_wd1.0_softmax_ce_s2,2,12100
2900,1.0,0.0001518372300779447,canonical MLP,mlp_add97_f0.3_wd1.0_softmax_ce_s2,2,12100
3000,1.0,0.0001518372300779447,canonical MLP,mlp_add97_f0.3_wd1.0_softmax_ce_s2,2,12100
3100,1.0,0.0001518372300779447,canonical MLP,mlp_add97_f0.3_wd1.0_softmax_ce_s2,2,12100
3200,1.0,0.0006073489203117788,canonical MLP,mlp_add97_f0.3_wd1.0_softmax_ce_s2,2,12100
3300,1.0,0.0006073489203117788,canonical MLP,mlp_add97_f0.3_wd1.0_softmax_ce_s2,2,12100
3400,1.0,0.0006073489203117788,canonical MLP,mlp_add97_f0.3_wd1.0_softmax_ce_s2,2,12100
3500,1.0,0.0006073489203117788,canonical MLP,mlp_add97_f0.3_wd1.0_softmax_ce_s2,2,12100
3600,1.0,0.00045551167568191886,canonical MLP,mlp_add97_f0.3_wd1.0_softmax_ce_s2,2,12100
3700,1.0,0.00045551167568191886,canonical MLP,mlp_add97_f0.3_wd1.0_softmax_ce_s2,2,12100
3800,1.0,0.00045551167568191886,canonical MLP,mlp_add97_f0.3_wd1.0_softmax_ce_s2,2,12100
3900,1.0,0.0006073489203117788,canonical MLP,mlp_add97_f0.3_wd1.0_softmax_ce_s2,2,12100
4000,1.0,0.00045551167568191886,canonical MLP,mlp_add97_f0.3_wd1.0_softmax_ce_s2,2,12100
4100,1.0,0.00045551167568191886,canonical MLP,mlp_add97_f0.3_wd1.0_softmax_ce_s2,2,12100
4200,1.0,0.0003036744601558894,canonical MLP,mlp_add97_f0.3_wd1.0_softmax_ce_s2,2,12100
4300,1.0,0.00045551167568191886,canonical MLP,mlp_add97_f0.3_wd1.0_softmax_ce_s2,2,12100
4400,1.0,0.00045551167568191886,canonical MLP,mlp_add97_f0.3_wd1.0_softmax_ce_s2,2,12100
4500,1.0,0.00045551167568191886,canonical MLP,mlp_add97_f0.3_wd1.0_softmax_ce_s2,2,12100
4600,1.0,0.00045551167568191886,canonical MLP,mlp_add97_f0.3_wd1.0_softmax_ce_s2,2,12100
4700,1.0,0.00045551167568191886,canonical MLP,mlp_add97_f0.3_wd1.0_softmax_ce_s2,2,12100
4800,1.0,0.00045551167568191886,canonical MLP,mlp_add97_f0.3_wd1.0_softmax_ce_s2,2,12100
4900,1.0,0.00045551167568191886,canonical MLP,mlp_add97_f0.3_wd1.0_softmax_ce_s2,2,12100
5000,1.0,0.00045551167568191886,canonical MLP,mlp_add97_f0.3_wd1.0_softmax_ce_s2,2,12100
5100,1.0,0.0006073489203117788,canonical MLP,mlp_add97_f0.3_wd1.0_softmax_ce_s2,2,12100
5200,1.0,0.0007591861649416387,canonical MLP,mlp_add97_f0.3_wd1.0_softmax_ce_s2,2,12100
5300,1.0,0.0007591861649416387,canonical MLP,mlp_add97_f0.3_wd1.0_softmax_ce_s2,2,12100
5400,1.0,0.0007591861649416387,canonical MLP,mlp_add97_f0.3_wd1.0_softmax_ce_s2,2,12100
5500,1.0,0.0009110233513638377,canonical MLP,mlp_add97_f0.3_wd1.0_softmax_ce_s2,2,12100
5600,1.0,0.0009110233513638377,canonical MLP,mlp_add97_f0.3_wd1.0_softmax_ce_s2,2,12100
5700,1.0,0.0009110233513638377,canonical MLP,mlp_add97_f0.3_wd1.0_softmax_ce_s2,2,12100
5800,1.0,0.0010628605959936976,canonical MLP,mlp_add97_f0.3_wd1.0_softmax_ce_s2,2,12100
5900,1.0,0.0012146978406235576,canonical MLP,mlp_add97_f0.3_wd1.0_softmax_ce_s2,2,12100
6000,1.0,0.0013665350852534175,canonical MLP,mlp_add97_f0.3_wd1.0_softmax_ce_s2,2,12100
6100,1.0,0.0013665350852534175,canonical MLP,mlp_add97_f0.3_wd1.0_softmax_ce_s2,2,12100
6200,1.0,0.0012146978406235576,canonical MLP,mlp_add97_f0.3_wd1.0_softmax_ce_s2,2,12100
6300,1.0,0.0012146978406235576,canonical MLP,mlp_add97_f0.3_wd1.0_softmax_ce_s2,2,12100
6400,1.0,0.0012146978406235576,canonical MLP,mlp_add97_f0.3_wd1.0_softmax_ce_s2,2,12100
6500,1.0,0.0013665350852534175,canonical MLP,mlp_add97_f0.3_wd1.0_softmax_ce_s2,2,12100
6600,1.0,0.0016702095745131373,canonical MLP,mlp_add97_f0.3_wd1.0_softmax_ce_s2,2,12100
6700,1.0,0.0019738839473575354,canonical MLP,mlp_add97_f0.3_wd1.0_softmax_ce_s2,2,12100
6800,1.0,0.0019738839473575354,canonical MLP,mlp_add97_f0.3_wd1.0_softmax_ce_s2,2,12100
6900,1.0,0.0021257211919873953,canonical MLP,mlp_add97_f0.3_wd1.0_softmax_ce_s2,2,12100
7000,1.0,0.002277558436617255,canonical MLP,mlp_add97_f0.3_wd1.0_softmax_ce_s2,2,12100
7100,1.0,0.002429395681247115,canonical MLP,mlp_add97_f0.3_wd1.0_softmax_ce_s2,2,12100
7200,1.0,0.002429395681247115,canonical MLP,mlp_add97_f0.3_wd1.0_softmax_ce_s2,2,12100
7300,1.0,0.002581232925876975,canonical MLP,mlp_add97_f0.3_wd1.0_softmax_ce_s2,2,12100
7400,1.0,0.002884907415136695,canonical MLP,mlp_add97_f0.3_wd1.0_softmax_ce_s2,2,12100
7500,1.0,0.0031885819043964148,canonical MLP,mlp_add97_f0.3_wd1.0_softmax_ce_s2,2,12100
7600,1.0,0.0034922563936561346,canonical MLP,mlp_add97_f0.3_wd1.0_softmax_ce_s2,2,12100
7700,1.0,0.003947767894715071,canonical MLP,mlp_add97_f0.3_wd1.0_softmax_ce_s2,2,12100
7800,1.0,0.004251442383974791,canonical MLP,mlp_add97_f0.3_wd1.0_softmax_ce_s2,2,12100
7900,1.0,0.00470695411786437,canonical MLP,mlp_add97_f0.3_wd1.0_softmax_ce_s2,2,12100
8000,1.0,0.00470695411786437,canonical MLP,mlp_add97_f0.3_wd1.0_softmax_ce_s2,2,12100
8100,1.0,0.00501062860712409,canonical MLP,mlp_add97_f0.3_wd1.0_softmax_ce_s2,2,12100
8200,1.0,0.00546614034101367,canonical MLP,mlp_add97_f0.3_wd1.0_softmax_ce_s2,2,12100
8300,1.0,0.006832675542682409,canonical MLP,mlp_add97_f0.3_wd1.0_softmax_ce_s2,2,12100
8400,1.0,0.007136350031942129,canonical MLP,mlp_add97_f0.3_wd1.0_softmax_ce_s2,2,12100
8500,1.0,0.007895535789430141,canonical MLP,mlp_add97_f0.3_wd1.0_softmax_ce_s2,2,12100
8600,1.0,0.008654722012579441,canonical MLP,mlp_add97_f0.3_wd1.0_softmax_ce_s2,2,12100
8700,1.0,0.00971758272498846,canonical MLP,mlp_add97_f0.3_wd1.0_softmax_ce_s2,2,12100
8800,1.0,0.01138779241591692,canonical MLP,mlp_add97_f0.3_wd1.0_softmax_ce_s2,2,12100
8900,1.0,0.013513513840734959,canonical MLP,mlp_add97_f0.3_wd1.0_softmax_ce_s2,2,12100
9000,1.0,0.015335559844970703,canonical MLP,mlp_add97_f0.3_wd1.0_softmax_ce_s2,2,12100
9100,1.0,0.017309444025158882,canonical MLP,mlp_add97_f0.3_wd1.0_softmax_ce_s2,2,12100
9200,1.0,0.01973883993923664,canonical MLP,mlp_add97_f0.3_wd1.0_softmax_ce_s2,2,12100
9300,1.0,0.02247191034257412,canonical MLP,mlp_add97_f0.3_wd1.0_softmax_ce_s2,2,12100
9400,1.0,0.025964166969060898,canonical MLP,mlp_add97_f0.3_wd1.0_softmax_ce_s2,2,12100
9500,1.0,0.030974794179201126,canonical MLP,mlp_add97_f0.3_wd1.0_softmax_ce_s2,2,12100
9600,1.0,0.03644093498587608,canonical MLP,mlp_add97_f0.3_wd1.0_softmax_ce_s2,2,12100
9700,1.0,0.04403279721736908,canonical MLP,mlp_add97_f0.3_wd1.0_softmax_ce_s2,2,12100
9800,1.0,0.05025812238454819,canonical MLP,mlp_add97_f0.3_wd1.0_softmax_ce_s2,2,12100
9900,1.0,0.05845733359456062,canonical MLP,mlp_add97_f0.3_wd1.0_softmax_ce_s2,2,12100
10000,1.0,0.06938961148262024,canonical MLP,mlp_add97_f0.3_wd1.0_softmax_ce_s2,2,12100
10100,1.0,0.08001822233200073,canonical MLP,mlp_add97_f0.3_wd1.0_softmax_ce_s2,2,12100
10200,1.0,0.09353173524141312,canonical MLP,mlp_add97_f0.3_wd1.0_softmax_ce_s2,2,12100
10300,1.0,0.1100819930434227,canonical MLP,mlp_add97_f0.3_wd1.0_softmax_ce_s2,2,12100
10400,1.0,0.12966899573802948,canonical MLP,mlp_add97_f0.3_wd1.0_softmax_ce_s2,2,12100
10500,1.0,0.15335559844970703,canonical MLP,mlp_add97_f0.3_wd1.0_softmax_ce_s2,2,12100
10600,1.0,0.17506831884384155,canonical MLP,mlp_add97_f0.3_wd1.0_softmax_ce_s2,2,12100
10700,1.0,0.20406924188137054,canonical MLP,mlp_add97_f0.3_wd1.0_softmax_ce_s2,2,12100
10800,1.0,0.23504403233528137,canonical MLP,mlp_add97_f0.3_wd1.0_softmax_ce_s2,2,12100
10900,1.0,0.27178865671157837,canonical MLP,mlp_add97_f0.3_wd1.0_softmax_ce_s2,2,12100
11000,1.0,0.31430307030677795,canonical MLP,mlp_add97_f0.3_wd1.0_softmax_ce_s2,2,12100
11100,1.0,0.3606134355068207,canonical MLP,mlp_add97_f0.3_wd1.0_softmax_ce_s2,2,12100
11200,1.0,0.4066201150417328,canonical MLP,mlp_add97_f0.3_wd1.0_softmax_ce_s2,2,12100
11300,1.0,0.4634072184562683,canonical MLP,mlp_add97_f0.3_wd1.0_softmax_ce_s2,2,12100
11400,1.0,0.5273306965827942,canonical MLP,mlp_add97_f0.3_wd1.0_softmax_ce_s2,2,12100
11500,1.0,0.5892803072929382,canonical MLP,mlp_add97_f0.3_wd1.0_softmax_ce_s2,2,12100
11600,1.0,0.6541147828102112,canonical MLP,mlp_add97_f0.3_wd1.0_softmax_ce_s2,2,12100
11700,1.0,0.7203158140182495,canonical MLP,mlp_add97_f0.3_wd1.0_softmax_ce_s2,2,12100
11800,1.0,0.7812025547027588,canonical MLP,mlp_add97_f0.3_wd1.0_softmax_ce_s2,2,12100
11900,1.0,0.8357121348381042,canonical MLP,mlp_add97_f0.3_wd1.0_softmax_ce_s2,2,12100
12000,1.0,0.8832371830940247,canonical MLP,mlp_add97_f0.3_wd1.0_softmax_ce_s2,2,12100
12100,1.0,0.9221075177192688,canonical MLP,mlp_add97_f0.3_wd1.0_softmax_ce_s2,2,12100
12200,1.0,0.9495900273323059,canonical MLP,mlp_add97_f0.3_wd1.0_softmax_ce_s2,2,12100
12300,1.0,0.9731248021125793,canonical MLP,mlp_add97_f0.3_wd1.0_softmax_ce_s2,2,12100
12400,1.0,0.9855754375457764,canonical MLP,mlp_add97_f0.3_wd1.0_softmax_ce_s2,2,12100
12500,1.0,0.993015468120575,canonical MLP,mlp_add97_f0.3_wd1.0_softmax_ce_s2,2,12100
12600,1.0,0.997266948223114,canonical MLP,mlp_add97_f0.3_wd1.0_softmax_ce_s2,2,12100
12700,1.0,0.998329758644104,canonical MLP,mlp_add97_f0.3_wd1.0_softmax_ce_s2,2,12100
12800,1.0,0.9993926286697388,canonical MLP,mlp_add97_f0.3_wd1.0_softmax_ce_s2,2,12100
12900,1.0,0.9996963143348694,canonical MLP,mlp_add97_f0.3_wd1.0_softmax_ce_s2,2,12100
13000,1.0,1.0,canonical MLP,mlp_add97_f0.3_wd1.0_softmax_ce_s2,2,12100
13100,1.0,1.0,canonical MLP,mlp_add97_f0.3_wd1.0_softmax_ce_s2,2,12100
13200,1.0,1.0,canonical MLP,mlp_add97_f0.3_wd1.0_softmax_ce_s2,2,12100
13300,1.0,1.0,canonical MLP,mlp_add97_f0.3_wd1.0_softmax_ce_s2,2,12100
13400,1.0,1.0,canonical MLP,mlp_add97_f0.3_wd1.0_softmax_ce_s2,2,12100
13500,1.0,1.0,canonical MLP,mlp_add97_f0.3_wd1.0_softmax_ce_s2,2,12100
13600,1.0,1.0,canonical MLP,mlp_add97_f0.3_wd1.0_softmax_ce_s2,2,12100
13700,1.0,1.0,canonical MLP,mlp_add97_f0.3_wd1.0_softmax_ce_s2,2,12100
13800,1.0,1.0,canonical MLP,mlp_add97_f0.3_wd1.0_softmax_ce_s2,2,12100
13900,1.0,1.0,canonical MLP,mlp_add97_f0.3_wd1.0_softmax_ce_s2,2,12100
14000,1.0,1.0,canonical MLP,mlp_add97_f0.3_wd1.0_softmax_ce_s2,2,12100
14100,1.0,1.0,canonical MLP,mlp_add97_f0.3_wd1.0_softmax_ce_s2,2,12100
14200,1.0,1.0,canonical MLP,mlp_add97_f0.3_wd1.0_softmax_ce_s2,2,12100
14300,1.0,1.0,canonical MLP,mlp_add97_f0.3_wd1.0_softmax_ce_s2,2,12100
14400,1.0,1.0,canonical MLP,mlp_add97_f0.3_wd1.0_softmax_ce_s2,2,12100
14500,1.0,1.0,canonical MLP,mlp_add97_f0.3_wd1.0_softmax_ce_s2,2,12100
14600,1.0,1.0,canonical MLP,mlp_add97_f0.3_wd1.0_softmax_ce_s2,2,12100
14700,1.0,1.0,canonical MLP,mlp_add97_f0.3_wd1.0_softmax_ce_s2,2,12100
14800,1.0,1.0,canonical MLP,mlp_add97_f0.3_wd1.0_softmax_ce_s2,2,12100
14900,1.0,1.0,canonical MLP,mlp_add97_f0.3_wd1.0_softmax_ce_s2,2,12100
15000,1.0,1.0,canonical MLP,mlp_add97_f0.3_wd1.0_softmax_ce_s2,2,12100
15100,1.0,1.0,canonical MLP,mlp_add97_f0.3_wd1.0_softmax_ce_s2,2,12100
15200,1.0,1.0,canonical MLP,mlp_add97_f0.3_wd1.0_softmax_ce_s2,2,12100
15300,1.0,1.0,canonical MLP,mlp_add97_f0.3_wd1.0_softmax_ce_s2,2,12100
15400,1.0,1.0,canonical MLP,mlp_add97_f0.3_wd1.0_softmax_ce_s2,2,12100
15500,1.0,1.0,canonical MLP,mlp_add97_f0.3_wd1.0_softmax_ce_s2,2,12100
15600,1.0,1.0,canonical MLP,mlp_add97_f0.3_wd1.0_softmax_ce_s2,2,12100
15700,1.0,1.0,canonical MLP,mlp_add97_f0.3_wd1.0_softmax_ce_s2,2,12100
15800,1.0,1.0,canonical MLP,mlp_add97_f0.3_wd1.0_softmax_ce_s2,2,12100
15900,1.0,1.0,canonical MLP,mlp_add97_f0.3_wd1.0_softmax_ce_s2,2,12100
16000,1.0,1.0,canonical MLP,mlp_add97_f0.3_wd1.0_softmax_ce_s2,2,12100
16100,1.0,1.0,canonical MLP,mlp_add97_f0.3_wd1.0_softmax_ce_s2,2,12100
16200,1.0,1.0,canonical MLP,mlp_add97_f0.3_wd1.0_softmax_ce_s2,2,12100
16300,1.0,1.0,canonical MLP,mlp_add97_f0.3_wd1.0_softmax_ce_s2,2,12100
16400,1.0,1.0,canonical MLP,mlp_add97_f0.3_wd1.0_softmax_ce_s2,2,12100
16500,1.0,1.0,canonical MLP,mlp_add97_f0.3_wd1.0_softmax_ce_s2,2,12100
16600,1.0,1.0,canonical MLP,mlp_add97_f0.3_wd1.0_softmax_ce_s2,2,12100
16700,1.0,1.0,canonical MLP,mlp_add97_f0.3_wd1.0_softmax_ce_s2,2,12100
16800,1.0,1.0,canonical MLP,mlp_add97_f0.3_wd1.0_softmax_ce_s2,2,12100
16900,1.0,1.0,canonical MLP,mlp_add97_f0.3_wd1.0_softmax_ce_s2,2,12100
17000,1.0,1.0,canonical MLP,mlp_add97_f0.3_wd1.0_softmax_ce_s2,2,12100
17100,1.0,1.0,canonical MLP,mlp_add97_f0.3_wd1.0_softmax_ce_s2,2,12100
17200,1.0,1.0,canonical MLP,mlp_add97_f0.3_wd1.0_softmax_ce_s2,2,12100
17300,1.0,1.0,canonical MLP,mlp_add97_f0.3_wd1.0_softmax_ce_s2,2,12100
17400,1.0,1.0,canonical MLP,mlp_add97_f0.3_wd1.0_softmax_ce_s2,2,12100
17500,1.0,1.0,canonical MLP,mlp_add97_f0.3_wd1.0_softmax_ce_s2,2,12100
17600,1.0,1.0,canonical MLP,mlp_add97_f0.3_wd1.0_softmax_ce_s2,2,12100
17700,1.0,1.0,canonical MLP,mlp_add97_f0.3_wd1.0_softmax_ce_s2,2,12100
17800,1.0,1.0,canonical MLP,mlp_add97_f0.3_wd1.0_softmax_ce_s2,2,12100
17900,1.0,1.0,canonical MLP,mlp_add97_f0.3_wd1.0_softmax_ce_s2,2,12100
18000,1.0,1.0,canonical MLP,mlp_add97_f0.3_wd1.0_softmax_ce_s2,2,12100
18100,1.0,1.0,canonical MLP,mlp_add97_f0.3_wd1.0_softmax_ce_s2,2,12100
18200,1.0,1.0,canonical MLP,mlp_add97_f0.3_wd1.0_softmax_ce_s2,2,12100
18300,1.0,1.0,canonical MLP,mlp_add97_f0.3_wd1.0_softmax_ce_s2,2,12100
18400,1.0,1.0,canonical MLP,mlp_add97_f0.3_wd1.0_softmax_ce_s2,2,12100
18500,1.0,1.0,canonical MLP,mlp_add97_f0.3_wd1.0_softmax_ce_s2,2,12100
18600,1.0,1.0,canonical MLP,mlp_add97_f0.3_wd1.0_softmax_ce_s2,2,12100
18700,1.0,1.0,canonical MLP,mlp_add97_f0.3_wd1.0_softmax_ce_s2,2,12100
18800,1.0,1.0,canonical MLP,mlp_add97_f0.3_wd1.0_softmax_ce_s2,2,12100
18900,1.0,1.0,canonical MLP,mlp_add97_f0.3_wd1.0_softmax_ce_s2,2,12100
19000,1.0,1.0,canonical MLP,mlp_add97_f0.3_wd1.0_softmax_ce_s2,2,12100
19100,1.0,1.0,canonical MLP,mlp_add97_f0.3_wd1.0_softmax_ce_s2,2,12100
19200,1.0,1.0,canonical MLP,mlp_add97_f0.3_wd1.0_softmax_ce_s2,2,12100
19300,1.0,1.0,canonical MLP,mlp_add97_f0.3_wd1.0_softmax_ce_s2,2,12100
19400,1.0,1.0,canonical MLP,mlp_add97_f0.3_wd1.0_softmax_ce_s2,2,12100
19500,1.0,1.0,canonical MLP,mlp_add97_f0.3_wd1.0_softmax_ce_s2,2,12100
19600,1.0,1.0,canonical MLP,mlp_add97_f0.3_wd1.0_softmax_ce_s2,2,12100
19700,1.0,1.0,canonical MLP,mlp_add97_f0.3_wd1.0_softmax_ce_s2,2,12100
19800,1.0,1.0,canonical MLP,mlp_add97_f0.3_wd1.0_softmax_ce_s2,2,12100
19900,1.0,1.0,canonical MLP,mlp_add97_f0.3_wd1.0_softmax_ce_s2,2,12100
20000,1.0,1.0,canonical MLP,mlp_add97_f0.3_wd1.0_softmax_ce_s2,2,12100
20100,1.0,1.0,canonical MLP,mlp_add97_f0.3_wd1.0_softmax_ce_s2,2,12100
20200,1.0,1.0,canonical MLP,mlp_add97_f0.3_wd1.0_softmax_ce_s2,2,12100
20300,1.0,1.0,canonical MLP,mlp_add97_f0.3_wd1.0_softmax_ce_s2,2,12100
20400,1.0,1.0,canonical MLP,mlp_add97_f0.3_wd1.0_softmax_ce_s2,2,12100
20500,1.0,1.0,canonical MLP,mlp_add97_f0.3_wd1.0_softmax_ce_s2,2,12100
20600,1.0,1.0,canonical MLP,mlp_add97_f0.3_wd1.0_softmax_ce_s2,2,12100
20700,1.0,1.0,canonical MLP,mlp_add97_f0.3_wd1.0_softmax_ce_s2,2,12100
20800,1.0,1.0,canonical MLP,mlp_add97_f0.3_wd1.0_softmax_ce_s2,2,12100
20900,1.0,1.0,canonical MLP,mlp_add97_f0.3_wd1.0_softmax_ce_s2,2,12100
21000,1.0,1.0,canonical MLP,mlp_add97_f0.3_wd1.0_softmax_ce_s2,2,12100
21100,1.0,1.0,canonical MLP,mlp_add97_f0.3_wd1.0_softmax_ce_s2,2,12100
21200,1.0,1.0,canonical MLP,mlp_add97_f0.3_wd1.0_softmax_ce_s2,2,12100
21300,1.0,1.0,canonical MLP,mlp_add97_f0.3_wd1.0_softmax_ce_s2,2,12100
21400,1.0,1.0,canonical MLP,mlp_add97_f0.3_wd1.0_softmax_ce_s2,2,12100
21500,1.0,1.0,canonical MLP,mlp_add97_f0.3_wd1.0_softmax_ce_s2,2,12100
21600,1.0,1.0,canonical MLP,mlp_add97_f0.3_wd1.0_softmax_ce_s2,2,12100
21700,1.0,1.0,canonical MLP,mlp_add97_f0.3_wd1.0_softmax_ce_s2,2,12100
21800,1.0,1.0,canonical MLP,mlp_add97_f0.3_wd1.0_softmax_ce_s2,2,12100
21900,1.0,1.0,canonical MLP,mlp_add97_f0.3_wd1.0_softmax_ce_s2,2,12100
22000,1.0,1.0,canonical MLP,mlp_add97_f0.3_wd1.0_softmax_ce_s2,2,12100
22100,1.0,1.0,canonical MLP,mlp_add97_f0.3_wd1.0_softmax_ce_s2,2,12100
22200,1.0,1.0,canonical MLP,mlp_add97_f0.3_wd1.0_softmax_ce_s2,2,12100
22300,1.0,1.0,canonical MLP,mlp_add97_f0.3_wd1.0_softmax_ce_s2,2,12100
22400,1.0,1.0,canonical MLP,mlp_add97_f0.3_wd1.0_softmax_ce_s2,2,12100
22500,1.0,1.0,canonical MLP,mlp_add97_f0.3_wd1.0_softmax_ce_s2,2,12100
22600,1.0,1.0,canonical MLP,mlp_add97_f0.3_wd1.0_softmax_ce_s2,2,12100
22700,1.0,1.0,canonical MLP,mlp_add97_f0.3_wd1.0_softmax_ce_s2,2,12100
22800,1.0,1.0,canonical MLP,mlp_add97_f0.3_wd1.0_softmax_ce_s2,2,12100
22900,1.0,1.0,canonical MLP,mlp_add97_f0.3_wd1.0_softmax_ce_s2,2,12100
23000,1.0,1.0,canonical MLP,mlp_add97_f0.3_wd1.0_softmax_ce_s2,2,12100
23100,1.0,1.0,canonical MLP,mlp_add97_f0.3_wd1.0_softmax_ce_s2,2,12100
23200,1.0,1.0,canonical MLP,mlp_add97_f0.3_wd1.0_softmax_ce_s2,2,12100
23300,1.0,1.0,canonical MLP,mlp_add97_f0.3_wd1.0_softmax_ce_s2,2,12100
23400,1.0,1.0,canonical MLP,mlp_add97_f0.3_wd1.0_softmax_ce_s2,2,12100
23500,1.0,1.0,canonical MLP,mlp_add97_f0.3_wd1.0_softmax_ce_s2,2,12100
23600,1.0,1.0,canonical MLP,mlp_add97_f0.3_wd1.0_softmax_ce_s2,2,12100
23700,1.0,1.0,canonical MLP,mlp_add97_f0.3_wd1.0_softmax_ce_s2,2,12100
23800,1.0,1.0,canonical MLP,mlp_add97_f0.3_wd1.0_softmax_ce_s2,2,12100
23900,1.0,1.0,canonical MLP,mlp_add97_f0.3_wd1.0_softmax_ce_s2,2,12100
24000,1.0,1.0,canonical MLP,mlp_add97_f0.3_wd1.0_softmax_ce_s2,2,12100
24100,1.0,1.0,canonical MLP,mlp_add97_f0.3_wd1.0_softmax_ce_s2,2,12100
24200,1.0,1.0,canonical MLP,mlp_add97_f0.3_wd1.0_softmax_ce_s2,2,12100
24300,1.0,1.0,canonical MLP,mlp_add97_f0.3_wd1.0_softmax_ce_s2,2,12100
24400,1.0,1.0,canonical MLP,mlp_add97_f0.3_wd1.0_softmax_ce_s2,2,12100
24500,1.0,1.0,canonical MLP,mlp_add97_f0.3_wd1.0_softmax_ce_s2,2,12100
24600,1.0,1.0,canonical MLP,mlp_add97_f0.3_wd1.0_softmax_ce_s2,2,12100
24700,1.0,1.0,canonical MLP,mlp_add97_f0.3_wd1.0_softmax_ce_s2,2,12100
24800,1.0,1.0,canonical MLP,mlp_add97_f0.3_wd1.0_softmax_ce_s2,2,12100
24900,1.0,1.0,canonical MLP,mlp_add97_f0.3_wd1.0_softmax_ce_s2,2,12100
25000,1.0,1.0,canonical MLP,mlp_add97_f0.3_wd1.0_softmax_ce_s2,2,12100
25100,1.0,1.0,canonical MLP,mlp_add97_f0.3_wd1.0_softmax_ce_s2,2,12100
25200,1.0,1.0,canonical MLP,mlp_add97_f0.3_wd1.0_softmax_ce_s2,2,12100
25300,1.0,1.0,canonical MLP,mlp_add97_f0.3_wd1.0_softmax_ce_s2,2,12100
25400,1.0,1.0,canonical MLP,mlp_add97_f0.3_wd1.0_softmax_ce_s2,2,12100
25500,1.0,1.0,canonical MLP,mlp_add97_f0.3_wd1.0_softmax_ce_s2,2,12100
25600,1.0,1.0,canonical MLP,mlp_add97_f0.3_wd1.0_softmax_ce_s2,2,12100
25700,1.0,1.0,canonical MLP,mlp_add97_f0.3_wd1.0_softmax_ce_s2,2,12100
25800,1.0,1.0,canonical MLP,mlp_add97_f0.3_wd1.0_softmax_ce_s2,2,12100
25900,1.0,1.0,canonical MLP,mlp_add97_f0.3_wd1.0_softmax_ce_s2,2,12100
26000,1.0,1.0,canonical MLP,mlp_add97_f0.3_wd1.0_softmax_ce_s2,2,12100
26100,1.0,1.0,canonical MLP,mlp_add97_f0.3_wd1.0_softmax_ce_s2,2,12100
26200,1.0,1.0,canonical MLP,mlp_add97_f0.3_wd1.0_softmax_ce_s2,2,12100
26300,1.0,1.0,canonical MLP,mlp_add97_f0.3_wd1.0_softmax_ce_s2,2,12100
26400,1.0,1.0,canonical MLP,mlp_add97_f0.3_wd1.0_softmax_ce_s2,2,12100
26500,1.0,1.0,canonical MLP,mlp_add97_f0.3_wd1.0_softmax_ce_s2,2,12100
26600,1.0,1.0,canonical MLP,mlp_add97_f0.3_wd1.0_softmax_ce_s2,2,12100
26700,1.0,1.0,canonical MLP,mlp_add97_f0.3_wd1.0_softmax_ce_s2,2,12100
26800,1.0,1.0,canonical MLP,mlp_add97_f0.3_wd1.0_softmax_ce_s2,2,12100
26900,1.0,1.0,canonical MLP,mlp_add97_f0.3_wd1.0_softmax_ce_s2,2,12100
27000,1.0,1.0,canonical MLP,mlp_add97_f0.3_wd1.0_softmax_ce_s2,2,12100
27100,1.0,1.0,canonical MLP,mlp_add97_f0.3_wd1.0_softmax_ce_s2,2,12100
27200,1.0,1.0,canonical MLP,mlp_add97_f0.3_wd1.0_softmax_ce_s2,2,12100
27300,1.0,1.0,canonical MLP,mlp_add97_f0.3_wd1.0_softmax_ce_s2,2,12100
27400,1.0,1.0,canonical MLP,mlp_add97_f0.3_wd1.0_softmax_ce_s2,2,12100
27500,1.0,1.0,canonical MLP,mlp_add97_f0.3_wd1.0_softmax_ce_s2,2,12100
27600,1.0,1.0,canonical MLP,mlp_add97_f0.3_wd1.0_softmax_ce_s2,2,12100
27700,1.0,1.0,canonical MLP,mlp_add97_f0.3_wd1.0_softmax_ce_s2,2,12100
27800,1.0,1.0,canonical MLP,mlp_add97_f0.3_wd1.0_softmax_ce_s2,2,12100
27900,1.0,1.0,canonical MLP,mlp_add97_f0.3_wd1.0_softmax_ce_s2,2,12100
28000,1.0,1.0,canonical MLP,mlp_add97_f0.3_wd1.0_softmax_ce_s2,2,12100
28100,1.0,1.0,canonical MLP,mlp_add97_f0.3_wd1.0_softmax_ce_s2,2,12100
28200,1.0,1.0,canonical MLP,mlp_add97_f0.3_wd1.0_softmax_ce_s2,2,12100
28300,1.0,1.0,canonical MLP,mlp_add97_f0.3_wd1.0_softmax_ce_s2,2,12100
28400,1.0,1.0,canonical MLP,mlp_add97_f0.3_wd1.0_softmax_ce_s2,2,12100
28500,1.0,1.0,canonical MLP,mlp_add97_f0.3_wd1.0_softmax_ce_s2,2,12100
28600,1.0,1.0,canonical MLP,mlp_add97_f0.3_wd1.0_softmax_ce_s2,2,12100
28700,1.0,1.0,canonical MLP,mlp_add97_f0.3_wd1.0_softmax_ce_s2,2,12100
28800,1.0,1.0,canonical MLP,mlp_add97_f0.3_wd1.0_softmax_ce_s2,2,12100
28900,1.0,1.0,canonical MLP,mlp_add97_f0.3_wd1.0_softmax_ce_s2,2,12100
29000,1.0,1.0,canonical MLP,mlp_add97_f0.3_wd1.0_softmax_ce_s2,2,12100
29100,1.0,1.0,canonical MLP,mlp_add97_f0.3_wd1.0_softmax_ce_s2,2,12100
29200,1.0,1.0,canonical MLP,mlp_add97_f0.3_wd1.0_softmax_ce_s2,2,12100
29300,1.0,1.0,canonical MLP,mlp_add97_f0.3_wd1.0_softmax_ce_s2,2,12100
29400,1.0,1.0,canonical MLP,mlp_add97_f0.3_wd1.0_softmax_ce_s2,2,12100
29500,1.0,1.0,canonical MLP,mlp_add97_f0.3_wd1.0_softmax_ce_s2,2,12100
29600,1.0,1.0,canonical MLP,mlp_add97_f0.3_wd1.0_softmax_ce_s2,2,12100
29700,1.0,1.0,canonical MLP,mlp_add97_f0.3_wd1.0_softmax_ce_s2,2,12100
29800,1.0,1.0,canonical MLP,mlp_add97_f0.3_wd1.0_softmax_ce_s2,2,12100
29900,1.0,1.0,canonical MLP,mlp_add97_f0.3_wd1.0_softmax_ce_s2,2,12100
30000,1.0,1.0,canonical MLP,mlp_add97_f0.3_wd1.0_softmax_ce_s2,2,12100
30100,1.0,1.0,canonical MLP,mlp_add97_f0.3_wd1.0_softmax_ce_s2,2,12100
30200,1.0,1.0,canonical MLP,mlp_add97_f0.3_wd1.0_softmax_ce_s2,2,12100
30300,1.0,1.0,canonical MLP,mlp_add97_f0.3_wd1.0_softmax_ce_s2,2,12100
30400,1.0,1.0,canonical MLP,mlp_add97_f0.3_wd1.0_softmax_ce_s2,2,12100
30500,1.0,1.0,canonical MLP,mlp_add97_f0.3_wd1.0_softmax_ce_s2,2,12100
30600,1.0,1.0,canonical MLP,mlp_add97_f0.3_wd1.0_softmax_ce_s2,2,12100
30700,1.0,1.0,canonical MLP,mlp_add97_f0.3_wd1.0_softmax_ce_s2,2,12100
30800,1.0,1.0,canonical MLP,mlp_add97_f0.3_wd1.0_softmax_ce_s2,2,12100
30900,1.0,1.0,canonical MLP,mlp_add97_f0.3_wd1.0_softmax_ce_s2,2,12100
31000,1.0,1.0,canonical MLP,mlp_add97_f0.3_wd1.0_softmax_ce_s2,2,12100
31100,1.0,1.0,canonical MLP,mlp_add97_f0.3_wd1.0_softmax_ce_s2,2,12100
31200,1.0,1.0,canonical MLP,mlp_add97_f0.3_wd1.0_softmax_ce_s2,2,12100
31300,1.0,1.0,canonical MLP,mlp_add97_f0.3_wd1.0_softmax_ce_s2,2,12100
31400,1.0,1.0,canonical MLP,mlp_add97_f0.3_wd1.0_softmax_ce_s2,2,12100
31500,1.0,1.0,canonical MLP,mlp_add97_f0.3_wd1.0_softmax_ce_s2,2,12100
31600,1.0,1.0,canonical MLP,mlp_add97_f0.3_wd1.0_softmax_ce_s2,2,12100
31700,1.0,1.0,canonical MLP,mlp_add97_f0.3_wd1.0_softmax_ce_s2,2,12100
31800,1.0,1.0,canonical MLP,mlp_add97_f0.3_wd1.0_softmax_ce_s2,2,12100
31900,1.0,1.0,canonical MLP,mlp_add97_f0.3_wd1.0_softmax_ce_s2,2,12100
32000,1.0,1.0,canonical MLP,mlp_add97_f0.3_wd1.0_softmax_ce_s2,2,12100
32100,1.0,1.0,canonical MLP,mlp_add97_f0.3_wd1.0_softmax_ce_s2,2,12100
32200,1.0,1.0,canonical MLP,mlp_add97_f0.3_wd1.0_softmax_ce_s2,2,12100
32300,1.0,1.0,canonical MLP,mlp_add97_f0.3_wd1.0_softmax_ce_s2,2,12100
32400,1.0,1.0,canonical MLP,mlp_add97_f0.3_wd1.0_softmax_ce_s2,2,12100
32500,1.0,1.0,canonical MLP,mlp_add97_f0.3_wd1.0_softmax_ce_s2,2,12100
32600,1.0,1.0,canonical MLP,mlp_add97_f0.3_wd1.0_softmax_ce_s2,2,12100
32700,1.0,1.0,canonical MLP,mlp_add97_f0.3_wd1.0_softmax_ce_s2,2,12100
32800,1.0,1.0,canonical MLP,mlp_add97_f0.3_wd1.0_softmax_ce_s2,2,12100
32900,1.0,1.0,canonical MLP,mlp_add97_f0.3_wd1.0_softmax_ce_s2,2,12100
33000,1.0,1.0,canonical MLP,mlp_add97_f0.3_wd1.0_softmax_ce_s2,2,12100
33100,1.0,1.0,canonical MLP,mlp_add97_f0.3_wd1.0_softmax_ce_s2,2,12100
33200,1.0,1.0,canonical MLP,mlp_add97_f0.3_wd1.0_softmax_ce_s2,2,12100
33300,1.0,1.0,canonical MLP,mlp_add97_f0.3_wd1.0_softmax_ce_s2,2,12100
33400,1.0,1.0,canonical MLP,mlp_add97_f0.3_wd1.0_softmax_ce_s2,2,12100
33500,1.0,1.0,canonical MLP,mlp_add97_f0.3_wd1.0_softmax_ce_s2,2,12100
33600,1.0,1.0,canonical MLP,mlp_add97_f0.3_wd1.0_softmax_ce_s2,2,12100
33700,1.0,1.0,canonical MLP,mlp_add97_f0.3_wd1.0_softmax_ce_s2,2,12100
33800,1.0,1.0,canonical MLP,mlp_add97_f0.3_wd1.0_softmax_ce_s2,2,12100
33900,1.0,1.0,canonical MLP,mlp_add97_f0.3_wd1.0_softmax_ce_s2,2,12100
34000,1.0,1.0,canonical MLP,mlp_add97_f0.3_wd1.0_softmax_ce_s2,2,12100
34100,1.0,1.0,canonical MLP,mlp_add97_f0.3_wd1.0_softmax_ce_s2,2,12100
34200,1.0,1.0,canonical MLP,mlp_add97_f0.3_wd1.0_softmax_ce_s2,2,12100
34300,1.0,1.0,canonical MLP,mlp_add97_f0.3_wd1.0_softmax_ce_s2,2,12100
34400,1.0,1.0,canonical MLP,mlp_add97_f0.3_wd1.0_softmax_ce_s2,2,12100
34500,1.0,1.0,canonical MLP,mlp_add97_f0.3_wd1.0_softmax_ce_s2,2,12100
34600,1.0,1.0,canonical MLP,mlp_add97_f0.3_wd1.0_softmax_ce_s2,2,12100
34700,1.0,1.0,canonical MLP,mlp_add97_f0.3_wd1.0_softmax_ce_s2,2,12100
34800,1.0,1.0,canonical MLP,mlp_add97_f0.3_wd1.0_softmax_ce_s2,2,12100
34900,1.0,1.0,canonical MLP,mlp_add97_f0.3_wd1.0_softmax_ce_s2,2,12100
35000,1.0,1.0,canonical MLP,mlp_add97_f0.3_wd1.0_softmax_ce_s2,2,12100
35100,1.0,1.0,canonical MLP,mlp_add97_f0.3_wd1.0_softmax_ce_s2,2,12100
35200,1.0,1.0,canonical MLP,mlp_add97_f0.3_wd1.0_softmax_ce_s2,2,12100
35300,1.0,1.0,canonical MLP,mlp_add97_f0.3_wd1.0_softmax_ce_s2,2,12100
35400,1.0,1.0,canonical MLP,mlp_add97_f0.3_wd1.0_softmax_ce_s2,2,12100
35500,1.0,1.0,canonical MLP,mlp_add97_f0.3_wd1.0_softmax_ce_s2,2,12100
35600,1.0,1.0,canonical MLP,mlp_add97_f0.3_wd1.0_softmax_ce_s2,2,12100
35700,1.0,1.0,canonical MLP,mlp_add97_f0.3_wd1.0_softmax_ce_s2,2,12100
35800,1.0,1.0,canonical MLP,mlp_add97_f0.3_wd1.0_softmax_ce_s2,2,12100
35900,1.0,1.0,canonical MLP,mlp_add97_f0.3_wd1.0_softmax_ce_s2,2,12100
36000,1.0,1.0,canonical MLP,mlp_add97_f0.3_wd1.0_softmax_ce_s2,2,12100
36100,1.0,1.0,canonical MLP,mlp_add97_f0.3_wd1.0_softmax_ce_s2,2,12100
36200,1.0,1.0,canonical MLP,mlp_add97_f0.3_wd1.0_softmax_ce_s2,2,12100
36300,1.0,1.0,canonical MLP,mlp_add97_f0.3_wd1.0_softmax_ce_s2,2,12100
36400,1.0,1.0,canonical MLP,mlp_add97_f0.3_wd1.0_softmax_ce_s2,2,12100
36500,1.0,1.0,canonical MLP,mlp_add97_f0.3_wd1.0_softmax_ce_s2,2,12100
36600,1.0,1.0,canonical MLP,mlp_add97_f0.3_wd1.0_softmax_ce_s2,2,12100
36700,1.0,1.0,canonical MLP,mlp_add97_f0.3_wd1.0_softmax_ce_s2,2,12100
36800,1.0,1.0,canonical MLP,mlp_add97_f0.3_wd1.0_softmax_ce_s2,2,12100
36900,1.0,1.0,canonical MLP,mlp_add97_f0.3_wd1.0_softmax_ce_s2,2,12100
37000,1.0,1.0,canonical MLP,mlp_add97_f0.3_wd1.0_softmax_ce_s2,2,12100
37100,1.0,1.0,canonical MLP,mlp_add97_f0.3_wd1.0_softmax_ce_s2,2,12100
37200,1.0,1.0,canonical MLP,mlp_add97_f0.3_wd1.0_softmax_ce_s2,2,12100
37300,1.0,1.0,canonical MLP,mlp_add97_f0.3_wd1.0_softmax_ce_s2,2,12100
37400,1.0,1.0,canonical MLP,mlp_add97_f0.3_wd1.0_softmax_ce_s2,2,12100
37500,1.0,1.0,canonical MLP,mlp_add97_f0.3_wd1.0_softmax_ce_s2,2,12100
37600,1.0,1.0,canonical MLP,mlp_add97_f0.3_wd1.0_softmax_ce_s2,2,12100
37700,1.0,1.0,canonical MLP,mlp_add97_f0.3_wd1.0_softmax_ce_s2,2,12100
37800,1.0,1.0,canonical MLP,mlp_add97_f0.3_wd1.0_softmax_ce_s2,2,12100
37900,1.0,1.0,canonical MLP,mlp_add97_f0.3_wd1.0_softmax_ce_s2,2,12100
38000,1.0,1.0,canonical MLP,mlp_add97_f0.3_wd1.0_softmax_ce_s2,2,12100
38100,1.0,1.0,canonical MLP,mlp_add97_f0.3_wd1.0_softmax_ce_s2,2,12100
38200,1.0,1.0,canonical MLP,mlp_add97_f0.3_wd1.0_softmax_ce_s2,2,12100
38300,1.0,1.0,canonical MLP,mlp_add97_f0.3_wd1.0_softmax_ce_s2,2,12100
38400,1.0,1.0,canonical MLP,mlp_add97_f0.3_wd1.0_softmax_ce_s2,2,12100
38500,1.0,1.0,canonical MLP,mlp_add97_f0.3_wd1.0_softmax_ce_s2,2,12100
38600,1.0,1.0,canonical MLP,mlp_add97_f0.3_wd1.0_softmax_ce_s2,2,12100
38700,1.0,1.0,canonical MLP,mlp_add97_f0.3_wd1.0_softmax_ce_s2,2,12100
38800,1.0,1.0,canonical MLP,mlp_add97_f0.3_wd1.0_softmax_ce_s2,2,12100
38900,1.0,1.0,canonical MLP,mlp_add97_f0.3_wd1.0_softmax_ce_s2,2,12100
39000,1.0,1.0,canonical MLP,mlp_add97_f0.3_wd1.0_softmax_ce_s2,2,12100
39100,1.0,1.0,canonical MLP,mlp_add97_f0.3_wd1.0_softmax_ce_s2,2,12100
39200,1.0,1.0,canonical MLP,mlp_add97_f0.3_wd1.0_softmax_ce_s2,2,12100
39300,1.0,1.0,canonical MLP,mlp_add97_f0.3_wd1.0_softmax_ce_s2,2,12100
39400,1.0,1.0,canonical MLP,mlp_add97_f0.3_wd1.0_softmax_ce_s2,2,12100
39500,1.0,1.0,canonical MLP,mlp_add97_f0.3_wd1.0_softmax_ce_s2,2,12100
39600,1.0,1.0,canonical MLP,mlp_add97_f0.3_wd1.0_softmax_ce_s2,2,12100
39700,1.0,1.0,canonical MLP,mlp_add97_f0.3_wd1.0_softmax_ce_s2,2,12100
39800,1.0,1.0,canonical MLP,mlp_add97_f0.3_wd1.0_softmax_ce_s2,2,12100
39900,1.0,1.0,canonical MLP,mlp_add97_f0.3_wd1.0_softmax_ce_s2,2,12100
40000,1.0,1.0,canonical MLP,mlp_add97_f0.3_wd1.0_softmax_ce_s2,2,12100
40100,1.0,1.0,canonical MLP,mlp_add97_f0.3_wd1.0_softmax_ce_s2,2,12100
40200,1.0,1.0,canonical MLP,mlp_add97_f0.3_wd1.0_softmax_ce_s2,2,12100
40300,1.0,1.0,canonical MLP,mlp_add97_f0.3_wd1.0_softmax_ce_s2,2,12100
40400,1.0,1.0,canonical MLP,mlp_add97_f0.3_wd1.0_softmax_ce_s2,2,12100
40500,1.0,1.0,canonical MLP,mlp_add97_f0.3_wd1.0_softmax_ce_s2,2,12100
40600,1.0,1.0,canonical MLP,mlp_add97_f0.3_wd1.0_softmax_ce_s2,2,12100
40700,1.0,1.0,canonical MLP,mlp_add97_f0.3_wd1.0_softmax_ce_s2,2,12100
40800,1.0,1.0,canonical MLP,mlp_add97_f0.3_wd1.0_softmax_ce_s2,2,12100
40900,1.0,1.0,canonical MLP,mlp_add97_f0.3_wd1.0_softmax_ce_s2,2,12100
41000,1.0,1.0,canonical MLP,mlp_add97_f0.3_wd1.0_softmax_ce_s2,2,12100
41100,1.0,1.0,canonical MLP,mlp_add97_f0.3_wd1.0_softmax_ce_s2,2,12100
41200,1.0,1.0,canonical MLP,mlp_add97_f0.3_wd1.0_softmax_ce_s2,2,12100
41300,1.0,1.0,canonical MLP,mlp_add97_f0.3_wd1.0_softmax_ce_s2,2,12100
41400,1.0,1.0,canonical MLP,mlp_add97_f0.3_wd1.0_softmax_ce_s2,2,12100
41500,1.0,1.0,canonical MLP,mlp_add97_f0.3_wd1.0_softmax_ce_s2,2,12100
41600,1.0,1.0,canonical MLP,mlp_add97_f0.3_wd1.0_softmax_ce_s2,2,12100
41700,1.0,1.0,canonical MLP,mlp_add97_f0.3_wd1.0_softmax_ce_s2,2,12100
41800,1.0,1.0,canonical MLP,mlp_add97_f0.3_wd1.0_softmax_ce_s2,2,12100
41900,1.0,1.0,canonical MLP,mlp_add97_f0.3_wd1.0_softmax_ce_s2,2,12100
42000,1.0,1.0,canonical MLP,mlp_add97_f0.3_wd1.0_softmax_ce_s2,2,12100
42100,1.0,1.0,canonical MLP,mlp_add97_f0.3_wd1.0_softmax_ce_s2,2,12100
42200,1.0,1.0,canonical MLP,mlp_add97_f0.3_wd1.0_softmax_ce_s2,2,12100
42300,1.0,1.0,canonical MLP,mlp_add97_f0.3_wd1.0_softmax_ce_s2,2,12100
42400,1.0,1.0,canonical MLP,mlp_add97_f0.3_wd1.0_softmax_ce_s2,2,12100
42500,1.0,1.0,canonical MLP,mlp_add97_f0.3_wd1.0_softmax_ce_s2,2,12100
42600,1.0,1.0,canonical MLP,mlp_add97_f0.3_wd1.0_softmax_ce_s2,2,12100
42700,1.0,1.0,canonical MLP,mlp_add97_f0.3_wd1.0_softmax_ce_s2,2,12100
42800,1.0,1.0,canonical MLP,mlp_add97_f0.3_wd1.0_softmax_ce_s2,2,12100
42900,1.0,1.0,canonical MLP,mlp_add97_f0.3_wd1.0_softmax_ce_s2,2,12100
43000,1.0,1.0,canonical MLP,mlp_add97_f0.3_wd1.0_softmax_ce_s2,2,12100
43100,1.0,1.0,canonical MLP,mlp_add97_f0.3_wd1.0_softmax_ce_s2,2,12100
43200,1.0,1.0,canonical MLP,mlp_add97_f0.3_wd1.0_softmax_ce_s2,2,12100
43300,1.0,1.0,canonical MLP,mlp_add97_f0.3_wd1.0_softmax_ce_s2,2,12100
43400,1.0,1.0,canonical MLP,mlp_add97_f0.3_wd1.0_softmax_ce_s2,2,12100
43500,1.0,1.0,canonical MLP,mlp_add97_f0.3_wd1.0_softmax_ce_s2,2,12100
43600,1.0,1.0,canonical MLP,mlp_add97_f0.3_wd1.0_softmax_ce_s2,2,12100
43700,1.0,1.0,canonical MLP,mlp_add97_f0.3_wd1.0_softmax_ce_s2,2,12100
43800,1.0,1.0,canonical MLP,mlp_add97_f0.3_wd1.0_softmax_ce_s2,2,12100
43900,1.0,1.0,canonical MLP,mlp_add97_f0.3_wd1.0_softmax_ce_s2,2,12100
44000,1.0,1.0,canonical MLP,mlp_add97_f0.3_wd1.0_softmax_ce_s2,2,12100
44100,1.0,1.0,canonical MLP,mlp_add97_f0.3_wd1.0_softmax_ce_s2,2,12100
44200,1.0,1.0,canonical MLP,mlp_add97_f0.3_wd1.0_softmax_ce_s2,2,12100
44300,1.0,1.0,canonical MLP,mlp_add97_f0.3_wd1.0_softmax_ce_s2,2,12100
44400,1.0,1.0,canonical MLP,mlp_add97_f0.3_wd1.0_softmax_ce_s2,2,12100
44500,1.0,1.0,canonical MLP,mlp_add97_f0.3_wd1.0_softmax_ce_s2,2,12100
44600,1.0,1.0,canonical MLP,mlp_add97_f0.3_wd1.0_softmax_ce_s2,2,12100
44700,1.0,1.0,canonical MLP,mlp_add97_f0.3_wd1.0_softmax_ce_s2,2,12100
44800,1.0,1.0,canonical MLP,mlp_add97_f0.3_wd1.0_softmax_ce_s2,2,12100
44900,1.0,1.0,canonical MLP,mlp_add97_f0.3_wd1.0_softmax_ce_s2,2,12100
45000,1.0,1.0,canonical MLP,mlp_add97_f0.3_wd1.0_softmax_ce_s2,2,12100
45100,1.0,1.0,canonical MLP,mlp_add97_f0.3_wd1.0_softmax_ce_s2,2,12100
45200,1.0,1.0,canonical MLP,mlp_add97_f0.3_wd1.0_softmax_ce_s2,2,12100
45300,1.0,1.0,canonical MLP,mlp_add97_f0.3_wd1.0_softmax_ce_s2,2,12100
45400,1.0,1.0,canonical MLP,mlp_add97_f0.3_wd1.0_softmax_ce_s2,2,12100
45500,1.0,1.0,canonical MLP,mlp_add97_f0.3_wd1.0_softmax_ce_s2,2,12100
45600,1.0,1.0,canonical MLP,mlp_add97_f0.3_wd1.0_softmax_ce_s2,2,12100
45700,1.0,1.0,canonical MLP,mlp_add97_f0.3_wd1.0_softmax_ce_s2,2,12100
45800,1.0,1.0,canonical MLP,mlp_add97_f0.3_wd1.0_softmax_ce_s2,2,12100
45900,1.0,1.0,canonical MLP,mlp_add97_f0.3_wd1.0_softmax_ce_s2,2,12100
46000,1.0,1.0,canonical MLP,mlp_add97_f0.3_wd1.0_softmax_ce_s2,2,12100
46100,1.0,1.0,canonical MLP,mlp_add97_f0.3_wd1.0_softmax_ce_s2,2,12100
46200,1.0,1.0,canonical MLP,mlp_add97_f0.3_wd1.0_softmax_ce_s2,2,12100
46300,1.0,1.0,canonical MLP,mlp_add97_f0.3_wd1.0_softmax_ce_s2,2,12100
46400,1.0,1.0,canonical MLP,mlp_add97_f0.3_wd1.0_softmax_ce_s2,2,12100
46500,1.0,1.0,canonical MLP,mlp_add97_f0.3_wd1.0_softmax_ce_s2,2,12100
46600,1.0,1.0,canonical MLP,mlp_add97_f0.3_wd1.0_softmax_ce_s2,2,12100
46700,1.0,1.0,canonical MLP,mlp_add97_f0.3_wd1.0_softmax_ce_s2,2,12100
46800,1.0,1.0,canonical MLP,mlp_add97_f0.3_wd1.0_softmax_ce_s2,2,12100
46900,1.0,1.0,canonical MLP,mlp_add97_f0.3_wd1.0_softmax_ce_s2,2,12100
47000,1.0,1.0,canonical MLP,mlp_add97_f0.3_wd1.0_softmax_ce_s2,2,12100
47100,1.0,1.0,canonical MLP,mlp_add97_f0.3_wd1.0_softmax_ce_s2,2,12100
47200,1.0,1.0,canonical MLP,mlp_add97_f0.3_wd1.0_softmax_ce_s2,2,12100
47300,1.0,1.0,canonical MLP,mlp_add97_f0.3_wd1.0_softmax_ce_s2,2,12100
47400,1.0,1.0,canonical MLP,mlp_add97_f0.3_wd1.0_softmax_ce_s2,2,12100
47500,1.0,1.0,canonical MLP,mlp_add97_f0.3_wd1.0_softmax_ce_s2,2,12100
47600,1.0,1.0,canonical MLP,mlp_add97_f0.3_wd1.0_softmax_ce_s2,2,12100
47700,1.0,1.0,canonical MLP,mlp_add97_f0.3_wd1.0_softmax_ce_s2,2,12100
47800,1.0,1.0,canonical MLP,mlp_add97_f0.3_wd1.0_softmax_ce_s2,2,12100
47900,1.0,1.0,canonical MLP,mlp_add97_f0.3_wd1.0_softmax_ce_s2,2,12100
48000,1.0,1.0,canonical MLP,mlp_add97_f0.3_wd1.0_softmax_ce_s2,2,12100
48100,1.0,1.0,canonical MLP,mlp_add97_f0.3_wd1.0_softmax_ce_s2,2,12100
48200,1.0,1.0,canonical MLP,mlp_add97_f0.3_wd1.0_softmax_ce_s2,2,12100
48300,1.0,1.0,canonical MLP,mlp_add97_f0.3_wd1.0_softmax_ce_s2,2,12100
48400,1.0,1.0,canonical MLP,mlp_add97_f0.3_wd1.0_softmax_ce_s2,2,12100
48500,1.0,1.0,canonical MLP,mlp_add97_f0.3_wd1.0_softmax_ce_s2,2,12100
48600,1.0,1.0,canonical MLP,mlp_add97_f0.3_wd1.0_softmax_ce_s2,2,12100
48700,1.0,1.0,canonical MLP,mlp_add97_f0.3_wd1.0_softmax_ce_s2,2,12100
48800,1.0,1.0,canonical MLP,mlp_add97_f0.3_wd1.0_softmax_ce_s2,2,12100
48900,1.0,1.0,canonical MLP,mlp_add97_f0.3_wd1.0_softmax_ce_s2,2,12100
49000,1.0,1.0,canonical MLP,mlp_add97_f0.3_wd1.0_softmax_ce_s2,2,12100
49100,1.0,1.0,canonical MLP,mlp_add97_f0.3_wd1.0_softmax_ce_s2,2,12100
49200,1.0,1.0,canonical MLP,mlp_add97_f0.3_wd1.0_softmax_ce_s2,2,12100
49300,1.0,1.0,canonical MLP,mlp_add97_f0.3_wd1.0_softmax_ce_s2,2,12100
49400,1.0,1.0,canonical MLP,mlp_add97_f0.3_wd1.0_softmax_ce_s2,2,12100
49500,1.0,1.0,canonical MLP,mlp_add97_f0.3_wd1.0_softmax_ce_s2,2,12100
49600,1.0,1.0,canonical MLP,mlp_add97_f0.3_wd1.0_softmax_ce_s2,2,12100
49700,1.0,1.0,canonical MLP,mlp_add97_f0.3_wd1.0_softmax_ce_s2,2,12100
49800,1.0,1.0,canonical MLP,mlp_add97_f0.3_wd1.0_softmax_ce_s2,2,12100
49900,1.0,1.0,canonical MLP,mlp_add97_f0.3_wd1.0_softmax_ce_s2,2,12100
50000,1.0,1.0,canonical MLP,mlp_add97_f0.3_wd1.0_softmax_ce_s2,2,12100
50100,1.0,1.0,canonical MLP,mlp_add97_f0.3_wd1.0_softmax_ce_s2,2,12100
50200,1.0,1.0,canonical MLP,mlp_add97_f0.3_wd1.0_softmax_ce_s2,2,12100
50300,1.0,1.0,canonical MLP,mlp_add97_f0.3_wd1.0_softmax_ce_s2,2,12100
50400,1.0,1.0,canonical MLP,mlp_add97_f0.3_wd1.0_softmax_ce_s2,2,12100
50500,1.0,1.0,canonical MLP,mlp_add97_f0.3_wd1.0_softmax_ce_s2,2,12100
50600,1.0,1.0,canonical MLP,mlp_add97_f0.3_wd1.0_softmax_ce_s2,2,12100
50700,1.0,1.0,canonical MLP,mlp_add97_f0.3_wd1.0_softmax_ce_s2,2,12100
50800,1.0,1.0,canonical MLP,mlp_add97_f0.3_wd1.0_softmax_ce_s2,2,12100
50900,1.0,1.0,canonical MLP,mlp_add97_f0.3_wd1.0_softmax_ce_s2,2,12100
51000,1.0,1.0,canonical MLP,mlp_add97_f0.3_wd1.0_softmax_ce_s2,2,12100
51100,1.0,1.0,canonical MLP,mlp_add97_f0.3_wd1.0_softmax_ce_s2,2,12100
51200,1.0,1.0,canonical MLP,mlp_add97_f0.3_wd1.0_softmax_ce_s2,2,12100
51300,1.0,1.0,canonical MLP,mlp_add97_f0.3_wd1.0_softmax_ce_s2,2,12100
51400,1.0,1.0,canonical MLP,mlp_add97_f0.3_wd1.0_softmax_ce_s2,2,12100
51500,1.0,1.0,canonical MLP,mlp_add97_f0.3_wd1.0_softmax_ce_s2,2,12100
51600,1.0,1.0,canonical MLP,mlp_add97_f0.3_wd1.0_softmax_ce_s2,2,12100
51700,1.0,1.0,canonical MLP,mlp_add97_f0.3_wd1.0_softmax_ce_s2,2,12100
51800,1.0,1.0,canonical MLP,mlp_add97_f0.3_wd1.0_softmax_ce_s2,2,12100
51900,1.0,1.0,canonical MLP,mlp_add97_f0.3_wd1.0_softmax_ce_s2,2,12100
52000,1.0,1.0,canonical MLP,mlp_add97_f0.3_wd1.0_softmax_ce_s2,2,12100
52100,1.0,1.0,canonical MLP,mlp_add97_f0.3_wd1.0_softmax_ce_s2,2,12100
52200,1.0,1.0,canonical MLP,mlp_add97_f0.3_wd1.0_softmax_ce_s2,2,12100
52300,1.0,1.0,canonical MLP,mlp_add97_f0.3_wd1.0_softmax_ce_s2,2,12100
52400,1.0,1.0,canonical MLP,mlp_add97_f0.3_wd1.0_softmax_ce_s2,2,12100
52500,1.0,1.0,canonical MLP,mlp_add97_f0.3_wd1.0_softmax_ce_s2,2,12100
52600,1.0,1.0,canonical MLP,mlp_add97_f0.3_wd1.0_softmax_ce_s2,2,12100
52700,1.0,1.0,canonical MLP,mlp_add97_f0.3_wd1.0_softmax_ce_s2,2,12100
52800,1.0,1.0,canonical MLP,mlp_add97_f0.3_wd1.0_softmax_ce_s2,2,12100
52900,1.0,1.0,canonical MLP,mlp_add97_f0.3_wd1.0_softmax_ce_s2,2,12100
53000,1.0,1.0,canonical MLP,mlp_add97_f0.3_wd1.0_softmax_ce_s2,2,12100
53100,1.0,1.0,canonical MLP,mlp_add97_f0.3_wd1.0_softmax_ce_s2,2,12100
53200,1.0,1.0,canonical MLP,mlp_add97_f0.3_wd1.0_softmax_ce_s2,2,12100
53300,1.0,1.0,canonical MLP,mlp_add97_f0.3_wd1.0_softmax_ce_s2,2,12100
53400,1.0,1.0,canonical MLP,mlp_add97_f0.3_wd1.0_softmax_ce_s2,2,12100
53500,1.0,1.0,canonical MLP,mlp_add97_f0.3_wd1.0_softmax_ce_s2,2,12100
53600,1.0,1.0,canonical MLP,mlp_add97_f0.3_wd1.0_softmax_ce_s2,2,12100
53700,1.0,1.0,canonical MLP,mlp_add97_f0.3_wd1.0_softmax_ce_s2,2,12100
53800,1.0,1.0,canonical MLP,mlp_add97_f0.3_wd1.0_softmax_ce_s2,2,12100
53900,1.0,1.0,canonical MLP,mlp_add97_f0.3_wd1.0_softmax_ce_s2,2,12100
54000,1.0,1.0,canonical MLP,mlp_add97_f0.3_wd1.0_softmax_ce_s2,2,12100
54100,1.0,1.0,canonical MLP,mlp_add97_f0.3_wd1.0_softmax_ce_s2,2,12100
54200,1.0,1.0,canonical MLP,mlp_add97_f0.3_wd1.0_softmax_ce_s2,2,12100
54300,1.0,1.0,canonical MLP,mlp_add97_f0.3_wd1.0_softmax_ce_s2,2,12100
54400,1.0,1.0,canonical MLP,mlp_add97_f0.3_wd1.0_softmax_ce_s2,2,12100
54500,1.0,1.0,canonical MLP,mlp_add97_f0.3_wd1.0_softmax_ce_s2,2,12100
54600,1.0,1.0,canonical MLP,mlp_add97_f0.3_wd1.0_softmax_ce_s2,2,12100
54700,1.0,1.0,canonical MLP,mlp_add97_f0.3_wd1.0_softmax_ce_s2,2,12100
54800,1.0,1.0,canonical MLP,mlp_add97_f0.3_wd1.0_softmax_ce_s2,2,12100
54900,1.0,1.0,canonical MLP,mlp_add97_f0.3_wd1.0_softmax_ce_s2,2,12100
55000,1.0,1.0,canonical MLP,mlp_add97_f0.3_wd1.0_softmax_ce_s2,2,12100
55100,1.0,1.0,canonical MLP,mlp_add97_f0.3_wd1.0_softmax_ce_s2,2,12100
55200,1.0,1.0,canonical MLP,mlp_add97_f0.3_wd1.0_softmax_ce_s2,2,12100
55300,1.0,1.0,canonical MLP,mlp_add97_f0.3_wd1.0_softmax_ce_s2,2,12100
55400,1.0,1.0,canonical MLP,mlp_add97_f0.3_wd1.0_softmax_ce_s2,2,12100
55500,1.0,1.0,canonical MLP,mlp_add97_f0.3_wd1.0_softmax_ce_s2,2,12100
55600,1.0,1.0,canonical MLP,mlp_add97_f0.3_wd1.0_softmax_ce_s2,2,12100
55700,1.0,1.0,canonical MLP,mlp_add97_f0.3_wd1.0_softmax_ce_s2,2,12100
55800,1.0,1.0,canonical MLP,mlp_add97_f0.3_wd1.0_softmax_ce_s2,2,12100
55900,1.0,1.0,canonical MLP,mlp_add97_f0.3_wd1.0_softmax_ce_s2,2,12100
56000,1.0,1.0,canonical MLP,mlp_add97_f0.3_wd1.0_softmax_ce_s2,2,12100
56100,1.0,1.0,canonical MLP,mlp_add97_f0.3_wd1.0_softmax_ce_s2,2,12100
56200,1.0,1.0,canonical MLP,mlp_add97_f0.3_wd1.0_softmax_ce_s2,2,12100
56300,1.0,1.0,canonical MLP,mlp_add97_f0.3_wd1.0_softmax_ce_s2,2,12100
56400,1.0,1.0,canonical MLP,mlp_add97_f0.3_wd1.0_softmax_ce_s2,2,12100
56500,1.0,1.0,canonical MLP,mlp_add97_f0.3_wd1.0_softmax_ce_s2,2,12100
56600,1.0,1.0,canonical MLP,mlp_add97_f0.3_wd1.0_softmax_ce_s2,2,12100
56700,1.0,1.0,canonical MLP,mlp_add97_f0.3_wd1.0_softmax_ce_s2,2,12100
56800,1.0,1.0,canonical MLP,mlp_add97_f0.3_wd1.0_softmax_ce_s2,2,12100
56900,1.0,1.0,canonical MLP,mlp_add97_f0.3_wd1.0_softmax_ce_s2,2,12100
57000,1.0,1.0,canonical MLP,mlp_add97_f0.3_wd1.0_softmax_ce_s2,2,12100
57100,1.0,1.0,canonical MLP,mlp_add97_f0.3_wd1.0_softmax_ce_s2,2,12100
57200,1.0,1.0,canonical MLP,mlp_add97_f0.3_wd1.0_softmax_ce_s2,2,12100
57300,1.0,1.0,canonical MLP,mlp_add97_f0.3_wd1.0_softmax_ce_s2,2,12100
57400,1.0,1.0,canonical MLP,mlp_add97_f0.3_wd1.0_softmax_ce_s2,2,12100
57500,1.0,1.0,canonical MLP,mlp_add97_f0.3_wd1.0_softmax_ce_s2,2,12100
57600,1.0,1.0,canonical MLP,mlp_add97_f0.3_wd1.0_softmax_ce_s2,2,12100
57700,1.0,1.0,canonical MLP,mlp_add97_f0.3_wd1.0_softmax_ce_s2,2,12100
57800,1.0,1.0,canonical MLP,mlp_add97_f0.3_wd1.0_softmax_ce_s2,2,12100
57900,1.0,1.0,canonical MLP,mlp_add97_f0.3_wd1.0_softmax_ce_s2,2,12100
58000,1.0,1.0,canonical MLP,mlp_add97_f0.3_wd1.0_softmax_ce_s2,2,12100
58100,1.0,1.0,canonical MLP,mlp_add97_f0.3_wd1.0_softmax_ce_s2,2,12100
58200,1.0,1.0,canonical MLP,mlp_add97_f0.3_wd1.0_softmax_ce_s2,2,12100
58300,1.0,1.0,canonical MLP,mlp_add97_f0.3_wd1.0_softmax_ce_s2,2,12100
58400,1.0,1.0,canonical MLP,mlp_add97_f0.3_wd1.0_softmax_ce_s2,2,12100
58500,1.0,1.0,canonical MLP,mlp_add97_f0.3_wd1.0_softmax_ce_s2,2,12100
58600,1.0,1.0,canonical MLP,mlp_add97_f0.3_wd1.0_softmax_ce_s2,2,12100
58700,1.0,1.0,canonical MLP,mlp_add97_f0.3_wd1.0_softmax_ce_s2,2,12100
58800,1.0,1.0,canonical MLP,mlp_add97_f0.3_wd1.0_softmax_ce_s2,2,12100
58900,1.0,1.0,canonical MLP,mlp_add97_f0.3_wd1.0_softmax_ce_s2,2,12100
59000,1.0,1.0,canonical MLP,mlp_add97_f0.3_wd1.0_softmax_ce_s2,2,12100
59100,1.0,1.0,canonical MLP,mlp_add97_f0.3_wd1.0_softmax_ce_s2,2,12100
59200,1.0,1.0,canonical MLP,mlp_add97_f0.3_wd1.0_softmax_ce_s2,2,12100
59300,1.0,1.0,canonical MLP,mlp_add97_f0.3_wd1.0_softmax_ce_s2,2,12100
59400,1.0,1.0,canonical MLP,mlp_add97_f0.3_wd1.0_softmax_ce_s2,2,12100
59500,1.0,1.0,canonical MLP,mlp_add97_f0.3_wd1.0_softmax_ce_s2,2,12100
59600,1.0,1.0,canonical MLP,mlp_add97_f0.3_wd1.0_softmax_ce_s2,2,12100
59700,1.0,1.0,canonical MLP,mlp_add97_f0.3_wd1.0_softmax_ce_s2,2,12100
59800,1.0,1.0,canonical MLP,mlp_add97_f0.3_wd1.0_softmax_ce_s2,2,12100
59900,1.0,1.0,canonical MLP,mlp_add97_f0.3_wd1.0_softmax_ce_s2,2,12100
60000,1.0,1.0,canonical MLP,mlp_add97_f0.3_wd1.0_softmax_ce_s2,2,12100
0,0.009564293548464775,0.0095657454803586,canonical MLP,mlp_add97_f0.3_wd1.0_softmax_ce_s3,3,9500
100,1.0,0.0001518372300779447,canonical MLP,mlp_add97_f0.3_wd1.0_softmax_ce_s3,3,9500
200,1.0,0.0001518372300779447,canonical MLP,mlp_add97_f0.3_wd1.0_softmax_ce_s3,3,9500
300,1.0,0.0001518372300779447,canonical MLP,mlp_add97_f0.3_wd1.0_softmax_ce_s3,3,9500
400,1.0,0.0001518372300779447,canonical MLP,mlp_add97_f0.3_wd1.0_softmax_ce_s3,3,9500
500,1.0,0.0001518372300779447,canonical MLP,mlp_add97_f0.3_wd1.0_softmax_ce_s3,3,9500
600,1.0,0.0,canonical MLP,mlp_add97_f0.3_wd1.0_softmax_ce_s3,3,9500
700,1.0,0.0,canonical MLP,mlp_add97_f0.3_wd1.0_softmax_ce_s3,3,9500
800,1.0,0.0,canonical MLP,mlp_add97_f0.3_wd1.0_softmax_ce_s3,3,9500
900,1.0,0.0,canonical MLP,mlp_add97_f0.3_wd1.0_softmax_ce_s3,3,9500
1000,1.0,0.0,canonical MLP,mlp_add97_f0.3_wd1.0_softmax_ce_s3,3,9500
1100,1.0,0.0,canonical MLP,mlp_add97_f0.3_wd1.0_softmax_ce_s3,3,9500
1200,1.0,0.0,canonical MLP,mlp_add97_f0.3_wd1.0_softmax_ce_s3,3,9500
1300,1.0,0.0001518372300779447,canonical MLP,mlp_add97_f0.3_wd1.0_softmax_ce_s3,3,9500
1400,1.0,0.0,canonical MLP,mlp_add97_f0.3_wd1.0_softmax_ce_s3,3,9500
1500,1.0,0.0,canonical MLP,mlp_add97_f0.3_wd1.0_softmax_ce_s3,3,9500
1600,1.0,0.0,canonical MLP,mlp_add97_f0.3_wd1.0_softmax_ce_s3,3,9500
1700,1.0,0.0,canonical MLP,mlp_add97_f0.3_wd1.0_softmax_ce_s3,3,9500
1800,1.0,0.0,canonical MLP,mlp_add97_f0.3_wd1.0_softmax_ce_s3,3,9500
1900,1.0,0.0,canonical MLP,mlp_add97_f0.3_wd1.0_softmax_ce_s3,3,9500
2000,1.0,0.0,canonical MLP,mlp_add97_f0.3_wd1.0_softmax_ce_s3,3,9500
2100,1.0,0.0,canonical MLP,mlp_add97_f0.3_wd1.0_softmax_ce_s3,3,9500
2200,1.0,0.0,canonical MLP,mlp_add97_f0.3_wd1.0_softmax_ce_s3,3,9500
2300,1.0,0.0,canonical MLP,mlp_add97_f0.3_wd1.0_softmax_ce_s3,3,9500
2400,1.0,0.0,canonical MLP,mlp_add97_f0.3_wd1.0_softmax_ce_s3,3,9500
2500,1.0,0.0,canonical MLP,mlp_add97_f0.3_wd1.0_softmax_ce_s3,3,9500
2600,1.0,0.0,canonical MLP,mlp_add97_f0.3_wd1.0_softmax_ce_s3,3,9500
2700,1.0,0.0,canonical MLP,mlp_add97_f0.3_wd1.0_softmax_ce_s3,3,9500
2800,1.0,0.0003036744601558894,canonical MLP,mlp_add97_f0.3_wd1.0_softmax_ce_s3,3,9500
2900,1.0,0.0003036744601558894,canonical MLP,mlp_add97_f0.3_wd1.0_softmax_ce_s3,3,9500
3000,1.0,0.00045551167568191886,canonical MLP,mlp_add97_f0.3_wd1.0_softmax_ce_s3,3,9500
3100,1.0,0.00045551167568191886,canonical MLP,mlp_add97_f0.3_wd1.0_softmax_ce_s3,3,9500
3200,1.0,0.00045551167568191886,canonical MLP,mlp_add97_f0.3_wd1.0_softmax_ce_s3,3,9500
3300,1.0,0.00045551167568191886,canonical MLP,mlp_add97_f0.3_wd1.0_softmax_ce_s3,3,9500
3400,1.0,0.00045551167568191886,canonical MLP,mlp_add97_f0.3_wd1.0_softmax_ce_s3,3,9500
3500,1.0,0.0006073489203117788,canonical MLP,mlp_add97_f0.3_wd1.0_softmax_ce_s3,3,9500
3600,1.0,0.0006073489203117788,canonical MLP,mlp_add97_f0.3_wd1.0_softmax_ce_s3,3,9500
3700,1.0,0.0006073489203117788,canonical MLP,mlp_add97_f0.3_wd1.0_softmax_ce_s3,3,9500
3800,1.0,0.0006073489203117788,canonical MLP,mlp_add97_f0.3_wd1.0_softmax_ce_s3,3,9500
3900,1.0,0.0006073489203117788,canonical MLP,mlp_add97_f0.3_wd1.0_softmax_ce_s3,3,9500
4000,1.0,0.0006073489203117788,canonical MLP,mlp_add97_f0.3_wd1.0_softmax_ce_s3,3,9500
4100,1.0,0.0007591861649416387,canonical MLP,mlp_add97_f0.3_wd1.0_softmax_ce_s3,3,9500
4200,1.0,0.0009110233513638377,canonical MLP,mlp_add97_f0.3_wd1.0_softmax_ce_s3,3,9500
4300,1.0,0.0009110233513638377,canonical MLP,mlp_add97_f0.3_wd1.0_softmax_ce_s3,3,9500
4400,1.0,0.0009110233513638377,canonical MLP,mlp_add97_f0.3_wd1.0_softmax_ce_s3,3,9500
4500,1.0,0.0009110233513638377,canonical MLP,mlp_add97_f0.3_wd1.0_softmax_ce_s3,3,9500
4600,1.0,0.0009110233513638377,canonical MLP,mlp_add97_f0.3_wd1.0_softmax_ce_s3,3,9500
4700,1.0,0.0009110233513638377,canonical MLP,mlp_add97_f0.3_wd1.0_softmax_ce_s3,3,9500
4800,1.0,0.0009110233513638377,canonical MLP,mlp_add97_f0.3_wd1.0_softmax_ce_s3,3,9500
4900,1.0,0.0010628605959936976,canonical MLP,mlp_add97_f0.3_wd1.0_softmax_ce_s3,3,9500
5000,1.0,0.0010628605959936976,canonical MLP,mlp_add97_f0.3_wd1.0_softmax_ce_s3,3,9500
5100,1.0,0.0010628605959936976,canonical MLP,mlp_add97_f0.3_wd1.0_softmax_ce_s3,3,9500
5200,1.0,0.0010628605959936976,canonical MLP,mlp_add97_f0.3_wd1.0_softmax_ce_s3,3,9500
5300,1.0,0.0010628605959936976,canonical MLP,mlp_add97_f0.3_wd1.0_softmax_ce_s3,3,9500
5400,1.0,0.0012146978406235576,canonical MLP,mlp_add97_f0.3_wd1.0_softmax_ce_s3,3,9500
5500,1.0,0.0019738839473575354,canonical MLP,mlp_add97_f0.3_wd1.0_softmax_ce_s3,3,9500
5600,1.0,0.0019738839473575354,canonical MLP,mlp_add97_f0.3_wd1.0_softmax_ce_s3,3,9500
5700,1.0,0.002277558436617255,canonical MLP,mlp_add97_f0.3_wd1.0_softmax_ce_s3,3,9500
5800,1.0,0.002733070170506835,canonical MLP,mlp_add97_f0.3_wd1.0_softmax_ce_s3,3,9500
5900,1.0,0.002884907415136695,canonical MLP,mlp_add97_f0.3_wd1.0_softmax_ce_s3,3,9500
6000,1.0,0.002884907415136695,canonical MLP,mlp_add97_f0.3_wd1.0_softmax_ce_s3,3,9500
6100,1.0,0.0034922563936561346,canonical MLP,mlp_add97_f0.3_wd1.0_softmax_ce_s3,3,9500
6200,1.0,0.00455511687323451,canonical MLP,mlp_add97_f0.3_wd1.0_softmax_ce_s3,3,9500
6300,1.0,0.00531430309638381,canonical MLP,mlp_add97_f0.3_wd1.0_softmax_ce_s3,3,9500
6400,1.0,0.00622532656416297,canonical MLP,mlp_add97_f0.3_wd1.0_softmax_ce_s3,3,9500
6500,1.0,0.007440024055540562,canonical MLP,mlp_add97_f0.3_wd1.0_softmax_ce_s3,3,9500
6600,1.0,0.008351047523319721,canonical MLP,mlp_add97_f0.3_wd1.0_softmax_ce_s3,3,9500
6700,1.0,0.00941390823572874,canonical MLP,mlp_add97_f0.3_wd1.0_softmax_ce_s3,3,9500
6800,1.0,0.01123595517128706,canonical MLP,mlp_add97_f0.3_wd1.0_softmax_ce_s3,3,9500
6900,1.0,0.014272700063884258,canonical MLP,mlp_add97_f0.3_wd1.0_softmax_ce_s3,3,9500
7000,1.0,0.017916793003678322,canonical MLP,mlp_add97_f0.3_wd1.0_softmax_ce_s3,3,9500
7100,1.0,0.02095353789627552,canonical MLP,mlp_add97_f0.3_wd1.0_softmax_ce_s3,3,9500
7200,1.0,0.02459763176739216,canonical MLP,mlp_add97_f0.3_wd1.0_softmax_ce_s3,3,9500
7300,1.0,0.029304584488272667,canonical MLP,mlp_add97_f0.3_wd1.0_softmax_ce_s3,3,9500
7400,1.0,0.033859703689813614,canonical MLP,mlp_add97_f0.3_wd1.0_softmax_ce_s3,3,9500
7500,1.0,0.04054053872823715,canonical MLP,mlp_add97_f0.3_wd1.0_softmax_ce_s3,3,9500
7600,1.0,0.05010628700256348,canonical MLP,mlp_add97_f0.3_wd1.0_softmax_ce_s3,3,9500
7700,1.0,0.05997570604085922,canonical MLP,mlp_add97_f0.3_wd1.0_softmax_ce_s3,3,9500
7800,1.0,0.07166717201471329,canonical MLP,mlp_add97_f0.3_wd1.0_softmax_ce_s3,3,9500
7900,1.0,0.08776191622018814,canonical MLP,mlp_add97_f0.3_wd1.0_softmax_ce_s3,3,9500
8000,1.0,0.10598238557577133,canonical MLP,mlp_add97_f0.3_wd1.0_softmax_ce_s3,3,9500
8100,1.0,0.12769511342048645,canonical MLP,mlp_add97_f0.3_wd1.0_softmax_ce_s3,3,9500
8200,1.0,0.15259641408920288,canonical MLP,mlp_add97_f0.3_wd1.0_softmax_ce_s3,3,9500
8300,1.0,0.17856058478355408,canonical MLP,mlp_add97_f0.3_wd1.0_softmax_ce_s3,3,9500
8400,1.0,0.21439416706562042,canonical MLP,mlp_add97_f0.3_wd1.0_softmax_ce_s3,3,9500
8500,1.0,0.25766777992248535,canonical MLP,mlp_add97_f0.3_wd1.0_softmax_ce_s3,3,9500
8600,1.0,0.30822956562042236,canonical MLP,mlp_add97_f0.3_wd1.0_softmax_ce_s3,3,9500
8700,1.0,0.36197996139526367,canonical MLP,mlp_add97_f0.3_wd1.0_softmax_ce_s3,3,9500
8800,1.0,0.42696627974510193,canonical MLP,mlp_add97_f0.3_wd1.0_softmax_ce_s3,3,9500
8900,1.0,0.5031886100769043,canonical MLP,mlp_add97_f0.3_wd1.0_softmax_ce_s3,3,9500
9000,1.0,0.5753112435340881,canonical MLP,mlp_add97_f0.3_wd1.0_softmax_ce_s3,3,9500
9100,1.0,0.6518372297286987,canonical MLP,mlp_add97_f0.3_wd1.0_softmax_ce_s3,3,9500
9200,1.0,0.7285150289535522,canonical MLP,mlp_add97_f0.3_wd1.0_softmax_ce_s3,3,9500
9300,1.0,0.8024597764015198,canonical MLP,mlp_add97_f0.3_wd1.0_softmax_ce_s3,3,9500
9400,1.0,0.8657758831977844,canonical MLP,mlp_add97_f0.3_wd1.0_softmax_ce_s3,3,9500
9500,1.0,0.9129972457885742,canonical MLP,mlp_add97_f0.3_wd1.0_softmax_ce_s3,3,9500
9600,1.0,0.9500455260276794,canonical MLP,mlp_add97_f0.3_wd1.0_softmax_ce_s3,3,9500
9700,1.0,0.9735803008079529,canonical MLP,mlp_add97_f0.3_wd1.0_softmax_ce_s3,3,9500
9800,1.0,0.9887640476226807,canonical MLP,mlp_add97_f0.3_wd1.0_softmax_ce_s3,3,9500
9900,1.0,0.9951412081718445,canonical MLP,mlp_add97_f0.3_wd1.0_softmax_ce_s3,3,9500
10000,1.0,0.9981779456138611,canonical MLP,mlp_add97_f0.3_wd1.0_softmax_ce_s3,3,9500
10100,1.0,0.9995445013046265,canonical MLP,mlp_add97_f0.3_wd1.0_softmax_ce_s3,3,9500
10200,1.0,0.9996963143348694,canonical MLP,mlp_add97_f0.3_wd1.0_softmax_ce_s3,3,9500
10300,1.0,0.9998481869697571,canonical MLP,mlp_add97_f0.3_wd1.0_softmax_ce_s3,3,9500
10400,1.0,1.0,canonical MLP,mlp_add97_f0.3_wd1.0_softmax_ce_s3,3,9500
10500,1.0,1.0,canonical MLP,mlp_add97_f0.3_wd1.0_softmax_ce_s3,3,9500
10600,1.0,1.0,canonical MLP,mlp_add97_f0.3_wd1.0_softmax_ce_s3,3,9500
10700,1.0,1.0,canonical MLP,mlp_add97_f0.3_wd1.0_softmax_ce_s3,3,9500
10800,1.0,1.0,canonical MLP,mlp_add97_f0.3_wd1.0_softmax_ce_s3,3,9500
10900,1.0,1.0,canonical MLP,mlp_add97_f0.3_wd1.0_softmax_ce_s3,3,9500
11000,1.0,1.0,canonical MLP,mlp_add97_f0.3_wd1.0_softmax_ce_s3,3,9500
11100,1.0,1.0,canonical MLP,mlp_add97_f0.3_wd1.0_softmax_ce_s3,3,9500
11200,1.0,1.0,canonical MLP,mlp_add97_f0.3_wd1.0_softmax_ce_s3,3,9500
11300,1.0,1.0,canonical MLP,mlp_add97_f0.3_wd1.0_softmax_ce_s3,3,9500
11400,1.0,1.0,canonical MLP,mlp_add97_f0.3_wd1.0_softmax_ce_s3,3,9500
11500,1.0,1.0,canonical MLP,mlp_add97_f0.3_wd1.0_softmax_ce_s3,3,9500
11600,1.0,1.0,canonical MLP,mlp_add97_f0.3_wd1.0_softmax_ce_s3,3,9500
11700,1.0,1.0,canonical MLP,mlp_add97_f0.3_wd1.0_softmax_ce_s3,3,9500
11800,1.0,1.0,canonical MLP,mlp_add97_f0.3_wd1.0_softmax_ce_s3,3,9500
11900,1.0,1.0,canonical MLP,mlp_add97_f0.3_wd1.0_softmax_ce_s3,3,9500
12000,1.0,1.0,canonical MLP,mlp_add97_f0.3_wd1.0_softmax_ce_s3,3,9500
12100,1.0,1.0,canonical MLP,mlp_add97_f0.3_wd1.0_softmax_ce_s3,3,9500
12200,1.0,1.0,canonical MLP,mlp_add97_f0.3_wd1.0_softmax_ce_s3,3,9500
12300,1.0,1.0,canonical MLP,mlp_add97_f0.3_wd1.0_softmax_ce_s3,3,9500
12400,1.0,1.0,canonical MLP,mlp_add97_f0.3_wd1.0_softmax_ce_s3,3,9500
12500,1.0,1.0,canonical MLP,mlp_add97_f0.3_wd1.0_softmax_ce_s3,3,9500
12600,1.0,1.0,canonical MLP,mlp_add97_f0.3_wd1.0_softmax_ce_s3,3,9500
12700,1.0,1.0,canonical MLP,mlp_add97_f0.3_wd1.0_softmax_ce_s3,3,9500
12800,1.0,1.0,canonical MLP,mlp_add97_f0.3_wd1.0_softmax_ce_s3,3,9500
12900,1.0,1.0,canonical MLP,mlp_add97_f0.3_wd1.0_softmax_ce_s3,3,9500
13000,1.0,1.0,canonical MLP,mlp_add97_f0.3_wd1.0_softmax_ce_s3,3,9500
13100,1.0,1.0,canonical MLP,mlp_add97_f0.3_wd1.0_softmax_ce_s3,3,9500
13200,1.0,1.0,canonical MLP,mlp_add97_f0.3_wd1.0_softmax_ce_s3,3,9500
13300,1.0,1.0,canonical MLP,mlp_add97_f0.3_wd1.0_softmax_ce_s3,3,9500
13400,1.0,1.0,canonical MLP,mlp_add97_f0.3_wd1.0_softmax_ce_s3,3,9500
13500,1.0,1.0,canonical MLP,mlp_add97_f0.3_wd1.0_softmax_ce_s3,3,9500
13600,1.0,1.0,canonical MLP,mlp_add97_f0.3_wd1.0_softmax_ce_s3,3,9500
13700,1.0,1.0,canonical MLP,mlp_add97_f0.3_wd1.0_softmax_ce_s3,3,9500
13800,1.0,1.0,canonical MLP,mlp_add97_f0.3_wd1.0_softmax_ce_s3,3,9500
13900,1.0,1.0,canonical MLP,mlp_add97_f0.3_wd1.0_softmax_ce_s3,3,9500
14000,1.0,1.0,canonical MLP,mlp_add97_f0.3_wd1.0_softmax_ce_s3,3,9500
14100,1.0,1.0,canonical MLP,mlp_add97_f0.3_wd1.0_softmax_ce_s3,3,9500
14200,1.0,1.0,canonical MLP,mlp_add97_f0.3_wd1.0_softmax_ce_s3,3,9500
14300,1.0,1.0,canonical MLP,mlp_add97_f0.3_wd1.0_softmax_ce_s3,3,9500
14400,1.0,1.0,canonical MLP,mlp_add97_f0.3_wd1.0_softmax_ce_s3,3,9500
14500,1.0,1.0,canonical MLP,mlp_add97_f0.3_wd1.0_softmax_ce_s3,3,9500
14600,1.0,1.0,canonical MLP,mlp_add97_f0.3_wd1.0_softmax_ce_s3,3,9500
14700,1.0,1.0,canonical MLP,mlp_add97_f0.3_wd1.0_softmax_ce_s3,3,9500
14800,1.0,1.0,canonical MLP,mlp_add97_f0.3_wd1.0_softmax_ce_s3,3,9500
14900,1.0,1.0,canonical MLP,mlp_add97_f0.3_wd1.0_softmax_ce_s3,3,9500
15000,1.0,1.0,canonical MLP,mlp_add97_f0.3_wd1.0_softmax_ce_s3,3,9500
15100,1.0,1.0,canonical MLP,mlp_add97_f0.3_wd1.0_softmax_ce_s3,3,9500
15200,1.0,1.0,canonical MLP,mlp_add97_f0.3_wd1.0_softmax_ce_s3,3,9500
15300,1.0,1.0,canonical MLP,mlp_add97_f0.3_wd1.0_softmax_ce_s3,3,9500
15400,1.0,1.0,canonical MLP,mlp_add97_f0.3_wd1.0_softmax_ce_s3,3,9500
15500,1.0,1.0,canonical MLP,mlp_add97_f0.3_wd1.0_softmax_ce_s3,3,9500
15600,1.0,1.0,canonical MLP,mlp_add97_f0.3_wd1.0_softmax_ce_s3,3,9500
15700,1.0,1.0,canonical MLP,mlp_add97_f0.3_wd1.0_softmax_ce_s3,3,9500
15800,1.0,1.0,canonical MLP,mlp_add97_f0.3_wd1.0_softmax_ce_s3,3,9500
15900,1.0,1.0,canonical MLP,mlp_add97_f0.3_wd1.0_softmax_ce_s3,3,9500
16000,1.0,1.0,canonical MLP,mlp_add97_f0.3_wd1.0_softmax_ce_s3,3,9500
16100,1.0,1.0,canonical MLP,mlp_add97_f0.3_wd1.0_softmax_ce_s3,3,9500
16200,1.0,1.0,canonical MLP,mlp_add97_f0.3_wd1.0_softmax_ce_s3,3,9500
16300,1.0,1.0,canonical MLP,mlp_add97_f0.3_wd1.0_softmax_ce_s3,3,9500
16400,1.0,1.0,canonical MLP,mlp_add97_f0.3_wd1.0_softmax_ce_s3,3,9500
16500,1.0,1.0,canonical MLP,mlp_add97_f0.3_wd1.0_softmax_ce_s3,3,9500
16600,1.0,1.0,canonical MLP,mlp_add97_f0.3_wd1.0_softmax_ce_s3,3,9500
16700,1.0,1.0,canonical MLP,mlp_add97_f0.3_wd1.0_softmax_ce_s3,3,9500
16800,1.0,1.0,canonical MLP,mlp_add97_f0.3_wd1.0_softmax_ce_s3,3,9500
16900,1.0,1.0,canonical MLP,mlp_add97_f0.3_wd1.0_softmax_ce_s3,3,9500
17000,1.0,1.0,canonical MLP,mlp_add97_f0.3_wd1.0_softmax_ce_s3,3,9500
17100,1.0,1.0,canonical MLP,mlp_add97_f0.3_wd1.0_softmax_ce_s3,3,9500
17200,1.0,1.0,canonical MLP,mlp_add97_f0.3_wd1.0_softmax_ce_s3,3,9500
17300,1.0,1.0,canonical MLP,mlp_add97_f0.3_wd1.0_softmax_ce_s3,3,9500
17400,1.0,1.0,canonical MLP,mlp_add97_f0.3_wd1.0_softmax_ce_s3,3,9500
17500,1.0,1.0,canonical MLP,mlp_add97_f0.3_wd1.0_softmax_ce_s3,3,9500
17600,1.0,1.0,canonical MLP,mlp_add97_f0.3_wd1.0_softmax_ce_s3,3,9500
17700,1.0,1.0,canonical MLP,mlp_add97_f0.3_wd1.0_softmax_ce_s3,3,9500
17800,1.0,1.0,canonical MLP,mlp_add97_f0.3_wd1.0_softmax_ce_s3,3,9500
17900,1.0,1.0,canonical MLP,mlp_add97_f0.3_wd1.0_softmax_ce_s3,3,9500
18000,1.0,1.0,canonical MLP,mlp_add97_f0.3_wd1.0_softmax_ce_s3,3,9500
18100,1.0,1.0,canonical MLP,mlp_add97_f0.3_wd1.0_softmax_ce_s3,3,9500
18200,1.0,1.0,canonical MLP,mlp_add97_f0.3_wd1.0_softmax_ce_s3,3,9500
18300,1.0,1.0,canonical MLP,mlp_add97_f0.3_wd1.0_softmax_ce_s3,3,9500
18400,1.0,1.0,canonical MLP,mlp_add97_f0.3_wd1.0_softmax_ce_s3,3,9500
18500,1.0,1.0,canonical MLP,mlp_add97_f0.3_wd1.0_softmax_ce_s3,3,9500
18600,1.0,1.0,canonical MLP,mlp_add97_f0.3_wd1.0_softmax_ce_s3,3,9500
18700,1.0,1.0,canonical MLP,mlp_add97_f0.3_wd1.0_softmax_ce_s3,3,9500
18800,1.0,1.0,canonical MLP,mlp_add97_f0.3_wd1.0_softmax_ce_s3,3,9500
18900,1.0,1.0,canonical MLP,mlp_add97_f0.3_wd1.0_softmax_ce_s3,3,9500
19000,1.0,1.0,canonical MLP,mlp_add97_f0.3_wd1.0_softmax_ce_s3,3,9500
19100,1.0,1.0,canonical MLP,mlp_add97_f0.3_wd1.0_softmax_ce_s3,3,9500
19200,1.0,1.0,canonical MLP,mlp_add97_f0.3_wd1.0_softmax_ce_s3,3,9500
19300,1.0,1.0,canonical MLP,mlp_add97_f0.3_wd1.0_softmax_ce_s3,3,9500
19400,1.0,1.0,canonical MLP,mlp_add97_f0.3_wd1.0_softmax_ce_s3,3,9500
19500,1.0,1.0,canonical MLP,mlp_add97_f0.3_wd1.0_softmax_ce_s3,3,9500
19600,1.0,1.0,canonical MLP,mlp_add97_f0.3_wd1.0_softmax_ce_s3,3,9500
19700,1.0,1.0,canonical MLP,mlp_add97_f0.3_wd1.0_softmax_ce_s3,3,9500
19800,1.0,1.0,canonical MLP,mlp_add97_f0.3_wd1.0_softmax_ce_s3,3,9500
19900,1.0,1.0,canonical MLP,mlp_add97_f0.3_wd1.0_softmax_ce_s3,3,9500
20000,1.0,1.0,canonical MLP,mlp_add97_f0.3_wd1.0_softmax_ce_s3,3,9500
20100,1.0,1.0,canonical MLP,mlp_add97_f0.3_wd1.0_softmax_ce_s3,3,9500
20200,1.0,1.0,canonical MLP,mlp_add97_f0.3_wd1.0_softmax_ce_s3,3,9500
20300,1.0,1.0,canonical MLP,mlp_add97_f0.3_wd1.0_softmax_ce_s3,3,9500
20400,1.0,1.0,canonical MLP,mlp_add97_f0.3_wd1.0_softmax_ce_s3,3,9500
20500,1.0,1.0,canonical MLP,mlp_add97_f0.3_wd1.0_softmax_ce_s3,3,9500
20600,1.0,1.0,canonical MLP,mlp_add97_f0.3_wd1.0_softmax_ce_s3,3,9500
20700,1.0,1.0,canonical MLP,mlp_add97_f0.3_wd1.0_softmax_ce_s3,3,9500
20800,1.0,1.0,canonical MLP,mlp_add97_f0.3_wd1.0_softmax_ce_s3,3,9500
20900,1.0,1.0,canonical MLP,mlp_add97_f0.3_wd1.0_softmax_ce_s3,3,9500
21000,1.0,1.0,canonical MLP,mlp_add97_f0.3_wd1.0_softmax_ce_s3,3,9500
21100,1.0,1.0,canonical MLP,mlp_add97_f0.3_wd1.0_softmax_ce_s3,3,9500
21200,1.0,1.0,canonical MLP,mlp_add97_f0.3_wd1.0_softmax_ce_s3,3,9500
21300,1.0,1.0,canonical MLP,mlp_add97_f0.3_wd1.0_softmax_ce_s3,3,9500
21400,1.0,1.0,canonical MLP,mlp_add97_f0.3_wd1.0_softmax_ce_s3,3,9500
21500,1.0,1.0,canonical MLP,mlp_add97_f0.3_wd1.0_softmax_ce_s3,3,9500
21600,1.0,1.0,canonical MLP,mlp_add97_f0.3_wd1.0_softmax_ce_s3,3,9500
21700,1.0,1.0,canonical MLP,mlp_add97_f0.3_wd1.0_softmax_ce_s3,3,9500
21800,1.0,1.0,canonical MLP,mlp_add97_f0.3_wd1.0_softmax_ce_s3,3,9500
21900,1.0,1.0,canonical MLP,mlp_add97_f0.3_wd1.0_softmax_ce_s3,3,9500
22000,1.0,1.0,canonical MLP,mlp_add97_f0.3_wd1.0_softmax_ce_s3,3,9500
22100,1.0,1.0,canonical MLP,mlp_add97_f0.3_wd1.0_softmax_ce_s3,3,9500
22200,1.0,1.0,canonical MLP,mlp_add97_f0.3_wd1.0_softmax_ce_s3,3,9500
22300,1.0,1.0,canonical MLP,mlp_add97_f0.3_wd1.0_softmax_ce_s3,3,9500
22400,1.0,1.0,canonical MLP,mlp_add97_f0.3_wd1.0_softmax_ce_s3,3,9500
22500,1.0,1.0,canonical MLP,mlp_add97_f0.3_wd1.0_softmax_ce_s3,3,9500
22600,1.0,1.0,canonical MLP,mlp_add97_f0.3_wd1.0_softmax_ce_s3,3,9500
22700,1.0,1.0,canonical MLP,mlp_add97_f0.3_wd1.0_softmax_ce_s3,3,9500
22800,1.0,1.0,canonical MLP,mlp_add97_f0.3_wd1.0_softmax_ce_s3,3,9500
22900,1.0,1.0,canonical MLP,mlp_add97_f0.3_wd1.0_softmax_ce_s3,3,9500
23000,1.0,1.0,canonical MLP,mlp_add97_f0.3_wd1.0_softmax_ce_s3,3,9500
23100,1.0,1.0,canonical MLP,mlp_add97_f0.3_wd1.0_softmax_ce_s3,3,9500
23200,1.0,1.0,canonical MLP,mlp_add97_f0.3_wd1.0_softmax_ce_s3,3,9500
23300,1.0,1.0,canonical MLP,mlp_add97_f0.3_wd1.0_softmax_ce_s3,3,9500
23400,1.0,1.0,canonical MLP,mlp_add97_f0.3_wd1.0_softmax_ce_s3,3,9500
23500,1.0,1.0,canonical MLP,mlp_add97_f0.3_wd1.0_softmax_ce_s3,3,9500
23600,1.0,1.0,canonical MLP,mlp_add97_f0.3_wd1.0_softmax_ce_s3,3,9500
23700,1.0,1.0,canonical MLP,mlp_add97_f0.3_wd1.0_softmax_ce_s3,3,9500
23800,1.0,1.0,canonical MLP,mlp_add97_f0.3_wd1.0_softmax_ce_s3,3,9500
23900,1.0,1.0,canonical MLP,mlp_add97_f0.3_wd1.0_softmax_ce_s3,3,9500
24000,1.0,1.0,canonical MLP,mlp_add97_f0.3_wd1.0_softmax_ce_s3,3,9500
24100,1.0,1.0,canonical MLP,mlp_add97_f0.3_wd1.0_softmax_ce_s3,3,9500
24200,1.0,1.0,canonical MLP,mlp_add97_f0.3_wd1.0_softmax_ce_s3,3,9500
24300,1.0,1.0,canonical MLP,mlp_add97_f0.3_wd1.0_softmax_ce_s3,3,9500
24400,1.0,1.0,canonical MLP,mlp_add97_f0.3_wd1.0_softmax_ce_s3,3,9500
24500,1.0,1.0,canonical MLP,mlp_add97_f0.3_wd1.0_softmax_ce_s3,3,9500
24600,1.0,1.0,canonical MLP,mlp_add97_f0.3_wd1.0_softmax_ce_s3,3,9500
24700,1.0,1.0,canonical MLP,mlp_add97_f0.3_wd1.0_softmax_ce_s3,3,9500
24800,1.0,1.0,canonical MLP,mlp_add97_f0.3_wd1.0_softmax_ce_s3,3,9500
24900,1.0,1.0,canonical MLP,mlp_add97_f0.3_wd1.0_softmax_ce_s3,3,9500
25000,1.0,1.0,canonical MLP,mlp_add97_f0.3_wd1.0_softmax_ce_s3,3,9500
25100,1.0,1.0,canonical MLP,mlp_add97_f0.3_wd1.0_softmax_ce_s3,3,9500
25200,1.0,1.0,canonical MLP,mlp_add97_f0.3_wd1.0_softmax_ce_s3,3,9500
25300,1.0,1.0,canonical MLP,mlp_add97_f0.3_wd1.0_softmax_ce_s3,3,9500
25400,1.0,1.0,canonical MLP,mlp_add97_f0.3_wd1.0_softmax_ce_s3,3,9500
25500,1.0,1.0,canonical MLP,mlp_add97_f0.3_wd1.0_softmax_ce_s3,3,9500
25600,1.0,1.0,canonical MLP,mlp_add97_f0.3_wd1.0_softmax_ce_s3,3,9500
25700,1.0,1.0,canonical MLP,mlp_add97_f0.3_wd1.0_softmax_ce_s3,3,9500
25800,1.0,1.0,canonical MLP,mlp_add97_f0.3_wd1.0_softmax_ce_s3,3,9500
25900,1.0,1.0,canonical MLP,mlp_add97_f0.3_wd1.0_softmax_ce_s3,3,9500
26000,1.0,1.0,canonical MLP,mlp_add97_f0.3_wd1.0_softmax_ce_s3,3,9500
26100,1.0,1.0,canonical MLP,mlp_add97_f0.3_wd1.0_softmax_ce_s3,3,9500
26200,1.0,1.0,canonical MLP,mlp_add97_f0.3_wd1.0_softmax_ce_s3,3,9500
26300,1.0,1.0,canonical MLP,mlp_add97_f0.3_wd1.0_softmax_ce_s3,3,9500
26400,1.0,1.0,canonical MLP,mlp_add97_f0.3_wd1.0_softmax_ce_s3,3,9500
26500,1.0,1.0,canonical MLP,mlp_add97_f0.3_wd1.0_softmax_ce_s3,3,9500
26600,1.0,1.0,canonical MLP,mlp_add97_f0.3_wd1.0_softmax_ce_s3,3,9500
26700,1.0,1.0,canonical MLP,mlp_add97_f0.3_wd1.0_softmax_ce_s3,3,9500
26800,1.0,1.0,canonical MLP,mlp_add97_f0.3_wd1.0_softmax_ce_s3,3,9500
26900,1.0,1.0,canonical MLP,mlp_add97_f0.3_wd1.0_softmax_ce_s3,3,9500
27000,1.0,1.0,canonical MLP,mlp_add97_f0.3_wd1.0_softmax_ce_s3,3,9500
27100,1.0,1.0,canonical MLP,mlp_add97_f0.3_wd1.0_softmax_ce_s3,3,9500
27200,1.0,1.0,canonical MLP,mlp_add97_f0.3_wd1.0_softmax_ce_s3,3,9500
27300,1.0,1.0,canonical MLP,mlp_add97_f0.3_wd1.0_softmax_ce_s3,3,9500
27400,1.0,1.0,canonical MLP,mlp_add97_f0.3_wd1.0_softmax_ce_s3,3,9500
27500,1.0,1.0,canonical MLP,mlp_add97_f0.3_wd1.0_softmax_ce_s3,3,9500
27600,1.0,1.0,canonical MLP,mlp_add97_f0.3_wd1.0_softmax_ce_s3,3,9500
27700,1.0,1.0,canonical MLP,mlp_add97_f0.3_wd1.0_softmax_ce_s3,3,9500
27800,1.0,1.0,canonical MLP,mlp_add97_f0.3_wd1.0_softmax_ce_s3,3,9500
27900,1.0,1.0,canonical MLP,mlp_add97_f0.3_wd1.0_softmax_ce_s3,3,9500
28000,1.0,1.0,canonical MLP,mlp_add97_f0.3_wd1.0_softmax_ce_s3,3,9500
28100,1.0,1.0,canonical MLP,mlp_add97_f0.3_wd1.0_softmax_ce_s3,3,9500
28200,1.0,1.0,canonical MLP,mlp_add97_f0.3_wd1.0_softmax_ce_s3,3,9500
28300,1.0,1.0,canonical MLP,mlp_add97_f0.3_wd1.0_softmax_ce_s3,3,9500
28400,1.0,1.0,canonical MLP,mlp_add97_f0.3_wd1.0_softmax_ce_s3,3,9500
28500,1.0,1.0,canonical MLP,mlp_add97_f0.3_wd1.0_softmax_ce_s3,3,9500
28600,1.0,1.0,canonical MLP,mlp_add97_f0.3_wd1.0_softmax_ce_s3,3,9500
28700,1.0,1.0,canonical MLP,mlp_add97_f0.3_wd1.0_softmax_ce_s3,3,9500
28800,1.0,1.0,canonical MLP,mlp_add97_f0.3_wd1.0_softmax_ce_s3,3,9500
28900,1.0,1.0,canonical MLP,mlp_add97_f0.3_wd1.0_softmax_ce_s3,3,9500
29000,1.0,1.0,canonical MLP,mlp_add97_f0.3_wd1.0_softmax_ce_s3,3,9500
29100,1.0,1.0,canonical MLP,mlp_add97_f0.3_wd1.0_softmax_ce_s3,3,9500
29200,1.0,1.0,canonical MLP,mlp_add97_f0.3_wd1.0_softmax_ce_s3,3,9500
29300,1.0,1.0,canonical MLP,mlp_add97_f0.3_wd1.0_softmax_ce_s3,3,9500
29400,1.0,1.0,canonical MLP,mlp_add97_f0.3_wd1.0_softmax_ce_s3,3,9500
29500,1.0,1.0,canonical MLP,mlp_add97_f0.3_wd1.0_softmax_ce_s3,3,9500
29600,1.0,1.0,canonical MLP,mlp_add97_f0.3_wd1.0_softmax_ce_s3,3,9500
29700,1.0,1.0,canonical MLP,mlp_add97_f0.3_wd1.0_softmax_ce_s3,3,9500
29800,1.0,1.0,canonical MLP,mlp_add97_f0.3_wd1.0_softmax_ce_s3,3,9500
29900,1.0,1.0,canonical MLP,mlp_add97_f0.3_wd1.0_softmax_ce_s3,3,9500
30000,1.0,1.0,canonical MLP,mlp_add97_f0.3_wd1.0_softmax_ce_s3,3,9500
30100,1.0,1.0,canonical MLP,mlp_add97_f0.3_wd1.0_softmax_ce_s3,3,9500
30200,1.0,1.0,canonical MLP,mlp_add97_f0.3_wd1.0_softmax_ce_s3,3,9500
30300,1.0,1.0,canonical MLP,mlp_add97_f0.3_wd1.0_softmax_ce_s3,3,9500
30400,1.0,1.0,canonical MLP,mlp_add97_f0.3_wd1.0_softmax_ce_s3,3,9500
30500,1.0,1.0,canonical MLP,mlp_add97_f0.3_wd1.0_softmax_ce_s3,3,9500
30600,1.0,1.0,canonical MLP,mlp_add97_f0.3_wd1.0_softmax_ce_s3,3,9500
30700,1.0,1.0,canonical MLP,mlp_add97_f0.3_wd1.0_softmax_ce_s3,3,9500
30800,1.0,1.0,canonical MLP,mlp_add97_f0.3_wd1.0_softmax_ce_s3,3,9500
30900,1.0,1.0,canonical MLP,mlp_add97_f0.3_wd1.0_softmax_ce_s3,3,9500
31000,1.0,1.0,canonical MLP,mlp_add97_f0.3_wd1.0_softmax_ce_s3,3,9500
31100,1.0,1.0,canonical MLP,mlp_add97_f0.3_wd1.0_softmax_ce_s3,3,9500
31200,1.0,1.0,canonical MLP,mlp_add97_f0.3_wd1.0_softmax_ce_s3,3,9500
31300,1.0,1.0,canonical MLP,mlp_add97_f0.3_wd1.0_softmax_ce_s3,3,9500
31400,1.0,1.0,canonical MLP,mlp_add97_f0.3_wd1.0_softmax_ce_s3,3,9500
31500,1.0,1.0,canonical MLP,mlp_add97_f0.3_wd1.0_softmax_ce_s3,3,9500
31600,1.0,1.0,canonical MLP,mlp_add97_f0.3_wd1.0_softmax_ce_s3,3,9500
31700,1.0,1.0,canonical MLP,mlp_add97_f0.3_wd1.0_softmax_ce_s3,3,9500
31800,1.0,1.0,canonical MLP,mlp_add97_f0.3_wd1.0_softmax_ce_s3,3,9500
31900,1.0,1.0,canonical MLP,mlp_add97_f0.3_wd1.0_softmax_ce_s3,3,9500
32000,1.0,1.0,canonical MLP,mlp_add97_f0.3_wd1.0_softmax_ce_s3,3,9500
32100,1.0,1.0,canonical MLP,mlp_add97_f0.3_wd1.0_softmax_ce_s3,3,9500
32200,1.0,1.0,canonical MLP,mlp_add97_f0.3_wd1.0_softmax_ce_s3,3,9500
32300,1.0,1.0,canonical MLP,mlp_add97_f0.3_wd1.0_softmax_ce_s3,3,9500
32400,1.0,1.0,canonical MLP,mlp_add97_f0.3_wd1.0_softmax_ce_s3,3,9500
32500,1.0,1.0,canonical MLP,mlp_add97_f0.3_wd1.0_softmax_ce_s3,3,9500
32600,1.0,1.0,canonical MLP,mlp_add97_f0.3_wd1.0_softmax_ce_s3,3,9500
32700,1.0,1.0,canonical MLP,mlp_add97_f0.3_wd1.0_softmax_ce_s3,3,9500
32800,1.0,1.0,canonical MLP,mlp_add97_f0.3_wd1.0_softmax_ce_s3,3,9500
32900,1.0,1.0,canonical MLP,mlp_add97_f0.3_wd1.0_softmax_ce_s3,3,9500
33000,1.0,1.0,canonical MLP,mlp_add97_f0.3_wd1.0_softmax_ce_s3,3,9500
33100,1.0,1.0,canonical MLP,mlp_add97_f0.3_wd1.0_softmax_ce_s3,3,9500
33200,1.0,1.0,canonical MLP,mlp_add97_f0.3_wd1.0_softmax_ce_s3,3,9500
33300,1.0,1.0,canonical MLP,mlp_add97_f0.3_wd1.0_softmax_ce_s3,3,9500
33400,1.0,1.0,canonical MLP,mlp_add97_f0.3_wd1.0_softmax_ce_s3,3,9500
33500,1.0,1.0,canonical MLP,mlp_add97_f0.3_wd1.0_softmax_ce_s3,3,9500
33600,1.0,1.0,canonical MLP,mlp_add97_f0.3_wd1.0_softmax_ce_s3,3,9500
33700,1.0,1.0,canonical MLP,mlp_add97_f0.3_wd1.0_softmax_ce_s3,3,9500
33800,1.0,1.0,canonical MLP,mlp_add97_f0.3_wd1.0_softmax_ce_s3,3,9500
33900,1.0,1.0,canonical MLP,mlp_add97_f0.3_wd1.0_softmax_ce_s3,3,9500
34000,1.0,1.0,canonical MLP,mlp_add97_f0.3_wd1.0_softmax_ce_s3,3,9500
34100,1.0,1.0,canonical MLP,mlp_add97_f0.3_wd1.0_softmax_ce_s3,3,9500
34200,1.0,1.0,canonical MLP,mlp_add97_f0.3_wd1.0_softmax_ce_s3,3,9500
34300,1.0,1.0,canonical MLP,mlp_add97_f0.3_wd1.0_softmax_ce_s3,3,9500
34400,1.0,1.0,canonical MLP,mlp_add97_f0.3_wd1.0_softmax_ce_s3,3,9500
34500,1.0,1.0,canonical MLP,mlp_add97_f0.3_wd1.0_softmax_ce_s3,3,9500
34600,1.0,1.0,canonical MLP,mlp_add97_f0.3_wd1.0_softmax_ce_s3,3,9500
34700,1.0,1.0,canonical MLP,mlp_add97_f0.3_wd1.0_softmax_ce_s3,3,9500
34800,1.0,1.0,canonical MLP,mlp_add97_f0.3_wd1.0_softmax_ce_s3,3,9500
34900,1.0,1.0,canonical MLP,mlp_add97_f0.3_wd1.0_softmax_ce_s3,3,9500
35000,1.0,1.0,canonical MLP,mlp_add97_f0.3_wd1.0_softmax_ce_s3,3,9500
35100,1.0,1.0,canonical MLP,mlp_add97_f0.3_wd1.0_softmax_ce_s3,3,9500
35200,1.0,1.0,canonical MLP,mlp_add97_f0.3_wd1.0_softmax_ce_s3,3,9500
35300,1.0,1.0,canonical MLP,mlp_add97_f0.3_wd1.0_softmax_ce_s3,3,9500
35400,1.0,1.0,canonical MLP,mlp_add97_f0.3_wd1.0_softmax_ce_s3,3,9500
35500,1.0,1.0,canonical MLP,mlp_add97_f0.3_wd1.0_softmax_ce_s3,3,9500
35600,1.0,1.0,canonical MLP,mlp_add97_f0.3_wd1.0_softmax_ce_s3,3,9500
35700,1.0,1.0,canonical MLP,mlp_add97_f0.3_wd1.0_softmax_ce_s3,3,9500
35800,1.0,1.0,canonical MLP,mlp_add97_f0.3_wd1.0_softmax_ce_s3,3,9500
35900,1.0,1.0,canonical MLP,mlp_add97_f0.3_wd1.0_softmax_ce_s3,3,9500
36000,1.0,1.0,canonical MLP,mlp_add97_f0.3_wd1.0_softmax_ce_s3,3,9500
36100,1.0,1.0,canonical MLP,mlp_add97_f0.3_wd1.0_softmax_ce_s3,3,9500
36200,1.0,1.0,canonical MLP,mlp_add97_f0.3_wd1.0_softmax_ce_s3,3,9500
36300,1.0,1.0,canonical MLP,mlp_add97_f0.3_wd1.0_softmax_ce_s3,3,9500
36400,1.0,1.0,canonical MLP,mlp_add97_f0.3_wd1.0_softmax_ce_s3,3,9500
36500,1.0,1.0,canonical MLP,mlp_add97_f0.3_wd1.0_softmax_ce_s3,3,9500
36600,1.0,1.0,canonical MLP,mlp_add97_f0.3_wd1.0_softmax_ce_s3,3,9500
36700,1.0,1.0,canonical MLP,mlp_add97_f0.3_wd1.0_softmax_ce_s3,3,9500
36800,1.0,1.0,canonical MLP,mlp_add97_f0.3_wd1.0_softmax_ce_s3,3,9500
36900,1.0,1.0,canonical MLP,mlp_add97_f0.3_wd1.0_softmax_ce_s3,3,9500
37000,1.0,1.0,canonical MLP,mlp_add97_f0.3_wd1.0_softmax_ce_s3,3,9500
37100,1.0,1.0,canonical MLP,mlp_add97_f0.3_wd1.0_softmax_ce_s3,3,9500
37200,1.0,1.0,canonical MLP,mlp_add97_f0.3_wd1.0_softmax_ce_s3,3,9500
37300,1.0,1.0,canonical MLP,mlp_add97_f0.3_wd1.0_softmax_ce_s3,3,9500
37400,1.0,1.0,canonical MLP,mlp_add97_f0.3_wd1.0_softmax_ce_s3,3,9500
37500,1.0,1.0,canonical MLP,mlp_add97_f0.3_wd1.0_softmax_ce_s3,3,9500
37600,1.0,1.0,canonical MLP,mlp_add97_f0.3_wd1.0_softmax_ce_s3,3,9500
37700,1.0,1.0,canonical MLP,mlp_add97_f0.3_wd1.0_softmax_ce_s3,3,9500
37800,1.0,1.0,canonical MLP,mlp_add97_f0.3_wd1.0_softmax_ce_s3,3,9500
37900,1.0,1.0,canonical MLP,mlp_add97_f0.3_wd1.0_softmax_ce_s3,3,9500
38000,1.0,1.0,canonical MLP,mlp_add97_f0.3_wd1.0_softmax_ce_s3,3,9500
38100,1.0,1.0,canonical MLP,mlp_add97_f0.3_wd1.0_softmax_ce_s3,3,9500
38200,1.0,1.0,canonical MLP,mlp_add97_f0.3_wd1.0_softmax_ce_s3,3,9500
38300,1.0,1.0,canonical MLP,mlp_add97_f0.3_wd1.0_softmax_ce_s3,3,9500
38400,1.0,1.0,canonical MLP,mlp_add97_f0.3_wd1.0_softmax_ce_s3,3,9500
38500,1.0,1.0,canonical MLP,mlp_add97_f0.3_wd1.0_softmax_ce_s3,3,9500
38600,1.0,1.0,canonical MLP,mlp_add97_f0.3_wd1.0_softmax_ce_s3,3,9500
38700,1.0,1.0,canonical MLP,mlp_add97_f0.3_wd1.0_softmax_ce_s3,3,9500
38800,1.0,1.0,canonical MLP,mlp_add97_f0.3_wd1.0_softmax_ce_s3,3,9500
38900,1.0,1.0,canonical MLP,mlp_add97_f0.3_wd1.0_softmax_ce_s3,3,9500
39000,1.0,1.0,canonical MLP,mlp_add97_f0.3_wd1.0_softmax_ce_s3,3,9500
39100,1.0,1.0,canonical MLP,mlp_add97_f0.3_wd1.0_softmax_ce_s3,3,9500
39200,1.0,1.0,canonical MLP,mlp_add97_f0.3_wd1.0_softmax_ce_s3,3,9500
39300,1.0,1.0,canonical MLP,mlp_add97_f0.3_wd1.0_softmax_ce_s3,3,9500
39400,1.0,1.0,canonical MLP,mlp_add97_f0.3_wd1.0_softmax_ce_s3,3,9500
39500,1.0,1.0,canonical MLP,mlp_add97_f0.3_wd1.0_softmax_ce_s3,3,9500
39600,1.0,1.0,canonical MLP,mlp_add97_f0.3_wd1.0_softmax_ce_s3,3,9500
39700,1.0,1.0,canonical MLP,mlp_add97_f0.3_wd1.0_softmax_ce_s3,3,9500
39800,1.0,1.0,canonical MLP,mlp_add97_f0.3_wd1.0_softmax_ce_s3,3,9500
39900,1.0,1.0,canonical MLP,mlp_add97_f0.3_wd1.0_softmax_ce_s3,3,9500
40000,1.0,1.0,canonical MLP,mlp_add97_f0.3_wd1.0_softmax_ce_s3,3,9500
40100,1.0,1.0,canonical MLP,mlp_add97_f0.3_wd1.0_softmax_ce_s3,3,9500
40200,1.0,1.0,canonical MLP,mlp_add97_f0.3_wd1.0_softmax_ce_s3,3,9500
40300,1.0,1.0,canonical MLP,mlp_add97_f0.3_wd1.0_softmax_ce_s3,3,9500
40400,1.0,1.0,canonical MLP,mlp_add97_f0.3_wd1.0_softmax_ce_s3,3,9500
40500,1.0,1.0,canonical MLP,mlp_add97_f0.3_wd1.0_softmax_ce_s3,3,9500
40600,1.0,1.0,canonical MLP,mlp_add97_f0.3_wd1.0_softmax_ce_s3,3,9500
40700,1.0,1.0,canonical MLP,mlp_add97_f0.3_wd1.0_softmax_ce_s3,3,9500
40800,1.0,1.0,canonical MLP,mlp_add97_f0.3_wd1.0_softmax_ce_s3,3,9500
40900,1.0,1.0,canonical MLP,mlp_add97_f0.3_wd1.0_softmax_ce_s3,3,9500
41000,1.0,1.0,canonical MLP,mlp_add97_f0.3_wd1.0_softmax_ce_s3,3,9500
41100,1.0,1.0,canonical MLP,mlp_add97_f0.3_wd1.0_softmax_ce_s3,3,9500
41200,1.0,1.0,canonical MLP,mlp_add97_f0.3_wd1.0_softmax_ce_s3,3,9500
41300,1.0,1.0,canonical MLP,mlp_add97_f0.3_wd1.0_softmax_ce_s3,3,9500
41400,1.0,1.0,canonical MLP,mlp_add97_f0.3_wd1.0_softmax_ce_s3,3,9500
41500,1.0,1.0,canonical MLP,mlp_add97_f0.3_wd1.0_softmax_ce_s3,3,9500
41600,1.0,1.0,canonical MLP,mlp_add97_f0.3_wd1.0_softmax_ce_s3,3,9500
41700,1.0,1.0,canonical MLP,mlp_add97_f0.3_wd1.0_softmax_ce_s3,3,9500
41800,1.0,1.0,canonical MLP,mlp_add97_f0.3_wd1.0_softmax_ce_s3,3,9500
41900,1.0,1.0,canonical MLP,mlp_add97_f0.3_wd1.0_softmax_ce_s3,3,9500
42000,1.0,1.0,canonical MLP,mlp_add97_f0.3_wd1.0_softmax_ce_s3,3,9500
42100,1.0,1.0,canonical MLP,mlp_add97_f0.3_wd1.0_softmax_ce_s3,3,9500
42200,1.0,1.0,canonical MLP,mlp_add97_f0.3_wd1.0_softmax_ce_s3,3,9500
42300,1.0,1.0,canonical MLP,mlp_add97_f0.3_wd1.0_softmax_ce_s3,3,9500
42400,1.0,1.0,canonical MLP,mlp_add97_f0.3_wd1.0_softmax_ce_s3,3,9500
42500,1.0,1.0,canonical MLP,mlp_add97_f0.3_wd1.0_softmax_ce_s3,3,9500
42600,1.0,1.0,canonical MLP,mlp_add97_f0.3_wd1.0_softmax_ce_s3,3,9500
42700,1.0,1.0,canonical MLP,mlp_add97_f0.3_wd1.0_softmax_ce_s3,3,9500
42800,1.0,1.0,canonical MLP,mlp_add97_f0.3_wd1.0_softmax_ce_s3,3,9500
42900,1.0,1.0,canonical MLP,mlp_add97_f0.3_wd1.0_softmax_ce_s3,3,9500
43000,1.0,1.0,canonical MLP,mlp_add97_f0.3_wd1.0_softmax_ce_s3,3,9500
43100,1.0,1.0,canonical MLP,mlp_add97_f0.3_wd1.0_softmax_ce_s3,3,9500
43200,1.0,1.0,canonical MLP,mlp_add97_f0.3_wd1.0_softmax_ce_s3,3,9500
43300,1.0,1.0,canonical MLP,mlp_add97_f0.3_wd1.0_softmax_ce_s3,3,9500
43400,1.0,1.0,canonical MLP,mlp_add97_f0.3_wd1.0_softmax_ce_s3,3,9500
43500,1.0,1.0,canonical MLP,mlp_add97_f0.3_wd1.0_softmax_ce_s3,3,9500
43600,1.0,1.0,canonical MLP,mlp_add97_f0.3_wd1.0_softmax_ce_s3,3,9500
43700,1.0,1.0,canonical MLP,mlp_add97_f0.3_wd1.0_softmax_ce_s3,3,9500
43800,1.0,1.0,canonical MLP,mlp_add97_f0.3_wd1.0_softmax_ce_s3,3,9500
43900,1.0,1.0,canonical MLP,mlp_add97_f0.3_wd1.0_softmax_ce_s3,3,9500
44000,1.0,1.0,canonical MLP,mlp_add97_f0.3_wd1.0_softmax_ce_s3,3,9500
44100,1.0,1.0,canonical MLP,mlp_add97_f0.3_wd1.0_softmax_ce_s3,3,9500
44200,1.0,1.0,canonical MLP,mlp_add97_f0.3_wd1.0_softmax_ce_s3,3,9500
44300,1.0,1.0,canonical MLP,mlp_add97_f0.3_wd1.0_softmax_ce_s3,3,9500
44400,1.0,1.0,canonical MLP,mlp_add97_f0.3_wd1.0_softmax_ce_s3,3,9500
44500,1.0,1.0,canonical MLP,mlp_add97_f0.3_wd1.0_softmax_ce_s3,3,9500
44600,1.0,1.0,canonical MLP,mlp_add97_f0.3_wd1.0_softmax_ce_s3,3,9500
44700,1.0,1.0,canonical MLP,mlp_add97_f0.3_wd1.0_softmax_ce_s3,3,9500
44800,1.0,1.0,canonical MLP,mlp_add97_f0.3_wd1.0_softmax_ce_s3,3,9500
44900,1.0,1.0,canonical MLP,mlp_add97_f0.3_wd1.0_softmax_ce_s3,3,9500
45000,1.0,1.0,canonical MLP,mlp_add97_f0.3_wd1.0_softmax_ce_s3,3,9500
45100,1.0,1.0,canonical MLP,mlp_add97_f0.3_wd1.0_softmax_ce_s3,3,9500
45200,1.0,1.0,canonical MLP,mlp_add97_f0.3_wd1.0_softmax_ce_s3,3,9500
45300,1.0,1.0,canonical MLP,mlp_add97_f0.3_wd1.0_softmax_ce_s3,3,9500
45400,1.0,1.0,canonical MLP,mlp_add97_f0.3_wd1.0_softmax_ce_s3,3,9500
45500,1.0,1.0,canonical MLP,mlp_add97_f0.3_wd1.0_softmax_ce_s3,3,9500
45600,1.0,1.0,canonical MLP,mlp_add97_f0.3_wd1.0_softmax_ce_s3,3,9500
45700,1.0,1.0,canonical MLP,mlp_add97_f0.3_wd1.0_softmax_ce_s3,3,9500
45800,1.0,1.0,canonical MLP,mlp_add97_f0.3_wd1.0_softmax_ce_s3,3,9500
45900,1.0,1.0,canonical MLP,mlp_add97_f0.3_wd1.0_softmax_ce_s3,3,9500
46000,1.0,1.0,canonical MLP,mlp_add97_f0.3_wd1.0_softmax_ce_s3,3,9500
46100,1.0,1.0,canonical MLP,mlp_add97_f0.3_wd1.0_softmax_ce_s3,3,9500
46200,1.0,1.0,canonical MLP,mlp_add97_f0.3_wd1.0_softmax_ce_s3,3,9500
46300,1.0,1.0,canonical MLP,mlp_add97_f0.3_wd1.0_softmax_ce_s3,3,9500
46400,1.0,1.0,canonical MLP,mlp_add97_f0.3_wd1.0_softmax_ce_s3,3,9500
46500,1.0,1.0,canonical MLP,mlp_add97_f0.3_wd1.0_softmax_ce_s3,3,9500
46600,1.0,1.0,canonical MLP,mlp_add97_f0.3_wd1.0_softmax_ce_s3,3,9500
46700,1.0,1.0,canonical MLP,mlp_add97_f0.3_wd1.0_softmax_ce_s3,3,9500
46800,1.0,1.0,canonical MLP,mlp_add97_f0.3_wd1.0_softmax_ce_s3,3,9500
46900,1.0,1.0,canonical MLP,mlp_add97_f0.3_wd1.0_softmax_ce_s3,3,9500
47000,1.0,1.0,canonical MLP,mlp_add97_f0.3_wd1.0_softmax_ce_s3,3,9500
47100,1.0,1.0,canonical MLP,mlp_add97_f0.3_wd1.0_softmax_ce_s3,3,9500
47200,1.0,1.0,canonical MLP,mlp_add97_f0.3_wd1.0_softmax_ce_s3,3,9500
47300,1.0,1.0,canonical MLP,mlp_add97_f0.3_wd1.0_softmax_ce_s3,3,9500
47400,1.0,1.0,canonical MLP,mlp_add97_f0.3_wd1.0_softmax_ce_s3,3,9500
47500,1.0,1.0,canonical MLP,mlp_add97_f0.3_wd1.0_softmax_ce_s3,3,9500
47600,1.0,1.0,canonical MLP,mlp_add97_f0.3_wd1.0_softmax_ce_s3,3,9500
47700,1.0,1.0,canonical MLP,mlp_add97_f0.3_wd1.0_softmax_ce_s3,3,9500
47800,1.0,1.0,canonical MLP,mlp_add97_f0.3_wd1.0_softmax_ce_s3,3,9500
47900,1.0,1.0,canonical MLP,mlp_add97_f0.3_wd1.0_softmax_ce_s3,3,9500
48000,1.0,1.0,canonical MLP,mlp_add97_f0.3_wd1.0_softmax_ce_s3,3,9500
48100,1.0,1.0,canonical MLP,mlp_add97_f0.3_wd1.0_softmax_ce_s3,3,9500
48200,1.0,1.0,canonical MLP,mlp_add97_f0.3_wd1.0_softmax_ce_s3,3,9500
48300,1.0,1.0,canonical MLP,mlp_add97_f0.3_wd1.0_softmax_ce_s3,3,9500
48400,1.0,1.0,canonical MLP,mlp_add97_f0.3_wd1.0_softmax_ce_s3,3,9500
48500,1.0,1.0,canonical MLP,mlp_add97_f0.3_wd1.0_softmax_ce_s3,3,9500
48600,1.0,1.0,canonical MLP,mlp_add97_f0.3_wd1.0_softmax_ce_s3,3,9500
48700,1.0,1.0,canonical MLP,mlp_add97_f0.3_wd1.0_softmax_ce_s3,3,9500
48800,1.0,1.0,canonical MLP,mlp_add97_f0.3_wd1.0_softmax_ce_s3,3,9500
48900,1.0,1.0,canonical MLP,mlp_add97_f0.3_wd1.0_softmax_ce_s3,3,9500
49000,1.0,1.0,canonical MLP,mlp_add97_f0.3_wd1.0_softmax_ce_s3,3,9500
49100,1.0,1.0,canonical MLP,mlp_add97_f0.3_wd1.0_softmax_ce_s3,3,9500
49200,1.0,1.0,canonical MLP,mlp_add97_f0.3_wd1.0_softmax_ce_s3,3,9500
49300,1.0,1.0,canonical MLP,mlp_add97_f0.3_wd1.0_softmax_ce_s3,3,9500
49400,1.0,1.0,canonical MLP,mlp_add97_f0.3_wd1.0_softmax_ce_s3,3,9500
49500,1.0,1.0,canonical MLP,mlp_add97_f0.3_wd1.0_softmax_ce_s3,3,9500
49600,1.0,1.0,canonical MLP,mlp_add97_f0.3_wd1.0_softmax_ce_s3,3,9500
49700,1.0,1.0,canonical MLP,mlp_add97_f0.3_wd1.0_softmax_ce_s3,3,9500
49800,1.0,1.0,canonical MLP,mlp_add97_f0.3_wd1.0_softmax_ce_s3,3,9500
49900,1.0,1.0,canonical MLP,mlp_add97_f0.3_wd1.0_softmax_ce_s3,3,9500
50000,1.0,1.0,canonical MLP,mlp_add97_f0.3_wd1.0_softmax_ce_s3,3,9500
50100,1.0,1.0,canonical MLP,mlp_add97_f0.3_wd1.0_softmax_ce_s3,3,9500
50200,1.0,1.0,canonical MLP,mlp_add97_f0.3_wd1.0_softmax_ce_s3,3,9500
50300,1.0,1.0,canonical MLP,mlp_add97_f0.3_wd1.0_softmax_ce_s3,3,9500
50400,1.0,1.0,canonical MLP,mlp_add97_f0.3_wd1.0_softmax_ce_s3,3,9500
50500,1.0,1.0,canonical MLP,mlp_add97_f0.3_wd1.0_softmax_ce_s3,3,9500
50600,1.0,1.0,canonical MLP,mlp_add97_f0.3_wd1.0_softmax_ce_s3,3,9500
50700,1.0,1.0,canonical MLP,mlp_add97_f0.3_wd1.0_softmax_ce_s3,3,9500
50800,1.0,1.0,canonical MLP,mlp_add97_f0.3_wd1.0_softmax_ce_s3,3,9500
50900,1.0,1.0,canonical MLP,mlp_add97_f0.3_wd1.0_softmax_ce_s3,3,9500
51000,1.0,1.0,canonical MLP,mlp_add97_f0.3_wd1.0_softmax_ce_s3,3,9500
51100,1.0,1.0,canonical MLP,mlp_add97_f0.3_wd1.0_softmax_ce_s3,3,9500
51200,1.0,1.0,canonical MLP,mlp_add97_f0.3_wd1.0_softmax_ce_s3,3,9500
51300,1.0,1.0,canonical MLP,mlp_add97_f0.3_wd1.0_softmax_ce_s3,3,9500
51400,1.0,1.0,canonical MLP,mlp_add97_f0.3_wd1.0_softmax_ce_s3,3,9500
51500,1.0,1.0,canonical MLP,mlp_add97_f0.3_wd1.0_softmax_ce_s3,3,9500
51600,1.0,1.0,canonical MLP,mlp_add97_f0.3_wd1.0_softmax_ce_s3,3,9500
51700,1.0,1.0,canonical MLP,mlp_add97_f0.3_wd1.0_softmax_ce_s3,3,9500
51800,1.0,1.0,canonical MLP,mlp_add97_f0.3_wd1.0_softmax_ce_s3,3,9500
51900,1.0,1.0,canonical MLP,mlp_add97_f0.3_wd1.0_softmax_ce_s3,3,9500
52000,1.0,1.0,canonical MLP,mlp_add97_f0.3_wd1.0_softmax_ce_s3,3,9500
52100,1.0,1.0,canonical MLP,mlp_add97_f0.3_wd1.0_softmax_ce_s3,3,9500
52200,1.0,1.0,canonical MLP,mlp_add97_f0.3_wd1.0_softmax_ce_s3,3,9500
52300,1.0,1.0,canonical MLP,mlp_add97_f0.3_wd1.0_softmax_ce_s3,3,9500
52400,1.0,1.0,canonical MLP,mlp_add97_f0.3_wd1.0_softmax_ce_s3,3,9500
52500,1.0,1.0,canonical MLP,mlp_add97_f0.3_wd1.0_softmax_ce_s3,3,9500
52600,1.0,1.0,canonical MLP,mlp_add97_f0.3_wd1.0_softmax_ce_s3,3,9500
52700,1.0,1.0,canonical MLP,mlp_add97_f0.3_wd1.0_softmax_ce_s3,3,9500
52800,1.0,1.0,canonical MLP,mlp_add97_f0.3_wd1.0_softmax_ce_s3,3,9500
52900,1.0,1.0,canonical MLP,mlp_add97_f0.3_wd1.0_softmax_ce_s3,3,9500
53000,1.0,1.0,canonical MLP,mlp_add97_f0.3_wd1.0_softmax_ce_s3,3,9500
53100,1.0,1.0,canonical MLP,mlp_add97_f0.3_wd1.0_softmax_ce_s3,3,9500
53200,1.0,1.0,canonical MLP,mlp_add97_f0.3_wd1.0_softmax_ce_s3,3,9500
53300,1.0,1.0,canonical MLP,mlp_add97_f0.3_wd1.0_softmax_ce_s3,3,9500
53400,1.0,1.0,canonical MLP,mlp_add97_f0.3_wd1.0_softmax_ce_s3,3,9500
53500,1.0,1.0,canonical MLP,mlp_add97_f0.3_wd1.0_softmax_ce_s3,3,9500
53600,1.0,1.0,canonical MLP,mlp_add97_f0.3_wd1.0_softmax_ce_s3,3,9500
53700,1.0,1.0,canonical MLP,mlp_add97_f0.3_wd1.0_softmax_ce_s3,3,9500
53800,1.0,1.0,canonical MLP,mlp_add97_f0.3_wd1.0_softmax_ce_s3,3,9500
53900,1.0,1.0,canonical MLP,mlp_add97_f0.3_wd1.0_softmax_ce_s3,3,9500
54000,1.0,1.0,canonical MLP,mlp_add97_f0.3_wd1.0_softmax_ce_s3,3,9500
54100,1.0,1.0,canonical MLP,mlp_add97_f0.3_wd1.0_softmax_ce_s3,3,9500
54200,1.0,1.0,canonical MLP,mlp_add97_f0.3_wd1.0_softmax_ce_s3,3,9500
54300,1.0,1.0,canonical MLP,mlp_add97_f0.3_wd1.0_softmax_ce_s3,3,9500
54400,1.0,1.0,canonical MLP,mlp_add97_f0.3_wd1.0_softmax_ce_s3,3,9500
54500,1.0,1.0,canonical MLP,mlp_add97_f0.3_wd1.0_softmax_ce_s3,3,9500
54600,1.0,1.0,canonical MLP,mlp_add97_f0.3_wd1.0_softmax_ce_s3,3,9500
54700,1.0,1.0,canonical MLP,mlp_add97_f0.3_wd1.0_softmax_ce_s3,3,9500
54800,1.0,1.0,canonical MLP,mlp_add97_f0.3_wd1.0_softmax_ce_s3,3,9500
54900,1.0,1.0,canonical MLP,mlp_add97_f0.3_wd1.0_softmax_ce_s3,3,9500
55000,1.0,1.0,canonical MLP,mlp_add97_f0.3_wd1.0_softmax_ce_s3,3,9500
55100,1.0,1.0,canonical MLP,mlp_add97_f0.3_wd1.0_softmax_ce_s3,3,9500
55200,1.0,1.0,canonical MLP,mlp_add97_f0.3_wd1.0_softmax_ce_s3,3,9500
55300,1.0,1.0,canonical MLP,mlp_add97_f0.3_wd1.0_softmax_ce_s3,3,9500
55400,1.0,1.0,canonical MLP,mlp_add97_f0.3_wd1.0_softmax_ce_s3,3,9500
55500,1.0,1.0,canonical MLP,mlp_add97_f0.3_wd1.0_softmax_ce_s3,3,9500
55600,1.0,1.0,canonical MLP,mlp_add97_f0.3_wd1.0_softmax_ce_s3,3,9500
55700,1.0,1.0,canonical MLP,mlp_add97_f0.3_wd1.0_softmax_ce_s3,3,9500
55800,1.0,1.0,canonical MLP,mlp_add97_f0.3_wd1.0_softmax_ce_s3,3,9500
55900,1.0,1.0,canonical MLP,mlp_add97_f0.3_wd1.0_softmax_ce_s3,3,9500
56000,1.0,1.0,canonical MLP,mlp_add97_f0.3_wd1.0_softmax_ce_s3,3,9500
56100,1.0,1.0,canonical MLP,mlp_add97_f0.3_wd1.0_softmax_ce_s3,3,9500
56200,1.0,1.0,canonical MLP,mlp_add97_f0.3_wd1.0_softmax_ce_s3,3,9500
56300,1.0,1.0,canonical MLP,mlp_add97_f0.3_wd1.0_softmax_ce_s3,3,9500
56400,1.0,1.0,canonical MLP,mlp_add97_f0.3_wd1.0_softmax_ce_s3,3,9500
56500,1.0,1.0,canonical MLP,mlp_add97_f0.3_wd1.0_softmax_ce_s3,3,9500
56600,1.0,1.0,canonical MLP,mlp_add97_f0.3_wd1.0_softmax_ce_s3,3,9500
56700,1.0,1.0,canonical MLP,mlp_add97_f0.3_wd1.0_softmax_ce_s3,3,9500
56800,1.0,1.0,canonical MLP,mlp_add97_f0.3_wd1.0_softmax_ce_s3,3,9500
56900,1.0,1.0,canonical MLP,mlp_add97_f0.3_wd1.0_softmax_ce_s3,3,9500
57000,1.0,1.0,canonical MLP,mlp_add97_f0.3_wd1.0_softmax_ce_s3,3,9500
57100,1.0,1.0,canonical MLP,mlp_add97_f0.3_wd1.0_softmax_ce_s3,3,9500
57200,1.0,1.0,canonical MLP,mlp_add97_f0.3_wd1.0_softmax_ce_s3,3,9500
57300,1.0,1.0,canonical MLP,mlp_add97_f0.3_wd1.0_softmax_ce_s3,3,9500
57400,1.0,1.0,canonical MLP,mlp_add97_f0.3_wd1.0_softmax_ce_s3,3,9500
57500,1.0,1.0,canonical MLP,mlp_add97_f0.3_wd1.0_softmax_ce_s3,3,9500
57600,1.0,1.0,canonical MLP,mlp_add97_f0.3_wd1.0_softmax_ce_s3,3,9500
57700,1.0,1.0,canonical MLP,mlp_add97_f0.3_wd1.0_softmax_ce_s3,3,9500
57800,1.0,1.0,canonical MLP,mlp_add97_f0.3_wd1.0_softmax_ce_s3,3,9500
57900,1.0,1.0,canonical MLP,mlp_add97_f0.3_wd1.0_softmax_ce_s3,3,9500
58000,1.0,1.0,canonical MLP,mlp_add97_f0.3_wd1.0_softmax_ce_s3,3,9500
58100,1.0,1.0,canonical MLP,mlp_add97_f0.3_wd1.0_softmax_ce_s3,3,9500
58200,1.0,1.0,canonical MLP,mlp_add97_f0.3_wd1.0_softmax_ce_s3,3,9500
58300,1.0,1.0,canonical MLP,mlp_add97_f0.3_wd1.0_softmax_ce_s3,3,9500
58400,1.0,1.0,canonical MLP,mlp_add97_f0.3_wd1.0_softmax_ce_s3,3,9500
58500,1.0,1.0,canonical MLP,mlp_add97_f0.3_wd1.0_softmax_ce_s3,3,9500
58600,1.0,1.0,canonical MLP,mlp_add97_f0.3_wd1.0_softmax_ce_s3,3,9500
58700,1.0,1.0,canonical MLP,mlp_add97_f0.3_wd1.0_softmax_ce_s3,3,9500
58800,1.0,1.0,canonical MLP,mlp_add97_f0.3_wd1.0_softmax_ce_s3,3,9500
58900,1.0,1.0,canonical MLP,mlp_add97_f0.3_wd1.0_softmax_ce_s3,3,9500
59000,1.0,1.0,canonical MLP,mlp_add97_f0.3_wd1.0_softmax_ce_s3,3,9500
59100,1.0,1.0,canonical MLP,mlp_add97_f0.3_wd1.0_softmax_ce_s3,3,9500
59200,1.0,1.0,canonical MLP,mlp_add97_f0.3_wd1.0_softmax_ce_s3,3,9500
59300,1.0,1.0,canonical MLP,mlp_add97_f0.3_wd1.0_softmax_ce_s3,3,9500
59400,1.0,1.0,canonical MLP,mlp_add97_f0.3_wd1.0_softmax_ce_s3,3,9500
59500,1.0,1.0,canonical MLP,mlp_add97_f0.3_wd1.0_softmax_ce_s3,3,9500
59600,1.0,1.0,canonical MLP,mlp_add97_f0.3_wd1.0_softmax_ce_s3,3,9500
59700,1.0,1.0,canonical MLP,mlp_add97_f0.3_wd1.0_softmax_ce_s3,3,9500
59800,1.0,1.0,canonical MLP,mlp_add97_f0.3_wd1.0_softmax_ce_s3,3,9500
59900,1.0,1.0,canonical MLP,mlp_add97_f0.3_wd1.0_softmax_ce_s3,3,9500
60000,1.0,1.0,canonical MLP,mlp_add97_f0.3_wd1.0_softmax_ce_s3,3,9500
0,0.0134608568623662,0.0110841179266572,canonical MLP,mlp_add97_f0.3_wd1.0_softmax_ce_s4,4,12100
100,1.0,0.0001518372300779447,canonical MLP,mlp_add97_f0.3_wd1.0_softmax_ce_s4,4,12100
200,1.0,0.0001518372300779447,canonical MLP,mlp_add97_f0.3_wd1.0_softmax_ce_s4,4,12100
300,1.0,0.0,canonical MLP,mlp_add97_f0.3_wd1.0_softmax_ce_s4,4,12100
400,1.0,0.0,canonical MLP,mlp_add97_f0.3_wd1.0_softmax_ce_s4,4,12100
500,1.0,0.0,canonical MLP,mlp_add97_f0.3_wd1.0_softmax_ce_s4,4,12100
600,1.0,0.0,canonical MLP,mlp_add97_f0.3_wd1.0_softmax_ce_s4,4,12100
700,1.0,0.0,canonical MLP,mlp_add97_f0.3_wd1.0_softmax_ce_s4,4,12100
800,1.0,0.0001518372300779447,canonical MLP,mlp_add97_f0.3_wd1.0_softmax_ce_s4,4,12100
900,1.0,0.0001518372300779447,canonical MLP,mlp_add97_f0.3_wd1.0_softmax_ce_s4,4,12100
1000,1.0,0.0001518372300779447,canonical MLP,mlp_add97_f0.3_wd1.0_softmax_ce_s4,4,12100
1100,1.0,0.0001518372300779447,canonical MLP,mlp_add97_f0.3_wd1.0_softmax_ce_s4,4,12100
1200,1.0,0.0,canonical MLP,mlp_add97_f0.3_wd1.0_softmax_ce_s4,4,12100
1300,1.0,0.0,canonical MLP,mlp_add97_f0.3_wd1.0_softmax_ce_s4,4,12100
1400,1.0,0.0,canonical MLP,mlp_add97_f0.3_wd1.0_softmax_ce_s4,4,12100
1500,1.0,0.0,canonical MLP,mlp_add97_f0.3_wd1.0_softmax_ce_s4,4,12100
1600,1.0,0.0001518372300779447,canonical MLP,mlp_add97_f0.3_wd1.0_softmax_ce_s4,4,12100
1700,1.0,0.0001518372300779447,canonical MLP,mlp_add97_f0.3_wd1.0_softmax_ce_s4,4,12100
1800,1.0,0.0,canonical MLP,mlp_add97_f0.3_wd1.0_softmax_ce_s4,4,12100
1900,1.0,0.0,canonical MLP,mlp_add97_f0.3_wd1.0_softmax_ce_s4,4,12100
2000,1.0,0.0001518372300779447,canonical MLP,mlp_add97_f0.3_wd1.0_softmax_ce_s4,4,12100
2100,1.0,0.0001518372300779447,canonical MLP,mlp_add97_f0.3_wd1.0_softmax_ce_s4,4,12100
2200,1.0,0.0001518372300779447,canonical MLP,mlp_add97_f0.3_wd1.0_softmax_ce_s4,4,12100
2300,1.0,0.0001518372300779447,canonical MLP,mlp_add97_f0.3_wd1.0_softmax_ce_s4,4,12100
2400,1.0,0.0001518372300779447,canonical MLP,mlp_add97_f0.3_wd1.0_softmax_ce_s4,4,12100
2500,1.0,0.0001518372300779447,canonical MLP,mlp_add97_f0.3_wd1.0_softmax_ce_s4,4,12100
2600,1.0,0.0001518372300779447,canonical MLP,mlp_add97_f0.3_wd1.0_softmax_ce_s4,4,12100
2700,1.0,0.0001518372300779447,canonical MLP,mlp_add97_f0.3_wd1.0_softmax_ce_s4,4,12100
2800,1.0,0.0001518372300779447,canonical MLP,mlp_add97_f0.3_wd1.0_softmax_ce_s4,4,12100
2900,1.0,0.0001518372300779447,canonical MLP,mlp_add97_f0.3_wd1.0_softmax_ce_s4,4,12100
3000,1.0,0.0001518372300779447,canonical MLP,mlp_add97_f0.3_wd1.0_softmax_ce_s4,4,12100
3100,1.0,0.0001518372300779447,canonical MLP,mlp_add97_f0.3_wd1.0_softmax_ce_s4,4,12100
3200,1.0,0.0001518372300779447,canonical MLP,mlp_add97_f0.3_wd1.0_softmax_ce_s4,4,12100
3300,1.0,0.0001518372300779447,canonical MLP,mlp_add97_f0.3_wd1.0_softmax_ce_s4,4,12100
3400,1.0,0.0001518372300779447,canonical MLP,mlp_add97_f0.3_wd1.0_softmax_ce_s4,4,12100
3500,1.0,0.0001518372300779447,canonical MLP,mlp_add97_f0.3_wd1.0_softmax_ce_s4,4,12100
3600,1.0,0.0001518372300779447,canonical MLP,mlp_add97_f0.3_wd1.0_softmax_ce_s4,4,12100
3700,1.0,0.0,canonical MLP,mlp_add97_f0.3_wd1.0_softmax_ce_s4,4,12100
3800,1.0,0.0,canonical MLP,mlp_add97_f0.3_wd1.0_softmax_ce_s4,4,12100
3900,1.0,0.0,canonical MLP,mlp_add97_f0.3_wd1.0_softmax_ce_s4,4,12100
4000,1.0,0.0,canonical MLP,mlp_add97_f0.3_wd1.0_softmax_ce_s4,4,12100
4100,1.0,0.0,canonical MLP,mlp_add97_f0.3_wd1.0_softmax_ce_s4,4,12100
4200,1.0,0.0,canonical MLP,mlp_add97_f0.3_wd1.0_softmax_ce_s4,4,12100
4300,1.0,0.0,canonical MLP,mlp_add97_f0.3_wd1.0_softmax_ce_s4,4,12100
4400,1.0,0.0,canonical MLP,mlp_add97_f0.3_wd1.0_softmax_ce_s4,4,12100
4500,1.0,0.0,canonical MLP,mlp_add97_f0.3_wd1.0_softmax_ce_s4,4,12100
4600,1.0,0.0001518372300779447,canonical MLP,mlp_add97_f0.3_wd1.0_softmax_ce_s4,4,12100
4700,1.0,0.0001518372300779447,canonical MLP,mlp_add97_f0.3_wd1.0_softmax_ce_s4,4,12100
4800,1.0,0.0001518372300779447,canonical MLP,mlp_add97_f0.3_wd1.0_softmax_ce_s4,4,12100
4900,1.0,0.0,canonical MLP,mlp_add97_f0.3_wd1.0_softmax_ce_s4,4,12100
5000,1.0,0.0,canonical MLP,mlp_add97_f0.3_wd1.0_softmax_ce_s4,4,12100
5100,1.0,0.0,canonical MLP,mlp_add97_f0.3_wd1.0_softmax_ce_s4,4,12100
5200,1.0,0.0,canonical MLP,mlp_add97_f0.3_wd1.0_softmax_ce_s4,4,12100
5300,1.0,0.0,canonical MLP,mlp_add97_f0.3_wd1.0_softmax_ce_s4,4,12100
5400,1.0,0.0,canonical MLP,mlp_add97_f0.3_wd1.0_softmax_ce_s4,4,12100
5500,1.0,0.0,canonical MLP,mlp_add97_f0.3_wd1.0_softmax_ce_s4,4,12100
5600,1.0,0.0001518372300779447,canonical MLP,mlp_add97_f0.3_wd1.0_softmax_ce_s4,4,12100
5700,1.0,0.0001518372300779447,canonical MLP,mlp_add97_f0.3_wd1.0_softmax_ce_s4,4,12100
5800,1.0,0.0001518372300779447,canonical MLP,mlp_add97_f0.3_wd1.0_softmax_ce_s4,4,12100
5900,1.0,0.0001518372300779447,canonical MLP,mlp_add97_f0.3_wd1.0_softmax_ce_s4,4,12100
6000,1.0,0.0001518372300779447,canonical MLP,mlp_add97_f0.3_wd1.0_softmax_ce_s4,4,12100
6100,1.0,0.0001518372300779447,canonical MLP,mlp_add97_f0.3_wd1.0_softmax_ce_s4,4,12100
6200,1.0,0.0001518372300779447,canonical MLP,mlp_add97_f0.3_wd1.0_softmax_ce_s4,4,12100
6300,1.0,0.0001518372300779447,canonical MLP,mlp_add97_f0.3_wd1.0_softmax_ce_s4,4,12100
6400,1.0,0.0001518372300779447,canonical MLP,mlp_add97_f0.3_wd1.0_softmax_ce_s4,4,12100
6500,1.0,0.0001518372300779447,canonical MLP,mlp_add97_f0.3_wd1.0_softmax_ce_s4,4,12100
6600,1.0,0.0001518372300779447,canonical MLP,mlp_add97_f0.3_wd1.0_softmax_ce_s4,4,12100
6700,1.0,0.0001518372300779447,canonical MLP,mlp_add97_f0.3_wd1.0_softmax_ce_s4,4,12100
6800,1.0,0.0001518372300779447,canonical MLP,mlp_add97_f0.3_wd1.0_softmax_ce_s4,4,12100
6900,1.0,0.0001518372300779447,canonical MLP,mlp_add97_f0.3_wd1.0_softmax_ce_s4,4,12100
7000,1.0,0.0001518372300779447,canonical MLP,mlp_add97_f0.3_wd1.0_softmax_ce_s4,4,12100
7100,1.0,0.0003036744601558894,canonical MLP,mlp_add97_f0.3_wd1.0_softmax_ce_s4,4,12100
7200,1.0,0.00045551167568191886,canonical MLP,mlp_add97_f0.3_wd1.0_softmax_ce_s4,4,12100
7300,1.0,0.00045551167568191886,canonical MLP,mlp_add97_f0.3_wd1.0_softmax_ce_s4,4,12100
7400,1.0,0.0006073489203117788,canonical MLP,mlp_add97_f0.3_wd1.0_softmax_ce_s4,4,12100
7500,1.0,0.0007591861649416387,canonical MLP,mlp_add97_f0.3_wd1.0_softmax_ce_s4,4,12100
7600,1.0,0.0006073489203117788,canonical MLP,mlp_add97_f0.3_wd1.0_softmax_ce_s4,4,12100
7700,1.0,0.0007591861649416387,canonical MLP,mlp_add97_f0.3_wd1.0_softmax_ce_s4,4,12100
7800,1.0,0.0007591861649416387,canonical MLP,mlp_add97_f0.3_wd1.0_softmax_ce_s4,4,12100
7900,1.0,0.0006073489203117788,canonical MLP,mlp_add97_f0.3_wd1.0_softmax_ce_s4,4,12100
8000,1.0,0.0006073489203117788,canonical MLP,mlp_add97_f0.3_wd1.0_softmax_ce_s4,4,12100
8100,1.0,0.0007591861649416387,canonical MLP,mlp_add97_f0.3_wd1.0_softmax_ce_s4,4,12100
8200,1.0,0.0007591861649416387,canonical MLP,mlp_add97_f0.3_wd1.0_softmax_ce_s4,4,12100
8300,1.0,0.0007591861649416387,canonical MLP,mlp_add97_f0.3_wd1.0_softmax_ce_s4,4,12100
8400,1.0,0.0010628605959936976,canonical MLP,mlp_add97_f0.3_wd1.0_softmax_ce_s4,4,12100
8500,1.0,0.0012146978406235576,canonical MLP,mlp_add97_f0.3_wd1.0_softmax_ce_s4,4,12100
8600,1.0,0.0013665350852534175,canonical MLP,mlp_add97_f0.3_wd1.0_softmax_ce_s4,4,12100
8700,1.0,0.0013665350852534175,canonical MLP,mlp_add97_f0.3_wd1.0_softmax_ce_s4,4,12100
8800,1.0,0.0013665350852534175,canonical MLP,mlp_add97_f0.3_wd1.0_softmax_ce_s4,4,12100
8900,1.0,0.0015183723298832774,canonical MLP,mlp_add97_f0.3_wd1.0_softmax_ce_s4,4,12100
9000,1.0,0.0018220467027276754,canonical MLP,mlp_add97_f0.3_wd1.0_softmax_ce_s4,4,12100
9100,1.0,0.002581232925876975,canonical MLP,mlp_add97_f0.3_wd1.0_softmax_ce_s4,4,12100
9200,1.0,0.0031885819043964148,canonical MLP,mlp_add97_f0.3_wd1.0_softmax_ce_s4,4,12100
9300,1.0,0.0033404191490262747,canonical MLP,mlp_add97_f0.3_wd1.0_softmax_ce_s4,4,12100
9400,1.0,0.003947767894715071,canonical MLP,mlp_add97_f0.3_wd1.0_softmax_ce_s4,4,12100
9500,1.0,0.00546614034101367,canonical MLP,mlp_add97_f0.3_wd1.0_softmax_ce_s4,4,12100
9600,1.0,0.0065290010534226894,canonical MLP,mlp_add97_f0.3_wd1.0_softmax_ce_s4,4,12100
9700,1.0,0.007895535789430141,canonical MLP,mlp_add97_f0.3_wd1.0_softmax_ce_s4,4,12100
9800,1.0,0.00911023374646902,canonical MLP,mlp_add97_f0.3_wd1.0_softmax_ce_s4,4,12100
9900,1.0,0.01123595517128706,canonical MLP,mlp_add97_f0.3_wd1.0_softmax_ce_s4,4,12100
10000,1.0,0.015183722600340843,canonical MLP,mlp_add97_f0.3_wd1.0_softmax_ce_s4,4,12100
10100,1.0,0.01928332820534706,canonical MLP,mlp_add97_f0.3_wd1.0_softmax_ce_s4,4,12100
10200,1.0,0.02429395727813244,canonical MLP,mlp_add97_f0.3_wd1.0_softmax_ce_s4,4,12100
10300,1.0,0.030974794179201126,canonical MLP,mlp_add97_f0.3_wd1.0_softmax_ce_s4,4,12100
10400,1.0,0.03932584077119827,canonical MLP,mlp_add97_f0.3_wd1.0_softmax_ce_s4,4,12100
10500,1.0,0.04843607544898987,canonical MLP,mlp_add97_f0.3_wd1.0_softmax_ce_s4,4,12100
10600,1.0,0.06103856489062309,canonical MLP,mlp_add97_f0.3_wd1.0_softmax_ce_s4,4,12100
10700,1.0,0.07576677948236465,canonical MLP,mlp_add97_f0.3_wd1.0_softmax_ce_s4,4,12100
10800,1.0,0.0964166447520256,canonical MLP,mlp_add97_f0.3_wd1.0_softmax_ce_s4,4,12100
10900,1.0,0.13270573318004608,canonical MLP,mlp_add97_f0.3_wd1.0_softmax_ce_s4,4,12100
11000,1.0,0.17537200450897217,canonical MLP,mlp_add97_f0.3_wd1.0_softmax_ce_s4,4,12100
11100,1.0,0.22380807995796204,canonical MLP,mlp_add97_f0.3_wd1.0_softmax_ce_s4,4,12100
11200,1.0,0.285909503698349,canonical MLP,mlp_add97_f0.3_wd1.0_softmax_ce_s4,4,12100
11300,1.0,0.36304283142089844,canonical MLP,mlp_add97_f0.3_wd1.0_softmax_ce_s4,4,12100
11400,1.0,0.44412389397621155,canonical MLP,mlp_add97_f0.3_wd1.0_softmax_ce_s4,4,12100
11500,1.0,0.5372000932693481,canonical MLP,mlp_add97_f0.3_wd1.0_softmax_ce_s4,4,12100
11600,1.0,0.6316428780555725,canonical MLP,mlp_add97_f0.3_wd1.0_softmax_ce_s4,4,12100
11700,1.0,0.7186456322669983,canonical MLP,mlp_add97_f0.3_wd1.0_softmax_ce_s4,4,12100
11800,1.0,0.7912238240242004,canonical MLP,mlp_add97_f0.3_wd1.0_softmax_ce_s4,4,12100
11900,1.0,0.8481627702713013,canonical MLP,mlp_add97_f0.3_wd1.0_softmax_ce_s4,4,12100
12000,1.0,0.894473135471344,canonical MLP,mlp_add97_f0.3_wd1.0_softmax_ce_s4,4,12100
12100,1.0,0.9307622313499451,canonical MLP,mlp_add97_f0.3_wd1.0_softmax_ce_s4,4,12100
12200,1.0,0.9579410552978516,canonical MLP,mlp_add97_f0.3_wd1.0_softmax_ce_s4,4,12100
12300,1.0,0.9763134121894836,canonical MLP,mlp_add97_f0.3_wd1.0_softmax_ce_s4,4,12100
12400,1.0,0.9851199388504028,canonical MLP,mlp_add97_f0.3_wd1.0_softmax_ce_s4,4,12100
12500,1.0,0.9931673407554626,canonical MLP,mlp_add97_f0.3_wd1.0_softmax_ce_s4,4,12100
12600,1.0,0.9968113899230957,canonical MLP,mlp_add97_f0.3_wd1.0_softmax_ce_s4,4,12100
12700,1.0,0.9987853169441223,canonical MLP,mlp_add97_f0.3_wd1.0_softmax_ce_s4,4,12100
12800,1.0,0.9993926286697388,canonical MLP,mlp_add97_f0.3_wd1.0_softmax_ce_s4,4,12100
12900,1.0,0.9998481869697571,canonical MLP,mlp_add97_f0.3_wd1.0_softmax_ce_s4,4,12100
13000,1.0,1.0,canonical MLP,mlp_add97_f0.3_wd1.0_softmax_ce_s4,4,12100
13100,1.0,1.0,canonical MLP,mlp_add97_f0.3_wd1.0_softmax_ce_s4,4,12100
13200,1.0,1.0,canonical MLP,mlp_add97_f0.3_wd1.0_softmax_ce_s4,4,12100
13300,1.0,1.0,canonical MLP,mlp_add97_f0.3_wd1.0_softmax_ce_s4,4,12100
13400,1.0,1.0,canonical MLP,mlp_add97_f0.3_wd1.0_softmax_ce_s4,4,12100
13500,1.0,1.0,canonical MLP,mlp_add97_f0.3_wd1.0_softmax_ce_s4,4,12100
13600,1.0,1.0,canonical MLP,mlp_add97_f0.3_wd1.0_softmax_ce_s4,4,12100
13700,1.0,1.0,canonical MLP,mlp_add97_f0.3_wd1.0_softmax_ce_s4,4,12100
13800,1.0,1.0,canonical MLP,mlp_add97_f0.3_wd1.0_softmax_ce_s4,4,12100
13900,1.0,1.0,canonical MLP,mlp_add97_f0.3_wd1.0_softmax_ce_s4,4,12100
14000,1.0,1.0,canonical MLP,mlp_add97_f0.3_wd1.0_softmax_ce_s4,4,12100
14100,1.0,1.0,canonical MLP,mlp_add97_f0.3_wd1.0_softmax_ce_s4,4,12100
14200,1.0,1.0,canonical MLP,mlp_add97_f0.3_wd1.0_softmax_ce_s4,4,12100
14300,1.0,1.0,canonical MLP,mlp_add97_f0.3_wd1.0_softmax_ce_s4,4,12100
14400,1.0,1.0,canonical MLP,mlp_add97_f0.3_wd1.0_softmax_ce_s4,4,12100
14500,1.0,1.0,canonical MLP,mlp_add97_f0.3_wd1.0_softmax_ce_s4,4,12100
14600,1.0,1.0,canonical MLP,mlp_add97_f0.3_wd1.0_softmax_ce_s4,4,12100
14700,1.0,1.0,canonical MLP,mlp_add97_f0.3_wd1.0_softmax_ce_s4,4,12100
14800,1.0,1.0,canonical MLP,mlp_add97_f0.3_wd1.0_softmax_ce_s4,4,12100
14900,1.0,1.0,canonical MLP,mlp_add97_f0.3_wd1.0_softmax_ce_s4,4,12100
15000,1.0,1.0,canonical MLP,mlp_add97_f0.3_wd1.0_softmax_ce_s4,4,12100
15100,1.0,1.0,canonical MLP,mlp_add97_f0.3_wd1.0_softmax_ce_s4,4,12100
15200,1.0,1.0,canonical MLP,mlp_add97_f0.3_wd1.0_softmax_ce_s4,4,12100
15300,1.0,1.0,canonical MLP,mlp_add97_f0.3_wd1.0_softmax_ce_s4,4,12100
15400,1.0,1.0,canonical MLP,mlp_add97_f0.3_wd1.0_softmax_ce_s4,4,12100
15500,1.0,1.0,canonical MLP,mlp_add97_f0.3_wd1.0_softmax_ce_s4,4,12100
15600,1.0,1.0,canonical MLP,mlp_add97_f0.3_wd1.0_softmax_ce_s4,4,12100
15700,1.0,1.0,canonical MLP,mlp_add97_f0.3_wd1.0_softmax_ce_s4,4,12100
15800,1.0,1.0,canonical MLP,mlp_add97_f0.3_wd1.0_softmax_ce_s4,4,12100
15900,1.0,1.0,canonical MLP,mlp_add97_f0.3_wd1.0_softmax_ce_s4,4,12100
16000,1.0,1.0,canonical MLP,mlp_add97_f0.3_wd1.0_softmax_ce_s4,4,12100
16100,1.0,1.0,canonical MLP,mlp_add97_f0.3_wd1.0_softmax_ce_s4,4,12100
16200,1.0,1.0,canonical MLP,mlp_add97_f0.3_wd1.0_softmax_ce_s4,4,12100
16300,1.0,1.0,canonical MLP,mlp_add97_f0.3_wd1.0_softmax_ce_s4,4,12100
16400,1.0,1.0,canonical MLP,mlp_add97_f0.3_wd1.0_softmax_ce_s4,4,12100
16500,1.0,1.0,canonical MLP,mlp_add97_f0.3_wd1.0_softmax_ce_s4,4,12100
16600,1.0,1.0,canonical MLP,mlp_add97_f0.3_wd1.0_softmax_ce_s4,4,12100
16700,1.0,1.0,canonical MLP,mlp_add97_f0.3_wd1.0_softmax_ce_s4,4,12100
16800,1.0,1.0,canonical MLP,mlp_add97_f0.3_wd1.0_softmax_ce_s4,4,12100
16900,1.0,1.0,canonical MLP,mlp_add97_f0.3_wd1.0_softmax_ce_s4,4,12100
17000,1.0,1.0,canonical MLP,mlp_add97_f0.3_wd1.0_softmax_ce_s4,4,12100
17100,1.0,1.0,canonical MLP,mlp_add97_f0.3_wd1.0_softmax_ce_s4,4,12100
17200,1.0,1.0,canonical MLP,mlp_add97_f0.3_wd1.0_softmax_ce_s4,4,12100
17300,1.0,1.0,canonical MLP,mlp_add97_f0.3_wd1.0_softmax_ce_s4,4,12100
17400,1.0,1.0,canonical MLP,mlp_add97_f0.3_wd1.0_softmax_ce_s4,4,12100
17500,1.0,1.0,canonical MLP,mlp_add97_f0.3_wd1.0_softmax_ce_s4,4,12100
17600,1.0,1.0,canonical MLP,mlp_add97_f0.3_wd1.0_softmax_ce_s4,4,12100
17700,1.0,1.0,canonical MLP,mlp_add97_f0.3_wd1.0_softmax_ce_s4,4,12100
17800,1.0,1.0,canonical MLP,mlp_add97_f0.3_wd1.0_softmax_ce_s4,4,12100
17900,1.0,1.0,canonical MLP,mlp_add97_f0.3_wd1.0_softmax_ce_s4,4,12100
18000,1.0,1.0,canonical MLP,mlp_add97_f0.3_wd1.0_softmax_ce_s4,4,12100
18100,1.0,1.0,canonical MLP,mlp_add97_f0.3_wd1.0_softmax_ce_s4,4,12100
18200,1.0,1.0,canonical MLP,mlp_add97_f0.3_wd1.0_softmax_ce_s4,4,12100
18300,1.0,1.0,canonical MLP,mlp_add97_f0.3_wd1.0_softmax_ce_s4,4,12100
18400,1.0,1.0,canonical MLP,mlp_add97_f0.3_wd1.0_softmax_ce_s4,4,12100
18500,1.0,1.0,canonical MLP,mlp_add97_f0.3_wd1.0_softmax_ce_s4,4,12100
18600,1.0,1.0,canonical MLP,mlp_add97_f0.3_wd1.0_softmax_ce_s4,4,12100
18700,1.0,1.0,canonical MLP,mlp_add97_f0.3_wd1.0_softmax_ce_s4,4,12100
18800,1.0,1.0,canonical MLP,mlp_add97_f0.3_wd1.0_softmax_ce_s4,4,12100
18900,1.0,1.0,canonical MLP,mlp_add97_f0.3_wd1.0_softmax_ce_s4,4,12100
19000,1.0,1.0,canonical MLP,mlp_add97_f0.3_wd1.0_softmax_ce_s4,4,12100
19100,1.0,1.0,canonical MLP,mlp_add97_f0.3_wd1.0_softmax_ce_s4,4,12100
19200,1.0,1.0,canonical MLP,mlp_add97_f0.3_wd1.0_softmax_ce_s4,4,12100
19300,1.0,1.0,canonical MLP,mlp_add97_f0.3_wd1.0_softmax_ce_s4,4,12100
19400,1.0,1.0,canonical MLP,mlp_add97_f0.3_wd1.0_softmax_ce_s4,4,12100
19500,1.0,1.0,canonical MLP,mlp_add97_f0.3_wd1.0_softmax_ce_s4,4,12100
19600,1.0,1.0,canonical MLP,mlp_add97_f0.3_wd1.0_softmax_ce_s4,4,12100
19700,1.0,1.0,canonical MLP,mlp_add97_f0.3_wd1.0_softmax_ce_s4,4,12100
19800,1.0,1.0,canonical MLP,mlp_add97_f0.3_wd1.0_softmax_ce_s4,4,12100
19900,1.0,1.0,canonical MLP,mlp_add97_f0.3_wd1.0_softmax_ce_s4,4,12100
20000,1.0,1.0,canonical MLP,mlp_add97_f0.3_wd1.0_softmax_ce_s4,4,12100
20100,1.0,1.0,canonical MLP,mlp_add97_f0.3_wd1.0_softmax_ce_s4,4,12100
20200,1.0,1.0,canonical MLP,mlp_add97_f0.3_wd1.0_softmax_ce_s4,4,12100
20300,1.0,1.0,canonical MLP,mlp_add97_f0.3_wd1.0_softmax_ce_s4,4,12100
20400,1.0,1.0,canonical MLP,mlp_add97_f0.3_wd1.0_softmax_ce_s4,4,12100
20500,1.0,1.0,canonical MLP,mlp_add97_f0.3_wd1.0_softmax_ce_s4,4,12100
20600,1.0,1.0,canonical MLP,mlp_add97_f0.3_wd1.0_softmax_ce_s4,4,12100
20700,1.0,1.0,canonical MLP,mlp_add97_f0.3_wd1.0_softmax_ce_s4,4,12100
20800,1.0,1.0,canonical MLP,mlp_add97_f0.3_wd1.0_softmax_ce_s4,4,12100
20900,1.0,1.0,canonical MLP,mlp_add97_f0.3_wd1.0_softmax_ce_s4,4,12100
21000,1.0,1.0,canonical MLP,mlp_add97_f0.3_wd1.0_softmax_ce_s4,4,12100
21100,1.0,1.0,canonical MLP,mlp_add97_f0.3_wd1.0_softmax_ce_s4,4,12100
21200,1.0,1.0,canonical MLP,mlp_add97_f0.3_wd1.0_softmax_ce_s4,4,12100
21300,1.0,1.0,canonical MLP,mlp_add97_f0.3_wd1.0_softmax_ce_s4,4,12100
21400,1.0,1.0,canonical MLP,mlp_add97_f0.3_wd1.0_softmax_ce_s4,4,12100
21500,1.0,1.0,canonical MLP,mlp_add97_f0.3_wd1.0_softmax_ce_s4,4,12100
21600,1.0,1.0,canonical MLP,mlp_add97_f0.3_wd1.0_softmax_ce_s4,4,12100
21700,1.0,1.0,canonical MLP,mlp_add97_f0.3_wd1.0_softmax_ce_s4,4,12100
21800,1.0,1.0,canonical MLP,mlp_add97_f0.3_wd1.0_softmax_ce_s4,4,12100
21900,1.0,1.0,canonical MLP,mlp_add97_f0.3_wd1.0_softmax_ce_s4,4,12100
22000,1.0,1.0,canonical MLP,mlp_add97_f0.3_wd1.0_softmax_ce_s4,4,12100
22100,1.0,1.0,canonical MLP,mlp_add97_f0.3_wd1.0_softmax_ce_s4,4,12100
22200,1.0,1.0,canonical MLP,mlp_add97_f0.3_wd1.0_softmax_ce_s4,4,12100
22300,1.0,1.0,canonical MLP,mlp_add97_f0.3_wd1.0_softmax_ce_s4,4,12100
22400,1.0,1.0,canonical MLP,mlp_add97_f0.3_wd1.0_softmax_ce_s4,4,12100
22500,1.0,1.0,canonical MLP,mlp_add97_f0.3_wd1.0_softmax_ce_s4,4,12100
22600,1.0,1.0,canonical MLP,mlp_add97_f0.3_wd1.0_softmax_ce_s4,4,12100
22700,1.0,1.0,canonical MLP,mlp_add97_f0.3_wd1.0_softmax_ce_s4,4,12100
22800,1.0,1.0,canonical MLP,mlp_add97_f0.3_wd1.0_softmax_ce_s4,4,12100
22900,1.0,1.0,canonical MLP,mlp_add97_f0.3_wd1.0_softmax_ce_s4,4,12100
23000,1.0,1.0,canonical MLP,mlp_add97_f0.3_wd1.0_softmax_ce_s4,4,12100
23100,1.0,1.0,canonical MLP,mlp_add97_f0.3_wd1.0_softmax_ce_s4,4,12100
23200,1.0,1.0,canonical MLP,mlp_add97_f0.3_wd1.0_softmax_ce_s4,4,12100
23300,1.0,1.0,canonical MLP,mlp_add97_f0.3_wd1.0_softmax_ce_s4,4,12100
23400,1.0,1.0,canonical MLP,mlp_add97_f0.3_wd1.0_softmax_ce_s4,4,12100
23500,1.0,1.0,canonical MLP,mlp_add97_f0.3_wd1.0_softmax_ce_s4,4,12100
23600,1.0,1.0,canonical MLP,mlp_add97_f0.3_wd1.0_softmax_ce_s4,4,12100
23700,1.0,1.0,canonical MLP,mlp_add97_f0.3_wd1.0_softmax_ce_s4,4,12100
23800,1.0,1.0,canonical MLP,mlp_add97_f0.3_wd1.0_softmax_ce_s4,4,12100
23900,1.0,1.0,canonical MLP,mlp_add97_f0.3_wd1.0_softmax_ce_s4,4,12100
24000,1.0,1.0,canonical MLP,mlp_add97_f0.3_wd1.0_softmax_ce_s4,4,12100
24100,1.0,1.0,canonical MLP,mlp_add97_f0.3_wd1.0_softmax_ce_s4,4,12100
24200,1.0,1.0,canonical MLP,mlp_add97_f0.3_wd1.0_softmax_ce_s4,4,12100
24300,1.0,1.0,canonical MLP,mlp_add97_f0.3_wd1.0_softmax_ce_s4,4,12100
24400,1.0,1.0,canonical MLP,mlp_add97_f0.3_wd1.0_softmax_ce_s4,4,12100
24500,1.0,1.0,canonical MLP,mlp_add97_f0.3_wd1.0_softmax_ce_s4,4,12100
24600,1.0,1.0,canonical MLP,mlp_add97_f0.3_wd1.0_softmax_ce_s4,4,12100
24700,1.0,1.0,canonical MLP,mlp_add97_f0.3_wd1.0_softmax_ce_s4,4,12100
24800,1.0,1.0,canonical MLP,mlp_add97_f0.3_wd1.0_softmax_ce_s4,4,12100
24900,1.0,1.0,canonical MLP,mlp_add97_f0.3_wd1.0_softmax_ce_s4,4,12100
25000,1.0,1.0,canonical MLP,mlp_add97_f0.3_wd1.0_softmax_ce_s4,4,12100
25100,1.0,1.0,canonical MLP,mlp_add97_f0.3_wd1.0_softmax_ce_s4,4,12100
25200,1.0,1.0,canonical MLP,mlp_add97_f0.3_wd1.0_softmax_ce_s4,4,12100
25300,1.0,1.0,canonical MLP,mlp_add97_f0.3_wd1.0_softmax_ce_s4,4,12100
25400,1.0,1.0,canonical MLP,mlp_add97_f0.3_wd1.0_softmax_ce_s4,4,12100
25500,1.0,1.0,canonical MLP,mlp_add97_f0.3_wd1.0_softmax_ce_s4,4,12100
25600,1.0,1.0,canonical MLP,mlp_add97_f0.3_wd1.0_softmax_ce_s4,4,12100
25700,1.0,1.0,canonical MLP,mlp_add97_f0.3_wd1.0_softmax_ce_s4,4,12100
25800,1.0,1.0,canonical MLP,mlp_add97_f0.3_wd1.0_softmax_ce_s4,4,12100
25900,1.0,1.0,canonical MLP,mlp_add97_f0.3_wd1.0_softmax_ce_s4,4,12100
26000,1.0,1.0,canonical MLP,mlp_add97_f0.3_wd1.0_softmax_ce_s4,4,12100
26100,1.0,1.0,canonical MLP,mlp_add97_f0.3_wd1.0_softmax_ce_s4,4,12100
26200,1.0,1.0,canonical MLP,mlp_add97_f0.3_wd1.0_softmax_ce_s4,4,12100
26300,1.0,1.0,canonical MLP,mlp_add97_f0.3_wd1.0_softmax_ce_s4,4,12100
26400,1.0,1.0,canonical MLP,mlp_add97_f0.3_wd1.0_softmax_ce_s4,4,12100
26500,1.0,1.0,canonical MLP,mlp_add97_f0.3_wd1.0_softmax_ce_s4,4,12100
26600,1.0,1.0,canonical MLP,mlp_add97_f0.3_wd1.0_softmax_ce_s4,4,12100
26700,1.0,1.0,canonical MLP,mlp_add97_f0.3_wd1.0_softmax_ce_s4,4,12100
26800,1.0,1.0,canonical MLP,mlp_add97_f0.3_wd1.0_softmax_ce_s4,4,12100
26900,1.0,1.0,canonical MLP,mlp_add97_f0.3_wd1.0_softmax_ce_s4,4,12100
27000,1.0,1.0,canonical MLP,mlp_add97_f0.3_wd1.0_softmax_ce_s4,4,12100
27100,1.0,1.0,canonical MLP,mlp_add97_f0.3_wd1.0_softmax_ce_s4,4,12100
27200,1.0,1.0,canonical MLP,mlp_add97_f0.3_wd1.0_softmax_ce_s4,4,12100
27300,1.0,1.0,canonical MLP,mlp_add97_f0.3_wd1.0_softmax_ce_s4,4,12100
27400,1.0,1.0,canonical MLP,mlp_add97_f0.3_wd1.0_softmax_ce_s4,4,12100
27500,1.0,1.0,canonical MLP,mlp_add97_f0.3_wd1.0_softmax_ce_s4,4,12100
27600,1.0,1.0,canonical MLP,mlp_add97_f0.3_wd1.0_softmax_ce_s4,4,12100
27700,1.0,1.0,canonical MLP,mlp_add97_f0.3_wd1.0_softmax_ce_s4,4,12100
27800,1.0,1.0,canonical MLP,mlp_add97_f0.3_wd1.0_softmax_ce_s4,4,12100
27900,1.0,1.0,canonical MLP,mlp_add97_f0.3_wd1.0_softmax_ce_s4,4,12100
28000,1.0,1.0,canonical MLP,mlp_add97_f0.3_wd1.0_softmax_ce_s4,4,12100
28100,1.0,1.0,canonical MLP,mlp_add97_f0.3_wd1.0_softmax_ce_s4,4,12100
28200,1.0,1.0,canonical MLP,mlp_add97_f0.3_wd1.0_softmax_ce_s4,4,12100
28300,1.0,1.0,canonical MLP,mlp_add97_f0.3_wd1.0_softmax_ce_s4,4,12100
28400,1.0,1.0,canonical MLP,mlp_add97_f0.3_wd1.0_softmax_ce_s4,4,12100
28500,1.0,1.0,canonical MLP,mlp_add97_f0.3_wd1.0_softmax_ce_s4,4,12100
28600,1.0,1.0,canonical MLP,mlp_add97_f0.3_wd1.0_softmax_ce_s4,4,12100
28700,1.0,1.0,canonical MLP,mlp_add97_f0.3_wd1.0_softmax_ce_s4,4,12100
28800,1.0,1.0,canonical MLP,mlp_add97_f0.3_wd1.0_softmax_ce_s4,4,12100
28900,1.0,1.0,canonical MLP,mlp_add97_f0.3_wd1.0_softmax_ce_s4,4,12100
29000,1.0,1.0,canonical MLP,mlp_add97_f0.3_wd1.0_softmax_ce_s4,4,12100
29100,1.0,1.0,canonical MLP,mlp_add97_f0.3_wd1.0_softmax_ce_s4,4,12100
29200,1.0,1.0,canonical MLP,mlp_add97_f0.3_wd1.0_softmax_ce_s4,4,12100
29300,1.0,1.0,canonical MLP,mlp_add97_f0.3_wd1.0_softmax_ce_s4,4,12100
29400,1.0,1.0,canonical MLP,mlp_add97_f0.3_wd1.0_softmax_ce_s4,4,12100
29500,1.0,1.0,canonical MLP,mlp_add97_f0.3_wd1.0_softmax_ce_s4,4,12100
29600,1.0,1.0,canonical MLP,mlp_add97_f0.3_wd1.0_softmax_ce_s4,4,12100
29700,1.0,1.0,canonical MLP,mlp_add97_f0.3_wd1.0_softmax_ce_s4,4,12100
29800,1.0,1.0,canonical MLP,mlp_add97_f0.3_wd1.0_softmax_ce_s4,4,12100
29900,1.0,1.0,canonical MLP,mlp_add97_f0.3_wd1.0_softmax_ce_s4,4,12100
30000,1.0,1.0,canonical MLP,mlp_add97_f0.3_wd1.0_softmax_ce_s4,4,12100
30100,1.0,1.0,canonical MLP,mlp_add97_f0.3_wd1.0_softmax_ce_s4,4,12100
30200,1.0,1.0,canonical MLP,mlp_add97_f0.3_wd1.0_softmax_ce_s4,4,12100
30300,1.0,1.0,canonical MLP,mlp_add97_f0.3_wd1.0_softmax_ce_s4,4,12100
30400,1.0,1.0,canonical MLP,mlp_add97_f0.3_wd1.0_softmax_ce_s4,4,12100
30500,1.0,1.0,canonical MLP,mlp_add97_f0.3_wd1.0_softmax_ce_s4,4,12100
30600,1.0,1.0,canonical MLP,mlp_add97_f0.3_wd1.0_softmax_ce_s4,4,12100
30700,1.0,1.0,canonical MLP,mlp_add97_f0.3_wd1.0_softmax_ce_s4,4,12100
30800,1.0,1.0,canonical MLP,mlp_add97_f0.3_wd1.0_softmax_ce_s4,4,12100
30900,1.0,1.0,canonical MLP,mlp_add97_f0.3_wd1.0_softmax_ce_s4,4,12100
31000,1.0,1.0,canonical MLP,mlp_add97_f0.3_wd1.0_softmax_ce_s4,4,12100
31100,1.0,1.0,canonical MLP,mlp_add97_f0.3_wd1.0_softmax_ce_s4,4,12100
31200,1.0,1.0,canonical MLP,mlp_add97_f0.3_wd1.0_softmax_ce_s4,4,12100
31300,1.0,1.0,canonical MLP,mlp_add97_f0.3_wd1.0_softmax_ce_s4,4,12100
31400,1.0,1.0,canonical MLP,mlp_add97_f0.3_wd1.0_softmax_ce_s4,4,12100
31500,1.0,1.0,canonical MLP,mlp_add97_f0.3_wd1.0_softmax_ce_s4,4,12100
31600,1.0,1.0,canonical MLP,mlp_add97_f0.3_wd1.0_softmax_ce_s4,4,12100
31700,1.0,1.0,canonical MLP,mlp_add97_f0.3_wd1.0_softmax_ce_s4,4,12100
31800,1.0,1.0,canonical MLP,mlp_add97_f0.3_wd1.0_softmax_ce_s4,4,12100
31900,1.0,1.0,canonical MLP,mlp_add97_f0.3_wd1.0_softmax_ce_s4,4,12100
32000,1.0,1.0,canonical MLP,mlp_add97_f0.3_wd1.0_softmax_ce_s4,4,12100
32100,1.0,1.0,canonical MLP,mlp_add97_f0.3_wd1.0_softmax_ce_s4,4,12100
32200,1.0,1.0,canonical MLP,mlp_add97_f0.3_wd1.0_softmax_ce_s4,4,12100
32300,1.0,1.0,canonical MLP,mlp_add97_f0.3_wd1.0_softmax_ce_s4,4,12100
32400,1.0,1.0,canonical MLP,mlp_add97_f0.3_wd1.0_softmax_ce_s4,4,12100
32500,1.0,1.0,canonical MLP,mlp_add97_f0.3_wd1.0_softmax_ce_s4,4,12100
32600,1.0,1.0,canonical MLP,mlp_add97_f0.3_wd1.0_softmax_ce_s4,4,12100
32700,1.0,1.0,canonical MLP,mlp_add97_f0.3_wd1.0_softmax_ce_s4,4,12100
32800,1.0,1.0,canonical MLP,mlp_add97_f0.3_wd1.0_softmax_ce_s4,4,12100
32900,1.0,1.0,canonical MLP,mlp_add97_f0.3_wd1.0_softmax_ce_s4,4,12100
33000,1.0,1.0,canonical MLP,mlp_add97_f0.3_wd1.0_softmax_ce_s4,4,12100
33100,1.0,1.0,canonical MLP,mlp_add97_f0.3_wd1.0_softmax_ce_s4,4,12100
33200,1.0,1.0,canonical MLP,mlp_add97_f0.3_wd1.0_softmax_ce_s4,4,12100
33300,1.0,1.0,canonical MLP,mlp_add97_f0.3_wd1.0_softmax_ce_s4,4,12100
33400,1.0,1.0,canonical MLP,mlp_add97_f0.3_wd1.0_softmax_ce_s4,4,12100
33500,1.0,1.0,canonical MLP,mlp_add97_f0.3_wd1.0_softmax_ce_s4,4,12100
33600,1.0,1.0,canonical MLP,mlp_add97_f0.3_wd1.0_softmax_ce_s4,4,12100
33700,1.0,1.0,canonical MLP,mlp_add97_f0.3_wd1.0_softmax_ce_s4,4,12100
33800,1.0,1.0,canonical MLP,mlp_add97_f0.3_wd1.0_softmax_ce_s4,4,12100
33900,1.0,1.0,canonical MLP,mlp_add97_f0.3_wd1.0_softmax_ce_s4,4,12100
34000,1.0,1.0,canonical MLP,mlp_add97_f0.3_wd1.0_softmax_ce_s4,4,12100
34100,1.0,1.0,canonical MLP,mlp_add97_f0.3_wd1.0_softmax_ce_s4,4,12100
34200,1.0,1.0,canonical MLP,mlp_add97_f0.3_wd1.0_softmax_ce_s4,4,12100
34300,1.0,1.0,canonical MLP,mlp_add97_f0.3_wd1.0_softmax_ce_s4,4,12100
34400,1.0,1.0,canonical MLP,mlp_add97_f0.3_wd1.0_softmax_ce_s4,4,12100
34500,1.0,1.0,canonical MLP,mlp_add97_f0.3_wd1.0_softmax_ce_s4,4,12100
34600,1.0,1.0,canonical MLP,mlp_add97_f0.3_wd1.0_softmax_ce_s4,4,12100
34700,1.0,1.0,canonical MLP,mlp_add97_f0.3_wd1.0_softmax_ce_s4,4,12100
34800,1.0,1.0,canonical MLP,mlp_add97_f0.3_wd1.0_softmax_ce_s4,4,12100
34900,1.0,1.0,canonical MLP,mlp_add97_f0.3_wd1.0_softmax_ce_s4,4,12100
35000,1.0,1.0,canonical MLP,mlp_add97_f0.3_wd1.0_softmax_ce_s4,4,12100
35100,1.0,1.0,canonical MLP,mlp_add97_f0.3_wd1.0_softmax_ce_s4,4,12100
35200,1.0,1.0,canonical MLP,mlp_add97_f0.3_wd1.0_softmax_ce_s4,4,12100
35300,1.0,1.0,canonical MLP,mlp_add97_f0.3_wd1.0_softmax_ce_s4,4,12100
35400,1.0,1.0,canonical MLP,mlp_add97_f0.3_wd1.0_softmax_ce_s4,4,12100
35500,1.0,1.0,canonical MLP,mlp_add97_f0.3_wd1.0_softmax_ce_s4,4,12100
35600,1.0,1.0,canonical MLP,mlp_add97_f0.3_wd1.0_softmax_ce_s4,4,12100
35700,1.0,1.0,canonical MLP,mlp_add97_f0.3_wd1.0_softmax_ce_s4,4,12100
35800,1.0,1.0,canonical MLP,mlp_add97_f0.3_wd1.0_softmax_ce_s4,4,12100
35900,1.0,1.0,canonical MLP,mlp_add97_f0.3_wd1.0_softmax_ce_s4,4,12100
36000,1.0,1.0,canonical MLP,mlp_add97_f0.3_wd1.0_softmax_ce_s4,4,12100
36100,1.0,1.0,canonical MLP,mlp_add97_f0.3_wd1.0_softmax_ce_s4,4,12100
36200,1.0,1.0,canonical MLP,mlp_add97_f0.3_wd1.0_softmax_ce_s4,4,12100
36300,1.0,1.0,canonical MLP,mlp_add97_f0.3_wd1.0_softmax_ce_s4,4,12100
36400,1.0,1.0,canonical MLP,mlp_add97_f0.3_wd1.0_softmax_ce_s4,4,12100
36500,1.0,1.0,canonical MLP,mlp_add97_f0.3_wd1.0_softmax_ce_s4,4,12100
36600,1.0,1.0,canonical MLP,mlp_add97_f0.3_wd1.0_softmax_ce_s4,4,12100
36700,1.0,1.0,canonical MLP,mlp_add97_f0.3_wd1.0_softmax_ce_s4,4,12100
36800,1.0,1.0,canonical MLP,mlp_add97_f0.3_wd1.0_softmax_ce_s4,4,12100
36900,1.0,1.0,canonical MLP,mlp_add97_f0.3_wd1.0_softmax_ce_s4,4,12100
37000,1.0,1.0,canonical MLP,mlp_add97_f0.3_wd1.0_softmax_ce_s4,4,12100
37100,1.0,1.0,canonical MLP,mlp_add97_f0.3_wd1.0_softmax_ce_s4,4,12100
37200,1.0,1.0,canonical MLP,mlp_add97_f0.3_wd1.0_softmax_ce_s4,4,12100
37300,1.0,1.0,canonical MLP,mlp_add97_f0.3_wd1.0_softmax_ce_s4,4,12100
37400,1.0,1.0,canonical MLP,mlp_add97_f0.3_wd1.0_softmax_ce_s4,4,12100
37500,1.0,1.0,canonical MLP,mlp_add97_f0.3_wd1.0_softmax_ce_s4,4,12100
37600,1.0,1.0,canonical MLP,mlp_add97_f0.3_wd1.0_softmax_ce_s4,4,12100
37700,1.0,1.0,canonical MLP,mlp_add97_f0.3_wd1.0_softmax_ce_s4,4,12100
37800,1.0,1.0,canonical MLP,mlp_add97_f0.3_wd1.0_softmax_ce_s4,4,12100
37900,1.0,1.0,canonical MLP,mlp_add97_f0.3_wd1.0_softmax_ce_s4,4,12100
38000,1.0,1.0,canonical MLP,mlp_add97_f0.3_wd1.0_softmax_ce_s4,4,12100
38100,1.0,1.0,canonical MLP,mlp_add97_f0.3_wd1.0_softmax_ce_s4,4,12100
38200,1.0,1.0,canonical MLP,mlp_add97_f0.3_wd1.0_softmax_ce_s4,4,12100
38300,1.0,1.0,canonical MLP,mlp_add97_f0.3_wd1.0_softmax_ce_s4,4,12100
38400,1.0,1.0,canonical MLP,mlp_add97_f0.3_wd1.0_softmax_ce_s4,4,12100
38500,1.0,1.0,canonical MLP,mlp_add97_f0.3_wd1.0_softmax_ce_s4,4,12100
38600,1.0,1.0,canonical MLP,mlp_add97_f0.3_wd1.0_softmax_ce_s4,4,12100
38700,1.0,1.0,canonical MLP,mlp_add97_f0.3_wd1.0_softmax_ce_s4,4,12100
38800,1.0,1.0,canonical MLP,mlp_add97_f0.3_wd1.0_softmax_ce_s4,4,12100
38900,1.0,1.0,canonical MLP,mlp_add97_f0.3_wd1.0_softmax_ce_s4,4,12100
39000,1.0,1.0,canonical MLP,mlp_add97_f0.3_wd1.0_softmax_ce_s4,4,12100
39100,1.0,1.0,canonical MLP,mlp_add97_f0.3_wd1.0_softmax_ce_s4,4,12100
39200,1.0,1.0,canonical MLP,mlp_add97_f0.3_wd1.0_softmax_ce_s4,4,12100
39300,1.0,1.0,canonical MLP,mlp_add97_f0.3_wd1.0_softmax_ce_s4,4,12100
39400,1.0,1.0,canonical MLP,mlp_add97_f0.3_wd1.0_softmax_ce_s4,4,12100
39500,1.0,1.0,canonical MLP,mlp_add97_f0.3_wd1.0_softmax_ce_s4,4,12100
39600,1.0,1.0,canonical MLP,mlp_add97_f0.3_wd1.0_softmax_ce_s4,4,12100
39700,1.0,1.0,canonical MLP,mlp_add97_f0.3_wd1.0_softmax_ce_s4,4,12100
39800,1.0,1.0,canonical MLP,mlp_add97_f0.3_wd1.0_softmax_ce_s4,4,12100
39900,1.0,1.0,canonical MLP,mlp_add97_f0.3_wd1.0_softmax_ce_s4,4,12100
40000,1.0,1.0,canonical MLP,mlp_add97_f0.3_wd1.0_softmax_ce_s4,4,12100
40100,1.0,1.0,canonical MLP,mlp_add97_f0.3_wd1.0_softmax_ce_s4,4,12100
40200,1.0,1.0,canonical MLP,mlp_add97_f0.3_wd1.0_softmax_ce_s4,4,12100
40300,1.0,1.0,canonical MLP,mlp_add97_f0.3_wd1.0_softmax_ce_s4,4,12100
40400,1.0,1.0,canonical MLP,mlp_add97_f0.3_wd1.0_softmax_ce_s4,4,12100
40500,1.0,1.0,canonical MLP,mlp_add97_f0.3_wd1.0_softmax_ce_s4,4,12100
40600,1.0,1.0,canonical MLP,mlp_add97_f0.3_wd1.0_softmax_ce_s4,4,12100
40700,1.0,1.0,canonical MLP,mlp_add97_f0.3_wd1.0_softmax_ce_s4,4,12100
40800,1.0,1.0,canonical MLP,mlp_add97_f0.3_wd1.0_softmax_ce_s4,4,12100
40900,1.0,1.0,canonical MLP,mlp_add97_f0.3_wd1.0_softmax_ce_s4,4,12100
41000,1.0,1.0,canonical MLP,mlp_add97_f0.3_wd1.0_softmax_ce_s4,4,12100
41100,1.0,1.0,canonical MLP,mlp_add97_f0.3_wd1.0_softmax_ce_s4,4,12100
41200,1.0,1.0,canonical MLP,mlp_add97_f0.3_wd1.0_softmax_ce_s4,4,12100
41300,1.0,1.0,canonical MLP,mlp_add97_f0.3_wd1.0_softmax_ce_s4,4,12100
41400,1.0,1.0,canonical MLP,mlp_add97_f0.3_wd1.0_softmax_ce_s4,4,12100
41500,1.0,1.0,canonical MLP,mlp_add97_f0.3_wd1.0_softmax_ce_s4,4,12100
41600,1.0,1.0,canonical MLP,mlp_add97_f0.3_wd1.0_softmax_ce_s4,4,12100
41700,1.0,1.0,canonical MLP,mlp_add97_f0.3_wd1.0_softmax_ce_s4,4,12100
41800,1.0,1.0,canonical MLP,mlp_add97_f0.3_wd1.0_softmax_ce_s4,4,12100
41900,1.0,1.0,canonical MLP,mlp_add97_f0.3_wd1.0_softmax_ce_s4,4,12100
42000,1.0,1.0,canonical MLP,mlp_add97_f0.3_wd1.0_softmax_ce_s4,4,12100
42100,1.0,1.0,canonical MLP,mlp_add97_f0.3_wd1.0_softmax_ce_s4,4,12100
42200,1.0,1.0,canonical MLP,mlp_add97_f0.3_wd1.0_softmax_ce_s4,4,12100
42300,1.0,1.0,canonical MLP,mlp_add97_f0.3_wd1.0_softmax_ce_s4,4,12100
42400,1.0,1.0,canonical MLP,mlp_add97_f0.3_wd1.0_softmax_ce_s4,4,12100
42500,1.0,1.0,canonical MLP,mlp_add97_f0.3_wd1.0_softmax_ce_s4,4,12100
42600,1.0,1.0,canonical MLP,mlp_add97_f0.3_wd1.0_softmax_ce_s4,4,12100
42700,1.0,1.0,canonical MLP,mlp_add97_f0.3_wd1.0_softmax_ce_s4,4,12100
42800,1.0,1.0,canonical MLP,mlp_add97_f0.3_wd1.0_softmax_ce_s4,4,12100
42900,1.0,1.0,canonical MLP,mlp_add97_f0.3_wd1.0_softmax_ce_s4,4,12100
43000,1.0,1.0,canonical MLP,mlp_add97_f0.3_wd1.0_softmax_ce_s4,4,12100
43100,1.0,1.0,canonical MLP,mlp_add97_f0.3_wd1.0_softmax_ce_s4,4,12100
43200,1.0,1.0,canonical MLP,mlp_add97_f0.3_wd1.0_softmax_ce_s4,4,12100
43300,1.0,1.0,canonical MLP,mlp_add97_f0.3_wd1.0_softmax_ce_s4,4,12100
43400,1.0,1.0,canonical MLP,mlp_add97_f0.3_wd1.0_softmax_ce_s4,4,12100
43500,1.0,1.0,canonical MLP,mlp_add97_f0.3_wd1.0_softmax_ce_s4,4,12100
43600,1.0,1.0,canonical MLP,mlp_add97_f0.3_wd1.0_softmax_ce_s4,4,12100
43700,1.0,1.0,canonical MLP,mlp_add97_f0.3_wd1.0_softmax_ce_s4,4,12100
43800,1.0,1.0,canonical MLP,mlp_add97_f0.3_wd1.0_softmax_ce_s4,4,12100
43900,1.0,1.0,canonical MLP,mlp_add97_f0.3_wd1.0_softmax_ce_s4,4,12100
44000,1.0,1.0,canonical MLP,mlp_add97_f0.3_wd1.0_softmax_ce_s4,4,12100
44100,1.0,1.0,canonical MLP,mlp_add97_f0.3_wd1.0_softmax_ce_s4,4,12100
44200,1.0,1.0,canonical MLP,mlp_add97_f0.3_wd1.0_softmax_ce_s4,4,12100
44300,1.0,1.0,canonical MLP,mlp_add97_f0.3_wd1.0_softmax_ce_s4,4,12100
44400,1.0,1.0,canonical MLP,mlp_add97_f0.3_wd1.0_softmax_ce_s4,4,12100
44500,1.0,1.0,canonical MLP,mlp_add97_f0.3_wd1.0_softmax_ce_s4,4,12100
44600,1.0,1.0,canonical MLP,mlp_add97_f0.3_wd1.0_softmax_ce_s4,4,12100
44700,1.0,1.0,canonical MLP,mlp_add97_f0.3_wd1.0_softmax_ce_s4,4,12100
44800,1.0,1.0,canonical MLP,mlp_add97_f0.3_wd1.0_softmax_ce_s4,4,12100
44900,1.0,1.0,canonical MLP,mlp_add97_f0.3_wd1.0_softmax_ce_s4,4,12100
45000,1.0,1.0,canonical MLP,mlp_add97_f0.3_wd1.0_softmax_ce_s4,4,12100
45100,1.0,1.0,canonical MLP,mlp_add97_f0.3_wd1.0_softmax_ce_s4,4,12100
45200,1.0,1.0,canonical MLP,mlp_add97_f0.3_wd1.0_softmax_ce_s4,4,12100
45300,1.0,1.0,canonical MLP,mlp_add97_f0.3_wd1.0_softmax_ce_s4,4,12100
45400,1.0,1.0,canonical MLP,mlp_add97_f0.3_wd1.0_softmax_ce_s4,4,12100
45500,1.0,1.0,canonical MLP,mlp_add97_f0.3_wd1.0_softmax_ce_s4,4,12100
45600,1.0,1.0,canonical MLP,mlp_add97_f0.3_wd1.0_softmax_ce_s4,4,12100
45700,1.0,1.0,canonical MLP,mlp_add97_f0.3_wd1.0_softmax_ce_s4,4,12100
45800,1.0,1.0,canonical MLP,mlp_add97_f0.3_wd1.0_softmax_ce_s4,4,12100
45900,1.0,1.0,canonical MLP,mlp_add97_f0.3_wd1.0_softmax_ce_s4,4,12100
46000,1.0,1.0,canonical MLP,mlp_add97_f0.3_wd1.0_softmax_ce_s4,4,12100
46100,1.0,1.0,canonical MLP,mlp_add97_f0.3_wd1.0_softmax_ce_s4,4,12100
46200,1.0,1.0,canonical MLP,mlp_add97_f0.3_wd1.0_softmax_ce_s4,4,12100
46300,1.0,1.0,canonical MLP,mlp_add97_f0.3_wd1.0_softmax_ce_s4,4,12100
46400,1.0,1.0,canonical MLP,mlp_add97_f0.3_wd1.0_softmax_ce_s4,4,12100
46500,1.0,1.0,canonical MLP,mlp_add97_f0.3_wd1.0_softmax_ce_s4,4,12100
46600,1.0,1.0,canonical MLP,mlp_add97_f0.3_wd1.0_softmax_ce_s4,4,12100
46700,1.0,1.0,canonical MLP,mlp_add97_f0.3_wd1.0_softmax_ce_s4,4,12100
46800,1.0,1.0,canonical MLP,mlp_add97_f0.3_wd1.0_softmax_ce_s4,4,12100
46900,1.0,1.0,canonical MLP,mlp_add97_f0.3_wd1.0_softmax_ce_s4,4,12100
47000,1.0,1.0,canonical MLP,mlp_add97_f0.3_wd1.0_softmax_ce_s4,4,12100
47100,1.0,1.0,canonical MLP,mlp_add97_f0.3_wd1.0_softmax_ce_s4,4,12100
47200,1.0,1.0,canonical MLP,mlp_add97_f0.3_wd1.0_softmax_ce_s4,4,12100
47300,1.0,1.0,canonical MLP,mlp_add97_f0.3_wd1.0_softmax_ce_s4,4,12100
47400,1.0,1.0,canonical MLP,mlp_add97_f0.3_wd1.0_softmax_ce_s4,4,12100
47500,1.0,1.0,canonical MLP,mlp_add97_f0.3_wd1.0_softmax_ce_s4,4,12100
47600,1.0,1.0,canonical MLP,mlp_add97_f0.3_wd1.0_softmax_ce_s4,4,12100
47700,1.0,1.0,canonical MLP,mlp_add97_f0.3_wd1.0_softmax_ce_s4,4,12100
47800,1.0,1.0,canonical MLP,mlp_add97_f0.3_wd1.0_softmax_ce_s4,4,12100
47900,1.0,1.0,canonical MLP,mlp_add97_f0.3_wd1.0_softmax_ce_s4,4,12100
48000,1.0,1.0,canonical MLP,mlp_add97_f0.3_wd1.0_softmax_ce_s4,4,12100
48100,1.0,1.0,canonical MLP,mlp_add97_f0.3_wd1.0_softmax_ce_s4,4,12100
48200,1.0,1.0,canonical MLP,mlp_add97_f0.3_wd1.0_softmax_ce_s4,4,12100
48300,1.0,1.0,canonical MLP,mlp_add97_f0.3_wd1.0_softmax_ce_s4,4,12100
48400,1.0,1.0,canonical MLP,mlp_add97_f0.3_wd1.0_softmax_ce_s4,4,12100
48500,1.0,1.0,canonical MLP,mlp_add97_f0.3_wd1.0_softmax_ce_s4,4,12100
48600,1.0,1.0,canonical MLP,mlp_add97_f0.3_wd1.0_softmax_ce_s4,4,12100
48700,1.0,1.0,canonical MLP,mlp_add97_f0.3_wd1.0_softmax_ce_s4,4,12100
48800,1.0,1.0,canonical MLP,mlp_add97_f0.3_wd1.0_softmax_ce_s4,4,12100
48900,1.0,1.0,canonical MLP,mlp_add97_f0.3_wd1.0_softmax_ce_s4,4,12100
49000,1.0,1.0,canonical MLP,mlp_add97_f0.3_wd1.0_softmax_ce_s4,4,12100
49100,1.0,1.0,canonical MLP,mlp_add97_f0.3_wd1.0_softmax_ce_s4,4,12100
49200,1.0,1.0,canonical MLP,mlp_add97_f0.3_wd1.0_softmax_ce_s4,4,12100
49300,1.0,1.0,canonical MLP,mlp_add97_f0.3_wd1.0_softmax_ce_s4,4,12100
49400,1.0,1.0,canonical MLP,mlp_add97_f0.3_wd1.0_softmax_ce_s4,4,12100
49500,1.0,1.0,canonical MLP,mlp_add97_f0.3_wd1.0_softmax_ce_s4,4,12100
49600,1.0,1.0,canonical MLP,mlp_add97_f0.3_wd1.0_softmax_ce_s4,4,12100
49700,1.0,1.0,canonical MLP,mlp_add97_f0.3_wd1.0_softmax_ce_s4,4,12100
49800,1.0,1.0,canonical MLP,mlp_add97_f0.3_wd1.0_softmax_ce_s4,4,12100
49900,1.0,1.0,canonical MLP,mlp_add97_f0.3_wd1.0_softmax_ce_s4,4,12100
50000,1.0,1.0,canonical MLP,mlp_add97_f0.3_wd1.0_softmax_ce_s4,4,12100
50100,1.0,1.0,canonical MLP,mlp_add97_f0.3_wd1.0_softmax_ce_s4,4,12100
50200,1.0,1.0,canonical MLP,mlp_add97_f0.3_wd1.0_softmax_ce_s4,4,12100
50300,1.0,1.0,canonical MLP,mlp_add97_f0.3_wd1.0_softmax_ce_s4,4,12100
50400,1.0,1.0,canonical MLP,mlp_add97_f0.3_wd1.0_softmax_ce_s4,4,12100
50500,1.0,1.0,canonical MLP,mlp_add97_f0.3_wd1.0_softmax_ce_s4,4,12100
50600,1.0,1.0,canonical MLP,mlp_add97_f0.3_wd1.0_softmax_ce_s4,4,12100
50700,1.0,1.0,canonical MLP,mlp_add97_f0.3_wd1.0_softmax_ce_s4,4,12100
50800,1.0,1.0,canonical MLP,mlp_add97_f0.3_wd1.0_softmax_ce_s4,4,12100
50900,1.0,1.0,canonical MLP,mlp_add97_f0.3_wd1.0_softmax_ce_s4,4,12100
51000,1.0,1.0,canonical MLP,mlp_add97_f0.3_wd1.0_softmax_ce_s4,4,12100
51100,1.0,1.0,canonical MLP,mlp_add97_f0.3_wd1.0_softmax_ce_s4,4,12100
51200,1.0,1.0,canonical MLP,mlp_add97_f0.3_wd1.0_softmax_ce_s4,4,12100
51300,1.0,1.0,canonical MLP,mlp_add97_f0.3_wd1.0_softmax_ce_s4,4,12100
51400,1.0,1.0,canonical MLP,mlp_add97_f0.3_wd1.0_softmax_ce_s4,4,12100
51500,1.0,1.0,canonical MLP,mlp_add97_f0.3_wd1.0_softmax_ce_s4,4,12100
51600,1.0,1.0,canonical MLP,mlp_add97_f0.3_wd1.0_softmax_ce_s4,4,12100
51700,1.0,1.0,canonical MLP,mlp_add97_f0.3_wd1.0_softmax_ce_s4,4,12100
51800,1.0,1.0,canonical MLP,mlp_add97_f0.3_wd1.0_softmax_ce_s4,4,12100
51900,1.0,1.0,canonical MLP,mlp_add97_f0.3_wd1.0_softmax_ce_s4,4,12100
52000,1.0,1.0,canonical MLP,mlp_add97_f0.3_wd1.0_softmax_ce_s4,4,12100
52100,1.0,1.0,canonical MLP,mlp_add97_f0.3_wd1.0_softmax_ce_s4,4,12100
52200,1.0,1.0,canonical MLP,mlp_add97_f0.3_wd1.0_softmax_ce_s4,4,12100
52300,1.0,1.0,canonical MLP,mlp_add97_f0.3_wd1.0_softmax_ce_s4,4,12100
52400,1.0,1.0,canonical MLP,mlp_add97_f0.3_wd1.0_softmax_ce_s4,4,12100
52500,1.0,1.0,canonical MLP,mlp_add97_f0.3_wd1.0_softmax_ce_s4,4,12100
52600,1.0,1.0,canonical MLP,mlp_add97_f0.3_wd1.0_softmax_ce_s4,4,12100
52700,1.0,1.0,canonical MLP,mlp_add97_f0.3_wd1.0_softmax_ce_s4,4,12100
52800,1.0,1.0,canonical MLP,mlp_add97_f0.3_wd1.0_softmax_ce_s4,4,12100
52900,1.0,1.0,canonical MLP,mlp_add97_f0.3_wd1.0_softmax_ce_s4,4,12100
53000,1.0,1.0,canonical MLP,mlp_add97_f0.3_wd1.0_softmax_ce_s4,4,12100
53100,1.0,1.0,canonical MLP,mlp_add97_f0.3_wd1.0_softmax_ce_s4,4,12100
53200,1.0,1.0,canonical MLP,mlp_add97_f0.3_wd1.0_softmax_ce_s4,4,12100
53300,1.0,1.0,canonical MLP,mlp_add97_f0.3_wd1.0_softmax_ce_s4,4,12100
53400,1.0,1.0,canonical MLP,mlp_add97_f0.3_wd1.0_softmax_ce_s4,4,12100
53500,1.0,1.0,canonical MLP,mlp_add97_f0.3_wd1.0_softmax_ce_s4,4,12100
53600,1.0,1.0,canonical MLP,mlp_add97_f0.3_wd1.0_softmax_ce_s4,4,12100
53700,1.0,1.0,canonical MLP,mlp_add97_f0.3_wd1.0_softmax_ce_s4,4,12100
53800,1.0,1.0,canonical MLP,mlp_add97_f0.3_wd1.0_softmax_ce_s4,4,12100
53900,1.0,1.0,canonical MLP,mlp_add97_f0.3_wd1.0_softmax_ce_s4,4,12100
54000,1.0,1.0,canonical MLP,mlp_add97_f0.3_wd1.0_softmax_ce_s4,4,12100
54100,1.0,1.0,canonical MLP,mlp_add97_f0.3_wd1.0_softmax_ce_s4,4,12100
54200,1.0,1.0,canonical MLP,mlp_add97_f0.3_wd1.0_softmax_ce_s4,4,12100
54300,1.0,1.0,canonical MLP,mlp_add97_f0.3_wd1.0_softmax_ce_s4,4,12100
54400,1.0,1.0,canonical MLP,mlp_add97_f0.3_wd1.0_softmax_ce_s4,4,12100
54500,1.0,1.0,canonical MLP,mlp_add97_f0.3_wd1.0_softmax_ce_s4,4,12100
54600,1.0,1.0,canonical MLP,mlp_add97_f0.3_wd1.0_softmax_ce_s4,4,12100
54700,1.0,1.0,canonical MLP,mlp_add97_f0.3_wd1.0_softmax_ce_s4,4,12100
54800,1.0,1.0,canonical MLP,mlp_add97_f0.3_wd1.0_softmax_ce_s4,4,12100
54900,1.0,1.0,canonical MLP,mlp_add97_f0.3_wd1.0_softmax_ce_s4,4,12100
55000,1.0,1.0,canonical MLP,mlp_add97_f0.3_wd1.0_softmax_ce_s4,4,12100
55100,1.0,1.0,canonical MLP,mlp_add97_f0.3_wd1.0_softmax_ce_s4,4,12100
55200,1.0,1.0,canonical MLP,mlp_add97_f0.3_wd1.0_softmax_ce_s4,4,12100
55300,1.0,1.0,canonical MLP,mlp_add97_f0.3_wd1.0_softmax_ce_s4,4,12100
55400,1.0,1.0,canonical MLP,mlp_add97_f0.3_wd1.0_softmax_ce_s4,4,12100
55500,1.0,1.0,canonical MLP,mlp_add97_f0.3_wd1.0_softmax_ce_s4,4,12100
55600,1.0,1.0,canonical MLP,mlp_add97_f0.3_wd1.0_softmax_ce_s4,4,12100
55700,1.0,1.0,canonical MLP,mlp_add97_f0.3_wd1.0_softmax_ce_s4,4,12100
55800,1.0,1.0,canonical MLP,mlp_add97_f0.3_wd1.0_softmax_ce_s4,4,12100
55900,1.0,1.0,canonical MLP,mlp_add97_f0.3_wd1.0_softmax_ce_s4,4,12100
56000,1.0,1.0,canonical MLP,mlp_add97_f0.3_wd1.0_softmax_ce_s4,4,12100
56100,1.0,1.0,canonical MLP,mlp_add97_f0.3_wd1.0_softmax_ce_s4,4,12100
56200,1.0,1.0,canonical MLP,mlp_add97_f0.3_wd1.0_softmax_ce_s4,4,12100
56300,1.0,1.0,canonical MLP,mlp_add97_f0.3_wd1.0_softmax_ce_s4,4,12100
56400,1.0,1.0,canonical MLP,mlp_add97_f0.3_wd1.0_softmax_ce_s4,4,12100
56500,1.0,1.0,canonical MLP,mlp_add97_f0.3_wd1.0_softmax_ce_s4,4,12100
56600,1.0,1.0,canonical MLP,mlp_add97_f0.3_wd1.0_softmax_ce_s4,4,12100
56700,1.0,1.0,canonical MLP,mlp_add97_f0.3_wd1.0_softmax_ce_s4,4,12100
56800,1.0,1.0,canonical MLP,mlp_add97_f0.3_wd1.0_softmax_ce_s4,4,12100
56900,1.0,1.0,canonical MLP,mlp_add97_f0.3_wd1.0_softmax_ce_s4,4,12100
57000,1.0,1.0,canonical MLP,mlp_add97_f0.3_wd1.0_softmax_ce_s4,4,12100
57100,1.0,1.0,canonical MLP,mlp_add97_f0.3_wd1.0_softmax_ce_s4,4,12100
57200,1.0,1.0,canonical MLP,mlp_add97_f0.3_wd1.0_softmax_ce_s4,4,12100
57300,1.0,1.0,canonical MLP,mlp_add97_f0.3_wd1.0_softmax_ce_s4,4,12100
57400,1.0,1.0,canonical MLP,mlp_add97_f0.3_wd1.0_softmax_ce_s4,4,12100
57500,1.0,1.0,canonical MLP,mlp_add97_f0.3_wd1.0_softmax_ce_s4,4,12100
57600,1.0,1.0,canonical MLP,mlp_add97_f0.3_wd1.0_softmax_ce_s4,4,12100
57700,1.0,1.0,canonical MLP,mlp_add97_f0.3_wd1.0_softmax_ce_s4,4,12100
57800,1.0,1.0,canonical MLP,mlp_add97_f0.3_wd1.0_softmax_ce_s4,4,12100
57900,1.0,1.0,canonical MLP,mlp_add97_f0.3_wd1.0_softmax_ce_s4,4,12100
58000,1.0,1.0,canonical MLP,mlp_add97_f0.3_wd1.0_softmax_ce_s4,4,12100
58100,1.0,1.0,canonical MLP,mlp_add97_f0.3_wd1.0_softmax_ce_s4,4,12100
58200,1.0,1.0,canonical MLP,mlp_add97_f0.3_wd1.0_softmax_ce_s4,4,12100
58300,1.0,1.0,canonical MLP,mlp_add97_f0.3_wd1.0_softmax_ce_s4,4,12100
58400,1.0,1.0,canonical MLP,mlp_add97_f0.3_wd1.0_softmax_ce_s4,4,12100
58500,1.0,1.0,canonical MLP,mlp_add97_f0.3_wd1.0_softmax_ce_s4,4,12100
58600,1.0,1.0,canonical MLP,mlp_add97_f0.3_wd1.0_softmax_ce_s4,4,12100
58700,1.0,1.0,canonical MLP,mlp_add97_f0.3_wd1.0_softmax_ce_s4,4,12100
58800,1.0,1.0,canonical MLP,mlp_add97_f0.3_wd1.0_softmax_ce_s4,4,12100
58900,1.0,1.0,canonical MLP,mlp_add97_f0.3_wd1.0_softmax_ce_s4,4,12100
59000,1.0,1.0,canonical MLP,mlp_add97_f0.3_wd1.0_softmax_ce_s4,4,12100
59100,1.0,1.0,canonical MLP,mlp_add97_f0.3_wd1.0_softmax_ce_s4,4,12100
59200,1.0,1.0,canonical MLP,mlp_add97_f0.3_wd1.0_softmax_ce_s4,4,12100
59300,1.0,1.0,canonical MLP,mlp_add97_f0.3_wd1.0_softmax_ce_s4,4,12100
59400,1.0,1.0,canonical MLP,mlp_add97_f0.3_wd1.0_softmax_ce_s4,4,12100
59500,1.0,1.0,canonical MLP,mlp_add97_f0.3_wd1.0_softmax_ce_s4,4,12100
59600,1.0,1.0,canonical MLP,mlp_add97_f0.3_wd1.0_softmax_ce_s4,4,12100
59700,1.0,1.0,canonical MLP,mlp_add97_f0.3_wd1.0_softmax_ce_s4,4,12100
59800,1.0,1.0,canonical MLP,mlp_add97_f0.3_wd1.0_softmax_ce_s4,4,12100
59900,1.0,1.0,canonical MLP,mlp_add97_f0.3_wd1.0_softmax_ce_s4,4,12100
60000,1.0,1.0,canonical MLP,mlp_add97_f0.3_wd1.0_softmax_ce_s4,4,12100
0,0.00991852581501007,0.00971758272498846,permuted labels,transformer_add97_permuted_s0,0,
100,0.8186326622962952,0.008654722012579441,permuted labels,transformer_add97_permuted_s0,0,
200,1.0,0.0077436985448002815,permuted labels,transformer_add97_permuted_s0,0,
300,1.0,0.01017309445887804,permuted labels,transformer_add97_permuted_s0,0,
400,1.0,0.0077436985448002815,permuted labels,transformer_add97_permuted_s0,0,
500,1.0,0.008502884767949581,permuted labels,transformer_add97_permuted_s0,0,
600,1.0,0.00911023374646902,permuted labels,transformer_add97_permuted_s0,0,
700,1.0,0.01002125721424818,permuted labels,transformer_add97_permuted_s0,0,
800,1.0,0.00941390823572874,permuted labels,transformer_add97_permuted_s0,0,
900,0.9989373087882996,0.00986941996961832,permuted labels,transformer_add97_permuted_s0,0,
1000,1.0,0.01078044343739748,permuted labels,transformer_add97_permuted_s0,0,
1100,0.722281277179718,0.0095657454803586,permuted labels,transformer_add97_permuted_s0,0,
1200,1.0,0.008958396501839161,permuted labels,transformer_add97_permuted_s0,0,
1300,0.6075097322463989,0.01078044343739748,permuted labels,transformer_add97_permuted_s0,0,
1400,1.0,0.008351047523319721,permuted labels,transformer_add97_permuted_s0,0,
1500,0.2217499017715454,0.008806559257209301,permuted labels,transformer_add97_permuted_s0,0,
1600,1.0,0.008806559257209301,permuted labels,transformer_add97_permuted_s0,0,
1700,1.0,0.008199210278689861,permuted labels,transformer_add97_permuted_s0,0,
1800,1.0,0.00941390823572874,permuted labels,transformer_add97_permuted_s0,0,
1900,1.0,0.008958396501839161,permuted labels,transformer_add97_permuted_s0,0,
2000,1.0,0.0095657454803586,permuted labels,transformer_add97_permuted_s0,0,
2100,0.5890896320343018,0.008351047523319721,permuted labels,transformer_add97_permuted_s0,0,
2200,1.0,0.008806559257209301,permuted labels,transformer_add97_permuted_s0,0,
2300,1.0,0.008502884767949581,permuted labels,transformer_add97_permuted_s0,0,
2400,1.0,0.0077436985448002815,permuted labels,transformer_add97_permuted_s0,0,
2500,1.0,0.00926207099109888,permuted labels,transformer_add97_permuted_s0,0,
2600,1.0,0.0095657454803586,permuted labels,transformer_add97_permuted_s0,0,
2700,1.0,0.00911023374646902,permuted labels,transformer_add97_permuted_s0,0,
2800,1.0,0.0077436985448002815,permuted labels,transformer_add97_permuted_s0,0,
2900,1.0,0.008199210278689861,permuted labels,transformer_add97_permuted_s0,0,
3000,1.0,0.008047373034060001,permuted labels,transformer_add97_permuted_s0,0,
3100,1.0,0.008806559257209301,permuted labels,transformer_add97_permuted_s0,0,
3200,1.0,0.008958396501839161,permuted labels,transformer_add97_permuted_s0,0,
3300,1.0,0.00911023374646902,permuted labels,transformer_add97_permuted_s0,0,
3400,1.0,0.00986941996961832,permuted labels,transformer_add97_permuted_s0,0,
3500,1.0,0.00971758272498846,permuted labels,transformer_add97_permuted_s0,0,
3600,1.0,0.01078044343739748,permuted labels,transformer_add97_permuted_s0,0,
3700,1.0,0.00971758272498846,permuted labels,transformer_add97_permuted_s0,0,
3800,1.0,0.008502884767949581,permuted labels,transformer_add97_permuted_s0,0,
3900,1.0,0.008351047523319721,permuted labels,transformer_add97_permuted_s0,0,
4000,1.0,0.008351047523319721,permuted labels,transformer_add97_permuted_s0,0,
4100,1.0,0.008958396501839161,permuted labels,transformer_add97_permuted_s0,0,
4200,1.0,0.0095657454803586,permuted labels,transformer_add97_permuted_s0,0,
4300,1.0,0.01017309445887804,permuted labels,transformer_add97_permuted_s0,0,
4400,1.0,0.00971758272498846,permuted labels,transformer_add97_permuted_s0,0,
4500,1.0,0.01078044343739748,permuted labels,transformer_add97_permuted_s0,0,
4600,1.0,0.01002125721424818,permuted labels,transformer_add97_permuted_s0,0,
4700,1.0,0.0095657454803586,permuted labels,transformer_add97_permuted_s0,0,
4800,1.0,0.0103249317035079,permuted labels,transformer_add97_permuted_s0,0,
4900,1.0,0.0103249317035079,permuted labels,transformer_add97_permuted_s0,0,
5000,1.0,0.00911023374646902,permuted labels,transformer_add97_permuted_s0,0,
5100,1.0,0.008958396501839161,permuted labels,transformer_add97_permuted_s0,0,
5200,1.0,0.00911023374646902,permuted labels,transformer_add97_permuted_s0,0,
5300,1.0,0.008502884767949581,permuted labels,transformer_add97_permuted_s0,0,
5400,1.0,0.008958396501839161,permuted labels,transformer_add97_permuted_s0,0,
5500,0.9996457695960999,0.008806559257209301,permuted labels,transformer_add97_permuted_s0,0,
5600,1.0,0.00911023374646902,permuted labels,transformer_add97_permuted_s0,0,
5700,1.0,0.008654722012579441,permuted labels,transformer_add97_permuted_s0,0,
5800,1.0,0.008351047523319721,permuted labels,transformer_add97_permuted_s0,0,
5900,1.0,0.008502884767949581,permuted labels,transformer_add97_permuted_s0,0,
6000,1.0,0.008806559257209301,permuted labels,transformer_add97_permuted_s0,0,
6100,1.0,0.008958396501839161,permuted labels,transformer_add97_permuted_s0,0,
6200,1.0,0.008958396501839161,permuted labels,transformer_add97_permuted_s0,0,
6300,1.0,0.008654722012579441,permuted labels,transformer_add97_permuted_s0,0,
6400,1.0,0.008958396501839161,permuted labels,transformer_add97_permuted_s0,0,
6500,1.0,0.008502884767949581,permuted labels,transformer_add97_permuted_s0,0,
6600,1.0,0.008047373034060001,permuted labels,transformer_add97_permuted_s0,0,
6700,1.0,0.00911023374646902,permuted labels,transformer_add97_permuted_s0,0,
6800,1.0,0.008806559257209301,permuted labels,transformer_add97_permuted_s0,0,
6900,1.0,0.01017309445887804,permuted labels,transformer_add97_permuted_s0,0,
7000,1.0,0.00941390823572874,permuted labels,transformer_add97_permuted_s0,0,
7100,1.0,0.008654722012579441,permuted labels,transformer_add97_permuted_s0,0,
7200,1.0,0.00926207099109888,permuted labels,transformer_add97_permuted_s0,0,
7300,1.0,0.00986941996961832,permuted labels,transformer_add97_permuted_s0,0,
7400,1.0,0.00971758272498846,permuted labels,transformer_add97_permuted_s0,0,
7500,1.0,0.01017309445887804,permuted labels,transformer_add97_permuted_s0,0,
7600,1.0,0.007591861300170422,permuted labels,transformer_add97_permuted_s0,0,
7700,1.0,0.008654722012579441,permuted labels,transformer_add97_permuted_s0,0,
7800,1.0,0.00911023374646902,permuted labels,transformer_add97_permuted_s0,0,
7900,1.0,0.008654722012579441,permuted labels,transformer_add97_permuted_s0,0,
8000,1.0,0.008351047523319721,permuted labels,transformer_add97_permuted_s0,0,
8100,1.0,0.00911023374646902,permuted labels,transformer_add97_permuted_s0,0,
8200,1.0,0.008806559257209301,permuted labels,transformer_add97_permuted_s0,0,
8300,1.0,0.00971758272498846,permuted labels,transformer_add97_permuted_s0,0,
8400,1.0,0.00941390823572874,permuted labels,transformer_add97_permuted_s0,0,
8500,1.0,0.00941390823572874,permuted labels,transformer_add97_permuted_s0,0,
8600,1.0,0.00941390823572874,permuted labels,transformer_add97_permuted_s0,0,
8700,1.0,0.008654722012579441,permuted labels,transformer_add97_permuted_s0,0,
8800,1.0,0.008806559257209301,permuted labels,transformer_add97_permuted_s0,0,
8900,1.0,0.008806559257209301,permuted labels,transformer_add97_permuted_s0,0,
9000,1.0,0.01002125721424818,permuted labels,transformer_add97_permuted_s0,0,
9100,1.0,0.008199210278689861,permuted labels,transformer_add97_permuted_s0,0,
9200,1.0,0.008199210278689861,permuted labels,transformer_add97_permuted_s0,0,
9300,1.0,0.008806559257209301,permuted labels,transformer_add97_permuted_s0,0,
9400,1.0,0.008654722012579441,permuted labels,transformer_add97_permuted_s0,0,
9500,1.0,0.007895535789430141,permuted labels,transformer_add97_permuted_s0,0,
9600,1.0,0.007288186810910702,permuted labels,transformer_add97_permuted_s0,0,
9700,1.0,0.007440024055540562,permuted labels,transformer_add97_permuted_s0,0,
9800,1.0,0.007288186810910702,permuted labels,transformer_add97_permuted_s0,0,
9900,1.0,0.006832675542682409,permuted labels,transformer_add97_permuted_s0,0,
10000,1.0,0.00926207099109888,permuted labels,transformer_add97_permuted_s0,0,
10100,1.0,0.008351047523319721,permuted labels,transformer_add97_permuted_s0,0,
10200,0.017357420176267624,0.0110841179266572,permuted labels,transformer_add97_permuted_s0,0,
10300,1.0,0.008502884767949581,permuted labels,transformer_add97_permuted_s0,0,
10400,1.0,0.008654722012579441,permuted labels,transformer_add97_permuted_s0,0,
10500,1.0,0.008806559257209301,permuted labels,transformer_add97_permuted_s0,0,
10600,1.0,0.00986941996961832,permuted labels,transformer_add97_permuted_s0,0,
10700,1.0,0.008958396501839161,permuted labels,transformer_add97_permuted_s0,0,
10800,1.0,0.00941390823572874,permuted labels,transformer_add97_permuted_s0,0,
10900,1.0,0.008199210278689861,permuted labels,transformer_add97_permuted_s0,0,
11000,1.0,0.008958396501839161,permuted labels,transformer_add97_permuted_s0,0,
11100,1.0,0.00941390823572874,permuted labels,transformer_add97_permuted_s0,0,
11200,1.0,0.00926207099109888,permuted labels,transformer_add97_permuted_s0,0,
11300,1.0,0.00986941996961832,permuted labels,transformer_add97_permuted_s0,0,
11400,1.0,0.00971758272498846,permuted labels,transformer_add97_permuted_s0,0,
11500,1.0,0.00986941996961832,permuted labels,transformer_add97_permuted_s0,0,
11600,0.992206871509552,0.008958396501839161,permuted labels,transformer_add97_permuted_s0,0,
11700,1.0,0.008502884767949581,permuted labels,transformer_add97_permuted_s0,0,
11800,1.0,0.0077436985448002815,permuted labels,transformer_add97_permuted_s0,0,
11900,1.0,0.007895535789430141,permuted labels,transformer_add97_permuted_s0,0,
12000,1.0,0.008806559257209301,permuted labels,transformer_add97_permuted_s0,0,
12100,1.0,0.008654722012579441,permuted labels,transformer_add97_permuted_s0,0,
12200,1.0,0.008351047523319721,permuted labels,transformer_add97_permuted_s0,0,
12300,1.0,0.008047373034060001,permuted labels,transformer_add97_permuted_s0,0,
12400,1.0,0.008806559257209301,permuted labels,transformer_add97_permuted_s0,0,
12500,1.0,0.00941390823572874,permuted labels,transformer_add97_permuted_s0,0,
12600,1.0,0.00926207099109888,permuted labels,transformer_add97_permuted_s0,0,
12700,1.0,0.0095657454803586,permuted labels,transformer_add97_permuted_s0,0,
12800,1.0,0.008806559257209301,permuted labels,transformer_add97_permuted_s0,0,
12900,1.0,0.008958396501839161,permuted labels,transformer_add97_permuted_s0,0,
13000,1.0,0.008654722012579441,permuted labels,transformer_add97_permuted_s0,0,
13100,1.0,0.008502884767949581,permuted labels,transformer_add97_permuted_s0,0,
13200,1.0,0.008502884767949581,permuted labels,transformer_add97_permuted_s0,0,
13300,1.0,0.008199210278689861,permuted labels,transformer_add97_permuted_s0,0,
13400,1.0,0.008199210278689861,permuted labels,transformer_add97_permuted_s0,0,
13500,1.0,0.008351047523319721,permuted labels,transformer_add97_permuted_s0,0,
13600,1.0,0.0077436985448002815,permuted labels,transformer_add97_permuted_s0,0,
13700,1.0,0.008199210278689861,permuted labels,transformer_add97_permuted_s0,0,
13800,0.9975203275680542,0.01062860619276762,permuted labels,transformer_add97_permuted_s0,0,
13900,1.0,0.00941390823572874,permuted labels,transformer_add97_permuted_s0,0,
14000,1.0,0.008806559257209301,permuted labels,transformer_add97_permuted_s0,0,
14100,1.0,0.00971758272498846,permuted labels,transformer_add97_permuted_s0,0,
14200,1.0,0.0095657454803586,permuted labels,transformer_add97_permuted_s0,0,
14300,1.0,0.008502884767949581,permuted labels,transformer_add97_permuted_s0,0,
14400,1.0,0.008047373034060001,permuted labels,transformer_add97_permuted_s0,0,
14500,1.0,0.008047373034060001,permuted labels,transformer_add97_permuted_s0,0,
14600,1.0,0.007895535789430141,permuted labels,transformer_add97_permuted_s0,0,
14700,1.0,0.0077436985448002815,permuted labels,transformer_add97_permuted_s0,0,
14800,1.0,0.008047373034060001,permuted labels,transformer_add97_permuted_s0,0,
14900,1.0,0.008199210278689861,permuted labels,transformer_add97_permuted_s0,0,
15000,1.0,0.008502884767949581,permuted labels,transformer_add97_permuted_s0,0,
15100,1.0,0.0095657454803586,permuted labels,transformer_add97_permuted_s0,0,
15200,1.0,0.0103249317035079,permuted labels,transformer_add97_permuted_s0,0,
15300,1.0,0.00941390823572874,permuted labels,transformer_add97_permuted_s0,0,
15400,1.0,0.008958396501839161,permuted labels,transformer_add97_permuted_s0,0,
15500,1.0,0.008958396501839161,permuted labels,transformer_add97_permuted_s0,0,
15600,1.0,0.008958396501839161,permuted labels,transformer_add97_permuted_s0,0,
15700,1.0,0.008502884767949581,permuted labels,transformer_add97_permuted_s0,0,
15800,1.0,0.007895535789430141,permuted labels,transformer_add97_permuted_s0,0,
15900,1.0,0.007895535789430141,permuted labels,transformer_add97_permuted_s0,0,
16000,1.0,0.008654722012579441,permuted labels,transformer_add97_permuted_s0,0,
16100,1.0,0.01062860619276762,permuted labels,transformer_add97_permuted_s0,0,
16200,1.0,0.00941390823572874,permuted labels,transformer_add97_permuted_s0,0,
16300,1.0,0.01017309445887804,permuted labels,transformer_add97_permuted_s0,0,
16400,1.0,0.00941390823572874,permuted labels,transformer_add97_permuted_s0,0,
16500,1.0,0.008806559257209301,permuted labels,transformer_add97_permuted_s0,0,
16600,1.0,0.01062860619276762,permuted labels,transformer_add97_permuted_s0,0,
16700,1.0,0.01047676894813776,permuted labels,transformer_add97_permuted_s0,0,
16800,1.0,0.0103249317035079,permuted labels,transformer_add97_permuted_s0,0,
16900,1.0,0.01017309445887804,permuted labels,transformer_add97_permuted_s0,0,
17000,1.0,0.0095657454803586,permuted labels,transformer_add97_permuted_s0,0,
17100,1.0,0.008654722012579441,permuted labels,transformer_add97_permuted_s0,0,
17200,1.0,0.00911023374646902,permuted labels,transformer_add97_permuted_s0,0,
17300,1.0,0.0103249317035079,permuted labels,transformer_add97_permuted_s0,0,
17400,1.0,0.01093228068202734,permuted labels,transformer_add97_permuted_s0,0,
17500,1.0,0.01078044343739748,permuted labels,transformer_add97_permuted_s0,0,
17600,1.0,0.01002125721424818,permuted labels,transformer_add97_permuted_s0,0,
17700,1.0,0.01002125721424818,permuted labels,transformer_add97_permuted_s0,0,
17800,1.0,0.00971758272498846,permuted labels,transformer_add97_permuted_s0,0,
17900,1.0,0.00971758272498846,permuted labels,transformer_add97_permuted_s0,0,
18000,1.0,0.00941390823572874,permuted labels,transformer_add97_permuted_s0,0,
18100,1.0,0.0095657454803586,permuted labels,transformer_add97_permuted_s0,0,
18200,1.0,0.00971758272498846,permuted labels,transformer_add97_permuted_s0,0,
18300,1.0,0.00986941996961832,permuted labels,transformer_add97_permuted_s0,0,
18400,1.0,0.00926207099109888,permuted labels,transformer_add97_permuted_s0,0,
18500,1.0,0.00926207099109888,permuted labels,transformer_add97_permuted_s0,0,
18600,1.0,0.01062860619276762,permuted labels,transformer_add97_permuted_s0,0,
18700,1.0,0.01047676894813776,permuted labels,transformer_add97_permuted_s0,0,
18800,1.0,0.01138779241591692,permuted labels,transformer_add97_permuted_s0,0,
18900,1.0,0.00986941996961832,permuted labels,transformer_add97_permuted_s0,0,
19000,1.0,0.00941390823572874,permuted labels,transformer_add97_permuted_s0,0,
19100,1.0,0.00911023374646902,permuted labels,transformer_add97_permuted_s0,0,
19200,1.0,0.00941390823572874,permuted labels,transformer_add97_permuted_s0,0,
19300,1.0,0.00941390823572874,permuted labels,transformer_add97_permuted_s0,0,
19400,1.0,0.00941390823572874,permuted labels,transformer_add97_permuted_s0,0,
19500,0.9326956868171692,0.01002125721424818,permuted labels,transformer_add97_permuted_s0,0,
19600,1.0,0.008654722012579441,permuted labels,transformer_add97_permuted_s0,0,
19700,1.0,0.007895535789430141,permuted labels,transformer_add97_permuted_s0,0,
19800,1.0,0.008958396501839161,permuted labels,transformer_add97_permuted_s0,0,
19900,1.0,0.00926207099109888,permuted labels,transformer_add97_permuted_s0,0,
20000,1.0,0.0103249317035079,permuted labels,transformer_add97_permuted_s0,0,
20100,1.0,0.01002125721424818,permuted labels,transformer_add97_permuted_s0,0,
20200,1.0,0.01002125721424818,permuted labels,transformer_add97_permuted_s0,0,
20300,1.0,0.01017309445887804,permuted labels,transformer_add97_permuted_s0,0,
20400,1.0,0.0095657454803586,permuted labels,transformer_add97_permuted_s0,0,
20500,1.0,0.00986941996961832,permuted labels,transformer_add97_permuted_s0,0,
20600,1.0,0.0103249317035079,permuted labels,transformer_add97_permuted_s0,0,
20700,1.0,0.00911023374646902,permuted labels,transformer_add97_permuted_s0,0,
20800,1.0,0.008199210278689861,permuted labels,transformer_add97_permuted_s0,0,
20900,1.0,0.008654722012579441,permuted labels,transformer_add97_permuted_s0,0,
21000,1.0,0.008502884767949581,permuted labels,transformer_add97_permuted_s0,0,
21100,1.0,0.01002125721424818,permuted labels,transformer_add97_permuted_s0,0,
21200,1.0,0.01093228068202734,permuted labels,transformer_add97_permuted_s0,0,
21300,1.0,0.0103249317035079,permuted labels,transformer_add97_permuted_s0,0,
21400,1.0,0.00986941996961832,permuted labels,transformer_add97_permuted_s0,0,
21500,1.0,0.01047676894813776,permuted labels,transformer_add97_permuted_s0,0,
21600,1.0,0.00986941996961832,permuted labels,transformer_add97_permuted_s0,0,
21700,1.0,0.01017309445887804,permuted labels,transformer_add97_permuted_s0,0,
21800,1.0,0.01017309445887804,permuted labels,transformer_add97_permuted_s0,0,
21900,1.0,0.01078044343739748,permuted labels,transformer_add97_permuted_s0,0,
22000,1.0,0.01047676894813776,permuted labels,transformer_add97_permuted_s0,0,
22100,1.0,0.01047676894813776,permuted labels,transformer_add97_permuted_s0,0,
22200,1.0,0.008958396501839161,permuted labels,transformer_add97_permuted_s0,0,
22300,1.0,0.008806559257209301,permuted labels,transformer_add97_permuted_s0,0,
22400,1.0,0.00926207099109888,permuted labels,transformer_add97_permuted_s0,0,
22500,1.0,0.00971758272498846,permuted labels,transformer_add97_permuted_s0,0,
22600,1.0,0.008502884767949581,permuted labels,transformer_add97_permuted_s0,0,
22700,1.0,0.008654722012579441,permuted labels,transformer_add97_permuted_s0,0,
22800,1.0,0.00926207099109888,permuted labels,transformer_add97_permuted_s0,0,
22900,1.0,0.01002125721424818,permuted labels,transformer_add97_permuted_s0,0,
23000,1.0,0.00986941996961832,permuted labels,transformer_add97_permuted_s0,0,
23100,1.0,0.00971758272498846,permuted labels,transformer_add97_permuted_s0,0,
23200,1.0,0.01078044343739748,permuted labels,transformer_add97_permuted_s0,0,
23300,0.7718738913536072,0.00926207099109888,permuted labels,transformer_add97_permuted_s0,0,
23400,1.0,0.008654722012579441,permuted labels,transformer_add97_permuted_s0,0,
23500,1.0,0.00941390823572874,permuted labels,transformer_add97_permuted_s0,0,
23600,1.0,0.008199210278689861,permuted labels,transformer_add97_permuted_s0,0,
23700,1.0,0.00911023374646902,permuted labels,transformer_add97_permuted_s0,0,
23800,1.0,0.0103249317035079,permuted labels,transformer_add97_permuted_s0,0,
23900,1.0,0.00986941996961832,permuted labels,transformer_add97_permuted_s0,0,
24000,1.0,0.00941390823572874,permuted labels,transformer_add97_permuted_s0,0,
24100,1.0,0.00971758272498846,permuted labels,transformer_add97_permuted_s0,0,
24200,1.0,0.01002125721424818,permuted labels,transformer_add97_permuted_s0,0,
24300,1.0,0.0095657454803586,permuted labels,transformer_add97_permuted_s0,0,
24400,1.0,0.008806559257209301,permuted labels,transformer_add97_permuted_s0,0,
24500,1.0,0.0110841179266572,permuted labels,transformer_add97_permuted_s0,0,
24600,1.0,0.01017309445887804,permuted labels,transformer_add97_permuted_s0,0,
24700,1.0,0.01017309445887804,permuted labels,transformer_add97_permuted_s0,0,
24800,1.0,0.01047676894813776,permuted labels,transformer_add97_permuted_s0,0,
24900,1.0,0.01078044343739748,permuted labels,transformer_add97_permuted_s0,0,
25000,1.0,0.0110841179266572,permuted labels,transformer_add97_permuted_s0,0,
25100,1.0,0.0103249317035079,permuted labels,transformer_add97_permuted_s0,0,
25200,1.0,0.01047676894813776,permuted labels,transformer_add97_permuted_s0,0,
25300,1.0,0.01062860619276762,permuted labels,transformer_add97_permuted_s0,0,
25400,1.0,0.01078044343739748,permuted labels,transformer_add97_permuted_s0,0,
25500,1.0,0.01017309445887804,permuted labels,transformer_add97_permuted_s0,0,
25600,1.0,0.01138779241591692,permuted labels,transformer_add97_permuted_s0,0,
25700,1.0,0.01153962966054678,permuted labels,transformer_add97_permuted_s0,0,
25800,1.0,0.01017309445887804,permuted labels,transformer_add97_permuted_s0,0,
25900,1.0,0.01169146690517664,permuted labels,transformer_add97_permuted_s0,0,
26000,1.0,0.01123595517128706,permuted labels,transformer_add97_permuted_s0,0,
26100,1.0,0.01153962966054678,permuted labels,transformer_add97_permuted_s0,0,
26200,1.0,0.01153962966054678,permuted labels,transformer_add97_permuted_s0,0,
26300,1.0,0.01169146690517664,permuted labels,transformer_add97_permuted_s0,0,
26400,1.0,0.01214697863906622,permuted labels,transformer_add97_permuted_s0,0,
26500,1.0,0.01093228068202734,permuted labels,transformer_add97_permuted_s0,0,
26600,1.0,0.01078044343739748,permuted labels,transformer_add97_permuted_s0,0,
26700,1.0,0.01002125721424818,permuted labels,transformer_add97_permuted_s0,0,
26800,1.0,0.00926207099109888,permuted labels,transformer_add97_permuted_s0,0,
26900,1.0,0.01078044343739748,permuted labels,transformer_add97_permuted_s0,0,
27000,1.0,0.0103249317035079,permuted labels,transformer_add97_permuted_s0,0,
27100,1.0,0.01062860619276762,permuted labels,transformer_add97_permuted_s0,0,
27200,1.0,0.01078044343739748,permuted labels,transformer_add97_permuted_s0,0,
27300,1.0,0.01062860619276762,permuted labels,transformer_add97_permuted_s0,0,
27400,1.0,0.01062860619276762,permuted labels,transformer_add97_permuted_s0,0,
27500,1.0,0.0110841179266572,permuted labels,transformer_add97_permuted_s0,0,
27600,1.0,0.0110841179266572,permuted labels,transformer_add97_permuted_s0,0,
27700,0.810485303401947,0.0103249317035079,permuted labels,transformer_add97_permuted_s0,0,
27800,1.0,0.00971758272498846,permuted labels,transformer_add97_permuted_s0,0,
27900,1.0,0.00971758272498846,permuted labels,transformer_add97_permuted_s0,0,
28000,1.0,0.00941390823572874,permuted labels,transformer_add97_permuted_s0,0,
28100,1.0,0.00971758272498846,permuted labels,transformer_add97_permuted_s0,0,
28200,1.0,0.0103249317035079,permuted labels,transformer_add97_permuted_s0,0,
28300,1.0,0.01093228068202734,permuted labels,transformer_add97_permuted_s0,0,
28400,1.0,0.01138779241591692,permuted labels,transformer_add97_permuted_s0,0,
28500,1.0,0.01093228068202734,permuted labels,transformer_add97_permuted_s0,0,
28600,1.0,0.01078044343739748,permuted labels,transformer_add97_permuted_s0,0,
28700,1.0,0.01078044343739748,permuted labels,transformer_add97_permuted_s0,0,
28800,1.0,0.0110841179266572,permuted labels,transformer_add97_permuted_s0,0,
28900,1.0,0.00941390823572874,permuted labels,transformer_add97_permuted_s0,0,
29000,1.0,0.008806559257209301,permuted labels,transformer_add97_permuted_s0,0,
29100,1.0,0.0110841179266572,permuted labels,transformer_add97_permuted_s0,0,
29200,1.0,0.01078044343739748,permuted labels,transformer_add97_permuted_s0,0,
29300,1.0,0.01062860619276762,permuted labels,transformer_add97_permuted_s0,0,
29400,1.0,0.01078044343739748,permuted labels,transformer_add97_permuted_s0,0,
29500,1.0,0.0103249317035079,permuted labels,transformer_add97_permuted_s0,0,
29600,1.0,0.01093228068202734,permuted labels,transformer_add97_permuted_s0,0,
29700,1.0,0.01062860619276762,permuted labels,transformer_add97_permuted_s0,0,
29800,1.0,0.00941390823572874,permuted labels,transformer_add97_permuted_s0,0,
29900,1.0,0.01017309445887804,permuted labels,transformer_add97_permuted_s0,0,
30000,1.0,0.01047676894813776,permuted labels,transformer_add97_permuted_s0,0,
30100,1.0,0.01078044343739748,permuted labels,transformer_add97_permuted_s0,0,
30200,1.0,0.0110841179266572,permuted labels,transformer_add97_permuted_s0,0,
30300,1.0,0.0110841179266572,permuted labels,transformer_add97_permuted_s0,0,
30400,1.0,0.01047676894813776,permuted labels,transformer_add97_permuted_s0,0,
30500,1.0,0.01062860619276762,permuted labels,transformer_add97_permuted_s0,0,
30600,1.0,0.0103249317035079,permuted labels,transformer_add97_permuted_s0,0,
30700,1.0,0.0103249317035079,permuted labels,transformer_add97_permuted_s0,0,
30800,1.0,0.01002125721424818,permuted labels,transformer_add97_permuted_s0,0,
30900,1.0,0.008958396501839161,permuted labels,transformer_add97_permuted_s0,0,
31000,1.0,0.008806559257209301,permuted labels,transformer_add97_permuted_s0,0,
31100,1.0,0.008958396501839161,permuted labels,transformer_add97_permuted_s0,0,
31200,1.0,0.01017309445887804,permuted labels,transformer_add97_permuted_s0,0,
31300,1.0,0.01062860619276762,permuted labels,transformer_add97_permuted_s0,0,
31400,1.0,0.01078044343739748,permuted labels,transformer_add97_permuted_s0,0,
31500,1.0,0.01002125721424818,permuted labels,transformer_add97_permuted_s0,0,
31600,1.0,0.00926207099109888,permuted labels,transformer_add97_permuted_s0,0,
31700,1.0,0.008502884767949581,permuted labels,transformer_add97_permuted_s0,0,
31800,1.0,0.00926207099109888,permuted labels,transformer_add97_permuted_s0,0,
31900,1.0,0.00971758272498846,permuted labels,transformer_add97_permuted_s0,0,
32000,1.0,0.00941390823572874,permuted labels,transformer_add97_permuted_s0,0,
32100,1.0,0.00986941996961832,permuted labels,transformer_add97_permuted_s0,0,
32200,1.0,0.0103249317035079,permuted labels,transformer_add97_permuted_s0,0,
32300,1.0,0.01078044343739748,permuted labels,transformer_add97_permuted_s0,0,
32400,1.0,0.00971758272498846,permuted labels,transformer_add97_permuted_s0,0,
32500,1.0,0.00986941996961832,permuted labels,transformer_add97_permuted_s0,0,
32600,1.0,0.00926207099109888,permuted labels,transformer_add97_permuted_s0,0,
32700,1.0,0.01002125721424818,permuted labels,transformer_add97_permuted_s0,0,
32800,1.0,0.00911023374646902,permuted labels,transformer_add97_permuted_s0,0,
32900,1.0,0.0095657454803586,permuted labels,transformer_add97_permuted_s0,0,
33000,1.0,0.00911023374646902,permuted labels,transformer_add97_permuted_s0,0,
33100,1.0,0.0095657454803586,permuted labels,transformer_add97_permuted_s0,0,
33200,1.0,0.01002125721424818,permuted labels,transformer_add97_permuted_s0,0,
33300,1.0,0.00971758272498846,permuted labels,transformer_add97_permuted_s0,0,
33400,0.9996457695960999,0.00926207099109888,permuted labels,transformer_add97_permuted_s0,0,
33500,1.0,0.0095657454803586,permuted labels,transformer_add97_permuted_s0,0,
33600,1.0,0.0095657454803586,permuted labels,transformer_add97_permuted_s0,0,
33700,1.0,0.0095657454803586,permuted labels,transformer_add97_permuted_s0,0,
33800,1.0,0.01078044343739748,permuted labels,transformer_add97_permuted_s0,0,
33900,1.0,0.01002125721424818,permuted labels,transformer_add97_permuted_s0,0,
34000,1.0,0.00986941996961832,permuted labels,transformer_add97_permuted_s0,0,
34100,1.0,0.0095657454803586,permuted labels,transformer_add97_permuted_s0,0,
34200,1.0,0.00971758272498846,permuted labels,transformer_add97_permuted_s0,0,
34300,1.0,0.0103249317035079,permuted labels,transformer_add97_permuted_s0,0,
34400,1.0,0.01017309445887804,permuted labels,transformer_add97_permuted_s0,0,
34500,1.0,0.01078044343739748,permuted labels,transformer_add97_permuted_s0,0,
34600,1.0,0.00911023374646902,permuted labels,transformer_add97_permuted_s0,0,
34700,1.0,0.00986941996961832,permuted labels,transformer_add97_permuted_s0,0,
34800,1.0,0.00971758272498846,permuted labels,transformer_add97_permuted_s0,0,
34900,1.0,0.01017309445887804,permuted labels,transformer_add97_permuted_s0,0,
35000,1.0,0.01062860619276762,permuted labels,transformer_add97_permuted_s0,0,
35100,1.0,0.01047676894813776,permuted labels,transformer_add97_permuted_s0,0,
35200,1.0,0.0103249317035079,permuted labels,transformer_add97_permuted_s0,0,
35300,1.0,0.01078044343739748,permuted labels,transformer_add97_permuted_s0,0,
35400,1.0,0.0095657454803586,permuted labels,transformer_add97_permuted_s0,0,
35500,1.0,0.00986941996961832,permuted labels,transformer_add97_permuted_s0,0,
35600,1.0,0.01047676894813776,permuted labels,transformer_add97_permuted_s0,0,
35700,1.0,0.00971758272498846,permuted labels,transformer_add97_permuted_s0,0,
35800,1.0,0.01002125721424818,permuted labels,transformer_add97_permuted_s0,0,
35900,1.0,0.01123595517128706,permuted labels,transformer_add97_permuted_s0,0,
36000,1.0,0.01123595517128706,permuted labels,transformer_add97_permuted_s0,0,
36100,1.0,0.0095657454803586,permuted labels,transformer_add97_permuted_s0,0,
36200,1.0,0.00926207099109888,permuted labels,transformer_add97_permuted_s0,0,
36300,1.0,0.008958396501839161,permuted labels,transformer_add97_permuted_s0,0,
36400,1.0,0.008806559257209301,permuted labels,transformer_add97_permuted_s0,0,
36500,1.0,0.0095657454803586,permuted labels,transformer_add97_permuted_s0,0,
36600,1.0,0.01002125721424818,permuted labels,transformer_add97_permuted_s0,0,
36700,1.0,0.008958396501839161,permuted labels,transformer_add97_permuted_s0,0,
36800,1.0,0.00986941996961832,permuted labels,transformer_add97_permuted_s0,0,
36900,1.0,0.00971758272498846,permuted labels,transformer_add97_permuted_s0,0,
37000,1.0,0.01017309445887804,permuted labels,transformer_add97_permuted_s0,0,
37100,1.0,0.0095657454803586,permuted labels,transformer_add97_permuted_s0,0,
37200,1.0,0.00986941996961832,permuted labels,transformer_add97_permuted_s0,0,
37300,1.0,0.00926207099109888,permuted labels,transformer_add97_permuted_s0,0,
37400,1.0,0.00941390823572874,permuted labels,transformer_add97_permuted_s0,0,
37500,1.0,0.00986941996961832,permuted labels,transformer_add97_permuted_s0,0,
37600,1.0,0.00926207099109888,permuted labels,transformer_add97_permuted_s0,0,
37700,1.0,0.008806559257209301,permuted labels,transformer_add97_permuted_s0,0,
37800,1.0,0.008351047523319721,permuted labels,transformer_add97_permuted_s0,0,
37900,0.8225291967391968,0.007895535789430141,permuted labels,transformer_add97_permuted_s0,0,
38000,1.0,0.00941390823572874,permuted labels,transformer_add97_permuted_s0,0,
38100,1.0,0.01017309445887804,permuted labels,transformer_add97_permuted_s0,0,
38200,1.0,0.00926207099109888,permuted labels,transformer_add97_permuted_s0,0,
38300,1.0,0.008806559257209301,permuted labels,transformer_add97_permuted_s0,0,
38400,1.0,0.008654722012579441,permuted labels,transformer_add97_permuted_s0,0,
38500,1.0,0.0077436985448002815,permuted labels,transformer_add97_permuted_s0,0,
38600,1.0,0.007440024055540562,permuted labels,transformer_add97_permuted_s0,0,
38700,1.0,0.0077436985448002815,permuted labels,transformer_add97_permuted_s0,0,
38800,1.0,0.008199210278689861,permuted labels,transformer_add97_permuted_s0,0,
38900,1.0,0.008654722012579441,permuted labels,transformer_add97_permuted_s0,0,
39000,1.0,0.00971758272498846,permuted labels,transformer_add97_permuted_s0,0,
39100,1.0,0.00926207099109888,permuted labels,transformer_add97_permuted_s0,0,
39200,1.0,0.008958396501839161,permuted labels,transformer_add97_permuted_s0,0,
39300,1.0,0.008047373034060001,permuted labels,transformer_add97_permuted_s0,0,
39400,1.0,0.008351047523319721,permuted labels,transformer_add97_permuted_s0,0,
39500,1.0,0.008351047523319721,permuted labels,transformer_add97_permuted_s0,0,
39600,1.0,0.008654722012579441,permuted labels,transformer_add97_permuted_s0,0,
39700,1.0,0.008958396501839161,permuted labels,transformer_add97_permuted_s0,0,
39800,1.0,0.008199210278689861,permuted labels,transformer_add97_permuted_s0,0,
39900,1.0,0.008502884767949581,permuted labels,transformer_add97_permuted_s0,0,
40000,1.0,0.01002125721424818,permuted labels,transformer_add97_permuted_s0,0,
40100,1.0,0.00926207099109888,permuted labels,transformer_add97_permuted_s0,0,
40200,1.0,0.007895535789430141,permuted labels,transformer_add97_permuted_s0,0,
40300,1.0,0.008806559257209301,permuted labels,transformer_add97_permuted_s0,0,
40400,1.0,0.00911023374646902,permuted labels,transformer_add97_permuted_s0,0,
40500,1.0,0.00941390823572874,permuted labels,transformer_add97_permuted_s0,0,
40600,1.0,0.008502884767949581,permuted labels,transformer_add97_permuted_s0,0,
40700,1.0,0.008502884767949581,permuted labels,transformer_add97_permuted_s0,0,
40800,1.0,0.008199210278689861,permuted labels,transformer_add97_permuted_s0,0,
40900,1.0,0.008199210278689861,permuted labels,transformer_add97_permuted_s0,0,
41000,1.0,0.008047373034060001,permuted labels,transformer_add97_permuted_s0,0,
41100,1.0,0.008502884767949581,permuted labels,transformer_add97_permuted_s0,0,
41200,1.0,0.01002125721424818,permuted labels,transformer_add97_permuted_s0,0,
41300,1.0,0.00911023374646902,permuted labels,transformer_add97_permuted_s0,0,
41400,1.0,0.00926207099109888,permuted labels,transformer_add97_permuted_s0,0,
41500,1.0,0.0095657454803586,permuted labels,transformer_add97_permuted_s0,0,
41600,1.0,0.00926207099109888,permuted labels,transformer_add97_permuted_s0,0,
41700,1.0,0.0095657454803586,permuted labels,transformer_add97_permuted_s0,0,
41800,1.0,0.00986941996961832,permuted labels,transformer_add97_permuted_s0,0,
41900,1.0,0.00986941996961832,permuted labels,transformer_add97_permuted_s0,0,
42000,1.0,0.00986941996961832,permuted labels,transformer_add97_permuted_s0,0,
42100,1.0,0.00986941996961832,permuted labels,transformer_add97_permuted_s0,0,
42200,1.0,0.01002125721424818,permuted labels,transformer_add97_permuted_s0,0,
42300,1.0,0.008502884767949581,permuted labels,transformer_add97_permuted_s0,0,
42400,1.0,0.00911023374646902,permuted labels,transformer_add97_permuted_s0,0,
42500,1.0,0.008351047523319721,permuted labels,transformer_add97_permuted_s0,0,
42600,1.0,0.00986941996961832,permuted labels,transformer_add97_permuted_s0,0,
42700,1.0,0.01062860619276762,permuted labels,transformer_add97_permuted_s0,0,
42800,1.0,0.01002125721424818,permuted labels,transformer_add97_permuted_s0,0,
42900,1.0,0.01047676894813776,permuted labels,transformer_add97_permuted_s0,0,
43000,1.0,0.0095657454803586,permuted labels,transformer_add97_permuted_s0,0,
43100,1.0,0.00971758272498846,permuted labels,transformer_add97_permuted_s0,0,
43200,1.0,0.01002125721424818,permuted labels,transformer_add97_permuted_s0,0,
43300,1.0,0.00941390823572874,permuted labels,transformer_add97_permuted_s0,0,
43400,1.0,0.01002125721424818,permuted labels,transformer_add97_permuted_s0,0,
43500,1.0,0.0095657454803586,permuted labels,transformer_add97_permuted_s0,0,
43600,1.0,0.00926207099109888,permuted labels,transformer_add97_permuted_s0,0,
43700,1.0,0.0095657454803586,permuted labels,transformer_add97_permuted_s0,0,
43800,1.0,0.0095657454803586,permuted labels,transformer_add97_permuted_s0,0,
43900,1.0,0.00926207099109888,permuted labels,transformer_add97_permuted_s0,0,
44000,1.0,0.00941390823572874,permuted labels,transformer_add97_permuted_s0,0,
44100,1.0,0.00986941996961832,permuted labels,transformer_add97_permuted_s0,0,
44200,1.0,0.00926207099109888,permuted labels,transformer_add97_permuted_s0,0,
44300,1.0,0.00926207099109888,permuted labels,transformer_add97_permuted_s0,0,
44400,1.0,0.008806559257209301,permuted labels,transformer_add97_permuted_s0,0,
44500,1.0,0.00911023374646902,permuted labels,transformer_add97_permuted_s0,0,
44600,1.0,0.00911023374646902,permuted labels,transformer_add97_permuted_s0,0,
44700,1.0,0.008806559257209301,permuted labels,transformer_add97_permuted_s0,0,
44800,1.0,0.006984512787312269,permuted labels,transformer_add97_permuted_s0,0,
44900,1.0,0.006680838298052549,permuted labels,transformer_add97_permuted_s0,0,
45000,1.0,0.006984512787312269,permuted labels,transformer_add97_permuted_s0,0,
45100,1.0,0.008351047523319721,permuted labels,transformer_add97_permuted_s0,0,
45200,1.0,0.00926207099109888,permuted labels,transformer_add97_permuted_s0,0,
45300,1.0,0.00926207099109888,permuted labels,transformer_add97_permuted_s0,0,
45400,1.0,0.008958396501839161,permuted labels,transformer_add97_permuted_s0,0,
45500,1.0,0.0095657454803586,permuted labels,transformer_add97_permuted_s0,0,
45600,1.0,0.00971758272498846,permuted labels,transformer_add97_permuted_s0,0,
45700,1.0,0.00911023374646902,permuted labels,transformer_add97_permuted_s0,0,
45800,1.0,0.00971758272498846,permuted labels,transformer_add97_permuted_s0,0,
45900,1.0,0.00941390823572874,permuted labels,transformer_add97_permuted_s0,0,
46000,1.0,0.008958396501839161,permuted labels,transformer_add97_permuted_s0,0,
46100,1.0,0.00911023374646902,permuted labels,transformer_add97_permuted_s0,0,
46200,1.0,0.00971758272498846,permuted labels,transformer_add97_permuted_s0,0,
46300,1.0,0.008654722012579441,permuted labels,transformer_add97_permuted_s0,0,
46400,1.0,0.008502884767949581,permuted labels,transformer_add97_permuted_s0,0,
46500,1.0,0.008199210278689861,permuted labels,transformer_add97_permuted_s0,0,
46600,1.0,0.008806559257209301,permuted labels,transformer_add97_permuted_s0,0,
46700,1.0,0.008502884767949581,permuted labels,transformer_add97_permuted_s0,0,
46800,1.0,0.008654722012579441,permuted labels,transformer_add97_permuted_s0,0,
46900,1.0,0.008806559257209301,permuted labels,transformer_add97_permuted_s0,0,
47000,1.0,0.008654722012579441,permuted labels,transformer_add97_permuted_s0,0,
47100,1.0,0.008654722012579441,permuted labels,transformer_add97_permuted_s0,0,
47200,1.0,0.008806559257209301,permuted labels,transformer_add97_permuted_s0,0,
47300,1.0,0.00911023374646902,permuted labels,transformer_add97_permuted_s0,0,
47400,1.0,0.00911023374646902,permuted labels,transformer_add97_permuted_s0,0,
47500,1.0,0.00986941996961832,permuted labels,transformer_add97_permuted_s0,0,
47600,1.0,0.00986941996961832,permuted labels,transformer_add97_permuted_s0,0,
47700,1.0,0.00941390823572874,permuted labels,transformer_add97_permuted_s0,0,
47800,1.0,0.008958396501839161,permuted labels,transformer_add97_permuted_s0,0,
47900,1.0,0.008654722012579441,permuted labels,transformer_add97_permuted_s0,0,
48000,1.0,0.00941390823572874,permuted labels,transformer_add97_permuted_s0,0,
48100,1.0,0.0095657454803586,permuted labels,transformer_add97_permuted_s0,0,
48200,1.0,0.00941390823572874,permuted labels,transformer_add97_permuted_s0,0,
48300,1.0,0.01047676894813776,permuted labels,transformer_add97_permuted_s0,0,
48400,1.0,0.008806559257209301,permuted labels,transformer_add97_permuted_s0,0,
48500,1.0,0.0095657454803586,permuted labels,transformer_add97_permuted_s0,0,
48600,1.0,0.008958396501839161,permuted labels,transformer_add97_permuted_s0,0,
48700,1.0,0.00911023374646902,permuted labels,transformer_add97_permuted_s0,0,
48800,1.0,0.00941390823572874,permuted labels,transformer_add97_permuted_s0,0,
48900,1.0,0.01017309445887804,permuted labels,transformer_add97_permuted_s0,0,
49000,1.0,0.00986941996961832,permuted labels,transformer_add97_permuted_s0,0,
49100,1.0,0.01002125721424818,permuted labels,transformer_add97_permuted_s0,0,
49200,1.0,0.00941390823572874,permuted labels,transformer_add97_permuted_s0,0,
49300,1.0,0.00926207099109888,permuted labels,transformer_add97_permuted_s0,0,
49400,1.0,0.00926207099109888,permuted labels,transformer_add97_permuted_s0,0,
49500,1.0,0.00926207099109888,permuted labels,transformer_add97_permuted_s0,0,
49600,1.0,0.00911023374646902,permuted labels,transformer_add97_permuted_s0,0,
49700,1.0,0.0095657454803586,permuted labels,transformer_add97_permuted_s0,0,
49800,1.0,0.007591861300170422,permuted labels,transformer_add97_permuted_s0,0,
49900,1.0,0.00911023374646902,permuted labels,transformer_add97_permuted_s0,0,
50000,1.0,0.00926207099109888,permuted labels,transformer_add97_permuted_s0,0,
50100,1.0,0.00941390823572874,permuted labels,transformer_add97_permuted_s0,0,
50200,1.0,0.00941390823572874,permuted labels,transformer_add97_permuted_s0,0,
50300,1.0,0.00926207099109888,permuted labels,transformer_add97_permuted_s0,0,
50400,1.0,0.008958396501839161,permuted labels,transformer_add97_permuted_s0,0,
50500,1.0,0.00926207099109888,permuted labels,transformer_add97_permuted_s0,0,
50600,1.0,0.0095657454803586,permuted labels,transformer_add97_permuted_s0,0,
50700,1.0,0.00941390823572874,permuted labels,transformer_add97_permuted_s0,0,
50800,1.0,0.00971758272498846,permuted labels,transformer_add97_permuted_s0,0,
50900,1.0,0.00911023374646902,permuted labels,transformer_add97_permuted_s0,0,
51000,1.0,0.00971758272498846,permuted labels,transformer_add97_permuted_s0,0,
51100,1.0,0.00986941996961832,permuted labels,transformer_add97_permuted_s0,0,
51200,1.0,0.00971758272498846,permuted labels,transformer_add97_permuted_s0,0,
51300,1.0,0.0095657454803586,permuted labels,transformer_add97_permuted_s0,0,
51400,1.0,0.00986941996961832,permuted labels,transformer_add97_permuted_s0,0,
51500,1.0,0.0095657454803586,permuted labels,transformer_add97_permuted_s0,0,
51600,1.0,0.00911023374646902,permuted labels,transformer_add97_permuted_s0,0,
51700,1.0,0.00926207099109888,permuted labels,transformer_add97_permuted_s0,0,
51800,1.0,0.0095657454803586,permuted labels,transformer_add97_permuted_s0,0,
51900,1.0,0.008958396501839161,permuted labels,transformer_add97_permuted_s0,0,
52000,1.0,0.01047676894813776,permuted labels,transformer_add97_permuted_s0,0,
52100,1.0,0.00971758272498846,permuted labels,transformer_add97_permuted_s0,0,
52200,1.0,0.0095657454803586,permuted labels,transformer_add97_permuted_s0,0,
52300,1.0,0.00986941996961832,permuted labels,transformer_add97_permuted_s0,0,
52400,1.0,0.01002125721424818,permuted labels,transformer_add97_permuted_s0,0,
52500,1.0,0.0103249317035079,permuted labels,transformer_add97_permuted_s0,0,
52600,1.0,0.01062860619276762,permuted labels,transformer_add97_permuted_s0,0,
52700,1.0,0.01017309445887804,permuted labels,transformer_add97_permuted_s0,0,
52800,1.0,0.01093228068202734,permuted labels,transformer_add97_permuted_s0,0,
52900,1.0,0.00971758272498846,permuted labels,transformer_add97_permuted_s0,0,
53000,1.0,0.01047676894813776,permuted labels,transformer_add97_permuted_s0,0,
53100,1.0,0.008958396501839161,permuted labels,transformer_add97_permuted_s0,0,
53200,1.0,0.00971758272498846,permuted labels,transformer_add97_permuted_s0,0,
53300,1.0,0.00986941996961832,permuted labels,transformer_add97_permuted_s0,0,
53400,1.0,0.0103249317035079,permuted labels,transformer_add97_permuted_s0,0,
53500,1.0,0.00911023374646902,permuted labels,transformer_add97_permuted_s0,0,
53600,1.0,0.01002125721424818,permuted labels,transformer_add97_permuted_s0,0,
53700,1.0,0.0103249317035079,permuted labels,transformer_add97_permuted_s0,0,
53800,1.0,0.0103249317035079,permuted labels,transformer_add97_permuted_s0,0,
53900,1.0,0.01017309445887804,permuted labels,transformer_add97_permuted_s0,0,
54000,1.0,0.00941390823572874,permuted labels,transformer_add97_permuted_s0,0,
54100,1.0,0.008806559257209301,permuted labels,transformer_add97_permuted_s0,0,
54200,1.0,0.00941390823572874,permuted labels,transformer_add97_permuted_s0,0,
54300,1.0,0.00926207099109888,permuted labels,transformer_add97_permuted_s0,0,
54400,1.0,0.00911023374646902,permuted labels,transformer_add97_permuted_s0,0,
54500,1.0,0.00941390823572874,permuted labels,transformer_add97_permuted_s0,0,
54600,1.0,0.008199210278689861,permuted labels,transformer_add97_permuted_s0,0,
54700,1.0,0.008958396501839161,permuted labels,transformer_add97_permuted_s0,0,
54800,1.0,0.00926207099109888,permuted labels,transformer_add97_permuted_s0,0,
54900,1.0,0.00986941996961832,permuted labels,transformer_add97_permuted_s0,0,
55000,1.0,0.0103249317035079,permuted labels,transformer_add97_permuted_s0,0,
55100,1.0,0.00941390823572874,permuted labels,transformer_add97_permuted_s0,0,
55200,1.0,0.008654722012579441,permuted labels,transformer_add97_permuted_s0,0,
55300,1.0,0.008047373034060001,permuted labels,transformer_add97_permuted_s0,0,
55400,1.0,0.007591861300170422,permuted labels,transformer_add97_permuted_s0,0,
55500,1.0,0.008047373034060001,permuted labels,transformer_add97_permuted_s0,0,
55600,1.0,0.01002125721424818,permuted labels,transformer_add97_permuted_s0,0,
55700,1.0,0.008199210278689861,permuted labels,transformer_add97_permuted_s0,0,
55800,1.0,0.0077436985448002815,permuted labels,transformer_add97_permuted_s0,0,
55900,1.0,0.008502884767949581,permuted labels,transformer_add97_permuted_s0,0,
56000,1.0,0.008502884767949581,permuted labels,transformer_add97_permuted_s0,0,
56100,1.0,0.0077436985448002815,permuted labels,transformer_add97_permuted_s0,0,
56200,1.0,0.007895535789430141,permuted labels,transformer_add97_permuted_s0,0,
56300,1.0,0.008502884767949581,permuted labels,transformer_add97_permuted_s0,0,
56400,1.0,0.008351047523319721,permuted labels,transformer_add97_permuted_s0,0,
56500,1.0,0.008958396501839161,permuted labels,transformer_add97_permuted_s0,0,
56600,1.0,0.008654722012579441,permuted labels,transformer_add97_permuted_s0,0,
56700,0.9801629185676575,0.007591861300170422,permuted labels,transformer_add97_permuted_s0,0,
56800,1.0,0.01123595517128706,permuted labels,transformer_add97_permuted_s0,0,
56900,1.0,0.00971758272498846,permuted labels,transformer_add97_permuted_s0,0,
57000,1.0,0.0095657454803586,permuted labels,transformer_add97_permuted_s0,0,
57100,1.0,0.00911023374646902,permuted labels,transformer_add97_permuted_s0,0,
57200,1.0,0.00926207099109888,permuted labels,transformer_add97_permuted_s0,0,
57300,1.0,0.0095657454803586,permuted labels,transformer_add97_permuted_s0,0,
57400,1.0,0.00911023374646902,permuted labels,transformer_add97_permuted_s0,0,
57500,1.0,0.00911023374646902,permuted labels,transformer_add97_permuted_s0,0,
57600,1.0,0.00971758272498846,permuted labels,transformer_add97_permuted_s0,0,
57700,1.0,0.00971758272498846,permuted labels,transformer_add97_permuted_s0,0,
57800,1.0,0.008958396501839161,permuted labels,transformer_add97_permuted_s0,0,
57900,1.0,0.00941390823572874,permuted labels,transformer_add97_permuted_s0,0,
58000,1.0,0.01123595517128706,permuted labels,transformer_add97_permuted_s0,0,
58100,1.0,0.0103249317035079,permuted labels,transformer_add97_permuted_s0,0,
58200,1.0,0.00986941996961832,permuted labels,transformer_add97_permuted_s0,0,
58300,1.0,0.00911023374646902,permuted labels,transformer_add97_permuted_s0,0,
58400,1.0,0.00911023374646902,permuted labels,transformer_add97_permuted_s0,0,
58500,1.0,0.008806559257209301,permuted labels,transformer_add97_permuted_s0,0,
58600,1.0,0.00911023374646902,permuted labels,transformer_add97_permuted_s0,0,
58700,1.0,0.008806559257209301,permuted labels,transformer_add97_permuted_s0,0,
58800,1.0,0.008199210278689861,permuted labels,transformer_add97_permuted_s0,0,
58900,1.0,0.008351047523319721,permuted labels,transformer_add97_permuted_s0,0,
59000,0.9805171489715576,0.00926207099109888,permuted labels,transformer_add97_permuted_s0,0,
59100,1.0,0.008047373034060001,permuted labels,transformer_add97_permuted_s0,0,
59200,1.0,0.007288186810910702,permuted labels,transformer_add97_permuted_s0,0,
59300,1.0,0.007895535789430141,permuted labels,transformer_add97_permuted_s0,0,
59400,1.0,0.007440024055540562,permuted labels,transformer_add97_permuted_s0,0,
59500,1.0,0.007895535789430141,permuted labels,transformer_add97_permuted_s0,0,
59600,1.0,0.008047373034060001,permuted labels,transformer_add97_permuted_s0,0,
59700,1.0,0.008199210278689861,permuted labels,transformer_add97_permuted_s0,0,
59800,1.0,0.008806559257209301,permuted labels,transformer_add97_permuted_s0,0,
59900,1.0,0.008806559257209301,permuted labels,transformer_add97_permuted_s0,0,
60000,1.0,0.008806559257209301,permuted labels,transformer_add97_permuted_s0,0,
0,0.008501593954861164,0.01078044343739748,permuted labels,transformer_add97_permuted_s1,1,
100,0.7662061452865601,0.008958396501839161,permuted labels,transformer_add97_permuted_s1,1,
200,0.9975203275680542,0.00926207099109888,permuted labels,transformer_add97_permuted_s1,1,
300,0.9996457695960999,0.00911023374646902,permuted labels,transformer_add97_permuted_s1,1,
400,0.9996457695960999,0.008351047523319721,permuted labels,transformer_add97_permuted_s1,1,
500,1.0,0.007288186810910702,permuted labels,transformer_add97_permuted_s1,1,
600,1.0,0.008958396501839161,permuted labels,transformer_add97_permuted_s1,1,
700,1.0,0.007591861300170422,permuted labels,transformer_add97_permuted_s1,1,
800,1.0,0.007288186810910702,permuted labels,transformer_add97_permuted_s1,1,
900,1.0,0.008654722012579441,permuted labels,transformer_add97_permuted_s1,1,
1000,1.0,0.007440024055540562,permuted labels,transformer_add97_permuted_s1,1,
1100,0.9996457695960999,0.00926207099109888,permuted labels,transformer_add97_permuted_s1,1,
1200,1.0,0.008047373034060001,permuted labels,transformer_add97_permuted_s1,1,
1300,1.0,0.008199210278689861,permuted labels,transformer_add97_permuted_s1,1,
1400,1.0,0.008806559257209301,permuted labels,transformer_add97_permuted_s1,1,
1500,1.0,0.008351047523319721,permuted labels,transformer_add97_permuted_s1,1,
1600,0.25185972452163696,0.007591861300170422,permuted labels,transformer_add97_permuted_s1,1,
1700,1.0,0.008351047523319721,permuted labels,transformer_add97_permuted_s1,1,
1800,0.2270634025335312,0.008654722012579441,permuted labels,transformer_add97_permuted_s1,1,
1900,1.0,0.00986941996961832,permuted labels,transformer_add97_permuted_s1,1,
2000,1.0,0.008351047523319721,permuted labels,transformer_add97_permuted_s1,1,
2100,1.0,0.007591861300170422,permuted labels,transformer_add97_permuted_s1,1,
2200,0.9996457695960999,0.00911023374646902,permuted labels,transformer_add97_permuted_s1,1,
2300,1.0,0.007591861300170422,permuted labels,transformer_add97_permuted_s1,1,
2400,1.0,0.008351047523319721,permuted labels,transformer_add97_permuted_s1,1,
2500,1.0,0.00911023374646902,permuted labels,transformer_add97_permuted_s1,1,
2600,1.0,0.008806559257209301,permuted labels,transformer_add97_permuted_s1,1,
2700,1.0,0.008806559257209301,permuted labels,transformer_add97_permuted_s1,1,
2800,1.0,0.008654722012579441,permuted labels,transformer_add97_permuted_s1,1,
2900,1.0,0.008806559257209301,permuted labels,transformer_add97_permuted_s1,1,
3000,0.9670563340187073,0.01093228068202734,permuted labels,transformer_add97_permuted_s1,1,
3100,1.0,0.008958396501839161,permuted labels,transformer_add97_permuted_s1,1,
3200,1.0,0.00986941996961832,permuted labels,transformer_add97_permuted_s1,1,
3300,1.0,0.00911023374646902,permuted labels,transformer_add97_permuted_s1,1,
3400,1.0,0.008958396501839161,permuted labels,transformer_add97_permuted_s1,1,
3500,1.0,0.008654722012579441,permuted labels,transformer_add97_permuted_s1,1,
3600,1.0,0.00971758272498846,permuted labels,transformer_add97_permuted_s1,1,
3700,1.0,0.0095657454803586,permuted labels,transformer_add97_permuted_s1,1,
3800,1.0,0.0095657454803586,permuted labels,transformer_add97_permuted_s1,1,
3900,1.0,0.00911023374646902,permuted labels,transformer_add97_permuted_s1,1,
4000,1.0,0.00971758272498846,permuted labels,transformer_add97_permuted_s1,1,
4100,1.0,0.00971758272498846,permuted labels,transformer_add97_permuted_s1,1,
4200,1.0,0.01078044343739748,permuted labels,transformer_add97_permuted_s1,1,
4300,1.0,0.01017309445887804,permuted labels,transformer_add97_permuted_s1,1,
4400,1.0,0.01017309445887804,permuted labels,transformer_add97_permuted_s1,1,
4500,1.0,0.00986941996961832,permuted labels,transformer_add97_permuted_s1,1,
4600,1.0,0.00926207099109888,permuted labels,transformer_add97_permuted_s1,1,
4700,1.0,0.00911023374646902,permuted labels,transformer_add97_permuted_s1,1,
4800,1.0,0.008806559257209301,permuted labels,transformer_add97_permuted_s1,1,
4900,1.0,0.008958396501839161,permuted labels,transformer_add97_permuted_s1,1,
5000,1.0,0.008654722012579441,permuted labels,transformer_add97_permuted_s1,1,
5100,1.0,0.008806559257209301,permuted labels,transformer_add97_permuted_s1,1,
5200,1.0,0.01093228068202734,permuted labels,transformer_add97_permuted_s1,1,
5300,1.0,0.0103249317035079,permuted labels,transformer_add97_permuted_s1,1,
5400,1.0,0.01002125721424818,permuted labels,transformer_add97_permuted_s1,1,
5500,1.0,0.00911023374646902,permuted labels,transformer_add97_permuted_s1,1,
5600,1.0,0.00986941996961832,permuted labels,transformer_add97_permuted_s1,1,
5700,1.0,0.00971758272498846,permuted labels,transformer_add97_permuted_s1,1,
5800,1.0,0.00971758272498846,permuted labels,transformer_add97_permuted_s1,1,
5900,1.0,0.0095657454803586,permuted labels,transformer_add97_permuted_s1,1,
6000,1.0,0.00941390823572874,permuted labels,transformer_add97_permuted_s1,1,
6100,1.0,0.0110841179266572,permuted labels,transformer_add97_permuted_s1,1,
6200,1.0,0.01017309445887804,permuted labels,transformer_add97_permuted_s1,1,
6300,1.0,0.01062860619276762,permuted labels,transformer_add97_permuted_s1,1,
6400,1.0,0.01138779241591692,permuted labels,transformer_add97_permuted_s1,1,
6500,1.0,0.01093228068202734,permuted labels,transformer_add97_permuted_s1,1,
6600,1.0,0.0110841179266572,permuted labels,transformer_add97_permuted_s1,1,
6700,1.0,0.01078044343739748,permuted labels,transformer_add97_permuted_s1,1,
6800,1.0,0.01017309445887804,permuted labels,transformer_add97_permuted_s1,1,
6900,1.0,0.00926207099109888,permuted labels,transformer_add97_permuted_s1,1,
7000,1.0,0.00971758272498846,permuted labels,transformer_add97_permuted_s1,1,
7100,1.0,0.01047676894813776,permuted labels,transformer_add97_permuted_s1,1,
7200,1.0,0.008199210278689861,permuted labels,transformer_add97_permuted_s1,1,
7300,1.0,0.01002125721424818,permuted labels,transformer_add97_permuted_s1,1,
7400,1.0,0.008958396501839161,permuted labels,transformer_add97_permuted_s1,1,
7500,1.0,0.008351047523319721,permuted labels,transformer_add97_permuted_s1,1,
7600,1.0,0.008047373034060001,permuted labels,transformer_add97_permuted_s1,1,
7700,1.0,0.0077436985448002815,permuted labels,transformer_add97_permuted_s1,1,
7800,1.0,0.008199210278689861,permuted labels,transformer_add97_permuted_s1,1,
7900,1.0,0.007895535789430141,permuted labels,transformer_add97_permuted_s1,1,
8000,1.0,0.008958396501839161,permuted labels,transformer_add97_permuted_s1,1,
8100,1.0,0.00926207099109888,permuted labels,transformer_add97_permuted_s1,1,
8200,1.0,0.01017309445887804,permuted labels,transformer_add97_permuted_s1,1,
8300,1.0,0.0103249317035079,permuted labels,transformer_add97_permuted_s1,1,
8400,1.0,0.01047676894813776,permuted labels,transformer_add97_permuted_s1,1,
8500,1.0,0.01017309445887804,permuted labels,transformer_add97_permuted_s1,1,
8600,1.0,0.00986941996961832,permuted labels,transformer_add97_permuted_s1,1,
8700,1.0,0.01047676894813776,permuted labels,transformer_add97_permuted_s1,1,
8800,1.0,0.00986941996961832,permuted labels,transformer_add97_permuted_s1,1,
8900,1.0,0.00941390823572874,permuted labels,transformer_add97_permuted_s1,1,
9000,1.0,0.00926207099109888,permuted labels,transformer_add97_permuted_s1,1,
9100,1.0,0.01093228068202734,permuted labels,transformer_add97_permuted_s1,1,
9200,1.0,0.01093228068202734,permuted labels,transformer_add97_permuted_s1,1,
9300,1.0,0.01047676894813776,permuted labels,transformer_add97_permuted_s1,1,
9400,1.0,0.00986941996961832,permuted labels,transformer_add97_permuted_s1,1,
9500,1.0,0.00911023374646902,permuted labels,transformer_add97_permuted_s1,1,
9600,1.0,0.008199210278689861,permuted labels,transformer_add97_permuted_s1,1,
9700,1.0,0.008958396501839161,permuted labels,transformer_add97_permuted_s1,1,
9800,1.0,0.00926207099109888,permuted labels,transformer_add97_permuted_s1,1,
9900,1.0,0.00941390823572874,permuted labels,transformer_add97_permuted_s1,1,
10000,1.0,0.00911023374646902,permuted labels,transformer_add97_permuted_s1,1,
10100,1.0,0.00926207099109888,permuted labels,transformer_add97_permuted_s1,1,
10200,1.0,0.0118433041498065,permuted labels,transformer_add97_permuted_s1,1,
10300,1.0,0.01047676894813776,permuted labels,transformer_add97_permuted_s1,1,
10400,1.0,0.00971758272498846,permuted labels,transformer_add97_permuted_s1,1,
10500,1.0,0.01017309445887804,permuted labels,transformer_add97_permuted_s1,1,
10600,1.0,0.0095657454803586,permuted labels,transformer_add97_permuted_s1,1,
10700,1.0,0.01002125721424818,permuted labels,transformer_add97_permuted_s1,1,
10800,1.0,0.01002125721424818,permuted labels,transformer_add97_permuted_s1,1,
10900,1.0,0.00986941996961832,permuted labels,transformer_add97_permuted_s1,1,
11000,1.0,0.00911023374646902,permuted labels,transformer_add97_permuted_s1,1,
11100,1.0,0.00911023374646902,permuted labels,transformer_add97_permuted_s1,1,
11200,1.0,0.00971758272498846,permuted labels,transformer_add97_permuted_s1,1,
11300,1.0,0.00986941996961832,permuted labels,transformer_add97_permuted_s1,1,
11400,1.0,0.00941390823572874,permuted labels,transformer_add97_permuted_s1,1,
11500,1.0,0.0095657454803586,permuted labels,transformer_add97_permuted_s1,1,
11600,1.0,0.00941390823572874,permuted labels,transformer_add97_permuted_s1,1,
11700,1.0,0.008047373034060001,permuted labels,transformer_add97_permuted_s1,1,
11800,1.0,0.008654722012579441,permuted labels,transformer_add97_permuted_s1,1,
11900,1.0,0.008958396501839161,permuted labels,transformer_add97_permuted_s1,1,
12000,1.0,0.00926207099109888,permuted labels,transformer_add97_permuted_s1,1,
12100,1.0,0.00941390823572874,permuted labels,transformer_add97_permuted_s1,1,
12200,1.0,0.0103249317035079,permuted labels,transformer_add97_permuted_s1,1,
12300,1.0,0.01062860619276762,permuted labels,transformer_add97_permuted_s1,1,
12400,1.0,0.01123595517128706,permuted labels,transformer_add97_permuted_s1,1,
12500,1.0,0.0110841179266572,permuted labels,transformer_add97_permuted_s1,1,
12600,1.0,0.008502884767949581,permuted labels,transformer_add97_permuted_s1,1,
12700,1.0,0.0103249317035079,permuted labels,transformer_add97_permuted_s1,1,
12800,1.0,0.00926207099109888,permuted labels,transformer_add97_permuted_s1,1,
12900,1.0,0.00986941996961832,permuted labels,transformer_add97_permuted_s1,1,
13000,1.0,0.01017309445887804,permuted labels,transformer_add97_permuted_s1,1,
13100,1.0,0.00986941996961832,permuted labels,transformer_add97_permuted_s1,1,
13200,1.0,0.01062860619276762,permuted labels,transformer_add97_permuted_s1,1,
13300,1.0,0.0103249317035079,permuted labels,transformer_add97_permuted_s1,1,
13400,1.0,0.00986941996961832,permuted labels,transformer_add97_permuted_s1,1,
13500,1.0,0.0095657454803586,permuted labels,transformer_add97_permuted_s1,1,
13600,1.0,0.00986941996961832,permuted labels,transformer_add97_permuted_s1,1,
13700,1.0,0.00911023374646902,permuted labels,transformer_add97_permuted_s1,1,
13800,1.0,0.0095657454803586,permuted labels,transformer_add97_permuted_s1,1,
13900,1.0,0.01062860619276762,permuted labels,transformer_add97_permuted_s1,1,
14000,1.0,0.01017309445887804,permuted labels,transformer_add97_permuted_s1,1,
14100,1.0,0.0103249317035079,permuted labels,transformer_add97_permuted_s1,1,
14200,1.0,0.0103249317035079,permuted labels,transformer_add97_permuted_s1,1,
14300,1.0,0.0095657454803586,permuted labels,transformer_add97_permuted_s1,1,
14400,1.0,0.008958396501839161,permuted labels,transformer_add97_permuted_s1,1,
14500,1.0,0.008958396501839161,permuted labels,transformer_add97_permuted_s1,1,
14600,1.0,0.008806559257209301,permuted labels,transformer_add97_permuted_s1,1,
14700,0.9950407147407532,0.01047676894813776,permuted labels,transformer_add97_permuted_s1,1,
14800,1.0,0.00971758272498846,permuted labels,transformer_add97_permuted_s1,1,
14900,1.0,0.0095657454803586,permuted labels,transformer_add97_permuted_s1,1,
15000,1.0,0.00911023374646902,permuted labels,transformer_add97_permuted_s1,1,
15100,1.0,0.0095657454803586,permuted labels,transformer_add97_permuted_s1,1,
15200,1.0,0.008806559257209301,permuted labels,transformer_add97_permuted_s1,1,
15300,1.0,0.008958396501839161,permuted labels,transformer_add97_permuted_s1,1,
15400,1.0,0.00911023374646902,permuted labels,transformer_add97_permuted_s1,1,
15500,1.0,0.008958396501839161,permuted labels,transformer_add97_permuted_s1,1,
15600,1.0,0.008806559257209301,permuted labels,transformer_add97_permuted_s1,1,
15700,1.0,0.00986941996961832,permuted labels,transformer_add97_permuted_s1,1,
15800,1.0,0.00986941996961832,permuted labels,transformer_add97_permuted_s1,1,
15900,1.0,0.0103249317035079,permuted labels,transformer_add97_permuted_s1,1,
16000,1.0,0.01017309445887804,permuted labels,transformer_add97_permuted_s1,1,
16100,1.0,0.00941390823572874,permuted labels,transformer_add97_permuted_s1,1,
16200,1.0,0.008502884767949581,permuted labels,transformer_add97_permuted_s1,1,
16300,1.0,0.008199210278689861,permuted labels,transformer_add97_permuted_s1,1,
16400,1.0,0.008806559257209301,permuted labels,transformer_add97_permuted_s1,1,
16500,1.0,0.008806559257209301,permuted labels,transformer_add97_permuted_s1,1,
16600,1.0,0.01002125721424818,permuted labels,transformer_add97_permuted_s1,1,
16700,1.0,0.0103249317035079,permuted labels,transformer_add97_permuted_s1,1,
16800,1.0,0.01093228068202734,permuted labels,transformer_add97_permuted_s1,1,
16900,1.0,0.01153962966054678,permuted labels,transformer_add97_permuted_s1,1,
17000,1.0,0.01169146690517664,permuted labels,transformer_add97_permuted_s1,1,
17100,1.0,0.01169146690517664,permuted labels,transformer_add97_permuted_s1,1,
17200,1.0,0.00941390823572874,permuted labels,transformer_add97_permuted_s1,1,
17300,1.0,0.0103249317035079,permuted labels,transformer_add97_permuted_s1,1,
17400,1.0,0.0103249317035079,permuted labels,transformer_add97_permuted_s1,1,
17500,1.0,0.008806559257209301,permuted labels,transformer_add97_permuted_s1,1,
17600,1.0,0.01017309445887804,permuted labels,transformer_add97_permuted_s1,1,
17700,1.0,0.00971758272498846,permuted labels,transformer_add97_permuted_s1,1,
17800,1.0,0.00986941996961832,permuted labels,transformer_add97_permuted_s1,1,
17900,1.0,0.00971758272498846,permuted labels,transformer_add97_permuted_s1,1,
18000,1.0,0.0103249317035079,permuted labels,transformer_add97_permuted_s1,1,
18100,1.0,0.01093228068202734,permuted labels,transformer_add97_permuted_s1,1,
18200,1.0,0.01123595517128706,permuted labels,transformer_add97_permuted_s1,1,
18300,1.0,0.0110841179266572,permuted labels,transformer_add97_permuted_s1,1,
18400,1.0,0.01093228068202734,permuted labels,transformer_add97_permuted_s1,1,
18500,1.0,0.01017309445887804,permuted labels,transformer_add97_permuted_s1,1,
18600,1.0,0.01002125721424818,permuted labels,transformer_add97_permuted_s1,1,
18700,1.0,0.00986941996961832,permuted labels,transformer_add97_permuted_s1,1,
18800,1.0,0.00971758272498846,permuted labels,transformer_add97_permuted_s1,1,
18900,1.0,0.01017309445887804,permuted labels,transformer_add97_permuted_s1,1,
19000,1.0,0.00971758272498846,permuted labels,transformer_add97_permuted_s1,1,
19100,1.0,0.00971758272498846,permuted labels,transformer_add97_permuted_s1,1,
19200,1.0,0.01002125721424818,permuted labels,transformer_add97_permuted_s1,1,
19300,1.0,0.01017309445887804,permuted labels,transformer_add97_permuted_s1,1,
19400,1.0,0.0103249317035079,permuted labels,transformer_add97_permuted_s1,1,
19500,1.0,0.01017309445887804,permuted labels,transformer_add97_permuted_s1,1,
19600,1.0,0.01078044343739748,permuted labels,transformer_add97_permuted_s1,1,
19700,1.0,0.008502884767949581,permuted labels,transformer_add97_permuted_s1,1,
19800,1.0,0.008502884767949581,permuted labels,transformer_add97_permuted_s1,1,
19900,1.0,0.01047676894813776,permuted labels,transformer_add97_permuted_s1,1,
20000,1.0,0.00986941996961832,permuted labels,transformer_add97_permuted_s1,1,
20100,1.0,0.01002125721424818,permuted labels,transformer_add97_permuted_s1,1,
20200,1.0,0.00926207099109888,permuted labels,transformer_add97_permuted_s1,1,
20300,1.0,0.00926207099109888,permuted labels,transformer_add97_permuted_s1,1,
20400,1.0,0.008958396501839161,permuted labels,transformer_add97_permuted_s1,1,
20500,1.0,0.008806559257209301,permuted labels,transformer_add97_permuted_s1,1,
20600,1.0,0.00911023374646902,permuted labels,transformer_add97_permuted_s1,1,
20700,1.0,0.0095657454803586,permuted labels,transformer_add97_permuted_s1,1,
20800,1.0,0.01017309445887804,permuted labels,transformer_add97_permuted_s1,1,
20900,1.0,0.01138779241591692,permuted labels,transformer_add97_permuted_s1,1,
21000,1.0,0.01123595517128706,permuted labels,transformer_add97_permuted_s1,1,
21100,1.0,0.00971758272498846,permuted labels,transformer_add97_permuted_s1,1,
21200,1.0,0.01002125721424818,permuted labels,transformer_add97_permuted_s1,1,
21300,1.0,0.01047676894813776,permuted labels,transformer_add97_permuted_s1,1,
21400,1.0,0.01153962966054678,permuted labels,transformer_add97_permuted_s1,1,
21500,1.0,0.01062860619276762,permuted labels,transformer_add97_permuted_s1,1,
21600,1.0,0.01123595517128706,permuted labels,transformer_add97_permuted_s1,1,
21700,1.0,0.01093228068202734,permuted labels,transformer_add97_permuted_s1,1,
21800,1.0,0.0110841179266572,permuted labels,transformer_add97_permuted_s1,1,
21900,0.589798092842102,0.0110841179266572,permuted labels,transformer_add97_permuted_s1,1,
22000,1.0,0.0095657454803586,permuted labels,transformer_add97_permuted_s1,1,
22100,1.0,0.01062860619276762,permuted labels,transformer_add97_permuted_s1,1,
22200,1.0,0.01062860619276762,permuted labels,transformer_add97_permuted_s1,1,
22300,1.0,0.00986941996961832,permuted labels,transformer_add97_permuted_s1,1,
22400,1.0,0.00986941996961832,permuted labels,transformer_add97_permuted_s1,1,
22500,1.0,0.0103249317035079,permuted labels,transformer_add97_permuted_s1,1,
22600,1.0,0.01002125721424818,permuted labels,transformer_add97_permuted_s1,1,
22700,1.0,0.00986941996961832,permuted labels,transformer_add97_permuted_s1,1,
22800,1.0,0.00926207099109888,permuted labels,transformer_add97_permuted_s1,1,
22900,1.0,0.01047676894813776,permuted labels,transformer_add97_permuted_s1,1,
23000,1.0,0.01002125721424818,permuted labels,transformer_add97_permuted_s1,1,
23100,1.0,0.00971758272498846,permuted labels,transformer_add97_permuted_s1,1,
23200,1.0,0.01002125721424818,permuted labels,transformer_add97_permuted_s1,1,
23300,1.0,0.00941390823572874,permuted labels,transformer_add97_permuted_s1,1,
23400,1.0,0.0095657454803586,permuted labels,transformer_add97_permuted_s1,1,
23500,1.0,0.00986941996961832,permuted labels,transformer_add97_permuted_s1,1,
23600,1.0,0.00926207099109888,permuted labels,transformer_add97_permuted_s1,1,
23700,1.0,0.01002125721424818,permuted labels,transformer_add97_permuted_s1,1,
23800,1.0,0.0095657454803586,permuted labels,transformer_add97_permuted_s1,1,
23900,1.0,0.00941390823572874,permuted labels,transformer_add97_permuted_s1,1,
24000,1.0,0.00911023374646902,permuted labels,transformer_add97_permuted_s1,1,
24100,1.0,0.0095657454803586,permuted labels,transformer_add97_permuted_s1,1,
24200,1.0,0.008958396501839161,permuted labels,transformer_add97_permuted_s1,1,
24300,1.0,0.00926207099109888,permuted labels,transformer_add97_permuted_s1,1,
24400,0.9932695627212524,0.0103249317035079,permuted labels,transformer_add97_permuted_s1,1,
24500,1.0,0.00911023374646902,permuted labels,transformer_add97_permuted_s1,1,
24600,1.0,0.0095657454803586,permuted labels,transformer_add97_permuted_s1,1,
24700,1.0,0.008958396501839161,permuted labels,transformer_add97_permuted_s1,1,
24800,1.0,0.01017309445887804,permuted labels,transformer_add97_permuted_s1,1,
24900,1.0,0.01017309445887804,permuted labels,transformer_add97_permuted_s1,1,
25000,1.0,0.01002125721424818,permuted labels,transformer_add97_permuted_s1,1,
25100,1.0,0.00971758272498846,permuted labels,transformer_add97_permuted_s1,1,
25200,1.0,0.00911023374646902,permuted labels,transformer_add97_permuted_s1,1,
25300,1.0,0.00971758272498846,permuted labels,transformer_add97_permuted_s1,1,
25400,1.0,0.008958396501839161,permuted labels,transformer_add97_permuted_s1,1,
25500,1.0,0.008654722012579441,permuted labels,transformer_add97_permuted_s1,1,
25600,1.0,0.00911023374646902,permuted labels,transformer_add97_permuted_s1,1,
25700,1.0,0.00986941996961832,permuted labels,transformer_add97_permuted_s1,1,
25800,1.0,0.00941390823572874,permuted labels,transformer_add97_permuted_s1,1,
25900,1.0,0.00926207099109888,permuted labels,transformer_add97_permuted_s1,1,
26000,1.0,0.00986941996961832,permuted labels,transformer_add97_permuted_s1,1,
26100,1.0,0.00986941996961832,permuted labels,transformer_add97_permuted_s1,1,
26200,1.0,0.01138779241591692,permuted labels,transformer_add97_permuted_s1,1,
26300,1.0,0.01138779241591692,permuted labels,transformer_add97_permuted_s1,1,
26400,1.0,0.01169146690517664,permuted labels,transformer_add97_permuted_s1,1,
26500,1.0,0.01169146690517664,permuted labels,transformer_add97_permuted_s1,1,
26600,1.0,0.01047676894813776,permuted labels,transformer_add97_permuted_s1,1,
26700,1.0,0.0103249317035079,permuted labels,transformer_add97_permuted_s1,1,
26800,1.0,0.0110841179266572,permuted labels,transformer_add97_permuted_s1,1,
26900,1.0,0.01078044343739748,permuted labels,transformer_add97_permuted_s1,1,
27000,1.0,0.01002125721424818,permuted labels,transformer_add97_permuted_s1,1,
27100,1.0,0.00986941996961832,permuted labels,transformer_add97_permuted_s1,1,
27200,1.0,0.01017309445887804,permuted labels,transformer_add97_permuted_s1,1,
27300,1.0,0.00986941996961832,permuted labels,transformer_add97_permuted_s1,1,
27400,1.0,0.00971758272498846,permuted labels,transformer_add97_permuted_s1,1,
27500,1.0,0.01002125721424818,permuted labels,transformer_add97_permuted_s1,1,
27600,1.0,0.00971758272498846,permuted labels,transformer_add97_permuted_s1,1,
27700,1.0,0.0103249317035079,permuted labels,transformer_add97_permuted_s1,1,
27800,1.0,0.01093228068202734,permuted labels,transformer_add97_permuted_s1,1,
27900,1.0,0.01017309445887804,permuted labels,transformer_add97_permuted_s1,1,
28000,1.0,0.00911023374646902,permuted labels,transformer_add97_permuted_s1,1,
28100,1.0,0.00971758272498846,permuted labels,transformer_add97_permuted_s1,1,
28200,1.0,0.00941390823572874,permuted labels,transformer_add97_permuted_s1,1,
28300,1.0,0.00911023374646902,permuted labels,transformer_add97_permuted_s1,1,
28400,1.0,0.00911023374646902,permuted labels,transformer_add97_permuted_s1,1,
28500,1.0,0.0095657454803586,permuted labels,transformer_add97_permuted_s1,1,
28600,1.0,0.00971758272498846,permuted labels,transformer_add97_permuted_s1,1,
28700,0.9996457695960999,0.00986941996961832,permuted labels,transformer_add97_permuted_s1,1,
28800,1.0,0.00986941996961832,permuted labels,transformer_add97_permuted_s1,1,
28900,1.0,0.01062860619276762,permuted labels,transformer_add97_permuted_s1,1,
29000,1.0,0.00926207099109888,permuted labels,transformer_add97_permuted_s1,1,
29100,1.0,0.00911023374646902,permuted labels,transformer_add97_permuted_s1,1,
29200,1.0,0.00926207099109888,permuted labels,transformer_add97_permuted_s1,1,
29300,1.0,0.00926207099109888,permuted labels,transformer_add97_permuted_s1,1,
29400,1.0,0.0095657454803586,permuted labels,transformer_add97_permuted_s1,1,
29500,1.0,0.01002125721424818,permuted labels,transformer_add97_permuted_s1,1,
29600,1.0,0.00941390823572874,permuted labels,transformer_add97_permuted_s1,1,
29700,1.0,0.008502884767949581,permuted labels,transformer_add97_permuted_s1,1,
29800,1.0,0.00911023374646902,permuted labels,transformer_add97_permuted_s1,1,
29900,1.0,0.00971758272498846,permuted labels,transformer_add97_permuted_s1,1,
30000,1.0,0.01062860619276762,permuted labels,transformer_add97_permuted_s1,1,
30100,1.0,0.00911023374646902,permuted labels,transformer_add97_permuted_s1,1,
30200,1.0,0.0103249317035079,permuted labels,transformer_add97_permuted_s1,1,
30300,1.0,0.008806559257209301,permuted labels,transformer_add97_permuted_s1,1,
30400,1.0,0.00911023374646902,permuted labels,transformer_add97_permuted_s1,1,
30500,1.0,0.00926207099109888,permuted labels,transformer_add97_permuted_s1,1,
30600,1.0,0.00911023374646902,permuted labels,transformer_add97_permuted_s1,1,
30700,1.0,0.00941390823572874,permuted labels,transformer_add97_permuted_s1,1,
30800,1.0,0.00926207099109888,permuted labels,transformer_add97_permuted_s1,1,
30900,1.0,0.00926207099109888,permuted labels,transformer_add97_permuted_s1,1,
31000,1.0,0.00911023374646902,permuted labels,transformer_add97_permuted_s1,1,
31100,1.0,0.00911023374646902,permuted labels,transformer_add97_permuted_s1,1,
31200,1.0,0.00926207099109888,permuted labels,transformer_add97_permuted_s1,1,
31300,1.0,0.00971758272498846,permuted labels,transformer_add97_permuted_s1,1,
31400,1.0,0.00911023374646902,permuted labels,transformer_add97_permuted_s1,1,
31500,1.0,0.008806559257209301,permuted labels,transformer_add97_permuted_s1,1,
31600,1.0,0.00911023374646902,permuted labels,transformer_add97_permuted_s1,1,
31700,1.0,0.00941390823572874,permuted labels,transformer_add97_permuted_s1,1,
31800,1.0,0.01017309445887804,permuted labels,transformer_add97_permuted_s1,1,
31900,1.0,0.01017309445887804,permuted labels,transformer_add97_permuted_s1,1,
32000,1.0,0.00986941996961832,permuted labels,transformer_add97_permuted_s1,1,
32100,1.0,0.01002125721424818,permuted labels,transformer_add97_permuted_s1,1,
32200,1.0,0.01047676894813776,permuted labels,transformer_add97_permuted_s1,1,
32300,1.0,0.008806559257209301,permuted labels,transformer_add97_permuted_s1,1,
32400,1.0,0.01138779241591692,permuted labels,transformer_add97_permuted_s1,1,
32500,1.0,0.0103249317035079,permuted labels,transformer_add97_permuted_s1,1,
32600,1.0,0.00941390823572874,permuted labels,transformer_add97_permuted_s1,1,
32700,1.0,0.00941390823572874,permuted labels,transformer_add97_permuted_s1,1,
32800,1.0,0.00926207099109888,permuted labels,transformer_add97_permuted_s1,1,
32900,1.0,0.008958396501839161,permuted labels,transformer_add97_permuted_s1,1,
33000,1.0,0.008806559257209301,permuted labels,transformer_add97_permuted_s1,1,
33100,1.0,0.0095657454803586,permuted labels,transformer_add97_permuted_s1,1,
33200,1.0,0.00941390823572874,permuted labels,transformer_add97_permuted_s1,1,
33300,1.0,0.01002125721424818,permuted labels,transformer_add97_permuted_s1,1,
33400,0.981934130191803,0.00971758272498846,permuted labels,transformer_add97_permuted_s1,1,
33500,1.0,0.00911023374646902,permuted labels,transformer_add97_permuted_s1,1,
33600,1.0,0.00971758272498846,permuted labels,transformer_add97_permuted_s1,1,
33700,1.0,0.008958396501839161,permuted labels,transformer_add97_permuted_s1,1,
33800,1.0,0.008351047523319721,permuted labels,transformer_add97_permuted_s1,1,
33900,1.0,0.008958396501839161,permuted labels,transformer_add97_permuted_s1,1,
34000,1.0,0.00941390823572874,permuted labels,transformer_add97_permuted_s1,1,
34100,1.0,0.01047676894813776,permuted labels,transformer_add97_permuted_s1,1,
34200,1.0,0.0103249317035079,permuted labels,transformer_add97_permuted_s1,1,
34300,1.0,0.00971758272498846,permuted labels,transformer_add97_permuted_s1,1,
34400,1.0,0.00926207099109888,permuted labels,transformer_add97_permuted_s1,1,
34500,1.0,0.01093228068202734,permuted labels,transformer_add97_permuted_s1,1,
34600,1.0,0.01017309445887804,permuted labels,transformer_add97_permuted_s1,1,
34700,1.0,0.00971758272498846,permuted labels,transformer_add97_permuted_s1,1,
34800,1.0,0.01017309445887804,permuted labels,transformer_add97_permuted_s1,1,
34900,1.0,0.01062860619276762,permuted labels,transformer_add97_permuted_s1,1,
35000,1.0,0.01047676894813776,permuted labels,transformer_add97_permuted_s1,1,
35100,1.0,0.00971758272498846,permuted labels,transformer_add97_permuted_s1,1,
35200,1.0,0.01002125721424818,permuted labels,transformer_add97_permuted_s1,1,
35300,1.0,0.01017309445887804,permuted labels,transformer_add97_permuted_s1,1,
35400,1.0,0.01002125721424818,permuted labels,transformer_add97_permuted_s1,1,
35500,1.0,0.0095657454803586,permuted labels,transformer_add97_permuted_s1,1,
35600,1.0,0.00986941996961832,permuted labels,transformer_add97_permuted_s1,1,
35700,1.0,0.01078044343739748,permuted labels,transformer_add97_permuted_s1,1,
35800,1.0,0.01002125721424818,permuted labels,transformer_add97_permuted_s1,1,
35900,1.0,0.00971758272498846,permuted labels,transformer_add97_permuted_s1,1,
36000,1.0,0.01078044343739748,permuted labels,transformer_add97_permuted_s1,1,
36100,1.0,0.0110841179266572,permuted labels,transformer_add97_permuted_s1,1,
36200,1.0,0.01047676894813776,permuted labels,transformer_add97_permuted_s1,1,
36300,1.0,0.01002125721424818,permuted labels,transformer_add97_permuted_s1,1,
36400,1.0,0.01017309445887804,permuted labels,transformer_add97_permuted_s1,1,
36500,1.0,0.0103249317035079,permuted labels,transformer_add97_permuted_s1,1,
36600,1.0,0.01062860619276762,permuted labels,transformer_add97_permuted_s1,1,
36700,1.0,0.01078044343739748,permuted labels,transformer_add97_permuted_s1,1,
36800,1.0,0.00911023374646902,permuted labels,transformer_add97_permuted_s1,1,
36900,1.0,0.00941390823572874,permuted labels,transformer_add97_permuted_s1,1,
37000,1.0,0.0095657454803586,permuted labels,transformer_add97_permuted_s1,1,
37100,1.0,0.01047676894813776,permuted labels,transformer_add97_permuted_s1,1,
37200,1.0,0.01017309445887804,permuted labels,transformer_add97_permuted_s1,1,
37300,1.0,0.00926207099109888,permuted labels,transformer_add97_permuted_s1,1,
37400,1.0,0.00926207099109888,permuted labels,transformer_add97_permuted_s1,1,
37500,1.0,0.00986941996961832,permuted labels,transformer_add97_permuted_s1,1,
37600,1.0,0.01002125721424818,permuted labels,transformer_add97_permuted_s1,1,
37700,1.0,0.00971758272498846,permuted labels,transformer_add97_permuted_s1,1,
37800,1.0,0.0095657454803586,permuted labels,transformer_add97_permuted_s1,1,
37900,1.0,0.01093228068202734,permuted labels,transformer_add97_permuted_s1,1,
38000,1.0,0.01017309445887804,permuted labels,transformer_add97_permuted_s1,1,
38100,1.0,0.00986941996961832,permuted labels,transformer_add97_permuted_s1,1,
38200,1.0,0.0110841179266572,permuted labels,transformer_add97_permuted_s1,1,
38300,1.0,0.01002125721424818,permuted labels,transformer_add97_permuted_s1,1,
38400,1.0,0.01002125721424818,permuted labels,transformer_add97_permuted_s1,1,
38500,1.0,0.01078044343739748,permuted labels,transformer_add97_permuted_s1,1,
38600,1.0,0.01138779241591692,permuted labels,transformer_add97_permuted_s1,1,
38700,1.0,0.0110841179266572,permuted labels,transformer_add97_permuted_s1,1,
38800,1.0,0.01062860619276762,permuted labels,transformer_add97_permuted_s1,1,
38900,1.0,0.0103249317035079,permuted labels,transformer_add97_permuted_s1,1,
39000,0.9734324812889099,0.00911023374646902,permuted labels,transformer_add97_permuted_s1,1,
39100,1.0,0.008351047523319721,permuted labels,transformer_add97_permuted_s1,1,
39200,1.0,0.01153962966054678,permuted labels,transformer_add97_permuted_s1,1,
39300,1.0,0.0110841179266572,permuted labels,transformer_add97_permuted_s1,1,
39400,1.0,0.01138779241591692,permuted labels,transformer_add97_permuted_s1,1,
39500,1.0,0.01047676894813776,permuted labels,transformer_add97_permuted_s1,1,
39600,1.0,0.00971758272498846,permuted labels,transformer_add97_permuted_s1,1,
39700,1.0,0.00971758272498846,permuted labels,transformer_add97_permuted_s1,1,
39800,1.0,0.01062860619276762,permuted labels,transformer_add97_permuted_s1,1,
39900,1.0,0.01062860619276762,permuted labels,transformer_add97_permuted_s1,1,
40000,1.0,0.0103249317035079,permuted labels,transformer_add97_permuted_s1,1,
40100,1.0,0.01002125721424818,permuted labels,transformer_add97_permuted_s1,1,
40200,1.0,0.01002125721424818,permuted labels,transformer_add97_permuted_s1,1,
40300,1.0,0.00941390823572874,permuted labels,transformer_add97_permuted_s1,1,
40400,1.0,0.0103249317035079,permuted labels,transformer_add97_permuted_s1,1,
40500,1.0,0.0095657454803586,permuted labels,transformer_add97_permuted_s1,1,
40600,1.0,0.00986941996961832,permuted labels,transformer_add97_permuted_s1,1,
40700,1.0,0.01017309445887804,permuted labels,transformer_add97_permuted_s1,1,
40800,1.0,0.01047676894813776,permuted labels,transformer_add97_permuted_s1,1,
40900,1.0,0.01062860619276762,permuted labels,transformer_add97_permuted_s1,1,
41000,1.0,0.01047676894813776,permuted labels,transformer_add97_permuted_s1,1,
41100,1.0,0.00986941996961832,permuted labels,transformer_add97_permuted_s1,1,
41200,1.0,0.00971758272498846,permuted labels,transformer_add97_permuted_s1,1,
41300,1.0,0.0103249317035079,permuted labels,transformer_add97_permuted_s1,1,
41400,1.0,0.01002125721424818,permuted labels,transformer_add97_permuted_s1,1,
41500,1.0,0.01002125721424818,permuted labels,transformer_add97_permuted_s1,1,
41600,1.0,0.0110841179266572,permuted labels,transformer_add97_permuted_s1,1,
41700,1.0,0.01138779241591692,permuted labels,transformer_add97_permuted_s1,1,
41800,1.0,0.01062860619276762,permuted labels,transformer_add97_permuted_s1,1,
41900,1.0,0.01078044343739748,permuted labels,transformer_add97_permuted_s1,1,
42000,1.0,0.01017309445887804,permuted labels,transformer_add97_permuted_s1,1,
42100,1.0,0.01017309445887804,permuted labels,transformer_add97_permuted_s1,1,
42200,1.0,0.01062860619276762,permuted labels,transformer_add97_permuted_s1,1,
42300,1.0,0.01062860619276762,permuted labels,transformer_add97_permuted_s1,1,
42400,1.0,0.01047676894813776,permuted labels,transformer_add97_permuted_s1,1,
42500,1.0,0.01093228068202734,permuted labels,transformer_add97_permuted_s1,1,
42600,1.0,0.0110841179266572,permuted labels,transformer_add97_permuted_s1,1,
42700,1.0,0.01138779241591692,permuted labels,transformer_add97_permuted_s1,1,
42800,1.0,0.01017309445887804,permuted labels,transformer_add97_permuted_s1,1,
42900,1.0,0.01002125721424818,permuted labels,transformer_add97_permuted_s1,1,
43000,1.0,0.01047676894813776,permuted labels,transformer_add97_permuted_s1,1,
43100,1.0,0.0103249317035079,permuted labels,transformer_add97_permuted_s1,1,
43200,1.0,0.01123595517128706,permuted labels,transformer_add97_permuted_s1,1,
43300,1.0,0.01093228068202734,permuted labels,transformer_add97_permuted_s1,1,
43400,1.0,0.0103249317035079,permuted labels,transformer_add97_permuted_s1,1,
43500,1.0,0.00986941996961832,permuted labels,transformer_add97_permuted_s1,1,
43600,1.0,0.0103249317035079,permuted labels,transformer_add97_permuted_s1,1,
43700,1.0,0.01017309445887804,permuted labels,transformer_add97_permuted_s1,1,
43800,1.0,0.01002125721424818,permuted labels,transformer_add97_permuted_s1,1,
43900,1.0,0.01093228068202734,permuted labels,transformer_add97_permuted_s1,1,
44000,1.0,0.01123595517128706,permuted labels,transformer_add97_permuted_s1,1,
44100,1.0,0.01017309445887804,permuted labels,transformer_add97_permuted_s1,1,
44200,1.0,0.01047676894813776,permuted labels,transformer_add97_permuted_s1,1,
44300,1.0,0.00911023374646902,permuted labels,transformer_add97_permuted_s1,1,
44400,1.0,0.00986941996961832,permuted labels,transformer_add97_permuted_s1,1,
44500,1.0,0.01078044343739748,permuted labels,transformer_add97_permuted_s1,1,
44600,1.0,0.01093228068202734,permuted labels,transformer_add97_permuted_s1,1,
44700,1.0,0.01062860619276762,permuted labels,transformer_add97_permuted_s1,1,
44800,1.0,0.00971758272498846,permuted labels,transformer_add97_permuted_s1,1,
44900,1.0,0.01017309445887804,permuted labels,transformer_add97_permuted_s1,1,
45000,1.0,0.01017309445887804,permuted labels,transformer_add97_permuted_s1,1,
45100,1.0,0.01047676894813776,permuted labels,transformer_add97_permuted_s1,1,
45200,1.0,0.0103249317035079,permuted labels,transformer_add97_permuted_s1,1,
45300,1.0,0.0118433041498065,permuted labels,transformer_add97_permuted_s1,1,
45400,1.0,0.01153962966054678,permuted labels,transformer_add97_permuted_s1,1,
45500,1.0,0.01169146690517664,permuted labels,transformer_add97_permuted_s1,1,
45600,1.0,0.01017309445887804,permuted labels,transformer_add97_permuted_s1,1,
45700,1.0,0.0103249317035079,permuted labels,transformer_add97_permuted_s1,1,
45800,1.0,0.01047676894813776,permuted labels,transformer_add97_permuted_s1,1,
45900,1.0,0.00971758272498846,permuted labels,transformer_add97_permuted_s1,1,
46000,1.0,0.00971758272498846,permuted labels,transformer_add97_permuted_s1,1,
46100,1.0,0.01017309445887804,permuted labels,transformer_add97_permuted_s1,1,
46200,1.0,0.00971758272498846,permuted labels,transformer_add97_permuted_s1,1,
46300,1.0,0.00911023374646902,permuted labels,transformer_add97_permuted_s1,1,
46400,1.0,0.0095657454803586,permuted labels,transformer_add97_permuted_s1,1,
46500,1.0,0.01229881588369608,permuted labels,transformer_add97_permuted_s1,1,
46600,1.0,0.01078044343739748,permuted labels,transformer_add97_permuted_s1,1,
46700,1.0,0.01062860619276762,permuted labels,transformer_add97_permuted_s1,1,
46800,1.0,0.00941390823572874,permuted labels,transformer_add97_permuted_s1,1,
46900,1.0,0.008958396501839161,permuted labels,transformer_add97_permuted_s1,1,
47000,1.0,0.008806559257209301,permuted labels,transformer_add97_permuted_s1,1,
47100,1.0,0.008654722012579441,permuted labels,transformer_add97_permuted_s1,1,
47200,1.0,0.008958396501839161,permuted labels,transformer_add97_permuted_s1,1,
47300,1.0,0.008351047523319721,permuted labels,transformer_add97_permuted_s1,1,
47400,1.0,0.008502884767949581,permuted labels,transformer_add97_permuted_s1,1,
47500,1.0,0.01017309445887804,permuted labels,transformer_add97_permuted_s1,1,
47600,1.0,0.01093228068202734,permuted labels,transformer_add97_permuted_s1,1,
47700,1.0,0.01002125721424818,permuted labels,transformer_add97_permuted_s1,1,
47800,1.0,0.00911023374646902,permuted labels,transformer_add97_permuted_s1,1,
47900,1.0,0.00926207099109888,permuted labels,transformer_add97_permuted_s1,1,
48000,1.0,0.00971758272498846,permuted labels,transformer_add97_permuted_s1,1,
48100,1.0,0.00926207099109888,permuted labels,transformer_add97_permuted_s1,1,
48200,1.0,0.008958396501839161,permuted labels,transformer_add97_permuted_s1,1,
48300,1.0,0.008806559257209301,permuted labels,transformer_add97_permuted_s1,1,
48400,1.0,0.008502884767949581,permuted labels,transformer_add97_permuted_s1,1,
48500,1.0,0.008351047523319721,permuted labels,transformer_add97_permuted_s1,1,
48600,1.0,0.00986941996961832,permuted labels,transformer_add97_permuted_s1,1,
48700,1.0,0.0077436985448002815,permuted labels,transformer_add97_permuted_s1,1,
48800,1.0,0.008806559257209301,permuted labels,transformer_add97_permuted_s1,1,
48900,1.0,0.00911023374646902,permuted labels,transformer_add97_permuted_s1,1,
49000,1.0,0.00941390823572874,permuted labels,transformer_add97_permuted_s1,1,
49100,1.0,0.00941390823572874,permuted labels,transformer_add97_permuted_s1,1,
49200,1.0,0.00971758272498846,permuted labels,transformer_add97_permuted_s1,1,
49300,1.0,0.00986941996961832,permuted labels,transformer_add97_permuted_s1,1,
49400,1.0,0.00986941996961832,permuted labels,transformer_add97_permuted_s1,1,
49500,1.0,0.0095657454803586,permuted labels,transformer_add97_permuted_s1,1,
49600,1.0,0.01078044343739748,permuted labels,transformer_add97_permuted_s1,1,
49700,1.0,0.01017309445887804,permuted labels,transformer_add97_permuted_s1,1,
49800,1.0,0.01002125721424818,permuted labels,transformer_add97_permuted_s1,1,
49900,1.0,0.01002125721424818,permuted labels,transformer_add97_permuted_s1,1,
50000,1.0,0.00986941996961832,permuted labels,transformer_add97_permuted_s1,1,
50100,1.0,0.01017309445887804,permuted labels,transformer_add97_permuted_s1,1,
50200,1.0,0.01017309445887804,permuted labels,transformer_add97_permuted_s1,1,
50300,1.0,0.0095657454803586,permuted labels,transformer_add97_permuted_s1,1,
50400,1.0,0.01017309445887804,permuted labels,transformer_add97_permuted_s1,1,
50500,1.0,0.0095657454803586,permuted labels,transformer_add97_permuted_s1,1,
50600,1.0,0.00926207099109888,permuted labels,transformer_add97_permuted_s1,1,
50700,1.0,0.00971758272498846,permuted labels,transformer_add97_permuted_s1,1,
50800,1.0,0.00986941996961832,permuted labels,transformer_add97_permuted_s1,1,
50900,1.0,0.008806559257209301,permuted labels,transformer_add97_permuted_s1,1,
51000,1.0,0.00971758272498846,permuted labels,transformer_add97_permuted_s1,1,
51100,1.0,0.01047676894813776,permuted labels,transformer_add97_permuted_s1,1,
51200,1.0,0.00971758272498846,permuted labels,transformer_add97_permuted_s1,1,
51300,1.0,0.01078044343739748,permuted labels,transformer_add97_permuted_s1,1,
51400,1.0,0.01123595517128706,permuted labels,transformer_add97_permuted_s1,1,
51500,1.0,0.01062860619276762,permuted labels,transformer_add97_permuted_s1,1,
51600,1.0,0.01138779241591692,permuted labels,transformer_add97_permuted_s1,1,
51700,1.0,0.01138779241591692,permuted labels,transformer_add97_permuted_s1,1,
51800,1.0,0.01078044343739748,permuted labels,transformer_add97_permuted_s1,1,
51900,1.0,0.01062860619276762,permuted labels,transformer_add97_permuted_s1,1,
52000,1.0,0.01017309445887804,permuted labels,transformer_add97_permuted_s1,1,
52100,1.0,0.0095657454803586,permuted labels,transformer_add97_permuted_s1,1,
52200,1.0,0.0095657454803586,permuted labels,transformer_add97_permuted_s1,1,
52300,1.0,0.00926207099109888,permuted labels,transformer_add97_permuted_s1,1,
52400,1.0,0.008958396501839161,permuted labels,transformer_add97_permuted_s1,1,
52500,1.0,0.01047676894813776,permuted labels,transformer_add97_permuted_s1,1,
52600,1.0,0.01002125721424818,permuted labels,transformer_add97_permuted_s1,1,
52700,1.0,0.00986941996961832,permuted labels,transformer_add97_permuted_s1,1,
52800,1.0,0.01017309445887804,permuted labels,transformer_add97_permuted_s1,1,
52900,1.0,0.01017309445887804,permuted labels,transformer_add97_permuted_s1,1,
53000,1.0,0.00971758272498846,permuted labels,transformer_add97_permuted_s1,1,
53100,1.0,0.00971758272498846,permuted labels,transformer_add97_permuted_s1,1,
53200,1.0,0.00971758272498846,permuted labels,transformer_add97_permuted_s1,1,
53300,0.6840240955352783,0.01153962966054678,permuted labels,transformer_add97_permuted_s1,1,
53400,1.0,0.008654722012579441,permuted labels,transformer_add97_permuted_s1,1,
53500,1.0,0.01047676894813776,permuted labels,transformer_add97_permuted_s1,1,
53600,1.0,0.0110841179266572,permuted labels,transformer_add97_permuted_s1,1,
53700,1.0,0.01093228068202734,permuted labels,transformer_add97_permuted_s1,1,
53800,1.0,0.0103249317035079,permuted labels,transformer_add97_permuted_s1,1,
53900,1.0,0.01078044343739748,permuted labels,transformer_add97_permuted_s1,1,
54000,1.0,0.01078044343739748,permuted labels,transformer_add97_permuted_s1,1,
54100,1.0,0.01002125721424818,permuted labels,transformer_add97_permuted_s1,1,
54200,1.0,0.00971758272498846,permuted labels,transformer_add97_permuted_s1,1,
54300,1.0,0.0103249317035079,permuted labels,transformer_add97_permuted_s1,1,
54400,1.0,0.0095657454803586,permuted labels,transformer_add97_permuted_s1,1,
54500,1.0,0.008199210278689861,permuted labels,transformer_add97_permuted_s1,1,
54600,1.0,0.008502884767949581,permuted labels,transformer_add97_permuted_s1,1,
54700,1.0,0.008654722012579441,permuted labels,transformer_add97_permuted_s1,1,
54800,1.0,0.01047676894813776,permuted labels,transformer_add97_permuted_s1,1,
54900,1.0,0.0103249317035079,permuted labels,transformer_add97_permuted_s1,1,
55000,1.0,0.00986941996961832,permuted labels,transformer_add97_permuted_s1,1,
55100,1.0,0.00911023374646902,permuted labels,transformer_add97_permuted_s1,1,
55200,1.0,0.00926207099109888,permuted labels,transformer_add97_permuted_s1,1,
55300,1.0,0.00941390823572874,permuted labels,transformer_add97_permuted_s1,1,
55400,1.0,0.00971758272498846,permuted labels,transformer_add97_permuted_s1,1,
55500,1.0,0.008199210278689861,permuted labels,transformer_add97_permuted_s1,1,
55600,1.0,0.008958396501839161,permuted labels,transformer_add97_permuted_s1,1,
55700,1.0,0.00926207099109888,permuted labels,transformer_add97_permuted_s1,1,
55800,1.0,0.00986941996961832,permuted labels,transformer_add97_permuted_s1,1,
55900,1.0,0.01017309445887804,permuted labels,transformer_add97_permuted_s1,1,
56000,1.0,0.01062860619276762,permuted labels,transformer_add97_permuted_s1,1,
56100,1.0,0.01093228068202734,permuted labels,transformer_add97_permuted_s1,1,
56200,1.0,0.01123595517128706,permuted labels,transformer_add97_permuted_s1,1,
56300,1.0,0.01093228068202734,permuted labels,transformer_add97_permuted_s1,1,
56400,1.0,0.01093228068202734,permuted labels,transformer_add97_permuted_s1,1,
56500,1.0,0.0110841179266572,permuted labels,transformer_add97_permuted_s1,1,
56600,1.0,0.01062860619276762,permuted labels,transformer_add97_permuted_s1,1,
56700,1.0,0.01169146690517664,permuted labels,transformer_add97_permuted_s1,1,
56800,1.0,0.01093228068202734,permuted labels,transformer_add97_permuted_s1,1,
56900,1.0,0.01169146690517664,permuted labels,transformer_add97_permuted_s1,1,
57000,1.0,0.0110841179266572,permuted labels,transformer_add97_permuted_s1,1,
57100,1.0,0.01078044343739748,permuted labels,transformer_add97_permuted_s1,1,
57200,1.0,0.01093228068202734,permuted labels,transformer_add97_permuted_s1,1,
57300,1.0,0.01047676894813776,permuted labels,transformer_add97_permuted_s1,1,
57400,1.0,0.01062860619276762,permuted labels,transformer_add97_permuted_s1,1,
57500,1.0,0.01047676894813776,permuted labels,transformer_add97_permuted_s1,1,
57600,1.0,0.01017309445887804,permuted labels,transformer_add97_permuted_s1,1,
57700,1.0,0.0103249317035079,permuted labels,transformer_add97_permuted_s1,1,
57800,1.0,0.01093228068202734,permuted labels,transformer_add97_permuted_s1,1,
57900,1.0,0.01002125721424818,permuted labels,transformer_add97_permuted_s1,1,
58000,1.0,0.01017309445887804,permuted labels,transformer_add97_permuted_s1,1,
58100,1.0,0.01017309445887804,permuted labels,transformer_add97_permuted_s1,1,
58200,1.0,0.01047676894813776,permuted labels,transformer_add97_permuted_s1,1,
58300,1.0,0.00941390823572874,permuted labels,transformer_add97_permuted_s1,1,
58400,1.0,0.008806559257209301,permuted labels,transformer_add97_permuted_s1,1,
58500,1.0,0.00971758272498846,permuted labels,transformer_add97_permuted_s1,1,
58600,1.0,0.00971758272498846,permuted labels,transformer_add97_permuted_s1,1,
58700,1.0,0.01002125721424818,permuted labels,transformer_add97_permuted_s1,1,
58800,1.0,0.01017309445887804,permuted labels,transformer_add97_permuted_s1,1,
58900,1.0,0.01017309445887804,permuted labels,transformer_add97_permuted_s1,1,
59000,1.0,0.01002125721424818,permuted labels,transformer_add97_permuted_s1,1,
59100,1.0,0.01062860619276762,permuted labels,transformer_add97_permuted_s1,1,
59200,1.0,0.01017309445887804,permuted labels,transformer_add97_permuted_s1,1,
59300,1.0,0.00911023374646902,permuted labels,transformer_add97_permuted_s1,1,
59400,1.0,0.01093228068202734,permuted labels,transformer_add97_permuted_s1,1,
59500,1.0,0.01047676894813776,permuted labels,transformer_add97_permuted_s1,1,
59600,1.0,0.00971758272498846,permuted labels,transformer_add97_permuted_s1,1,
59700,1.0,0.01062860619276762,permuted labels,transformer_add97_permuted_s1,1,
59800,1.0,0.01002125721424818,permuted labels,transformer_add97_permuted_s1,1,
59900,1.0,0.01123595517128706,permuted labels,transformer_add97_permuted_s1,1,
60000,1.0,0.01123595517128706,permuted labels,transformer_add97_permuted_s1,1,
0,0.00708466162905097,0.01153962966054678,permuted labels,transformer_add97_permuted_s2,2,
100,0.8175699710845947,0.01123595517128706,permuted labels,transformer_add97_permuted_s2,2,
200,0.9985830783843994,0.012906164862215519,permuted labels,transformer_add97_permuted_s2,2,
300,1.0,0.01199514139443636,permuted labels,transformer_add97_permuted_s2,2,
400,1.0,0.01199514139443636,permuted labels,transformer_add97_permuted_s2,2,
500,1.0,0.01138779241591692,permuted labels,transformer_add97_permuted_s2,2,
600,1.0,0.01093228068202734,permuted labels,transformer_add97_permuted_s2,2,
700,1.0,0.012754327617585659,permuted labels,transformer_add97_permuted_s2,2,
800,1.0,0.01093228068202734,permuted labels,transformer_add97_permuted_s2,2,
900,1.0,0.01017309445887804,permuted labels,transformer_add97_permuted_s2,2,
1000,0.9858306646347046,0.013058002106845379,permuted labels,transformer_add97_permuted_s2,2,
1100,1.0,0.01199514139443636,permuted labels,transformer_add97_permuted_s2,2,
1200,0.07120084762573242,0.01199514139443636,permuted labels,transformer_add97_permuted_s2,2,
1300,1.0,0.013058002106845379,permuted labels,transformer_add97_permuted_s2,2,
1400,0.9996457695960999,0.012602490372955799,permuted labels,transformer_add97_permuted_s2,2,
1500,1.0,0.013513513840734959,permuted labels,transformer_add97_permuted_s2,2,
1600,1.0,0.01229881588369608,permuted labels,transformer_add97_permuted_s2,2,
1700,1.0,0.01245065312832594,permuted labels,transformer_add97_permuted_s2,2,
1800,1.0,0.01214697863906622,permuted labels,transformer_add97_permuted_s2,2,
1900,0.1725115180015564,0.01214697863906622,permuted labels,transformer_add97_permuted_s2,2,
2000,1.0,0.01169146690517664,permuted labels,transformer_add97_permuted_s2,2,
2100,0.2217499017715454,0.00971758272498846,permuted labels,transformer_add97_permuted_s2,2,
2200,1.0,0.00971758272498846,permuted labels,transformer_add97_permuted_s2,2,
2300,1.0,0.01062860619276762,permuted labels,transformer_add97_permuted_s2,2,
2400,1.0,0.01078044343739748,permuted labels,transformer_add97_permuted_s2,2,
2500,1.0,0.01062860619276762,permuted labels,transformer_add97_permuted_s2,2,
2600,1.0,0.01017309445887804,permuted labels,transformer_add97_permuted_s2,2,
2700,1.0,0.00926207099109888,permuted labels,transformer_add97_permuted_s2,2,
2800,1.0,0.012602490372955799,permuted labels,transformer_add97_permuted_s2,2,
2900,1.0,0.01093228068202734,permuted labels,transformer_add97_permuted_s2,2,
3000,1.0,0.0110841179266572,permuted labels,transformer_add97_permuted_s2,2,
3100,1.0,0.01093228068202734,permuted labels,transformer_add97_permuted_s2,2,
3200,1.0,0.01047676894813776,permuted labels,transformer_add97_permuted_s2,2,
3300,1.0,0.01093228068202734,permuted labels,transformer_add97_permuted_s2,2,
3400,1.0,0.01062860619276762,permuted labels,transformer_add97_permuted_s2,2,
3500,1.0,0.01047676894813776,permuted labels,transformer_add97_permuted_s2,2,
3600,1.0,0.01017309445887804,permuted labels,transformer_add97_permuted_s2,2,
3700,1.0,0.01062860619276762,permuted labels,transformer_add97_permuted_s2,2,
3800,1.0,0.01078044343739748,permuted labels,transformer_add97_permuted_s2,2,
3900,1.0,0.01138779241591692,permuted labels,transformer_add97_permuted_s2,2,
4000,1.0,0.01138779241591692,permuted labels,transformer_add97_permuted_s2,2,
4100,1.0,0.013665351085364819,permuted labels,transformer_add97_permuted_s2,2,
4200,1.0,0.01245065312832594,permuted labels,transformer_add97_permuted_s2,2,
4300,1.0,0.01138779241591692,permuted labels,transformer_add97_permuted_s2,2,
4400,1.0,0.01062860619276762,permuted labels,transformer_add97_permuted_s2,2,
4500,1.0,0.01093228068202734,permuted labels,transformer_add97_permuted_s2,2,
4600,1.0,0.01138779241591692,permuted labels,transformer_add97_permuted_s2,2,
4700,1.0,0.01214697863906622,permuted labels,transformer_add97_permuted_s2,2,
4800,1.0,0.01169146690517664,permuted labels,transformer_add97_permuted_s2,2,
4900,1.0,0.01123595517128706,permuted labels,transformer_add97_permuted_s2,2,
5000,1.0,0.01123595517128706,permuted labels,transformer_add97_permuted_s2,2,
5100,1.0,0.01017309445887804,permuted labels,transformer_add97_permuted_s2,2,
5200,1.0,0.00941390823572874,permuted labels,transformer_add97_permuted_s2,2,
5300,1.0,0.01002125721424818,permuted labels,transformer_add97_permuted_s2,2,
5400,1.0,0.01062860619276762,permuted labels,transformer_add97_permuted_s2,2,
5500,1.0,0.01169146690517664,permuted labels,transformer_add97_permuted_s2,2,
5600,1.0,0.0110841179266572,permuted labels,transformer_add97_permuted_s2,2,
5700,1.0,0.01153962966054678,permuted labels,transformer_add97_permuted_s2,2,
5800,1.0,0.01199514139443636,permuted labels,transformer_add97_permuted_s2,2,
5900,1.0,0.01169146690517664,permuted labels,transformer_add97_permuted_s2,2,
6000,1.0,0.01169146690517664,permuted labels,transformer_add97_permuted_s2,2,
6100,1.0,0.01138779241591692,permuted labels,transformer_add97_permuted_s2,2,
6200,1.0,0.01093228068202734,permuted labels,transformer_add97_permuted_s2,2,
6300,1.0,0.01017309445887804,permuted labels,transformer_add97_permuted_s2,2,
6400,1.0,0.00986941996961832,permuted labels,transformer_add97_permuted_s2,2,
6500,1.0,0.0103249317035079,permuted labels,transformer_add97_permuted_s2,2,
6600,1.0,0.01093228068202734,permuted labels,transformer_add97_permuted_s2,2,
6700,1.0,0.01047676894813776,permuted labels,transformer_add97_permuted_s2,2,
6800,1.0,0.01093228068202734,permuted labels,transformer_add97_permuted_s2,2,
6900,1.0,0.01123595517128706,permuted labels,transformer_add97_permuted_s2,2,
7000,1.0,0.01138779241591692,permuted labels,transformer_add97_permuted_s2,2,
7100,1.0,0.01153962966054678,permuted labels,transformer_add97_permuted_s2,2,
7200,1.0,0.0118433041498065,permuted labels,transformer_add97_permuted_s2,2,
7300,1.0,0.01169146690517664,permuted labels,transformer_add97_permuted_s2,2,
7400,1.0,0.00986941996961832,permuted labels,transformer_add97_permuted_s2,2,
7500,1.0,0.00986941996961832,permuted labels,transformer_add97_permuted_s2,2,
7600,1.0,0.01078044343739748,permuted labels,transformer_add97_permuted_s2,2,
7700,1.0,0.01047676894813776,permuted labels,transformer_add97_permuted_s2,2,
7800,1.0,0.01047676894813776,permuted labels,transformer_add97_permuted_s2,2,
7900,1.0,0.01093228068202734,permuted labels,transformer_add97_permuted_s2,2,
8000,1.0,0.01093228068202734,permuted labels,transformer_add97_permuted_s2,2,
8100,1.0,0.01123595517128706,permuted labels,transformer_add97_permuted_s2,2,
8200,1.0,0.01153962966054678,permuted labels,transformer_add97_permuted_s2,2,
8300,1.0,0.01153962966054678,permuted labels,transformer_add97_permuted_s2,2,
8400,1.0,0.01017309445887804,permuted labels,transformer_add97_permuted_s2,2,
8500,1.0,0.00941390823572874,permuted labels,transformer_add97_permuted_s2,2,
8600,1.0,0.01017309445887804,permuted labels,transformer_add97_permuted_s2,2,
8700,1.0,0.01153962966054678,permuted labels,transformer_add97_permuted_s2,2,
8800,1.0,0.0110841179266572,permuted labels,transformer_add97_permuted_s2,2,
8900,1.0,0.01093228068202734,permuted labels,transformer_add97_permuted_s2,2,
9000,1.0,0.01078044343739748,permuted labels,transformer_add97_permuted_s2,2,
9100,1.0,0.01078044343739748,permuted labels,transformer_add97_permuted_s2,2,
9200,1.0,0.0110841179266572,permuted labels,transformer_add97_permuted_s2,2,
9300,1.0,0.01062860619276762,permuted labels,transformer_add97_permuted_s2,2,
9400,1.0,0.0110841179266572,permuted labels,transformer_add97_permuted_s2,2,
9500,1.0,0.01138779241591692,permuted labels,transformer_add97_permuted_s2,2,
9600,1.0,0.01093228068202734,permuted labels,transformer_add97_permuted_s2,2,
9700,1.0,0.0110841179266572,permuted labels,transformer_add97_permuted_s2,2,
9800,1.0,0.01138779241591692,permuted labels,transformer_add97_permuted_s2,2,
9900,1.0,0.0110841179266572,permuted labels,transformer_add97_permuted_s2,2,
10000,1.0,0.0110841179266572,permuted labels,transformer_add97_permuted_s2,2,
10100,1.0,0.01138779241591692,permuted labels,transformer_add97_permuted_s2,2,
10200,1.0,0.01153962966054678,permuted labels,transformer_add97_permuted_s2,2,
10300,1.0,0.01153962966054678,permuted labels,transformer_add97_permuted_s2,2,
10400,1.0,0.01199514139443636,permuted labels,transformer_add97_permuted_s2,2,
10500,1.0,0.01153962966054678,permuted labels,transformer_add97_permuted_s2,2,
10600,1.0,0.01169146690517664,permuted labels,transformer_add97_permuted_s2,2,
10700,1.0,0.01138779241591692,permuted labels,transformer_add97_permuted_s2,2,
10800,1.0,0.01214697863906622,permuted labels,transformer_add97_permuted_s2,2,
10900,1.0,0.013058002106845379,permuted labels,transformer_add97_permuted_s2,2,
11000,1.0,0.01214697863906622,permuted labels,transformer_add97_permuted_s2,2,
11100,1.0,0.01229881588369608,permuted labels,transformer_add97_permuted_s2,2,
11200,1.0,0.01229881588369608,permuted labels,transformer_add97_permuted_s2,2,
11300,1.0,0.01153962966054678,permuted labels,transformer_add97_permuted_s2,2,
11400,1.0,0.0118433041498065,permuted labels,transformer_add97_permuted_s2,2,
11500,1.0,0.01047676894813776,permuted labels,transformer_add97_permuted_s2,2,
11600,1.0,0.0110841179266572,permuted labels,transformer_add97_permuted_s2,2,
11700,1.0,0.01138779241591692,permuted labels,transformer_add97_permuted_s2,2,
11800,1.0,0.0118433041498065,permuted labels,transformer_add97_permuted_s2,2,
11900,1.0,0.01245065312832594,permuted labels,transformer_add97_permuted_s2,2,
12000,1.0,0.0118433041498065,permuted labels,transformer_add97_permuted_s2,2,
12100,1.0,0.01138779241591692,permuted labels,transformer_add97_permuted_s2,2,
12200,1.0,0.01138779241591692,permuted labels,transformer_add97_permuted_s2,2,
12300,1.0,0.01047676894813776,permuted labels,transformer_add97_permuted_s2,2,
12400,1.0,0.01062860619276762,permuted labels,transformer_add97_permuted_s2,2,
12500,1.0,0.0103249317035079,permuted labels,transformer_add97_permuted_s2,2,
12600,1.0,0.00986941996961832,permuted labels,transformer_add97_permuted_s2,2,
12700,1.0,0.0110841179266572,permuted labels,transformer_add97_permuted_s2,2,
12800,1.0,0.01169146690517664,permuted labels,transformer_add97_permuted_s2,2,
12900,1.0,0.01123595517128706,permuted labels,transformer_add97_permuted_s2,2,
13000,1.0,0.0110841179266572,permuted labels,transformer_add97_permuted_s2,2,
13100,1.0,0.0103249317035079,permuted labels,transformer_add97_permuted_s2,2,
13200,1.0,0.0103249317035079,permuted labels,transformer_add97_permuted_s2,2,
13300,1.0,0.01123595517128706,permuted labels,transformer_add97_permuted_s2,2,
13400,1.0,0.01093228068202734,permuted labels,transformer_add97_permuted_s2,2,
13500,1.0,0.01017309445887804,permuted labels,transformer_add97_permuted_s2,2,
13600,1.0,0.01017309445887804,permuted labels,transformer_add97_permuted_s2,2,
13700,1.0,0.0103249317035079,permuted labels,transformer_add97_permuted_s2,2,
13800,1.0,0.01138779241591692,permuted labels,transformer_add97_permuted_s2,2,
13900,1.0,0.01002125721424818,permuted labels,transformer_add97_permuted_s2,2,
14000,1.0,0.0103249317035079,permuted labels,transformer_add97_permuted_s2,2,
14100,1.0,0.01017309445887804,permuted labels,transformer_add97_permuted_s2,2,
14200,1.0,0.01062860619276762,permuted labels,transformer_add97_permuted_s2,2,
14300,1.0,0.0095657454803586,permuted labels,transformer_add97_permuted_s2,2,
14400,1.0,0.0095657454803586,permuted labels,transformer_add97_permuted_s2,2,
14500,1.0,0.00986941996961832,permuted labels,transformer_add97_permuted_s2,2,
14600,1.0,0.01078044343739748,permuted labels,transformer_add97_permuted_s2,2,
14700,1.0,0.0103249317035079,permuted labels,transformer_add97_permuted_s2,2,
14800,1.0,0.01002125721424818,permuted labels,transformer_add97_permuted_s2,2,
14900,1.0,0.01047676894813776,permuted labels,transformer_add97_permuted_s2,2,
15000,1.0,0.01078044343739748,permuted labels,transformer_add97_permuted_s2,2,
15100,1.0,0.01138779241591692,permuted labels,transformer_add97_permuted_s2,2,
15200,1.0,0.01153962966054678,permuted labels,transformer_add97_permuted_s2,2,
15300,1.0,0.01078044343739748,permuted labels,transformer_add97_permuted_s2,2,
15400,1.0,0.01153962966054678,permuted labels,transformer_add97_permuted_s2,2,
15500,1.0,0.01138779241591692,permuted labels,transformer_add97_permuted_s2,2,
15600,1.0,0.01138779241591692,permuted labels,transformer_add97_permuted_s2,2,
15700,1.0,0.0118433041498065,permuted labels,transformer_add97_permuted_s2,2,
15800,1.0,0.01123595517128706,permuted labels,transformer_add97_permuted_s2,2,
15900,1.0,0.01123595517128706,permuted labels,transformer_add97_permuted_s2,2,
16000,1.0,0.0110841179266572,permuted labels,transformer_add97_permuted_s2,2,
16100,1.0,0.01153962966054678,permuted labels,transformer_add97_permuted_s2,2,
16200,1.0,0.01017309445887804,permuted labels,transformer_add97_permuted_s2,2,
16300,1.0,0.01078044343739748,permuted labels,transformer_add97_permuted_s2,2,
16400,1.0,0.01047676894813776,permuted labels,transformer_add97_permuted_s2,2,
16500,1.0,0.01078044343739748,permuted labels,transformer_add97_permuted_s2,2,
16600,1.0,0.01153962966054678,permuted labels,transformer_add97_permuted_s2,2,
16700,1.0,0.01138779241591692,permuted labels,transformer_add97_permuted_s2,2,
16800,1.0,0.01078044343739748,permuted labels,transformer_add97_permuted_s2,2,
16900,0.75345379114151,0.0118433041498065,permuted labels,transformer_add97_permuted_s2,2,
17000,1.0,0.00986941996961832,permuted labels,transformer_add97_permuted_s2,2,
17100,1.0,0.01093228068202734,permuted labels,transformer_add97_permuted_s2,2,
17200,1.0,0.0110841179266572,permuted labels,transformer_add97_permuted_s2,2,
17300,1.0,0.01093228068202734,permuted labels,transformer_add97_permuted_s2,2,
17400,1.0,0.01047676894813776,permuted labels,transformer_add97_permuted_s2,2,
17500,1.0,0.01047676894813776,permuted labels,transformer_add97_permuted_s2,2,
17600,1.0,0.01123595517128706,permuted labels,transformer_add97_permuted_s2,2,
17700,1.0,0.01123595517128706,permuted labels,transformer_add97_permuted_s2,2,
17800,1.0,0.01078044343739748,permuted labels,transformer_add97_permuted_s2,2,
17900,1.0,0.01138779241591692,permuted labels,transformer_add97_permuted_s2,2,
18000,1.0,0.01169146690517664,permuted labels,transformer_add97_permuted_s2,2,
18100,1.0,0.01199514139443636,permuted labels,transformer_add97_permuted_s2,2,
18200,1.0,0.01093228068202734,permuted labels,transformer_add97_permuted_s2,2,
18300,1.0,0.01078044343739748,permuted labels,transformer_add97_permuted_s2,2,
18400,1.0,0.01002125721424818,permuted labels,transformer_add97_permuted_s2,2,
18500,1.0,0.01153962966054678,permuted labels,transformer_add97_permuted_s2,2,
18600,1.0,0.01093228068202734,permuted labels,transformer_add97_permuted_s2,2,
18700,1.0,0.01002125721424818,permuted labels,transformer_add97_permuted_s2,2,
18800,1.0,0.01153962966054678,permuted labels,transformer_add97_permuted_s2,2,
18900,1.0,0.01123595517128706,permuted labels,transformer_add97_permuted_s2,2,
19000,1.0,0.01062860619276762,permuted labels,transformer_add97_permuted_s2,2,
19100,1.0,0.01153962966054678,permuted labels,transformer_add97_permuted_s2,2,
19200,1.0,0.01062860619276762,permuted labels,transformer_add97_permuted_s2,2,
19300,1.0,0.0110841179266572,permuted labels,transformer_add97_permuted_s2,2,
19400,1.0,0.01138779241591692,permuted labels,transformer_add97_permuted_s2,2,
19500,1.0,0.01078044343739748,permuted labels,transformer_add97_permuted_s2,2,
19600,1.0,0.01123595517128706,permuted labels,transformer_add97_permuted_s2,2,
19700,1.0,0.01093228068202734,permuted labels,transformer_add97_permuted_s2,2,
19800,1.0,0.01169146690517664,permuted labels,transformer_add97_permuted_s2,2,
19900,1.0,0.01169146690517664,permuted labels,transformer_add97_permuted_s2,2,
20000,1.0,0.01199514139443636,permuted labels,transformer_add97_permuted_s2,2,
20100,1.0,0.01199514139443636,permuted labels,transformer_add97_permuted_s2,2,
20200,1.0,0.01153962966054678,permuted labels,transformer_add97_permuted_s2,2,
20300,1.0,0.01047676894813776,permuted labels,transformer_add97_permuted_s2,2,
20400,1.0,0.01138779241591692,permuted labels,transformer_add97_permuted_s2,2,
20500,1.0,0.01138779241591692,permuted labels,transformer_add97_permuted_s2,2,
20600,1.0,0.0118433041498065,permuted labels,transformer_add97_permuted_s2,2,
20700,1.0,0.01138779241591692,permuted labels,transformer_add97_permuted_s2,2,
20800,1.0,0.01123595517128706,permuted labels,transformer_add97_permuted_s2,2,
20900,1.0,0.01123595517128706,permuted labels,transformer_add97_permuted_s2,2,
21000,1.0,0.01138779241591692,permuted labels,transformer_add97_permuted_s2,2,
21100,1.0,0.01093228068202734,permuted labels,transformer_add97_permuted_s2,2,
21200,1.0,0.01123595517128706,permuted labels,transformer_add97_permuted_s2,2,
21300,0.6801275014877319,0.0103249317035079,permuted labels,transformer_add97_permuted_s2,2,
21400,1.0,0.01093228068202734,permuted labels,transformer_add97_permuted_s2,2,
21500,1.0,0.01017309445887804,permuted labels,transformer_add97_permuted_s2,2,
21600,1.0,0.0103249317035079,permuted labels,transformer_add97_permuted_s2,2,
21700,1.0,0.01153962966054678,permuted labels,transformer_add97_permuted_s2,2,
21800,1.0,0.0118433041498065,permuted labels,transformer_add97_permuted_s2,2,
21900,1.0,0.01138779241591692,permuted labels,transformer_add97_permuted_s2,2,
22000,1.0,0.0118433041498065,permuted labels,transformer_add97_permuted_s2,2,
22100,1.0,0.0118433041498065,permuted labels,transformer_add97_permuted_s2,2,
22200,1.0,0.0118433041498065,permuted labels,transformer_add97_permuted_s2,2,
22300,1.0,0.01169146690517664,permuted labels,transformer_add97_permuted_s2,2,
22400,1.0,0.01017309445887804,permuted labels,transformer_add97_permuted_s2,2,
22500,1.0,0.01078044343739748,permuted labels,transformer_add97_permuted_s2,2,
22600,1.0,0.01199514139443636,permuted labels,transformer_add97_permuted_s2,2,
22700,1.0,0.01169146690517664,permuted labels,transformer_add97_permuted_s2,2,
22800,1.0,0.01214697863906622,permuted labels,transformer_add97_permuted_s2,2,
22900,1.0,0.01123595517128706,permuted labels,transformer_add97_permuted_s2,2,
23000,1.0,0.0110841179266572,permuted labels,transformer_add97_permuted_s2,2,
23100,1.0,0.0103249317035079,permuted labels,transformer_add97_permuted_s2,2,
23200,1.0,0.01078044343739748,permuted labels,transformer_add97_permuted_s2,2,
23300,1.0,0.01153962966054678,permuted labels,transformer_add97_permuted_s2,2,
23400,1.0,0.0110841179266572,permuted labels,transformer_add97_permuted_s2,2,
23500,1.0,0.01078044343739748,permuted labels,transformer_add97_permuted_s2,2,
23600,1.0,0.01138779241591692,permuted labels,transformer_add97_permuted_s2,2,
23700,1.0,0.01138779241591692,permuted labels,transformer_add97_permuted_s2,2,
23800,1.0,0.01093228068202734,permuted labels,transformer_add97_permuted_s2,2,
23900,1.0,0.01078044343739748,permuted labels,transformer_add97_permuted_s2,2,
24000,1.0,0.01138779241591692,permuted labels,transformer_add97_permuted_s2,2,
24100,1.0,0.01062860619276762,permuted labels,transformer_add97_permuted_s2,2,
24200,1.0,0.0110841179266572,permuted labels,transformer_add97_permuted_s2,2,
24300,1.0,0.0110841179266572,permuted labels,transformer_add97_permuted_s2,2,
24400,1.0,0.01153962966054678,permuted labels,transformer_add97_permuted_s2,2,
24500,1.0,0.01169146690517664,permuted labels,transformer_add97_permuted_s2,2,
24600,1.0,0.01214697863906622,permuted labels,transformer_add97_permuted_s2,2,
24700,1.0,0.01169146690517664,permuted labels,transformer_add97_permuted_s2,2,
24800,1.0,0.01138779241591692,permuted labels,transformer_add97_permuted_s2,2,
24900,1.0,0.01153962966054678,permuted labels,transformer_add97_permuted_s2,2,
25000,1.0,0.01153962966054678,permuted labels,transformer_add97_permuted_s2,2,
25100,1.0,0.01153962966054678,permuted labels,transformer_add97_permuted_s2,2,
25200,1.0,0.01153962966054678,permuted labels,transformer_add97_permuted_s2,2,
25300,1.0,0.01138779241591692,permuted labels,transformer_add97_permuted_s2,2,
25400,1.0,0.01153962966054678,permuted labels,transformer_add97_permuted_s2,2,
25500,1.0,0.01078044343739748,permuted labels,transformer_add97_permuted_s2,2,
25600,1.0,0.01169146690517664,permuted labels,transformer_add97_permuted_s2,2,
25700,1.0,0.01214697863906622,permuted labels,transformer_add97_permuted_s2,2,
25800,1.0,0.01062860619276762,permuted labels,transformer_add97_permuted_s2,2,
25900,1.0,0.008806559257209301,permuted labels,transformer_add97_permuted_s2,2,
26000,1.0,0.00971758272498846,permuted labels,transformer_add97_permuted_s2,2,
26100,1.0,0.01062860619276762,permuted labels,transformer_add97_permuted_s2,2,
26200,1.0,0.0103249317035079,permuted labels,transformer_add97_permuted_s2,2,
26300,1.0,0.01002125721424818,permuted labels,transformer_add97_permuted_s2,2,
26400,1.0,0.00971758272498846,permuted labels,transformer_add97_permuted_s2,2,
26500,1.0,0.01017309445887804,permuted labels,transformer_add97_permuted_s2,2,
26600,1.0,0.01017309445887804,permuted labels,transformer_add97_permuted_s2,2,
26700,1.0,0.01002125721424818,permuted labels,transformer_add97_permuted_s2,2,
26800,1.0,0.0095657454803586,permuted labels,transformer_add97_permuted_s2,2,
26900,1.0,0.00911023374646902,permuted labels,transformer_add97_permuted_s2,2,
27000,1.0,0.01078044343739748,permuted labels,transformer_add97_permuted_s2,2,
27100,1.0,0.01093228068202734,permuted labels,transformer_add97_permuted_s2,2,
27200,1.0,0.01078044343739748,permuted labels,transformer_add97_permuted_s2,2,
27300,1.0,0.01093228068202734,permuted labels,transformer_add97_permuted_s2,2,
27400,1.0,0.01062860619276762,permuted labels,transformer_add97_permuted_s2,2,
27500,1.0,0.01093228068202734,permuted labels,transformer_add97_permuted_s2,2,
27600,1.0,0.0103249317035079,permuted labels,transformer_add97_permuted_s2,2,
27700,1.0,0.0103249317035079,permuted labels,transformer_add97_permuted_s2,2,
27800,1.0,0.00971758272498846,permuted labels,transformer_add97_permuted_s2,2,
27900,1.0,0.00941390823572874,permuted labels,transformer_add97_permuted_s2,2,
28000,1.0,0.00941390823572874,permuted labels,transformer_add97_permuted_s2,2,
28100,1.0,0.00911023374646902,permuted labels,transformer_add97_permuted_s2,2,
28200,1.0,0.008806559257209301,permuted labels,transformer_add97_permuted_s2,2,
28300,1.0,0.008502884767949581,permuted labels,transformer_add97_permuted_s2,2,
28400,1.0,0.008047373034060001,permuted labels,transformer_add97_permuted_s2,2,
28500,1.0,0.008654722012579441,permuted labels,transformer_add97_permuted_s2,2,
28600,1.0,0.0095657454803586,permuted labels,transformer_add97_permuted_s2,2,
28700,1.0,0.0095657454803586,permuted labels,transformer_add97_permuted_s2,2,
28800,1.0,0.01047676894813776,permuted labels,transformer_add97_permuted_s2,2,
28900,1.0,0.01047676894813776,permuted labels,transformer_add97_permuted_s2,2,
29000,1.0,0.01017309445887804,permuted labels,transformer_add97_permuted_s2,2,
29100,1.0,0.0095657454803586,permuted labels,transformer_add97_permuted_s2,2,
29200,1.0,0.01093228068202734,permuted labels,transformer_add97_permuted_s2,2,
29300,1.0,0.00986941996961832,permuted labels,transformer_add97_permuted_s2,2,
29400,1.0,0.01047676894813776,permuted labels,transformer_add97_permuted_s2,2,
29500,1.0,0.0103249317035079,permuted labels,transformer_add97_permuted_s2,2,
29600,1.0,0.01062860619276762,permuted labels,transformer_add97_permuted_s2,2,
29700,1.0,0.01062860619276762,permuted labels,transformer_add97_permuted_s2,2,
29800,1.0,0.01078044343739748,permuted labels,transformer_add97_permuted_s2,2,
29900,1.0,0.0118433041498065,permuted labels,transformer_add97_permuted_s2,2,
30000,1.0,0.01169146690517664,permuted labels,transformer_add97_permuted_s2,2,
30100,1.0,0.013361676596105099,permuted labels,transformer_add97_permuted_s2,2,
30200,1.0,0.01169146690517664,permuted labels,transformer_add97_permuted_s2,2,
30300,1.0,0.01078044343739748,permuted labels,transformer_add97_permuted_s2,2,
30400,1.0,0.01047676894813776,permuted labels,transformer_add97_permuted_s2,2,
30500,1.0,0.01017309445887804,permuted labels,transformer_add97_permuted_s2,2,
30600,1.0,0.01062860619276762,permuted labels,transformer_add97_permuted_s2,2,
30700,1.0,0.01047676894813776,permuted labels,transformer_add97_permuted_s2,2,
30800,1.0,0.01062860619276762,permuted labels,transformer_add97_permuted_s2,2,
30900,1.0,0.01093228068202734,permuted labels,transformer_add97_permuted_s2,2,
31000,1.0,0.01078044343739748,permuted labels,transformer_add97_permuted_s2,2,
31100,1.0,0.01017309445887804,permuted labels,transformer_add97_permuted_s2,2,
31200,1.0,0.00971758272498846,permuted labels,transformer_add97_permuted_s2,2,
31300,1.0,0.00941390823572874,permuted labels,transformer_add97_permuted_s2,2,
31400,1.0,0.00986941996961832,permuted labels,transformer_add97_permuted_s2,2,
31500,1.0,0.01047676894813776,permuted labels,transformer_add97_permuted_s2,2,
31600,1.0,0.01078044343739748,permuted labels,transformer_add97_permuted_s2,2,
31700,1.0,0.01047676894813776,permuted labels,transformer_add97_permuted_s2,2,
31800,1.0,0.01017309445887804,permuted labels,transformer_add97_permuted_s2,2,
31900,1.0,0.01047676894813776,permuted labels,transformer_add97_permuted_s2,2,
32000,1.0,0.01093228068202734,permuted labels,transformer_add97_permuted_s2,2,
32100,1.0,0.01062860619276762,permuted labels,transformer_add97_permuted_s2,2,
32200,1.0,0.0103249317035079,permuted labels,transformer_add97_permuted_s2,2,
32300,1.0,0.01047676894813776,permuted labels,transformer_add97_permuted_s2,2,
32400,1.0,0.00971758272498846,permuted labels,transformer_add97_permuted_s2,2,
32500,1.0,0.01169146690517664,permuted labels,transformer_add97_permuted_s2,2,
32600,1.0,0.01062860619276762,permuted labels,transformer_add97_permuted_s2,2,
32700,1.0,0.01078044343739748,permuted labels,transformer_add97_permuted_s2,2,
32800,1.0,0.01138779241591692,permuted labels,transformer_add97_permuted_s2,2,
32900,1.0,0.01078044343739748,permuted labels,transformer_add97_permuted_s2,2,
33000,1.0,0.01093228068202734,permuted labels,transformer_add97_permuted_s2,2,
33100,1.0,0.01123595517128706,permuted labels,transformer_add97_permuted_s2,2,
33200,1.0,0.0103249317035079,permuted labels,transformer_add97_permuted_s2,2,
33300,1.0,0.01047676894813776,permuted labels,transformer_add97_permuted_s2,2,
33400,1.0,0.01093228068202734,permuted labels,transformer_add97_permuted_s2,2,
33500,1.0,0.01002125721424818,permuted labels,transformer_add97_permuted_s2,2,
33600,1.0,0.01047676894813776,permuted labels,transformer_add97_permuted_s2,2,
33700,1.0,0.01017309445887804,permuted labels,transformer_add97_permuted_s2,2,
33800,1.0,0.00986941996961832,permuted labels,transformer_add97_permuted_s2,2,
33900,1.0,0.0103249317035079,permuted labels,transformer_add97_permuted_s2,2,
34000,1.0,0.01047676894813776,permuted labels,transformer_add97_permuted_s2,2,
34100,1.0,0.01062860619276762,permuted labels,transformer_add97_permuted_s2,2,
34200,1.0,0.01047676894813776,permuted labels,transformer_add97_permuted_s2,2,
34300,1.0,0.01002125721424818,permuted labels,transformer_add97_permuted_s2,2,
34400,1.0,0.01047676894813776,permuted labels,transformer_add97_permuted_s2,2,
34500,1.0,0.0103249317035079,permuted labels,transformer_add97_permuted_s2,2,
34600,1.0,0.01245065312832594,permuted labels,transformer_add97_permuted_s2,2,
34700,1.0,0.0118433041498065,permuted labels,transformer_add97_permuted_s2,2,
34800,1.0,0.01169146690517664,permuted labels,transformer_add97_permuted_s2,2,
34900,1.0,0.01153962966054678,permuted labels,transformer_add97_permuted_s2,2,
35000,1.0,0.01002125721424818,permuted labels,transformer_add97_permuted_s2,2,
35100,1.0,0.01017309445887804,permuted labels,transformer_add97_permuted_s2,2,
35200,1.0,0.00971758272498846,permuted labels,transformer_add97_permuted_s2,2,
35300,1.0,0.00911023374646902,permuted labels,transformer_add97_permuted_s2,2,
35400,1.0,0.0095657454803586,permuted labels,transformer_add97_permuted_s2,2,
35500,1.0,0.00926207099109888,permuted labels,transformer_add97_permuted_s2,2,
35600,1.0,0.00926207099109888,permuted labels,transformer_add97_permuted_s2,2,
35700,1.0,0.01062860619276762,permuted labels,transformer_add97_permuted_s2,2,
35800,1.0,0.01002125721424818,permuted labels,transformer_add97_permuted_s2,2,
35900,1.0,0.0110841179266572,permuted labels,transformer_add97_permuted_s2,2,
36000,1.0,0.01153962966054678,permuted labels,transformer_add97_permuted_s2,2,
36100,1.0,0.00986941996961832,permuted labels,transformer_add97_permuted_s2,2,
36200,1.0,0.00941390823572874,permuted labels,transformer_add97_permuted_s2,2,
36300,1.0,0.00986941996961832,permuted labels,transformer_add97_permuted_s2,2,
36400,1.0,0.0095657454803586,permuted labels,transformer_add97_permuted_s2,2,
36500,1.0,0.01017309445887804,permuted labels,transformer_add97_permuted_s2,2,
36600,1.0,0.01062860619276762,permuted labels,transformer_add97_permuted_s2,2,
36700,1.0,0.01093228068202734,permuted labels,transformer_add97_permuted_s2,2,
36800,1.0,0.01062860619276762,permuted labels,transformer_add97_permuted_s2,2,
36900,0.5299326777458191,0.008199210278689861,permuted labels,transformer_add97_permuted_s2,2,
37000,1.0,0.01199514139443636,permuted labels,transformer_add97_permuted_s2,2,
37100,1.0,0.01123595517128706,permuted labels,transformer_add97_permuted_s2,2,
37200,1.0,0.0095657454803586,permuted labels,transformer_add97_permuted_s2,2,
37300,1.0,0.0103249317035079,permuted labels,transformer_add97_permuted_s2,2,
37400,1.0,0.01002125721424818,permuted labels,transformer_add97_permuted_s2,2,
37500,1.0,0.00941390823572874,permuted labels,transformer_add97_permuted_s2,2,
37600,1.0,0.00971758272498846,permuted labels,transformer_add97_permuted_s2,2,
37700,1.0,0.0095657454803586,permuted labels,transformer_add97_permuted_s2,2,
37800,1.0,0.0095657454803586,permuted labels,transformer_add97_permuted_s2,2,
37900,1.0,0.00941390823572874,permuted labels,transformer_add97_permuted_s2,2,
38000,1.0,0.00986941996961832,permuted labels,transformer_add97_permuted_s2,2,
38100,1.0,0.01153962966054678,permuted labels,transformer_add97_permuted_s2,2,
38200,1.0,0.01153962966054678,permuted labels,transformer_add97_permuted_s2,2,
38300,1.0,0.01093228068202734,permuted labels,transformer_add97_permuted_s2,2,
38400,1.0,0.0110841179266572,permuted labels,transformer_add97_permuted_s2,2,
38500,1.0,0.01169146690517664,permuted labels,transformer_add97_permuted_s2,2,
38600,1.0,0.01138779241591692,permuted labels,transformer_add97_permuted_s2,2,
38700,1.0,0.01153962966054678,permuted labels,transformer_add97_permuted_s2,2,
38800,1.0,0.01153962966054678,permuted labels,transformer_add97_permuted_s2,2,
38900,1.0,0.01093228068202734,permuted labels,transformer_add97_permuted_s2,2,
39000,1.0,0.01078044343739748,permuted labels,transformer_add97_permuted_s2,2,
39100,1.0,0.01093228068202734,permuted labels,transformer_add97_permuted_s2,2,
39200,1.0,0.01047676894813776,permuted labels,transformer_add97_permuted_s2,2,
39300,1.0,0.01062860619276762,permuted labels,transformer_add97_permuted_s2,2,
39400,1.0,0.0095657454803586,permuted labels,transformer_add97_permuted_s2,2,
39500,1.0,0.00986941996961832,permuted labels,transformer_add97_permuted_s2,2,
39600,1.0,0.01078044343739748,permuted labels,transformer_add97_permuted_s2,2,
39700,1.0,0.01078044343739748,permuted labels,transformer_add97_permuted_s2,2,
39800,1.0,0.01017309445887804,permuted labels,transformer_add97_permuted_s2,2,
39900,1.0,0.01047676894813776,permuted labels,transformer_add97_permuted_s2,2,
40000,1.0,0.01062860619276762,permuted labels,transformer_add97_permuted_s2,2,
40100,1.0,0.0103249317035079,permuted labels,transformer_add97_permuted_s2,2,
40200,1.0,0.01078044343739748,permuted labels,transformer_add97_permuted_s2,2,
40300,1.0,0.01047676894813776,permuted labels,transformer_add97_permuted_s2,2,
40400,1.0,0.00971758272498846,permuted labels,transformer_add97_permuted_s2,2,
40500,1.0,0.01123595517128706,permuted labels,transformer_add97_permuted_s2,2,
40600,1.0,0.01123595517128706,permuted labels,transformer_add97_permuted_s2,2,
40700,1.0,0.0110841179266572,permuted labels,transformer_add97_permuted_s2,2,
40800,1.0,0.01153962966054678,permuted labels,transformer_add97_permuted_s2,2,
40900,1.0,0.01078044343739748,permuted labels,transformer_add97_permuted_s2,2,
41000,1.0,0.01078044343739748,permuted labels,transformer_add97_permuted_s2,2,
41100,1.0,0.01093228068202734,permuted labels,transformer_add97_permuted_s2,2,
41200,1.0,0.01093228068202734,permuted labels,transformer_add97_permuted_s2,2,
41300,1.0,0.0110841179266572,permuted labels,transformer_add97_permuted_s2,2,
41400,1.0,0.0103249317035079,permuted labels,transformer_add97_permuted_s2,2,
41500,1.0,0.01153962966054678,permuted labels,transformer_add97_permuted_s2,2,
41600,1.0,0.01138779241591692,permuted labels,transformer_add97_permuted_s2,2,
41700,1.0,0.01153962966054678,permuted labels,transformer_add97_permuted_s2,2,
41800,1.0,0.01214697863906622,permuted labels,transformer_add97_permuted_s2,2,
41900,1.0,0.01199514139443636,permuted labels,transformer_add97_permuted_s2,2,
42000,1.0,0.01169146690517664,permuted labels,transformer_add97_permuted_s2,2,
42100,1.0,0.01214697863906622,permuted labels,transformer_add97_permuted_s2,2,
42200,1.0,0.0118433041498065,permuted labels,transformer_add97_permuted_s2,2,
42300,1.0,0.01229881588369608,permuted labels,transformer_add97_permuted_s2,2,
42400,1.0,0.01169146690517664,permuted labels,transformer_add97_permuted_s2,2,
42500,1.0,0.01229881588369608,permuted labels,transformer_add97_permuted_s2,2,
42600,1.0,0.01214697863906622,permuted labels,transformer_add97_permuted_s2,2,
42700,1.0,0.01123595517128706,permuted labels,transformer_add97_permuted_s2,2,
42800,1.0,0.01153962966054678,permuted labels,transformer_add97_permuted_s2,2,
42900,1.0,0.01169146690517664,permuted labels,transformer_add97_permuted_s2,2,
43000,1.0,0.01093228068202734,permuted labels,transformer_add97_permuted_s2,2,
43100,1.0,0.01138779241591692,permuted labels,transformer_add97_permuted_s2,2,
43200,1.0,0.012602490372955799,permuted labels,transformer_add97_permuted_s2,2,
43300,1.0,0.01229881588369608,permuted labels,transformer_add97_permuted_s2,2,
43400,1.0,0.0118433041498065,permuted labels,transformer_add97_permuted_s2,2,
43500,1.0,0.01199514139443636,permuted labels,transformer_add97_permuted_s2,2,
43600,1.0,0.01093228068202734,permuted labels,transformer_add97_permuted_s2,2,
43700,1.0,0.01123595517128706,permuted labels,transformer_add97_permuted_s2,2,
43800,1.0,0.01078044343739748,permuted labels,transformer_add97_permuted_s2,2,
43900,1.0,0.01078044343739748,permuted labels,transformer_add97_permuted_s2,2,
44000,1.0,0.01093228068202734,permuted labels,transformer_add97_permuted_s2,2,
44100,1.0,0.01214697863906622,permuted labels,transformer_add97_permuted_s2,2,
44200,1.0,0.01017309445887804,permuted labels,transformer_add97_permuted_s2,2,
44300,1.0,0.01214697863906622,permuted labels,transformer_add97_permuted_s2,2,
44400,1.0,0.01123595517128706,permuted labels,transformer_add97_permuted_s2,2,
44500,1.0,0.012754327617585659,permuted labels,transformer_add97_permuted_s2,2,
44600,1.0,0.0103249317035079,permuted labels,transformer_add97_permuted_s2,2,
44700,1.0,0.00971758272498846,permuted labels,transformer_add97_permuted_s2,2,
44800,1.0,0.01002125721424818,permuted labels,transformer_add97_permuted_s2,2,
44900,1.0,0.01002125721424818,permuted labels,transformer_add97_permuted_s2,2,
45000,1.0,0.0103249317035079,permuted labels,transformer_add97_permuted_s2,2,
45100,1.0,0.0110841179266572,permuted labels,transformer_add97_permuted_s2,2,
45200,1.0,0.01062860619276762,permuted labels,transformer_add97_permuted_s2,2,
45300,1.0,0.01078044343739748,permuted labels,transformer_add97_permuted_s2,2,
45400,0.9989373087882996,0.01229881588369608,permuted labels,transformer_add97_permuted_s2,2,
45500,1.0,0.01199514139443636,permuted labels,transformer_add97_permuted_s2,2,
45600,1.0,0.013361676596105099,permuted labels,transformer_add97_permuted_s2,2,
45700,1.0,0.012602490372955799,permuted labels,transformer_add97_permuted_s2,2,
45800,1.0,0.01229881588369608,permuted labels,transformer_add97_permuted_s2,2,
45900,1.0,0.0118433041498065,permuted labels,transformer_add97_permuted_s2,2,
46000,1.0,0.01123595517128706,permuted labels,transformer_add97_permuted_s2,2,
46100,1.0,0.0110841179266572,permuted labels,transformer_add97_permuted_s2,2,
46200,1.0,0.01078044343739748,permuted labels,transformer_add97_permuted_s2,2,
46300,1.0,0.01123595517128706,permuted labels,transformer_add97_permuted_s2,2,
46400,1.0,0.01169146690517664,permuted labels,transformer_add97_permuted_s2,2,
46500,1.0,0.01153962966054678,permuted labels,transformer_add97_permuted_s2,2,
46600,1.0,0.0110841179266572,permuted labels,transformer_add97_permuted_s2,2,
46700,1.0,0.0118433041498065,permuted labels,transformer_add97_permuted_s2,2,
46800,1.0,0.01047676894813776,permuted labels,transformer_add97_permuted_s2,2,
46900,1.0,0.01245065312832594,permuted labels,transformer_add97_permuted_s2,2,
47000,1.0,0.01078044343739748,permuted labels,transformer_add97_permuted_s2,2,
47100,1.0,0.01078044343739748,permuted labels,transformer_add97_permuted_s2,2,
47200,1.0,0.01093228068202734,permuted labels,transformer_add97_permuted_s2,2,
47300,1.0,0.0110841179266572,permuted labels,transformer_add97_permuted_s2,2,
47400,1.0,0.01078044343739748,permuted labels,transformer_add97_permuted_s2,2,
47500,1.0,0.0103249317035079,permuted labels,transformer_add97_permuted_s2,2,
47600,1.0,0.01047676894813776,permuted labels,transformer_add97_permuted_s2,2,
47700,1.0,0.01062860619276762,permuted labels,transformer_add97_permuted_s2,2,
47800,1.0,0.0103249317035079,permuted labels,transformer_add97_permuted_s2,2,
47900,1.0,0.01017309445887804,permuted labels,transformer_add97_permuted_s2,2,
48000,1.0,0.01002125721424818,permuted labels,transformer_add97_permuted_s2,2,
48100,1.0,0.00911023374646902,permuted labels,transformer_add97_permuted_s2,2,
48200,1.0,0.01047676894813776,permuted labels,transformer_add97_permuted_s2,2,
48300,1.0,0.01078044343739748,permuted labels,transformer_add97_permuted_s2,2,
48400,1.0,0.01138779241591692,permuted labels,transformer_add97_permuted_s2,2,
48500,1.0,0.01153962966054678,permuted labels,transformer_add97_permuted_s2,2,
48600,1.0,0.01123595517128706,permuted labels,transformer_add97_permuted_s2,2,
48700,1.0,0.01153962966054678,permuted labels,transformer_add97_permuted_s2,2,
48800,1.0,0.01123595517128706,permuted labels,transformer_add97_permuted_s2,2,
48900,1.0,0.01153962966054678,permuted labels,transformer_add97_permuted_s2,2,
49000,1.0,0.01199514139443636,permuted labels,transformer_add97_permuted_s2,2,
49100,1.0,0.0118433041498065,permuted labels,transformer_add97_permuted_s2,2,
49200,1.0,0.01093228068202734,permuted labels,transformer_add97_permuted_s2,2,
49300,1.0,0.01047676894813776,permuted labels,transformer_add97_permuted_s2,2,
49400,1.0,0.01017309445887804,permuted labels,transformer_add97_permuted_s2,2,
49500,1.0,0.01062860619276762,permuted labels,transformer_add97_permuted_s2,2,
49600,1.0,0.01047676894813776,permuted labels,transformer_add97_permuted_s2,2,
49700,1.0,0.01138779241591692,permuted labels,transformer_add97_permuted_s2,2,
49800,1.0,0.01153962966054678,permuted labels,transformer_add97_permuted_s2,2,
49900,1.0,0.01093228068202734,permuted labels,transformer_add97_permuted_s2,2,
50000,1.0,0.0110841179266572,permuted labels,transformer_add97_permuted_s2,2,
50100,1.0,0.01062860619276762,permuted labels,transformer_add97_permuted_s2,2,
50200,0.8862911462783813,0.0110841179266572,permuted labels,transformer_add97_permuted_s2,2,
50300,1.0,0.01017309445887804,permuted labels,transformer_add97_permuted_s2,2,
50400,1.0,0.01002125721424818,permuted labels,transformer_add97_permuted_s2,2,
50500,1.0,0.01062860619276762,permuted labels,transformer_add97_permuted_s2,2,
50600,1.0,0.01138779241591692,permuted labels,transformer_add97_permuted_s2,2,
50700,1.0,0.0110841179266572,permuted labels,transformer_add97_permuted_s2,2,
50800,1.0,0.01093228068202734,permuted labels,transformer_add97_permuted_s2,2,
50900,1.0,0.01078044343739748,permuted labels,transformer_add97_permuted_s2,2,
51000,1.0,0.01078044343739748,permuted labels,transformer_add97_permuted_s2,2,
51100,1.0,0.01169146690517664,permuted labels,transformer_add97_permuted_s2,2,
51200,1.0,0.0118433041498065,permuted labels,transformer_add97_permuted_s2,2,
51300,1.0,0.01093228068202734,permuted labels,transformer_add97_permuted_s2,2,
51400,1.0,0.01138779241591692,permuted labels,transformer_add97_permuted_s2,2,
51500,1.0,0.01138779241591692,permuted labels,transformer_add97_permuted_s2,2,
51600,1.0,0.00926207099109888,permuted labels,transformer_add97_permuted_s2,2,
51700,1.0,0.00941390823572874,permuted labels,transformer_add97_permuted_s2,2,
51800,1.0,0.01002125721424818,permuted labels,transformer_add97_permuted_s2,2,
51900,1.0,0.01002125721424818,permuted labels,transformer_add97_permuted_s2,2,
52000,1.0,0.01062860619276762,permuted labels,transformer_add97_permuted_s2,2,
52100,1.0,0.01062860619276762,permuted labels,transformer_add97_permuted_s2,2,
52200,1.0,0.01078044343739748,permuted labels,transformer_add97_permuted_s2,2,
52300,1.0,0.0103249317035079,permuted labels,transformer_add97_permuted_s2,2,
52400,1.0,0.0110841179266572,permuted labels,transformer_add97_permuted_s2,2,
52500,1.0,0.01199514139443636,permuted labels,transformer_add97_permuted_s2,2,
52600,1.0,0.01138779241591692,permuted labels,transformer_add97_permuted_s2,2,
52700,1.0,0.01199514139443636,permuted labels,transformer_add97_permuted_s2,2,
52800,1.0,0.0118433041498065,permuted labels,transformer_add97_permuted_s2,2,
52900,1.0,0.01138779241591692,permuted labels,transformer_add97_permuted_s2,2,
53000,1.0,0.01078044343739748,permuted labels,transformer_add97_permuted_s2,2,
53100,1.0,0.01017309445887804,permuted labels,transformer_add97_permuted_s2,2,
53200,1.0,0.00986941996961832,permuted labels,transformer_add97_permuted_s2,2,
53300,1.0,0.01047676894813776,permuted labels,transformer_add97_permuted_s2,2,
53400,1.0,0.01062860619276762,permuted labels,transformer_add97_permuted_s2,2,
53500,1.0,0.01078044343739748,permuted labels,transformer_add97_permuted_s2,2,
53600,1.0,0.01017309445887804,permuted labels,transformer_add97_permuted_s2,2,
53700,1.0,0.00971758272498846,permuted labels,transformer_add97_permuted_s2,2,
53800,1.0,0.01062860619276762,permuted labels,transformer_add97_permuted_s2,2,
53900,1.0,0.00986941996961832,permuted labels,transformer_add97_permuted_s2,2,
54000,1.0,0.0103249317035079,permuted labels,transformer_add97_permuted_s2,2,
54100,1.0,0.01123595517128706,permuted labels,transformer_add97_permuted_s2,2,
54200,1.0,0.0103249317035079,permuted labels,transformer_add97_permuted_s2,2,
54300,1.0,0.00971758272498846,permuted labels,transformer_add97_permuted_s2,2,
54400,1.0,0.01017309445887804,permuted labels,transformer_add97_permuted_s2,2,
54500,1.0,0.01017309445887804,permuted labels,transformer_add97_permuted_s2,2,
54600,1.0,0.00986941996961832,permuted labels,transformer_add97_permuted_s2,2,
54700,1.0,0.0095657454803586,permuted labels,transformer_add97_permuted_s2,2,
54800,1.0,0.0103249317035079,permuted labels,transformer_add97_permuted_s2,2,
54900,1.0,0.01047676894813776,permuted labels,transformer_add97_permuted_s2,2,
55000,1.0,0.00971758272498846,permuted labels,transformer_add97_permuted_s2,2,
55100,1.0,0.01017309445887804,permuted labels,transformer_add97_permuted_s2,2,
55200,1.0,0.01093228068202734,permuted labels,transformer_add97_permuted_s2,2,
55300,1.0,0.01017309445887804,permuted labels,transformer_add97_permuted_s2,2,
55400,1.0,0.01002125721424818,permuted labels,transformer_add97_permuted_s2,2,
55500,1.0,0.00926207099109888,permuted labels,transformer_add97_permuted_s2,2,
55600,1.0,0.00926207099109888,permuted labels,transformer_add97_permuted_s2,2,
55700,1.0,0.008958396501839161,permuted labels,transformer_add97_permuted_s2,2,
55800,1.0,0.00971758272498846,permuted labels,transformer_add97_permuted_s2,2,
55900,1.0,0.00986941996961832,permuted labels,transformer_add97_permuted_s2,2,
56000,1.0,0.0118433041498065,permuted labels,transformer_add97_permuted_s2,2,
56100,1.0,0.01199514139443636,permuted labels,transformer_add97_permuted_s2,2,
56200,1.0,0.01047676894813776,permuted labels,transformer_add97_permuted_s2,2,
56300,1.0,0.01047676894813776,permuted labels,transformer_add97_permuted_s2,2,
56400,1.0,0.01093228068202734,permuted labels,transformer_add97_permuted_s2,2,
56500,1.0,0.0103249317035079,permuted labels,transformer_add97_permuted_s2,2,
56600,1.0,0.01047676894813776,permuted labels,transformer_add97_permuted_s2,2,
56700,1.0,0.01017309445887804,permuted labels,transformer_add97_permuted_s2,2,
56800,1.0,0.01017309445887804,permuted labels,transformer_add97_permuted_s2,2,
56900,1.0,0.00971758272498846,permuted labels,transformer_add97_permuted_s2,2,
57000,1.0,0.01138779241591692,permuted labels,transformer_add97_permuted_s2,2,
57100,1.0,0.01123595517128706,permuted labels,transformer_add97_permuted_s2,2,
57200,1.0,0.0103249317035079,permuted labels,transformer_add97_permuted_s2,2,
57300,1.0,0.00971758272498846,permuted labels,transformer_add97_permuted_s2,2,
57400,1.0,0.0103249317035079,permuted labels,transformer_add97_permuted_s2,2,
57500,1.0,0.0118433041498065,permuted labels,transformer_add97_permuted_s2,2,
57600,1.0,0.01199514139443636,permuted labels,transformer_add97_permuted_s2,2,
57700,1.0,0.01169146690517664,permuted labels,transformer_add97_permuted_s2,2,
57800,1.0,0.01138779241591692,permuted labels,transformer_add97_permuted_s2,2,
57900,1.0,0.01153962966054678,permuted labels,transformer_add97_permuted_s2,2,
58000,1.0,0.01138779241591692,permuted labels,transformer_add97_permuted_s2,2,
58100,1.0,0.01169146690517664,permuted labels,transformer_add97_permuted_s2,2,
58200,1.0,0.01123595517128706,permuted labels,transformer_add97_permuted_s2,2,
58300,1.0,0.0118433041498065,permuted labels,transformer_add97_permuted_s2,2,
58400,1.0,0.00971758272498846,permuted labels,transformer_add97_permuted_s2,2,
58500,1.0,0.01153962966054678,permuted labels,transformer_add97_permuted_s2,2,
58600,1.0,0.012602490372955799,permuted labels,transformer_add97_permuted_s2,2,
58700,1.0,0.01153962966054678,permuted labels,transformer_add97_permuted_s2,2,
58800,1.0,0.01153962966054678,permuted labels,transformer_add97_permuted_s2,2,
58900,1.0,0.01138779241591692,permuted labels,transformer_add97_permuted_s2,2,
59000,1.0,0.01199514139443636,permuted labels,transformer_add97_permuted_s2,2,
59100,1.0,0.01245065312832594,permuted labels,transformer_add97_permuted_s2,2,
59200,1.0,0.012754327617585659,permuted labels,transformer_add97_permuted_s2,2,
59300,1.0,0.012602490372955799,permuted labels,transformer_add97_permuted_s2,2,
59400,1.0,0.01245065312832594,permuted labels,transformer_add97_permuted_s2,2,
59500,0.9727240204811096,0.01017309445887804,permuted labels,transformer_add97_permuted_s2,2,
59600,1.0,0.01078044343739748,permuted labels,transformer_add97_permuted_s2,2,
59700,1.0,0.01138779241591692,permuted labels,transformer_add97_permuted_s2,2,
59800,1.0,0.0110841179266572,permuted labels,transformer_add97_permuted_s2,2,
59900,1.0,0.01138779241591692,permuted labels,transformer_add97_permuted_s2,2,
60000,1.0,0.01138779241591692,permuted labels,transformer_add97_permuted_s2,2,
0,0.009564293548464775,0.0103249317035079,permuted labels,transformer_add97_permuted_s3,3,
100,0.8466170430183411,0.01047676894813776,permuted labels,transformer_add97_permuted_s3,3,
200,0.9992915391921997,0.01169146690517664,permuted labels,transformer_add97_permuted_s3,3,
300,1.0,0.01153962966054678,permuted labels,transformer_add97_permuted_s3,3,
400,1.0,0.012602490372955799,permuted labels,transformer_add97_permuted_s3,3,
500,0.9978746175765991,0.0103249317035079,permuted labels,transformer_add97_permuted_s3,3,
600,1.0,0.01214697863906622,permuted labels,transformer_add97_permuted_s3,3,
700,1.0,0.01229881588369608,permuted labels,transformer_add97_permuted_s3,3,
800,1.0,0.014120862819254398,permuted labels,transformer_add97_permuted_s3,3,
900,1.0,0.012602490372955799,permuted labels,transformer_add97_permuted_s3,3,
1000,1.0,0.012754327617585659,permuted labels,transformer_add97_permuted_s3,3,
1100,0.9989373087882996,0.01093228068202734,permuted labels,transformer_add97_permuted_s3,3,
1200,1.0,0.0118433041498065,permuted labels,transformer_add97_permuted_s3,3,
1300,0.9078993797302246,0.01062860619276762,permuted labels,transformer_add97_permuted_s3,3,
1400,1.0,0.01062860619276762,permuted labels,transformer_add97_permuted_s3,3,
1500,1.0,0.01138779241591692,permuted labels,transformer_add97_permuted_s3,3,
1600,1.0,0.01214697863906622,permuted labels,transformer_add97_permuted_s3,3,
1700,1.0,0.01214697863906622,permuted labels,transformer_add97_permuted_s3,3,
1800,1.0,0.0110841179266572,permuted labels,transformer_add97_permuted_s3,3,
1900,1.0,0.01214697863906622,permuted labels,transformer_add97_permuted_s3,3,
2000,1.0,0.01062860619276762,permuted labels,transformer_add97_permuted_s3,3,
2100,1.0,0.01093228068202734,permuted labels,transformer_add97_permuted_s3,3,
2200,1.0,0.01093228068202734,permuted labels,transformer_add97_permuted_s3,3,
2300,0.8668083548545837,0.013209839351475239,permuted labels,transformer_add97_permuted_s3,3,
2400,1.0,0.01062860619276762,permuted labels,transformer_add97_permuted_s3,3,
2500,1.0,0.01214697863906622,permuted labels,transformer_add97_permuted_s3,3,
2600,0.12433581054210663,0.0118433041498065,permuted labels,transformer_add97_permuted_s3,3,
2700,1.0,0.01153962966054678,permuted labels,transformer_add97_permuted_s3,3,
2800,1.0,0.01123595517128706,permuted labels,transformer_add97_permuted_s3,3,
2900,1.0,0.01078044343739748,permuted labels,transformer_add97_permuted_s3,3,
3000,1.0,0.01123595517128706,permuted labels,transformer_add97_permuted_s3,3,
3100,1.0,0.01169146690517664,permuted labels,transformer_add97_permuted_s3,3,
3200,1.0,0.0118433041498065,permuted labels,transformer_add97_permuted_s3,3,
3300,1.0,0.01153962966054678,permuted labels,transformer_add97_permuted_s3,3,
3400,1.0,0.01047676894813776,permuted labels,transformer_add97_permuted_s3,3,
3500,1.0,0.01017309445887804,permuted labels,transformer_add97_permuted_s3,3,
3600,1.0,0.00926207099109888,permuted labels,transformer_add97_permuted_s3,3,
3700,1.0,0.01078044343739748,permuted labels,transformer_add97_permuted_s3,3,
3800,1.0,0.01062860619276762,permuted labels,transformer_add97_permuted_s3,3,
3900,1.0,0.01017309445887804,permuted labels,transformer_add97_permuted_s3,3,
4000,1.0,0.01093228068202734,permuted labels,transformer_add97_permuted_s3,3,
4100,1.0,0.01047676894813776,permuted labels,transformer_add97_permuted_s3,3,
4200,1.0,0.01002125721424818,permuted labels,transformer_add97_permuted_s3,3,
4300,1.0,0.00986941996961832,permuted labels,transformer_add97_permuted_s3,3,
4400,1.0,0.01017309445887804,permuted labels,transformer_add97_permuted_s3,3,
4500,1.0,0.00941390823572874,permuted labels,transformer_add97_permuted_s3,3,
4600,0.9858306646347046,0.01138779241591692,permuted labels,transformer_add97_permuted_s3,3,
4700,1.0,0.01138779241591692,permuted labels,transformer_add97_permuted_s3,3,
4800,1.0,0.01093228068202734,permuted labels,transformer_add97_permuted_s3,3,
4900,1.0,0.0110841179266572,permuted labels,transformer_add97_permuted_s3,3,
5000,1.0,0.01017309445887804,permuted labels,transformer_add97_permuted_s3,3,
5100,1.0,0.01078044343739748,permuted labels,transformer_add97_permuted_s3,3,
5200,1.0,0.01093228068202734,permuted labels,transformer_add97_permuted_s3,3,
5300,1.0,0.01138779241591692,permuted labels,transformer_add97_permuted_s3,3,
5400,1.0,0.01078044343739748,permuted labels,transformer_add97_permuted_s3,3,
5500,1.0,0.0103249317035079,permuted labels,transformer_add97_permuted_s3,3,
5600,1.0,0.01245065312832594,permuted labels,transformer_add97_permuted_s3,3,
5700,1.0,0.01153962966054678,permuted labels,transformer_add97_permuted_s3,3,
5800,1.0,0.01047676894813776,permuted labels,transformer_add97_permuted_s3,3,
5900,1.0,0.00941390823572874,permuted labels,transformer_add97_permuted_s3,3,
6000,1.0,0.00971758272498846,permuted labels,transformer_add97_permuted_s3,3,
6100,1.0,0.01047676894813776,permuted labels,transformer_add97_permuted_s3,3,
6200,1.0,0.01138779241591692,permuted labels,transformer_add97_permuted_s3,3,
6300,1.0,0.01002125721424818,permuted labels,transformer_add97_permuted_s3,3,
6400,1.0,0.00986941996961832,permuted labels,transformer_add97_permuted_s3,3,
6500,1.0,0.01078044343739748,permuted labels,transformer_add97_permuted_s3,3,
6600,1.0,0.00971758272498846,permuted labels,transformer_add97_permuted_s3,3,
6700,1.0,0.01078044343739748,permuted labels,transformer_add97_permuted_s3,3,
6800,1.0,0.00986941996961832,permuted labels,transformer_add97_permuted_s3,3,
6900,1.0,0.01169146690517664,permuted labels,transformer_add97_permuted_s3,3,
7000,1.0,0.01229881588369608,permuted labels,transformer_add97_permuted_s3,3,
7100,1.0,0.012602490372955799,permuted labels,transformer_add97_permuted_s3,3,
7200,1.0,0.01199514139443636,permuted labels,transformer_add97_permuted_s3,3,
7300,1.0,0.01199514139443636,permuted labels,transformer_add97_permuted_s3,3,
7400,1.0,0.01245065312832594,permuted labels,transformer_add97_permuted_s3,3,
7500,1.0,0.012906164862215519,permuted labels,transformer_add97_permuted_s3,3,
7600,1.0,0.0118433041498065,permuted labels,transformer_add97_permuted_s3,3,
7700,1.0,0.0103249317035079,permuted labels,transformer_add97_permuted_s3,3,
7800,1.0,0.0103249317035079,permuted labels,transformer_add97_permuted_s3,3,
7900,1.0,0.0110841179266572,permuted labels,transformer_add97_permuted_s3,3,
8000,1.0,0.01062860619276762,permuted labels,transformer_add97_permuted_s3,3,
8100,1.0,0.0103249317035079,permuted labels,transformer_add97_permuted_s3,3,
8200,1.0,0.00986941996961832,permuted labels,transformer_add97_permuted_s3,3,
8300,1.0,0.0103249317035079,permuted labels,transformer_add97_permuted_s3,3,
8400,1.0,0.0103249317035079,permuted labels,transformer_add97_permuted_s3,3,
8500,1.0,0.00986941996961832,permuted labels,transformer_add97_permuted_s3,3,
8600,1.0,0.01123595517128706,permuted labels,transformer_add97_permuted_s3,3,
8700,1.0,0.01002125721424818,permuted labels,transformer_add97_permuted_s3,3,
8800,1.0,0.00986941996961832,permuted labels,transformer_add97_permuted_s3,3,
8900,1.0,0.0095657454803586,permuted labels,transformer_add97_permuted_s3,3,
9000,1.0,0.008502884767949581,permuted labels,transformer_add97_permuted_s3,3,
9100,1.0,0.00911023374646902,permuted labels,transformer_add97_permuted_s3,3,
9200,1.0,0.00941390823572874,permuted labels,transformer_add97_permuted_s3,3,
9300,1.0,0.00986941996961832,permuted labels,transformer_add97_permuted_s3,3,
9400,1.0,0.00941390823572874,permuted labels,transformer_add97_permuted_s3,3,
9500,1.0,0.01078044343739748,permuted labels,transformer_add97_permuted_s3,3,
9600,1.0,0.01093228068202734,permuted labels,transformer_add97_permuted_s3,3,
9700,1.0,0.01123595517128706,permuted labels,transformer_add97_permuted_s3,3,
9800,1.0,0.01002125721424818,permuted labels,transformer_add97_permuted_s3,3,
9900,1.0,0.01017309445887804,permuted labels,transformer_add97_permuted_s3,3,
10000,1.0,0.0095657454803586,permuted labels,transformer_add97_permuted_s3,3,
10100,1.0,0.01062860619276762,permuted labels,transformer_add97_permuted_s3,3,
10200,1.0,0.01138779241591692,permuted labels,transformer_add97_permuted_s3,3,
10300,1.0,0.01062860619276762,permuted labels,transformer_add97_permuted_s3,3,
10400,1.0,0.01062860619276762,permuted labels,transformer_add97_permuted_s3,3,
10500,1.0,0.01047676894813776,permuted labels,transformer_add97_permuted_s3,3,
10600,1.0,0.00986941996961832,permuted labels,transformer_add97_permuted_s3,3,
10700,1.0,0.0103249317035079,permuted labels,transformer_add97_permuted_s3,3,
10800,1.0,0.01002125721424818,permuted labels,transformer_add97_permuted_s3,3,
10900,1.0,0.008351047523319721,permuted labels,transformer_add97_permuted_s3,3,
11000,1.0,0.01017309445887804,permuted labels,transformer_add97_permuted_s3,3,
11100,1.0,0.01017309445887804,permuted labels,transformer_add97_permuted_s3,3,
11200,1.0,0.01047676894813776,permuted labels,transformer_add97_permuted_s3,3,
11300,1.0,0.01062860619276762,permuted labels,transformer_add97_permuted_s3,3,
11400,1.0,0.0110841179266572,permuted labels,transformer_add97_permuted_s3,3,
11500,1.0,0.01123595517128706,permuted labels,transformer_add97_permuted_s3,3,
11600,1.0,0.01123595517128706,permuted labels,transformer_add97_permuted_s3,3,
11700,1.0,0.0110841179266572,permuted labels,transformer_add97_permuted_s3,3,
11800,1.0,0.0118433041498065,permuted labels,transformer_add97_permuted_s3,3,
11900,0.8072971701622009,0.01047676894813776,permuted labels,transformer_add97_permuted_s3,3,
12000,1.0,0.01169146690517664,permuted labels,transformer_add97_permuted_s3,3,
12100,1.0,0.01093228068202734,permuted labels,transformer_add97_permuted_s3,3,
12200,1.0,0.012602490372955799,permuted labels,transformer_add97_permuted_s3,3,
12300,1.0,0.01199514139443636,permuted labels,transformer_add97_permuted_s3,3,
12400,1.0,0.01199514139443636,permuted labels,transformer_add97_permuted_s3,3,
12500,1.0,0.0118433041498065,permuted labels,transformer_add97_permuted_s3,3,
12600,1.0,0.01153962966054678,permuted labels,transformer_add97_permuted_s3,3,
12700,1.0,0.01153962966054678,permuted labels,transformer_add97_permuted_s3,3,
12800,1.0,0.01153962966054678,permuted labels,transformer_add97_permuted_s3,3,
12900,1.0,0.01169146690517664,permuted labels,transformer_add97_permuted_s3,3,
13000,1.0,0.01138779241591692,permuted labels,transformer_add97_permuted_s3,3,
13100,1.0,0.01214697863906622,permuted labels,transformer_add97_permuted_s3,3,
13200,1.0,0.01153962966054678,permuted labels,transformer_add97_permuted_s3,3,
13300,1.0,0.0110841179266572,permuted labels,transformer_add97_permuted_s3,3,
13400,1.0,0.01138779241591692,permuted labels,transformer_add97_permuted_s3,3,
13500,1.0,0.0110841179266572,permuted labels,transformer_add97_permuted_s3,3,
13600,1.0,0.0110841179266572,permuted labels,transformer_add97_permuted_s3,3,
13700,1.0,0.0118433041498065,permuted labels,transformer_add97_permuted_s3,3,
13800,1.0,0.01245065312832594,permuted labels,transformer_add97_permuted_s3,3,
13900,1.0,0.0118433041498065,permuted labels,transformer_add97_permuted_s3,3,
14000,1.0,0.01199514139443636,permuted labels,transformer_add97_permuted_s3,3,
14100,1.0,0.01138779241591692,permuted labels,transformer_add97_permuted_s3,3,
14200,1.0,0.013817188329994678,permuted labels,transformer_add97_permuted_s3,3,
14300,1.0,0.012602490372955799,permuted labels,transformer_add97_permuted_s3,3,
14400,1.0,0.012906164862215519,permuted labels,transformer_add97_permuted_s3,3,
14500,1.0,0.01138779241591692,permuted labels,transformer_add97_permuted_s3,3,
14600,1.0,0.01153962966054678,permuted labels,transformer_add97_permuted_s3,3,
14700,1.0,0.01169146690517664,permuted labels,transformer_add97_permuted_s3,3,
14800,1.0,0.01169146690517664,permuted labels,transformer_add97_permuted_s3,3,
14900,1.0,0.01002125721424818,permuted labels,transformer_add97_permuted_s3,3,
15000,1.0,0.01002125721424818,permuted labels,transformer_add97_permuted_s3,3,
15100,1.0,0.00941390823572874,permuted labels,transformer_add97_permuted_s3,3,
15200,1.0,0.01093228068202734,permuted labels,transformer_add97_permuted_s3,3,
15300,1.0,0.01138779241591692,permuted labels,transformer_add97_permuted_s3,3,
15400,1.0,0.01002125721424818,permuted labels,transformer_add97_permuted_s3,3,
15500,1.0,0.00911023374646902,permuted labels,transformer_add97_permuted_s3,3,
15600,1.0,0.00986941996961832,permuted labels,transformer_add97_permuted_s3,3,
15700,1.0,0.00971758272498846,permuted labels,transformer_add97_permuted_s3,3,
15800,1.0,0.00986941996961832,permuted labels,transformer_add97_permuted_s3,3,
15900,1.0,0.0095657454803586,permuted labels,transformer_add97_permuted_s3,3,
16000,1.0,0.01017309445887804,permuted labels,transformer_add97_permuted_s3,3,
16100,1.0,0.0103249317035079,permuted labels,transformer_add97_permuted_s3,3,
16200,1.0,0.01002125721424818,permuted labels,transformer_add97_permuted_s3,3,
16300,1.0,0.00986941996961832,permuted labels,transformer_add97_permuted_s3,3,
16400,1.0,0.00971758272498846,permuted labels,transformer_add97_permuted_s3,3,
16500,1.0,0.0110841179266572,permuted labels,transformer_add97_permuted_s3,3,
16600,1.0,0.00986941996961832,permuted labels,transformer_add97_permuted_s3,3,
16700,1.0,0.01093228068202734,permuted labels,transformer_add97_permuted_s3,3,
16800,1.0,0.01123595517128706,permuted labels,transformer_add97_permuted_s3,3,
16900,1.0,0.01062860619276762,permuted labels,transformer_add97_permuted_s3,3,
17000,1.0,0.0103249317035079,permuted labels,transformer_add97_permuted_s3,3,
17100,1.0,0.01002125721424818,permuted labels,transformer_add97_permuted_s3,3,
17200,1.0,0.0103249317035079,permuted labels,transformer_add97_permuted_s3,3,
17300,1.0,0.00926207099109888,permuted labels,transformer_add97_permuted_s3,3,
17400,1.0,0.008958396501839161,permuted labels,transformer_add97_permuted_s3,3,
17500,1.0,0.00911023374646902,permuted labels,transformer_add97_permuted_s3,3,
17600,1.0,0.00911023374646902,permuted labels,transformer_add97_permuted_s3,3,
17700,1.0,0.01017309445887804,permuted labels,transformer_add97_permuted_s3,3,
17800,1.0,0.01002125721424818,permuted labels,transformer_add97_permuted_s3,3,
17900,1.0,0.01047676894813776,permuted labels,transformer_add97_permuted_s3,3,
18000,1.0,0.01093228068202734,permuted labels,transformer_add97_permuted_s3,3,
18100,1.0,0.00986941996961832,permuted labels,transformer_add97_permuted_s3,3,
18200,1.0,0.0103249317035079,permuted labels,transformer_add97_permuted_s3,3,
18300,1.0,0.008806559257209301,permuted labels,transformer_add97_permuted_s3,3,
18400,1.0,0.0103249317035079,permuted labels,transformer_add97_permuted_s3,3,
18500,1.0,0.0103249317035079,permuted labels,transformer_add97_permuted_s3,3,
18600,1.0,0.01093228068202734,permuted labels,transformer_add97_permuted_s3,3,
18700,1.0,0.0110841179266572,permuted labels,transformer_add97_permuted_s3,3,
18800,1.0,0.01078044343739748,permuted labels,transformer_add97_permuted_s3,3,
18900,1.0,0.01078044343739748,permuted labels,transformer_add97_permuted_s3,3,
19000,0.9149840474128723,0.01002125721424818,permuted labels,transformer_add97_permuted_s3,3,
19100,1.0,0.01062860619276762,permuted labels,transformer_add97_permuted_s3,3,
19200,1.0,0.01047676894813776,permuted labels,transformer_add97_permuted_s3,3,
19300,1.0,0.00971758272498846,permuted labels,transformer_add97_permuted_s3,3,
19400,1.0,0.01093228068202734,permuted labels,transformer_add97_permuted_s3,3,
19500,1.0,0.01138779241591692,permuted labels,transformer_add97_permuted_s3,3,
19600,1.0,0.01093228068202734,permuted labels,transformer_add97_permuted_s3,3,
19700,1.0,0.01078044343739748,permuted labels,transformer_add97_permuted_s3,3,
19800,1.0,0.01078044343739748,permuted labels,transformer_add97_permuted_s3,3,
19900,1.0,0.01078044343739748,permuted labels,transformer_add97_permuted_s3,3,
20000,1.0,0.01078044343739748,permuted labels,transformer_add97_permuted_s3,3,
20100,1.0,0.01138779241591692,permuted labels,transformer_add97_permuted_s3,3,
20200,1.0,0.01017309445887804,permuted labels,transformer_add97_permuted_s3,3,
20300,1.0,0.01017309445887804,permuted labels,transformer_add97_permuted_s3,3,
20400,1.0,0.01199514139443636,permuted labels,transformer_add97_permuted_s3,3,
20500,1.0,0.01123595517128706,permuted labels,transformer_add97_permuted_s3,3,
20600,1.0,0.01153962966054678,permuted labels,transformer_add97_permuted_s3,3,
20700,1.0,0.01078044343739748,permuted labels,transformer_add97_permuted_s3,3,
20800,1.0,0.01123595517128706,permuted labels,transformer_add97_permuted_s3,3,
20900,1.0,0.0110841179266572,permuted labels,transformer_add97_permuted_s3,3,
21000,1.0,0.01093228068202734,permuted labels,transformer_add97_permuted_s3,3,
21100,1.0,0.01093228068202734,permuted labels,transformer_add97_permuted_s3,3,
21200,1.0,0.01138779241591692,permuted labels,transformer_add97_permuted_s3,3,
21300,1.0,0.01214697863906622,permuted labels,transformer_add97_permuted_s3,3,
21400,1.0,0.01169146690517664,permuted labels,transformer_add97_permuted_s3,3,
21500,1.0,0.01093228068202734,permuted labels,transformer_add97_permuted_s3,3,
21600,1.0,0.01062860619276762,permuted labels,transformer_add97_permuted_s3,3,
21700,1.0,0.0110841179266572,permuted labels,transformer_add97_permuted_s3,3,
21800,1.0,0.01123595517128706,permuted labels,transformer_add97_permuted_s3,3,
21900,1.0,0.01153962966054678,permuted labels,transformer_add97_permuted_s3,3,
22000,1.0,0.01169146690517664,permuted labels,transformer_add97_permuted_s3,3,
22100,1.0,0.0110841179266572,permuted labels,transformer_add97_permuted_s3,3,
22200,1.0,0.01047676894813776,permuted labels,transformer_add97_permuted_s3,3,
22300,1.0,0.01002125721424818,permuted labels,transformer_add97_permuted_s3,3,
22400,0.7173219919204712,0.00926207099109888,permuted labels,transformer_add97_permuted_s3,3,
22500,1.0,0.0110841179266572,permuted labels,transformer_add97_permuted_s3,3,
22600,1.0,0.01199514139443636,permuted labels,transformer_add97_permuted_s3,3,
22700,1.0,0.01047676894813776,permuted labels,transformer_add97_permuted_s3,3,
22800,1.0,0.0110841179266572,permuted labels,transformer_add97_permuted_s3,3,
22900,1.0,0.01199514139443636,permuted labels,transformer_add97_permuted_s3,3,
23000,1.0,0.012754327617585659,permuted labels,transformer_add97_permuted_s3,3,
23100,1.0,0.012602490372955799,permuted labels,transformer_add97_permuted_s3,3,
23200,1.0,0.01229881588369608,permuted labels,transformer_add97_permuted_s3,3,
23300,1.0,0.01078044343739748,permuted labels,transformer_add97_permuted_s3,3,
23400,1.0,0.01078044343739748,permuted labels,transformer_add97_permuted_s3,3,
23500,1.0,0.01062860619276762,permuted labels,transformer_add97_permuted_s3,3,
23600,1.0,0.01245065312832594,permuted labels,transformer_add97_permuted_s3,3,
23700,1.0,0.0118433041498065,permuted labels,transformer_add97_permuted_s3,3,
23800,1.0,0.01093228068202734,permuted labels,transformer_add97_permuted_s3,3,
23900,1.0,0.01093228068202734,permuted labels,transformer_add97_permuted_s3,3,
24000,1.0,0.0103249317035079,permuted labels,transformer_add97_permuted_s3,3,
24100,1.0,0.01002125721424818,permuted labels,transformer_add97_permuted_s3,3,
24200,1.0,0.00986941996961832,permuted labels,transformer_add97_permuted_s3,3,
24300,1.0,0.00941390823572874,permuted labels,transformer_add97_permuted_s3,3,
24400,1.0,0.00971758272498846,permuted labels,transformer_add97_permuted_s3,3,
24500,1.0,0.00926207099109888,permuted labels,transformer_add97_permuted_s3,3,
24600,1.0,0.0095657454803586,permuted labels,transformer_add97_permuted_s3,3,
24700,1.0,0.01229881588369608,permuted labels,transformer_add97_permuted_s3,3,
24800,1.0,0.01062860619276762,permuted labels,transformer_add97_permuted_s3,3,
24900,1.0,0.0103249317035079,permuted labels,transformer_add97_permuted_s3,3,
25000,1.0,0.01078044343739748,permuted labels,transformer_add97_permuted_s3,3,
25100,1.0,0.01062860619276762,permuted labels,transformer_add97_permuted_s3,3,
25200,1.0,0.0103249317035079,permuted labels,transformer_add97_permuted_s3,3,
25300,1.0,0.0110841179266572,permuted labels,transformer_add97_permuted_s3,3,
25400,1.0,0.01017309445887804,permuted labels,transformer_add97_permuted_s3,3,
25500,1.0,0.00926207099109888,permuted labels,transformer_add97_permuted_s3,3,
25600,1.0,0.00941390823572874,permuted labels,transformer_add97_permuted_s3,3,
25700,1.0,0.00941390823572874,permuted labels,transformer_add97_permuted_s3,3,
25800,0.9975203275680542,0.01002125721424818,permuted labels,transformer_add97_permuted_s3,3,
25900,1.0,0.00971758272498846,permuted labels,transformer_add97_permuted_s3,3,
26000,1.0,0.0118433041498065,permuted labels,transformer_add97_permuted_s3,3,
26100,1.0,0.01047676894813776,permuted labels,transformer_add97_permuted_s3,3,
26200,1.0,0.01002125721424818,permuted labels,transformer_add97_permuted_s3,3,
26300,1.0,0.01093228068202734,permuted labels,transformer_add97_permuted_s3,3,
26400,1.0,0.01153962966054678,permuted labels,transformer_add97_permuted_s3,3,
26500,1.0,0.01017309445887804,permuted labels,transformer_add97_permuted_s3,3,
26600,1.0,0.00971758272498846,permuted labels,transformer_add97_permuted_s3,3,
26700,1.0,0.00986941996961832,permuted labels,transformer_add97_permuted_s3,3,
26800,1.0,0.00941390823572874,permuted labels,transformer_add97_permuted_s3,3,
26900,1.0,0.01214697863906622,permuted labels,transformer_add97_permuted_s3,3,
27000,1.0,0.01138779241591692,permuted labels,transformer_add97_permuted_s3,3,
27100,1.0,0.01078044343739748,permuted labels,transformer_add97_permuted_s3,3,
27200,1.0,0.01047676894813776,permuted labels,transformer_add97_permuted_s3,3,
27300,1.0,0.01093228068202734,permuted labels,transformer_add97_permuted_s3,3,
27400,1.0,0.01047676894813776,permuted labels,transformer_add97_permuted_s3,3,
27500,1.0,0.01002125721424818,permuted labels,transformer_add97_permuted_s3,3,
27600,1.0,0.01017309445887804,permuted labels,transformer_add97_permuted_s3,3,
27700,1.0,0.01078044343739748,permuted labels,transformer_add97_permuted_s3,3,
27800,1.0,0.01047676894813776,permuted labels,transformer_add97_permuted_s3,3,
27900,1.0,0.01047676894813776,permuted labels,transformer_add97_permuted_s3,3,
28000,1.0,0.01123595517128706,permuted labels,transformer_add97_permuted_s3,3,
28100,1.0,0.01093228068202734,permuted labels,transformer_add97_permuted_s3,3,
28200,1.0,0.01002125721424818,permuted labels,transformer_add97_permuted_s3,3,
28300,1.0,0.0103249317035079,permuted labels,transformer_add97_permuted_s3,3,
28400,1.0,0.01078044343739748,permuted labels,transformer_add97_permuted_s3,3,
28500,1.0,0.01062860619276762,permuted labels,transformer_add97_permuted_s3,3,
28600,1.0,0.01047676894813776,permuted labels,transformer_add97_permuted_s3,3,
28700,1.0,0.01017309445887804,permuted labels,transformer_add97_permuted_s3,3,
28800,1.0,0.0103249317035079,permuted labels,transformer_add97_permuted_s3,3,
28900,1.0,0.01062860619276762,permuted labels,transformer_add97_permuted_s3,3,
29000,1.0,0.01138779241591692,permuted labels,transformer_add97_permuted_s3,3,
29100,1.0,0.01123595517128706,permuted labels,transformer_add97_permuted_s3,3,
29200,1.0,0.01047676894813776,permuted labels,transformer_add97_permuted_s3,3,
29300,1.0,0.00926207099109888,permuted labels,transformer_add97_permuted_s3,3,
29400,1.0,0.008806559257209301,permuted labels,transformer_add97_permuted_s3,3,
29500,1.0,0.01047676894813776,permuted labels,transformer_add97_permuted_s3,3,
29600,1.0,0.01002125721424818,permuted labels,transformer_add97_permuted_s3,3,
29700,1.0,0.01093228068202734,permuted labels,transformer_add97_permuted_s3,3,
29800,1.0,0.00971758272498846,permuted labels,transformer_add97_permuted_s3,3,
29900,1.0,0.00941390823572874,permuted labels,transformer_add97_permuted_s3,3,
30000,1.0,0.0095657454803586,permuted labels,transformer_add97_permuted_s3,3,
30100,1.0,0.01002125721424818,permuted labels,transformer_add97_permuted_s3,3,
30200,1.0,0.00926207099109888,permuted labels,transformer_add97_permuted_s3,3,
30300,1.0,0.00971758272498846,permuted labels,transformer_add97_permuted_s3,3,
30400,1.0,0.01093228068202734,permuted labels,transformer_add97_permuted_s3,3,
30500,1.0,0.00941390823572874,permuted labels,transformer_add97_permuted_s3,3,
30600,1.0,0.01002125721424818,permuted labels,transformer_add97_permuted_s3,3,
30700,1.0,0.00971758272498846,permuted labels,transformer_add97_permuted_s3,3,
30800,1.0,0.01062860619276762,permuted labels,transformer_add97_permuted_s3,3,
30900,1.0,0.01169146690517664,permuted labels,transformer_add97_permuted_s3,3,
31000,1.0,0.01017309445887804,permuted labels,transformer_add97_permuted_s3,3,
31100,1.0,0.01078044343739748,permuted labels,transformer_add97_permuted_s3,3,
31200,1.0,0.0103249317035079,permuted labels,transformer_add97_permuted_s3,3,
31300,1.0,0.0103249317035079,permuted labels,transformer_add97_permuted_s3,3,
31400,1.0,0.0110841179266572,permuted labels,transformer_add97_permuted_s3,3,
31500,1.0,0.00971758272498846,permuted labels,transformer_add97_permuted_s3,3,
31600,1.0,0.00911023374646902,permuted labels,transformer_add97_permuted_s3,3,
31700,1.0,0.00971758272498846,permuted labels,transformer_add97_permuted_s3,3,
31800,1.0,0.01062860619276762,permuted labels,transformer_add97_permuted_s3,3,
31900,1.0,0.01017309445887804,permuted labels,transformer_add97_permuted_s3,3,
32000,1.0,0.00986941996961832,permuted labels,transformer_add97_permuted_s3,3,
32100,1.0,0.0103249317035079,permuted labels,transformer_add97_permuted_s3,3,
32200,1.0,0.01078044343739748,permuted labels,transformer_add97_permuted_s3,3,
32300,1.0,0.01123595517128706,permuted labels,transformer_add97_permuted_s3,3,
32400,1.0,0.01138779241591692,permuted labels,transformer_add97_permuted_s3,3,
32500,1.0,0.0118433041498065,permuted labels,transformer_add97_permuted_s3,3,
32600,0.932341456413269,0.00986941996961832,permuted labels,transformer_add97_permuted_s3,3,
32700,1.0,0.01062860619276762,permuted labels,transformer_add97_permuted_s3,3,
32800,1.0,0.0095657454803586,permuted labels,transformer_add97_permuted_s3,3,
32900,1.0,0.00941390823572874,permuted labels,transformer_add97_permuted_s3,3,
33000,1.0,0.01002125721424818,permuted labels,transformer_add97_permuted_s3,3,
33100,1.0,0.01062860619276762,permuted labels,transformer_add97_permuted_s3,3,
33200,1.0,0.01047676894813776,permuted labels,transformer_add97_permuted_s3,3,
33300,1.0,0.01078044343739748,permuted labels,transformer_add97_permuted_s3,3,
33400,1.0,0.01078044343739748,permuted labels,transformer_add97_permuted_s3,3,
33500,1.0,0.01062860619276762,permuted labels,transformer_add97_permuted_s3,3,
33600,1.0,0.01123595517128706,permuted labels,transformer_add97_permuted_s3,3,
33700,1.0,0.01062860619276762,permuted labels,transformer_add97_permuted_s3,3,
33800,1.0,0.01078044343739748,permuted labels,transformer_add97_permuted_s3,3,
33900,1.0,0.01123595517128706,permuted labels,transformer_add97_permuted_s3,3,
34000,1.0,0.01199514139443636,permuted labels,transformer_add97_permuted_s3,3,
34100,1.0,0.01093228068202734,permuted labels,transformer_add97_permuted_s3,3,
34200,1.0,0.0110841179266572,permuted labels,transformer_add97_permuted_s3,3,
34300,1.0,0.0110841179266572,permuted labels,transformer_add97_permuted_s3,3,
34400,1.0,0.01078044343739748,permuted labels,transformer_add97_permuted_s3,3,
34500,1.0,0.01017309445887804,permuted labels,transformer_add97_permuted_s3,3,
34600,1.0,0.01017309445887804,permuted labels,transformer_add97_permuted_s3,3,
34700,1.0,0.01047676894813776,permuted labels,transformer_add97_permuted_s3,3,
34800,1.0,0.00986941996961832,permuted labels,transformer_add97_permuted_s3,3,
34900,1.0,0.01093228068202734,permuted labels,transformer_add97_permuted_s3,3,
35000,1.0,0.01062860619276762,permuted labels,transformer_add97_permuted_s3,3,
35100,1.0,0.01078044343739748,permuted labels,transformer_add97_permuted_s3,3,
35200,1.0,0.01138779241591692,permuted labels,transformer_add97_permuted_s3,3,
35300,1.0,0.01062860619276762,permuted labels,transformer_add97_permuted_s3,3,
35400,1.0,0.01017309445887804,permuted labels,transformer_add97_permuted_s3,3,
35500,1.0,0.00926207099109888,permuted labels,transformer_add97_permuted_s3,3,
35600,1.0,0.00941390823572874,permuted labels,transformer_add97_permuted_s3,3,
35700,1.0,0.01002125721424818,permuted labels,transformer_add97_permuted_s3,3,
35800,1.0,0.00971758272498846,permuted labels,transformer_add97_permuted_s3,3,
35900,1.0,0.0095657454803586,permuted labels,transformer_add97_permuted_s3,3,
36000,1.0,0.00986941996961832,permuted labels,transformer_add97_permuted_s3,3,
36100,1.0,0.01078044343739748,permuted labels,transformer_add97_permuted_s3,3,
36200,1.0,0.01017309445887804,permuted labels,transformer_add97_permuted_s3,3,
36300,1.0,0.01062860619276762,permuted labels,transformer_add97_permuted_s3,3,
36400,1.0,0.01002125721424818,permuted labels,transformer_add97_permuted_s3,3,
36500,1.0,0.00926207099109888,permuted labels,transformer_add97_permuted_s3,3,
36600,1.0,0.01002125721424818,permuted labels,transformer_add97_permuted_s3,3,
36700,1.0,0.00986941996961832,permuted labels,transformer_add97_permuted_s3,3,
36800,1.0,0.0103249317035079,permuted labels,transformer_add97_permuted_s3,3,
36900,1.0,0.01062860619276762,permuted labels,transformer_add97_permuted_s3,3,
37000,1.0,0.01153962966054678,permuted labels,transformer_add97_permuted_s3,3,
37100,1.0,0.01093228068202734,permuted labels,transformer_add97_permuted_s3,3,
37200,0.9344668984413147,0.01199514139443636,permuted labels,transformer_add97_permuted_s3,3,
37300,1.0,0.01062860619276762,permuted labels,transformer_add97_permuted_s3,3,
37400,1.0,0.00971758272498846,permuted labels,transformer_add97_permuted_s3,3,
37500,1.0,0.00986941996961832,permuted labels,transformer_add97_permuted_s3,3,
37600,1.0,0.00971758272498846,permuted labels,transformer_add97_permuted_s3,3,
37700,1.0,0.01002125721424818,permuted labels,transformer_add97_permuted_s3,3,
37800,1.0,0.01017309445887804,permuted labels,transformer_add97_permuted_s3,3,
37900,1.0,0.00986941996961832,permuted labels,transformer_add97_permuted_s3,3,
38000,1.0,0.00986941996961832,permuted labels,transformer_add97_permuted_s3,3,
38100,1.0,0.01002125721424818,permuted labels,transformer_add97_permuted_s3,3,
38200,1.0,0.01017309445887804,permuted labels,transformer_add97_permuted_s3,3,
38300,0.8430747389793396,0.00911023374646902,permuted labels,transformer_add97_permuted_s3,3,
38400,1.0,0.0118433041498065,permuted labels,transformer_add97_permuted_s3,3,
38500,1.0,0.0118433041498065,permuted labels,transformer_add97_permuted_s3,3,
38600,1.0,0.01169146690517664,permuted labels,transformer_add97_permuted_s3,3,
38700,1.0,0.0118433041498065,permuted labels,transformer_add97_permuted_s3,3,
38800,1.0,0.01214697863906622,permuted labels,transformer_add97_permuted_s3,3,
38900,1.0,0.0118433041498065,permuted labels,transformer_add97_permuted_s3,3,
39000,1.0,0.01214697863906622,permuted labels,transformer_add97_permuted_s3,3,
39100,1.0,0.0110841179266572,permuted labels,transformer_add97_permuted_s3,3,
39200,1.0,0.01138779241591692,permuted labels,transformer_add97_permuted_s3,3,
39300,1.0,0.01153962966054678,permuted labels,transformer_add97_permuted_s3,3,
39400,1.0,0.01138779241591692,permuted labels,transformer_add97_permuted_s3,3,
39500,1.0,0.0110841179266572,permuted labels,transformer_add97_permuted_s3,3,
39600,1.0,0.01245065312832594,permuted labels,transformer_add97_permuted_s3,3,
39700,1.0,0.01214697863906622,permuted labels,transformer_add97_permuted_s3,3,
39800,1.0,0.01199514139443636,permuted labels,transformer_add97_permuted_s3,3,
39900,1.0,0.01199514139443636,permuted labels,transformer_add97_permuted_s3,3,
40000,1.0,0.0110841179266572,permuted labels,transformer_add97_permuted_s3,3,
40100,1.0,0.01138779241591692,permuted labels,transformer_add97_permuted_s3,3,
40200,1.0,0.01169146690517664,permuted labels,transformer_add97_permuted_s3,3,
40300,1.0,0.01169146690517664,permuted labels,transformer_add97_permuted_s3,3,
40400,1.0,0.01123595517128706,permuted labels,transformer_add97_permuted_s3,3,
40500,1.0,0.01093228068202734,permuted labels,transformer_add97_permuted_s3,3,
40600,1.0,0.01002125721424818,permuted labels,transformer_add97_permuted_s3,3,
40700,1.0,0.01078044343739748,permuted labels,transformer_add97_permuted_s3,3,
40800,1.0,0.01229881588369608,permuted labels,transformer_add97_permuted_s3,3,
40900,1.0,0.01093228068202734,permuted labels,transformer_add97_permuted_s3,3,
41000,1.0,0.01153962966054678,permuted labels,transformer_add97_permuted_s3,3,
41100,1.0,0.0118433041498065,permuted labels,transformer_add97_permuted_s3,3,
41200,1.0,0.01169146690517664,permuted labels,transformer_add97_permuted_s3,3,
41300,1.0,0.01229881588369608,permuted labels,transformer_add97_permuted_s3,3,
41400,1.0,0.01199514139443636,permuted labels,transformer_add97_permuted_s3,3,
41500,1.0,0.01199514139443636,permuted labels,transformer_add97_permuted_s3,3,
41600,1.0,0.01017309445887804,permuted labels,transformer_add97_permuted_s3,3,
41700,1.0,0.01078044343739748,permuted labels,transformer_add97_permuted_s3,3,
41800,1.0,0.00986941996961832,permuted labels,transformer_add97_permuted_s3,3,
41900,1.0,0.01138779241591692,permuted labels,transformer_add97_permuted_s3,3,
42000,1.0,0.01047676894813776,permuted labels,transformer_add97_permuted_s3,3,
42100,1.0,0.01169146690517664,permuted labels,transformer_add97_permuted_s3,3,
42200,1.0,0.01169146690517664,permuted labels,transformer_add97_permuted_s3,3,
42300,1.0,0.01153962966054678,permuted labels,transformer_add97_permuted_s3,3,
42400,1.0,0.0110841179266572,permuted labels,transformer_add97_permuted_s3,3,
42500,1.0,0.01123595517128706,permuted labels,transformer_add97_permuted_s3,3,
42600,1.0,0.01153962966054678,permuted labels,transformer_add97_permuted_s3,3,
42700,1.0,0.0118433041498065,permuted labels,transformer_add97_permuted_s3,3,
42800,1.0,0.01138779241591692,permuted labels,transformer_add97_permuted_s3,3,
42900,1.0,0.0110841179266572,permuted labels,transformer_add97_permuted_s3,3,
43000,1.0,0.013665351085364819,permuted labels,transformer_add97_permuted_s3,3,
43100,1.0,0.01169146690517664,permuted labels,transformer_add97_permuted_s3,3,
43200,1.0,0.012602490372955799,permuted labels,transformer_add97_permuted_s3,3,
43300,1.0,0.01093228068202734,permuted labels,transformer_add97_permuted_s3,3,
43400,1.0,0.01002125721424818,permuted labels,transformer_add97_permuted_s3,3,
43500,1.0,0.01078044343739748,permuted labels,transformer_add97_permuted_s3,3,
43600,1.0,0.01153962966054678,permuted labels,transformer_add97_permuted_s3,3,
43700,1.0,0.01229881588369608,permuted labels,transformer_add97_permuted_s3,3,
43800,1.0,0.01153962966054678,permuted labels,transformer_add97_permuted_s3,3,
43900,1.0,0.01123595517128706,permuted labels,transformer_add97_permuted_s3,3,
44000,1.0,0.0110841179266572,permuted labels,transformer_add97_permuted_s3,3,
44100,1.0,0.01093228068202734,permuted labels,transformer_add97_permuted_s3,3,
44200,1.0,0.01093228068202734,permuted labels,transformer_add97_permuted_s3,3,
44300,1.0,0.01123595517128706,permuted labels,transformer_add97_permuted_s3,3,
44400,1.0,0.01245065312832594,permuted labels,transformer_add97_permuted_s3,3,
44500,1.0,0.012906164862215519,permuted labels,transformer_add97_permuted_s3,3,
44600,1.0,0.01214697863906622,permuted labels,transformer_add97_permuted_s3,3,
44700,1.0,0.0118433041498065,permuted labels,transformer_add97_permuted_s3,3,
44800,1.0,0.0110841179266572,permuted labels,transformer_add97_permuted_s3,3,
44900,1.0,0.0118433041498065,permuted labels,transformer_add97_permuted_s3,3,
45000,1.0,0.01153962966054678,permuted labels,transformer_add97_permuted_s3,3,
45100,1.0,0.0110841179266572,permuted labels,transformer_add97_permuted_s3,3,
45200,1.0,0.01153962966054678,permuted labels,transformer_add97_permuted_s3,3,
45300,0.6656039357185364,0.013209839351475239,permuted labels,transformer_add97_permuted_s3,3,
45400,1.0,0.01138779241591692,permuted labels,transformer_add97_permuted_s3,3,
45500,1.0,0.01062860619276762,permuted labels,transformer_add97_permuted_s3,3,
45600,1.0,0.01078044343739748,permuted labels,transformer_add97_permuted_s3,3,
45700,1.0,0.0103249317035079,permuted labels,transformer_add97_permuted_s3,3,
45800,1.0,0.0110841179266572,permuted labels,transformer_add97_permuted_s3,3,
45900,1.0,0.01093228068202734,permuted labels,transformer_add97_permuted_s3,3,
46000,1.0,0.01138779241591692,permuted labels,transformer_add97_permuted_s3,3,
46100,1.0,0.0110841179266572,permuted labels,transformer_add97_permuted_s3,3,
46200,1.0,0.01093228068202734,permuted labels,transformer_add97_permuted_s3,3,
46300,1.0,0.01138779241591692,permuted labels,transformer_add97_permuted_s3,3,
46400,1.0,0.01138779241591692,permuted labels,transformer_add97_permuted_s3,3,
46500,1.0,0.00926207099109888,permuted labels,transformer_add97_permuted_s3,3,
46600,1.0,0.01062860619276762,permuted labels,transformer_add97_permuted_s3,3,
46700,1.0,0.00941390823572874,permuted labels,transformer_add97_permuted_s3,3,
46800,1.0,0.01047676894813776,permuted labels,transformer_add97_permuted_s3,3,
46900,1.0,0.01093228068202734,permuted labels,transformer_add97_permuted_s3,3,
47000,1.0,0.01123595517128706,permuted labels,transformer_add97_permuted_s3,3,
47100,1.0,0.01123595517128706,permuted labels,transformer_add97_permuted_s3,3,
47200,1.0,0.01169146690517664,permuted labels,transformer_add97_permuted_s3,3,
47300,1.0,0.012602490372955799,permuted labels,transformer_add97_permuted_s3,3,
47400,1.0,0.012754327617585659,permuted labels,transformer_add97_permuted_s3,3,
47500,1.0,0.012602490372955799,permuted labels,transformer_add97_permuted_s3,3,
47600,1.0,0.01214697863906622,permuted labels,transformer_add97_permuted_s3,3,
47700,1.0,0.01245065312832594,permuted labels,transformer_add97_permuted_s3,3,
47800,1.0,0.01245065312832594,permuted labels,transformer_add97_permuted_s3,3,
47900,1.0,0.01093228068202734,permuted labels,transformer_add97_permuted_s3,3,
48000,1.0,0.00986941996961832,permuted labels,transformer_add97_permuted_s3,3,
48100,1.0,0.01093228068202734,permuted labels,transformer_add97_permuted_s3,3,
48200,1.0,0.01123595517128706,permuted labels,transformer_add97_permuted_s3,3,
48300,1.0,0.01138779241591692,permuted labels,transformer_add97_permuted_s3,3,
48400,1.0,0.01138779241591692,permuted labels,transformer_add97_permuted_s3,3,
48500,1.0,0.01093228068202734,permuted labels,transformer_add97_permuted_s3,3,
48600,1.0,0.00986941996961832,permuted labels,transformer_add97_permuted_s3,3,
48700,1.0,0.01093228068202734,permuted labels,transformer_add97_permuted_s3,3,
48800,1.0,0.0110841179266572,permuted labels,transformer_add97_permuted_s3,3,
48900,1.0,0.01153962966054678,permuted labels,transformer_add97_permuted_s3,3,
49000,1.0,0.01138779241591692,permuted labels,transformer_add97_permuted_s3,3,
49100,1.0,0.01245065312832594,permuted labels,transformer_add97_permuted_s3,3,
49200,1.0,0.01245065312832594,permuted labels,transformer_add97_permuted_s3,3,
49300,1.0,0.012754327617585659,permuted labels,transformer_add97_permuted_s3,3,
49400,1.0,0.012754327617585659,permuted labels,transformer_add97_permuted_s3,3,
49500,1.0,0.012754327617585659,permuted labels,transformer_add97_permuted_s3,3,
49600,1.0,0.012602490372955799,permuted labels,transformer_add97_permuted_s3,3,
49700,1.0,0.0110841179266572,permuted labels,transformer_add97_permuted_s3,3,
49800,1.0,0.01138779241591692,permuted labels,transformer_add97_permuted_s3,3,
49900,1.0,0.01214697863906622,permuted labels,transformer_add97_permuted_s3,3,
50000,1.0,0.012754327617585659,permuted labels,transformer_add97_permuted_s3,3,
50100,1.0,0.01153962966054678,permuted labels,transformer_add97_permuted_s3,3,
50200,1.0,0.01123595517128706,permuted labels,transformer_add97_permuted_s3,3,
50300,1.0,0.01169146690517664,permuted labels,transformer_add97_permuted_s3,3,
50400,1.0,0.01138779241591692,permuted labels,transformer_add97_permuted_s3,3,
50500,1.0,0.01199514139443636,permuted labels,transformer_add97_permuted_s3,3,
50600,1.0,0.01169146690517664,permuted labels,transformer_add97_permuted_s3,3,
50700,1.0,0.012754327617585659,permuted labels,transformer_add97_permuted_s3,3,
50800,1.0,0.013361676596105099,permuted labels,transformer_add97_permuted_s3,3,
50900,1.0,0.012906164862215519,permuted labels,transformer_add97_permuted_s3,3,
51000,1.0,0.01199514139443636,permuted labels,transformer_add97_permuted_s3,3,
51100,1.0,0.01078044343739748,permuted labels,transformer_add97_permuted_s3,3,
51200,1.0,0.01123595517128706,permuted labels,transformer_add97_permuted_s3,3,
51300,1.0,0.0118433041498065,permuted labels,transformer_add97_permuted_s3,3,
51400,1.0,0.01214697863906622,permuted labels,transformer_add97_permuted_s3,3,
51500,1.0,0.013209839351475239,permuted labels,transformer_add97_permuted_s3,3,
51600,1.0,0.013058002106845379,permuted labels,transformer_add97_permuted_s3,3,
51700,1.0,0.013361676596105099,permuted labels,transformer_add97_permuted_s3,3,
51800,1.0,0.012906164862215519,permuted labels,transformer_add97_permuted_s3,3,
51900,1.0,0.013665351085364819,permuted labels,transformer_add97_permuted_s3,3,
52000,1.0,0.013513513840734959,permuted labels,transformer_add97_permuted_s3,3,
52100,1.0,0.013058002106845379,permuted labels,transformer_add97_permuted_s3,3,
52200,1.0,0.013361676596105099,permuted labels,transformer_add97_permuted_s3,3,
52300,1.0,0.01123595517128706,permuted labels,transformer_add97_permuted_s3,3,
52400,1.0,0.01199514139443636,permuted labels,transformer_add97_permuted_s3,3,
52500,1.0,0.0110841179266572,permuted labels,transformer_add97_permuted_s3,3,
52600,1.0,0.01138779241591692,permuted labels,transformer_add97_permuted_s3,3,
52700,1.0,0.01169146690517664,permuted labels,transformer_add97_permuted_s3,3,
52800,1.0,0.01169146690517664,permuted labels,transformer_add97_permuted_s3,3,
52900,1.0,0.0110841179266572,permuted labels,transformer_add97_permuted_s3,3,
53000,1.0,0.01199514139443636,permuted labels,transformer_add97_permuted_s3,3,
53100,1.0,0.01214697863906622,permuted labels,transformer_add97_permuted_s3,3,
53200,1.0,0.01229881588369608,permuted labels,transformer_add97_permuted_s3,3,
53300,1.0,0.0118433041498065,permuted labels,transformer_add97_permuted_s3,3,
53400,1.0,0.013209839351475239,permuted labels,transformer_add97_permuted_s3,3,
53500,1.0,0.01123595517128706,permuted labels,transformer_add97_permuted_s3,3,
53600,1.0,0.0110841179266572,permuted labels,transformer_add97_permuted_s3,3,
53700,1.0,0.0118433041498065,permuted labels,transformer_add97_permuted_s3,3,
53800,1.0,0.01138779241591692,permuted labels,transformer_add97_permuted_s3,3,
53900,1.0,0.01199514139443636,permuted labels,transformer_add97_permuted_s3,3,
54000,1.0,0.01245065312832594,permuted labels,transformer_add97_permuted_s3,3,
54100,1.0,0.013209839351475239,permuted labels,transformer_add97_permuted_s3,3,
54200,1.0,0.01245065312832594,permuted labels,transformer_add97_permuted_s3,3,
54300,1.0,0.01245065312832594,permuted labels,transformer_add97_permuted_s3,3,
54400,1.0,0.01229881588369608,permuted labels,transformer_add97_permuted_s3,3,
54500,1.0,0.0118433041498065,permuted labels,transformer_add97_permuted_s3,3,
54600,1.0,0.01245065312832594,permuted labels,transformer_add97_permuted_s3,3,
54700,1.0,0.013665351085364819,permuted labels,transformer_add97_permuted_s3,3,
54800,1.0,0.01153962966054678,permuted labels,transformer_add97_permuted_s3,3,
54900,1.0,0.0118433041498065,permuted labels,transformer_add97_permuted_s3,3,
55000,1.0,0.01199514139443636,permuted labels,transformer_add97_permuted_s3,3,
55100,1.0,0.01153962966054678,permuted labels,transformer_add97_permuted_s3,3,
55200,1.0,0.01153962966054678,permuted labels,transformer_add97_permuted_s3,3,
55300,1.0,0.01123595517128706,permuted labels,transformer_add97_permuted_s3,3,
55400,1.0,0.01123595517128706,permuted labels,transformer_add97_permuted_s3,3,
55500,1.0,0.01153962966054678,permuted labels,transformer_add97_permuted_s3,3,
55600,1.0,0.01153962966054678,permuted labels,transformer_add97_permuted_s3,3,
55700,1.0,0.01153962966054678,permuted labels,transformer_add97_permuted_s3,3,
55800,1.0,0.01093228068202734,permuted labels,transformer_add97_permuted_s3,3,
55900,1.0,0.01199514139443636,permuted labels,transformer_add97_permuted_s3,3,
56000,1.0,0.01169146690517664,permuted labels,transformer_add97_permuted_s3,3,
56100,1.0,0.01123595517128706,permuted labels,transformer_add97_permuted_s3,3,
56200,1.0,0.0110841179266572,permuted labels,transformer_add97_permuted_s3,3,
56300,1.0,0.01062860619276762,permuted labels,transformer_add97_permuted_s3,3,
56400,1.0,0.00986941996961832,permuted labels,transformer_add97_permuted_s3,3,
56500,1.0,0.00971758272498846,permuted labels,transformer_add97_permuted_s3,3,
56600,1.0,0.0095657454803586,permuted labels,transformer_add97_permuted_s3,3,
56700,1.0,0.01047676894813776,permuted labels,transformer_add97_permuted_s3,3,
56800,1.0,0.01017309445887804,permuted labels,transformer_add97_permuted_s3,3,
56900,1.0,0.0110841179266572,permuted labels,transformer_add97_permuted_s3,3,
57000,1.0,0.013665351085364819,permuted labels,transformer_add97_permuted_s3,3,
57100,1.0,0.01169146690517664,permuted labels,transformer_add97_permuted_s3,3,
57200,1.0,0.01093228068202734,permuted labels,transformer_add97_permuted_s3,3,
57300,1.0,0.0118433041498065,permuted labels,transformer_add97_permuted_s3,3,
57400,1.0,0.01199514139443636,permuted labels,transformer_add97_permuted_s3,3,
57500,1.0,0.01093228068202734,permuted labels,transformer_add97_permuted_s3,3,
57600,1.0,0.01123595517128706,permuted labels,transformer_add97_permuted_s3,3,
57700,1.0,0.0110841179266572,permuted labels,transformer_add97_permuted_s3,3,
57800,1.0,0.01153962966054678,permuted labels,transformer_add97_permuted_s3,3,
57900,1.0,0.01169146690517664,permuted labels,transformer_add97_permuted_s3,3,
58000,1.0,0.01199514139443636,permuted labels,transformer_add97_permuted_s3,3,
58100,1.0,0.01169146690517664,permuted labels,transformer_add97_permuted_s3,3,
58200,1.0,0.0110841179266572,permuted labels,transformer_add97_permuted_s3,3,
58300,1.0,0.01229881588369608,permuted labels,transformer_add97_permuted_s3,3,
58400,1.0,0.01047676894813776,permuted labels,transformer_add97_permuted_s3,3,
58500,1.0,0.01078044343739748,permuted labels,transformer_add97_permuted_s3,3,
58600,1.0,0.01229881588369608,permuted labels,transformer_add97_permuted_s3,3,
58700,1.0,0.01214697863906622,permuted labels,transformer_add97_permuted_s3,3,
58800,1.0,0.01138779241591692,permuted labels,transformer_add97_permuted_s3,3,
58900,1.0,0.01078044343739748,permuted labels,transformer_add97_permuted_s3,3,
59000,1.0,0.01123595517128706,permuted labels,transformer_add97_permuted_s3,3,
59100,1.0,0.01062860619276762,permuted labels,transformer_add97_permuted_s3,3,
59200,1.0,0.01002125721424818,permuted labels,transformer_add97_permuted_s3,3,
59300,1.0,0.00926207099109888,permuted labels,transformer_add97_permuted_s3,3,
59400,1.0,0.00971758272498846,permuted labels,transformer_add97_permuted_s3,3,
59500,1.0,0.00971758272498846,permuted labels,transformer_add97_permuted_s3,3,
59600,1.0,0.0095657454803586,permuted labels,transformer_add97_permuted_s3,3,
59700,1.0,0.01047676894813776,permuted labels,transformer_add97_permuted_s3,3,
59800,1.0,0.01123595517128706,permuted labels,transformer_add97_permuted_s3,3,
59900,1.0,0.01093228068202734,permuted labels,transformer_add97_permuted_s3,3,
60000,1.0,0.0103249317035079,permuted labels,transformer_add97_permuted_s3,3,
0,0.0134608568623662,0.00926207099109888,permuted labels,transformer_add97_permuted_s4,4,
100,0.8352816104888916,0.01138779241591692,permuted labels,transformer_add97_permuted_s4,4,
200,0.997166097164154,0.00971758272498846,permuted labels,transformer_add97_permuted_s4,4,
300,0.9996457695960999,0.00926207099109888,permuted labels,transformer_add97_permuted_s4,4,
400,0.9961034059524536,0.01153962966054678,permuted labels,transformer_add97_permuted_s4,4,
500,1.0,0.00941390823572874,permuted labels,transformer_add97_permuted_s4,4,
600,1.0,0.01017309445887804,permuted labels,transformer_add97_permuted_s4,4,
700,0.9992915391921997,0.01002125721424818,permuted labels,transformer_add97_permuted_s4,4,
800,1.0,0.00941390823572874,permuted labels,transformer_add97_permuted_s4,4,
900,1.0,0.00926207099109888,permuted labels,transformer_add97_permuted_s4,4,
1000,1.0,0.00926207099109888,permuted labels,transformer_add97_permuted_s4,4,
1100,1.0,0.00926207099109888,permuted labels,transformer_add97_permuted_s4,4,
1200,1.0,0.008958396501839161,permuted labels,transformer_add97_permuted_s4,4,
1300,1.0,0.00941390823572874,permuted labels,transformer_add97_permuted_s4,4,
1400,0.6298264265060425,0.01047676894813776,permuted labels,transformer_add97_permuted_s4,4,
1500,1.0,0.0095657454803586,permuted labels,transformer_add97_permuted_s4,4,
1600,1.0,0.0103249317035079,permuted labels,transformer_add97_permuted_s4,4,
1700,0.8692879676818848,0.01214697863906622,permuted labels,transformer_add97_permuted_s4,4,
1800,1.0,0.00971758272498846,permuted labels,transformer_add97_permuted_s4,4,
1900,1.0,0.00911023374646902,permuted labels,transformer_add97_permuted_s4,4,
2000,1.0,0.01062860619276762,permuted labels,transformer_add97_permuted_s4,4,
2100,1.0,0.01123595517128706,permuted labels,transformer_add97_permuted_s4,4,
2200,1.0,0.01153962966054678,permuted labels,transformer_add97_permuted_s4,4,
2300,0.8590152263641357,0.00971758272498846,permuted labels,transformer_add97_permuted_s4,4,
2400,1.0,0.00941390823572874,permuted labels,transformer_add97_permuted_s4,4,
2500,1.0,0.00926207099109888,permuted labels,transformer_add97_permuted_s4,4,
2600,1.0,0.00986941996961832,permuted labels,transformer_add97_permuted_s4,4,
2700,1.0,0.01078044343739748,permuted labels,transformer_add97_permuted_s4,4,
2800,1.0,0.0103249317035079,permuted labels,transformer_add97_permuted_s4,4,
2900,0.48919588327407837,0.0103249317035079,permuted labels,transformer_add97_permuted_s4,4,
3000,1.0,0.00941390823572874,permuted labels,transformer_add97_permuted_s4,4,
3100,1.0,0.008806559257209301,permuted labels,transformer_add97_permuted_s4,4,
3200,1.0,0.00911023374646902,permuted labels,transformer_add97_permuted_s4,4,
3300,1.0,0.008502884767949581,permuted labels,transformer_add97_permuted_s4,4,
3400,1.0,0.00941390823572874,permuted labels,transformer_add97_permuted_s4,4,
3500,1.0,0.00971758272498846,permuted labels,transformer_add97_permuted_s4,4,
3600,1.0,0.0095657454803586,permuted labels,transformer_add97_permuted_s4,4,
3700,1.0,0.0095657454803586,permuted labels,transformer_add97_permuted_s4,4,
3800,1.0,0.01002125721424818,permuted labels,transformer_add97_permuted_s4,4,
3900,1.0,0.0103249317035079,permuted labels,transformer_add97_permuted_s4,4,
4000,1.0,0.008351047523319721,permuted labels,transformer_add97_permuted_s4,4,
4100,1.0,0.0077436985448002815,permuted labels,transformer_add97_permuted_s4,4,
4200,1.0,0.00941390823572874,permuted labels,transformer_add97_permuted_s4,4,
4300,1.0,0.0095657454803586,permuted labels,transformer_add97_permuted_s4,4,
4400,1.0,0.008958396501839161,permuted labels,transformer_add97_permuted_s4,4,
4500,1.0,0.008502884767949581,permuted labels,transformer_add97_permuted_s4,4,
4600,1.0,0.00926207099109888,permuted labels,transformer_add97_permuted_s4,4,
4700,1.0,0.00926207099109888,permuted labels,transformer_add97_permuted_s4,4,
4800,1.0,0.0095657454803586,permuted labels,transformer_add97_permuted_s4,4,
4900,1.0,0.01002125721424818,permuted labels,transformer_add97_permuted_s4,4,
5000,1.0,0.008958396501839161,permuted labels,transformer_add97_permuted_s4,4,
5100,1.0,0.00926207099109888,permuted labels,transformer_add97_permuted_s4,4,
5200,1.0,0.008806559257209301,permuted labels,transformer_add97_permuted_s4,4,
5300,1.0,0.00941390823572874,permuted labels,transformer_add97_permuted_s4,4,
5400,1.0,0.01017309445887804,permuted labels,transformer_add97_permuted_s4,4,
5500,1.0,0.00926207099109888,permuted labels,transformer_add97_permuted_s4,4,
5600,1.0,0.01002125721424818,permuted labels,transformer_add97_permuted_s4,4,
5700,1.0,0.01047676894813776,permuted labels,transformer_add97_permuted_s4,4,
5800,1.0,0.0103249317035079,permuted labels,transformer_add97_permuted_s4,4,
5900,1.0,0.01062860619276762,permuted labels,transformer_add97_permuted_s4,4,
6000,1.0,0.01017309445887804,permuted labels,transformer_add97_permuted_s4,4,
6100,1.0,0.01047676894813776,permuted labels,transformer_add97_permuted_s4,4,
6200,1.0,0.00986941996961832,permuted labels,transformer_add97_permuted_s4,4,
6300,1.0,0.01062860619276762,permuted labels,transformer_add97_permuted_s4,4,
6400,1.0,0.01093228068202734,permuted labels,transformer_add97_permuted_s4,4,
6500,1.0,0.00941390823572874,permuted labels,transformer_add97_permuted_s4,4,
6600,1.0,0.01062860619276762,permuted labels,transformer_add97_permuted_s4,4,
6700,1.0,0.0103249317035079,permuted labels,transformer_add97_permuted_s4,4,
6800,1.0,0.00986941996961832,permuted labels,transformer_add97_permuted_s4,4,
6900,1.0,0.01002125721424818,permuted labels,transformer_add97_permuted_s4,4,
7000,1.0,0.01047676894813776,permuted labels,transformer_add97_permuted_s4,4,
7100,1.0,0.0110841179266572,permuted labels,transformer_add97_permuted_s4,4,
7200,1.0,0.01123595517128706,permuted labels,transformer_add97_permuted_s4,4,
7300,1.0,0.01169146690517664,permuted labels,transformer_add97_permuted_s4,4,
7400,1.0,0.00971758272498846,permuted labels,transformer_add97_permuted_s4,4,
7500,1.0,0.01047676894813776,permuted labels,transformer_add97_permuted_s4,4,
7600,1.0,0.01047676894813776,permuted labels,transformer_add97_permuted_s4,4,
7700,1.0,0.01078044343739748,permuted labels,transformer_add97_permuted_s4,4,
7800,1.0,0.01123595517128706,permuted labels,transformer_add97_permuted_s4,4,
7900,1.0,0.01047676894813776,permuted labels,transformer_add97_permuted_s4,4,
8000,1.0,0.00971758272498846,permuted labels,transformer_add97_permuted_s4,4,
8100,1.0,0.01002125721424818,permuted labels,transformer_add97_permuted_s4,4,
8200,1.0,0.00971758272498846,permuted labels,transformer_add97_permuted_s4,4,
8300,1.0,0.00941390823572874,permuted labels,transformer_add97_permuted_s4,4,
8400,1.0,0.00971758272498846,permuted labels,transformer_add97_permuted_s4,4,
8500,1.0,0.00911023374646902,permuted labels,transformer_add97_permuted_s4,4,
8600,1.0,0.01017309445887804,permuted labels,transformer_add97_permuted_s4,4,
8700,1.0,0.00986941996961832,permuted labels,transformer_add97_permuted_s4,4,
8800,1.0,0.0110841179266572,permuted labels,transformer_add97_permuted_s4,4,
8900,1.0,0.0095657454803586,permuted labels,transformer_add97_permuted_s4,4,
9000,1.0,0.00971758272498846,permuted labels,transformer_add97_permuted_s4,4,
9100,1.0,0.0103249317035079,permuted labels,transformer_add97_permuted_s4,4,
9200,1.0,0.0095657454803586,permuted labels,transformer_add97_permuted_s4,4,
9300,1.0,0.01017309445887804,permuted labels,transformer_add97_permuted_s4,4,
9400,1.0,0.0103249317035079,permuted labels,transformer_add97_permuted_s4,4,
9500,1.0,0.0103249317035079,permuted labels,transformer_add97_permuted_s4,4,
9600,1.0,0.01002125721424818,permuted labels,transformer_add97_permuted_s4,4,
9700,1.0,0.01017309445887804,permuted labels,transformer_add97_permuted_s4,4,
9800,1.0,0.0103249317035079,permuted labels,transformer_add97_permuted_s4,4,
9900,1.0,0.01002125721424818,permuted labels,transformer_add97_permuted_s4,4,
10000,1.0,0.0103249317035079,permuted labels,transformer_add97_permuted_s4,4,
10100,1.0,0.01062860619276762,permuted labels,transformer_add97_permuted_s4,4,
10200,1.0,0.01138779241591692,permuted labels,transformer_add97_permuted_s4,4,
10300,1.0,0.01153962966054678,permuted labels,transformer_add97_permuted_s4,4,
10400,1.0,0.01062860619276762,permuted labels,transformer_add97_permuted_s4,4,
10500,1.0,0.01017309445887804,permuted labels,transformer_add97_permuted_s4,4,
10600,1.0,0.01062860619276762,permuted labels,transformer_add97_permuted_s4,4,
10700,1.0,0.01062860619276762,permuted labels,transformer_add97_permuted_s4,4,
10800,1.0,0.01093228068202734,permuted labels,transformer_add97_permuted_s4,4,
10900,1.0,0.01047676894813776,permuted labels,transformer_add97_permuted_s4,4,
11000,1.0,0.00986941996961832,permuted labels,transformer_add97_permuted_s4,4,
11100,1.0,0.0095657454803586,permuted labels,transformer_add97_permuted_s4,4,
11200,1.0,0.00986941996961832,permuted labels,transformer_add97_permuted_s4,4,
11300,1.0,0.00986941996961832,permuted labels,transformer_add97_permuted_s4,4,
11400,1.0,0.00941390823572874,permuted labels,transformer_add97_permuted_s4,4,
11500,0.981934130191803,0.01002125721424818,permuted labels,transformer_add97_permuted_s4,4,
11600,1.0,0.0110841179266572,permuted labels,transformer_add97_permuted_s4,4,
11700,1.0,0.00971758272498846,permuted labels,transformer_add97_permuted_s4,4,
11800,1.0,0.0110841179266572,permuted labels,transformer_add97_permuted_s4,4,
11900,1.0,0.01017309445887804,permuted labels,transformer_add97_permuted_s4,4,
12000,1.0,0.01047676894813776,permuted labels,transformer_add97_permuted_s4,4,
12100,1.0,0.01017309445887804,permuted labels,transformer_add97_permuted_s4,4,
12200,1.0,0.01062860619276762,permuted labels,transformer_add97_permuted_s4,4,
12300,1.0,0.00986941996961832,permuted labels,transformer_add97_permuted_s4,4,
12400,1.0,0.00986941996961832,permuted labels,transformer_add97_permuted_s4,4,
12500,1.0,0.01002125721424818,permuted labels,transformer_add97_permuted_s4,4,
12600,1.0,0.01123595517128706,permuted labels,transformer_add97_permuted_s4,4,
12700,1.0,0.01047676894813776,permuted labels,transformer_add97_permuted_s4,4,
12800,1.0,0.01002125721424818,permuted labels,transformer_add97_permuted_s4,4,
12900,1.0,0.00941390823572874,permuted labels,transformer_add97_permuted_s4,4,
13000,1.0,0.00911023374646902,permuted labels,transformer_add97_permuted_s4,4,
13100,1.0,0.008958396501839161,permuted labels,transformer_add97_permuted_s4,4,
13200,1.0,0.008654722012579441,permuted labels,transformer_add97_permuted_s4,4,
13300,1.0,0.00986941996961832,permuted labels,transformer_add97_permuted_s4,4,
13400,1.0,0.01047676894813776,permuted labels,transformer_add97_permuted_s4,4,
13500,1.0,0.00986941996961832,permuted labels,transformer_add97_permuted_s4,4,
13600,1.0,0.0103249317035079,permuted labels,transformer_add97_permuted_s4,4,
13700,1.0,0.01078044343739748,permuted labels,transformer_add97_permuted_s4,4,
13800,1.0,0.01002125721424818,permuted labels,transformer_add97_permuted_s4,4,
13900,1.0,0.0095657454803586,permuted labels,transformer_add97_permuted_s4,4,
14000,1.0,0.01017309445887804,permuted labels,transformer_add97_permuted_s4,4,
14100,1.0,0.00971758272498846,permuted labels,transformer_add97_permuted_s4,4,
14200,1.0,0.0103249317035079,permuted labels,transformer_add97_permuted_s4,4,
14300,1.0,0.01062860619276762,permuted labels,transformer_add97_permuted_s4,4,
14400,1.0,0.01123595517128706,permuted labels,transformer_add97_permuted_s4,4,
14500,1.0,0.01078044343739748,permuted labels,transformer_add97_permuted_s4,4,
14600,1.0,0.01078044343739748,permuted labels,transformer_add97_permuted_s4,4,
14700,1.0,0.01078044343739748,permuted labels,transformer_add97_permuted_s4,4,
14800,1.0,0.01093228068202734,permuted labels,transformer_add97_permuted_s4,4,
14900,0.9975203275680542,0.0110841179266572,permuted labels,transformer_add97_permuted_s4,4,
15000,1.0,0.008806559257209301,permuted labels,transformer_add97_permuted_s4,4,
15100,1.0,0.00941390823572874,permuted labels,transformer_add97_permuted_s4,4,
15200,1.0,0.008958396501839161,permuted labels,transformer_add97_permuted_s4,4,
15300,1.0,0.00926207099109888,permuted labels,transformer_add97_permuted_s4,4,
15400,1.0,0.00941390823572874,permuted labels,transformer_add97_permuted_s4,4,
15500,1.0,0.00926207099109888,permuted labels,transformer_add97_permuted_s4,4,
15600,1.0,0.00941390823572874,permuted labels,transformer_add97_permuted_s4,4,
15700,1.0,0.00926207099109888,permuted labels,transformer_add97_permuted_s4,4,
15800,1.0,0.0095657454803586,permuted labels,transformer_add97_permuted_s4,4,
15900,1.0,0.0095657454803586,permuted labels,transformer_add97_permuted_s4,4,
16000,1.0,0.01017309445887804,permuted labels,transformer_add97_permuted_s4,4,
16100,1.0,0.01062860619276762,permuted labels,transformer_add97_permuted_s4,4,
16200,1.0,0.00986941996961832,permuted labels,transformer_add97_permuted_s4,4,
16300,1.0,0.0118433041498065,permuted labels,transformer_add97_permuted_s4,4,
16400,1.0,0.01078044343739748,permuted labels,transformer_add97_permuted_s4,4,
16500,1.0,0.01093228068202734,permuted labels,transformer_add97_permuted_s4,4,
16600,1.0,0.01123595517128706,permuted labels,transformer_add97_permuted_s4,4,
16700,1.0,0.01062860619276762,permuted labels,transformer_add97_permuted_s4,4,
16800,1.0,0.01078044343739748,permuted labels,transformer_add97_permuted_s4,4,
16900,1.0,0.01062860619276762,permuted labels,transformer_add97_permuted_s4,4,
17000,1.0,0.01062860619276762,permuted labels,transformer_add97_permuted_s4,4,
17100,1.0,0.01138779241591692,permuted labels,transformer_add97_permuted_s4,4,
17200,1.0,0.01017309445887804,permuted labels,transformer_add97_permuted_s4,4,
17300,1.0,0.00986941996961832,permuted labels,transformer_add97_permuted_s4,4,
17400,1.0,0.008958396501839161,permuted labels,transformer_add97_permuted_s4,4,
17500,1.0,0.00926207099109888,permuted labels,transformer_add97_permuted_s4,4,
17600,1.0,0.008958396501839161,permuted labels,transformer_add97_permuted_s4,4,
17700,1.0,0.008958396501839161,permuted labels,transformer_add97_permuted_s4,4,
17800,1.0,0.008958396501839161,permuted labels,transformer_add97_permuted_s4,4,
17900,1.0,0.008958396501839161,permuted labels,transformer_add97_permuted_s4,4,
18000,1.0,0.008806559257209301,permuted labels,transformer_add97_permuted_s4,4,
18100,1.0,0.008958396501839161,permuted labels,transformer_add97_permuted_s4,4,
18200,1.0,0.00911023374646902,permuted labels,transformer_add97_permuted_s4,4,
18300,1.0,0.00971758272498846,permuted labels,transformer_add97_permuted_s4,4,
18400,1.0,0.0103249317035079,permuted labels,transformer_add97_permuted_s4,4,
18500,1.0,0.008806559257209301,permuted labels,transformer_add97_permuted_s4,4,
18600,1.0,0.00911023374646902,permuted labels,transformer_add97_permuted_s4,4,
18700,1.0,0.01002125721424818,permuted labels,transformer_add97_permuted_s4,4,
18800,1.0,0.00911023374646902,permuted labels,transformer_add97_permuted_s4,4,
18900,1.0,0.007591861300170422,permuted labels,transformer_add97_permuted_s4,4,
19000,1.0,0.008806559257209301,permuted labels,transformer_add97_permuted_s4,4,
19100,1.0,0.008351047523319721,permuted labels,transformer_add97_permuted_s4,4,
19200,1.0,0.008654722012579441,permuted labels,transformer_add97_permuted_s4,4,
19300,0.8476797342300415,0.008654722012579441,permuted labels,transformer_add97_permuted_s4,4,
19400,1.0,0.0103249317035079,permuted labels,transformer_add97_permuted_s4,4,
19500,1.0,0.01002125721424818,permuted labels,transformer_add97_permuted_s4,4,
19600,1.0,0.0095657454803586,permuted labels,transformer_add97_permuted_s4,4,
19700,1.0,0.00971758272498846,permuted labels,transformer_add97_permuted_s4,4,
19800,1.0,0.00911023374646902,permuted labels,transformer_add97_permuted_s4,4,
19900,1.0,0.008654722012579441,permuted labels,transformer_add97_permuted_s4,4,
20000,1.0,0.008806559257209301,permuted labels,transformer_add97_permuted_s4,4,
20100,1.0,0.00971758272498846,permuted labels,transformer_add97_permuted_s4,4,
20200,1.0,0.00971758272498846,permuted labels,transformer_add97_permuted_s4,4,
20300,1.0,0.01078044343739748,permuted labels,transformer_add97_permuted_s4,4,
20400,1.0,0.00986941996961832,permuted labels,transformer_add97_permuted_s4,4,
20500,1.0,0.00926207099109888,permuted labels,transformer_add97_permuted_s4,4,
20600,1.0,0.00971758272498846,permuted labels,transformer_add97_permuted_s4,4,
20700,1.0,0.00941390823572874,permuted labels,transformer_add97_permuted_s4,4,
20800,1.0,0.01017309445887804,permuted labels,transformer_add97_permuted_s4,4,
20900,1.0,0.01047676894813776,permuted labels,transformer_add97_permuted_s4,4,
21000,1.0,0.0103249317035079,permuted labels,transformer_add97_permuted_s4,4,
21100,1.0,0.01017309445887804,permuted labels,transformer_add97_permuted_s4,4,
21200,1.0,0.01002125721424818,permuted labels,transformer_add97_permuted_s4,4,
21300,1.0,0.00986941996961832,permuted labels,transformer_add97_permuted_s4,4,
21400,1.0,0.00941390823572874,permuted labels,transformer_add97_permuted_s4,4,
21500,0.9890187382698059,0.00971758272498846,permuted labels,transformer_add97_permuted_s4,4,
21600,1.0,0.00971758272498846,permuted labels,transformer_add97_permuted_s4,4,
21700,1.0,0.00926207099109888,permuted labels,transformer_add97_permuted_s4,4,
21800,1.0,0.0095657454803586,permuted labels,transformer_add97_permuted_s4,4,
21900,1.0,0.01093228068202734,permuted labels,transformer_add97_permuted_s4,4,
22000,1.0,0.0103249317035079,permuted labels,transformer_add97_permuted_s4,4,
22100,1.0,0.01002125721424818,permuted labels,transformer_add97_permuted_s4,4,
22200,1.0,0.0103249317035079,permuted labels,transformer_add97_permuted_s4,4,
22300,1.0,0.0103249317035079,permuted labels,transformer_add97_permuted_s4,4,
22400,1.0,0.01078044343739748,permuted labels,transformer_add97_permuted_s4,4,
22500,1.0,0.008351047523319721,permuted labels,transformer_add97_permuted_s4,4,
22600,1.0,0.008958396501839161,permuted labels,transformer_add97_permuted_s4,4,
22700,1.0,0.008654722012579441,permuted labels,transformer_add97_permuted_s4,4,
22800,1.0,0.0077436985448002815,permuted labels,transformer_add97_permuted_s4,4,
22900,1.0,0.008047373034060001,permuted labels,transformer_add97_permuted_s4,4,
23000,1.0,0.0095657454803586,permuted labels,transformer_add97_permuted_s4,4,
23100,1.0,0.00986941996961832,permuted labels,transformer_add97_permuted_s4,4,
23200,1.0,0.00986941996961832,permuted labels,transformer_add97_permuted_s4,4,
23300,1.0,0.0103249317035079,permuted labels,transformer_add97_permuted_s4,4,
23400,1.0,0.00986941996961832,permuted labels,transformer_add97_permuted_s4,4,
23500,1.0,0.01017309445887804,permuted labels,transformer_add97_permuted_s4,4,
23600,1.0,0.0103249317035079,permuted labels,transformer_add97_permuted_s4,4,
23700,1.0,0.00971758272498846,permuted labels,transformer_add97_permuted_s4,4,
23800,1.0,0.00941390823572874,permuted labels,transformer_add97_permuted_s4,4,
23900,1.0,0.00971758272498846,permuted labels,transformer_add97_permuted_s4,4,
24000,1.0,0.0095657454803586,permuted labels,transformer_add97_permuted_s4,4,
24100,1.0,0.00971758272498846,permuted labels,transformer_add97_permuted_s4,4,
24200,1.0,0.00926207099109888,permuted labels,transformer_add97_permuted_s4,4,
24300,1.0,0.00986941996961832,permuted labels,transformer_add97_permuted_s4,4,
24400,1.0,0.00986941996961832,permuted labels,transformer_add97_permuted_s4,4,
24500,1.0,0.00986941996961832,permuted labels,transformer_add97_permuted_s4,4,
24600,1.0,0.00941390823572874,permuted labels,transformer_add97_permuted_s4,4,
24700,1.0,0.00971758272498846,permuted labels,transformer_add97_permuted_s4,4,
24800,1.0,0.008654722012579441,permuted labels,transformer_add97_permuted_s4,4,
24900,1.0,0.0095657454803586,permuted labels,transformer_add97_permuted_s4,4,
25000,1.0,0.01138779241591692,permuted labels,transformer_add97_permuted_s4,4,
25100,1.0,0.01123595517128706,permuted labels,transformer_add97_permuted_s4,4,
25200,1.0,0.01123595517128706,permuted labels,transformer_add97_permuted_s4,4,
25300,1.0,0.01017309445887804,permuted labels,transformer_add97_permuted_s4,4,
25400,1.0,0.01062860619276762,permuted labels,transformer_add97_permuted_s4,4,
25500,1.0,0.01062860619276762,permuted labels,transformer_add97_permuted_s4,4,
25600,1.0,0.01002125721424818,permuted labels,transformer_add97_permuted_s4,4,
25700,1.0,0.0103249317035079,permuted labels,transformer_add97_permuted_s4,4,
25800,1.0,0.01138779241591692,permuted labels,transformer_add97_permuted_s4,4,
25900,1.0,0.0110841179266572,permuted labels,transformer_add97_permuted_s4,4,
26000,1.0,0.01199514139443636,permuted labels,transformer_add97_permuted_s4,4,
26100,1.0,0.01002125721424818,permuted labels,transformer_add97_permuted_s4,4,
26200,1.0,0.00941390823572874,permuted labels,transformer_add97_permuted_s4,4,
26300,1.0,0.00941390823572874,permuted labels,transformer_add97_permuted_s4,4,
26400,1.0,0.00926207099109888,permuted labels,transformer_add97_permuted_s4,4,
26500,1.0,0.00941390823572874,permuted labels,transformer_add97_permuted_s4,4,
26600,1.0,0.00971758272498846,permuted labels,transformer_add97_permuted_s4,4,
26700,1.0,0.00911023374646902,permuted labels,transformer_add97_permuted_s4,4,
26800,1.0,0.0103249317035079,permuted labels,transformer_add97_permuted_s4,4,
26900,1.0,0.01062860619276762,permuted labels,transformer_add97_permuted_s4,4,
27000,1.0,0.0095657454803586,permuted labels,transformer_add97_permuted_s4,4,
27100,1.0,0.01017309445887804,permuted labels,transformer_add97_permuted_s4,4,
27200,1.0,0.01047676894813776,permuted labels,transformer_add97_permuted_s4,4,
27300,1.0,0.00986941996961832,permuted labels,transformer_add97_permuted_s4,4,
27400,1.0,0.01078044343739748,permuted labels,transformer_add97_permuted_s4,4,
27500,1.0,0.0103249317035079,permuted labels,transformer_add97_permuted_s4,4,
27600,1.0,0.01002125721424818,permuted labels,transformer_add97_permuted_s4,4,
27700,1.0,0.00971758272498846,permuted labels,transformer_add97_permuted_s4,4,
27800,1.0,0.01047676894813776,permuted labels,transformer_add97_permuted_s4,4,
27900,1.0,0.01017309445887804,permuted labels,transformer_add97_permuted_s4,4,
28000,1.0,0.01078044343739748,permuted labels,transformer_add97_permuted_s4,4,
28100,1.0,0.0110841179266572,permuted labels,transformer_add97_permuted_s4,4,
28200,1.0,0.01078044343739748,permuted labels,transformer_add97_permuted_s4,4,
28300,1.0,0.01047676894813776,permuted labels,transformer_add97_permuted_s4,4,
28400,1.0,0.00971758272498846,permuted labels,transformer_add97_permuted_s4,4,
28500,1.0,0.0110841179266572,permuted labels,transformer_add97_permuted_s4,4,
28600,1.0,0.01093228068202734,permuted labels,transformer_add97_permuted_s4,4,
28700,1.0,0.01138779241591692,permuted labels,transformer_add97_permuted_s4,4,
28800,1.0,0.01214697863906622,permuted labels,transformer_add97_permuted_s4,4,
28900,1.0,0.01199514139443636,permuted labels,transformer_add97_permuted_s4,4,
29000,1.0,0.01123595517128706,permuted labels,transformer_add97_permuted_s4,4,
29100,1.0,0.01169146690517664,permuted labels,transformer_add97_permuted_s4,4,
29200,1.0,0.01047676894813776,permuted labels,transformer_add97_permuted_s4,4,
29300,1.0,0.01093228068202734,permuted labels,transformer_add97_permuted_s4,4,
29400,1.0,0.01078044343739748,permuted labels,transformer_add97_permuted_s4,4,
29500,1.0,0.0110841179266572,permuted labels,transformer_add97_permuted_s4,4,
29600,1.0,0.01229881588369608,permuted labels,transformer_add97_permuted_s4,4,
29700,1.0,0.01153962966054678,permuted labels,transformer_add97_permuted_s4,4,
29800,1.0,0.01123595517128706,permuted labels,transformer_add97_permuted_s4,4,
29900,1.0,0.01047676894813776,permuted labels,transformer_add97_permuted_s4,4,
30000,1.0,0.01062860619276762,permuted labels,transformer_add97_permuted_s4,4,
30100,1.0,0.01078044343739748,permuted labels,transformer_add97_permuted_s4,4,
30200,1.0,0.01153962966054678,permuted labels,transformer_add97_permuted_s4,4,
30300,1.0,0.00971758272498846,permuted labels,transformer_add97_permuted_s4,4,
30400,1.0,0.01047676894813776,permuted labels,transformer_add97_permuted_s4,4,
30500,1.0,0.0095657454803586,permuted labels,transformer_add97_permuted_s4,4,
30600,1.0,0.01002125721424818,permuted labels,transformer_add97_permuted_s4,4,
30700,1.0,0.01093228068202734,permuted labels,transformer_add97_permuted_s4,4,
30800,1.0,0.01093228068202734,permuted labels,transformer_add97_permuted_s4,4,
30900,1.0,0.01123595517128706,permuted labels,transformer_add97_permuted_s4,4,
31000,1.0,0.01062860619276762,permuted labels,transformer_add97_permuted_s4,4,
31100,1.0,0.01047676894813776,permuted labels,transformer_add97_permuted_s4,4,
31200,1.0,0.0095657454803586,permuted labels,transformer_add97_permuted_s4,4,
31300,1.0,0.01017309445887804,permuted labels,transformer_add97_permuted_s4,4,
31400,1.0,0.01047676894813776,permuted labels,transformer_add97_permuted_s4,4,
31500,1.0,0.0103249317035079,permuted labels,transformer_add97_permuted_s4,4,
31600,1.0,0.01138779241591692,permuted labels,transformer_add97_permuted_s4,4,
31700,1.0,0.01078044343739748,permuted labels,transformer_add97_permuted_s4,4,
31800,1.0,0.01062860619276762,permuted labels,transformer_add97_permuted_s4,4,
31900,1.0,0.0110841179266572,permuted labels,transformer_add97_permuted_s4,4,
32000,1.0,0.01017309445887804,permuted labels,transformer_add97_permuted_s4,4,
32100,1.0,0.01078044343739748,permuted labels,transformer_add97_permuted_s4,4,
32200,1.0,0.01078044343739748,permuted labels,transformer_add97_permuted_s4,4,
32300,1.0,0.0103249317035079,permuted labels,transformer_add97_permuted_s4,4,
32400,1.0,0.01017309445887804,permuted labels,transformer_add97_permuted_s4,4,
32500,0.9978746175765991,0.00926207099109888,permuted labels,transformer_add97_permuted_s4,4,
32600,1.0,0.01078044343739748,permuted labels,transformer_add97_permuted_s4,4,
32700,1.0,0.01002125721424818,permuted labels,transformer_add97_permuted_s4,4,
32800,1.0,0.01078044343739748,permuted labels,transformer_add97_permuted_s4,4,
32900,1.0,0.01093228068202734,permuted labels,transformer_add97_permuted_s4,4,
33000,1.0,0.01047676894813776,permuted labels,transformer_add97_permuted_s4,4,
33100,1.0,0.00986941996961832,permuted labels,transformer_add97_permuted_s4,4,
33200,1.0,0.01017309445887804,permuted labels,transformer_add97_permuted_s4,4,
33300,1.0,0.00911023374646902,permuted labels,transformer_add97_permuted_s4,4,
33400,1.0,0.00971758272498846,permuted labels,transformer_add97_permuted_s4,4,
33500,1.0,0.0103249317035079,permuted labels,transformer_add97_permuted_s4,4,
33600,1.0,0.0103249317035079,permuted labels,transformer_add97_permuted_s4,4,
33700,1.0,0.008654722012579441,permuted labels,transformer_add97_permuted_s4,4,
33800,1.0,0.008958396501839161,permuted labels,transformer_add97_permuted_s4,4,
33900,1.0,0.00971758272498846,permuted labels,transformer_add97_permuted_s4,4,
34000,1.0,0.0110841179266572,permuted labels,transformer_add97_permuted_s4,4,
34100,1.0,0.0110841179266572,permuted labels,transformer_add97_permuted_s4,4,
34200,1.0,0.01062860619276762,permuted labels,transformer_add97_permuted_s4,4,
34300,1.0,0.01017309445887804,permuted labels,transformer_add97_permuted_s4,4,
34400,1.0,0.0103249317035079,permuted labels,transformer_add97_permuted_s4,4,
34500,1.0,0.01002125721424818,permuted labels,transformer_add97_permuted_s4,4,
34600,1.0,0.01017309445887804,permuted labels,transformer_add97_permuted_s4,4,
34700,1.0,0.0095657454803586,permuted labels,transformer_add97_permuted_s4,4,
34800,1.0,0.01199514139443636,permuted labels,transformer_add97_permuted_s4,4,
34900,1.0,0.00986941996961832,permuted labels,transformer_add97_permuted_s4,4,
35000,1.0,0.0103249317035079,permuted labels,transformer_add97_permuted_s4,4,
35100,1.0,0.01002125721424818,permuted labels,transformer_add97_permuted_s4,4,
35200,1.0,0.0103249317035079,permuted labels,transformer_add97_permuted_s4,4,
35300,1.0,0.01062860619276762,permuted labels,transformer_add97_permuted_s4,4,
35400,1.0,0.01093228068202734,permuted labels,transformer_add97_permuted_s4,4,
35500,1.0,0.01123595517128706,permuted labels,transformer_add97_permuted_s4,4,
35600,1.0,0.01093228068202734,permuted labels,transformer_add97_permuted_s4,4,
35700,1.0,0.01153962966054678,permuted labels,transformer_add97_permuted_s4,4,
35800,1.0,0.01062860619276762,permuted labels,transformer_add97_permuted_s4,4,
35900,1.0,0.01138779241591692,permuted labels,transformer_add97_permuted_s4,4,
36000,1.0,0.008654722012579441,permuted labels,transformer_add97_permuted_s4,4,
36100,1.0,0.00986941996961832,permuted labels,transformer_add97_permuted_s4,4,
36200,1.0,0.01017309445887804,permuted labels,transformer_add97_permuted_s4,4,
36300,1.0,0.01047676894813776,permuted labels,transformer_add97_permuted_s4,4,
36400,1.0,0.01123595517128706,permuted labels,transformer_add97_permuted_s4,4,
36500,1.0,0.01138779241591692,permuted labels,transformer_add97_permuted_s4,4,
36600,1.0,0.01153962966054678,permuted labels,transformer_add97_permuted_s4,4,
36700,1.0,0.0118433041498065,permuted labels,transformer_add97_permuted_s4,4,
36800,1.0,0.01199514139443636,permuted labels,transformer_add97_permuted_s4,4,
36900,1.0,0.01199514139443636,permuted labels,transformer_add97_permuted_s4,4,
37000,1.0,0.01138779241591692,permuted labels,transformer_add97_permuted_s4,4,
37100,1.0,0.00911023374646902,permuted labels,transformer_add97_permuted_s4,4,
37200,1.0,0.0095657454803586,permuted labels,transformer_add97_permuted_s4,4,
37300,1.0,0.01017309445887804,permuted labels,transformer_add97_permuted_s4,4,
37400,1.0,0.01078044343739748,permuted labels,transformer_add97_permuted_s4,4,
37500,1.0,0.01047676894813776,permuted labels,transformer_add97_permuted_s4,4,
37600,1.0,0.01002125721424818,permuted labels,transformer_add97_permuted_s4,4,
37700,1.0,0.01017309445887804,permuted labels,transformer_add97_permuted_s4,4,
37800,1.0,0.00986941996961832,permuted labels,transformer_add97_permuted_s4,4,
37900,1.0,0.01017309445887804,permuted labels,transformer_add97_permuted_s4,4,
38000,1.0,0.01017309445887804,permuted labels,transformer_add97_permuted_s4,4,
38100,1.0,0.00971758272498846,permuted labels,transformer_add97_permuted_s4,4,
38200,1.0,0.01138779241591692,permuted labels,transformer_add97_permuted_s4,4,
38300,1.0,0.01078044343739748,permuted labels,transformer_add97_permuted_s4,4,
38400,1.0,0.01093228068202734,permuted labels,transformer_add97_permuted_s4,4,
38500,1.0,0.01123595517128706,permuted labels,transformer_add97_permuted_s4,4,
38600,1.0,0.01093228068202734,permuted labels,transformer_add97_permuted_s4,4,
38700,1.0,0.0110841179266572,permuted labels,transformer_add97_permuted_s4,4,
38800,1.0,0.0110841179266572,permuted labels,transformer_add97_permuted_s4,4,
38900,1.0,0.01153962966054678,permuted labels,transformer_add97_permuted_s4,4,
39000,1.0,0.01123595517128706,permuted labels,transformer_add97_permuted_s4,4,
39100,1.0,0.01123595517128706,permuted labels,transformer_add97_permuted_s4,4,
39200,1.0,0.01093228068202734,permuted labels,transformer_add97_permuted_s4,4,
39300,1.0,0.0110841179266572,permuted labels,transformer_add97_permuted_s4,4,
39400,1.0,0.01078044343739748,permuted labels,transformer_add97_permuted_s4,4,
39500,1.0,0.01123595517128706,permuted labels,transformer_add97_permuted_s4,4,
39600,1.0,0.01093228068202734,permuted labels,transformer_add97_permuted_s4,4,
39700,1.0,0.01062860619276762,permuted labels,transformer_add97_permuted_s4,4,
39800,1.0,0.00986941996961832,permuted labels,transformer_add97_permuted_s4,4,
39900,1.0,0.0103249317035079,permuted labels,transformer_add97_permuted_s4,4,
40000,1.0,0.01017309445887804,permuted labels,transformer_add97_permuted_s4,4,
40100,1.0,0.0095657454803586,permuted labels,transformer_add97_permuted_s4,4,
40200,1.0,0.00911023374646902,permuted labels,transformer_add97_permuted_s4,4,
40300,1.0,0.00941390823572874,permuted labels,transformer_add97_permuted_s4,4,
40400,1.0,0.0095657454803586,permuted labels,transformer_add97_permuted_s4,4,
40500,0.9989373087882996,0.00986941996961832,permuted labels,transformer_add97_permuted_s4,4,
40600,1.0,0.01002125721424818,permuted labels,transformer_add97_permuted_s4,4,
40700,1.0,0.0103249317035079,permuted labels,transformer_add97_permuted_s4,4,
40800,1.0,0.00986941996961832,permuted labels,transformer_add97_permuted_s4,4,
40900,1.0,0.00986941996961832,permuted labels,transformer_add97_permuted_s4,4,
41000,1.0,0.00986941996961832,permuted labels,transformer_add97_permuted_s4,4,
41100,1.0,0.00941390823572874,permuted labels,transformer_add97_permuted_s4,4,
41200,1.0,0.00926207099109888,permuted labels,transformer_add97_permuted_s4,4,
41300,1.0,0.00986941996961832,permuted labels,transformer_add97_permuted_s4,4,
41400,1.0,0.00941390823572874,permuted labels,transformer_add97_permuted_s4,4,
41500,1.0,0.00941390823572874,permuted labels,transformer_add97_permuted_s4,4,
41600,1.0,0.00911023374646902,permuted labels,transformer_add97_permuted_s4,4,
41700,1.0,0.00911023374646902,permuted labels,transformer_add97_permuted_s4,4,
41800,1.0,0.00941390823572874,permuted labels,transformer_add97_permuted_s4,4,
41900,1.0,0.0103249317035079,permuted labels,transformer_add97_permuted_s4,4,
42000,1.0,0.00971758272498846,permuted labels,transformer_add97_permuted_s4,4,
42100,1.0,0.008958396501839161,permuted labels,transformer_add97_permuted_s4,4,
42200,1.0,0.008502884767949581,permuted labels,transformer_add97_permuted_s4,4,
42300,1.0,0.008958396501839161,permuted labels,transformer_add97_permuted_s4,4,
42400,1.0,0.00911023374646902,permuted labels,transformer_add97_permuted_s4,4,
42500,1.0,0.008806559257209301,permuted labels,transformer_add97_permuted_s4,4,
42600,1.0,0.008806559257209301,permuted labels,transformer_add97_permuted_s4,4,
42700,1.0,0.00926207099109888,permuted labels,transformer_add97_permuted_s4,4,
42800,1.0,0.008958396501839161,permuted labels,transformer_add97_permuted_s4,4,
42900,1.0,0.00926207099109888,permuted labels,transformer_add97_permuted_s4,4,
43000,1.0,0.008806559257209301,permuted labels,transformer_add97_permuted_s4,4,
43100,1.0,0.00941390823572874,permuted labels,transformer_add97_permuted_s4,4,
43200,1.0,0.00926207099109888,permuted labels,transformer_add97_permuted_s4,4,
43300,1.0,0.00911023374646902,permuted labels,transformer_add97_permuted_s4,4,
43400,1.0,0.008958396501839161,permuted labels,transformer_add97_permuted_s4,4,
43500,1.0,0.008806559257209301,permuted labels,transformer_add97_permuted_s4,4,
43600,1.0,0.008654722012579441,permuted labels,transformer_add97_permuted_s4,4,
43700,1.0,0.007895535789430141,permuted labels,transformer_add97_permuted_s4,4,
43800,1.0,0.008199210278689861,permuted labels,transformer_add97_permuted_s4,4,
43900,1.0,0.00971758272498846,permuted labels,transformer_add97_permuted_s4,4,
44000,1.0,0.00911023374646902,permuted labels,transformer_add97_permuted_s4,4,
44100,1.0,0.00926207099109888,permuted labels,transformer_add97_permuted_s4,4,
44200,1.0,0.008958396501839161,permuted labels,transformer_add97_permuted_s4,4,
44300,1.0,0.00926207099109888,permuted labels,transformer_add97_permuted_s4,4,
44400,1.0,0.00911023374646902,permuted labels,transformer_add97_permuted_s4,4,
44500,1.0,0.0095657454803586,permuted labels,transformer_add97_permuted_s4,4,
44600,1.0,0.00941390823572874,permuted labels,transformer_add97_permuted_s4,4,
44700,1.0,0.00911023374646902,permuted labels,transformer_add97_permuted_s4,4,
44800,1.0,0.00986941996961832,permuted labels,transformer_add97_permuted_s4,4,
44900,1.0,0.008654722012579441,permuted labels,transformer_add97_permuted_s4,4,
45000,1.0,0.008199210278689861,permuted labels,transformer_add97_permuted_s4,4,
45100,1.0,0.008351047523319721,permuted labels,transformer_add97_permuted_s4,4,
45200,1.0,0.00911023374646902,permuted labels,transformer_add97_permuted_s4,4,
45300,1.0,0.0103249317035079,permuted labels,transformer_add97_permuted_s4,4,
45400,1.0,0.01017309445887804,permuted labels,transformer_add97_permuted_s4,4,
45500,1.0,0.01002125721424818,permuted labels,transformer_add97_permuted_s4,4,
45600,1.0,0.01093228068202734,permuted labels,transformer_add97_permuted_s4,4,
45700,1.0,0.01017309445887804,permuted labels,transformer_add97_permuted_s4,4,
45800,1.0,0.01002125721424818,permuted labels,transformer_add97_permuted_s4,4,
45900,1.0,0.00986941996961832,permuted labels,transformer_add97_permuted_s4,4,
46000,1.0,0.008351047523319721,permuted labels,transformer_add97_permuted_s4,4,
46100,1.0,0.00926207099109888,permuted labels,transformer_add97_permuted_s4,4,
46200,1.0,0.008958396501839161,permuted labels,transformer_add97_permuted_s4,4,
46300,1.0,0.008958396501839161,permuted labels,transformer_add97_permuted_s4,4,
46400,1.0,0.008654722012579441,permuted labels,transformer_add97_permuted_s4,4,
46500,1.0,0.00926207099109888,permuted labels,transformer_add97_permuted_s4,4,
46600,1.0,0.00926207099109888,permuted labels,transformer_add97_permuted_s4,4,
46700,1.0,0.008806559257209301,permuted labels,transformer_add97_permuted_s4,4,
46800,1.0,0.008654722012579441,permuted labels,transformer_add97_permuted_s4,4,
46900,1.0,0.008806559257209301,permuted labels,transformer_add97_permuted_s4,4,
47000,1.0,0.008654722012579441,permuted labels,transformer_add97_permuted_s4,4,
47100,1.0,0.00926207099109888,permuted labels,transformer_add97_permuted_s4,4,
47200,1.0,0.008502884767949581,permuted labels,transformer_add97_permuted_s4,4,
47300,1.0,0.00926207099109888,permuted labels,transformer_add97_permuted_s4,4,
47400,1.0,0.0095657454803586,permuted labels,transformer_add97_permuted_s4,4,
47500,1.0,0.00926207099109888,permuted labels,transformer_add97_permuted_s4,4,
47600,1.0,0.01047676894813776,permuted labels,transformer_add97_permuted_s4,4,
47700,1.0,0.00971758272498846,permuted labels,transformer_add97_permuted_s4,4,
47800,1.0,0.0095657454803586,permuted labels,transformer_add97_permuted_s4,4,
47900,1.0,0.00986941996961832,permuted labels,transformer_add97_permuted_s4,4,
48000,1.0,0.00926207099109888,permuted labels,transformer_add97_permuted_s4,4,
48100,1.0,0.00941390823572874,permuted labels,transformer_add97_permuted_s4,4,
48200,1.0,0.008806559257209301,permuted labels,transformer_add97_permuted_s4,4,
48300,1.0,0.01017309445887804,permuted labels,transformer_add97_permuted_s4,4,
48400,1.0,0.008654722012579441,permuted labels,transformer_add97_permuted_s4,4,
48500,1.0,0.00911023374646902,permuted labels,transformer_add97_permuted_s4,4,
48600,1.0,0.0095657454803586,permuted labels,transformer_add97_permuted_s4,4,
48700,1.0,0.00986941996961832,permuted labels,transformer_add97_permuted_s4,4,
48800,1.0,0.00911023374646902,permuted labels,transformer_add97_permuted_s4,4,
48900,1.0,0.00941390823572874,permuted labels,transformer_add97_permuted_s4,4,
49000,1.0,0.00926207099109888,permuted labels,transformer_add97_permuted_s4,4,
49100,1.0,0.00971758272498846,permuted labels,transformer_add97_permuted_s4,4,
49200,1.0,0.00941390823572874,permuted labels,transformer_add97_permuted_s4,4,
49300,1.0,0.008958396501839161,permuted labels,transformer_add97_permuted_s4,4,
49400,1.0,0.008806559257209301,permuted labels,transformer_add97_permuted_s4,4,
49500,1.0,0.008958396501839161,permuted labels,transformer_add97_permuted_s4,4,
49600,1.0,0.00971758272498846,permuted labels,transformer_add97_permuted_s4,4,
49700,1.0,0.00971758272498846,permuted labels,transformer_add97_permuted_s4,4,
49800,1.0,0.00911023374646902,permuted labels,transformer_add97_permuted_s4,4,
49900,1.0,0.00911023374646902,permuted labels,transformer_add97_permuted_s4,4,
50000,1.0,0.00926207099109888,permuted labels,transformer_add97_permuted_s4,4,
50100,1.0,0.0095657454803586,permuted labels,transformer_add97_permuted_s4,4,
50200,1.0,0.00926207099109888,permuted labels,transformer_add97_permuted_s4,4,
50300,1.0,0.008654722012579441,permuted labels,transformer_add97_permuted_s4,4,
50400,1.0,0.008654722012579441,permuted labels,transformer_add97_permuted_s4,4,
50500,1.0,0.01078044343739748,permuted labels,transformer_add97_permuted_s4,4,
50600,1.0,0.0095657454803586,permuted labels,transformer_add97_permuted_s4,4,
50700,1.0,0.008199210278689861,permuted labels,transformer_add97_permuted_s4,4,
50800,1.0,0.008806559257209301,permuted labels,transformer_add97_permuted_s4,4,
50900,1.0,0.00911023374646902,permuted labels,transformer_add97_permuted_s4,4,
51000,1.0,0.00971758272498846,permuted labels,transformer_add97_permuted_s4,4,
51100,1.0,0.008958396501839161,permuted labels,transformer_add97_permuted_s4,4,
51200,1.0,0.008806559257209301,permuted labels,transformer_add97_permuted_s4,4,
51300,1.0,0.0077436985448002815,permuted labels,transformer_add97_permuted_s4,4,
51400,1.0,0.007895535789430141,permuted labels,transformer_add97_permuted_s4,4,
51500,1.0,0.007591861300170422,permuted labels,transformer_add97_permuted_s4,4,
51600,1.0,0.00926207099109888,permuted labels,transformer_add97_permuted_s4,4,
51700,1.0,0.0077436985448002815,permuted labels,transformer_add97_permuted_s4,4,
51800,1.0,0.00971758272498846,permuted labels,transformer_add97_permuted_s4,4,
51900,1.0,0.0095657454803586,permuted labels,transformer_add97_permuted_s4,4,
52000,1.0,0.008806559257209301,permuted labels,transformer_add97_permuted_s4,4,
52100,1.0,0.00926207099109888,permuted labels,transformer_add97_permuted_s4,4,
52200,1.0,0.008806559257209301,permuted labels,transformer_add97_permuted_s4,4,
52300,1.0,0.008199210278689861,permuted labels,transformer_add97_permuted_s4,4,
52400,1.0,0.008199210278689861,permuted labels,transformer_add97_permuted_s4,4,
52500,1.0,0.008199210278689861,permuted labels,transformer_add97_permuted_s4,4,
52600,1.0,0.008047373034060001,permuted labels,transformer_add97_permuted_s4,4,
52700,1.0,0.008654722012579441,permuted labels,transformer_add97_permuted_s4,4,
52800,1.0,0.008502884767949581,permuted labels,transformer_add97_permuted_s4,4,
52900,1.0,0.008958396501839161,permuted labels,transformer_add97_permuted_s4,4,
53000,1.0,0.00926207099109888,permuted labels,transformer_add97_permuted_s4,4,
53100,1.0,0.008047373034060001,permuted labels,transformer_add97_permuted_s4,4,
53200,1.0,0.008199210278689861,permuted labels,transformer_add97_permuted_s4,4,
53300,1.0,0.008351047523319721,permuted labels,transformer_add97_permuted_s4,4,
53400,1.0,0.008351047523319721,permuted labels,transformer_add97_permuted_s4,4,
53500,1.0,0.008502884767949581,permuted labels,transformer_add97_permuted_s4,4,
53600,1.0,0.008199210278689861,permuted labels,transformer_add97_permuted_s4,4,
53700,1.0,0.008654722012579441,permuted labels,transformer_add97_permuted_s4,4,
53800,1.0,0.00911023374646902,permuted labels,transformer_add97_permuted_s4,4,
53900,1.0,0.00926207099109888,permuted labels,transformer_add97_permuted_s4,4,
54000,1.0,0.0095657454803586,permuted labels,transformer_add97_permuted_s4,4,
54100,1.0,0.01002125721424818,permuted labels,transformer_add97_permuted_s4,4,
54200,1.0,0.0110841179266572,permuted labels,transformer_add97_permuted_s4,4,
54300,1.0,0.01002125721424818,permuted labels,transformer_add97_permuted_s4,4,
54400,1.0,0.00941390823572874,permuted labels,transformer_add97_permuted_s4,4,
54500,1.0,0.008958396501839161,permuted labels,transformer_add97_permuted_s4,4,
54600,1.0,0.00911023374646902,permuted labels,transformer_add97_permuted_s4,4,
54700,1.0,0.00941390823572874,permuted labels,transformer_add97_permuted_s4,4,
54800,1.0,0.008502884767949581,permuted labels,transformer_add97_permuted_s4,4,
54900,1.0,0.008047373034060001,permuted labels,transformer_add97_permuted_s4,4,
55000,1.0,0.008199210278689861,permuted labels,transformer_add97_permuted_s4,4,
55100,1.0,0.008806559257209301,permuted labels,transformer_add97_permuted_s4,4,
55200,1.0,0.008199210278689861,permuted labels,transformer_add97_permuted_s4,4,
55300,1.0,0.008806559257209301,permuted labels,transformer_add97_permuted_s4,4,
55400,1.0,0.007895535789430141,permuted labels,transformer_add97_permuted_s4,4,
55500,1.0,0.008351047523319721,permuted labels,transformer_add97_permuted_s4,4,
55600,1.0,0.007895535789430141,permuted labels,transformer_add97_permuted_s4,4,
55700,1.0,0.007895535789430141,permuted labels,transformer_add97_permuted_s4,4,
55800,1.0,0.007591861300170422,permuted labels,transformer_add97_permuted_s4,4,
55900,1.0,0.007136350031942129,permuted labels,transformer_add97_permuted_s4,4,
56000,1.0,0.007591861300170422,permuted labels,transformer_add97_permuted_s4,4,
56100,1.0,0.007440024055540562,permuted labels,transformer_add97_permuted_s4,4,
56200,1.0,0.006832675542682409,permuted labels,transformer_add97_permuted_s4,4,
56300,1.0,0.007591861300170422,permuted labels,transformer_add97_permuted_s4,4,
56400,1.0,0.008806559257209301,permuted labels,transformer_add97_permuted_s4,4,
56500,1.0,0.008958396501839161,permuted labels,transformer_add97_permuted_s4,4,
56600,1.0,0.008199210278689861,permuted labels,transformer_add97_permuted_s4,4,
56700,1.0,0.008351047523319721,permuted labels,transformer_add97_permuted_s4,4,
56800,1.0,0.008654722012579441,permuted labels,transformer_add97_permuted_s4,4,
56900,1.0,0.008806559257209301,permuted labels,transformer_add97_permuted_s4,4,
57000,1.0,0.00926207099109888,permuted labels,transformer_add97_permuted_s4,4,
57100,1.0,0.00911023374646902,permuted labels,transformer_add97_permuted_s4,4,
57200,1.0,0.00911023374646902,permuted labels,transformer_add97_permuted_s4,4,
57300,1.0,0.008958396501839161,permuted labels,transformer_add97_permuted_s4,4,
57400,1.0,0.01002125721424818,permuted labels,transformer_add97_permuted_s4,4,
57500,1.0,0.01062860619276762,permuted labels,transformer_add97_permuted_s4,4,
57600,1.0,0.01017309445887804,permuted labels,transformer_add97_permuted_s4,4,
57700,1.0,0.008199210278689861,permuted labels,transformer_add97_permuted_s4,4,
57800,1.0,0.007895535789430141,permuted labels,transformer_add97_permuted_s4,4,
57900,1.0,0.008654722012579441,permuted labels,transformer_add97_permuted_s4,4,
58000,1.0,0.008351047523319721,permuted labels,transformer_add97_permuted_s4,4,
58100,1.0,0.008047373034060001,permuted labels,transformer_add97_permuted_s4,4,
58200,1.0,0.008351047523319721,permuted labels,transformer_add97_permuted_s4,4,
58300,1.0,0.008351047523319721,permuted labels,transformer_add97_permuted_s4,4,
58400,1.0,0.008958396501839161,permuted labels,transformer_add97_permuted_s4,4,
58500,1.0,0.008806559257209301,permuted labels,transformer_add97_permuted_s4,4,
58600,1.0,0.008958396501839161,permuted labels,transformer_add97_permuted_s4,4,
58700,1.0,0.00986941996961832,permuted labels,transformer_add97_permuted_s4,4,
58800,0.9964576363563538,0.008806559257209301,permuted labels,transformer_add97_permuted_s4,4,
58900,1.0,0.008199210278689861,permuted labels,transformer_add97_permuted_s4,4,
59000,1.0,0.008047373034060001,permuted labels,transformer_add97_permuted_s4,4,
59100,1.0,0.008047373034060001,permuted labels,transformer_add97_permuted_s4,4,
59200,1.0,0.008351047523319721,permuted labels,transformer_add97_permuted_s4,4,
59300,1.0,0.008502884767949581,permuted labels,transformer_add97_permuted_s4,4,
59400,1.0,0.008047373034060001,permuted labels,transformer_add97_permuted_s4,4,
59500,1.0,0.008351047523319721,permuted labels,transformer_add97_permuted_s4,4,
59600,1.0,0.008502884767949581,permuted labels,transformer_add97_permuted_s4,4,
59700,1.0,0.007440024055540562,permuted labels,transformer_add97_permuted_s4,4,
59800,1.0,0.007591861300170422,permuted labels,transformer_add97_permuted_s4,4,
59900,1.0,0.008351047523319721,permuted labels,transformer_add97_permuted_s4,4,
60000,1.0,0.007895535789430141,permuted labels,transformer_add97_permuted_s4,4,
