step,ph_dim,run,t_g,operation,weight_decay,label_permutation,generalisation_gap,fits_train_set
3980,1.222086381894854,transformer_add113_f0.3_wd0.1_dense_s0,13000.0,add,0.1,False,0.0017900466918945312,True
4980,1.148856725008795,transformer_add113_f0.3_wd0.1_dense_s0,13000.0,add,0.1,False,0.0017900466918945312,True
5980,1.247653257199284,transformer_add113_f0.3_wd0.1_dense_s0,13000.0,add,0.1,False,0.0017900466918945312,True
6980,1.2345638115750337,transformer_add113_f0.3_wd0.1_dense_s0,13000.0,add,0.1,False,0.0017900466918945312,True
7980,1.3546918238562704,transformer_add113_f0.3_wd0.1_dense_s0,13000.0,add,0.1,False,0.0017900466918945312,True
8980,1.2986107123997472,transformer_add113_f0.3_wd0.1_dense_s0,13000.0,add,0.1,False,0.0017900466918945312,True
9980,1.376754507423092,transformer_add113_f0.3_wd0.1_dense_s0,13000.0,add,0.1,False,0.0017900466918945312,True
10980,1.3769312280444277,transformer_add113_f0.3_wd0.1_dense_s0,13000.0,add,0.1,False,0.0017900466918945312,True
11980,1.3941929899176206,transformer_add113_f0.3_wd0.1_dense_s0,13000.0,add,0.1,False,0.0017900466918945312,True
12980,1.281889115924427,transformer_add113_f0.3_wd0.1_dense_s0,13000.0,add,0.1,False,0.0017900466918945312,True
13980,1.2510421884447915,transformer_add113_f0.3_wd0.1_dense_s0,13000.0,add,0.1,False,0.0017900466918945312,True
14980,1.2633928758266164,transformer_add113_f0.3_wd0.1_dense_s0,13000.0,add,0.1,False,0.0017900466918945312,True
15980,1.1889645811934642,transformer_add113_f0.3_wd0.1_dense_s0,13000.0,add,0.1,False,0.0017900466918945312,True
16980,1.20722384576066,transformer_add113_f0.3_wd0.1_dense_s0,13000.0,add,0.1,False,0.0017900466918945312,True
17980,1.1470686021667893,transformer_add113_f0.3_wd0.1_dense_s0,13000.0,add,0.1,False,0.0017900466918945312,True
18980,1.1401866017477194,transformer_add113_f0.3_wd0.1_dense_s0,13000.0,add,0.1,False,0.0017900466918945312,True
19980,1.1390693587652028,transformer_add113_f0.3_wd0.1_dense_s0,13000.0,add,0.1,False,0.0017900466918945312,True
20980,1.147297247366478,transformer_add113_f0.3_wd0.1_dense_s0,13000.0,add,0.1,False,0.0017900466918945312,True
21980,1.150817957430082,transformer_add113_f0.3_wd0.1_dense_s0,13000.0,add,0.1,False,0.0017900466918945312,True
22980,1.1211371258335037,transformer_add113_f0.3_wd0.1_dense_s0,13000.0,add,0.1,False,0.0017900466918945312,True
23980,1.205950001036218,transformer_add113_f0.3_wd0.1_dense_s0,13000.0,add,0.1,False,0.0017900466918945312,True
24980,1.1710018146658798,transformer_add113_f0.3_wd0.1_dense_s0,13000.0,add,0.1,False,0.0017900466918945312,True
25980,1.157414324318422,transformer_add113_f0.3_wd0.1_dense_s0,13000.0,add,0.1,False,0.0017900466918945312,True
26980,1.185875751216023,transformer_add113_f0.3_wd0.1_dense_s0,13000.0,add,0.1,False,0.0017900466918945312,True
27980,1.191451856214102,transformer_add113_f0.3_wd0.1_dense_s0,13000.0,add,0.1,False,0.0017900466918945312,True
28980,1.1696375231607254,transformer_add113_f0.3_wd0.1_dense_s0,13000.0,add,0.1,False,0.0017900466918945312,True
29980,1.170302541983476,transformer_add113_f0.3_wd0.1_dense_s0,13000.0,add,0.1,False,0.0017900466918945312,True
30980,1.163432131784229,transformer_add113_f0.3_wd0.1_dense_s0,13000.0,add,0.1,False,0.0017900466918945312,True
31980,1.1675917848755342,transformer_add113_f0.3_wd0.1_dense_s0,13000.0,add,0.1,False,0.0017900466918945312,True
32980,1.222085218872325,transformer_add113_f0.3_wd0.1_dense_s0,13000.0,add,0.1,False,0.0017900466918945312,True
33980,1.204761260931413,transformer_add113_f0.3_wd0.1_dense_s0,13000.0,add,0.1,False,0.0017900466918945312,True
34980,1.1698653630356617,transformer_add113_f0.3_wd0.1_dense_s0,13000.0,add,0.1,False,0.0017900466918945312,True
35980,1.2094915204672123,transformer_add113_f0.3_wd0.1_dense_s0,13000.0,add,0.1,False,0.0017900466918945312,True
36980,1.1892578423039268,transformer_add113_f0.3_wd0.1_dense_s0,13000.0,add,0.1,False,0.0017900466918945312,True
37980,1.1685227623038958,transformer_add113_f0.3_wd0.1_dense_s0,13000.0,add,0.1,False,0.0017900466918945312,True
38980,1.1946044981724226,transformer_add113_f0.3_wd0.1_dense_s0,13000.0,add,0.1,False,0.0017900466918945312,True
39980,1.2198369993944216,transformer_add113_f0.3_wd0.1_dense_s0,13000.0,add,0.1,False,0.0017900466918945312,True
40980,1.1898875137469425,transformer_add113_f0.3_wd0.1_dense_s0,13000.0,add,0.1,False,0.0017900466918945312,True
41980,1.1648509071246094,transformer_add113_f0.3_wd0.1_dense_s0,13000.0,add,0.1,False,0.0017900466918945312,True
42980,1.178452929346573,transformer_add113_f0.3_wd0.1_dense_s0,13000.0,add,0.1,False,0.0017900466918945312,True
43980,1.148282220081921,transformer_add113_f0.3_wd0.1_dense_s0,13000.0,add,0.1,False,0.0017900466918945312,True
44980,1.1471750682334805,transformer_add113_f0.3_wd0.1_dense_s0,13000.0,add,0.1,False,0.0017900466918945312,True
45980,1.1232659346546292,transformer_add113_f0.3_wd0.1_dense_s0,13000.0,add,0.1,False,0.0017900466918945312,True
46980,1.1715162630542542,transformer_add113_f0.3_wd0.1_dense_s0,13000.0,add,0.1,False,0.0017900466918945312,True
47980,1.1438935351195934,transformer_add113_f0.3_wd0.1_dense_s0,13000.0,add,0.1,False,0.0017900466918945312,True
48980,1.1973948796671985,transformer_add113_f0.3_wd0.1_dense_s0,13000.0,add,0.1,False,0.0017900466918945312,True
49980,1.203351126857485,transformer_add113_f0.3_wd0.1_dense_s0,13000.0,add,0.1,False,0.0017900466918945312,True
50980,1.1826155553071187,transformer_add113_f0.3_wd0.1_dense_s0,13000.0,add,0.1,False,0.0017900466918945312,True
51980,1.2002163690209755,transformer_add113_f0.3_wd0.1_dense_s0,13000.0,add,0.1,False,0.0017900466918945312,True
52980,1.191563803956587,transformer_add113_f0.3_wd0.1_dense_s0,13000.0,add,0.1,False,0.0017900466918945312,True
53980,1.1651423908749263,transformer_add113_f0.3_wd0.1_dense_s0,13000.0,add,0.1,False,0.0017900466918945312,True
54980,1.1572638020710158,transformer_add113_f0.3_wd0.1_dense_s0,13000.0,add,0.1,False,0.0017900466918945312,True
55980,1.2153825949369148,transformer_add113_f0.3_wd0.1_dense_s0,13000.0,add,0.1,False,0.0017900466918945312,True
56980,1.2412382324234934,transformer_add113_f0.3_wd0.1_dense_s0,13000.0,add,0.1,False,0.0017900466918945312,True
57980,1.1984067072532911,transformer_add113_f0.3_wd0.1_dense_s0,13000.0,add,0.1,False,0.0017900466918945312,True
58980,1.2364496289925917,transformer_add113_f0.3_wd0.1_dense_s0,13000.0,add,0.1,False,0.0017900466918945312,True
59980,1.24314957148802,transformer_add113_f0.3_wd0.1_dense_s0,13000.0,add,0.1,False,0.0017900466918945312,True
3980,1.3407274476050206,transformer_add113_f0.3_wd0.1_dense_s1,12000.0,add,0.1,False,-5.960464477539063e-08,True
4980,1.1655870814617275,transformer_add113_f0.3_wd0.1_dense_s1,12000.0,add,0.1,False,-5.960464477539063e-08,True
5980,1.2664747817274642,transformer_add113_f0.3_wd0.1_dense_s1,12000.0,add,0.1,False,-5.960464477539063e-08,True
6980,1.3153337293391123,transformer_add113_f0.3_wd0.1_dense_s1,12000.0,add,0.1,False,-5.960464477539063e-08,True
7980,1.2999183822706095,transformer_add113_f0.3_wd0.1_dense_s1,12000.0,add,0.1,False,-5.960464477539063e-08,True
8980,1.4621128496438678,transformer_add113_f0.3_wd0.1_dense_s1,12000.0,add,0.1,False,-5.960464477539063e-08,True
9980,1.2426391276584188,transformer_add113_f0.3_wd0.1_dense_s1,12000.0,add,0.1,False,-5.960464477539063e-08,True
10980,1.4514189005440514,transformer_add113_f0.3_wd0.1_dense_s1,12000.0,add,0.1,False,-5.960464477539063e-08,True
11980,1.265156861731077,transformer_add113_f0.3_wd0.1_dense_s1,12000.0,add,0.1,False,-5.960464477539063e-08,True
12980,1.270464493942582,transformer_add113_f0.3_wd0.1_dense_s1,12000.0,add,0.1,False,-5.960464477539063e-08,True
13980,1.1881191087176417,transformer_add113_f0.3_wd0.1_dense_s1,12000.0,add,0.1,False,-5.960464477539063e-08,True
14980,1.1890048106153377,transformer_add113_f0.3_wd0.1_dense_s1,12000.0,add,0.1,False,-5.960464477539063e-08,True
15980,1.202984878904464,transformer_add113_f0.3_wd0.1_dense_s1,12000.0,add,0.1,False,-5.960464477539063e-08,True
16980,1.2212729832782698,transformer_add113_f0.3_wd0.1_dense_s1,12000.0,add,0.1,False,-5.960464477539063e-08,True
17980,1.1785572377355782,transformer_add113_f0.3_wd0.1_dense_s1,12000.0,add,0.1,False,-5.960464477539063e-08,True
18980,1.1301793807952834,transformer_add113_f0.3_wd0.1_dense_s1,12000.0,add,0.1,False,-5.960464477539063e-08,True
19980,1.2265610070476176,transformer_add113_f0.3_wd0.1_dense_s1,12000.0,add,0.1,False,-5.960464477539063e-08,True
20980,1.1748757490668085,transformer_add113_f0.3_wd0.1_dense_s1,12000.0,add,0.1,False,-5.960464477539063e-08,True
21980,1.2653312312921563,transformer_add113_f0.3_wd0.1_dense_s1,12000.0,add,0.1,False,-5.960464477539063e-08,True
22980,1.1218979792635717,transformer_add113_f0.3_wd0.1_dense_s1,12000.0,add,0.1,False,-5.960464477539063e-08,True
23980,1.1672448852666215,transformer_add113_f0.3_wd0.1_dense_s1,12000.0,add,0.1,False,-5.960464477539063e-08,True
24980,1.1614366550486377,transformer_add113_f0.3_wd0.1_dense_s1,12000.0,add,0.1,False,-5.960464477539063e-08,True
25980,1.1679113855319316,transformer_add113_f0.3_wd0.1_dense_s1,12000.0,add,0.1,False,-5.960464477539063e-08,True
26980,1.144350846709996,transformer_add113_f0.3_wd0.1_dense_s1,12000.0,add,0.1,False,-5.960464477539063e-08,True
27980,1.148456998822441,transformer_add113_f0.3_wd0.1_dense_s1,12000.0,add,0.1,False,-5.960464477539063e-08,True
28980,1.142863669592589,transformer_add113_f0.3_wd0.1_dense_s1,12000.0,add,0.1,False,-5.960464477539063e-08,True
29980,1.1622716862410107,transformer_add113_f0.3_wd0.1_dense_s1,12000.0,add,0.1,False,-5.960464477539063e-08,True
30980,1.2550830743790544,transformer_add113_f0.3_wd0.1_dense_s1,12000.0,add,0.1,False,-5.960464477539063e-08,True
31980,1.1937877446076837,transformer_add113_f0.3_wd0.1_dense_s1,12000.0,add,0.1,False,-5.960464477539063e-08,True
32980,1.3409298276074844,transformer_add113_f0.3_wd0.1_dense_s1,12000.0,add,0.1,False,-5.960464477539063e-08,True
33980,1.1684025282240726,transformer_add113_f0.3_wd0.1_dense_s1,12000.0,add,0.1,False,-5.960464477539063e-08,True
34980,1.1851629908263528,transformer_add113_f0.3_wd0.1_dense_s1,12000.0,add,0.1,False,-5.960464477539063e-08,True
35980,1.1499440265571457,transformer_add113_f0.3_wd0.1_dense_s1,12000.0,add,0.1,False,-5.960464477539063e-08,True
36980,1.1533170698623103,transformer_add113_f0.3_wd0.1_dense_s1,12000.0,add,0.1,False,-5.960464477539063e-08,True
37980,1.1760783530517935,transformer_add113_f0.3_wd0.1_dense_s1,12000.0,add,0.1,False,-5.960464477539063e-08,True
38980,1.179160890544557,transformer_add113_f0.3_wd0.1_dense_s1,12000.0,add,0.1,False,-5.960464477539063e-08,True
39980,1.1821542921311508,transformer_add113_f0.3_wd0.1_dense_s1,12000.0,add,0.1,False,-5.960464477539063e-08,True
40980,1.1838781787494534,transformer_add113_f0.3_wd0.1_dense_s1,12000.0,add,0.1,False,-5.960464477539063e-08,True
41980,1.211410562087483,transformer_add113_f0.3_wd0.1_dense_s1,12000.0,add,0.1,False,-5.960464477539063e-08,True
42980,1.146231994407135,transformer_add113_f0.3_wd0.1_dense_s1,12000.0,add,0.1,False,-5.960464477539063e-08,True
43980,1.1721346983251342,transformer_add113_f0.3_wd0.1_dense_s1,12000.0,add,0.1,False,-5.960464477539063e-08,True
44980,1.226838292180702,transformer_add113_f0.3_wd0.1_dense_s1,12000.0,add,0.1,False,-5.960464477539063e-08,True
45980,1.1895254982522756,transformer_add113_f0.3_wd0.1_dense_s1,12000.0,add,0.1,False,-5.960464477539063e-08,True
46980,1.1676340584237352,transformer_add113_f0.3_wd0.1_dense_s1,12000.0,add,0.1,False,-5.960464477539063e-08,True
47980,1.2088819134980384,transformer_add113_f0.3_wd0.1_dense_s1,12000.0,add,0.1,False,-5.960464477539063e-08,True
48980,1.197437337283258,transformer_add113_f0.3_wd0.1_dense_s1,12000.0,add,0.1,False,-5.960464477539063e-08,True
49980,1.1701803132838966,transformer_add113_f0.3_wd0.1_dense_s1,12000.0,add,0.1,False,-5.960464477539063e-08,True
50980,1.1973985785597243,transformer_add113_f0.3_wd0.1_dense_s1,12000.0,add,0.1,False,-5.960464477539063e-08,True
51980,1.1534147062190263,transformer_add113_f0.3_wd0.1_dense_s1,12000.0,add,0.1,False,-5.960464477539063e-08,True
52980,1.2152963332766336,transformer_add113_f0.3_wd0.1_dense_s1,12000.0,add,0.1,False,-5.960464477539063e-08,True
53980,1.2150002921568366,transformer_add113_f0.3_wd0.1_dense_s1,12000.0,add,0.1,False,-5.960464477539063e-08,True
54980,1.1699001400193296,transformer_add113_f0.3_wd0.1_dense_s1,12000.0,add,0.1,False,-5.960464477539063e-08,True
55980,1.2367663408128666,transformer_add113_f0.3_wd0.1_dense_s1,12000.0,add,0.1,False,-5.960464477539063e-08,True
56980,1.1566341520529884,transformer_add113_f0.3_wd0.1_dense_s1,12000.0,add,0.1,False,-5.960464477539063e-08,True
57980,1.232366801617231,transformer_add113_f0.3_wd0.1_dense_s1,12000.0,add,0.1,False,-5.960464477539063e-08,True
58980,1.18104661891321,transformer_add113_f0.3_wd0.1_dense_s1,12000.0,add,0.1,False,-5.960464477539063e-08,True
59980,1.1890790564179972,transformer_add113_f0.3_wd0.1_dense_s1,12000.0,add,0.1,False,-5.960464477539063e-08,True
3980,1.400588837434492,transformer_add113_f0.3_wd0.1_dense_s2,13500.0,add,0.1,False,-5.960464477539063e-08,True
4980,1.2405246193978006,transformer_add113_f0.3_wd0.1_dense_s2,13500.0,add,0.1,False,-5.960464477539063e-08,True
5980,1.2382412126011464,transformer_add113_f0.3_wd0.1_dense_s2,13500.0,add,0.1,False,-5.960464477539063e-08,True
6980,1.2663934888018222,transformer_add113_f0.3_wd0.1_dense_s2,13500.0,add,0.1,False,-5.960464477539063e-08,True
7980,1.4444109455071603,transformer_add113_f0.3_wd0.1_dense_s2,13500.0,add,0.1,False,-5.960464477539063e-08,True
8980,1.3856165881517275,transformer_add113_f0.3_wd0.1_dense_s2,13500.0,add,0.1,False,-5.960464477539063e-08,True
9980,1.3632311138727864,transformer_add113_f0.3_wd0.1_dense_s2,13500.0,add,0.1,False,-5.960464477539063e-08,True
10980,1.4745615095957638,transformer_add113_f0.3_wd0.1_dense_s2,13500.0,add,0.1,False,-5.960464477539063e-08,True
11980,1.2498387483187912,transformer_add113_f0.3_wd0.1_dense_s2,13500.0,add,0.1,False,-5.960464477539063e-08,True
12980,1.3486334069286368,transformer_add113_f0.3_wd0.1_dense_s2,13500.0,add,0.1,False,-5.960464477539063e-08,True
13980,1.1936014627206322,transformer_add113_f0.3_wd0.1_dense_s2,13500.0,add,0.1,False,-5.960464477539063e-08,True
14980,1.239181882027069,transformer_add113_f0.3_wd0.1_dense_s2,13500.0,add,0.1,False,-5.960464477539063e-08,True
15980,1.185564774696752,transformer_add113_f0.3_wd0.1_dense_s2,13500.0,add,0.1,False,-5.960464477539063e-08,True
16980,1.292559614288581,transformer_add113_f0.3_wd0.1_dense_s2,13500.0,add,0.1,False,-5.960464477539063e-08,True
17980,1.189299496582434,transformer_add113_f0.3_wd0.1_dense_s2,13500.0,add,0.1,False,-5.960464477539063e-08,True
18980,1.1539448971259108,transformer_add113_f0.3_wd0.1_dense_s2,13500.0,add,0.1,False,-5.960464477539063e-08,True
19980,1.2769558194025976,transformer_add113_f0.3_wd0.1_dense_s2,13500.0,add,0.1,False,-5.960464477539063e-08,True
20980,1.1693802207128725,transformer_add113_f0.3_wd0.1_dense_s2,13500.0,add,0.1,False,-5.960464477539063e-08,True
21980,1.1375637645033232,transformer_add113_f0.3_wd0.1_dense_s2,13500.0,add,0.1,False,-5.960464477539063e-08,True
22980,1.1571332943085613,transformer_add113_f0.3_wd0.1_dense_s2,13500.0,add,0.1,False,-5.960464477539063e-08,True
23980,1.205839215426728,transformer_add113_f0.3_wd0.1_dense_s2,13500.0,add,0.1,False,-5.960464477539063e-08,True
24980,1.2329018525185749,transformer_add113_f0.3_wd0.1_dense_s2,13500.0,add,0.1,False,-5.960464477539063e-08,True
25980,1.2317850461105226,transformer_add113_f0.3_wd0.1_dense_s2,13500.0,add,0.1,False,-5.960464477539063e-08,True
26980,1.2502671459104686,transformer_add113_f0.3_wd0.1_dense_s2,13500.0,add,0.1,False,-5.960464477539063e-08,True
27980,1.2249661264944671,transformer_add113_f0.3_wd0.1_dense_s2,13500.0,add,0.1,False,-5.960464477539063e-08,True
28980,1.1960812097254057,transformer_add113_f0.3_wd0.1_dense_s2,13500.0,add,0.1,False,-5.960464477539063e-08,True
29980,1.2383792018076636,transformer_add113_f0.3_wd0.1_dense_s2,13500.0,add,0.1,False,-5.960464477539063e-08,True
30980,1.1623324658411145,transformer_add113_f0.3_wd0.1_dense_s2,13500.0,add,0.1,False,-5.960464477539063e-08,True
31980,1.155384644932644,transformer_add113_f0.3_wd0.1_dense_s2,13500.0,add,0.1,False,-5.960464477539063e-08,True
32980,1.1303625796787145,transformer_add113_f0.3_wd0.1_dense_s2,13500.0,add,0.1,False,-5.960464477539063e-08,True
33980,1.216138286737375,transformer_add113_f0.3_wd0.1_dense_s2,13500.0,add,0.1,False,-5.960464477539063e-08,True
34980,1.2355225297283636,transformer_add113_f0.3_wd0.1_dense_s2,13500.0,add,0.1,False,-5.960464477539063e-08,True
35980,1.2086390929181472,transformer_add113_f0.3_wd0.1_dense_s2,13500.0,add,0.1,False,-5.960464477539063e-08,True
36980,1.2267267449768129,transformer_add113_f0.3_wd0.1_dense_s2,13500.0,add,0.1,False,-5.960464477539063e-08,True
37980,1.2428803847490355,transformer_add113_f0.3_wd0.1_dense_s2,13500.0,add,0.1,False,-5.960464477539063e-08,True
38980,1.1995448307770908,transformer_add113_f0.3_wd0.1_dense_s2,13500.0,add,0.1,False,-5.960464477539063e-08,True
39980,1.2382383495452745,transformer_add113_f0.3_wd0.1_dense_s2,13500.0,add,0.1,False,-5.960464477539063e-08,True
40980,1.3648867608211828,transformer_add113_f0.3_wd0.1_dense_s2,13500.0,add,0.1,False,-5.960464477539063e-08,True
41980,1.276873949129378,transformer_add113_f0.3_wd0.1_dense_s2,13500.0,add,0.1,False,-5.960464477539063e-08,True
42980,1.1555527580317535,transformer_add113_f0.3_wd0.1_dense_s2,13500.0,add,0.1,False,-5.960464477539063e-08,True
43980,1.135206559909629,transformer_add113_f0.3_wd0.1_dense_s2,13500.0,add,0.1,False,-5.960464477539063e-08,True
44980,1.214853301205788,transformer_add113_f0.3_wd0.1_dense_s2,13500.0,add,0.1,False,-5.960464477539063e-08,True
45980,1.1995221498560429,transformer_add113_f0.3_wd0.1_dense_s2,13500.0,add,0.1,False,-5.960464477539063e-08,True
46980,1.248068031852798,transformer_add113_f0.3_wd0.1_dense_s2,13500.0,add,0.1,False,-5.960464477539063e-08,True
47980,1.250512365867542,transformer_add113_f0.3_wd0.1_dense_s2,13500.0,add,0.1,False,-5.960464477539063e-08,True
48980,1.341409347830178,transformer_add113_f0.3_wd0.1_dense_s2,13500.0,add,0.1,False,-5.960464477539063e-08,True
49980,1.158663057038623,transformer_add113_f0.3_wd0.1_dense_s2,13500.0,add,0.1,False,-5.960464477539063e-08,True
50980,1.286440779955609,transformer_add113_f0.3_wd0.1_dense_s2,13500.0,add,0.1,False,-5.960464477539063e-08,True
51980,1.3864660705664278,transformer_add113_f0.3_wd0.1_dense_s2,13500.0,add,0.1,False,-5.960464477539063e-08,True
52980,1.1389813934135906,transformer_add113_f0.3_wd0.1_dense_s2,13500.0,add,0.1,False,-5.960464477539063e-08,True
53980,1.1901999244842043,transformer_add113_f0.3_wd0.1_dense_s2,13500.0,add,0.1,False,-5.960464477539063e-08,True
54980,1.1292577094180685,transformer_add113_f0.3_wd0.1_dense_s2,13500.0,add,0.1,False,-5.960464477539063e-08,True
55980,1.1715278607057795,transformer_add113_f0.3_wd0.1_dense_s2,13500.0,add,0.1,False,-5.960464477539063e-08,True
56980,1.1880943815871436,transformer_add113_f0.3_wd0.1_dense_s2,13500.0,add,0.1,False,-5.960464477539063e-08,True
57980,1.196799535681942,transformer_add113_f0.3_wd0.1_dense_s2,13500.0,add,0.1,False,-5.960464477539063e-08,True
58980,1.1651146415916316,transformer_add113_f0.3_wd0.1_dense_s2,13500.0,add,0.1,False,-5.960464477539063e-08,True
59980,1.1263166725935394,transformer_add113_f0.3_wd0.1_dense_s2,13500.0,add,0.1,False,-5.960464477539063e-08,True
3980,1.4018433143853528,transformer_add113_f0.3_wd0.1_dense_s3,11500.0,add,0.1,False,-5.960464477539063e-08,True
4980,1.2317281115212295,transformer_add113_f0.3_wd0.1_dense_s3,11500.0,add,0.1,False,-5.960464477539063e-08,True
5980,1.3356605967970945,transformer_add113_f0.3_wd0.1_dense_s3,11500.0,add,0.1,False,-5.960464477539063e-08,True
6980,1.3774427814435506,transformer_add113_f0.3_wd0.1_dense_s3,11500.0,add,0.1,False,-5.960464477539063e-08,True
7980,1.3069126591400135,transformer_add113_f0.3_wd0.1_dense_s3,11500.0,add,0.1,False,-5.960464477539063e-08,True
8980,1.3471803534513382,transformer_add113_f0.3_wd0.1_dense_s3,11500.0,add,0.1,False,-5.960464477539063e-08,True
9980,1.3110392380171871,transformer_add113_f0.3_wd0.1_dense_s3,11500.0,add,0.1,False,-5.960464477539063e-08,True
10980,1.3222222857101145,transformer_add113_f0.3_wd0.1_dense_s3,11500.0,add,0.1,False,-5.960464477539063e-08,True
11980,1.263548651198571,transformer_add113_f0.3_wd0.1_dense_s3,11500.0,add,0.1,False,-5.960464477539063e-08,True
12980,1.1642239162050023,transformer_add113_f0.3_wd0.1_dense_s3,11500.0,add,0.1,False,-5.960464477539063e-08,True
13980,1.1885575716109271,transformer_add113_f0.3_wd0.1_dense_s3,11500.0,add,0.1,False,-5.960464477539063e-08,True
14980,1.2011960441328708,transformer_add113_f0.3_wd0.1_dense_s3,11500.0,add,0.1,False,-5.960464477539063e-08,True
15980,1.184225321651324,transformer_add113_f0.3_wd0.1_dense_s3,11500.0,add,0.1,False,-5.960464477539063e-08,True
16980,1.2133371337577852,transformer_add113_f0.3_wd0.1_dense_s3,11500.0,add,0.1,False,-5.960464477539063e-08,True
17980,1.173197401067366,transformer_add113_f0.3_wd0.1_dense_s3,11500.0,add,0.1,False,-5.960464477539063e-08,True
18980,1.1615887644069465,transformer_add113_f0.3_wd0.1_dense_s3,11500.0,add,0.1,False,-5.960464477539063e-08,True
19980,1.1701242865583743,transformer_add113_f0.3_wd0.1_dense_s3,11500.0,add,0.1,False,-5.960464477539063e-08,True
20980,1.169188515442938,transformer_add113_f0.3_wd0.1_dense_s3,11500.0,add,0.1,False,-5.960464477539063e-08,True
21980,1.1972567939807688,transformer_add113_f0.3_wd0.1_dense_s3,11500.0,add,0.1,False,-5.960464477539063e-08,True
22980,1.277433107008588,transformer_add113_f0.3_wd0.1_dense_s3,11500.0,add,0.1,False,-5.960464477539063e-08,True
23980,1.288721672778519,transformer_add113_f0.3_wd0.1_dense_s3,11500.0,add,0.1,False,-5.960464477539063e-08,True
24980,1.3106487800147717,transformer_add113_f0.3_wd0.1_dense_s3,11500.0,add,0.1,False,-5.960464477539063e-08,True
25980,1.3047334381951456,transformer_add113_f0.3_wd0.1_dense_s3,11500.0,add,0.1,False,-5.960464477539063e-08,True
26980,1.272081313145004,transformer_add113_f0.3_wd0.1_dense_s3,11500.0,add,0.1,False,-5.960464477539063e-08,True
27980,1.207914860762723,transformer_add113_f0.3_wd0.1_dense_s3,11500.0,add,0.1,False,-5.960464477539063e-08,True
28980,1.3023062552976865,transformer_add113_f0.3_wd0.1_dense_s3,11500.0,add,0.1,False,-5.960464477539063e-08,True
29980,1.203828686566094,transformer_add113_f0.3_wd0.1_dense_s3,11500.0,add,0.1,False,-5.960464477539063e-08,True
30980,1.1697300954376937,transformer_add113_f0.3_wd0.1_dense_s3,11500.0,add,0.1,False,-5.960464477539063e-08,True
31980,1.1856687622315651,transformer_add113_f0.3_wd0.1_dense_s3,11500.0,add,0.1,False,-5.960464477539063e-08,True
32980,1.3025396712644055,transformer_add113_f0.3_wd0.1_dense_s3,11500.0,add,0.1,False,-5.960464477539063e-08,True
33980,1.3097479104870515,transformer_add113_f0.3_wd0.1_dense_s3,11500.0,add,0.1,False,-5.960464477539063e-08,True
34980,1.2555445815478052,transformer_add113_f0.3_wd0.1_dense_s3,11500.0,add,0.1,False,-5.960464477539063e-08,True
35980,1.259883731129293,transformer_add113_f0.3_wd0.1_dense_s3,11500.0,add,0.1,False,-5.960464477539063e-08,True
36980,1.2677136805000513,transformer_add113_f0.3_wd0.1_dense_s3,11500.0,add,0.1,False,-5.960464477539063e-08,True
37980,1.296946882574312,transformer_add113_f0.3_wd0.1_dense_s3,11500.0,add,0.1,False,-5.960464477539063e-08,True
38980,1.2469764877509482,transformer_add113_f0.3_wd0.1_dense_s3,11500.0,add,0.1,False,-5.960464477539063e-08,True
39980,1.1907893310371396,transformer_add113_f0.3_wd0.1_dense_s3,11500.0,add,0.1,False,-5.960464477539063e-08,True
40980,1.213938553278664,transformer_add113_f0.3_wd0.1_dense_s3,11500.0,add,0.1,False,-5.960464477539063e-08,True
41980,1.2052848826608002,transformer_add113_f0.3_wd0.1_dense_s3,11500.0,add,0.1,False,-5.960464477539063e-08,True
42980,1.160087892303792,transformer_add113_f0.3_wd0.1_dense_s3,11500.0,add,0.1,False,-5.960464477539063e-08,True
43980,1.2350888286150197,transformer_add113_f0.3_wd0.1_dense_s3,11500.0,add,0.1,False,-5.960464477539063e-08,True
44980,1.2133625288608954,transformer_add113_f0.3_wd0.1_dense_s3,11500.0,add,0.1,False,-5.960464477539063e-08,True
45980,1.1718789339791442,transformer_add113_f0.3_wd0.1_dense_s3,11500.0,add,0.1,False,-5.960464477539063e-08,True
46980,1.2606857772629267,transformer_add113_f0.3_wd0.1_dense_s3,11500.0,add,0.1,False,-5.960464477539063e-08,True
47980,1.324235623258493,transformer_add113_f0.3_wd0.1_dense_s3,11500.0,add,0.1,False,-5.960464477539063e-08,True
48980,1.2212085876749974,transformer_add113_f0.3_wd0.1_dense_s3,11500.0,add,0.1,False,-5.960464477539063e-08,True
49980,1.2430774255947483,transformer_add113_f0.3_wd0.1_dense_s3,11500.0,add,0.1,False,-5.960464477539063e-08,True
50980,1.1664114187832408,transformer_add113_f0.3_wd0.1_dense_s3,11500.0,add,0.1,False,-5.960464477539063e-08,True
51980,1.1653300237562536,transformer_add113_f0.3_wd0.1_dense_s3,11500.0,add,0.1,False,-5.960464477539063e-08,True
52980,1.1999357120739884,transformer_add113_f0.3_wd0.1_dense_s3,11500.0,add,0.1,False,-5.960464477539063e-08,True
53980,1.267312867245869,transformer_add113_f0.3_wd0.1_dense_s3,11500.0,add,0.1,False,-5.960464477539063e-08,True
54980,1.248631607395275,transformer_add113_f0.3_wd0.1_dense_s3,11500.0,add,0.1,False,-5.960464477539063e-08,True
55980,1.23751050159478,transformer_add113_f0.3_wd0.1_dense_s3,11500.0,add,0.1,False,-5.960464477539063e-08,True
56980,1.3054184591198237,transformer_add113_f0.3_wd0.1_dense_s3,11500.0,add,0.1,False,-5.960464477539063e-08,True
57980,1.176062910803382,transformer_add113_f0.3_wd0.1_dense_s3,11500.0,add,0.1,False,-5.960464477539063e-08,True
58980,1.138361499244298,transformer_add113_f0.3_wd0.1_dense_s3,11500.0,add,0.1,False,-5.960464477539063e-08,True
59980,1.187542228285572,transformer_add113_f0.3_wd0.1_dense_s3,11500.0,add,0.1,False,-5.960464477539063e-08,True
3980,1.5635748857807386,transformer_add113_f0.3_wd0.1_dense_s4,10000.0,add,0.1,False,-5.960464477539063e-08,True
4980,1.3389814257794035,transformer_add113_f0.3_wd0.1_dense_s4,10000.0,add,0.1,False,-5.960464477539063e-08,True
5980,1.4697643287628366,transformer_add113_f0.3_wd0.1_dense_s4,10000.0,add,0.1,False,-5.960464477539063e-08,True
6980,1.17552329294674,transformer_add113_f0.3_wd0.1_dense_s4,10000.0,add,0.1,False,-5.960464477539063e-08,True
7980,1.1800502662444587,transformer_add113_f0.3_wd0.1_dense_s4,10000.0,add,0.1,False,-5.960464477539063e-08,True
8980,1.4356887123323006,transformer_add113_f0.3_wd0.1_dense_s4,10000.0,add,0.1,False,-5.960464477539063e-08,True
9980,1.4508802000302594,transformer_add113_f0.3_wd0.1_dense_s4,10000.0,add,0.1,False,-5.960464477539063e-08,True
10980,1.237606751116582,transformer_add113_f0.3_wd0.1_dense_s4,10000.0,add,0.1,False,-5.960464477539063e-08,True
11980,1.2145250759937685,transformer_add113_f0.3_wd0.1_dense_s4,10000.0,add,0.1,False,-5.960464477539063e-08,True
12980,1.1294905947076186,transformer_add113_f0.3_wd0.1_dense_s4,10000.0,add,0.1,False,-5.960464477539063e-08,True
13980,1.1686355355843785,transformer_add113_f0.3_wd0.1_dense_s4,10000.0,add,0.1,False,-5.960464477539063e-08,True
14980,1.1591794758805245,transformer_add113_f0.3_wd0.1_dense_s4,10000.0,add,0.1,False,-5.960464477539063e-08,True
15980,1.1612243259973185,transformer_add113_f0.3_wd0.1_dense_s4,10000.0,add,0.1,False,-5.960464477539063e-08,True
16980,1.203972534921718,transformer_add113_f0.3_wd0.1_dense_s4,10000.0,add,0.1,False,-5.960464477539063e-08,True
17980,1.275942185678135,transformer_add113_f0.3_wd0.1_dense_s4,10000.0,add,0.1,False,-5.960464477539063e-08,True
18980,1.3165865454653305,transformer_add113_f0.3_wd0.1_dense_s4,10000.0,add,0.1,False,-5.960464477539063e-08,True
19980,1.2193389749412475,transformer_add113_f0.3_wd0.1_dense_s4,10000.0,add,0.1,False,-5.960464477539063e-08,True
20980,1.280692313966707,transformer_add113_f0.3_wd0.1_dense_s4,10000.0,add,0.1,False,-5.960464477539063e-08,True
21980,1.252940486895362,transformer_add113_f0.3_wd0.1_dense_s4,10000.0,add,0.1,False,-5.960464477539063e-08,True
22980,1.33159351991877,transformer_add113_f0.3_wd0.1_dense_s4,10000.0,add,0.1,False,-5.960464477539063e-08,True
23980,1.3105454168572703,transformer_add113_f0.3_wd0.1_dense_s4,10000.0,add,0.1,False,-5.960464477539063e-08,True
24980,1.3477874741405698,transformer_add113_f0.3_wd0.1_dense_s4,10000.0,add,0.1,False,-5.960464477539063e-08,True
25980,1.2375007080918574,transformer_add113_f0.3_wd0.1_dense_s4,10000.0,add,0.1,False,-5.960464477539063e-08,True
26980,1.1753848544414964,transformer_add113_f0.3_wd0.1_dense_s4,10000.0,add,0.1,False,-5.960464477539063e-08,True
27980,1.153796836710415,transformer_add113_f0.3_wd0.1_dense_s4,10000.0,add,0.1,False,-5.960464477539063e-08,True
28980,1.1382429044349829,transformer_add113_f0.3_wd0.1_dense_s4,10000.0,add,0.1,False,-5.960464477539063e-08,True
29980,1.2510246641156684,transformer_add113_f0.3_wd0.1_dense_s4,10000.0,add,0.1,False,-5.960464477539063e-08,True
30980,1.2869608504890848,transformer_add113_f0.3_wd0.1_dense_s4,10000.0,add,0.1,False,-5.960464477539063e-08,True
31980,1.2855192448303991,transformer_add113_f0.3_wd0.1_dense_s4,10000.0,add,0.1,False,-5.960464477539063e-08,True
32980,1.1668423509679982,transformer_add113_f0.3_wd0.1_dense_s4,10000.0,add,0.1,False,-5.960464477539063e-08,True
33980,1.2798129535554443,transformer_add113_f0.3_wd0.1_dense_s4,10000.0,add,0.1,False,-5.960464477539063e-08,True
34980,1.2087419111318591,transformer_add113_f0.3_wd0.1_dense_s4,10000.0,add,0.1,False,-5.960464477539063e-08,True
35980,1.1494853239935203,transformer_add113_f0.3_wd0.1_dense_s4,10000.0,add,0.1,False,-5.960464477539063e-08,True
36980,1.1754346213192892,transformer_add113_f0.3_wd0.1_dense_s4,10000.0,add,0.1,False,-5.960464477539063e-08,True
37980,1.1741696050155397,transformer_add113_f0.3_wd0.1_dense_s4,10000.0,add,0.1,False,-5.960464477539063e-08,True
38980,1.2033573709406733,transformer_add113_f0.3_wd0.1_dense_s4,10000.0,add,0.1,False,-5.960464477539063e-08,True
39980,1.264496338774633,transformer_add113_f0.3_wd0.1_dense_s4,10000.0,add,0.1,False,-5.960464477539063e-08,True
40980,1.234832242853398,transformer_add113_f0.3_wd0.1_dense_s4,10000.0,add,0.1,False,-5.960464477539063e-08,True
41980,1.2183891223982877,transformer_add113_f0.3_wd0.1_dense_s4,10000.0,add,0.1,False,-5.960464477539063e-08,True
42980,1.2592603680969463,transformer_add113_f0.3_wd0.1_dense_s4,10000.0,add,0.1,False,-5.960464477539063e-08,True
43980,1.21630664615215,transformer_add113_f0.3_wd0.1_dense_s4,10000.0,add,0.1,False,-5.960464477539063e-08,True
44980,1.226342974233865,transformer_add113_f0.3_wd0.1_dense_s4,10000.0,add,0.1,False,-5.960464477539063e-08,True
45980,1.257385362716532,transformer_add113_f0.3_wd0.1_dense_s4,10000.0,add,0.1,False,-5.960464477539063e-08,True
46980,1.2303165733137815,transformer_add113_f0.3_wd0.1_dense_s4,10000.0,add,0.1,False,-5.960464477539063e-08,True
47980,1.1071005870987085,transformer_add113_f0.3_wd0.1_dense_s4,10000.0,add,0.1,False,-5.960464477539063e-08,True
48980,1.1443882317648777,transformer_add113_f0.3_wd0.1_dense_s4,10000.0,add,0.1,False,-5.960464477539063e-08,True
49980,1.1251568691378109,transformer_add113_f0.3_wd0.1_dense_s4,10000.0,add,0.1,False,-5.960464477539063e-08,True
50980,1.1522508176178936,transformer_add113_f0.3_wd0.1_dense_s4,10000.0,add,0.1,False,-5.960464477539063e-08,True
51980,1.1982508374576124,transformer_add113_f0.3_wd0.1_dense_s4,10000.0,add,0.1,False,-5.960464477539063e-08,True
52980,1.2684124858788988,transformer_add113_f0.3_wd0.1_dense_s4,10000.0,add,0.1,False,-5.960464477539063e-08,True
53980,1.2094875893565598,transformer_add113_f0.3_wd0.1_dense_s4,10000.0,add,0.1,False,-5.960464477539063e-08,True
54980,1.2933174757672097,transformer_add113_f0.3_wd0.1_dense_s4,10000.0,add,0.1,False,-5.960464477539063e-08,True
55980,1.202482926093329,transformer_add113_f0.3_wd0.1_dense_s4,10000.0,add,0.1,False,-5.960464477539063e-08,True
56980,1.1750419911619934,transformer_add113_f0.3_wd0.1_dense_s4,10000.0,add,0.1,False,-5.960464477539063e-08,True
57980,1.1616461652252332,transformer_add113_f0.3_wd0.1_dense_s4,10000.0,add,0.1,False,-5.960464477539063e-08,True
58980,1.2025487416967284,transformer_add113_f0.3_wd0.1_dense_s4,10000.0,add,0.1,False,-5.960464477539063e-08,True
59980,1.2058199707368855,transformer_add113_f0.3_wd0.1_dense_s4,10000.0,add,0.1,False,-5.960464477539063e-08,True
3980,1.2343028269862677,transformer_add113_f0.3_wd1.0_dense_s0,21500.0,add,1.0,False,-5.960464477539063e-08,True
4980,1.3776139721371488,transformer_add113_f0.3_wd1.0_dense_s0,21500.0,add,1.0,False,-5.960464477539063e-08,True
5980,1.2285521011853693,transformer_add113_f0.3_wd1.0_dense_s0,21500.0,add,1.0,False,-5.960464477539063e-08,True
6980,1.1548161128903378,transformer_add113_f0.3_wd1.0_dense_s0,21500.0,add,1.0,False,-5.960464477539063e-08,True
7980,1.1517007645790316,transformer_add113_f0.3_wd1.0_dense_s0,21500.0,add,1.0,False,-5.960464477539063e-08,True
8980,1.1673066191347057,transformer_add113_f0.3_wd1.0_dense_s0,21500.0,add,1.0,False,-5.960464477539063e-08,True
9980,1.169676003743967,transformer_add113_f0.3_wd1.0_dense_s0,21500.0,add,1.0,False,-5.960464477539063e-08,True
10980,1.1350780850312896,transformer_add113_f0.3_wd1.0_dense_s0,21500.0,add,1.0,False,-5.960464477539063e-08,True
11980,1.1201754090787748,transformer_add113_f0.3_wd1.0_dense_s0,21500.0,add,1.0,False,-5.960464477539063e-08,True
12980,1.103035872637795,transformer_add113_f0.3_wd1.0_dense_s0,21500.0,add,1.0,False,-5.960464477539063e-08,True
13980,1.090883754575763,transformer_add113_f0.3_wd1.0_dense_s0,21500.0,add,1.0,False,-5.960464477539063e-08,True
14980,1.1427928808962402,transformer_add113_f0.3_wd1.0_dense_s0,21500.0,add,1.0,False,-5.960464477539063e-08,True
15980,1.1317792927124295,transformer_add113_f0.3_wd1.0_dense_s0,21500.0,add,1.0,False,-5.960464477539063e-08,True
16980,1.1882880616617126,transformer_add113_f0.3_wd1.0_dense_s0,21500.0,add,1.0,False,-5.960464477539063e-08,True
17980,1.1665705603484888,transformer_add113_f0.3_wd1.0_dense_s0,21500.0,add,1.0,False,-5.960464477539063e-08,True
18980,1.1001041505639415,transformer_add113_f0.3_wd1.0_dense_s0,21500.0,add,1.0,False,-5.960464477539063e-08,True
19980,1.1049565440021656,transformer_add113_f0.3_wd1.0_dense_s0,21500.0,add,1.0,False,-5.960464477539063e-08,True
20980,1.082440684441896,transformer_add113_f0.3_wd1.0_dense_s0,21500.0,add,1.0,False,-5.960464477539063e-08,True
21980,1.097510359532,transformer_add113_f0.3_wd1.0_dense_s0,21500.0,add,1.0,False,-5.960464477539063e-08,True
22980,1.1305232210537273,transformer_add113_f0.3_wd1.0_dense_s0,21500.0,add,1.0,False,-5.960464477539063e-08,True
23980,1.1516702448595142,transformer_add113_f0.3_wd1.0_dense_s0,21500.0,add,1.0,False,-5.960464477539063e-08,True
24980,1.1214688170360083,transformer_add113_f0.3_wd1.0_dense_s0,21500.0,add,1.0,False,-5.960464477539063e-08,True
25980,1.101922579295534,transformer_add113_f0.3_wd1.0_dense_s0,21500.0,add,1.0,False,-5.960464477539063e-08,True
26980,1.08547910847114,transformer_add113_f0.3_wd1.0_dense_s0,21500.0,add,1.0,False,-5.960464477539063e-08,True
27980,1.0967646326862193,transformer_add113_f0.3_wd1.0_dense_s0,21500.0,add,1.0,False,-5.960464477539063e-08,True
28980,1.1329554108368638,transformer_add113_f0.3_wd1.0_dense_s0,21500.0,add,1.0,False,-5.960464477539063e-08,True
29980,1.1132607321652153,transformer_add113_f0.3_wd1.0_dense_s0,21500.0,add,1.0,False,-5.960464477539063e-08,True
30980,1.1040566571393349,transformer_add113_f0.3_wd1.0_dense_s0,21500.0,add,1.0,False,-5.960464477539063e-08,True
31980,1.1148888141791284,transformer_add113_f0.3_wd1.0_dense_s0,21500.0,add,1.0,False,-5.960464477539063e-08,True
32980,1.0890340454649547,transformer_add113_f0.3_wd1.0_dense_s0,21500.0,add,1.0,False,-5.960464477539063e-08,True
33980,1.080497606867331,transformer_add113_f0.3_wd1.0_dense_s0,21500.0,add,1.0,False,-5.960464477539063e-08,True
34980,1.1332649821869112,transformer_add113_f0.3_wd1.0_dense_s0,21500.0,add,1.0,False,-5.960464477539063e-08,True
35980,1.0994929233940942,transformer_add113_f0.3_wd1.0_dense_s0,21500.0,add,1.0,False,-5.960464477539063e-08,True
36980,1.1749289560486442,transformer_add113_f0.3_wd1.0_dense_s0,21500.0,add,1.0,False,-5.960464477539063e-08,True
37980,1.1526320049527403,transformer_add113_f0.3_wd1.0_dense_s0,21500.0,add,1.0,False,-5.960464477539063e-08,True
38980,1.1376572945785195,transformer_add113_f0.3_wd1.0_dense_s0,21500.0,add,1.0,False,-5.960464477539063e-08,True
39980,1.090594754040382,transformer_add113_f0.3_wd1.0_dense_s0,21500.0,add,1.0,False,-5.960464477539063e-08,True
40980,1.1120753116457591,transformer_add113_f0.3_wd1.0_dense_s0,21500.0,add,1.0,False,-5.960464477539063e-08,True
41980,1.110640344229908,transformer_add113_f0.3_wd1.0_dense_s0,21500.0,add,1.0,False,-5.960464477539063e-08,True
42980,1.0925018505278754,transformer_add113_f0.3_wd1.0_dense_s0,21500.0,add,1.0,False,-5.960464477539063e-08,True
43980,1.1083599144744207,transformer_add113_f0.3_wd1.0_dense_s0,21500.0,add,1.0,False,-5.960464477539063e-08,True
44980,1.149235080229157,transformer_add113_f0.3_wd1.0_dense_s0,21500.0,add,1.0,False,-5.960464477539063e-08,True
45980,1.1269023526483724,transformer_add113_f0.3_wd1.0_dense_s0,21500.0,add,1.0,False,-5.960464477539063e-08,True
46980,1.1327935774318127,transformer_add113_f0.3_wd1.0_dense_s0,21500.0,add,1.0,False,-5.960464477539063e-08,True
47980,1.1425391796951154,transformer_add113_f0.3_wd1.0_dense_s0,21500.0,add,1.0,False,-5.960464477539063e-08,True
48980,1.1563868924486786,transformer_add113_f0.3_wd1.0_dense_s0,21500.0,add,1.0,False,-5.960464477539063e-08,True
49980,1.162925480337388,transformer_add113_f0.3_wd1.0_dense_s0,21500.0,add,1.0,False,-5.960464477539063e-08,True
3980,1.311794605711436,transformer_add113_f0.3_wd1.0_dense_s1,22300.0,add,1.0,False,-5.960464477539063e-08,True
4980,1.344408635407779,transformer_add113_f0.3_wd1.0_dense_s1,22300.0,add,1.0,False,-5.960464477539063e-08,True
5980,1.3112340191740324,transformer_add113_f0.3_wd1.0_dense_s1,22300.0,add,1.0,False,-5.960464477539063e-08,True
6980,1.1529921495564026,transformer_add113_f0.3_wd1.0_dense_s1,22300.0,add,1.0,False,-5.960464477539063e-08,True
7980,1.1160677630223848,transformer_add113_f0.3_wd1.0_dense_s1,22300.0,add,1.0,False,-5.960464477539063e-08,True
8980,1.1406886541635346,transformer_add113_f0.3_wd1.0_dense_s1,22300.0,add,1.0,False,-5.960464477539063e-08,True
9980,1.1503718813846122,transformer_add113_f0.3_wd1.0_dense_s1,22300.0,add,1.0,False,-5.960464477539063e-08,True
10980,1.162259111862383,transformer_add113_f0.3_wd1.0_dense_s1,22300.0,add,1.0,False,-5.960464477539063e-08,True
11980,1.1274273291332455,transformer_add113_f0.3_wd1.0_dense_s1,22300.0,add,1.0,False,-5.960464477539063e-08,True
12980,1.1092248802177036,transformer_add113_f0.3_wd1.0_dense_s1,22300.0,add,1.0,False,-5.960464477539063e-08,True
13980,1.0818773680479887,transformer_add113_f0.3_wd1.0_dense_s1,22300.0,add,1.0,False,-5.960464477539063e-08,True
14980,1.1136605068818963,transformer_add113_f0.3_wd1.0_dense_s1,22300.0,add,1.0,False,-5.960464477539063e-08,True
15980,1.1448922763848028,transformer_add113_f0.3_wd1.0_dense_s1,22300.0,add,1.0,False,-5.960464477539063e-08,True
16980,1.1681536664776848,transformer_add113_f0.3_wd1.0_dense_s1,22300.0,add,1.0,False,-5.960464477539063e-08,True
17980,1.1632713916171191,transformer_add113_f0.3_wd1.0_dense_s1,22300.0,add,1.0,False,-5.960464477539063e-08,True
18980,1.1615227400259318,transformer_add113_f0.3_wd1.0_dense_s1,22300.0,add,1.0,False,-5.960464477539063e-08,True
19980,1.147116327109458,transformer_add113_f0.3_wd1.0_dense_s1,22300.0,add,1.0,False,-5.960464477539063e-08,True
20980,1.1052160776645237,transformer_add113_f0.3_wd1.0_dense_s1,22300.0,add,1.0,False,-5.960464477539063e-08,True
21980,1.114166911643374,transformer_add113_f0.3_wd1.0_dense_s1,22300.0,add,1.0,False,-5.960464477539063e-08,True
22980,1.0892963270021254,transformer_add113_f0.3_wd1.0_dense_s1,22300.0,add,1.0,False,-5.960464477539063e-08,True
23980,1.1193303214197854,transformer_add113_f0.3_wd1.0_dense_s1,22300.0,add,1.0,False,-5.960464477539063e-08,True
24980,1.1092351942548129,transformer_add113_f0.3_wd1.0_dense_s1,22300.0,add,1.0,False,-5.960464477539063e-08,True
25980,1.133553018797892,transformer_add113_f0.3_wd1.0_dense_s1,22300.0,add,1.0,False,-5.960464477539063e-08,True
26980,1.102266183098104,transformer_add113_f0.3_wd1.0_dense_s1,22300.0,add,1.0,False,-5.960464477539063e-08,True
27980,1.1053773924437813,transformer_add113_f0.3_wd1.0_dense_s1,22300.0,add,1.0,False,-5.960464477539063e-08,True
28980,1.0750618761257686,transformer_add113_f0.3_wd1.0_dense_s1,22300.0,add,1.0,False,-5.960464477539063e-08,True
29980,1.0880887525044736,transformer_add113_f0.3_wd1.0_dense_s1,22300.0,add,1.0,False,-5.960464477539063e-08,True
30980,1.120773607562255,transformer_add113_f0.3_wd1.0_dense_s1,22300.0,add,1.0,False,-5.960464477539063e-08,True
31980,1.1203839256498171,transformer_add113_f0.3_wd1.0_dense_s1,22300.0,add,1.0,False,-5.960464477539063e-08,True
32980,1.1244813782894123,transformer_add113_f0.3_wd1.0_dense_s1,22300.0,add,1.0,False,-5.960464477539063e-08,True
33980,1.14046567414583,transformer_add113_f0.3_wd1.0_dense_s1,22300.0,add,1.0,False,-5.960464477539063e-08,True
34980,1.1215489689962952,transformer_add113_f0.3_wd1.0_dense_s1,22300.0,add,1.0,False,-5.960464477539063e-08,True
35980,1.1154887074492756,transformer_add113_f0.3_wd1.0_dense_s1,22300.0,add,1.0,False,-5.960464477539063e-08,True
36980,1.0981159685034143,transformer_add113_f0.3_wd1.0_dense_s1,22300.0,add,1.0,False,-5.960464477539063e-08,True
37980,1.1100612063039,transformer_add113_f0.3_wd1.0_dense_s1,22300.0,add,1.0,False,-5.960464477539063e-08,True
38980,1.1102993519915438,transformer_add113_f0.3_wd1.0_dense_s1,22300.0,add,1.0,False,-5.960464477539063e-08,True
39980,1.1164558723867544,transformer_add113_f0.3_wd1.0_dense_s1,22300.0,add,1.0,False,-5.960464477539063e-08,True
40980,1.1472586344349585,transformer_add113_f0.3_wd1.0_dense_s1,22300.0,add,1.0,False,-5.960464477539063e-08,True
41980,1.132468847577628,transformer_add113_f0.3_wd1.0_dense_s1,22300.0,add,1.0,False,-5.960464477539063e-08,True
42980,1.1392339836174052,transformer_add113_f0.3_wd1.0_dense_s1,22300.0,add,1.0,False,-5.960464477539063e-08,True
43980,1.1235953734389432,transformer_add113_f0.3_wd1.0_dense_s1,22300.0,add,1.0,False,-5.960464477539063e-08,True
44980,1.0960286678035644,transformer_add113_f0.3_wd1.0_dense_s1,22300.0,add,1.0,False,-5.960464477539063e-08,True
45980,1.0836119446623258,transformer_add113_f0.3_wd1.0_dense_s1,22300.0,add,1.0,False,-5.960464477539063e-08,True
46980,1.102300186947447,transformer_add113_f0.3_wd1.0_dense_s1,22300.0,add,1.0,False,-5.960464477539063e-08,True
47980,1.0876343838816431,transformer_add113_f0.3_wd1.0_dense_s1,22300.0,add,1.0,False,-5.960464477539063e-08,True
48980,1.103692814099301,transformer_add113_f0.3_wd1.0_dense_s1,22300.0,add,1.0,False,-5.960464477539063e-08,True
49980,1.151616547428914,transformer_add113_f0.3_wd1.0_dense_s1,22300.0,add,1.0,False,-5.960464477539063e-08,True
3980,1.4105083873223183,transformer_add113_f0.3_wd1.0_dense_s2,25000.0,add,1.0,False,-5.960464477539063e-08,True
4980,1.3488946756343114,transformer_add113_f0.3_wd1.0_dense_s2,25000.0,add,1.0,False,-5.960464477539063e-08,True
5980,1.3608868216510146,transformer_add113_f0.3_wd1.0_dense_s2,25000.0,add,1.0,False,-5.960464477539063e-08,True
6980,1.222450657557878,transformer_add113_f0.3_wd1.0_dense_s2,25000.0,add,1.0,False,-5.960464477539063e-08,True
7980,1.2295496478301962,transformer_add113_f0.3_wd1.0_dense_s2,25000.0,add,1.0,False,-5.960464477539063e-08,True
8980,1.22880417199937,transformer_add113_f0.3_wd1.0_dense_s2,25000.0,add,1.0,False,-5.960464477539063e-08,True
9980,1.1955404686722415,transformer_add113_f0.3_wd1.0_dense_s2,25000.0,add,1.0,False,-5.960464477539063e-08,True
10980,1.2073193389228518,transformer_add113_f0.3_wd1.0_dense_s2,25000.0,add,1.0,False,-5.960464477539063e-08,True
11980,1.2407398526323423,transformer_add113_f0.3_wd1.0_dense_s2,25000.0,add,1.0,False,-5.960464477539063e-08,True
12980,1.182419728430261,transformer_add113_f0.3_wd1.0_dense_s2,25000.0,add,1.0,False,-5.960464477539063e-08,True
13980,1.1745617064149083,transformer_add113_f0.3_wd1.0_dense_s2,25000.0,add,1.0,False,-5.960464477539063e-08,True
14980,1.156605192486594,transformer_add113_f0.3_wd1.0_dense_s2,25000.0,add,1.0,False,-5.960464477539063e-08,True
15980,1.1167285291000395,transformer_add113_f0.3_wd1.0_dense_s2,25000.0,add,1.0,False,-5.960464477539063e-08,True
16980,1.161848203600707,transformer_add113_f0.3_wd1.0_dense_s2,25000.0,add,1.0,False,-5.960464477539063e-08,True
17980,1.1686803986317924,transformer_add113_f0.3_wd1.0_dense_s2,25000.0,add,1.0,False,-5.960464477539063e-08,True
18980,1.1514918791277928,transformer_add113_f0.3_wd1.0_dense_s2,25000.0,add,1.0,False,-5.960464477539063e-08,True
19980,1.1641579598391307,transformer_add113_f0.3_wd1.0_dense_s2,25000.0,add,1.0,False,-5.960464477539063e-08,True
20980,1.168404960760009,transformer_add113_f0.3_wd1.0_dense_s2,25000.0,add,1.0,False,-5.960464477539063e-08,True
21980,1.1459409066741693,transformer_add113_f0.3_wd1.0_dense_s2,25000.0,add,1.0,False,-5.960464477539063e-08,True
22980,1.1854186564469569,transformer_add113_f0.3_wd1.0_dense_s2,25000.0,add,1.0,False,-5.960464477539063e-08,True
23980,1.1633844018092554,transformer_add113_f0.3_wd1.0_dense_s2,25000.0,add,1.0,False,-5.960464477539063e-08,True
24980,1.1146161193211888,transformer_add113_f0.3_wd1.0_dense_s2,25000.0,add,1.0,False,-5.960464477539063e-08,True
25980,1.1649403417340534,transformer_add113_f0.3_wd1.0_dense_s2,25000.0,add,1.0,False,-5.960464477539063e-08,True
26980,1.1608506934778653,transformer_add113_f0.3_wd1.0_dense_s2,25000.0,add,1.0,False,-5.960464477539063e-08,True
27980,1.1338637687883466,transformer_add113_f0.3_wd1.0_dense_s2,25000.0,add,1.0,False,-5.960464477539063e-08,True
28980,1.1294919331547069,transformer_add113_f0.3_wd1.0_dense_s2,25000.0,add,1.0,False,-5.960464477539063e-08,True
29980,1.1315703100585373,transformer_add113_f0.3_wd1.0_dense_s2,25000.0,add,1.0,False,-5.960464477539063e-08,True
30980,1.1237184457547775,transformer_add113_f0.3_wd1.0_dense_s2,25000.0,add,1.0,False,-5.960464477539063e-08,True
31980,1.0922656954095729,transformer_add113_f0.3_wd1.0_dense_s2,25000.0,add,1.0,False,-5.960464477539063e-08,True
32980,1.1361220965449288,transformer_add113_f0.3_wd1.0_dense_s2,25000.0,add,1.0,False,-5.960464477539063e-08,True
33980,1.1442024110748954,transformer_add113_f0.3_wd1.0_dense_s2,25000.0,add,1.0,False,-5.960464477539063e-08,True
34980,1.1309658643000364,transformer_add113_f0.3_wd1.0_dense_s2,25000.0,add,1.0,False,-5.960464477539063e-08,True
35980,1.142349006406307,transformer_add113_f0.3_wd1.0_dense_s2,25000.0,add,1.0,False,-5.960464477539063e-08,True
36980,1.1519653530874077,transformer_add113_f0.3_wd1.0_dense_s2,25000.0,add,1.0,False,-5.960464477539063e-08,True
37980,1.1216207856822835,transformer_add113_f0.3_wd1.0_dense_s2,25000.0,add,1.0,False,-5.960464477539063e-08,True
38980,1.1788484281784506,transformer_add113_f0.3_wd1.0_dense_s2,25000.0,add,1.0,False,-5.960464477539063e-08,True
39980,1.1519065400489354,transformer_add113_f0.3_wd1.0_dense_s2,25000.0,add,1.0,False,-5.960464477539063e-08,True
40980,1.1084096523776867,transformer_add113_f0.3_wd1.0_dense_s2,25000.0,add,1.0,False,-5.960464477539063e-08,True
41980,1.143108459484267,transformer_add113_f0.3_wd1.0_dense_s2,25000.0,add,1.0,False,-5.960464477539063e-08,True
42980,1.1209113604504648,transformer_add113_f0.3_wd1.0_dense_s2,25000.0,add,1.0,False,-5.960464477539063e-08,True
43980,1.1439795310041292,transformer_add113_f0.3_wd1.0_dense_s2,25000.0,add,1.0,False,-5.960464477539063e-08,True
44980,1.1443341855733329,transformer_add113_f0.3_wd1.0_dense_s2,25000.0,add,1.0,False,-5.960464477539063e-08,True
45980,1.1698634878471696,transformer_add113_f0.3_wd1.0_dense_s2,25000.0,add,1.0,False,-5.960464477539063e-08,True
46980,1.1616147944771045,transformer_add113_f0.3_wd1.0_dense_s2,25000.0,add,1.0,False,-5.960464477539063e-08,True
47980,1.1800954486043935,transformer_add113_f0.3_wd1.0_dense_s2,25000.0,add,1.0,False,-5.960464477539063e-08,True
48980,1.1389153500806686,transformer_add113_f0.3_wd1.0_dense_s2,25000.0,add,1.0,False,-5.960464477539063e-08,True
49980,1.1124176503125438,transformer_add113_f0.3_wd1.0_dense_s2,25000.0,add,1.0,False,-5.960464477539063e-08,True
3980,1.2601365926273893,transformer_add113_f0.3_wd1.0_dense_s3,21100.0,add,1.0,False,-5.960464477539063e-08,True
4980,1.2829664221810908,transformer_add113_f0.3_wd1.0_dense_s3,21100.0,add,1.0,False,-5.960464477539063e-08,True
5980,1.194099981262434,transformer_add113_f0.3_wd1.0_dense_s3,21100.0,add,1.0,False,-5.960464477539063e-08,True
6980,1.1582509397789305,transformer_add113_f0.3_wd1.0_dense_s3,21100.0,add,1.0,False,-5.960464477539063e-08,True
7980,1.1698759138431334,transformer_add113_f0.3_wd1.0_dense_s3,21100.0,add,1.0,False,-5.960464477539063e-08,True
8980,1.168817676849008,transformer_add113_f0.3_wd1.0_dense_s3,21100.0,add,1.0,False,-5.960464477539063e-08,True
9980,1.1706493526762438,transformer_add113_f0.3_wd1.0_dense_s3,21100.0,add,1.0,False,-5.960464477539063e-08,True
10980,1.1368992265806004,transformer_add113_f0.3_wd1.0_dense_s3,21100.0,add,1.0,False,-5.960464477539063e-08,True
11980,1.173679785486916,transformer_add113_f0.3_wd1.0_dense_s3,21100.0,add,1.0,False,-5.960464477539063e-08,True
12980,1.1545132186964635,transformer_add113_f0.3_wd1.0_dense_s3,21100.0,add,1.0,False,-5.960464477539063e-08,True
13980,1.1831662638064508,transformer_add113_f0.3_wd1.0_dense_s3,21100.0,add,1.0,False,-5.960464477539063e-08,True
14980,1.1502352734845218,transformer_add113_f0.3_wd1.0_dense_s3,21100.0,add,1.0,False,-5.960464477539063e-08,True
15980,1.1783735945320712,transformer_add113_f0.3_wd1.0_dense_s3,21100.0,add,1.0,False,-5.960464477539063e-08,True
16980,1.190486253056612,transformer_add113_f0.3_wd1.0_dense_s3,21100.0,add,1.0,False,-5.960464477539063e-08,True
17980,1.1608237813499611,transformer_add113_f0.3_wd1.0_dense_s3,21100.0,add,1.0,False,-5.960464477539063e-08,True
18980,1.1706824210396076,transformer_add113_f0.3_wd1.0_dense_s3,21100.0,add,1.0,False,-5.960464477539063e-08,True
19980,1.1510711705886043,transformer_add113_f0.3_wd1.0_dense_s3,21100.0,add,1.0,False,-5.960464477539063e-08,True
20980,1.1250332448703433,transformer_add113_f0.3_wd1.0_dense_s3,21100.0,add,1.0,False,-5.960464477539063e-08,True
21980,1.1498427556987916,transformer_add113_f0.3_wd1.0_dense_s3,21100.0,add,1.0,False,-5.960464477539063e-08,True
22980,1.15983861252246,transformer_add113_f0.3_wd1.0_dense_s3,21100.0,add,1.0,False,-5.960464477539063e-08,True
23980,1.1292534635119018,transformer_add113_f0.3_wd1.0_dense_s3,21100.0,add,1.0,False,-5.960464477539063e-08,True
24980,1.148105245498026,transformer_add113_f0.3_wd1.0_dense_s3,21100.0,add,1.0,False,-5.960464477539063e-08,True
25980,1.1499946727148085,transformer_add113_f0.3_wd1.0_dense_s3,21100.0,add,1.0,False,-5.960464477539063e-08,True
26980,1.1162701531328334,transformer_add113_f0.3_wd1.0_dense_s3,21100.0,add,1.0,False,-5.960464477539063e-08,True
27980,1.107219043910863,transformer_add113_f0.3_wd1.0_dense_s3,21100.0,add,1.0,False,-5.960464477539063e-08,True
28980,1.1396860138616431,transformer_add113_f0.3_wd1.0_dense_s3,21100.0,add,1.0,False,-5.960464477539063e-08,True
29980,1.1250850824049865,transformer_add113_f0.3_wd1.0_dense_s3,21100.0,add,1.0,False,-5.960464477539063e-08,True
30980,1.1569336787973796,transformer_add113_f0.3_wd1.0_dense_s3,21100.0,add,1.0,False,-5.960464477539063e-08,True
31980,1.1122366168690454,transformer_add113_f0.3_wd1.0_dense_s3,21100.0,add,1.0,False,-5.960464477539063e-08,True
32980,1.1764341213482945,transformer_add113_f0.3_wd1.0_dense_s3,21100.0,add,1.0,False,-5.960464477539063e-08,True
33980,1.1465530889513638,transformer_add113_f0.3_wd1.0_dense_s3,21100.0,add,1.0,False,-5.960464477539063e-08,True
34980,1.163161242237415,transformer_add113_f0.3_wd1.0_dense_s3,21100.0,add,1.0,False,-5.960464477539063e-08,True
35980,1.1365333571254257,transformer_add113_f0.3_wd1.0_dense_s3,21100.0,add,1.0,False,-5.960464477539063e-08,True
36980,1.0976971948887164,transformer_add113_f0.3_wd1.0_dense_s3,21100.0,add,1.0,False,-5.960464477539063e-08,True
37980,1.1569280625818774,transformer_add113_f0.3_wd1.0_dense_s3,21100.0,add,1.0,False,-5.960464477539063e-08,True
38980,1.119319461252502,transformer_add113_f0.3_wd1.0_dense_s3,21100.0,add,1.0,False,-5.960464477539063e-08,True
39980,1.104141760021265,transformer_add113_f0.3_wd1.0_dense_s3,21100.0,add,1.0,False,-5.960464477539063e-08,True
40980,1.134075581064513,transformer_add113_f0.3_wd1.0_dense_s3,21100.0,add,1.0,False,-5.960464477539063e-08,True
41980,1.1645439807412168,transformer_add113_f0.3_wd1.0_dense_s3,21100.0,add,1.0,False,-5.960464477539063e-08,True
42980,1.162873474857644,transformer_add113_f0.3_wd1.0_dense_s3,21100.0,add,1.0,False,-5.960464477539063e-08,True
43980,1.1176574135980697,transformer_add113_f0.3_wd1.0_dense_s3,21100.0,add,1.0,False,-5.960464477539063e-08,True
44980,1.1503299576008248,transformer_add113_f0.3_wd1.0_dense_s3,21100.0,add,1.0,False,-5.960464477539063e-08,True
45980,1.122324272873053,transformer_add113_f0.3_wd1.0_dense_s3,21100.0,add,1.0,False,-5.960464477539063e-08,True
46980,1.123662523115002,transformer_add113_f0.3_wd1.0_dense_s3,21100.0,add,1.0,False,-5.960464477539063e-08,True
47980,1.1348442066829707,transformer_add113_f0.3_wd1.0_dense_s3,21100.0,add,1.0,False,-5.960464477539063e-08,True
48980,1.1311142665993708,transformer_add113_f0.3_wd1.0_dense_s3,21100.0,add,1.0,False,-5.960464477539063e-08,True
49980,1.135376441635641,transformer_add113_f0.3_wd1.0_dense_s3,21100.0,add,1.0,False,-5.960464477539063e-08,True
3980,1.3527017752791612,transformer_add113_f0.3_wd1.0_dense_s4,19100.0,add,1.0,False,-5.960464477539063e-08,True
4980,1.329491295802561,transformer_add113_f0.3_wd1.0_dense_s4,19100.0,add,1.0,False,-5.960464477539063e-08,True
5980,1.265193731699083,transformer_add113_f0.3_wd1.0_dense_s4,19100.0,add,1.0,False,-5.960464477539063e-08,True
6980,1.1495607489302653,transformer_add113_f0.3_wd1.0_dense_s4,19100.0,add,1.0,False,-5.960464477539063e-08,True
7980,1.2108919077780256,transformer_add113_f0.3_wd1.0_dense_s4,19100.0,add,1.0,False,-5.960464477539063e-08,True
8980,1.1787264281915,transformer_add113_f0.3_wd1.0_dense_s4,19100.0,add,1.0,False,-5.960464477539063e-08,True
9980,1.1066992985479185,transformer_add113_f0.3_wd1.0_dense_s4,19100.0,add,1.0,False,-5.960464477539063e-08,True
10980,1.1341695499643245,transformer_add113_f0.3_wd1.0_dense_s4,19100.0,add,1.0,False,-5.960464477539063e-08,True
11980,1.1299110946494637,transformer_add113_f0.3_wd1.0_dense_s4,19100.0,add,1.0,False,-5.960464477539063e-08,True
12980,1.1430637265261132,transformer_add113_f0.3_wd1.0_dense_s4,19100.0,add,1.0,False,-5.960464477539063e-08,True
13980,1.1632765169007997,transformer_add113_f0.3_wd1.0_dense_s4,19100.0,add,1.0,False,-5.960464477539063e-08,True
14980,1.2124932268799775,transformer_add113_f0.3_wd1.0_dense_s4,19100.0,add,1.0,False,-5.960464477539063e-08,True
15980,1.2510940128950117,transformer_add113_f0.3_wd1.0_dense_s4,19100.0,add,1.0,False,-5.960464477539063e-08,True
16980,1.2373641038436651,transformer_add113_f0.3_wd1.0_dense_s4,19100.0,add,1.0,False,-5.960464477539063e-08,True
17980,1.1844841462225142,transformer_add113_f0.3_wd1.0_dense_s4,19100.0,add,1.0,False,-5.960464477539063e-08,True
18980,1.0986599154965668,transformer_add113_f0.3_wd1.0_dense_s4,19100.0,add,1.0,False,-5.960464477539063e-08,True
19980,1.0960053082611758,transformer_add113_f0.3_wd1.0_dense_s4,19100.0,add,1.0,False,-5.960464477539063e-08,True
20980,1.1210240220070056,transformer_add113_f0.3_wd1.0_dense_s4,19100.0,add,1.0,False,-5.960464477539063e-08,True
21980,1.1184013872489795,transformer_add113_f0.3_wd1.0_dense_s4,19100.0,add,1.0,False,-5.960464477539063e-08,True
22980,1.143918470640241,transformer_add113_f0.3_wd1.0_dense_s4,19100.0,add,1.0,False,-5.960464477539063e-08,True
23980,1.0906166588382784,transformer_add113_f0.3_wd1.0_dense_s4,19100.0,add,1.0,False,-5.960464477539063e-08,True
24980,1.08682991452731,transformer_add113_f0.3_wd1.0_dense_s4,19100.0,add,1.0,False,-5.960464477539063e-08,True
25980,1.1419229054291875,transformer_add113_f0.3_wd1.0_dense_s4,19100.0,add,1.0,False,-5.960464477539063e-08,True
26980,1.1305989700594996,transformer_add113_f0.3_wd1.0_dense_s4,19100.0,add,1.0,False,-5.960464477539063e-08,True
27980,1.1669108659908316,transformer_add113_f0.3_wd1.0_dense_s4,19100.0,add,1.0,False,-5.960464477539063e-08,True
28980,1.1319884185860234,transformer_add113_f0.3_wd1.0_dense_s4,19100.0,add,1.0,False,-5.960464477539063e-08,True
29980,1.102619603111448,transformer_add113_f0.3_wd1.0_dense_s4,19100.0,add,1.0,False,-5.960464477539063e-08,True
30980,1.1021185479933453,transformer_add113_f0.3_wd1.0_dense_s4,19100.0,add,1.0,False,-5.960464477539063e-08,True
31980,1.1309782924887763,transformer_add113_f0.3_wd1.0_dense_s4,19100.0,add,1.0,False,-5.960464477539063e-08,True
32980,1.1106314932323964,transformer_add113_f0.3_wd1.0_dense_s4,19100.0,add,1.0,False,-5.960464477539063e-08,True
33980,1.1653650056189844,transformer_add113_f0.3_wd1.0_dense_s4,19100.0,add,1.0,False,-5.960464477539063e-08,True
34980,1.1530416688727647,transformer_add113_f0.3_wd1.0_dense_s4,19100.0,add,1.0,False,-5.960464477539063e-08,True
35980,1.158689512284541,transformer_add113_f0.3_wd1.0_dense_s4,19100.0,add,1.0,False,-5.960464477539063e-08,True
36980,1.0836687519870143,transformer_add113_f0.3_wd1.0_dense_s4,19100.0,add,1.0,False,-5.960464477539063e-08,True
37980,1.084551996437808,transformer_add113_f0.3_wd1.0_dense_s4,19100.0,add,1.0,False,-5.960464477539063e-08,True
38980,1.1336200455547103,transformer_add113_f0.3_wd1.0_dense_s4,19100.0,add,1.0,False,-5.960464477539063e-08,True
39980,1.1205025724322646,transformer_add113_f0.3_wd1.0_dense_s4,19100.0,add,1.0,False,-5.960464477539063e-08,True
40980,1.1400576620864808,transformer_add113_f0.3_wd1.0_dense_s4,19100.0,add,1.0,False,-5.960464477539063e-08,True
41980,1.1471505645424456,transformer_add113_f0.3_wd1.0_dense_s4,19100.0,add,1.0,False,-5.960464477539063e-08,True
42980,1.103042704534748,transformer_add113_f0.3_wd1.0_dense_s4,19100.0,add,1.0,False,-5.960464477539063e-08,True
43980,1.1263829690166394,transformer_add113_f0.3_wd1.0_dense_s4,19100.0,add,1.0,False,-5.960464477539063e-08,True
44980,1.087615635463389,transformer_add113_f0.3_wd1.0_dense_s4,19100.0,add,1.0,False,-5.960464477539063e-08,True
45980,1.1098172057633815,transformer_add113_f0.3_wd1.0_dense_s4,19100.0,add,1.0,False,-5.960464477539063e-08,True
46980,1.0985776054457537,transformer_add113_f0.3_wd1.0_dense_s4,19100.0,add,1.0,False,-5.960464477539063e-08,True
47980,1.129761981231563,transformer_add113_f0.3_wd1.0_dense_s4,19100.0,add,1.0,False,-5.960464477539063e-08,True
48980,1.109314338315287,transformer_add113_f0.3_wd1.0_dense_s4,19100.0,add,1.0,False,-5.960464477539063e-08,True
49980,1.1382568619757478,transformer_add113_f0.3_wd1.0_dense_s4,19100.0,add,1.0,False,-5.960464477539063e-08,True
3980,1.203827681281937,transformer_add97_f0.2_wd1.0_traj_s0,,add,1.0,False,0.7946060746908188,True
4980,1.2645293798337487,transformer_add97_f0.2_wd1.0_traj_s0,,add,1.0,False,0.7946060746908188,True
5980,1.2117755263859131,transformer_add97_f0.2_wd1.0_traj_s0,,add,1.0,False,0.7946060746908188,True
6980,1.104444085302675,transformer_add97_f0.2_wd1.0_traj_s0,,add,1.0,False,0.7946060746908188,True
7980,1.1065412287871437,transformer_add97_f0.2_wd1.0_traj_s0,,add,1.0,False,0.7946060746908188,True
8980,1.1005853076453604,transformer_add97_f0.2_wd1.0_traj_s0,,add,1.0,False,0.7946060746908188,True
9980,1.115430327548958,transformer_add97_f0.2_wd1.0_traj_s0,,add,1.0,False,0.7946060746908188,True
10980,1.1677706696311856,transformer_add97_f0.2_wd1.0_traj_s0,,add,1.0,False,0.7946060746908188,True
11980,1.1283207280305063,transformer_add97_f0.2_wd1.0_traj_s0,,add,1.0,False,0.7946060746908188,True
12980,1.1207733640055144,transformer_add97_f0.2_wd1.0_traj_s0,,add,1.0,False,0.7946060746908188,True
13980,1.1148162081981683,transformer_add97_f0.2_wd1.0_traj_s0,,add,1.0,False,0.7946060746908188,True
14980,1.144394042628214,transformer_add97_f0.2_wd1.0_traj_s0,,add,1.0,False,0.7946060746908188,True
15980,1.1305529382317192,transformer_add97_f0.2_wd1.0_traj_s0,,add,1.0,False,0.7946060746908188,True
16980,1.1032250086217392,transformer_add97_f0.2_wd1.0_traj_s0,,add,1.0,False,0.7946060746908188,True
17980,1.096125722644934,transformer_add97_f0.2_wd1.0_traj_s0,,add,1.0,False,0.7946060746908188,True
18980,1.0947184962481866,transformer_add97_f0.2_wd1.0_traj_s0,,add,1.0,False,0.7946060746908188,True
19980,1.1168485843381497,transformer_add97_f0.2_wd1.0_traj_s0,,add,1.0,False,0.7946060746908188,True
20980,1.1601759171830992,transformer_add97_f0.2_wd1.0_traj_s0,,add,1.0,False,0.7946060746908188,True
21980,1.110666284283572,transformer_add97_f0.2_wd1.0_traj_s0,,add,1.0,False,0.7946060746908188,True
22980,1.107650528261842,transformer_add97_f0.2_wd1.0_traj_s0,,add,1.0,False,0.7946060746908188,True
23980,1.1001620466937814,transformer_add97_f0.2_wd1.0_traj_s0,,add,1.0,False,0.7946060746908188,True
24980,1.0838347939670234,transformer_add97_f0.2_wd1.0_traj_s0,,add,1.0,False,0.7946060746908188,True
25980,1.1578317763067532,transformer_add97_f0.2_wd1.0_traj_s0,,add,1.0,False,0.7946060746908188,True
26980,1.1463298907464277,transformer_add97_f0.2_wd1.0_traj_s0,,add,1.0,False,0.7946060746908188,True
27980,1.099058642958072,transformer_add97_f0.2_wd1.0_traj_s0,,add,1.0,False,0.7946060746908188,True
28980,1.0949520791200544,transformer_add97_f0.2_wd1.0_traj_s0,,add,1.0,False,0.7946060746908188,True
29980,1.0877110129126573,transformer_add97_f0.2_wd1.0_traj_s0,,add,1.0,False,0.7946060746908188,True
30980,1.118024687615346,transformer_add97_f0.2_wd1.0_traj_s0,,add,1.0,False,0.7946060746908188,True
31980,1.1033330457102102,transformer_add97_f0.2_wd1.0_traj_s0,,add,1.0,False,0.7946060746908188,True
32980,1.1344192133394315,transformer_add97_f0.2_wd1.0_traj_s0,,add,1.0,False,0.7946060746908188,True
33980,1.132203350343889,transformer_add97_f0.2_wd1.0_traj_s0,,add,1.0,False,0.7946060746908188,True
34980,1.1361238616508735,transformer_add97_f0.2_wd1.0_traj_s0,,add,1.0,False,0.7946060746908188,True
35980,1.1204586726004884,transformer_add97_f0.2_wd1.0_traj_s0,,add,1.0,False,0.7946060746908188,True
36980,1.1003408749541874,transformer_add97_f0.2_wd1.0_traj_s0,,add,1.0,False,0.7946060746908188,True
37980,1.157117295306208,transformer_add97_f0.2_wd1.0_traj_s0,,add,1.0,False,0.7946060746908188,True
38980,1.1307557635039949,transformer_add97_f0.2_wd1.0_traj_s0,,add,1.0,False,0.7946060746908188,True
39980,1.0925154100335224,transformer_add97_f0.2_wd1.0_traj_s0,,add,1.0,False,0.7946060746908188,True
40980,1.081387031413562,transformer_add97_f0.2_wd1.0_traj_s0,,add,1.0,False,0.7946060746908188,True
41980,1.1053865879859424,transformer_add97_f0.2_wd1.0_traj_s0,,add,1.0,False,0.7946060746908188,True
42980,1.1495746412280008,transformer_add97_f0.2_wd1.0_traj_s0,,add,1.0,False,0.7946060746908188,True
43980,1.0833472603874157,transformer_add97_f0.2_wd1.0_traj_s0,,add,1.0,False,0.7946060746908188,True
44980,1.111984284838403,transformer_add97_f0.2_wd1.0_traj_s0,,add,1.0,False,0.7946060746908188,True
45980,1.0771831606025055,transformer_add97_f0.2_wd1.0_traj_s0,,add,1.0,False,0.7946060746908188,True
46980,1.1174528351494335,transformer_add97_f0.2_wd1.0_traj_s0,,add,1.0,False,0.7946060746908188,True
47980,1.0830660507946763,transformer_add97_f0.2_wd1.0_traj_s0,,add,1.0,False,0.7946060746908188,True
48980,1.109275815476637,transformer_add97_f0.2_wd1.0_traj_s0,,add,1.0,False,0.7946060746908188,True
49980,1.0840957245117229,transformer_add97_f0.2_wd1.0_traj_s0,,add,1.0,False,0.7946060746908188,True
50980,1.0801414974221957,transformer_add97_f0.2_wd1.0_traj_s0,,add,1.0,False,0.7946060746908188,True
51980,1.137663811558323,transformer_add97_f0.2_wd1.0_traj_s0,,add,1.0,False,0.7946060746908188,True
52980,1.1353404839563,transformer_add97_f0.2_wd1.0_traj_s0,,add,1.0,False,0.7946060746908188,True
53980,1.0988291790150595,transformer_add97_f0.2_wd1.0_traj_s0,,add,1.0,False,0.7946060746908188,True
54980,1.142043708076658,transformer_add97_f0.2_wd1.0_traj_s0,,add,1.0,False,0.7946060746908188,True
55980,1.1201353954815954,transformer_add97_f0.2_wd1.0_traj_s0,,add,1.0,False,0.7946060746908188,True
56980,1.168039966398172,transformer_add97_f0.2_wd1.0_traj_s0,,add,1.0,False,0.7946060746908188,True
57980,1.1071048891374995,transformer_add97_f0.2_wd1.0_traj_s0,,add,1.0,False,0.7946060746908188,True
58980,1.090304552303747,transformer_add97_f0.2_wd1.0_traj_s0,,add,1.0,False,0.7946060746908188,True
59980,1.122475456382065,transformer_add97_f0.2_wd1.0_traj_s0,,add,1.0,False,0.7946060746908188,True
3980,1.2603954934353354,transformer_add97_f0.2_wd1.0_traj_s1,,add,1.0,False,0.7959346324205399,True
4980,1.2464604502005432,transformer_add97_f0.2_wd1.0_traj_s1,,add,1.0,False,0.7959346324205399,True
5980,1.2084609035466307,transformer_add97_f0.2_wd1.0_traj_s1,,add,1.0,False,0.7959346324205399,True
6980,1.114292767136316,transformer_add97_f0.2_wd1.0_traj_s1,,add,1.0,False,0.7959346324205399,True
7980,1.095760044667948,transformer_add97_f0.2_wd1.0_traj_s1,,add,1.0,False,0.7959346324205399,True
8980,1.1330613814861408,transformer_add97_f0.2_wd1.0_traj_s1,,add,1.0,False,0.7959346324205399,True
9980,1.1214873053307957,transformer_add97_f0.2_wd1.0_traj_s1,,add,1.0,False,0.7959346324205399,True
10980,1.1480304327330764,transformer_add97_f0.2_wd1.0_traj_s1,,add,1.0,False,0.7959346324205399,True
11980,1.1314705333436503,transformer_add97_f0.2_wd1.0_traj_s1,,add,1.0,False,0.7959346324205399,True
12980,1.0853907929549442,transformer_add97_f0.2_wd1.0_traj_s1,,add,1.0,False,0.7959346324205399,True
13980,1.1098743407292064,transformer_add97_f0.2_wd1.0_traj_s1,,add,1.0,False,0.7959346324205399,True
14980,1.0942719356662356,transformer_add97_f0.2_wd1.0_traj_s1,,add,1.0,False,0.7959346324205399,True
15980,1.1417292249375572,transformer_add97_f0.2_wd1.0_traj_s1,,add,1.0,False,0.7959346324205399,True
16980,1.1380146035115082,transformer_add97_f0.2_wd1.0_traj_s1,,add,1.0,False,0.7959346324205399,True
17980,1.1207265150163803,transformer_add97_f0.2_wd1.0_traj_s1,,add,1.0,False,0.7959346324205399,True
18980,1.0915344279384374,transformer_add97_f0.2_wd1.0_traj_s1,,add,1.0,False,0.7959346324205399,True
19980,1.166619740474352,transformer_add97_f0.2_wd1.0_traj_s1,,add,1.0,False,0.7959346324205399,True
20980,1.0861593616422955,transformer_add97_f0.2_wd1.0_traj_s1,,add,1.0,False,0.7959346324205399,True
21980,1.125938267793327,transformer_add97_f0.2_wd1.0_traj_s1,,add,1.0,False,0.7959346324205399,True
22980,1.126977472401485,transformer_add97_f0.2_wd1.0_traj_s1,,add,1.0,False,0.7959346324205399,True
23980,1.0845626117791345,transformer_add97_f0.2_wd1.0_traj_s1,,add,1.0,False,0.7959346324205399,True
24980,1.1128274422401845,transformer_add97_f0.2_wd1.0_traj_s1,,add,1.0,False,0.7959346324205399,True
25980,1.1270812124525798,transformer_add97_f0.2_wd1.0_traj_s1,,add,1.0,False,0.7959346324205399,True
26980,1.1099322031521002,transformer_add97_f0.2_wd1.0_traj_s1,,add,1.0,False,0.7959346324205399,True
27980,1.1358008184479662,transformer_add97_f0.2_wd1.0_traj_s1,,add,1.0,False,0.7959346324205399,True
28980,1.1062637809808156,transformer_add97_f0.2_wd1.0_traj_s1,,add,1.0,False,0.7959346324205399,True
29980,1.1094798934226493,transformer_add97_f0.2_wd1.0_traj_s1,,add,1.0,False,0.7959346324205399,True
30980,1.1154451825394855,transformer_add97_f0.2_wd1.0_traj_s1,,add,1.0,False,0.7959346324205399,True
31980,1.112340948134961,transformer_add97_f0.2_wd1.0_traj_s1,,add,1.0,False,0.7959346324205399,True
32980,1.104890431118986,transformer_add97_f0.2_wd1.0_traj_s1,,add,1.0,False,0.7959346324205399,True
33980,1.117810324973502,transformer_add97_f0.2_wd1.0_traj_s1,,add,1.0,False,0.7959346324205399,True
34980,1.0837336686628762,transformer_add97_f0.2_wd1.0_traj_s1,,add,1.0,False,0.7959346324205399,True
35980,1.107949068554352,transformer_add97_f0.2_wd1.0_traj_s1,,add,1.0,False,0.7959346324205399,True
36980,1.1304408286689742,transformer_add97_f0.2_wd1.0_traj_s1,,add,1.0,False,0.7959346324205399,True
37980,1.1206600847182857,transformer_add97_f0.2_wd1.0_traj_s1,,add,1.0,False,0.7959346324205399,True
38980,1.141081874001609,transformer_add97_f0.2_wd1.0_traj_s1,,add,1.0,False,0.7959346324205399,True
39980,1.0947763553410388,transformer_add97_f0.2_wd1.0_traj_s1,,add,1.0,False,0.7959346324205399,True
40980,1.118495385295123,transformer_add97_f0.2_wd1.0_traj_s1,,add,1.0,False,0.7959346324205399,True
41980,1.1222489958005135,transformer_add97_f0.2_wd1.0_traj_s1,,add,1.0,False,0.7959346324205399,True
42980,1.1244408842914548,transformer_add97_f0.2_wd1.0_traj_s1,,add,1.0,False,0.7959346324205399,True
43980,1.1255945398758416,transformer_add97_f0.2_wd1.0_traj_s1,,add,1.0,False,0.7959346324205399,True
44980,1.0862913566671657,transformer_add97_f0.2_wd1.0_traj_s1,,add,1.0,False,0.7959346324205399,True
45980,1.100877563064962,transformer_add97_f0.2_wd1.0_traj_s1,,add,1.0,False,0.7959346324205399,True
46980,1.1190364988276178,transformer_add97_f0.2_wd1.0_traj_s1,,add,1.0,False,0.7959346324205399,True
47980,1.1009106482226716,transformer_add97_f0.2_wd1.0_traj_s1,,add,1.0,False,0.7959346324205399,True
48980,1.0969906383319357,transformer_add97_f0.2_wd1.0_traj_s1,,add,1.0,False,0.7959346324205399,True
49980,1.0866114659986723,transformer_add97_f0.2_wd1.0_traj_s1,,add,1.0,False,0.7959346324205399,True
50980,1.1104345084907454,transformer_add97_f0.2_wd1.0_traj_s1,,add,1.0,False,0.7959346324205399,True
51980,1.1200985545872095,transformer_add97_f0.2_wd1.0_traj_s1,,add,1.0,False,0.7959346324205399,True
52980,1.1016234530172675,transformer_add97_f0.2_wd1.0_traj_s1,,add,1.0,False,0.7959346324205399,True
53980,1.1356895358403358,transformer_add97_f0.2_wd1.0_traj_s1,,add,1.0,False,0.7959346324205399,True
54980,1.0795360147951567,transformer_add97_f0.2_wd1.0_traj_s1,,add,1.0,False,0.7959346324205399,True
55980,1.125814357349877,transformer_add97_f0.2_wd1.0_traj_s1,,add,1.0,False,0.7959346324205399,True
56980,1.076255967665594,transformer_add97_f0.2_wd1.0_traj_s1,,add,1.0,False,0.7959346324205399,True
57980,1.1156766797178617,transformer_add97_f0.2_wd1.0_traj_s1,,add,1.0,False,0.7959346324205399,True
58980,1.1081624532320673,transformer_add97_f0.2_wd1.0_traj_s1,,add,1.0,False,0.7959346324205399,True
59980,1.0836560942955955,transformer_add97_f0.2_wd1.0_traj_s1,,add,1.0,False,0.7959346324205399,True
3980,1.3095551568394528,transformer_add97_f0.2_wd1.0_traj_s2,,add,1.0,False,0.8001859933137894,True
4980,1.3019503274599211,transformer_add97_f0.2_wd1.0_traj_s2,,add,1.0,False,0.8001859933137894,True
5980,1.204400106581512,transformer_add97_f0.2_wd1.0_traj_s2,,add,1.0,False,0.8001859933137894,True
6980,1.148474597558492,transformer_add97_f0.2_wd1.0_traj_s2,,add,1.0,False,0.8001859933137894,True
7980,1.1755633246656143,transformer_add97_f0.2_wd1.0_traj_s2,,add,1.0,False,0.8001859933137894,True
8980,1.1418871973589215,transformer_add97_f0.2_wd1.0_traj_s2,,add,1.0,False,0.8001859933137894,True
9980,1.1903606727610705,transformer_add97_f0.2_wd1.0_traj_s2,,add,1.0,False,0.8001859933137894,True
10980,1.1208868010724238,transformer_add97_f0.2_wd1.0_traj_s2,,add,1.0,False,0.8001859933137894,True
11980,1.1638653106455863,transformer_add97_f0.2_wd1.0_traj_s2,,add,1.0,False,0.8001859933137894,True
12980,1.123685252193733,transformer_add97_f0.2_wd1.0_traj_s2,,add,1.0,False,0.8001859933137894,True
13980,1.1066037758450704,transformer_add97_f0.2_wd1.0_traj_s2,,add,1.0,False,0.8001859933137894,True
14980,1.09997530558713,transformer_add97_f0.2_wd1.0_traj_s2,,add,1.0,False,0.8001859933137894,True
15980,1.1509832102826525,transformer_add97_f0.2_wd1.0_traj_s2,,add,1.0,False,0.8001859933137894,True
16980,1.1452060599477472,transformer_add97_f0.2_wd1.0_traj_s2,,add,1.0,False,0.8001859933137894,True
17980,1.1562483181704872,transformer_add97_f0.2_wd1.0_traj_s2,,add,1.0,False,0.8001859933137894,True
18980,1.1267639592585972,transformer_add97_f0.2_wd1.0_traj_s2,,add,1.0,False,0.8001859933137894,True
19980,1.1659012955832568,transformer_add97_f0.2_wd1.0_traj_s2,,add,1.0,False,0.8001859933137894,True
20980,1.128272728594846,transformer_add97_f0.2_wd1.0_traj_s2,,add,1.0,False,0.8001859933137894,True
21980,1.1381085559224344,transformer_add97_f0.2_wd1.0_traj_s2,,add,1.0,False,0.8001859933137894,True
22980,1.1598958810862756,transformer_add97_f0.2_wd1.0_traj_s2,,add,1.0,False,0.8001859933137894,True
23980,1.16008702925348,transformer_add97_f0.2_wd1.0_traj_s2,,add,1.0,False,0.8001859933137894,True
24980,1.1360033171095172,transformer_add97_f0.2_wd1.0_traj_s2,,add,1.0,False,0.8001859933137894,True
25980,1.147017434060153,transformer_add97_f0.2_wd1.0_traj_s2,,add,1.0,False,0.8001859933137894,True
26980,1.1183015871495878,transformer_add97_f0.2_wd1.0_traj_s2,,add,1.0,False,0.8001859933137894,True
27980,1.131405163164371,transformer_add97_f0.2_wd1.0_traj_s2,,add,1.0,False,0.8001859933137894,True
28980,1.138080360596669,transformer_add97_f0.2_wd1.0_traj_s2,,add,1.0,False,0.8001859933137894,True
29980,1.1293716417095971,transformer_add97_f0.2_wd1.0_traj_s2,,add,1.0,False,0.8001859933137894,True
30980,1.146085626580694,transformer_add97_f0.2_wd1.0_traj_s2,,add,1.0,False,0.8001859933137894,True
31980,1.1195623497972835,transformer_add97_f0.2_wd1.0_traj_s2,,add,1.0,False,0.8001859933137894,True
32980,1.088061470564226,transformer_add97_f0.2_wd1.0_traj_s2,,add,1.0,False,0.8001859933137894,True
33980,1.1534008676316596,transformer_add97_f0.2_wd1.0_traj_s2,,add,1.0,False,0.8001859933137894,True
34980,1.1047386488051865,transformer_add97_f0.2_wd1.0_traj_s2,,add,1.0,False,0.8001859933137894,True
35980,1.1548839720655637,transformer_add97_f0.2_wd1.0_traj_s2,,add,1.0,False,0.8001859933137894,True
36980,1.1411982320050054,transformer_add97_f0.2_wd1.0_traj_s2,,add,1.0,False,0.8001859933137894,True
37980,1.1245810763401745,transformer_add97_f0.2_wd1.0_traj_s2,,add,1.0,False,0.8001859933137894,True
38980,1.1532061267723246,transformer_add97_f0.2_wd1.0_traj_s2,,add,1.0,False,0.8001859933137894,True
39980,1.1258805960534537,transformer_add97_f0.2_wd1.0_traj_s2,,add,1.0,False,0.8001859933137894,True
40980,1.1352948347568743,transformer_add97_f0.2_wd1.0_traj_s2,,add,1.0,False,0.8001859933137894,True
41980,1.1216181008713817,transformer_add97_f0.2_wd1.0_traj_s2,,add,1.0,False,0.8001859933137894,True
42980,1.1066797347051778,transformer_add97_f0.2_wd1.0_traj_s2,,add,1.0,False,0.8001859933137894,True
43980,1.157489904649333,transformer_add97_f0.2_wd1.0_traj_s2,,add,1.0,False,0.8001859933137894,True
44980,1.1388333316194863,transformer_add97_f0.2_wd1.0_traj_s2,,add,1.0,False,0.8001859933137894,True
45980,1.1625475910791792,transformer_add97_f0.2_wd1.0_traj_s2,,add,1.0,False,0.8001859933137894,True
46980,1.147297006787371,transformer_add97_f0.2_wd1.0_traj_s2,,add,1.0,False,0.8001859933137894,True
47980,1.1113465489457282,transformer_add97_f0.2_wd1.0_traj_s2,,add,1.0,False,0.8001859933137894,True
48980,1.1778669654729357,transformer_add97_f0.2_wd1.0_traj_s2,,add,1.0,False,0.8001859933137894,True
49980,1.1714428921146738,transformer_add97_f0.2_wd1.0_traj_s2,,add,1.0,False,0.8001859933137894,True
50980,1.1389373143675687,transformer_add97_f0.2_wd1.0_traj_s2,,add,1.0,False,0.8001859933137894,True
51980,1.1668271902480245,transformer_add97_f0.2_wd1.0_traj_s2,,add,1.0,False,0.8001859933137894,True
52980,1.098347320277394,transformer_add97_f0.2_wd1.0_traj_s2,,add,1.0,False,0.8001859933137894,True
53980,1.169127209461189,transformer_add97_f0.2_wd1.0_traj_s2,,add,1.0,False,0.8001859933137894,True
54980,1.118800464862025,transformer_add97_f0.2_wd1.0_traj_s2,,add,1.0,False,0.8001859933137894,True
55980,1.1622115612374508,transformer_add97_f0.2_wd1.0_traj_s2,,add,1.0,False,0.8001859933137894,True
56980,1.1358108423047564,transformer_add97_f0.2_wd1.0_traj_s2,,add,1.0,False,0.8001859933137894,True
57980,1.1237119964730244,transformer_add97_f0.2_wd1.0_traj_s2,,add,1.0,False,0.8001859933137894,True
58980,1.1712326899933443,transformer_add97_f0.2_wd1.0_traj_s2,,add,1.0,False,0.8001859933137894,True
59980,1.1382485045687991,transformer_add97_f0.2_wd1.0_traj_s2,,add,1.0,False,0.8001859933137894,True
3980,1.2806321171372292,transformer_add97_f0.2_wd1.0_traj_s3,,add,1.0,False,0.8032416552305222,True
4980,1.3001782318331228,transformer_add97_f0.2_wd1.0_traj_s3,,add,1.0,False,0.8032416552305222,True
5980,1.2430579373948238,transformer_add97_f0.2_wd1.0_traj_s3,,add,1.0,False,0.8032416552305222,True
6980,1.1910508150692205,transformer_add97_f0.2_wd1.0_traj_s3,,add,1.0,False,0.8032416552305222,True
7980,1.2268156197718982,transformer_add97_f0.2_wd1.0_traj_s3,,add,1.0,False,0.8032416552305222,True
8980,1.1658424580198294,transformer_add97_f0.2_wd1.0_traj_s3,,add,1.0,False,0.8032416552305222,True
9980,1.1393189241393922,transformer_add97_f0.2_wd1.0_traj_s3,,add,1.0,False,0.8032416552305222,True
10980,1.1413414281335517,transformer_add97_f0.2_wd1.0_traj_s3,,add,1.0,False,0.8032416552305222,True
11980,1.2156796556890477,transformer_add97_f0.2_wd1.0_traj_s3,,add,1.0,False,0.8032416552305222,True
12980,1.1889076006206467,transformer_add97_f0.2_wd1.0_traj_s3,,add,1.0,False,0.8032416552305222,True
13980,1.189897949718059,transformer_add97_f0.2_wd1.0_traj_s3,,add,1.0,False,0.8032416552305222,True
14980,1.1462920381957251,transformer_add97_f0.2_wd1.0_traj_s3,,add,1.0,False,0.8032416552305222,True
15980,1.1197388273538678,transformer_add97_f0.2_wd1.0_traj_s3,,add,1.0,False,0.8032416552305222,True
16980,1.1349116144814424,transformer_add97_f0.2_wd1.0_traj_s3,,add,1.0,False,0.8032416552305222,True
17980,1.1388621157149754,transformer_add97_f0.2_wd1.0_traj_s3,,add,1.0,False,0.8032416552305222,True
18980,1.1414236816865118,transformer_add97_f0.2_wd1.0_traj_s3,,add,1.0,False,0.8032416552305222,True
19980,1.1738122912206286,transformer_add97_f0.2_wd1.0_traj_s3,,add,1.0,False,0.8032416552305222,True
20980,1.1317136350514134,transformer_add97_f0.2_wd1.0_traj_s3,,add,1.0,False,0.8032416552305222,True
21980,1.1322322181450986,transformer_add97_f0.2_wd1.0_traj_s3,,add,1.0,False,0.8032416552305222,True
22980,1.1293297361629862,transformer_add97_f0.2_wd1.0_traj_s3,,add,1.0,False,0.8032416552305222,True
23980,1.1196917682709446,transformer_add97_f0.2_wd1.0_traj_s3,,add,1.0,False,0.8032416552305222,True
24980,1.1376945138206678,transformer_add97_f0.2_wd1.0_traj_s3,,add,1.0,False,0.8032416552305222,True
25980,1.136272977613653,transformer_add97_f0.2_wd1.0_traj_s3,,add,1.0,False,0.8032416552305222,True
26980,1.1368970967517364,transformer_add97_f0.2_wd1.0_traj_s3,,add,1.0,False,0.8032416552305222,True
27980,1.1438786196371264,transformer_add97_f0.2_wd1.0_traj_s3,,add,1.0,False,0.8032416552305222,True
28980,1.1300786864126933,transformer_add97_f0.2_wd1.0_traj_s3,,add,1.0,False,0.8032416552305222,True
29980,1.1719155103175802,transformer_add97_f0.2_wd1.0_traj_s3,,add,1.0,False,0.8032416552305222,True
30980,1.1258663153840975,transformer_add97_f0.2_wd1.0_traj_s3,,add,1.0,False,0.8032416552305222,True
31980,1.1310160342855966,transformer_add97_f0.2_wd1.0_traj_s3,,add,1.0,False,0.8032416552305222,True
32980,1.1506732243383593,transformer_add97_f0.2_wd1.0_traj_s3,,add,1.0,False,0.8032416552305222,True
33980,1.143378485622484,transformer_add97_f0.2_wd1.0_traj_s3,,add,1.0,False,0.8032416552305222,True
34980,1.1087489177087733,transformer_add97_f0.2_wd1.0_traj_s3,,add,1.0,False,0.8032416552305222,True
35980,1.130279750238196,transformer_add97_f0.2_wd1.0_traj_s3,,add,1.0,False,0.8032416552305222,True
36980,1.1406062419923977,transformer_add97_f0.2_wd1.0_traj_s3,,add,1.0,False,0.8032416552305222,True
37980,1.15979108492479,transformer_add97_f0.2_wd1.0_traj_s3,,add,1.0,False,0.8032416552305222,True
38980,1.1488706771648127,transformer_add97_f0.2_wd1.0_traj_s3,,add,1.0,False,0.8032416552305222,True
39980,1.1331027805401468,transformer_add97_f0.2_wd1.0_traj_s3,,add,1.0,False,0.8032416552305222,True
40980,1.1267084753854104,transformer_add97_f0.2_wd1.0_traj_s3,,add,1.0,False,0.8032416552305222,True
41980,1.1458985646468949,transformer_add97_f0.2_wd1.0_traj_s3,,add,1.0,False,0.8032416552305222,True
42980,1.1490693319052128,transformer_add97_f0.2_wd1.0_traj_s3,,add,1.0,False,0.8032416552305222,True
43980,1.1656437829252615,transformer_add97_f0.2_wd1.0_traj_s3,,add,1.0,False,0.8032416552305222,True
44980,1.108251954273835,transformer_add97_f0.2_wd1.0_traj_s3,,add,1.0,False,0.8032416552305222,True
45980,1.132474388282611,transformer_add97_f0.2_wd1.0_traj_s3,,add,1.0,False,0.8032416552305222,True
46980,1.1411371287330914,transformer_add97_f0.2_wd1.0_traj_s3,,add,1.0,False,0.8032416552305222,True
47980,1.1266311038498302,transformer_add97_f0.2_wd1.0_traj_s3,,add,1.0,False,0.8032416552305222,True
48980,1.1735795588849205,transformer_add97_f0.2_wd1.0_traj_s3,,add,1.0,False,0.8032416552305222,True
49980,1.139294401187788,transformer_add97_f0.2_wd1.0_traj_s3,,add,1.0,False,0.8032416552305222,True
50980,1.1240351230813068,transformer_add97_f0.2_wd1.0_traj_s3,,add,1.0,False,0.8032416552305222,True
51980,1.1265361775477951,transformer_add97_f0.2_wd1.0_traj_s3,,add,1.0,False,0.8032416552305222,True
52980,1.1206747265454289,transformer_add97_f0.2_wd1.0_traj_s3,,add,1.0,False,0.8032416552305222,True
53980,1.125211064224641,transformer_add97_f0.2_wd1.0_traj_s3,,add,1.0,False,0.8032416552305222,True
54980,1.1025239028141731,transformer_add97_f0.2_wd1.0_traj_s3,,add,1.0,False,0.8032416552305222,True
55980,1.1594300122749996,transformer_add97_f0.2_wd1.0_traj_s3,,add,1.0,False,0.8032416552305222,True
56980,1.1615922444406734,transformer_add97_f0.2_wd1.0_traj_s3,,add,1.0,False,0.8032416552305222,True
57980,1.1557892795763067,transformer_add97_f0.2_wd1.0_traj_s3,,add,1.0,False,0.8032416552305222,True
58980,1.1711731476159408,transformer_add97_f0.2_wd1.0_traj_s3,,add,1.0,False,0.8032416552305222,True
59980,1.1061036674381215,transformer_add97_f0.2_wd1.0_traj_s3,,add,1.0,False,0.8032416552305222,True
3980,1.3777481662650752,transformer_add97_f0.2_wd1.0_traj_s4,,add,1.0,False,0.7999202907085419,True
4980,1.3286595135071375,transformer_add97_f0.2_wd1.0_traj_s4,,add,1.0,False,0.7999202907085419,True
5980,1.2092842651648343,transformer_add97_f0.2_wd1.0_traj_s4,,add,1.0,False,0.7999202907085419,True
6980,1.1358876035142462,transformer_add97_f0.2_wd1.0_traj_s4,,add,1.0,False,0.7999202907085419,True
7980,1.1383273629036794,transformer_add97_f0.2_wd1.0_traj_s4,,add,1.0,False,0.7999202907085419,True
8980,1.1765155849846578,transformer_add97_f0.2_wd1.0_traj_s4,,add,1.0,False,0.7999202907085419,True
9980,1.1504169759847072,transformer_add97_f0.2_wd1.0_traj_s4,,add,1.0,False,0.7999202907085419,True
10980,1.143954756916579,transformer_add97_f0.2_wd1.0_traj_s4,,add,1.0,False,0.7999202907085419,True
11980,1.084701282378017,transformer_add97_f0.2_wd1.0_traj_s4,,add,1.0,False,0.7999202907085419,True
12980,1.094731190639052,transformer_add97_f0.2_wd1.0_traj_s4,,add,1.0,False,0.7999202907085419,True
13980,1.1225857723821526,transformer_add97_f0.2_wd1.0_traj_s4,,add,1.0,False,0.7999202907085419,True
14980,1.147416274964825,transformer_add97_f0.2_wd1.0_traj_s4,,add,1.0,False,0.7999202907085419,True
15980,1.1322333201931434,transformer_add97_f0.2_wd1.0_traj_s4,,add,1.0,False,0.7999202907085419,True
16980,1.1406102124595472,transformer_add97_f0.2_wd1.0_traj_s4,,add,1.0,False,0.7999202907085419,True
17980,1.1167648822665497,transformer_add97_f0.2_wd1.0_traj_s4,,add,1.0,False,0.7999202907085419,True
18980,1.0976213470537732,transformer_add97_f0.2_wd1.0_traj_s4,,add,1.0,False,0.7999202907085419,True
19980,1.126019220852849,transformer_add97_f0.2_wd1.0_traj_s4,,add,1.0,False,0.7999202907085419,True
20980,1.1360534456672722,transformer_add97_f0.2_wd1.0_traj_s4,,add,1.0,False,0.7999202907085419,True
21980,1.1672520854133004,transformer_add97_f0.2_wd1.0_traj_s4,,add,1.0,False,0.7999202907085419,True
22980,1.1177001874475156,transformer_add97_f0.2_wd1.0_traj_s4,,add,1.0,False,0.7999202907085419,True
23980,1.0912629671237446,transformer_add97_f0.2_wd1.0_traj_s4,,add,1.0,False,0.7999202907085419,True
24980,1.1137460679360782,transformer_add97_f0.2_wd1.0_traj_s4,,add,1.0,False,0.7999202907085419,True
25980,1.105671375132965,transformer_add97_f0.2_wd1.0_traj_s4,,add,1.0,False,0.7999202907085419,True
26980,1.17266466049811,transformer_add97_f0.2_wd1.0_traj_s4,,add,1.0,False,0.7999202907085419,True
27980,1.1643679583183564,transformer_add97_f0.2_wd1.0_traj_s4,,add,1.0,False,0.7999202907085419,True
28980,1.0987248518799333,transformer_add97_f0.2_wd1.0_traj_s4,,add,1.0,False,0.7999202907085419,True
29980,1.0860012145021851,transformer_add97_f0.2_wd1.0_traj_s4,,add,1.0,False,0.7999202907085419,True
30980,1.1518673217079158,transformer_add97_f0.2_wd1.0_traj_s4,,add,1.0,False,0.7999202907085419,True
31980,1.1440674765591778,transformer_add97_f0.2_wd1.0_traj_s4,,add,1.0,False,0.7999202907085419,True
32980,1.1658130814460144,transformer_add97_f0.2_wd1.0_traj_s4,,add,1.0,False,0.7999202907085419,True
33980,1.097280036462957,transformer_add97_f0.2_wd1.0_traj_s4,,add,1.0,False,0.7999202907085419,True
34980,1.0945587645156498,transformer_add97_f0.2_wd1.0_traj_s4,,add,1.0,False,0.7999202907085419,True
35980,1.136168807669302,transformer_add97_f0.2_wd1.0_traj_s4,,add,1.0,False,0.7999202907085419,True
36980,1.1345478553817114,transformer_add97_f0.2_wd1.0_traj_s4,,add,1.0,False,0.7999202907085419,True
37980,1.1795421710284202,transformer_add97_f0.2_wd1.0_traj_s4,,add,1.0,False,0.7999202907085419,True
38980,1.0944760339670117,transformer_add97_f0.2_wd1.0_traj_s4,,add,1.0,False,0.7999202907085419,True
39980,1.1007639953419923,transformer_add97_f0.2_wd1.0_traj_s4,,add,1.0,False,0.7999202907085419,True
40980,1.129679296341358,transformer_add97_f0.2_wd1.0_traj_s4,,add,1.0,False,0.7999202907085419,True
41980,1.158845456402361,transformer_add97_f0.2_wd1.0_traj_s4,,add,1.0,False,0.7999202907085419,True
42980,1.1504610917185452,transformer_add97_f0.2_wd1.0_traj_s4,,add,1.0,False,0.7999202907085419,True
43980,1.0832044080404,transformer_add97_f0.2_wd1.0_traj_s4,,add,1.0,False,0.7999202907085419,True
44980,1.1347716872136937,transformer_add97_f0.2_wd1.0_traj_s4,,add,1.0,False,0.7999202907085419,True
45980,1.1232403275229268,transformer_add97_f0.2_wd1.0_traj_s4,,add,1.0,False,0.7999202907085419,True
46980,1.14962648371746,transformer_add97_f0.2_wd1.0_traj_s4,,add,1.0,False,0.7999202907085419,True
47980,1.090575641757802,transformer_add97_f0.2_wd1.0_traj_s4,,add,1.0,False,0.7999202907085419,True
48980,1.1239659384924432,transformer_add97_f0.2_wd1.0_traj_s4,,add,1.0,False,0.7999202907085419,True
49980,1.1552427492096042,transformer_add97_f0.2_wd1.0_traj_s4,,add,1.0,False,0.7999202907085419,True
50980,1.1124313356858802,transformer_add97_f0.2_wd1.0_traj_s4,,add,1.0,False,0.7999202907085419,True
51980,1.1142217751854784,transformer_add97_f0.2_wd1.0_traj_s4,,add,1.0,False,0.7999202907085419,True
52980,1.128668532896671,transformer_add97_f0.2_wd1.0_traj_s4,,add,1.0,False,0.7999202907085419,True
53980,1.120882769655703,transformer_add97_f0.2_wd1.0_traj_s4,,add,1.0,False,0.7999202907085419,True
54980,1.1556899626936783,transformer_add97_f0.2_wd1.0_traj_s4,,add,1.0,False,0.7999202907085419,True
55980,1.0925357863492446,transformer_add97_f0.2_wd1.0_traj_s4,,add,1.0,False,0.7999202907085419,True
56980,1.0881726610185691,transformer_add97_f0.2_wd1.0_traj_s4,,add,1.0,False,0.7999202907085419,True
57980,1.1283804752507156,transformer_add97_f0.2_wd1.0_traj_s4,,add,1.0,False,0.7999202907085419,True
58980,1.1280326016314708,transformer_add97_f0.2_wd1.0_traj_s4,,add,1.0,False,0.7999202907085419,True
59980,1.153791700335483,transformer_add97_f0.2_wd1.0_traj_s4,,add,1.0,False,0.7999202907085419,True
3980,,transformer_add97_f0.3_wd0.0_stablemax_traj_s0,,add,0.0,False,0.0034903204068541527,False
4980,,transformer_add97_f0.3_wd0.0_stablemax_traj_s0,,add,0.0,False,0.0034903204068541527,False
5980,,transformer_add97_f0.3_wd0.0_stablemax_traj_s0,,add,0.0,False,0.0034903204068541527,False
6980,,transformer_add97_f0.3_wd0.0_stablemax_traj_s0,,add,0.0,False,0.0034903204068541527,False
7980,,transformer_add97_f0.3_wd0.0_stablemax_traj_s0,,add,0.0,False,0.0034903204068541527,False
8980,,transformer_add97_f0.3_wd0.0_stablemax_traj_s0,,add,0.0,False,0.0034903204068541527,False
9980,,transformer_add97_f0.3_wd0.0_stablemax_traj_s0,,add,0.0,False,0.0034903204068541527,False
10980,,transformer_add97_f0.3_wd0.0_stablemax_traj_s0,,add,0.0,False,0.0034903204068541527,False
11980,,transformer_add97_f0.3_wd0.0_stablemax_traj_s0,,add,0.0,False,0.0034903204068541527,False
12980,,transformer_add97_f0.3_wd0.0_stablemax_traj_s0,,add,0.0,False,0.0034903204068541527,False
13980,,transformer_add97_f0.3_wd0.0_stablemax_traj_s0,,add,0.0,False,0.0034903204068541527,False
14980,,transformer_add97_f0.3_wd0.0_stablemax_traj_s0,,add,0.0,False,0.0034903204068541527,False
15980,,transformer_add97_f0.3_wd0.0_stablemax_traj_s0,,add,0.0,False,0.0034903204068541527,False
16980,,transformer_add97_f0.3_wd0.0_stablemax_traj_s0,,add,0.0,False,0.0034903204068541527,False
17980,,transformer_add97_f0.3_wd0.0_stablemax_traj_s0,,add,0.0,False,0.0034903204068541527,False
18980,,transformer_add97_f0.3_wd0.0_stablemax_traj_s0,,add,0.0,False,0.0034903204068541527,False
19980,,transformer_add97_f0.3_wd0.0_stablemax_traj_s0,,add,0.0,False,0.0034903204068541527,False
20980,,transformer_add97_f0.3_wd0.0_stablemax_traj_s0,,add,0.0,False,0.0034903204068541527,False
21980,,transformer_add97_f0.3_wd0.0_stablemax_traj_s0,,add,0.0,False,0.0034903204068541527,False
22980,,transformer_add97_f0.3_wd0.0_stablemax_traj_s0,,add,0.0,False,0.0034903204068541527,False
23980,,transformer_add97_f0.3_wd0.0_stablemax_traj_s0,,add,0.0,False,0.0034903204068541527,False
24980,,transformer_add97_f0.3_wd0.0_stablemax_traj_s0,,add,0.0,False,0.0034903204068541527,False
25980,,transformer_add97_f0.3_wd0.0_stablemax_traj_s0,,add,0.0,False,0.0034903204068541527,False
26980,,transformer_add97_f0.3_wd0.0_stablemax_traj_s0,,add,0.0,False,0.0034903204068541527,False
27980,,transformer_add97_f0.3_wd0.0_stablemax_traj_s0,,add,0.0,False,0.0034903204068541527,False
28980,,transformer_add97_f0.3_wd0.0_stablemax_traj_s0,,add,0.0,False,0.0034903204068541527,False
29980,,transformer_add97_f0.3_wd0.0_stablemax_traj_s0,,add,0.0,False,0.0034903204068541527,False
30980,,transformer_add97_f0.3_wd0.0_stablemax_traj_s0,,add,0.0,False,0.0034903204068541527,False
31980,,transformer_add97_f0.3_wd0.0_stablemax_traj_s0,,add,0.0,False,0.0034903204068541527,False
32980,,transformer_add97_f0.3_wd0.0_stablemax_traj_s0,,add,0.0,False,0.0034903204068541527,False
33980,,transformer_add97_f0.3_wd0.0_stablemax_traj_s0,,add,0.0,False,0.0034903204068541527,False
34980,,transformer_add97_f0.3_wd0.0_stablemax_traj_s0,,add,0.0,False,0.0034903204068541527,False
35980,,transformer_add97_f0.3_wd0.0_stablemax_traj_s0,,add,0.0,False,0.0034903204068541527,False
36980,,transformer_add97_f0.3_wd0.0_stablemax_traj_s0,,add,0.0,False,0.0034903204068541527,False
37980,,transformer_add97_f0.3_wd0.0_stablemax_traj_s0,,add,0.0,False,0.0034903204068541527,False
38980,,transformer_add97_f0.3_wd0.0_stablemax_traj_s0,,add,0.0,False,0.0034903204068541527,False
39980,,transformer_add97_f0.3_wd0.0_stablemax_traj_s0,,add,0.0,False,0.0034903204068541527,False
3980,1.466720283004267,transformer_add97_f0.3_wd0.0_stablemax_traj_s1,,add,0.0,False,0.6929851174354553,True
4980,1.3283783585878997,transformer_add97_f0.3_wd0.0_stablemax_traj_s1,,add,0.0,False,0.6929851174354553,True
5980,1.539590957613469,transformer_add97_f0.3_wd0.0_stablemax_traj_s1,,add,0.0,False,0.6929851174354553,True
6980,1.6938559780697,transformer_add97_f0.3_wd0.0_stablemax_traj_s1,,add,0.0,False,0.6929851174354553,True
7980,1.8423761566305203,transformer_add97_f0.3_wd0.0_stablemax_traj_s1,,add,0.0,False,0.6929851174354553,True
8980,1.9113541534693543,transformer_add97_f0.3_wd0.0_stablemax_traj_s1,,add,0.0,False,0.6929851174354553,True
9980,2.049124275296613,transformer_add97_f0.3_wd0.0_stablemax_traj_s1,,add,0.0,False,0.6929851174354553,True
10980,2.0922767727967013,transformer_add97_f0.3_wd0.0_stablemax_traj_s1,,add,0.0,False,0.6929851174354553,True
11980,2.145004351919829,transformer_add97_f0.3_wd0.0_stablemax_traj_s1,,add,0.0,False,0.6929851174354553,True
12980,2.128408286050116,transformer_add97_f0.3_wd0.0_stablemax_traj_s1,,add,0.0,False,0.6929851174354553,True
13980,2.270786361658112,transformer_add97_f0.3_wd0.0_stablemax_traj_s1,,add,0.0,False,0.6929851174354553,True
14980,2.3483115973626414,transformer_add97_f0.3_wd0.0_stablemax_traj_s1,,add,0.0,False,0.6929851174354553,True
15980,2.352392854456822,transformer_add97_f0.3_wd0.0_stablemax_traj_s1,,add,0.0,False,0.6929851174354553,True
16980,2.388382239882725,transformer_add97_f0.3_wd0.0_stablemax_traj_s1,,add,0.0,False,0.6929851174354553,True
17980,2.368404972879453,transformer_add97_f0.3_wd0.0_stablemax_traj_s1,,add,0.0,False,0.6929851174354553,True
18980,2.456083729062449,transformer_add97_f0.3_wd0.0_stablemax_traj_s1,,add,0.0,False,0.6929851174354553,True
19980,2.507128867441081,transformer_add97_f0.3_wd0.0_stablemax_traj_s1,,add,0.0,False,0.6929851174354553,True
20980,2.499104808857717,transformer_add97_f0.3_wd0.0_stablemax_traj_s1,,add,0.0,False,0.6929851174354553,True
21980,2.5098303145247254,transformer_add97_f0.3_wd0.0_stablemax_traj_s1,,add,0.0,False,0.6929851174354553,True
22980,2.5699809419507287,transformer_add97_f0.3_wd0.0_stablemax_traj_s1,,add,0.0,False,0.6929851174354553,True
23980,2.6592800255874898,transformer_add97_f0.3_wd0.0_stablemax_traj_s1,,add,0.0,False,0.6929851174354553,True
24980,2.651733765778225,transformer_add97_f0.3_wd0.0_stablemax_traj_s1,,add,0.0,False,0.6929851174354553,True
25980,2.7142565166064507,transformer_add97_f0.3_wd0.0_stablemax_traj_s1,,add,0.0,False,0.6929851174354553,True
26980,3.038426071498855,transformer_add97_f0.3_wd0.0_stablemax_traj_s1,,add,0.0,False,0.6929851174354553,True
27980,2.969819555979035,transformer_add97_f0.3_wd0.0_stablemax_traj_s1,,add,0.0,False,0.6929851174354553,True
28980,3.068222609500449,transformer_add97_f0.3_wd0.0_stablemax_traj_s1,,add,0.0,False,0.6929851174354553,True
29980,3.2080537650626413,transformer_add97_f0.3_wd0.0_stablemax_traj_s1,,add,0.0,False,0.6929851174354553,True
30980,3.360917773831284,transformer_add97_f0.3_wd0.0_stablemax_traj_s1,,add,0.0,False,0.6929851174354553,True
31980,3.478113358941592,transformer_add97_f0.3_wd0.0_stablemax_traj_s1,,add,0.0,False,0.6929851174354553,True
32980,3.722022535922441,transformer_add97_f0.3_wd0.0_stablemax_traj_s1,,add,0.0,False,0.6929851174354553,True
33980,4.166186846454723,transformer_add97_f0.3_wd0.0_stablemax_traj_s1,,add,0.0,False,0.6929851174354553,True
34980,3.8686049822246895,transformer_add97_f0.3_wd0.0_stablemax_traj_s1,,add,0.0,False,0.6929851174354553,True
35980,3.7276890280297352,transformer_add97_f0.3_wd0.0_stablemax_traj_s1,,add,0.0,False,0.6929851174354553,True
36980,4.135071816046424,transformer_add97_f0.3_wd0.0_stablemax_traj_s1,,add,0.0,False,0.6929851174354553,True
37980,4.126183611099314,transformer_add97_f0.3_wd0.0_stablemax_traj_s1,,add,0.0,False,0.6929851174354553,True
38980,4.211454027886384,transformer_add97_f0.3_wd0.0_stablemax_traj_s1,,add,0.0,False,0.6929851174354553,True
39980,4.529313536219407,transformer_add97_f0.3_wd0.0_stablemax_traj_s1,,add,0.0,False,0.6929851174354553,True
3980,,transformer_add97_f0.3_wd0.0_stablemax_traj_s2,,add,0.0,False,0.005514601245522499,False
4980,,transformer_add97_f0.3_wd0.0_stablemax_traj_s2,,add,0.0,False,0.005514601245522499,False
5980,,transformer_add97_f0.3_wd0.0_stablemax_traj_s2,,add,0.0,False,0.005514601245522499,False
6980,,transformer_add97_f0.3_wd0.0_stablemax_traj_s2,,add,0.0,False,0.005514601245522499,False
7980,,transformer_add97_f0.3_wd0.0_stablemax_traj_s2,,add,0.0,False,0.005514601245522499,False
8980,,transformer_add97_f0.3_wd0.0_stablemax_traj_s2,,add,0.0,False,0.005514601245522499,False
9980,,transformer_add97_f0.3_wd0.0_stablemax_traj_s2,,add,0.0,False,0.005514601245522499,False
10980,,transformer_add97_f0.3_wd0.0_stablemax_traj_s2,,add,0.0,False,0.005514601245522499,False
11980,,transformer_add97_f0.3_wd0.0_stablemax_traj_s2,,add,0.0,False,0.005514601245522499,False
12980,,transformer_add97_f0.3_wd0.0_stablemax_traj_s2,,add,0.0,False,0.005514601245522499,False
13980,,transformer_add97_f0.3_wd0.0_stablemax_traj_s2,,add,0.0,False,0.005514601245522499,False
14980,,transformer_add97_f0.3_wd0.0_stablemax_traj_s2,,add,0.0,False,0.005514601245522499,False
15980,,transformer_add97_f0.3_wd0.0_stablemax_traj_s2,,add,0.0,False,0.005514601245522499,False
16980,,transformer_add97_f0.3_wd0.0_stablemax_traj_s2,,add,0.0,False,0.005514601245522499,False
17980,,transformer_add97_f0.3_wd0.0_stablemax_traj_s2,,add,0.0,False,0.005514601245522499,False
18980,,transformer_add97_f0.3_wd0.0_stablemax_traj_s2,,add,0.0,False,0.005514601245522499,False
19980,,transformer_add97_f0.3_wd0.0_stablemax_traj_s2,,add,0.0,False,0.005514601245522499,False
20980,,transformer_add97_f0.3_wd0.0_stablemax_traj_s2,,add,0.0,False,0.005514601245522499,False
21980,,transformer_add97_f0.3_wd0.0_stablemax_traj_s2,,add,0.0,False,0.005514601245522499,False
22980,,transformer_add97_f0.3_wd0.0_stablemax_traj_s2,,add,0.0,False,0.005514601245522499,False
23980,,transformer_add97_f0.3_wd0.0_stablemax_traj_s2,,add,0.0,False,0.005514601245522499,False
24980,,transformer_add97_f0.3_wd0.0_stablemax_traj_s2,,add,0.0,False,0.005514601245522499,False
25980,,transformer_add97_f0.3_wd0.0_stablemax_traj_s2,,add,0.0,False,0.005514601245522499,False
26980,,transformer_add97_f0.3_wd0.0_stablemax_traj_s2,,add,0.0,False,0.005514601245522499,False
27980,,transformer_add97_f0.3_wd0.0_stablemax_traj_s2,,add,0.0,False,0.005514601245522499,False
28980,,transformer_add97_f0.3_wd0.0_stablemax_traj_s2,,add,0.0,False,0.005514601245522499,False
29980,,transformer_add97_f0.3_wd0.0_stablemax_traj_s2,,add,0.0,False,0.005514601245522499,False
30980,,transformer_add97_f0.3_wd0.0_stablemax_traj_s2,,add,0.0,False,0.005514601245522499,False
31980,,transformer_add97_f0.3_wd0.0_stablemax_traj_s2,,add,0.0,False,0.005514601245522499,False
32980,,transformer_add97_f0.3_wd0.0_stablemax_traj_s2,,add,0.0,False,0.005514601245522499,False
33980,,transformer_add97_f0.3_wd0.0_stablemax_traj_s2,,add,0.0,False,0.005514601245522499,False
34980,,transformer_add97_f0.3_wd0.0_stablemax_traj_s2,,add,0.0,False,0.005514601245522499,False
35980,,transformer_add97_f0.3_wd0.0_stablemax_traj_s2,,add,0.0,False,0.005514601245522499,False
36980,,transformer_add97_f0.3_wd0.0_stablemax_traj_s2,,add,0.0,False,0.005514601245522499,False
37980,,transformer_add97_f0.3_wd0.0_stablemax_traj_s2,,add,0.0,False,0.005514601245522499,False
38980,,transformer_add97_f0.3_wd0.0_stablemax_traj_s2,,add,0.0,False,0.005514601245522499,False
39980,,transformer_add97_f0.3_wd0.0_stablemax_traj_s2,,add,0.0,False,0.005514601245522499,False
3980,1.4826749846499825,transformer_add97_f0.3_wd0.0_stablemax_traj_s3,,add,0.0,False,0.6990586221218109,True
4980,1.380439253829132,transformer_add97_f0.3_wd0.0_stablemax_traj_s3,,add,0.0,False,0.6990586221218109,True
5980,1.5886219015712515,transformer_add97_f0.3_wd0.0_stablemax_traj_s3,,add,0.0,False,0.6990586221218109,True
6980,1.6850841495666002,transformer_add97_f0.3_wd0.0_stablemax_traj_s3,,add,0.0,False,0.6990586221218109,True
7980,1.7032460920691654,transformer_add97_f0.3_wd0.0_stablemax_traj_s3,,add,0.0,False,0.6990586221218109,True
8980,1.8862011722433636,transformer_add97_f0.3_wd0.0_stablemax_traj_s3,,add,0.0,False,0.6990586221218109,True
9980,2.052719841415667,transformer_add97_f0.3_wd0.0_stablemax_traj_s3,,add,0.0,False,0.6990586221218109,True
10980,2.2092350675920605,transformer_add97_f0.3_wd0.0_stablemax_traj_s3,,add,0.0,False,0.6990586221218109,True
11980,2.2846562732905253,transformer_add97_f0.3_wd0.0_stablemax_traj_s3,,add,0.0,False,0.6990586221218109,True
12980,2.370663164169263,transformer_add97_f0.3_wd0.0_stablemax_traj_s3,,add,0.0,False,0.6990586221218109,True
13980,2.400610097319393,transformer_add97_f0.3_wd0.0_stablemax_traj_s3,,add,0.0,False,0.6990586221218109,True
14980,2.4341328194369907,transformer_add97_f0.3_wd0.0_stablemax_traj_s3,,add,0.0,False,0.6990586221218109,True
15980,2.4516472925757213,transformer_add97_f0.3_wd0.0_stablemax_traj_s3,,add,0.0,False,0.6990586221218109,True
16980,2.5003073792317525,transformer_add97_f0.3_wd0.0_stablemax_traj_s3,,add,0.0,False,0.6990586221218109,True
17980,2.4926107875833243,transformer_add97_f0.3_wd0.0_stablemax_traj_s3,,add,0.0,False,0.6990586221218109,True
18980,2.558770290187775,transformer_add97_f0.3_wd0.0_stablemax_traj_s3,,add,0.0,False,0.6990586221218109,True
19980,2.5406044707827866,transformer_add97_f0.3_wd0.0_stablemax_traj_s3,,add,0.0,False,0.6990586221218109,True
20980,2.5437006441293537,transformer_add97_f0.3_wd0.0_stablemax_traj_s3,,add,0.0,False,0.6990586221218109,True
21980,2.500594387120288,transformer_add97_f0.3_wd0.0_stablemax_traj_s3,,add,0.0,False,0.6990586221218109,True
22980,2.629618710005099,transformer_add97_f0.3_wd0.0_stablemax_traj_s3,,add,0.0,False,0.6990586221218109,True
23980,2.7375495365363727,transformer_add97_f0.3_wd0.0_stablemax_traj_s3,,add,0.0,False,0.6990586221218109,True
24980,2.821217763260479,transformer_add97_f0.3_wd0.0_stablemax_traj_s3,,add,0.0,False,0.6990586221218109,True
25980,1.818819210346512,transformer_add97_f0.3_wd0.0_stablemax_traj_s3,,add,0.0,False,0.6990586221218109,True
26980,1.7167559838705853,transformer_add97_f0.3_wd0.0_stablemax_traj_s3,,add,0.0,False,0.6990586221218109,True
27980,1.71190232032722,transformer_add97_f0.3_wd0.0_stablemax_traj_s3,,add,0.0,False,0.6990586221218109,True
28980,1.8829685860045409,transformer_add97_f0.3_wd0.0_stablemax_traj_s3,,add,0.0,False,0.6990586221218109,True
29980,2.6705607606325024,transformer_add97_f0.3_wd0.0_stablemax_traj_s3,,add,0.0,False,0.6990586221218109,True
30980,3.014881946105412,transformer_add97_f0.3_wd0.0_stablemax_traj_s3,,add,0.0,False,0.6990586221218109,True
31980,3.06645064743985,transformer_add97_f0.3_wd0.0_stablemax_traj_s3,,add,0.0,False,0.6990586221218109,True
32980,3.2532587636834167,transformer_add97_f0.3_wd0.0_stablemax_traj_s3,,add,0.0,False,0.6990586221218109,True
33980,3.399948784088695,transformer_add97_f0.3_wd0.0_stablemax_traj_s3,,add,0.0,False,0.6990586221218109,True
34980,3.4242930173508137,transformer_add97_f0.3_wd0.0_stablemax_traj_s3,,add,0.0,False,0.6990586221218109,True
35980,3.983753421526285,transformer_add97_f0.3_wd0.0_stablemax_traj_s3,,add,0.0,False,0.6990586221218109,True
36980,4.475374471449926,transformer_add97_f0.3_wd0.0_stablemax_traj_s3,,add,0.0,False,0.6990586221218109,True
37980,4.564640469101206,transformer_add97_f0.3_wd0.0_stablemax_traj_s3,,add,0.0,False,0.6990586221218109,True
38980,4.940418758193642,transformer_add97_f0.3_wd0.0_stablemax_traj_s3,,add,0.0,False,0.6990586221218109,True
39980,4.854592878896847,transformer_add97_f0.3_wd0.0_stablemax_traj_s3,,add,0.0,False,0.6990586221218109,True
3980,,transformer_add97_f0.3_wd0.0_stablemax_traj_s4,,add,0.0,False,-0.003088594414293766,False
4980,,transformer_add97_f0.3_wd0.0_stablemax_traj_s4,,add,0.0,False,-0.003088594414293766,False
5980,,transformer_add97_f0.3_wd0.0_stablemax_traj_s4,,add,0.0,False,-0.003088594414293766,False
6980,,transformer_add97_f0.3_wd0.0_stablemax_traj_s4,,add,0.0,False,-0.003088594414293766,False
7980,,transformer_add97_f0.3_wd0.0_stablemax_traj_s4,,add,0.0,False,-0.003088594414293766,False
8980,,transformer_add97_f0.3_wd0.0_stablemax_traj_s4,,add,0.0,False,-0.003088594414293766,False
9980,,transformer_add97_f0.3_wd0.0_stablemax_traj_s4,,add,0.0,False,-0.003088594414293766,False
10980,,transformer_add97_f0.3_wd0.0_stablemax_traj_s4,,add,0.0,False,-0.003088594414293766,False
11980,,transformer_add97_f0.3_wd0.0_stablemax_traj_s4,,add,0.0,False,-0.003088594414293766,False
12980,,transformer_add97_f0.3_wd0.0_stablemax_traj_s4,,add,0.0,False,-0.003088594414293766,False
13980,,transformer_add97_f0.3_wd0.0_stablemax_traj_s4,,add,0.0,False,-0.003088594414293766,False
14980,,transformer_add97_f0.3_wd0.0_stablemax_traj_s4,,add,0.0,False,-0.003088594414293766,False
15980,,transformer_add97_f0.3_wd0.0_stablemax_traj_s4,,add,0.0,False,-0.003088594414293766,False
16980,,transformer_add97_f0.3_wd0.0_stablemax_traj_s4,,add,0.0,False,-0.003088594414293766,False
17980,,transformer_add97_f0.3_wd0.0_stablemax_traj_s4,,add,0.0,False,-0.003088594414293766,False
18980,,transformer_add97_f0.3_wd0.0_stablemax_traj_s4,,add,0.0,False,-0.003088594414293766,False
19980,,transformer_add97_f0.3_wd0.0_stablemax_traj_s4,,add,0.0,False,-0.003088594414293766,False
20980,,transformer_add97_f0.3_wd0.0_stablemax_traj_s4,,add,0.0,False,-0.003088594414293766,False
21980,,transformer_add97_f0.3_wd0.0_stablemax_traj_s4,,add,0.0,False,-0.003088594414293766,False
22980,,transformer_add97_f0.3_wd0.0_stablemax_traj_s4,,add,0.0,False,-0.003088594414293766,False
23980,,transformer_add97_f0.3_wd0.0_stablemax_traj_s4,,add,0.0,False,-0.003088594414293766,False
24980,,transformer_add97_f0.3_wd0.0_stablemax_traj_s4,,add,0.0,False,-0.003088594414293766,False
25980,,transformer_add97_f0.3_wd0.0_stablemax_traj_s4,,add,0.0,False,-0.003088594414293766,False
26980,,transformer_add97_f0.3_wd0.0_stablemax_traj_s4,,add,0.0,False,-0.003088594414293766,False
27980,,transformer_add97_f0.3_wd0.0_stablemax_traj_s4,,add,0.0,False,-0.003088594414293766,False
28980,,transformer_add97_f0.3_wd0.0_stablemax_traj_s4,,add,0.0,False,-0.003088594414293766,False
29980,,transformer_add97_f0.3_wd0.0_stablemax_traj_s4,,add,0.0,False,-0.003088594414293766,False
30980,,transformer_add97_f0.3_wd0.0_stablemax_traj_s4,,add,0.0,False,-0.003088594414293766,False
31980,,transformer_add97_f0.3_wd0.0_stablemax_traj_s4,,add,0.0,False,-0.003088594414293766,False
32980,,transformer_add97_f0.3_wd0.0_stablemax_traj_s4,,add,0.0,False,-0.003088594414293766,False
33980,,transformer_add97_f0.3_wd0.0_stablemax_traj_s4,,add,0.0,False,-0.003088594414293766,False
34980,,transformer_add97_f0.3_wd0.0_stablemax_traj_s4,,add,0.0,False,-0.003088594414293766,False
35980,,transformer_add97_f0.3_wd0.0_stablemax_traj_s4,,add,0.0,False,-0.003088594414293766,False
36980,,transformer_add97_f0.3_wd0.0_stablemax_traj_s4,,add,0.0,False,-0.003088594414293766,False
37980,,transformer_add97_f0.3_wd0.0_stablemax_traj_s4,,add,0.0,False,-0.003088594414293766,False
38980,,transformer_add97_f0.3_wd0.0_stablemax_traj_s4,,add,0.0,False,-0.003088594414293766,False
39980,,transformer_add97_f0.3_wd0.0_stablemax_traj_s4,,add,0.0,False,-0.003088594414293766,False
3980,1.200843871978838,transformer_add97_f0.3_wd0.1_traj_s0,,add,0.1,False,0.12663227319717407,True
4980,1.0531853064901449,transformer_add97_f0.3_wd0.1_traj_s0,,add,0.1,False,0.12663227319717407,True
5980,1.0971980453922077,transformer_add97_f0.3_wd0.1_traj_s0,,add,0.1,False,0.12663227319717407,True
6980,1.0749085690045757,transformer_add97_f0.3_wd0.1_traj_s0,,add,0.1,False,0.12663227319717407,True
7980,1.0691276510543577,transformer_add97_f0.3_wd0.1_traj_s0,,add,0.1,False,0.12663227319717407,True
8980,1.094178302639674,transformer_add97_f0.3_wd0.1_traj_s0,,add,0.1,False,0.12663227319717407,True
9980,1.0757010596434615,transformer_add97_f0.3_wd0.1_traj_s0,,add,0.1,False,0.12663227319717407,True
10980,1.094477020142163,transformer_add97_f0.3_wd0.1_traj_s0,,add,0.1,False,0.12663227319717407,True
11980,1.0989589846725754,transformer_add97_f0.3_wd0.1_traj_s0,,add,0.1,False,0.12663227319717407,True
12980,1.1259977897336266,transformer_add97_f0.3_wd0.1_traj_s0,,add,0.1,False,0.12663227319717407,True
13980,1.1863626589237228,transformer_add97_f0.3_wd0.1_traj_s0,,add,0.1,False,0.12663227319717407,True
14980,1.159314949376833,transformer_add97_f0.3_wd0.1_traj_s0,,add,0.1,False,0.12663227319717407,True
15980,1.166092052118395,transformer_add97_f0.3_wd0.1_traj_s0,,add,0.1,False,0.12663227319717407,True
16980,1.2281388395860258,transformer_add97_f0.3_wd0.1_traj_s0,,add,0.1,False,0.12663227319717407,True
17980,1.1501831440420538,transformer_add97_f0.3_wd0.1_traj_s0,,add,0.1,False,0.12663227319717407,True
18980,1.1633867808380838,transformer_add97_f0.3_wd0.1_traj_s0,,add,0.1,False,0.12663227319717407,True
19980,1.1552360126896426,transformer_add97_f0.3_wd0.1_traj_s0,,add,0.1,False,0.12663227319717407,True
20980,1.2513639553508835,transformer_add97_f0.3_wd0.1_traj_s0,,add,0.1,False,0.12663227319717407,True
21980,1.2122030037091227,transformer_add97_f0.3_wd0.1_traj_s0,,add,0.1,False,0.12663227319717407,True
22980,1.2634793830423887,transformer_add97_f0.3_wd0.1_traj_s0,,add,0.1,False,0.12663227319717407,True
23980,1.1673886790969823,transformer_add97_f0.3_wd0.1_traj_s0,,add,0.1,False,0.12663227319717407,True
24980,1.1044439027502573,transformer_add97_f0.3_wd0.1_traj_s0,,add,0.1,False,0.12663227319717407,True
25980,1.1175363001802163,transformer_add97_f0.3_wd0.1_traj_s0,,add,0.1,False,0.12663227319717407,True
26980,1.1192404964048743,transformer_add97_f0.3_wd0.1_traj_s0,,add,0.1,False,0.12663227319717407,True
27980,1.134623682895206,transformer_add97_f0.3_wd0.1_traj_s0,,add,0.1,False,0.12663227319717407,True
28980,1.12944903459336,transformer_add97_f0.3_wd0.1_traj_s0,,add,0.1,False,0.12663227319717407,True
29980,1.1102473213994812,transformer_add97_f0.3_wd0.1_traj_s0,,add,0.1,False,0.12663227319717407,True
30980,1.156761130459017,transformer_add97_f0.3_wd0.1_traj_s0,,add,0.1,False,0.12663227319717407,True
31980,1.2528727761595908,transformer_add97_f0.3_wd0.1_traj_s0,,add,0.1,False,0.12663227319717407,True
32980,1.144942322531951,transformer_add97_f0.3_wd0.1_traj_s0,,add,0.1,False,0.12663227319717407,True
33980,1.1344873947806131,transformer_add97_f0.3_wd0.1_traj_s0,,add,0.1,False,0.12663227319717407,True
34980,1.10242532492875,transformer_add97_f0.3_wd0.1_traj_s0,,add,0.1,False,0.12663227319717407,True
35980,1.1244651961873493,transformer_add97_f0.3_wd0.1_traj_s0,,add,0.1,False,0.12663227319717407,True
36980,1.1041794172394146,transformer_add97_f0.3_wd0.1_traj_s0,,add,0.1,False,0.12663227319717407,True
37980,1.1101691052881129,transformer_add97_f0.3_wd0.1_traj_s0,,add,0.1,False,0.12663227319717407,True
38980,1.1592862374563573,transformer_add97_f0.3_wd0.1_traj_s0,,add,0.1,False,0.12663227319717407,True
39980,1.206308231731654,transformer_add97_f0.3_wd0.1_traj_s0,,add,0.1,False,0.12663227319717407,True
40980,1.1163398055531508,transformer_add97_f0.3_wd0.1_traj_s0,,add,0.1,False,0.12663227319717407,True
41980,1.1207095916251686,transformer_add97_f0.3_wd0.1_traj_s0,,add,0.1,False,0.12663227319717407,True
42980,1.1340527556263298,transformer_add97_f0.3_wd0.1_traj_s0,,add,0.1,False,0.12663227319717407,True
43980,1.130130783222402,transformer_add97_f0.3_wd0.1_traj_s0,,add,0.1,False,0.12663227319717407,True
44980,1.0824466696715689,transformer_add97_f0.3_wd0.1_traj_s0,,add,0.1,False,0.12663227319717407,True
45980,1.1047377657713466,transformer_add97_f0.3_wd0.1_traj_s0,,add,0.1,False,0.12663227319717407,True
46980,1.164908881382236,transformer_add97_f0.3_wd0.1_traj_s0,,add,0.1,False,0.12663227319717407,True
47980,1.0955299262279057,transformer_add97_f0.3_wd0.1_traj_s0,,add,0.1,False,0.12663227319717407,True
48980,1.0999089218394658,transformer_add97_f0.3_wd0.1_traj_s0,,add,0.1,False,0.12663227319717407,True
49980,1.122127462454321,transformer_add97_f0.3_wd0.1_traj_s0,,add,0.1,False,0.12663227319717407,True
50980,1.253263202255473,transformer_add97_f0.3_wd0.1_traj_s0,,add,0.1,False,0.12663227319717407,True
51980,1.09474065321057,transformer_add97_f0.3_wd0.1_traj_s0,,add,0.1,False,0.12663227319717407,True
52980,1.1213703684989116,transformer_add97_f0.3_wd0.1_traj_s0,,add,0.1,False,0.12663227319717407,True
53980,1.1029875972627572,transformer_add97_f0.3_wd0.1_traj_s0,,add,0.1,False,0.12663227319717407,True
54980,1.1059478566695602,transformer_add97_f0.3_wd0.1_traj_s0,,add,0.1,False,0.12663227319717407,True
55980,1.1010410379437507,transformer_add97_f0.3_wd0.1_traj_s0,,add,0.1,False,0.12663227319717407,True
56980,1.0970127957241518,transformer_add97_f0.3_wd0.1_traj_s0,,add,0.1,False,0.12663227319717407,True
57980,1.1464904342879303,transformer_add97_f0.3_wd0.1_traj_s0,,add,0.1,False,0.12663227319717407,True
58980,1.223545115146937,transformer_add97_f0.3_wd0.1_traj_s0,,add,0.1,False,0.12663227319717407,True
59980,1.1176031099533583,transformer_add97_f0.3_wd0.1_traj_s0,,add,0.1,False,0.12663227319717407,True
60980,1.0786313891039396,transformer_add97_f0.3_wd0.1_traj_s0,,add,0.1,False,0.12663227319717407,True
61980,1.2097019048037665,transformer_add97_f0.3_wd0.1_traj_s0,,add,0.1,False,0.12663227319717407,True
62980,1.0953445404255655,transformer_add97_f0.3_wd0.1_traj_s0,,add,0.1,False,0.12663227319717407,True
63980,1.1305081630233478,transformer_add97_f0.3_wd0.1_traj_s0,,add,0.1,False,0.12663227319717407,True
64980,1.1150458310372735,transformer_add97_f0.3_wd0.1_traj_s0,,add,0.1,False,0.12663227319717407,True
65980,1.1067173156511716,transformer_add97_f0.3_wd0.1_traj_s0,,add,0.1,False,0.12663227319717407,True
66980,1.1217537038938292,transformer_add97_f0.3_wd0.1_traj_s0,,add,0.1,False,0.12663227319717407,True
67980,1.1156469907683433,transformer_add97_f0.3_wd0.1_traj_s0,,add,0.1,False,0.12663227319717407,True
68980,1.1391894173202657,transformer_add97_f0.3_wd0.1_traj_s0,,add,0.1,False,0.12663227319717407,True
69980,1.1444069761463014,transformer_add97_f0.3_wd0.1_traj_s0,,add,0.1,False,0.12663227319717407,True
70980,1.1141250853078208,transformer_add97_f0.3_wd0.1_traj_s0,,add,0.1,False,0.12663227319717407,True
71980,1.10864270177429,transformer_add97_f0.3_wd0.1_traj_s0,,add,0.1,False,0.12663227319717407,True
72980,1.2275046011473103,transformer_add97_f0.3_wd0.1_traj_s0,,add,0.1,False,0.12663227319717407,True
73980,1.1232994402811831,transformer_add97_f0.3_wd0.1_traj_s0,,add,0.1,False,0.12663227319717407,True
74980,1.0975223062795805,transformer_add97_f0.3_wd0.1_traj_s0,,add,0.1,False,0.12663227319717407,True
75980,1.1238982231586945,transformer_add97_f0.3_wd0.1_traj_s0,,add,0.1,False,0.12663227319717407,True
76980,1.1549534450674497,transformer_add97_f0.3_wd0.1_traj_s0,,add,0.1,False,0.12663227319717407,True
77980,1.132760427952399,transformer_add97_f0.3_wd0.1_traj_s0,,add,0.1,False,0.12663227319717407,True
78980,1.1464271506637629,transformer_add97_f0.3_wd0.1_traj_s0,,add,0.1,False,0.12663227319717407,True
79980,1.1362431088055327,transformer_add97_f0.3_wd0.1_traj_s0,,add,0.1,False,0.12663227319717407,True
80980,1.2657461252056696,transformer_add97_f0.3_wd0.1_traj_s0,,add,0.1,False,0.12663227319717407,True
81980,1.1261711765501217,transformer_add97_f0.3_wd0.1_traj_s0,,add,0.1,False,0.12663227319717407,True
82980,1.1200729878998317,transformer_add97_f0.3_wd0.1_traj_s0,,add,0.1,False,0.12663227319717407,True
83980,1.1421180181738473,transformer_add97_f0.3_wd0.1_traj_s0,,add,0.1,False,0.12663227319717407,True
84980,1.1561710898880933,transformer_add97_f0.3_wd0.1_traj_s0,,add,0.1,False,0.12663227319717407,True
85980,1.0772206268046358,transformer_add97_f0.3_wd0.1_traj_s0,,add,0.1,False,0.12663227319717407,True
86980,1.128713503835208,transformer_add97_f0.3_wd0.1_traj_s0,,add,0.1,False,0.12663227319717407,True
87980,1.1381266358884394,transformer_add97_f0.3_wd0.1_traj_s0,,add,0.1,False,0.12663227319717407,True
88980,1.1380224404483563,transformer_add97_f0.3_wd0.1_traj_s0,,add,0.1,False,0.12663227319717407,True
89980,1.126252677293926,transformer_add97_f0.3_wd0.1_traj_s0,,add,0.1,False,0.12663227319717407,True
90980,1.0997812440738837,transformer_add97_f0.3_wd0.1_traj_s0,,add,0.1,False,0.12663227319717407,True
91980,1.1186158161311814,transformer_add97_f0.3_wd0.1_traj_s0,,add,0.1,False,0.12663227319717407,True
92980,1.0979299804066758,transformer_add97_f0.3_wd0.1_traj_s0,,add,0.1,False,0.12663227319717407,True
93980,1.1482016176287624,transformer_add97_f0.3_wd0.1_traj_s0,,add,0.1,False,0.12663227319717407,True
94980,1.1258143453611986,transformer_add97_f0.3_wd0.1_traj_s0,,add,0.1,False,0.12663227319717407,True
95980,1.1254936347508315,transformer_add97_f0.3_wd0.1_traj_s0,,add,0.1,False,0.12663227319717407,True
96980,1.098311081557556,transformer_add97_f0.3_wd0.1_traj_s0,,add,0.1,False,0.12663227319717407,True
97980,1.1281111773031327,transformer_add97_f0.3_wd0.1_traj_s0,,add,0.1,False,0.12663227319717407,True
98980,1.0750526119996058,transformer_add97_f0.3_wd0.1_traj_s0,,add,0.1,False,0.12663227319717407,True
99980,1.0747092879661002,transformer_add97_f0.3_wd0.1_traj_s0,,add,0.1,False,0.12663227319717407,True
100980,1.1922734509273232,transformer_add97_f0.3_wd0.1_traj_s0,,add,0.1,False,0.12663227319717407,True
101980,1.114176760431047,transformer_add97_f0.3_wd0.1_traj_s0,,add,0.1,False,0.12663227319717407,True
102980,1.1449723031066188,transformer_add97_f0.3_wd0.1_traj_s0,,add,0.1,False,0.12663227319717407,True
103980,1.1366169118581888,transformer_add97_f0.3_wd0.1_traj_s0,,add,0.1,False,0.12663227319717407,True
104980,1.0984258175904569,transformer_add97_f0.3_wd0.1_traj_s0,,add,0.1,False,0.12663227319717407,True
105980,1.094918191010454,transformer_add97_f0.3_wd0.1_traj_s0,,add,0.1,False,0.12663227319717407,True
106980,1.1236360484233674,transformer_add97_f0.3_wd0.1_traj_s0,,add,0.1,False,0.12663227319717407,True
107980,1.231355696978334,transformer_add97_f0.3_wd0.1_traj_s0,,add,0.1,False,0.12663227319717407,True
108980,1.118678234392784,transformer_add97_f0.3_wd0.1_traj_s0,,add,0.1,False,0.12663227319717407,True
109980,1.097225592159715,transformer_add97_f0.3_wd0.1_traj_s0,,add,0.1,False,0.12663227319717407,True
110980,1.186895644377321,transformer_add97_f0.3_wd0.1_traj_s0,,add,0.1,False,0.12663227319717407,True
111980,1.1301121960442675,transformer_add97_f0.3_wd0.1_traj_s0,,add,0.1,False,0.12663227319717407,True
112980,1.0883370969989266,transformer_add97_f0.3_wd0.1_traj_s0,,add,0.1,False,0.12663227319717407,True
113980,1.1084844527791384,transformer_add97_f0.3_wd0.1_traj_s0,,add,0.1,False,0.12663227319717407,True
114980,1.1151799894845955,transformer_add97_f0.3_wd0.1_traj_s0,,add,0.1,False,0.12663227319717407,True
115980,1.2049599324731326,transformer_add97_f0.3_wd0.1_traj_s0,,add,0.1,False,0.12663227319717407,True
116980,1.116395957716954,transformer_add97_f0.3_wd0.1_traj_s0,,add,0.1,False,0.12663227319717407,True
117980,1.1600115963912796,transformer_add97_f0.3_wd0.1_traj_s0,,add,0.1,False,0.12663227319717407,True
118980,1.0864512799688513,transformer_add97_f0.3_wd0.1_traj_s0,,add,0.1,False,0.12663227319717407,True
119980,1.0329159794762048,transformer_add97_f0.3_wd0.1_traj_s0,,add,0.1,False,0.12663227319717407,True
120980,1.0312680641382468,transformer_add97_f0.3_wd0.1_traj_s0,,add,0.1,False,0.12663227319717407,True
121980,1.0304294852761646,transformer_add97_f0.3_wd0.1_traj_s0,,add,0.1,False,0.12663227319717407,True
122980,1.0308617874590886,transformer_add97_f0.3_wd0.1_traj_s0,,add,0.1,False,0.12663227319717407,True
123980,1.030902282117054,transformer_add97_f0.3_wd0.1_traj_s0,,add,0.1,False,0.12663227319717407,True
124980,1.0314584517142675,transformer_add97_f0.3_wd0.1_traj_s0,,add,0.1,False,0.12663227319717407,True
125980,1.0323568042899034,transformer_add97_f0.3_wd0.1_traj_s0,,add,0.1,False,0.12663227319717407,True
126980,1.0331904889457928,transformer_add97_f0.3_wd0.1_traj_s0,,add,0.1,False,0.12663227319717407,True
127980,1.034470609650871,transformer_add97_f0.3_wd0.1_traj_s0,,add,0.1,False,0.12663227319717407,True
128980,1.0359347470840845,transformer_add97_f0.3_wd0.1_traj_s0,,add,0.1,False,0.12663227319717407,True
129980,1.109484756937544,transformer_add97_f0.3_wd0.1_traj_s0,,add,0.1,False,0.12663227319717407,True
130980,1.0939762936741113,transformer_add97_f0.3_wd0.1_traj_s0,,add,0.1,False,0.12663227319717407,True
131980,1.1043421339816797,transformer_add97_f0.3_wd0.1_traj_s0,,add,0.1,False,0.12663227319717407,True
132980,1.124974853872431,transformer_add97_f0.3_wd0.1_traj_s0,,add,0.1,False,0.12663227319717407,True
133980,1.0849128804396588,transformer_add97_f0.3_wd0.1_traj_s0,,add,0.1,False,0.12663227319717407,True
134980,1.0855137489458793,transformer_add97_f0.3_wd0.1_traj_s0,,add,0.1,False,0.12663227319717407,True
135980,1.105720903389588,transformer_add97_f0.3_wd0.1_traj_s0,,add,0.1,False,0.12663227319717407,True
136980,1.1256476875306536,transformer_add97_f0.3_wd0.1_traj_s0,,add,0.1,False,0.12663227319717407,True
137980,1.1124058122216,transformer_add97_f0.3_wd0.1_traj_s0,,add,0.1,False,0.12663227319717407,True
138980,1.2307845414974898,transformer_add97_f0.3_wd0.1_traj_s0,,add,0.1,False,0.12663227319717407,True
139980,1.1246078074100514,transformer_add97_f0.3_wd0.1_traj_s0,,add,0.1,False,0.12663227319717407,True
140980,1.087258300553821,transformer_add97_f0.3_wd0.1_traj_s0,,add,0.1,False,0.12663227319717407,True
141980,1.102695603987616,transformer_add97_f0.3_wd0.1_traj_s0,,add,0.1,False,0.12663227319717407,True
142980,1.0966064333891274,transformer_add97_f0.3_wd0.1_traj_s0,,add,0.1,False,0.12663227319717407,True
143980,1.0725409031243265,transformer_add97_f0.3_wd0.1_traj_s0,,add,0.1,False,0.12663227319717407,True
144980,1.1270922359996085,transformer_add97_f0.3_wd0.1_traj_s0,,add,0.1,False,0.12663227319717407,True
145980,1.1614474403144424,transformer_add97_f0.3_wd0.1_traj_s0,,add,0.1,False,0.12663227319717407,True
146980,1.0394310185854383,transformer_add97_f0.3_wd0.1_traj_s0,,add,0.1,False,0.12663227319717407,True
147980,1.0305248328899983,transformer_add97_f0.3_wd0.1_traj_s0,,add,0.1,False,0.12663227319717407,True
148980,1.0308235190851611,transformer_add97_f0.3_wd0.1_traj_s0,,add,0.1,False,0.12663227319717407,True
149980,1.0311663076096076,transformer_add97_f0.3_wd0.1_traj_s0,,add,0.1,False,0.12663227319717407,True
3980,1.389453633025867,transformer_add97_f0.3_wd0.1_traj_s1,142200.0,add,0.1,False,0.008806586265563965,True
4980,1.0462440410055664,transformer_add97_f0.3_wd0.1_traj_s1,142200.0,add,0.1,False,0.008806586265563965,True
5980,1.0448664588887064,transformer_add97_f0.3_wd0.1_traj_s1,142200.0,add,0.1,False,0.008806586265563965,True
6980,1.0337807266624008,transformer_add97_f0.3_wd0.1_traj_s1,142200.0,add,0.1,False,0.008806586265563965,True
7980,1.099483179904409,transformer_add97_f0.3_wd0.1_traj_s1,142200.0,add,0.1,False,0.008806586265563965,True
8980,1.0607348185642165,transformer_add97_f0.3_wd0.1_traj_s1,142200.0,add,0.1,False,0.008806586265563965,True
9980,1.059192807524058,transformer_add97_f0.3_wd0.1_traj_s1,142200.0,add,0.1,False,0.008806586265563965,True
10980,1.1015934733023105,transformer_add97_f0.3_wd0.1_traj_s1,142200.0,add,0.1,False,0.008806586265563965,True
11980,1.1455773650331391,transformer_add97_f0.3_wd0.1_traj_s1,142200.0,add,0.1,False,0.008806586265563965,True
12980,1.085608920846966,transformer_add97_f0.3_wd0.1_traj_s1,142200.0,add,0.1,False,0.008806586265563965,True
13980,1.1928487430564685,transformer_add97_f0.3_wd0.1_traj_s1,142200.0,add,0.1,False,0.008806586265563965,True
14980,1.1269984093837708,transformer_add97_f0.3_wd0.1_traj_s1,142200.0,add,0.1,False,0.008806586265563965,True
15980,1.165735608834302,transformer_add97_f0.3_wd0.1_traj_s1,142200.0,add,0.1,False,0.008806586265563965,True
16980,1.1512869171524718,transformer_add97_f0.3_wd0.1_traj_s1,142200.0,add,0.1,False,0.008806586265563965,True
17980,1.1961004251070684,transformer_add97_f0.3_wd0.1_traj_s1,142200.0,add,0.1,False,0.008806586265563965,True
18980,1.131540644003758,transformer_add97_f0.3_wd0.1_traj_s1,142200.0,add,0.1,False,0.008806586265563965,True
19980,1.2337632681475967,transformer_add97_f0.3_wd0.1_traj_s1,142200.0,add,0.1,False,0.008806586265563965,True
20980,1.137304628484291,transformer_add97_f0.3_wd0.1_traj_s1,142200.0,add,0.1,False,0.008806586265563965,True
21980,1.20362680241854,transformer_add97_f0.3_wd0.1_traj_s1,142200.0,add,0.1,False,0.008806586265563965,True
22980,1.1655679462182558,transformer_add97_f0.3_wd0.1_traj_s1,142200.0,add,0.1,False,0.008806586265563965,True
23980,1.2361495763773258,transformer_add97_f0.3_wd0.1_traj_s1,142200.0,add,0.1,False,0.008806586265563965,True
24980,1.143238385290043,transformer_add97_f0.3_wd0.1_traj_s1,142200.0,add,0.1,False,0.008806586265563965,True
25980,1.230983757515847,transformer_add97_f0.3_wd0.1_traj_s1,142200.0,add,0.1,False,0.008806586265563965,True
26980,1.124554790140512,transformer_add97_f0.3_wd0.1_traj_s1,142200.0,add,0.1,False,0.008806586265563965,True
27980,1.2397740444233314,transformer_add97_f0.3_wd0.1_traj_s1,142200.0,add,0.1,False,0.008806586265563965,True
28980,1.11050524663669,transformer_add97_f0.3_wd0.1_traj_s1,142200.0,add,0.1,False,0.008806586265563965,True
29980,1.1878786007465267,transformer_add97_f0.3_wd0.1_traj_s1,142200.0,add,0.1,False,0.008806586265563965,True
30980,1.090151347666954,transformer_add97_f0.3_wd0.1_traj_s1,142200.0,add,0.1,False,0.008806586265563965,True
31980,1.18573800051588,transformer_add97_f0.3_wd0.1_traj_s1,142200.0,add,0.1,False,0.008806586265563965,True
32980,1.1099032845344698,transformer_add97_f0.3_wd0.1_traj_s1,142200.0,add,0.1,False,0.008806586265563965,True
33980,1.150890807996269,transformer_add97_f0.3_wd0.1_traj_s1,142200.0,add,0.1,False,0.008806586265563965,True
34980,1.1120092447990255,transformer_add97_f0.3_wd0.1_traj_s1,142200.0,add,0.1,False,0.008806586265563965,True
35980,1.080426887388498,transformer_add97_f0.3_wd0.1_traj_s1,142200.0,add,0.1,False,0.008806586265563965,True
36980,1.1578560501364037,transformer_add97_f0.3_wd0.1_traj_s1,142200.0,add,0.1,False,0.008806586265563965,True
37980,1.1206498916287242,transformer_add97_f0.3_wd0.1_traj_s1,142200.0,add,0.1,False,0.008806586265563965,True
38980,1.0582559945887218,transformer_add97_f0.3_wd0.1_traj_s1,142200.0,add,0.1,False,0.008806586265563965,True
39980,1.1213663898739332,transformer_add97_f0.3_wd0.1_traj_s1,142200.0,add,0.1,False,0.008806586265563965,True
40980,1.0791194911704132,transformer_add97_f0.3_wd0.1_traj_s1,142200.0,add,0.1,False,0.008806586265563965,True
41980,1.2333121241906255,transformer_add97_f0.3_wd0.1_traj_s1,142200.0,add,0.1,False,0.008806586265563965,True
42980,1.1371498247095309,transformer_add97_f0.3_wd0.1_traj_s1,142200.0,add,0.1,False,0.008806586265563965,True
43980,1.101525552886313,transformer_add97_f0.3_wd0.1_traj_s1,142200.0,add,0.1,False,0.008806586265563965,True
44980,1.1289921625586945,transformer_add97_f0.3_wd0.1_traj_s1,142200.0,add,0.1,False,0.008806586265563965,True
45980,1.1341576662838675,transformer_add97_f0.3_wd0.1_traj_s1,142200.0,add,0.1,False,0.008806586265563965,True
46980,1.1268402992141024,transformer_add97_f0.3_wd0.1_traj_s1,142200.0,add,0.1,False,0.008806586265563965,True
47980,1.1890623344618627,transformer_add97_f0.3_wd0.1_traj_s1,142200.0,add,0.1,False,0.008806586265563965,True
48980,1.1246218828941843,transformer_add97_f0.3_wd0.1_traj_s1,142200.0,add,0.1,False,0.008806586265563965,True
49980,1.1752948599418849,transformer_add97_f0.3_wd0.1_traj_s1,142200.0,add,0.1,False,0.008806586265563965,True
50980,1.1012879709772887,transformer_add97_f0.3_wd0.1_traj_s1,142200.0,add,0.1,False,0.008806586265563965,True
51980,1.0452360279027393,transformer_add97_f0.3_wd0.1_traj_s1,142200.0,add,0.1,False,0.008806586265563965,True
52980,1.1490063429953634,transformer_add97_f0.3_wd0.1_traj_s1,142200.0,add,0.1,False,0.008806586265563965,True
53980,1.1014472446775063,transformer_add97_f0.3_wd0.1_traj_s1,142200.0,add,0.1,False,0.008806586265563965,True
54980,1.206935940928694,transformer_add97_f0.3_wd0.1_traj_s1,142200.0,add,0.1,False,0.008806586265563965,True
55980,1.144439916610075,transformer_add97_f0.3_wd0.1_traj_s1,142200.0,add,0.1,False,0.008806586265563965,True
56980,1.0917326620405936,transformer_add97_f0.3_wd0.1_traj_s1,142200.0,add,0.1,False,0.008806586265563965,True
57980,1.0772204538912589,transformer_add97_f0.3_wd0.1_traj_s1,142200.0,add,0.1,False,0.008806586265563965,True
58980,1.1280455873717543,transformer_add97_f0.3_wd0.1_traj_s1,142200.0,add,0.1,False,0.008806586265563965,True
59980,1.0951336146811943,transformer_add97_f0.3_wd0.1_traj_s1,142200.0,add,0.1,False,0.008806586265563965,True
60980,1.091982707166882,transformer_add97_f0.3_wd0.1_traj_s1,142200.0,add,0.1,False,0.008806586265563965,True
61980,1.100409104275352,transformer_add97_f0.3_wd0.1_traj_s1,142200.0,add,0.1,False,0.008806586265563965,True
62980,1.121014855538322,transformer_add97_f0.3_wd0.1_traj_s1,142200.0,add,0.1,False,0.008806586265563965,True
63980,1.1466246986186817,transformer_add97_f0.3_wd0.1_traj_s1,142200.0,add,0.1,False,0.008806586265563965,True
64980,1.215472881740187,transformer_add97_f0.3_wd0.1_traj_s1,142200.0,add,0.1,False,0.008806586265563965,True
65980,1.1157733056253014,transformer_add97_f0.3_wd0.1_traj_s1,142200.0,add,0.1,False,0.008806586265563965,True
66980,1.1317834490172087,transformer_add97_f0.3_wd0.1_traj_s1,142200.0,add,0.1,False,0.008806586265563965,True
67980,1.1023072235021478,transformer_add97_f0.3_wd0.1_traj_s1,142200.0,add,0.1,False,0.008806586265563965,True
68980,1.0946097777794943,transformer_add97_f0.3_wd0.1_traj_s1,142200.0,add,0.1,False,0.008806586265563965,True
69980,1.1408870600772505,transformer_add97_f0.3_wd0.1_traj_s1,142200.0,add,0.1,False,0.008806586265563965,True
70980,1.0612620924937082,transformer_add97_f0.3_wd0.1_traj_s1,142200.0,add,0.1,False,0.008806586265563965,True
71980,1.100733197999595,transformer_add97_f0.3_wd0.1_traj_s1,142200.0,add,0.1,False,0.008806586265563965,True
72980,1.0262833555663724,transformer_add97_f0.3_wd0.1_traj_s1,142200.0,add,0.1,False,0.008806586265563965,True
73980,1.0215051391565488,transformer_add97_f0.3_wd0.1_traj_s1,142200.0,add,0.1,False,0.008806586265563965,True
74980,1.0209289270238846,transformer_add97_f0.3_wd0.1_traj_s1,142200.0,add,0.1,False,0.008806586265563965,True
75980,1.0211241808214166,transformer_add97_f0.3_wd0.1_traj_s1,142200.0,add,0.1,False,0.008806586265563965,True
76980,1.0218697120976783,transformer_add97_f0.3_wd0.1_traj_s1,142200.0,add,0.1,False,0.008806586265563965,True
77980,1.0233391971280483,transformer_add97_f0.3_wd0.1_traj_s1,142200.0,add,0.1,False,0.008806586265563965,True
78980,1.024506797334635,transformer_add97_f0.3_wd0.1_traj_s1,142200.0,add,0.1,False,0.008806586265563965,True
79980,1.0419029702128209,transformer_add97_f0.3_wd0.1_traj_s1,142200.0,add,0.1,False,0.008806586265563965,True
80980,1.121346054459504,transformer_add97_f0.3_wd0.1_traj_s1,142200.0,add,0.1,False,0.008806586265563965,True
81980,1.1016542374926008,transformer_add97_f0.3_wd0.1_traj_s1,142200.0,add,0.1,False,0.008806586265563965,True
82980,1.1118074771646276,transformer_add97_f0.3_wd0.1_traj_s1,142200.0,add,0.1,False,0.008806586265563965,True
83980,1.1503193756866732,transformer_add97_f0.3_wd0.1_traj_s1,142200.0,add,0.1,False,0.008806586265563965,True
84980,1.0925084126766458,transformer_add97_f0.3_wd0.1_traj_s1,142200.0,add,0.1,False,0.008806586265563965,True
85980,1.1529652582679648,transformer_add97_f0.3_wd0.1_traj_s1,142200.0,add,0.1,False,0.008806586265563965,True
86980,1.1239600302985708,transformer_add97_f0.3_wd0.1_traj_s1,142200.0,add,0.1,False,0.008806586265563965,True
87980,1.1038465524553664,transformer_add97_f0.3_wd0.1_traj_s1,142200.0,add,0.1,False,0.008806586265563965,True
88980,1.0290453198202534,transformer_add97_f0.3_wd0.1_traj_s1,142200.0,add,0.1,False,0.008806586265563965,True
89980,1.0388836375817103,transformer_add97_f0.3_wd0.1_traj_s1,142200.0,add,0.1,False,0.008806586265563965,True
90980,1.02174786050456,transformer_add97_f0.3_wd0.1_traj_s1,142200.0,add,0.1,False,0.008806586265563965,True
91980,1.021864862444123,transformer_add97_f0.3_wd0.1_traj_s1,142200.0,add,0.1,False,0.008806586265563965,True
92980,1.0222452716596322,transformer_add97_f0.3_wd0.1_traj_s1,142200.0,add,0.1,False,0.008806586265563965,True
93980,1.0229782375891656,transformer_add97_f0.3_wd0.1_traj_s1,142200.0,add,0.1,False,0.008806586265563965,True
94980,1.0241119514853658,transformer_add97_f0.3_wd0.1_traj_s1,142200.0,add,0.1,False,0.008806586265563965,True
95980,1.0670674543539331,transformer_add97_f0.3_wd0.1_traj_s1,142200.0,add,0.1,False,0.008806586265563965,True
96980,1.0788995217595303,transformer_add97_f0.3_wd0.1_traj_s1,142200.0,add,0.1,False,0.008806586265563965,True
97980,1.1187456865121683,transformer_add97_f0.3_wd0.1_traj_s1,142200.0,add,0.1,False,0.008806586265563965,True
98980,1.1035506382618276,transformer_add97_f0.3_wd0.1_traj_s1,142200.0,add,0.1,False,0.008806586265563965,True
99980,1.0541542566383804,transformer_add97_f0.3_wd0.1_traj_s1,142200.0,add,0.1,False,0.008806586265563965,True
100980,1.1060002726721117,transformer_add97_f0.3_wd0.1_traj_s1,142200.0,add,0.1,False,0.008806586265563965,True
101980,1.1189628275812336,transformer_add97_f0.3_wd0.1_traj_s1,142200.0,add,0.1,False,0.008806586265563965,True
102980,1.13828984315988,transformer_add97_f0.3_wd0.1_traj_s1,142200.0,add,0.1,False,0.008806586265563965,True
103980,1.12888937530656,transformer_add97_f0.3_wd0.1_traj_s1,142200.0,add,0.1,False,0.008806586265563965,True
104980,1.127520077197686,transformer_add97_f0.3_wd0.1_traj_s1,142200.0,add,0.1,False,0.008806586265563965,True
105980,1.1606844123011444,transformer_add97_f0.3_wd0.1_traj_s1,142200.0,add,0.1,False,0.008806586265563965,True
106980,1.0952596063218651,transformer_add97_f0.3_wd0.1_traj_s1,142200.0,add,0.1,False,0.008806586265563965,True
107980,1.101450342902767,transformer_add97_f0.3_wd0.1_traj_s1,142200.0,add,0.1,False,0.008806586265563965,True
108980,1.142908002566129,transformer_add97_f0.3_wd0.1_traj_s1,142200.0,add,0.1,False,0.008806586265563965,True
109980,1.1050373518003591,transformer_add97_f0.3_wd0.1_traj_s1,142200.0,add,0.1,False,0.008806586265563965,True
110980,1.1198947560395158,transformer_add97_f0.3_wd0.1_traj_s1,142200.0,add,0.1,False,0.008806586265563965,True
111980,1.1429744274825198,transformer_add97_f0.3_wd0.1_traj_s1,142200.0,add,0.1,False,0.008806586265563965,True
112980,1.13874441330976,transformer_add97_f0.3_wd0.1_traj_s1,142200.0,add,0.1,False,0.008806586265563965,True
113980,1.1260337930384112,transformer_add97_f0.3_wd0.1_traj_s1,142200.0,add,0.1,False,0.008806586265563965,True
114980,1.1360009005461558,transformer_add97_f0.3_wd0.1_traj_s1,142200.0,add,0.1,False,0.008806586265563965,True
115980,1.0566878267247377,transformer_add97_f0.3_wd0.1_traj_s1,142200.0,add,0.1,False,0.008806586265563965,True
116980,1.113056565332995,transformer_add97_f0.3_wd0.1_traj_s1,142200.0,add,0.1,False,0.008806586265563965,True
117980,1.0650149277349683,transformer_add97_f0.3_wd0.1_traj_s1,142200.0,add,0.1,False,0.008806586265563965,True
118980,1.1649235621704537,transformer_add97_f0.3_wd0.1_traj_s1,142200.0,add,0.1,False,0.008806586265563965,True
119980,1.1213373417890766,transformer_add97_f0.3_wd0.1_traj_s1,142200.0,add,0.1,False,0.008806586265563965,True
120980,1.1082587874138057,transformer_add97_f0.3_wd0.1_traj_s1,142200.0,add,0.1,False,0.008806586265563965,True
121980,1.127457521226516,transformer_add97_f0.3_wd0.1_traj_s1,142200.0,add,0.1,False,0.008806586265563965,True
122980,1.1442252053626074,transformer_add97_f0.3_wd0.1_traj_s1,142200.0,add,0.1,False,0.008806586265563965,True
123980,1.2256916138760052,transformer_add97_f0.3_wd0.1_traj_s1,142200.0,add,0.1,False,0.008806586265563965,True
124980,1.1477407412878853,transformer_add97_f0.3_wd0.1_traj_s1,142200.0,add,0.1,False,0.008806586265563965,True
125980,1.106869838712479,transformer_add97_f0.3_wd0.1_traj_s1,142200.0,add,0.1,False,0.008806586265563965,True
126980,1.0954817668047856,transformer_add97_f0.3_wd0.1_traj_s1,142200.0,add,0.1,False,0.008806586265563965,True
127980,1.1458794310489802,transformer_add97_f0.3_wd0.1_traj_s1,142200.0,add,0.1,False,0.008806586265563965,True
128980,1.1078582921362905,transformer_add97_f0.3_wd0.1_traj_s1,142200.0,add,0.1,False,0.008806586265563965,True
129980,1.1170607129467467,transformer_add97_f0.3_wd0.1_traj_s1,142200.0,add,0.1,False,0.008806586265563965,True
130980,1.2345176081303637,transformer_add97_f0.3_wd0.1_traj_s1,142200.0,add,0.1,False,0.008806586265563965,True
131980,1.140873844499208,transformer_add97_f0.3_wd0.1_traj_s1,142200.0,add,0.1,False,0.008806586265563965,True
132980,1.1404189611434312,transformer_add97_f0.3_wd0.1_traj_s1,142200.0,add,0.1,False,0.008806586265563965,True
133980,1.0870720966924723,transformer_add97_f0.3_wd0.1_traj_s1,142200.0,add,0.1,False,0.008806586265563965,True
134980,1.067294766807799,transformer_add97_f0.3_wd0.1_traj_s1,142200.0,add,0.1,False,0.008806586265563965,True
135980,1.1539867804788462,transformer_add97_f0.3_wd0.1_traj_s1,142200.0,add,0.1,False,0.008806586265563965,True
136980,1.1098295181841538,transformer_add97_f0.3_wd0.1_traj_s1,142200.0,add,0.1,False,0.008806586265563965,True
137980,1.1421509907652367,transformer_add97_f0.3_wd0.1_traj_s1,142200.0,add,0.1,False,0.008806586265563965,True
138980,1.1191472665626396,transformer_add97_f0.3_wd0.1_traj_s1,142200.0,add,0.1,False,0.008806586265563965,True
139980,1.11268074130942,transformer_add97_f0.3_wd0.1_traj_s1,142200.0,add,0.1,False,0.008806586265563965,True
140980,1.1306175183067917,transformer_add97_f0.3_wd0.1_traj_s1,142200.0,add,0.1,False,0.008806586265563965,True
141980,1.1895079467268892,transformer_add97_f0.3_wd0.1_traj_s1,142200.0,add,0.1,False,0.008806586265563965,True
142980,1.0877324014068626,transformer_add97_f0.3_wd0.1_traj_s1,142200.0,add,0.1,False,0.008806586265563965,True
143980,1.130214017836196,transformer_add97_f0.3_wd0.1_traj_s1,142200.0,add,0.1,False,0.008806586265563965,True
144980,1.1227805639881674,transformer_add97_f0.3_wd0.1_traj_s1,142200.0,add,0.1,False,0.008806586265563965,True
145980,1.0391252621254994,transformer_add97_f0.3_wd0.1_traj_s1,142200.0,add,0.1,False,0.008806586265563965,True
146980,1.159818482423531,transformer_add97_f0.3_wd0.1_traj_s1,142200.0,add,0.1,False,0.008806586265563965,True
147980,1.0988949665235197,transformer_add97_f0.3_wd0.1_traj_s1,142200.0,add,0.1,False,0.008806586265563965,True
148980,1.0743114414398218,transformer_add97_f0.3_wd0.1_traj_s1,142200.0,add,0.1,False,0.008806586265563965,True
149980,1.144409643512198,transformer_add97_f0.3_wd0.1_traj_s1,142200.0,add,0.1,False,0.008806586265563965,True
3980,1.4819685969821663,transformer_add97_f0.3_wd0.1_traj_s2,137000.0,add,0.1,False,0.0,True
4980,1.0612251660091752,transformer_add97_f0.3_wd0.1_traj_s2,137000.0,add,0.1,False,0.0,True
5980,1.1058420103072013,transformer_add97_f0.3_wd0.1_traj_s2,137000.0,add,0.1,False,0.0,True
6980,1.0942717182275217,transformer_add97_f0.3_wd0.1_traj_s2,137000.0,add,0.1,False,0.0,True
7980,1.12567156348368,transformer_add97_f0.3_wd0.1_traj_s2,137000.0,add,0.1,False,0.0,True
8980,1.092268532948662,transformer_add97_f0.3_wd0.1_traj_s2,137000.0,add,0.1,False,0.0,True
9980,1.0836703988311651,transformer_add97_f0.3_wd0.1_traj_s2,137000.0,add,0.1,False,0.0,True
10980,1.1318441529494985,transformer_add97_f0.3_wd0.1_traj_s2,137000.0,add,0.1,False,0.0,True
11980,1.1401162484548155,transformer_add97_f0.3_wd0.1_traj_s2,137000.0,add,0.1,False,0.0,True
12980,1.1148274063258812,transformer_add97_f0.3_wd0.1_traj_s2,137000.0,add,0.1,False,0.0,True
13980,1.171602929469922,transformer_add97_f0.3_wd0.1_traj_s2,137000.0,add,0.1,False,0.0,True
14980,1.1539504760929078,transformer_add97_f0.3_wd0.1_traj_s2,137000.0,add,0.1,False,0.0,True
15980,1.1644366851798074,transformer_add97_f0.3_wd0.1_traj_s2,137000.0,add,0.1,False,0.0,True
16980,1.176260854766298,transformer_add97_f0.3_wd0.1_traj_s2,137000.0,add,0.1,False,0.0,True
17980,1.201222551970128,transformer_add97_f0.3_wd0.1_traj_s2,137000.0,add,0.1,False,0.0,True
18980,1.2156143226368266,transformer_add97_f0.3_wd0.1_traj_s2,137000.0,add,0.1,False,0.0,True
19980,1.1609696855418294,transformer_add97_f0.3_wd0.1_traj_s2,137000.0,add,0.1,False,0.0,True
20980,1.1849801429384084,transformer_add97_f0.3_wd0.1_traj_s2,137000.0,add,0.1,False,0.0,True
21980,1.2760986298136767,transformer_add97_f0.3_wd0.1_traj_s2,137000.0,add,0.1,False,0.0,True
22980,1.1813897033723832,transformer_add97_f0.3_wd0.1_traj_s2,137000.0,add,0.1,False,0.0,True
23980,1.126753161205161,transformer_add97_f0.3_wd0.1_traj_s2,137000.0,add,0.1,False,0.0,True
24980,1.2389299269642888,transformer_add97_f0.3_wd0.1_traj_s2,137000.0,add,0.1,False,0.0,True
25980,1.1505020148547416,transformer_add97_f0.3_wd0.1_traj_s2,137000.0,add,0.1,False,0.0,True
26980,1.2176340078357497,transformer_add97_f0.3_wd0.1_traj_s2,137000.0,add,0.1,False,0.0,True
27980,1.3490702888134682,transformer_add97_f0.3_wd0.1_traj_s2,137000.0,add,0.1,False,0.0,True
28980,1.2012573446231891,transformer_add97_f0.3_wd0.1_traj_s2,137000.0,add,0.1,False,0.0,True
29980,1.1783008665590105,transformer_add97_f0.3_wd0.1_traj_s2,137000.0,add,0.1,False,0.0,True
30980,1.269735165014106,transformer_add97_f0.3_wd0.1_traj_s2,137000.0,add,0.1,False,0.0,True
31980,1.1553630112846556,transformer_add97_f0.3_wd0.1_traj_s2,137000.0,add,0.1,False,0.0,True
32980,1.1540947795049668,transformer_add97_f0.3_wd0.1_traj_s2,137000.0,add,0.1,False,0.0,True
33980,1.101688489291471,transformer_add97_f0.3_wd0.1_traj_s2,137000.0,add,0.1,False,0.0,True
34980,1.1620636159222466,transformer_add97_f0.3_wd0.1_traj_s2,137000.0,add,0.1,False,0.0,True
35980,1.1540426423055494,transformer_add97_f0.3_wd0.1_traj_s2,137000.0,add,0.1,False,0.0,True
36980,1.1709548207527838,transformer_add97_f0.3_wd0.1_traj_s2,137000.0,add,0.1,False,0.0,True
37980,1.1279349894844786,transformer_add97_f0.3_wd0.1_traj_s2,137000.0,add,0.1,False,0.0,True
38980,1.1039404734564742,transformer_add97_f0.3_wd0.1_traj_s2,137000.0,add,0.1,False,0.0,True
39980,1.2069356610801627,transformer_add97_f0.3_wd0.1_traj_s2,137000.0,add,0.1,False,0.0,True
40980,1.2024426495768952,transformer_add97_f0.3_wd0.1_traj_s2,137000.0,add,0.1,False,0.0,True
41980,1.1323362919298408,transformer_add97_f0.3_wd0.1_traj_s2,137000.0,add,0.1,False,0.0,True
42980,1.1175296529654066,transformer_add97_f0.3_wd0.1_traj_s2,137000.0,add,0.1,False,0.0,True
43980,1.1116732568610712,transformer_add97_f0.3_wd0.1_traj_s2,137000.0,add,0.1,False,0.0,True
44980,1.130910505420224,transformer_add97_f0.3_wd0.1_traj_s2,137000.0,add,0.1,False,0.0,True
45980,1.1452424604220008,transformer_add97_f0.3_wd0.1_traj_s2,137000.0,add,0.1,False,0.0,True
46980,1.0899072356029649,transformer_add97_f0.3_wd0.1_traj_s2,137000.0,add,0.1,False,0.0,True
47980,1.240369422212051,transformer_add97_f0.3_wd0.1_traj_s2,137000.0,add,0.1,False,0.0,True
48980,1.1887989597003128,transformer_add97_f0.3_wd0.1_traj_s2,137000.0,add,0.1,False,0.0,True
49980,1.1278316689629366,transformer_add97_f0.3_wd0.1_traj_s2,137000.0,add,0.1,False,0.0,True
50980,1.0895406236588936,transformer_add97_f0.3_wd0.1_traj_s2,137000.0,add,0.1,False,0.0,True
51980,1.1417981029852613,transformer_add97_f0.3_wd0.1_traj_s2,137000.0,add,0.1,False,0.0,True
52980,1.1298105088712764,transformer_add97_f0.3_wd0.1_traj_s2,137000.0,add,0.1,False,0.0,True
53980,1.1385215125642505,transformer_add97_f0.3_wd0.1_traj_s2,137000.0,add,0.1,False,0.0,True
54980,1.0723363831706862,transformer_add97_f0.3_wd0.1_traj_s2,137000.0,add,0.1,False,0.0,True
55980,1.1277904072525888,transformer_add97_f0.3_wd0.1_traj_s2,137000.0,add,0.1,False,0.0,True
56980,1.1361266003315946,transformer_add97_f0.3_wd0.1_traj_s2,137000.0,add,0.1,False,0.0,True
57980,1.0762262390771884,transformer_add97_f0.3_wd0.1_traj_s2,137000.0,add,0.1,False,0.0,True
58980,1.3331323492768044,transformer_add97_f0.3_wd0.1_traj_s2,137000.0,add,0.1,False,0.0,True
59980,1.150363119098908,transformer_add97_f0.3_wd0.1_traj_s2,137000.0,add,0.1,False,0.0,True
60980,1.1211423109064207,transformer_add97_f0.3_wd0.1_traj_s2,137000.0,add,0.1,False,0.0,True
61980,1.1984968925135833,transformer_add97_f0.3_wd0.1_traj_s2,137000.0,add,0.1,False,0.0,True
62980,1.1647315597868202,transformer_add97_f0.3_wd0.1_traj_s2,137000.0,add,0.1,False,0.0,True
63980,1.1514672342490195,transformer_add97_f0.3_wd0.1_traj_s2,137000.0,add,0.1,False,0.0,True
64980,1.1424366450446055,transformer_add97_f0.3_wd0.1_traj_s2,137000.0,add,0.1,False,0.0,True
65980,1.1431323837934508,transformer_add97_f0.3_wd0.1_traj_s2,137000.0,add,0.1,False,0.0,True
66980,1.118316082830804,transformer_add97_f0.3_wd0.1_traj_s2,137000.0,add,0.1,False,0.0,True
67980,1.184227863777903,transformer_add97_f0.3_wd0.1_traj_s2,137000.0,add,0.1,False,0.0,True
68980,1.0966945647914197,transformer_add97_f0.3_wd0.1_traj_s2,137000.0,add,0.1,False,0.0,True
69980,1.2432514976145668,transformer_add97_f0.3_wd0.1_traj_s2,137000.0,add,0.1,False,0.0,True
70980,1.1765697066769394,transformer_add97_f0.3_wd0.1_traj_s2,137000.0,add,0.1,False,0.0,True
71980,1.1178768472668892,transformer_add97_f0.3_wd0.1_traj_s2,137000.0,add,0.1,False,0.0,True
72980,1.1470780662242297,transformer_add97_f0.3_wd0.1_traj_s2,137000.0,add,0.1,False,0.0,True
73980,1.075783933824724,transformer_add97_f0.3_wd0.1_traj_s2,137000.0,add,0.1,False,0.0,True
74980,1.16320852099972,transformer_add97_f0.3_wd0.1_traj_s2,137000.0,add,0.1,False,0.0,True
75980,1.1326549058247606,transformer_add97_f0.3_wd0.1_traj_s2,137000.0,add,0.1,False,0.0,True
76980,1.084288035067442,transformer_add97_f0.3_wd0.1_traj_s2,137000.0,add,0.1,False,0.0,True
77980,1.3134106867506017,transformer_add97_f0.3_wd0.1_traj_s2,137000.0,add,0.1,False,0.0,True
78980,1.2116679414556348,transformer_add97_f0.3_wd0.1_traj_s2,137000.0,add,0.1,False,0.0,True
79980,1.12930582577059,transformer_add97_f0.3_wd0.1_traj_s2,137000.0,add,0.1,False,0.0,True
80980,1.1003780828113976,transformer_add97_f0.3_wd0.1_traj_s2,137000.0,add,0.1,False,0.0,True
81980,1.1292303179738532,transformer_add97_f0.3_wd0.1_traj_s2,137000.0,add,0.1,False,0.0,True
82980,1.13863683651348,transformer_add97_f0.3_wd0.1_traj_s2,137000.0,add,0.1,False,0.0,True
83980,1.1854428697909405,transformer_add97_f0.3_wd0.1_traj_s2,137000.0,add,0.1,False,0.0,True
84980,1.1028099457619018,transformer_add97_f0.3_wd0.1_traj_s2,137000.0,add,0.1,False,0.0,True
85980,1.10333390962752,transformer_add97_f0.3_wd0.1_traj_s2,137000.0,add,0.1,False,0.0,True
86980,1.106892012073408,transformer_add97_f0.3_wd0.1_traj_s2,137000.0,add,0.1,False,0.0,True
87980,1.1121024633033818,transformer_add97_f0.3_wd0.1_traj_s2,137000.0,add,0.1,False,0.0,True
88980,1.155993194245919,transformer_add97_f0.3_wd0.1_traj_s2,137000.0,add,0.1,False,0.0,True
89980,1.1952623842006171,transformer_add97_f0.3_wd0.1_traj_s2,137000.0,add,0.1,False,0.0,True
90980,1.26430447668466,transformer_add97_f0.3_wd0.1_traj_s2,137000.0,add,0.1,False,0.0,True
91980,1.116863328341983,transformer_add97_f0.3_wd0.1_traj_s2,137000.0,add,0.1,False,0.0,True
92980,1.2177510470983672,transformer_add97_f0.3_wd0.1_traj_s2,137000.0,add,0.1,False,0.0,True
93980,1.1156140855365568,transformer_add97_f0.3_wd0.1_traj_s2,137000.0,add,0.1,False,0.0,True
94980,1.1215645178266114,transformer_add97_f0.3_wd0.1_traj_s2,137000.0,add,0.1,False,0.0,True
95980,1.197629845812301,transformer_add97_f0.3_wd0.1_traj_s2,137000.0,add,0.1,False,0.0,True
96980,1.1541540543953968,transformer_add97_f0.3_wd0.1_traj_s2,137000.0,add,0.1,False,0.0,True
97980,1.1000446048263584,transformer_add97_f0.3_wd0.1_traj_s2,137000.0,add,0.1,False,0.0,True
98980,1.1626790681710508,transformer_add97_f0.3_wd0.1_traj_s2,137000.0,add,0.1,False,0.0,True
99980,1.119896818104697,transformer_add97_f0.3_wd0.1_traj_s2,137000.0,add,0.1,False,0.0,True
100980,1.14689736409829,transformer_add97_f0.3_wd0.1_traj_s2,137000.0,add,0.1,False,0.0,True
101980,1.1147783816103214,transformer_add97_f0.3_wd0.1_traj_s2,137000.0,add,0.1,False,0.0,True
102980,1.1410006256672294,transformer_add97_f0.3_wd0.1_traj_s2,137000.0,add,0.1,False,0.0,True
103980,1.1305759098687096,transformer_add97_f0.3_wd0.1_traj_s2,137000.0,add,0.1,False,0.0,True
104980,1.1095440011257889,transformer_add97_f0.3_wd0.1_traj_s2,137000.0,add,0.1,False,0.0,True
105980,1.111962113941121,transformer_add97_f0.3_wd0.1_traj_s2,137000.0,add,0.1,False,0.0,True
106980,1.1161546859289655,transformer_add97_f0.3_wd0.1_traj_s2,137000.0,add,0.1,False,0.0,True
107980,1.0829319947003069,transformer_add97_f0.3_wd0.1_traj_s2,137000.0,add,0.1,False,0.0,True
108980,1.089837328383761,transformer_add97_f0.3_wd0.1_traj_s2,137000.0,add,0.1,False,0.0,True
109980,1.0477213016636615,transformer_add97_f0.3_wd0.1_traj_s2,137000.0,add,0.1,False,0.0,True
110980,1.0392022877043792,transformer_add97_f0.3_wd0.1_traj_s2,137000.0,add,0.1,False,0.0,True
111980,1.0388617132877456,transformer_add97_f0.3_wd0.1_traj_s2,137000.0,add,0.1,False,0.0,True
112980,1.0392574305274926,transformer_add97_f0.3_wd0.1_traj_s2,137000.0,add,0.1,False,0.0,True
113980,1.039506785424024,transformer_add97_f0.3_wd0.1_traj_s2,137000.0,add,0.1,False,0.0,True
114980,1.0402777222463997,transformer_add97_f0.3_wd0.1_traj_s2,137000.0,add,0.1,False,0.0,True
115980,1.041416399314349,transformer_add97_f0.3_wd0.1_traj_s2,137000.0,add,0.1,False,0.0,True
116980,1.0435892762381294,transformer_add97_f0.3_wd0.1_traj_s2,137000.0,add,0.1,False,0.0,True
117980,1.0457157571502838,transformer_add97_f0.3_wd0.1_traj_s2,137000.0,add,0.1,False,0.0,True
118980,1.0474681019810586,transformer_add97_f0.3_wd0.1_traj_s2,137000.0,add,0.1,False,0.0,True
119980,1.0484040097555023,transformer_add97_f0.3_wd0.1_traj_s2,137000.0,add,0.1,False,0.0,True
120980,1.0485950278611056,transformer_add97_f0.3_wd0.1_traj_s2,137000.0,add,0.1,False,0.0,True
121980,1.0488433145706315,transformer_add97_f0.3_wd0.1_traj_s2,137000.0,add,0.1,False,0.0,True
122980,1.0500951360544832,transformer_add97_f0.3_wd0.1_traj_s2,137000.0,add,0.1,False,0.0,True
123980,1.1466483219063837,transformer_add97_f0.3_wd0.1_traj_s2,137000.0,add,0.1,False,0.0,True
124980,1.1143183135001151,transformer_add97_f0.3_wd0.1_traj_s2,137000.0,add,0.1,False,0.0,True
125980,1.1210098641176518,transformer_add97_f0.3_wd0.1_traj_s2,137000.0,add,0.1,False,0.0,True
126980,1.1294710191920507,transformer_add97_f0.3_wd0.1_traj_s2,137000.0,add,0.1,False,0.0,True
127980,1.1961083218389363,transformer_add97_f0.3_wd0.1_traj_s2,137000.0,add,0.1,False,0.0,True
128980,1.311555780294352,transformer_add97_f0.3_wd0.1_traj_s2,137000.0,add,0.1,False,0.0,True
129980,1.1607860898060085,transformer_add97_f0.3_wd0.1_traj_s2,137000.0,add,0.1,False,0.0,True
130980,1.1876893830882982,transformer_add97_f0.3_wd0.1_traj_s2,137000.0,add,0.1,False,0.0,True
131980,1.1276323894643328,transformer_add97_f0.3_wd0.1_traj_s2,137000.0,add,0.1,False,0.0,True
132980,1.1217237527459891,transformer_add97_f0.3_wd0.1_traj_s2,137000.0,add,0.1,False,0.0,True
133980,1.0731963049510986,transformer_add97_f0.3_wd0.1_traj_s2,137000.0,add,0.1,False,0.0,True
134980,1.0716817940459569,transformer_add97_f0.3_wd0.1_traj_s2,137000.0,add,0.1,False,0.0,True
135980,1.1575775909930162,transformer_add97_f0.3_wd0.1_traj_s2,137000.0,add,0.1,False,0.0,True
136980,1.1573804504285747,transformer_add97_f0.3_wd0.1_traj_s2,137000.0,add,0.1,False,0.0,True
137980,1.084829509794814,transformer_add97_f0.3_wd0.1_traj_s2,137000.0,add,0.1,False,0.0,True
138980,1.1054753920399387,transformer_add97_f0.3_wd0.1_traj_s2,137000.0,add,0.1,False,0.0,True
139980,1.1003593941806498,transformer_add97_f0.3_wd0.1_traj_s2,137000.0,add,0.1,False,0.0,True
140980,1.0902242023260278,transformer_add97_f0.3_wd0.1_traj_s2,137000.0,add,0.1,False,0.0,True
141980,1.2790912209209568,transformer_add97_f0.3_wd0.1_traj_s2,137000.0,add,0.1,False,0.0,True
142980,1.1113347448025954,transformer_add97_f0.3_wd0.1_traj_s2,137000.0,add,0.1,False,0.0,True
143980,1.0753244017170236,transformer_add97_f0.3_wd0.1_traj_s2,137000.0,add,0.1,False,0.0,True
144980,1.2262930002593944,transformer_add97_f0.3_wd0.1_traj_s2,137000.0,add,0.1,False,0.0,True
145980,1.207708213850643,transformer_add97_f0.3_wd0.1_traj_s2,137000.0,add,0.1,False,0.0,True
146980,1.1036261510514824,transformer_add97_f0.3_wd0.1_traj_s2,137000.0,add,0.1,False,0.0,True
147980,1.069032806012594,transformer_add97_f0.3_wd0.1_traj_s2,137000.0,add,0.1,False,0.0,True
148980,1.0627949948667208,transformer_add97_f0.3_wd0.1_traj_s2,137000.0,add,0.1,False,0.0,True
149980,1.0490444126960567,transformer_add97_f0.3_wd0.1_traj_s2,137000.0,add,0.1,False,0.0,True
3980,1.3645189487395115,transformer_add97_f0.3_wd0.1_traj_s3,,add,0.1,False,0.6415123045444489,True
4980,1.071690908340313,transformer_add97_f0.3_wd0.1_traj_s3,,add,0.1,False,0.6415123045444489,True
5980,1.1079046559762955,transformer_add97_f0.3_wd0.1_traj_s3,,add,0.1,False,0.6415123045444489,True
6980,1.1279130873608914,transformer_add97_f0.3_wd0.1_traj_s3,,add,0.1,False,0.6415123045444489,True
7980,1.0704453093853186,transformer_add97_f0.3_wd0.1_traj_s3,,add,0.1,False,0.6415123045444489,True
8980,1.131649350485596,transformer_add97_f0.3_wd0.1_traj_s3,,add,0.1,False,0.6415123045444489,True
9980,1.1690678449189025,transformer_add97_f0.3_wd0.1_traj_s3,,add,0.1,False,0.6415123045444489,True
10980,1.0743777773696708,transformer_add97_f0.3_wd0.1_traj_s3,,add,0.1,False,0.6415123045444489,True
11980,1.177084714456038,transformer_add97_f0.3_wd0.1_traj_s3,,add,0.1,False,0.6415123045444489,True
12980,1.1216381783827614,transformer_add97_f0.3_wd0.1_traj_s3,,add,0.1,False,0.6415123045444489,True
13980,1.2073455444187369,transformer_add97_f0.3_wd0.1_traj_s3,,add,0.1,False,0.6415123045444489,True
14980,1.157907848268813,transformer_add97_f0.3_wd0.1_traj_s3,,add,0.1,False,0.6415123045444489,True
15980,1.1636824235069885,transformer_add97_f0.3_wd0.1_traj_s3,,add,0.1,False,0.6415123045444489,True
16980,1.1380010086010572,transformer_add97_f0.3_wd0.1_traj_s3,,add,0.1,False,0.6415123045444489,True
17980,1.2371458497146617,transformer_add97_f0.3_wd0.1_traj_s3,,add,0.1,False,0.6415123045444489,True
18980,1.185848055899792,transformer_add97_f0.3_wd0.1_traj_s3,,add,0.1,False,0.6415123045444489,True
19980,1.2413434522796911,transformer_add97_f0.3_wd0.1_traj_s3,,add,0.1,False,0.6415123045444489,True
20980,1.1547888697427813,transformer_add97_f0.3_wd0.1_traj_s3,,add,0.1,False,0.6415123045444489,True
21980,1.1732249530170111,transformer_add97_f0.3_wd0.1_traj_s3,,add,0.1,False,0.6415123045444489,True
22980,1.1762864392916632,transformer_add97_f0.3_wd0.1_traj_s3,,add,0.1,False,0.6415123045444489,True
23980,1.2569679077395646,transformer_add97_f0.3_wd0.1_traj_s3,,add,0.1,False,0.6415123045444489,True
24980,1.3570010323495618,transformer_add97_f0.3_wd0.1_traj_s3,,add,0.1,False,0.6415123045444489,True
25980,1.21715861925604,transformer_add97_f0.3_wd0.1_traj_s3,,add,0.1,False,0.6415123045444489,True
26980,1.137829738211262,transformer_add97_f0.3_wd0.1_traj_s3,,add,0.1,False,0.6415123045444489,True
27980,1.1548947490890062,transformer_add97_f0.3_wd0.1_traj_s3,,add,0.1,False,0.6415123045444489,True
28980,1.1278830006129732,transformer_add97_f0.3_wd0.1_traj_s3,,add,0.1,False,0.6415123045444489,True
29980,1.2096156122056576,transformer_add97_f0.3_wd0.1_traj_s3,,add,0.1,False,0.6415123045444489,True
30980,1.159079597259992,transformer_add97_f0.3_wd0.1_traj_s3,,add,0.1,False,0.6415123045444489,True
31980,1.10893353994926,transformer_add97_f0.3_wd0.1_traj_s3,,add,0.1,False,0.6415123045444489,True
32980,1.1589789599256484,transformer_add97_f0.3_wd0.1_traj_s3,,add,0.1,False,0.6415123045444489,True
33980,1.099700450554183,transformer_add97_f0.3_wd0.1_traj_s3,,add,0.1,False,0.6415123045444489,True
34980,1.0503619129750568,transformer_add97_f0.3_wd0.1_traj_s3,,add,0.1,False,0.6415123045444489,True
35980,1.056383949116028,transformer_add97_f0.3_wd0.1_traj_s3,,add,0.1,False,0.6415123045444489,True
36980,1.0529837963644304,transformer_add97_f0.3_wd0.1_traj_s3,,add,0.1,False,0.6415123045444489,True
37980,1.0525751256166382,transformer_add97_f0.3_wd0.1_traj_s3,,add,0.1,False,0.6415123045444489,True
38980,1.0527414873699643,transformer_add97_f0.3_wd0.1_traj_s3,,add,0.1,False,0.6415123045444489,True
39980,1.0532924594768982,transformer_add97_f0.3_wd0.1_traj_s3,,add,0.1,False,0.6415123045444489,True
40980,1.0543986270051235,transformer_add97_f0.3_wd0.1_traj_s3,,add,0.1,False,0.6415123045444489,True
41980,1.055948837503248,transformer_add97_f0.3_wd0.1_traj_s3,,add,0.1,False,0.6415123045444489,True
42980,1.0585383846801155,transformer_add97_f0.3_wd0.1_traj_s3,,add,0.1,False,0.6415123045444489,True
43980,1.1077733973876347,transformer_add97_f0.3_wd0.1_traj_s3,,add,0.1,False,0.6415123045444489,True
44980,1.321894541483693,transformer_add97_f0.3_wd0.1_traj_s3,,add,0.1,False,0.6415123045444489,True
45980,1.0823549145039464,transformer_add97_f0.3_wd0.1_traj_s3,,add,0.1,False,0.6415123045444489,True
46980,1.0914737742555431,transformer_add97_f0.3_wd0.1_traj_s3,,add,0.1,False,0.6415123045444489,True
47980,1.2029855610158762,transformer_add97_f0.3_wd0.1_traj_s3,,add,0.1,False,0.6415123045444489,True
48980,1.129493379296593,transformer_add97_f0.3_wd0.1_traj_s3,,add,0.1,False,0.6415123045444489,True
49980,1.1145579249534712,transformer_add97_f0.3_wd0.1_traj_s3,,add,0.1,False,0.6415123045444489,True
50980,1.2286127205652344,transformer_add97_f0.3_wd0.1_traj_s3,,add,0.1,False,0.6415123045444489,True
51980,1.1379525271081978,transformer_add97_f0.3_wd0.1_traj_s3,,add,0.1,False,0.6415123045444489,True
52980,1.0933432154624394,transformer_add97_f0.3_wd0.1_traj_s3,,add,0.1,False,0.6415123045444489,True
53980,1.197935645574979,transformer_add97_f0.3_wd0.1_traj_s3,,add,0.1,False,0.6415123045444489,True
54980,1.1396112042092392,transformer_add97_f0.3_wd0.1_traj_s3,,add,0.1,False,0.6415123045444489,True
55980,1.111059209167503,transformer_add97_f0.3_wd0.1_traj_s3,,add,0.1,False,0.6415123045444489,True
56980,1.0989907800053365,transformer_add97_f0.3_wd0.1_traj_s3,,add,0.1,False,0.6415123045444489,True
57980,1.1550392364211903,transformer_add97_f0.3_wd0.1_traj_s3,,add,0.1,False,0.6415123045444489,True
58980,1.129120445051364,transformer_add97_f0.3_wd0.1_traj_s3,,add,0.1,False,0.6415123045444489,True
59980,1.1435062183025708,transformer_add97_f0.3_wd0.1_traj_s3,,add,0.1,False,0.6415123045444489,True
60980,1.1468934526760148,transformer_add97_f0.3_wd0.1_traj_s3,,add,0.1,False,0.6415123045444489,True
61980,1.0569780218661835,transformer_add97_f0.3_wd0.1_traj_s3,,add,0.1,False,0.6415123045444489,True
62980,1.0515521953903273,transformer_add97_f0.3_wd0.1_traj_s3,,add,0.1,False,0.6415123045444489,True
63980,1.0549003253060385,transformer_add97_f0.3_wd0.1_traj_s3,,add,0.1,False,0.6415123045444489,True
64980,1.0527797308423532,transformer_add97_f0.3_wd0.1_traj_s3,,add,0.1,False,0.6415123045444489,True
65980,1.0534089313360426,transformer_add97_f0.3_wd0.1_traj_s3,,add,0.1,False,0.6415123045444489,True
66980,1.1136727799655195,transformer_add97_f0.3_wd0.1_traj_s3,,add,0.1,False,0.6415123045444489,True
67980,1.0957711788945774,transformer_add97_f0.3_wd0.1_traj_s3,,add,0.1,False,0.6415123045444489,True
68980,1.142716789385793,transformer_add97_f0.3_wd0.1_traj_s3,,add,0.1,False,0.6415123045444489,True
69980,1.125525184652571,transformer_add97_f0.3_wd0.1_traj_s3,,add,0.1,False,0.6415123045444489,True
70980,1.1291793176851488,transformer_add97_f0.3_wd0.1_traj_s3,,add,0.1,False,0.6415123045444489,True
71980,1.2958638200046786,transformer_add97_f0.3_wd0.1_traj_s3,,add,0.1,False,0.6415123045444489,True
72980,1.2191654478060066,transformer_add97_f0.3_wd0.1_traj_s3,,add,0.1,False,0.6415123045444489,True
73980,1.123329820790537,transformer_add97_f0.3_wd0.1_traj_s3,,add,0.1,False,0.6415123045444489,True
74980,1.1767160503770864,transformer_add97_f0.3_wd0.1_traj_s3,,add,0.1,False,0.6415123045444489,True
75980,1.1488133414775683,transformer_add97_f0.3_wd0.1_traj_s3,,add,0.1,False,0.6415123045444489,True
76980,1.1343101748953732,transformer_add97_f0.3_wd0.1_traj_s3,,add,0.1,False,0.6415123045444489,True
77980,1.300260765626326,transformer_add97_f0.3_wd0.1_traj_s3,,add,0.1,False,0.6415123045444489,True
78980,1.1140108349871134,transformer_add97_f0.3_wd0.1_traj_s3,,add,0.1,False,0.6415123045444489,True
79980,1.1196974053075592,transformer_add97_f0.3_wd0.1_traj_s3,,add,0.1,False,0.6415123045444489,True
80980,1.1453899010691386,transformer_add97_f0.3_wd0.1_traj_s3,,add,0.1,False,0.6415123045444489,True
81980,1.0944708564995822,transformer_add97_f0.3_wd0.1_traj_s3,,add,0.1,False,0.6415123045444489,True
82980,1.133882142999411,transformer_add97_f0.3_wd0.1_traj_s3,,add,0.1,False,0.6415123045444489,True
83980,1.1443152847304958,transformer_add97_f0.3_wd0.1_traj_s3,,add,0.1,False,0.6415123045444489,True
84980,1.0896195498299337,transformer_add97_f0.3_wd0.1_traj_s3,,add,0.1,False,0.6415123045444489,True
85980,1.2435732443629977,transformer_add97_f0.3_wd0.1_traj_s3,,add,0.1,False,0.6415123045444489,True
86980,1.1123502004414716,transformer_add97_f0.3_wd0.1_traj_s3,,add,0.1,False,0.6415123045444489,True
87980,1.1519355971001772,transformer_add97_f0.3_wd0.1_traj_s3,,add,0.1,False,0.6415123045444489,True
88980,1.2684337831907275,transformer_add97_f0.3_wd0.1_traj_s3,,add,0.1,False,0.6415123045444489,True
89980,1.1015838157338032,transformer_add97_f0.3_wd0.1_traj_s3,,add,0.1,False,0.6415123045444489,True
90980,1.147327376042407,transformer_add97_f0.3_wd0.1_traj_s3,,add,0.1,False,0.6415123045444489,True
91980,1.25923687375376,transformer_add97_f0.3_wd0.1_traj_s3,,add,0.1,False,0.6415123045444489,True
92980,1.1053019973693616,transformer_add97_f0.3_wd0.1_traj_s3,,add,0.1,False,0.6415123045444489,True
93980,1.0932994946966854,transformer_add97_f0.3_wd0.1_traj_s3,,add,0.1,False,0.6415123045444489,True
94980,1.202397471853995,transformer_add97_f0.3_wd0.1_traj_s3,,add,0.1,False,0.6415123045444489,True
95980,1.1012040976342647,transformer_add97_f0.3_wd0.1_traj_s3,,add,0.1,False,0.6415123045444489,True
96980,1.1724563060273878,transformer_add97_f0.3_wd0.1_traj_s3,,add,0.1,False,0.6415123045444489,True
97980,1.116443048290201,transformer_add97_f0.3_wd0.1_traj_s3,,add,0.1,False,0.6415123045444489,True
98980,1.1209650144211625,transformer_add97_f0.3_wd0.1_traj_s3,,add,0.1,False,0.6415123045444489,True
99980,1.285675389225594,transformer_add97_f0.3_wd0.1_traj_s3,,add,0.1,False,0.6415123045444489,True
100980,1.1480488192290044,transformer_add97_f0.3_wd0.1_traj_s3,,add,0.1,False,0.6415123045444489,True
101980,1.0781452976399906,transformer_add97_f0.3_wd0.1_traj_s3,,add,0.1,False,0.6415123045444489,True
102980,1.0978982388293246,transformer_add97_f0.3_wd0.1_traj_s3,,add,0.1,False,0.6415123045444489,True
103980,1.1177365769021737,transformer_add97_f0.3_wd0.1_traj_s3,,add,0.1,False,0.6415123045444489,True
104980,1.27292551710021,transformer_add97_f0.3_wd0.1_traj_s3,,add,0.1,False,0.6415123045444489,True
105980,1.1077402819840134,transformer_add97_f0.3_wd0.1_traj_s3,,add,0.1,False,0.6415123045444489,True
106980,1.2613739688363963,transformer_add97_f0.3_wd0.1_traj_s3,,add,0.1,False,0.6415123045444489,True
107980,1.223485121107019,transformer_add97_f0.3_wd0.1_traj_s3,,add,0.1,False,0.6415123045444489,True
108980,1.1637559576639895,transformer_add97_f0.3_wd0.1_traj_s3,,add,0.1,False,0.6415123045444489,True
109980,1.1214646876071033,transformer_add97_f0.3_wd0.1_traj_s3,,add,0.1,False,0.6415123045444489,True
110980,1.1246261796915058,transformer_add97_f0.3_wd0.1_traj_s3,,add,0.1,False,0.6415123045444489,True
111980,1.1104139592488378,transformer_add97_f0.3_wd0.1_traj_s3,,add,0.1,False,0.6415123045444489,True
112980,1.098581946296449,transformer_add97_f0.3_wd0.1_traj_s3,,add,0.1,False,0.6415123045444489,True
113980,1.161774693771689,transformer_add97_f0.3_wd0.1_traj_s3,,add,0.1,False,0.6415123045444489,True
114980,1.2418241212517656,transformer_add97_f0.3_wd0.1_traj_s3,,add,0.1,False,0.6415123045444489,True
115980,1.11041031579244,transformer_add97_f0.3_wd0.1_traj_s3,,add,0.1,False,0.6415123045444489,True
116980,1.2410920319010663,transformer_add97_f0.3_wd0.1_traj_s3,,add,0.1,False,0.6415123045444489,True
117980,1.1598336270854273,transformer_add97_f0.3_wd0.1_traj_s3,,add,0.1,False,0.6415123045444489,True
118980,1.1594445691623845,transformer_add97_f0.3_wd0.1_traj_s3,,add,0.1,False,0.6415123045444489,True
119980,1.2745784422012902,transformer_add97_f0.3_wd0.1_traj_s3,,add,0.1,False,0.6415123045444489,True
120980,1.094874762800101,transformer_add97_f0.3_wd0.1_traj_s3,,add,0.1,False,0.6415123045444489,True
121980,1.209249244983727,transformer_add97_f0.3_wd0.1_traj_s3,,add,0.1,False,0.6415123045444489,True
122980,1.1137080030650106,transformer_add97_f0.3_wd0.1_traj_s3,,add,0.1,False,0.6415123045444489,True
123980,1.1666024758250535,transformer_add97_f0.3_wd0.1_traj_s3,,add,0.1,False,0.6415123045444489,True
124980,1.1512966817483048,transformer_add97_f0.3_wd0.1_traj_s3,,add,0.1,False,0.6415123045444489,True
125980,1.1072261636906893,transformer_add97_f0.3_wd0.1_traj_s3,,add,0.1,False,0.6415123045444489,True
126980,1.2821209710511814,transformer_add97_f0.3_wd0.1_traj_s3,,add,0.1,False,0.6415123045444489,True
127980,1.1848355080926845,transformer_add97_f0.3_wd0.1_traj_s3,,add,0.1,False,0.6415123045444489,True
128980,1.1121482355253185,transformer_add97_f0.3_wd0.1_traj_s3,,add,0.1,False,0.6415123045444489,True
129980,1.2212214181887058,transformer_add97_f0.3_wd0.1_traj_s3,,add,0.1,False,0.6415123045444489,True
130980,1.1335531145957245,transformer_add97_f0.3_wd0.1_traj_s3,,add,0.1,False,0.6415123045444489,True
131980,1.1462654112048996,transformer_add97_f0.3_wd0.1_traj_s3,,add,0.1,False,0.6415123045444489,True
132980,1.2829670677956833,transformer_add97_f0.3_wd0.1_traj_s3,,add,0.1,False,0.6415123045444489,True
133980,1.1356916321264978,transformer_add97_f0.3_wd0.1_traj_s3,,add,0.1,False,0.6415123045444489,True
134980,1.236210481476741,transformer_add97_f0.3_wd0.1_traj_s3,,add,0.1,False,0.6415123045444489,True
135980,1.255126385218221,transformer_add97_f0.3_wd0.1_traj_s3,,add,0.1,False,0.6415123045444489,True
136980,1.1228568472757898,transformer_add97_f0.3_wd0.1_traj_s3,,add,0.1,False,0.6415123045444489,True
137980,1.2204369843275036,transformer_add97_f0.3_wd0.1_traj_s3,,add,0.1,False,0.6415123045444489,True
138980,1.1054792861302962,transformer_add97_f0.3_wd0.1_traj_s3,,add,0.1,False,0.6415123045444489,True
139980,1.1269818503987623,transformer_add97_f0.3_wd0.1_traj_s3,,add,0.1,False,0.6415123045444489,True
140980,1.2502711808627611,transformer_add97_f0.3_wd0.1_traj_s3,,add,0.1,False,0.6415123045444489,True
141980,1.0852108720729934,transformer_add97_f0.3_wd0.1_traj_s3,,add,0.1,False,0.6415123045444489,True
142980,1.1924608416953617,transformer_add97_f0.3_wd0.1_traj_s3,,add,0.1,False,0.6415123045444489,True
143980,1.1033449435672555,transformer_add97_f0.3_wd0.1_traj_s3,,add,0.1,False,0.6415123045444489,True
144980,1.1281494314393303,transformer_add97_f0.3_wd0.1_traj_s3,,add,0.1,False,0.6415123045444489,True
145980,1.1405196188105533,transformer_add97_f0.3_wd0.1_traj_s3,,add,0.1,False,0.6415123045444489,True
146980,1.1332618966781074,transformer_add97_f0.3_wd0.1_traj_s3,,add,0.1,False,0.6415123045444489,True
147980,1.148425694748231,transformer_add97_f0.3_wd0.1_traj_s3,,add,0.1,False,0.6415123045444489,True
148980,1.3171446342346662,transformer_add97_f0.3_wd0.1_traj_s3,,add,0.1,False,0.6415123045444489,True
149980,1.1378197317680194,transformer_add97_f0.3_wd0.1_traj_s3,,add,0.1,False,0.6415123045444489,True
3980,1.5274768595626935,transformer_add97_f0.3_wd0.1_traj_s4,140100.0,add,0.1,False,0.0,True
4980,1.093113439951201,transformer_add97_f0.3_wd0.1_traj_s4,140100.0,add,0.1,False,0.0,True
5980,1.0589427422752182,transformer_add97_f0.3_wd0.1_traj_s4,140100.0,add,0.1,False,0.0,True
6980,1.0659928520350146,transformer_add97_f0.3_wd0.1_traj_s4,140100.0,add,0.1,False,0.0,True
7980,1.0915352622740904,transformer_add97_f0.3_wd0.1_traj_s4,140100.0,add,0.1,False,0.0,True
8980,1.0957284825299147,transformer_add97_f0.3_wd0.1_traj_s4,140100.0,add,0.1,False,0.0,True
9980,1.102696104272798,transformer_add97_f0.3_wd0.1_traj_s4,140100.0,add,0.1,False,0.0,True
10980,1.14399264454619,transformer_add97_f0.3_wd0.1_traj_s4,140100.0,add,0.1,False,0.0,True
11980,1.143273058558447,transformer_add97_f0.3_wd0.1_traj_s4,140100.0,add,0.1,False,0.0,True
12980,1.103350320124026,transformer_add97_f0.3_wd0.1_traj_s4,140100.0,add,0.1,False,0.0,True
13980,1.1264620234573777,transformer_add97_f0.3_wd0.1_traj_s4,140100.0,add,0.1,False,0.0,True
14980,1.1416355105899143,transformer_add97_f0.3_wd0.1_traj_s4,140100.0,add,0.1,False,0.0,True
15980,1.3127706990177357,transformer_add97_f0.3_wd0.1_traj_s4,140100.0,add,0.1,False,0.0,True
16980,1.2139936007882082,transformer_add97_f0.3_wd0.1_traj_s4,140100.0,add,0.1,False,0.0,True
17980,1.193273192144154,transformer_add97_f0.3_wd0.1_traj_s4,140100.0,add,0.1,False,0.0,True
18980,1.1790619094335106,transformer_add97_f0.3_wd0.1_traj_s4,140100.0,add,0.1,False,0.0,True
19980,1.2175915218178737,transformer_add97_f0.3_wd0.1_traj_s4,140100.0,add,0.1,False,0.0,True
20980,1.2305427657022026,transformer_add97_f0.3_wd0.1_traj_s4,140100.0,add,0.1,False,0.0,True
21980,1.2724392968429208,transformer_add97_f0.3_wd0.1_traj_s4,140100.0,add,0.1,False,0.0,True
22980,1.1205496511535855,transformer_add97_f0.3_wd0.1_traj_s4,140100.0,add,0.1,False,0.0,True
23980,1.194053019152041,transformer_add97_f0.3_wd0.1_traj_s4,140100.0,add,0.1,False,0.0,True
24980,1.1448421892906582,transformer_add97_f0.3_wd0.1_traj_s4,140100.0,add,0.1,False,0.0,True
25980,1.14553560973566,transformer_add97_f0.3_wd0.1_traj_s4,140100.0,add,0.1,False,0.0,True
26980,1.2315145256455111,transformer_add97_f0.3_wd0.1_traj_s4,140100.0,add,0.1,False,0.0,True
27980,1.2115328412326032,transformer_add97_f0.3_wd0.1_traj_s4,140100.0,add,0.1,False,0.0,True
28980,1.175711818460676,transformer_add97_f0.3_wd0.1_traj_s4,140100.0,add,0.1,False,0.0,True
29980,1.1930341149986343,transformer_add97_f0.3_wd0.1_traj_s4,140100.0,add,0.1,False,0.0,True
30980,1.232486019610736,transformer_add97_f0.3_wd0.1_traj_s4,140100.0,add,0.1,False,0.0,True
31980,1.1523284936512883,transformer_add97_f0.3_wd0.1_traj_s4,140100.0,add,0.1,False,0.0,True
32980,1.1502049450896887,transformer_add97_f0.3_wd0.1_traj_s4,140100.0,add,0.1,False,0.0,True
33980,1.2736939789836457,transformer_add97_f0.3_wd0.1_traj_s4,140100.0,add,0.1,False,0.0,True
34980,1.160749644903967,transformer_add97_f0.3_wd0.1_traj_s4,140100.0,add,0.1,False,0.0,True
35980,1.0967957821463687,transformer_add97_f0.3_wd0.1_traj_s4,140100.0,add,0.1,False,0.0,True
36980,1.0992574073209398,transformer_add97_f0.3_wd0.1_traj_s4,140100.0,add,0.1,False,0.0,True
37980,1.0458001917538775,transformer_add97_f0.3_wd0.1_traj_s4,140100.0,add,0.1,False,0.0,True
38980,1.0439585557171047,transformer_add97_f0.3_wd0.1_traj_s4,140100.0,add,0.1,False,0.0,True
39980,1.0425379509483588,transformer_add97_f0.3_wd0.1_traj_s4,140100.0,add,0.1,False,0.0,True
40980,1.043586200068647,transformer_add97_f0.3_wd0.1_traj_s4,140100.0,add,0.1,False,0.0,True
41980,1.0435643692082823,transformer_add97_f0.3_wd0.1_traj_s4,140100.0,add,0.1,False,0.0,True
42980,1.043856723067868,transformer_add97_f0.3_wd0.1_traj_s4,140100.0,add,0.1,False,0.0,True
43980,1.0441644312627498,transformer_add97_f0.3_wd0.1_traj_s4,140100.0,add,0.1,False,0.0,True
44980,1.0452739638933146,transformer_add97_f0.3_wd0.1_traj_s4,140100.0,add,0.1,False,0.0,True
45980,1.116371641882209,transformer_add97_f0.3_wd0.1_traj_s4,140100.0,add,0.1,False,0.0,True
46980,1.1237054874602734,transformer_add97_f0.3_wd0.1_traj_s4,140100.0,add,0.1,False,0.0,True
47980,1.129278177519592,transformer_add97_f0.3_wd0.1_traj_s4,140100.0,add,0.1,False,0.0,True
48980,1.1006300216412008,transformer_add97_f0.3_wd0.1_traj_s4,140100.0,add,0.1,False,0.0,True
49980,1.1688223852122563,transformer_add97_f0.3_wd0.1_traj_s4,140100.0,add,0.1,False,0.0,True
50980,1.2601681684804973,transformer_add97_f0.3_wd0.1_traj_s4,140100.0,add,0.1,False,0.0,True
51980,1.1272988757124238,transformer_add97_f0.3_wd0.1_traj_s4,140100.0,add,0.1,False,0.0,True
52980,1.2042084304139518,transformer_add97_f0.3_wd0.1_traj_s4,140100.0,add,0.1,False,0.0,True
53980,1.0869577531157537,transformer_add97_f0.3_wd0.1_traj_s4,140100.0,add,0.1,False,0.0,True
54980,1.1745098065521111,transformer_add97_f0.3_wd0.1_traj_s4,140100.0,add,0.1,False,0.0,True
55980,1.1538457229452517,transformer_add97_f0.3_wd0.1_traj_s4,140100.0,add,0.1,False,0.0,True
56980,1.2932887073490609,transformer_add97_f0.3_wd0.1_traj_s4,140100.0,add,0.1,False,0.0,True
57980,1.1794671408182855,transformer_add97_f0.3_wd0.1_traj_s4,140100.0,add,0.1,False,0.0,True
58980,1.1854373707449528,transformer_add97_f0.3_wd0.1_traj_s4,140100.0,add,0.1,False,0.0,True
59980,1.1115725127641436,transformer_add97_f0.3_wd0.1_traj_s4,140100.0,add,0.1,False,0.0,True
60980,1.1578112826220412,transformer_add97_f0.3_wd0.1_traj_s4,140100.0,add,0.1,False,0.0,True
61980,1.18791449252386,transformer_add97_f0.3_wd0.1_traj_s4,140100.0,add,0.1,False,0.0,True
62980,1.1535425312836558,transformer_add97_f0.3_wd0.1_traj_s4,140100.0,add,0.1,False,0.0,True
63980,1.1632874233376194,transformer_add97_f0.3_wd0.1_traj_s4,140100.0,add,0.1,False,0.0,True
64980,1.2133231728698182,transformer_add97_f0.3_wd0.1_traj_s4,140100.0,add,0.1,False,0.0,True
65980,1.129591851761064,transformer_add97_f0.3_wd0.1_traj_s4,140100.0,add,0.1,False,0.0,True
66980,1.1432027531388127,transformer_add97_f0.3_wd0.1_traj_s4,140100.0,add,0.1,False,0.0,True
67980,1.1606574162288283,transformer_add97_f0.3_wd0.1_traj_s4,140100.0,add,0.1,False,0.0,True
68980,1.1136458396853284,transformer_add97_f0.3_wd0.1_traj_s4,140100.0,add,0.1,False,0.0,True
69980,1.1269690919213509,transformer_add97_f0.3_wd0.1_traj_s4,140100.0,add,0.1,False,0.0,True
70980,1.0993426206770298,transformer_add97_f0.3_wd0.1_traj_s4,140100.0,add,0.1,False,0.0,True
71980,1.2573153556577086,transformer_add97_f0.3_wd0.1_traj_s4,140100.0,add,0.1,False,0.0,True
72980,1.1772871564230705,transformer_add97_f0.3_wd0.1_traj_s4,140100.0,add,0.1,False,0.0,True
73980,1.126747325507077,transformer_add97_f0.3_wd0.1_traj_s4,140100.0,add,0.1,False,0.0,True
74980,1.1368191294930503,transformer_add97_f0.3_wd0.1_traj_s4,140100.0,add,0.1,False,0.0,True
75980,1.1583812119967452,transformer_add97_f0.3_wd0.1_traj_s4,140100.0,add,0.1,False,0.0,True
76980,1.2098238274921518,transformer_add97_f0.3_wd0.1_traj_s4,140100.0,add,0.1,False,0.0,True
77980,1.0862045784457153,transformer_add97_f0.3_wd0.1_traj_s4,140100.0,add,0.1,False,0.0,True
78980,1.0984858071443435,transformer_add97_f0.3_wd0.1_traj_s4,140100.0,add,0.1,False,0.0,True
79980,1.1665730614980725,transformer_add97_f0.3_wd0.1_traj_s4,140100.0,add,0.1,False,0.0,True
80980,1.1404254531652571,transformer_add97_f0.3_wd0.1_traj_s4,140100.0,add,0.1,False,0.0,True
81980,1.0977901082830777,transformer_add97_f0.3_wd0.1_traj_s4,140100.0,add,0.1,False,0.0,True
82980,1.106826470332453,transformer_add97_f0.3_wd0.1_traj_s4,140100.0,add,0.1,False,0.0,True
83980,1.1848299407067766,transformer_add97_f0.3_wd0.1_traj_s4,140100.0,add,0.1,False,0.0,True
84980,1.197915785958034,transformer_add97_f0.3_wd0.1_traj_s4,140100.0,add,0.1,False,0.0,True
85980,1.1179316963908164,transformer_add97_f0.3_wd0.1_traj_s4,140100.0,add,0.1,False,0.0,True
86980,1.1197586647578992,transformer_add97_f0.3_wd0.1_traj_s4,140100.0,add,0.1,False,0.0,True
87980,1.175986251440207,transformer_add97_f0.3_wd0.1_traj_s4,140100.0,add,0.1,False,0.0,True
88980,1.1988444756807572,transformer_add97_f0.3_wd0.1_traj_s4,140100.0,add,0.1,False,0.0,True
89980,1.2169827726767888,transformer_add97_f0.3_wd0.1_traj_s4,140100.0,add,0.1,False,0.0,True
90980,1.121347102500342,transformer_add97_f0.3_wd0.1_traj_s4,140100.0,add,0.1,False,0.0,True
91980,1.181413834454039,transformer_add97_f0.3_wd0.1_traj_s4,140100.0,add,0.1,False,0.0,True
92980,1.1137470335934625,transformer_add97_f0.3_wd0.1_traj_s4,140100.0,add,0.1,False,0.0,True
93980,1.1202735802227946,transformer_add97_f0.3_wd0.1_traj_s4,140100.0,add,0.1,False,0.0,True
94980,1.0923374637839087,transformer_add97_f0.3_wd0.1_traj_s4,140100.0,add,0.1,False,0.0,True
95980,1.146518458722375,transformer_add97_f0.3_wd0.1_traj_s4,140100.0,add,0.1,False,0.0,True
96980,1.1479213999863838,transformer_add97_f0.3_wd0.1_traj_s4,140100.0,add,0.1,False,0.0,True
97980,1.1045459887349849,transformer_add97_f0.3_wd0.1_traj_s4,140100.0,add,0.1,False,0.0,True
98980,1.1135050200889651,transformer_add97_f0.3_wd0.1_traj_s4,140100.0,add,0.1,False,0.0,True
99980,1.1595982873117916,transformer_add97_f0.3_wd0.1_traj_s4,140100.0,add,0.1,False,0.0,True
100980,1.220716416607731,transformer_add97_f0.3_wd0.1_traj_s4,140100.0,add,0.1,False,0.0,True
101980,1.1320692623549125,transformer_add97_f0.3_wd0.1_traj_s4,140100.0,add,0.1,False,0.0,True
102980,1.0924321024788437,transformer_add97_f0.3_wd0.1_traj_s4,140100.0,add,0.1,False,0.0,True
103980,1.114741630166307,transformer_add97_f0.3_wd0.1_traj_s4,140100.0,add,0.1,False,0.0,True
104980,1.1767620613477383,transformer_add97_f0.3_wd0.1_traj_s4,140100.0,add,0.1,False,0.0,True
105980,1.166846748735531,transformer_add97_f0.3_wd0.1_traj_s4,140100.0,add,0.1,False,0.0,True
106980,1.1133714240749195,transformer_add97_f0.3_wd0.1_traj_s4,140100.0,add,0.1,False,0.0,True
107980,1.1088972209063923,transformer_add97_f0.3_wd0.1_traj_s4,140100.0,add,0.1,False,0.0,True
108980,1.1409440859080853,transformer_add97_f0.3_wd0.1_traj_s4,140100.0,add,0.1,False,0.0,True
109980,1.1459841218575255,transformer_add97_f0.3_wd0.1_traj_s4,140100.0,add,0.1,False,0.0,True
110980,1.194342067369267,transformer_add97_f0.3_wd0.1_traj_s4,140100.0,add,0.1,False,0.0,True
111980,1.1397877108073282,transformer_add97_f0.3_wd0.1_traj_s4,140100.0,add,0.1,False,0.0,True
112980,1.1783119795144628,transformer_add97_f0.3_wd0.1_traj_s4,140100.0,add,0.1,False,0.0,True
113980,1.2316204851719066,transformer_add97_f0.3_wd0.1_traj_s4,140100.0,add,0.1,False,0.0,True
114980,1.10769609650813,transformer_add97_f0.3_wd0.1_traj_s4,140100.0,add,0.1,False,0.0,True
115980,1.1554429463694638,transformer_add97_f0.3_wd0.1_traj_s4,140100.0,add,0.1,False,0.0,True
116980,1.1955944996498062,transformer_add97_f0.3_wd0.1_traj_s4,140100.0,add,0.1,False,0.0,True
117980,1.2494565577491556,transformer_add97_f0.3_wd0.1_traj_s4,140100.0,add,0.1,False,0.0,True
118980,1.1103757221736374,transformer_add97_f0.3_wd0.1_traj_s4,140100.0,add,0.1,False,0.0,True
119980,1.12456629657209,transformer_add97_f0.3_wd0.1_traj_s4,140100.0,add,0.1,False,0.0,True
120980,1.1439609198265268,transformer_add97_f0.3_wd0.1_traj_s4,140100.0,add,0.1,False,0.0,True
121980,1.1111184818018047,transformer_add97_f0.3_wd0.1_traj_s4,140100.0,add,0.1,False,0.0,True
122980,1.1512786655193277,transformer_add97_f0.3_wd0.1_traj_s4,140100.0,add,0.1,False,0.0,True
123980,1.0973207211584657,transformer_add97_f0.3_wd0.1_traj_s4,140100.0,add,0.1,False,0.0,True
124980,1.1277221100072674,transformer_add97_f0.3_wd0.1_traj_s4,140100.0,add,0.1,False,0.0,True
125980,1.1781705322568368,transformer_add97_f0.3_wd0.1_traj_s4,140100.0,add,0.1,False,0.0,True
126980,1.1152613624182677,transformer_add97_f0.3_wd0.1_traj_s4,140100.0,add,0.1,False,0.0,True
127980,1.1422703617264722,transformer_add97_f0.3_wd0.1_traj_s4,140100.0,add,0.1,False,0.0,True
128980,1.098049032980141,transformer_add97_f0.3_wd0.1_traj_s4,140100.0,add,0.1,False,0.0,True
129980,1.1166875270144194,transformer_add97_f0.3_wd0.1_traj_s4,140100.0,add,0.1,False,0.0,True
130980,1.152136537252737,transformer_add97_f0.3_wd0.1_traj_s4,140100.0,add,0.1,False,0.0,True
131980,1.2761381398283531,transformer_add97_f0.3_wd0.1_traj_s4,140100.0,add,0.1,False,0.0,True
132980,1.1177289344630057,transformer_add97_f0.3_wd0.1_traj_s4,140100.0,add,0.1,False,0.0,True
133980,1.1052961944883677,transformer_add97_f0.3_wd0.1_traj_s4,140100.0,add,0.1,False,0.0,True
134980,1.148584481516958,transformer_add97_f0.3_wd0.1_traj_s4,140100.0,add,0.1,False,0.0,True
135980,1.184792665978989,transformer_add97_f0.3_wd0.1_traj_s4,140100.0,add,0.1,False,0.0,True
136980,1.0999728437463692,transformer_add97_f0.3_wd0.1_traj_s4,140100.0,add,0.1,False,0.0,True
137980,1.1267425038661063,transformer_add97_f0.3_wd0.1_traj_s4,140100.0,add,0.1,False,0.0,True
138980,1.1475103729880531,transformer_add97_f0.3_wd0.1_traj_s4,140100.0,add,0.1,False,0.0,True
139980,1.1191570548041196,transformer_add97_f0.3_wd0.1_traj_s4,140100.0,add,0.1,False,0.0,True
140980,1.1014505942392112,transformer_add97_f0.3_wd0.1_traj_s4,140100.0,add,0.1,False,0.0,True
141980,1.0823739591302863,transformer_add97_f0.3_wd0.1_traj_s4,140100.0,add,0.1,False,0.0,True
142980,1.1069880526799118,transformer_add97_f0.3_wd0.1_traj_s4,140100.0,add,0.1,False,0.0,True
143980,1.0733683238691012,transformer_add97_f0.3_wd0.1_traj_s4,140100.0,add,0.1,False,0.0,True
144980,1.1514718675163602,transformer_add97_f0.3_wd0.1_traj_s4,140100.0,add,0.1,False,0.0,True
145980,1.1486224098203357,transformer_add97_f0.3_wd0.1_traj_s4,140100.0,add,0.1,False,0.0,True
146980,1.0741997662646523,transformer_add97_f0.3_wd0.1_traj_s4,140100.0,add,0.1,False,0.0,True
147980,1.0824396462249055,transformer_add97_f0.3_wd0.1_traj_s4,140100.0,add,0.1,False,0.0,True
148980,1.1004169821220962,transformer_add97_f0.3_wd0.1_traj_s4,140100.0,add,0.1,False,0.0,True
149980,1.1431142338596507,transformer_add97_f0.3_wd0.1_traj_s4,140100.0,add,0.1,False,0.0,True
3980,1.250263242525877,transformer_add97_f0.3_wd1.0_dense_s0,28100.0,add,1.0,False,0.0,True
4980,1.27615726338127,transformer_add97_f0.3_wd1.0_dense_s0,28100.0,add,1.0,False,0.0,True
5980,1.206067548930258,transformer_add97_f0.3_wd1.0_dense_s0,28100.0,add,1.0,False,0.0,True
6980,1.1676196665434098,transformer_add97_f0.3_wd1.0_dense_s0,28100.0,add,1.0,False,0.0,True
7980,1.1526280302162002,transformer_add97_f0.3_wd1.0_dense_s0,28100.0,add,1.0,False,0.0,True
8980,1.152210338698188,transformer_add97_f0.3_wd1.0_dense_s0,28100.0,add,1.0,False,0.0,True
9980,1.1349941214633463,transformer_add97_f0.3_wd1.0_dense_s0,28100.0,add,1.0,False,0.0,True
10980,1.1177943131372057,transformer_add97_f0.3_wd1.0_dense_s0,28100.0,add,1.0,False,0.0,True
11980,1.1130506543064098,transformer_add97_f0.3_wd1.0_dense_s0,28100.0,add,1.0,False,0.0,True
12980,1.090584203744603,transformer_add97_f0.3_wd1.0_dense_s0,28100.0,add,1.0,False,0.0,True
13980,1.1380339251657765,transformer_add97_f0.3_wd1.0_dense_s0,28100.0,add,1.0,False,0.0,True
14980,1.152768733651665,transformer_add97_f0.3_wd1.0_dense_s0,28100.0,add,1.0,False,0.0,True
15980,1.1500182401782075,transformer_add97_f0.3_wd1.0_dense_s0,28100.0,add,1.0,False,0.0,True
16980,1.1779701423887232,transformer_add97_f0.3_wd1.0_dense_s0,28100.0,add,1.0,False,0.0,True
17980,1.136246193021744,transformer_add97_f0.3_wd1.0_dense_s0,28100.0,add,1.0,False,0.0,True
18980,1.1048533071702953,transformer_add97_f0.3_wd1.0_dense_s0,28100.0,add,1.0,False,0.0,True
19980,1.1177300763521016,transformer_add97_f0.3_wd1.0_dense_s0,28100.0,add,1.0,False,0.0,True
20980,1.1339412100826007,transformer_add97_f0.3_wd1.0_dense_s0,28100.0,add,1.0,False,0.0,True
21980,1.1536335896765368,transformer_add97_f0.3_wd1.0_dense_s0,28100.0,add,1.0,False,0.0,True
22980,1.1286612795505917,transformer_add97_f0.3_wd1.0_dense_s0,28100.0,add,1.0,False,0.0,True
23980,1.1246003791446648,transformer_add97_f0.3_wd1.0_dense_s0,28100.0,add,1.0,False,0.0,True
24980,1.148534901005236,transformer_add97_f0.3_wd1.0_dense_s0,28100.0,add,1.0,False,0.0,True
25980,1.1372095351573692,transformer_add97_f0.3_wd1.0_dense_s0,28100.0,add,1.0,False,0.0,True
26980,1.1228476512317076,transformer_add97_f0.3_wd1.0_dense_s0,28100.0,add,1.0,False,0.0,True
27980,1.1367464531621998,transformer_add97_f0.3_wd1.0_dense_s0,28100.0,add,1.0,False,0.0,True
28980,1.1195004509691164,transformer_add97_f0.3_wd1.0_dense_s0,28100.0,add,1.0,False,0.0,True
29980,1.1021901780211083,transformer_add97_f0.3_wd1.0_dense_s0,28100.0,add,1.0,False,0.0,True
30980,1.0814467635031146,transformer_add97_f0.3_wd1.0_dense_s0,28100.0,add,1.0,False,0.0,True
31980,1.122128022712017,transformer_add97_f0.3_wd1.0_dense_s0,28100.0,add,1.0,False,0.0,True
32980,1.1258459370485756,transformer_add97_f0.3_wd1.0_dense_s0,28100.0,add,1.0,False,0.0,True
33980,1.1211649777534394,transformer_add97_f0.3_wd1.0_dense_s0,28100.0,add,1.0,False,0.0,True
34980,1.1005802909794626,transformer_add97_f0.3_wd1.0_dense_s0,28100.0,add,1.0,False,0.0,True
35980,1.0955376969609554,transformer_add97_f0.3_wd1.0_dense_s0,28100.0,add,1.0,False,0.0,True
36980,1.0946538157441046,transformer_add97_f0.3_wd1.0_dense_s0,28100.0,add,1.0,False,0.0,True
37980,1.118616608006512,transformer_add97_f0.3_wd1.0_dense_s0,28100.0,add,1.0,False,0.0,True
38980,1.096085393069712,transformer_add97_f0.3_wd1.0_dense_s0,28100.0,add,1.0,False,0.0,True
39980,1.1188806856524438,transformer_add97_f0.3_wd1.0_dense_s0,28100.0,add,1.0,False,0.0,True
40980,1.1315246169538462,transformer_add97_f0.3_wd1.0_dense_s0,28100.0,add,1.0,False,0.0,True
41980,1.1433111438383097,transformer_add97_f0.3_wd1.0_dense_s0,28100.0,add,1.0,False,0.0,True
42980,1.0981530310324796,transformer_add97_f0.3_wd1.0_dense_s0,28100.0,add,1.0,False,0.0,True
43980,1.11748159381692,transformer_add97_f0.3_wd1.0_dense_s0,28100.0,add,1.0,False,0.0,True
44980,1.147194847089709,transformer_add97_f0.3_wd1.0_dense_s0,28100.0,add,1.0,False,0.0,True
45980,1.1029103764303467,transformer_add97_f0.3_wd1.0_dense_s0,28100.0,add,1.0,False,0.0,True
46980,1.088595048021533,transformer_add97_f0.3_wd1.0_dense_s0,28100.0,add,1.0,False,0.0,True
47980,1.0860217404318593,transformer_add97_f0.3_wd1.0_dense_s0,28100.0,add,1.0,False,0.0,True
48980,1.1107348706889728,transformer_add97_f0.3_wd1.0_dense_s0,28100.0,add,1.0,False,0.0,True
49980,1.114927472513267,transformer_add97_f0.3_wd1.0_dense_s0,28100.0,add,1.0,False,0.0,True
3980,1.2879832158917732,transformer_add97_f0.3_wd1.0_dense_s1,28600.0,add,1.0,False,0.0,True
4980,1.2366540065739398,transformer_add97_f0.3_wd1.0_dense_s1,28600.0,add,1.0,False,0.0,True
5980,1.224176686103717,transformer_add97_f0.3_wd1.0_dense_s1,28600.0,add,1.0,False,0.0,True
6980,1.1234521087696496,transformer_add97_f0.3_wd1.0_dense_s1,28600.0,add,1.0,False,0.0,True
7980,1.1390716531662486,transformer_add97_f0.3_wd1.0_dense_s1,28600.0,add,1.0,False,0.0,True
8980,1.1043607109652718,transformer_add97_f0.3_wd1.0_dense_s1,28600.0,add,1.0,False,0.0,True
9980,1.161185233660453,transformer_add97_f0.3_wd1.0_dense_s1,28600.0,add,1.0,False,0.0,True
10980,1.1117293486313415,transformer_add97_f0.3_wd1.0_dense_s1,28600.0,add,1.0,False,0.0,True
11980,1.096865596552085,transformer_add97_f0.3_wd1.0_dense_s1,28600.0,add,1.0,False,0.0,True
12980,1.103900232902365,transformer_add97_f0.3_wd1.0_dense_s1,28600.0,add,1.0,False,0.0,True
13980,1.0668229000634328,transformer_add97_f0.3_wd1.0_dense_s1,28600.0,add,1.0,False,0.0,True
14980,1.1255669703354774,transformer_add97_f0.3_wd1.0_dense_s1,28600.0,add,1.0,False,0.0,True
15980,1.125472603078848,transformer_add97_f0.3_wd1.0_dense_s1,28600.0,add,1.0,False,0.0,True
16980,1.0791664283006956,transformer_add97_f0.3_wd1.0_dense_s1,28600.0,add,1.0,False,0.0,True
17980,1.136022748508402,transformer_add97_f0.3_wd1.0_dense_s1,28600.0,add,1.0,False,0.0,True
18980,1.1342688784545445,transformer_add97_f0.3_wd1.0_dense_s1,28600.0,add,1.0,False,0.0,True
19980,1.1092754984347524,transformer_add97_f0.3_wd1.0_dense_s1,28600.0,add,1.0,False,0.0,True
20980,1.130057475343323,transformer_add97_f0.3_wd1.0_dense_s1,28600.0,add,1.0,False,0.0,True
21980,1.091898507334382,transformer_add97_f0.3_wd1.0_dense_s1,28600.0,add,1.0,False,0.0,True
22980,1.130879052981706,transformer_add97_f0.3_wd1.0_dense_s1,28600.0,add,1.0,False,0.0,True
23980,1.1011855185802055,transformer_add97_f0.3_wd1.0_dense_s1,28600.0,add,1.0,False,0.0,True
24980,1.1243682896286442,transformer_add97_f0.3_wd1.0_dense_s1,28600.0,add,1.0,False,0.0,True
25980,1.1133705552991209,transformer_add97_f0.3_wd1.0_dense_s1,28600.0,add,1.0,False,0.0,True
26980,1.0883694265760098,transformer_add97_f0.3_wd1.0_dense_s1,28600.0,add,1.0,False,0.0,True
27980,1.1287206909549428,transformer_add97_f0.3_wd1.0_dense_s1,28600.0,add,1.0,False,0.0,True
28980,1.1042226767386758,transformer_add97_f0.3_wd1.0_dense_s1,28600.0,add,1.0,False,0.0,True
29980,1.0949599476130507,transformer_add97_f0.3_wd1.0_dense_s1,28600.0,add,1.0,False,0.0,True
30980,1.1089014324249435,transformer_add97_f0.3_wd1.0_dense_s1,28600.0,add,1.0,False,0.0,True
31980,1.0804862549485383,transformer_add97_f0.3_wd1.0_dense_s1,28600.0,add,1.0,False,0.0,True
32980,1.0794746434672686,transformer_add97_f0.3_wd1.0_dense_s1,28600.0,add,1.0,False,0.0,True
33980,1.1097466699296232,transformer_add97_f0.3_wd1.0_dense_s1,28600.0,add,1.0,False,0.0,True
34980,1.115620992402771,transformer_add97_f0.3_wd1.0_dense_s1,28600.0,add,1.0,False,0.0,True
35980,1.1297661878855845,transformer_add97_f0.3_wd1.0_dense_s1,28600.0,add,1.0,False,0.0,True
36980,1.1143547236642293,transformer_add97_f0.3_wd1.0_dense_s1,28600.0,add,1.0,False,0.0,True
37980,1.0750631334763143,transformer_add97_f0.3_wd1.0_dense_s1,28600.0,add,1.0,False,0.0,True
38980,1.1092772852561232,transformer_add97_f0.3_wd1.0_dense_s1,28600.0,add,1.0,False,0.0,True
39980,1.1115167505705363,transformer_add97_f0.3_wd1.0_dense_s1,28600.0,add,1.0,False,0.0,True
40980,1.124608714265698,transformer_add97_f0.3_wd1.0_dense_s1,28600.0,add,1.0,False,0.0,True
41980,1.1133420092236783,transformer_add97_f0.3_wd1.0_dense_s1,28600.0,add,1.0,False,0.0,True
42980,1.1210064564828428,transformer_add97_f0.3_wd1.0_dense_s1,28600.0,add,1.0,False,0.0,True
43980,1.125168968509631,transformer_add97_f0.3_wd1.0_dense_s1,28600.0,add,1.0,False,0.0,True
44980,1.0795856335156209,transformer_add97_f0.3_wd1.0_dense_s1,28600.0,add,1.0,False,0.0,True
45980,1.1117949122856845,transformer_add97_f0.3_wd1.0_dense_s1,28600.0,add,1.0,False,0.0,True
46980,1.1050392946504497,transformer_add97_f0.3_wd1.0_dense_s1,28600.0,add,1.0,False,0.0,True
47980,1.079321691291408,transformer_add97_f0.3_wd1.0_dense_s1,28600.0,add,1.0,False,0.0,True
48980,1.1350817565872549,transformer_add97_f0.3_wd1.0_dense_s1,28600.0,add,1.0,False,0.0,True
49980,1.1397798429528634,transformer_add97_f0.3_wd1.0_dense_s1,28600.0,add,1.0,False,0.0,True
3980,1.4032559018482729,transformer_add97_f0.3_wd1.0_dense_s2,33700.0,add,1.0,False,0.0,True
4980,1.460514154015512,transformer_add97_f0.3_wd1.0_dense_s2,33700.0,add,1.0,False,0.0,True
5980,1.3122374887671715,transformer_add97_f0.3_wd1.0_dense_s2,33700.0,add,1.0,False,0.0,True
6980,1.2075114283601305,transformer_add97_f0.3_wd1.0_dense_s2,33700.0,add,1.0,False,0.0,True
7980,1.2040589502199204,transformer_add97_f0.3_wd1.0_dense_s2,33700.0,add,1.0,False,0.0,True
8980,1.1958785113861234,transformer_add97_f0.3_wd1.0_dense_s2,33700.0,add,1.0,False,0.0,True
9980,1.2353600837536585,transformer_add97_f0.3_wd1.0_dense_s2,33700.0,add,1.0,False,0.0,True
10980,1.157806442181875,transformer_add97_f0.3_wd1.0_dense_s2,33700.0,add,1.0,False,0.0,True
11980,1.1106335308728263,transformer_add97_f0.3_wd1.0_dense_s2,33700.0,add,1.0,False,0.0,True
12980,1.1420659999788063,transformer_add97_f0.3_wd1.0_dense_s2,33700.0,add,1.0,False,0.0,True
13980,1.1504568667417658,transformer_add97_f0.3_wd1.0_dense_s2,33700.0,add,1.0,False,0.0,True
14980,1.1900943219693925,transformer_add97_f0.3_wd1.0_dense_s2,33700.0,add,1.0,False,0.0,True
15980,1.16592500346909,transformer_add97_f0.3_wd1.0_dense_s2,33700.0,add,1.0,False,0.0,True
16980,1.1478554925811462,transformer_add97_f0.3_wd1.0_dense_s2,33700.0,add,1.0,False,0.0,True
17980,1.1478379835483636,transformer_add97_f0.3_wd1.0_dense_s2,33700.0,add,1.0,False,0.0,True
18980,1.1406958675498964,transformer_add97_f0.3_wd1.0_dense_s2,33700.0,add,1.0,False,0.0,True
19980,1.103966276966699,transformer_add97_f0.3_wd1.0_dense_s2,33700.0,add,1.0,False,0.0,True
20980,1.1403041289944542,transformer_add97_f0.3_wd1.0_dense_s2,33700.0,add,1.0,False,0.0,True
21980,1.175244849451309,transformer_add97_f0.3_wd1.0_dense_s2,33700.0,add,1.0,False,0.0,True
22980,1.1602229849879182,transformer_add97_f0.3_wd1.0_dense_s2,33700.0,add,1.0,False,0.0,True
23980,1.156078018035247,transformer_add97_f0.3_wd1.0_dense_s2,33700.0,add,1.0,False,0.0,True
24980,1.155965014408368,transformer_add97_f0.3_wd1.0_dense_s2,33700.0,add,1.0,False,0.0,True
25980,1.1686543910970515,transformer_add97_f0.3_wd1.0_dense_s2,33700.0,add,1.0,False,0.0,True
26980,1.108036989994101,transformer_add97_f0.3_wd1.0_dense_s2,33700.0,add,1.0,False,0.0,True
27980,1.1220816760795318,transformer_add97_f0.3_wd1.0_dense_s2,33700.0,add,1.0,False,0.0,True
28980,1.1628688255022404,transformer_add97_f0.3_wd1.0_dense_s2,33700.0,add,1.0,False,0.0,True
29980,1.1640674377839506,transformer_add97_f0.3_wd1.0_dense_s2,33700.0,add,1.0,False,0.0,True
30980,1.13254640997623,transformer_add97_f0.3_wd1.0_dense_s2,33700.0,add,1.0,False,0.0,True
31980,1.180717293411492,transformer_add97_f0.3_wd1.0_dense_s2,33700.0,add,1.0,False,0.0,True
32980,1.185574797294307,transformer_add97_f0.3_wd1.0_dense_s2,33700.0,add,1.0,False,0.0,True
33980,1.0829184483309031,transformer_add97_f0.3_wd1.0_dense_s2,33700.0,add,1.0,False,0.0,True
34980,1.1266741645412195,transformer_add97_f0.3_wd1.0_dense_s2,33700.0,add,1.0,False,0.0,True
35980,1.149214267120031,transformer_add97_f0.3_wd1.0_dense_s2,33700.0,add,1.0,False,0.0,True
36980,1.144622620201935,transformer_add97_f0.3_wd1.0_dense_s2,33700.0,add,1.0,False,0.0,True
37980,1.1103568338751133,transformer_add97_f0.3_wd1.0_dense_s2,33700.0,add,1.0,False,0.0,True
38980,1.1255595424170746,transformer_add97_f0.3_wd1.0_dense_s2,33700.0,add,1.0,False,0.0,True
39980,1.1333577232376577,transformer_add97_f0.3_wd1.0_dense_s2,33700.0,add,1.0,False,0.0,True
40980,1.1133110522626053,transformer_add97_f0.3_wd1.0_dense_s2,33700.0,add,1.0,False,0.0,True
41980,1.171307445379188,transformer_add97_f0.3_wd1.0_dense_s2,33700.0,add,1.0,False,0.0,True
42980,1.143476256850339,transformer_add97_f0.3_wd1.0_dense_s2,33700.0,add,1.0,False,0.0,True
43980,1.1329975328425317,transformer_add97_f0.3_wd1.0_dense_s2,33700.0,add,1.0,False,0.0,True
44980,1.104382386258666,transformer_add97_f0.3_wd1.0_dense_s2,33700.0,add,1.0,False,0.0,True
45980,1.0938604189632566,transformer_add97_f0.3_wd1.0_dense_s2,33700.0,add,1.0,False,0.0,True
46980,1.1239464677339144,transformer_add97_f0.3_wd1.0_dense_s2,33700.0,add,1.0,False,0.0,True
47980,1.119695245977235,transformer_add97_f0.3_wd1.0_dense_s2,33700.0,add,1.0,False,0.0,True
48980,1.098387359279118,transformer_add97_f0.3_wd1.0_dense_s2,33700.0,add,1.0,False,0.0,True
49980,1.1258343513205948,transformer_add97_f0.3_wd1.0_dense_s2,33700.0,add,1.0,False,0.0,True
3980,1.2761452021913415,transformer_add97_f0.3_wd1.0_dense_s3,33600.0,add,1.0,False,0.0,True
4980,1.2910323164147677,transformer_add97_f0.3_wd1.0_dense_s3,33600.0,add,1.0,False,0.0,True
5980,1.2614909174711146,transformer_add97_f0.3_wd1.0_dense_s3,33600.0,add,1.0,False,0.0,True
6980,1.1388216387663734,transformer_add97_f0.3_wd1.0_dense_s3,33600.0,add,1.0,False,0.0,True
7980,1.1559779847981082,transformer_add97_f0.3_wd1.0_dense_s3,33600.0,add,1.0,False,0.0,True
8980,1.1833086107721005,transformer_add97_f0.3_wd1.0_dense_s3,33600.0,add,1.0,False,0.0,True
9980,1.16082365061625,transformer_add97_f0.3_wd1.0_dense_s3,33600.0,add,1.0,False,0.0,True
10980,1.16293866566675,transformer_add97_f0.3_wd1.0_dense_s3,33600.0,add,1.0,False,0.0,True
11980,1.1733496119028952,transformer_add97_f0.3_wd1.0_dense_s3,33600.0,add,1.0,False,0.0,True
12980,1.171465722228419,transformer_add97_f0.3_wd1.0_dense_s3,33600.0,add,1.0,False,0.0,True
13980,1.1935137590213845,transformer_add97_f0.3_wd1.0_dense_s3,33600.0,add,1.0,False,0.0,True
14980,1.1659754431191336,transformer_add97_f0.3_wd1.0_dense_s3,33600.0,add,1.0,False,0.0,True
15980,1.186030761388683,transformer_add97_f0.3_wd1.0_dense_s3,33600.0,add,1.0,False,0.0,True
16980,1.179715486851598,transformer_add97_f0.3_wd1.0_dense_s3,33600.0,add,1.0,False,0.0,True
17980,1.1843690513571017,transformer_add97_f0.3_wd1.0_dense_s3,33600.0,add,1.0,False,0.0,True
18980,1.1817851897983775,transformer_add97_f0.3_wd1.0_dense_s3,33600.0,add,1.0,False,0.0,True
19980,1.2043123271909653,transformer_add97_f0.3_wd1.0_dense_s3,33600.0,add,1.0,False,0.0,True
20980,1.1522713698720928,transformer_add97_f0.3_wd1.0_dense_s3,33600.0,add,1.0,False,0.0,True
21980,1.1692996219105904,transformer_add97_f0.3_wd1.0_dense_s3,33600.0,add,1.0,False,0.0,True
22980,1.1687870472027342,transformer_add97_f0.3_wd1.0_dense_s3,33600.0,add,1.0,False,0.0,True
23980,1.1576570570404507,transformer_add97_f0.3_wd1.0_dense_s3,33600.0,add,1.0,False,0.0,True
24980,1.133335187114359,transformer_add97_f0.3_wd1.0_dense_s3,33600.0,add,1.0,False,0.0,True
25980,1.1200583786950895,transformer_add97_f0.3_wd1.0_dense_s3,33600.0,add,1.0,False,0.0,True
26980,1.1313668806133652,transformer_add97_f0.3_wd1.0_dense_s3,33600.0,add,1.0,False,0.0,True
27980,1.1285972754113045,transformer_add97_f0.3_wd1.0_dense_s3,33600.0,add,1.0,False,0.0,True
28980,1.165084416353826,transformer_add97_f0.3_wd1.0_dense_s3,33600.0,add,1.0,False,0.0,True
29980,1.1519193122507188,transformer_add97_f0.3_wd1.0_dense_s3,33600.0,add,1.0,False,0.0,True
30980,1.127230819637567,transformer_add97_f0.3_wd1.0_dense_s3,33600.0,add,1.0,False,0.0,True
31980,1.1484411522950702,transformer_add97_f0.3_wd1.0_dense_s3,33600.0,add,1.0,False,0.0,True
32980,1.1446343050663648,transformer_add97_f0.3_wd1.0_dense_s3,33600.0,add,1.0,False,0.0,True
33980,1.1505844164462342,transformer_add97_f0.3_wd1.0_dense_s3,33600.0,add,1.0,False,0.0,True
34980,1.181619864325013,transformer_add97_f0.3_wd1.0_dense_s3,33600.0,add,1.0,False,0.0,True
35980,1.135844546426854,transformer_add97_f0.3_wd1.0_dense_s3,33600.0,add,1.0,False,0.0,True
36980,1.1058747451301405,transformer_add97_f0.3_wd1.0_dense_s3,33600.0,add,1.0,False,0.0,True
37980,1.129356590756213,transformer_add97_f0.3_wd1.0_dense_s3,33600.0,add,1.0,False,0.0,True
38980,1.141328895810845,transformer_add97_f0.3_wd1.0_dense_s3,33600.0,add,1.0,False,0.0,True
39980,1.130235420770799,transformer_add97_f0.3_wd1.0_dense_s3,33600.0,add,1.0,False,0.0,True
40980,1.1694114461410274,transformer_add97_f0.3_wd1.0_dense_s3,33600.0,add,1.0,False,0.0,True
41980,1.1049152542425067,transformer_add97_f0.3_wd1.0_dense_s3,33600.0,add,1.0,False,0.0,True
42980,1.120678951088517,transformer_add97_f0.3_wd1.0_dense_s3,33600.0,add,1.0,False,0.0,True
43980,1.0725235539034212,transformer_add97_f0.3_wd1.0_dense_s3,33600.0,add,1.0,False,0.0,True
44980,1.1439014396368348,transformer_add97_f0.3_wd1.0_dense_s3,33600.0,add,1.0,False,0.0,True
45980,1.1359237598963114,transformer_add97_f0.3_wd1.0_dense_s3,33600.0,add,1.0,False,0.0,True
46980,1.122904596282975,transformer_add97_f0.3_wd1.0_dense_s3,33600.0,add,1.0,False,0.0,True
47980,1.1377530019260158,transformer_add97_f0.3_wd1.0_dense_s3,33600.0,add,1.0,False,0.0,True
48980,1.07986017177154,transformer_add97_f0.3_wd1.0_dense_s3,33600.0,add,1.0,False,0.0,True
49980,1.1197450420251975,transformer_add97_f0.3_wd1.0_dense_s3,33600.0,add,1.0,False,0.0,True
3980,1.4175757094132364,transformer_add97_f0.3_wd1.0_dense_s4,25800.0,add,1.0,False,0.0,True
4980,1.4023512806087195,transformer_add97_f0.3_wd1.0_dense_s4,25800.0,add,1.0,False,0.0,True
5980,1.3160948324495103,transformer_add97_f0.3_wd1.0_dense_s4,25800.0,add,1.0,False,0.0,True
6980,1.1640631477492625,transformer_add97_f0.3_wd1.0_dense_s4,25800.0,add,1.0,False,0.0,True
7980,1.1949174851813018,transformer_add97_f0.3_wd1.0_dense_s4,25800.0,add,1.0,False,0.0,True
8980,1.1351297419956692,transformer_add97_f0.3_wd1.0_dense_s4,25800.0,add,1.0,False,0.0,True
9980,1.109004807754212,transformer_add97_f0.3_wd1.0_dense_s4,25800.0,add,1.0,False,0.0,True
10980,1.1395473994375436,transformer_add97_f0.3_wd1.0_dense_s4,25800.0,add,1.0,False,0.0,True
11980,1.1398510101721984,transformer_add97_f0.3_wd1.0_dense_s4,25800.0,add,1.0,False,0.0,True
12980,1.1601353159064558,transformer_add97_f0.3_wd1.0_dense_s4,25800.0,add,1.0,False,0.0,True
13980,1.1852039990044736,transformer_add97_f0.3_wd1.0_dense_s4,25800.0,add,1.0,False,0.0,True
14980,1.1683117510140908,transformer_add97_f0.3_wd1.0_dense_s4,25800.0,add,1.0,False,0.0,True
15980,1.0966864521063873,transformer_add97_f0.3_wd1.0_dense_s4,25800.0,add,1.0,False,0.0,True
16980,1.098814273962167,transformer_add97_f0.3_wd1.0_dense_s4,25800.0,add,1.0,False,0.0,True
17980,1.107145215459637,transformer_add97_f0.3_wd1.0_dense_s4,25800.0,add,1.0,False,0.0,True
18980,1.162121913840048,transformer_add97_f0.3_wd1.0_dense_s4,25800.0,add,1.0,False,0.0,True
19980,1.1876080378272638,transformer_add97_f0.3_wd1.0_dense_s4,25800.0,add,1.0,False,0.0,True
20980,1.156177470526632,transformer_add97_f0.3_wd1.0_dense_s4,25800.0,add,1.0,False,0.0,True
21980,1.1451364318345831,transformer_add97_f0.3_wd1.0_dense_s4,25800.0,add,1.0,False,0.0,True
22980,1.1712821609647257,transformer_add97_f0.3_wd1.0_dense_s4,25800.0,add,1.0,False,0.0,True
23980,1.108633578900713,transformer_add97_f0.3_wd1.0_dense_s4,25800.0,add,1.0,False,0.0,True
24980,1.1177678663197397,transformer_add97_f0.3_wd1.0_dense_s4,25800.0,add,1.0,False,0.0,True
25980,1.1578438389554062,transformer_add97_f0.3_wd1.0_dense_s4,25800.0,add,1.0,False,0.0,True
26980,1.17238494566262,transformer_add97_f0.3_wd1.0_dense_s4,25800.0,add,1.0,False,0.0,True
27980,1.102892427737527,transformer_add97_f0.3_wd1.0_dense_s4,25800.0,add,1.0,False,0.0,True
28980,1.0966904139895406,transformer_add97_f0.3_wd1.0_dense_s4,25800.0,add,1.0,False,0.0,True
29980,1.1159858450925328,transformer_add97_f0.3_wd1.0_dense_s4,25800.0,add,1.0,False,0.0,True
30980,1.1134281814623523,transformer_add97_f0.3_wd1.0_dense_s4,25800.0,add,1.0,False,0.0,True
31980,1.1627428265919066,transformer_add97_f0.3_wd1.0_dense_s4,25800.0,add,1.0,False,0.0,True
32980,1.075689523961505,transformer_add97_f0.3_wd1.0_dense_s4,25800.0,add,1.0,False,0.0,True
33980,1.0816016639401305,transformer_add97_f0.3_wd1.0_dense_s4,25800.0,add,1.0,False,0.0,True
34980,1.127749415700038,transformer_add97_f0.3_wd1.0_dense_s4,25800.0,add,1.0,False,0.0,True
35980,1.1171350408237384,transformer_add97_f0.3_wd1.0_dense_s4,25800.0,add,1.0,False,0.0,True
36980,1.107968840659979,transformer_add97_f0.3_wd1.0_dense_s4,25800.0,add,1.0,False,0.0,True
37980,1.1230286878448732,transformer_add97_f0.3_wd1.0_dense_s4,25800.0,add,1.0,False,0.0,True
38980,1.1252996970569356,transformer_add97_f0.3_wd1.0_dense_s4,25800.0,add,1.0,False,0.0,True
39980,1.1467631449177682,transformer_add97_f0.3_wd1.0_dense_s4,25800.0,add,1.0,False,0.0,True
40980,1.0816351501057209,transformer_add97_f0.3_wd1.0_dense_s4,25800.0,add,1.0,False,0.0,True
41980,1.0873787185997472,transformer_add97_f0.3_wd1.0_dense_s4,25800.0,add,1.0,False,0.0,True
42980,1.1252157414409625,transformer_add97_f0.3_wd1.0_dense_s4,25800.0,add,1.0,False,0.0,True
43980,1.111833180398539,transformer_add97_f0.3_wd1.0_dense_s4,25800.0,add,1.0,False,0.0,True
44980,1.1447959296346475,transformer_add97_f0.3_wd1.0_dense_s4,25800.0,add,1.0,False,0.0,True
45980,1.1307157817487443,transformer_add97_f0.3_wd1.0_dense_s4,25800.0,add,1.0,False,0.0,True
46980,1.0962281766245705,transformer_add97_f0.3_wd1.0_dense_s4,25800.0,add,1.0,False,0.0,True
47980,1.1172515540930972,transformer_add97_f0.3_wd1.0_dense_s4,25800.0,add,1.0,False,0.0,True
48980,1.1445078496019665,transformer_add97_f0.3_wd1.0_dense_s4,25800.0,add,1.0,False,0.0,True
49980,1.090176690533877,transformer_add97_f0.3_wd1.0_dense_s4,25800.0,add,1.0,False,0.0,True
3980,1.4069278599367383,transformer_add97_f0.4_wd0.0_ortho_traj_s0,,add,0.0,False,0.10637921094894409,False
4980,1.4817708815585957,transformer_add97_f0.4_wd0.0_ortho_traj_s0,,add,0.0,False,0.10637921094894409,False
5980,1.6292964533114884,transformer_add97_f0.4_wd0.0_ortho_traj_s0,,add,0.0,False,0.10637921094894409,False
6980,1.7860065857761973,transformer_add97_f0.4_wd0.0_ortho_traj_s0,,add,0.0,False,0.10637921094894409,False
7980,1.8074392758999849,transformer_add97_f0.4_wd0.0_ortho_traj_s0,,add,0.0,False,0.10637921094894409,False
8980,1.8932875711526056,transformer_add97_f0.4_wd0.0_ortho_traj_s0,,add,0.0,False,0.10637921094894409,False
9980,1.867550604958849,transformer_add97_f0.4_wd0.0_ortho_traj_s0,,add,0.0,False,0.10637921094894409,False
10980,1.752423866084939,transformer_add97_f0.4_wd0.0_ortho_traj_s0,,add,0.0,False,0.10637921094894409,False
11980,1.8312866050950176,transformer_add97_f0.4_wd0.0_ortho_traj_s0,,add,0.0,False,0.10637921094894409,False
12980,1.8010210757542089,transformer_add97_f0.4_wd0.0_ortho_traj_s0,,add,0.0,False,0.10637921094894409,False
13980,1.7691031841009823,transformer_add97_f0.4_wd0.0_ortho_traj_s0,,add,0.0,False,0.10637921094894409,False
14980,1.941714817064148,transformer_add97_f0.4_wd0.0_ortho_traj_s0,,add,0.0,False,0.10637921094894409,False
15980,1.7191323365976647,transformer_add97_f0.4_wd0.0_ortho_traj_s0,,add,0.0,False,0.10637921094894409,False
16980,1.7371357279874824,transformer_add97_f0.4_wd0.0_ortho_traj_s0,,add,0.0,False,0.10637921094894409,False
17980,1.7984235799282573,transformer_add97_f0.4_wd0.0_ortho_traj_s0,,add,0.0,False,0.10637921094894409,False
18980,1.76905714787207,transformer_add97_f0.4_wd0.0_ortho_traj_s0,,add,0.0,False,0.10637921094894409,False
19980,2.001757715597322,transformer_add97_f0.4_wd0.0_ortho_traj_s0,,add,0.0,False,0.10637921094894409,False
3980,1.4488803091361533,transformer_add97_f0.4_wd0.0_ortho_traj_s1,,add,0.0,False,0.5851195752620697,True
4980,1.3054521899003229,transformer_add97_f0.4_wd0.0_ortho_traj_s1,,add,0.0,False,0.5851195752620697,True
5980,1.4879515209482668,transformer_add97_f0.4_wd0.0_ortho_traj_s1,,add,0.0,False,0.5851195752620697,True
6980,1.0295837734279984,transformer_add97_f0.4_wd0.0_ortho_traj_s1,,add,0.0,False,0.5851195752620697,True
7980,1.0637173258220338,transformer_add97_f0.4_wd0.0_ortho_traj_s1,,add,0.0,False,0.5851195752620697,True
8980,1.0484469826016136,transformer_add97_f0.4_wd0.0_ortho_traj_s1,,add,0.0,False,0.5851195752620697,True
9980,1.0384239696352262,transformer_add97_f0.4_wd0.0_ortho_traj_s1,,add,0.0,False,0.5851195752620697,True
10980,1.0347580151866953,transformer_add97_f0.4_wd0.0_ortho_traj_s1,,add,0.0,False,0.5851195752620697,True
11980,1.0298614342192367,transformer_add97_f0.4_wd0.0_ortho_traj_s1,,add,0.0,False,0.5851195752620697,True
12980,1.028437200094004,transformer_add97_f0.4_wd0.0_ortho_traj_s1,,add,0.0,False,0.5851195752620697,True
13980,1.026968711113653,transformer_add97_f0.4_wd0.0_ortho_traj_s1,,add,0.0,False,0.5851195752620697,True
14980,1.0238162829044446,transformer_add97_f0.4_wd0.0_ortho_traj_s1,,add,0.0,False,0.5851195752620697,True
15980,1.0199714799965278,transformer_add97_f0.4_wd0.0_ortho_traj_s1,,add,0.0,False,0.5851195752620697,True
16980,1.021428802691953,transformer_add97_f0.4_wd0.0_ortho_traj_s1,,add,0.0,False,0.5851195752620697,True
17980,1.0244085797403677,transformer_add97_f0.4_wd0.0_ortho_traj_s1,,add,0.0,False,0.5851195752620697,True
18980,1.0324852017194304,transformer_add97_f0.4_wd0.0_ortho_traj_s1,,add,0.0,False,0.5851195752620697,True
19980,1.0216935154950333,transformer_add97_f0.4_wd0.0_ortho_traj_s1,,add,0.0,False,0.5851195752620697,True
3980,1.9251881927033097,transformer_add97_f0.4_wd0.0_ortho_traj_s2,,add,0.0,False,0.5868910551071167,True
4980,1.6407802607999888,transformer_add97_f0.4_wd0.0_ortho_traj_s2,,add,0.0,False,0.5868910551071167,True
5980,1.0430532005080455,transformer_add97_f0.4_wd0.0_ortho_traj_s2,,add,0.0,False,0.5868910551071167,True
6980,1.0897894410274611,transformer_add97_f0.4_wd0.0_ortho_traj_s2,,add,0.0,False,0.5868910551071167,True
7980,1.06245113621887,transformer_add97_f0.4_wd0.0_ortho_traj_s2,,add,0.0,False,0.5868910551071167,True
8980,1.0501664399942356,transformer_add97_f0.4_wd0.0_ortho_traj_s2,,add,0.0,False,0.5868910551071167,True
9980,1.0442656728868145,transformer_add97_f0.4_wd0.0_ortho_traj_s2,,add,0.0,False,0.5868910551071167,True
10980,1.041887587383682,transformer_add97_f0.4_wd0.0_ortho_traj_s2,,add,0.0,False,0.5868910551071167,True
11980,1.0408867743281474,transformer_add97_f0.4_wd0.0_ortho_traj_s2,,add,0.0,False,0.5868910551071167,True
12980,1.0403017004308523,transformer_add97_f0.4_wd0.0_ortho_traj_s2,,add,0.0,False,0.5868910551071167,True
13980,1.039776234248755,transformer_add97_f0.4_wd0.0_ortho_traj_s2,,add,0.0,False,0.5868910551071167,True
14980,1.0406174130226158,transformer_add97_f0.4_wd0.0_ortho_traj_s2,,add,0.0,False,0.5868910551071167,True
15980,1.03950538605687,transformer_add97_f0.4_wd0.0_ortho_traj_s2,,add,0.0,False,0.5868910551071167,True
16980,1.038856726444066,transformer_add97_f0.4_wd0.0_ortho_traj_s2,,add,0.0,False,0.5868910551071167,True
17980,1.0390077599882672,transformer_add97_f0.4_wd0.0_ortho_traj_s2,,add,0.0,False,0.5868910551071167,True
18980,1.037998192141626,transformer_add97_f0.4_wd0.0_ortho_traj_s2,,add,0.0,False,0.5868910551071167,True
19980,1.0383024484482966,transformer_add97_f0.4_wd0.0_ortho_traj_s2,,add,0.0,False,0.5868910551071167,True
3980,1.81654424780268,transformer_add97_f0.4_wd0.0_ortho_traj_s3,,add,0.0,False,0.7132016718387604,False
4980,1.8012621870237382,transformer_add97_f0.4_wd0.0_ortho_traj_s3,,add,0.0,False,0.7132016718387604,False
5980,2.1306118472335625,transformer_add97_f0.4_wd0.0_ortho_traj_s3,,add,0.0,False,0.7132016718387604,False
6980,2.159339460176676,transformer_add97_f0.4_wd0.0_ortho_traj_s3,,add,0.0,False,0.7132016718387604,False
7980,2.144249305548043,transformer_add97_f0.4_wd0.0_ortho_traj_s3,,add,0.0,False,0.7132016718387604,False
8980,1.8777582591220965,transformer_add97_f0.4_wd0.0_ortho_traj_s3,,add,0.0,False,0.7132016718387604,False
9980,2.190430993843355,transformer_add97_f0.4_wd0.0_ortho_traj_s3,,add,0.0,False,0.7132016718387604,False
10980,1.8463484324702892,transformer_add97_f0.4_wd0.0_ortho_traj_s3,,add,0.0,False,0.7132016718387604,False
11980,1.7549464368773926,transformer_add97_f0.4_wd0.0_ortho_traj_s3,,add,0.0,False,0.7132016718387604,False
12980,1.7326769950686225,transformer_add97_f0.4_wd0.0_ortho_traj_s3,,add,0.0,False,0.7132016718387604,False
13980,1.8619238618272744,transformer_add97_f0.4_wd0.0_ortho_traj_s3,,add,0.0,False,0.7132016718387604,False
14980,1.9616789953286429,transformer_add97_f0.4_wd0.0_ortho_traj_s3,,add,0.0,False,0.7132016718387604,False
15980,1.9751544906635383,transformer_add97_f0.4_wd0.0_ortho_traj_s3,,add,0.0,False,0.7132016718387604,False
16980,1.9664745503388648,transformer_add97_f0.4_wd0.0_ortho_traj_s3,,add,0.0,False,0.7132016718387604,False
17980,1.8992790390577672,transformer_add97_f0.4_wd0.0_ortho_traj_s3,,add,0.0,False,0.7132016718387604,False
18980,1.9263481466982677,transformer_add97_f0.4_wd0.0_ortho_traj_s3,,add,0.0,False,0.7132016718387604,False
19980,1.850477142604084,transformer_add97_f0.4_wd0.0_ortho_traj_s3,,add,0.0,False,0.7132016718387604,False
3980,1.2918985223296724,transformer_add97_f0.4_wd0.0_ortho_traj_s4,12500.0,add,0.0,False,0.06873387098312378,True
4980,1.1977535484032955,transformer_add97_f0.4_wd0.0_ortho_traj_s4,12500.0,add,0.0,False,0.06873387098312378,True
5980,1.3631084726412883,transformer_add97_f0.4_wd0.0_ortho_traj_s4,12500.0,add,0.0,False,0.06873387098312378,True
6980,1.3753327005911002,transformer_add97_f0.4_wd0.0_ortho_traj_s4,12500.0,add,0.0,False,0.06873387098312378,True
7980,1.8123818813694683,transformer_add97_f0.4_wd0.0_ortho_traj_s4,12500.0,add,0.0,False,0.06873387098312378,True
8980,1.5453908353790324,transformer_add97_f0.4_wd0.0_ortho_traj_s4,12500.0,add,0.0,False,0.06873387098312378,True
9980,1.6708705792529968,transformer_add97_f0.4_wd0.0_ortho_traj_s4,12500.0,add,0.0,False,0.06873387098312378,True
10980,1.522680914724346,transformer_add97_f0.4_wd0.0_ortho_traj_s4,12500.0,add,0.0,False,0.06873387098312378,True
11980,1.94575093759839,transformer_add97_f0.4_wd0.0_ortho_traj_s4,12500.0,add,0.0,False,0.06873387098312378,True
12980,1.4764397245497514,transformer_add97_f0.4_wd0.0_ortho_traj_s4,12500.0,add,0.0,False,0.06873387098312378,True
13980,1.4763709334177044,transformer_add97_f0.4_wd0.0_ortho_traj_s4,12500.0,add,0.0,False,0.06873387098312378,True
14980,1.4174232783073597,transformer_add97_f0.4_wd0.0_ortho_traj_s4,12500.0,add,0.0,False,0.06873387098312378,True
15980,2.3563320154427547,transformer_add97_f0.4_wd0.0_ortho_traj_s4,12500.0,add,0.0,False,0.06873387098312378,True
16980,1.4557078687601908,transformer_add97_f0.4_wd0.0_ortho_traj_s4,12500.0,add,0.0,False,0.06873387098312378,True
17980,1.3604789529168917,transformer_add97_f0.4_wd0.0_ortho_traj_s4,12500.0,add,0.0,False,0.06873387098312378,True
18980,1.367382223910654,transformer_add97_f0.4_wd0.0_ortho_traj_s4,12500.0,add,0.0,False,0.06873387098312378,True
19980,1.459788077836905,transformer_add97_f0.4_wd0.0_ortho_traj_s4,12500.0,add,0.0,False,0.06873387098312378,True
3980,1.2770718233975833,transformer_add97_permuted_dense_s0,,add,1.0,True,0.990889766253531,True
4980,1.337654590436336,transformer_add97_permuted_dense_s0,,add,1.0,True,0.990889766253531,True
5980,1.241016096425304,transformer_add97_permuted_dense_s0,,add,1.0,True,0.990889766253531,True
6980,1.158388599770812,transformer_add97_permuted_dense_s0,,add,1.0,True,0.990889766253531,True
7980,1.1059870091870754,transformer_add97_permuted_dense_s0,,add,1.0,True,0.990889766253531,True
8980,1.1083462960097703,transformer_add97_permuted_dense_s0,,add,1.0,True,0.990889766253531,True
9980,1.1167888032519195,transformer_add97_permuted_dense_s0,,add,1.0,True,0.990889766253531,True
10980,1.1193637423793337,transformer_add97_permuted_dense_s0,,add,1.0,True,0.990889766253531,True
11980,1.195290122547911,transformer_add97_permuted_dense_s0,,add,1.0,True,0.990889766253531,True
12980,1.175934824836293,transformer_add97_permuted_dense_s0,,add,1.0,True,0.990889766253531,True
13980,1.1405359617127853,transformer_add97_permuted_dense_s0,,add,1.0,True,0.990889766253531,True
14980,1.1754608505182655,transformer_add97_permuted_dense_s0,,add,1.0,True,0.990889766253531,True
15980,1.176898896724068,transformer_add97_permuted_dense_s0,,add,1.0,True,0.990889766253531,True
16980,1.120068832799065,transformer_add97_permuted_dense_s0,,add,1.0,True,0.990889766253531,True
17980,1.115341109330333,transformer_add97_permuted_dense_s0,,add,1.0,True,0.990889766253531,True
18980,1.1074490824265584,transformer_add97_permuted_dense_s0,,add,1.0,True,0.990889766253531,True
19980,1.09843661334462,transformer_add97_permuted_dense_s0,,add,1.0,True,0.990889766253531,True
20980,1.116228750351157,transformer_add97_permuted_dense_s0,,add,1.0,True,0.990889766253531,True
21980,1.1374386243448118,transformer_add97_permuted_dense_s0,,add,1.0,True,0.990889766253531,True
22980,1.1725571614054726,transformer_add97_permuted_dense_s0,,add,1.0,True,0.990889766253531,True
23980,1.1550788737195978,transformer_add97_permuted_dense_s0,,add,1.0,True,0.990889766253531,True
24980,1.168723968043888,transformer_add97_permuted_dense_s0,,add,1.0,True,0.990889766253531,True
25980,1.1726093737986607,transformer_add97_permuted_dense_s0,,add,1.0,True,0.990889766253531,True
26980,1.1203836099535398,transformer_add97_permuted_dense_s0,,add,1.0,True,0.990889766253531,True
27980,1.1160085855716764,transformer_add97_permuted_dense_s0,,add,1.0,True,0.990889766253531,True
28980,1.142662351344498,transformer_add97_permuted_dense_s0,,add,1.0,True,0.990889766253531,True
29980,1.1578660776880991,transformer_add97_permuted_dense_s0,,add,1.0,True,0.990889766253531,True
30980,1.1392513414990728,transformer_add97_permuted_dense_s0,,add,1.0,True,0.990889766253531,True
31980,1.160782919169745,transformer_add97_permuted_dense_s0,,add,1.0,True,0.990889766253531,True
32980,1.1122241794067222,transformer_add97_permuted_dense_s0,,add,1.0,True,0.990889766253531,True
33980,1.1500689309855363,transformer_add97_permuted_dense_s0,,add,1.0,True,0.990889766253531,True
34980,1.1094815452764015,transformer_add97_permuted_dense_s0,,add,1.0,True,0.990889766253531,True
35980,1.1546728617345994,transformer_add97_permuted_dense_s0,,add,1.0,True,0.990889766253531,True
36980,1.1411589265384945,transformer_add97_permuted_dense_s0,,add,1.0,True,0.990889766253531,True
37980,1.1632304938139382,transformer_add97_permuted_dense_s0,,add,1.0,True,0.990889766253531,True
38980,1.1344034955785294,transformer_add97_permuted_dense_s0,,add,1.0,True,0.990889766253531,True
39980,1.0977458737491097,transformer_add97_permuted_dense_s0,,add,1.0,True,0.990889766253531,True
3980,1.303889031890187,transformer_add97_permuted_dense_s1,,add,1.0,True,0.989826905541122,True
4980,1.3307665503314334,transformer_add97_permuted_dense_s1,,add,1.0,True,0.989826905541122,True
5980,1.2607882994661166,transformer_add97_permuted_dense_s1,,add,1.0,True,0.989826905541122,True
6980,1.1587835974412295,transformer_add97_permuted_dense_s1,,add,1.0,True,0.989826905541122,True
7980,1.120762123382515,transformer_add97_permuted_dense_s1,,add,1.0,True,0.989826905541122,True
8980,1.1129578550893764,transformer_add97_permuted_dense_s1,,add,1.0,True,0.989826905541122,True
9980,1.0863813082037446,transformer_add97_permuted_dense_s1,,add,1.0,True,0.989826905541122,True
10980,1.1106937543113744,transformer_add97_permuted_dense_s1,,add,1.0,True,0.989826905541122,True
11980,1.1587294427311523,transformer_add97_permuted_dense_s1,,add,1.0,True,0.989826905541122,True
12980,1.1471077152981235,transformer_add97_permuted_dense_s1,,add,1.0,True,0.989826905541122,True
13980,1.1706955968275734,transformer_add97_permuted_dense_s1,,add,1.0,True,0.989826905541122,True
14980,1.1855645740761886,transformer_add97_permuted_dense_s1,,add,1.0,True,0.989826905541122,True
15980,1.1430179320524003,transformer_add97_permuted_dense_s1,,add,1.0,True,0.989826905541122,True
16980,1.159250498189209,transformer_add97_permuted_dense_s1,,add,1.0,True,0.989826905541122,True
17980,1.1396534413516863,transformer_add97_permuted_dense_s1,,add,1.0,True,0.989826905541122,True
18980,1.108085387779389,transformer_add97_permuted_dense_s1,,add,1.0,True,0.989826905541122,True
19980,1.1462148629085025,transformer_add97_permuted_dense_s1,,add,1.0,True,0.989826905541122,True
20980,1.1304253026290991,transformer_add97_permuted_dense_s1,,add,1.0,True,0.989826905541122,True
21980,1.1374836550974945,transformer_add97_permuted_dense_s1,,add,1.0,True,0.989826905541122,True
22980,1.0802482544323,transformer_add97_permuted_dense_s1,,add,1.0,True,0.989826905541122,True
23980,1.1153146726725047,transformer_add97_permuted_dense_s1,,add,1.0,True,0.989826905541122,True
24980,1.149569014481065,transformer_add97_permuted_dense_s1,,add,1.0,True,0.989826905541122,True
25980,1.1456765030507323,transformer_add97_permuted_dense_s1,,add,1.0,True,0.989826905541122,True
26980,1.1735519902331466,transformer_add97_permuted_dense_s1,,add,1.0,True,0.989826905541122,True
27980,1.133788196690117,transformer_add97_permuted_dense_s1,,add,1.0,True,0.989826905541122,True
28980,1.1679812386574124,transformer_add97_permuted_dense_s1,,add,1.0,True,0.989826905541122,True
29980,1.150729034010238,transformer_add97_permuted_dense_s1,,add,1.0,True,0.989826905541122,True
30980,1.0903404981704472,transformer_add97_permuted_dense_s1,,add,1.0,True,0.989826905541122,True
31980,1.1253458737193116,transformer_add97_permuted_dense_s1,,add,1.0,True,0.989826905541122,True
32980,1.1309739887610384,transformer_add97_permuted_dense_s1,,add,1.0,True,0.989826905541122,True
33980,1.1231992089666996,transformer_add97_permuted_dense_s1,,add,1.0,True,0.989826905541122,True
34980,1.1377798464746445,transformer_add97_permuted_dense_s1,,add,1.0,True,0.989826905541122,True
35980,1.152969110728678,transformer_add97_permuted_dense_s1,,add,1.0,True,0.989826905541122,True
36980,1.1161419157236518,transformer_add97_permuted_dense_s1,,add,1.0,True,0.989826905541122,True
37980,1.1281014803606642,transformer_add97_permuted_dense_s1,,add,1.0,True,0.989826905541122,True
38980,1.1054604265599448,transformer_add97_permuted_dense_s1,,add,1.0,True,0.989826905541122,True
39980,1.108998545168448,transformer_add97_permuted_dense_s1,,add,1.0,True,0.989826905541122,True
3980,1.308088344337135,transformer_add97_permuted_dense_s2,,add,1.0,True,0.983399803750217,True
4980,1.3489195868309651,transformer_add97_permuted_dense_s2,,add,1.0,True,0.983399803750217,True
5980,1.1737460267477653,transformer_add97_permuted_dense_s2,,add,1.0,True,0.983399803750217,True
6980,1.127190070951389,transformer_add97_permuted_dense_s2,,add,1.0,True,0.983399803750217,True
7980,1.137590729272378,transformer_add97_permuted_dense_s2,,add,1.0,True,0.983399803750217,True
8980,1.103445669811562,transformer_add97_permuted_dense_s2,,add,1.0,True,0.983399803750217,True
9980,1.1545455812433143,transformer_add97_permuted_dense_s2,,add,1.0,True,0.983399803750217,True
10980,1.1712340490018984,transformer_add97_permuted_dense_s2,,add,1.0,True,0.983399803750217,True
11980,1.1809296419316302,transformer_add97_permuted_dense_s2,,add,1.0,True,0.983399803750217,True
12980,1.2006087111059256,transformer_add97_permuted_dense_s2,,add,1.0,True,0.983399803750217,True
13980,1.2037190687293335,transformer_add97_permuted_dense_s2,,add,1.0,True,0.983399803750217,True
14980,1.190306030722533,transformer_add97_permuted_dense_s2,,add,1.0,True,0.983399803750217,True
15980,1.195560633057093,transformer_add97_permuted_dense_s2,,add,1.0,True,0.983399803750217,True
16980,1.162867848575356,transformer_add97_permuted_dense_s2,,add,1.0,True,0.983399803750217,True
17980,1.1733249063624558,transformer_add97_permuted_dense_s2,,add,1.0,True,0.983399803750217,True
18980,1.1949351446021406,transformer_add97_permuted_dense_s2,,add,1.0,True,0.983399803750217,True
19980,1.1155911343605494,transformer_add97_permuted_dense_s2,,add,1.0,True,0.983399803750217,True
20980,1.114552194869748,transformer_add97_permuted_dense_s2,,add,1.0,True,0.983399803750217,True
21980,1.1633753922995125,transformer_add97_permuted_dense_s2,,add,1.0,True,0.983399803750217,True
22980,1.1656537816695671,transformer_add97_permuted_dense_s2,,add,1.0,True,0.983399803750217,True
23980,1.157463291521165,transformer_add97_permuted_dense_s2,,add,1.0,True,0.983399803750217,True
24980,1.174342238235752,transformer_add97_permuted_dense_s2,,add,1.0,True,0.983399803750217,True
25980,1.1306580580063537,transformer_add97_permuted_dense_s2,,add,1.0,True,0.983399803750217,True
26980,1.1835605663383693,transformer_add97_permuted_dense_s2,,add,1.0,True,0.983399803750217,True
27980,1.1993800264715342,transformer_add97_permuted_dense_s2,,add,1.0,True,0.983399803750217,True
28980,1.1037804183907791,transformer_add97_permuted_dense_s2,,add,1.0,True,0.983399803750217,True
29980,1.151321046659818,transformer_add97_permuted_dense_s2,,add,1.0,True,0.983399803750217,True
30980,1.1347539056942484,transformer_add97_permuted_dense_s2,,add,1.0,True,0.983399803750217,True
31980,1.1889058312278942,transformer_add97_permuted_dense_s2,,add,1.0,True,0.983399803750217,True
32980,1.1726754646705724,transformer_add97_permuted_dense_s2,,add,1.0,True,0.983399803750217,True
33980,1.206906047175782,transformer_add97_permuted_dense_s2,,add,1.0,True,0.983399803750217,True
34980,1.1468235760400622,transformer_add97_permuted_dense_s2,,add,1.0,True,0.983399803750217,True
35980,1.173882787453219,transformer_add97_permuted_dense_s2,,add,1.0,True,0.983399803750217,True
36980,1.1259278174338183,transformer_add97_permuted_dense_s2,,add,1.0,True,0.983399803750217,True
37980,1.1364029310618309,transformer_add97_permuted_dense_s2,,add,1.0,True,0.983399803750217,True
38980,1.1435919089600146,transformer_add97_permuted_dense_s2,,add,1.0,True,0.983399803750217,True
39980,1.1608874654097694,transformer_add97_permuted_dense_s2,,add,1.0,True,0.983399803750217,True
3980,1.3077114272996628,transformer_add97_permuted_dense_s3,,add,1.0,True,0.986486486159265,True
4980,1.3430667072023323,transformer_add97_permuted_dense_s3,,add,1.0,True,0.986486486159265,True
5980,1.2673362765133094,transformer_add97_permuted_dense_s3,,add,1.0,True,0.986486486159265,True
6980,1.1902296807827255,transformer_add97_permuted_dense_s3,,add,1.0,True,0.986486486159265,True
7980,1.1250487634572754,transformer_add97_permuted_dense_s3,,add,1.0,True,0.986486486159265,True
8980,1.1989345815595185,transformer_add97_permuted_dense_s3,,add,1.0,True,0.986486486159265,True
9980,1.179189565128559,transformer_add97_permuted_dense_s3,,add,1.0,True,0.986486486159265,True
10980,1.1322029945255172,transformer_add97_permuted_dense_s3,,add,1.0,True,0.986486486159265,True
11980,1.1613373358574677,transformer_add97_permuted_dense_s3,,add,1.0,True,0.986486486159265,True
12980,1.203189488527485,transformer_add97_permuted_dense_s3,,add,1.0,True,0.986486486159265,True
13980,1.1893277621600582,transformer_add97_permuted_dense_s3,,add,1.0,True,0.986486486159265,True
14980,1.1830781595969502,transformer_add97_permuted_dense_s3,,add,1.0,True,0.986486486159265,True
15980,1.155090169256738,transformer_add97_permuted_dense_s3,,add,1.0,True,0.986486486159265,True
16980,1.160712046251103,transformer_add97_permuted_dense_s3,,add,1.0,True,0.986486486159265,True
17980,1.1162817470595634,transformer_add97_permuted_dense_s3,,add,1.0,True,0.986486486159265,True
18980,1.1644795494834006,transformer_add97_permuted_dense_s3,,add,1.0,True,0.986486486159265,True
19980,1.1778704511975946,transformer_add97_permuted_dense_s3,,add,1.0,True,0.986486486159265,True
20980,1.181881366742812,transformer_add97_permuted_dense_s3,,add,1.0,True,0.986486486159265,True
21980,1.164195818620689,transformer_add97_permuted_dense_s3,,add,1.0,True,0.986486486159265,True
22980,1.1463296335964483,transformer_add97_permuted_dense_s3,,add,1.0,True,0.986486486159265,True
23980,1.1597125725678183,transformer_add97_permuted_dense_s3,,add,1.0,True,0.986486486159265,True
24980,1.1445997699678374,transformer_add97_permuted_dense_s3,,add,1.0,True,0.986486486159265,True
25980,1.1566759146319576,transformer_add97_permuted_dense_s3,,add,1.0,True,0.986486486159265,True
26980,1.1559376743299474,transformer_add97_permuted_dense_s3,,add,1.0,True,0.986486486159265,True
27980,1.1411913100235789,transformer_add97_permuted_dense_s3,,add,1.0,True,0.986486486159265,True
28980,1.1238316001862485,transformer_add97_permuted_dense_s3,,add,1.0,True,0.986486486159265,True
29980,1.1685051112451157,transformer_add97_permuted_dense_s3,,add,1.0,True,0.986486486159265,True
30980,1.1930139423349784,transformer_add97_permuted_dense_s3,,add,1.0,True,0.986486486159265,True
31980,1.1558153012656749,transformer_add97_permuted_dense_s3,,add,1.0,True,0.986486486159265,True
32980,1.1669236609276306,transformer_add97_permuted_dense_s3,,add,1.0,True,0.986486486159265,True
33980,1.1549697617231385,transformer_add97_permuted_dense_s3,,add,1.0,True,0.986486486159265,True
34980,1.1533696638542208,transformer_add97_permuted_dense_s3,,add,1.0,True,0.986486486159265,True
35980,1.1888825727490837,transformer_add97_permuted_dense_s3,,add,1.0,True,0.986486486159265,True
36980,1.190346321699255,transformer_add97_permuted_dense_s3,,add,1.0,True,0.986486486159265,True
37980,1.1654863607534731,transformer_add97_permuted_dense_s3,,add,1.0,True,0.986486486159265,True
38980,1.1682169440733454,transformer_add97_permuted_dense_s3,,add,1.0,True,0.986486486159265,True
39980,1.1700305103585502,transformer_add97_permuted_dense_s3,,add,1.0,True,0.986486486159265,True
3980,1.381431772992749,transformer_add97_permuted_dense_s4,,add,1.0,True,0.9896750682964921,True
4980,1.351930757527413,transformer_add97_permuted_dense_s4,,add,1.0,True,0.9896750682964921,True
5980,1.3245108229045148,transformer_add97_permuted_dense_s4,,add,1.0,True,0.9896750682964921,True
6980,1.171057506160287,transformer_add97_permuted_dense_s4,,add,1.0,True,0.9896750682964921,True
7980,1.159296676918775,transformer_add97_permuted_dense_s4,,add,1.0,True,0.9896750682964921,True
8980,1.1651636972587407,transformer_add97_permuted_dense_s4,,add,1.0,True,0.9896750682964921,True
9980,1.1804941133402362,transformer_add97_permuted_dense_s4,,add,1.0,True,0.9896750682964921,True
10980,1.1874500276680893,transformer_add97_permuted_dense_s4,,add,1.0,True,0.9896750682964921,True
11980,1.1823086165203116,transformer_add97_permuted_dense_s4,,add,1.0,True,0.9896750682964921,True
12980,1.1936087787189689,transformer_add97_permuted_dense_s4,,add,1.0,True,0.9896750682964921,True
13980,1.1866993371883714,transformer_add97_permuted_dense_s4,,add,1.0,True,0.9896750682964921,True
14980,1.197678754948502,transformer_add97_permuted_dense_s4,,add,1.0,True,0.9896750682964921,True
15980,1.1961909063719216,transformer_add97_permuted_dense_s4,,add,1.0,True,0.9896750682964921,True
16980,1.2032530180590637,transformer_add97_permuted_dense_s4,,add,1.0,True,0.9896750682964921,True
17980,1.1845970909818688,transformer_add97_permuted_dense_s4,,add,1.0,True,0.9896750682964921,True
18980,1.1516121319863808,transformer_add97_permuted_dense_s4,,add,1.0,True,0.9896750682964921,True
19980,1.1802178826176746,transformer_add97_permuted_dense_s4,,add,1.0,True,0.9896750682964921,True
20980,1.1495902928120112,transformer_add97_permuted_dense_s4,,add,1.0,True,0.9896750682964921,True
21980,1.1389798134286728,transformer_add97_permuted_dense_s4,,add,1.0,True,0.9896750682964921,True
22980,1.1845346824669774,transformer_add97_permuted_dense_s4,,add,1.0,True,0.9896750682964921,True
23980,1.135919014864336,transformer_add97_permuted_dense_s4,,add,1.0,True,0.9896750682964921,True
24980,1.1195807351877212,transformer_add97_permuted_dense_s4,,add,1.0,True,0.9896750682964921,True
25980,1.100034023834039,transformer_add97_permuted_dense_s4,,add,1.0,True,0.9896750682964921,True
26980,1.1440001293142112,transformer_add97_permuted_dense_s4,,add,1.0,True,0.9896750682964921,True
27980,1.1622111011331548,transformer_add97_permuted_dense_s4,,add,1.0,True,0.9896750682964921,True
28980,1.174869628287276,transformer_add97_permuted_dense_s4,,add,1.0,True,0.9896750682964921,True
29980,1.1561363243766805,transformer_add97_permuted_dense_s4,,add,1.0,True,0.9896750682964921,True
30980,1.1659241180203634,transformer_add97_permuted_dense_s4,,add,1.0,True,0.9896750682964921,True
31980,1.2021460066996603,transformer_add97_permuted_dense_s4,,add,1.0,True,0.9896750682964921,True
32980,1.1108463667934092,transformer_add97_permuted_dense_s4,,add,1.0,True,0.9896750682964921,True
33980,1.1032507250632382,transformer_add97_permuted_dense_s4,,add,1.0,True,0.9896750682964921,True
34980,1.1507811551477178,transformer_add97_permuted_dense_s4,,add,1.0,True,0.9896750682964921,True
35980,1.1519481486525105,transformer_add97_permuted_dense_s4,,add,1.0,True,0.9896750682964921,True
36980,1.181274426894637,transformer_add97_permuted_dense_s4,,add,1.0,True,0.9896750682964921,True
37980,1.2144662006938889,transformer_add97_permuted_dense_s4,,add,1.0,True,0.9896750682964921,True
38980,1.1542862040764292,transformer_add97_permuted_dense_s4,,add,1.0,True,0.9896750682964921,True
39980,1.1159827897698058,transformer_add97_permuted_dense_s4,,add,1.0,True,0.9896750682964921,True
3980,1.301454625732544,transformer_compose120_f0.6_wd1.0_softmax_ce_s0,15900.0,compose,1.0,False,0.0,True
4980,1.4191526633387224,transformer_compose120_f0.6_wd1.0_softmax_ce_s0,15900.0,compose,1.0,False,0.0,True
5980,1.4023127154223296,transformer_compose120_f0.6_wd1.0_softmax_ce_s0,15900.0,compose,1.0,False,0.0,True
6980,1.3032436769996405,transformer_compose120_f0.6_wd1.0_softmax_ce_s0,15900.0,compose,1.0,False,0.0,True
7980,1.272223500413707,transformer_compose120_f0.6_wd1.0_softmax_ce_s0,15900.0,compose,1.0,False,0.0,True
8980,1.3352623863399151,transformer_compose120_f0.6_wd1.0_softmax_ce_s0,15900.0,compose,1.0,False,0.0,True
9980,1.328823146293647,transformer_compose120_f0.6_wd1.0_softmax_ce_s0,15900.0,compose,1.0,False,0.0,True
10980,1.2077921438688932,transformer_compose120_f0.6_wd1.0_softmax_ce_s0,15900.0,compose,1.0,False,0.0,True
11980,1.3444310180126553,transformer_compose120_f0.6_wd1.0_softmax_ce_s0,15900.0,compose,1.0,False,0.0,True
12980,1.2310636669165878,transformer_compose120_f0.6_wd1.0_softmax_ce_s0,15900.0,compose,1.0,False,0.0,True
13980,1.2409845172157814,transformer_compose120_f0.6_wd1.0_softmax_ce_s0,15900.0,compose,1.0,False,0.0,True
14980,1.217732670075491,transformer_compose120_f0.6_wd1.0_softmax_ce_s0,15900.0,compose,1.0,False,0.0,True
15980,1.2335340066034437,transformer_compose120_f0.6_wd1.0_softmax_ce_s0,15900.0,compose,1.0,False,0.0,True
16980,1.200818934848637,transformer_compose120_f0.6_wd1.0_softmax_ce_s0,15900.0,compose,1.0,False,0.0,True
17980,1.1958559431028168,transformer_compose120_f0.6_wd1.0_softmax_ce_s0,15900.0,compose,1.0,False,0.0,True
18980,1.1147584422087071,transformer_compose120_f0.6_wd1.0_softmax_ce_s0,15900.0,compose,1.0,False,0.0,True
19980,1.121469696256955,transformer_compose120_f0.6_wd1.0_softmax_ce_s0,15900.0,compose,1.0,False,0.0,True
20980,1.0963561469907783,transformer_compose120_f0.6_wd1.0_softmax_ce_s0,15900.0,compose,1.0,False,0.0,True
21980,1.1185193639434663,transformer_compose120_f0.6_wd1.0_softmax_ce_s0,15900.0,compose,1.0,False,0.0,True
22980,1.163193787743193,transformer_compose120_f0.6_wd1.0_softmax_ce_s0,15900.0,compose,1.0,False,0.0,True
23980,1.1597493228234674,transformer_compose120_f0.6_wd1.0_softmax_ce_s0,15900.0,compose,1.0,False,0.0,True
24980,1.1709789388332463,transformer_compose120_f0.6_wd1.0_softmax_ce_s0,15900.0,compose,1.0,False,0.0,True
25980,1.1479196649958248,transformer_compose120_f0.6_wd1.0_softmax_ce_s0,15900.0,compose,1.0,False,0.0,True
26980,1.1763657716141016,transformer_compose120_f0.6_wd1.0_softmax_ce_s0,15900.0,compose,1.0,False,0.0,True
27980,1.1717936615025153,transformer_compose120_f0.6_wd1.0_softmax_ce_s0,15900.0,compose,1.0,False,0.0,True
28980,1.1194415166829377,transformer_compose120_f0.6_wd1.0_softmax_ce_s0,15900.0,compose,1.0,False,0.0,True
29980,1.1512279909619345,transformer_compose120_f0.6_wd1.0_softmax_ce_s0,15900.0,compose,1.0,False,0.0,True
30980,1.1260365865824278,transformer_compose120_f0.6_wd1.0_softmax_ce_s0,15900.0,compose,1.0,False,0.0,True
31980,1.105481312908298,transformer_compose120_f0.6_wd1.0_softmax_ce_s0,15900.0,compose,1.0,False,0.0,True
32980,1.1182095692506573,transformer_compose120_f0.6_wd1.0_softmax_ce_s0,15900.0,compose,1.0,False,0.0,True
33980,1.1097706860390566,transformer_compose120_f0.6_wd1.0_softmax_ce_s0,15900.0,compose,1.0,False,0.0,True
34980,1.1151307225080702,transformer_compose120_f0.6_wd1.0_softmax_ce_s0,15900.0,compose,1.0,False,0.0,True
35980,1.1109577665223125,transformer_compose120_f0.6_wd1.0_softmax_ce_s0,15900.0,compose,1.0,False,0.0,True
36980,1.1642092970328,transformer_compose120_f0.6_wd1.0_softmax_ce_s0,15900.0,compose,1.0,False,0.0,True
37980,1.1136358258204286,transformer_compose120_f0.6_wd1.0_softmax_ce_s0,15900.0,compose,1.0,False,0.0,True
38980,1.1608862037575975,transformer_compose120_f0.6_wd1.0_softmax_ce_s0,15900.0,compose,1.0,False,0.0,True
39980,1.1650561024047192,transformer_compose120_f0.6_wd1.0_softmax_ce_s0,15900.0,compose,1.0,False,0.0,True
40980,1.1368404668321637,transformer_compose120_f0.6_wd1.0_softmax_ce_s0,15900.0,compose,1.0,False,0.0,True
41980,1.1047663959152128,transformer_compose120_f0.6_wd1.0_softmax_ce_s0,15900.0,compose,1.0,False,0.0,True
42980,1.096056707153158,transformer_compose120_f0.6_wd1.0_softmax_ce_s0,15900.0,compose,1.0,False,0.0,True
43980,1.1147138470630296,transformer_compose120_f0.6_wd1.0_softmax_ce_s0,15900.0,compose,1.0,False,0.0,True
44980,1.1311295425918566,transformer_compose120_f0.6_wd1.0_softmax_ce_s0,15900.0,compose,1.0,False,0.0,True
45980,1.1700721426572056,transformer_compose120_f0.6_wd1.0_softmax_ce_s0,15900.0,compose,1.0,False,0.0,True
46980,1.1521445292716814,transformer_compose120_f0.6_wd1.0_softmax_ce_s0,15900.0,compose,1.0,False,0.0,True
47980,1.1198790001770855,transformer_compose120_f0.6_wd1.0_softmax_ce_s0,15900.0,compose,1.0,False,0.0,True
48980,1.1655430265764928,transformer_compose120_f0.6_wd1.0_softmax_ce_s0,15900.0,compose,1.0,False,0.0,True
49980,1.172963569591326,transformer_compose120_f0.6_wd1.0_softmax_ce_s0,15900.0,compose,1.0,False,0.0,True
50980,1.1521997501066226,transformer_compose120_f0.6_wd1.0_softmax_ce_s0,15900.0,compose,1.0,False,0.0,True
51980,1.1542213873314662,transformer_compose120_f0.6_wd1.0_softmax_ce_s0,15900.0,compose,1.0,False,0.0,True
52980,1.1383169028365103,transformer_compose120_f0.6_wd1.0_softmax_ce_s0,15900.0,compose,1.0,False,0.0,True
53980,1.1003829538214824,transformer_compose120_f0.6_wd1.0_softmax_ce_s0,15900.0,compose,1.0,False,0.0,True
54980,1.1002353980685784,transformer_compose120_f0.6_wd1.0_softmax_ce_s0,15900.0,compose,1.0,False,0.0,True
55980,1.104809659593917,transformer_compose120_f0.6_wd1.0_softmax_ce_s0,15900.0,compose,1.0,False,0.0,True
56980,1.1139501741485465,transformer_compose120_f0.6_wd1.0_softmax_ce_s0,15900.0,compose,1.0,False,0.0,True
57980,1.14130818650693,transformer_compose120_f0.6_wd1.0_softmax_ce_s0,15900.0,compose,1.0,False,0.0,True
58980,1.1523411750517865,transformer_compose120_f0.6_wd1.0_softmax_ce_s0,15900.0,compose,1.0,False,0.0,True
59980,1.1142251863703474,transformer_compose120_f0.6_wd1.0_softmax_ce_s0,15900.0,compose,1.0,False,0.0,True
60980,1.1648582005929633,transformer_compose120_f0.6_wd1.0_softmax_ce_s0,15900.0,compose,1.0,False,0.0,True
61980,1.1316390090805186,transformer_compose120_f0.6_wd1.0_softmax_ce_s0,15900.0,compose,1.0,False,0.0,True
62980,1.1212039100555102,transformer_compose120_f0.6_wd1.0_softmax_ce_s0,15900.0,compose,1.0,False,0.0,True
63980,1.150999655421861,transformer_compose120_f0.6_wd1.0_softmax_ce_s0,15900.0,compose,1.0,False,0.0,True
64980,1.114969528711591,transformer_compose120_f0.6_wd1.0_softmax_ce_s0,15900.0,compose,1.0,False,0.0,True
65980,1.1151691501057452,transformer_compose120_f0.6_wd1.0_softmax_ce_s0,15900.0,compose,1.0,False,0.0,True
66980,1.1070121337684573,transformer_compose120_f0.6_wd1.0_softmax_ce_s0,15900.0,compose,1.0,False,0.0,True
67980,1.1054045836992878,transformer_compose120_f0.6_wd1.0_softmax_ce_s0,15900.0,compose,1.0,False,0.0,True
68980,1.1006635214053466,transformer_compose120_f0.6_wd1.0_softmax_ce_s0,15900.0,compose,1.0,False,0.0,True
69980,1.11973959055711,transformer_compose120_f0.6_wd1.0_softmax_ce_s0,15900.0,compose,1.0,False,0.0,True
70980,1.1374405432727406,transformer_compose120_f0.6_wd1.0_softmax_ce_s0,15900.0,compose,1.0,False,0.0,True
71980,1.1793773217738532,transformer_compose120_f0.6_wd1.0_softmax_ce_s0,15900.0,compose,1.0,False,0.0,True
72980,1.1480315814526894,transformer_compose120_f0.6_wd1.0_softmax_ce_s0,15900.0,compose,1.0,False,0.0,True
73980,1.1646321311223735,transformer_compose120_f0.6_wd1.0_softmax_ce_s0,15900.0,compose,1.0,False,0.0,True
74980,1.1222489494295045,transformer_compose120_f0.6_wd1.0_softmax_ce_s0,15900.0,compose,1.0,False,0.0,True
75980,1.1218323817372644,transformer_compose120_f0.6_wd1.0_softmax_ce_s0,15900.0,compose,1.0,False,0.0,True
76980,1.1583822046725232,transformer_compose120_f0.6_wd1.0_softmax_ce_s0,15900.0,compose,1.0,False,0.0,True
77980,1.1566758904636472,transformer_compose120_f0.6_wd1.0_softmax_ce_s0,15900.0,compose,1.0,False,0.0,True
78980,1.1432311596155786,transformer_compose120_f0.6_wd1.0_softmax_ce_s0,15900.0,compose,1.0,False,0.0,True
79980,1.1027671233810308,transformer_compose120_f0.6_wd1.0_softmax_ce_s0,15900.0,compose,1.0,False,0.0,True
80980,1.0914251549078269,transformer_compose120_f0.6_wd1.0_softmax_ce_s0,15900.0,compose,1.0,False,0.0,True
81980,1.0996088896324496,transformer_compose120_f0.6_wd1.0_softmax_ce_s0,15900.0,compose,1.0,False,0.0,True
82980,1.120681098447026,transformer_compose120_f0.6_wd1.0_softmax_ce_s0,15900.0,compose,1.0,False,0.0,True
83980,1.12144674819955,transformer_compose120_f0.6_wd1.0_softmax_ce_s0,15900.0,compose,1.0,False,0.0,True
84980,1.113970516119376,transformer_compose120_f0.6_wd1.0_softmax_ce_s0,15900.0,compose,1.0,False,0.0,True
85980,1.1262614642072064,transformer_compose120_f0.6_wd1.0_softmax_ce_s0,15900.0,compose,1.0,False,0.0,True
86980,1.1450812276958051,transformer_compose120_f0.6_wd1.0_softmax_ce_s0,15900.0,compose,1.0,False,0.0,True
87980,1.1161607370371909,transformer_compose120_f0.6_wd1.0_softmax_ce_s0,15900.0,compose,1.0,False,0.0,True
88980,1.1271870486941993,transformer_compose120_f0.6_wd1.0_softmax_ce_s0,15900.0,compose,1.0,False,0.0,True
89980,1.1182080266643195,transformer_compose120_f0.6_wd1.0_softmax_ce_s0,15900.0,compose,1.0,False,0.0,True
90980,1.106009751799526,transformer_compose120_f0.6_wd1.0_softmax_ce_s0,15900.0,compose,1.0,False,0.0,True
91980,1.1261452584094311,transformer_compose120_f0.6_wd1.0_softmax_ce_s0,15900.0,compose,1.0,False,0.0,True
92980,1.133226719471202,transformer_compose120_f0.6_wd1.0_softmax_ce_s0,15900.0,compose,1.0,False,0.0,True
93980,1.1679914955516932,transformer_compose120_f0.6_wd1.0_softmax_ce_s0,15900.0,compose,1.0,False,0.0,True
94980,1.1542360383942996,transformer_compose120_f0.6_wd1.0_softmax_ce_s0,15900.0,compose,1.0,False,0.0,True
95980,1.1613523593422623,transformer_compose120_f0.6_wd1.0_softmax_ce_s0,15900.0,compose,1.0,False,0.0,True
96980,1.1654330641068456,transformer_compose120_f0.6_wd1.0_softmax_ce_s0,15900.0,compose,1.0,False,0.0,True
97980,1.1798004778481817,transformer_compose120_f0.6_wd1.0_softmax_ce_s0,15900.0,compose,1.0,False,0.0,True
98980,1.1416017231811584,transformer_compose120_f0.6_wd1.0_softmax_ce_s0,15900.0,compose,1.0,False,0.0,True
99980,1.167472736776205,transformer_compose120_f0.6_wd1.0_softmax_ce_s0,15900.0,compose,1.0,False,0.0,True
3980,1.3329759031037016,transformer_compose120_f0.6_wd1.0_softmax_ce_s1,36300.0,compose,1.0,False,0.0,True
4980,1.4294246804143096,transformer_compose120_f0.6_wd1.0_softmax_ce_s1,36300.0,compose,1.0,False,0.0,True
5980,1.3802486879878595,transformer_compose120_f0.6_wd1.0_softmax_ce_s1,36300.0,compose,1.0,False,0.0,True
6980,1.2746588755725508,transformer_compose120_f0.6_wd1.0_softmax_ce_s1,36300.0,compose,1.0,False,0.0,True
7980,1.349808716684891,transformer_compose120_f0.6_wd1.0_softmax_ce_s1,36300.0,compose,1.0,False,0.0,True
8980,1.3113292150174518,transformer_compose120_f0.6_wd1.0_softmax_ce_s1,36300.0,compose,1.0,False,0.0,True
9980,1.372730940511146,transformer_compose120_f0.6_wd1.0_softmax_ce_s1,36300.0,compose,1.0,False,0.0,True
10980,1.275314570950092,transformer_compose120_f0.6_wd1.0_softmax_ce_s1,36300.0,compose,1.0,False,0.0,True
11980,1.3305870387304497,transformer_compose120_f0.6_wd1.0_softmax_ce_s1,36300.0,compose,1.0,False,0.0,True
12980,1.3123331591421918,transformer_compose120_f0.6_wd1.0_softmax_ce_s1,36300.0,compose,1.0,False,0.0,True
13980,1.263171192802111,transformer_compose120_f0.6_wd1.0_softmax_ce_s1,36300.0,compose,1.0,False,0.0,True
14980,1.317788208811158,transformer_compose120_f0.6_wd1.0_softmax_ce_s1,36300.0,compose,1.0,False,0.0,True
15980,1.2382924746804285,transformer_compose120_f0.6_wd1.0_softmax_ce_s1,36300.0,compose,1.0,False,0.0,True
16980,1.3690179069789328,transformer_compose120_f0.6_wd1.0_softmax_ce_s1,36300.0,compose,1.0,False,0.0,True
17980,1.2941593208088884,transformer_compose120_f0.6_wd1.0_softmax_ce_s1,36300.0,compose,1.0,False,0.0,True
18980,1.229977123510385,transformer_compose120_f0.6_wd1.0_softmax_ce_s1,36300.0,compose,1.0,False,0.0,True
19980,1.2926705003905286,transformer_compose120_f0.6_wd1.0_softmax_ce_s1,36300.0,compose,1.0,False,0.0,True
20980,1.253400926545615,transformer_compose120_f0.6_wd1.0_softmax_ce_s1,36300.0,compose,1.0,False,0.0,True
21980,1.2921713724895985,transformer_compose120_f0.6_wd1.0_softmax_ce_s1,36300.0,compose,1.0,False,0.0,True
22980,1.2485123587583673,transformer_compose120_f0.6_wd1.0_softmax_ce_s1,36300.0,compose,1.0,False,0.0,True
23980,1.258744963332694,transformer_compose120_f0.6_wd1.0_softmax_ce_s1,36300.0,compose,1.0,False,0.0,True
24980,1.2376565285760737,transformer_compose120_f0.6_wd1.0_softmax_ce_s1,36300.0,compose,1.0,False,0.0,True
25980,1.3258251222738275,transformer_compose120_f0.6_wd1.0_softmax_ce_s1,36300.0,compose,1.0,False,0.0,True
26980,1.2598643410416877,transformer_compose120_f0.6_wd1.0_softmax_ce_s1,36300.0,compose,1.0,False,0.0,True
27980,1.3553722137537054,transformer_compose120_f0.6_wd1.0_softmax_ce_s1,36300.0,compose,1.0,False,0.0,True
28980,1.2338015667282338,transformer_compose120_f0.6_wd1.0_softmax_ce_s1,36300.0,compose,1.0,False,0.0,True
29980,1.3601894792066778,transformer_compose120_f0.6_wd1.0_softmax_ce_s1,36300.0,compose,1.0,False,0.0,True
30980,1.2302466323392178,transformer_compose120_f0.6_wd1.0_softmax_ce_s1,36300.0,compose,1.0,False,0.0,True
31980,1.3371823775436302,transformer_compose120_f0.6_wd1.0_softmax_ce_s1,36300.0,compose,1.0,False,0.0,True
32980,1.222364884008908,transformer_compose120_f0.6_wd1.0_softmax_ce_s1,36300.0,compose,1.0,False,0.0,True
33980,1.2261988118187352,transformer_compose120_f0.6_wd1.0_softmax_ce_s1,36300.0,compose,1.0,False,0.0,True
34980,1.2490012597241558,transformer_compose120_f0.6_wd1.0_softmax_ce_s1,36300.0,compose,1.0,False,0.0,True
35980,1.2403114489191698,transformer_compose120_f0.6_wd1.0_softmax_ce_s1,36300.0,compose,1.0,False,0.0,True
36980,1.1910360507608362,transformer_compose120_f0.6_wd1.0_softmax_ce_s1,36300.0,compose,1.0,False,0.0,True
37980,1.17136860256001,transformer_compose120_f0.6_wd1.0_softmax_ce_s1,36300.0,compose,1.0,False,0.0,True
38980,1.1531185764338172,transformer_compose120_f0.6_wd1.0_softmax_ce_s1,36300.0,compose,1.0,False,0.0,True
39980,1.1341191131583033,transformer_compose120_f0.6_wd1.0_softmax_ce_s1,36300.0,compose,1.0,False,0.0,True
40980,1.1045466566791604,transformer_compose120_f0.6_wd1.0_softmax_ce_s1,36300.0,compose,1.0,False,0.0,True
41980,1.1075231757902055,transformer_compose120_f0.6_wd1.0_softmax_ce_s1,36300.0,compose,1.0,False,0.0,True
42980,1.1395723608211994,transformer_compose120_f0.6_wd1.0_softmax_ce_s1,36300.0,compose,1.0,False,0.0,True
43980,1.0984659485710375,transformer_compose120_f0.6_wd1.0_softmax_ce_s1,36300.0,compose,1.0,False,0.0,True
44980,1.1281045958998837,transformer_compose120_f0.6_wd1.0_softmax_ce_s1,36300.0,compose,1.0,False,0.0,True
45980,1.1031404059845162,transformer_compose120_f0.6_wd1.0_softmax_ce_s1,36300.0,compose,1.0,False,0.0,True
46980,1.151377807703328,transformer_compose120_f0.6_wd1.0_softmax_ce_s1,36300.0,compose,1.0,False,0.0,True
47980,1.1056283257894182,transformer_compose120_f0.6_wd1.0_softmax_ce_s1,36300.0,compose,1.0,False,0.0,True
48980,1.1025236799615452,transformer_compose120_f0.6_wd1.0_softmax_ce_s1,36300.0,compose,1.0,False,0.0,True
49980,1.1168641682420022,transformer_compose120_f0.6_wd1.0_softmax_ce_s1,36300.0,compose,1.0,False,0.0,True
50980,1.1428669547508967,transformer_compose120_f0.6_wd1.0_softmax_ce_s1,36300.0,compose,1.0,False,0.0,True
51980,1.18064940504769,transformer_compose120_f0.6_wd1.0_softmax_ce_s1,36300.0,compose,1.0,False,0.0,True
52980,1.0995222203303645,transformer_compose120_f0.6_wd1.0_softmax_ce_s1,36300.0,compose,1.0,False,0.0,True
53980,1.1539146716412452,transformer_compose120_f0.6_wd1.0_softmax_ce_s1,36300.0,compose,1.0,False,0.0,True
54980,1.118881575737521,transformer_compose120_f0.6_wd1.0_softmax_ce_s1,36300.0,compose,1.0,False,0.0,True
55980,1.129459286448227,transformer_compose120_f0.6_wd1.0_softmax_ce_s1,36300.0,compose,1.0,False,0.0,True
56980,1.1133071647252586,transformer_compose120_f0.6_wd1.0_softmax_ce_s1,36300.0,compose,1.0,False,0.0,True
57980,1.1646381368223568,transformer_compose120_f0.6_wd1.0_softmax_ce_s1,36300.0,compose,1.0,False,0.0,True
58980,1.1714416617570618,transformer_compose120_f0.6_wd1.0_softmax_ce_s1,36300.0,compose,1.0,False,0.0,True
59980,1.1432033989616273,transformer_compose120_f0.6_wd1.0_softmax_ce_s1,36300.0,compose,1.0,False,0.0,True
60980,1.1307693347632506,transformer_compose120_f0.6_wd1.0_softmax_ce_s1,36300.0,compose,1.0,False,0.0,True
61980,1.125287932265064,transformer_compose120_f0.6_wd1.0_softmax_ce_s1,36300.0,compose,1.0,False,0.0,True
62980,1.1168532375272375,transformer_compose120_f0.6_wd1.0_softmax_ce_s1,36300.0,compose,1.0,False,0.0,True
63980,1.1427304474215496,transformer_compose120_f0.6_wd1.0_softmax_ce_s1,36300.0,compose,1.0,False,0.0,True
64980,1.154539944883899,transformer_compose120_f0.6_wd1.0_softmax_ce_s1,36300.0,compose,1.0,False,0.0,True
65980,1.1445375385164915,transformer_compose120_f0.6_wd1.0_softmax_ce_s1,36300.0,compose,1.0,False,0.0,True
66980,1.1230943547040564,transformer_compose120_f0.6_wd1.0_softmax_ce_s1,36300.0,compose,1.0,False,0.0,True
67980,1.120390685325399,transformer_compose120_f0.6_wd1.0_softmax_ce_s1,36300.0,compose,1.0,False,0.0,True
68980,1.17651496124113,transformer_compose120_f0.6_wd1.0_softmax_ce_s1,36300.0,compose,1.0,False,0.0,True
69980,1.1604334224323545,transformer_compose120_f0.6_wd1.0_softmax_ce_s1,36300.0,compose,1.0,False,0.0,True
70980,1.1735399094279544,transformer_compose120_f0.6_wd1.0_softmax_ce_s1,36300.0,compose,1.0,False,0.0,True
71980,1.1598449575028833,transformer_compose120_f0.6_wd1.0_softmax_ce_s1,36300.0,compose,1.0,False,0.0,True
72980,1.1411178994998732,transformer_compose120_f0.6_wd1.0_softmax_ce_s1,36300.0,compose,1.0,False,0.0,True
73980,1.174718751741996,transformer_compose120_f0.6_wd1.0_softmax_ce_s1,36300.0,compose,1.0,False,0.0,True
74980,1.1220259765140117,transformer_compose120_f0.6_wd1.0_softmax_ce_s1,36300.0,compose,1.0,False,0.0,True
75980,1.1189402681944458,transformer_compose120_f0.6_wd1.0_softmax_ce_s1,36300.0,compose,1.0,False,0.0,True
76980,1.1777183645276643,transformer_compose120_f0.6_wd1.0_softmax_ce_s1,36300.0,compose,1.0,False,0.0,True
77980,1.118615343325453,transformer_compose120_f0.6_wd1.0_softmax_ce_s1,36300.0,compose,1.0,False,0.0,True
78980,1.1860932249410958,transformer_compose120_f0.6_wd1.0_softmax_ce_s1,36300.0,compose,1.0,False,0.0,True
79980,1.1211335236003923,transformer_compose120_f0.6_wd1.0_softmax_ce_s1,36300.0,compose,1.0,False,0.0,True
80980,1.1789799945149664,transformer_compose120_f0.6_wd1.0_softmax_ce_s1,36300.0,compose,1.0,False,0.0,True
81980,1.1313872895059274,transformer_compose120_f0.6_wd1.0_softmax_ce_s1,36300.0,compose,1.0,False,0.0,True
82980,1.1364057058680015,transformer_compose120_f0.6_wd1.0_softmax_ce_s1,36300.0,compose,1.0,False,0.0,True
83980,1.14699293184913,transformer_compose120_f0.6_wd1.0_softmax_ce_s1,36300.0,compose,1.0,False,0.0,True
84980,1.1361124919692325,transformer_compose120_f0.6_wd1.0_softmax_ce_s1,36300.0,compose,1.0,False,0.0,True
85980,1.1158420112601888,transformer_compose120_f0.6_wd1.0_softmax_ce_s1,36300.0,compose,1.0,False,0.0,True
86980,1.1327622594091389,transformer_compose120_f0.6_wd1.0_softmax_ce_s1,36300.0,compose,1.0,False,0.0,True
87980,1.101732381163072,transformer_compose120_f0.6_wd1.0_softmax_ce_s1,36300.0,compose,1.0,False,0.0,True
88980,1.0916632588558164,transformer_compose120_f0.6_wd1.0_softmax_ce_s1,36300.0,compose,1.0,False,0.0,True
89980,1.1151775246218163,transformer_compose120_f0.6_wd1.0_softmax_ce_s1,36300.0,compose,1.0,False,0.0,True
90980,1.1198098430988046,transformer_compose120_f0.6_wd1.0_softmax_ce_s1,36300.0,compose,1.0,False,0.0,True
91980,1.1480276272133367,transformer_compose120_f0.6_wd1.0_softmax_ce_s1,36300.0,compose,1.0,False,0.0,True
92980,1.137058527744844,transformer_compose120_f0.6_wd1.0_softmax_ce_s1,36300.0,compose,1.0,False,0.0,True
93980,1.079984788462691,transformer_compose120_f0.6_wd1.0_softmax_ce_s1,36300.0,compose,1.0,False,0.0,True
94980,1.1228198983946454,transformer_compose120_f0.6_wd1.0_softmax_ce_s1,36300.0,compose,1.0,False,0.0,True
95980,1.1349216168610334,transformer_compose120_f0.6_wd1.0_softmax_ce_s1,36300.0,compose,1.0,False,0.0,True
96980,1.1523387338299846,transformer_compose120_f0.6_wd1.0_softmax_ce_s1,36300.0,compose,1.0,False,0.0,True
97980,1.175499585225329,transformer_compose120_f0.6_wd1.0_softmax_ce_s1,36300.0,compose,1.0,False,0.0,True
98980,1.0836034548054754,transformer_compose120_f0.6_wd1.0_softmax_ce_s1,36300.0,compose,1.0,False,0.0,True
99980,1.1577739278681023,transformer_compose120_f0.6_wd1.0_softmax_ce_s1,36300.0,compose,1.0,False,0.0,True
3980,1.3684295035462608,transformer_compose120_f0.6_wd1.0_softmax_ce_s10,35100.0,compose,1.0,False,0.0,True
4980,1.417711130786446,transformer_compose120_f0.6_wd1.0_softmax_ce_s10,35100.0,compose,1.0,False,0.0,True
5980,1.3969295676328075,transformer_compose120_f0.6_wd1.0_softmax_ce_s10,35100.0,compose,1.0,False,0.0,True
6980,1.3426897334648813,transformer_compose120_f0.6_wd1.0_softmax_ce_s10,35100.0,compose,1.0,False,0.0,True
7980,1.257100289928096,transformer_compose120_f0.6_wd1.0_softmax_ce_s10,35100.0,compose,1.0,False,0.0,True
8980,1.3658955642945727,transformer_compose120_f0.6_wd1.0_softmax_ce_s10,35100.0,compose,1.0,False,0.0,True
9980,1.345327230997154,transformer_compose120_f0.6_wd1.0_softmax_ce_s10,35100.0,compose,1.0,False,0.0,True
10980,1.2711712411328129,transformer_compose120_f0.6_wd1.0_softmax_ce_s10,35100.0,compose,1.0,False,0.0,True
11980,1.293029544556232,transformer_compose120_f0.6_wd1.0_softmax_ce_s10,35100.0,compose,1.0,False,0.0,True
12980,1.288159451193038,transformer_compose120_f0.6_wd1.0_softmax_ce_s10,35100.0,compose,1.0,False,0.0,True
13980,1.2952514952388026,transformer_compose120_f0.6_wd1.0_softmax_ce_s10,35100.0,compose,1.0,False,0.0,True
14980,1.2672235394421958,transformer_compose120_f0.6_wd1.0_softmax_ce_s10,35100.0,compose,1.0,False,0.0,True
15980,1.2868580766156408,transformer_compose120_f0.6_wd1.0_softmax_ce_s10,35100.0,compose,1.0,False,0.0,True
16980,1.2854965444562256,transformer_compose120_f0.6_wd1.0_softmax_ce_s10,35100.0,compose,1.0,False,0.0,True
17980,1.3039065582757583,transformer_compose120_f0.6_wd1.0_softmax_ce_s10,35100.0,compose,1.0,False,0.0,True
18980,1.3557998792314687,transformer_compose120_f0.6_wd1.0_softmax_ce_s10,35100.0,compose,1.0,False,0.0,True
19980,1.3350636204289204,transformer_compose120_f0.6_wd1.0_softmax_ce_s10,35100.0,compose,1.0,False,0.0,True
20980,1.3420573762091823,transformer_compose120_f0.6_wd1.0_softmax_ce_s10,35100.0,compose,1.0,False,0.0,True
21980,1.337389012673851,transformer_compose120_f0.6_wd1.0_softmax_ce_s10,35100.0,compose,1.0,False,0.0,True
22980,1.3285311102131592,transformer_compose120_f0.6_wd1.0_softmax_ce_s10,35100.0,compose,1.0,False,0.0,True
23980,1.3093626086290184,transformer_compose120_f0.6_wd1.0_softmax_ce_s10,35100.0,compose,1.0,False,0.0,True
24980,1.2406786951902735,transformer_compose120_f0.6_wd1.0_softmax_ce_s10,35100.0,compose,1.0,False,0.0,True
25980,1.269267491393549,transformer_compose120_f0.6_wd1.0_softmax_ce_s10,35100.0,compose,1.0,False,0.0,True
26980,1.2656874576723098,transformer_compose120_f0.6_wd1.0_softmax_ce_s10,35100.0,compose,1.0,False,0.0,True
27980,1.2130820492495598,transformer_compose120_f0.6_wd1.0_softmax_ce_s10,35100.0,compose,1.0,False,0.0,True
28980,1.281552299380092,transformer_compose120_f0.6_wd1.0_softmax_ce_s10,35100.0,compose,1.0,False,0.0,True
29980,1.2935914053963875,transformer_compose120_f0.6_wd1.0_softmax_ce_s10,35100.0,compose,1.0,False,0.0,True
30980,1.344744215992456,transformer_compose120_f0.6_wd1.0_softmax_ce_s10,35100.0,compose,1.0,False,0.0,True
31980,1.331612071733934,transformer_compose120_f0.6_wd1.0_softmax_ce_s10,35100.0,compose,1.0,False,0.0,True
32980,1.282875446315256,transformer_compose120_f0.6_wd1.0_softmax_ce_s10,35100.0,compose,1.0,False,0.0,True
33980,1.3130898889345235,transformer_compose120_f0.6_wd1.0_softmax_ce_s10,35100.0,compose,1.0,False,0.0,True
34980,1.2763627698172189,transformer_compose120_f0.6_wd1.0_softmax_ce_s10,35100.0,compose,1.0,False,0.0,True
35980,1.2013776778561387,transformer_compose120_f0.6_wd1.0_softmax_ce_s10,35100.0,compose,1.0,False,0.0,True
36980,1.1749356430673117,transformer_compose120_f0.6_wd1.0_softmax_ce_s10,35100.0,compose,1.0,False,0.0,True
37980,1.1525625335815404,transformer_compose120_f0.6_wd1.0_softmax_ce_s10,35100.0,compose,1.0,False,0.0,True
38980,1.0818078877223267,transformer_compose120_f0.6_wd1.0_softmax_ce_s10,35100.0,compose,1.0,False,0.0,True
39980,1.0845024462396218,transformer_compose120_f0.6_wd1.0_softmax_ce_s10,35100.0,compose,1.0,False,0.0,True
40980,1.0658621703249107,transformer_compose120_f0.6_wd1.0_softmax_ce_s10,35100.0,compose,1.0,False,0.0,True
41980,1.1133282327010294,transformer_compose120_f0.6_wd1.0_softmax_ce_s10,35100.0,compose,1.0,False,0.0,True
42980,1.064342706592445,transformer_compose120_f0.6_wd1.0_softmax_ce_s10,35100.0,compose,1.0,False,0.0,True
43980,1.0781141264096397,transformer_compose120_f0.6_wd1.0_softmax_ce_s10,35100.0,compose,1.0,False,0.0,True
44980,1.0797910775361137,transformer_compose120_f0.6_wd1.0_softmax_ce_s10,35100.0,compose,1.0,False,0.0,True
45980,1.0886004226571553,transformer_compose120_f0.6_wd1.0_softmax_ce_s10,35100.0,compose,1.0,False,0.0,True
46980,1.110688857149247,transformer_compose120_f0.6_wd1.0_softmax_ce_s10,35100.0,compose,1.0,False,0.0,True
47980,1.0739401393890198,transformer_compose120_f0.6_wd1.0_softmax_ce_s10,35100.0,compose,1.0,False,0.0,True
48980,1.115783554539259,transformer_compose120_f0.6_wd1.0_softmax_ce_s10,35100.0,compose,1.0,False,0.0,True
49980,1.0938193369424756,transformer_compose120_f0.6_wd1.0_softmax_ce_s10,35100.0,compose,1.0,False,0.0,True
50980,1.1156360886240952,transformer_compose120_f0.6_wd1.0_softmax_ce_s10,35100.0,compose,1.0,False,0.0,True
51980,1.134128191324688,transformer_compose120_f0.6_wd1.0_softmax_ce_s10,35100.0,compose,1.0,False,0.0,True
52980,1.12572595196346,transformer_compose120_f0.6_wd1.0_softmax_ce_s10,35100.0,compose,1.0,False,0.0,True
53980,1.1175674649967156,transformer_compose120_f0.6_wd1.0_softmax_ce_s10,35100.0,compose,1.0,False,0.0,True
54980,1.0948588288946122,transformer_compose120_f0.6_wd1.0_softmax_ce_s10,35100.0,compose,1.0,False,0.0,True
55980,1.1419967313397323,transformer_compose120_f0.6_wd1.0_softmax_ce_s10,35100.0,compose,1.0,False,0.0,True
56980,1.1246594056394714,transformer_compose120_f0.6_wd1.0_softmax_ce_s10,35100.0,compose,1.0,False,0.0,True
57980,1.1130292228472216,transformer_compose120_f0.6_wd1.0_softmax_ce_s10,35100.0,compose,1.0,False,0.0,True
58980,1.0584588724187949,transformer_compose120_f0.6_wd1.0_softmax_ce_s10,35100.0,compose,1.0,False,0.0,True
59980,1.1205169293473325,transformer_compose120_f0.6_wd1.0_softmax_ce_s10,35100.0,compose,1.0,False,0.0,True
60980,1.0991957287769558,transformer_compose120_f0.6_wd1.0_softmax_ce_s10,35100.0,compose,1.0,False,0.0,True
61980,1.0915332499302333,transformer_compose120_f0.6_wd1.0_softmax_ce_s10,35100.0,compose,1.0,False,0.0,True
62980,1.1205248592102803,transformer_compose120_f0.6_wd1.0_softmax_ce_s10,35100.0,compose,1.0,False,0.0,True
63980,1.1367065940571983,transformer_compose120_f0.6_wd1.0_softmax_ce_s10,35100.0,compose,1.0,False,0.0,True
64980,1.136546734410929,transformer_compose120_f0.6_wd1.0_softmax_ce_s10,35100.0,compose,1.0,False,0.0,True
65980,1.0618869251584733,transformer_compose120_f0.6_wd1.0_softmax_ce_s10,35100.0,compose,1.0,False,0.0,True
66980,1.0805483441727834,transformer_compose120_f0.6_wd1.0_softmax_ce_s10,35100.0,compose,1.0,False,0.0,True
67980,1.1069101637832437,transformer_compose120_f0.6_wd1.0_softmax_ce_s10,35100.0,compose,1.0,False,0.0,True
68980,1.1285141191305708,transformer_compose120_f0.6_wd1.0_softmax_ce_s10,35100.0,compose,1.0,False,0.0,True
69980,1.1552085843002864,transformer_compose120_f0.6_wd1.0_softmax_ce_s10,35100.0,compose,1.0,False,0.0,True
70980,1.1261190133238457,transformer_compose120_f0.6_wd1.0_softmax_ce_s10,35100.0,compose,1.0,False,0.0,True
71980,1.0958778304036392,transformer_compose120_f0.6_wd1.0_softmax_ce_s10,35100.0,compose,1.0,False,0.0,True
72980,1.0922513538425365,transformer_compose120_f0.6_wd1.0_softmax_ce_s10,35100.0,compose,1.0,False,0.0,True
73980,1.1536705191794143,transformer_compose120_f0.6_wd1.0_softmax_ce_s10,35100.0,compose,1.0,False,0.0,True
74980,1.129414270886881,transformer_compose120_f0.6_wd1.0_softmax_ce_s10,35100.0,compose,1.0,False,0.0,True
75980,1.1036781183035833,transformer_compose120_f0.6_wd1.0_softmax_ce_s10,35100.0,compose,1.0,False,0.0,True
76980,1.0809777831157037,transformer_compose120_f0.6_wd1.0_softmax_ce_s10,35100.0,compose,1.0,False,0.0,True
77980,1.1255530546931003,transformer_compose120_f0.6_wd1.0_softmax_ce_s10,35100.0,compose,1.0,False,0.0,True
78980,1.1182536749402767,transformer_compose120_f0.6_wd1.0_softmax_ce_s10,35100.0,compose,1.0,False,0.0,True
79980,1.127384061400369,transformer_compose120_f0.6_wd1.0_softmax_ce_s10,35100.0,compose,1.0,False,0.0,True
80980,1.131358007808508,transformer_compose120_f0.6_wd1.0_softmax_ce_s10,35100.0,compose,1.0,False,0.0,True
81980,1.1007460855725717,transformer_compose120_f0.6_wd1.0_softmax_ce_s10,35100.0,compose,1.0,False,0.0,True
82980,1.138560547071592,transformer_compose120_f0.6_wd1.0_softmax_ce_s10,35100.0,compose,1.0,False,0.0,True
83980,1.151131080137924,transformer_compose120_f0.6_wd1.0_softmax_ce_s10,35100.0,compose,1.0,False,0.0,True
84980,1.1212687249825015,transformer_compose120_f0.6_wd1.0_softmax_ce_s10,35100.0,compose,1.0,False,0.0,True
85980,1.1118333133751228,transformer_compose120_f0.6_wd1.0_softmax_ce_s10,35100.0,compose,1.0,False,0.0,True
86980,1.0898574034304371,transformer_compose120_f0.6_wd1.0_softmax_ce_s10,35100.0,compose,1.0,False,0.0,True
87980,1.0671600126305614,transformer_compose120_f0.6_wd1.0_softmax_ce_s10,35100.0,compose,1.0,False,0.0,True
88980,1.1020178605636302,transformer_compose120_f0.6_wd1.0_softmax_ce_s10,35100.0,compose,1.0,False,0.0,True
89980,1.1319549562166469,transformer_compose120_f0.6_wd1.0_softmax_ce_s10,35100.0,compose,1.0,False,0.0,True
90980,1.124070424988108,transformer_compose120_f0.6_wd1.0_softmax_ce_s10,35100.0,compose,1.0,False,0.0,True
91980,1.0937873354290746,transformer_compose120_f0.6_wd1.0_softmax_ce_s10,35100.0,compose,1.0,False,0.0,True
92980,1.0930041671807025,transformer_compose120_f0.6_wd1.0_softmax_ce_s10,35100.0,compose,1.0,False,0.0,True
93980,1.1199158408843557,transformer_compose120_f0.6_wd1.0_softmax_ce_s10,35100.0,compose,1.0,False,0.0,True
94980,1.103670350287993,transformer_compose120_f0.6_wd1.0_softmax_ce_s10,35100.0,compose,1.0,False,0.0,True
95980,1.0969397546449051,transformer_compose120_f0.6_wd1.0_softmax_ce_s10,35100.0,compose,1.0,False,0.0,True
96980,1.0862947091873103,transformer_compose120_f0.6_wd1.0_softmax_ce_s10,35100.0,compose,1.0,False,0.0,True
97980,1.140159054760543,transformer_compose120_f0.6_wd1.0_softmax_ce_s10,35100.0,compose,1.0,False,0.0,True
98980,1.1315561534910663,transformer_compose120_f0.6_wd1.0_softmax_ce_s10,35100.0,compose,1.0,False,0.0,True
99980,1.0767686740497546,transformer_compose120_f0.6_wd1.0_softmax_ce_s10,35100.0,compose,1.0,False,0.0,True
100980,1.096047950842165,transformer_compose120_f0.6_wd1.0_softmax_ce_s10,35100.0,compose,1.0,False,0.0,True
101980,1.132221338823786,transformer_compose120_f0.6_wd1.0_softmax_ce_s10,35100.0,compose,1.0,False,0.0,True
102980,1.109981012521042,transformer_compose120_f0.6_wd1.0_softmax_ce_s10,35100.0,compose,1.0,False,0.0,True
103980,1.0865193880971045,transformer_compose120_f0.6_wd1.0_softmax_ce_s10,35100.0,compose,1.0,False,0.0,True
104980,1.059237334310872,transformer_compose120_f0.6_wd1.0_softmax_ce_s10,35100.0,compose,1.0,False,0.0,True
105980,1.0876380151354614,transformer_compose120_f0.6_wd1.0_softmax_ce_s10,35100.0,compose,1.0,False,0.0,True
106980,1.1110798188659514,transformer_compose120_f0.6_wd1.0_softmax_ce_s10,35100.0,compose,1.0,False,0.0,True
107980,1.1153064765669083,transformer_compose120_f0.6_wd1.0_softmax_ce_s10,35100.0,compose,1.0,False,0.0,True
108980,1.111742522775854,transformer_compose120_f0.6_wd1.0_softmax_ce_s10,35100.0,compose,1.0,False,0.0,True
109980,1.1065387412553382,transformer_compose120_f0.6_wd1.0_softmax_ce_s10,35100.0,compose,1.0,False,0.0,True
110980,1.137113935744629,transformer_compose120_f0.6_wd1.0_softmax_ce_s10,35100.0,compose,1.0,False,0.0,True
111980,1.1156153973078424,transformer_compose120_f0.6_wd1.0_softmax_ce_s10,35100.0,compose,1.0,False,0.0,True
112980,1.144879363943358,transformer_compose120_f0.6_wd1.0_softmax_ce_s10,35100.0,compose,1.0,False,0.0,True
113980,1.1475101132357222,transformer_compose120_f0.6_wd1.0_softmax_ce_s10,35100.0,compose,1.0,False,0.0,True
114980,1.104724227154532,transformer_compose120_f0.6_wd1.0_softmax_ce_s10,35100.0,compose,1.0,False,0.0,True
115980,1.0958953756295815,transformer_compose120_f0.6_wd1.0_softmax_ce_s10,35100.0,compose,1.0,False,0.0,True
116980,1.0740175493671953,transformer_compose120_f0.6_wd1.0_softmax_ce_s10,35100.0,compose,1.0,False,0.0,True
117980,1.094901545482488,transformer_compose120_f0.6_wd1.0_softmax_ce_s10,35100.0,compose,1.0,False,0.0,True
118980,1.1316092889827467,transformer_compose120_f0.6_wd1.0_softmax_ce_s10,35100.0,compose,1.0,False,0.0,True
119980,1.122321645153019,transformer_compose120_f0.6_wd1.0_softmax_ce_s10,35100.0,compose,1.0,False,0.0,True
120980,1.123534793354367,transformer_compose120_f0.6_wd1.0_softmax_ce_s10,35100.0,compose,1.0,False,0.0,True
121980,1.0908597425906856,transformer_compose120_f0.6_wd1.0_softmax_ce_s10,35100.0,compose,1.0,False,0.0,True
122980,1.0876931326450798,transformer_compose120_f0.6_wd1.0_softmax_ce_s10,35100.0,compose,1.0,False,0.0,True
123980,1.1124014467137378,transformer_compose120_f0.6_wd1.0_softmax_ce_s10,35100.0,compose,1.0,False,0.0,True
124980,1.136470885312612,transformer_compose120_f0.6_wd1.0_softmax_ce_s10,35100.0,compose,1.0,False,0.0,True
125980,1.114693578599804,transformer_compose120_f0.6_wd1.0_softmax_ce_s10,35100.0,compose,1.0,False,0.0,True
126980,1.0977910486492533,transformer_compose120_f0.6_wd1.0_softmax_ce_s10,35100.0,compose,1.0,False,0.0,True
127980,1.0857982198126266,transformer_compose120_f0.6_wd1.0_softmax_ce_s10,35100.0,compose,1.0,False,0.0,True
128980,1.1101404031178754,transformer_compose120_f0.6_wd1.0_softmax_ce_s10,35100.0,compose,1.0,False,0.0,True
129980,1.1336035271310216,transformer_compose120_f0.6_wd1.0_softmax_ce_s10,35100.0,compose,1.0,False,0.0,True
130980,1.1197756808307953,transformer_compose120_f0.6_wd1.0_softmax_ce_s10,35100.0,compose,1.0,False,0.0,True
131980,1.1189056827216826,transformer_compose120_f0.6_wd1.0_softmax_ce_s10,35100.0,compose,1.0,False,0.0,True
132980,1.087412992872904,transformer_compose120_f0.6_wd1.0_softmax_ce_s10,35100.0,compose,1.0,False,0.0,True
133980,1.0987619280924503,transformer_compose120_f0.6_wd1.0_softmax_ce_s10,35100.0,compose,1.0,False,0.0,True
134980,1.1147330579008083,transformer_compose120_f0.6_wd1.0_softmax_ce_s10,35100.0,compose,1.0,False,0.0,True
135980,1.1031330909753607,transformer_compose120_f0.6_wd1.0_softmax_ce_s10,35100.0,compose,1.0,False,0.0,True
136980,1.0643781021751924,transformer_compose120_f0.6_wd1.0_softmax_ce_s10,35100.0,compose,1.0,False,0.0,True
137980,1.0828767236226655,transformer_compose120_f0.6_wd1.0_softmax_ce_s10,35100.0,compose,1.0,False,0.0,True
138980,1.1300411263945125,transformer_compose120_f0.6_wd1.0_softmax_ce_s10,35100.0,compose,1.0,False,0.0,True
139980,1.13087042676873,transformer_compose120_f0.6_wd1.0_softmax_ce_s10,35100.0,compose,1.0,False,0.0,True
140980,1.1573146913322332,transformer_compose120_f0.6_wd1.0_softmax_ce_s10,35100.0,compose,1.0,False,0.0,True
141980,1.1333853641843612,transformer_compose120_f0.6_wd1.0_softmax_ce_s10,35100.0,compose,1.0,False,0.0,True
142980,1.1100508440543593,transformer_compose120_f0.6_wd1.0_softmax_ce_s10,35100.0,compose,1.0,False,0.0,True
143980,1.1187124972016895,transformer_compose120_f0.6_wd1.0_softmax_ce_s10,35100.0,compose,1.0,False,0.0,True
144980,1.1119361126566587,transformer_compose120_f0.6_wd1.0_softmax_ce_s10,35100.0,compose,1.0,False,0.0,True
145980,1.1156330054067187,transformer_compose120_f0.6_wd1.0_softmax_ce_s10,35100.0,compose,1.0,False,0.0,True
146980,1.1295125859607098,transformer_compose120_f0.6_wd1.0_softmax_ce_s10,35100.0,compose,1.0,False,0.0,True
147980,1.1356482049450896,transformer_compose120_f0.6_wd1.0_softmax_ce_s10,35100.0,compose,1.0,False,0.0,True
148980,1.109520638208576,transformer_compose120_f0.6_wd1.0_softmax_ce_s10,35100.0,compose,1.0,False,0.0,True
149980,1.0830296572519662,transformer_compose120_f0.6_wd1.0_softmax_ce_s10,35100.0,compose,1.0,False,0.0,True
150980,1.086203233576959,transformer_compose120_f0.6_wd1.0_softmax_ce_s10,35100.0,compose,1.0,False,0.0,True
151980,1.0885008787821395,transformer_compose120_f0.6_wd1.0_softmax_ce_s10,35100.0,compose,1.0,False,0.0,True
152980,1.1024664336989058,transformer_compose120_f0.6_wd1.0_softmax_ce_s10,35100.0,compose,1.0,False,0.0,True
153980,1.103595267742653,transformer_compose120_f0.6_wd1.0_softmax_ce_s10,35100.0,compose,1.0,False,0.0,True
154980,1.081241178793417,transformer_compose120_f0.6_wd1.0_softmax_ce_s10,35100.0,compose,1.0,False,0.0,True
155980,1.0792673293990425,transformer_compose120_f0.6_wd1.0_softmax_ce_s10,35100.0,compose,1.0,False,0.0,True
156980,1.124514823201958,transformer_compose120_f0.6_wd1.0_softmax_ce_s10,35100.0,compose,1.0,False,0.0,True
157980,1.118571387184757,transformer_compose120_f0.6_wd1.0_softmax_ce_s10,35100.0,compose,1.0,False,0.0,True
158980,1.0809984051090575,transformer_compose120_f0.6_wd1.0_softmax_ce_s10,35100.0,compose,1.0,False,0.0,True
159980,1.090104403978467,transformer_compose120_f0.6_wd1.0_softmax_ce_s10,35100.0,compose,1.0,False,0.0,True
160980,1.106641792493099,transformer_compose120_f0.6_wd1.0_softmax_ce_s10,35100.0,compose,1.0,False,0.0,True
161980,1.111624071970161,transformer_compose120_f0.6_wd1.0_softmax_ce_s10,35100.0,compose,1.0,False,0.0,True
162980,1.137337778914625,transformer_compose120_f0.6_wd1.0_softmax_ce_s10,35100.0,compose,1.0,False,0.0,True
163980,1.093218612884928,transformer_compose120_f0.6_wd1.0_softmax_ce_s10,35100.0,compose,1.0,False,0.0,True
164980,1.1198756962460594,transformer_compose120_f0.6_wd1.0_softmax_ce_s10,35100.0,compose,1.0,False,0.0,True
165980,1.1467863081388052,transformer_compose120_f0.6_wd1.0_softmax_ce_s10,35100.0,compose,1.0,False,0.0,True
166980,1.113678599060521,transformer_compose120_f0.6_wd1.0_softmax_ce_s10,35100.0,compose,1.0,False,0.0,True
167980,1.070080989003794,transformer_compose120_f0.6_wd1.0_softmax_ce_s10,35100.0,compose,1.0,False,0.0,True
168980,1.093757271340767,transformer_compose120_f0.6_wd1.0_softmax_ce_s10,35100.0,compose,1.0,False,0.0,True
169980,1.1206645113648974,transformer_compose120_f0.6_wd1.0_softmax_ce_s10,35100.0,compose,1.0,False,0.0,True
170980,1.0978952777772977,transformer_compose120_f0.6_wd1.0_softmax_ce_s10,35100.0,compose,1.0,False,0.0,True
171980,1.1075776666620625,transformer_compose120_f0.6_wd1.0_softmax_ce_s10,35100.0,compose,1.0,False,0.0,True
172980,1.091688941146243,transformer_compose120_f0.6_wd1.0_softmax_ce_s10,35100.0,compose,1.0,False,0.0,True
173980,1.082707410147623,transformer_compose120_f0.6_wd1.0_softmax_ce_s10,35100.0,compose,1.0,False,0.0,True
174980,1.1272074904380684,transformer_compose120_f0.6_wd1.0_softmax_ce_s10,35100.0,compose,1.0,False,0.0,True
175980,1.137715788504014,transformer_compose120_f0.6_wd1.0_softmax_ce_s10,35100.0,compose,1.0,False,0.0,True
176980,1.1115845681809955,transformer_compose120_f0.6_wd1.0_softmax_ce_s10,35100.0,compose,1.0,False,0.0,True
177980,1.1291633356395872,transformer_compose120_f0.6_wd1.0_softmax_ce_s10,35100.0,compose,1.0,False,0.0,True
178980,1.0936752266626042,transformer_compose120_f0.6_wd1.0_softmax_ce_s10,35100.0,compose,1.0,False,0.0,True
179980,1.1226563704163623,transformer_compose120_f0.6_wd1.0_softmax_ce_s10,35100.0,compose,1.0,False,0.0,True
180980,1.1210372524940144,transformer_compose120_f0.6_wd1.0_softmax_ce_s10,35100.0,compose,1.0,False,0.0,True
181980,1.0857814593950483,transformer_compose120_f0.6_wd1.0_softmax_ce_s10,35100.0,compose,1.0,False,0.0,True
182980,1.0964002271303706,transformer_compose120_f0.6_wd1.0_softmax_ce_s10,35100.0,compose,1.0,False,0.0,True
183980,1.12654080684168,transformer_compose120_f0.6_wd1.0_softmax_ce_s10,35100.0,compose,1.0,False,0.0,True
184980,1.125471185199863,transformer_compose120_f0.6_wd1.0_softmax_ce_s10,35100.0,compose,1.0,False,0.0,True
185980,1.1328866014463552,transformer_compose120_f0.6_wd1.0_softmax_ce_s10,35100.0,compose,1.0,False,0.0,True
186980,1.1343082789153207,transformer_compose120_f0.6_wd1.0_softmax_ce_s10,35100.0,compose,1.0,False,0.0,True
187980,1.1068592514711113,transformer_compose120_f0.6_wd1.0_softmax_ce_s10,35100.0,compose,1.0,False,0.0,True
188980,1.1135999418175426,transformer_compose120_f0.6_wd1.0_softmax_ce_s10,35100.0,compose,1.0,False,0.0,True
189980,1.1486930593409217,transformer_compose120_f0.6_wd1.0_softmax_ce_s10,35100.0,compose,1.0,False,0.0,True
190980,1.0774910170766698,transformer_compose120_f0.6_wd1.0_softmax_ce_s10,35100.0,compose,1.0,False,0.0,True
191980,1.106114273675959,transformer_compose120_f0.6_wd1.0_softmax_ce_s10,35100.0,compose,1.0,False,0.0,True
192980,1.1121999586683151,transformer_compose120_f0.6_wd1.0_softmax_ce_s10,35100.0,compose,1.0,False,0.0,True
193980,1.0955936263736366,transformer_compose120_f0.6_wd1.0_softmax_ce_s10,35100.0,compose,1.0,False,0.0,True
194980,1.0965777249094646,transformer_compose120_f0.6_wd1.0_softmax_ce_s10,35100.0,compose,1.0,False,0.0,True
195980,1.1221609663911862,transformer_compose120_f0.6_wd1.0_softmax_ce_s10,35100.0,compose,1.0,False,0.0,True
196980,1.104583169136608,transformer_compose120_f0.6_wd1.0_softmax_ce_s10,35100.0,compose,1.0,False,0.0,True
197980,1.104238656197284,transformer_compose120_f0.6_wd1.0_softmax_ce_s10,35100.0,compose,1.0,False,0.0,True
198980,1.1492320048120677,transformer_compose120_f0.6_wd1.0_softmax_ce_s10,35100.0,compose,1.0,False,0.0,True
199980,1.0966596563410185,transformer_compose120_f0.6_wd1.0_softmax_ce_s10,35100.0,compose,1.0,False,0.0,True
200980,1.1234143682800408,transformer_compose120_f0.6_wd1.0_softmax_ce_s10,35100.0,compose,1.0,False,0.0,True
201980,1.1048478444061764,transformer_compose120_f0.6_wd1.0_softmax_ce_s10,35100.0,compose,1.0,False,0.0,True
202980,1.0687034062522889,transformer_compose120_f0.6_wd1.0_softmax_ce_s10,35100.0,compose,1.0,False,0.0,True
203980,1.0894566639118568,transformer_compose120_f0.6_wd1.0_softmax_ce_s10,35100.0,compose,1.0,False,0.0,True
204980,1.0884565054992796,transformer_compose120_f0.6_wd1.0_softmax_ce_s10,35100.0,compose,1.0,False,0.0,True
205980,1.088265348769832,transformer_compose120_f0.6_wd1.0_softmax_ce_s10,35100.0,compose,1.0,False,0.0,True
206980,1.0829199021625204,transformer_compose120_f0.6_wd1.0_softmax_ce_s10,35100.0,compose,1.0,False,0.0,True
207980,1.113151862947473,transformer_compose120_f0.6_wd1.0_softmax_ce_s10,35100.0,compose,1.0,False,0.0,True
208980,1.1391524394317842,transformer_compose120_f0.6_wd1.0_softmax_ce_s10,35100.0,compose,1.0,False,0.0,True
209980,1.114342007947072,transformer_compose120_f0.6_wd1.0_softmax_ce_s10,35100.0,compose,1.0,False,0.0,True
210980,1.1355265352312172,transformer_compose120_f0.6_wd1.0_softmax_ce_s10,35100.0,compose,1.0,False,0.0,True
211980,1.089441227360739,transformer_compose120_f0.6_wd1.0_softmax_ce_s10,35100.0,compose,1.0,False,0.0,True
212980,1.1240805499095132,transformer_compose120_f0.6_wd1.0_softmax_ce_s10,35100.0,compose,1.0,False,0.0,True
213980,1.1286006146404866,transformer_compose120_f0.6_wd1.0_softmax_ce_s10,35100.0,compose,1.0,False,0.0,True
214980,1.1261217868362492,transformer_compose120_f0.6_wd1.0_softmax_ce_s10,35100.0,compose,1.0,False,0.0,True
215980,1.0928481094929332,transformer_compose120_f0.6_wd1.0_softmax_ce_s10,35100.0,compose,1.0,False,0.0,True
216980,1.102511498240125,transformer_compose120_f0.6_wd1.0_softmax_ce_s10,35100.0,compose,1.0,False,0.0,True
217980,1.1442207991045803,transformer_compose120_f0.6_wd1.0_softmax_ce_s10,35100.0,compose,1.0,False,0.0,True
218980,1.0883009584294874,transformer_compose120_f0.6_wd1.0_softmax_ce_s10,35100.0,compose,1.0,False,0.0,True
219980,1.09714494065883,transformer_compose120_f0.6_wd1.0_softmax_ce_s10,35100.0,compose,1.0,False,0.0,True
220980,1.0821937653199252,transformer_compose120_f0.6_wd1.0_softmax_ce_s10,35100.0,compose,1.0,False,0.0,True
221980,1.0632266923479583,transformer_compose120_f0.6_wd1.0_softmax_ce_s10,35100.0,compose,1.0,False,0.0,True
222980,1.046192094780536,transformer_compose120_f0.6_wd1.0_softmax_ce_s10,35100.0,compose,1.0,False,0.0,True
223980,1.0728897757836455,transformer_compose120_f0.6_wd1.0_softmax_ce_s10,35100.0,compose,1.0,False,0.0,True
224980,1.1009185490513531,transformer_compose120_f0.6_wd1.0_softmax_ce_s10,35100.0,compose,1.0,False,0.0,True
225980,1.1176271369807271,transformer_compose120_f0.6_wd1.0_softmax_ce_s10,35100.0,compose,1.0,False,0.0,True
226980,1.131166874019207,transformer_compose120_f0.6_wd1.0_softmax_ce_s10,35100.0,compose,1.0,False,0.0,True
227980,1.1449809201394032,transformer_compose120_f0.6_wd1.0_softmax_ce_s10,35100.0,compose,1.0,False,0.0,True
228980,1.1550903949023963,transformer_compose120_f0.6_wd1.0_softmax_ce_s10,35100.0,compose,1.0,False,0.0,True
229980,1.1607383374010234,transformer_compose120_f0.6_wd1.0_softmax_ce_s10,35100.0,compose,1.0,False,0.0,True
230980,1.157822858433778,transformer_compose120_f0.6_wd1.0_softmax_ce_s10,35100.0,compose,1.0,False,0.0,True
231980,1.1432792990400114,transformer_compose120_f0.6_wd1.0_softmax_ce_s10,35100.0,compose,1.0,False,0.0,True
232980,1.1447358614023326,transformer_compose120_f0.6_wd1.0_softmax_ce_s10,35100.0,compose,1.0,False,0.0,True
233980,1.1725549453626585,transformer_compose120_f0.6_wd1.0_softmax_ce_s10,35100.0,compose,1.0,False,0.0,True
234980,1.1998627090291352,transformer_compose120_f0.6_wd1.0_softmax_ce_s10,35100.0,compose,1.0,False,0.0,True
235980,1.2402893680479514,transformer_compose120_f0.6_wd1.0_softmax_ce_s10,35100.0,compose,1.0,False,0.0,True
236980,1.2840676098497104,transformer_compose120_f0.6_wd1.0_softmax_ce_s10,35100.0,compose,1.0,False,0.0,True
237980,1.3364310227105871,transformer_compose120_f0.6_wd1.0_softmax_ce_s10,35100.0,compose,1.0,False,0.0,True
238980,1.1622124377729386,transformer_compose120_f0.6_wd1.0_softmax_ce_s10,35100.0,compose,1.0,False,0.0,True
239980,1.1041194016606788,transformer_compose120_f0.6_wd1.0_softmax_ce_s10,35100.0,compose,1.0,False,0.0,True
240980,1.1188801781416151,transformer_compose120_f0.6_wd1.0_softmax_ce_s10,35100.0,compose,1.0,False,0.0,True
241980,1.1072591622536256,transformer_compose120_f0.6_wd1.0_softmax_ce_s10,35100.0,compose,1.0,False,0.0,True
242980,1.1527990194024351,transformer_compose120_f0.6_wd1.0_softmax_ce_s10,35100.0,compose,1.0,False,0.0,True
243980,1.0748321222543125,transformer_compose120_f0.6_wd1.0_softmax_ce_s10,35100.0,compose,1.0,False,0.0,True
244980,1.1318939494166118,transformer_compose120_f0.6_wd1.0_softmax_ce_s10,35100.0,compose,1.0,False,0.0,True
245980,1.138181937636101,transformer_compose120_f0.6_wd1.0_softmax_ce_s10,35100.0,compose,1.0,False,0.0,True
246980,1.1119187094002174,transformer_compose120_f0.6_wd1.0_softmax_ce_s10,35100.0,compose,1.0,False,0.0,True
247980,1.1052975562713463,transformer_compose120_f0.6_wd1.0_softmax_ce_s10,35100.0,compose,1.0,False,0.0,True
248980,1.12971526196132,transformer_compose120_f0.6_wd1.0_softmax_ce_s10,35100.0,compose,1.0,False,0.0,True
249980,1.065912384288507,transformer_compose120_f0.6_wd1.0_softmax_ce_s10,35100.0,compose,1.0,False,0.0,True
3980,1.3011678424164297,transformer_compose120_f0.6_wd1.0_softmax_ce_s11,23400.0,compose,1.0,False,0.0,True
4980,1.4297035275143637,transformer_compose120_f0.6_wd1.0_softmax_ce_s11,23400.0,compose,1.0,False,0.0,True
5980,1.3769520430323146,transformer_compose120_f0.6_wd1.0_softmax_ce_s11,23400.0,compose,1.0,False,0.0,True
6980,1.3035290729501308,transformer_compose120_f0.6_wd1.0_softmax_ce_s11,23400.0,compose,1.0,False,0.0,True
7980,1.4306828939047411,transformer_compose120_f0.6_wd1.0_softmax_ce_s11,23400.0,compose,1.0,False,0.0,True
8980,1.2947453191363028,transformer_compose120_f0.6_wd1.0_softmax_ce_s11,23400.0,compose,1.0,False,0.0,True
9980,1.3068533284615274,transformer_compose120_f0.6_wd1.0_softmax_ce_s11,23400.0,compose,1.0,False,0.0,True
10980,1.3917225685975214,transformer_compose120_f0.6_wd1.0_softmax_ce_s11,23400.0,compose,1.0,False,0.0,True
11980,1.3237050401414665,transformer_compose120_f0.6_wd1.0_softmax_ce_s11,23400.0,compose,1.0,False,0.0,True
12980,1.374508520715976,transformer_compose120_f0.6_wd1.0_softmax_ce_s11,23400.0,compose,1.0,False,0.0,True
13980,1.3208857179163789,transformer_compose120_f0.6_wd1.0_softmax_ce_s11,23400.0,compose,1.0,False,0.0,True
14980,1.2794776285403386,transformer_compose120_f0.6_wd1.0_softmax_ce_s11,23400.0,compose,1.0,False,0.0,True
15980,1.4222288141269184,transformer_compose120_f0.6_wd1.0_softmax_ce_s11,23400.0,compose,1.0,False,0.0,True
16980,1.2842051956681542,transformer_compose120_f0.6_wd1.0_softmax_ce_s11,23400.0,compose,1.0,False,0.0,True
17980,1.2929545397118676,transformer_compose120_f0.6_wd1.0_softmax_ce_s11,23400.0,compose,1.0,False,0.0,True
18980,1.3489678746373996,transformer_compose120_f0.6_wd1.0_softmax_ce_s11,23400.0,compose,1.0,False,0.0,True
19980,1.2785628389806964,transformer_compose120_f0.6_wd1.0_softmax_ce_s11,23400.0,compose,1.0,False,0.0,True
20980,1.3425556009509405,transformer_compose120_f0.6_wd1.0_softmax_ce_s11,23400.0,compose,1.0,False,0.0,True
21980,1.3344098679620269,transformer_compose120_f0.6_wd1.0_softmax_ce_s11,23400.0,compose,1.0,False,0.0,True
22980,1.2407868937228108,transformer_compose120_f0.6_wd1.0_softmax_ce_s11,23400.0,compose,1.0,False,0.0,True
23980,1.24738881993274,transformer_compose120_f0.6_wd1.0_softmax_ce_s11,23400.0,compose,1.0,False,0.0,True
24980,1.259628312905261,transformer_compose120_f0.6_wd1.0_softmax_ce_s11,23400.0,compose,1.0,False,0.0,True
25980,1.2435926640937658,transformer_compose120_f0.6_wd1.0_softmax_ce_s11,23400.0,compose,1.0,False,0.0,True
26980,1.1635345505303825,transformer_compose120_f0.6_wd1.0_softmax_ce_s11,23400.0,compose,1.0,False,0.0,True
27980,1.1951737729592524,transformer_compose120_f0.6_wd1.0_softmax_ce_s11,23400.0,compose,1.0,False,0.0,True
28980,1.1167096034966348,transformer_compose120_f0.6_wd1.0_softmax_ce_s11,23400.0,compose,1.0,False,0.0,True
29980,1.1615355098248068,transformer_compose120_f0.6_wd1.0_softmax_ce_s11,23400.0,compose,1.0,False,0.0,True
30980,1.143469295821793,transformer_compose120_f0.6_wd1.0_softmax_ce_s11,23400.0,compose,1.0,False,0.0,True
31980,1.1365632749110912,transformer_compose120_f0.6_wd1.0_softmax_ce_s11,23400.0,compose,1.0,False,0.0,True
32980,1.179380804911157,transformer_compose120_f0.6_wd1.0_softmax_ce_s11,23400.0,compose,1.0,False,0.0,True
33980,1.1936643099827515,transformer_compose120_f0.6_wd1.0_softmax_ce_s11,23400.0,compose,1.0,False,0.0,True
34980,1.1402726869514443,transformer_compose120_f0.6_wd1.0_softmax_ce_s11,23400.0,compose,1.0,False,0.0,True
35980,1.1738015146414216,transformer_compose120_f0.6_wd1.0_softmax_ce_s11,23400.0,compose,1.0,False,0.0,True
36980,1.1208348995867232,transformer_compose120_f0.6_wd1.0_softmax_ce_s11,23400.0,compose,1.0,False,0.0,True
37980,1.137903687867308,transformer_compose120_f0.6_wd1.0_softmax_ce_s11,23400.0,compose,1.0,False,0.0,True
38980,1.12231840599401,transformer_compose120_f0.6_wd1.0_softmax_ce_s11,23400.0,compose,1.0,False,0.0,True
39980,1.137080806095202,transformer_compose120_f0.6_wd1.0_softmax_ce_s11,23400.0,compose,1.0,False,0.0,True
40980,1.133639783902423,transformer_compose120_f0.6_wd1.0_softmax_ce_s11,23400.0,compose,1.0,False,0.0,True
41980,1.161935275866367,transformer_compose120_f0.6_wd1.0_softmax_ce_s11,23400.0,compose,1.0,False,0.0,True
42980,1.1545423653846292,transformer_compose120_f0.6_wd1.0_softmax_ce_s11,23400.0,compose,1.0,False,0.0,True
43980,1.1503053171116402,transformer_compose120_f0.6_wd1.0_softmax_ce_s11,23400.0,compose,1.0,False,0.0,True
44980,1.0979753623297503,transformer_compose120_f0.6_wd1.0_softmax_ce_s11,23400.0,compose,1.0,False,0.0,True
45980,1.1597577130601109,transformer_compose120_f0.6_wd1.0_softmax_ce_s11,23400.0,compose,1.0,False,0.0,True
46980,1.1395031139122815,transformer_compose120_f0.6_wd1.0_softmax_ce_s11,23400.0,compose,1.0,False,0.0,True
47980,1.16195811347006,transformer_compose120_f0.6_wd1.0_softmax_ce_s11,23400.0,compose,1.0,False,0.0,True
48980,1.1133996246233868,transformer_compose120_f0.6_wd1.0_softmax_ce_s11,23400.0,compose,1.0,False,0.0,True
49980,1.1004295563375797,transformer_compose120_f0.6_wd1.0_softmax_ce_s11,23400.0,compose,1.0,False,0.0,True
50980,1.0812877620217487,transformer_compose120_f0.6_wd1.0_softmax_ce_s11,23400.0,compose,1.0,False,0.0,True
51980,1.1172796173387118,transformer_compose120_f0.6_wd1.0_softmax_ce_s11,23400.0,compose,1.0,False,0.0,True
52980,1.1165189818139198,transformer_compose120_f0.6_wd1.0_softmax_ce_s11,23400.0,compose,1.0,False,0.0,True
53980,1.146165403244748,transformer_compose120_f0.6_wd1.0_softmax_ce_s11,23400.0,compose,1.0,False,0.0,True
54980,1.1261873403114857,transformer_compose120_f0.6_wd1.0_softmax_ce_s11,23400.0,compose,1.0,False,0.0,True
55980,1.1270247619519536,transformer_compose120_f0.6_wd1.0_softmax_ce_s11,23400.0,compose,1.0,False,0.0,True
56980,1.135456357652182,transformer_compose120_f0.6_wd1.0_softmax_ce_s11,23400.0,compose,1.0,False,0.0,True
57980,1.1044747395971313,transformer_compose120_f0.6_wd1.0_softmax_ce_s11,23400.0,compose,1.0,False,0.0,True
58980,1.107314110365728,transformer_compose120_f0.6_wd1.0_softmax_ce_s11,23400.0,compose,1.0,False,0.0,True
59980,1.1468563436040873,transformer_compose120_f0.6_wd1.0_softmax_ce_s11,23400.0,compose,1.0,False,0.0,True
60980,1.137486941932231,transformer_compose120_f0.6_wd1.0_softmax_ce_s11,23400.0,compose,1.0,False,0.0,True
61980,1.174244143434389,transformer_compose120_f0.6_wd1.0_softmax_ce_s11,23400.0,compose,1.0,False,0.0,True
62980,1.1404060499848392,transformer_compose120_f0.6_wd1.0_softmax_ce_s11,23400.0,compose,1.0,False,0.0,True
63980,1.11793373575166,transformer_compose120_f0.6_wd1.0_softmax_ce_s11,23400.0,compose,1.0,False,0.0,True
64980,1.104257521804027,transformer_compose120_f0.6_wd1.0_softmax_ce_s11,23400.0,compose,1.0,False,0.0,True
65980,1.1439585890414803,transformer_compose120_f0.6_wd1.0_softmax_ce_s11,23400.0,compose,1.0,False,0.0,True
66980,1.1600548192257032,transformer_compose120_f0.6_wd1.0_softmax_ce_s11,23400.0,compose,1.0,False,0.0,True
67980,1.1364880500864305,transformer_compose120_f0.6_wd1.0_softmax_ce_s11,23400.0,compose,1.0,False,0.0,True
68980,1.1440452774260153,transformer_compose120_f0.6_wd1.0_softmax_ce_s11,23400.0,compose,1.0,False,0.0,True
69980,1.134552549780152,transformer_compose120_f0.6_wd1.0_softmax_ce_s11,23400.0,compose,1.0,False,0.0,True
70980,1.1350843195432472,transformer_compose120_f0.6_wd1.0_softmax_ce_s11,23400.0,compose,1.0,False,0.0,True
71980,1.1422546847426926,transformer_compose120_f0.6_wd1.0_softmax_ce_s11,23400.0,compose,1.0,False,0.0,True
72980,1.1505186034716002,transformer_compose120_f0.6_wd1.0_softmax_ce_s11,23400.0,compose,1.0,False,0.0,True
73980,1.1601564511595677,transformer_compose120_f0.6_wd1.0_softmax_ce_s11,23400.0,compose,1.0,False,0.0,True
74980,1.1510561302040376,transformer_compose120_f0.6_wd1.0_softmax_ce_s11,23400.0,compose,1.0,False,0.0,True
75980,1.1596235968685495,transformer_compose120_f0.6_wd1.0_softmax_ce_s11,23400.0,compose,1.0,False,0.0,True
76980,1.1655378741564164,transformer_compose120_f0.6_wd1.0_softmax_ce_s11,23400.0,compose,1.0,False,0.0,True
77980,1.1491180402047676,transformer_compose120_f0.6_wd1.0_softmax_ce_s11,23400.0,compose,1.0,False,0.0,True
78980,1.134815617837651,transformer_compose120_f0.6_wd1.0_softmax_ce_s11,23400.0,compose,1.0,False,0.0,True
79980,1.1563451730469485,transformer_compose120_f0.6_wd1.0_softmax_ce_s11,23400.0,compose,1.0,False,0.0,True
80980,1.1020219763021717,transformer_compose120_f0.6_wd1.0_softmax_ce_s11,23400.0,compose,1.0,False,0.0,True
81980,1.0955610365794055,transformer_compose120_f0.6_wd1.0_softmax_ce_s11,23400.0,compose,1.0,False,0.0,True
82980,1.116159495684537,transformer_compose120_f0.6_wd1.0_softmax_ce_s11,23400.0,compose,1.0,False,0.0,True
83980,1.1181365158369765,transformer_compose120_f0.6_wd1.0_softmax_ce_s11,23400.0,compose,1.0,False,0.0,True
84980,1.1246239996778522,transformer_compose120_f0.6_wd1.0_softmax_ce_s11,23400.0,compose,1.0,False,0.0,True
85980,1.121817436488656,transformer_compose120_f0.6_wd1.0_softmax_ce_s11,23400.0,compose,1.0,False,0.0,True
86980,1.1167780485364394,transformer_compose120_f0.6_wd1.0_softmax_ce_s11,23400.0,compose,1.0,False,0.0,True
87980,1.1006691245396598,transformer_compose120_f0.6_wd1.0_softmax_ce_s11,23400.0,compose,1.0,False,0.0,True
88980,1.159541848501271,transformer_compose120_f0.6_wd1.0_softmax_ce_s11,23400.0,compose,1.0,False,0.0,True
89980,1.1163871043708298,transformer_compose120_f0.6_wd1.0_softmax_ce_s11,23400.0,compose,1.0,False,0.0,True
90980,1.1339899313617177,transformer_compose120_f0.6_wd1.0_softmax_ce_s11,23400.0,compose,1.0,False,0.0,True
91980,1.1497811651605576,transformer_compose120_f0.6_wd1.0_softmax_ce_s11,23400.0,compose,1.0,False,0.0,True
92980,1.146614095592248,transformer_compose120_f0.6_wd1.0_softmax_ce_s11,23400.0,compose,1.0,False,0.0,True
93980,1.1289855301442,transformer_compose120_f0.6_wd1.0_softmax_ce_s11,23400.0,compose,1.0,False,0.0,True
94980,1.130577721342244,transformer_compose120_f0.6_wd1.0_softmax_ce_s11,23400.0,compose,1.0,False,0.0,True
95980,1.10547277600062,transformer_compose120_f0.6_wd1.0_softmax_ce_s11,23400.0,compose,1.0,False,0.0,True
96980,1.1365036535724864,transformer_compose120_f0.6_wd1.0_softmax_ce_s11,23400.0,compose,1.0,False,0.0,True
97980,1.10686995677668,transformer_compose120_f0.6_wd1.0_softmax_ce_s11,23400.0,compose,1.0,False,0.0,True
98980,1.1330104325001686,transformer_compose120_f0.6_wd1.0_softmax_ce_s11,23400.0,compose,1.0,False,0.0,True
99980,1.1507534474713712,transformer_compose120_f0.6_wd1.0_softmax_ce_s11,23400.0,compose,1.0,False,0.0,True
100980,1.130660652550965,transformer_compose120_f0.6_wd1.0_softmax_ce_s11,23400.0,compose,1.0,False,0.0,True
101980,1.124213451261161,transformer_compose120_f0.6_wd1.0_softmax_ce_s11,23400.0,compose,1.0,False,0.0,True
102980,1.1673303585445485,transformer_compose120_f0.6_wd1.0_softmax_ce_s11,23400.0,compose,1.0,False,0.0,True
103980,1.172579523301508,transformer_compose120_f0.6_wd1.0_softmax_ce_s11,23400.0,compose,1.0,False,0.0,True
104980,1.1648118822448257,transformer_compose120_f0.6_wd1.0_softmax_ce_s11,23400.0,compose,1.0,False,0.0,True
105980,1.1308174676408609,transformer_compose120_f0.6_wd1.0_softmax_ce_s11,23400.0,compose,1.0,False,0.0,True
106980,1.1080795600287572,transformer_compose120_f0.6_wd1.0_softmax_ce_s11,23400.0,compose,1.0,False,0.0,True
107980,1.0897704970052196,transformer_compose120_f0.6_wd1.0_softmax_ce_s11,23400.0,compose,1.0,False,0.0,True
108980,1.102871407277553,transformer_compose120_f0.6_wd1.0_softmax_ce_s11,23400.0,compose,1.0,False,0.0,True
109980,1.1416251264537385,transformer_compose120_f0.6_wd1.0_softmax_ce_s11,23400.0,compose,1.0,False,0.0,True
110980,1.1311980736039464,transformer_compose120_f0.6_wd1.0_softmax_ce_s11,23400.0,compose,1.0,False,0.0,True
111980,1.1334023665524875,transformer_compose120_f0.6_wd1.0_softmax_ce_s11,23400.0,compose,1.0,False,0.0,True
112980,1.146736087368233,transformer_compose120_f0.6_wd1.0_softmax_ce_s11,23400.0,compose,1.0,False,0.0,True
113980,1.1400563565937505,transformer_compose120_f0.6_wd1.0_softmax_ce_s11,23400.0,compose,1.0,False,0.0,True
114980,1.1464226539922069,transformer_compose120_f0.6_wd1.0_softmax_ce_s11,23400.0,compose,1.0,False,0.0,True
115980,1.163149819154784,transformer_compose120_f0.6_wd1.0_softmax_ce_s11,23400.0,compose,1.0,False,0.0,True
116980,1.1881871933040562,transformer_compose120_f0.6_wd1.0_softmax_ce_s11,23400.0,compose,1.0,False,0.0,True
117980,1.1704092916226778,transformer_compose120_f0.6_wd1.0_softmax_ce_s11,23400.0,compose,1.0,False,0.0,True
118980,1.1494453305007997,transformer_compose120_f0.6_wd1.0_softmax_ce_s11,23400.0,compose,1.0,False,0.0,True
119980,1.1125939801342335,transformer_compose120_f0.6_wd1.0_softmax_ce_s11,23400.0,compose,1.0,False,0.0,True
120980,1.1190674457647298,transformer_compose120_f0.6_wd1.0_softmax_ce_s11,23400.0,compose,1.0,False,0.0,True
121980,1.0930746039661734,transformer_compose120_f0.6_wd1.0_softmax_ce_s11,23400.0,compose,1.0,False,0.0,True
122980,1.119645132254007,transformer_compose120_f0.6_wd1.0_softmax_ce_s11,23400.0,compose,1.0,False,0.0,True
123980,1.1129217981670554,transformer_compose120_f0.6_wd1.0_softmax_ce_s11,23400.0,compose,1.0,False,0.0,True
124980,1.1018845979815406,transformer_compose120_f0.6_wd1.0_softmax_ce_s11,23400.0,compose,1.0,False,0.0,True
125980,1.135783285962446,transformer_compose120_f0.6_wd1.0_softmax_ce_s11,23400.0,compose,1.0,False,0.0,True
126980,1.1306528517601715,transformer_compose120_f0.6_wd1.0_softmax_ce_s11,23400.0,compose,1.0,False,0.0,True
127980,1.1348626715719463,transformer_compose120_f0.6_wd1.0_softmax_ce_s11,23400.0,compose,1.0,False,0.0,True
128980,1.164826333089086,transformer_compose120_f0.6_wd1.0_softmax_ce_s11,23400.0,compose,1.0,False,0.0,True
129980,1.1765333472335897,transformer_compose120_f0.6_wd1.0_softmax_ce_s11,23400.0,compose,1.0,False,0.0,True
130980,1.1449203415219185,transformer_compose120_f0.6_wd1.0_softmax_ce_s11,23400.0,compose,1.0,False,0.0,True
131980,1.1181102817684057,transformer_compose120_f0.6_wd1.0_softmax_ce_s11,23400.0,compose,1.0,False,0.0,True
132980,1.0955593526228322,transformer_compose120_f0.6_wd1.0_softmax_ce_s11,23400.0,compose,1.0,False,0.0,True
133980,1.1165193980617432,transformer_compose120_f0.6_wd1.0_softmax_ce_s11,23400.0,compose,1.0,False,0.0,True
134980,1.1234360932229397,transformer_compose120_f0.6_wd1.0_softmax_ce_s11,23400.0,compose,1.0,False,0.0,True
135980,1.1087505534683302,transformer_compose120_f0.6_wd1.0_softmax_ce_s11,23400.0,compose,1.0,False,0.0,True
136980,1.1300642800366296,transformer_compose120_f0.6_wd1.0_softmax_ce_s11,23400.0,compose,1.0,False,0.0,True
137980,1.125049043738179,transformer_compose120_f0.6_wd1.0_softmax_ce_s11,23400.0,compose,1.0,False,0.0,True
138980,1.1782325327016483,transformer_compose120_f0.6_wd1.0_softmax_ce_s11,23400.0,compose,1.0,False,0.0,True
139980,1.1643098796127611,transformer_compose120_f0.6_wd1.0_softmax_ce_s11,23400.0,compose,1.0,False,0.0,True
140980,1.1644959508428427,transformer_compose120_f0.6_wd1.0_softmax_ce_s11,23400.0,compose,1.0,False,0.0,True
141980,1.1165266842987889,transformer_compose120_f0.6_wd1.0_softmax_ce_s11,23400.0,compose,1.0,False,0.0,True
142980,1.105059589289432,transformer_compose120_f0.6_wd1.0_softmax_ce_s11,23400.0,compose,1.0,False,0.0,True
143980,1.1223596618389826,transformer_compose120_f0.6_wd1.0_softmax_ce_s11,23400.0,compose,1.0,False,0.0,True
144980,1.1507921003209498,transformer_compose120_f0.6_wd1.0_softmax_ce_s11,23400.0,compose,1.0,False,0.0,True
145980,1.1367309290716472,transformer_compose120_f0.6_wd1.0_softmax_ce_s11,23400.0,compose,1.0,False,0.0,True
146980,1.1416539155512475,transformer_compose120_f0.6_wd1.0_softmax_ce_s11,23400.0,compose,1.0,False,0.0,True
147980,1.150288281624802,transformer_compose120_f0.6_wd1.0_softmax_ce_s11,23400.0,compose,1.0,False,0.0,True
148980,1.1185024851620191,transformer_compose120_f0.6_wd1.0_softmax_ce_s11,23400.0,compose,1.0,False,0.0,True
149980,1.1392773775683207,transformer_compose120_f0.6_wd1.0_softmax_ce_s11,23400.0,compose,1.0,False,0.0,True
150980,1.1316247569920872,transformer_compose120_f0.6_wd1.0_softmax_ce_s11,23400.0,compose,1.0,False,0.0,True
151980,1.1174846453023783,transformer_compose120_f0.6_wd1.0_softmax_ce_s11,23400.0,compose,1.0,False,0.0,True
152980,1.1031155580598744,transformer_compose120_f0.6_wd1.0_softmax_ce_s11,23400.0,compose,1.0,False,0.0,True
153980,1.0917121234474776,transformer_compose120_f0.6_wd1.0_softmax_ce_s11,23400.0,compose,1.0,False,0.0,True
154980,1.1287839023387485,transformer_compose120_f0.6_wd1.0_softmax_ce_s11,23400.0,compose,1.0,False,0.0,True
155980,1.1077110986253509,transformer_compose120_f0.6_wd1.0_softmax_ce_s11,23400.0,compose,1.0,False,0.0,True
156980,1.1254998829862988,transformer_compose120_f0.6_wd1.0_softmax_ce_s11,23400.0,compose,1.0,False,0.0,True
157980,1.1260199098147123,transformer_compose120_f0.6_wd1.0_softmax_ce_s11,23400.0,compose,1.0,False,0.0,True
158980,1.129634292972983,transformer_compose120_f0.6_wd1.0_softmax_ce_s11,23400.0,compose,1.0,False,0.0,True
159980,1.123128403703593,transformer_compose120_f0.6_wd1.0_softmax_ce_s11,23400.0,compose,1.0,False,0.0,True
160980,1.1659948414861656,transformer_compose120_f0.6_wd1.0_softmax_ce_s11,23400.0,compose,1.0,False,0.0,True
161980,1.132407141327366,transformer_compose120_f0.6_wd1.0_softmax_ce_s11,23400.0,compose,1.0,False,0.0,True
162980,1.1281020183530892,transformer_compose120_f0.6_wd1.0_softmax_ce_s11,23400.0,compose,1.0,False,0.0,True
163980,1.132090487708881,transformer_compose120_f0.6_wd1.0_softmax_ce_s11,23400.0,compose,1.0,False,0.0,True
164980,1.106749593332681,transformer_compose120_f0.6_wd1.0_softmax_ce_s11,23400.0,compose,1.0,False,0.0,True
165980,1.1216334110575037,transformer_compose120_f0.6_wd1.0_softmax_ce_s11,23400.0,compose,1.0,False,0.0,True
166980,1.108906425304313,transformer_compose120_f0.6_wd1.0_softmax_ce_s11,23400.0,compose,1.0,False,0.0,True
167980,1.1410169071714948,transformer_compose120_f0.6_wd1.0_softmax_ce_s11,23400.0,compose,1.0,False,0.0,True
168980,1.1415544537613862,transformer_compose120_f0.6_wd1.0_softmax_ce_s11,23400.0,compose,1.0,False,0.0,True
169980,1.15411347269686,transformer_compose120_f0.6_wd1.0_softmax_ce_s11,23400.0,compose,1.0,False,0.0,True
170980,1.1351325823778184,transformer_compose120_f0.6_wd1.0_softmax_ce_s11,23400.0,compose,1.0,False,0.0,True
171980,1.165498803370297,transformer_compose120_f0.6_wd1.0_softmax_ce_s11,23400.0,compose,1.0,False,0.0,True
172980,1.1713816112262745,transformer_compose120_f0.6_wd1.0_softmax_ce_s11,23400.0,compose,1.0,False,0.0,True
173980,1.190198269568531,transformer_compose120_f0.6_wd1.0_softmax_ce_s11,23400.0,compose,1.0,False,0.0,True
174980,1.157290510249525,transformer_compose120_f0.6_wd1.0_softmax_ce_s11,23400.0,compose,1.0,False,0.0,True
175980,1.1263114904252436,transformer_compose120_f0.6_wd1.0_softmax_ce_s11,23400.0,compose,1.0,False,0.0,True
176980,1.1242703760771389,transformer_compose120_f0.6_wd1.0_softmax_ce_s11,23400.0,compose,1.0,False,0.0,True
177980,1.1232556278446075,transformer_compose120_f0.6_wd1.0_softmax_ce_s11,23400.0,compose,1.0,False,0.0,True
178980,1.146866131841429,transformer_compose120_f0.6_wd1.0_softmax_ce_s11,23400.0,compose,1.0,False,0.0,True
179980,1.1274802561370356,transformer_compose120_f0.6_wd1.0_softmax_ce_s11,23400.0,compose,1.0,False,0.0,True
180980,1.138202467539235,transformer_compose120_f0.6_wd1.0_softmax_ce_s11,23400.0,compose,1.0,False,0.0,True
181980,1.12875589672907,transformer_compose120_f0.6_wd1.0_softmax_ce_s11,23400.0,compose,1.0,False,0.0,True
182980,1.1340606279047318,transformer_compose120_f0.6_wd1.0_softmax_ce_s11,23400.0,compose,1.0,False,0.0,True
183980,1.1587417011595784,transformer_compose120_f0.6_wd1.0_softmax_ce_s11,23400.0,compose,1.0,False,0.0,True
184980,1.1342903453731903,transformer_compose120_f0.6_wd1.0_softmax_ce_s11,23400.0,compose,1.0,False,0.0,True
185980,1.141654312132388,transformer_compose120_f0.6_wd1.0_softmax_ce_s11,23400.0,compose,1.0,False,0.0,True
186980,1.1603948258139871,transformer_compose120_f0.6_wd1.0_softmax_ce_s11,23400.0,compose,1.0,False,0.0,True
187980,1.183557587930083,transformer_compose120_f0.6_wd1.0_softmax_ce_s11,23400.0,compose,1.0,False,0.0,True
188980,1.1627282524833809,transformer_compose120_f0.6_wd1.0_softmax_ce_s11,23400.0,compose,1.0,False,0.0,True
189980,1.1438134373109885,transformer_compose120_f0.6_wd1.0_softmax_ce_s11,23400.0,compose,1.0,False,0.0,True
190980,1.110313479703661,transformer_compose120_f0.6_wd1.0_softmax_ce_s11,23400.0,compose,1.0,False,0.0,True
191980,1.0867909502304285,transformer_compose120_f0.6_wd1.0_softmax_ce_s11,23400.0,compose,1.0,False,0.0,True
192980,1.1240371640386275,transformer_compose120_f0.6_wd1.0_softmax_ce_s11,23400.0,compose,1.0,False,0.0,True
193980,1.108340672835615,transformer_compose120_f0.6_wd1.0_softmax_ce_s11,23400.0,compose,1.0,False,0.0,True
194980,1.1430256199868356,transformer_compose120_f0.6_wd1.0_softmax_ce_s11,23400.0,compose,1.0,False,0.0,True
195980,1.1310264070311302,transformer_compose120_f0.6_wd1.0_softmax_ce_s11,23400.0,compose,1.0,False,0.0,True
196980,1.1169507191073993,transformer_compose120_f0.6_wd1.0_softmax_ce_s11,23400.0,compose,1.0,False,0.0,True
197980,1.1486815106538055,transformer_compose120_f0.6_wd1.0_softmax_ce_s11,23400.0,compose,1.0,False,0.0,True
198980,1.1417601118375855,transformer_compose120_f0.6_wd1.0_softmax_ce_s11,23400.0,compose,1.0,False,0.0,True
199980,1.1809689924863938,transformer_compose120_f0.6_wd1.0_softmax_ce_s11,23400.0,compose,1.0,False,0.0,True
200980,1.1575233502007929,transformer_compose120_f0.6_wd1.0_softmax_ce_s11,23400.0,compose,1.0,False,0.0,True
201980,1.1889336627609497,transformer_compose120_f0.6_wd1.0_softmax_ce_s11,23400.0,compose,1.0,False,0.0,True
202980,1.1865043477202402,transformer_compose120_f0.6_wd1.0_softmax_ce_s11,23400.0,compose,1.0,False,0.0,True
203980,1.1581804997993317,transformer_compose120_f0.6_wd1.0_softmax_ce_s11,23400.0,compose,1.0,False,0.0,True
204980,1.1259088895051936,transformer_compose120_f0.6_wd1.0_softmax_ce_s11,23400.0,compose,1.0,False,0.0,True
205980,1.1500887872389716,transformer_compose120_f0.6_wd1.0_softmax_ce_s11,23400.0,compose,1.0,False,0.0,True
206980,1.1345512687009895,transformer_compose120_f0.6_wd1.0_softmax_ce_s11,23400.0,compose,1.0,False,0.0,True
207980,1.1129248322281038,transformer_compose120_f0.6_wd1.0_softmax_ce_s11,23400.0,compose,1.0,False,0.0,True
208980,1.1472654929040873,transformer_compose120_f0.6_wd1.0_softmax_ce_s11,23400.0,compose,1.0,False,0.0,True
209980,1.144528421236759,transformer_compose120_f0.6_wd1.0_softmax_ce_s11,23400.0,compose,1.0,False,0.0,True
210980,1.1206463145100414,transformer_compose120_f0.6_wd1.0_softmax_ce_s11,23400.0,compose,1.0,False,0.0,True
211980,1.1151144299056217,transformer_compose120_f0.6_wd1.0_softmax_ce_s11,23400.0,compose,1.0,False,0.0,True
212980,1.150803557991117,transformer_compose120_f0.6_wd1.0_softmax_ce_s11,23400.0,compose,1.0,False,0.0,True
213980,1.152959648332904,transformer_compose120_f0.6_wd1.0_softmax_ce_s11,23400.0,compose,1.0,False,0.0,True
214980,1.1282394344530762,transformer_compose120_f0.6_wd1.0_softmax_ce_s11,23400.0,compose,1.0,False,0.0,True
215980,1.183139299744559,transformer_compose120_f0.6_wd1.0_softmax_ce_s11,23400.0,compose,1.0,False,0.0,True
216980,1.1908056544527983,transformer_compose120_f0.6_wd1.0_softmax_ce_s11,23400.0,compose,1.0,False,0.0,True
217980,1.1921928172396772,transformer_compose120_f0.6_wd1.0_softmax_ce_s11,23400.0,compose,1.0,False,0.0,True
218980,1.1836859668553013,transformer_compose120_f0.6_wd1.0_softmax_ce_s11,23400.0,compose,1.0,False,0.0,True
219980,1.1852389731639477,transformer_compose120_f0.6_wd1.0_softmax_ce_s11,23400.0,compose,1.0,False,0.0,True
220980,1.176611809634594,transformer_compose120_f0.6_wd1.0_softmax_ce_s11,23400.0,compose,1.0,False,0.0,True
221980,1.129980788416682,transformer_compose120_f0.6_wd1.0_softmax_ce_s11,23400.0,compose,1.0,False,0.0,True
222980,1.1356819509979883,transformer_compose120_f0.6_wd1.0_softmax_ce_s11,23400.0,compose,1.0,False,0.0,True
223980,1.119998980598663,transformer_compose120_f0.6_wd1.0_softmax_ce_s11,23400.0,compose,1.0,False,0.0,True
224980,1.1507288954140251,transformer_compose120_f0.6_wd1.0_softmax_ce_s11,23400.0,compose,1.0,False,0.0,True
225980,1.133915766250351,transformer_compose120_f0.6_wd1.0_softmax_ce_s11,23400.0,compose,1.0,False,0.0,True
226980,1.1252565832880337,transformer_compose120_f0.6_wd1.0_softmax_ce_s11,23400.0,compose,1.0,False,0.0,True
227980,1.140728408224694,transformer_compose120_f0.6_wd1.0_softmax_ce_s11,23400.0,compose,1.0,False,0.0,True
228980,1.1418949151196494,transformer_compose120_f0.6_wd1.0_softmax_ce_s11,23400.0,compose,1.0,False,0.0,True
229980,1.158319356974676,transformer_compose120_f0.6_wd1.0_softmax_ce_s11,23400.0,compose,1.0,False,0.0,True
230980,1.1423282829291346,transformer_compose120_f0.6_wd1.0_softmax_ce_s11,23400.0,compose,1.0,False,0.0,True
231980,1.151875778116192,transformer_compose120_f0.6_wd1.0_softmax_ce_s11,23400.0,compose,1.0,False,0.0,True
232980,1.1540976712564217,transformer_compose120_f0.6_wd1.0_softmax_ce_s11,23400.0,compose,1.0,False,0.0,True
233980,1.164470820722826,transformer_compose120_f0.6_wd1.0_softmax_ce_s11,23400.0,compose,1.0,False,0.0,True
234980,1.1838457950909715,transformer_compose120_f0.6_wd1.0_softmax_ce_s11,23400.0,compose,1.0,False,0.0,True
235980,1.1857172713027115,transformer_compose120_f0.6_wd1.0_softmax_ce_s11,23400.0,compose,1.0,False,0.0,True
236980,1.2007989432707529,transformer_compose120_f0.6_wd1.0_softmax_ce_s11,23400.0,compose,1.0,False,0.0,True
237980,1.199993828875395,transformer_compose120_f0.6_wd1.0_softmax_ce_s11,23400.0,compose,1.0,False,0.0,True
238980,1.1745910158022352,transformer_compose120_f0.6_wd1.0_softmax_ce_s11,23400.0,compose,1.0,False,0.0,True
239980,1.153983740192659,transformer_compose120_f0.6_wd1.0_softmax_ce_s11,23400.0,compose,1.0,False,0.0,True
240980,1.072114307984543,transformer_compose120_f0.6_wd1.0_softmax_ce_s11,23400.0,compose,1.0,False,0.0,True
241980,1.1048995688394323,transformer_compose120_f0.6_wd1.0_softmax_ce_s11,23400.0,compose,1.0,False,0.0,True
242980,1.1454090288105707,transformer_compose120_f0.6_wd1.0_softmax_ce_s11,23400.0,compose,1.0,False,0.0,True
243980,1.1643201301037052,transformer_compose120_f0.6_wd1.0_softmax_ce_s11,23400.0,compose,1.0,False,0.0,True
244980,1.1516311916205122,transformer_compose120_f0.6_wd1.0_softmax_ce_s11,23400.0,compose,1.0,False,0.0,True
245980,1.162024569016704,transformer_compose120_f0.6_wd1.0_softmax_ce_s11,23400.0,compose,1.0,False,0.0,True
246980,1.174329735820643,transformer_compose120_f0.6_wd1.0_softmax_ce_s11,23400.0,compose,1.0,False,0.0,True
247980,1.1751532643382565,transformer_compose120_f0.6_wd1.0_softmax_ce_s11,23400.0,compose,1.0,False,0.0,True
248980,1.1557107027094546,transformer_compose120_f0.6_wd1.0_softmax_ce_s11,23400.0,compose,1.0,False,0.0,True
249980,1.16848257013,transformer_compose120_f0.6_wd1.0_softmax_ce_s11,23400.0,compose,1.0,False,0.0,True
3980,1.271406554867245,transformer_compose120_f0.6_wd1.0_softmax_ce_s12,18800.0,compose,1.0,False,0.0,True
4980,1.4343682786146037,transformer_compose120_f0.6_wd1.0_softmax_ce_s12,18800.0,compose,1.0,False,0.0,True
5980,1.4914658619062264,transformer_compose120_f0.6_wd1.0_softmax_ce_s12,18800.0,compose,1.0,False,0.0,True
6980,1.3337791556819074,transformer_compose120_f0.6_wd1.0_softmax_ce_s12,18800.0,compose,1.0,False,0.0,True
7980,1.353380901866363,transformer_compose120_f0.6_wd1.0_softmax_ce_s12,18800.0,compose,1.0,False,0.0,True
8980,1.322116861656495,transformer_compose120_f0.6_wd1.0_softmax_ce_s12,18800.0,compose,1.0,False,0.0,True
9980,1.319782502879168,transformer_compose120_f0.6_wd1.0_softmax_ce_s12,18800.0,compose,1.0,False,0.0,True
10980,1.2797888533499748,transformer_compose120_f0.6_wd1.0_softmax_ce_s12,18800.0,compose,1.0,False,0.0,True
11980,1.3444185996294873,transformer_compose120_f0.6_wd1.0_softmax_ce_s12,18800.0,compose,1.0,False,0.0,True
12980,1.2462283825025764,transformer_compose120_f0.6_wd1.0_softmax_ce_s12,18800.0,compose,1.0,False,0.0,True
13980,1.296975083552801,transformer_compose120_f0.6_wd1.0_softmax_ce_s12,18800.0,compose,1.0,False,0.0,True
14980,1.3466286384980544,transformer_compose120_f0.6_wd1.0_softmax_ce_s12,18800.0,compose,1.0,False,0.0,True
15980,1.350938819175986,transformer_compose120_f0.6_wd1.0_softmax_ce_s12,18800.0,compose,1.0,False,0.0,True
16980,1.3420493970596807,transformer_compose120_f0.6_wd1.0_softmax_ce_s12,18800.0,compose,1.0,False,0.0,True
17980,1.2483695206846506,transformer_compose120_f0.6_wd1.0_softmax_ce_s12,18800.0,compose,1.0,False,0.0,True
18980,1.2098456126972643,transformer_compose120_f0.6_wd1.0_softmax_ce_s12,18800.0,compose,1.0,False,0.0,True
19980,1.185945886555002,transformer_compose120_f0.6_wd1.0_softmax_ce_s12,18800.0,compose,1.0,False,0.0,True
20980,1.1654586538330094,transformer_compose120_f0.6_wd1.0_softmax_ce_s12,18800.0,compose,1.0,False,0.0,True
21980,1.1916521041970194,transformer_compose120_f0.6_wd1.0_softmax_ce_s12,18800.0,compose,1.0,False,0.0,True
22980,1.1204272349304898,transformer_compose120_f0.6_wd1.0_softmax_ce_s12,18800.0,compose,1.0,False,0.0,True
23980,1.1712640234535272,transformer_compose120_f0.6_wd1.0_softmax_ce_s12,18800.0,compose,1.0,False,0.0,True
24980,1.13765409086487,transformer_compose120_f0.6_wd1.0_softmax_ce_s12,18800.0,compose,1.0,False,0.0,True
25980,1.1968282097500829,transformer_compose120_f0.6_wd1.0_softmax_ce_s12,18800.0,compose,1.0,False,0.0,True
26980,1.2219072656305536,transformer_compose120_f0.6_wd1.0_softmax_ce_s12,18800.0,compose,1.0,False,0.0,True
27980,1.153072972468533,transformer_compose120_f0.6_wd1.0_softmax_ce_s12,18800.0,compose,1.0,False,0.0,True
28980,1.151057027904049,transformer_compose120_f0.6_wd1.0_softmax_ce_s12,18800.0,compose,1.0,False,0.0,True
29980,1.1556838160136584,transformer_compose120_f0.6_wd1.0_softmax_ce_s12,18800.0,compose,1.0,False,0.0,True
30980,1.2347567932383186,transformer_compose120_f0.6_wd1.0_softmax_ce_s12,18800.0,compose,1.0,False,0.0,True
31980,1.237373220151869,transformer_compose120_f0.6_wd1.0_softmax_ce_s12,18800.0,compose,1.0,False,0.0,True
32980,1.2394568133984445,transformer_compose120_f0.6_wd1.0_softmax_ce_s12,18800.0,compose,1.0,False,0.0,True
33980,1.2572348493208934,transformer_compose120_f0.6_wd1.0_softmax_ce_s12,18800.0,compose,1.0,False,0.0,True
34980,1.2297750352660757,transformer_compose120_f0.6_wd1.0_softmax_ce_s12,18800.0,compose,1.0,False,0.0,True
35980,1.2370123188951403,transformer_compose120_f0.6_wd1.0_softmax_ce_s12,18800.0,compose,1.0,False,0.0,True
36980,1.1662174600029878,transformer_compose120_f0.6_wd1.0_softmax_ce_s12,18800.0,compose,1.0,False,0.0,True
37980,1.1492446845491209,transformer_compose120_f0.6_wd1.0_softmax_ce_s12,18800.0,compose,1.0,False,0.0,True
38980,1.1542777640848167,transformer_compose120_f0.6_wd1.0_softmax_ce_s12,18800.0,compose,1.0,False,0.0,True
39980,1.2115409041402163,transformer_compose120_f0.6_wd1.0_softmax_ce_s12,18800.0,compose,1.0,False,0.0,True
40980,1.2232037599179486,transformer_compose120_f0.6_wd1.0_softmax_ce_s12,18800.0,compose,1.0,False,0.0,True
41980,1.238562794277602,transformer_compose120_f0.6_wd1.0_softmax_ce_s12,18800.0,compose,1.0,False,0.0,True
42980,1.2555301966061023,transformer_compose120_f0.6_wd1.0_softmax_ce_s12,18800.0,compose,1.0,False,0.0,True
43980,1.2335396827533716,transformer_compose120_f0.6_wd1.0_softmax_ce_s12,18800.0,compose,1.0,False,0.0,True
44980,1.1543275312728067,transformer_compose120_f0.6_wd1.0_softmax_ce_s12,18800.0,compose,1.0,False,0.0,True
45980,1.156372260085451,transformer_compose120_f0.6_wd1.0_softmax_ce_s12,18800.0,compose,1.0,False,0.0,True
46980,1.1590362235298886,transformer_compose120_f0.6_wd1.0_softmax_ce_s12,18800.0,compose,1.0,False,0.0,True
47980,1.2038984819035996,transformer_compose120_f0.6_wd1.0_softmax_ce_s12,18800.0,compose,1.0,False,0.0,True
48980,1.2264743694189753,transformer_compose120_f0.6_wd1.0_softmax_ce_s12,18800.0,compose,1.0,False,0.0,True
49980,1.1750919759270753,transformer_compose120_f0.6_wd1.0_softmax_ce_s12,18800.0,compose,1.0,False,0.0,True
50980,1.216369190439568,transformer_compose120_f0.6_wd1.0_softmax_ce_s12,18800.0,compose,1.0,False,0.0,True
51980,1.1954064433133795,transformer_compose120_f0.6_wd1.0_softmax_ce_s12,18800.0,compose,1.0,False,0.0,True
52980,1.2509255708462816,transformer_compose120_f0.6_wd1.0_softmax_ce_s12,18800.0,compose,1.0,False,0.0,True
53980,1.1611013653345024,transformer_compose120_f0.6_wd1.0_softmax_ce_s12,18800.0,compose,1.0,False,0.0,True
54980,1.249823602902553,transformer_compose120_f0.6_wd1.0_softmax_ce_s12,18800.0,compose,1.0,False,0.0,True
55980,1.20598195432806,transformer_compose120_f0.6_wd1.0_softmax_ce_s12,18800.0,compose,1.0,False,0.0,True
56980,1.208657066048516,transformer_compose120_f0.6_wd1.0_softmax_ce_s12,18800.0,compose,1.0,False,0.0,True
57980,1.2136728328172572,transformer_compose120_f0.6_wd1.0_softmax_ce_s12,18800.0,compose,1.0,False,0.0,True
58980,1.2145804295210572,transformer_compose120_f0.6_wd1.0_softmax_ce_s12,18800.0,compose,1.0,False,0.0,True
59980,1.1908176950880065,transformer_compose120_f0.6_wd1.0_softmax_ce_s12,18800.0,compose,1.0,False,0.0,True
60980,1.1721698975082504,transformer_compose120_f0.6_wd1.0_softmax_ce_s12,18800.0,compose,1.0,False,0.0,True
61980,1.143437832885487,transformer_compose120_f0.6_wd1.0_softmax_ce_s12,18800.0,compose,1.0,False,0.0,True
62980,1.1935804069694318,transformer_compose120_f0.6_wd1.0_softmax_ce_s12,18800.0,compose,1.0,False,0.0,True
63980,1.1999876045013929,transformer_compose120_f0.6_wd1.0_softmax_ce_s12,18800.0,compose,1.0,False,0.0,True
64980,1.2298016088201422,transformer_compose120_f0.6_wd1.0_softmax_ce_s12,18800.0,compose,1.0,False,0.0,True
65980,1.2442701426389646,transformer_compose120_f0.6_wd1.0_softmax_ce_s12,18800.0,compose,1.0,False,0.0,True
66980,1.2015694107620205,transformer_compose120_f0.6_wd1.0_softmax_ce_s12,18800.0,compose,1.0,False,0.0,True
67980,1.2062400856612503,transformer_compose120_f0.6_wd1.0_softmax_ce_s12,18800.0,compose,1.0,False,0.0,True
68980,1.183933603000431,transformer_compose120_f0.6_wd1.0_softmax_ce_s12,18800.0,compose,1.0,False,0.0,True
69980,1.2229627276696848,transformer_compose120_f0.6_wd1.0_softmax_ce_s12,18800.0,compose,1.0,False,0.0,True
70980,1.2495394472561687,transformer_compose120_f0.6_wd1.0_softmax_ce_s12,18800.0,compose,1.0,False,0.0,True
71980,1.1973011381276102,transformer_compose120_f0.6_wd1.0_softmax_ce_s12,18800.0,compose,1.0,False,0.0,True
72980,1.213128769548408,transformer_compose120_f0.6_wd1.0_softmax_ce_s12,18800.0,compose,1.0,False,0.0,True
73980,1.1923313605298844,transformer_compose120_f0.6_wd1.0_softmax_ce_s12,18800.0,compose,1.0,False,0.0,True
74980,1.173515267623814,transformer_compose120_f0.6_wd1.0_softmax_ce_s12,18800.0,compose,1.0,False,0.0,True
75980,1.21351270737453,transformer_compose120_f0.6_wd1.0_softmax_ce_s12,18800.0,compose,1.0,False,0.0,True
76980,1.209785162904014,transformer_compose120_f0.6_wd1.0_softmax_ce_s12,18800.0,compose,1.0,False,0.0,True
77980,1.2353897110863932,transformer_compose120_f0.6_wd1.0_softmax_ce_s12,18800.0,compose,1.0,False,0.0,True
78980,1.306753811069544,transformer_compose120_f0.6_wd1.0_softmax_ce_s12,18800.0,compose,1.0,False,0.0,True
79980,1.2077407843145318,transformer_compose120_f0.6_wd1.0_softmax_ce_s12,18800.0,compose,1.0,False,0.0,True
80980,1.1881840050906596,transformer_compose120_f0.6_wd1.0_softmax_ce_s12,18800.0,compose,1.0,False,0.0,True
81980,1.143583318949502,transformer_compose120_f0.6_wd1.0_softmax_ce_s12,18800.0,compose,1.0,False,0.0,True
82980,1.106886365685964,transformer_compose120_f0.6_wd1.0_softmax_ce_s12,18800.0,compose,1.0,False,0.0,True
83980,1.1295318223766004,transformer_compose120_f0.6_wd1.0_softmax_ce_s12,18800.0,compose,1.0,False,0.0,True
84980,1.1978091261171375,transformer_compose120_f0.6_wd1.0_softmax_ce_s12,18800.0,compose,1.0,False,0.0,True
85980,1.1904730360551354,transformer_compose120_f0.6_wd1.0_softmax_ce_s12,18800.0,compose,1.0,False,0.0,True
86980,1.231272412216334,transformer_compose120_f0.6_wd1.0_softmax_ce_s12,18800.0,compose,1.0,False,0.0,True
87980,1.194329572731056,transformer_compose120_f0.6_wd1.0_softmax_ce_s12,18800.0,compose,1.0,False,0.0,True
88980,1.1829369189536778,transformer_compose120_f0.6_wd1.0_softmax_ce_s12,18800.0,compose,1.0,False,0.0,True
89980,1.1362210914124171,transformer_compose120_f0.6_wd1.0_softmax_ce_s12,18800.0,compose,1.0,False,0.0,True
90980,1.2996552063478166,transformer_compose120_f0.6_wd1.0_softmax_ce_s12,18800.0,compose,1.0,False,0.0,True
91980,1.2873696454010657,transformer_compose120_f0.6_wd1.0_softmax_ce_s12,18800.0,compose,1.0,False,0.0,True
92980,1.2802601718663973,transformer_compose120_f0.6_wd1.0_softmax_ce_s12,18800.0,compose,1.0,False,0.0,True
93980,1.2217137243061589,transformer_compose120_f0.6_wd1.0_softmax_ce_s12,18800.0,compose,1.0,False,0.0,True
94980,1.25963562996904,transformer_compose120_f0.6_wd1.0_softmax_ce_s12,18800.0,compose,1.0,False,0.0,True
95980,1.1900710908753085,transformer_compose120_f0.6_wd1.0_softmax_ce_s12,18800.0,compose,1.0,False,0.0,True
96980,1.2615637122818577,transformer_compose120_f0.6_wd1.0_softmax_ce_s12,18800.0,compose,1.0,False,0.0,True
97980,1.2595835417491714,transformer_compose120_f0.6_wd1.0_softmax_ce_s12,18800.0,compose,1.0,False,0.0,True
98980,1.2188239404579375,transformer_compose120_f0.6_wd1.0_softmax_ce_s12,18800.0,compose,1.0,False,0.0,True
99980,1.1692002766593472,transformer_compose120_f0.6_wd1.0_softmax_ce_s12,18800.0,compose,1.0,False,0.0,True
100980,1.067982070775491,transformer_compose120_f0.6_wd1.0_softmax_ce_s12,18800.0,compose,1.0,False,0.0,True
101980,1.072945358481535,transformer_compose120_f0.6_wd1.0_softmax_ce_s12,18800.0,compose,1.0,False,0.0,True
102980,1.1216492962975857,transformer_compose120_f0.6_wd1.0_softmax_ce_s12,18800.0,compose,1.0,False,0.0,True
103980,1.1224881645886549,transformer_compose120_f0.6_wd1.0_softmax_ce_s12,18800.0,compose,1.0,False,0.0,True
104980,1.0955538097381416,transformer_compose120_f0.6_wd1.0_softmax_ce_s12,18800.0,compose,1.0,False,0.0,True
105980,1.0956266298322437,transformer_compose120_f0.6_wd1.0_softmax_ce_s12,18800.0,compose,1.0,False,0.0,True
106980,1.1370698502337728,transformer_compose120_f0.6_wd1.0_softmax_ce_s12,18800.0,compose,1.0,False,0.0,True
107980,1.1917987462440398,transformer_compose120_f0.6_wd1.0_softmax_ce_s12,18800.0,compose,1.0,False,0.0,True
108980,1.2006062840806035,transformer_compose120_f0.6_wd1.0_softmax_ce_s12,18800.0,compose,1.0,False,0.0,True
109980,1.1784271419193,transformer_compose120_f0.6_wd1.0_softmax_ce_s12,18800.0,compose,1.0,False,0.0,True
110980,1.219018868432899,transformer_compose120_f0.6_wd1.0_softmax_ce_s12,18800.0,compose,1.0,False,0.0,True
111980,1.2333124098433974,transformer_compose120_f0.6_wd1.0_softmax_ce_s12,18800.0,compose,1.0,False,0.0,True
112980,1.1614796702563983,transformer_compose120_f0.6_wd1.0_softmax_ce_s12,18800.0,compose,1.0,False,0.0,True
113980,1.2317045054909568,transformer_compose120_f0.6_wd1.0_softmax_ce_s12,18800.0,compose,1.0,False,0.0,True
114980,1.1833734625312444,transformer_compose120_f0.6_wd1.0_softmax_ce_s12,18800.0,compose,1.0,False,0.0,True
115980,1.240063847395798,transformer_compose120_f0.6_wd1.0_softmax_ce_s12,18800.0,compose,1.0,False,0.0,True
116980,1.2353649810211629,transformer_compose120_f0.6_wd1.0_softmax_ce_s12,18800.0,compose,1.0,False,0.0,True
117980,1.1657952700450849,transformer_compose120_f0.6_wd1.0_softmax_ce_s12,18800.0,compose,1.0,False,0.0,True
118980,1.2186557749305076,transformer_compose120_f0.6_wd1.0_softmax_ce_s12,18800.0,compose,1.0,False,0.0,True
119980,1.216090849688722,transformer_compose120_f0.6_wd1.0_softmax_ce_s12,18800.0,compose,1.0,False,0.0,True
120980,1.1834676914247833,transformer_compose120_f0.6_wd1.0_softmax_ce_s12,18800.0,compose,1.0,False,0.0,True
121980,1.1855242866782467,transformer_compose120_f0.6_wd1.0_softmax_ce_s12,18800.0,compose,1.0,False,0.0,True
122980,1.2123723768418493,transformer_compose120_f0.6_wd1.0_softmax_ce_s12,18800.0,compose,1.0,False,0.0,True
123980,1.3061687059740594,transformer_compose120_f0.6_wd1.0_softmax_ce_s12,18800.0,compose,1.0,False,0.0,True
124980,1.2355001325157826,transformer_compose120_f0.6_wd1.0_softmax_ce_s12,18800.0,compose,1.0,False,0.0,True
125980,1.2772447305055417,transformer_compose120_f0.6_wd1.0_softmax_ce_s12,18800.0,compose,1.0,False,0.0,True
126980,1.2492553096069718,transformer_compose120_f0.6_wd1.0_softmax_ce_s12,18800.0,compose,1.0,False,0.0,True
127980,1.189221061570262,transformer_compose120_f0.6_wd1.0_softmax_ce_s12,18800.0,compose,1.0,False,0.0,True
128980,1.2190885523025998,transformer_compose120_f0.6_wd1.0_softmax_ce_s12,18800.0,compose,1.0,False,0.0,True
129980,1.2711994612317838,transformer_compose120_f0.6_wd1.0_softmax_ce_s12,18800.0,compose,1.0,False,0.0,True
130980,1.3286953643442183,transformer_compose120_f0.6_wd1.0_softmax_ce_s12,18800.0,compose,1.0,False,0.0,True
131980,1.2777308517603114,transformer_compose120_f0.6_wd1.0_softmax_ce_s12,18800.0,compose,1.0,False,0.0,True
132980,1.2095356064618823,transformer_compose120_f0.6_wd1.0_softmax_ce_s12,18800.0,compose,1.0,False,0.0,True
133980,1.151875199477278,transformer_compose120_f0.6_wd1.0_softmax_ce_s12,18800.0,compose,1.0,False,0.0,True
134980,1.1325960391763028,transformer_compose120_f0.6_wd1.0_softmax_ce_s12,18800.0,compose,1.0,False,0.0,True
135980,1.1495496199383122,transformer_compose120_f0.6_wd1.0_softmax_ce_s12,18800.0,compose,1.0,False,0.0,True
136980,1.1364841090713893,transformer_compose120_f0.6_wd1.0_softmax_ce_s12,18800.0,compose,1.0,False,0.0,True
137980,1.1503965758542245,transformer_compose120_f0.6_wd1.0_softmax_ce_s12,18800.0,compose,1.0,False,0.0,True
138980,1.208539463411995,transformer_compose120_f0.6_wd1.0_softmax_ce_s12,18800.0,compose,1.0,False,0.0,True
139980,1.1502220072899605,transformer_compose120_f0.6_wd1.0_softmax_ce_s12,18800.0,compose,1.0,False,0.0,True
140980,1.1798418042695646,transformer_compose120_f0.6_wd1.0_softmax_ce_s12,18800.0,compose,1.0,False,0.0,True
141980,1.1710407211598872,transformer_compose120_f0.6_wd1.0_softmax_ce_s12,18800.0,compose,1.0,False,0.0,True
142980,1.2207461456008448,transformer_compose120_f0.6_wd1.0_softmax_ce_s12,18800.0,compose,1.0,False,0.0,True
143980,1.2130400208341705,transformer_compose120_f0.6_wd1.0_softmax_ce_s12,18800.0,compose,1.0,False,0.0,True
144980,1.1938440519758453,transformer_compose120_f0.6_wd1.0_softmax_ce_s12,18800.0,compose,1.0,False,0.0,True
145980,1.1846015612667604,transformer_compose120_f0.6_wd1.0_softmax_ce_s12,18800.0,compose,1.0,False,0.0,True
146980,1.1902688786010296,transformer_compose120_f0.6_wd1.0_softmax_ce_s12,18800.0,compose,1.0,False,0.0,True
147980,1.1290316810818333,transformer_compose120_f0.6_wd1.0_softmax_ce_s12,18800.0,compose,1.0,False,0.0,True
148980,1.1513854122674516,transformer_compose120_f0.6_wd1.0_softmax_ce_s12,18800.0,compose,1.0,False,0.0,True
149980,1.1284480377255524,transformer_compose120_f0.6_wd1.0_softmax_ce_s12,18800.0,compose,1.0,False,0.0,True
150980,1.18112787784307,transformer_compose120_f0.6_wd1.0_softmax_ce_s12,18800.0,compose,1.0,False,0.0,True
151980,1.1701930588632998,transformer_compose120_f0.6_wd1.0_softmax_ce_s12,18800.0,compose,1.0,False,0.0,True
152980,1.1918180882311828,transformer_compose120_f0.6_wd1.0_softmax_ce_s12,18800.0,compose,1.0,False,0.0,True
153980,1.239783531280977,transformer_compose120_f0.6_wd1.0_softmax_ce_s12,18800.0,compose,1.0,False,0.0,True
154980,1.2326183926750554,transformer_compose120_f0.6_wd1.0_softmax_ce_s12,18800.0,compose,1.0,False,0.0,True
155980,1.1892631276237946,transformer_compose120_f0.6_wd1.0_softmax_ce_s12,18800.0,compose,1.0,False,0.0,True
156980,1.2498403447159627,transformer_compose120_f0.6_wd1.0_softmax_ce_s12,18800.0,compose,1.0,False,0.0,True
157980,1.1745853305432017,transformer_compose120_f0.6_wd1.0_softmax_ce_s12,18800.0,compose,1.0,False,0.0,True
158980,1.2510724217232574,transformer_compose120_f0.6_wd1.0_softmax_ce_s12,18800.0,compose,1.0,False,0.0,True
159980,1.2718473612989716,transformer_compose120_f0.6_wd1.0_softmax_ce_s12,18800.0,compose,1.0,False,0.0,True
160980,1.336159264597392,transformer_compose120_f0.6_wd1.0_softmax_ce_s12,18800.0,compose,1.0,False,0.0,True
161980,1.304340682871076,transformer_compose120_f0.6_wd1.0_softmax_ce_s12,18800.0,compose,1.0,False,0.0,True
162980,1.3305866037904408,transformer_compose120_f0.6_wd1.0_softmax_ce_s12,18800.0,compose,1.0,False,0.0,True
163980,1.342726275660136,transformer_compose120_f0.6_wd1.0_softmax_ce_s12,18800.0,compose,1.0,False,0.0,True
164980,1.2947338100530423,transformer_compose120_f0.6_wd1.0_softmax_ce_s12,18800.0,compose,1.0,False,0.0,True
165980,1.310836037147986,transformer_compose120_f0.6_wd1.0_softmax_ce_s12,18800.0,compose,1.0,False,0.0,True
166980,1.2455761615243175,transformer_compose120_f0.6_wd1.0_softmax_ce_s12,18800.0,compose,1.0,False,0.0,True
167980,1.2525918433675465,transformer_compose120_f0.6_wd1.0_softmax_ce_s12,18800.0,compose,1.0,False,0.0,True
168980,1.157249588455492,transformer_compose120_f0.6_wd1.0_softmax_ce_s12,18800.0,compose,1.0,False,0.0,True
169980,1.1822083784967898,transformer_compose120_f0.6_wd1.0_softmax_ce_s12,18800.0,compose,1.0,False,0.0,True
170980,1.1173795156201451,transformer_compose120_f0.6_wd1.0_softmax_ce_s12,18800.0,compose,1.0,False,0.0,True
171980,1.0805249155815075,transformer_compose120_f0.6_wd1.0_softmax_ce_s12,18800.0,compose,1.0,False,0.0,True
172980,1.0710601604897132,transformer_compose120_f0.6_wd1.0_softmax_ce_s12,18800.0,compose,1.0,False,0.0,True
173980,1.098993431372815,transformer_compose120_f0.6_wd1.0_softmax_ce_s12,18800.0,compose,1.0,False,0.0,True
174980,1.1012252668976066,transformer_compose120_f0.6_wd1.0_softmax_ce_s12,18800.0,compose,1.0,False,0.0,True
175980,1.1163242271272855,transformer_compose120_f0.6_wd1.0_softmax_ce_s12,18800.0,compose,1.0,False,0.0,True
176980,1.148205322708099,transformer_compose120_f0.6_wd1.0_softmax_ce_s12,18800.0,compose,1.0,False,0.0,True
177980,1.126011970276931,transformer_compose120_f0.6_wd1.0_softmax_ce_s12,18800.0,compose,1.0,False,0.0,True
178980,1.143556594666726,transformer_compose120_f0.6_wd1.0_softmax_ce_s12,18800.0,compose,1.0,False,0.0,True
179980,1.1039481056406493,transformer_compose120_f0.6_wd1.0_softmax_ce_s12,18800.0,compose,1.0,False,0.0,True
180980,1.1863632140034135,transformer_compose120_f0.6_wd1.0_softmax_ce_s12,18800.0,compose,1.0,False,0.0,True
181980,1.186802045839484,transformer_compose120_f0.6_wd1.0_softmax_ce_s12,18800.0,compose,1.0,False,0.0,True
182980,1.2347065008952522,transformer_compose120_f0.6_wd1.0_softmax_ce_s12,18800.0,compose,1.0,False,0.0,True
183980,1.1858123429795158,transformer_compose120_f0.6_wd1.0_softmax_ce_s12,18800.0,compose,1.0,False,0.0,True
184980,1.243172673367926,transformer_compose120_f0.6_wd1.0_softmax_ce_s12,18800.0,compose,1.0,False,0.0,True
185980,1.2111531103275903,transformer_compose120_f0.6_wd1.0_softmax_ce_s12,18800.0,compose,1.0,False,0.0,True
186980,1.3098319184296288,transformer_compose120_f0.6_wd1.0_softmax_ce_s12,18800.0,compose,1.0,False,0.0,True
187980,1.3201736370682249,transformer_compose120_f0.6_wd1.0_softmax_ce_s12,18800.0,compose,1.0,False,0.0,True
188980,1.2112593945174226,transformer_compose120_f0.6_wd1.0_softmax_ce_s12,18800.0,compose,1.0,False,0.0,True
189980,1.1807793868229175,transformer_compose120_f0.6_wd1.0_softmax_ce_s12,18800.0,compose,1.0,False,0.0,True
190980,1.1963144427648975,transformer_compose120_f0.6_wd1.0_softmax_ce_s12,18800.0,compose,1.0,False,0.0,True
191980,1.2098901722330837,transformer_compose120_f0.6_wd1.0_softmax_ce_s12,18800.0,compose,1.0,False,0.0,True
192980,1.2017170295440105,transformer_compose120_f0.6_wd1.0_softmax_ce_s12,18800.0,compose,1.0,False,0.0,True
193980,1.2703860461758412,transformer_compose120_f0.6_wd1.0_softmax_ce_s12,18800.0,compose,1.0,False,0.0,True
194980,1.1823885199571902,transformer_compose120_f0.6_wd1.0_softmax_ce_s12,18800.0,compose,1.0,False,0.0,True
195980,1.2125181102151756,transformer_compose120_f0.6_wd1.0_softmax_ce_s12,18800.0,compose,1.0,False,0.0,True
196980,1.1574224920228138,transformer_compose120_f0.6_wd1.0_softmax_ce_s12,18800.0,compose,1.0,False,0.0,True
197980,1.2068107806633197,transformer_compose120_f0.6_wd1.0_softmax_ce_s12,18800.0,compose,1.0,False,0.0,True
198980,1.1602433257636109,transformer_compose120_f0.6_wd1.0_softmax_ce_s12,18800.0,compose,1.0,False,0.0,True
199980,1.1783849916395337,transformer_compose120_f0.6_wd1.0_softmax_ce_s12,18800.0,compose,1.0,False,0.0,True
200980,1.1739486152297642,transformer_compose120_f0.6_wd1.0_softmax_ce_s12,18800.0,compose,1.0,False,0.0,True
201980,1.1490476594675847,transformer_compose120_f0.6_wd1.0_softmax_ce_s12,18800.0,compose,1.0,False,0.0,True
202980,1.2473451015894952,transformer_compose120_f0.6_wd1.0_softmax_ce_s12,18800.0,compose,1.0,False,0.0,True
203980,1.1599531589369845,transformer_compose120_f0.6_wd1.0_softmax_ce_s12,18800.0,compose,1.0,False,0.0,True
204980,1.1601727356872924,transformer_compose120_f0.6_wd1.0_softmax_ce_s12,18800.0,compose,1.0,False,0.0,True
205980,1.1527109317467674,transformer_compose120_f0.6_wd1.0_softmax_ce_s12,18800.0,compose,1.0,False,0.0,True
206980,1.2001643220665223,transformer_compose120_f0.6_wd1.0_softmax_ce_s12,18800.0,compose,1.0,False,0.0,True
207980,1.2468050062601648,transformer_compose120_f0.6_wd1.0_softmax_ce_s12,18800.0,compose,1.0,False,0.0,True
208980,1.2094698407849982,transformer_compose120_f0.6_wd1.0_softmax_ce_s12,18800.0,compose,1.0,False,0.0,True
209980,1.2316331335635318,transformer_compose120_f0.6_wd1.0_softmax_ce_s12,18800.0,compose,1.0,False,0.0,True
210980,1.2169567829205623,transformer_compose120_f0.6_wd1.0_softmax_ce_s12,18800.0,compose,1.0,False,0.0,True
211980,1.2478121565270484,transformer_compose120_f0.6_wd1.0_softmax_ce_s12,18800.0,compose,1.0,False,0.0,True
212980,1.2979001425451746,transformer_compose120_f0.6_wd1.0_softmax_ce_s12,18800.0,compose,1.0,False,0.0,True
213980,1.2941615673048874,transformer_compose120_f0.6_wd1.0_softmax_ce_s12,18800.0,compose,1.0,False,0.0,True
214980,1.2527259663819916,transformer_compose120_f0.6_wd1.0_softmax_ce_s12,18800.0,compose,1.0,False,0.0,True
215980,1.1630581001800668,transformer_compose120_f0.6_wd1.0_softmax_ce_s12,18800.0,compose,1.0,False,0.0,True
216980,1.2257038420549642,transformer_compose120_f0.6_wd1.0_softmax_ce_s12,18800.0,compose,1.0,False,0.0,True
217980,1.1963447228332678,transformer_compose120_f0.6_wd1.0_softmax_ce_s12,18800.0,compose,1.0,False,0.0,True
218980,1.2526045071603873,transformer_compose120_f0.6_wd1.0_softmax_ce_s12,18800.0,compose,1.0,False,0.0,True
219980,1.1995263800417064,transformer_compose120_f0.6_wd1.0_softmax_ce_s12,18800.0,compose,1.0,False,0.0,True
220980,1.220388656378915,transformer_compose120_f0.6_wd1.0_softmax_ce_s12,18800.0,compose,1.0,False,0.0,True
221980,1.2026007612384897,transformer_compose120_f0.6_wd1.0_softmax_ce_s12,18800.0,compose,1.0,False,0.0,True
222980,1.2732253335987482,transformer_compose120_f0.6_wd1.0_softmax_ce_s12,18800.0,compose,1.0,False,0.0,True
223980,1.3001772205195756,transformer_compose120_f0.6_wd1.0_softmax_ce_s12,18800.0,compose,1.0,False,0.0,True
224980,1.301635113853669,transformer_compose120_f0.6_wd1.0_softmax_ce_s12,18800.0,compose,1.0,False,0.0,True
225980,1.2171595290481698,transformer_compose120_f0.6_wd1.0_softmax_ce_s12,18800.0,compose,1.0,False,0.0,True
226980,1.2665553129505769,transformer_compose120_f0.6_wd1.0_softmax_ce_s12,18800.0,compose,1.0,False,0.0,True
227980,1.2382962900355932,transformer_compose120_f0.6_wd1.0_softmax_ce_s12,18800.0,compose,1.0,False,0.0,True
228980,1.2345811591261735,transformer_compose120_f0.6_wd1.0_softmax_ce_s12,18800.0,compose,1.0,False,0.0,True
229980,1.2285236338230634,transformer_compose120_f0.6_wd1.0_softmax_ce_s12,18800.0,compose,1.0,False,0.0,True
230980,1.1534669429549114,transformer_compose120_f0.6_wd1.0_softmax_ce_s12,18800.0,compose,1.0,False,0.0,True
231980,1.1610617423640808,transformer_compose120_f0.6_wd1.0_softmax_ce_s12,18800.0,compose,1.0,False,0.0,True
232980,1.196318723735181,transformer_compose120_f0.6_wd1.0_softmax_ce_s12,18800.0,compose,1.0,False,0.0,True
233980,1.1847257679626166,transformer_compose120_f0.6_wd1.0_softmax_ce_s12,18800.0,compose,1.0,False,0.0,True
234980,1.2821619861061468,transformer_compose120_f0.6_wd1.0_softmax_ce_s12,18800.0,compose,1.0,False,0.0,True
235980,1.2183180209571558,transformer_compose120_f0.6_wd1.0_softmax_ce_s12,18800.0,compose,1.0,False,0.0,True
236980,1.2761108717098482,transformer_compose120_f0.6_wd1.0_softmax_ce_s12,18800.0,compose,1.0,False,0.0,True
237980,1.2886832846162657,transformer_compose120_f0.6_wd1.0_softmax_ce_s12,18800.0,compose,1.0,False,0.0,True
238980,1.2400275220272694,transformer_compose120_f0.6_wd1.0_softmax_ce_s12,18800.0,compose,1.0,False,0.0,True
239980,1.2272068849412328,transformer_compose120_f0.6_wd1.0_softmax_ce_s12,18800.0,compose,1.0,False,0.0,True
240980,1.1784270166766426,transformer_compose120_f0.6_wd1.0_softmax_ce_s12,18800.0,compose,1.0,False,0.0,True
241980,1.2078430070245958,transformer_compose120_f0.6_wd1.0_softmax_ce_s12,18800.0,compose,1.0,False,0.0,True
242980,1.2634422611858134,transformer_compose120_f0.6_wd1.0_softmax_ce_s12,18800.0,compose,1.0,False,0.0,True
243980,1.2078384438426395,transformer_compose120_f0.6_wd1.0_softmax_ce_s12,18800.0,compose,1.0,False,0.0,True
244980,1.214384298330879,transformer_compose120_f0.6_wd1.0_softmax_ce_s12,18800.0,compose,1.0,False,0.0,True
245980,1.3137895502384662,transformer_compose120_f0.6_wd1.0_softmax_ce_s12,18800.0,compose,1.0,False,0.0,True
246980,1.295939290676131,transformer_compose120_f0.6_wd1.0_softmax_ce_s12,18800.0,compose,1.0,False,0.0,True
247980,1.3236994939918565,transformer_compose120_f0.6_wd1.0_softmax_ce_s12,18800.0,compose,1.0,False,0.0,True
248980,1.27048492918468,transformer_compose120_f0.6_wd1.0_softmax_ce_s12,18800.0,compose,1.0,False,0.0,True
249980,1.2007619720124088,transformer_compose120_f0.6_wd1.0_softmax_ce_s12,18800.0,compose,1.0,False,0.0,True
3980,1.268276415141711,transformer_compose120_f0.6_wd1.0_softmax_ce_s13,46200.0,compose,1.0,False,0.0,True
4980,1.3817946866454536,transformer_compose120_f0.6_wd1.0_softmax_ce_s13,46200.0,compose,1.0,False,0.0,True
5980,1.3815519864115,transformer_compose120_f0.6_wd1.0_softmax_ce_s13,46200.0,compose,1.0,False,0.0,True
6980,1.3507639348643397,transformer_compose120_f0.6_wd1.0_softmax_ce_s13,46200.0,compose,1.0,False,0.0,True
7980,1.3218034287856923,transformer_compose120_f0.6_wd1.0_softmax_ce_s13,46200.0,compose,1.0,False,0.0,True
8980,1.2702089814870288,transformer_compose120_f0.6_wd1.0_softmax_ce_s13,46200.0,compose,1.0,False,0.0,True
9980,1.248375540896188,transformer_compose120_f0.6_wd1.0_softmax_ce_s13,46200.0,compose,1.0,False,0.0,True
10980,1.3036946613406786,transformer_compose120_f0.6_wd1.0_softmax_ce_s13,46200.0,compose,1.0,False,0.0,True
11980,1.2787272041944564,transformer_compose120_f0.6_wd1.0_softmax_ce_s13,46200.0,compose,1.0,False,0.0,True
12980,1.3060888198919551,transformer_compose120_f0.6_wd1.0_softmax_ce_s13,46200.0,compose,1.0,False,0.0,True
13980,1.3415564363654973,transformer_compose120_f0.6_wd1.0_softmax_ce_s13,46200.0,compose,1.0,False,0.0,True
14980,1.306638662209338,transformer_compose120_f0.6_wd1.0_softmax_ce_s13,46200.0,compose,1.0,False,0.0,True
15980,1.3044732524702525,transformer_compose120_f0.6_wd1.0_softmax_ce_s13,46200.0,compose,1.0,False,0.0,True
16980,1.3316541056711129,transformer_compose120_f0.6_wd1.0_softmax_ce_s13,46200.0,compose,1.0,False,0.0,True
17980,1.269289217568847,transformer_compose120_f0.6_wd1.0_softmax_ce_s13,46200.0,compose,1.0,False,0.0,True
18980,1.221937729933872,transformer_compose120_f0.6_wd1.0_softmax_ce_s13,46200.0,compose,1.0,False,0.0,True
19980,1.2889092928840382,transformer_compose120_f0.6_wd1.0_softmax_ce_s13,46200.0,compose,1.0,False,0.0,True
20980,1.2270537908895796,transformer_compose120_f0.6_wd1.0_softmax_ce_s13,46200.0,compose,1.0,False,0.0,True
21980,1.2319976020021068,transformer_compose120_f0.6_wd1.0_softmax_ce_s13,46200.0,compose,1.0,False,0.0,True
22980,1.216640147619653,transformer_compose120_f0.6_wd1.0_softmax_ce_s13,46200.0,compose,1.0,False,0.0,True
23980,1.314512595698739,transformer_compose120_f0.6_wd1.0_softmax_ce_s13,46200.0,compose,1.0,False,0.0,True
24980,1.3064408181136002,transformer_compose120_f0.6_wd1.0_softmax_ce_s13,46200.0,compose,1.0,False,0.0,True
25980,1.2737969156025073,transformer_compose120_f0.6_wd1.0_softmax_ce_s13,46200.0,compose,1.0,False,0.0,True
26980,1.3330150547977002,transformer_compose120_f0.6_wd1.0_softmax_ce_s13,46200.0,compose,1.0,False,0.0,True
27980,1.2552652598615244,transformer_compose120_f0.6_wd1.0_softmax_ce_s13,46200.0,compose,1.0,False,0.0,True
28980,1.2468475499474496,transformer_compose120_f0.6_wd1.0_softmax_ce_s13,46200.0,compose,1.0,False,0.0,True
29980,1.3547750472277305,transformer_compose120_f0.6_wd1.0_softmax_ce_s13,46200.0,compose,1.0,False,0.0,True
30980,1.1970973678072991,transformer_compose120_f0.6_wd1.0_softmax_ce_s13,46200.0,compose,1.0,False,0.0,True
31980,1.2404007994428452,transformer_compose120_f0.6_wd1.0_softmax_ce_s13,46200.0,compose,1.0,False,0.0,True
32980,1.3043922919621016,transformer_compose120_f0.6_wd1.0_softmax_ce_s13,46200.0,compose,1.0,False,0.0,True
33980,1.1918814539941436,transformer_compose120_f0.6_wd1.0_softmax_ce_s13,46200.0,compose,1.0,False,0.0,True
34980,1.2321272423056415,transformer_compose120_f0.6_wd1.0_softmax_ce_s13,46200.0,compose,1.0,False,0.0,True
35980,1.2936019472018916,transformer_compose120_f0.6_wd1.0_softmax_ce_s13,46200.0,compose,1.0,False,0.0,True
36980,1.219686334757772,transformer_compose120_f0.6_wd1.0_softmax_ce_s13,46200.0,compose,1.0,False,0.0,True
37980,1.3132132258540763,transformer_compose120_f0.6_wd1.0_softmax_ce_s13,46200.0,compose,1.0,False,0.0,True
38980,1.3055623308178057,transformer_compose120_f0.6_wd1.0_softmax_ce_s13,46200.0,compose,1.0,False,0.0,True
39980,1.2476146320773598,transformer_compose120_f0.6_wd1.0_softmax_ce_s13,46200.0,compose,1.0,False,0.0,True
40980,1.3227967500887274,transformer_compose120_f0.6_wd1.0_softmax_ce_s13,46200.0,compose,1.0,False,0.0,True
41980,1.2486545661326356,transformer_compose120_f0.6_wd1.0_softmax_ce_s13,46200.0,compose,1.0,False,0.0,True
42980,1.2266349290582474,transformer_compose120_f0.6_wd1.0_softmax_ce_s13,46200.0,compose,1.0,False,0.0,True
43980,1.2684103118762873,transformer_compose120_f0.6_wd1.0_softmax_ce_s13,46200.0,compose,1.0,False,0.0,True
44980,1.2427527558482514,transformer_compose120_f0.6_wd1.0_softmax_ce_s13,46200.0,compose,1.0,False,0.0,True
45980,1.2113163482367195,transformer_compose120_f0.6_wd1.0_softmax_ce_s13,46200.0,compose,1.0,False,0.0,True
46980,1.1899025482526988,transformer_compose120_f0.6_wd1.0_softmax_ce_s13,46200.0,compose,1.0,False,0.0,True
47980,1.120390983246735,transformer_compose120_f0.6_wd1.0_softmax_ce_s13,46200.0,compose,1.0,False,0.0,True
48980,1.1614707200583494,transformer_compose120_f0.6_wd1.0_softmax_ce_s13,46200.0,compose,1.0,False,0.0,True
49980,1.1804347382029807,transformer_compose120_f0.6_wd1.0_softmax_ce_s13,46200.0,compose,1.0,False,0.0,True
50980,1.0818070268394795,transformer_compose120_f0.6_wd1.0_softmax_ce_s13,46200.0,compose,1.0,False,0.0,True
51980,1.0629530290120666,transformer_compose120_f0.6_wd1.0_softmax_ce_s13,46200.0,compose,1.0,False,0.0,True
52980,1.0713961744515572,transformer_compose120_f0.6_wd1.0_softmax_ce_s13,46200.0,compose,1.0,False,0.0,True
53980,1.0327611069933949,transformer_compose120_f0.6_wd1.0_softmax_ce_s13,46200.0,compose,1.0,False,0.0,True
54980,1.0469414328063895,transformer_compose120_f0.6_wd1.0_softmax_ce_s13,46200.0,compose,1.0,False,0.0,True
55980,1.0835524869673785,transformer_compose120_f0.6_wd1.0_softmax_ce_s13,46200.0,compose,1.0,False,0.0,True
56980,1.09791838722537,transformer_compose120_f0.6_wd1.0_softmax_ce_s13,46200.0,compose,1.0,False,0.0,True
57980,1.0986001729775865,transformer_compose120_f0.6_wd1.0_softmax_ce_s13,46200.0,compose,1.0,False,0.0,True
58980,1.0973441011270146,transformer_compose120_f0.6_wd1.0_softmax_ce_s13,46200.0,compose,1.0,False,0.0,True
59980,1.0843126254586355,transformer_compose120_f0.6_wd1.0_softmax_ce_s13,46200.0,compose,1.0,False,0.0,True
60980,1.078529021986439,transformer_compose120_f0.6_wd1.0_softmax_ce_s13,46200.0,compose,1.0,False,0.0,True
61980,1.0855581889784145,transformer_compose120_f0.6_wd1.0_softmax_ce_s13,46200.0,compose,1.0,False,0.0,True
62980,1.0972363577163535,transformer_compose120_f0.6_wd1.0_softmax_ce_s13,46200.0,compose,1.0,False,0.0,True
63980,1.121188402473685,transformer_compose120_f0.6_wd1.0_softmax_ce_s13,46200.0,compose,1.0,False,0.0,True
64980,1.15600642966844,transformer_compose120_f0.6_wd1.0_softmax_ce_s13,46200.0,compose,1.0,False,0.0,True
65980,1.1912460692540718,transformer_compose120_f0.6_wd1.0_softmax_ce_s13,46200.0,compose,1.0,False,0.0,True
66980,1.2117333600393558,transformer_compose120_f0.6_wd1.0_softmax_ce_s13,46200.0,compose,1.0,False,0.0,True
67980,1.2097635123902986,transformer_compose120_f0.6_wd1.0_softmax_ce_s13,46200.0,compose,1.0,False,0.0,True
68980,1.2325228760933813,transformer_compose120_f0.6_wd1.0_softmax_ce_s13,46200.0,compose,1.0,False,0.0,True
69980,1.2914050857894834,transformer_compose120_f0.6_wd1.0_softmax_ce_s13,46200.0,compose,1.0,False,0.0,True
70980,1.3208061402894768,transformer_compose120_f0.6_wd1.0_softmax_ce_s13,46200.0,compose,1.0,False,0.0,True
71980,1.4880895258824025,transformer_compose120_f0.6_wd1.0_softmax_ce_s13,46200.0,compose,1.0,False,0.0,True
72980,1.0759987223473748,transformer_compose120_f0.6_wd1.0_softmax_ce_s13,46200.0,compose,1.0,False,0.0,True
73980,1.071985449610715,transformer_compose120_f0.6_wd1.0_softmax_ce_s13,46200.0,compose,1.0,False,0.0,True
74980,1.1394307847481824,transformer_compose120_f0.6_wd1.0_softmax_ce_s13,46200.0,compose,1.0,False,0.0,True
75980,1.058717493802052,transformer_compose120_f0.6_wd1.0_softmax_ce_s13,46200.0,compose,1.0,False,0.0,True
76980,1.0884829088053396,transformer_compose120_f0.6_wd1.0_softmax_ce_s13,46200.0,compose,1.0,False,0.0,True
77980,1.081075881112976,transformer_compose120_f0.6_wd1.0_softmax_ce_s13,46200.0,compose,1.0,False,0.0,True
78980,1.0159395862901826,transformer_compose120_f0.6_wd1.0_softmax_ce_s13,46200.0,compose,1.0,False,0.0,True
79980,1.1608015648460028,transformer_compose120_f0.6_wd1.0_softmax_ce_s13,46200.0,compose,1.0,False,0.0,True
80980,1.0366932361123795,transformer_compose120_f0.6_wd1.0_softmax_ce_s13,46200.0,compose,1.0,False,0.0,True
81980,1.074428444881601,transformer_compose120_f0.6_wd1.0_softmax_ce_s13,46200.0,compose,1.0,False,0.0,True
82980,1.0871900534349663,transformer_compose120_f0.6_wd1.0_softmax_ce_s13,46200.0,compose,1.0,False,0.0,True
83980,1.0607497422172536,transformer_compose120_f0.6_wd1.0_softmax_ce_s13,46200.0,compose,1.0,False,0.0,True
84980,1.0669870655554443,transformer_compose120_f0.6_wd1.0_softmax_ce_s13,46200.0,compose,1.0,False,0.0,True
85980,1.1130147349758803,transformer_compose120_f0.6_wd1.0_softmax_ce_s13,46200.0,compose,1.0,False,0.0,True
86980,1.0745007352199698,transformer_compose120_f0.6_wd1.0_softmax_ce_s13,46200.0,compose,1.0,False,0.0,True
87980,1.1250433150046508,transformer_compose120_f0.6_wd1.0_softmax_ce_s13,46200.0,compose,1.0,False,0.0,True
88980,1.078253681628321,transformer_compose120_f0.6_wd1.0_softmax_ce_s13,46200.0,compose,1.0,False,0.0,True
89980,1.095651790636834,transformer_compose120_f0.6_wd1.0_softmax_ce_s13,46200.0,compose,1.0,False,0.0,True
90980,1.0879372380970411,transformer_compose120_f0.6_wd1.0_softmax_ce_s13,46200.0,compose,1.0,False,0.0,True
91980,1.0623358913878718,transformer_compose120_f0.6_wd1.0_softmax_ce_s13,46200.0,compose,1.0,False,0.0,True
92980,1.0869860544441754,transformer_compose120_f0.6_wd1.0_softmax_ce_s13,46200.0,compose,1.0,False,0.0,True
93980,1.0744184837556765,transformer_compose120_f0.6_wd1.0_softmax_ce_s13,46200.0,compose,1.0,False,0.0,True
94980,1.095452597077558,transformer_compose120_f0.6_wd1.0_softmax_ce_s13,46200.0,compose,1.0,False,0.0,True
95980,1.1090478425588512,transformer_compose120_f0.6_wd1.0_softmax_ce_s13,46200.0,compose,1.0,False,0.0,True
96980,1.1031801188594392,transformer_compose120_f0.6_wd1.0_softmax_ce_s13,46200.0,compose,1.0,False,0.0,True
97980,1.06870732644904,transformer_compose120_f0.6_wd1.0_softmax_ce_s13,46200.0,compose,1.0,False,0.0,True
98980,1.016367086749489,transformer_compose120_f0.6_wd1.0_softmax_ce_s13,46200.0,compose,1.0,False,0.0,True
99980,1.0267003414652562,transformer_compose120_f0.6_wd1.0_softmax_ce_s13,46200.0,compose,1.0,False,0.0,True
100980,1.0653743753455729,transformer_compose120_f0.6_wd1.0_softmax_ce_s13,46200.0,compose,1.0,False,0.0,True
101980,1.0962188035484186,transformer_compose120_f0.6_wd1.0_softmax_ce_s13,46200.0,compose,1.0,False,0.0,True
102980,1.0869085149884206,transformer_compose120_f0.6_wd1.0_softmax_ce_s13,46200.0,compose,1.0,False,0.0,True
103980,1.0902648851369814,transformer_compose120_f0.6_wd1.0_softmax_ce_s13,46200.0,compose,1.0,False,0.0,True
104980,1.0841709909262058,transformer_compose120_f0.6_wd1.0_softmax_ce_s13,46200.0,compose,1.0,False,0.0,True
105980,1.0899461277215203,transformer_compose120_f0.6_wd1.0_softmax_ce_s13,46200.0,compose,1.0,False,0.0,True
106980,1.0909327793431178,transformer_compose120_f0.6_wd1.0_softmax_ce_s13,46200.0,compose,1.0,False,0.0,True
107980,1.091084116805989,transformer_compose120_f0.6_wd1.0_softmax_ce_s13,46200.0,compose,1.0,False,0.0,True
108980,1.0961041021489846,transformer_compose120_f0.6_wd1.0_softmax_ce_s13,46200.0,compose,1.0,False,0.0,True
109980,1.105090817908738,transformer_compose120_f0.6_wd1.0_softmax_ce_s13,46200.0,compose,1.0,False,0.0,True
110980,1.120166328542154,transformer_compose120_f0.6_wd1.0_softmax_ce_s13,46200.0,compose,1.0,False,0.0,True
111980,1.137883043635728,transformer_compose120_f0.6_wd1.0_softmax_ce_s13,46200.0,compose,1.0,False,0.0,True
112980,1.1643670341068288,transformer_compose120_f0.6_wd1.0_softmax_ce_s13,46200.0,compose,1.0,False,0.0,True
113980,1.1614368545506877,transformer_compose120_f0.6_wd1.0_softmax_ce_s13,46200.0,compose,1.0,False,0.0,True
114980,1.1391779983562909,transformer_compose120_f0.6_wd1.0_softmax_ce_s13,46200.0,compose,1.0,False,0.0,True
115980,1.1129911452230126,transformer_compose120_f0.6_wd1.0_softmax_ce_s13,46200.0,compose,1.0,False,0.0,True
116980,1.093083149594519,transformer_compose120_f0.6_wd1.0_softmax_ce_s13,46200.0,compose,1.0,False,0.0,True
117980,1.0954242314585418,transformer_compose120_f0.6_wd1.0_softmax_ce_s13,46200.0,compose,1.0,False,0.0,True
118980,1.1087663960134206,transformer_compose120_f0.6_wd1.0_softmax_ce_s13,46200.0,compose,1.0,False,0.0,True
119980,1.1370146781568096,transformer_compose120_f0.6_wd1.0_softmax_ce_s13,46200.0,compose,1.0,False,0.0,True
120980,1.1705149927885194,transformer_compose120_f0.6_wd1.0_softmax_ce_s13,46200.0,compose,1.0,False,0.0,True
121980,1.1859183316872428,transformer_compose120_f0.6_wd1.0_softmax_ce_s13,46200.0,compose,1.0,False,0.0,True
122980,1.2161244415915116,transformer_compose120_f0.6_wd1.0_softmax_ce_s13,46200.0,compose,1.0,False,0.0,True
123980,1.2319885240317792,transformer_compose120_f0.6_wd1.0_softmax_ce_s13,46200.0,compose,1.0,False,0.0,True
124980,1.2301272004933292,transformer_compose120_f0.6_wd1.0_softmax_ce_s13,46200.0,compose,1.0,False,0.0,True
125980,1.2605594183112157,transformer_compose120_f0.6_wd1.0_softmax_ce_s13,46200.0,compose,1.0,False,0.0,True
126980,1.320287929249625,transformer_compose120_f0.6_wd1.0_softmax_ce_s13,46200.0,compose,1.0,False,0.0,True
127980,1.4066849965912864,transformer_compose120_f0.6_wd1.0_softmax_ce_s13,46200.0,compose,1.0,False,0.0,True
128980,1.5236088401319416,transformer_compose120_f0.6_wd1.0_softmax_ce_s13,46200.0,compose,1.0,False,0.0,True
129980,1.5999395909391123,transformer_compose120_f0.6_wd1.0_softmax_ce_s13,46200.0,compose,1.0,False,0.0,True
130980,1.5048861192517573,transformer_compose120_f0.6_wd1.0_softmax_ce_s13,46200.0,compose,1.0,False,0.0,True
131980,1.385967553574169,transformer_compose120_f0.6_wd1.0_softmax_ce_s13,46200.0,compose,1.0,False,0.0,True
132980,1.312645215109457,transformer_compose120_f0.6_wd1.0_softmax_ce_s13,46200.0,compose,1.0,False,0.0,True
133980,1.276413856039697,transformer_compose120_f0.6_wd1.0_softmax_ce_s13,46200.0,compose,1.0,False,0.0,True
134980,1.2992472879698334,transformer_compose120_f0.6_wd1.0_softmax_ce_s13,46200.0,compose,1.0,False,0.0,True
135980,1.3686106475077544,transformer_compose120_f0.6_wd1.0_softmax_ce_s13,46200.0,compose,1.0,False,0.0,True
136980,1.4320163732744509,transformer_compose120_f0.6_wd1.0_softmax_ce_s13,46200.0,compose,1.0,False,0.0,True
137980,1.4422040942022605,transformer_compose120_f0.6_wd1.0_softmax_ce_s13,46200.0,compose,1.0,False,0.0,True
138980,1.4196607778208632,transformer_compose120_f0.6_wd1.0_softmax_ce_s13,46200.0,compose,1.0,False,0.0,True
139980,1.4565745407192283,transformer_compose120_f0.6_wd1.0_softmax_ce_s13,46200.0,compose,1.0,False,0.0,True
140980,1.543722280692818,transformer_compose120_f0.6_wd1.0_softmax_ce_s13,46200.0,compose,1.0,False,0.0,True
141980,1.782016816629235,transformer_compose120_f0.6_wd1.0_softmax_ce_s13,46200.0,compose,1.0,False,0.0,True
142980,1.977864075621376,transformer_compose120_f0.6_wd1.0_softmax_ce_s13,46200.0,compose,1.0,False,0.0,True
143980,2.081512581171051,transformer_compose120_f0.6_wd1.0_softmax_ce_s13,46200.0,compose,1.0,False,0.0,True
144980,2.1536333459870147,transformer_compose120_f0.6_wd1.0_softmax_ce_s13,46200.0,compose,1.0,False,0.0,True
145980,2.16900928757048,transformer_compose120_f0.6_wd1.0_softmax_ce_s13,46200.0,compose,1.0,False,0.0,True
146980,2.183496941405402,transformer_compose120_f0.6_wd1.0_softmax_ce_s13,46200.0,compose,1.0,False,0.0,True
147980,2.1676063458341,transformer_compose120_f0.6_wd1.0_softmax_ce_s13,46200.0,compose,1.0,False,0.0,True
148980,2.141213737949553,transformer_compose120_f0.6_wd1.0_softmax_ce_s13,46200.0,compose,1.0,False,0.0,True
149980,2.0980365158197185,transformer_compose120_f0.6_wd1.0_softmax_ce_s13,46200.0,compose,1.0,False,0.0,True
150980,2.1349786105626816,transformer_compose120_f0.6_wd1.0_softmax_ce_s13,46200.0,compose,1.0,False,0.0,True
151980,2.024596582501517,transformer_compose120_f0.6_wd1.0_softmax_ce_s13,46200.0,compose,1.0,False,0.0,True
152980,2.0871012870066523,transformer_compose120_f0.6_wd1.0_softmax_ce_s13,46200.0,compose,1.0,False,0.0,True
153980,2.0708006086733417,transformer_compose120_f0.6_wd1.0_softmax_ce_s13,46200.0,compose,1.0,False,0.0,True
154980,1.9768548698445625,transformer_compose120_f0.6_wd1.0_softmax_ce_s13,46200.0,compose,1.0,False,0.0,True
155980,1.8544075425503703,transformer_compose120_f0.6_wd1.0_softmax_ce_s13,46200.0,compose,1.0,False,0.0,True
156980,1.6416103339555732,transformer_compose120_f0.6_wd1.0_softmax_ce_s13,46200.0,compose,1.0,False,0.0,True
157980,1.515566589442996,transformer_compose120_f0.6_wd1.0_softmax_ce_s13,46200.0,compose,1.0,False,0.0,True
158980,1.43768418528649,transformer_compose120_f0.6_wd1.0_softmax_ce_s13,46200.0,compose,1.0,False,0.0,True
159980,1.374750154555363,transformer_compose120_f0.6_wd1.0_softmax_ce_s13,46200.0,compose,1.0,False,0.0,True
160980,1.4255471204091348,transformer_compose120_f0.6_wd1.0_softmax_ce_s13,46200.0,compose,1.0,False,0.0,True
161980,1.5320963259745883,transformer_compose120_f0.6_wd1.0_softmax_ce_s13,46200.0,compose,1.0,False,0.0,True
162980,1.691176504990461,transformer_compose120_f0.6_wd1.0_softmax_ce_s13,46200.0,compose,1.0,False,0.0,True
163980,1.966702840219945,transformer_compose120_f0.6_wd1.0_softmax_ce_s13,46200.0,compose,1.0,False,0.0,True
164980,2.038082346721486,transformer_compose120_f0.6_wd1.0_softmax_ce_s13,46200.0,compose,1.0,False,0.0,True
165980,1.9566566467976585,transformer_compose120_f0.6_wd1.0_softmax_ce_s13,46200.0,compose,1.0,False,0.0,True
166980,1.7984578497897443,transformer_compose120_f0.6_wd1.0_softmax_ce_s13,46200.0,compose,1.0,False,0.0,True
167980,1.637541451187126,transformer_compose120_f0.6_wd1.0_softmax_ce_s13,46200.0,compose,1.0,False,0.0,True
168980,1.458143746130863,transformer_compose120_f0.6_wd1.0_softmax_ce_s13,46200.0,compose,1.0,False,0.0,True
169980,1.3710532233000507,transformer_compose120_f0.6_wd1.0_softmax_ce_s13,46200.0,compose,1.0,False,0.0,True
170980,1.4077677646443136,transformer_compose120_f0.6_wd1.0_softmax_ce_s13,46200.0,compose,1.0,False,0.0,True
171980,1.5134499358494662,transformer_compose120_f0.6_wd1.0_softmax_ce_s13,46200.0,compose,1.0,False,0.0,True
172980,1.807565188948532,transformer_compose120_f0.6_wd1.0_softmax_ce_s13,46200.0,compose,1.0,False,0.0,True
173980,2.311532760899885,transformer_compose120_f0.6_wd1.0_softmax_ce_s13,46200.0,compose,1.0,False,0.0,True
174980,2.642561294024299,transformer_compose120_f0.6_wd1.0_softmax_ce_s13,46200.0,compose,1.0,False,0.0,True
175980,2.801988789415907,transformer_compose120_f0.6_wd1.0_softmax_ce_s13,46200.0,compose,1.0,False,0.0,True
176980,2.754268178572033,transformer_compose120_f0.6_wd1.0_softmax_ce_s13,46200.0,compose,1.0,False,0.0,True
177980,2.9079357390716045,transformer_compose120_f0.6_wd1.0_softmax_ce_s13,46200.0,compose,1.0,False,0.0,True
178980,2.9220577013983573,transformer_compose120_f0.6_wd1.0_softmax_ce_s13,46200.0,compose,1.0,False,0.0,True
179980,2.890677451605445,transformer_compose120_f0.6_wd1.0_softmax_ce_s13,46200.0,compose,1.0,False,0.0,True
180980,2.8714279478906186,transformer_compose120_f0.6_wd1.0_softmax_ce_s13,46200.0,compose,1.0,False,0.0,True
181980,2.8311172818767223,transformer_compose120_f0.6_wd1.0_softmax_ce_s13,46200.0,compose,1.0,False,0.0,True
182980,2.81383815288657,transformer_compose120_f0.6_wd1.0_softmax_ce_s13,46200.0,compose,1.0,False,0.0,True
183980,2.8134388712746925,transformer_compose120_f0.6_wd1.0_softmax_ce_s13,46200.0,compose,1.0,False,0.0,True
184980,2.8407647358416743,transformer_compose120_f0.6_wd1.0_softmax_ce_s13,46200.0,compose,1.0,False,0.0,True
185980,2.8066099788388663,transformer_compose120_f0.6_wd1.0_softmax_ce_s13,46200.0,compose,1.0,False,0.0,True
186980,2.723919362525624,transformer_compose120_f0.6_wd1.0_softmax_ce_s13,46200.0,compose,1.0,False,0.0,True
187980,2.904325971089742,transformer_compose120_f0.6_wd1.0_softmax_ce_s13,46200.0,compose,1.0,False,0.0,True
188980,2.82300864720583,transformer_compose120_f0.6_wd1.0_softmax_ce_s13,46200.0,compose,1.0,False,0.0,True
189980,2.733613444864305,transformer_compose120_f0.6_wd1.0_softmax_ce_s13,46200.0,compose,1.0,False,0.0,True
190980,2.7069453318952705,transformer_compose120_f0.6_wd1.0_softmax_ce_s13,46200.0,compose,1.0,False,0.0,True
191980,2.642958386414813,transformer_compose120_f0.6_wd1.0_softmax_ce_s13,46200.0,compose,1.0,False,0.0,True
192980,2.3492637654149315,transformer_compose120_f0.6_wd1.0_softmax_ce_s13,46200.0,compose,1.0,False,0.0,True
193980,2.1781330278938102,transformer_compose120_f0.6_wd1.0_softmax_ce_s13,46200.0,compose,1.0,False,0.0,True
194980,1.883221775521132,transformer_compose120_f0.6_wd1.0_softmax_ce_s13,46200.0,compose,1.0,False,0.0,True
195980,1.635659707836526,transformer_compose120_f0.6_wd1.0_softmax_ce_s13,46200.0,compose,1.0,False,0.0,True
196980,1.5199294305891748,transformer_compose120_f0.6_wd1.0_softmax_ce_s13,46200.0,compose,1.0,False,0.0,True
197980,1.5483121333887535,transformer_compose120_f0.6_wd1.0_softmax_ce_s13,46200.0,compose,1.0,False,0.0,True
198980,1.6665688826363094,transformer_compose120_f0.6_wd1.0_softmax_ce_s13,46200.0,compose,1.0,False,0.0,True
199980,2.0223609650094305,transformer_compose120_f0.6_wd1.0_softmax_ce_s13,46200.0,compose,1.0,False,0.0,True
200980,2.598651987300909,transformer_compose120_f0.6_wd1.0_softmax_ce_s13,46200.0,compose,1.0,False,0.0,True
201980,3.0217000599316104,transformer_compose120_f0.6_wd1.0_softmax_ce_s13,46200.0,compose,1.0,False,0.0,True
202980,3.010196076876664,transformer_compose120_f0.6_wd1.0_softmax_ce_s13,46200.0,compose,1.0,False,0.0,True
203980,3.070412925297217,transformer_compose120_f0.6_wd1.0_softmax_ce_s13,46200.0,compose,1.0,False,0.0,True
204980,3.089170569708197,transformer_compose120_f0.6_wd1.0_softmax_ce_s13,46200.0,compose,1.0,False,0.0,True
205980,3.1875322600515847,transformer_compose120_f0.6_wd1.0_softmax_ce_s13,46200.0,compose,1.0,False,0.0,True
206980,3.2311922302094134,transformer_compose120_f0.6_wd1.0_softmax_ce_s13,46200.0,compose,1.0,False,0.0,True
207980,3.191159153203749,transformer_compose120_f0.6_wd1.0_softmax_ce_s13,46200.0,compose,1.0,False,0.0,True
208980,3.2351829960646974,transformer_compose120_f0.6_wd1.0_softmax_ce_s13,46200.0,compose,1.0,False,0.0,True
209980,3.2536569208067614,transformer_compose120_f0.6_wd1.0_softmax_ce_s13,46200.0,compose,1.0,False,0.0,True
210980,3.334205433934841,transformer_compose120_f0.6_wd1.0_softmax_ce_s13,46200.0,compose,1.0,False,0.0,True
211980,3.2138162639352466,transformer_compose120_f0.6_wd1.0_softmax_ce_s13,46200.0,compose,1.0,False,0.0,True
212980,3.341514922369704,transformer_compose120_f0.6_wd1.0_softmax_ce_s13,46200.0,compose,1.0,False,0.0,True
213980,3.3135128779450955,transformer_compose120_f0.6_wd1.0_softmax_ce_s13,46200.0,compose,1.0,False,0.0,True
214980,3.2546030612801418,transformer_compose120_f0.6_wd1.0_softmax_ce_s13,46200.0,compose,1.0,False,0.0,True
215980,3.2372011154323155,transformer_compose120_f0.6_wd1.0_softmax_ce_s13,46200.0,compose,1.0,False,0.0,True
216980,3.369040391765973,transformer_compose120_f0.6_wd1.0_softmax_ce_s13,46200.0,compose,1.0,False,0.0,True
217980,3.4008861260036323,transformer_compose120_f0.6_wd1.0_softmax_ce_s13,46200.0,compose,1.0,False,0.0,True
218980,3.29207882431838,transformer_compose120_f0.6_wd1.0_softmax_ce_s13,46200.0,compose,1.0,False,0.0,True
219980,3.335969788828863,transformer_compose120_f0.6_wd1.0_softmax_ce_s13,46200.0,compose,1.0,False,0.0,True
220980,3.1930184134717927,transformer_compose120_f0.6_wd1.0_softmax_ce_s13,46200.0,compose,1.0,False,0.0,True
221980,3.3205644696466625,transformer_compose120_f0.6_wd1.0_softmax_ce_s13,46200.0,compose,1.0,False,0.0,True
222980,3.206483534288054,transformer_compose120_f0.6_wd1.0_softmax_ce_s13,46200.0,compose,1.0,False,0.0,True
223980,3.287825379372854,transformer_compose120_f0.6_wd1.0_softmax_ce_s13,46200.0,compose,1.0,False,0.0,True
224980,3.2672459324059213,transformer_compose120_f0.6_wd1.0_softmax_ce_s13,46200.0,compose,1.0,False,0.0,True
225980,3.275312186566663,transformer_compose120_f0.6_wd1.0_softmax_ce_s13,46200.0,compose,1.0,False,0.0,True
226980,3.34190085071903,transformer_compose120_f0.6_wd1.0_softmax_ce_s13,46200.0,compose,1.0,False,0.0,True
227980,3.3831499274761208,transformer_compose120_f0.6_wd1.0_softmax_ce_s13,46200.0,compose,1.0,False,0.0,True
228980,3.07386216927221,transformer_compose120_f0.6_wd1.0_softmax_ce_s13,46200.0,compose,1.0,False,0.0,True
229980,3.2542040125803764,transformer_compose120_f0.6_wd1.0_softmax_ce_s13,46200.0,compose,1.0,False,0.0,True
230980,3.296961868981934,transformer_compose120_f0.6_wd1.0_softmax_ce_s13,46200.0,compose,1.0,False,0.0,True
231980,3.042274103046455,transformer_compose120_f0.6_wd1.0_softmax_ce_s13,46200.0,compose,1.0,False,0.0,True
232980,2.97847807922346,transformer_compose120_f0.6_wd1.0_softmax_ce_s13,46200.0,compose,1.0,False,0.0,True
233980,3.1649462466403167,transformer_compose120_f0.6_wd1.0_softmax_ce_s13,46200.0,compose,1.0,False,0.0,True
234980,3.11989354613409,transformer_compose120_f0.6_wd1.0_softmax_ce_s13,46200.0,compose,1.0,False,0.0,True
235980,3.1965252632816346,transformer_compose120_f0.6_wd1.0_softmax_ce_s13,46200.0,compose,1.0,False,0.0,True
236980,3.0624015556570696,transformer_compose120_f0.6_wd1.0_softmax_ce_s13,46200.0,compose,1.0,False,0.0,True
237980,3.160396344590429,transformer_compose120_f0.6_wd1.0_softmax_ce_s13,46200.0,compose,1.0,False,0.0,True
238980,3.110362745887475,transformer_compose120_f0.6_wd1.0_softmax_ce_s13,46200.0,compose,1.0,False,0.0,True
239980,3.152964243593982,transformer_compose120_f0.6_wd1.0_softmax_ce_s13,46200.0,compose,1.0,False,0.0,True
240980,3.2866675513070485,transformer_compose120_f0.6_wd1.0_softmax_ce_s13,46200.0,compose,1.0,False,0.0,True
241980,3.2630986336119743,transformer_compose120_f0.6_wd1.0_softmax_ce_s13,46200.0,compose,1.0,False,0.0,True
242980,3.256783489429929,transformer_compose120_f0.6_wd1.0_softmax_ce_s13,46200.0,compose,1.0,False,0.0,True
243980,3.2645496335968733,transformer_compose120_f0.6_wd1.0_softmax_ce_s13,46200.0,compose,1.0,False,0.0,True
244980,3.389475423739953,transformer_compose120_f0.6_wd1.0_softmax_ce_s13,46200.0,compose,1.0,False,0.0,True
245980,3.2915739465457654,transformer_compose120_f0.6_wd1.0_softmax_ce_s13,46200.0,compose,1.0,False,0.0,True
246980,3.165904360501889,transformer_compose120_f0.6_wd1.0_softmax_ce_s13,46200.0,compose,1.0,False,0.0,True
247980,3.356556493659688,transformer_compose120_f0.6_wd1.0_softmax_ce_s13,46200.0,compose,1.0,False,0.0,True
248980,3.3490863733920886,transformer_compose120_f0.6_wd1.0_softmax_ce_s13,46200.0,compose,1.0,False,0.0,True
249980,3.339919187916159,transformer_compose120_f0.6_wd1.0_softmax_ce_s13,46200.0,compose,1.0,False,0.0,True
3980,1.283668561878953,transformer_compose120_f0.6_wd1.0_softmax_ce_s14,47100.0,compose,1.0,False,0.0,True
4980,1.4432209081347027,transformer_compose120_f0.6_wd1.0_softmax_ce_s14,47100.0,compose,1.0,False,0.0,True
5980,1.4048258493033705,transformer_compose120_f0.6_wd1.0_softmax_ce_s14,47100.0,compose,1.0,False,0.0,True
6980,1.3153057696633972,transformer_compose120_f0.6_wd1.0_softmax_ce_s14,47100.0,compose,1.0,False,0.0,True
7980,1.2793175481189265,transformer_compose120_f0.6_wd1.0_softmax_ce_s14,47100.0,compose,1.0,False,0.0,True
8980,1.321686357159073,transformer_compose120_f0.6_wd1.0_softmax_ce_s14,47100.0,compose,1.0,False,0.0,True
9980,1.397117445267546,transformer_compose120_f0.6_wd1.0_softmax_ce_s14,47100.0,compose,1.0,False,0.0,True
10980,1.3033317937137556,transformer_compose120_f0.6_wd1.0_softmax_ce_s14,47100.0,compose,1.0,False,0.0,True
11980,1.338163892077444,transformer_compose120_f0.6_wd1.0_softmax_ce_s14,47100.0,compose,1.0,False,0.0,True
12980,1.3012549909997673,transformer_compose120_f0.6_wd1.0_softmax_ce_s14,47100.0,compose,1.0,False,0.0,True
13980,1.2255886355257348,transformer_compose120_f0.6_wd1.0_softmax_ce_s14,47100.0,compose,1.0,False,0.0,True
14980,1.293320825043637,transformer_compose120_f0.6_wd1.0_softmax_ce_s14,47100.0,compose,1.0,False,0.0,True
15980,1.296014464264426,transformer_compose120_f0.6_wd1.0_softmax_ce_s14,47100.0,compose,1.0,False,0.0,True
16980,1.2661993106223433,transformer_compose120_f0.6_wd1.0_softmax_ce_s14,47100.0,compose,1.0,False,0.0,True
17980,1.3569429198345748,transformer_compose120_f0.6_wd1.0_softmax_ce_s14,47100.0,compose,1.0,False,0.0,True
18980,1.2736069373295968,transformer_compose120_f0.6_wd1.0_softmax_ce_s14,47100.0,compose,1.0,False,0.0,True
19980,1.297083377478885,transformer_compose120_f0.6_wd1.0_softmax_ce_s14,47100.0,compose,1.0,False,0.0,True
20980,1.2408216870492432,transformer_compose120_f0.6_wd1.0_softmax_ce_s14,47100.0,compose,1.0,False,0.0,True
21980,1.2580160537258525,transformer_compose120_f0.6_wd1.0_softmax_ce_s14,47100.0,compose,1.0,False,0.0,True
22980,1.2263504233794749,transformer_compose120_f0.6_wd1.0_softmax_ce_s14,47100.0,compose,1.0,False,0.0,True
23980,1.2924409086143531,transformer_compose120_f0.6_wd1.0_softmax_ce_s14,47100.0,compose,1.0,False,0.0,True
24980,1.273618045884906,transformer_compose120_f0.6_wd1.0_softmax_ce_s14,47100.0,compose,1.0,False,0.0,True
25980,1.271971424266498,transformer_compose120_f0.6_wd1.0_softmax_ce_s14,47100.0,compose,1.0,False,0.0,True
26980,1.2656824163206288,transformer_compose120_f0.6_wd1.0_softmax_ce_s14,47100.0,compose,1.0,False,0.0,True
27980,1.2539404945392305,transformer_compose120_f0.6_wd1.0_softmax_ce_s14,47100.0,compose,1.0,False,0.0,True
28980,1.245445836790272,transformer_compose120_f0.6_wd1.0_softmax_ce_s14,47100.0,compose,1.0,False,0.0,True
29980,1.2072727624075448,transformer_compose120_f0.6_wd1.0_softmax_ce_s14,47100.0,compose,1.0,False,0.0,True
30980,1.2188333194156633,transformer_compose120_f0.6_wd1.0_softmax_ce_s14,47100.0,compose,1.0,False,0.0,True
31980,1.2342404404293237,transformer_compose120_f0.6_wd1.0_softmax_ce_s14,47100.0,compose,1.0,False,0.0,True
32980,1.1950105533210909,transformer_compose120_f0.6_wd1.0_softmax_ce_s14,47100.0,compose,1.0,False,0.0,True
33980,1.300068490676206,transformer_compose120_f0.6_wd1.0_softmax_ce_s14,47100.0,compose,1.0,False,0.0,True
34980,1.2695900261200226,transformer_compose120_f0.6_wd1.0_softmax_ce_s14,47100.0,compose,1.0,False,0.0,True
35980,1.2591793077641038,transformer_compose120_f0.6_wd1.0_softmax_ce_s14,47100.0,compose,1.0,False,0.0,True
36980,1.2488338651651554,transformer_compose120_f0.6_wd1.0_softmax_ce_s14,47100.0,compose,1.0,False,0.0,True
37980,1.2466718154798966,transformer_compose120_f0.6_wd1.0_softmax_ce_s14,47100.0,compose,1.0,False,0.0,True
38980,1.2330648947281504,transformer_compose120_f0.6_wd1.0_softmax_ce_s14,47100.0,compose,1.0,False,0.0,True
39980,1.2158447069294682,transformer_compose120_f0.6_wd1.0_softmax_ce_s14,47100.0,compose,1.0,False,0.0,True
40980,1.2430759035601242,transformer_compose120_f0.6_wd1.0_softmax_ce_s14,47100.0,compose,1.0,False,0.0,True
41980,1.2089346826611709,transformer_compose120_f0.6_wd1.0_softmax_ce_s14,47100.0,compose,1.0,False,0.0,True
42980,1.278723748732424,transformer_compose120_f0.6_wd1.0_softmax_ce_s14,47100.0,compose,1.0,False,0.0,True
43980,1.2542762990191367,transformer_compose120_f0.6_wd1.0_softmax_ce_s14,47100.0,compose,1.0,False,0.0,True
44980,1.2780136417201666,transformer_compose120_f0.6_wd1.0_softmax_ce_s14,47100.0,compose,1.0,False,0.0,True
45980,1.250512057452725,transformer_compose120_f0.6_wd1.0_softmax_ce_s14,47100.0,compose,1.0,False,0.0,True
46980,1.251187119428732,transformer_compose120_f0.6_wd1.0_softmax_ce_s14,47100.0,compose,1.0,False,0.0,True
47980,1.2696889005988614,transformer_compose120_f0.6_wd1.0_softmax_ce_s14,47100.0,compose,1.0,False,0.0,True
48980,1.1774338418731392,transformer_compose120_f0.6_wd1.0_softmax_ce_s14,47100.0,compose,1.0,False,0.0,True
49980,1.1671653609372807,transformer_compose120_f0.6_wd1.0_softmax_ce_s14,47100.0,compose,1.0,False,0.0,True
50980,1.1370256623046309,transformer_compose120_f0.6_wd1.0_softmax_ce_s14,47100.0,compose,1.0,False,0.0,True
51980,1.1010545842079056,transformer_compose120_f0.6_wd1.0_softmax_ce_s14,47100.0,compose,1.0,False,0.0,True
52980,1.1213006674114048,transformer_compose120_f0.6_wd1.0_softmax_ce_s14,47100.0,compose,1.0,False,0.0,True
53980,1.1182881097364556,transformer_compose120_f0.6_wd1.0_softmax_ce_s14,47100.0,compose,1.0,False,0.0,True
54980,1.1195416584774274,transformer_compose120_f0.6_wd1.0_softmax_ce_s14,47100.0,compose,1.0,False,0.0,True
55980,1.1537242740513134,transformer_compose120_f0.6_wd1.0_softmax_ce_s14,47100.0,compose,1.0,False,0.0,True
56980,1.1808985260555098,transformer_compose120_f0.6_wd1.0_softmax_ce_s14,47100.0,compose,1.0,False,0.0,True
57980,1.118333921561942,transformer_compose120_f0.6_wd1.0_softmax_ce_s14,47100.0,compose,1.0,False,0.0,True
58980,1.1414758445315658,transformer_compose120_f0.6_wd1.0_softmax_ce_s14,47100.0,compose,1.0,False,0.0,True
59980,1.1372727252717,transformer_compose120_f0.6_wd1.0_softmax_ce_s14,47100.0,compose,1.0,False,0.0,True
60980,1.1685650683648603,transformer_compose120_f0.6_wd1.0_softmax_ce_s14,47100.0,compose,1.0,False,0.0,True
61980,1.12223589614539,transformer_compose120_f0.6_wd1.0_softmax_ce_s14,47100.0,compose,1.0,False,0.0,True
62980,1.1358906895431016,transformer_compose120_f0.6_wd1.0_softmax_ce_s14,47100.0,compose,1.0,False,0.0,True
63980,1.110324634788079,transformer_compose120_f0.6_wd1.0_softmax_ce_s14,47100.0,compose,1.0,False,0.0,True
64980,1.132103338688767,transformer_compose120_f0.6_wd1.0_softmax_ce_s14,47100.0,compose,1.0,False,0.0,True
65980,1.1860416712615822,transformer_compose120_f0.6_wd1.0_softmax_ce_s14,47100.0,compose,1.0,False,0.0,True
66980,1.1465571192877697,transformer_compose120_f0.6_wd1.0_softmax_ce_s14,47100.0,compose,1.0,False,0.0,True
67980,1.1223536255395248,transformer_compose120_f0.6_wd1.0_softmax_ce_s14,47100.0,compose,1.0,False,0.0,True
68980,1.1700599058090195,transformer_compose120_f0.6_wd1.0_softmax_ce_s14,47100.0,compose,1.0,False,0.0,True
69980,1.118680011365769,transformer_compose120_f0.6_wd1.0_softmax_ce_s14,47100.0,compose,1.0,False,0.0,True
70980,1.1440810625850286,transformer_compose120_f0.6_wd1.0_softmax_ce_s14,47100.0,compose,1.0,False,0.0,True
71980,1.1650461908030727,transformer_compose120_f0.6_wd1.0_softmax_ce_s14,47100.0,compose,1.0,False,0.0,True
72980,1.130315541849206,transformer_compose120_f0.6_wd1.0_softmax_ce_s14,47100.0,compose,1.0,False,0.0,True
73980,1.1489236407701682,transformer_compose120_f0.6_wd1.0_softmax_ce_s14,47100.0,compose,1.0,False,0.0,True
74980,1.1910682975331566,transformer_compose120_f0.6_wd1.0_softmax_ce_s14,47100.0,compose,1.0,False,0.0,True
75980,1.2102848368667112,transformer_compose120_f0.6_wd1.0_softmax_ce_s14,47100.0,compose,1.0,False,0.0,True
76980,1.1424326933790607,transformer_compose120_f0.6_wd1.0_softmax_ce_s14,47100.0,compose,1.0,False,0.0,True
77980,1.2053871972591732,transformer_compose120_f0.6_wd1.0_softmax_ce_s14,47100.0,compose,1.0,False,0.0,True
78980,1.129614905135404,transformer_compose120_f0.6_wd1.0_softmax_ce_s14,47100.0,compose,1.0,False,0.0,True
79980,1.2226578032176054,transformer_compose120_f0.6_wd1.0_softmax_ce_s14,47100.0,compose,1.0,False,0.0,True
80980,1.122101113280895,transformer_compose120_f0.6_wd1.0_softmax_ce_s14,47100.0,compose,1.0,False,0.0,True
81980,1.1625600853165066,transformer_compose120_f0.6_wd1.0_softmax_ce_s14,47100.0,compose,1.0,False,0.0,True
82980,1.1468093613639905,transformer_compose120_f0.6_wd1.0_softmax_ce_s14,47100.0,compose,1.0,False,0.0,True
83980,1.1308780932196134,transformer_compose120_f0.6_wd1.0_softmax_ce_s14,47100.0,compose,1.0,False,0.0,True
84980,1.170933534738636,transformer_compose120_f0.6_wd1.0_softmax_ce_s14,47100.0,compose,1.0,False,0.0,True
85980,1.135377783148671,transformer_compose120_f0.6_wd1.0_softmax_ce_s14,47100.0,compose,1.0,False,0.0,True
86980,1.161068305246398,transformer_compose120_f0.6_wd1.0_softmax_ce_s14,47100.0,compose,1.0,False,0.0,True
87980,1.170669074568459,transformer_compose120_f0.6_wd1.0_softmax_ce_s14,47100.0,compose,1.0,False,0.0,True
88980,1.1623925718523078,transformer_compose120_f0.6_wd1.0_softmax_ce_s14,47100.0,compose,1.0,False,0.0,True
89980,1.14317358116322,transformer_compose120_f0.6_wd1.0_softmax_ce_s14,47100.0,compose,1.0,False,0.0,True
90980,1.1601933393151544,transformer_compose120_f0.6_wd1.0_softmax_ce_s14,47100.0,compose,1.0,False,0.0,True
91980,1.1750769491710704,transformer_compose120_f0.6_wd1.0_softmax_ce_s14,47100.0,compose,1.0,False,0.0,True
92980,1.1933602381105004,transformer_compose120_f0.6_wd1.0_softmax_ce_s14,47100.0,compose,1.0,False,0.0,True
93980,1.112568257214502,transformer_compose120_f0.6_wd1.0_softmax_ce_s14,47100.0,compose,1.0,False,0.0,True
94980,1.11365336197039,transformer_compose120_f0.6_wd1.0_softmax_ce_s14,47100.0,compose,1.0,False,0.0,True
95980,1.1220929421596184,transformer_compose120_f0.6_wd1.0_softmax_ce_s14,47100.0,compose,1.0,False,0.0,True
96980,1.135985993339296,transformer_compose120_f0.6_wd1.0_softmax_ce_s14,47100.0,compose,1.0,False,0.0,True
97980,1.1877142107918286,transformer_compose120_f0.6_wd1.0_softmax_ce_s14,47100.0,compose,1.0,False,0.0,True
98980,1.1337283340852709,transformer_compose120_f0.6_wd1.0_softmax_ce_s14,47100.0,compose,1.0,False,0.0,True
99980,1.1654097736304485,transformer_compose120_f0.6_wd1.0_softmax_ce_s14,47100.0,compose,1.0,False,0.0,True
100980,1.14581114253594,transformer_compose120_f0.6_wd1.0_softmax_ce_s14,47100.0,compose,1.0,False,0.0,True
101980,1.165140684866252,transformer_compose120_f0.6_wd1.0_softmax_ce_s14,47100.0,compose,1.0,False,0.0,True
102980,1.1911071470389307,transformer_compose120_f0.6_wd1.0_softmax_ce_s14,47100.0,compose,1.0,False,0.0,True
103980,1.1237989250561042,transformer_compose120_f0.6_wd1.0_softmax_ce_s14,47100.0,compose,1.0,False,0.0,True
104980,1.158310918337773,transformer_compose120_f0.6_wd1.0_softmax_ce_s14,47100.0,compose,1.0,False,0.0,True
105980,1.143613733043081,transformer_compose120_f0.6_wd1.0_softmax_ce_s14,47100.0,compose,1.0,False,0.0,True
106980,1.1673248661752966,transformer_compose120_f0.6_wd1.0_softmax_ce_s14,47100.0,compose,1.0,False,0.0,True
107980,1.2096394496116298,transformer_compose120_f0.6_wd1.0_softmax_ce_s14,47100.0,compose,1.0,False,0.0,True
108980,1.1786552375466324,transformer_compose120_f0.6_wd1.0_softmax_ce_s14,47100.0,compose,1.0,False,0.0,True
109980,1.1898006920136277,transformer_compose120_f0.6_wd1.0_softmax_ce_s14,47100.0,compose,1.0,False,0.0,True
110980,1.175244737652077,transformer_compose120_f0.6_wd1.0_softmax_ce_s14,47100.0,compose,1.0,False,0.0,True
111980,1.163416548515815,transformer_compose120_f0.6_wd1.0_softmax_ce_s14,47100.0,compose,1.0,False,0.0,True
112980,1.18460145560429,transformer_compose120_f0.6_wd1.0_softmax_ce_s14,47100.0,compose,1.0,False,0.0,True
113980,1.1439971117269392,transformer_compose120_f0.6_wd1.0_softmax_ce_s14,47100.0,compose,1.0,False,0.0,True
114980,1.1689031739170634,transformer_compose120_f0.6_wd1.0_softmax_ce_s14,47100.0,compose,1.0,False,0.0,True
115980,1.1534307869184466,transformer_compose120_f0.6_wd1.0_softmax_ce_s14,47100.0,compose,1.0,False,0.0,True
116980,1.1546126967952606,transformer_compose120_f0.6_wd1.0_softmax_ce_s14,47100.0,compose,1.0,False,0.0,True
117980,1.15046206601096,transformer_compose120_f0.6_wd1.0_softmax_ce_s14,47100.0,compose,1.0,False,0.0,True
118980,1.1412808606940614,transformer_compose120_f0.6_wd1.0_softmax_ce_s14,47100.0,compose,1.0,False,0.0,True
119980,1.1650909011233563,transformer_compose120_f0.6_wd1.0_softmax_ce_s14,47100.0,compose,1.0,False,0.0,True
120980,1.1257912497557738,transformer_compose120_f0.6_wd1.0_softmax_ce_s14,47100.0,compose,1.0,False,0.0,True
121980,1.1238431346784163,transformer_compose120_f0.6_wd1.0_softmax_ce_s14,47100.0,compose,1.0,False,0.0,True
122980,1.1123871401723342,transformer_compose120_f0.6_wd1.0_softmax_ce_s14,47100.0,compose,1.0,False,0.0,True
123980,1.1398844901517018,transformer_compose120_f0.6_wd1.0_softmax_ce_s14,47100.0,compose,1.0,False,0.0,True
124980,1.1336695192281585,transformer_compose120_f0.6_wd1.0_softmax_ce_s14,47100.0,compose,1.0,False,0.0,True
125980,1.1536500639560183,transformer_compose120_f0.6_wd1.0_softmax_ce_s14,47100.0,compose,1.0,False,0.0,True
126980,1.128764524453564,transformer_compose120_f0.6_wd1.0_softmax_ce_s14,47100.0,compose,1.0,False,0.0,True
127980,1.1683943600812028,transformer_compose120_f0.6_wd1.0_softmax_ce_s14,47100.0,compose,1.0,False,0.0,True
128980,1.179440966955898,transformer_compose120_f0.6_wd1.0_softmax_ce_s14,47100.0,compose,1.0,False,0.0,True
129980,1.1314899372732137,transformer_compose120_f0.6_wd1.0_softmax_ce_s14,47100.0,compose,1.0,False,0.0,True
130980,1.1549822866522836,transformer_compose120_f0.6_wd1.0_softmax_ce_s14,47100.0,compose,1.0,False,0.0,True
131980,1.1265705013802874,transformer_compose120_f0.6_wd1.0_softmax_ce_s14,47100.0,compose,1.0,False,0.0,True
132980,1.1845691767723607,transformer_compose120_f0.6_wd1.0_softmax_ce_s14,47100.0,compose,1.0,False,0.0,True
133980,1.1575233785561363,transformer_compose120_f0.6_wd1.0_softmax_ce_s14,47100.0,compose,1.0,False,0.0,True
134980,1.127366725110774,transformer_compose120_f0.6_wd1.0_softmax_ce_s14,47100.0,compose,1.0,False,0.0,True
135980,1.134936562367525,transformer_compose120_f0.6_wd1.0_softmax_ce_s14,47100.0,compose,1.0,False,0.0,True
136980,1.1617277654152312,transformer_compose120_f0.6_wd1.0_softmax_ce_s14,47100.0,compose,1.0,False,0.0,True
137980,1.148168846524959,transformer_compose120_f0.6_wd1.0_softmax_ce_s14,47100.0,compose,1.0,False,0.0,True
138980,1.0784277848299173,transformer_compose120_f0.6_wd1.0_softmax_ce_s14,47100.0,compose,1.0,False,0.0,True
139980,1.1497466758364752,transformer_compose120_f0.6_wd1.0_softmax_ce_s14,47100.0,compose,1.0,False,0.0,True
140980,1.1530524281701298,transformer_compose120_f0.6_wd1.0_softmax_ce_s14,47100.0,compose,1.0,False,0.0,True
141980,1.1473838901414233,transformer_compose120_f0.6_wd1.0_softmax_ce_s14,47100.0,compose,1.0,False,0.0,True
142980,1.1400674312729298,transformer_compose120_f0.6_wd1.0_softmax_ce_s14,47100.0,compose,1.0,False,0.0,True
143980,1.178565340716932,transformer_compose120_f0.6_wd1.0_softmax_ce_s14,47100.0,compose,1.0,False,0.0,True
144980,1.1865538542297396,transformer_compose120_f0.6_wd1.0_softmax_ce_s14,47100.0,compose,1.0,False,0.0,True
145980,1.1675559895204126,transformer_compose120_f0.6_wd1.0_softmax_ce_s14,47100.0,compose,1.0,False,0.0,True
146980,1.1795595482371914,transformer_compose120_f0.6_wd1.0_softmax_ce_s14,47100.0,compose,1.0,False,0.0,True
147980,1.1653141602438264,transformer_compose120_f0.6_wd1.0_softmax_ce_s14,47100.0,compose,1.0,False,0.0,True
148980,1.1909070321075026,transformer_compose120_f0.6_wd1.0_softmax_ce_s14,47100.0,compose,1.0,False,0.0,True
149980,1.182878066676831,transformer_compose120_f0.6_wd1.0_softmax_ce_s14,47100.0,compose,1.0,False,0.0,True
150980,1.186858521205168,transformer_compose120_f0.6_wd1.0_softmax_ce_s14,47100.0,compose,1.0,False,0.0,True
151980,1.200095810671842,transformer_compose120_f0.6_wd1.0_softmax_ce_s14,47100.0,compose,1.0,False,0.0,True
152980,1.2320285312895074,transformer_compose120_f0.6_wd1.0_softmax_ce_s14,47100.0,compose,1.0,False,0.0,True
153980,1.1638668675421784,transformer_compose120_f0.6_wd1.0_softmax_ce_s14,47100.0,compose,1.0,False,0.0,True
154980,1.180181220863452,transformer_compose120_f0.6_wd1.0_softmax_ce_s14,47100.0,compose,1.0,False,0.0,True
155980,1.1603044490401024,transformer_compose120_f0.6_wd1.0_softmax_ce_s14,47100.0,compose,1.0,False,0.0,True
156980,1.153405849903243,transformer_compose120_f0.6_wd1.0_softmax_ce_s14,47100.0,compose,1.0,False,0.0,True
157980,1.1158568766006527,transformer_compose120_f0.6_wd1.0_softmax_ce_s14,47100.0,compose,1.0,False,0.0,True
158980,1.1526181466548495,transformer_compose120_f0.6_wd1.0_softmax_ce_s14,47100.0,compose,1.0,False,0.0,True
159980,1.0964921378492396,transformer_compose120_f0.6_wd1.0_softmax_ce_s14,47100.0,compose,1.0,False,0.0,True
160980,1.1552529005868508,transformer_compose120_f0.6_wd1.0_softmax_ce_s14,47100.0,compose,1.0,False,0.0,True
161980,1.157110004404436,transformer_compose120_f0.6_wd1.0_softmax_ce_s14,47100.0,compose,1.0,False,0.0,True
162980,1.1382354677115352,transformer_compose120_f0.6_wd1.0_softmax_ce_s14,47100.0,compose,1.0,False,0.0,True
163980,1.1759022612257544,transformer_compose120_f0.6_wd1.0_softmax_ce_s14,47100.0,compose,1.0,False,0.0,True
164980,1.1781508692818734,transformer_compose120_f0.6_wd1.0_softmax_ce_s14,47100.0,compose,1.0,False,0.0,True
165980,1.1619213652422449,transformer_compose120_f0.6_wd1.0_softmax_ce_s14,47100.0,compose,1.0,False,0.0,True
166980,1.1506450392339205,transformer_compose120_f0.6_wd1.0_softmax_ce_s14,47100.0,compose,1.0,False,0.0,True
167980,1.2030190164866426,transformer_compose120_f0.6_wd1.0_softmax_ce_s14,47100.0,compose,1.0,False,0.0,True
168980,1.1598681877360977,transformer_compose120_f0.6_wd1.0_softmax_ce_s14,47100.0,compose,1.0,False,0.0,True
169980,1.1795608321079816,transformer_compose120_f0.6_wd1.0_softmax_ce_s14,47100.0,compose,1.0,False,0.0,True
170980,1.178135981704486,transformer_compose120_f0.6_wd1.0_softmax_ce_s14,47100.0,compose,1.0,False,0.0,True
171980,1.1972652588923618,transformer_compose120_f0.6_wd1.0_softmax_ce_s14,47100.0,compose,1.0,False,0.0,True
172980,1.2257938730651967,transformer_compose120_f0.6_wd1.0_softmax_ce_s14,47100.0,compose,1.0,False,0.0,True
173980,1.194587699370524,transformer_compose120_f0.6_wd1.0_softmax_ce_s14,47100.0,compose,1.0,False,0.0,True
174980,1.2186864188171167,transformer_compose120_f0.6_wd1.0_softmax_ce_s14,47100.0,compose,1.0,False,0.0,True
175980,1.2053089269794626,transformer_compose120_f0.6_wd1.0_softmax_ce_s14,47100.0,compose,1.0,False,0.0,True
176980,1.1981959752631814,transformer_compose120_f0.6_wd1.0_softmax_ce_s14,47100.0,compose,1.0,False,0.0,True
177980,1.1956113152897307,transformer_compose120_f0.6_wd1.0_softmax_ce_s14,47100.0,compose,1.0,False,0.0,True
178980,1.1216569671704977,transformer_compose120_f0.6_wd1.0_softmax_ce_s14,47100.0,compose,1.0,False,0.0,True
179980,1.182824677420341,transformer_compose120_f0.6_wd1.0_softmax_ce_s14,47100.0,compose,1.0,False,0.0,True
180980,1.1712264609498328,transformer_compose120_f0.6_wd1.0_softmax_ce_s14,47100.0,compose,1.0,False,0.0,True
181980,1.2126197097115896,transformer_compose120_f0.6_wd1.0_softmax_ce_s14,47100.0,compose,1.0,False,0.0,True
182980,1.2340821033363676,transformer_compose120_f0.6_wd1.0_softmax_ce_s14,47100.0,compose,1.0,False,0.0,True
183980,1.1542639822970104,transformer_compose120_f0.6_wd1.0_softmax_ce_s14,47100.0,compose,1.0,False,0.0,True
184980,1.1364729731454792,transformer_compose120_f0.6_wd1.0_softmax_ce_s14,47100.0,compose,1.0,False,0.0,True
185980,1.1650579172384643,transformer_compose120_f0.6_wd1.0_softmax_ce_s14,47100.0,compose,1.0,False,0.0,True
186980,1.1374415463125274,transformer_compose120_f0.6_wd1.0_softmax_ce_s14,47100.0,compose,1.0,False,0.0,True
187980,1.1699893592492376,transformer_compose120_f0.6_wd1.0_softmax_ce_s14,47100.0,compose,1.0,False,0.0,True
188980,1.0774409163154277,transformer_compose120_f0.6_wd1.0_softmax_ce_s14,47100.0,compose,1.0,False,0.0,True
189980,1.1731469270694963,transformer_compose120_f0.6_wd1.0_softmax_ce_s14,47100.0,compose,1.0,False,0.0,True
190980,1.185304947170585,transformer_compose120_f0.6_wd1.0_softmax_ce_s14,47100.0,compose,1.0,False,0.0,True
191980,1.1570099993831486,transformer_compose120_f0.6_wd1.0_softmax_ce_s14,47100.0,compose,1.0,False,0.0,True
192980,1.2015243340716473,transformer_compose120_f0.6_wd1.0_softmax_ce_s14,47100.0,compose,1.0,False,0.0,True
193980,1.2159326392364125,transformer_compose120_f0.6_wd1.0_softmax_ce_s14,47100.0,compose,1.0,False,0.0,True
194980,1.1966612509562966,transformer_compose120_f0.6_wd1.0_softmax_ce_s14,47100.0,compose,1.0,False,0.0,True
195980,1.2021827371236116,transformer_compose120_f0.6_wd1.0_softmax_ce_s14,47100.0,compose,1.0,False,0.0,True
196980,1.2136252832646337,transformer_compose120_f0.6_wd1.0_softmax_ce_s14,47100.0,compose,1.0,False,0.0,True
197980,1.1857973033979583,transformer_compose120_f0.6_wd1.0_softmax_ce_s14,47100.0,compose,1.0,False,0.0,True
198980,1.2170638213294789,transformer_compose120_f0.6_wd1.0_softmax_ce_s14,47100.0,compose,1.0,False,0.0,True
199980,1.1888421367442887,transformer_compose120_f0.6_wd1.0_softmax_ce_s14,47100.0,compose,1.0,False,0.0,True
200980,1.1342034925390403,transformer_compose120_f0.6_wd1.0_softmax_ce_s14,47100.0,compose,1.0,False,0.0,True
201980,1.137769230244125,transformer_compose120_f0.6_wd1.0_softmax_ce_s14,47100.0,compose,1.0,False,0.0,True
202980,1.2047622703038798,transformer_compose120_f0.6_wd1.0_softmax_ce_s14,47100.0,compose,1.0,False,0.0,True
203980,1.1410795337374833,transformer_compose120_f0.6_wd1.0_softmax_ce_s14,47100.0,compose,1.0,False,0.0,True
204980,1.1731624129401623,transformer_compose120_f0.6_wd1.0_softmax_ce_s14,47100.0,compose,1.0,False,0.0,True
205980,1.1364892483218898,transformer_compose120_f0.6_wd1.0_softmax_ce_s14,47100.0,compose,1.0,False,0.0,True
206980,1.167634148200352,transformer_compose120_f0.6_wd1.0_softmax_ce_s14,47100.0,compose,1.0,False,0.0,True
207980,1.1374073190485203,transformer_compose120_f0.6_wd1.0_softmax_ce_s14,47100.0,compose,1.0,False,0.0,True
208980,1.1360748848101276,transformer_compose120_f0.6_wd1.0_softmax_ce_s14,47100.0,compose,1.0,False,0.0,True
209980,1.2007962384768651,transformer_compose120_f0.6_wd1.0_softmax_ce_s14,47100.0,compose,1.0,False,0.0,True
210980,1.1595137236616688,transformer_compose120_f0.6_wd1.0_softmax_ce_s14,47100.0,compose,1.0,False,0.0,True
211980,1.1571258544822869,transformer_compose120_f0.6_wd1.0_softmax_ce_s14,47100.0,compose,1.0,False,0.0,True
212980,1.1306477993840385,transformer_compose120_f0.6_wd1.0_softmax_ce_s14,47100.0,compose,1.0,False,0.0,True
213980,1.1477197962012582,transformer_compose120_f0.6_wd1.0_softmax_ce_s14,47100.0,compose,1.0,False,0.0,True
214980,1.117748967645279,transformer_compose120_f0.6_wd1.0_softmax_ce_s14,47100.0,compose,1.0,False,0.0,True
215980,1.22187150538678,transformer_compose120_f0.6_wd1.0_softmax_ce_s14,47100.0,compose,1.0,False,0.0,True
216980,1.177642627479329,transformer_compose120_f0.6_wd1.0_softmax_ce_s14,47100.0,compose,1.0,False,0.0,True
217980,1.132452685800472,transformer_compose120_f0.6_wd1.0_softmax_ce_s14,47100.0,compose,1.0,False,0.0,True
218980,1.154431843642104,transformer_compose120_f0.6_wd1.0_softmax_ce_s14,47100.0,compose,1.0,False,0.0,True
219980,1.1957822152804494,transformer_compose120_f0.6_wd1.0_softmax_ce_s14,47100.0,compose,1.0,False,0.0,True
220980,1.1697756926646794,transformer_compose120_f0.6_wd1.0_softmax_ce_s14,47100.0,compose,1.0,False,0.0,True
221980,1.1474683843468458,transformer_compose120_f0.6_wd1.0_softmax_ce_s14,47100.0,compose,1.0,False,0.0,True
222980,1.1361613627733196,transformer_compose120_f0.6_wd1.0_softmax_ce_s14,47100.0,compose,1.0,False,0.0,True
223980,1.1764500822281887,transformer_compose120_f0.6_wd1.0_softmax_ce_s14,47100.0,compose,1.0,False,0.0,True
224980,1.1669539654721806,transformer_compose120_f0.6_wd1.0_softmax_ce_s14,47100.0,compose,1.0,False,0.0,True
225980,1.1723721856452136,transformer_compose120_f0.6_wd1.0_softmax_ce_s14,47100.0,compose,1.0,False,0.0,True
226980,1.1637833488030904,transformer_compose120_f0.6_wd1.0_softmax_ce_s14,47100.0,compose,1.0,False,0.0,True
227980,1.1684783359601156,transformer_compose120_f0.6_wd1.0_softmax_ce_s14,47100.0,compose,1.0,False,0.0,True
228980,1.1998185616250314,transformer_compose120_f0.6_wd1.0_softmax_ce_s14,47100.0,compose,1.0,False,0.0,True
229980,1.1567336706527205,transformer_compose120_f0.6_wd1.0_softmax_ce_s14,47100.0,compose,1.0,False,0.0,True
230980,1.1834246180794887,transformer_compose120_f0.6_wd1.0_softmax_ce_s14,47100.0,compose,1.0,False,0.0,True
231980,1.212055892145336,transformer_compose120_f0.6_wd1.0_softmax_ce_s14,47100.0,compose,1.0,False,0.0,True
232980,1.1672664276437,transformer_compose120_f0.6_wd1.0_softmax_ce_s14,47100.0,compose,1.0,False,0.0,True
233980,1.201572260880592,transformer_compose120_f0.6_wd1.0_softmax_ce_s14,47100.0,compose,1.0,False,0.0,True
234980,1.1227217439675905,transformer_compose120_f0.6_wd1.0_softmax_ce_s14,47100.0,compose,1.0,False,0.0,True
235980,1.168207972940546,transformer_compose120_f0.6_wd1.0_softmax_ce_s14,47100.0,compose,1.0,False,0.0,True
236980,1.1156621942070355,transformer_compose120_f0.6_wd1.0_softmax_ce_s14,47100.0,compose,1.0,False,0.0,True
237980,1.1991658626085475,transformer_compose120_f0.6_wd1.0_softmax_ce_s14,47100.0,compose,1.0,False,0.0,True
238980,1.1546025827748734,transformer_compose120_f0.6_wd1.0_softmax_ce_s14,47100.0,compose,1.0,False,0.0,True
239980,1.1246650444970203,transformer_compose120_f0.6_wd1.0_softmax_ce_s14,47100.0,compose,1.0,False,0.0,True
240980,1.1247096576266695,transformer_compose120_f0.6_wd1.0_softmax_ce_s14,47100.0,compose,1.0,False,0.0,True
241980,1.195961541037283,transformer_compose120_f0.6_wd1.0_softmax_ce_s14,47100.0,compose,1.0,False,0.0,True
242980,1.2006380934418897,transformer_compose120_f0.6_wd1.0_softmax_ce_s14,47100.0,compose,1.0,False,0.0,True
243980,1.1589258309344892,transformer_compose120_f0.6_wd1.0_softmax_ce_s14,47100.0,compose,1.0,False,0.0,True
244980,1.1475528011705771,transformer_compose120_f0.6_wd1.0_softmax_ce_s14,47100.0,compose,1.0,False,0.0,True
245980,1.1419452097259792,transformer_compose120_f0.6_wd1.0_softmax_ce_s14,47100.0,compose,1.0,False,0.0,True
246980,1.1193953570557755,transformer_compose120_f0.6_wd1.0_softmax_ce_s14,47100.0,compose,1.0,False,0.0,True
247980,1.1636578136800335,transformer_compose120_f0.6_wd1.0_softmax_ce_s14,47100.0,compose,1.0,False,0.0,True
248980,1.1669564965798014,transformer_compose120_f0.6_wd1.0_softmax_ce_s14,47100.0,compose,1.0,False,0.0,True
249980,1.1611553844804623,transformer_compose120_f0.6_wd1.0_softmax_ce_s14,47100.0,compose,1.0,False,0.0,True
3980,1.428025770036569,transformer_compose120_f0.6_wd1.0_softmax_ce_s2,89700.0,compose,1.0,False,0.0,True
4980,1.53462119113203,transformer_compose120_f0.6_wd1.0_softmax_ce_s2,89700.0,compose,1.0,False,0.0,True
5980,1.405019157530976,transformer_compose120_f0.6_wd1.0_softmax_ce_s2,89700.0,compose,1.0,False,0.0,True
6980,1.3341967837877833,transformer_compose120_f0.6_wd1.0_softmax_ce_s2,89700.0,compose,1.0,False,0.0,True
7980,1.3095474312774995,transformer_compose120_f0.6_wd1.0_softmax_ce_s2,89700.0,compose,1.0,False,0.0,True
8980,1.3627975268524113,transformer_compose120_f0.6_wd1.0_softmax_ce_s2,89700.0,compose,1.0,False,0.0,True
9980,1.3538380727963817,transformer_compose120_f0.6_wd1.0_softmax_ce_s2,89700.0,compose,1.0,False,0.0,True
10980,1.3287678743119546,transformer_compose120_f0.6_wd1.0_softmax_ce_s2,89700.0,compose,1.0,False,0.0,True
11980,1.285288242244695,transformer_compose120_f0.6_wd1.0_softmax_ce_s2,89700.0,compose,1.0,False,0.0,True
12980,1.352553703800163,transformer_compose120_f0.6_wd1.0_softmax_ce_s2,89700.0,compose,1.0,False,0.0,True
13980,1.2880548959894684,transformer_compose120_f0.6_wd1.0_softmax_ce_s2,89700.0,compose,1.0,False,0.0,True
14980,1.2487271003099736,transformer_compose120_f0.6_wd1.0_softmax_ce_s2,89700.0,compose,1.0,False,0.0,True
15980,1.2641829489918643,transformer_compose120_f0.6_wd1.0_softmax_ce_s2,89700.0,compose,1.0,False,0.0,True
16980,1.3894223797834766,transformer_compose120_f0.6_wd1.0_softmax_ce_s2,89700.0,compose,1.0,False,0.0,True
17980,1.3236833502240075,transformer_compose120_f0.6_wd1.0_softmax_ce_s2,89700.0,compose,1.0,False,0.0,True
18980,1.2588764715484275,transformer_compose120_f0.6_wd1.0_softmax_ce_s2,89700.0,compose,1.0,False,0.0,True
19980,1.2881786731123297,transformer_compose120_f0.6_wd1.0_softmax_ce_s2,89700.0,compose,1.0,False,0.0,True
20980,1.30583440214531,transformer_compose120_f0.6_wd1.0_softmax_ce_s2,89700.0,compose,1.0,False,0.0,True
21980,1.393375113518414,transformer_compose120_f0.6_wd1.0_softmax_ce_s2,89700.0,compose,1.0,False,0.0,True
22980,1.2698682226960016,transformer_compose120_f0.6_wd1.0_softmax_ce_s2,89700.0,compose,1.0,False,0.0,True
23980,1.3529130509582294,transformer_compose120_f0.6_wd1.0_softmax_ce_s2,89700.0,compose,1.0,False,0.0,True
24980,1.2812650076797214,transformer_compose120_f0.6_wd1.0_softmax_ce_s2,89700.0,compose,1.0,False,0.0,True
25980,1.3521693335132037,transformer_compose120_f0.6_wd1.0_softmax_ce_s2,89700.0,compose,1.0,False,0.0,True
26980,1.2960789424713786,transformer_compose120_f0.6_wd1.0_softmax_ce_s2,89700.0,compose,1.0,False,0.0,True
27980,1.3681800140916585,transformer_compose120_f0.6_wd1.0_softmax_ce_s2,89700.0,compose,1.0,False,0.0,True
28980,1.3011271817927057,transformer_compose120_f0.6_wd1.0_softmax_ce_s2,89700.0,compose,1.0,False,0.0,True
29980,1.3256832202945958,transformer_compose120_f0.6_wd1.0_softmax_ce_s2,89700.0,compose,1.0,False,0.0,True
30980,1.379167358271948,transformer_compose120_f0.6_wd1.0_softmax_ce_s2,89700.0,compose,1.0,False,0.0,True
31980,1.3051441356464943,transformer_compose120_f0.6_wd1.0_softmax_ce_s2,89700.0,compose,1.0,False,0.0,True
32980,1.418593624217416,transformer_compose120_f0.6_wd1.0_softmax_ce_s2,89700.0,compose,1.0,False,0.0,True
33980,1.3942876435204992,transformer_compose120_f0.6_wd1.0_softmax_ce_s2,89700.0,compose,1.0,False,0.0,True
34980,1.3236661705320578,transformer_compose120_f0.6_wd1.0_softmax_ce_s2,89700.0,compose,1.0,False,0.0,True
35980,1.3610779438508664,transformer_compose120_f0.6_wd1.0_softmax_ce_s2,89700.0,compose,1.0,False,0.0,True
36980,1.2906091962129589,transformer_compose120_f0.6_wd1.0_softmax_ce_s2,89700.0,compose,1.0,False,0.0,True
37980,1.2947982692270832,transformer_compose120_f0.6_wd1.0_softmax_ce_s2,89700.0,compose,1.0,False,0.0,True
38980,1.310071917835518,transformer_compose120_f0.6_wd1.0_softmax_ce_s2,89700.0,compose,1.0,False,0.0,True
39980,1.3427426583315634,transformer_compose120_f0.6_wd1.0_softmax_ce_s2,89700.0,compose,1.0,False,0.0,True
40980,1.369324630853335,transformer_compose120_f0.6_wd1.0_softmax_ce_s2,89700.0,compose,1.0,False,0.0,True
41980,1.3097510556312295,transformer_compose120_f0.6_wd1.0_softmax_ce_s2,89700.0,compose,1.0,False,0.0,True
42980,1.3436357134252788,transformer_compose120_f0.6_wd1.0_softmax_ce_s2,89700.0,compose,1.0,False,0.0,True
43980,1.3106413354620063,transformer_compose120_f0.6_wd1.0_softmax_ce_s2,89700.0,compose,1.0,False,0.0,True
44980,1.2783168795966242,transformer_compose120_f0.6_wd1.0_softmax_ce_s2,89700.0,compose,1.0,False,0.0,True
45980,1.3118359950577605,transformer_compose120_f0.6_wd1.0_softmax_ce_s2,89700.0,compose,1.0,False,0.0,True
46980,1.2988293246080431,transformer_compose120_f0.6_wd1.0_softmax_ce_s2,89700.0,compose,1.0,False,0.0,True
47980,1.3433975758391106,transformer_compose120_f0.6_wd1.0_softmax_ce_s2,89700.0,compose,1.0,False,0.0,True
48980,1.3122816409670863,transformer_compose120_f0.6_wd1.0_softmax_ce_s2,89700.0,compose,1.0,False,0.0,True
49980,1.2939978842151327,transformer_compose120_f0.6_wd1.0_softmax_ce_s2,89700.0,compose,1.0,False,0.0,True
50980,1.265626420523836,transformer_compose120_f0.6_wd1.0_softmax_ce_s2,89700.0,compose,1.0,False,0.0,True
51980,1.3645903058222577,transformer_compose120_f0.6_wd1.0_softmax_ce_s2,89700.0,compose,1.0,False,0.0,True
52980,1.2584866101775465,transformer_compose120_f0.6_wd1.0_softmax_ce_s2,89700.0,compose,1.0,False,0.0,True
53980,1.2791913907963477,transformer_compose120_f0.6_wd1.0_softmax_ce_s2,89700.0,compose,1.0,False,0.0,True
54980,1.3439087378561887,transformer_compose120_f0.6_wd1.0_softmax_ce_s2,89700.0,compose,1.0,False,0.0,True
55980,1.319258293569094,transformer_compose120_f0.6_wd1.0_softmax_ce_s2,89700.0,compose,1.0,False,0.0,True
56980,1.3264794046766877,transformer_compose120_f0.6_wd1.0_softmax_ce_s2,89700.0,compose,1.0,False,0.0,True
57980,1.334989294061282,transformer_compose120_f0.6_wd1.0_softmax_ce_s2,89700.0,compose,1.0,False,0.0,True
58980,1.2909829699962485,transformer_compose120_f0.6_wd1.0_softmax_ce_s2,89700.0,compose,1.0,False,0.0,True
59980,1.3226886469154553,transformer_compose120_f0.6_wd1.0_softmax_ce_s2,89700.0,compose,1.0,False,0.0,True
60980,1.3060953419769112,transformer_compose120_f0.6_wd1.0_softmax_ce_s2,89700.0,compose,1.0,False,0.0,True
61980,1.301240044165645,transformer_compose120_f0.6_wd1.0_softmax_ce_s2,89700.0,compose,1.0,False,0.0,True
62980,1.3690247807755198,transformer_compose120_f0.6_wd1.0_softmax_ce_s2,89700.0,compose,1.0,False,0.0,True
63980,1.3255613049910488,transformer_compose120_f0.6_wd1.0_softmax_ce_s2,89700.0,compose,1.0,False,0.0,True
64980,1.232576942458146,transformer_compose120_f0.6_wd1.0_softmax_ce_s2,89700.0,compose,1.0,False,0.0,True
65980,1.2954453142703313,transformer_compose120_f0.6_wd1.0_softmax_ce_s2,89700.0,compose,1.0,False,0.0,True
66980,1.2486989357028109,transformer_compose120_f0.6_wd1.0_softmax_ce_s2,89700.0,compose,1.0,False,0.0,True
67980,1.296612556738011,transformer_compose120_f0.6_wd1.0_softmax_ce_s2,89700.0,compose,1.0,False,0.0,True
68980,1.2428452677384525,transformer_compose120_f0.6_wd1.0_softmax_ce_s2,89700.0,compose,1.0,False,0.0,True
69980,1.3330120638049991,transformer_compose120_f0.6_wd1.0_softmax_ce_s2,89700.0,compose,1.0,False,0.0,True
70980,1.2975557966490268,transformer_compose120_f0.6_wd1.0_softmax_ce_s2,89700.0,compose,1.0,False,0.0,True
71980,1.3107748148318583,transformer_compose120_f0.6_wd1.0_softmax_ce_s2,89700.0,compose,1.0,False,0.0,True
72980,1.3195644822265358,transformer_compose120_f0.6_wd1.0_softmax_ce_s2,89700.0,compose,1.0,False,0.0,True
73980,1.3111664467096935,transformer_compose120_f0.6_wd1.0_softmax_ce_s2,89700.0,compose,1.0,False,0.0,True
74980,1.3104468378516447,transformer_compose120_f0.6_wd1.0_softmax_ce_s2,89700.0,compose,1.0,False,0.0,True
75980,1.414786638301974,transformer_compose120_f0.6_wd1.0_softmax_ce_s2,89700.0,compose,1.0,False,0.0,True
76980,1.3147465057059653,transformer_compose120_f0.6_wd1.0_softmax_ce_s2,89700.0,compose,1.0,False,0.0,True
77980,1.2748771533782102,transformer_compose120_f0.6_wd1.0_softmax_ce_s2,89700.0,compose,1.0,False,0.0,True
78980,1.260229527182852,transformer_compose120_f0.6_wd1.0_softmax_ce_s2,89700.0,compose,1.0,False,0.0,True
79980,1.2814592157491649,transformer_compose120_f0.6_wd1.0_softmax_ce_s2,89700.0,compose,1.0,False,0.0,True
80980,1.329795052759061,transformer_compose120_f0.6_wd1.0_softmax_ce_s2,89700.0,compose,1.0,False,0.0,True
81980,1.3705511532696877,transformer_compose120_f0.6_wd1.0_softmax_ce_s2,89700.0,compose,1.0,False,0.0,True
82980,1.3561989810671609,transformer_compose120_f0.6_wd1.0_softmax_ce_s2,89700.0,compose,1.0,False,0.0,True
83980,1.3968329067295964,transformer_compose120_f0.6_wd1.0_softmax_ce_s2,89700.0,compose,1.0,False,0.0,True
84980,1.3062271479227945,transformer_compose120_f0.6_wd1.0_softmax_ce_s2,89700.0,compose,1.0,False,0.0,True
85980,1.281647572517463,transformer_compose120_f0.6_wd1.0_softmax_ce_s2,89700.0,compose,1.0,False,0.0,True
86980,1.3173046098238437,transformer_compose120_f0.6_wd1.0_softmax_ce_s2,89700.0,compose,1.0,False,0.0,True
87980,1.33096557800321,transformer_compose120_f0.6_wd1.0_softmax_ce_s2,89700.0,compose,1.0,False,0.0,True
88980,1.2879118151233186,transformer_compose120_f0.6_wd1.0_softmax_ce_s2,89700.0,compose,1.0,False,0.0,True
89980,1.3252276345823413,transformer_compose120_f0.6_wd1.0_softmax_ce_s2,89700.0,compose,1.0,False,0.0,True
90980,1.249153021717171,transformer_compose120_f0.6_wd1.0_softmax_ce_s2,89700.0,compose,1.0,False,0.0,True
91980,1.166051822431041,transformer_compose120_f0.6_wd1.0_softmax_ce_s2,89700.0,compose,1.0,False,0.0,True
92980,1.1366317042888732,transformer_compose120_f0.6_wd1.0_softmax_ce_s2,89700.0,compose,1.0,False,0.0,True
93980,1.0893713159119949,transformer_compose120_f0.6_wd1.0_softmax_ce_s2,89700.0,compose,1.0,False,0.0,True
94980,1.101607574736896,transformer_compose120_f0.6_wd1.0_softmax_ce_s2,89700.0,compose,1.0,False,0.0,True
95980,1.1207942876343815,transformer_compose120_f0.6_wd1.0_softmax_ce_s2,89700.0,compose,1.0,False,0.0,True
96980,1.105094148238589,transformer_compose120_f0.6_wd1.0_softmax_ce_s2,89700.0,compose,1.0,False,0.0,True
97980,1.1093237762998616,transformer_compose120_f0.6_wd1.0_softmax_ce_s2,89700.0,compose,1.0,False,0.0,True
98980,1.1229139266176218,transformer_compose120_f0.6_wd1.0_softmax_ce_s2,89700.0,compose,1.0,False,0.0,True
99980,1.115955614252934,transformer_compose120_f0.6_wd1.0_softmax_ce_s2,89700.0,compose,1.0,False,0.0,True
3980,1.311060381710845,transformer_compose120_f0.6_wd1.0_softmax_ce_s3,83200.0,compose,1.0,False,0.0,True
4980,1.4056734888448352,transformer_compose120_f0.6_wd1.0_softmax_ce_s3,83200.0,compose,1.0,False,0.0,True
5980,1.4773312568449606,transformer_compose120_f0.6_wd1.0_softmax_ce_s3,83200.0,compose,1.0,False,0.0,True
6980,1.346066286681157,transformer_compose120_f0.6_wd1.0_softmax_ce_s3,83200.0,compose,1.0,False,0.0,True
7980,1.4238289292706046,transformer_compose120_f0.6_wd1.0_softmax_ce_s3,83200.0,compose,1.0,False,0.0,True
8980,1.3054013049231237,transformer_compose120_f0.6_wd1.0_softmax_ce_s3,83200.0,compose,1.0,False,0.0,True
9980,1.32357424496721,transformer_compose120_f0.6_wd1.0_softmax_ce_s3,83200.0,compose,1.0,False,0.0,True
10980,1.336813180508506,transformer_compose120_f0.6_wd1.0_softmax_ce_s3,83200.0,compose,1.0,False,0.0,True
11980,1.291312832625242,transformer_compose120_f0.6_wd1.0_softmax_ce_s3,83200.0,compose,1.0,False,0.0,True
12980,1.3738351944538385,transformer_compose120_f0.6_wd1.0_softmax_ce_s3,83200.0,compose,1.0,False,0.0,True
13980,1.2654604285142832,transformer_compose120_f0.6_wd1.0_softmax_ce_s3,83200.0,compose,1.0,False,0.0,True
14980,1.3304987197159326,transformer_compose120_f0.6_wd1.0_softmax_ce_s3,83200.0,compose,1.0,False,0.0,True
15980,1.279232544782307,transformer_compose120_f0.6_wd1.0_softmax_ce_s3,83200.0,compose,1.0,False,0.0,True
16980,1.395155859906032,transformer_compose120_f0.6_wd1.0_softmax_ce_s3,83200.0,compose,1.0,False,0.0,True
17980,1.402289831965165,transformer_compose120_f0.6_wd1.0_softmax_ce_s3,83200.0,compose,1.0,False,0.0,True
18980,1.3292518288383788,transformer_compose120_f0.6_wd1.0_softmax_ce_s3,83200.0,compose,1.0,False,0.0,True
19980,1.33848635809427,transformer_compose120_f0.6_wd1.0_softmax_ce_s3,83200.0,compose,1.0,False,0.0,True
20980,1.4057605305908951,transformer_compose120_f0.6_wd1.0_softmax_ce_s3,83200.0,compose,1.0,False,0.0,True
21980,1.2942607717607284,transformer_compose120_f0.6_wd1.0_softmax_ce_s3,83200.0,compose,1.0,False,0.0,True
22980,1.353470022055094,transformer_compose120_f0.6_wd1.0_softmax_ce_s3,83200.0,compose,1.0,False,0.0,True
23980,1.346787814293534,transformer_compose120_f0.6_wd1.0_softmax_ce_s3,83200.0,compose,1.0,False,0.0,True
24980,1.3287525870431909,transformer_compose120_f0.6_wd1.0_softmax_ce_s3,83200.0,compose,1.0,False,0.0,True
25980,1.2319348430360504,transformer_compose120_f0.6_wd1.0_softmax_ce_s3,83200.0,compose,1.0,False,0.0,True
26980,1.3701635671432717,transformer_compose120_f0.6_wd1.0_softmax_ce_s3,83200.0,compose,1.0,False,0.0,True
27980,1.3318778477470878,transformer_compose120_f0.6_wd1.0_softmax_ce_s3,83200.0,compose,1.0,False,0.0,True
28980,1.308776114791084,transformer_compose120_f0.6_wd1.0_softmax_ce_s3,83200.0,compose,1.0,False,0.0,True
29980,1.398148592919889,transformer_compose120_f0.6_wd1.0_softmax_ce_s3,83200.0,compose,1.0,False,0.0,True
30980,1.301241309303536,transformer_compose120_f0.6_wd1.0_softmax_ce_s3,83200.0,compose,1.0,False,0.0,True
31980,1.3044794049414066,transformer_compose120_f0.6_wd1.0_softmax_ce_s3,83200.0,compose,1.0,False,0.0,True
32980,1.320084462972948,transformer_compose120_f0.6_wd1.0_softmax_ce_s3,83200.0,compose,1.0,False,0.0,True
33980,1.40703460170369,transformer_compose120_f0.6_wd1.0_softmax_ce_s3,83200.0,compose,1.0,False,0.0,True
34980,1.2680476383288397,transformer_compose120_f0.6_wd1.0_softmax_ce_s3,83200.0,compose,1.0,False,0.0,True
35980,1.247819691579836,transformer_compose120_f0.6_wd1.0_softmax_ce_s3,83200.0,compose,1.0,False,0.0,True
36980,1.3706082147137506,transformer_compose120_f0.6_wd1.0_softmax_ce_s3,83200.0,compose,1.0,False,0.0,True
37980,1.2418655335554691,transformer_compose120_f0.6_wd1.0_softmax_ce_s3,83200.0,compose,1.0,False,0.0,True
38980,1.2897972523558463,transformer_compose120_f0.6_wd1.0_softmax_ce_s3,83200.0,compose,1.0,False,0.0,True
39980,1.3382311191279788,transformer_compose120_f0.6_wd1.0_softmax_ce_s3,83200.0,compose,1.0,False,0.0,True
40980,1.2591589421396725,transformer_compose120_f0.6_wd1.0_softmax_ce_s3,83200.0,compose,1.0,False,0.0,True
41980,1.3850248609554996,transformer_compose120_f0.6_wd1.0_softmax_ce_s3,83200.0,compose,1.0,False,0.0,True
42980,1.3132001231915622,transformer_compose120_f0.6_wd1.0_softmax_ce_s3,83200.0,compose,1.0,False,0.0,True
43980,1.2803056132677524,transformer_compose120_f0.6_wd1.0_softmax_ce_s3,83200.0,compose,1.0,False,0.0,True
44980,1.3360329500479131,transformer_compose120_f0.6_wd1.0_softmax_ce_s3,83200.0,compose,1.0,False,0.0,True
45980,1.287736580532589,transformer_compose120_f0.6_wd1.0_softmax_ce_s3,83200.0,compose,1.0,False,0.0,True
46980,1.3781398949065335,transformer_compose120_f0.6_wd1.0_softmax_ce_s3,83200.0,compose,1.0,False,0.0,True
47980,1.3386074218843476,transformer_compose120_f0.6_wd1.0_softmax_ce_s3,83200.0,compose,1.0,False,0.0,True
48980,1.2259345092023126,transformer_compose120_f0.6_wd1.0_softmax_ce_s3,83200.0,compose,1.0,False,0.0,True
49980,1.297335030210846,transformer_compose120_f0.6_wd1.0_softmax_ce_s3,83200.0,compose,1.0,False,0.0,True
50980,1.3157023794921654,transformer_compose120_f0.6_wd1.0_softmax_ce_s3,83200.0,compose,1.0,False,0.0,True
51980,1.2734794646284175,transformer_compose120_f0.6_wd1.0_softmax_ce_s3,83200.0,compose,1.0,False,0.0,True
52980,1.2494505106754457,transformer_compose120_f0.6_wd1.0_softmax_ce_s3,83200.0,compose,1.0,False,0.0,True
53980,1.350527679164269,transformer_compose120_f0.6_wd1.0_softmax_ce_s3,83200.0,compose,1.0,False,0.0,True
54980,1.2652781609856945,transformer_compose120_f0.6_wd1.0_softmax_ce_s3,83200.0,compose,1.0,False,0.0,True
55980,1.2998813544452537,transformer_compose120_f0.6_wd1.0_softmax_ce_s3,83200.0,compose,1.0,False,0.0,True
56980,1.316806836381356,transformer_compose120_f0.6_wd1.0_softmax_ce_s3,83200.0,compose,1.0,False,0.0,True
57980,1.2949651884628126,transformer_compose120_f0.6_wd1.0_softmax_ce_s3,83200.0,compose,1.0,False,0.0,True
58980,1.293271544210176,transformer_compose120_f0.6_wd1.0_softmax_ce_s3,83200.0,compose,1.0,False,0.0,True
59980,1.3692289517336214,transformer_compose120_f0.6_wd1.0_softmax_ce_s3,83200.0,compose,1.0,False,0.0,True
60980,1.3784680728806673,transformer_compose120_f0.6_wd1.0_softmax_ce_s3,83200.0,compose,1.0,False,0.0,True
61980,1.306218120292957,transformer_compose120_f0.6_wd1.0_softmax_ce_s3,83200.0,compose,1.0,False,0.0,True
62980,1.3611579170623107,transformer_compose120_f0.6_wd1.0_softmax_ce_s3,83200.0,compose,1.0,False,0.0,True
63980,1.303954675705398,transformer_compose120_f0.6_wd1.0_softmax_ce_s3,83200.0,compose,1.0,False,0.0,True
64980,1.313356934999878,transformer_compose120_f0.6_wd1.0_softmax_ce_s3,83200.0,compose,1.0,False,0.0,True
65980,1.323648714570444,transformer_compose120_f0.6_wd1.0_softmax_ce_s3,83200.0,compose,1.0,False,0.0,True
66980,1.3328967595102608,transformer_compose120_f0.6_wd1.0_softmax_ce_s3,83200.0,compose,1.0,False,0.0,True
67980,1.2822922077734185,transformer_compose120_f0.6_wd1.0_softmax_ce_s3,83200.0,compose,1.0,False,0.0,True
68980,1.3411900201976708,transformer_compose120_f0.6_wd1.0_softmax_ce_s3,83200.0,compose,1.0,False,0.0,True
69980,1.3891498386666568,transformer_compose120_f0.6_wd1.0_softmax_ce_s3,83200.0,compose,1.0,False,0.0,True
70980,1.278566434224684,transformer_compose120_f0.6_wd1.0_softmax_ce_s3,83200.0,compose,1.0,False,0.0,True
71980,1.3198516327868035,transformer_compose120_f0.6_wd1.0_softmax_ce_s3,83200.0,compose,1.0,False,0.0,True
72980,1.352021878773244,transformer_compose120_f0.6_wd1.0_softmax_ce_s3,83200.0,compose,1.0,False,0.0,True
73980,1.2855277890629628,transformer_compose120_f0.6_wd1.0_softmax_ce_s3,83200.0,compose,1.0,False,0.0,True
74980,1.3432137143252203,transformer_compose120_f0.6_wd1.0_softmax_ce_s3,83200.0,compose,1.0,False,0.0,True
75980,1.371154460836719,transformer_compose120_f0.6_wd1.0_softmax_ce_s3,83200.0,compose,1.0,False,0.0,True
76980,1.3691029175967913,transformer_compose120_f0.6_wd1.0_softmax_ce_s3,83200.0,compose,1.0,False,0.0,True
77980,1.3022699737458523,transformer_compose120_f0.6_wd1.0_softmax_ce_s3,83200.0,compose,1.0,False,0.0,True
78980,1.3442344975999174,transformer_compose120_f0.6_wd1.0_softmax_ce_s3,83200.0,compose,1.0,False,0.0,True
79980,1.2812811312830723,transformer_compose120_f0.6_wd1.0_softmax_ce_s3,83200.0,compose,1.0,False,0.0,True
80980,1.253894951142933,transformer_compose120_f0.6_wd1.0_softmax_ce_s3,83200.0,compose,1.0,False,0.0,True
81980,1.286589429746368,transformer_compose120_f0.6_wd1.0_softmax_ce_s3,83200.0,compose,1.0,False,0.0,True
82980,1.2746138776046625,transformer_compose120_f0.6_wd1.0_softmax_ce_s3,83200.0,compose,1.0,False,0.0,True
83980,1.2359219771193617,transformer_compose120_f0.6_wd1.0_softmax_ce_s3,83200.0,compose,1.0,False,0.0,True
84980,1.282599810931082,transformer_compose120_f0.6_wd1.0_softmax_ce_s3,83200.0,compose,1.0,False,0.0,True
85980,1.1985364403010583,transformer_compose120_f0.6_wd1.0_softmax_ce_s3,83200.0,compose,1.0,False,0.0,True
86980,1.2212946736365236,transformer_compose120_f0.6_wd1.0_softmax_ce_s3,83200.0,compose,1.0,False,0.0,True
87980,1.1633191974031225,transformer_compose120_f0.6_wd1.0_softmax_ce_s3,83200.0,compose,1.0,False,0.0,True
88980,1.147653206825971,transformer_compose120_f0.6_wd1.0_softmax_ce_s3,83200.0,compose,1.0,False,0.0,True
89980,1.1321586432568944,transformer_compose120_f0.6_wd1.0_softmax_ce_s3,83200.0,compose,1.0,False,0.0,True
90980,1.0979572786359248,transformer_compose120_f0.6_wd1.0_softmax_ce_s3,83200.0,compose,1.0,False,0.0,True
91980,1.1024025153792472,transformer_compose120_f0.6_wd1.0_softmax_ce_s3,83200.0,compose,1.0,False,0.0,True
92980,1.1109312091085688,transformer_compose120_f0.6_wd1.0_softmax_ce_s3,83200.0,compose,1.0,False,0.0,True
93980,1.1783087440192734,transformer_compose120_f0.6_wd1.0_softmax_ce_s3,83200.0,compose,1.0,False,0.0,True
94980,1.111543995832266,transformer_compose120_f0.6_wd1.0_softmax_ce_s3,83200.0,compose,1.0,False,0.0,True
95980,1.1254211688329472,transformer_compose120_f0.6_wd1.0_softmax_ce_s3,83200.0,compose,1.0,False,0.0,True
96980,1.1156961270597194,transformer_compose120_f0.6_wd1.0_softmax_ce_s3,83200.0,compose,1.0,False,0.0,True
97980,1.0827745953637589,transformer_compose120_f0.6_wd1.0_softmax_ce_s3,83200.0,compose,1.0,False,0.0,True
98980,1.1183837974199888,transformer_compose120_f0.6_wd1.0_softmax_ce_s3,83200.0,compose,1.0,False,0.0,True
99980,1.5254873239759208,transformer_compose120_f0.6_wd1.0_softmax_ce_s3,83200.0,compose,1.0,False,0.0,True
3980,1.4269855792146622,transformer_compose120_f0.6_wd1.0_softmax_ce_s4,17100.0,compose,1.0,False,0.0,True
4980,1.4125353598757189,transformer_compose120_f0.6_wd1.0_softmax_ce_s4,17100.0,compose,1.0,False,0.0,True
5980,1.3849235289870143,transformer_compose120_f0.6_wd1.0_softmax_ce_s4,17100.0,compose,1.0,False,0.0,True
6980,1.3307370980435047,transformer_compose120_f0.6_wd1.0_softmax_ce_s4,17100.0,compose,1.0,False,0.0,True
7980,1.2437934932617043,transformer_compose120_f0.6_wd1.0_softmax_ce_s4,17100.0,compose,1.0,False,0.0,True
8980,1.3008795733364105,transformer_compose120_f0.6_wd1.0_softmax_ce_s4,17100.0,compose,1.0,False,0.0,True
9980,1.286634100622826,transformer_compose120_f0.6_wd1.0_softmax_ce_s4,17100.0,compose,1.0,False,0.0,True
10980,1.3797768829518564,transformer_compose120_f0.6_wd1.0_softmax_ce_s4,17100.0,compose,1.0,False,0.0,True
11980,1.3038738531016665,transformer_compose120_f0.6_wd1.0_softmax_ce_s4,17100.0,compose,1.0,False,0.0,True
12980,1.332561773661161,transformer_compose120_f0.6_wd1.0_softmax_ce_s4,17100.0,compose,1.0,False,0.0,True
13980,1.330498947560269,transformer_compose120_f0.6_wd1.0_softmax_ce_s4,17100.0,compose,1.0,False,0.0,True
14980,1.2623140269747648,transformer_compose120_f0.6_wd1.0_softmax_ce_s4,17100.0,compose,1.0,False,0.0,True
15980,1.2871035147752032,transformer_compose120_f0.6_wd1.0_softmax_ce_s4,17100.0,compose,1.0,False,0.0,True
16980,1.2342322398220298,transformer_compose120_f0.6_wd1.0_softmax_ce_s4,17100.0,compose,1.0,False,0.0,True
17980,1.1869726309002269,transformer_compose120_f0.6_wd1.0_softmax_ce_s4,17100.0,compose,1.0,False,0.0,True
18980,1.2029868736593887,transformer_compose120_f0.6_wd1.0_softmax_ce_s4,17100.0,compose,1.0,False,0.0,True
19980,1.144165053901966,transformer_compose120_f0.6_wd1.0_softmax_ce_s4,17100.0,compose,1.0,False,0.0,True
20980,1.1221496296194793,transformer_compose120_f0.6_wd1.0_softmax_ce_s4,17100.0,compose,1.0,False,0.0,True
21980,1.1439017797898663,transformer_compose120_f0.6_wd1.0_softmax_ce_s4,17100.0,compose,1.0,False,0.0,True
22980,1.1218745961268115,transformer_compose120_f0.6_wd1.0_softmax_ce_s4,17100.0,compose,1.0,False,0.0,True
23980,1.1133482230332772,transformer_compose120_f0.6_wd1.0_softmax_ce_s4,17100.0,compose,1.0,False,0.0,True
24980,1.0737659219751488,transformer_compose120_f0.6_wd1.0_softmax_ce_s4,17100.0,compose,1.0,False,0.0,True
25980,1.1103625417882446,transformer_compose120_f0.6_wd1.0_softmax_ce_s4,17100.0,compose,1.0,False,0.0,True
26980,1.0998387244033363,transformer_compose120_f0.6_wd1.0_softmax_ce_s4,17100.0,compose,1.0,False,0.0,True
27980,1.0903825012970367,transformer_compose120_f0.6_wd1.0_softmax_ce_s4,17100.0,compose,1.0,False,0.0,True
28980,1.1166713364574752,transformer_compose120_f0.6_wd1.0_softmax_ce_s4,17100.0,compose,1.0,False,0.0,True
29980,1.077235293783123,transformer_compose120_f0.6_wd1.0_softmax_ce_s4,17100.0,compose,1.0,False,0.0,True
30980,1.086489502612322,transformer_compose120_f0.6_wd1.0_softmax_ce_s4,17100.0,compose,1.0,False,0.0,True
31980,1.0771073783317864,transformer_compose120_f0.6_wd1.0_softmax_ce_s4,17100.0,compose,1.0,False,0.0,True
32980,1.1145219058052251,transformer_compose120_f0.6_wd1.0_softmax_ce_s4,17100.0,compose,1.0,False,0.0,True
33980,1.1409860152876077,transformer_compose120_f0.6_wd1.0_softmax_ce_s4,17100.0,compose,1.0,False,0.0,True
34980,1.1214991884661234,transformer_compose120_f0.6_wd1.0_softmax_ce_s4,17100.0,compose,1.0,False,0.0,True
35980,1.1468731336621958,transformer_compose120_f0.6_wd1.0_softmax_ce_s4,17100.0,compose,1.0,False,0.0,True
36980,1.099396481620365,transformer_compose120_f0.6_wd1.0_softmax_ce_s4,17100.0,compose,1.0,False,0.0,True
37980,1.0672648773474314,transformer_compose120_f0.6_wd1.0_softmax_ce_s4,17100.0,compose,1.0,False,0.0,True
38980,1.1112251291738986,transformer_compose120_f0.6_wd1.0_softmax_ce_s4,17100.0,compose,1.0,False,0.0,True
39980,1.0717232110489765,transformer_compose120_f0.6_wd1.0_softmax_ce_s4,17100.0,compose,1.0,False,0.0,True
40980,1.0881781496660043,transformer_compose120_f0.6_wd1.0_softmax_ce_s4,17100.0,compose,1.0,False,0.0,True
41980,1.1298848346960264,transformer_compose120_f0.6_wd1.0_softmax_ce_s4,17100.0,compose,1.0,False,0.0,True
42980,1.1100698648496552,transformer_compose120_f0.6_wd1.0_softmax_ce_s4,17100.0,compose,1.0,False,0.0,True
43980,1.176606610065369,transformer_compose120_f0.6_wd1.0_softmax_ce_s4,17100.0,compose,1.0,False,0.0,True
44980,1.164305387460998,transformer_compose120_f0.6_wd1.0_softmax_ce_s4,17100.0,compose,1.0,False,0.0,True
45980,1.1168552859584149,transformer_compose120_f0.6_wd1.0_softmax_ce_s4,17100.0,compose,1.0,False,0.0,True
46980,1.1316512578331104,transformer_compose120_f0.6_wd1.0_softmax_ce_s4,17100.0,compose,1.0,False,0.0,True
47980,1.0926324661832996,transformer_compose120_f0.6_wd1.0_softmax_ce_s4,17100.0,compose,1.0,False,0.0,True
48980,1.1063693096478724,transformer_compose120_f0.6_wd1.0_softmax_ce_s4,17100.0,compose,1.0,False,0.0,True
49980,1.1932228459623306,transformer_compose120_f0.6_wd1.0_softmax_ce_s4,17100.0,compose,1.0,False,0.0,True
50980,1.0775133382051274,transformer_compose120_f0.6_wd1.0_softmax_ce_s4,17100.0,compose,1.0,False,0.0,True
51980,1.1047500029513504,transformer_compose120_f0.6_wd1.0_softmax_ce_s4,17100.0,compose,1.0,False,0.0,True
52980,1.1537453766401466,transformer_compose120_f0.6_wd1.0_softmax_ce_s4,17100.0,compose,1.0,False,0.0,True
53980,1.120865343373733,transformer_compose120_f0.6_wd1.0_softmax_ce_s4,17100.0,compose,1.0,False,0.0,True
54980,1.151373820103858,transformer_compose120_f0.6_wd1.0_softmax_ce_s4,17100.0,compose,1.0,False,0.0,True
55980,1.1058870842822377,transformer_compose120_f0.6_wd1.0_softmax_ce_s4,17100.0,compose,1.0,False,0.0,True
56980,1.1293751081743029,transformer_compose120_f0.6_wd1.0_softmax_ce_s4,17100.0,compose,1.0,False,0.0,True
57980,1.1489892174142018,transformer_compose120_f0.6_wd1.0_softmax_ce_s4,17100.0,compose,1.0,False,0.0,True
58980,1.1192999941013984,transformer_compose120_f0.6_wd1.0_softmax_ce_s4,17100.0,compose,1.0,False,0.0,True
59980,1.0825474888090063,transformer_compose120_f0.6_wd1.0_softmax_ce_s4,17100.0,compose,1.0,False,0.0,True
60980,1.096126060632128,transformer_compose120_f0.6_wd1.0_softmax_ce_s4,17100.0,compose,1.0,False,0.0,True
61980,1.126794723911457,transformer_compose120_f0.6_wd1.0_softmax_ce_s4,17100.0,compose,1.0,False,0.0,True
62980,1.1269048261300805,transformer_compose120_f0.6_wd1.0_softmax_ce_s4,17100.0,compose,1.0,False,0.0,True
63980,1.1085273859824951,transformer_compose120_f0.6_wd1.0_softmax_ce_s4,17100.0,compose,1.0,False,0.0,True
64980,1.120133866128783,transformer_compose120_f0.6_wd1.0_softmax_ce_s4,17100.0,compose,1.0,False,0.0,True
65980,1.148848716873592,transformer_compose120_f0.6_wd1.0_softmax_ce_s4,17100.0,compose,1.0,False,0.0,True
66980,1.091079580982533,transformer_compose120_f0.6_wd1.0_softmax_ce_s4,17100.0,compose,1.0,False,0.0,True
67980,1.128293966048323,transformer_compose120_f0.6_wd1.0_softmax_ce_s4,17100.0,compose,1.0,False,0.0,True
68980,1.1082045044605588,transformer_compose120_f0.6_wd1.0_softmax_ce_s4,17100.0,compose,1.0,False,0.0,True
69980,1.104459163397112,transformer_compose120_f0.6_wd1.0_softmax_ce_s4,17100.0,compose,1.0,False,0.0,True
70980,1.1174407523016143,transformer_compose120_f0.6_wd1.0_softmax_ce_s4,17100.0,compose,1.0,False,0.0,True
71980,1.0988582033474192,transformer_compose120_f0.6_wd1.0_softmax_ce_s4,17100.0,compose,1.0,False,0.0,True
72980,1.107170065832167,transformer_compose120_f0.6_wd1.0_softmax_ce_s4,17100.0,compose,1.0,False,0.0,True
73980,1.1201834841011769,transformer_compose120_f0.6_wd1.0_softmax_ce_s4,17100.0,compose,1.0,False,0.0,True
74980,1.1188598408696089,transformer_compose120_f0.6_wd1.0_softmax_ce_s4,17100.0,compose,1.0,False,0.0,True
75980,1.1297329751176253,transformer_compose120_f0.6_wd1.0_softmax_ce_s4,17100.0,compose,1.0,False,0.0,True
76980,1.138627492400602,transformer_compose120_f0.6_wd1.0_softmax_ce_s4,17100.0,compose,1.0,False,0.0,True
77980,1.1057909010014202,transformer_compose120_f0.6_wd1.0_softmax_ce_s4,17100.0,compose,1.0,False,0.0,True
78980,1.113978867818481,transformer_compose120_f0.6_wd1.0_softmax_ce_s4,17100.0,compose,1.0,False,0.0,True
79980,1.1040299289799194,transformer_compose120_f0.6_wd1.0_softmax_ce_s4,17100.0,compose,1.0,False,0.0,True
80980,1.129300424135509,transformer_compose120_f0.6_wd1.0_softmax_ce_s4,17100.0,compose,1.0,False,0.0,True
81980,1.0987050491890806,transformer_compose120_f0.6_wd1.0_softmax_ce_s4,17100.0,compose,1.0,False,0.0,True
82980,1.1010557582774243,transformer_compose120_f0.6_wd1.0_softmax_ce_s4,17100.0,compose,1.0,False,0.0,True
83980,1.1268972623088906,transformer_compose120_f0.6_wd1.0_softmax_ce_s4,17100.0,compose,1.0,False,0.0,True
84980,1.1362455849172712,transformer_compose120_f0.6_wd1.0_softmax_ce_s4,17100.0,compose,1.0,False,0.0,True
85980,1.1116704677967304,transformer_compose120_f0.6_wd1.0_softmax_ce_s4,17100.0,compose,1.0,False,0.0,True
86980,1.1682954593237715,transformer_compose120_f0.6_wd1.0_softmax_ce_s4,17100.0,compose,1.0,False,0.0,True
87980,1.1121399364849267,transformer_compose120_f0.6_wd1.0_softmax_ce_s4,17100.0,compose,1.0,False,0.0,True
88980,1.0992099900880634,transformer_compose120_f0.6_wd1.0_softmax_ce_s4,17100.0,compose,1.0,False,0.0,True
89980,1.1410086911086248,transformer_compose120_f0.6_wd1.0_softmax_ce_s4,17100.0,compose,1.0,False,0.0,True
90980,1.1193012687983936,transformer_compose120_f0.6_wd1.0_softmax_ce_s4,17100.0,compose,1.0,False,0.0,True
91980,1.1289690938882426,transformer_compose120_f0.6_wd1.0_softmax_ce_s4,17100.0,compose,1.0,False,0.0,True
92980,1.1789110017489108,transformer_compose120_f0.6_wd1.0_softmax_ce_s4,17100.0,compose,1.0,False,0.0,True
93980,1.104169154718247,transformer_compose120_f0.6_wd1.0_softmax_ce_s4,17100.0,compose,1.0,False,0.0,True
94980,1.1273811855320022,transformer_compose120_f0.6_wd1.0_softmax_ce_s4,17100.0,compose,1.0,False,0.0,True
95980,1.128455965524341,transformer_compose120_f0.6_wd1.0_softmax_ce_s4,17100.0,compose,1.0,False,0.0,True
96980,1.1185624449080591,transformer_compose120_f0.6_wd1.0_softmax_ce_s4,17100.0,compose,1.0,False,0.0,True
97980,1.1135517499137886,transformer_compose120_f0.6_wd1.0_softmax_ce_s4,17100.0,compose,1.0,False,0.0,True
98980,1.1329272312538106,transformer_compose120_f0.6_wd1.0_softmax_ce_s4,17100.0,compose,1.0,False,0.0,True
99980,1.0826418050023705,transformer_compose120_f0.6_wd1.0_softmax_ce_s4,17100.0,compose,1.0,False,0.0,True
3980,1.2769306491912382,transformer_compose120_f0.6_wd1.0_softmax_ce_s5,30600.0,compose,1.0,False,0.0,True
4980,1.4482084355695186,transformer_compose120_f0.6_wd1.0_softmax_ce_s5,30600.0,compose,1.0,False,0.0,True
5980,1.4108299969637632,transformer_compose120_f0.6_wd1.0_softmax_ce_s5,30600.0,compose,1.0,False,0.0,True
6980,1.318535552041048,transformer_compose120_f0.6_wd1.0_softmax_ce_s5,30600.0,compose,1.0,False,0.0,True
7980,1.291843580943232,transformer_compose120_f0.6_wd1.0_softmax_ce_s5,30600.0,compose,1.0,False,0.0,True
8980,1.2614344130519048,transformer_compose120_f0.6_wd1.0_softmax_ce_s5,30600.0,compose,1.0,False,0.0,True
9980,1.3494130803299873,transformer_compose120_f0.6_wd1.0_softmax_ce_s5,30600.0,compose,1.0,False,0.0,True
10980,1.2919677534764027,transformer_compose120_f0.6_wd1.0_softmax_ce_s5,30600.0,compose,1.0,False,0.0,True
11980,1.3421435167299378,transformer_compose120_f0.6_wd1.0_softmax_ce_s5,30600.0,compose,1.0,False,0.0,True
12980,1.2616976696498745,transformer_compose120_f0.6_wd1.0_softmax_ce_s5,30600.0,compose,1.0,False,0.0,True
13980,1.2865148222105338,transformer_compose120_f0.6_wd1.0_softmax_ce_s5,30600.0,compose,1.0,False,0.0,True
14980,1.254576495751499,transformer_compose120_f0.6_wd1.0_softmax_ce_s5,30600.0,compose,1.0,False,0.0,True
15980,1.2569660844961283,transformer_compose120_f0.6_wd1.0_softmax_ce_s5,30600.0,compose,1.0,False,0.0,True
16980,1.3129090270643218,transformer_compose120_f0.6_wd1.0_softmax_ce_s5,30600.0,compose,1.0,False,0.0,True
17980,1.2575694886320516,transformer_compose120_f0.6_wd1.0_softmax_ce_s5,30600.0,compose,1.0,False,0.0,True
18980,1.246595272580532,transformer_compose120_f0.6_wd1.0_softmax_ce_s5,30600.0,compose,1.0,False,0.0,True
19980,1.2491579486761009,transformer_compose120_f0.6_wd1.0_softmax_ce_s5,30600.0,compose,1.0,False,0.0,True
20980,1.278404258739312,transformer_compose120_f0.6_wd1.0_softmax_ce_s5,30600.0,compose,1.0,False,0.0,True
21980,1.295358328311473,transformer_compose120_f0.6_wd1.0_softmax_ce_s5,30600.0,compose,1.0,False,0.0,True
22980,1.2854124812609695,transformer_compose120_f0.6_wd1.0_softmax_ce_s5,30600.0,compose,1.0,False,0.0,True
23980,1.2312746919679065,transformer_compose120_f0.6_wd1.0_softmax_ce_s5,30600.0,compose,1.0,False,0.0,True
24980,1.28387290455335,transformer_compose120_f0.6_wd1.0_softmax_ce_s5,30600.0,compose,1.0,False,0.0,True
25980,1.2751983235094562,transformer_compose120_f0.6_wd1.0_softmax_ce_s5,30600.0,compose,1.0,False,0.0,True
26980,1.2221265588351484,transformer_compose120_f0.6_wd1.0_softmax_ce_s5,30600.0,compose,1.0,False,0.0,True
27980,1.2738732096819647,transformer_compose120_f0.6_wd1.0_softmax_ce_s5,30600.0,compose,1.0,False,0.0,True
28980,1.3192041860345785,transformer_compose120_f0.6_wd1.0_softmax_ce_s5,30600.0,compose,1.0,False,0.0,True
29980,1.233405285320641,transformer_compose120_f0.6_wd1.0_softmax_ce_s5,30600.0,compose,1.0,False,0.0,True
30980,1.1561919505763292,transformer_compose120_f0.6_wd1.0_softmax_ce_s5,30600.0,compose,1.0,False,0.0,True
31980,1.1852893884931868,transformer_compose120_f0.6_wd1.0_softmax_ce_s5,30600.0,compose,1.0,False,0.0,True
32980,1.1353452552318877,transformer_compose120_f0.6_wd1.0_softmax_ce_s5,30600.0,compose,1.0,False,0.0,True
33980,1.1285334677956431,transformer_compose120_f0.6_wd1.0_softmax_ce_s5,30600.0,compose,1.0,False,0.0,True
34980,1.1166972494716991,transformer_compose120_f0.6_wd1.0_softmax_ce_s5,30600.0,compose,1.0,False,0.0,True
35980,1.1037560234627517,transformer_compose120_f0.6_wd1.0_softmax_ce_s5,30600.0,compose,1.0,False,0.0,True
36980,1.0833204508134993,transformer_compose120_f0.6_wd1.0_softmax_ce_s5,30600.0,compose,1.0,False,0.0,True
37980,1.0561265984199368,transformer_compose120_f0.6_wd1.0_softmax_ce_s5,30600.0,compose,1.0,False,0.0,True
38980,1.059830285889649,transformer_compose120_f0.6_wd1.0_softmax_ce_s5,30600.0,compose,1.0,False,0.0,True
39980,1.0660041769430442,transformer_compose120_f0.6_wd1.0_softmax_ce_s5,30600.0,compose,1.0,False,0.0,True
40980,1.0641620404590042,transformer_compose120_f0.6_wd1.0_softmax_ce_s5,30600.0,compose,1.0,False,0.0,True
41980,1.0569958891317044,transformer_compose120_f0.6_wd1.0_softmax_ce_s5,30600.0,compose,1.0,False,0.0,True
42980,1.0651318478293543,transformer_compose120_f0.6_wd1.0_softmax_ce_s5,30600.0,compose,1.0,False,0.0,True
43980,1.0559488913093813,transformer_compose120_f0.6_wd1.0_softmax_ce_s5,30600.0,compose,1.0,False,0.0,True
44980,1.0641996237834328,transformer_compose120_f0.6_wd1.0_softmax_ce_s5,30600.0,compose,1.0,False,0.0,True
45980,1.067931112510487,transformer_compose120_f0.6_wd1.0_softmax_ce_s5,30600.0,compose,1.0,False,0.0,True
46980,1.050225054663347,transformer_compose120_f0.6_wd1.0_softmax_ce_s5,30600.0,compose,1.0,False,0.0,True
47980,1.0418013758985434,transformer_compose120_f0.6_wd1.0_softmax_ce_s5,30600.0,compose,1.0,False,0.0,True
48980,1.0621657655631422,transformer_compose120_f0.6_wd1.0_softmax_ce_s5,30600.0,compose,1.0,False,0.0,True
49980,1.0469623255141896,transformer_compose120_f0.6_wd1.0_softmax_ce_s5,30600.0,compose,1.0,False,0.0,True
50980,1.0655471757288717,transformer_compose120_f0.6_wd1.0_softmax_ce_s5,30600.0,compose,1.0,False,0.0,True
51980,1.0530423239194795,transformer_compose120_f0.6_wd1.0_softmax_ce_s5,30600.0,compose,1.0,False,0.0,True
52980,1.076843458153536,transformer_compose120_f0.6_wd1.0_softmax_ce_s5,30600.0,compose,1.0,False,0.0,True
53980,1.0588543858190802,transformer_compose120_f0.6_wd1.0_softmax_ce_s5,30600.0,compose,1.0,False,0.0,True
54980,1.0456574069139095,transformer_compose120_f0.6_wd1.0_softmax_ce_s5,30600.0,compose,1.0,False,0.0,True
55980,1.0698178910584926,transformer_compose120_f0.6_wd1.0_softmax_ce_s5,30600.0,compose,1.0,False,0.0,True
56980,1.050887008183063,transformer_compose120_f0.6_wd1.0_softmax_ce_s5,30600.0,compose,1.0,False,0.0,True
57980,1.072807862179479,transformer_compose120_f0.6_wd1.0_softmax_ce_s5,30600.0,compose,1.0,False,0.0,True
58980,1.0632066023387363,transformer_compose120_f0.6_wd1.0_softmax_ce_s5,30600.0,compose,1.0,False,0.0,True
59980,1.0589300525294418,transformer_compose120_f0.6_wd1.0_softmax_ce_s5,30600.0,compose,1.0,False,0.0,True
60980,1.101849955307385,transformer_compose120_f0.6_wd1.0_softmax_ce_s5,30600.0,compose,1.0,False,0.0,True
61980,1.0698566303169414,transformer_compose120_f0.6_wd1.0_softmax_ce_s5,30600.0,compose,1.0,False,0.0,True
62980,1.0773406072483978,transformer_compose120_f0.6_wd1.0_softmax_ce_s5,30600.0,compose,1.0,False,0.0,True
63980,1.0702124658872527,transformer_compose120_f0.6_wd1.0_softmax_ce_s5,30600.0,compose,1.0,False,0.0,True
64980,1.0641877222290157,transformer_compose120_f0.6_wd1.0_softmax_ce_s5,30600.0,compose,1.0,False,0.0,True
65980,1.0478558132277025,transformer_compose120_f0.6_wd1.0_softmax_ce_s5,30600.0,compose,1.0,False,0.0,True
66980,1.0667969826656691,transformer_compose120_f0.6_wd1.0_softmax_ce_s5,30600.0,compose,1.0,False,0.0,True
67980,1.0703642424917394,transformer_compose120_f0.6_wd1.0_softmax_ce_s5,30600.0,compose,1.0,False,0.0,True
68980,1.0628431493625308,transformer_compose120_f0.6_wd1.0_softmax_ce_s5,30600.0,compose,1.0,False,0.0,True
69980,1.046312448865882,transformer_compose120_f0.6_wd1.0_softmax_ce_s5,30600.0,compose,1.0,False,0.0,True
70980,1.0536324068274028,transformer_compose120_f0.6_wd1.0_softmax_ce_s5,30600.0,compose,1.0,False,0.0,True
71980,1.0805027098161686,transformer_compose120_f0.6_wd1.0_softmax_ce_s5,30600.0,compose,1.0,False,0.0,True
72980,1.079445172726907,transformer_compose120_f0.6_wd1.0_softmax_ce_s5,30600.0,compose,1.0,False,0.0,True
73980,1.068272011297824,transformer_compose120_f0.6_wd1.0_softmax_ce_s5,30600.0,compose,1.0,False,0.0,True
74980,1.0450873878824027,transformer_compose120_f0.6_wd1.0_softmax_ce_s5,30600.0,compose,1.0,False,0.0,True
75980,1.044967120817918,transformer_compose120_f0.6_wd1.0_softmax_ce_s5,30600.0,compose,1.0,False,0.0,True
76980,1.0539421754827838,transformer_compose120_f0.6_wd1.0_softmax_ce_s5,30600.0,compose,1.0,False,0.0,True
77980,1.0730056754859856,transformer_compose120_f0.6_wd1.0_softmax_ce_s5,30600.0,compose,1.0,False,0.0,True
78980,1.0536661941909622,transformer_compose120_f0.6_wd1.0_softmax_ce_s5,30600.0,compose,1.0,False,0.0,True
79980,1.063243398517754,transformer_compose120_f0.6_wd1.0_softmax_ce_s5,30600.0,compose,1.0,False,0.0,True
80980,1.0505302860911128,transformer_compose120_f0.6_wd1.0_softmax_ce_s5,30600.0,compose,1.0,False,0.0,True
81980,1.0731393106662817,transformer_compose120_f0.6_wd1.0_softmax_ce_s5,30600.0,compose,1.0,False,0.0,True
82980,1.1079266527667042,transformer_compose120_f0.6_wd1.0_softmax_ce_s5,30600.0,compose,1.0,False,0.0,True
83980,1.080201268224051,transformer_compose120_f0.6_wd1.0_softmax_ce_s5,30600.0,compose,1.0,False,0.0,True
84980,1.0772719826943271,transformer_compose120_f0.6_wd1.0_softmax_ce_s5,30600.0,compose,1.0,False,0.0,True
85980,1.046848802247114,transformer_compose120_f0.6_wd1.0_softmax_ce_s5,30600.0,compose,1.0,False,0.0,True
86980,1.058765379644126,transformer_compose120_f0.6_wd1.0_softmax_ce_s5,30600.0,compose,1.0,False,0.0,True
87980,1.0453644385007197,transformer_compose120_f0.6_wd1.0_softmax_ce_s5,30600.0,compose,1.0,False,0.0,True
88980,1.048673661069426,transformer_compose120_f0.6_wd1.0_softmax_ce_s5,30600.0,compose,1.0,False,0.0,True
89980,1.0546400629525274,transformer_compose120_f0.6_wd1.0_softmax_ce_s5,30600.0,compose,1.0,False,0.0,True
90980,1.078196634726953,transformer_compose120_f0.6_wd1.0_softmax_ce_s5,30600.0,compose,1.0,False,0.0,True
91980,1.0663870675054152,transformer_compose120_f0.6_wd1.0_softmax_ce_s5,30600.0,compose,1.0,False,0.0,True
92980,1.0721857069509355,transformer_compose120_f0.6_wd1.0_softmax_ce_s5,30600.0,compose,1.0,False,0.0,True
93980,1.0466522738798951,transformer_compose120_f0.6_wd1.0_softmax_ce_s5,30600.0,compose,1.0,False,0.0,True
94980,1.0539024921529656,transformer_compose120_f0.6_wd1.0_softmax_ce_s5,30600.0,compose,1.0,False,0.0,True
95980,1.066182271551562,transformer_compose120_f0.6_wd1.0_softmax_ce_s5,30600.0,compose,1.0,False,0.0,True
96980,1.059066749841079,transformer_compose120_f0.6_wd1.0_softmax_ce_s5,30600.0,compose,1.0,False,0.0,True
97980,1.0779723745104757,transformer_compose120_f0.6_wd1.0_softmax_ce_s5,30600.0,compose,1.0,False,0.0,True
98980,1.068689663298929,transformer_compose120_f0.6_wd1.0_softmax_ce_s5,30600.0,compose,1.0,False,0.0,True
99980,1.0759110257066355,transformer_compose120_f0.6_wd1.0_softmax_ce_s5,30600.0,compose,1.0,False,0.0,True
100980,1.05971315314114,transformer_compose120_f0.6_wd1.0_softmax_ce_s5,30600.0,compose,1.0,False,0.0,True
101980,1.0695076971283086,transformer_compose120_f0.6_wd1.0_softmax_ce_s5,30600.0,compose,1.0,False,0.0,True
102980,1.060949974589518,transformer_compose120_f0.6_wd1.0_softmax_ce_s5,30600.0,compose,1.0,False,0.0,True
103980,1.052998038445138,transformer_compose120_f0.6_wd1.0_softmax_ce_s5,30600.0,compose,1.0,False,0.0,True
104980,1.061192321854152,transformer_compose120_f0.6_wd1.0_softmax_ce_s5,30600.0,compose,1.0,False,0.0,True
105980,1.0825299519246117,transformer_compose120_f0.6_wd1.0_softmax_ce_s5,30600.0,compose,1.0,False,0.0,True
106980,1.07619296173899,transformer_compose120_f0.6_wd1.0_softmax_ce_s5,30600.0,compose,1.0,False,0.0,True
107980,1.0849092060602463,transformer_compose120_f0.6_wd1.0_softmax_ce_s5,30600.0,compose,1.0,False,0.0,True
108980,1.069216139967479,transformer_compose120_f0.6_wd1.0_softmax_ce_s5,30600.0,compose,1.0,False,0.0,True
109980,1.049338969772348,transformer_compose120_f0.6_wd1.0_softmax_ce_s5,30600.0,compose,1.0,False,0.0,True
110980,1.0610235613006145,transformer_compose120_f0.6_wd1.0_softmax_ce_s5,30600.0,compose,1.0,False,0.0,True
111980,1.0867320190613023,transformer_compose120_f0.6_wd1.0_softmax_ce_s5,30600.0,compose,1.0,False,0.0,True
112980,1.0727655570929977,transformer_compose120_f0.6_wd1.0_softmax_ce_s5,30600.0,compose,1.0,False,0.0,True
113980,1.065570020127216,transformer_compose120_f0.6_wd1.0_softmax_ce_s5,30600.0,compose,1.0,False,0.0,True
114980,1.0630002836199266,transformer_compose120_f0.6_wd1.0_softmax_ce_s5,30600.0,compose,1.0,False,0.0,True
115980,1.0547039154965994,transformer_compose120_f0.6_wd1.0_softmax_ce_s5,30600.0,compose,1.0,False,0.0,True
116980,1.049334860550352,transformer_compose120_f0.6_wd1.0_softmax_ce_s5,30600.0,compose,1.0,False,0.0,True
117980,1.0892201674915865,transformer_compose120_f0.6_wd1.0_softmax_ce_s5,30600.0,compose,1.0,False,0.0,True
118980,1.0724466315193728,transformer_compose120_f0.6_wd1.0_softmax_ce_s5,30600.0,compose,1.0,False,0.0,True
119980,1.056452020770895,transformer_compose120_f0.6_wd1.0_softmax_ce_s5,30600.0,compose,1.0,False,0.0,True
120980,1.097940788145295,transformer_compose120_f0.6_wd1.0_softmax_ce_s5,30600.0,compose,1.0,False,0.0,True
121980,1.101256299469863,transformer_compose120_f0.6_wd1.0_softmax_ce_s5,30600.0,compose,1.0,False,0.0,True
122980,1.10750602848484,transformer_compose120_f0.6_wd1.0_softmax_ce_s5,30600.0,compose,1.0,False,0.0,True
123980,1.127581980808193,transformer_compose120_f0.6_wd1.0_softmax_ce_s5,30600.0,compose,1.0,False,0.0,True
124980,1.060943570044287,transformer_compose120_f0.6_wd1.0_softmax_ce_s5,30600.0,compose,1.0,False,0.0,True
125980,1.0769791745314934,transformer_compose120_f0.6_wd1.0_softmax_ce_s5,30600.0,compose,1.0,False,0.0,True
126980,1.1459382429569258,transformer_compose120_f0.6_wd1.0_softmax_ce_s5,30600.0,compose,1.0,False,0.0,True
127980,1.0840933395680723,transformer_compose120_f0.6_wd1.0_softmax_ce_s5,30600.0,compose,1.0,False,0.0,True
128980,1.1271634977886311,transformer_compose120_f0.6_wd1.0_softmax_ce_s5,30600.0,compose,1.0,False,0.0,True
129980,1.09834724968139,transformer_compose120_f0.6_wd1.0_softmax_ce_s5,30600.0,compose,1.0,False,0.0,True
130980,1.0660700731868031,transformer_compose120_f0.6_wd1.0_softmax_ce_s5,30600.0,compose,1.0,False,0.0,True
131980,1.0676993678745177,transformer_compose120_f0.6_wd1.0_softmax_ce_s5,30600.0,compose,1.0,False,0.0,True
132980,1.0960173300268052,transformer_compose120_f0.6_wd1.0_softmax_ce_s5,30600.0,compose,1.0,False,0.0,True
133980,1.1131515229254596,transformer_compose120_f0.6_wd1.0_softmax_ce_s5,30600.0,compose,1.0,False,0.0,True
134980,1.1246480381083803,transformer_compose120_f0.6_wd1.0_softmax_ce_s5,30600.0,compose,1.0,False,0.0,True
135980,1.1282588910147908,transformer_compose120_f0.6_wd1.0_softmax_ce_s5,30600.0,compose,1.0,False,0.0,True
136980,1.136384584672228,transformer_compose120_f0.6_wd1.0_softmax_ce_s5,30600.0,compose,1.0,False,0.0,True
137980,1.095891544508611,transformer_compose120_f0.6_wd1.0_softmax_ce_s5,30600.0,compose,1.0,False,0.0,True
138980,1.1003275201209164,transformer_compose120_f0.6_wd1.0_softmax_ce_s5,30600.0,compose,1.0,False,0.0,True
139980,1.099982084286944,transformer_compose120_f0.6_wd1.0_softmax_ce_s5,30600.0,compose,1.0,False,0.0,True
140980,1.100094337998868,transformer_compose120_f0.6_wd1.0_softmax_ce_s5,30600.0,compose,1.0,False,0.0,True
141980,1.1125974517616053,transformer_compose120_f0.6_wd1.0_softmax_ce_s5,30600.0,compose,1.0,False,0.0,True
142980,1.098909744958099,transformer_compose120_f0.6_wd1.0_softmax_ce_s5,30600.0,compose,1.0,False,0.0,True
143980,1.0958483086075672,transformer_compose120_f0.6_wd1.0_softmax_ce_s5,30600.0,compose,1.0,False,0.0,True
144980,1.1000781458951252,transformer_compose120_f0.6_wd1.0_softmax_ce_s5,30600.0,compose,1.0,False,0.0,True
145980,1.118576725121464,transformer_compose120_f0.6_wd1.0_softmax_ce_s5,30600.0,compose,1.0,False,0.0,True
146980,1.1133732727646746,transformer_compose120_f0.6_wd1.0_softmax_ce_s5,30600.0,compose,1.0,False,0.0,True
147980,1.1246159871381465,transformer_compose120_f0.6_wd1.0_softmax_ce_s5,30600.0,compose,1.0,False,0.0,True
148980,1.1248497290986796,transformer_compose120_f0.6_wd1.0_softmax_ce_s5,30600.0,compose,1.0,False,0.0,True
149980,1.1516547569809965,transformer_compose120_f0.6_wd1.0_softmax_ce_s5,30600.0,compose,1.0,False,0.0,True
150980,1.094270567338123,transformer_compose120_f0.6_wd1.0_softmax_ce_s5,30600.0,compose,1.0,False,0.0,True
151980,1.1223707407653971,transformer_compose120_f0.6_wd1.0_softmax_ce_s5,30600.0,compose,1.0,False,0.0,True
152980,1.0954348262427878,transformer_compose120_f0.6_wd1.0_softmax_ce_s5,30600.0,compose,1.0,False,0.0,True
153980,1.1369087066643364,transformer_compose120_f0.6_wd1.0_softmax_ce_s5,30600.0,compose,1.0,False,0.0,True
154980,1.118806426387442,transformer_compose120_f0.6_wd1.0_softmax_ce_s5,30600.0,compose,1.0,False,0.0,True
155980,1.119709631519507,transformer_compose120_f0.6_wd1.0_softmax_ce_s5,30600.0,compose,1.0,False,0.0,True
156980,1.090570153625764,transformer_compose120_f0.6_wd1.0_softmax_ce_s5,30600.0,compose,1.0,False,0.0,True
157980,1.111404463257644,transformer_compose120_f0.6_wd1.0_softmax_ce_s5,30600.0,compose,1.0,False,0.0,True
158980,1.0855390936068383,transformer_compose120_f0.6_wd1.0_softmax_ce_s5,30600.0,compose,1.0,False,0.0,True
159980,1.0719973572185095,transformer_compose120_f0.6_wd1.0_softmax_ce_s5,30600.0,compose,1.0,False,0.0,True
160980,1.1525426224799025,transformer_compose120_f0.6_wd1.0_softmax_ce_s5,30600.0,compose,1.0,False,0.0,True
161980,1.091118573531798,transformer_compose120_f0.6_wd1.0_softmax_ce_s5,30600.0,compose,1.0,False,0.0,True
162980,1.144965499941922,transformer_compose120_f0.6_wd1.0_softmax_ce_s5,30600.0,compose,1.0,False,0.0,True
163980,1.1332355249192383,transformer_compose120_f0.6_wd1.0_softmax_ce_s5,30600.0,compose,1.0,False,0.0,True
164980,1.1190421109915507,transformer_compose120_f0.6_wd1.0_softmax_ce_s5,30600.0,compose,1.0,False,0.0,True
165980,1.1099317923571943,transformer_compose120_f0.6_wd1.0_softmax_ce_s5,30600.0,compose,1.0,False,0.0,True
166980,1.1616644674952044,transformer_compose120_f0.6_wd1.0_softmax_ce_s5,30600.0,compose,1.0,False,0.0,True
167980,1.103763107376713,transformer_compose120_f0.6_wd1.0_softmax_ce_s5,30600.0,compose,1.0,False,0.0,True
168980,1.12369807559321,transformer_compose120_f0.6_wd1.0_softmax_ce_s5,30600.0,compose,1.0,False,0.0,True
169980,1.1726714589421117,transformer_compose120_f0.6_wd1.0_softmax_ce_s5,30600.0,compose,1.0,False,0.0,True
170980,1.0917712722243238,transformer_compose120_f0.6_wd1.0_softmax_ce_s5,30600.0,compose,1.0,False,0.0,True
171980,1.129378949476632,transformer_compose120_f0.6_wd1.0_softmax_ce_s5,30600.0,compose,1.0,False,0.0,True
172980,1.1190899934928098,transformer_compose120_f0.6_wd1.0_softmax_ce_s5,30600.0,compose,1.0,False,0.0,True
173980,1.0876064157334102,transformer_compose120_f0.6_wd1.0_softmax_ce_s5,30600.0,compose,1.0,False,0.0,True
174980,1.1089010172810627,transformer_compose120_f0.6_wd1.0_softmax_ce_s5,30600.0,compose,1.0,False,0.0,True
175980,1.0803884410777331,transformer_compose120_f0.6_wd1.0_softmax_ce_s5,30600.0,compose,1.0,False,0.0,True
176980,1.108041775243068,transformer_compose120_f0.6_wd1.0_softmax_ce_s5,30600.0,compose,1.0,False,0.0,True
177980,1.092575938635374,transformer_compose120_f0.6_wd1.0_softmax_ce_s5,30600.0,compose,1.0,False,0.0,True
178980,1.116279576930843,transformer_compose120_f0.6_wd1.0_softmax_ce_s5,30600.0,compose,1.0,False,0.0,True
179980,1.128659933289518,transformer_compose120_f0.6_wd1.0_softmax_ce_s5,30600.0,compose,1.0,False,0.0,True
180980,1.1161126685619696,transformer_compose120_f0.6_wd1.0_softmax_ce_s5,30600.0,compose,1.0,False,0.0,True
181980,1.1242263838581397,transformer_compose120_f0.6_wd1.0_softmax_ce_s5,30600.0,compose,1.0,False,0.0,True
182980,1.1297350264466195,transformer_compose120_f0.6_wd1.0_softmax_ce_s5,30600.0,compose,1.0,False,0.0,True
183980,1.1101413988562838,transformer_compose120_f0.6_wd1.0_softmax_ce_s5,30600.0,compose,1.0,False,0.0,True
184980,1.0991741689478,transformer_compose120_f0.6_wd1.0_softmax_ce_s5,30600.0,compose,1.0,False,0.0,True
185980,1.1299828527033595,transformer_compose120_f0.6_wd1.0_softmax_ce_s5,30600.0,compose,1.0,False,0.0,True
186980,1.1410360825028845,transformer_compose120_f0.6_wd1.0_softmax_ce_s5,30600.0,compose,1.0,False,0.0,True
187980,1.120006732849986,transformer_compose120_f0.6_wd1.0_softmax_ce_s5,30600.0,compose,1.0,False,0.0,True
188980,1.132498110280873,transformer_compose120_f0.6_wd1.0_softmax_ce_s5,30600.0,compose,1.0,False,0.0,True
189980,1.1059891621000064,transformer_compose120_f0.6_wd1.0_softmax_ce_s5,30600.0,compose,1.0,False,0.0,True
190980,1.091711402475155,transformer_compose120_f0.6_wd1.0_softmax_ce_s5,30600.0,compose,1.0,False,0.0,True
191980,1.1014920738830658,transformer_compose120_f0.6_wd1.0_softmax_ce_s5,30600.0,compose,1.0,False,0.0,True
192980,1.106805801260816,transformer_compose120_f0.6_wd1.0_softmax_ce_s5,30600.0,compose,1.0,False,0.0,True
193980,1.1056007373196937,transformer_compose120_f0.6_wd1.0_softmax_ce_s5,30600.0,compose,1.0,False,0.0,True
194980,1.0896032640017832,transformer_compose120_f0.6_wd1.0_softmax_ce_s5,30600.0,compose,1.0,False,0.0,True
195980,1.088640330468961,transformer_compose120_f0.6_wd1.0_softmax_ce_s5,30600.0,compose,1.0,False,0.0,True
196980,1.0822363636557073,transformer_compose120_f0.6_wd1.0_softmax_ce_s5,30600.0,compose,1.0,False,0.0,True
197980,1.1080331711697395,transformer_compose120_f0.6_wd1.0_softmax_ce_s5,30600.0,compose,1.0,False,0.0,True
198980,1.1050545570015824,transformer_compose120_f0.6_wd1.0_softmax_ce_s5,30600.0,compose,1.0,False,0.0,True
199980,1.0670793072574345,transformer_compose120_f0.6_wd1.0_softmax_ce_s5,30600.0,compose,1.0,False,0.0,True
200980,1.0845177149396856,transformer_compose120_f0.6_wd1.0_softmax_ce_s5,30600.0,compose,1.0,False,0.0,True
201980,1.087577733159546,transformer_compose120_f0.6_wd1.0_softmax_ce_s5,30600.0,compose,1.0,False,0.0,True
202980,1.1157148633546612,transformer_compose120_f0.6_wd1.0_softmax_ce_s5,30600.0,compose,1.0,False,0.0,True
203980,1.091835724504648,transformer_compose120_f0.6_wd1.0_softmax_ce_s5,30600.0,compose,1.0,False,0.0,True
204980,1.1253445315689112,transformer_compose120_f0.6_wd1.0_softmax_ce_s5,30600.0,compose,1.0,False,0.0,True
205980,1.1415431075160485,transformer_compose120_f0.6_wd1.0_softmax_ce_s5,30600.0,compose,1.0,False,0.0,True
206980,1.0853611824604965,transformer_compose120_f0.6_wd1.0_softmax_ce_s5,30600.0,compose,1.0,False,0.0,True
207980,1.0967369974274677,transformer_compose120_f0.6_wd1.0_softmax_ce_s5,30600.0,compose,1.0,False,0.0,True
208980,1.1389225266585594,transformer_compose120_f0.6_wd1.0_softmax_ce_s5,30600.0,compose,1.0,False,0.0,True
209980,1.127631140300409,transformer_compose120_f0.6_wd1.0_softmax_ce_s5,30600.0,compose,1.0,False,0.0,True
210980,1.090730601979673,transformer_compose120_f0.6_wd1.0_softmax_ce_s5,30600.0,compose,1.0,False,0.0,True
211980,1.1531645837153688,transformer_compose120_f0.6_wd1.0_softmax_ce_s5,30600.0,compose,1.0,False,0.0,True
212980,1.1036869556094355,transformer_compose120_f0.6_wd1.0_softmax_ce_s5,30600.0,compose,1.0,False,0.0,True
213980,1.096121722685789,transformer_compose120_f0.6_wd1.0_softmax_ce_s5,30600.0,compose,1.0,False,0.0,True
214980,1.1253502103560664,transformer_compose120_f0.6_wd1.0_softmax_ce_s5,30600.0,compose,1.0,False,0.0,True
215980,1.1167009195006037,transformer_compose120_f0.6_wd1.0_softmax_ce_s5,30600.0,compose,1.0,False,0.0,True
216980,1.1200158931833308,transformer_compose120_f0.6_wd1.0_softmax_ce_s5,30600.0,compose,1.0,False,0.0,True
217980,1.109585066054661,transformer_compose120_f0.6_wd1.0_softmax_ce_s5,30600.0,compose,1.0,False,0.0,True
218980,1.1463804120921066,transformer_compose120_f0.6_wd1.0_softmax_ce_s5,30600.0,compose,1.0,False,0.0,True
219980,1.105084999362541,transformer_compose120_f0.6_wd1.0_softmax_ce_s5,30600.0,compose,1.0,False,0.0,True
220980,1.1562400412165272,transformer_compose120_f0.6_wd1.0_softmax_ce_s5,30600.0,compose,1.0,False,0.0,True
221980,1.1317168940406894,transformer_compose120_f0.6_wd1.0_softmax_ce_s5,30600.0,compose,1.0,False,0.0,True
222980,1.1133821317027237,transformer_compose120_f0.6_wd1.0_softmax_ce_s5,30600.0,compose,1.0,False,0.0,True
223980,1.1430710085591766,transformer_compose120_f0.6_wd1.0_softmax_ce_s5,30600.0,compose,1.0,False,0.0,True
224980,1.0819082727876417,transformer_compose120_f0.6_wd1.0_softmax_ce_s5,30600.0,compose,1.0,False,0.0,True
225980,1.1458627553622054,transformer_compose120_f0.6_wd1.0_softmax_ce_s5,30600.0,compose,1.0,False,0.0,True
226980,1.1168919018125365,transformer_compose120_f0.6_wd1.0_softmax_ce_s5,30600.0,compose,1.0,False,0.0,True
227980,1.1014339813433098,transformer_compose120_f0.6_wd1.0_softmax_ce_s5,30600.0,compose,1.0,False,0.0,True
228980,1.1076490402798005,transformer_compose120_f0.6_wd1.0_softmax_ce_s5,30600.0,compose,1.0,False,0.0,True
229980,1.1226152498656772,transformer_compose120_f0.6_wd1.0_softmax_ce_s5,30600.0,compose,1.0,False,0.0,True
230980,1.111771903452895,transformer_compose120_f0.6_wd1.0_softmax_ce_s5,30600.0,compose,1.0,False,0.0,True
231980,1.1041797614599018,transformer_compose120_f0.6_wd1.0_softmax_ce_s5,30600.0,compose,1.0,False,0.0,True
232980,1.0782830851215703,transformer_compose120_f0.6_wd1.0_softmax_ce_s5,30600.0,compose,1.0,False,0.0,True
233980,1.143404960025104,transformer_compose120_f0.6_wd1.0_softmax_ce_s5,30600.0,compose,1.0,False,0.0,True
234980,1.098504889785931,transformer_compose120_f0.6_wd1.0_softmax_ce_s5,30600.0,compose,1.0,False,0.0,True
235980,1.1494199934959752,transformer_compose120_f0.6_wd1.0_softmax_ce_s5,30600.0,compose,1.0,False,0.0,True
236980,1.1342172067289675,transformer_compose120_f0.6_wd1.0_softmax_ce_s5,30600.0,compose,1.0,False,0.0,True
237980,1.1026084894153163,transformer_compose120_f0.6_wd1.0_softmax_ce_s5,30600.0,compose,1.0,False,0.0,True
238980,1.1542729858388956,transformer_compose120_f0.6_wd1.0_softmax_ce_s5,30600.0,compose,1.0,False,0.0,True
239980,1.1247100787913762,transformer_compose120_f0.6_wd1.0_softmax_ce_s5,30600.0,compose,1.0,False,0.0,True
240980,1.0973475494408431,transformer_compose120_f0.6_wd1.0_softmax_ce_s5,30600.0,compose,1.0,False,0.0,True
241980,1.0787101595421338,transformer_compose120_f0.6_wd1.0_softmax_ce_s5,30600.0,compose,1.0,False,0.0,True
242980,1.1362925502147914,transformer_compose120_f0.6_wd1.0_softmax_ce_s5,30600.0,compose,1.0,False,0.0,True
243980,1.1212819767621265,transformer_compose120_f0.6_wd1.0_softmax_ce_s5,30600.0,compose,1.0,False,0.0,True
244980,1.1138343402268474,transformer_compose120_f0.6_wd1.0_softmax_ce_s5,30600.0,compose,1.0,False,0.0,True
245980,1.085407072861703,transformer_compose120_f0.6_wd1.0_softmax_ce_s5,30600.0,compose,1.0,False,0.0,True
246980,1.1072268764553177,transformer_compose120_f0.6_wd1.0_softmax_ce_s5,30600.0,compose,1.0,False,0.0,True
247980,1.1202952780551,transformer_compose120_f0.6_wd1.0_softmax_ce_s5,30600.0,compose,1.0,False,0.0,True
248980,1.0723745352683796,transformer_compose120_f0.6_wd1.0_softmax_ce_s5,30600.0,compose,1.0,False,0.0,True
249980,1.0675029760329735,transformer_compose120_f0.6_wd1.0_softmax_ce_s5,30600.0,compose,1.0,False,0.0,True
3980,1.3061046577373532,transformer_compose120_f0.6_wd1.0_softmax_ce_s6,42300.0,compose,1.0,False,0.0,True
4980,1.3823431380459694,transformer_compose120_f0.6_wd1.0_softmax_ce_s6,42300.0,compose,1.0,False,0.0,True
5980,1.5291114167852395,transformer_compose120_f0.6_wd1.0_softmax_ce_s6,42300.0,compose,1.0,False,0.0,True
6980,1.345264077841454,transformer_compose120_f0.6_wd1.0_softmax_ce_s6,42300.0,compose,1.0,False,0.0,True
7980,1.3082626856879898,transformer_compose120_f0.6_wd1.0_softmax_ce_s6,42300.0,compose,1.0,False,0.0,True
8980,1.3524147258149082,transformer_compose120_f0.6_wd1.0_softmax_ce_s6,42300.0,compose,1.0,False,0.0,True
9980,1.3529395406864642,transformer_compose120_f0.6_wd1.0_softmax_ce_s6,42300.0,compose,1.0,False,0.0,True
10980,1.3140160160571688,transformer_compose120_f0.6_wd1.0_softmax_ce_s6,42300.0,compose,1.0,False,0.0,True
11980,1.4082961406655825,transformer_compose120_f0.6_wd1.0_softmax_ce_s6,42300.0,compose,1.0,False,0.0,True
12980,1.2861415578098137,transformer_compose120_f0.6_wd1.0_softmax_ce_s6,42300.0,compose,1.0,False,0.0,True
13980,1.3521722298555447,transformer_compose120_f0.6_wd1.0_softmax_ce_s6,42300.0,compose,1.0,False,0.0,True
14980,1.3117238961126332,transformer_compose120_f0.6_wd1.0_softmax_ce_s6,42300.0,compose,1.0,False,0.0,True
15980,1.3051536628552562,transformer_compose120_f0.6_wd1.0_softmax_ce_s6,42300.0,compose,1.0,False,0.0,True
16980,1.3269008979049082,transformer_compose120_f0.6_wd1.0_softmax_ce_s6,42300.0,compose,1.0,False,0.0,True
17980,1.3500748660010304,transformer_compose120_f0.6_wd1.0_softmax_ce_s6,42300.0,compose,1.0,False,0.0,True
18980,1.3341407617181986,transformer_compose120_f0.6_wd1.0_softmax_ce_s6,42300.0,compose,1.0,False,0.0,True
19980,1.2549597942285495,transformer_compose120_f0.6_wd1.0_softmax_ce_s6,42300.0,compose,1.0,False,0.0,True
20980,1.2308163073444112,transformer_compose120_f0.6_wd1.0_softmax_ce_s6,42300.0,compose,1.0,False,0.0,True
21980,1.3418192215070828,transformer_compose120_f0.6_wd1.0_softmax_ce_s6,42300.0,compose,1.0,False,0.0,True
22980,1.3207745894621925,transformer_compose120_f0.6_wd1.0_softmax_ce_s6,42300.0,compose,1.0,False,0.0,True
23980,1.214837730976536,transformer_compose120_f0.6_wd1.0_softmax_ce_s6,42300.0,compose,1.0,False,0.0,True
24980,1.286796898092723,transformer_compose120_f0.6_wd1.0_softmax_ce_s6,42300.0,compose,1.0,False,0.0,True
25980,1.3397468549809697,transformer_compose120_f0.6_wd1.0_softmax_ce_s6,42300.0,compose,1.0,False,0.0,True
26980,1.2357350442779278,transformer_compose120_f0.6_wd1.0_softmax_ce_s6,42300.0,compose,1.0,False,0.0,True
27980,1.3288085062127817,transformer_compose120_f0.6_wd1.0_softmax_ce_s6,42300.0,compose,1.0,False,0.0,True
28980,1.258680196632656,transformer_compose120_f0.6_wd1.0_softmax_ce_s6,42300.0,compose,1.0,False,0.0,True
29980,1.2565503983644892,transformer_compose120_f0.6_wd1.0_softmax_ce_s6,42300.0,compose,1.0,False,0.0,True
30980,1.3755424217901178,transformer_compose120_f0.6_wd1.0_softmax_ce_s6,42300.0,compose,1.0,False,0.0,True
31980,1.355029453752224,transformer_compose120_f0.6_wd1.0_softmax_ce_s6,42300.0,compose,1.0,False,0.0,True
32980,1.25310848383798,transformer_compose120_f0.6_wd1.0_softmax_ce_s6,42300.0,compose,1.0,False,0.0,True
33980,1.3694170684189113,transformer_compose120_f0.6_wd1.0_softmax_ce_s6,42300.0,compose,1.0,False,0.0,True
34980,1.3806862835085314,transformer_compose120_f0.6_wd1.0_softmax_ce_s6,42300.0,compose,1.0,False,0.0,True
35980,1.33203182620853,transformer_compose120_f0.6_wd1.0_softmax_ce_s6,42300.0,compose,1.0,False,0.0,True
36980,1.20782908376801,transformer_compose120_f0.6_wd1.0_softmax_ce_s6,42300.0,compose,1.0,False,0.0,True
37980,1.2645563986329906,transformer_compose120_f0.6_wd1.0_softmax_ce_s6,42300.0,compose,1.0,False,0.0,True
38980,1.328814531694095,transformer_compose120_f0.6_wd1.0_softmax_ce_s6,42300.0,compose,1.0,False,0.0,True
39980,1.210413366441076,transformer_compose120_f0.6_wd1.0_softmax_ce_s6,42300.0,compose,1.0,False,0.0,True
40980,1.340859154266818,transformer_compose120_f0.6_wd1.0_softmax_ce_s6,42300.0,compose,1.0,False,0.0,True
41980,1.3630314409883737,transformer_compose120_f0.6_wd1.0_softmax_ce_s6,42300.0,compose,1.0,False,0.0,True
42980,1.3526843062302738,transformer_compose120_f0.6_wd1.0_softmax_ce_s6,42300.0,compose,1.0,False,0.0,True
43980,1.216181891477588,transformer_compose120_f0.6_wd1.0_softmax_ce_s6,42300.0,compose,1.0,False,0.0,True
44980,1.208457081423033,transformer_compose120_f0.6_wd1.0_softmax_ce_s6,42300.0,compose,1.0,False,0.0,True
45980,1.1228804939047607,transformer_compose120_f0.6_wd1.0_softmax_ce_s6,42300.0,compose,1.0,False,0.0,True
46980,1.1104524121552504,transformer_compose120_f0.6_wd1.0_softmax_ce_s6,42300.0,compose,1.0,False,0.0,True
47980,1.0981114046992886,transformer_compose120_f0.6_wd1.0_softmax_ce_s6,42300.0,compose,1.0,False,0.0,True
48980,1.1022593862692995,transformer_compose120_f0.6_wd1.0_softmax_ce_s6,42300.0,compose,1.0,False,0.0,True
49980,1.0551418813269289,transformer_compose120_f0.6_wd1.0_softmax_ce_s6,42300.0,compose,1.0,False,0.0,True
50980,1.1167552475950102,transformer_compose120_f0.6_wd1.0_softmax_ce_s6,42300.0,compose,1.0,False,0.0,True
51980,1.070972193936932,transformer_compose120_f0.6_wd1.0_softmax_ce_s6,42300.0,compose,1.0,False,0.0,True
52980,1.1068400537044674,transformer_compose120_f0.6_wd1.0_softmax_ce_s6,42300.0,compose,1.0,False,0.0,True
53980,1.0828458010787776,transformer_compose120_f0.6_wd1.0_softmax_ce_s6,42300.0,compose,1.0,False,0.0,True
54980,1.1011069676404817,transformer_compose120_f0.6_wd1.0_softmax_ce_s6,42300.0,compose,1.0,False,0.0,True
55980,1.0739962932404854,transformer_compose120_f0.6_wd1.0_softmax_ce_s6,42300.0,compose,1.0,False,0.0,True
56980,1.089104457880866,transformer_compose120_f0.6_wd1.0_softmax_ce_s6,42300.0,compose,1.0,False,0.0,True
57980,1.0840068941648768,transformer_compose120_f0.6_wd1.0_softmax_ce_s6,42300.0,compose,1.0,False,0.0,True
58980,1.084503373522555,transformer_compose120_f0.6_wd1.0_softmax_ce_s6,42300.0,compose,1.0,False,0.0,True
59980,1.067221838697079,transformer_compose120_f0.6_wd1.0_softmax_ce_s6,42300.0,compose,1.0,False,0.0,True
60980,1.0719479710678177,transformer_compose120_f0.6_wd1.0_softmax_ce_s6,42300.0,compose,1.0,False,0.0,True
61980,1.0660557935335868,transformer_compose120_f0.6_wd1.0_softmax_ce_s6,42300.0,compose,1.0,False,0.0,True
62980,1.0964237272842303,transformer_compose120_f0.6_wd1.0_softmax_ce_s6,42300.0,compose,1.0,False,0.0,True
63980,1.0988763079843746,transformer_compose120_f0.6_wd1.0_softmax_ce_s6,42300.0,compose,1.0,False,0.0,True
64980,1.1299496112188414,transformer_compose120_f0.6_wd1.0_softmax_ce_s6,42300.0,compose,1.0,False,0.0,True
65980,1.090616534272355,transformer_compose120_f0.6_wd1.0_softmax_ce_s6,42300.0,compose,1.0,False,0.0,True
66980,1.1062851334000985,transformer_compose120_f0.6_wd1.0_softmax_ce_s6,42300.0,compose,1.0,False,0.0,True
67980,1.102479893768164,transformer_compose120_f0.6_wd1.0_softmax_ce_s6,42300.0,compose,1.0,False,0.0,True
68980,1.119879549970725,transformer_compose120_f0.6_wd1.0_softmax_ce_s6,42300.0,compose,1.0,False,0.0,True
69980,1.1284175752521013,transformer_compose120_f0.6_wd1.0_softmax_ce_s6,42300.0,compose,1.0,False,0.0,True
70980,1.072517344314869,transformer_compose120_f0.6_wd1.0_softmax_ce_s6,42300.0,compose,1.0,False,0.0,True
71980,1.0858158702903136,transformer_compose120_f0.6_wd1.0_softmax_ce_s6,42300.0,compose,1.0,False,0.0,True
72980,1.1039447701021354,transformer_compose120_f0.6_wd1.0_softmax_ce_s6,42300.0,compose,1.0,False,0.0,True
73980,1.109781312584735,transformer_compose120_f0.6_wd1.0_softmax_ce_s6,42300.0,compose,1.0,False,0.0,True
74980,1.110958814419526,transformer_compose120_f0.6_wd1.0_softmax_ce_s6,42300.0,compose,1.0,False,0.0,True
75980,1.0837194082119574,transformer_compose120_f0.6_wd1.0_softmax_ce_s6,42300.0,compose,1.0,False,0.0,True
76980,1.0890700123466717,transformer_compose120_f0.6_wd1.0_softmax_ce_s6,42300.0,compose,1.0,False,0.0,True
77980,1.103665619296667,transformer_compose120_f0.6_wd1.0_softmax_ce_s6,42300.0,compose,1.0,False,0.0,True
78980,1.0937922191235498,transformer_compose120_f0.6_wd1.0_softmax_ce_s6,42300.0,compose,1.0,False,0.0,True
79980,1.120076347795408,transformer_compose120_f0.6_wd1.0_softmax_ce_s6,42300.0,compose,1.0,False,0.0,True
80980,1.0717617415987797,transformer_compose120_f0.6_wd1.0_softmax_ce_s6,42300.0,compose,1.0,False,0.0,True
81980,1.1284653584571591,transformer_compose120_f0.6_wd1.0_softmax_ce_s6,42300.0,compose,1.0,False,0.0,True
82980,1.0944736095147063,transformer_compose120_f0.6_wd1.0_softmax_ce_s6,42300.0,compose,1.0,False,0.0,True
83980,1.124108174814426,transformer_compose120_f0.6_wd1.0_softmax_ce_s6,42300.0,compose,1.0,False,0.0,True
84980,1.1211797800238943,transformer_compose120_f0.6_wd1.0_softmax_ce_s6,42300.0,compose,1.0,False,0.0,True
85980,1.0999864206414076,transformer_compose120_f0.6_wd1.0_softmax_ce_s6,42300.0,compose,1.0,False,0.0,True
86980,1.130458347497633,transformer_compose120_f0.6_wd1.0_softmax_ce_s6,42300.0,compose,1.0,False,0.0,True
87980,1.0822311563709142,transformer_compose120_f0.6_wd1.0_softmax_ce_s6,42300.0,compose,1.0,False,0.0,True
88980,1.094844704478274,transformer_compose120_f0.6_wd1.0_softmax_ce_s6,42300.0,compose,1.0,False,0.0,True
89980,1.0886846163521622,transformer_compose120_f0.6_wd1.0_softmax_ce_s6,42300.0,compose,1.0,False,0.0,True
90980,1.1162133158908196,transformer_compose120_f0.6_wd1.0_softmax_ce_s6,42300.0,compose,1.0,False,0.0,True
91980,1.1365130298001234,transformer_compose120_f0.6_wd1.0_softmax_ce_s6,42300.0,compose,1.0,False,0.0,True
92980,1.0988140948801706,transformer_compose120_f0.6_wd1.0_softmax_ce_s6,42300.0,compose,1.0,False,0.0,True
93980,1.141226919450241,transformer_compose120_f0.6_wd1.0_softmax_ce_s6,42300.0,compose,1.0,False,0.0,True
94980,1.098899278916812,transformer_compose120_f0.6_wd1.0_softmax_ce_s6,42300.0,compose,1.0,False,0.0,True
95980,1.1021880583830286,transformer_compose120_f0.6_wd1.0_softmax_ce_s6,42300.0,compose,1.0,False,0.0,True
96980,1.1248197906327888,transformer_compose120_f0.6_wd1.0_softmax_ce_s6,42300.0,compose,1.0,False,0.0,True
97980,1.0977653811550738,transformer_compose120_f0.6_wd1.0_softmax_ce_s6,42300.0,compose,1.0,False,0.0,True
98980,1.0900800874110586,transformer_compose120_f0.6_wd1.0_softmax_ce_s6,42300.0,compose,1.0,False,0.0,True
99980,1.11379423388428,transformer_compose120_f0.6_wd1.0_softmax_ce_s6,42300.0,compose,1.0,False,0.0,True
100980,1.1150288077027937,transformer_compose120_f0.6_wd1.0_softmax_ce_s6,42300.0,compose,1.0,False,0.0,True
101980,1.0773899301435874,transformer_compose120_f0.6_wd1.0_softmax_ce_s6,42300.0,compose,1.0,False,0.0,True
102980,1.1346818358231163,transformer_compose120_f0.6_wd1.0_softmax_ce_s6,42300.0,compose,1.0,False,0.0,True
103980,1.065224528496807,transformer_compose120_f0.6_wd1.0_softmax_ce_s6,42300.0,compose,1.0,False,0.0,True
104980,1.106761391757776,transformer_compose120_f0.6_wd1.0_softmax_ce_s6,42300.0,compose,1.0,False,0.0,True
105980,1.2200281626326983,transformer_compose120_f0.6_wd1.0_softmax_ce_s6,42300.0,compose,1.0,False,0.0,True
106980,1.094303156596341,transformer_compose120_f0.6_wd1.0_softmax_ce_s6,42300.0,compose,1.0,False,0.0,True
107980,1.15119075039414,transformer_compose120_f0.6_wd1.0_softmax_ce_s6,42300.0,compose,1.0,False,0.0,True
108980,1.1070787036210974,transformer_compose120_f0.6_wd1.0_softmax_ce_s6,42300.0,compose,1.0,False,0.0,True
109980,1.097709121822081,transformer_compose120_f0.6_wd1.0_softmax_ce_s6,42300.0,compose,1.0,False,0.0,True
110980,1.10867751483159,transformer_compose120_f0.6_wd1.0_softmax_ce_s6,42300.0,compose,1.0,False,0.0,True
111980,1.0618030333309882,transformer_compose120_f0.6_wd1.0_softmax_ce_s6,42300.0,compose,1.0,False,0.0,True
112980,1.0937730956749756,transformer_compose120_f0.6_wd1.0_softmax_ce_s6,42300.0,compose,1.0,False,0.0,True
113980,1.0546726461672289,transformer_compose120_f0.6_wd1.0_softmax_ce_s6,42300.0,compose,1.0,False,0.0,True
114980,1.103278329351884,transformer_compose120_f0.6_wd1.0_softmax_ce_s6,42300.0,compose,1.0,False,0.0,True
115980,1.1038090376485412,transformer_compose120_f0.6_wd1.0_softmax_ce_s6,42300.0,compose,1.0,False,0.0,True
116980,1.130021314491195,transformer_compose120_f0.6_wd1.0_softmax_ce_s6,42300.0,compose,1.0,False,0.0,True
117980,1.1131402851564705,transformer_compose120_f0.6_wd1.0_softmax_ce_s6,42300.0,compose,1.0,False,0.0,True
118980,1.0836745918839843,transformer_compose120_f0.6_wd1.0_softmax_ce_s6,42300.0,compose,1.0,False,0.0,True
119980,1.1193259816081151,transformer_compose120_f0.6_wd1.0_softmax_ce_s6,42300.0,compose,1.0,False,0.0,True
120980,1.082387265024852,transformer_compose120_f0.6_wd1.0_softmax_ce_s6,42300.0,compose,1.0,False,0.0,True
121980,1.076259478075137,transformer_compose120_f0.6_wd1.0_softmax_ce_s6,42300.0,compose,1.0,False,0.0,True
122980,1.0934414805512205,transformer_compose120_f0.6_wd1.0_softmax_ce_s6,42300.0,compose,1.0,False,0.0,True
123980,1.1189545384758268,transformer_compose120_f0.6_wd1.0_softmax_ce_s6,42300.0,compose,1.0,False,0.0,True
124980,1.08936740919958,transformer_compose120_f0.6_wd1.0_softmax_ce_s6,42300.0,compose,1.0,False,0.0,True
125980,1.0976816623843386,transformer_compose120_f0.6_wd1.0_softmax_ce_s6,42300.0,compose,1.0,False,0.0,True
126980,1.0853035691177977,transformer_compose120_f0.6_wd1.0_softmax_ce_s6,42300.0,compose,1.0,False,0.0,True
127980,1.080103302331508,transformer_compose120_f0.6_wd1.0_softmax_ce_s6,42300.0,compose,1.0,False,0.0,True
128980,1.0954899395974202,transformer_compose120_f0.6_wd1.0_softmax_ce_s6,42300.0,compose,1.0,False,0.0,True
129980,1.0851957286321556,transformer_compose120_f0.6_wd1.0_softmax_ce_s6,42300.0,compose,1.0,False,0.0,True
130980,1.2216790881218478,transformer_compose120_f0.6_wd1.0_softmax_ce_s6,42300.0,compose,1.0,False,0.0,True
131980,1.1018096875292698,transformer_compose120_f0.6_wd1.0_softmax_ce_s6,42300.0,compose,1.0,False,0.0,True
132980,1.0987429369426918,transformer_compose120_f0.6_wd1.0_softmax_ce_s6,42300.0,compose,1.0,False,0.0,True
133980,1.0675646816525306,transformer_compose120_f0.6_wd1.0_softmax_ce_s6,42300.0,compose,1.0,False,0.0,True
134980,1.0873413855948617,transformer_compose120_f0.6_wd1.0_softmax_ce_s6,42300.0,compose,1.0,False,0.0,True
135980,1.1162306218789295,transformer_compose120_f0.6_wd1.0_softmax_ce_s6,42300.0,compose,1.0,False,0.0,True
136980,1.2476818359310873,transformer_compose120_f0.6_wd1.0_softmax_ce_s6,42300.0,compose,1.0,False,0.0,True
137980,1.334644407148568,transformer_compose120_f0.6_wd1.0_softmax_ce_s6,42300.0,compose,1.0,False,0.0,True
138980,1.3423129451937483,transformer_compose120_f0.6_wd1.0_softmax_ce_s6,42300.0,compose,1.0,False,0.0,True
139980,1.267552211349496,transformer_compose120_f0.6_wd1.0_softmax_ce_s6,42300.0,compose,1.0,False,0.0,True
140980,1.2831225308158956,transformer_compose120_f0.6_wd1.0_softmax_ce_s6,42300.0,compose,1.0,False,0.0,True
141980,1.3216279422773718,transformer_compose120_f0.6_wd1.0_softmax_ce_s6,42300.0,compose,1.0,False,0.0,True
142980,1.3672020766231288,transformer_compose120_f0.6_wd1.0_softmax_ce_s6,42300.0,compose,1.0,False,0.0,True
143980,1.428163417626269,transformer_compose120_f0.6_wd1.0_softmax_ce_s6,42300.0,compose,1.0,False,0.0,True
144980,1.4936208434468774,transformer_compose120_f0.6_wd1.0_softmax_ce_s6,42300.0,compose,1.0,False,0.0,True
145980,1.446938602276272,transformer_compose120_f0.6_wd1.0_softmax_ce_s6,42300.0,compose,1.0,False,0.0,True
146980,1.4939458422560787,transformer_compose120_f0.6_wd1.0_softmax_ce_s6,42300.0,compose,1.0,False,0.0,True
147980,1.4302577060715878,transformer_compose120_f0.6_wd1.0_softmax_ce_s6,42300.0,compose,1.0,False,0.0,True
148980,1.4669820509375606,transformer_compose120_f0.6_wd1.0_softmax_ce_s6,42300.0,compose,1.0,False,0.0,True
149980,1.417543219407375,transformer_compose120_f0.6_wd1.0_softmax_ce_s6,42300.0,compose,1.0,False,0.0,True
150980,1.4688147020080058,transformer_compose120_f0.6_wd1.0_softmax_ce_s6,42300.0,compose,1.0,False,0.0,True
151980,1.477859144005955,transformer_compose120_f0.6_wd1.0_softmax_ce_s6,42300.0,compose,1.0,False,0.0,True
152980,1.7802435549971674,transformer_compose120_f0.6_wd1.0_softmax_ce_s6,42300.0,compose,1.0,False,0.0,True
153980,1.681344116566259,transformer_compose120_f0.6_wd1.0_softmax_ce_s6,42300.0,compose,1.0,False,0.0,True
154980,1.5985640639088845,transformer_compose120_f0.6_wd1.0_softmax_ce_s6,42300.0,compose,1.0,False,0.0,True
155980,1.6254004518458862,transformer_compose120_f0.6_wd1.0_softmax_ce_s6,42300.0,compose,1.0,False,0.0,True
156980,1.5827823732362998,transformer_compose120_f0.6_wd1.0_softmax_ce_s6,42300.0,compose,1.0,False,0.0,True
157980,1.696645620795039,transformer_compose120_f0.6_wd1.0_softmax_ce_s6,42300.0,compose,1.0,False,0.0,True
158980,1.7416641825471042,transformer_compose120_f0.6_wd1.0_softmax_ce_s6,42300.0,compose,1.0,False,0.0,True
159980,1.7829717867273158,transformer_compose120_f0.6_wd1.0_softmax_ce_s6,42300.0,compose,1.0,False,0.0,True
160980,1.7076784624261816,transformer_compose120_f0.6_wd1.0_softmax_ce_s6,42300.0,compose,1.0,False,0.0,True
161980,1.6677671650891772,transformer_compose120_f0.6_wd1.0_softmax_ce_s6,42300.0,compose,1.0,False,0.0,True
162980,1.66989705058499,transformer_compose120_f0.6_wd1.0_softmax_ce_s6,42300.0,compose,1.0,False,0.0,True
163980,1.7347210643580129,transformer_compose120_f0.6_wd1.0_softmax_ce_s6,42300.0,compose,1.0,False,0.0,True
164980,2.19423370203442,transformer_compose120_f0.6_wd1.0_softmax_ce_s6,42300.0,compose,1.0,False,0.0,True
165980,2.1110443481042,transformer_compose120_f0.6_wd1.0_softmax_ce_s6,42300.0,compose,1.0,False,0.0,True
166980,2.40441787468238,transformer_compose120_f0.6_wd1.0_softmax_ce_s6,42300.0,compose,1.0,False,0.0,True
167980,2.4479572380347103,transformer_compose120_f0.6_wd1.0_softmax_ce_s6,42300.0,compose,1.0,False,0.0,True
168980,2.1982373483135267,transformer_compose120_f0.6_wd1.0_softmax_ce_s6,42300.0,compose,1.0,False,0.0,True
169980,2.1558181604294018,transformer_compose120_f0.6_wd1.0_softmax_ce_s6,42300.0,compose,1.0,False,0.0,True
170980,2.0133227870332964,transformer_compose120_f0.6_wd1.0_softmax_ce_s6,42300.0,compose,1.0,False,0.0,True
171980,1.980533560721496,transformer_compose120_f0.6_wd1.0_softmax_ce_s6,42300.0,compose,1.0,False,0.0,True
172980,1.855856469586408,transformer_compose120_f0.6_wd1.0_softmax_ce_s6,42300.0,compose,1.0,False,0.0,True
173980,1.9009182486201877,transformer_compose120_f0.6_wd1.0_softmax_ce_s6,42300.0,compose,1.0,False,0.0,True
174980,1.7443278233471406,transformer_compose120_f0.6_wd1.0_softmax_ce_s6,42300.0,compose,1.0,False,0.0,True
175980,1.6946846097429746,transformer_compose120_f0.6_wd1.0_softmax_ce_s6,42300.0,compose,1.0,False,0.0,True
176980,1.9105995641779407,transformer_compose120_f0.6_wd1.0_softmax_ce_s6,42300.0,compose,1.0,False,0.0,True
177980,1.8200777702353412,transformer_compose120_f0.6_wd1.0_softmax_ce_s6,42300.0,compose,1.0,False,0.0,True
178980,2.0249568543606444,transformer_compose120_f0.6_wd1.0_softmax_ce_s6,42300.0,compose,1.0,False,0.0,True
179980,2.202124381726263,transformer_compose120_f0.6_wd1.0_softmax_ce_s6,42300.0,compose,1.0,False,0.0,True
180980,2.3879048337067266,transformer_compose120_f0.6_wd1.0_softmax_ce_s6,42300.0,compose,1.0,False,0.0,True
181980,2.4269977367937745,transformer_compose120_f0.6_wd1.0_softmax_ce_s6,42300.0,compose,1.0,False,0.0,True
182980,2.554015136089136,transformer_compose120_f0.6_wd1.0_softmax_ce_s6,42300.0,compose,1.0,False,0.0,True
183980,2.801102890316423,transformer_compose120_f0.6_wd1.0_softmax_ce_s6,42300.0,compose,1.0,False,0.0,True
184980,2.3851036834320145,transformer_compose120_f0.6_wd1.0_softmax_ce_s6,42300.0,compose,1.0,False,0.0,True
185980,2.3488051764399094,transformer_compose120_f0.6_wd1.0_softmax_ce_s6,42300.0,compose,1.0,False,0.0,True
186980,2.053777791553009,transformer_compose120_f0.6_wd1.0_softmax_ce_s6,42300.0,compose,1.0,False,0.0,True
187980,2.2199720071502727,transformer_compose120_f0.6_wd1.0_softmax_ce_s6,42300.0,compose,1.0,False,0.0,True
188980,2.0845402178017616,transformer_compose120_f0.6_wd1.0_softmax_ce_s6,42300.0,compose,1.0,False,0.0,True
189980,1.832141593104451,transformer_compose120_f0.6_wd1.0_softmax_ce_s6,42300.0,compose,1.0,False,0.0,True
190980,2.094595983076988,transformer_compose120_f0.6_wd1.0_softmax_ce_s6,42300.0,compose,1.0,False,0.0,True
191980,1.887380824589295,transformer_compose120_f0.6_wd1.0_softmax_ce_s6,42300.0,compose,1.0,False,0.0,True
192980,2.139615727824153,transformer_compose120_f0.6_wd1.0_softmax_ce_s6,42300.0,compose,1.0,False,0.0,True
193980,2.031913991596536,transformer_compose120_f0.6_wd1.0_softmax_ce_s6,42300.0,compose,1.0,False,0.0,True
194980,2.2548098542464654,transformer_compose120_f0.6_wd1.0_softmax_ce_s6,42300.0,compose,1.0,False,0.0,True
195980,2.1999211195971133,transformer_compose120_f0.6_wd1.0_softmax_ce_s6,42300.0,compose,1.0,False,0.0,True
196980,2.256746867775109,transformer_compose120_f0.6_wd1.0_softmax_ce_s6,42300.0,compose,1.0,False,0.0,True
197980,2.3638165120364354,transformer_compose120_f0.6_wd1.0_softmax_ce_s6,42300.0,compose,1.0,False,0.0,True
198980,2.7713765591039285,transformer_compose120_f0.6_wd1.0_softmax_ce_s6,42300.0,compose,1.0,False,0.0,True
199980,2.5592817889728723,transformer_compose120_f0.6_wd1.0_softmax_ce_s6,42300.0,compose,1.0,False,0.0,True
200980,2.776176572119805,transformer_compose120_f0.6_wd1.0_softmax_ce_s6,42300.0,compose,1.0,False,0.0,True
201980,2.6124947616160368,transformer_compose120_f0.6_wd1.0_softmax_ce_s6,42300.0,compose,1.0,False,0.0,True
202980,2.891698680595682,transformer_compose120_f0.6_wd1.0_softmax_ce_s6,42300.0,compose,1.0,False,0.0,True
203980,2.4203068860538,transformer_compose120_f0.6_wd1.0_softmax_ce_s6,42300.0,compose,1.0,False,0.0,True
204980,2.2435599423199424,transformer_compose120_f0.6_wd1.0_softmax_ce_s6,42300.0,compose,1.0,False,0.0,True
205980,2.412948876732388,transformer_compose120_f0.6_wd1.0_softmax_ce_s6,42300.0,compose,1.0,False,0.0,True
206980,2.450881820545153,transformer_compose120_f0.6_wd1.0_softmax_ce_s6,42300.0,compose,1.0,False,0.0,True
207980,2.545323105892232,transformer_compose120_f0.6_wd1.0_softmax_ce_s6,42300.0,compose,1.0,False,0.0,True
208980,2.6019156468541444,transformer_compose120_f0.6_wd1.0_softmax_ce_s6,42300.0,compose,1.0,False,0.0,True
209980,2.688379162498204,transformer_compose120_f0.6_wd1.0_softmax_ce_s6,42300.0,compose,1.0,False,0.0,True
210980,2.9431769525657248,transformer_compose120_f0.6_wd1.0_softmax_ce_s6,42300.0,compose,1.0,False,0.0,True
211980,3.195558926341363,transformer_compose120_f0.6_wd1.0_softmax_ce_s6,42300.0,compose,1.0,False,0.0,True
212980,2.886463508416915,transformer_compose120_f0.6_wd1.0_softmax_ce_s6,42300.0,compose,1.0,False,0.0,True
213980,2.917125085052811,transformer_compose120_f0.6_wd1.0_softmax_ce_s6,42300.0,compose,1.0,False,0.0,True
214980,3.0796868503419628,transformer_compose120_f0.6_wd1.0_softmax_ce_s6,42300.0,compose,1.0,False,0.0,True
215980,3.195986448932804,transformer_compose120_f0.6_wd1.0_softmax_ce_s6,42300.0,compose,1.0,False,0.0,True
216980,3.0661134823577827,transformer_compose120_f0.6_wd1.0_softmax_ce_s6,42300.0,compose,1.0,False,0.0,True
217980,2.7525302902522677,transformer_compose120_f0.6_wd1.0_softmax_ce_s6,42300.0,compose,1.0,False,0.0,True
218980,2.5732576380377137,transformer_compose120_f0.6_wd1.0_softmax_ce_s6,42300.0,compose,1.0,False,0.0,True
219980,2.709205235441273,transformer_compose120_f0.6_wd1.0_softmax_ce_s6,42300.0,compose,1.0,False,0.0,True
220980,2.7000674241296427,transformer_compose120_f0.6_wd1.0_softmax_ce_s6,42300.0,compose,1.0,False,0.0,True
221980,2.726706961829311,transformer_compose120_f0.6_wd1.0_softmax_ce_s6,42300.0,compose,1.0,False,0.0,True
222980,2.592509387950985,transformer_compose120_f0.6_wd1.0_softmax_ce_s6,42300.0,compose,1.0,False,0.0,True
223980,2.793789005963669,transformer_compose120_f0.6_wd1.0_softmax_ce_s6,42300.0,compose,1.0,False,0.0,True
224980,2.5544187139065926,transformer_compose120_f0.6_wd1.0_softmax_ce_s6,42300.0,compose,1.0,False,0.0,True
225980,2.683760509409452,transformer_compose120_f0.6_wd1.0_softmax_ce_s6,42300.0,compose,1.0,False,0.0,True
226980,2.6521879081679214,transformer_compose120_f0.6_wd1.0_softmax_ce_s6,42300.0,compose,1.0,False,0.0,True
227980,2.55791819560073,transformer_compose120_f0.6_wd1.0_softmax_ce_s6,42300.0,compose,1.0,False,0.0,True
228980,2.6103430721087286,transformer_compose120_f0.6_wd1.0_softmax_ce_s6,42300.0,compose,1.0,False,0.0,True
229980,2.439131118504895,transformer_compose120_f0.6_wd1.0_softmax_ce_s6,42300.0,compose,1.0,False,0.0,True
230980,2.007310396068936,transformer_compose120_f0.6_wd1.0_softmax_ce_s6,42300.0,compose,1.0,False,0.0,True
231980,1.9180303315479212,transformer_compose120_f0.6_wd1.0_softmax_ce_s6,42300.0,compose,1.0,False,0.0,True
232980,1.8269633217860624,transformer_compose120_f0.6_wd1.0_softmax_ce_s6,42300.0,compose,1.0,False,0.0,True
233980,2.042699644696586,transformer_compose120_f0.6_wd1.0_softmax_ce_s6,42300.0,compose,1.0,False,0.0,True
234980,2.248235333402585,transformer_compose120_f0.6_wd1.0_softmax_ce_s6,42300.0,compose,1.0,False,0.0,True
235980,2.412240751349409,transformer_compose120_f0.6_wd1.0_softmax_ce_s6,42300.0,compose,1.0,False,0.0,True
236980,2.75511576688358,transformer_compose120_f0.6_wd1.0_softmax_ce_s6,42300.0,compose,1.0,False,0.0,True
237980,3.032825750589469,transformer_compose120_f0.6_wd1.0_softmax_ce_s6,42300.0,compose,1.0,False,0.0,True
238980,2.9842107199069217,transformer_compose120_f0.6_wd1.0_softmax_ce_s6,42300.0,compose,1.0,False,0.0,True
239980,2.9979667527533347,transformer_compose120_f0.6_wd1.0_softmax_ce_s6,42300.0,compose,1.0,False,0.0,True
240980,3.008465960804337,transformer_compose120_f0.6_wd1.0_softmax_ce_s6,42300.0,compose,1.0,False,0.0,True
241980,3.0556152286711087,transformer_compose120_f0.6_wd1.0_softmax_ce_s6,42300.0,compose,1.0,False,0.0,True
242980,2.950280735297917,transformer_compose120_f0.6_wd1.0_softmax_ce_s6,42300.0,compose,1.0,False,0.0,True
243980,3.1001264527523835,transformer_compose120_f0.6_wd1.0_softmax_ce_s6,42300.0,compose,1.0,False,0.0,True
244980,2.8430571450177347,transformer_compose120_f0.6_wd1.0_softmax_ce_s6,42300.0,compose,1.0,False,0.0,True
245980,2.790910879296194,transformer_compose120_f0.6_wd1.0_softmax_ce_s6,42300.0,compose,1.0,False,0.0,True
246980,2.88904518872835,transformer_compose120_f0.6_wd1.0_softmax_ce_s6,42300.0,compose,1.0,False,0.0,True
247980,3.0885634587970574,transformer_compose120_f0.6_wd1.0_softmax_ce_s6,42300.0,compose,1.0,False,0.0,True
248980,3.04182535550005,transformer_compose120_f0.6_wd1.0_softmax_ce_s6,42300.0,compose,1.0,False,0.0,True
249980,2.7385971147357853,transformer_compose120_f0.6_wd1.0_softmax_ce_s6,42300.0,compose,1.0,False,0.0,True
3980,1.269209603043972,transformer_compose120_f0.6_wd1.0_softmax_ce_s7,38700.0,compose,1.0,False,0.0,True
4980,1.3796340682869364,transformer_compose120_f0.6_wd1.0_softmax_ce_s7,38700.0,compose,1.0,False,0.0,True
5980,1.3578306597176326,transformer_compose120_f0.6_wd1.0_softmax_ce_s7,38700.0,compose,1.0,False,0.0,True
6980,1.3020622336338463,transformer_compose120_f0.6_wd1.0_softmax_ce_s7,38700.0,compose,1.0,False,0.0,True
7980,1.2671777369255228,transformer_compose120_f0.6_wd1.0_softmax_ce_s7,38700.0,compose,1.0,False,0.0,True
8980,1.2782812659262384,transformer_compose120_f0.6_wd1.0_softmax_ce_s7,38700.0,compose,1.0,False,0.0,True
9980,1.2705393880861882,transformer_compose120_f0.6_wd1.0_softmax_ce_s7,38700.0,compose,1.0,False,0.0,True
10980,1.310657420770838,transformer_compose120_f0.6_wd1.0_softmax_ce_s7,38700.0,compose,1.0,False,0.0,True
11980,1.3500945900896817,transformer_compose120_f0.6_wd1.0_softmax_ce_s7,38700.0,compose,1.0,False,0.0,True
12980,1.3272815109578742,transformer_compose120_f0.6_wd1.0_softmax_ce_s7,38700.0,compose,1.0,False,0.0,True
13980,1.30377305063772,transformer_compose120_f0.6_wd1.0_softmax_ce_s7,38700.0,compose,1.0,False,0.0,True
14980,1.3687642849171449,transformer_compose120_f0.6_wd1.0_softmax_ce_s7,38700.0,compose,1.0,False,0.0,True
15980,1.3468948413654942,transformer_compose120_f0.6_wd1.0_softmax_ce_s7,38700.0,compose,1.0,False,0.0,True
16980,1.3086248956079929,transformer_compose120_f0.6_wd1.0_softmax_ce_s7,38700.0,compose,1.0,False,0.0,True
17980,1.2452010420375064,transformer_compose120_f0.6_wd1.0_softmax_ce_s7,38700.0,compose,1.0,False,0.0,True
18980,1.2897743482237318,transformer_compose120_f0.6_wd1.0_softmax_ce_s7,38700.0,compose,1.0,False,0.0,True
19980,1.326532706139521,transformer_compose120_f0.6_wd1.0_softmax_ce_s7,38700.0,compose,1.0,False,0.0,True
20980,1.3852526383358257,transformer_compose120_f0.6_wd1.0_softmax_ce_s7,38700.0,compose,1.0,False,0.0,True
21980,1.2646178617137338,transformer_compose120_f0.6_wd1.0_softmax_ce_s7,38700.0,compose,1.0,False,0.0,True
22980,1.2898551478127978,transformer_compose120_f0.6_wd1.0_softmax_ce_s7,38700.0,compose,1.0,False,0.0,True
23980,1.2895346469756603,transformer_compose120_f0.6_wd1.0_softmax_ce_s7,38700.0,compose,1.0,False,0.0,True
24980,1.2743597728149332,transformer_compose120_f0.6_wd1.0_softmax_ce_s7,38700.0,compose,1.0,False,0.0,True
25980,1.322542942849251,transformer_compose120_f0.6_wd1.0_softmax_ce_s7,38700.0,compose,1.0,False,0.0,True
26980,1.2509057272514164,transformer_compose120_f0.6_wd1.0_softmax_ce_s7,38700.0,compose,1.0,False,0.0,True
27980,1.2859079216879528,transformer_compose120_f0.6_wd1.0_softmax_ce_s7,38700.0,compose,1.0,False,0.0,True
28980,1.381933454161685,transformer_compose120_f0.6_wd1.0_softmax_ce_s7,38700.0,compose,1.0,False,0.0,True
29980,1.3433774482929766,transformer_compose120_f0.6_wd1.0_softmax_ce_s7,38700.0,compose,1.0,False,0.0,True
30980,1.305888091170078,transformer_compose120_f0.6_wd1.0_softmax_ce_s7,38700.0,compose,1.0,False,0.0,True
31980,1.2506287876192983,transformer_compose120_f0.6_wd1.0_softmax_ce_s7,38700.0,compose,1.0,False,0.0,True
32980,1.2328158272914829,transformer_compose120_f0.6_wd1.0_softmax_ce_s7,38700.0,compose,1.0,False,0.0,True
33980,1.2890532689889296,transformer_compose120_f0.6_wd1.0_softmax_ce_s7,38700.0,compose,1.0,False,0.0,True
34980,1.2290261342787585,transformer_compose120_f0.6_wd1.0_softmax_ce_s7,38700.0,compose,1.0,False,0.0,True
35980,1.285747893322441,transformer_compose120_f0.6_wd1.0_softmax_ce_s7,38700.0,compose,1.0,False,0.0,True
36980,1.263938208532197,transformer_compose120_f0.6_wd1.0_softmax_ce_s7,38700.0,compose,1.0,False,0.0,True
37980,1.215778628660553,transformer_compose120_f0.6_wd1.0_softmax_ce_s7,38700.0,compose,1.0,False,0.0,True
38980,1.2659830686152456,transformer_compose120_f0.6_wd1.0_softmax_ce_s7,38700.0,compose,1.0,False,0.0,True
39980,1.228899292106932,transformer_compose120_f0.6_wd1.0_softmax_ce_s7,38700.0,compose,1.0,False,0.0,True
40980,1.1850400780806056,transformer_compose120_f0.6_wd1.0_softmax_ce_s7,38700.0,compose,1.0,False,0.0,True
41980,1.1015090029697296,transformer_compose120_f0.6_wd1.0_softmax_ce_s7,38700.0,compose,1.0,False,0.0,True
42980,1.0851439606869455,transformer_compose120_f0.6_wd1.0_softmax_ce_s7,38700.0,compose,1.0,False,0.0,True
43980,1.1025207264263468,transformer_compose120_f0.6_wd1.0_softmax_ce_s7,38700.0,compose,1.0,False,0.0,True
44980,1.1043287688185546,transformer_compose120_f0.6_wd1.0_softmax_ce_s7,38700.0,compose,1.0,False,0.0,True
45980,1.1043382811461029,transformer_compose120_f0.6_wd1.0_softmax_ce_s7,38700.0,compose,1.0,False,0.0,True
46980,1.110833042336368,transformer_compose120_f0.6_wd1.0_softmax_ce_s7,38700.0,compose,1.0,False,0.0,True
47980,1.172263163459152,transformer_compose120_f0.6_wd1.0_softmax_ce_s7,38700.0,compose,1.0,False,0.0,True
48980,1.1646843074667137,transformer_compose120_f0.6_wd1.0_softmax_ce_s7,38700.0,compose,1.0,False,0.0,True
49980,1.1946009142778085,transformer_compose120_f0.6_wd1.0_softmax_ce_s7,38700.0,compose,1.0,False,0.0,True
50980,1.1458275851853388,transformer_compose120_f0.6_wd1.0_softmax_ce_s7,38700.0,compose,1.0,False,0.0,True
51980,1.1476908648254651,transformer_compose120_f0.6_wd1.0_softmax_ce_s7,38700.0,compose,1.0,False,0.0,True
52980,1.1432737742683503,transformer_compose120_f0.6_wd1.0_softmax_ce_s7,38700.0,compose,1.0,False,0.0,True
53980,1.1124799203519105,transformer_compose120_f0.6_wd1.0_softmax_ce_s7,38700.0,compose,1.0,False,0.0,True
54980,1.071956840873018,transformer_compose120_f0.6_wd1.0_softmax_ce_s7,38700.0,compose,1.0,False,0.0,True
55980,1.0829711234712114,transformer_compose120_f0.6_wd1.0_softmax_ce_s7,38700.0,compose,1.0,False,0.0,True
56980,1.1201205911172445,transformer_compose120_f0.6_wd1.0_softmax_ce_s7,38700.0,compose,1.0,False,0.0,True
57980,1.1113882788226035,transformer_compose120_f0.6_wd1.0_softmax_ce_s7,38700.0,compose,1.0,False,0.0,True
58980,1.0802013712683738,transformer_compose120_f0.6_wd1.0_softmax_ce_s7,38700.0,compose,1.0,False,0.0,True
59980,1.1221302784562344,transformer_compose120_f0.6_wd1.0_softmax_ce_s7,38700.0,compose,1.0,False,0.0,True
60980,1.1328810321754954,transformer_compose120_f0.6_wd1.0_softmax_ce_s7,38700.0,compose,1.0,False,0.0,True
61980,1.118108071043445,transformer_compose120_f0.6_wd1.0_softmax_ce_s7,38700.0,compose,1.0,False,0.0,True
62980,1.1931211453785644,transformer_compose120_f0.6_wd1.0_softmax_ce_s7,38700.0,compose,1.0,False,0.0,True
63980,1.165699946079371,transformer_compose120_f0.6_wd1.0_softmax_ce_s7,38700.0,compose,1.0,False,0.0,True
64980,1.1959382767815367,transformer_compose120_f0.6_wd1.0_softmax_ce_s7,38700.0,compose,1.0,False,0.0,True
65980,1.2081302544035988,transformer_compose120_f0.6_wd1.0_softmax_ce_s7,38700.0,compose,1.0,False,0.0,True
66980,1.1669132623239291,transformer_compose120_f0.6_wd1.0_softmax_ce_s7,38700.0,compose,1.0,False,0.0,True
67980,1.1386407996383234,transformer_compose120_f0.6_wd1.0_softmax_ce_s7,38700.0,compose,1.0,False,0.0,True
68980,1.106897001071819,transformer_compose120_f0.6_wd1.0_softmax_ce_s7,38700.0,compose,1.0,False,0.0,True
69980,1.1476645647762878,transformer_compose120_f0.6_wd1.0_softmax_ce_s7,38700.0,compose,1.0,False,0.0,True
70980,1.2313846220586129,transformer_compose120_f0.6_wd1.0_softmax_ce_s7,38700.0,compose,1.0,False,0.0,True
71980,1.154090293975901,transformer_compose120_f0.6_wd1.0_softmax_ce_s7,38700.0,compose,1.0,False,0.0,True
72980,1.1594523854710703,transformer_compose120_f0.6_wd1.0_softmax_ce_s7,38700.0,compose,1.0,False,0.0,True
73980,1.1527033986033133,transformer_compose120_f0.6_wd1.0_softmax_ce_s7,38700.0,compose,1.0,False,0.0,True
74980,1.1384229811993054,transformer_compose120_f0.6_wd1.0_softmax_ce_s7,38700.0,compose,1.0,False,0.0,True
75980,1.1609476689570075,transformer_compose120_f0.6_wd1.0_softmax_ce_s7,38700.0,compose,1.0,False,0.0,True
76980,1.15088138957032,transformer_compose120_f0.6_wd1.0_softmax_ce_s7,38700.0,compose,1.0,False,0.0,True
77980,1.1265367862714215,transformer_compose120_f0.6_wd1.0_softmax_ce_s7,38700.0,compose,1.0,False,0.0,True
78980,1.1200225851936445,transformer_compose120_f0.6_wd1.0_softmax_ce_s7,38700.0,compose,1.0,False,0.0,True
79980,1.133257518517304,transformer_compose120_f0.6_wd1.0_softmax_ce_s7,38700.0,compose,1.0,False,0.0,True
80980,1.087461206158919,transformer_compose120_f0.6_wd1.0_softmax_ce_s7,38700.0,compose,1.0,False,0.0,True
81980,1.0935003957591602,transformer_compose120_f0.6_wd1.0_softmax_ce_s7,38700.0,compose,1.0,False,0.0,True
82980,1.0966659919544297,transformer_compose120_f0.6_wd1.0_softmax_ce_s7,38700.0,compose,1.0,False,0.0,True
83980,1.1368108155800944,transformer_compose120_f0.6_wd1.0_softmax_ce_s7,38700.0,compose,1.0,False,0.0,True
84980,1.1232410087028066,transformer_compose120_f0.6_wd1.0_softmax_ce_s7,38700.0,compose,1.0,False,0.0,True
85980,1.1158465447285155,transformer_compose120_f0.6_wd1.0_softmax_ce_s7,38700.0,compose,1.0,False,0.0,True
86980,1.1177083905455794,transformer_compose120_f0.6_wd1.0_softmax_ce_s7,38700.0,compose,1.0,False,0.0,True
87980,1.1004972820891117,transformer_compose120_f0.6_wd1.0_softmax_ce_s7,38700.0,compose,1.0,False,0.0,True
88980,1.1077405277820471,transformer_compose120_f0.6_wd1.0_softmax_ce_s7,38700.0,compose,1.0,False,0.0,True
89980,1.124814882817584,transformer_compose120_f0.6_wd1.0_softmax_ce_s7,38700.0,compose,1.0,False,0.0,True
90980,1.15747991774507,transformer_compose120_f0.6_wd1.0_softmax_ce_s7,38700.0,compose,1.0,False,0.0,True
91980,1.1419878611767087,transformer_compose120_f0.6_wd1.0_softmax_ce_s7,38700.0,compose,1.0,False,0.0,True
92980,1.1424723038636049,transformer_compose120_f0.6_wd1.0_softmax_ce_s7,38700.0,compose,1.0,False,0.0,True
93980,1.1481797449179434,transformer_compose120_f0.6_wd1.0_softmax_ce_s7,38700.0,compose,1.0,False,0.0,True
94980,1.1388329719987016,transformer_compose120_f0.6_wd1.0_softmax_ce_s7,38700.0,compose,1.0,False,0.0,True
95980,1.181022525125322,transformer_compose120_f0.6_wd1.0_softmax_ce_s7,38700.0,compose,1.0,False,0.0,True
96980,1.141433669533556,transformer_compose120_f0.6_wd1.0_softmax_ce_s7,38700.0,compose,1.0,False,0.0,True
97980,1.2015830453096803,transformer_compose120_f0.6_wd1.0_softmax_ce_s7,38700.0,compose,1.0,False,0.0,True
98980,1.1464846520932044,transformer_compose120_f0.6_wd1.0_softmax_ce_s7,38700.0,compose,1.0,False,0.0,True
99980,1.1858649617407446,transformer_compose120_f0.6_wd1.0_softmax_ce_s7,38700.0,compose,1.0,False,0.0,True
100980,1.1478406913642063,transformer_compose120_f0.6_wd1.0_softmax_ce_s7,38700.0,compose,1.0,False,0.0,True
101980,1.1169180767641531,transformer_compose120_f0.6_wd1.0_softmax_ce_s7,38700.0,compose,1.0,False,0.0,True
102980,1.1247660561919337,transformer_compose120_f0.6_wd1.0_softmax_ce_s7,38700.0,compose,1.0,False,0.0,True
103980,1.1470323973926306,transformer_compose120_f0.6_wd1.0_softmax_ce_s7,38700.0,compose,1.0,False,0.0,True
104980,1.156224745584708,transformer_compose120_f0.6_wd1.0_softmax_ce_s7,38700.0,compose,1.0,False,0.0,True
105980,1.123717203705117,transformer_compose120_f0.6_wd1.0_softmax_ce_s7,38700.0,compose,1.0,False,0.0,True
106980,1.1388186453717786,transformer_compose120_f0.6_wd1.0_softmax_ce_s7,38700.0,compose,1.0,False,0.0,True
107980,1.1223060904485958,transformer_compose120_f0.6_wd1.0_softmax_ce_s7,38700.0,compose,1.0,False,0.0,True
108980,1.1636997514517513,transformer_compose120_f0.6_wd1.0_softmax_ce_s7,38700.0,compose,1.0,False,0.0,True
109980,1.103260093497194,transformer_compose120_f0.6_wd1.0_softmax_ce_s7,38700.0,compose,1.0,False,0.0,True
110980,1.0515310270162694,transformer_compose120_f0.6_wd1.0_softmax_ce_s7,38700.0,compose,1.0,False,0.0,True
111980,1.1131153939431502,transformer_compose120_f0.6_wd1.0_softmax_ce_s7,38700.0,compose,1.0,False,0.0,True
112980,1.126664048534629,transformer_compose120_f0.6_wd1.0_softmax_ce_s7,38700.0,compose,1.0,False,0.0,True
113980,1.119186998565226,transformer_compose120_f0.6_wd1.0_softmax_ce_s7,38700.0,compose,1.0,False,0.0,True
114980,1.126472296276812,transformer_compose120_f0.6_wd1.0_softmax_ce_s7,38700.0,compose,1.0,False,0.0,True
115980,1.186556557545129,transformer_compose120_f0.6_wd1.0_softmax_ce_s7,38700.0,compose,1.0,False,0.0,True
116980,1.195695215426476,transformer_compose120_f0.6_wd1.0_softmax_ce_s7,38700.0,compose,1.0,False,0.0,True
117980,1.1608010164863791,transformer_compose120_f0.6_wd1.0_softmax_ce_s7,38700.0,compose,1.0,False,0.0,True
118980,1.1606373443325182,transformer_compose120_f0.6_wd1.0_softmax_ce_s7,38700.0,compose,1.0,False,0.0,True
119980,1.1665152297092216,transformer_compose120_f0.6_wd1.0_softmax_ce_s7,38700.0,compose,1.0,False,0.0,True
120980,1.1350745964751328,transformer_compose120_f0.6_wd1.0_softmax_ce_s7,38700.0,compose,1.0,False,0.0,True
121980,1.1499041100466485,transformer_compose120_f0.6_wd1.0_softmax_ce_s7,38700.0,compose,1.0,False,0.0,True
122980,1.1726615771680933,transformer_compose120_f0.6_wd1.0_softmax_ce_s7,38700.0,compose,1.0,False,0.0,True
123980,1.1586020792068028,transformer_compose120_f0.6_wd1.0_softmax_ce_s7,38700.0,compose,1.0,False,0.0,True
124980,1.2104696692181287,transformer_compose120_f0.6_wd1.0_softmax_ce_s7,38700.0,compose,1.0,False,0.0,True
125980,1.1944499272953313,transformer_compose120_f0.6_wd1.0_softmax_ce_s7,38700.0,compose,1.0,False,0.0,True
126980,1.2070066999722278,transformer_compose120_f0.6_wd1.0_softmax_ce_s7,38700.0,compose,1.0,False,0.0,True
127980,1.1730375519676055,transformer_compose120_f0.6_wd1.0_softmax_ce_s7,38700.0,compose,1.0,False,0.0,True
128980,1.18624103420236,transformer_compose120_f0.6_wd1.0_softmax_ce_s7,38700.0,compose,1.0,False,0.0,True
129980,1.181431318111924,transformer_compose120_f0.6_wd1.0_softmax_ce_s7,38700.0,compose,1.0,False,0.0,True
130980,1.1673909952421593,transformer_compose120_f0.6_wd1.0_softmax_ce_s7,38700.0,compose,1.0,False,0.0,True
131980,1.1187319813297356,transformer_compose120_f0.6_wd1.0_softmax_ce_s7,38700.0,compose,1.0,False,0.0,True
132980,1.146891849698151,transformer_compose120_f0.6_wd1.0_softmax_ce_s7,38700.0,compose,1.0,False,0.0,True
133980,1.1450486216106437,transformer_compose120_f0.6_wd1.0_softmax_ce_s7,38700.0,compose,1.0,False,0.0,True
134980,1.0998362368048733,transformer_compose120_f0.6_wd1.0_softmax_ce_s7,38700.0,compose,1.0,False,0.0,True
135980,1.1316993631425276,transformer_compose120_f0.6_wd1.0_softmax_ce_s7,38700.0,compose,1.0,False,0.0,True
136980,1.0862612196621655,transformer_compose120_f0.6_wd1.0_softmax_ce_s7,38700.0,compose,1.0,False,0.0,True
137980,1.086561593678043,transformer_compose120_f0.6_wd1.0_softmax_ce_s7,38700.0,compose,1.0,False,0.0,True
138980,1.1122963334173503,transformer_compose120_f0.6_wd1.0_softmax_ce_s7,38700.0,compose,1.0,False,0.0,True
139980,1.0834680124656613,transformer_compose120_f0.6_wd1.0_softmax_ce_s7,38700.0,compose,1.0,False,0.0,True
140980,1.1372108200996152,transformer_compose120_f0.6_wd1.0_softmax_ce_s7,38700.0,compose,1.0,False,0.0,True
141980,1.107683023445676,transformer_compose120_f0.6_wd1.0_softmax_ce_s7,38700.0,compose,1.0,False,0.0,True
142980,1.070123752152764,transformer_compose120_f0.6_wd1.0_softmax_ce_s7,38700.0,compose,1.0,False,0.0,True
143980,1.09861586734984,transformer_compose120_f0.6_wd1.0_softmax_ce_s7,38700.0,compose,1.0,False,0.0,True
144980,1.0779499494720317,transformer_compose120_f0.6_wd1.0_softmax_ce_s7,38700.0,compose,1.0,False,0.0,True
145980,1.071630095713103,transformer_compose120_f0.6_wd1.0_softmax_ce_s7,38700.0,compose,1.0,False,0.0,True
146980,1.091913336018951,transformer_compose120_f0.6_wd1.0_softmax_ce_s7,38700.0,compose,1.0,False,0.0,True
147980,1.1162508092892218,transformer_compose120_f0.6_wd1.0_softmax_ce_s7,38700.0,compose,1.0,False,0.0,True
148980,1.149326197640581,transformer_compose120_f0.6_wd1.0_softmax_ce_s7,38700.0,compose,1.0,False,0.0,True
149980,1.163345654738812,transformer_compose120_f0.6_wd1.0_softmax_ce_s7,38700.0,compose,1.0,False,0.0,True
150980,1.1669568748446475,transformer_compose120_f0.6_wd1.0_softmax_ce_s7,38700.0,compose,1.0,False,0.0,True
151980,1.1387494199818144,transformer_compose120_f0.6_wd1.0_softmax_ce_s7,38700.0,compose,1.0,False,0.0,True
152980,1.1357291926586757,transformer_compose120_f0.6_wd1.0_softmax_ce_s7,38700.0,compose,1.0,False,0.0,True
153980,1.116368690775294,transformer_compose120_f0.6_wd1.0_softmax_ce_s7,38700.0,compose,1.0,False,0.0,True
154980,1.0886010020973385,transformer_compose120_f0.6_wd1.0_softmax_ce_s7,38700.0,compose,1.0,False,0.0,True
155980,1.1072082996127826,transformer_compose120_f0.6_wd1.0_softmax_ce_s7,38700.0,compose,1.0,False,0.0,True
156980,1.0994584908646745,transformer_compose120_f0.6_wd1.0_softmax_ce_s7,38700.0,compose,1.0,False,0.0,True
157980,1.064129628790506,transformer_compose120_f0.6_wd1.0_softmax_ce_s7,38700.0,compose,1.0,False,0.0,True
158980,1.163938803541495,transformer_compose120_f0.6_wd1.0_softmax_ce_s7,38700.0,compose,1.0,False,0.0,True
159980,1.118082988964492,transformer_compose120_f0.6_wd1.0_softmax_ce_s7,38700.0,compose,1.0,False,0.0,True
160980,1.153918383179333,transformer_compose120_f0.6_wd1.0_softmax_ce_s7,38700.0,compose,1.0,False,0.0,True
161980,1.1241856966090755,transformer_compose120_f0.6_wd1.0_softmax_ce_s7,38700.0,compose,1.0,False,0.0,True
162980,1.1371011317173618,transformer_compose120_f0.6_wd1.0_softmax_ce_s7,38700.0,compose,1.0,False,0.0,True
163980,1.183840805890085,transformer_compose120_f0.6_wd1.0_softmax_ce_s7,38700.0,compose,1.0,False,0.0,True
164980,1.168575802901472,transformer_compose120_f0.6_wd1.0_softmax_ce_s7,38700.0,compose,1.0,False,0.0,True
165980,1.1350447632583307,transformer_compose120_f0.6_wd1.0_softmax_ce_s7,38700.0,compose,1.0,False,0.0,True
166980,1.112493555853505,transformer_compose120_f0.6_wd1.0_softmax_ce_s7,38700.0,compose,1.0,False,0.0,True
167980,1.1343413654107315,transformer_compose120_f0.6_wd1.0_softmax_ce_s7,38700.0,compose,1.0,False,0.0,True
168980,1.1114669918357287,transformer_compose120_f0.6_wd1.0_softmax_ce_s7,38700.0,compose,1.0,False,0.0,True
169980,1.1208902738746662,transformer_compose120_f0.6_wd1.0_softmax_ce_s7,38700.0,compose,1.0,False,0.0,True
170980,1.1100242599798658,transformer_compose120_f0.6_wd1.0_softmax_ce_s7,38700.0,compose,1.0,False,0.0,True
171980,1.1023062590974215,transformer_compose120_f0.6_wd1.0_softmax_ce_s7,38700.0,compose,1.0,False,0.0,True
172980,1.113002658080074,transformer_compose120_f0.6_wd1.0_softmax_ce_s7,38700.0,compose,1.0,False,0.0,True
173980,1.100869400182357,transformer_compose120_f0.6_wd1.0_softmax_ce_s7,38700.0,compose,1.0,False,0.0,True
174980,1.1118206369957957,transformer_compose120_f0.6_wd1.0_softmax_ce_s7,38700.0,compose,1.0,False,0.0,True
175980,1.095492451746796,transformer_compose120_f0.6_wd1.0_softmax_ce_s7,38700.0,compose,1.0,False,0.0,True
176980,1.1190316863410057,transformer_compose120_f0.6_wd1.0_softmax_ce_s7,38700.0,compose,1.0,False,0.0,True
177980,1.1222052589459606,transformer_compose120_f0.6_wd1.0_softmax_ce_s7,38700.0,compose,1.0,False,0.0,True
178980,1.1483134149409882,transformer_compose120_f0.6_wd1.0_softmax_ce_s7,38700.0,compose,1.0,False,0.0,True
179980,1.1088833292574651,transformer_compose120_f0.6_wd1.0_softmax_ce_s7,38700.0,compose,1.0,False,0.0,True
180980,1.0959800992279722,transformer_compose120_f0.6_wd1.0_softmax_ce_s7,38700.0,compose,1.0,False,0.0,True
181980,1.0775714014270976,transformer_compose120_f0.6_wd1.0_softmax_ce_s7,38700.0,compose,1.0,False,0.0,True
182980,1.0829458303902917,transformer_compose120_f0.6_wd1.0_softmax_ce_s7,38700.0,compose,1.0,False,0.0,True
183980,1.0854388492393,transformer_compose120_f0.6_wd1.0_softmax_ce_s7,38700.0,compose,1.0,False,0.0,True
184980,1.1253197235308632,transformer_compose120_f0.6_wd1.0_softmax_ce_s7,38700.0,compose,1.0,False,0.0,True
185980,1.1040991097768638,transformer_compose120_f0.6_wd1.0_softmax_ce_s7,38700.0,compose,1.0,False,0.0,True
186980,1.1140453467673828,transformer_compose120_f0.6_wd1.0_softmax_ce_s7,38700.0,compose,1.0,False,0.0,True
187980,1.1027081253850235,transformer_compose120_f0.6_wd1.0_softmax_ce_s7,38700.0,compose,1.0,False,0.0,True
188980,1.1066644360933475,transformer_compose120_f0.6_wd1.0_softmax_ce_s7,38700.0,compose,1.0,False,0.0,True
189980,1.1174443269084495,transformer_compose120_f0.6_wd1.0_softmax_ce_s7,38700.0,compose,1.0,False,0.0,True
190980,1.0985267734787438,transformer_compose120_f0.6_wd1.0_softmax_ce_s7,38700.0,compose,1.0,False,0.0,True
191980,1.1342814194236666,transformer_compose120_f0.6_wd1.0_softmax_ce_s7,38700.0,compose,1.0,False,0.0,True
192980,1.1417200048311678,transformer_compose120_f0.6_wd1.0_softmax_ce_s7,38700.0,compose,1.0,False,0.0,True
193980,1.1200610243212723,transformer_compose120_f0.6_wd1.0_softmax_ce_s7,38700.0,compose,1.0,False,0.0,True
194980,1.08015281735892,transformer_compose120_f0.6_wd1.0_softmax_ce_s7,38700.0,compose,1.0,False,0.0,True
195980,1.0976794934366814,transformer_compose120_f0.6_wd1.0_softmax_ce_s7,38700.0,compose,1.0,False,0.0,True
196980,1.119326147653383,transformer_compose120_f0.6_wd1.0_softmax_ce_s7,38700.0,compose,1.0,False,0.0,True
197980,1.1801811257688068,transformer_compose120_f0.6_wd1.0_softmax_ce_s7,38700.0,compose,1.0,False,0.0,True
198980,1.1200857260867128,transformer_compose120_f0.6_wd1.0_softmax_ce_s7,38700.0,compose,1.0,False,0.0,True
199980,1.1544561271780558,transformer_compose120_f0.6_wd1.0_softmax_ce_s7,38700.0,compose,1.0,False,0.0,True
200980,1.094668247132176,transformer_compose120_f0.6_wd1.0_softmax_ce_s7,38700.0,compose,1.0,False,0.0,True
201980,1.1162157168661435,transformer_compose120_f0.6_wd1.0_softmax_ce_s7,38700.0,compose,1.0,False,0.0,True
202980,1.060685534470978,transformer_compose120_f0.6_wd1.0_softmax_ce_s7,38700.0,compose,1.0,False,0.0,True
203980,1.086958656622603,transformer_compose120_f0.6_wd1.0_softmax_ce_s7,38700.0,compose,1.0,False,0.0,True
204980,1.109721827912045,transformer_compose120_f0.6_wd1.0_softmax_ce_s7,38700.0,compose,1.0,False,0.0,True
205980,1.126805728519442,transformer_compose120_f0.6_wd1.0_softmax_ce_s7,38700.0,compose,1.0,False,0.0,True
206980,1.1145433095293271,transformer_compose120_f0.6_wd1.0_softmax_ce_s7,38700.0,compose,1.0,False,0.0,True
207980,1.116472455089097,transformer_compose120_f0.6_wd1.0_softmax_ce_s7,38700.0,compose,1.0,False,0.0,True
208980,1.1619639004257,transformer_compose120_f0.6_wd1.0_softmax_ce_s7,38700.0,compose,1.0,False,0.0,True
209980,1.0931998390882094,transformer_compose120_f0.6_wd1.0_softmax_ce_s7,38700.0,compose,1.0,False,0.0,True
210980,1.109443167124862,transformer_compose120_f0.6_wd1.0_softmax_ce_s7,38700.0,compose,1.0,False,0.0,True
211980,1.1334072024100537,transformer_compose120_f0.6_wd1.0_softmax_ce_s7,38700.0,compose,1.0,False,0.0,True
212980,1.1158192587533933,transformer_compose120_f0.6_wd1.0_softmax_ce_s7,38700.0,compose,1.0,False,0.0,True
213980,1.0875922436425502,transformer_compose120_f0.6_wd1.0_softmax_ce_s7,38700.0,compose,1.0,False,0.0,True
214980,1.1356848069600185,transformer_compose120_f0.6_wd1.0_softmax_ce_s7,38700.0,compose,1.0,False,0.0,True
215980,1.1395406907227468,transformer_compose120_f0.6_wd1.0_softmax_ce_s7,38700.0,compose,1.0,False,0.0,True
216980,1.089927823636388,transformer_compose120_f0.6_wd1.0_softmax_ce_s7,38700.0,compose,1.0,False,0.0,True
217980,1.1028158212066392,transformer_compose120_f0.6_wd1.0_softmax_ce_s7,38700.0,compose,1.0,False,0.0,True
218980,1.1098198168230622,transformer_compose120_f0.6_wd1.0_softmax_ce_s7,38700.0,compose,1.0,False,0.0,True
219980,1.1122766731184972,transformer_compose120_f0.6_wd1.0_softmax_ce_s7,38700.0,compose,1.0,False,0.0,True
220980,1.1035686992906455,transformer_compose120_f0.6_wd1.0_softmax_ce_s7,38700.0,compose,1.0,False,0.0,True
221980,1.1334357046853245,transformer_compose120_f0.6_wd1.0_softmax_ce_s7,38700.0,compose,1.0,False,0.0,True
222980,1.1230907897597735,transformer_compose120_f0.6_wd1.0_softmax_ce_s7,38700.0,compose,1.0,False,0.0,True
223980,1.094860343896268,transformer_compose120_f0.6_wd1.0_softmax_ce_s7,38700.0,compose,1.0,False,0.0,True
224980,1.133554266590623,transformer_compose120_f0.6_wd1.0_softmax_ce_s7,38700.0,compose,1.0,False,0.0,True
225980,1.0794423438199032,transformer_compose120_f0.6_wd1.0_softmax_ce_s7,38700.0,compose,1.0,False,0.0,True
226980,1.116743276339344,transformer_compose120_f0.6_wd1.0_softmax_ce_s7,38700.0,compose,1.0,False,0.0,True
227980,1.131177990933928,transformer_compose120_f0.6_wd1.0_softmax_ce_s7,38700.0,compose,1.0,False,0.0,True
228980,1.1550324915204009,transformer_compose120_f0.6_wd1.0_softmax_ce_s7,38700.0,compose,1.0,False,0.0,True
229980,1.109873419297235,transformer_compose120_f0.6_wd1.0_softmax_ce_s7,38700.0,compose,1.0,False,0.0,True
230980,1.1147879576085218,transformer_compose120_f0.6_wd1.0_softmax_ce_s7,38700.0,compose,1.0,False,0.0,True
231980,1.0886390634270149,transformer_compose120_f0.6_wd1.0_softmax_ce_s7,38700.0,compose,1.0,False,0.0,True
232980,1.1225649557375716,transformer_compose120_f0.6_wd1.0_softmax_ce_s7,38700.0,compose,1.0,False,0.0,True
233980,1.0905301035717572,transformer_compose120_f0.6_wd1.0_softmax_ce_s7,38700.0,compose,1.0,False,0.0,True
234980,1.0966236963611595,transformer_compose120_f0.6_wd1.0_softmax_ce_s7,38700.0,compose,1.0,False,0.0,True
235980,1.152884852680954,transformer_compose120_f0.6_wd1.0_softmax_ce_s7,38700.0,compose,1.0,False,0.0,True
236980,1.128004237434128,transformer_compose120_f0.6_wd1.0_softmax_ce_s7,38700.0,compose,1.0,False,0.0,True
237980,1.113239434513312,transformer_compose120_f0.6_wd1.0_softmax_ce_s7,38700.0,compose,1.0,False,0.0,True
238980,1.1076995317943166,transformer_compose120_f0.6_wd1.0_softmax_ce_s7,38700.0,compose,1.0,False,0.0,True
239980,1.1046937197750717,transformer_compose120_f0.6_wd1.0_softmax_ce_s7,38700.0,compose,1.0,False,0.0,True
240980,1.1093507364810762,transformer_compose120_f0.6_wd1.0_softmax_ce_s7,38700.0,compose,1.0,False,0.0,True
241980,1.1083085523530642,transformer_compose120_f0.6_wd1.0_softmax_ce_s7,38700.0,compose,1.0,False,0.0,True
242980,1.078883280286611,transformer_compose120_f0.6_wd1.0_softmax_ce_s7,38700.0,compose,1.0,False,0.0,True
243980,1.1005816865018694,transformer_compose120_f0.6_wd1.0_softmax_ce_s7,38700.0,compose,1.0,False,0.0,True
244980,1.1146115488890551,transformer_compose120_f0.6_wd1.0_softmax_ce_s7,38700.0,compose,1.0,False,0.0,True
245980,1.086926387749592,transformer_compose120_f0.6_wd1.0_softmax_ce_s7,38700.0,compose,1.0,False,0.0,True
246980,1.1206339183931664,transformer_compose120_f0.6_wd1.0_softmax_ce_s7,38700.0,compose,1.0,False,0.0,True
247980,1.122110467920905,transformer_compose120_f0.6_wd1.0_softmax_ce_s7,38700.0,compose,1.0,False,0.0,True
248980,1.11673275990422,transformer_compose120_f0.6_wd1.0_softmax_ce_s7,38700.0,compose,1.0,False,0.0,True
249980,1.12828629519409,transformer_compose120_f0.6_wd1.0_softmax_ce_s7,38700.0,compose,1.0,False,0.0,True
3980,1.345847981263288,transformer_compose120_f0.6_wd1.0_softmax_ce_s8,17300.0,compose,1.0,False,0.0,True
4980,1.450498403152642,transformer_compose120_f0.6_wd1.0_softmax_ce_s8,17300.0,compose,1.0,False,0.0,True
5980,1.3918316706797935,transformer_compose120_f0.6_wd1.0_softmax_ce_s8,17300.0,compose,1.0,False,0.0,True
6980,1.270390717444409,transformer_compose120_f0.6_wd1.0_softmax_ce_s8,17300.0,compose,1.0,False,0.0,True
7980,1.2664128303961828,transformer_compose120_f0.6_wd1.0_softmax_ce_s8,17300.0,compose,1.0,False,0.0,True
8980,1.3373320766366603,transformer_compose120_f0.6_wd1.0_softmax_ce_s8,17300.0,compose,1.0,False,0.0,True
9980,1.2538678307487172,transformer_compose120_f0.6_wd1.0_softmax_ce_s8,17300.0,compose,1.0,False,0.0,True
10980,1.3496536003501365,transformer_compose120_f0.6_wd1.0_softmax_ce_s8,17300.0,compose,1.0,False,0.0,True
11980,1.3131111170902614,transformer_compose120_f0.6_wd1.0_softmax_ce_s8,17300.0,compose,1.0,False,0.0,True
12980,1.2908005428749167,transformer_compose120_f0.6_wd1.0_softmax_ce_s8,17300.0,compose,1.0,False,0.0,True
13980,1.2893406812757038,transformer_compose120_f0.6_wd1.0_softmax_ce_s8,17300.0,compose,1.0,False,0.0,True
14980,1.2974716701684068,transformer_compose120_f0.6_wd1.0_softmax_ce_s8,17300.0,compose,1.0,False,0.0,True
15980,1.2817451191964684,transformer_compose120_f0.6_wd1.0_softmax_ce_s8,17300.0,compose,1.0,False,0.0,True
16980,1.2095521451207738,transformer_compose120_f0.6_wd1.0_softmax_ce_s8,17300.0,compose,1.0,False,0.0,True
17980,1.1816627549160452,transformer_compose120_f0.6_wd1.0_softmax_ce_s8,17300.0,compose,1.0,False,0.0,True
18980,1.2009729247710912,transformer_compose120_f0.6_wd1.0_softmax_ce_s8,17300.0,compose,1.0,False,0.0,True
19980,1.1994785270162465,transformer_compose120_f0.6_wd1.0_softmax_ce_s8,17300.0,compose,1.0,False,0.0,True
20980,1.122020631379478,transformer_compose120_f0.6_wd1.0_softmax_ce_s8,17300.0,compose,1.0,False,0.0,True
21980,1.1232891377013898,transformer_compose120_f0.6_wd1.0_softmax_ce_s8,17300.0,compose,1.0,False,0.0,True
22980,1.0896518757893667,transformer_compose120_f0.6_wd1.0_softmax_ce_s8,17300.0,compose,1.0,False,0.0,True
23980,1.0739063136523388,transformer_compose120_f0.6_wd1.0_softmax_ce_s8,17300.0,compose,1.0,False,0.0,True
24980,1.082627198852865,transformer_compose120_f0.6_wd1.0_softmax_ce_s8,17300.0,compose,1.0,False,0.0,True
25980,1.0708976884639132,transformer_compose120_f0.6_wd1.0_softmax_ce_s8,17300.0,compose,1.0,False,0.0,True
26980,1.1172620122118448,transformer_compose120_f0.6_wd1.0_softmax_ce_s8,17300.0,compose,1.0,False,0.0,True
27980,1.2304128484990875,transformer_compose120_f0.6_wd1.0_softmax_ce_s8,17300.0,compose,1.0,False,0.0,True
28980,1.266061001285393,transformer_compose120_f0.6_wd1.0_softmax_ce_s8,17300.0,compose,1.0,False,0.0,True
29980,1.2351060091840265,transformer_compose120_f0.6_wd1.0_softmax_ce_s8,17300.0,compose,1.0,False,0.0,True
30980,1.287737326819907,transformer_compose120_f0.6_wd1.0_softmax_ce_s8,17300.0,compose,1.0,False,0.0,True
31980,1.3444286092919036,transformer_compose120_f0.6_wd1.0_softmax_ce_s8,17300.0,compose,1.0,False,0.0,True
32980,1.384806905141393,transformer_compose120_f0.6_wd1.0_softmax_ce_s8,17300.0,compose,1.0,False,0.0,True
33980,1.478319280155223,transformer_compose120_f0.6_wd1.0_softmax_ce_s8,17300.0,compose,1.0,False,0.0,True
34980,1.4283639453388148,transformer_compose120_f0.6_wd1.0_softmax_ce_s8,17300.0,compose,1.0,False,0.0,True
35980,1.5399186889114227,transformer_compose120_f0.6_wd1.0_softmax_ce_s8,17300.0,compose,1.0,False,0.0,True
36980,1.4934574541720234,transformer_compose120_f0.6_wd1.0_softmax_ce_s8,17300.0,compose,1.0,False,0.0,True
37980,1.4815681316224087,transformer_compose120_f0.6_wd1.0_softmax_ce_s8,17300.0,compose,1.0,False,0.0,True
38980,1.4498896849889615,transformer_compose120_f0.6_wd1.0_softmax_ce_s8,17300.0,compose,1.0,False,0.0,True
39980,1.45294588900756,transformer_compose120_f0.6_wd1.0_softmax_ce_s8,17300.0,compose,1.0,False,0.0,True
40980,1.5166109361760427,transformer_compose120_f0.6_wd1.0_softmax_ce_s8,17300.0,compose,1.0,False,0.0,True
41980,1.4040761213500133,transformer_compose120_f0.6_wd1.0_softmax_ce_s8,17300.0,compose,1.0,False,0.0,True
42980,1.502069159113263,transformer_compose120_f0.6_wd1.0_softmax_ce_s8,17300.0,compose,1.0,False,0.0,True
43980,1.477060946459486,transformer_compose120_f0.6_wd1.0_softmax_ce_s8,17300.0,compose,1.0,False,0.0,True
44980,1.4773309603439608,transformer_compose120_f0.6_wd1.0_softmax_ce_s8,17300.0,compose,1.0,False,0.0,True
45980,1.4962073427233575,transformer_compose120_f0.6_wd1.0_softmax_ce_s8,17300.0,compose,1.0,False,0.0,True
46980,1.5027759676872323,transformer_compose120_f0.6_wd1.0_softmax_ce_s8,17300.0,compose,1.0,False,0.0,True
47980,1.579652755028594,transformer_compose120_f0.6_wd1.0_softmax_ce_s8,17300.0,compose,1.0,False,0.0,True
48980,1.5143434715252335,transformer_compose120_f0.6_wd1.0_softmax_ce_s8,17300.0,compose,1.0,False,0.0,True
49980,1.6295883994354383,transformer_compose120_f0.6_wd1.0_softmax_ce_s8,17300.0,compose,1.0,False,0.0,True
50980,1.6110790989512742,transformer_compose120_f0.6_wd1.0_softmax_ce_s8,17300.0,compose,1.0,False,0.0,True
51980,1.6759687285880898,transformer_compose120_f0.6_wd1.0_softmax_ce_s8,17300.0,compose,1.0,False,0.0,True
52980,1.8274427277041656,transformer_compose120_f0.6_wd1.0_softmax_ce_s8,17300.0,compose,1.0,False,0.0,True
53980,1.7935188956450772,transformer_compose120_f0.6_wd1.0_softmax_ce_s8,17300.0,compose,1.0,False,0.0,True
54980,1.890715164074988,transformer_compose120_f0.6_wd1.0_softmax_ce_s8,17300.0,compose,1.0,False,0.0,True
55980,1.9144359479845925,transformer_compose120_f0.6_wd1.0_softmax_ce_s8,17300.0,compose,1.0,False,0.0,True
56980,1.833477715784416,transformer_compose120_f0.6_wd1.0_softmax_ce_s8,17300.0,compose,1.0,False,0.0,True
57980,1.7823730977980683,transformer_compose120_f0.6_wd1.0_softmax_ce_s8,17300.0,compose,1.0,False,0.0,True
58980,1.691188828635046,transformer_compose120_f0.6_wd1.0_softmax_ce_s8,17300.0,compose,1.0,False,0.0,True
59980,1.7566985130298312,transformer_compose120_f0.6_wd1.0_softmax_ce_s8,17300.0,compose,1.0,False,0.0,True
60980,1.800173608680164,transformer_compose120_f0.6_wd1.0_softmax_ce_s8,17300.0,compose,1.0,False,0.0,True
61980,2.098993214803213,transformer_compose120_f0.6_wd1.0_softmax_ce_s8,17300.0,compose,1.0,False,0.0,True
62980,2.1184690618539093,transformer_compose120_f0.6_wd1.0_softmax_ce_s8,17300.0,compose,1.0,False,0.0,True
63980,2.033774376122934,transformer_compose120_f0.6_wd1.0_softmax_ce_s8,17300.0,compose,1.0,False,0.0,True
64980,2.102353999309525,transformer_compose120_f0.6_wd1.0_softmax_ce_s8,17300.0,compose,1.0,False,0.0,True
65980,2.020710679988701,transformer_compose120_f0.6_wd1.0_softmax_ce_s8,17300.0,compose,1.0,False,0.0,True
66980,1.831387994328834,transformer_compose120_f0.6_wd1.0_softmax_ce_s8,17300.0,compose,1.0,False,0.0,True
67980,1.875012047530949,transformer_compose120_f0.6_wd1.0_softmax_ce_s8,17300.0,compose,1.0,False,0.0,True
68980,1.7897581734432952,transformer_compose120_f0.6_wd1.0_softmax_ce_s8,17300.0,compose,1.0,False,0.0,True
69980,1.8148243412026832,transformer_compose120_f0.6_wd1.0_softmax_ce_s8,17300.0,compose,1.0,False,0.0,True
70980,2.008615937112713,transformer_compose120_f0.6_wd1.0_softmax_ce_s8,17300.0,compose,1.0,False,0.0,True
71980,2.027236584805477,transformer_compose120_f0.6_wd1.0_softmax_ce_s8,17300.0,compose,1.0,False,0.0,True
72980,2.375969439909798,transformer_compose120_f0.6_wd1.0_softmax_ce_s8,17300.0,compose,1.0,False,0.0,True
73980,2.528357239263408,transformer_compose120_f0.6_wd1.0_softmax_ce_s8,17300.0,compose,1.0,False,0.0,True
74980,2.6362304770219778,transformer_compose120_f0.6_wd1.0_softmax_ce_s8,17300.0,compose,1.0,False,0.0,True
75980,2.241760450482773,transformer_compose120_f0.6_wd1.0_softmax_ce_s8,17300.0,compose,1.0,False,0.0,True
76980,2.14324338971772,transformer_compose120_f0.6_wd1.0_softmax_ce_s8,17300.0,compose,1.0,False,0.0,True
77980,2.13699145365422,transformer_compose120_f0.6_wd1.0_softmax_ce_s8,17300.0,compose,1.0,False,0.0,True
78980,2.377612150885098,transformer_compose120_f0.6_wd1.0_softmax_ce_s8,17300.0,compose,1.0,False,0.0,True
79980,2.330571599722865,transformer_compose120_f0.6_wd1.0_softmax_ce_s8,17300.0,compose,1.0,False,0.0,True
80980,2.597738400337221,transformer_compose120_f0.6_wd1.0_softmax_ce_s8,17300.0,compose,1.0,False,0.0,True
81980,2.697567897731837,transformer_compose120_f0.6_wd1.0_softmax_ce_s8,17300.0,compose,1.0,False,0.0,True
82980,2.808183249384317,transformer_compose120_f0.6_wd1.0_softmax_ce_s8,17300.0,compose,1.0,False,0.0,True
83980,2.704657203371639,transformer_compose120_f0.6_wd1.0_softmax_ce_s8,17300.0,compose,1.0,False,0.0,True
84980,2.4864944202823294,transformer_compose120_f0.6_wd1.0_softmax_ce_s8,17300.0,compose,1.0,False,0.0,True
85980,2.501233257116559,transformer_compose120_f0.6_wd1.0_softmax_ce_s8,17300.0,compose,1.0,False,0.0,True
86980,2.2604060229230107,transformer_compose120_f0.6_wd1.0_softmax_ce_s8,17300.0,compose,1.0,False,0.0,True
87980,2.226088602133783,transformer_compose120_f0.6_wd1.0_softmax_ce_s8,17300.0,compose,1.0,False,0.0,True
88980,2.040507826524272,transformer_compose120_f0.6_wd1.0_softmax_ce_s8,17300.0,compose,1.0,False,0.0,True
89980,2.0558898806757377,transformer_compose120_f0.6_wd1.0_softmax_ce_s8,17300.0,compose,1.0,False,0.0,True
90980,2.093757547380359,transformer_compose120_f0.6_wd1.0_softmax_ce_s8,17300.0,compose,1.0,False,0.0,True
91980,2.0093352506821778,transformer_compose120_f0.6_wd1.0_softmax_ce_s8,17300.0,compose,1.0,False,0.0,True
92980,1.9679341061080768,transformer_compose120_f0.6_wd1.0_softmax_ce_s8,17300.0,compose,1.0,False,0.0,True
93980,2.13766943687873,transformer_compose120_f0.6_wd1.0_softmax_ce_s8,17300.0,compose,1.0,False,0.0,True
94980,2.534437202005262,transformer_compose120_f0.6_wd1.0_softmax_ce_s8,17300.0,compose,1.0,False,0.0,True
95980,2.2587589372039383,transformer_compose120_f0.6_wd1.0_softmax_ce_s8,17300.0,compose,1.0,False,0.0,True
96980,2.2084176326604386,transformer_compose120_f0.6_wd1.0_softmax_ce_s8,17300.0,compose,1.0,False,0.0,True
97980,2.270757874862304,transformer_compose120_f0.6_wd1.0_softmax_ce_s8,17300.0,compose,1.0,False,0.0,True
98980,2.195159661852199,transformer_compose120_f0.6_wd1.0_softmax_ce_s8,17300.0,compose,1.0,False,0.0,True
99980,2.35739017264706,transformer_compose120_f0.6_wd1.0_softmax_ce_s8,17300.0,compose,1.0,False,0.0,True
100980,2.176744055910051,transformer_compose120_f0.6_wd1.0_softmax_ce_s8,17300.0,compose,1.0,False,0.0,True
101980,2.3062276523006044,transformer_compose120_f0.6_wd1.0_softmax_ce_s8,17300.0,compose,1.0,False,0.0,True
102980,2.1480951252792333,transformer_compose120_f0.6_wd1.0_softmax_ce_s8,17300.0,compose,1.0,False,0.0,True
103980,2.207717408637292,transformer_compose120_f0.6_wd1.0_softmax_ce_s8,17300.0,compose,1.0,False,0.0,True
104980,2.417462247568827,transformer_compose120_f0.6_wd1.0_softmax_ce_s8,17300.0,compose,1.0,False,0.0,True
105980,2.661593276192994,transformer_compose120_f0.6_wd1.0_softmax_ce_s8,17300.0,compose,1.0,False,0.0,True
106980,2.6694701128350817,transformer_compose120_f0.6_wd1.0_softmax_ce_s8,17300.0,compose,1.0,False,0.0,True
107980,2.598050423695645,transformer_compose120_f0.6_wd1.0_softmax_ce_s8,17300.0,compose,1.0,False,0.0,True
108980,2.403303808496843,transformer_compose120_f0.6_wd1.0_softmax_ce_s8,17300.0,compose,1.0,False,0.0,True
109980,2.5388635006151143,transformer_compose120_f0.6_wd1.0_softmax_ce_s8,17300.0,compose,1.0,False,0.0,True
110980,2.6883372082601857,transformer_compose120_f0.6_wd1.0_softmax_ce_s8,17300.0,compose,1.0,False,0.0,True
111980,2.616049813373376,transformer_compose120_f0.6_wd1.0_softmax_ce_s8,17300.0,compose,1.0,False,0.0,True
112980,2.434393800897752,transformer_compose120_f0.6_wd1.0_softmax_ce_s8,17300.0,compose,1.0,False,0.0,True
113980,2.6836479855029203,transformer_compose120_f0.6_wd1.0_softmax_ce_s8,17300.0,compose,1.0,False,0.0,True
114980,2.899190884799699,transformer_compose120_f0.6_wd1.0_softmax_ce_s8,17300.0,compose,1.0,False,0.0,True
115980,2.873231502430989,transformer_compose120_f0.6_wd1.0_softmax_ce_s8,17300.0,compose,1.0,False,0.0,True
116980,2.461370419567511,transformer_compose120_f0.6_wd1.0_softmax_ce_s8,17300.0,compose,1.0,False,0.0,True
117980,2.4569296486579133,transformer_compose120_f0.6_wd1.0_softmax_ce_s8,17300.0,compose,1.0,False,0.0,True
118980,2.450100669141278,transformer_compose120_f0.6_wd1.0_softmax_ce_s8,17300.0,compose,1.0,False,0.0,True
119980,2.384649435053719,transformer_compose120_f0.6_wd1.0_softmax_ce_s8,17300.0,compose,1.0,False,0.0,True
120980,2.1805671651208804,transformer_compose120_f0.6_wd1.0_softmax_ce_s8,17300.0,compose,1.0,False,0.0,True
121980,2.2586551763610347,transformer_compose120_f0.6_wd1.0_softmax_ce_s8,17300.0,compose,1.0,False,0.0,True
122980,2.3451477351521675,transformer_compose120_f0.6_wd1.0_softmax_ce_s8,17300.0,compose,1.0,False,0.0,True
123980,2.2980224980779838,transformer_compose120_f0.6_wd1.0_softmax_ce_s8,17300.0,compose,1.0,False,0.0,True
124980,2.6250523355116986,transformer_compose120_f0.6_wd1.0_softmax_ce_s8,17300.0,compose,1.0,False,0.0,True
125980,3.0914779717397494,transformer_compose120_f0.6_wd1.0_softmax_ce_s8,17300.0,compose,1.0,False,0.0,True
126980,2.5895568822944868,transformer_compose120_f0.6_wd1.0_softmax_ce_s8,17300.0,compose,1.0,False,0.0,True
127980,2.679315648001732,transformer_compose120_f0.6_wd1.0_softmax_ce_s8,17300.0,compose,1.0,False,0.0,True
128980,2.695721109462253,transformer_compose120_f0.6_wd1.0_softmax_ce_s8,17300.0,compose,1.0,False,0.0,True
129980,2.502064507168819,transformer_compose120_f0.6_wd1.0_softmax_ce_s8,17300.0,compose,1.0,False,0.0,True
130980,2.712666543895433,transformer_compose120_f0.6_wd1.0_softmax_ce_s8,17300.0,compose,1.0,False,0.0,True
131980,2.80823931151901,transformer_compose120_f0.6_wd1.0_softmax_ce_s8,17300.0,compose,1.0,False,0.0,True
132980,2.161734270823292,transformer_compose120_f0.6_wd1.0_softmax_ce_s8,17300.0,compose,1.0,False,0.0,True
133980,2.1970074714245658,transformer_compose120_f0.6_wd1.0_softmax_ce_s8,17300.0,compose,1.0,False,0.0,True
134980,2.463392595057794,transformer_compose120_f0.6_wd1.0_softmax_ce_s8,17300.0,compose,1.0,False,0.0,True
135980,2.745181752257367,transformer_compose120_f0.6_wd1.0_softmax_ce_s8,17300.0,compose,1.0,False,0.0,True
136980,2.827990761492268,transformer_compose120_f0.6_wd1.0_softmax_ce_s8,17300.0,compose,1.0,False,0.0,True
137980,2.7431955930739367,transformer_compose120_f0.6_wd1.0_softmax_ce_s8,17300.0,compose,1.0,False,0.0,True
138980,3.1764071570848653,transformer_compose120_f0.6_wd1.0_softmax_ce_s8,17300.0,compose,1.0,False,0.0,True
139980,3.3107925548407025,transformer_compose120_f0.6_wd1.0_softmax_ce_s8,17300.0,compose,1.0,False,0.0,True
140980,2.9504274941337947,transformer_compose120_f0.6_wd1.0_softmax_ce_s8,17300.0,compose,1.0,False,0.0,True
141980,3.258182620543742,transformer_compose120_f0.6_wd1.0_softmax_ce_s8,17300.0,compose,1.0,False,0.0,True
142980,3.1547946207450743,transformer_compose120_f0.6_wd1.0_softmax_ce_s8,17300.0,compose,1.0,False,0.0,True
143980,2.823095084493463,transformer_compose120_f0.6_wd1.0_softmax_ce_s8,17300.0,compose,1.0,False,0.0,True
144980,2.975385542685243,transformer_compose120_f0.6_wd1.0_softmax_ce_s8,17300.0,compose,1.0,False,0.0,True
145980,2.849742923156678,transformer_compose120_f0.6_wd1.0_softmax_ce_s8,17300.0,compose,1.0,False,0.0,True
146980,3.4798774208698457,transformer_compose120_f0.6_wd1.0_softmax_ce_s8,17300.0,compose,1.0,False,0.0,True
147980,3.185594327509273,transformer_compose120_f0.6_wd1.0_softmax_ce_s8,17300.0,compose,1.0,False,0.0,True
148980,2.930133844945433,transformer_compose120_f0.6_wd1.0_softmax_ce_s8,17300.0,compose,1.0,False,0.0,True
149980,3.192905083357846,transformer_compose120_f0.6_wd1.0_softmax_ce_s8,17300.0,compose,1.0,False,0.0,True
150980,3.4616467017585397,transformer_compose120_f0.6_wd1.0_softmax_ce_s8,17300.0,compose,1.0,False,0.0,True
151980,3.2408011553069827,transformer_compose120_f0.6_wd1.0_softmax_ce_s8,17300.0,compose,1.0,False,0.0,True
152980,3.557307332890836,transformer_compose120_f0.6_wd1.0_softmax_ce_s8,17300.0,compose,1.0,False,0.0,True
153980,2.6953740600430094,transformer_compose120_f0.6_wd1.0_softmax_ce_s8,17300.0,compose,1.0,False,0.0,True
154980,2.739521737063297,transformer_compose120_f0.6_wd1.0_softmax_ce_s8,17300.0,compose,1.0,False,0.0,True
155980,2.6507369108056373,transformer_compose120_f0.6_wd1.0_softmax_ce_s8,17300.0,compose,1.0,False,0.0,True
156980,2.4244754208541544,transformer_compose120_f0.6_wd1.0_softmax_ce_s8,17300.0,compose,1.0,False,0.0,True
157980,2.986794691910841,transformer_compose120_f0.6_wd1.0_softmax_ce_s8,17300.0,compose,1.0,False,0.0,True
158980,2.9327283711531607,transformer_compose120_f0.6_wd1.0_softmax_ce_s8,17300.0,compose,1.0,False,0.0,True
159980,2.9026552123677885,transformer_compose120_f0.6_wd1.0_softmax_ce_s8,17300.0,compose,1.0,False,0.0,True
160980,2.8721495297501853,transformer_compose120_f0.6_wd1.0_softmax_ce_s8,17300.0,compose,1.0,False,0.0,True
161980,2.289753372800055,transformer_compose120_f0.6_wd1.0_softmax_ce_s8,17300.0,compose,1.0,False,0.0,True
162980,2.3405875414532544,transformer_compose120_f0.6_wd1.0_softmax_ce_s8,17300.0,compose,1.0,False,0.0,True
163980,2.067654370918228,transformer_compose120_f0.6_wd1.0_softmax_ce_s8,17300.0,compose,1.0,False,0.0,True
164980,2.3692200050897503,transformer_compose120_f0.6_wd1.0_softmax_ce_s8,17300.0,compose,1.0,False,0.0,True
165980,2.4790950278175297,transformer_compose120_f0.6_wd1.0_softmax_ce_s8,17300.0,compose,1.0,False,0.0,True
166980,2.749510476177804,transformer_compose120_f0.6_wd1.0_softmax_ce_s8,17300.0,compose,1.0,False,0.0,True
167980,2.997549967279979,transformer_compose120_f0.6_wd1.0_softmax_ce_s8,17300.0,compose,1.0,False,0.0,True
168980,3.3799494557820755,transformer_compose120_f0.6_wd1.0_softmax_ce_s8,17300.0,compose,1.0,False,0.0,True
169980,2.895932083351892,transformer_compose120_f0.6_wd1.0_softmax_ce_s8,17300.0,compose,1.0,False,0.0,True
170980,3.0499545448492578,transformer_compose120_f0.6_wd1.0_softmax_ce_s8,17300.0,compose,1.0,False,0.0,True
171980,2.755584905851848,transformer_compose120_f0.6_wd1.0_softmax_ce_s8,17300.0,compose,1.0,False,0.0,True
172980,2.685812065130155,transformer_compose120_f0.6_wd1.0_softmax_ce_s8,17300.0,compose,1.0,False,0.0,True
173980,3.236826039849957,transformer_compose120_f0.6_wd1.0_softmax_ce_s8,17300.0,compose,1.0,False,0.0,True
174980,3.0514265492444754,transformer_compose120_f0.6_wd1.0_softmax_ce_s8,17300.0,compose,1.0,False,0.0,True
175980,3.191001800370424,transformer_compose120_f0.6_wd1.0_softmax_ce_s8,17300.0,compose,1.0,False,0.0,True
176980,3.0649276634470684,transformer_compose120_f0.6_wd1.0_softmax_ce_s8,17300.0,compose,1.0,False,0.0,True
177980,2.7984847721179937,transformer_compose120_f0.6_wd1.0_softmax_ce_s8,17300.0,compose,1.0,False,0.0,True
178980,2.8117734979222453,transformer_compose120_f0.6_wd1.0_softmax_ce_s8,17300.0,compose,1.0,False,0.0,True
179980,2.9419087198926226,transformer_compose120_f0.6_wd1.0_softmax_ce_s8,17300.0,compose,1.0,False,0.0,True
180980,2.9691518082474277,transformer_compose120_f0.6_wd1.0_softmax_ce_s8,17300.0,compose,1.0,False,0.0,True
181980,2.9825282528833186,transformer_compose120_f0.6_wd1.0_softmax_ce_s8,17300.0,compose,1.0,False,0.0,True
182980,3.2497396790986746,transformer_compose120_f0.6_wd1.0_softmax_ce_s8,17300.0,compose,1.0,False,0.0,True
183980,2.6684350458821564,transformer_compose120_f0.6_wd1.0_softmax_ce_s8,17300.0,compose,1.0,False,0.0,True
184980,3.257459288831678,transformer_compose120_f0.6_wd1.0_softmax_ce_s8,17300.0,compose,1.0,False,0.0,True
185980,2.875563927153218,transformer_compose120_f0.6_wd1.0_softmax_ce_s8,17300.0,compose,1.0,False,0.0,True
186980,2.9357919613136367,transformer_compose120_f0.6_wd1.0_softmax_ce_s8,17300.0,compose,1.0,False,0.0,True
187980,3.112573988367398,transformer_compose120_f0.6_wd1.0_softmax_ce_s8,17300.0,compose,1.0,False,0.0,True
188980,3.2627468886227406,transformer_compose120_f0.6_wd1.0_softmax_ce_s8,17300.0,compose,1.0,False,0.0,True
189980,2.771343060990087,transformer_compose120_f0.6_wd1.0_softmax_ce_s8,17300.0,compose,1.0,False,0.0,True
190980,3.0452659750062154,transformer_compose120_f0.6_wd1.0_softmax_ce_s8,17300.0,compose,1.0,False,0.0,True
191980,3.1196940081065803,transformer_compose120_f0.6_wd1.0_softmax_ce_s8,17300.0,compose,1.0,False,0.0,True
192980,3.4767605981370413,transformer_compose120_f0.6_wd1.0_softmax_ce_s8,17300.0,compose,1.0,False,0.0,True
193980,3.5626809645757147,transformer_compose120_f0.6_wd1.0_softmax_ce_s8,17300.0,compose,1.0,False,0.0,True
194980,3.0601211239511867,transformer_compose120_f0.6_wd1.0_softmax_ce_s8,17300.0,compose,1.0,False,0.0,True
195980,2.959082489719567,transformer_compose120_f0.6_wd1.0_softmax_ce_s8,17300.0,compose,1.0,False,0.0,True
196980,3.259533677021592,transformer_compose120_f0.6_wd1.0_softmax_ce_s8,17300.0,compose,1.0,False,0.0,True
197980,3.1913661776937894,transformer_compose120_f0.6_wd1.0_softmax_ce_s8,17300.0,compose,1.0,False,0.0,True
198980,3.326660726427634,transformer_compose120_f0.6_wd1.0_softmax_ce_s8,17300.0,compose,1.0,False,0.0,True
199980,3.2234062633496263,transformer_compose120_f0.6_wd1.0_softmax_ce_s8,17300.0,compose,1.0,False,0.0,True
200980,2.92001549380612,transformer_compose120_f0.6_wd1.0_softmax_ce_s8,17300.0,compose,1.0,False,0.0,True
201980,3.128458569515644,transformer_compose120_f0.6_wd1.0_softmax_ce_s8,17300.0,compose,1.0,False,0.0,True
202980,3.214681216069976,transformer_compose120_f0.6_wd1.0_softmax_ce_s8,17300.0,compose,1.0,False,0.0,True
203980,3.119712503915869,transformer_compose120_f0.6_wd1.0_softmax_ce_s8,17300.0,compose,1.0,False,0.0,True
204980,2.763038102759392,transformer_compose120_f0.6_wd1.0_softmax_ce_s8,17300.0,compose,1.0,False,0.0,True
205980,2.882402607359557,transformer_compose120_f0.6_wd1.0_softmax_ce_s8,17300.0,compose,1.0,False,0.0,True
206980,2.810807154368548,transformer_compose120_f0.6_wd1.0_softmax_ce_s8,17300.0,compose,1.0,False,0.0,True
207980,2.855445056019279,transformer_compose120_f0.6_wd1.0_softmax_ce_s8,17300.0,compose,1.0,False,0.0,True
208980,3.8408112617406953,transformer_compose120_f0.6_wd1.0_softmax_ce_s8,17300.0,compose,1.0,False,0.0,True
209980,3.297743323398618,transformer_compose120_f0.6_wd1.0_softmax_ce_s8,17300.0,compose,1.0,False,0.0,True
210980,3.5663001465776407,transformer_compose120_f0.6_wd1.0_softmax_ce_s8,17300.0,compose,1.0,False,0.0,True
211980,3.587018237891744,transformer_compose120_f0.6_wd1.0_softmax_ce_s8,17300.0,compose,1.0,False,0.0,True
212980,3.3211237252607084,transformer_compose120_f0.6_wd1.0_softmax_ce_s8,17300.0,compose,1.0,False,0.0,True
213980,2.91514028704418,transformer_compose120_f0.6_wd1.0_softmax_ce_s8,17300.0,compose,1.0,False,0.0,True
214980,3.106965607421007,transformer_compose120_f0.6_wd1.0_softmax_ce_s8,17300.0,compose,1.0,False,0.0,True
215980,3.4139668075790714,transformer_compose120_f0.6_wd1.0_softmax_ce_s8,17300.0,compose,1.0,False,0.0,True
216980,3.132824272475467,transformer_compose120_f0.6_wd1.0_softmax_ce_s8,17300.0,compose,1.0,False,0.0,True
217980,3.132175575451987,transformer_compose120_f0.6_wd1.0_softmax_ce_s8,17300.0,compose,1.0,False,0.0,True
218980,2.98258445316435,transformer_compose120_f0.6_wd1.0_softmax_ce_s8,17300.0,compose,1.0,False,0.0,True
219980,2.920874965689773,transformer_compose120_f0.6_wd1.0_softmax_ce_s8,17300.0,compose,1.0,False,0.0,True
220980,2.969067743070969,transformer_compose120_f0.6_wd1.0_softmax_ce_s8,17300.0,compose,1.0,False,0.0,True
221980,2.875009201825589,transformer_compose120_f0.6_wd1.0_softmax_ce_s8,17300.0,compose,1.0,False,0.0,True
222980,3.2343861175810686,transformer_compose120_f0.6_wd1.0_softmax_ce_s8,17300.0,compose,1.0,False,0.0,True
223980,2.907836852751465,transformer_compose120_f0.6_wd1.0_softmax_ce_s8,17300.0,compose,1.0,False,0.0,True
224980,2.56063158090182,transformer_compose120_f0.6_wd1.0_softmax_ce_s8,17300.0,compose,1.0,False,0.0,True
225980,2.9731116548101104,transformer_compose120_f0.6_wd1.0_softmax_ce_s8,17300.0,compose,1.0,False,0.0,True
226980,2.9035540459472577,transformer_compose120_f0.6_wd1.0_softmax_ce_s8,17300.0,compose,1.0,False,0.0,True
227980,2.5351008234433263,transformer_compose120_f0.6_wd1.0_softmax_ce_s8,17300.0,compose,1.0,False,0.0,True
228980,2.621546339771769,transformer_compose120_f0.6_wd1.0_softmax_ce_s8,17300.0,compose,1.0,False,0.0,True
229980,2.326207704812642,transformer_compose120_f0.6_wd1.0_softmax_ce_s8,17300.0,compose,1.0,False,0.0,True
230980,2.373353194033164,transformer_compose120_f0.6_wd1.0_softmax_ce_s8,17300.0,compose,1.0,False,0.0,True
231980,2.2645025033692416,transformer_compose120_f0.6_wd1.0_softmax_ce_s8,17300.0,compose,1.0,False,0.0,True
232980,2.427874224163653,transformer_compose120_f0.6_wd1.0_softmax_ce_s8,17300.0,compose,1.0,False,0.0,True
233980,2.7279487325345158,transformer_compose120_f0.6_wd1.0_softmax_ce_s8,17300.0,compose,1.0,False,0.0,True
234980,3.277536040739357,transformer_compose120_f0.6_wd1.0_softmax_ce_s8,17300.0,compose,1.0,False,0.0,True
235980,3.0895690775292963,transformer_compose120_f0.6_wd1.0_softmax_ce_s8,17300.0,compose,1.0,False,0.0,True
236980,2.845392427892303,transformer_compose120_f0.6_wd1.0_softmax_ce_s8,17300.0,compose,1.0,False,0.0,True
237980,3.0586485834704944,transformer_compose120_f0.6_wd1.0_softmax_ce_s8,17300.0,compose,1.0,False,0.0,True
238980,3.041322058065561,transformer_compose120_f0.6_wd1.0_softmax_ce_s8,17300.0,compose,1.0,False,0.0,True
239980,3.3294760689844223,transformer_compose120_f0.6_wd1.0_softmax_ce_s8,17300.0,compose,1.0,False,0.0,True
240980,2.94372555999436,transformer_compose120_f0.6_wd1.0_softmax_ce_s8,17300.0,compose,1.0,False,0.0,True
241980,3.3620987785190355,transformer_compose120_f0.6_wd1.0_softmax_ce_s8,17300.0,compose,1.0,False,0.0,True
242980,2.9586703064982784,transformer_compose120_f0.6_wd1.0_softmax_ce_s8,17300.0,compose,1.0,False,0.0,True
243980,3.258280108685764,transformer_compose120_f0.6_wd1.0_softmax_ce_s8,17300.0,compose,1.0,False,0.0,True
244980,3.208514869313821,transformer_compose120_f0.6_wd1.0_softmax_ce_s8,17300.0,compose,1.0,False,0.0,True
245980,3.569867196844001,transformer_compose120_f0.6_wd1.0_softmax_ce_s8,17300.0,compose,1.0,False,0.0,True
246980,3.675265677519029,transformer_compose120_f0.6_wd1.0_softmax_ce_s8,17300.0,compose,1.0,False,0.0,True
247980,2.9787510290483663,transformer_compose120_f0.6_wd1.0_softmax_ce_s8,17300.0,compose,1.0,False,0.0,True
248980,2.803400263934861,transformer_compose120_f0.6_wd1.0_softmax_ce_s8,17300.0,compose,1.0,False,0.0,True
249980,2.7346360771346947,transformer_compose120_f0.6_wd1.0_softmax_ce_s8,17300.0,compose,1.0,False,0.0,True
3980,1.269838186530822,transformer_compose120_f0.6_wd1.0_softmax_ce_s9,16800.0,compose,1.0,False,0.0,True
4980,1.498211158464361,transformer_compose120_f0.6_wd1.0_softmax_ce_s9,16800.0,compose,1.0,False,0.0,True
5980,1.4253509114957823,transformer_compose120_f0.6_wd1.0_softmax_ce_s9,16800.0,compose,1.0,False,0.0,True
6980,1.2913306902253865,transformer_compose120_f0.6_wd1.0_softmax_ce_s9,16800.0,compose,1.0,False,0.0,True
7980,1.2707497151617977,transformer_compose120_f0.6_wd1.0_softmax_ce_s9,16800.0,compose,1.0,False,0.0,True
8980,1.286852488508641,transformer_compose120_f0.6_wd1.0_softmax_ce_s9,16800.0,compose,1.0,False,0.0,True
9980,1.3003242773124355,transformer_compose120_f0.6_wd1.0_softmax_ce_s9,16800.0,compose,1.0,False,0.0,True
10980,1.339632181236874,transformer_compose120_f0.6_wd1.0_softmax_ce_s9,16800.0,compose,1.0,False,0.0,True
11980,1.2517473401405024,transformer_compose120_f0.6_wd1.0_softmax_ce_s9,16800.0,compose,1.0,False,0.0,True
12980,1.314685189269717,transformer_compose120_f0.6_wd1.0_softmax_ce_s9,16800.0,compose,1.0,False,0.0,True
13980,1.2778718248172314,transformer_compose120_f0.6_wd1.0_softmax_ce_s9,16800.0,compose,1.0,False,0.0,True
14980,1.2630421419538462,transformer_compose120_f0.6_wd1.0_softmax_ce_s9,16800.0,compose,1.0,False,0.0,True
15980,1.3131931952444469,transformer_compose120_f0.6_wd1.0_softmax_ce_s9,16800.0,compose,1.0,False,0.0,True
16980,1.2638335362575872,transformer_compose120_f0.6_wd1.0_softmax_ce_s9,16800.0,compose,1.0,False,0.0,True
17980,1.1766882080093215,transformer_compose120_f0.6_wd1.0_softmax_ce_s9,16800.0,compose,1.0,False,0.0,True
18980,1.1527915007920486,transformer_compose120_f0.6_wd1.0_softmax_ce_s9,16800.0,compose,1.0,False,0.0,True
19980,1.0857858473152904,transformer_compose120_f0.6_wd1.0_softmax_ce_s9,16800.0,compose,1.0,False,0.0,True
20980,1.0738103472938236,transformer_compose120_f0.6_wd1.0_softmax_ce_s9,16800.0,compose,1.0,False,0.0,True
21980,1.0732731508436837,transformer_compose120_f0.6_wd1.0_softmax_ce_s9,16800.0,compose,1.0,False,0.0,True
22980,1.060453072922568,transformer_compose120_f0.6_wd1.0_softmax_ce_s9,16800.0,compose,1.0,False,0.0,True
23980,1.131054265409337,transformer_compose120_f0.6_wd1.0_softmax_ce_s9,16800.0,compose,1.0,False,0.0,True
24980,1.0421571832953238,transformer_compose120_f0.6_wd1.0_softmax_ce_s9,16800.0,compose,1.0,False,0.0,True
25980,1.112190417933663,transformer_compose120_f0.6_wd1.0_softmax_ce_s9,16800.0,compose,1.0,False,0.0,True
26980,1.0949938661575829,transformer_compose120_f0.6_wd1.0_softmax_ce_s9,16800.0,compose,1.0,False,0.0,True
27980,1.0993160441953265,transformer_compose120_f0.6_wd1.0_softmax_ce_s9,16800.0,compose,1.0,False,0.0,True
28980,1.1072834310103623,transformer_compose120_f0.6_wd1.0_softmax_ce_s9,16800.0,compose,1.0,False,0.0,True
29980,1.0800925879805316,transformer_compose120_f0.6_wd1.0_softmax_ce_s9,16800.0,compose,1.0,False,0.0,True
30980,1.1012435262386744,transformer_compose120_f0.6_wd1.0_softmax_ce_s9,16800.0,compose,1.0,False,0.0,True
31980,1.068774090832772,transformer_compose120_f0.6_wd1.0_softmax_ce_s9,16800.0,compose,1.0,False,0.0,True
32980,1.0991561565468433,transformer_compose120_f0.6_wd1.0_softmax_ce_s9,16800.0,compose,1.0,False,0.0,True
33980,1.0781630932702877,transformer_compose120_f0.6_wd1.0_softmax_ce_s9,16800.0,compose,1.0,False,0.0,True
34980,1.0856986741118406,transformer_compose120_f0.6_wd1.0_softmax_ce_s9,16800.0,compose,1.0,False,0.0,True
35980,1.1215995022498917,transformer_compose120_f0.6_wd1.0_softmax_ce_s9,16800.0,compose,1.0,False,0.0,True
36980,1.0542277838045575,transformer_compose120_f0.6_wd1.0_softmax_ce_s9,16800.0,compose,1.0,False,0.0,True
37980,1.0797812258896873,transformer_compose120_f0.6_wd1.0_softmax_ce_s9,16800.0,compose,1.0,False,0.0,True
38980,1.0564529965254894,transformer_compose120_f0.6_wd1.0_softmax_ce_s9,16800.0,compose,1.0,False,0.0,True
39980,1.0727991047575929,transformer_compose120_f0.6_wd1.0_softmax_ce_s9,16800.0,compose,1.0,False,0.0,True
40980,1.069201146755035,transformer_compose120_f0.6_wd1.0_softmax_ce_s9,16800.0,compose,1.0,False,0.0,True
41980,1.073591540309001,transformer_compose120_f0.6_wd1.0_softmax_ce_s9,16800.0,compose,1.0,False,0.0,True
42980,1.1192433189818214,transformer_compose120_f0.6_wd1.0_softmax_ce_s9,16800.0,compose,1.0,False,0.0,True
43980,1.0984251858538698,transformer_compose120_f0.6_wd1.0_softmax_ce_s9,16800.0,compose,1.0,False,0.0,True
44980,1.0858044284674904,transformer_compose120_f0.6_wd1.0_softmax_ce_s9,16800.0,compose,1.0,False,0.0,True
45980,1.1121718988156053,transformer_compose120_f0.6_wd1.0_softmax_ce_s9,16800.0,compose,1.0,False,0.0,True
46980,1.066097105859093,transformer_compose120_f0.6_wd1.0_softmax_ce_s9,16800.0,compose,1.0,False,0.0,True
47980,1.0853173860286986,transformer_compose120_f0.6_wd1.0_softmax_ce_s9,16800.0,compose,1.0,False,0.0,True
48980,1.0627837826754392,transformer_compose120_f0.6_wd1.0_softmax_ce_s9,16800.0,compose,1.0,False,0.0,True
49980,1.0804634832805484,transformer_compose120_f0.6_wd1.0_softmax_ce_s9,16800.0,compose,1.0,False,0.0,True
50980,1.0850717617647905,transformer_compose120_f0.6_wd1.0_softmax_ce_s9,16800.0,compose,1.0,False,0.0,True
51980,1.0544902035666506,transformer_compose120_f0.6_wd1.0_softmax_ce_s9,16800.0,compose,1.0,False,0.0,True
52980,1.0691186177906655,transformer_compose120_f0.6_wd1.0_softmax_ce_s9,16800.0,compose,1.0,False,0.0,True
53980,1.102364189898145,transformer_compose120_f0.6_wd1.0_softmax_ce_s9,16800.0,compose,1.0,False,0.0,True
54980,1.0727927574853344,transformer_compose120_f0.6_wd1.0_softmax_ce_s9,16800.0,compose,1.0,False,0.0,True
55980,1.1080850220611451,transformer_compose120_f0.6_wd1.0_softmax_ce_s9,16800.0,compose,1.0,False,0.0,True
56980,1.0592683736908322,transformer_compose120_f0.6_wd1.0_softmax_ce_s9,16800.0,compose,1.0,False,0.0,True
57980,1.0804363278858444,transformer_compose120_f0.6_wd1.0_softmax_ce_s9,16800.0,compose,1.0,False,0.0,True
58980,1.0778658499508709,transformer_compose120_f0.6_wd1.0_softmax_ce_s9,16800.0,compose,1.0,False,0.0,True
59980,1.07772101150206,transformer_compose120_f0.6_wd1.0_softmax_ce_s9,16800.0,compose,1.0,False,0.0,True
60980,1.0852099989727562,transformer_compose120_f0.6_wd1.0_softmax_ce_s9,16800.0,compose,1.0,False,0.0,True
61980,1.0587869233725036,transformer_compose120_f0.6_wd1.0_softmax_ce_s9,16800.0,compose,1.0,False,0.0,True
62980,1.0733641198095147,transformer_compose120_f0.6_wd1.0_softmax_ce_s9,16800.0,compose,1.0,False,0.0,True
63980,1.083974006738126,transformer_compose120_f0.6_wd1.0_softmax_ce_s9,16800.0,compose,1.0,False,0.0,True
64980,1.0456801942751892,transformer_compose120_f0.6_wd1.0_softmax_ce_s9,16800.0,compose,1.0,False,0.0,True
65980,1.081679869378684,transformer_compose120_f0.6_wd1.0_softmax_ce_s9,16800.0,compose,1.0,False,0.0,True
66980,1.095029915061059,transformer_compose120_f0.6_wd1.0_softmax_ce_s9,16800.0,compose,1.0,False,0.0,True
67980,1.0513447792528454,transformer_compose120_f0.6_wd1.0_softmax_ce_s9,16800.0,compose,1.0,False,0.0,True
68980,1.1083631865750765,transformer_compose120_f0.6_wd1.0_softmax_ce_s9,16800.0,compose,1.0,False,0.0,True
69980,1.092530087959776,transformer_compose120_f0.6_wd1.0_softmax_ce_s9,16800.0,compose,1.0,False,0.0,True
70980,1.0707974621410774,transformer_compose120_f0.6_wd1.0_softmax_ce_s9,16800.0,compose,1.0,False,0.0,True
71980,1.0699719338508615,transformer_compose120_f0.6_wd1.0_softmax_ce_s9,16800.0,compose,1.0,False,0.0,True
72980,1.0767504490747912,transformer_compose120_f0.6_wd1.0_softmax_ce_s9,16800.0,compose,1.0,False,0.0,True
73980,1.073386837861433,transformer_compose120_f0.6_wd1.0_softmax_ce_s9,16800.0,compose,1.0,False,0.0,True
74980,1.0564065595168806,transformer_compose120_f0.6_wd1.0_softmax_ce_s9,16800.0,compose,1.0,False,0.0,True
75980,1.0851377954480872,transformer_compose120_f0.6_wd1.0_softmax_ce_s9,16800.0,compose,1.0,False,0.0,True
76980,1.0762405017676129,transformer_compose120_f0.6_wd1.0_softmax_ce_s9,16800.0,compose,1.0,False,0.0,True
77980,1.076455837780677,transformer_compose120_f0.6_wd1.0_softmax_ce_s9,16800.0,compose,1.0,False,0.0,True
78980,1.0925550228011478,transformer_compose120_f0.6_wd1.0_softmax_ce_s9,16800.0,compose,1.0,False,0.0,True
79980,1.0474874694355951,transformer_compose120_f0.6_wd1.0_softmax_ce_s9,16800.0,compose,1.0,False,0.0,True
80980,1.0739565024104587,transformer_compose120_f0.6_wd1.0_softmax_ce_s9,16800.0,compose,1.0,False,0.0,True
81980,1.064631854365753,transformer_compose120_f0.6_wd1.0_softmax_ce_s9,16800.0,compose,1.0,False,0.0,True
82980,1.0784269608489463,transformer_compose120_f0.6_wd1.0_softmax_ce_s9,16800.0,compose,1.0,False,0.0,True
83980,1.1055927452903167,transformer_compose120_f0.6_wd1.0_softmax_ce_s9,16800.0,compose,1.0,False,0.0,True
84980,1.080596756567093,transformer_compose120_f0.6_wd1.0_softmax_ce_s9,16800.0,compose,1.0,False,0.0,True
85980,1.0927871233177329,transformer_compose120_f0.6_wd1.0_softmax_ce_s9,16800.0,compose,1.0,False,0.0,True
86980,1.0566107122438648,transformer_compose120_f0.6_wd1.0_softmax_ce_s9,16800.0,compose,1.0,False,0.0,True
87980,1.0724967407145969,transformer_compose120_f0.6_wd1.0_softmax_ce_s9,16800.0,compose,1.0,False,0.0,True
88980,1.064887445424736,transformer_compose120_f0.6_wd1.0_softmax_ce_s9,16800.0,compose,1.0,False,0.0,True
89980,1.0761406771240696,transformer_compose120_f0.6_wd1.0_softmax_ce_s9,16800.0,compose,1.0,False,0.0,True
90980,1.075113921905006,transformer_compose120_f0.6_wd1.0_softmax_ce_s9,16800.0,compose,1.0,False,0.0,True
91980,1.0719810041581372,transformer_compose120_f0.6_wd1.0_softmax_ce_s9,16800.0,compose,1.0,False,0.0,True
92980,1.0945751229737124,transformer_compose120_f0.6_wd1.0_softmax_ce_s9,16800.0,compose,1.0,False,0.0,True
93980,1.0636149852110073,transformer_compose120_f0.6_wd1.0_softmax_ce_s9,16800.0,compose,1.0,False,0.0,True
94980,1.0906077984520572,transformer_compose120_f0.6_wd1.0_softmax_ce_s9,16800.0,compose,1.0,False,0.0,True
95980,1.081956909892519,transformer_compose120_f0.6_wd1.0_softmax_ce_s9,16800.0,compose,1.0,False,0.0,True
96980,1.1080075582424669,transformer_compose120_f0.6_wd1.0_softmax_ce_s9,16800.0,compose,1.0,False,0.0,True
97980,1.0577561960513142,transformer_compose120_f0.6_wd1.0_softmax_ce_s9,16800.0,compose,1.0,False,0.0,True
98980,1.111924329427971,transformer_compose120_f0.6_wd1.0_softmax_ce_s9,16800.0,compose,1.0,False,0.0,True
99980,1.0791556221400658,transformer_compose120_f0.6_wd1.0_softmax_ce_s9,16800.0,compose,1.0,False,0.0,True
100980,1.0847998461286854,transformer_compose120_f0.6_wd1.0_softmax_ce_s9,16800.0,compose,1.0,False,0.0,True
101980,1.097788107274958,transformer_compose120_f0.6_wd1.0_softmax_ce_s9,16800.0,compose,1.0,False,0.0,True
102980,1.0465783899348085,transformer_compose120_f0.6_wd1.0_softmax_ce_s9,16800.0,compose,1.0,False,0.0,True
103980,1.073394853417906,transformer_compose120_f0.6_wd1.0_softmax_ce_s9,16800.0,compose,1.0,False,0.0,True
104980,1.1206387715542103,transformer_compose120_f0.6_wd1.0_softmax_ce_s9,16800.0,compose,1.0,False,0.0,True
105980,1.0782501178334565,transformer_compose120_f0.6_wd1.0_softmax_ce_s9,16800.0,compose,1.0,False,0.0,True
106980,1.0783955618379817,transformer_compose120_f0.6_wd1.0_softmax_ce_s9,16800.0,compose,1.0,False,0.0,True
107980,1.1266692636794775,transformer_compose120_f0.6_wd1.0_softmax_ce_s9,16800.0,compose,1.0,False,0.0,True
108980,1.083906642517705,transformer_compose120_f0.6_wd1.0_softmax_ce_s9,16800.0,compose,1.0,False,0.0,True
109980,1.0733423760099594,transformer_compose120_f0.6_wd1.0_softmax_ce_s9,16800.0,compose,1.0,False,0.0,True
110980,1.0814127135420986,transformer_compose120_f0.6_wd1.0_softmax_ce_s9,16800.0,compose,1.0,False,0.0,True
111980,1.0486831842056012,transformer_compose120_f0.6_wd1.0_softmax_ce_s9,16800.0,compose,1.0,False,0.0,True
112980,1.0780785289481107,transformer_compose120_f0.6_wd1.0_softmax_ce_s9,16800.0,compose,1.0,False,0.0,True
113980,1.093991009995409,transformer_compose120_f0.6_wd1.0_softmax_ce_s9,16800.0,compose,1.0,False,0.0,True
114980,1.0807966939709412,transformer_compose120_f0.6_wd1.0_softmax_ce_s9,16800.0,compose,1.0,False,0.0,True
115980,1.0932769414057195,transformer_compose120_f0.6_wd1.0_softmax_ce_s9,16800.0,compose,1.0,False,0.0,True
116980,1.10567431066204,transformer_compose120_f0.6_wd1.0_softmax_ce_s9,16800.0,compose,1.0,False,0.0,True
117980,1.0552146070541517,transformer_compose120_f0.6_wd1.0_softmax_ce_s9,16800.0,compose,1.0,False,0.0,True
118980,1.0721928402212535,transformer_compose120_f0.6_wd1.0_softmax_ce_s9,16800.0,compose,1.0,False,0.0,True
119980,1.0993637045898763,transformer_compose120_f0.6_wd1.0_softmax_ce_s9,16800.0,compose,1.0,False,0.0,True
120980,1.0677335454625052,transformer_compose120_f0.6_wd1.0_softmax_ce_s9,16800.0,compose,1.0,False,0.0,True
121980,1.079096064259643,transformer_compose120_f0.6_wd1.0_softmax_ce_s9,16800.0,compose,1.0,False,0.0,True
122980,1.116622625384556,transformer_compose120_f0.6_wd1.0_softmax_ce_s9,16800.0,compose,1.0,False,0.0,True
123980,1.0369092374395017,transformer_compose120_f0.6_wd1.0_softmax_ce_s9,16800.0,compose,1.0,False,0.0,True
124980,1.1092240497184052,transformer_compose120_f0.6_wd1.0_softmax_ce_s9,16800.0,compose,1.0,False,0.0,True
125980,1.0869378591668957,transformer_compose120_f0.6_wd1.0_softmax_ce_s9,16800.0,compose,1.0,False,0.0,True
126980,1.0989247962715123,transformer_compose120_f0.6_wd1.0_softmax_ce_s9,16800.0,compose,1.0,False,0.0,True
127980,1.1052473904483546,transformer_compose120_f0.6_wd1.0_softmax_ce_s9,16800.0,compose,1.0,False,0.0,True
128980,1.0795958977176,transformer_compose120_f0.6_wd1.0_softmax_ce_s9,16800.0,compose,1.0,False,0.0,True
129980,1.1241271876984025,transformer_compose120_f0.6_wd1.0_softmax_ce_s9,16800.0,compose,1.0,False,0.0,True
130980,1.1205432622462042,transformer_compose120_f0.6_wd1.0_softmax_ce_s9,16800.0,compose,1.0,False,0.0,True
131980,1.1058369605395832,transformer_compose120_f0.6_wd1.0_softmax_ce_s9,16800.0,compose,1.0,False,0.0,True
132980,1.0991654534315924,transformer_compose120_f0.6_wd1.0_softmax_ce_s9,16800.0,compose,1.0,False,0.0,True
133980,1.1083914407221698,transformer_compose120_f0.6_wd1.0_softmax_ce_s9,16800.0,compose,1.0,False,0.0,True
134980,1.1166346742187303,transformer_compose120_f0.6_wd1.0_softmax_ce_s9,16800.0,compose,1.0,False,0.0,True
135980,1.0894617471431758,transformer_compose120_f0.6_wd1.0_softmax_ce_s9,16800.0,compose,1.0,False,0.0,True
136980,1.1262207228594954,transformer_compose120_f0.6_wd1.0_softmax_ce_s9,16800.0,compose,1.0,False,0.0,True
137980,1.122641969150353,transformer_compose120_f0.6_wd1.0_softmax_ce_s9,16800.0,compose,1.0,False,0.0,True
138980,1.073964324293269,transformer_compose120_f0.6_wd1.0_softmax_ce_s9,16800.0,compose,1.0,False,0.0,True
139980,1.084336974691633,transformer_compose120_f0.6_wd1.0_softmax_ce_s9,16800.0,compose,1.0,False,0.0,True
140980,1.103733981884094,transformer_compose120_f0.6_wd1.0_softmax_ce_s9,16800.0,compose,1.0,False,0.0,True
141980,1.0738173042845467,transformer_compose120_f0.6_wd1.0_softmax_ce_s9,16800.0,compose,1.0,False,0.0,True
142980,1.090088910647477,transformer_compose120_f0.6_wd1.0_softmax_ce_s9,16800.0,compose,1.0,False,0.0,True
143980,1.1125099254956914,transformer_compose120_f0.6_wd1.0_softmax_ce_s9,16800.0,compose,1.0,False,0.0,True
144980,1.0798419719831045,transformer_compose120_f0.6_wd1.0_softmax_ce_s9,16800.0,compose,1.0,False,0.0,True
145980,1.1423932280982778,transformer_compose120_f0.6_wd1.0_softmax_ce_s9,16800.0,compose,1.0,False,0.0,True
146980,1.13792733616601,transformer_compose120_f0.6_wd1.0_softmax_ce_s9,16800.0,compose,1.0,False,0.0,True
147980,1.0870967278717845,transformer_compose120_f0.6_wd1.0_softmax_ce_s9,16800.0,compose,1.0,False,0.0,True
148980,1.1508965194907836,transformer_compose120_f0.6_wd1.0_softmax_ce_s9,16800.0,compose,1.0,False,0.0,True
149980,1.0525145022688882,transformer_compose120_f0.6_wd1.0_softmax_ce_s9,16800.0,compose,1.0,False,0.0,True
150980,1.0955476586743178,transformer_compose120_f0.6_wd1.0_softmax_ce_s9,16800.0,compose,1.0,False,0.0,True
151980,1.1183139849923545,transformer_compose120_f0.6_wd1.0_softmax_ce_s9,16800.0,compose,1.0,False,0.0,True
152980,1.0953627543681688,transformer_compose120_f0.6_wd1.0_softmax_ce_s9,16800.0,compose,1.0,False,0.0,True
153980,1.1092602705623305,transformer_compose120_f0.6_wd1.0_softmax_ce_s9,16800.0,compose,1.0,False,0.0,True
154980,1.106482756625943,transformer_compose120_f0.6_wd1.0_softmax_ce_s9,16800.0,compose,1.0,False,0.0,True
155980,1.0955905416085032,transformer_compose120_f0.6_wd1.0_softmax_ce_s9,16800.0,compose,1.0,False,0.0,True
156980,1.1105717022199642,transformer_compose120_f0.6_wd1.0_softmax_ce_s9,16800.0,compose,1.0,False,0.0,True
157980,1.1215882138726747,transformer_compose120_f0.6_wd1.0_softmax_ce_s9,16800.0,compose,1.0,False,0.0,True
158980,1.0729599049731884,transformer_compose120_f0.6_wd1.0_softmax_ce_s9,16800.0,compose,1.0,False,0.0,True
159980,1.12827921616558,transformer_compose120_f0.6_wd1.0_softmax_ce_s9,16800.0,compose,1.0,False,0.0,True
160980,1.0646208171433862,transformer_compose120_f0.6_wd1.0_softmax_ce_s9,16800.0,compose,1.0,False,0.0,True
161980,1.0979402402240592,transformer_compose120_f0.6_wd1.0_softmax_ce_s9,16800.0,compose,1.0,False,0.0,True
162980,1.1069069235996172,transformer_compose120_f0.6_wd1.0_softmax_ce_s9,16800.0,compose,1.0,False,0.0,True
163980,1.0603928008784005,transformer_compose120_f0.6_wd1.0_softmax_ce_s9,16800.0,compose,1.0,False,0.0,True
164980,1.093725299958327,transformer_compose120_f0.6_wd1.0_softmax_ce_s9,16800.0,compose,1.0,False,0.0,True
165980,1.0954770586815423,transformer_compose120_f0.6_wd1.0_softmax_ce_s9,16800.0,compose,1.0,False,0.0,True
166980,1.0977573325812109,transformer_compose120_f0.6_wd1.0_softmax_ce_s9,16800.0,compose,1.0,False,0.0,True
167980,1.098522818357945,transformer_compose120_f0.6_wd1.0_softmax_ce_s9,16800.0,compose,1.0,False,0.0,True
168980,1.1006833780023155,transformer_compose120_f0.6_wd1.0_softmax_ce_s9,16800.0,compose,1.0,False,0.0,True
169980,1.0940665646535608,transformer_compose120_f0.6_wd1.0_softmax_ce_s9,16800.0,compose,1.0,False,0.0,True
170980,1.0539246784347172,transformer_compose120_f0.6_wd1.0_softmax_ce_s9,16800.0,compose,1.0,False,0.0,True
171980,1.12101155457951,transformer_compose120_f0.6_wd1.0_softmax_ce_s9,16800.0,compose,1.0,False,0.0,True
172980,1.1297691944016766,transformer_compose120_f0.6_wd1.0_softmax_ce_s9,16800.0,compose,1.0,False,0.0,True
173980,1.0581789854475037,transformer_compose120_f0.6_wd1.0_softmax_ce_s9,16800.0,compose,1.0,False,0.0,True
174980,1.1219744668101663,transformer_compose120_f0.6_wd1.0_softmax_ce_s9,16800.0,compose,1.0,False,0.0,True
175980,1.1229610169473592,transformer_compose120_f0.6_wd1.0_softmax_ce_s9,16800.0,compose,1.0,False,0.0,True
176980,1.1135639136020137,transformer_compose120_f0.6_wd1.0_softmax_ce_s9,16800.0,compose,1.0,False,0.0,True
177980,1.10364925952669,transformer_compose120_f0.6_wd1.0_softmax_ce_s9,16800.0,compose,1.0,False,0.0,True
178980,1.1038043314650212,transformer_compose120_f0.6_wd1.0_softmax_ce_s9,16800.0,compose,1.0,False,0.0,True
179980,1.1383087387624111,transformer_compose120_f0.6_wd1.0_softmax_ce_s9,16800.0,compose,1.0,False,0.0,True
180980,1.0841176235447694,transformer_compose120_f0.6_wd1.0_softmax_ce_s9,16800.0,compose,1.0,False,0.0,True
181980,1.1223211477660036,transformer_compose120_f0.6_wd1.0_softmax_ce_s9,16800.0,compose,1.0,False,0.0,True
182980,1.090161332117806,transformer_compose120_f0.6_wd1.0_softmax_ce_s9,16800.0,compose,1.0,False,0.0,True
183980,1.1041594228636913,transformer_compose120_f0.6_wd1.0_softmax_ce_s9,16800.0,compose,1.0,False,0.0,True
184980,1.0907240651429253,transformer_compose120_f0.6_wd1.0_softmax_ce_s9,16800.0,compose,1.0,False,0.0,True
185980,1.122297894697913,transformer_compose120_f0.6_wd1.0_softmax_ce_s9,16800.0,compose,1.0,False,0.0,True
186980,1.067871830567288,transformer_compose120_f0.6_wd1.0_softmax_ce_s9,16800.0,compose,1.0,False,0.0,True
187980,1.1466241916157618,transformer_compose120_f0.6_wd1.0_softmax_ce_s9,16800.0,compose,1.0,False,0.0,True
188980,1.1034167074133054,transformer_compose120_f0.6_wd1.0_softmax_ce_s9,16800.0,compose,1.0,False,0.0,True
189980,1.0807484731950177,transformer_compose120_f0.6_wd1.0_softmax_ce_s9,16800.0,compose,1.0,False,0.0,True
190980,1.1349911199932832,transformer_compose120_f0.6_wd1.0_softmax_ce_s9,16800.0,compose,1.0,False,0.0,True
191980,1.1035763174702622,transformer_compose120_f0.6_wd1.0_softmax_ce_s9,16800.0,compose,1.0,False,0.0,True
192980,1.102397852815563,transformer_compose120_f0.6_wd1.0_softmax_ce_s9,16800.0,compose,1.0,False,0.0,True
193980,1.1601257388325326,transformer_compose120_f0.6_wd1.0_softmax_ce_s9,16800.0,compose,1.0,False,0.0,True
194980,1.1096198650072089,transformer_compose120_f0.6_wd1.0_softmax_ce_s9,16800.0,compose,1.0,False,0.0,True
195980,1.0764491103983915,transformer_compose120_f0.6_wd1.0_softmax_ce_s9,16800.0,compose,1.0,False,0.0,True
196980,1.1054138113806384,transformer_compose120_f0.6_wd1.0_softmax_ce_s9,16800.0,compose,1.0,False,0.0,True
197980,1.1473892452650212,transformer_compose120_f0.6_wd1.0_softmax_ce_s9,16800.0,compose,1.0,False,0.0,True
198980,1.087402042946749,transformer_compose120_f0.6_wd1.0_softmax_ce_s9,16800.0,compose,1.0,False,0.0,True
199980,1.1071480634687516,transformer_compose120_f0.6_wd1.0_softmax_ce_s9,16800.0,compose,1.0,False,0.0,True
200980,1.110045999476571,transformer_compose120_f0.6_wd1.0_softmax_ce_s9,16800.0,compose,1.0,False,0.0,True
201980,1.1518641112241106,transformer_compose120_f0.6_wd1.0_softmax_ce_s9,16800.0,compose,1.0,False,0.0,True
202980,1.0838072849689029,transformer_compose120_f0.6_wd1.0_softmax_ce_s9,16800.0,compose,1.0,False,0.0,True
203980,1.119148349925125,transformer_compose120_f0.6_wd1.0_softmax_ce_s9,16800.0,compose,1.0,False,0.0,True
204980,1.1040238240842712,transformer_compose120_f0.6_wd1.0_softmax_ce_s9,16800.0,compose,1.0,False,0.0,True
205980,1.08478545748592,transformer_compose120_f0.6_wd1.0_softmax_ce_s9,16800.0,compose,1.0,False,0.0,True
206980,1.086794094734115,transformer_compose120_f0.6_wd1.0_softmax_ce_s9,16800.0,compose,1.0,False,0.0,True
207980,1.109743142421811,transformer_compose120_f0.6_wd1.0_softmax_ce_s9,16800.0,compose,1.0,False,0.0,True
208980,1.1237651224393892,transformer_compose120_f0.6_wd1.0_softmax_ce_s9,16800.0,compose,1.0,False,0.0,True
209980,1.1258277329066058,transformer_compose120_f0.6_wd1.0_softmax_ce_s9,16800.0,compose,1.0,False,0.0,True
210980,1.1117049005292068,transformer_compose120_f0.6_wd1.0_softmax_ce_s9,16800.0,compose,1.0,False,0.0,True
211980,1.0976858582517257,transformer_compose120_f0.6_wd1.0_softmax_ce_s9,16800.0,compose,1.0,False,0.0,True
212980,1.0670881675434332,transformer_compose120_f0.6_wd1.0_softmax_ce_s9,16800.0,compose,1.0,False,0.0,True
213980,1.1247103497135646,transformer_compose120_f0.6_wd1.0_softmax_ce_s9,16800.0,compose,1.0,False,0.0,True
214980,1.0806432607713117,transformer_compose120_f0.6_wd1.0_softmax_ce_s9,16800.0,compose,1.0,False,0.0,True
215980,1.0918018146285189,transformer_compose120_f0.6_wd1.0_softmax_ce_s9,16800.0,compose,1.0,False,0.0,True
216980,1.0976129424757202,transformer_compose120_f0.6_wd1.0_softmax_ce_s9,16800.0,compose,1.0,False,0.0,True
217980,1.0828127042737763,transformer_compose120_f0.6_wd1.0_softmax_ce_s9,16800.0,compose,1.0,False,0.0,True
218980,1.068061944260066,transformer_compose120_f0.6_wd1.0_softmax_ce_s9,16800.0,compose,1.0,False,0.0,True
219980,1.092670875957786,transformer_compose120_f0.6_wd1.0_softmax_ce_s9,16800.0,compose,1.0,False,0.0,True
220980,1.1343273222261314,transformer_compose120_f0.6_wd1.0_softmax_ce_s9,16800.0,compose,1.0,False,0.0,True
221980,1.146661281543797,transformer_compose120_f0.6_wd1.0_softmax_ce_s9,16800.0,compose,1.0,False,0.0,True
222980,1.098917486866018,transformer_compose120_f0.6_wd1.0_softmax_ce_s9,16800.0,compose,1.0,False,0.0,True
223980,1.1444412472299128,transformer_compose120_f0.6_wd1.0_softmax_ce_s9,16800.0,compose,1.0,False,0.0,True
224980,1.134711342705491,transformer_compose120_f0.6_wd1.0_softmax_ce_s9,16800.0,compose,1.0,False,0.0,True
225980,1.0926900049627737,transformer_compose120_f0.6_wd1.0_softmax_ce_s9,16800.0,compose,1.0,False,0.0,True
226980,1.1026587762271736,transformer_compose120_f0.6_wd1.0_softmax_ce_s9,16800.0,compose,1.0,False,0.0,True
227980,1.0953742682370755,transformer_compose120_f0.6_wd1.0_softmax_ce_s9,16800.0,compose,1.0,False,0.0,True
228980,1.1278699883652237,transformer_compose120_f0.6_wd1.0_softmax_ce_s9,16800.0,compose,1.0,False,0.0,True
229980,1.135413375413863,transformer_compose120_f0.6_wd1.0_softmax_ce_s9,16800.0,compose,1.0,False,0.0,True
230980,1.1232020378917749,transformer_compose120_f0.6_wd1.0_softmax_ce_s9,16800.0,compose,1.0,False,0.0,True
231980,1.1557036549894983,transformer_compose120_f0.6_wd1.0_softmax_ce_s9,16800.0,compose,1.0,False,0.0,True
232980,1.070123136356106,transformer_compose120_f0.6_wd1.0_softmax_ce_s9,16800.0,compose,1.0,False,0.0,True
233980,1.109556952865098,transformer_compose120_f0.6_wd1.0_softmax_ce_s9,16800.0,compose,1.0,False,0.0,True
234980,1.1484258009461292,transformer_compose120_f0.6_wd1.0_softmax_ce_s9,16800.0,compose,1.0,False,0.0,True
235980,1.10130385400853,transformer_compose120_f0.6_wd1.0_softmax_ce_s9,16800.0,compose,1.0,False,0.0,True
236980,1.096407906204355,transformer_compose120_f0.6_wd1.0_softmax_ce_s9,16800.0,compose,1.0,False,0.0,True
237980,1.112567380542152,transformer_compose120_f0.6_wd1.0_softmax_ce_s9,16800.0,compose,1.0,False,0.0,True
238980,1.1076982878795645,transformer_compose120_f0.6_wd1.0_softmax_ce_s9,16800.0,compose,1.0,False,0.0,True
239980,1.1526577411676664,transformer_compose120_f0.6_wd1.0_softmax_ce_s9,16800.0,compose,1.0,False,0.0,True
240980,1.118877052377702,transformer_compose120_f0.6_wd1.0_softmax_ce_s9,16800.0,compose,1.0,False,0.0,True
241980,1.142900708116871,transformer_compose120_f0.6_wd1.0_softmax_ce_s9,16800.0,compose,1.0,False,0.0,True
242980,1.110378127966814,transformer_compose120_f0.6_wd1.0_softmax_ce_s9,16800.0,compose,1.0,False,0.0,True
243980,1.108916448884463,transformer_compose120_f0.6_wd1.0_softmax_ce_s9,16800.0,compose,1.0,False,0.0,True
244980,1.0806703982296506,transformer_compose120_f0.6_wd1.0_softmax_ce_s9,16800.0,compose,1.0,False,0.0,True
245980,1.1038924338234029,transformer_compose120_f0.6_wd1.0_softmax_ce_s9,16800.0,compose,1.0,False,0.0,True
246980,1.127900610942839,transformer_compose120_f0.6_wd1.0_softmax_ce_s9,16800.0,compose,1.0,False,0.0,True
247980,1.1155846250116055,transformer_compose120_f0.6_wd1.0_softmax_ce_s9,16800.0,compose,1.0,False,0.0,True
248980,1.1201817738665447,transformer_compose120_f0.6_wd1.0_softmax_ce_s9,16800.0,compose,1.0,False,0.0,True
249980,1.1227879941351753,transformer_compose120_f0.6_wd1.0_softmax_ce_s9,16800.0,compose,1.0,False,0.0,True
