run,model,operation,modulus,train_fraction,label_permutation,loss,optimizer,lr,weight_decay,steps,seed,n_snapshots,replicate,t_c,t_g,t_top__raw,lead_lag_steps__raw,t_top,lead_lag_steps,t_changepoint,lead_lag_steps__changepoint,diverged,grokked,plateau_relaxed,h1_max_persistence__baseline,h1_max_persistence__plateau,h1_max_persistence__ratio,h1_total_persistence__baseline,h1_total_persistence__plateau,h1_total_persistence__ratio,h1_max_persistence_normalised__baseline,h1_max_persistence_normalised__plateau,h1_max_persistence_normalised__ratio,h1_total_persistence_normalised__baseline,h1_total_persistence_normalised__plateau,h1_total_persistence_normalised__ratio,h0_total_persistence__baseline,h0_total_persistence__plateau,h0_total_persistence__ratio,lid__baseline,lid__plateau,lid__ratio,scale_initial,scale_final,scale_collapse,circularity_column,circularity,test_acc__final,test_acc_novel__final,weight_norm__final,train_acc__final,generalisation_gap,fits_train_set
mlp_add97_f0.3_wd0.0_softmax_ce_s0,mlp,add,97,0.3,False,softmax_ce,orthograd_adamw,0.001,0.0,40000,0,126,False,400.0,500.0,1485.0,-985.0,2124.0,-1624.0,266.0,234.0,False,True,False,0.9981136322021484,2.4743785858154297,2.479054995327719,39.79979467391968,93.66684055328368,2.353450346181369,0.06603098025703516,0.258182767745948,3.9100247602100433,2.635516291891594,9.788784180321638,3.714180864841445,1355.370966911316,897.4827585220337,0.6621676134669316,45.9971734341738,83.8882936469379,1.8237706229272932,15.283698081970217,9.559785842895508,1.5987490026597737,fourier_concentration_k5,0.8855410163532499,1.0,1.0,104.42590565193588,1.0,0.0,True
mlp_add97_f0.3_wd0.0_softmax_ce_s1,mlp,add,97,0.3,False,softmax_ce,orthograd_adamw,0.001,0.0,40000,1,126,False,500.0,600.0,2282.0,-1682.0,2633.0,-2033.0,545.0,55.0,False,True,False,0.8202486038208008,5.222071170806885,6.366449325828719,43.11520433425903,160.91910123825073,3.7323051977370674,0.0535913935954002,0.7382682317878303,13.775872994860812,2.815849923660381,22.761081081735718,8.083201057870344,1378.5463123321533,670.0818200111389,0.48607856987954884,55.79859532184111,130.03402627513756,2.3304175584548927,15.303062438964844,7.087343215942383,2.159210013216503,fourier_concentration_k5,0.9999030305314844,1.0,1.0,98.73573575013316,1.0,0.0,True
mlp_add97_f0.3_wd0.0_softmax_ce_s2,mlp,add,97,0.3,False,softmax_ce,orthograd_adamw,0.001,0.0,40000,2,126,False,400.0,500.0,1977.0,-1477.0,2124.0,-1624.0,231.0,269.0,False,True,False,0.8619327545166016,2.7734498977661133,3.2177102949539833,40.99493360519409,144.885272026062,3.534223848766154,0.05734473306754605,0.3033094056820583,5.289228660717486,2.728944981331301,15.814105809456708,5.794952231591669,1349.8285932540894,873.4052381515503,0.6470489975664206,37.27948320751255,48.27973978802351,1.295075350676916,15.033526420593262,9.161574363708496,1.640932641462277,fourier_concentration_k5,0.9991419023376318,1.0,1.0,100.58249124571364,1.0,0.0,True
mlp_add97_f0.3_wd0.0_stablemax_ce_s0,mlp,add,97,0.3,False,stablemax_ce,orthograd_adamw,0.001,0.0,40000,0,126,False,700.0,600.0,1115.0,-515.0,1382.0,-782.0,355.0,245.0,False,True,False,0.9843387603759766,4.711750984191895,4.7867169046479505,46.5965518951416,73.4017858505249,1.575262178534248,0.06550626573126975,0.48216150722683,7.36054027571698,3.1113275369768583,7.559678135405106,2.4297275184182365,1348.7319512367249,894.5363349914551,0.6632424880060168,50.72222870928695,60.983776472883285,1.2023086923567596,15.283698081970217,9.816396713256836,1.556956032688645,fourier_concentration_k5,0.9980418537800546,1.0,1.0,107.36397212359056,1.0,0.0,True
mlp_add97_f0.3_wd0.0_stablemax_ce_s1,mlp,add,97,0.3,False,stablemax_ce,orthograd_adamw,0.001,0.0,40000,1,126,False,800.0,700.0,1382.0,-682.0,1595.0,-895.0,26031.0,-25331.0,False,True,False,0.8903388977050781,5.042697191238403,5.663795218019083,48.75674819946289,151.74799394607544,3.11234853738148,0.0594705220911368,0.6413522930484606,10.784373005261454,3.178100322981036,19.277316207519526,6.065672649829234,1361.750491142273,727.9401423931122,0.5345620560654224,49.34969682877059,36.459751463382744,0.7388039604354149,15.303062438964844,7.880248069763184,1.9419518654093246,fourier_concentration_k5,0.9954460859264616,0.9996963143348694,0.9997819662094116,102.8504573501974,1.0,0.00030368566513061523,True
mlp_add97_f0.3_wd0.0_stablemax_ce_s2,mlp,add,97,0.3,False,stablemax_ce,orthograd_adamw,0.001,0.0,40000,2,126,False,,,,,51.0,,73.0,,True,False,False,0.0,0.0,,0.0,0.0,,,,,,,,0.0,0.0,,,,,15.033525466918944,0.0,,fourier_concentration_k5,,0.0086547220125794,0.0077720205299556,,0.01416932325810194,0.005514601245522499,False
mlp_add97_f0.3_wd1.0_softmax_ce_s0,mlp,add,97,0.3,False,softmax_ce,adamw,0.001,1.0,60000,0,127,False,100.0,14300.0,18264.0,-3964.0,18264.0,-3964.0,13566.0,734.0,False,True,False,0.19730627536773682,0.325934886932373,1.6519235707272861,11.201995491981506,46.999000787734985,4.195591831953272,0.04842026160982775,0.1560718843761777,3.223276355543278,2.719189663463283,22.479753416523188,8.267078136760771,375.6851404905319,198.39025139808652,0.5280758539958447,60.88372117454054,159.4932995411149,2.619637835274258,15.283698081970217,2.082019090652466,7.340805927567452,fourier_concentration_k5,0.9038182268415554,1.0,1.0,41.16997360443431,1.0,0.0,True
mlp_add97_f0.3_wd1.0_softmax_ce_s1,mlp,add,97,0.3,False,softmax_ce,adamw,0.001,1.0,60000,1,127,False,100.0,13200.0,33103.0,-19903.0,33103.0,-19903.0,33103.0,-19903.0,False,True,False,0.2045460939407348,0.43800115585327143,2.141332290511389,10.046943306922913,22.811002135276794,2.2704420079248107,0.05089764673215625,0.22044954246844994,4.331232515101209,2.4254281091812038,12.010236094148317,4.951800487792166,372.68042051792145,187.61035829782486,0.5034081426577199,61.181775292529295,160.54828304778374,2.6241193930733777,15.303062438964844,1.7503489255905151,8.742863902865567,fourier_concentration_k5,0.9902461924605876,1.0,1.0,39.60840670450885,1.0,0.0,True
mlp_add97_f0.3_wd1.0_softmax_ce_s2,mlp,add,97,0.3,False,softmax_ce,adamw,0.001,1.0,60000,2,127,False,100.0,12100.0,16955.0,-4855.0,16955.0,-4855.0,15741.0,-3641.0,False,True,False,0.2135689258575439,0.42825788259506226,2.0052443532010904,12.61050283908844,4.886992573738098,0.3875335215491977,0.0523148916515538,0.228639893517216,4.370455262338772,3.130006782480704,2.6108378896767475,0.8341317035765378,373.57079243659973,178.11910766363144,0.47680148252987625,60.43757116885968,184.42903283644873,3.0515626169218955,15.033525466918944,1.8620493412017824,8.073645060992948,fourier_concentration_k5,0.9903106859431106,1.0,1.0,39.33367650907416,1.0,0.0,True
mlp_add97_f0.3_wd1.0_softmax_ce_s3,mlp,add,97,0.3,False,softmax_ce,adamw,0.001,1.0,60000,3,127,False,100.0,9500.0,15741.0,-6241.0,10077.0,-577.0,9355.0,145.0,False,True,False,0.19331622123718256,0.2478523254394531,1.2821082672382644,10.610222578048706,15.587103605270386,1.4690647147702873,0.0477076276283889,0.1129388953737335,2.3673131737644417,2.61935487853162,7.103150701258622,2.71179394570642,377.0663493871689,207.6040256023407,0.5505769102433865,72.95100525633234,126.7088670603673,1.7369036467029169,15.013136863708496,2.1939971446990967,6.842824248874547,fourier_concentration_k5,0.9083018375697468,1.0,1.0,41.09247192971132,1.0,0.0,True
mlp_add97_f0.3_wd1.0_softmax_ce_s4,mlp,add,97,0.3,False,softmax_ce,adamw,0.001,1.0,60000,4,127,False,100.0,12100.0,19673.0,-7573.0,15741.0,-3641.0,13566.0,-1466.0,False,True,False,0.1931707859039306,0.30553674697875977,1.5816923120596091,12.200870752334595,11.544527530670166,0.9462052147762617,0.0461546612338712,0.15215849864217723,3.2967092504735738,2.9664235953377487,5.748154375355098,1.9377388935246211,379.48756086826324,190.5946021080017,0.5022420278333325,65.70579560781418,198.04104508828064,3.0140574854363114,15.075989723205566,2.0096025466918945,7.501975825032115,fourier_concentration_k5,0.9876122590101613,1.0,1.0,39.861322515998914,1.0,0.0,True
mlp_add97_f0.4_wd0.0_softmax_ce_s0,mlp,add,97,0.4,False,softmax_ce,orthograd_adamw,0.01,0.0,20000,0,124,False,100.0,900.0,472.0,428.0,441.0,459.0,258.0,642.0,False,True,False,0.8573665618896484,0.846099853515625,0.9868589365682848,50.73405456542969,54.92073345184326,1.0825220637750168,0.0560132111861438,0.05487024239070595,0.9795946568455159,3.3145418062951264,3.5616594963488017,1.0745556111509404,1419.0701179504397,1411.4008545875547,0.9945955712364928,49.174089075590295,49.602736639793775,1.0087169395968791,15.283698081970217,15.403687477111816,0.9922103460408496,fourier_concentration_k5,0.2986591892352295,1.0,1.0,119.57902800296375,1.0,0.0,True
mlp_add97_f0.4_wd0.0_softmax_ce_s1,mlp,add,97,0.4,False,softmax_ce,orthograd_adamw,0.01,0.0,20000,1,124,False,100.0,900.0,151.0,749.0,151.0,749.0,83.0,817.0,False,True,False,0.9492349624633788,0.915738582611084,0.964712235456048,59.18785285949707,74.0550217628479,1.251186150283965,0.0617074962569861,0.059585344237622254,0.9656094940146985,3.8476608565999486,4.819069943925655,1.2524674402265559,1429.9428968429563,1412.214017868042,0.9876016874421655,64.70961431202373,63.97932476571444,0.9887143579192436,15.303062438964844,15.38988208770752,0.994358654065841,fourier_concentration_k5,0.3048162909033425,0.9998228549957277,0.9997073411941528,119.63696947636704,1.0,0.00017714500427246094,True
mlp_add97_f0.4_wd0.0_softmax_ce_s2,mlp,add,97,0.4,False,softmax_ce,orthograd_adamw,0.01,0.0,20000,2,124,False,100.0,1100.0,55.0,1045.0,55.0,1045.0,35.0,1065.0,False,True,False,0.9032182693481444,0.9384422302246094,1.038998282111683,61.01750659942627,57.38253211975098,0.9404273513905029,0.0593884555413519,0.0623719794502852,1.050237438938884,4.012026329515496,3.811709732310296,0.9500709664511621,1407.043088912964,1396.2596406936646,0.9923360924023794,61.32277717581218,61.42571592932963,1.0016786381546667,15.033525466918944,15.033480644226074,1.0000029815246336,fourier_concentration_k5,0.3024637237018836,1.0,1.0,119.19376878908749,1.0,0.0,True
mlp_add97_f0.4_wd0.0_stablemax_ce_s0,mlp,add,97,0.4,False,stablemax_ce,adamw,0.01,0.0,80000,0,128,False,100.0,,8757.0,,33.0,,23.0,,False,False,False,2.877399444580078,3.010303497314453,1.0461889477961481,187.51579666137692,195.60806274414065,1.0431551166719946,0.051485882853547,0.0520169759012811,1.0103153139909207,3.3552575949378323,3.380037891506789,1.007385512398912,5169.3096923828125,5360.983379364014,1.0370791649925017,48.45501123257873,49.02774788223228,1.0118199673281363,15.283698081970217,58.052059173583984,0.2632757269861826,fourier_concentration_k5,0.148183275875798,0.0001771479146555,0.0,610.5362213797785,1.0,0.9998228520853445,True
mlp_add97_f0.4_wd0.0_stablemax_ce_s1,mlp,add,97,0.4,False,stablemax_ce,adamw,0.01,0.0,80000,1,128,False,100.0,,8757.0,,12.0,,6.0,,False,False,False,3.021919250488281,3.1679344177246094,1.0483186859518947,179.25282669067383,188.6540260314941,1.0524465890685417,0.0536949130657151,0.0542074435781227,1.0095452340481552,3.172254436796868,3.228113692843786,1.017608693489076,5205.698791503906,5398.087188720703,1.0369572664347753,70.49225093292208,69.85267404285517,0.9909269901073878,15.303062438964844,58.635284423828125,0.2609872637156682,fourier_concentration_k5,0.1397283439964877,0.0,0.0,611.363083598871,1.0,1.0,True
mlp_add97_f0.4_wd0.0_stablemax_ce_s2,mlp,add,97,0.4,False,stablemax_ce,adamw,0.01,0.0,80000,2,128,False,100.0,,11881.0,,14937.0,,11881.0,,False,False,False,2.803531646728516,2.9960861206054688,1.068682825143653,197.9881134033203,205.4599266052246,1.0377386958917252,0.0495666806608556,0.0509065331690734,1.0270313139866136,3.4873234370291635,3.490971937258793,1.001046217907662,5172.552665710449,5363.215072631836,1.0368604090172564,54.01656570715005,53.8876767029874,0.9976138985795316,15.033525466918944,59.04057693481445,0.2546303956940862,fourier_concentration_k5,0.1473503626091317,0.000708591658622,0.0002937720273621,610.2252862600898,1.0,0.999291408341378,True
transformer_add113_f0.3_wd0.1_dense_s0,transformer,add,113,0.3,False,softmax_ce,adamw,0.003,0.1,60000,0,200,True,500.0,13000.0,14970.0,-1970.0,14970.0,-1970.0,11838.0,1162.0,False,True,False,0.04119342565536495,0.07300345599651334,1.7722113379761004,0.28701236844062805,4.981054037809372,17.35484106441832,0.039316970306816454,0.1288386193527144,3.2769213483974227,0.25387385819190367,8.574107509483252,33.773101218645635,103.32274198532104,52.45975112915039,0.5077270513843244,41.509868506582315,20.349645707815025,0.49023633270695943,15.283698081970217,0.616351842880249,24.797034775703082,fourier_concentration_k5,0.7592647302298183,0.9982098937034608,0.9974481463432312,37.93806073596568,0.9999999403953552,0.0017900466918945312,True
transformer_add113_f0.3_wd0.1_dense_s1,transformer,add,113,0.3,False,softmax_ce,adamw,0.003,0.1,60000,1,200,True,500.0,12000.0,13333.0,-1333.0,13333.0,-1333.0,9515.0,2485.0,False,True,False,0.051576077938079806,0.0972222089767456,1.8850252454920424,0.7507573366165161,8.736537501215935,11.636965867812123,0.039276591706089645,0.18258884763114314,4.6487956235477945,0.5993746891471002,16.104820049923724,26.86936959723909,117.3394076526165,51.02681848406792,0.43486514466762005,41.4989540261303,23.469740816037763,0.5655501775119385,15.303062438964844,0.5568974614143372,27.479138439776825,fourier_concentration_k5,0.8706815167237938,1.0,1.0,35.38479194419651,0.9999999403953552,-5.960464477539063e-08,True
transformer_add113_f0.3_wd0.1_dense_s2,transformer,add,113,0.3,False,softmax_ce,adamw,0.003,0.1,60000,2,200,True,500.0,13500.0,14364.0,-864.0,14364.0,-864.0,14364.0,-864.0,False,True,False,0.050682783126831,0.0894762277603149,1.7654166215853881,1.2301735877990725,7.621465861797333,6.195439357004116,0.0526215578142542,0.1481929343773401,2.816201962329542,1.129867638643009,12.624323036042744,11.173276058428206,94.74007815122604,58.95973774790764,0.622331529575001,49.08702623890447,35.30663489198256,0.7192661197308362,15.033525466918944,0.5873207449913025,25.596789480238044,fourier_concentration_k5,0.8215682753490596,1.0,1.0,37.34779093309154,0.9999999403953552,-5.960464477539063e-08,True
transformer_add113_f0.3_wd0.1_dense_s3,transformer,add,113,0.3,False,softmax_ce,adamw,0.003,0.1,60000,3,200,True,500.0,11500.0,51515.0,-40015.0,13354.0,-1854.0,9212.0,2288.0,False,True,False,0.0574560165405273,0.0516405999660491,0.898784898003219,0.7741723656654358,2.2734333276748657,2.9365983965608846,0.0481969298623281,0.0844314723108372,1.7518018793315486,0.5595060312876233,3.695327161672414,6.604624356181015,115.08462512493134,56.33931943774223,0.4895468823622833,44.67443641566907,40.95092790967555,0.9166523675565039,15.013136863708496,0.5216172933578491,28.781900168729486,fourier_concentration_k5,0.6592832696431701,1.0,1.0,30.30800467354269,0.9999999403953552,-5.960464477539063e-08,True
transformer_add113_f0.3_wd0.1_dense_s4,transformer,add,113,0.3,False,softmax_ce,adamw,0.003,0.1,60000,4,200,True,500.0,10000.0,10909.0,-909.0,14061.0,-4061.0,10828.0,-828.0,False,True,False,0.07375603914260859,0.0600597262382507,0.8143024888053461,1.5001285076141357,3.357845291495323,2.238371762453721,0.053149069241716945,0.10935084946209425,2.0574367721243982,1.0076048059592133,5.913089825796342,5.868461316207434,138.6724552512169,52.47346830368042,0.3783986387824481,51.19095183110298,33.66663114048179,0.6576676138306607,15.075989723205566,0.5150905251502991,29.268621702576493,fourier_concentration_k5,0.8256228917406694,1.0,1.0,34.43636843348914,0.9999999403953552,-5.960464477539063e-08,True
transformer_add113_f0.3_wd0.1_recipe-rC-2layer-lr3e-3_s0,transformer,add,113,0.3,False,softmax_ce,adamw,0.003,0.1,200000,0,120,True,500.0,12000.0,13445.0,-1445.0,13445.0,-1445.0,13445.0,-1445.0,False,True,False,0.0668579339981079,0.1229388415813446,1.838807067906463,1.1565775871276855,6.064984738826752,5.243906510317998,0.0429849205705682,0.2940500596617503,6.8407724327188015,0.8859042434681738,15.030157285501517,16.965893770483422,125.99922007322311,40.11449959874153,0.3183710151176286,41.8057097908062,26.196910163853502,0.6266347418795568,15.283698081970217,0.41221684217453,37.0768404351106,fourier_concentration_k5,0.8513309970680347,1.0,1.0,38.66372577282486,0.9999999403953552,-5.960464477539063e-08,True
transformer_add113_f0.3_wd0.1_recipe-rC-2layer-lr3e-3_s1,transformer,add,113,0.3,False,softmax_ce,adamw,0.003,0.1,200000,1,120,True,500.0,12000.0,13445.0,-1445.0,13445.0,-1445.0,13445.0,-1445.0,False,True,False,0.0523282885551452,0.2273350656032562,4.34440093265583,0.2867393493652344,2.3870008885860443,8.32463662162252,0.0291685697244318,0.5201755787649078,17.83342768189299,0.1390987665872519,5.35055333288089,38.4658574921631,110.0141070485115,36.9292965233326,0.3356778281811474,44.432407098826864,13.82533914856072,0.31115440398739386,15.303062438964844,0.3949477076530456,38.74705978141366,fourier_concentration_k5,0.8437332275897172,1.0,1.0,43.203210247431365,0.9999999403953552,-5.960464477539063e-08,True
transformer_add113_f0.3_wd0.1_recipe-rC-2layer-lr3e-3_s2,transformer,add,113,0.3,False,softmax_ce,adamw,0.003,0.1,200000,2,120,True,500.0,11500.0,13445.0,-1945.0,15126.0,-3626.0,13445.0,-1945.0,False,True,False,0.0555286407470703,0.1586021780967712,2.8562229502284207,1.81159770488739,5.219362407922745,2.881082479759039,0.0402380135236448,0.4216225244161851,10.478214193362946,1.2241380231403276,13.769591602101269,11.24839792720237,131.72051811218262,36.77057380974293,0.27915600649571143,43.69311538134626,12.217437623151872,0.2796192836450343,15.033525466918944,0.3692004382610321,40.71914306962426,fourier_concentration_k5,0.9054489194746372,1.0,1.0,38.63201595791799,0.9999999403953552,-5.960464477539063e-08,True
transformer_add113_f0.3_wd0.1_recipe-rC-2layer_s0,transformer,add,113,0.3,False,softmax_ce,adamw,0.001,0.1,200000,0,120,True,500.0,98500.0,156303.0,-57803.0,156303.0,-57803.0,166387.0,-67887.0,False,True,False,0.0201883912086486,0.0200288370251655,0.9920967360977854,0.8723013401031494,1.4488911740481851,1.6609984502337851,0.0598981645483624,0.2558417627636681,4.271278839556073,2.6133928008601552,18.229230016846795,6.975311943480882,35.875762701034546,10.133128501474856,0.2824505387082028,52.20364734721644,29.698665219648145,0.5689001962279885,15.283698081970217,0.0298406723886728,512.1767325783096,fourier_concentration_k5,0.881618560395611,1.0,1.0,18.471074768884,0.9999999403953552,-5.960464477539063e-08,True
transformer_add113_f0.3_wd0.1_recipe-rC-2layer_s1,transformer,add,113,0.3,False,softmax_ce,adamw,0.001,0.1,200000,1,120,True,500.0,90500.0,196639.0,-106139.0,85714.0,4786.0,200000.0,-109500.0,False,True,False,0.02003920078277585,0.0154326558113098,0.7701233187191038,0.8139088898897171,1.1950319707393646,1.468262585141795,0.058056266904412596,0.0734802464367474,1.2656729472070567,2.611576077729344,6.03766365889481,2.3118850376912263,35.653791189193726,21.58161747455597,0.6053105926389427,51.886459250175136,62.49366460065286,1.204431088645578,15.303062438964844,0.1618000268936157,94.580098240816,fourier_concentration_k5,0.5536515439063007,1.0,1.0,25.228746887263664,0.9999999403953552,-5.960464477539063e-08,True
transformer_add113_f0.3_wd0.1_recipe-rC-2layer_s2,transformer,add,113,0.3,False,softmax_ce,adamw,0.001,0.1,200000,2,120,True,500.0,75500.0,174790.0,-99290.0,95798.0,-20298.0,136134.0,-60634.0,False,True,False,0.02011542022228235,0.02086365222930905,1.0371969364178564,0.8562902510166168,1.1300513185560703,1.319705925898882,0.059534662405688346,0.1607316430277784,2.699799352728353,2.557497342254349,9.546004145457452,3.7325568194111853,35.12231166660786,12.819063760340214,0.3649834863383379,48.45724050762991,29.57578360560229,0.6103480779295591,15.033525466918944,0.031955100595951,470.4577731426021,fourier_concentration_k5,0.8601752141417142,1.0,1.0,18.79266888634517,0.9999999403953552,-5.960464477539063e-08,True
transformer_add113_f0.3_wd0.1_recipe-rC-batch512_s0,transformer,add,113,0.3,False,softmax_ce,adamw,0.001,0.1,200000,0,120,True,1000.0,,198319.0,,38655.0,,33613.0,,False,False,False,0.0098325759172439,0.00726612284779545,0.738984667797222,0.30963149666786194,0.30876244977116585,0.9971932865162348,0.06595459233348006,0.0567279315679226,0.8601058631534625,2.1606593099967926,2.4102220201614326,1.1155030360455163,15.163058251142502,13.543348088860512,0.8931805091390486,56.698457389224856,68.16895575434071,1.2023070625426882,15.283698081970217,0.1273189634084701,120.0425896724937,fourier_concentration_k5,0.1668592881719283,0.3497426807880401,0.0730462521314621,19.25782467064696,0.9999999403953552,0.6502572596073151,True
transformer_add113_f0.3_wd0.1_recipe-rC-batch512_s1,transformer,add,113,0.3,False,softmax_ce,adamw,0.001,0.1,200000,1,120,True,1000.0,,105882.0,,52101.0,,30252.0,,False,False,False,0.0101496502757072,0.00783401355147355,0.7718505897906612,0.341085284948349,0.3206338919699192,0.9400402366184551,0.06386228384457955,0.060528860844727445,0.9478029472299394,2.3275255057477713,2.466957791012157,1.0599058033607196,15.812881357967854,13.74298295006156,0.8691004908562534,50.52719859383714,60.81626310030612,1.2036341770929675,15.303062438964844,0.1291820704936981,118.46119496676883,fourier_concentration_k5,0.1628672490906623,0.3297158181667328,0.0466263517737388,18.9864311018299,0.9999999403953552,0.6702841222286224,True
transformer_add113_f0.3_wd0.1_recipe-rC-batch512_s2,transformer,add,113,0.3,False,softmax_ce,adamw,0.001,0.1,200000,2,120,True,1000.0,,139496.0,,139496.0,,139496.0,,False,False,False,0.00830224156379695,0.008120011538267101,0.9780505030925036,0.3463905081152916,0.30272840708494186,0.8739512197724039,0.05653770799160715,0.0606492514652297,1.0727221463281267,2.400520333191804,2.283708334380977,0.9513388838262784,15.318246588110924,13.842401742935182,0.9036544530937894,52.02756502369343,58.21919852635199,1.1190067899552647,15.033525466918944,0.132749393582344,113.24741350018822,fourier_concentration_k5,0.1506031021485876,0.3315059244632721,0.0488697849214077,19.035410739535354,0.9999999403953552,0.6684940159320831,True
transformer_add113_f0.3_wd0.1_recipe-rC-eps1e-6_s0,transformer,add,113,0.3,False,softmax_ce,adamw,0.001,0.1,200000,0,120,True,500.0,106500.0,156303.0,-49803.0,47059.0,59441.0,176471.0,-69971.0,False,True,False,0.01716929674148555,0.0074918717145919,0.4363528586753097,0.8961510807275772,0.3808665797114372,0.42500264509218133,0.06122704116540845,0.0754205514057382,1.231817673533907,3.322355313933758,3.6734341659029104,1.1056716753011784,28.93114199489355,10.950222209095957,0.37849256731824515,50.81016526588236,53.00650343842441,1.043226353644963,15.283698081970217,0.0878268703818321,174.02075259568636,fourier_concentration_k5,0.242025563963712,1.0,1.0,15.622444408886944,0.9999999403953552,-5.960464477539063e-08,True
transformer_add113_f0.3_wd0.1_recipe-rC-eps1e-6_s1,transformer,add,113,0.3,False,softmax_ce,adamw,0.001,0.1,200000,1,120,True,500.0,,179832.0,,95798.0,,94118.0,,False,False,False,0.01558016240596765,0.00676949694752685,0.4344946330555539,0.7584266811609268,0.2752229012548923,0.3628866284524794,0.061937368121883954,0.0619118030498548,0.9995872431650819,2.646035820897704,2.5232403870798086,0.9535926789622087,29.75878932327032,11.464574925601482,0.38525004498877885,48.31691881483155,52.155359267795774,1.0794429890629937,15.303062438964844,0.1095511764287948,139.68870931213965,fourier_concentration_k5,0.1834073191778668,0.7672857642173767,0.6690006256103516,16.80216179442255,0.9999999403953552,0.23271417617797852,True
transformer_add113_f0.3_wd0.1_recipe-rC-eps1e-6_s2,transformer,add,113,0.3,False,softmax_ce,adamw,0.001,0.1,200000,2,120,True,500.0,117500.0,173109.0,-55609.0,43697.0,73803.0,31933.0,85567.0,False,True,False,0.01941438019275665,0.006403401494026149,0.3298277581076324,1.080559253692627,0.772800974547863,0.7151861148816666,0.0657982612859466,0.07016695227753025,1.0663952345579188,3.5124612034569185,8.63955260263802,2.4596862718754258,31.082032099366188,9.761244032531977,0.314047807470446,48.7792618954488,62.281781112601564,1.2768086004682366,15.033525466918944,0.0869288817048072,172.94051380954994,fourier_concentration_k5,0.2764307076683869,1.0,1.0,15.572549460749284,0.9999999403953552,-5.960464477539063e-08,True
transformer_add113_f0.3_wd0.1_recipe-rC-gelu_s0,transformer,add,113,0.3,False,softmax_ce,adamw,0.001,0.1,200000,0,120,True,500.0,44000.0,166387.0,-122387.0,85714.0,-41714.0,52101.0,-8101.0,False,True,False,0.03850495815277095,0.017178602516651098,0.44614001263146075,1.062436580657959,1.534927412867546,1.4447237988708719,0.05399415765912685,0.10295025219391225,1.9066924396497211,1.3959232647153288,9.196623953607592,6.588201648378618,76.60067382454872,17.95389424264431,0.23438298054357987,52.70615547877058,36.5858442387192,0.6941474654408354,15.283698081970217,0.1499336659908294,101.93639954688385,fourier_concentration_k5,0.525512006044883,1.0,1.0,19.595785421217045,0.9999999403953552,-5.960464477539063e-08,True
transformer_add113_f0.3_wd0.1_recipe-rC-gelu_s1,transformer,add,113,0.3,False,softmax_ce,adamw,0.001,0.1,200000,1,120,True,500.0,43000.0,35294.0,7706.0,48739.0,-5739.0,42017.0,983.0,False,True,False,0.0188320875167846,0.0150857865810394,0.801068206994779,0.053109735250473,1.1199877858161926,21.088182430851372,0.0290387350845247,0.0871420765532412,3.0008909237813493,0.0824135472565316,6.916077829884416,83.91918634877459,77.06973642110825,17.295446008443832,0.22441293835418993,31.608180597282267,50.91799328935371,1.6109118692434874,15.303062438964844,0.1136001273989677,134.70990560793953,fourier_concentration_k5,0.5340527891048714,1.0,1.0,18.771641573496765,0.9999999403953552,-5.960464477539063e-08,True
transformer_add113_f0.3_wd0.1_recipe-rC-gelu_s2,transformer,add,113,0.3,False,softmax_ce,adamw,0.001,0.1,200000,2,120,True,500.0,53000.0,58824.0,-5824.0,57143.0,-4143.0,57143.0,-4143.0,False,True,False,0.0277406573295593,0.02695242315530775,0.9715855985354882,1.043369710445404,2.843869850039482,2.7256588163992825,0.0525044376680815,0.11344167420889555,2.1606111644513244,2.0724024783567003,11.808341510022426,5.697899724278357,47.29468804597855,24.603881411254406,0.5202250491077394,52.09362462563227,37.68916305082912,0.7234889743549243,15.033525466918944,0.2309987246990203,65.08055612214686,fourier_concentration_k5,0.5416868846678794,1.0,1.0,25.50245522905057,0.9999999403953552,-5.960464477539063e-08,True
transformer_add113_f0.3_wd0.1_recipe-rC-lr3e-3_s0,transformer,add,113,0.3,False,softmax_ce,adamw,0.003,0.1,200000,0,120,True,500.0,18000.0,,,20168.0,-2168.0,13445.0,4555.0,False,True,False,0.0532138645648956,0.0323555171489715,0.6080279531194951,2.933372169733048,2.488710343837738,0.848412748139021,0.06571221333807825,0.0886446108589435,1.348982272182523,3.456453566726549,6.852397688734452,1.9824937776392721,80.98597228527069,37.346488296985626,0.4611476190646169,47.05114439040055,46.82087040123898,0.9951058790993285,15.283698081970217,0.2894195914268493,52.808097774656574,fourier_concentration_k5,0.6142185106257527,1.0,1.0,29.21745675301103,0.9999999403953552,-5.960464477539063e-08,True
transformer_add113_f0.3_wd0.1_recipe-rC-lr3e-3_s1,transformer,add,113,0.3,False,softmax_ce,adamw,0.003,0.1,200000,1,120,True,500.0,16000.0,53782.0,-37782.0,53782.0,-37782.0,13445.0,2555.0,False,True,False,0.06282410025596616,0.04379580914974205,0.697117968602868,3.6450323462486267,3.6310615688562393,0.9961671732743975,0.06537382717595686,0.11479975759437505,1.7560507400826615,3.7494859736875705,9.787362873014562,2.6103212391507675,105.0661233663559,37.78302124142647,0.3596118332993076,46.05442667263259,35.28250247847933,0.7661044774105423,15.303062438964844,0.3635692596435547,42.09118904598274,fourier_concentration_k5,0.6713039731570014,0.9980980157852172,0.9972947239875792,33.79270895090109,0.9999999403953552,0.0019019246101379395,True
transformer_add113_f0.3_wd0.1_recipe-rC-lr3e-3_s2,transformer,add,113,0.3,False,softmax_ce,adamw,0.003,0.1,200000,2,120,True,500.0,19500.0,164706.0,-145206.0,21849.0,-2349.0,21849.0,-2349.0,False,True,False,0.0534178018569946,0.0442694872617721,0.8287403397894665,3.827600598335266,3.127759411931038,0.8171592964248648,0.0696139131818101,0.1205907620829462,1.7322796057736372,4.988117190978454,8.76201058884988,1.7565767309350544,83.0089248418808,36.06320568919182,0.43444973848157487,43.851427011038616,32.405993172109106,0.738995179426011,15.033525466918944,0.317030668258667,47.41978291719403,fourier_concentration_k5,0.7095600019850169,1.0,1.0,27.9191029351636,0.9999999403953552,-5.960464477539063e-08,True
transformer_add113_f0.3_wd0.1_recipe-rC-narrow_s0,transformer,add,113,0.3,False,softmax_ce,adamw,0.001,0.1,200000,0,120,True,1000.0,86000.0,176471.0,-90471.0,47059.0,38941.0,47059.0,38941.0,False,True,False,0.0164700001478195,0.0060028992593288005,0.3644747544294064,0.4764371365308761,0.6267747469246387,1.3155455334326565,0.0679489325616901,0.0552499851975326,0.8131104215268097,1.9836726410661865,5.501610108603022,2.773446583225552,26.578305572271347,11.271477553993464,0.42408563342551026,48.4714426103634,72.48996037461967,1.495518937971964,15.283698081970217,0.1200268566608429,127.3356522628682,fourier_concentration_k5,0.3177601220720098,1.0,1.0,17.41753833477531,0.9999999403953552,-5.960464477539063e-08,True
transformer_add113_f0.3_wd0.1_recipe-rC-narrow_s1,transformer,add,113,0.3,False,softmax_ce,adamw,0.001,0.1,200000,1,120,True,500.0,93000.0,178151.0,-85151.0,99160.0,-6160.0,97479.0,-4479.0,False,True,False,0.01689974963665005,0.0105661898851394,0.6252275987701484,0.713190570473671,0.7831211760640144,1.09805318309789,0.061662969176539004,0.0843720289963987,1.3682771057430665,2.6091685377232237,6.874198546293042,2.634631855668285,27.349716916680336,12.748393774032593,0.4661252550755824,45.49963804765652,38.46661863929504,0.8454269152428189,15.303062438964844,0.0966757014393806,158.29274793067268,fourier_concentration_k5,0.3347864500096789,1.0,1.0,17.691553118064252,0.9999999403953552,-5.960464477539063e-08,True
transformer_add113_f0.3_wd0.1_recipe-rC-narrow_s2,transformer,add,113,0.3,False,softmax_ce,adamw,0.001,0.1,200000,2,120,True,500.0,110000.0,,,43697.0,66303.0,40336.0,69664.0,False,True,False,0.01602318882942195,0.0089436173439025,0.5581671313440515,0.6834649443626404,0.6919521614909172,1.0124179260374377,0.06322538226986635,0.071190593647684,1.1259812292446023,2.7091578483170955,6.287109653777661,2.3206878320815294,26.93270304054022,12.872249439358711,0.4779412382033422,45.303115364729976,53.74152715953467,1.1862655962369928,15.033525466918944,0.0891142860054969,168.6993875032744,fourier_concentration_k5,0.3279807094533157,1.0,1.0,17.329074229399527,0.9999999403953552,-5.960464477539063e-08,True
transformer_add113_f0.3_wd0.1_recipe-rC_s0,transformer,add,113,0.3,False,softmax_ce,adamw,0.001,0.1,200000,0,120,True,500.0,106500.0,152941.0,-46441.0,43697.0,62803.0,152941.0,-46441.0,False,True,False,0.019796624779701198,0.0116573870182037,0.5888573000664638,1.184177279472351,1.252954714000225,1.0580803531026368,0.068979248902792,0.0768403083130722,1.1139626704454013,4.08492721719322,7.935443843799911,1.9426157240697193,29.82407059520483,17.133912414312363,0.5744994587381101,50.08337143902394,66.49361390206356,1.327658502044315,15.283698081970217,0.1640166938304901,93.18379565537269,fourier_concentration_k5,0.4368462018812275,1.0,1.0,18.30048897297373,0.9999999403953552,-5.960464477539063e-08,True
transformer_add113_f0.3_wd0.1_recipe-rC_s1,transformer,add,113,0.3,False,softmax_ce,adamw,0.001,0.1,200000,1,120,True,500.0,113000.0,156303.0,-43303.0,35294.0,77706.0,166387.0,-53387.0,False,True,False,0.0179997384548187,0.0075791925191879,0.42107236936872705,0.972338765859604,1.030781701207161,1.0601055284429497,0.0635014631062714,0.0698458172483241,1.0999087868485053,3.520300842954195,8.395169713544105,2.3847875758535957,29.39827081561089,11.274349763989449,0.38350384057291603,52.50522915890069,71.48448429558762,1.3614736177847833,15.303062438964844,0.0920983627438545,166.15998355503862,fourier_concentration_k5,0.3035233064545271,1.0,1.0,17.63667588038776,0.9999999403953552,-5.960464477539063e-08,True
transformer_add113_f0.3_wd0.1_recipe-rC_s2,transformer,add,113,0.3,False,softmax_ce,adamw,0.001,0.1,200000,2,120,True,500.0,105000.0,196639.0,-91639.0,164706.0,-59706.0,,,False,True,False,0.0169647336006164,0.0077605098485946,0.45744955572497925,0.941350758075714,0.5747502893209457,0.6105591187878109,0.063302974218914,0.0577473013352713,0.912236779516392,3.3793579062813506,4.302677681131418,1.273223434882069,27.93796716630459,13.264871440827848,0.47479730224704175,48.77938631368659,73.50857621511017,1.5069598404210558,15.033525466918944,0.1092176511883735,137.64739768107466,fourier_concentration_k5,0.3346541511857674,1.0,1.0,17.556285409906923,0.9999999403953552,-5.960464477539063e-08,True
transformer_add113_f0.3_wd0.1_recipe-rT-1layer-lr1e-3_s0,transformer,add,113,0.3,False,softmax_ce,adamw,0.001,0.1,200000,0,120,True,1500.0,37500.0,134454.0,-96954.0,52101.0,-14601.0,45378.0,-7878.0,False,True,False,0.0460824966430664,0.0073490291833877,0.15947549978270198,1.028774619102478,0.56621303409338,0.5503761694542529,0.0463510274642405,0.0598999994374229,1.2923122250878976,0.9004934027606906,4.520929756392783,5.020502918214312,111.96178901195526,12.198981523513794,0.10895665057845037,53.65618088193401,66.24222534974675,1.2345683994078387,15.283698081970217,0.1028793901205062,148.55937680100834,fourier_concentration_k5,0.3516321861084143,1.0,1.0,16.062702589047497,0.9999999403953552,-5.960464477539063e-08,True
transformer_add113_f0.3_wd0.1_recipe-rT-1layer-lr1e-3_s1,transformer,add,113,0.3,False,softmax_ce,adamw,0.001,0.1,200000,1,120,True,1000.0,31000.0,181513.0,-150513.0,55462.0,-24462.0,45378.0,-14378.0,False,True,False,0.0965217351913452,0.0107727795839309,0.11160988312709966,2.295380115509033,0.9390302821993828,0.40909576407615583,0.0551696445976868,0.0843698919486529,1.529281048734369,1.316798671301904,7.601678701648007,5.772848095398147,180.5616309642792,12.572491817176342,0.0696299194354507,53.89594191722373,55.29470318792391,1.0259529979613025,15.303062438964844,0.1099016144871711,139.2432905592227,fourier_concentration_k5,0.4108600211621237,1.0,1.0,15.832219806704934,0.9999999403953552,-5.960464477539063e-08,True
transformer_add113_f0.3_wd0.1_recipe-rT-1layer-lr1e-3_s2,transformer,add,113,0.3,False,softmax_ce,adamw,0.001,0.1,200000,2,120,True,1000.0,37500.0,169748.0,-132248.0,169748.0,-132248.0,178151.0,-140651.0,False,True,False,0.0497545599937438,0.0050387308001518,0.10127173872676949,1.3136709332466123,0.2573997005820274,0.1959392524168047,0.0479612135031698,0.0419914212868381,0.8755287495814269,1.393163997442284,2.408574954953349,1.7288524246788335,112.34292376041412,12.225066125392914,0.10881919142023093,60.9674844710357,80.11971208895389,1.314138393343373,15.033525466918944,0.118293173611164,127.08700771132362,fourier_concentration_k5,0.3129643810555579,1.0,1.0,15.897779467300383,0.9999999403953552,-5.960464477539063e-08,True
transformer_add113_f0.3_wd0.1_recipe-rT-1layer_s0,transformer,add,113,0.3,False,softmax_ce,adamw,0.003,0.1,200000,0,120,True,1000.0,11500.0,173109.0,-161609.0,15126.0,-3626.0,10084.0,1416.0,False,True,False,0.0883373022079467,0.0421874821186065,0.4775726795379922,1.831761121749878,3.770888894796372,2.0586138934939555,0.0637172857837985,0.1039302113767709,1.6311148552281463,1.138761819620271,9.33382742017586,8.196470288482537,142.3620309829712,41.40122777223587,0.2908165013267346,46.54196726090687,36.218962743881946,0.7782000821074923,15.283698081970217,0.3588004410266876,42.59665355548828,fourier_concentration_k5,0.5374775558568313,1.0,1.0,21.935208426429845,0.9999999403953552,-5.960464477539063e-08,True
transformer_add113_f0.3_wd0.1_recipe-rT-1layer_s1,transformer,add,113,0.3,False,softmax_ce,adamw,0.003,0.1,200000,1,120,True,1000.0,9500.0,95798.0,-86298.0,11765.0,-2265.0,11765.0,-2265.0,False,True,False,0.1114163398742675,0.0438799560070037,0.3938377086926559,3.811469793319702,4.058838665485382,1.064901176076284,0.0535943551754126,0.1128658285222989,2.1059275394375523,1.9256673724210125,10.420179804496842,5.411204423844108,221.94121706485748,38.98607876896858,0.17565947994948478,52.89311552189292,40.33081680149252,0.7624965253710426,15.303062438964844,0.4253564774990082,35.977029264825354,fourier_concentration_k5,0.6564702865573905,1.0,1.0,23.980116324934485,0.9999999403953552,-5.960464477539063e-08,True
transformer_add113_f0.3_wd0.1_recipe-rT-1layer_s2,transformer,add,113,0.3,False,softmax_ce,adamw,0.003,0.1,200000,2,120,True,1000.0,10500.0,137815.0,-127315.0,13445.0,-2945.0,13445.0,-2945.0,False,True,False,0.10206866264343256,0.0347069054841995,0.3400348802986169,2.994899272918701,2.24808269739151,0.75063716423445,0.057307570199461755,0.08985680719187344,1.5679744731651073,1.793379527165394,5.923220978148247,3.30282624978465,181.64025151729584,39.458768740296364,0.21723581866180738,46.63133052379151,39.873753918421635,0.8550850569892675,15.033525466918944,0.3358983397483825,44.75617675925514,fourier_concentration_k5,0.6350171730997662,1.0,1.0,20.50853244691952,0.9999999403953552,-5.960464477539063e-08,True
transformer_add113_f0.3_wd0.1_recipe-rT-eps1e-8_s0,transformer,add,113,0.3,False,softmax_ce,adamw,0.003,0.1,200000,0,120,True,500.0,13500.0,16807.0,-3307.0,16807.0,-3307.0,13445.0,55.0,False,True,False,0.0243685841560363,0.062907800078392,2.581512314198575,0.2086774706840515,3.8382127583026886,18.39303852840895,0.0321521780264155,0.11382017358593965,3.540045513943957,0.2713292262912209,6.898635834237642,25.425332643057235,86.75798684358597,50.39681726694107,0.5808896575458853,35.87357889285298,23.80121698305483,0.6634748390770873,15.283698081970217,0.5165690183639526,29.586942961418508,fourier_concentration_k5,0.7576749333588046,1.0,1.0,35.70403286280234,0.9999999403953552,-5.960464477539063e-08,True
transformer_add113_f0.3_wd0.1_recipe-rT-eps1e-8_s1,transformer,add,113,0.3,False,softmax_ce,adamw,0.003,0.1,200000,1,120,True,500.0,12500.0,129412.0,-116912.0,15126.0,-2626.0,13445.0,-945.0,False,True,False,0.0778553485870361,0.055296778678894,0.7102502227843291,0.742938756942749,2.866954028606415,3.85893722977134,0.0590518947358056,0.0949613975303371,1.6081007722984728,0.549782331819203,4.994681282079812,9.084834111624968,136.54182350635529,53.313708782196045,0.3904569853625441,42.68157795428475,33.10611990754157,0.7756536073479,15.303062438964844,0.4859205782413482,31.492929347322438,fourier_concentration_k5,0.7412350816383012,1.0,1.0,35.15986896823696,0.9999999403953552,-5.960464477539063e-08,True
transformer_add113_f0.3_wd0.1_recipe-rT-eps1e-8_s2,transformer,add,113,0.3,False,softmax_ce,adamw,0.003,0.1,200000,2,120,True,500.0,13500.0,16807.0,-3307.0,16807.0,-3307.0,15126.0,-1626.0,False,True,False,0.0471376180648803,0.11526139080524439,2.4452103338484013,1.106479525566101,4.917492613196373,4.444268962573409,0.0472311134641921,0.2241251593362723,4.745286377933712,1.1085991112658569,9.801579521636372,8.841410228485943,96.27514630556108,49.82977667450905,0.5175767431851803,49.82229223060996,13.448447403041579,0.26992831523675026,15.033525466918944,0.5535071492195129,27.160490136608633,fourier_concentration_k5,0.8244505212359561,1.0,1.0,36.15260891809333,0.9999999403953552,-5.960464477539063e-08,True
transformer_add113_f0.3_wd0.1_recipe-rT-fullbatch_s0,transformer,add,113,0.3,False,softmax_ce,adamw,0.003,0.1,200000,0,120,True,500.0,14500.0,15126.0,-626.0,15126.0,-626.0,15126.0,-626.0,False,True,False,0.0384906530380249,0.0685395896434784,1.7806813923309681,0.3900243639945984,2.9334946274757385,7.521311226383708,0.0337158074783857,0.1095983877387277,3.2506529113677103,0.4295496987943898,4.730584160037092,11.012891344853335,88.16223531961441,55.374621987342834,0.6280991150756705,50.213027530850816,24.80096916741408,0.4939150333481963,15.283698081970217,0.5784358978271484,26.422457768237233,fourier_concentration_k5,0.8624115132589715,1.0,1.0,32.79415962000129,0.9999999403953552,-5.960464477539063e-08,True
transformer_add113_f0.3_wd0.1_recipe-rT-fullbatch_s1,transformer,add,113,0.3,False,softmax_ce,adamw,0.003,0.1,200000,1,120,True,500.0,12500.0,15126.0,-2626.0,15126.0,-2626.0,13445.0,-945.0,False,True,False,0.0442844629287719,0.1136166453361511,2.5656096477650543,0.7407211065292358,8.007837802171707,10.810867587793844,0.0340983481964687,0.1765917914232262,5.178895775412206,0.3495725378238287,13.55750337700208,38.78309051792434,120.12208086252213,55.653585344552994,0.4633085353245559,48.80083861215486,24.70816213107817,0.5063060970621125,15.303062438964844,0.6284337043762207,24.351116645079635,fourier_concentration_k5,0.8568867142520125,1.0,1.0,37.99558937444936,0.9999999403953552,-5.960464477539063e-08,True
transformer_add113_f0.3_wd0.1_recipe-rT-fullbatch_s2,transformer,add,113,0.3,False,softmax_ce,adamw,0.003,0.1,200000,2,120,True,500.0,13500.0,15126.0,-1626.0,15126.0,-1626.0,15126.0,-1626.0,False,True,False,0.0421117544174194,0.1710904240608215,4.062771224512329,0.7630692720413208,12.66808308660984,16.601485016846354,0.0382172523870334,0.27150491175464625,7.104249908001346,0.7729945392160001,20.515111377738783,26.539788235174306,97.94217497110368,56.91275641322136,0.581085282515041,49.824903051753566,18.797529174402968,0.3772717661864351,15.033525466918944,0.5920202136039734,25.393601639716117,fourier_concentration_k5,0.8862336851366387,1.0,1.0,37.952077982272,0.9999999403953552,-5.960464477539063e-08,True
transformer_add113_f0.3_wd0.1_recipe-rT-lr1e-3_s0,transformer,add,113,0.3,False,softmax_ce,adamw,0.001,0.1,200000,0,120,True,500.0,188000.0,48739.0,139261.0,132773.0,55227.0,198319.0,-10319.0,False,True,True,0.0,0.00874926894903175,,0.0,0.04639585316181175,,0.0,0.038829319634424056,,0.0,0.20304829093730994,,20.068718135356903,20.430397890508175,1.0180220656203283,37.21505448733345,36.35931442365485,0.9770055404871204,15.283698081970217,0.179383784532547,85.2011129199762,fourier_concentration_k5,0.3322153338796655,1.0,1.0,20.0483777458316,0.9999999403953552,-5.960464477539063e-08,True
transformer_add113_f0.3_wd0.1_recipe-rT-lr1e-3_s1,transformer,add,113,0.3,False,softmax_ce,adamw,0.001,0.1,200000,1,120,True,500.0,65500.0,38655.0,26845.0,63866.0,1634.0,63866.0,1634.0,False,True,False,0.00407703220844265,0.0143416970968246,3.5176805979423107,0.0070916786789894,0.9213258177042007,129.9164639867037,0.01646193980281925,0.0796176877798654,4.836470594202402,0.0241985131107475,4.97723394634881,205.683461771799,27.855125404894352,17.673167064785957,0.6344673308015569,37.91082374900669,47.03079338042761,1.2405637422125357,15.303062438964844,0.1472568809986114,103.92086492113837,fourier_concentration_k5,0.5590184728881232,1.0,1.0,18.29592012728148,0.9999999403953552,-5.960464477539063e-08,True
transformer_add113_f0.3_wd0.1_recipe-rT-lr1e-3_s2,transformer,add,113,0.3,False,softmax_ce,adamw,0.001,0.1,200000,2,120,True,500.0,66500.0,47059.0,19441.0,80672.0,-14172.0,70588.0,-4088.0,False,True,False,0.0033752247691154,0.012569122016429849,3.723936293500253,0.00600086897611615,0.8386695198714733,139.75801224946466,0.010442736849889951,0.08990953396882276,8.609767272817015,0.018013288369743148,6.29832637390394,349.6488950059343,29.074507154524326,14.2408452257514,0.48980521492813545,33.415987889487795,40.9594216871546,1.225743252679352,15.033525466918944,0.1228788793087005,122.34425925346542,fourier_concentration_k5,0.6038027147553584,1.0,1.0,17.06589614644575,0.9999999403953552,-5.960464477539063e-08,True
transformer_add113_f0.3_wd0.1_recipe-rT-relu_s0,transformer,add,113,0.3,False,softmax_ce,adamw,0.003,0.1,200000,0,120,True,500.0,12500.0,65546.0,-53046.0,16807.0,-4307.0,15126.0,-2626.0,False,True,False,0.034037172794342,0.0563225150108337,1.6547354079947614,0.1882219910621643,2.765357568860054,14.692000404706887,0.0279408306778493,0.2212242627953369,7.91759791775687,0.1510406208761275,11.45094355651581,75.81366846940493,120.91909670829772,24.22801372408867,0.20036548720286704,44.46529258614936,22.019863623722465,0.49521463467399973,15.283698081970217,0.3449034392833709,44.31297673843492,fourier_concentration_k5,0.8594623042846693,1.0,1.0,27.66397728752719,0.9999999403953552,-5.960464477539063e-08,True
transformer_add113_f0.3_wd0.1_recipe-rT-relu_s1,transformer,add,113,0.3,False,softmax_ce,adamw,0.003,0.1,200000,1,120,True,500.0,12500.0,13445.0,-945.0,15126.0,-2626.0,13445.0,-945.0,False,True,False,0.0410525798797607,0.0869479179382324,2.11796477085959,0.3378444910049438,2.620397537946701,7.756223966097928,0.0353874214198357,0.2521726584093338,7.126053504084463,0.2421916559412761,7.609442253696277,31.41909337925882,123.69491410255432,31.36316128075123,0.25355255313689223,44.81074368412729,10.57583659819927,0.23601118233494991,15.303062438964844,0.3032881319522857,50.457175295511966,fourier_concentration_k5,0.8338372538930657,1.0,1.0,25.646643260769498,0.9999999403953552,-5.960464477539063e-08,True
transformer_add113_f0.3_wd0.1_recipe-rT-relu_s2,transformer,add,113,0.3,False,softmax_ce,adamw,0.003,0.1,200000,2,120,True,500.0,14000.0,18487.0,-4487.0,16807.0,-2807.0,15126.0,-1126.0,False,True,False,0.0420719385147094,0.0698262006044387,1.6596858397676568,0.4018959999084472,5.1788086742162704,12.885942321884304,0.0492812488443351,0.153861790051005,3.1221162949220083,0.3004259084584199,11.15443992407047,37.12875491101091,78.2050347328186,44.899277567863464,0.5741225960867908,46.78368631191295,27.568806105397126,0.5892824674308966,15.033525466918944,0.4646138846874237,32.35703013273696,fourier_concentration_k5,0.7946753000850444,1.0,1.0,31.91065827439221,0.9999999403953552,-5.960464477539063e-08,True
transformer_add113_f0.3_wd0.1_recipe-rT-wide_s0,transformer,add,113,0.3,False,softmax_ce,adamw,0.003,0.1,200000,0,120,True,500.0,13000.0,16807.0,-3807.0,15126.0,-2126.0,15126.0,-2126.0,False,True,False,0.0566285848617553,0.1144230961799621,2.0205890092309002,1.7602781653404236,6.588045805692673,3.7426163292882735,0.0476254958543737,0.21478073285848842,4.509784706814007,1.1599498613290071,12.765051165517004,11.004830114718498,146.86306011676788,50.740280508995056,0.34549382580379623,46.14432265796613,13.319527947977619,0.28864933280536953,15.283698081970217,0.6145814657211304,24.868465670432823,fourier_concentration_k5,0.8479957112044709,1.0,1.0,40.80062740355833,0.9999999403953552,-5.960464477539063e-08,True
transformer_add113_f0.3_wd0.1_recipe-rT-wide_s1,transformer,add,113,0.3,False,softmax_ce,adamw,0.003,0.1,200000,1,120,True,500.0,13000.0,102521.0,-89521.0,16807.0,-3807.0,15126.0,-2126.0,False,True,False,0.0920667648315429,0.05413268506526945,0.5879720566299632,1.10470449924469,2.800425633788109,2.534999753963906,0.0482591848432415,0.10117177666500815,2.0964253124797,0.7529672013663524,5.3416074602885555,7.094077206278768,141.99525368213654,50.15954381227493,0.3532480312656054,46.30366423854248,25.95047816533752,0.5604411355362396,15.303062438964844,0.5824247002601624,26.274748361683738,fourier_concentration_k5,0.7428938930952538,0.9993287324905396,0.999045193195343,36.23864147664356,0.9999999403953552,0.0006712079048156738,True
transformer_add113_f0.3_wd0.1_recipe-rT-wide_s2,transformer,add,113,0.3,False,softmax_ce,adamw,0.003,0.1,200000,2,120,True,500.0,8000.0,80672.0,-72672.0,11765.0,-3765.0,11765.0,-3765.0,False,True,False,0.13794726133346555,0.12596224248409266,0.9131188344478908,4.622152745723724,9.553573116660118,2.066909866944314,0.050836564495426645,0.2331430158359437,4.586128471701067,1.6890078436782283,17.424947602194933,10.316676543223057,270.80236691236496,51.05708812177181,0.18854003642551073,49.283632947843486,27.606955508937034,0.5601647820515439,15.033525466918944,0.5399305820465088,27.843441299318695,fourier_concentration_k5,0.8776010956857128,0.9910494685173036,0.9893345832824708,37.40808128314537,0.9960845112800598,0.005035042762756348,True
transformer_add113_f0.3_wd0.1_recipe-rT_s0,transformer,add,113,0.3,False,softmax_ce,adamw,0.003,0.1,200000,0,120,True,500.0,13000.0,15126.0,-2126.0,15126.0,-2126.0,15126.0,-2126.0,False,True,False,0.0622092485427856,0.05852763354778285,0.9408188479809292,0.5587669610977173,3.5895911753177643,6.424129243908563,0.0428489072460814,0.11379819265670191,2.65580151211695,0.3848712892229188,6.9466910369240615,18.04938750029887,142.6072214841843,47.03324368596077,0.3298096912376695,43.13189979746793,23.98497200698295,0.5560842930547426,15.283698081970217,0.5741745233535767,26.618558400506593,fourier_concentration_k5,0.775335190842885,1.0,1.0,37.17772797306291,0.9999999403953552,-5.960464477539063e-08,True
transformer_add113_f0.3_wd0.1_recipe-rT_s1,transformer,add,113,0.3,False,softmax_ce,adamw,0.003,0.1,200000,1,120,True,500.0,11000.0,147899.0,-136899.0,13445.0,-2445.0,13445.0,-2445.0,False,True,False,0.0868960618972778,0.07416275143623349,0.8534650456761009,1.3898147940635681,4.846423625946045,3.4871003292287424,0.04724669222229115,0.1491281196510206,3.1563716450114034,0.815086899417667,9.333371448590068,11.450768568674368,180.47000408172607,50.64033526182175,0.28060250521681823,46.97668891853327,26.17316491645525,0.5571521858819087,15.303062438964844,0.5235685706138611,29.228382484881926,fourier_concentration_k5,0.722457622250519,0.999216854572296,0.9988860487937928,33.94976293172692,0.9999999403953552,0.000783085823059082,True
transformer_add113_f0.3_wd0.1_recipe-rT_s2,transformer,add,113,0.3,False,softmax_ce,adamw,0.003,0.1,200000,2,120,True,500.0,14000.0,18487.0,-4487.0,18487.0,-4487.0,15126.0,-1126.0,False,True,False,0.0450061559677124,0.0616294145584106,1.3693552189310234,1.162439227104187,3.967546984553337,3.4131220730025604,0.0451763953008479,0.1223509432422316,2.70829362164571,1.1668362451248937,7.654893415281753,6.560383641890043,94.13947921991348,47.76174123585224,0.5073508121314221,46.011499998791415,27.05601494081426,0.588027231051475,15.033525466918944,0.4002071022987366,37.564364501700155,fourier_concentration_k5,0.7671166191855076,1.0,1.0,28.48128653134393,0.9999999403953552,-5.960464477539063e-08,True
transformer_add113_f0.3_wd0.1_softmax_ce_s0,transformer,add,113,0.3,False,softmax_ce,adamw,0.003,0.1,60000,0,120,False,500.0,13000.0,15126.0,-2126.0,15126.0,-2126.0,13109.0,-109.0,False,True,False,0.0506216287612915,0.0710043907165527,1.4026492717446335,0.3006442785263061,4.605529099702835,15.318864946567928,0.0428510207754598,0.124237411437598,2.899287092566698,0.2628191013135773,7.81990730715666,29.75395345343068,113.21558797359468,51.12634781002998,0.4515839976201352,42.73506956478544,19.544251885771143,0.4573352070046939,15.283698081970217,0.616351842880249,24.797034775703082,fourier_concentration_k5,0.7592647302298183,0.9982098937034608,0.9974481463432312,37.93806073596568,0.9999999403953552,0.0017900466918945312,True
transformer_add113_f0.3_wd0.1_softmax_ce_s1,transformer,add,113,0.3,False,softmax_ce,adamw,0.003,0.1,60000,1,120,False,500.0,12000.0,16134.0,-4134.0,14622.0,-2622.0,11597.0,403.0,False,True,False,0.0513620972633361,0.1048327088356018,2.041051951171681,0.7607485949993134,9.585319519042969,12.599851753984009,0.0346980557518919,0.2001591713940288,5.768599048467296,0.4892301742719876,18.40416745464414,37.6186270236315,140.36267411708832,50.24855864048004,0.3579908900749746,40.82901456126556,22.207951916817283,0.5439257389740173,15.303062438964844,0.5568974614143372,27.479138439776825,fourier_concentration_k5,0.8706815167237938,1.0,1.0,35.38479194419651,0.9999999403953552,-5.960464477539063e-08,True
transformer_add113_f0.3_wd0.1_softmax_ce_s2,transformer,add,113,0.3,False,softmax_ce,adamw,0.003,0.1,60000,2,120,False,500.0,14000.0,16639.0,-2639.0,16639.0,-2639.0,16134.0,-2134.0,False,True,False,0.0535041093826293,0.08980304002761835,1.6784325739430757,1.0395047068595886,7.134380057454109,6.863249401734347,0.049225396670961,0.15272022990973055,3.1024682427764594,0.840607494081478,12.448550190953501,14.808992637587519,111.293114900589,54.05981735885143,0.48574269313191204,44.752845493324685,21.63129866578725,0.48335024124921316,15.033526420593262,0.5806953310966492,25.88883639240269,fourier_concentration_k5,0.827082646401613,1.0,1.0,36.205567687698334,0.9999999403953552,-5.960464477539063e-08,True
transformer_add113_f0.3_wd0.1_softmax_ce_s3,transformer,add,113,0.3,False,softmax_ce,adamw,0.003,0.1,60000,3,120,False,500.0,11500.0,9580.0,1920.0,13613.0,-2113.0,9580.0,1920.0,False,True,False,0.0485206842422485,0.0464015752077102,0.9563256564157616,0.7441801428794861,2.288859397172928,3.0756792143318314,0.0377622308733479,0.08299566026530905,2.197848441308226,0.5856642360737374,3.973235271361192,6.7841521244280765,151.2044620513916,53.016685619950294,0.3506291077701854,50.24059948341629,37.65500163531691,0.7494934778345208,15.013136863708496,0.5423484444618225,27.681718306772638,fourier_concentration_k5,0.6550313774445015,1.0,1.0,30.096957541112328,0.9999999403953552,-5.960464477539063e-08,True
transformer_add113_f0.3_wd0.1_softmax_ce_s4,transformer,add,113,0.3,False,softmax_ce,adamw,0.003,0.1,60000,4,120,False,500.0,10500.0,46891.0,-36391.0,12101.0,-1601.0,12101.0,-1601.0,False,True,False,0.0955601930618286,0.066902220249176,0.7001055366839773,2.1492608785629272,4.186971455812454,1.9480982962905895,0.05279241866651565,0.1255244066426398,2.3776975901703756,1.196175310636948,7.749300083359237,6.478398286980889,181.39086484909058,52.575226187706,0.2898449501933095,46.57789648694115,30.61187710558623,0.6572189689624295,15.075989723205566,0.596986711025238,25.25347624122946,fourier_concentration_k5,0.7531757276599529,1.0,1.0,35.99260416249525,0.9999999403953552,-5.960464477539063e-08,True
transformer_add113_f0.3_wd1.0_dense_s0,transformer,add,113,0.3,False,softmax_ce,adamw,0.001,1.0,50000,0,188,True,200.0,21500.0,14323.0,7177.0,14485.0,7015.0,40093.0,-18593.0,False,True,False,0.0076040104031562,0.0068186409771442,0.8967164187879048,0.2742361724376678,0.4969487860798836,1.8121197567138485,0.0618971711580206,0.06408483107991544,1.0353434556210954,2.324199507347722,4.332586096756534,1.864119703605263,12.084495924413204,10.000164359807968,0.827520189700718,47.51932279542673,54.277958914634006,1.1422292179605247,15.283698081970217,0.0852387845516204,179.3045051306949,fourier_concentration_k5,0.3575664626261698,1.0,1.0,35.136910489582306,0.9999999403953552,-5.960464477539063e-08,True
transformer_add113_f0.3_wd1.0_dense_s1,transformer,add,113,0.3,False,softmax_ce,adamw,0.001,1.0,50000,1,188,True,300.0,22300.0,26768.0,-4468.0,26768.0,-4468.0,27576.0,-5276.0,False,True,False,0.006935566663742,0.0048636421561241,0.7012609627920412,0.2232305258512497,0.2634726911783218,1.1802717848449076,0.0554240793452893,0.0525018512279526,0.9472751166666864,1.864630378593386,2.7354921188766164,1.4670425572172534,11.729079641401768,9.535529039800169,0.8129818648465207,52.214524757872894,57.86992753294514,1.1083109115959067,15.303062438964844,0.0787846818566322,194.23905863848597,fourier_concentration_k5,0.303703822746282,1.0,1.0,34.359938603721496,0.9999999403953552,-5.960464477539063e-08,True
transformer_add113_f0.3_wd1.0_dense_s2,transformer,add,113,0.3,False,softmax_ce,adamw,0.001,1.0,50000,2,188,True,200.0,25000.0,44774.0,-19774.0,35902.0,-10902.0,35902.0,-10902.0,False,True,False,0.00699572265148155,0.007626350969076099,1.0901448426433822,0.2102073915302753,0.6346619985997677,3.019218277623506,0.06186645502763195,0.0906975355151689,1.4660212141565228,1.9520940986500814,7.532957222774815,3.8589109141736717,10.989395000040531,9.665736321359873,0.8795512693213979,45.27453119343238,48.502467740575824,1.0712969623771984,15.033525466918944,0.1237414851784706,121.4913934905202,fourier_concentration_k5,0.3208093339725716,1.0,1.0,28.654686740446497,0.9999999403953552,-5.960464477539063e-08,True
transformer_add113_f0.3_wd1.0_dense_s3,transformer,add,113,0.3,False,softmax_ce,adamw,0.001,1.0,50000,3,188,True,200.0,21100.0,18687.0,2413.0,17556.0,3544.0,25780.0,-4680.0,False,True,False,0.006801888346672,0.00676490738987915,0.9945631338081368,0.2406923547387123,0.41286949440836906,1.715341124384971,0.0543326155351024,0.06491420397398345,1.1947557343718278,1.9916128082302775,3.6287287789377825,1.822005142737672,12.247742727398872,11.447086289525032,0.9346282449187369,53.46398726126319,45.74160956218486,0.8555592634469763,15.013136863708496,0.0849940851330757,176.63743118362115,fourier_concentration_k5,0.2628627684346409,1.0,1.0,36.74690579105803,0.9999999403953552,-5.960464477539063e-08,True
transformer_add113_f0.3_wd1.0_dense_s4,transformer,add,113,0.3,False,softmax_ce,adamw,0.001,1.0,50000,4,188,True,200.0,19100.0,22889.0,-3789.0,26606.0,-7506.0,44774.0,-25674.0,False,True,False,0.0070852562785148,0.00570526346564285,0.8052303602543476,0.219136506319046,0.26363005116581917,1.203040313064013,0.0587767161961921,0.05527075443252205,0.9403511800154433,1.7367145061128182,2.6387166108229927,1.519372701463219,12.088204689323902,9.8330336548388,0.813440366667779,48.73709919181158,52.64488224405325,1.0801808707748906,15.075989723205566,0.1011379659175872,149.06360422049931,fourier_concentration_k5,0.3371581414053516,1.0,1.0,31.002317571763104,0.9999999403953552,-5.960464477539063e-08,True
transformer_add113_f0.3_wd1.0_softmax_ce_s0,transformer,add,113,0.3,False,softmax_ce,adamw,0.001,1.0,60000,0,127,False,200.0,21500.0,33103.0,-11603.0,33103.0,-11603.0,48006.0,-26506.0,False,True,False,0.0070245042443275,0.00984569266438475,1.4016210001346991,0.25648023560643196,0.6713995151221752,2.6177436773429803,0.06194783049087965,0.09734292161092595,1.5713693415826302,2.2678914479209693,6.028072138996348,2.6580073506262507,11.414197966456413,9.82176523283124,0.8604866729747503,47.91593307986042,41.43936102370516,0.8648346877569743,15.283698081970217,0.0911246165633201,167.72304409478613,fourier_concentration_k5,0.3774624287003187,1.0,1.0,31.38175556097348,0.9999999403953552,-5.960464477539063e-08,True
transformer_add113_f0.3_wd1.0_softmax_ce_s1,transformer,add,113,0.3,False,softmax_ce,adamw,0.001,1.0,60000,1,127,False,300.0,27500.0,60000.0,-32500.0,33103.0,-5603.0,,,False,True,False,0.00731024146080015,0.004968985915184,0.6797293826516251,0.23077501356601715,0.3114256933331489,1.349477521508455,0.0576922832412562,0.0556556087890934,0.9646976278673893,1.7604455537021755,3.245256522772608,1.8434290773423296,12.622401922941208,8.918812081217766,0.7065859680008946,48.92644869777,58.47380077903683,1.195136829575411,15.303062438964844,0.1533876657485962,99.76722942017193,fourier_concentration_k5,0.3295196630070622,1.0,1.0,27.928673169058406,0.9999999403953552,-5.960464477539063e-08,True
transformer_add113_f0.3_wd1.0_softmax_ce_s2,transformer,add,113,0.3,False,softmax_ce,adamw,0.001,1.0,60000,2,127,False,200.0,21800.0,44567.0,-22767.0,38410.0,-16610.0,38410.0,-16610.0,False,True,False,0.0074555575847625,0.0074623748660086996,1.0009143891880243,0.2257889807224273,0.6826191134750843,3.0232614155526885,0.0557596386365783,0.08749240562939055,1.569099222461524,1.87944326821162,7.785248479442288,4.142316297128949,11.67153087258339,9.578926768153906,0.8207086861805726,50.35174157571917,48.86440388528992,0.9704610477436498,15.033525466918944,0.0851912945508956,176.4678603156747,fourier_concentration_k5,0.3219422522898848,1.0,1.0,32.53754314238017,0.9999999403953552,-5.960464477539063e-08,True
transformer_add113_f0.3_wd1.0_softmax_ce_s3,transformer,add,113,0.3,False,softmax_ce,adamw,0.001,1.0,60000,3,127,False,200.0,16800.0,41374.0,-24574.0,41374.0,-24574.0,41374.0,-24574.0,False,True,False,0.00708353519439695,0.0059694945812225,0.8427281600780848,0.2920092679560184,0.3501552939414978,1.1991239058694438,0.0555686710122263,0.0609448717316786,1.0967487726720946,2.2394232233130715,3.574870399004937,1.5963353250021957,12.321628328412771,9.404002010822296,0.7632109783036839,47.577325501842154,60.85302600664701,1.279034190442059,15.013136863708496,0.1377265751361847,109.00682637946551,fourier_concentration_k5,0.3527702772080742,1.0,1.0,35.690634206664555,0.9999999403953552,-5.960464477539063e-08,True
transformer_add113_f0.3_wd1.0_softmax_ce_s4,transformer,add,113,0.3,False,softmax_ce,adamw,0.001,1.0,60000,4,127,False,200.0,19100.0,38410.0,-19310.0,30732.0,-11632.0,30732.0,-11632.0,False,True,False,0.0075808316469192,0.00655497610569,0.8646777043721712,0.24576901271939272,0.5090281069278717,2.071164713954625,0.05972420510557615,0.0717154595273874,1.2007771288142552,1.937327394913488,5.426045512512078,2.8007891318516043,12.908682078123093,9.077705144882202,0.7032247823553255,45.48551832502385,53.384831777901184,1.1736665590228426,15.075989723205566,0.0791412070393562,190.4948166346315,fourier_concentration_k5,0.3024614795984436,1.0,1.0,34.708539972482214,0.9999999403953552,-5.960464477539063e-08,True
transformer_add149_f0.3_wd1.0_softmax_ce_s0,transformer,add,149,0.3,False,softmax_ce,adamw,0.001,1.0,60000,0,127,False,300.0,10500.0,7485.0,3015.0,5989.0,4511.0,5161.0,5339.0,False,True,False,0.0075747482478618,0.0066876485943794,0.8828872426574955,0.30577346310019493,0.6590420827269554,2.155327921674493,0.0595800282298651,0.0717460053561658,1.204195558272703,2.617308362299358,6.1208643530144045,2.338610322414246,15.555433448404074,12.86957524716854,0.8273363316975849,49.22614372097733,51.45995550975432,1.0453785655329542,15.283698081970217,0.0893731862306594,171.00988256729687,fourier_concentration_k5,0.3399502150151722,1.0,1.0,36.70156905031497,1.0,5.960464477539063e-08,True
transformer_add149_f0.3_wd1.0_softmax_ce_s1,transformer,add,149,0.3,False,softmax_ce,adamw,0.001,1.0,60000,1,127,False,300.0,9600.0,10077.0,-477.0,12594.0,-2994.0,4791.0,4809.0,False,True,False,0.0084787383675575,0.0086966231465339,1.0256977830345728,0.4651423320174217,1.1524765491485596,2.477685795979958,0.0640356646361221,0.0887874048492957,1.386530542843953,3.438102380839363,12.112542594351993,3.523031385526946,17.54798537492752,11.433524668216704,0.6515576816329509,47.760812377459445,41.6799763912066,0.872681479155018,15.303062438964844,0.0852308273315429,179.54844412617084,fourier_concentration_k5,0.3075373094819161,1.0,1.0,41.80248043178421,1.0,5.960464477539063e-08,True
transformer_add149_f0.3_wd1.0_softmax_ce_s2,transformer,add,149,0.3,False,softmax_ce,adamw,0.001,1.0,60000,2,127,False,300.0,6800.0,12594.0,-5794.0,14613.0,-7813.0,12594.0,-5794.0,False,True,False,0.0112967044115066,0.0087237954139709,0.7722425139392878,0.6515241861343384,0.9209485426545144,1.4135293243965976,0.059511981879210446,0.0854812313675425,1.4363701000756621,3.7760302776800496,9.518484356342812,2.5207648393621627,25.157355837523937,13.787874542176723,0.5480653305229779,51.79675935202188,43.81273826091868,0.845858675504348,15.05375862121582,0.100578486919403,149.67175468924,fourier_concentration_k5,0.4413674081367579,1.0,1.0,35.631565672327085,1.0,5.960464477539063e-08,True
transformer_add149_f0.3_wd1.0_softmax_ce_s3,transformer,add,149,0.3,False,softmax_ce,adamw,0.001,1.0,60000,3,127,False,300.0,9800.0,44567.0,-34767.0,44567.0,-34767.0,,,False,True,False,0.00797471031546585,0.0068135187029838,0.8543907469303205,0.30732007697224617,0.5379630550742149,1.7504975931748121,0.0636824287020818,0.07493037677501216,1.1766256140379059,2.5530016821567925,5.797586134986781,2.270890056793438,16.21840864792466,12.940427046269178,0.7978851271530305,44.18804214769757,51.72809465907224,1.1706355870253813,15.14302921295166,0.1180532649159431,128.272853984461,fourier_concentration_k5,0.3006016247973259,1.0,1.0,34.428117038298254,1.0,5.960464477539063e-08,True
transformer_add149_f0.3_wd1.0_softmax_ce_s4,transformer,add,149,0.3,False,softmax_ce,adamw,0.001,1.0,60000,4,127,False,300.0,9800.0,8062.0,1738.0,12594.0,-2794.0,12594.0,-2794.0,False,True,False,0.007684059441089601,0.0083495266735553,1.086603602896041,0.2705431208014488,0.9731866493821144,3.597159101658824,0.0576275279240479,0.0881104801513765,1.52896512006388,2.075171219470842,11.535772033953833,5.558949510149526,17.367877777665854,11.388421356678009,0.6557174976969783,43.442948155577746,48.23648562044444,1.1103409797995314,15.075989723205566,0.0947600379586219,159.09649307853462,fourier_concentration_k5,0.3682904099865329,1.0,1.0,33.31102037683676,1.0,5.960464477539063e-08,True
transformer_add97_f0.2_wd1.0_softmax_ce_s0,transformer,add,97,0.2,False,softmax_ce,adamw,0.001,1.0,60000,0,127,False,200.0,,13566.0,,5560.0,,5560.0,,False,False,False,0.008906599134206699,0.00662520527839655,0.7438535380975861,0.23347301781177515,0.11202394217252729,0.4798153689127386,0.06819279312658075,0.0632692930115155,0.92780028666774,1.8047109841578888,1.0910986077807836,0.6045835689806643,10.356252435594797,8.88495571911335,0.8579315514341318,39.75865313766343,33.50110953239944,0.8426117810480805,15.283698081970217,0.1265948265790939,120.72924696035085,fourier_concentration_k5,0.1667999926202765,0.20539391040802,0.0023352794814854,31.33960489739283,1.0,0.7946060746908188,True
transformer_add97_f0.2_wd1.0_softmax_ce_s1,transformer,add,97,0.2,False,softmax_ce,adamw,0.001,1.0,60000,1,127,False,200.0,,12594.0,,4791.0,,4791.0,,False,False,False,0.00791835039854045,0.0078516453504562,0.9915758908450748,0.20900971814990038,0.23773558810353274,1.1374379632100664,0.06842695050720604,0.06614198853010364,0.966607280316229,1.8736503474053003,2.105244587531745,1.1236059014144046,8.941927898675203,9.558739431202412,1.068979703204562,36.7519390977117,36.69421033030763,0.9984292320671683,15.303062438964844,0.1124012246727943,136.14675893001024,fourier_concentration_k5,0.1870320207142839,0.2039325088262558,0.0026631157379597,35.57001586347362,1.0,0.7960674911737442,True
transformer_add97_f0.2_wd1.0_softmax_ce_s2,transformer,add,97,0.2,False,softmax_ce,adamw,0.001,1.0,60000,2,127,False,200.0,,55701.0,,4791.0,,,,False,False,False,0.00619311258196825,0.0070343501865863505,1.135834379479461,0.18401293084025377,0.1699734404683113,0.923703783707839,0.0583502030436496,0.0650868395341962,1.115451808891002,1.6306383505642086,1.5720080060352433,0.9640445445744122,9.150657806545496,9.327810041606426,1.0193595082240112,39.173702079824835,41.4385248399466,1.057814876814724,15.033525466918944,0.1104307100176811,136.13536908810892,fourier_concentration_k5,0.1675967653675271,0.2004782855510711,0.0028169013094156,33.72880215772852,1.0,0.7995217144489288,True
transformer_add97_f0.2_wd1.0_softmax_ce_s3,transformer,add,97,0.2,False,softmax_ce,adamw,0.001,1.0,60000,3,127,False,100.0,,7485.0,,6451.0,,6451.0,,False,False,False,0.00718631222844115,0.0065448731184005494,0.9107415473124049,0.20209464430809015,0.18132529407739634,0.8972295861584968,0.06163370556473595,0.059735890744484654,0.9692081661671639,1.862472026335951,1.703978197203369,0.9149013639445701,9.576059132814407,9.129522882401943,0.9533695182726772,41.687312557404,39.92967837707538,0.9578376711641383,15.013136863708496,0.1065136715769767,140.9503272343645,fourier_concentration_k5,0.1546491249771114,0.1958283483982086,0.0013199142413213,33.246742409705945,1.0,0.8041716516017914,True
transformer_add97_f0.2_wd1.0_softmax_ce_s4,transformer,add,97,0.2,False,softmax_ce,adamw,0.001,1.0,60000,4,127,False,200.0,,28530.0,,28530.0,,28530.0,,False,False,False,0.008082203567028,0.00666801258921615,0.8250240833352482,0.16624498367309565,0.08321005851030346,0.5005267327279349,0.06545950815159274,0.05849293148360345,0.8935742588860289,1.4886882372845205,0.7675492644443485,0.5155876463727666,9.732646096497774,9.03127671033144,0.927936413261886,37.995687743773445,37.22015951614106,0.9795890461869722,15.075989723205566,0.1027155891060829,146.7741153451921,fourier_concentration_k5,0.1822473806270427,0.2006111294031143,0.004302498884499,36.352778353146114,1.0,0.7993888705968857,True
transformer_add97_f0.2_wd1.0_traj_s0,transformer,add,97,0.2,False,softmax_ce,adamw,0.001,1.0,60000,0,127,True,200.0,,12594.0,,4130.0,,4130.0,,False,False,False,0.0082398205995559,0.010257683694362599,1.2448916296691526,0.1892880760133266,0.20822478085756302,1.1000417207627131,0.06376919273673151,0.0771521158977226,1.2098650239503883,1.4669640754563669,1.5581276224194585,1.0621443622842168,10.470489885658026,11.85592757165432,1.1323183252288893,34.89481690333019,35.87239232216223,1.0280149175603999,15.283698081970217,0.1112017706036567,137.4411396419585,fourier_concentration_k5,0.1671515637497352,0.20539391040802,0.0023352794814854,33.83664743305991,1.0,0.7946060746908188,True
transformer_add97_f0.2_wd1.0_traj_s1,transformer,add,97,0.2,False,softmax_ce,adamw,0.001,1.0,60000,1,127,True,200.0,,24589.0,,3834.0,,,,False,False,False,0.0070961602032184,0.007437378168106,1.0480848733844599,0.15807015821337694,0.16088120639324185,1.0177835475818928,0.06488033395720169,0.06521607242118585,1.005174733906358,1.4015594587575353,1.4764498568010729,1.0534336217957725,9.156613532453775,9.308479871600866,1.0165854263269747,39.41056691138233,41.58008390458079,1.0550491191379403,15.303062438964844,0.104929894208908,145.84082595659086,fourier_concentration_k5,0.1537261232590407,0.2040653675794601,0.0028295605443418,37.91349950405349,1.0,0.7959346324205399,True
transformer_add97_f0.2_wd1.0_traj_s2,transformer,add,97,0.2,False,softmax_ce,adamw,0.001,1.0,60000,2,127,True,200.0,,18264.0,,18264.0,,,,False,False,False,0.007217191159725101,0.00646634399890895,0.895964074638041,0.1701998375356197,0.15458852425217626,0.9082765676543241,0.0646116879707456,0.05596166935983925,0.8661230052552901,1.5349559120301837,1.342461362103141,0.8745927824907733,9.363363597542048,9.78335152193904,1.0448543859289243,38.7228822373225,41.78700250462626,1.079129447248388,15.033525466918944,0.1075618714094162,139.76630631217222,fourier_concentration_k5,0.1544722628103961,0.1998140066862106,0.0019884009379893,35.38413136993142,1.0,0.8001859933137894,True
transformer_add97_f0.2_wd1.0_traj_s3,transformer,add,97,0.2,False,softmax_ce,adamw,0.001,1.0,60000,3,127,True,100.0,,,,6451.0,,5161.0,,False,False,False,0.00711351260542865,0.0071460418403148495,1.0045728793481543,0.19148090109229085,0.1735514998435974,0.9063645452553425,0.06834743318363175,0.06378400934239416,0.9332319645570762,1.781987957800201,1.5780944423372723,0.8855808679455793,9.051692970097065,9.183399140834808,1.0145504461069155,46.010082474833894,46.40190118524126,1.0085159314943997,15.013136863708496,0.1055327206850051,142.26049291877754,fourier_concentration_k5,0.1421986790023524,0.1967583298683166,0.0024748391006141,37.275169614026126,1.0,0.8032416552305222,True
transformer_add97_f0.2_wd1.0_traj_s4,transformer,add,97,0.2,False,softmax_ce,adamw,0.001,1.0,60000,4,127,True,200.0,,15741.0,,5161.0,,2848.0,,False,False,False,0.0071857832372187996,0.0072695836424827,1.0116619723275058,0.15250526368618006,0.14830123260617256,0.9724335345653485,0.06331169486385095,0.06834990621687559,1.0795778941609302,1.3903870338294766,1.4110397725475088,1.0148539494511462,9.280732076615095,9.042921926826239,0.974375927693455,37.81790249643136,35.01814811045719,0.9259674862655758,15.075989723205566,0.1444424390792846,104.37368559617259,fourier_concentration_k5,0.1770805063361775,0.2000797092914581,0.003640575800091,33.95094286590778,1.0,0.7999202907085419,True
transformer_add97_f0.3_wd0.0_stablemax_ce_s0,transformer,add,97,0.3,False,stablemax_ce,orthograd_adamw,0.001,0.0,40000,0,126,False,300.0,,248.0,,286.0,,161.0,,False,False,False,0.9007482528686525,0.8781518936157227,0.9749137906390979,22.088953971862797,21.904841899871826,0.9916649709974725,0.057751851020866,0.05580776765156225,0.9663372976807039,1.4163761042797027,1.3920824065106594,0.9828479895307201,1350.0402240753174,1362.3785619735718,1.0091392372451016,39.02126992723522,39.61297711722927,1.015163709205196,15.283698081970217,15.758456230163574,0.9698728009102431,fourier_concentration_k5,0.1177473654058578,0.3020042479038238,0.0056240535341203,124.50697309921054,1.0,0.6979957520961761,True
transformer_add97_f0.3_wd0.0_stablemax_ce_s1,transformer,add,97,0.3,False,stablemax_ce,orthograd_adamw,0.001,0.0,40000,1,126,False,400.0,,8279.0,,8279.0,,34663.0,,False,False,False,0.9784431457519532,1.0495996475219727,1.0727242068984337,26.838701248168945,25.14896249771118,0.9370409642838793,0.061953884400196,0.0656811417520893,1.0601618024112385,1.6993954138261052,1.573765560229924,0.9260737950837871,1378.7954778671265,1391.917908191681,1.0095173145946588,44.9812951594372,45.474350823272516,1.0109613487581375,15.303062438964844,16.014297485351562,0.955587496295901,fourier_concentration_k5,0.1194509243147205,0.3061038553714752,0.0058874837122857,126.19782960081572,1.0,0.6938961446285248,True
transformer_add97_f0.3_wd0.0_stablemax_ce_s2,transformer,add,97,0.3,False,stablemax_ce,orthograd_adamw,0.001,0.0,40000,2,126,False,1000.0,,200.0,,200.0,,68.0,,False,False,False,1.086017608642578,1.094123363494873,1.0074637416445085,24.13090229034424,23.319808959960938,0.9663877744551702,0.0697860515897552,0.06955468003312401,0.9966845587139486,1.5506197862170508,1.482466696207219,0.9560478393119821,1353.466004371643,1367.6383986473083,1.0104711859994184,35.50302707896025,35.853705485835334,1.0098774227362404,15.033525466918944,15.757245063781738,0.954070677080077,fourier_concentration_k5,0.1196058821614453,0.3058001697063446,0.0129533680155873,123.01985195651706,1.0,0.6941998302936554,True
transformer_add97_f0.3_wd0.0_stablemax_ce_s3,transformer,add,97,0.3,False,stablemax_ce,orthograd_adamw,0.001,0.0,40000,3,126,False,400.0,,2633.0,,91.0,,37236.0,,False,False,False,1.2202091217041016,1.311129093170166,1.074511794616884,35.13765907287598,34.20572376251221,0.9734775925615613,0.0791220770335216,0.08401399013127925,1.061827410012064,2.278432867358861,2.1918264848762243,0.9619886178243952,1364.9287729263306,1377.8169431686401,1.009442375674064,47.33505649601954,47.25707731078995,0.9983526123976182,15.013136863708496,15.634428977966309,0.9602612851973421,fourier_concentration_k5,0.1216441484247157,0.3009413778781891,0.0047557284124195,123.97290487846756,1.0,0.6990586221218109,True
transformer_add97_f0.3_wd0.0_stablemax_ce_s4,transformer,add,97,0.3,False,stablemax_ce,orthograd_adamw,0.001,0.0,40000,4,126,False,900.0,,381.0,,381.0,,248.0,,False,False,False,0.7932319641113281,0.801025390625,1.0098249022559285,40.5848913192749,41.093801975250244,1.0125394115749091,0.0516130715543669,0.0518105114742726,1.0038253859721895,2.641632666793462,2.6579576793858353,1.0061798950314274,1372.4543600082395,1387.8608751296997,1.0112255209137648,49.37960749715384,48.29926132007012,0.9781216127093357,15.075989723205566,15.478607177734377,0.9739887801333982,fourier_concentration_k5,0.124239150811333,0.2985119819641113,0.0068832007236778,124.17301090879695,1.0,0.7014880180358887,True
transformer_add97_f0.3_wd0.0_stablemax_traj_s0,transformer,add,97,0.3,False,stablemax_ce,orthograd_adamw,0.001,0.0,40000,0,126,True,,,,,11.0,,6.0,,True,False,False,0.0,0.0,,0.0,0.0,,,,,,,,0.0,0.0,,,,,15.283698081970217,0.0,,fourier_concentration_k5,,0.0092620709910988,0.0071382219903171,,0.012752391397953033,0.0034903204068541527,False
transformer_add97_f0.3_wd0.0_stablemax_traj_s1,transformer,add,97,0.3,False,stablemax_ce,orthograd_adamw,0.001,0.0,40000,1,126,True,400.0,,2282.0,,2282.0,,37236.0,,False,False,False,0.923269271850586,0.9389195442199708,1.0169509295354493,27.305235862731934,26.654261589050293,0.9761593609022753,0.0586041396356743,0.059120526384617095,1.008811438102377,1.733188685113663,1.6783331255638063,0.9683499205706738,1377.5559883117676,1390.561222076416,1.0094408023158368,45.04440158063589,45.74120838625237,1.0154693320627002,15.303062438964844,15.905314445495604,0.9621351713231097,fourier_concentration_k5,0.119337600748573,0.3070148825645447,0.0052333190105855,125.68820296520694,1.0,0.6929851174354553,True
transformer_add97_f0.3_wd0.0_stablemax_traj_s2,transformer,add,97,0.3,False,stablemax_ce,orthograd_adamw,0.001,0.0,40000,2,126,True,,,,,73.0,,68.0,,True,False,False,0.0,0.0,,0.0,0.0,,,,,,,,0.0,0.0,,,,,15.033525466918944,0.0,,fourier_concentration_k5,,0.0086547220125794,0.0077720205299556,,0.01416932325810194,0.005514601245522499,False
transformer_add97_f0.3_wd0.0_stablemax_traj_s3,transformer,add,97,0.3,False,stablemax_ce,orthograd_adamw,0.001,0.0,40000,3,126,True,400.0,,2633.0,,91.0,,37236.0,,False,False,False,1.2202091217041016,1.311129093170166,1.074511794616884,35.13765907287598,34.20572376251221,0.9734775925615613,0.0791220770335216,0.08401399013127925,1.061827410012064,2.278432867358861,2.1918264848762243,0.9619886178243952,1364.9287729263306,1377.8169431686401,1.009442375674064,47.33505649601953,47.257077310789924,0.9983526123976177,15.013136863708496,15.634428977966309,0.9602612851973421,fourier_concentration_k5,0.1216441484247157,0.3009413778781891,0.0047557284124195,123.97290487846756,1.0,0.6990586221218109,True
transformer_add97_f0.3_wd0.0_stablemax_traj_s4,transformer,add,97,0.3,False,stablemax_ce,orthograd_adamw,0.001,0.0,40000,4,126,True,,,,,16.0,,12.0,,True,False,False,0.0,0.0,,0.0,0.0,,,,,,,,0.0,0.0,,,,,15.075989723205566,0.0,,fourier_concentration_k5,,0.011235955171287,0.0120456013828516,,0.008147360756993294,-0.003088594414293766,False
transformer_add97_f0.3_wd0.1_softmax_ce_s0,transformer,add,97,0.3,False,softmax_ce,adamw,0.001,0.1,150000,0,130,False,200.0,,,,38154.0,,35202.0,,False,False,False,0.0180302038788795,0.0091121047735214,0.5053800187026881,0.6699266582727432,0.2444802224636078,0.3649358022174332,0.06664300377046675,0.0622330285056341,0.9338268833136396,2.5699295138067346,1.7510949953711243,0.6813786082316696,23.349612906575203,12.415706746280192,0.5317307312955049,47.08036531332379,41.584777919458446,0.8832722015368456,15.283698081970217,0.1396156251430511,109.46982521698727,fourier_concentration_k5,0.2137624740981844,0.8733677268028259,0.8195976614952087,20.909025944329294,1.0,0.12663227319717407,True
transformer_add97_f0.3_wd0.1_softmax_ce_s1,transformer,add,97,0.3,False,softmax_ce,adamw,0.001,0.1,150000,1,130,False,200.0,142200.0,108692.0,33508.0,38154.0,104046.0,38154.0,104046.0,False,True,True,0.0139635801315307,0.0151913911104202,1.087929525760877,0.6454234048724174,0.7885687351226807,1.2217851555577832,0.0653185516734157,0.0622675564419729,0.9532905253824766,2.959244061013307,3.232241725969785,1.0922525007494643,18.8299300968647,22.04030765593052,1.1704933338865855,46.70570153352813,58.92580917731436,1.2616405972408726,15.303062438964844,0.2439696043729782,62.72528284125788,fourier_concentration_k5,0.2581367688012379,0.991193413734436,0.9873527884483336,26.757705818573093,1.0,0.008806586265563965,True
transformer_add97_f0.3_wd0.1_softmax_ce_s2,transformer,add,97,0.3,False,softmax_ce,adamw,0.001,0.1,150000,2,130,False,200.0,137000.0,127686.0,9314.0,29965.0,107035.0,29965.0,107035.0,False,True,True,0.0176129341125488,0.0120053514838218,0.681621324823345,0.7484494298696518,0.6408910825848579,0.8562917640226863,0.0686695791926787,0.05661314207377925,0.8244282656069507,2.996854196319176,3.112841129835399,1.0387028950753365,22.868156239390373,18.711642920970917,0.8182401206766348,48.33219349941975,59.274718929286415,1.2264024170555807,15.033525466918944,0.1775088310241699,84.69170452072863,fourier_concentration_k5,0.2528834351169893,1.0,1.0,22.17627237911111,1.0,0.0,True
transformer_add97_f0.3_wd0.1_softmax_ce_s3,transformer,add,97,0.3,False,softmax_ce,adamw,0.001,0.1,150000,3,130,False,200.0,,92523.0,,41354.0,,32478.0,,False,False,False,0.0139381512999534,0.0149354934692382,1.071554838788996,0.5065900087356567,0.6865369081497192,1.3552120971812542,0.05773992126809855,0.0575844171662122,0.9973068182555306,2.3281680806828424,2.65191981762422,1.1390585755502765,20.892996184527874,22.927339613437653,1.0973696357833203,53.79408421102856,56.29282517469866,1.0464501069275165,15.013136863708496,0.2511290907859802,59.782547759483364,fourier_concentration_k5,0.2065423832306345,0.3584876954555511,0.0866839587688446,27.80725816269141,1.0,0.6415123045444489,True
transformer_add97_f0.3_wd0.1_softmax_ce_s4,transformer,add,97,0.3,False,softmax_ce,adamw,0.001,0.1,150000,4,130,False,200.0,140100.0,108692.0,31408.0,127686.0,12414.0,,,False,True,True,0.0157110840082168,0.0147194564342498,0.9368835674579562,0.5911797285079956,0.9833199381828308,1.6633180922230009,0.0626544071531893,0.0539655005316208,0.8613201047402105,2.265568116906828,3.605116322317729,1.5912637079479128,22.06489285826683,24.84980773925781,1.1262147475122493,49.43541251259779,60.56108637417916,1.2250547390243012,15.075989723205566,0.2727567851543426,55.27264780846659,fourier_concentration_k5,0.2732094975310092,1.0,1.0,26.458437893373205,1.0,0.0,True
transformer_add97_f0.3_wd0.1_traj_s0,transformer,add,97,0.3,False,softmax_ce,adamw,0.001,0.1,150000,0,130,True,200.0,,,,38154.0,,35202.0,,False,False,False,0.0180302038788795,0.0091121047735214,0.5053800187026881,0.6699266582727432,0.2444802224636078,0.3649358022174332,0.06664300377046675,0.0622330285056341,0.9338268833136396,2.5699295138067346,1.7510949953711243,0.6813786082316696,23.349612906575203,12.415706746280192,0.5317307312955049,47.080365313323746,41.58477791945845,0.8832722015368466,15.283698081970217,0.1396156251430511,109.46982521698727,fourier_concentration_k5,0.2137624740981844,0.8733677268028259,0.8195976614952087,20.909025944329294,1.0,0.12663227319717407,True
transformer_add97_f0.3_wd0.1_traj_s1,transformer,add,97,0.3,False,softmax_ce,adamw,0.001,0.1,150000,1,130,True,200.0,142200.0,108692.0,33508.0,38154.0,104046.0,38154.0,104046.0,False,True,True,0.0139635801315307,0.0151913911104202,1.087929525760877,0.6454234048724174,0.7885687351226807,1.2217851555577832,0.0653185516734157,0.0622675564419729,0.9532905253824766,2.959244061013307,3.232241725969785,1.0922525007494643,18.8299300968647,22.04030765593052,1.1704933338865855,46.70570153352814,58.92580917731431,1.2616405972408709,15.303062438964844,0.2439696043729782,62.72528284125788,fourier_concentration_k5,0.2581367688012379,0.991193413734436,0.9873527884483336,26.757705818573093,1.0,0.008806586265563965,True
transformer_add97_f0.3_wd0.1_traj_s2,transformer,add,97,0.3,False,softmax_ce,adamw,0.001,0.1,150000,2,130,True,200.0,137000.0,127686.0,9314.0,29965.0,107035.0,29965.0,107035.0,False,True,True,0.0176129341125488,0.0120053514838218,0.681621324823345,0.7484494298696518,0.6408910825848579,0.8562917640226863,0.0686695791926787,0.05661314207377925,0.8244282656069507,2.996854196319176,3.112841129835399,1.0387028950753365,22.868156239390373,18.711642920970917,0.8182401206766348,48.3321934994198,59.27471892928642,1.2264024170555796,15.033525466918944,0.1775088310241699,84.69170452072863,fourier_concentration_k5,0.2528834351169893,1.0,1.0,22.17627237911111,1.0,0.0,True
transformer_add97_f0.3_wd0.1_traj_s3,transformer,add,97,0.3,False,softmax_ce,adamw,0.001,0.1,150000,3,130,True,200.0,,92523.0,,41354.0,,32478.0,,False,False,False,0.0139381512999534,0.0149354934692382,1.071554838788996,0.5065900087356567,0.6865369081497192,1.3552120971812542,0.05773992126809855,0.0575844171662122,0.9973068182555306,2.3281680806828424,2.65191981762422,1.1390585755502765,20.892996184527874,22.927339613437653,1.0973696357833203,53.794084211028576,56.2928251746987,1.046450106927517,15.013136863708496,0.2511290907859802,59.782547759483364,fourier_concentration_k5,0.2065423832306345,0.3584876954555511,0.0866839587688446,27.80725816269141,1.0,0.6415123045444489,True
transformer_add97_f0.3_wd0.1_traj_s4,transformer,add,97,0.3,False,softmax_ce,adamw,0.001,0.1,150000,4,130,True,200.0,140100.0,108692.0,31408.0,127686.0,12414.0,,,False,True,True,0.0157110840082168,0.0147194564342498,0.9368835674579562,0.5911797285079956,0.9833199381828308,1.6633180922230009,0.0626544071531893,0.0539655005316208,0.8613201047402105,2.265568116906828,3.605116322317729,1.5912637079479128,22.06489285826683,24.84980773925781,1.1262147475122493,49.43541251259778,60.56108637417916,1.2250547390243016,15.075989723205566,0.2727567851543426,55.27264780846659,fourier_concentration_k5,0.2732094975310092,1.0,1.0,26.458437893373205,1.0,0.0,True
transformer_add97_f0.3_wd0.3_softmax_ce_s0,transformer,add,97,0.3,False,softmax_ce,adamw,0.001,0.3,60000,0,127,False,200.0,55400.0,55701.0,-301.0,14613.0,40787.0,14613.0,40787.0,False,True,True,0.01077508926391595,0.01205104589462275,1.1184172677789108,0.3629361018538475,0.44060876965522766,1.214011963551255,0.06369360762961951,0.0629049346108399,0.9876177053219255,2.207593004806937,2.3652590714582913,1.071419897738416,13.864929527044296,16.5720336958766,1.1952483179630988,42.372300975710324,51.99277343927327,1.227046259986632,15.283698081970217,0.1704523414373397,89.66552147709092,fourier_concentration_k5,0.3991442249293097,0.994837522506714,0.9926454424858092,27.30381119228686,1.0,0.005162477493286133,True
transformer_add97_f0.3_wd0.3_softmax_ce_s1,transformer,add,97,0.3,False,softmax_ce,adamw,0.001,0.3,60000,1,127,False,200.0,41200.0,,,15741.0,25459.0,15741.0,25459.0,False,True,False,0.01201768219470975,0.0065010488033294,0.5409569580889065,0.5063875392079353,0.3737279623746872,0.7380275647367879,0.0640267576177416,0.0463248430771986,0.7235231768844428,2.7685198962096793,3.515622894107886,1.2698564669594932,17.103052720427513,12.92201766371727,0.7555386675668428,49.79433384951318,87.27631844113839,1.7527359378860663,15.303062438964844,0.1063049063086509,143.9544323056283,fourier_concentration_k5,0.3131302829539761,1.0,1.0,20.36693551459507,1.0,0.0,True
transformer_add97_f0.3_wd0.3_softmax_ce_s2,transformer,add,97,0.3,False,softmax_ce,adamw,0.001,0.3,60000,2,127,False,200.0,43800.0,,,14613.0,29187.0,21192.0,22608.0,False,True,False,0.0108691155910491,0.00688270106911655,0.633234692506589,0.31554497778415674,0.44078683480620384,1.3969065136182162,0.0694775061772563,0.05717893209215085,0.8229848081517435,1.993150669523035,3.7964517719074444,1.9047490136889365,13.807768147438765,10.722435008734465,0.7765509164291258,46.20405846262858,60.5330822513699,1.3101247869888122,15.033525466918944,0.1061902642250061,141.5715986454697,fourier_concentration_k5,0.3216230472040032,1.0,1.0,20.71403245619848,1.0,0.0,True
transformer_add97_f0.3_wd0.3_softmax_ce_s3,transformer,add,97,0.3,False,softmax_ce,adamw,0.001,0.3,60000,3,127,False,200.0,56500.0,22827.0,33673.0,13566.0,42934.0,13566.0,42934.0,False,True,True,0.01050408929586405,0.0078291594982147,0.7453439586902033,0.3787985295057297,0.4305815100669861,1.1367032248747764,0.0650570347155049,0.0571080132366471,0.8778145743405158,2.3824886501851092,3.140778340506173,1.3182763075333634,13.994366824626923,12.580301575362682,0.898954681766966,43.76587040343922,64.98529712952396,1.4848395914552008,15.013136863708496,0.1370938867330551,109.50989297532723,fourier_concentration_k5,0.2789160381030834,1.0,1.0,24.368931089377863,1.0,0.0,True
transformer_add97_f0.3_wd0.3_softmax_ce_s4,transformer,add,97,0.3,False,softmax_ce,adamw,0.001,0.3,60000,4,127,False,200.0,42600.0,,,15741.0,26859.0,15741.0,26859.0,False,True,False,0.0087666064500808,0.0058000534772872,0.6616076027039792,0.2028522044420242,0.1999590620398521,0.9857376832057105,0.0576465785789426,0.0486941459436995,0.8447014054271509,1.3338953459204297,1.686631257407042,1.2644404694606781,13.689655989408491,10.589455880224705,0.7735370332474117,41.16773034734776,65.38873315386763,1.5883492386429392,15.075989723205566,0.1185552924871444,127.16420673366682,fourier_concentration_k5,0.3012196237858726,1.0,1.0,20.3260057688957,1.0,0.0,True
transformer_add97_f0.3_wd1.0_dense_s0,transformer,add,97,0.3,False,softmax_ce,adamw,0.001,1.0,50000,0,188,True,200.0,28100.0,25879.0,2221.0,36707.0,-8607.0,38000.0,-9900.0,False,True,False,0.00782259553670875,0.0082724243402481,1.057503778819761,0.2184374257922172,0.3886015564203262,1.7790062989937132,0.06271923800431864,0.0764227755225386,1.2184901786797278,1.7516661986316397,4.001448662672852,2.2843671161769796,10.88911135494709,8.471953444182873,0.7780206453976554,40.47420365215397,37.29748470518206,0.921512502771556,15.283698081970217,0.1141525357961654,133.88837992404567,fourier_concentration_k5,0.3367920320524593,1.0,1.0,29.780053716945176,1.0,0.0,True
transformer_add97_f0.3_wd1.0_dense_s1,transformer,add,97,0.3,False,softmax_ce,adamw,0.001,1.0,50000,1,188,True,200.0,28600.0,35737.0,-7137.0,27333.0,1267.0,27333.0,1267.0,False,True,False,0.0060292854905128,0.0051051974296569,0.8467334044291034,0.1090323328971862,0.1928635686635971,1.7688658358384475,0.0550425716173225,0.0502493477844227,0.9129178798871506,1.0072976645438263,1.6860637242992338,1.6738485391632467,9.321347266435623,8.54689984768629,0.9169167936122316,43.41707863415118,49.39927252324949,1.1377843484013872,15.303062438964844,0.1029428094625473,148.65596265402502,fourier_concentration_k5,0.2942996779708909,1.0,1.0,34.17105479622491,1.0,0.0,True
transformer_add97_f0.3_wd1.0_dense_s2,transformer,add,97,0.3,False,softmax_ce,adamw,0.001,1.0,50000,2,188,True,200.0,33700.0,29111.0,4589.0,29111.0,4589.0,29111.0,4589.0,False,True,False,0.0060059428215026,0.00659447535872455,1.0979916983416615,0.1435602158308029,0.29250977188348765,2.0375406249614003,0.053385089275915,0.05289207871729675,0.9907650138773735,1.3311857951033808,2.3445363673442676,1.7612390216064389,9.33704373985529,10.329304162412882,1.1062713692045927,44.69111616195768,56.127238584070994,1.2558925219202304,15.033525466918944,0.1018460243940353,147.6103319335791,fourier_concentration_k5,0.2604486518228787,1.0,1.0,26.34766354888308,1.0,0.0,True
transformer_add97_f0.3_wd1.0_dense_s3,transformer,add,97,0.3,False,softmax_ce,adamw,0.001,1.0,50000,3,188,True,200.0,33600.0,25071.0,8529.0,25071.0,8529.0,44774.0,-11174.0,False,True,False,0.006557364016771251,0.00955443829298015,1.4570547354918104,0.1483393162488937,0.3137119971215725,2.1148270401570772,0.0562445207922085,0.08165987304950965,1.451872500633376,1.3160210346651091,2.85743876990811,2.171271351020046,9.29498940706253,10.120590724050999,1.08882219019649,44.25866790929244,46.49377029965723,1.0505008961170184,15.013136863708496,0.0838368535041809,179.07562409841395,fourier_concentration_k5,0.2617661786753851,1.0,1.0,32.14620648333023,1.0,0.0,True
transformer_add97_f0.3_wd1.0_dense_s4,transformer,add,97,0.3,False,softmax_ce,adamw,0.001,1.0,50000,4,188,True,200.0,25800.0,27010.0,-1210.0,27010.0,-1210.0,27010.0,-1210.0,False,True,False,0.00667244195938105,0.0045519098639488,0.682195497789095,0.13403544202446935,0.1294610574841499,0.9658718285907966,0.05855933343552155,0.0457325261225589,0.7809604966373811,1.2610246000713523,1.299897689729967,1.0308265910565226,9.238171093165874,8.785734444856644,0.9510253010312907,40.39267001207291,55.4100819972474,1.3717855734886046,15.075989723205566,0.0863651260733604,174.5610804805599,fourier_concentration_k5,0.2593653503571675,1.0,1.0,32.90586090038897,1.0,0.0,True
transformer_add97_f0.3_wd1.0_softmax_ce_s0,transformer,add,97,0.3,False,softmax_ce,adamw,0.001,1.0,40000,0,126,False,200.0,27600.0,22558.0,5042.0,4346.0,23254.0,34663.0,-7063.0,False,True,False,0.007643811404705001,0.0092487633228302,1.209967493067307,0.2110285013914108,0.3464234843850136,1.6415957185919416,0.0584315169018026,0.0706502414472965,1.2091118833356345,1.7201415182479871,2.851828740028895,1.6579035560594824,10.890410207211971,10.20528930425644,0.9370895228077062,41.96702479365621,41.59021163913791,0.9910212087616167,15.283698081970217,0.0986313968896865,154.95773723111867,fourier_concentration_k5,0.2412654871544454,1.0,1.0,28.88087271786605,1.0,0.0,True
transformer_add97_f0.3_wd1.0_softmax_ce_s1,transformer,add,97,0.3,False,softmax_ce,adamw,0.001,1.0,40000,1,126,False,200.0,28600.0,22558.0,6042.0,20999.0,7601.0,,,False,True,False,0.006496638059616051,0.0056448206305503,0.8688833483951094,0.15160239115357393,0.1752326413989067,1.1558699045940193,0.0584840246447039,0.0530458238856271,0.907013910343647,1.3056076924671922,1.2494747247921936,0.9570062523383844,9.725613214075564,9.510285690426826,0.9778597483871659,41.43052190598935,54.691602170074425,1.320079971335529,15.303062438964844,0.0982429459691047,155.76754430569832,fourier_concentration_k5,0.2494681814420685,1.0,1.0,33.89802716789987,1.0,0.0,True
transformer_add97_f0.3_wd1.0_softmax_ce_s2,transformer,add,97,0.3,False,softmax_ce,adamw,0.001,1.0,40000,2,126,False,200.0,30000.0,30039.0,-39.0,27963.0,2037.0,34663.0,-4663.0,False,True,False,0.00619172304868695,0.006760701537132249,1.0918934009113925,0.16284235194325447,0.498566422611475,3.0616508338396513,0.05830260218384255,0.06830874310416976,1.1716242593902648,1.4815433153340396,5.037763885428114,3.400348699418392,9.230590794235468,8.928901668637991,0.9673163795988137,40.872785484299484,67.03133219100438,1.6399991191389003,15.033525466918944,0.0991709530353546,151.5920237406559,fourier_concentration_k5,0.2569721975077983,1.0,1.0,29.69163886520199,1.0,0.0,True
transformer_add97_f0.3_wd1.0_softmax_ce_s3,transformer,add,97,0.3,False,softmax_ce,adamw,0.001,1.0,40000,3,126,False,200.0,34700.0,9553.0,25147.0,4669.0,30031.0,4346.0,30354.0,False,True,True,0.0070372559130191005,0.006394125521183,0.9086106289461077,0.14851240441203115,0.2303797863423824,1.5512494545790216,0.061193352328921105,0.053888460479044345,0.8806260554151021,1.349123733298287,1.9382608838458633,1.4366813332289958,9.336013209074736,10.37527059391141,1.1113170431064194,43.614654329005056,53.970247401986455,1.2374337990819435,15.013136863708496,0.1013566330075264,148.12189807640584,fourier_concentration_k5,0.2556247820354627,1.0,1.0,31.87672805615932,1.0,0.0,True
transformer_add97_f0.3_wd1.0_softmax_ce_s4,transformer,add,97,0.3,False,softmax_ce,adamw,0.001,1.0,40000,4,126,False,200.0,25700.0,34663.0,-8963.0,34663.0,-8963.0,34663.0,-8963.0,False,True,False,0.00725479796528815,0.006154812872409749,0.8483782597197783,0.11397761106491086,0.337092999368906,2.957536977827424,0.0653940586524716,0.07098043878191346,1.0854264170867567,1.0227339409896905,3.8892596904297405,3.8028069027083804,9.22106796875596,7.7866910099983215,0.8444456798694268,41.72452273407779,50.668897326743604,1.214367331405343,15.075989723205566,0.0855465084314346,176.23150260175666,fourier_concentration_k5,0.2811364482142584,1.0,1.0,35.05785240631904,1.0,0.0,True
transformer_add97_f0.3_wd3.0_softmax_ce_s0,transformer,add,97,0.3,False,softmax_ce,adamw,0.001,3.0,120000,0,130,False,200.0,49300.0,102457.0,-53157.0,102457.0,-53157.0,,,False,True,False,0.00622246786952015,0.0020693764090538,0.33256522210268663,0.1849144212901592,0.0153703540563583,0.08312144585110454,0.0558641241460934,0.0184473947015986,0.33021899087428247,1.6229665006225993,0.1446882269570399,0.08915047038958282,10.179946068674326,9.529609888792038,0.9361159503699633,47.92012433815779,86.8270606329359,1.8119122567425672,15.283698081970217,0.1010744124650955,151.2123366262278,fourier_concentration_k5,0.1297840096751687,1.0,1.0,37.53940350850147,1.0,0.0,True
transformer_add97_f0.3_wd3.0_softmax_ce_s1,transformer,add,97,0.3,False,softmax_ce,adamw,0.001,3.0,120000,1,130,False,300.0,63700.0,120000.0,-56300.0,120000.0,-56300.0,120000.0,-56300.0,False,True,False,0.0062523707747459,0.0020671412348747,0.330617186559719,0.1604574024677276,0.015973538160324048,0.09955002333741982,0.0563881807899233,0.0195760385814951,0.3471656348415727,1.4295726840334633,0.1427149015778194,0.09983046204769169,9.922279447317123,10.083964142948389,1.0162951161061065,52.4193977164983,105.55675681969811,2.0136964829429074,15.303062438964844,0.1227514967322349,124.66701300063427,fourier_concentration_k5,0.1396657393637137,1.0,1.0,38.73106754660853,1.0,0.0,True
transformer_add97_f0.3_wd3.0_softmax_ce_s2,transformer,add,97,0.3,False,softmax_ce,adamw,0.001,3.0,120000,2,130,False,200.0,47500.0,74691.0,-27191.0,74691.0,-27191.0,,,False,True,False,0.0065661817789077,0.00224512070417395,0.34192180170610975,0.1962843462824821,0.0266671776771545,0.13585993066801416,0.055946385810773,0.01844973862755275,0.3297753440223136,1.7031476066831803,0.22494984399121254,0.13207888917467017,10.278212070465088,10.256276044994593,0.9978657741910648,48.73205963807784,90.71611999915805,1.8615285434862898,15.033525466918944,0.1153837963938713,130.29147884509598,fourier_concentration_k5,0.1396920850670376,1.0,1.0,39.09624343254231,1.0,0.0,True
transformer_add97_f0.3_wd3.0_softmax_ce_s3,transformer,add,97,0.3,False,softmax_ce,adamw,0.001,3.0,120000,3,130,False,200.0,78000.0,120000.0,-42000.0,120000.0,-42000.0,,,False,True,False,0.0072952695190906,0.0012360289692878,0.16942882864756428,0.20665365830063814,0.0083140134811401,0.04023162981729042,0.058457931927056894,0.011282513018473599,0.19300226071205842,1.7465117461972315,0.07465734094352824,0.04274654385009632,10.261079911142588,9.885717298835516,0.9634188004033121,54.77384119298975,99.66235360125654,1.8195246385972264,15.013136863708496,0.0972735881805419,154.33929337369347,fourier_concentration_k5,0.1167374743626925,1.0,1.0,37.261254476917856,1.0,0.0,True
transformer_add97_f0.3_wd3.0_softmax_ce_s4,transformer,add,97,0.3,False,softmax_ce,adamw,0.001,3.0,120000,4,130,False,200.0,39100.0,94673.0,-55573.0,87479.0,-48379.0,,,False,True,False,0.0048523247241973,0.0017648339271545,0.36370894931118797,0.1163924187421798,0.01698503270745275,0.14592902949354633,0.0459597341049697,0.0160534545413953,0.34929389505887964,1.0969124419449574,0.1573675666624232,0.14346410948114655,9.133801952004433,9.819755759090185,1.0751005781262006,52.27825796610647,101.14663190259401,1.9347743371282635,15.075989723205566,0.1073444336652755,140.44500686655024,fourier_concentration_k5,0.1368791569618209,1.0,1.0,38.26348766924412,1.0,0.0,True
transformer_add97_f0.4_wd0.0_ortho_traj_s0,transformer,add,97,0.4,False,softmax_ce,orthograd_adamw,0.01,0.0,20000,0,124,True,200.0,,15303.0,,15303.0,,15303.0,,False,False,False,0.5466713905334473,0.7505092620849609,1.3728709332174978,2.983708381652832,2.219717502593994,0.7439458615470915,0.030468323459328248,0.06064883343923615,1.9905536817670804,0.1659302617094337,0.18826533284557212,1.134605170304921,1314.202407836914,809.014618396759,0.6155936205659073,31.903905628073467,27.392062512892355,0.8585802262651201,15.283698081970217,11.09940242767334,1.3769838675156487,fourier_concentration_k5,0.2970781986916314,0.8832595348358154,0.8562518358230591,1932.721517077313,0.9896386861801147,0.10637921094894409,False
transformer_add97_f0.4_wd0.0_ortho_traj_s1,transformer,add,97,0.4,False,softmax_ce,orthograd_adamw,0.01,0.0,20000,1,124,True,200.0,,1682.0,,1682.0,,276.0,,False,False,False,1.0700783729553223,1.062192440032959,0.9926305090153499,29.117088317871094,29.407830238342285,1.0099852676647185,0.0686718607239256,0.0681529636325384,0.9924438178037249,1.868577710811844,1.886881042100423,1.009795327848916,1370.149932384491,1369.6995859146118,0.9996713159200793,51.038026597508534,50.792270411057075,0.9951848415223904,15.303062438964844,15.585599899291992,0.9818718905815115,fourier_concentration_k5,0.1301510848571995,0.4148804247379303,0.0371671058237552,239.47773622411228,1.0,0.5851195752620697,True
transformer_add97_f0.4_wd0.0_ortho_traj_s2,transformer,add,97,0.4,False,softmax_ce,orthograd_adamw,0.01,0.0,20000,2,124,True,400.0,,162.0,,162.0,,101.0,,False,False,False,1.0398321151733398,1.0500526428222656,1.0098290171074606,31.424724102020264,31.666107654571533,1.0076813260720323,0.06794399535475401,0.06865842425555596,1.0105149674680114,2.0533327141058946,2.0705105225726372,1.0083658183346202,1354.6560020446775,1354.0584163665771,0.9995588653671498,44.899331238279615,44.68687845579781,0.9952682417171356,15.033525466918944,15.29298210144043,0.983034268084506,fourier_concentration_k5,0.127603294868743,0.4131089448928833,0.0334900133311748,174.56683600847126,1.0,0.5868910551071167,True
transformer_add97_f0.4_wd0.0_ortho_traj_s3,transformer,add,97,0.4,False,softmax_ce,orthograd_adamw,0.01,0.0,20000,3,124,True,200.0,,17495.0,,12520.0,,,,False,False,False,0.5165877342224121,0.288398265838623,0.5582754810714413,1.959547996520996,0.9215333461761475,0.47027852740134374,0.032039862565891405,0.024840240025276898,0.7752917158802363,0.11876850122185625,0.07973950909584576,0.6713860011325273,1153.6314415931702,728.6425104141235,0.6316077077509824,33.502736795896375,28.127864644518297,0.8395691616442383,15.013136863708496,11.067792892456056,1.3564707082603285,fourier_concentration_k5,0.1924866451797481,0.2634189426898956,0.0112912561744451,1021.0402814281238,0.976620614528656,0.7132016718387604,False
transformer_add97_f0.4_wd0.0_ortho_traj_s4,transformer,add,97,0.4,False,softmax_ce,orthograd_adamw,0.01,0.0,20000,4,124,True,200.0,12500.0,20000.0,-7500.0,20000.0,-7500.0,,,False,True,False,1.328669548034668,0.7619113922119141,0.5734393426408491,7.761133193969727,5.052210807800293,0.6509630335587822,0.0842525121951101,0.0598392436659706,0.7102369069707525,0.4979469368155334,0.3967921685776898,0.796856329944014,1232.8385848999023,896.4450430870056,0.727139022145215,26.618980856585967,28.152535836316247,1.0576113333561699,15.075989723205566,12.42268180847168,1.2135857583444225,fourier_concentration_k5,0.3804952824336632,0.9286093711853028,0.9028671979904176,1228.3605558374102,0.9973432421684265,0.06873387098312378,True
transformer_add97_f0.4_wd0.0_softmax_ce_s0,transformer,add,97,0.4,False,softmax_ce,orthograd_adamw,0.01,0.0,20000,0,124,False,200.0,3800.0,3071.0,729.0,3071.0,729.0,7330.0,-3530.0,False,True,False,0.8023443222045898,1.216750144958496,1.5164937437523698,21.28522300720215,20.610593795776367,0.9683052786810121,0.0505810588102603,0.0770171908505493,1.522648846467533,1.3418542225843386,1.304598189274596,0.9722354092697271,1354.1121912002563,1359.3094415664673,1.0038381239013912,40.37779221087345,39.53751868041164,0.9791897108669667,15.283698081970217,15.798032760620115,0.9674431186184153,fourier_concentration_k5,0.1693967085713115,0.9883082509040833,0.9827739596366882,575.0420169528633,1.0,0.011691808700561523,True
transformer_add97_f0.4_wd0.0_softmax_ce_s1,transformer,add,97,0.4,False,softmax_ce,orthograd_adamw,0.01,0.0,20000,1,124,False,200.0,8800.0,6856.0,1944.0,6856.0,1944.0,16362.0,-7562.0,False,True,False,1.206441879272461,1.161097526550293,0.9624148054695244,14.71152114868164,19.45945692062378,1.3227358832548475,0.0769798794082537,0.07629390293778925,0.9910888861383316,0.947119601528393,1.2687936274749798,1.33963400760315,1366.5255432128906,1269.2899794578552,0.9288446789465632,38.30392180042681,28.563326972812995,0.7457024145369554,15.303062438964844,15.44395351409912,0.9908772663032395,fourier_concentration_k5,0.3499231678083568,0.97360497713089,0.9695639610290528,891.4514071587992,0.9997343420982361,0.026129424571990967,True
transformer_add97_f0.4_wd0.0_softmax_ce_s2,transformer,add,97,0.4,False,softmax_ce,orthograd_adamw,0.01,0.0,20000,2,124,False,400.0,,162.0,,162.0,,101.0,,False,False,False,1.0398321151733398,1.0500526428222656,1.0098290171074606,31.424724102020264,31.666107654571533,1.0076813260720323,0.06794399535475401,0.06865842425555596,1.0105149674680114,2.0533327141058946,2.0705105225726372,1.0083658183346202,1354.6560020446775,1354.0584163665771,0.9995588653671498,44.89933123827961,44.68687845579781,0.9952682417171357,15.033525466918944,15.29298210144043,0.983034268084506,fourier_concentration_k5,0.127603294868743,0.4131089448928833,0.0334900133311748,174.56683600847126,1.0,0.5868910551071167,True
transformer_add97_f0.4_wd0.0_softmax_ce_s3,transformer,add,97,0.4,False,softmax_ce,orthograd_adamw,0.01,0.0,20000,3,124,False,200.0,4900.0,1682.0,3218.0,1682.0,3218.0,1682.0,3218.0,False,True,False,0.9480504989624025,0.9371004104614258,0.9884498889954058,26.057344436645508,20.888453483581543,0.8016340089593035,0.061948298969403,0.0612431469878283,0.9886170888740143,1.7028697542310358,1.365248424111453,0.8017339087263065,1341.6365823745728,1339.9629526138306,0.9987525461196205,33.26683967790417,35.30703521009906,1.0613282040599121,15.013136863708496,15.301236152648926,0.9811715023501186,fourier_concentration_k5,0.1758926856496888,0.961736023426056,0.9397799372673036,318.0829023442213,1.0,0.03826397657394409,True
transformer_add97_f0.4_wd0.0_softmax_ce_s4,transformer,add,97,0.4,False,softmax_ce,orthograd_adamw,0.01,0.0,20000,4,124,False,200.0,,2198.0,,2198.0,,1923.0,,False,False,False,0.840817928314209,0.8367209434509277,0.9951273816538433,21.333994388580322,21.424811840057373,1.0042569361284572,0.05260711396779445,0.05236791008419795,0.9954530126145498,1.3347954010506262,1.3409161472855917,1.0045855314081453,1358.3153085708618,1358.1747078895569,0.9998964889224042,39.60110753439123,39.715817302814116,1.0028966303107372,15.075989723205566,15.977022171020508,0.943604481600504,fourier_concentration_k5,0.1534118411956584,0.7371124625205994,0.5737273097038269,398.5713450153387,1.0,0.26288753747940063,True
transformer_add97_f0.4_wd0.0_stablemax_ce_s0,transformer,add,97,0.4,False,stablemax_ce,adamw,0.01,0.0,80000,0,128,False,800.0,,,,7518.0,,9451.0,,True,False,False,0.0,0.0,,0.0,0.0,,,,,,,,0.0,0.0,,,,,15.283698081970217,0.0,,fourier_concentration_k5,,0.0099202832207083,0.0068310066126286,,0.01089266687631607,0.0009723836556077003,False
transformer_add97_f0.4_wd0.0_stablemax_ce_s1,transformer,add,97,0.4,False,stablemax_ce,adamw,0.01,0.0,80000,1,128,False,500.0,,,,62.0,,3.0,,True,False,False,0.0,0.0,,0.0,0.0,,,,,,,,0.0,0.0,,,,,15.303062438964844,0.0,,fourier_concentration_k5,,0.0108060231432318,0.0102429026737809,,0.009564293548464775,-0.0012417295947670937,False
transformer_add97_f0.4_wd0.0_stablemax_ce_s2,transformer,add,97,0.4,False,stablemax_ce,adamw,0.01,0.0,80000,2,128,False,,,,,482.0,,2584.0,,True,False,False,0.0,0.0,,0.0,0.0,,,,,,,,0.0,0.0,,,,,15.033525466918944,0.0,,fourier_concentration_k5,,0.0088573954999446,0.0070505286566913,,0.0124867158010602,0.003629320301115513,False
transformer_add97_f0.4_wd0.0_stablemax_ce_s3,transformer,add,97,0.4,False,stablemax_ce,adamw,0.01,0.0,80000,3,128,False,300.0,38100.0,13840.0,24260.0,225.0,37875.0,122.0,37978.0,False,True,False,1.394245147705078,1.5407533645629883,1.1050806718596529,32.11020088195801,61.94461441040039,1.9291257204561951,0.0719484603811476,0.07111026246562095,0.9883500229040859,1.668629971461311,2.8671404497191255,1.718260188751262,1626.622974395752,1862.3980255126953,1.1449475722575033,38.38139871731631,35.32444435576208,0.9203532319374531,15.013136863708496,21.67044258117676,0.6927932739476723,fourier_concentration_k5,0.3966817508890788,0.9989371299743652,0.99855238199234,941.448595501618,1.0,0.001062929630279541,True
transformer_add97_f0.4_wd0.0_stablemax_ce_s4,transformer,add,97,0.4,False,stablemax_ce,adamw,0.01,0.0,80000,4,128,False,900.0,,,,762.0,,3506.0,,True,False,False,0.0,0.0,,0.0,0.0,,,,,,,,0.0,0.0,,,,,15.075989723205566,0.0,,fourier_concentration_k5,,0.0108060231432318,0.0111176129430532,,0.009564293548464775,-0.0012417295947670937,False
transformer_add97_f0.4_wd1.0_softmax_ce_s0,transformer,add,97,0.4,False,softmax_ce,adamw,0.001,1.0,60000,0,127,False,200.0,11600.0,16955.0,-5355.0,15741.0,-4141.0,,,False,True,False,0.007071394473314251,0.0047009922564029,0.664789989321529,0.21298015862703318,0.4817475378513336,2.261936233670296,0.05906394552253585,0.04916111587137935,0.8323371464004539,1.656956862499598,5.0471142785760055,3.046014288484369,10.37322175130248,9.025206111371517,0.8700485083371804,44.49776810777891,98.89860582027856,2.2225520520654953,15.283698081970217,0.0962872952222824,158.73016317144746,fourier_concentration_k5,0.2347363101139236,1.0,1.0,22.61533820029948,1.0,0.0,True
transformer_add97_f0.4_wd1.0_softmax_ce_s1,transformer,add,97,0.4,False,softmax_ce,adamw,0.001,1.0,60000,1,127,False,300.0,9400.0,18264.0,-8864.0,13566.0,-4166.0,,,False,True,False,0.0078627653419971,0.0058174952864646,0.7398790417147293,0.1691608056426048,0.349135048687458,2.063924012191657,0.06381587551715609,0.0647895202908223,1.0152570934078067,1.4246439469598953,3.747280542048367,2.6303277742097166,9.922950681298971,8.06949508190155,0.8132152764912469,44.05294443565427,68.61094256576621,1.5574655325476023,15.303062438964844,0.0864152684807777,177.08748358941767,fourier_concentration_k5,0.2743482655321146,1.0,1.0,22.937676196410845,1.0,0.0,True
transformer_add97_f0.4_wd1.0_softmax_ce_s2,transformer,add,97,0.4,False,softmax_ce,adamw,0.001,1.0,60000,2,127,False,300.0,4900.0,21192.0,-16292.0,9355.0,-4455.0,9355.0,-4455.0,False,True,False,0.0366900265216827,0.00771753862500185,0.21034431851503343,1.152156263589859,0.4800152368843555,0.416623380051536,0.05601962288499345,0.0757301396986205,1.3518502231636247,1.731853536437112,4.5201770242949735,2.610022689097712,58.42628435790539,8.845229983329773,0.15139128014963296,52.539899941243,42.65763897168131,0.8119094063632909,15.033525466918944,0.0766727551817894,196.0738913226059,fourier_concentration_k5,0.3320738657899126,1.0,1.0,34.55351751687699,1.0,0.0,True
transformer_add97_f0.4_wd1.0_softmax_ce_s3,transformer,add,97,0.4,False,softmax_ce,adamw,0.001,1.0,60000,3,127,False,200.0,8800.0,18264.0,-9464.0,22827.0,-14027.0,22827.0,-14027.0,False,True,False,0.00759280845522875,0.0070107094943522505,0.9233354872167703,0.2700990103185177,0.3781848922371864,1.4001713363970014,0.0545307540761227,0.06872681611202935,1.2603312988499946,1.9912917497640459,3.4951529179877774,1.7552189017013347,11.30306476354599,8.18477040156722,0.7241195704694432,47.62192944735346,51.429981185418725,1.0799642471915194,15.013136863708496,0.0924319848418235,162.4236122312,fourier_concentration_k5,0.3030454502706953,1.0,1.0,28.408415709538044,1.0,0.0,True
transformer_add97_f0.4_wd1.0_softmax_ce_s4,transformer,add,97,0.4,False,softmax_ce,adamw,0.001,1.0,60000,4,127,False,200.0,6100.0,10854.0,-4754.0,8685.0,-2585.0,60000.0,-53900.0,False,True,False,0.01563097536563865,0.0072040036320686,0.46087998116259965,0.6215646639466286,0.4293809831142425,0.6908066175896895,0.05551521121941305,0.0763362237602339,1.375050586739729,1.9264282947262275,4.709959919224711,2.4449183663459753,27.14044825732708,8.381141617894173,0.3088063077820214,43.93868131893264,54.12887615614631,1.2319185403687307,15.075989723205566,0.1285904049873352,117.24039382790957,fourier_concentration_k5,0.3740981363532329,0.998405694961548,0.9973669052124025,35.200487121276865,1.0,0.0015943646430969238,True
transformer_add97_f0.5_wd1.0_softmax_ce_s0,transformer,add,97,0.5,False,softmax_ce,adamw,0.001,1.0,60000,0,127,False,200.0,2900.0,12594.0,-9694.0,11692.0,-8792.0,,,False,True,False,0.1351400017738342,0.0055780336260795,0.04127596235653978,3.2415391206741333,0.2464241608977317,0.07602072710647514,0.05722560336096795,0.0575048286291545,1.0048793765690027,1.3708767475439694,2.36117060489176,1.7223799361408512,200.11058896780014,8.144462339580059,0.04069980694969914,44.39394089796352,58.55938094776756,1.319084986898603,15.283698081970217,0.0832869336009025,183.50655284305728,fourier_concentration_k5,0.2761265699898355,1.0,1.0,34.76145490510633,1.0,0.0,True
transformer_add97_f0.5_wd1.0_softmax_ce_s1,transformer,add,97,0.5,False,softmax_ce,adamw,0.001,1.0,60000,1,127,False,300.0,3500.0,13566.0,-10066.0,10854.0,-7354.0,12594.0,-9094.0,False,True,False,0.06873804330825806,0.0059771239757537495,0.08695510794436113,1.722329020500183,0.2913453169167042,0.16915775873769712,0.04836987793212045,0.0646163339743819,1.3358796163401696,1.1776082945793664,2.7345711039306,2.3221398121243446,128.34980595111847,8.0062760040164,0.062378559474141775,62.06289635699537,52.58084396461805,0.8472186612459224,15.303062438964844,0.084837332367897,180.38123090201762,fourier_concentration_k5,0.3385984368254454,1.0,1.0,35.16170279836352,1.0,0.0,True
transformer_add97_f0.5_wd1.0_softmax_ce_s2,transformer,add,97,0.5,False,softmax_ce,adamw,0.001,1.0,60000,2,127,False,300.0,2400.0,19673.0,-17273.0,19673.0,-17273.0,19673.0,-17273.0,False,True,False,0.1531418561935424,0.0104014575481414,0.06792040926417871,3.478287696838379,0.8647801429033279,0.2486223734998625,0.053076133976432696,0.0811503813969683,1.5289429601824684,1.1942048014264905,5.808609077269757,4.863997423499982,259.1289076805115,8.815204590559006,0.03401860745474048,46.141956643361084,49.23374126833289,1.067005928007534,15.033525466918944,0.1403299123048782,107.1298714578926,fourier_concentration_k5,0.3944003011245671,0.999574899673462,0.9991610646247864,32.752148046979734,1.0,0.00042510032653808594,True
transformer_add97_f0.5_wd1.0_softmax_ce_s3,transformer,add,97,0.5,False,softmax_ce,adamw,0.001,1.0,60000,3,127,False,300.0,3000.0,41374.0,-38374.0,5560.0,-2560.0,3067.0,-67.0,False,True,False,0.0940046310424804,0.007511936128139451,0.07991027723671221,2.7635825872421265,0.41378119960427284,0.14972637384330867,0.046587800395943346,0.073397382527653,1.575463574237433,1.4203849006768918,3.620506429754193,2.548961501934315,174.78922426700592,8.538977522403002,0.04885299742139116,47.65861725697334,45.24471012442257,0.9493500384298796,15.013136863708496,0.0847205519676208,177.20773194969672,fourier_concentration_k5,0.3139450891980139,1.0,1.0,31.68799664853613,1.0,0.0,True
transformer_add97_f0.5_wd1.0_softmax_ce_s4,transformer,add,97,0.5,False,softmax_ce,adamw,0.001,1.0,60000,4,127,False,300.0,3600.0,13566.0,-9966.0,12594.0,-8994.0,6949.0,-3349.0,False,True,False,0.07512575387954709,0.0070395022630691,0.09370291677013835,2.64553302526474,0.396127987653017,0.1497346598473766,0.04961374666161175,0.0663751015685971,1.3378369108325037,1.8388963591718852,3.438305886612156,1.8697659982102182,127.96794432401657,8.337387964129448,0.06515215984886863,60.054240400603845,50.45568038392662,0.8401684884756162,15.075989723205566,0.078995794057846,190.84547352186775,fourier_concentration_k5,0.3236254899966057,1.0,1.0,34.02483731597251,1.0,0.0,True
transformer_add97_permuted_dense_s0,transformer,add,97,0.3,True,softmax_ce,adamw,0.001,1.0,40000,0,163,True,200.0,,9430.0,,3796.0,,3411.0,,False,False,False,0.0060032680630683,0.0062189623713493,1.0359294814116227,0.1145343035459518,0.1072294265031814,0.9362210550323061,0.055348101206095,0.0555772138050977,1.0041394843546587,1.0571662548500569,0.934513324448212,0.883979525605231,8.923764914274216,9.433137468993664,1.0570804542267433,43.19605941114826,46.42533322331571,1.0747585278886347,15.283698081970217,0.1128906160593032,135.38501795349802,fourier_concentration_k5,0.1288687752189292,0.009110233746469,0.0074570081196725,40.99343917747738,1.0,0.990889766253531,True
transformer_add97_permuted_dense_s1,transformer,add,97,0.3,True,softmax_ce,adamw,0.001,1.0,40000,1,163,True,200.0,,16104.0,,8031.0,,16104.0,,False,False,False,0.0090028867125511,0.0108127444982528,1.2010308297202654,0.1963598951697349,0.1496663391590118,0.7622042119631361,0.070974051687606,0.0747901101519732,1.05376695247953,1.5367041036223998,1.2051181602613072,0.7842226473011553,10.61397572606802,10.447035327553747,0.9842716430842907,41.77962025788556,42.65105319261905,1.0208578471837357,15.303062438964844,0.1064042374491691,143.82004707543103,fourier_concentration_k5,0.1279322888695751,0.010173094458878,0.0077649210579693,40.06561937544242,1.0,0.989826905541122,True
transformer_add97_permuted_dense_s2,transformer,add,97,0.3,True,softmax_ce,adamw,0.001,1.0,40000,2,163,True,200.0,,13001.0,,12323.0,,19948.0,,False,False,False,0.0058853328227996,0.0066434144973754,1.1288086328166547,0.1052176654338836,0.1133177131414413,1.0769837239227438,0.0521936171518799,0.0536485770287728,1.0278762031889659,0.9485273222019552,0.9894041454321464,1.0430950403571906,9.040530495345592,9.275668375194073,1.0260093011100995,43.00403182135626,41.87534081712084,0.973753832921431,15.033525466918944,0.1402026414871215,107.22712002754861,fourier_concentration_k5,0.1279096021116046,0.0119951413944363,0.0102103017270565,40.45940179937746,0.9953949451446533,0.983399803750217,True
transformer_add97_permuted_dense_s3,transformer,add,97,0.3,True,softmax_ce,adamw,0.001,1.0,40000,3,163,True,200.0,,26069.0,,4703.0,,,,False,False,False,0.0057060271501541,0.0070462748408317,1.2348828099497222,0.0969330668449401,0.113426573574543,1.1701535633447655,0.0457004194910867,0.0563749212923897,1.233575575895642,0.8069486921830562,0.9864032648025864,1.2223865957748166,9.199543870985508,8.961421392858028,0.974115838625598,47.12206966607209,48.00799922835739,1.0188007353786324,15.013136863708496,0.1212991029024124,123.76956221833619,fourier_concentration_k5,0.1314437975082229,0.0135135138407349,0.0109705924987792,35.62418261987896,1.0,0.986486486159265,True
transformer_add97_permuted_dense_s4,transformer,add,97,0.3,True,softmax_ce,adamw,0.001,1.0,40000,4,163,True,200.0,,27502.0,,4458.0,,,,False,False,False,0.006202220916748,0.0063394531607627,1.0221263069885385,0.1323506236076355,0.1405662968754768,1.0620750627681013,0.0538035913977034,0.0559531036829496,1.0399510930294134,1.2560671902627925,1.1596097266143277,0.9232067644181645,8.832165859639645,10.008029319345953,1.1331342140074216,41.85608218237216,41.550985619941,0.9927108189175037,15.075989723205566,0.1086642742156982,138.73915628681954,fourier_concentration_k5,0.1285344615653208,0.0103249317035079,0.0083726597949862,39.76422149999827,1.0,0.9896750682964921,True
transformer_add97_permuted_s0,transformer,add,97,0.3,True,softmax_ce,adamw,0.001,1.0,60000,0,127,False,200.0,,8062.0,,4791.0,,,,False,False,False,0.00609667599201195,0.0052719190716743,0.8647202309228387,0.1180643029510974,0.1094596199691295,0.9271186737490672,0.053349968338103904,0.0490972936654731,0.9202872128118316,1.0434899028036728,1.032799358672392,0.9897550095093808,9.228318560868502,8.932994842529297,0.9679981010201049,45.633857658381025,44.218190108833944,0.9689776928318248,15.283698081970217,0.1061842739582061,143.93560846859344,fourier_concentration_k5,0.1272911448608311,0.0088065592572093,0.007152640260756,40.30317966065401,1.0,0.9911934407427907,True
transformer_add97_permuted_s1,transformer,add,97,0.3,True,softmax_ce,adamw,0.001,1.0,60000,1,127,False,200.0,,18264.0,,18264.0,,18264.0,,False,False,False,0.0072124674916267,0.00748067349195475,1.0371864414833651,0.10902165248990055,0.09859065338969225,0.9043217667135013,0.058391120158388904,0.06155264927337975,1.0541440052257096,0.9730129306162638,0.8893205764310743,0.9139863905691546,9.171038247644901,9.857654385268688,1.0748678741799063,43.57257659323339,43.5507355630608,0.999498743662178,15.303062438964844,0.1118495389819145,136.81828801671924,fourier_concentration_k5,0.1255230963100015,0.011235955171287,0.0091352006420493,38.82000755894371,1.0,0.9887640448287129,True
transformer_add97_permuted_s2,transformer,add,97,0.3,True,softmax_ce,adamw,0.001,1.0,60000,2,127,False,200.0,,16955.0,,16955.0,,,,False,False,False,0.0051684416830539,0.005918450653553,1.1451131726915296,0.0638107508420944,0.0975270085036754,1.5283789520830904,0.04780891079222395,0.046709481349059695,0.9770036709695743,0.584258244484441,0.7589204197640002,1.2989468731137614,8.85341139882803,9.736436035484076,1.0997383490812294,46.804964513285775,47.84236637061679,1.0221643551729762,15.033525466918944,0.1201868951320648,125.08456475558067,fourier_concentration_k5,0.1332377854085258,0.0113877924159169,0.0086863758042454,35.06508206404141,1.0,0.9886122075840831,True
transformer_add97_permuted_s3,transformer,add,97,0.3,True,softmax_ce,adamw,0.001,1.0,60000,3,127,False,200.0,,33103.0,,,,,,False,False,False,0.0060583613812923,0.0049973204731941,0.8248633844500258,0.082564327865839,0.0910546891391277,1.1028332876043625,0.05228503485457675,0.040705502060298104,0.7785306478902532,0.6761635673649102,0.7391583036699116,1.0931649372214765,9.209955211728811,9.33074278011918,1.0131148920503488,43.598693304283614,47.6940754279163,1.0939335978500602,15.013136863708496,0.1440424174070358,104.22719316966402,fourier_concentration_k5,0.1299531627005666,0.0103249317035079,0.0079232063144445,34.86593619694971,1.0,0.9896750682964921,True
transformer_add97_permuted_s4,transformer,add,97,0.3,True,softmax_ce,adamw,0.001,1.0,60000,4,127,False,200.0,,38410.0,,38410.0,,38410.0,,False,False,False,0.00507269427180285,0.00782359391450875,1.5422955721966312,0.12002499029040334,0.1495321840047836,1.2458420837442845,0.04462827786319935,0.05712410203312525,1.2799979019631855,1.0136059249916696,1.0861780132582715,1.0715979321719122,9.239613011479378,10.672655448317528,1.1550976685990773,42.99109363909804,39.027180360867504,0.9077968727312028,15.075989723205566,0.1640511602163314,91.89809875971082,fourier_concentration_k5,0.1309189448292785,0.0078955357894301,0.0065458975732326,41.19599509836927,1.0,0.9921044642105699,True
transformer_compose120_f0.6_wd1.0_softmax_ce_s0,transformer,compose,120,0.6,False,softmax_ce,adamw,0.001,1.0,100000,0,129,False,300.0,15900.0,18062.0,-2162.0,18062.0,-2162.0,16710.0,-810.0,False,True,False,0.00988802313804625,0.0196493715047836,1.9871890700961758,0.2575359381735325,5.926270551979542,23.01143131327291,0.0500801982211726,0.22097084294554897,4.412339623131289,1.3863584201806733,66.37524280234555,47.877404454827335,16.753874115645885,9.734425347298384,0.5810253365941032,41.23709477234141,44.70260314551948,1.0840386160157545,15.283698081970217,0.1549093574285507,98.66220050018323,,,1.0,1.0,35.53307994047302,1.0,0.0,True
transformer_compose120_f0.6_wd1.0_softmax_ce_s1,transformer,compose,120,0.6,False,softmax_ce,adamw,0.001,1.0,100000,1,129,False,500.0,36300.0,45937.0,-9637.0,39318.0,-3018.0,36376.0,-76.0,False,True,False,0.0093899667263031,0.0133497044444084,1.4216988018725683,0.3408047705888748,2.687226362526417,7.8849435055828945,0.0458403459642163,0.1326185640610544,2.8930532977342396,1.4905142166883012,25.147976490572084,16.872013838584586,17.634664580225945,10.91443495452404,0.618919339512847,49.206551011565146,55.472323635116254,1.1273361472150008,15.303062438964844,0.0912058055400848,167.78605647245968,,,1.0,1.0,36.05062381185268,1.0,0.0,True
transformer_compose120_f0.6_wd1.0_softmax_ce_s10,transformer,compose,120,0.6,False,softmax_ce,adamw,0.001,1.0,250000,10,131,False,500.0,35100.0,250000.0,-214900.0,250000.0,-214900.0,,,False,True,False,0.0072969943284988,0.006833378225564899,0.9364647850796288,0.1780398041009903,0.42666868865489954,2.396479207609543,0.0345857071010053,0.06307684510989345,1.8237835914611096,0.7581765079452105,4.005280924737417,5.282781625076225,17.58561559021473,11.448786057531834,0.6510312930928817,49.86355982529176,47.17017047310215,0.9459848161337355,15.359572410583496,0.0722293332219123,212.65006508358357,,,1.0,1.0,27.39776906076093,1.0,0.0,True
transformer_compose120_f0.6_wd1.0_softmax_ce_s11,transformer,compose,120,0.6,False,softmax_ce,adamw,0.001,1.0,250000,11,131,False,500.0,23400.0,25893.0,-2493.0,25893.0,-2493.0,83907.0,-60507.0,False,True,False,0.0094402283430099,0.0115537121891975,1.2238805852352659,0.2577534019947052,1.1758842766284945,4.562051431828045,0.0492623176680948,0.1185322415686041,2.406144233148263,1.303368912080604,11.819138978827526,9.068145533684937,16.71842122823,10.38750397413969,0.6213208671043533,44.19588166501114,36.84342359377866,0.8336392941097664,15.24381160736084,0.1128953322768211,135.02605732168607,,,1.0,1.0,35.16993355176329,1.0,0.0,True
transformer_compose120_f0.6_wd1.0_softmax_ce_s12,transformer,compose,120,0.6,False,softmax_ce,adamw,0.001,1.0,250000,12,131,False,700.0,18800.0,250000.0,-231200.0,250000.0,-231200.0,,,False,True,False,0.0098635852336883,0.0178570225834846,1.8103987708744427,0.2929782569408417,4.767187438905239,16.271471776377698,0.0459114642993409,0.1941547937405374,4.228895695302941,1.4813661385975097,42.76979870577125,28.871861986978963,17.62581369280815,10.295915454626083,0.5841384479643694,45.84627433599735,61.64064821961587,1.3445072497683235,15.046369552612305,0.1022087037563324,147.212213829491,,,1.0,1.0,30.591969714475468,1.0,0.0,True
transformer_compose120_f0.6_wd1.0_softmax_ce_s13,transformer,compose,120,0.6,False,softmax_ce,adamw,0.001,1.0,250000,13,131,False,600.0,46200.0,127691.0,-81491.0,127691.0,-81491.0,,,False,True,False,0.007901906967163,0.0022764541208743503,0.2880892081284095,0.219541847705841,0.34051424637436867,1.5510220485645896,0.0396780536096542,0.026355959897067502,0.6642452816953386,1.093577392558655,3.9418493123565637,3.6045453565328156,15.654394686222076,10.265997063368559,0.6557901004248976,45.61857765798552,232.16515259043518,5.0892676736008395,15.75319004058838,0.0875732004642486,179.88596919007836,,,1.0,1.0,24.78180790240104,1.0,0.0,True
transformer_compose120_f0.6_wd1.0_softmax_ce_s14,transformer,compose,120,0.6,False,softmax_ce,adamw,0.001,1.0,250000,14,131,False,600.0,47100.0,50695.0,-3595.0,50695.0,-3595.0,50695.0,-3595.0,False,True,False,0.0089431852102279,0.020367193967103903,2.277398207498923,0.3163655400276184,4.094530053436756,12.942402175278975,0.0436943070802647,0.18958498141265895,4.338894333863652,1.570055221661285,35.533779924119024,22.63218480081262,17.72421319782734,11.92059451341629,0.6725598693925401,46.97069735521188,42.34736093649981,0.9015697726659563,14.89842700958252,0.1466229557991027,101.61046698578214,,,1.0,1.0,34.09181202601022,1.0,0.0,True
transformer_compose120_f0.6_wd1.0_softmax_ce_s2,transformer,compose,120,0.6,False,softmax_ce,adamw,0.001,1.0,100000,2,129,False,400.0,89700.0,100000.0,-10300.0,62704.0,26996.0,,,False,True,True,0.00867197662591925,0.0039430260658264,0.4546859656011158,0.287563294172287,0.16684151068329806,0.5801905669620643,0.0397274574043244,0.04090200506041625,1.0295651353706818,1.3576260708453667,1.7291988480923681,1.2736930184433115,18.09768448024988,10.57934408634901,0.584568931892603,52.166513176470566,44.7051303137747,0.8569698757236226,15.033525466918944,0.0960287824273109,156.55228658447885,,,1.0,1.0,35.65873482436049,1.0,0.0,True
transformer_compose120_f0.6_wd1.0_softmax_ce_s3,transformer,compose,120,0.6,False,softmax_ce,adamw,0.001,1.0,100000,3,129,False,600.0,83200.0,100000.0,-16800.0,85592.0,-2392.0,85592.0,-2392.0,False,True,True,0.009286507964134199,0.0073246732354164,0.7887435474890367,0.198432058095932,0.4941770955920219,2.4904095655406238,0.03974312216205565,0.0609237020790316,1.532936990471219,0.8388771770853347,4.972803449388834,5.92792793179421,17.63536413758993,11.53841919451952,0.6542773432120564,48.68975507591886,68.13225229704702,1.3993139252972766,15.337369918823242,0.105382815003395,145.53957320583186,,,1.0,1.0,24.299593815546288,1.0,0.0,True
transformer_compose120_f0.6_wd1.0_softmax_ce_s4,transformer,compose,120,0.6,False,softmax_ce,adamw,0.001,1.0,100000,4,129,False,400.0,17100.0,,,19523.0,-2423.0,18062.0,-962.0,False,True,False,0.0106066167354583,0.0056806355714797,0.5355746995636349,0.3004192858934402,0.3032440692186355,1.009402802875303,0.0439084421897284,0.0597883898956258,1.3616604669616867,1.2436522574850597,3.164313916627759,2.5443719476911517,20.21675106883049,10.768574185669422,0.5326560211878975,45.530859630155,97.36777313241576,2.138500654793903,15.12674045562744,0.0789209455251693,191.6695289820527,,,1.0,1.0,37.68560767234848,1.0,0.0,True
transformer_compose120_f0.6_wd1.0_softmax_ce_s5,transformer,compose,120,0.6,False,softmax_ce,adamw,0.001,1.0,250000,5,131,False,700.0,30600.0,229862.0,-199262.0,30629.0,-29.0,30629.0,-29.0,False,True,False,0.00822713971138,0.0055848211050033,0.678829009950837,0.2815884947776794,0.4176791310310364,1.4832961529937638,0.0397969497357803,0.0577039149983193,1.4499582350262223,1.2561085376115326,4.390389845235863,3.4952312748260668,17.891523271799088,10.972272977232931,0.6132665626368219,48.301913749969536,80.79832124282261,1.6727768108954808,15.188093185424805,0.0823599398136138,184.41117392504782,,,1.0,1.0,38.0152693848826,1.0,0.0,True
transformer_compose120_f0.6_wd1.0_softmax_ce_s6,transformer,compose,120,0.6,False,softmax_ce,adamw,0.001,1.0,250000,6,131,False,400.0,42300.0,107948.0,-65648.0,42856.0,-556.0,36230.0,6070.0,False,True,False,0.0091985762119293,0.0048826336860656,0.5308031997096996,0.2199180275201797,0.4384811222553253,1.9938389189812566,0.0411068359515567,0.0512858819581841,1.2476241669055514,0.956702071082838,4.656764428253532,4.867517871036695,17.018741570413113,10.319593399763107,0.6063664200473907,39.30714050408833,73.12421344267169,1.8603290014206464,15.150529861450195,0.0894961208105087,169.28700064585604,,,1.0,1.0,25.776917325906727,1.0,0.0,True
transformer_compose120_f0.6_wd1.0_softmax_ce_s7,transformer,compose,120,0.6,False,softmax_ce,adamw,0.001,1.0,250000,7,131,False,400.0,38700.0,39404.0,-704.0,39404.0,-704.0,39404.0,-704.0,False,True,False,0.0094528645277023,0.0165074840188026,1.7462943608708483,0.17235167324543,3.4007369726896286,19.731383563923718,0.0470498348562563,0.1575731002722047,3.349068083949968,0.921069302266208,35.801283386203146,38.86926130109571,16.3229566141963,11.651309825479984,0.7137989826761335,43.11415754423147,65.56840598100868,1.5208091660782437,15.123478889465332,0.0933102518320083,162.0773558375234,,,1.0,1.0,34.73466146653634,1.0,0.0,True
transformer_compose120_f0.6_wd1.0_softmax_ce_s8,transformer,compose,120,0.6,False,softmax_ce,adamw,0.001,1.0,250000,8,131,False,600.0,17300.0,21889.0,-4589.0,23807.0,-6507.0,9452.0,7848.0,False,True,False,0.0098672211170196,0.0072327591478824,0.7330087227301398,0.20582877099514,1.8032382391393185,8.760865793547863,0.0435205581332254,0.0878162917591544,2.017811708442034,0.9424313191330492,22.24903220275519,23.608120561212107,16.057220198214054,9.060000892728567,0.564232213352611,39.88856217781341,311.22223163481885,7.802292553125043,15.273823738098145,0.0822395756840705,185.72352314624877,,,1.0,1.0,25.81432826327013,1.0,0.0,True
transformer_compose120_f0.6_wd1.0_softmax_ce_s9,transformer,compose,120,0.6,False,softmax_ce,adamw,0.001,1.0,250000,9,131,False,500.0,16800.0,178669.0,-161869.0,178669.0,-161869.0,,,False,True,False,0.0097028464078903,0.0043803043663501,0.45144529576270126,0.2585171312093735,0.23190311342477793,0.8970512412075283,0.0454674175896298,0.057987292137486754,1.275359261897304,1.2060595123050626,2.891656822222523,2.397607077196289,18.126749381423,8.83621384575963,0.4874681974041814,46.45731068758885,68.01130377531325,1.4639526646875534,15.92914581298828,0.0751368850469589,212.0016793753549,,,1.0,1.0,39.82302035625142,1.0,0.0,True
transformer_compose97_f0.4_wd1.0_softmax_ce_s0,transformer,compose,120,0.4,False,softmax_ce,adamw,0.001,1.0,100000,0,129,False,200.0,,85592.0,,85592.0,,85592.0,,False,False,False,0.0082142576575279,0.0090153217315673,1.0975211768899495,0.2719020172953605,0.2023123651742935,0.7440634945879291,0.0481372377675622,0.0523255020057944,1.0870067422326113,1.6082925135261747,1.1996169729999098,0.7458947690863489,15.391063965857027,15.808054976165296,1.0270930594033854,47.25030861753701,46.18250820575359,0.977401197092137,15.283698081970217,0.1454446017742157,105.08260805510142,,,0.0201388895511627,0.0073199528269469,43.11651061069076,1.0,0.9798611123114824,True
transformer_compose97_f0.4_wd1.0_softmax_ce_s1,transformer,compose,120,0.4,False,softmax_ce,adamw,0.001,1.0,100000,1,129,False,400.0,,10478.0,,73260.0,,73260.0,,False,False,False,0.0077629387378692,0.0060755237936973,0.7826319386058858,0.1869779974222183,0.1509777158498764,0.8074624711534961,0.0507448395503542,0.0394028328683863,0.7764894562192239,1.012125700299543,1.0175225277674436,1.0053321711584868,14.645917892456056,13.81454125791788,0.9432349245268943,45.47367815593854,47.78496173460298,1.0508268447240747,15.303062438964844,0.1478160768747329,103.52772690573748,,,0.0203703697770833,0.0088506015017628,40.67472466437491,1.0,0.9796296302229166,True
transformer_compose97_f0.5_wd1.0_softmax_ce_s0,transformer,compose,120,0.5,False,softmax_ce,adamw,0.001,1.0,100000,0,129,False,400.0,100000.0,100000.0,0.0,100000.0,0.0,,,False,True,True,0.0085983276367187,0.0108100175857543,1.2572232697426762,0.1642288863658905,0.3758168667554855,2.288372496895532,0.047100410930871,0.0464483750291003,0.9861564710607793,1.0145732642812153,1.6148061398460736,1.5916111696380046,15.406459853053091,20.34246701002121,1.3203855528166617,48.06916562643436,54.08999004495608,1.1252533581571202,15.283698081970217,0.2327318787574768,65.6708404691603,,,0.95291668176651,0.9528221487998962,39.03424084620636,1.0,0.04708331823348999,True
transformer_compose97_f0.5_wd1.0_softmax_ce_s1,transformer,compose,120,0.5,False,softmax_ce,adamw,0.001,1.0,100000,1,129,False,400.0,86600.0,45937.0,40663.0,73260.0,13340.0,92516.0,-5916.0,False,True,True,0.0081835687160491,0.0084082260727882,1.0274522478559405,0.1355977952480316,0.6140685118734837,4.52860248022652,0.0422794813909925,0.07504022130183224,1.7748614418392394,0.699497868565991,5.529623509352261,7.905132749994352,15.82684624940157,12.128812208771706,0.7663442240888838,39.05220997088608,57.40871113157904,1.470050252581812,15.303062438964844,0.1164969131350517,131.36023974493145,,,1.0,1.0,31.238746524398103,1.0,0.0,True
transformer_compose97_f0.6_wd1.0_softmax_ce_s0,transformer,compose,120,0.6,False,softmax_ce,adamw,0.001,1.0,100000,0,129,False,300.0,13900.0,16710.0,-2810.0,16710.0,-2810.0,16710.0,-2810.0,False,True,False,0.0112206563353538,0.018621467053890152,1.659570215622596,0.29868315905332565,6.1733804270625114,20.668659212755752,0.05312588547604785,0.23083527939521994,4.345062248407954,1.434044889715104,81.86290607638945,57.085316271133486,17.26349624991417,9.26115546002984,0.5364588566511193,39.08054795624966,68.19759843078593,1.745052257382178,15.283698081970217,0.0639855936169624,238.8615502024279,,,1.0,1.0,33.92499939290913,1.0,0.0,True
transformer_compose97_f0.6_wd1.0_softmax_ce_s1,transformer,compose,120,0.6,False,softmax_ce,adamw,0.001,1.0,100000,1,129,False,500.0,39500.0,49653.0,-10153.0,45937.0,-6437.0,49653.0,-10153.0,False,True,False,0.0087054073810577,0.01501007378101345,1.7242241659677207,0.2105031833052635,2.1338333785533905,10.136822375075386,0.0422398984993224,0.12532763663996724,2.967043981935177,0.9400465395659324,19.238787444174847,20.46578188890348,15.536725908517838,12.172107938677073,0.7834409907433489,44.82893061137874,53.363313269216526,1.19037667286383,15.303062438964844,0.1085723713040351,140.9480354455158,,,1.0,1.0,33.18567673310107,1.0,0.0,True
transformer_div97_f0.5_wd1.0_softmax_ce_s0,transformer,div,97,0.5,False,softmax_ce,adamw,0.001,1.0,60000,0,127,False,300.0,8100.0,60000.0,-51900.0,13566.0,-5466.0,12594.0,-4494.0,False,True,False,0.0080640390515327,0.0037457644939422,0.4645022760933006,0.25637413561344147,0.3609656244516372,1.4079642768484955,0.0488278755478257,0.0314820371845254,0.644755415452993,1.3230096537190212,3.3438585597770647,2.5274634620974794,12.980864647775888,7.804174818098545,0.6012060852537812,47.090263639851706,128.87204440575115,2.7367025462284498,15.283698081970217,0.3681863844394684,41.51076391713483,fourier_concentration_group_k5,0.3840594755081475,1.0,1.0,23.948567688471385,1.0,0.0,True
transformer_div97_f0.5_wd1.0_softmax_ce_s1,transformer,div,97,0.5,False,softmax_ce,adamw,0.001,1.0,60000,1,127,False,300.0,9100.0,11692.0,-2592.0,14613.0,-5513.0,13566.0,-4466.0,False,True,False,0.008149966597557,0.0129738301038742,1.5918875186265402,0.20946812629699704,1.589528262615204,7.588401589850817,0.0373811013233348,0.0400549985385852,1.0715307232957645,1.0676682880381225,4.689674765079781,4.392445497933839,12.19935655221343,8.294534213840961,0.6799157134509701,41.42140413491545,44.07354857768289,1.0640283567917936,15.303062438964844,0.363603413105011,42.08723539826955,fourier_concentration_group_k5,0.4927746890747194,1.0,1.0,27.936162271361,1.0,0.0,True
transformer_div97_f0.5_wd1.0_softmax_ce_s2,transformer,div,97,0.5,False,softmax_ce,adamw,0.001,1.0,60000,2,127,False,300.0,8200.0,18264.0,-10064.0,12594.0,-4394.0,11692.0,-3492.0,False,True,False,0.01127387583255765,0.0126941800117492,1.1259818894838167,0.3693646416068077,0.6432686373591423,1.7415544556750184,0.0541084753313813,0.0698679553780979,1.2912571450257917,1.6645329282084385,3.5084157027981338,2.1077478512691807,13.663471914827824,7.339025437831879,0.537127421462143,41.29185056245928,31.28586366704502,0.7576764722550057,15.033525466918944,0.3156779408454895,47.622983812724485,fourier_concentration_group_k5,0.6784367296519687,1.0,1.0,32.95828472442779,1.0,0.0,True
transformer_div97_f0.5_wd1.0_softmax_ce_s3,transformer,div,97,0.5,False,softmax_ce,adamw,0.001,1.0,60000,3,127,False,200.0,6000.0,14613.0,-8613.0,10077.0,-4077.0,10077.0,-4077.0,False,True,False,0.0138998702168464,0.0072194412350654,0.5193891110087894,0.4016594961285591,0.4977849125862121,1.2393206618645116,0.0487637913301463,0.0572987471495975,1.175026501972885,1.252891324026312,4.212056890638836,3.3618693097042938,26.095798395574093,7.179910160601139,0.27513663509214065,41.899325201557026,71.70800968357436,1.7114359083021606,15.013136863708496,0.1119780391454696,134.0721535961625,fourier_concentration_group_k5,0.443905301288198,1.0,1.0,22.52677198049909,1.0,0.0,True
transformer_div97_f0.5_wd1.0_softmax_ce_s4,transformer,div,97,0.5,False,softmax_ce,adamw,0.001,1.0,60000,4,127,False,400.0,8000.0,48006.0,-40006.0,48006.0,-40006.0,48006.0,-40006.0,False,True,False,0.008371166884899101,0.0133787617087364,1.5981955553735991,0.17405603826045984,1.0102868899703026,5.804377142368915,0.040654260473225554,0.0652109832218394,1.6040381121871994,0.8946175545289174,4.729062718778387,5.28612779263938,14.058628626167774,8.065493315458298,0.5737041307461339,39.73030104257542,31.54625208002692,0.7940098930089057,15.075989723205566,0.1914007067680359,78.76663559804196,fourier_concentration_group_k5,0.6697044476561529,1.0,1.0,28.65077898399579,1.0,0.0,True
transformer_mul97_f0.5_wd1.0_softmax_ce_s0,transformer,mul,97,0.5,False,softmax_ce,adamw,0.001,1.0,60000,0,127,False,300.0,1900.0,60000.0,-58100.0,60000.0,-58100.0,,,False,True,False,0.2162138223648071,0.0122793205082416,0.056792486132192316,5.43528425693512,0.659954272210598,0.12142037858802567,0.0522077886649484,0.0514624440341567,0.9857234973966229,1.3153657749559038,2.7326594523345604,2.0774901585273264,357.39523935317993,7.349134650081396,0.02056304572881829,45.36543208010325,22.8051836603506,0.5026995801579214,15.283698081970217,0.2897818684577942,52.74207859625365,fourier_concentration_group_k5,0.4126620420530678,1.0,1.0,33.764183793191044,1.0,0.0,True
transformer_mul97_f0.5_wd1.0_softmax_ce_s1,transformer,mul,97,0.5,False,softmax_ce,adamw,0.001,1.0,60000,1,127,False,300.0,2700.0,21192.0,-18492.0,60000.0,-57300.0,,,False,True,False,0.1202424764633178,0.00939157232642165,0.0781052802857626,4.018070459365845,0.5855099335312843,0.14571918025143166,0.0477842534531311,0.04074296278599015,0.8526441210586797,1.5077514349583816,1.9900959173606754,1.3199098148532737,231.98963499069214,7.776287391781807,0.033519977701132235,49.673233773168946,36.88321724395154,0.7425169340167673,15.303062438964844,0.2264816462993621,67.56866478591976,fourier_concentration_group_k5,0.4697248774961534,1.0,1.0,28.53107771362666,1.0,0.0,True
transformer_mul97_f0.5_wd1.0_softmax_ce_s2,transformer,mul,97,0.5,False,softmax_ce,adamw,0.001,1.0,60000,2,127,False,300.0,2600.0,8062.0,-5462.0,10077.0,-7477.0,,,False,True,False,0.11183273792266846,0.00690699368715285,0.06176182230224022,2.725765585899353,0.32453778013587,0.11906298245701503,0.04611350015050905,0.024799193620638253,0.5377859745995553,1.0472803952769674,1.177844915375683,1.1246700699139756,229.02377915382385,8.266705635935068,0.036095403134461135,47.850557365754796,39.986967059622486,0.8356635588165574,15.033525466918944,0.2325646430253982,64.64235178378833,fourier_concentration_group_k5,0.3495876751545864,1.0,1.0,30.33689341022589,1.0,0.0,True
transformer_mul97_f0.5_wd1.0_softmax_ce_s3,transformer,mul,97,0.5,False,softmax_ce,adamw,0.001,1.0,60000,3,127,False,200.0,2100.0,14613.0,-12513.0,28530.0,-26430.0,,,False,True,False,0.21150922775268555,0.0112887173891067,0.053372221671134,6.125275135040283,0.8279420770704746,0.1351681449106089,0.056505310330275796,0.0518617202242112,0.9178202884132017,1.637972059499314,2.984864765320348,1.822292845601252,325.5970321893692,8.350780375301838,0.025647593650193267,47.443948133350986,37.19220902080896,0.783918929265174,15.013136863708496,0.2034436613321304,73.79505837342808,fourier_concentration_group_k5,0.4671438241402619,1.0,1.0,31.02094186452656,1.0,0.0,True
transformer_mul97_f0.5_wd1.0_softmax_ce_s4,transformer,mul,97,0.5,False,softmax_ce,adamw,0.001,1.0,60000,4,127,False,400.0,2800.0,9355.0,-6555.0,13566.0,-10766.0,12594.0,-9794.0,False,True,False,0.12759673595428464,0.0121384039521217,0.09513099109737923,4.30405467748642,0.9662096574902534,0.224488239553342,0.05483271930336745,0.0484752367029573,0.8840567697320144,1.955932295558187,3.563177254153874,1.8217283196589424,202.24205017089844,7.935887686908245,0.03923955319975379,50.44747742170914,35.85606233623824,0.7107602633230625,15.075989723205566,0.3088574707508087,48.81212582152213,fourier_concentration_group_k5,0.391833384235783,1.0,1.0,35.077087583078104,1.0,0.0,True
transformer_poly97_f0.5_wd0.3_softmax_ce_s0,transformer,poly,97,0.5,False,softmax_ce,adamw,0.001,0.3,150000,0,130,False,300.0,,27647.0,,27647.0,,,,False,False,False,0.01010813564062115,0.0078738778829574,0.7789644067809072,0.17252489179372785,0.0685547441244125,0.3973614671578934,0.052542156210376154,0.0470988214487188,0.8964006208678891,0.9329122542464733,0.4210784873083471,0.4513591555815271,15.024956814944744,13.17986934632063,0.8771984844050349,31.139725828952386,21.17456571128026,0.6799856179720456,15.283698081970217,0.1671778112649917,91.42180990600598,fourier_concentration_k5,0.1226907708608561,0.0208289045840501,0.0167525764554739,34.69323372025168,1.0,0.9791710954159498,True
transformer_poly97_f0.5_wd0.3_softmax_ce_s1,transformer,poly,97,0.5,False,softmax_ce,adamw,0.001,0.3,150000,1,130,False,300.0,,44822.0,,17053.0,,15734.0,,False,False,False,0.0098071247339248,0.0081178694963455,0.8277522430467484,0.15936857461929316,0.091143250465393,0.5719022754838594,0.06287406166370646,0.0522508425085567,0.8310397185413277,0.9740752303551574,0.5712436521556404,0.5864471596791958,13.358827870339155,12.931394763290882,0.9680036967915943,29.77620992697326,24.154818602417603,0.8112119931199361,15.303062438964844,0.1804775893688202,84.79203701957603,fourier_concentration_k5,0.1234969011959422,0.0210414454340934,0.0173894371837377,34.86965899527876,1.0,0.9789585545659065,True
transformer_poly97_f0.5_wd1.0_softmax_ce_s0,transformer,poly,97,0.5,False,softmax_ce,adamw,0.001,1.0,60000,0,127,False,300.0,,22827.0,,5161.0,,4791.0,,False,False,False,0.007574301213026,0.008849151432514149,1.1683125853637442,0.0943618081510067,0.1099842451512813,1.1655588983126954,0.05160165605956325,0.05903381379298845,1.1440294420947719,0.6820721777994083,0.8612846878309925,1.2627471341959489,11.164710588753223,11.003903612494469,0.9855968522443614,27.831358855111397,26.722933540092768,0.9601735107225977,15.283698081970217,0.134824052453041,113.36032261226909,fourier_concentration_k5,0.1232592333796444,0.0235919225960969,0.0180412363260984,39.66824057377002,1.0,0.976408077403903,True
transformer_poly97_f0.5_wd1.0_softmax_ce_s1,transformer,poly,97,0.5,False,softmax_ce,adamw,0.001,1.0,60000,1,127,False,400.0,,10077.0,,4791.0,,9355.0,,False,False,False,0.00877571478486055,0.0075427591800689,0.8595036831736275,0.14513048902153966,0.08645872026681894,0.5957309235965373,0.06074235147122995,0.0610887305157657,1.00570243061301,0.9553283114006221,0.6664560563669288,0.697619916015916,11.322113901376724,10.048074074089527,0.8874733253538212,29.700012809254215,22.89839946273563,0.7709895483816332,15.303062438964844,0.1206570118665695,126.8311074692284,fourier_concentration_k5,0.1257146858819416,0.0195536669343709,0.0150279086083173,39.47424010919969,1.0,0.9804463349282742,True
transformer_poly97_f0.5_wd1.0_softmax_ce_s2,transformer,poly,97,0.5,False,softmax_ce,adamw,0.001,1.0,60000,2,127,False,400.0,,30732.0,,30732.0,,,,False,False,False,0.00718088075518605,0.007007397711276951,0.9758409797038046,0.10307212173938751,0.12503488734364504,1.213081531976117,0.06008123576434505,0.059687601619782246,0.9934483014612625,0.8961244629322882,0.9571133022743533,1.0680584470850156,10.014616347849369,10.450527969747782,1.043527540822073,29.974334835782017,29.062144154152747,0.9695676088684931,15.033525466918944,0.1420609951019287,105.82444150931362,fourier_concentration_k5,0.138269330188273,0.020616365596652,0.0157056804746389,36.72748172447001,1.0,0.979383634403348,True
transformer_poly97_f0.5_wd1.0_softmax_ce_s3,transformer,poly,97,0.5,False,softmax_ce,adamw,0.001,1.0,60000,3,127,False,300.0,,22827.0,,4448.0,,4130.0,,False,False,False,0.00745734572410575,0.007569391280412599,1.0150248574294556,0.06750646978616709,0.1021736711263656,1.513538945970809,0.0589797267168483,0.0571202179073019,0.9684720680637673,0.6173507770891814,0.7695384625878972,1.246517362813218,9.85714827477932,11.850193344056606,1.2021928669143314,26.06711729010474,29.508542286068376,1.1320216945227781,15.013136863708496,0.1473761200904846,101.86953527132397,fourier_concentration_k5,0.1301731726525974,0.0244420822709798,0.0201716739684343,37.721586550346245,1.0,0.9755579177290201,True
transformer_poly97_f0.5_wd1.0_softmax_ce_s4,transformer,poly,97,0.5,False,softmax_ce,adamw,0.001,1.0,60000,4,127,False,400.0,,35658.0,,35658.0,,,,False,False,False,0.0071369037032126496,0.0074815116822719505,1.0482853620266974,0.07289150729775425,0.0761122517287731,1.0441854552117087,0.053171342511518796,0.0500456901436718,0.9412154702099187,0.6010528162450307,0.5177176819449285,0.8613513953387267,10.53224478289485,12.209585271775723,1.159257643879014,24.157953612438035,26.720752596416276,1.1060851024508447,15.075989723205566,0.1598352044820785,94.32208487521258,fourier_concentration_k5,0.125632269015074,0.020616365596652,0.0171526577323675,35.517078096873576,1.0,0.979383634403348,True
transformer_poly97_f0.7_wd0.3_softmax_ce_s0,transformer,poly,97,0.7,False,softmax_ce,adamw,0.001,0.3,150000,0,130,False,400.0,,67043.0,,61856.0,,61856.0,,False,False,False,0.0084631815552711,0.0097950100898742,1.1573673595332008,0.09918505698442455,0.0745604708790779,0.7517308871515439,0.04707830625126335,0.0619740581471837,1.3164037341619659,0.5728965186818091,0.4957859366808499,0.8654022506920015,14.079981256276369,13.304801285266876,0.9449445310401997,29.537466360455532,28.83906662719406,0.9763554624239376,15.283698081970217,0.1503884345293045,101.62814800091594,fourier_concentration_k5,0.123311694374499,0.021608218550682,0.0169859044253826,36.96647671753834,1.0,0.9783917814493179,True
transformer_poly97_f0.7_wd0.3_softmax_ce_s1,transformer,poly,97,0.7,False,softmax_ce,adamw,0.001,0.3,150000,1,130,False,600.0,,117807.0,,18483.0,,18483.0,,False,False,False,0.009566269814968099,0.0120031237602233,1.2547339759790508,0.1360039636492729,0.2013847678899765,1.480727197108076,0.0515648491770572,0.065746296763833,1.2750216050876295,0.7543020111712229,1.0879534063953906,1.4423313079943922,14.868349350988865,15.231426820158958,1.0244194873687136,31.698838341505876,43.80081637432137,1.3817798590104606,15.303062438964844,0.1755660772323608,87.1641189471433,fourier_concentration_k5,0.125599321230253,0.0258590150624513,0.0197984166443347,37.726758085733984,1.0,0.9741409849375486,True
transformer_poly97_f0.7_wd1.0_softmax_ce_s0,transformer,poly,97,0.7,False,softmax_ce,adamw,0.001,1.0,150000,0,130,False,400.0,,25508.0,,25508.0,,25508.0,,False,False,False,0.0088527128100395,0.0100391507148742,1.1340196988531255,0.07603850960731501,0.1977138221263885,2.6001801343482427,0.06026388930705095,0.0604541355407497,1.003156886086947,0.55287170172061,1.1906005339076204,2.153484307846312,12.160349875688553,13.93671603500843,1.146078540295231,31.166787597869444,38.547566451344856,1.2368155149226852,15.283698081970217,0.1345830112695694,113.5633534856566,fourier_concentration_k5,0.1254273314862557,0.0230251513421535,0.0169859044253826,39.45381510498915,1.0,0.9769748505204916,True
transformer_poly97_f0.7_wd1.0_softmax_ce_s1,transformer,poly,97,0.7,False,softmax_ce,adamw,0.001,1.0,150000,1,130,False,600.0,,138394.0,,5523.0,,5523.0,,False,False,False,0.009304884821176501,0.0049998983740806,0.5373412428170623,0.1168514415621757,0.0658386945724487,0.5634393011524507,0.05741320382216895,0.0431023104302806,0.7507386378190154,0.7019552466134201,0.5675715063524485,0.8085579658969636,13.412205126136541,9.459792986512184,0.7053122806836409,34.6692053690594,28.76953986541044,0.8298298031106843,15.303062438964844,0.1160007044672966,131.9221508976193,fourier_concentration_k5,0.1192408892730157,0.0237336158752441,0.0197984166443347,41.36496719345679,1.0,0.9762663841247559,True
transformer_sub97_f0.3_wd1.0_softmax_ce_s0,transformer,sub,97,0.3,False,softmax_ce,adamw,0.001,1.0,60000,0,127,False,200.0,,48006.0,,60000.0,,,,False,False,False,0.0062346719205379,0.01006795465946195,1.6148331119552048,0.12459462136030194,0.21629162877798075,1.7359628081577452,0.0504573078016531,0.06537752026728245,1.2956997334118674,1.004825355469477,1.4347841443191953,1.4278940479650137,10.228565961122513,12.791485987603664,1.2505649409919717,37.58654902427624,44.09836425687128,1.1732485530499013,15.283698081970217,0.1439190208911895,106.19651236736465,fourier_concentration_k5,0.1766545520747217,0.0311266314238309,0.0311266314238309,36.03120161209702,1.0,0.968873368576169,True
transformer_sub97_f0.3_wd1.0_softmax_ce_s1,transformer,sub,97,0.3,False,softmax_ce,adamw,0.001,1.0,60000,1,127,False,200.0,,18264.0,,48006.0,,,,False,False,False,0.0069751292467117,0.0071887299418449,1.0306231881271446,0.12875111401081085,0.11774178594350809,0.9144913956520925,0.0573296340960541,0.0576312133006769,1.0052604418182316,1.137161824272877,0.9630860386223556,0.8469208322554895,9.55745804309845,9.903279215097426,1.0361833837448753,41.706916459945646,44.199144829301375,1.0597557570996456,15.303062438964844,0.1249105036258697,122.51221470374001,fourier_concentration_k5,0.1737844325636995,0.0261160042136907,0.0261160042136907,34.47398091314604,1.0,0.9738839957863092,True
transformer_sub97_f0.3_wd1.0_softmax_ce_s2,transformer,sub,97,0.3,False,softmax_ce,adamw,0.001,1.0,60000,2,127,False,200.0,,60000.0,,60000.0,,,,False,False,False,0.0077406354248523,0.0063045844435691,0.8144789280899892,0.10528676956892011,0.1128561086952686,1.0718925954071907,0.06733105056791586,0.05509493823320215,0.8182693982715847,0.981544688572423,0.9864122698910931,1.0049591031109848,8.9405666179955,9.095092285424471,1.0172836548321158,41.114735713669255,42.15933676033373,1.0254069746170638,15.033525466918944,0.1304858326911926,115.21193647510563,fourier_concentration_k5,0.170659548298997,0.0156392343342304,0.0156392343342304,34.41297667953365,1.0,0.9843607656657696,True
transformer_sub97_f0.3_wd1.0_softmax_ce_s3,transformer,sub,97,0.3,False,softmax_ce,adamw,0.001,1.0,60000,3,127,False,200.0,,22827.0,,4448.0,,3834.0,,False,False,False,0.0071756020188331,0.005841687321662851,0.8141041415522693,0.11547562852501865,0.094202384352684,0.8157771952050847,0.058629509921840545,0.04917278510638265,0.8387036693967811,1.0174298896950045,0.7526790276278407,0.7397846625613403,9.725892972201109,9.787603236734867,1.0063449458790201,39.85636458965762,42.560539060660474,1.0678479961442484,15.013136863708496,0.1171281784772872,128.1769857508691,fourier_concentration_k5,0.1797592568614367,0.0311266314238309,0.0311266314238309,38.52218571983828,1.0,0.968873368576169,True
transformer_sub97_f0.3_wd1.0_softmax_ce_s4,transformer,sub,97,0.3,False,softmax_ce,adamw,0.001,1.0,60000,4,127,False,200.0,,35658.0,,4130.0,,4130.0,,False,False,False,0.00712338462471955,0.0056790076196193,0.7972344494655003,0.12033811211585996,0.10499696806073185,0.8725163309828405,0.06380091607910594,0.0500939548546117,0.7851604323753101,1.1311012512330028,0.9339244935226194,0.8256771818655113,8.99509859830141,9.30409199371934,1.0343513072192758,40.547661468890325,43.5956987457645,1.075171715617009,15.075989723205566,0.1103484481573104,136.6216741146514,fourier_concentration_k5,0.1742651066049477,0.0163984205573797,0.0163984205573797,39.768791092902674,1.0,0.9836015794426203,True
transformer_sub97_f0.4_wd1.0_softmax_ce_s0,transformer,sub,97,0.4,False,softmax_ce,adamw,0.001,1.0,100000,0,129,False,200.0,25100.0,10478.0,14622.0,4813.0,20287.0,24654.0,446.0,False,True,False,0.0083629041910171,0.0067702457308769,0.8095567731302085,0.2155699282884597,0.6900453567504883,3.2010279088051687,0.0510119958290552,0.0801326977038864,1.5708598811231917,1.3914272760589517,8.120172583685413,5.835858419194436,12.598469972610474,7.852456834167242,0.6232865460042978,45.36183746500284,72.65990267978822,1.6017848204638123,15.283698081970217,0.0851548388600349,179.48126362016055,fourier_concentration_k5,0.316376323898306,1.0,1.0,22.48094515064997,1.0,0.0,True
transformer_sub97_f0.4_wd1.0_softmax_ce_s1,transformer,sub,97,0.4,False,softmax_ce,adamw,0.001,1.0,100000,1,129,False,200.0,24500.0,28804.0,-4304.0,28804.0,-4304.0,28804.0,-4304.0,False,True,False,0.0063697844743728,0.01056385785341255,1.6584325413070935,0.0933391153812408,0.8805453516542912,9.433830051396248,0.0537839195216157,0.11997539607266455,2.2306926891865246,0.8395138072735377,8.595908435580583,10.239150757385683,9.708472535014153,7.7389530800282955,0.7971339520318285,48.70042930330805,40.63482135597371,0.8343832269505996,15.303062438964844,0.0852359309792518,179.53769335481215,fourier_concentration_k5,0.618656898900515,1.0,1.0,34.41382195649186,1.0,0.0,True
transformer_sub97_f0.5_wd1.0_softmax_ce_s0,transformer,sub,97,0.5,False,softmax_ce,adamw,0.001,1.0,100000,0,129,False,200.0,8100.0,92516.0,-84416.0,92516.0,-84416.0,92516.0,-84416.0,False,True,False,0.008007563650608,0.00744856148958205,0.9301907314862858,0.1974140182137489,0.8237952440977097,4.172931849276023,0.050253149687520954,0.09076795881002131,1.8062143243642526,1.1575834596200805,10.087019825802841,8.71385967203903,12.40980750694871,7.623854864388704,0.6143411056230991,47.50470031830115,117.65422434841742,2.4766859607593656,15.283698081970217,0.0863072127103805,177.08482990010853,fourier_concentration_k5,0.7082107313426468,1.0,1.0,27.631173582040063,1.0,0.0,True
transformer_sub97_f0.5_wd1.0_softmax_ce_s1,transformer,sub,97,0.5,False,softmax_ce,adamw,0.001,1.0,100000,1,129,False,300.0,8200.0,19523.0,-11323.0,19523.0,-11323.0,24654.0,-16454.0,False,True,False,0.0098423287272453,0.01152188330888745,1.1706460562522005,0.3139045685529709,0.9774785600602627,3.113935437659343,0.05703659760194495,0.1214435617476293,2.1292217077038282,1.8257638700858903,10.857805386374793,5.946993236241444,13.250857181847095,7.96384659782052,0.6010061453783176,40.9890165692714,48.397794287781366,1.1807503165144042,15.303062438964844,0.0893611162900924,171.24967854347986,fourier_concentration_k5,0.6386077281201988,1.0,1.0,36.52088089357888,1.0,0.0,True
