amplitude,location,draw,run,true_step,found_step,error,relative_error
1.0,0.2,0,transformer_add97_permuted_s3,12000.0,,,
1.0,0.2,1,transformer_add97_permuted_s1,12000.0,18264.0,6264.0,0.522
1.0,0.2,2,transformer_add97_permuted_s0,12000.0,4791.0,-7209.0,-0.60075
1.0,0.2,3,transformer_add97_permuted_dense_s2,8000.0,12323.0,4323.0,0.540375
1.0,0.2,4,transformer_add97_permuted_dense_s3,8000.0,4703.0,-3297.0,-0.412125
1.0,0.2,5,transformer_add97_permuted_dense_s0,8000.0,3796.0,-4204.0,-0.5255
1.0,0.2,6,transformer_add97_permuted_dense_s0,8000.0,3796.0,-4204.0,-0.5255
1.0,0.2,7,transformer_add97_permuted_dense_s0,8000.0,3796.0,-4204.0,-0.5255
1.0,0.2,8,transformer_add97_permuted_dense_s1,8000.0,8031.0,31.0,0.003875
1.0,0.2,9,transformer_add97_permuted_s3,12000.0,,,
1.0,0.2,10,transformer_add97_permuted_s1,12000.0,18264.0,6264.0,0.522
1.0,0.2,11,transformer_add97_permuted_s4,12000.0,38410.0,26410.0,2.200833333333333
1.0,0.2,12,transformer_add97_permuted_s0,12000.0,4791.0,-7209.0,-0.60075
1.0,0.2,13,transformer_add97_permuted_s1,12000.0,18264.0,6264.0,0.522
1.0,0.2,14,transformer_add97_permuted_s4,12000.0,38410.0,26410.0,2.200833333333333
1.0,0.2,15,transformer_add97_permuted_s2,12000.0,16955.0,4955.0,0.41291666666666665
1.0,0.2,16,transformer_add97_permuted_s1,12000.0,18264.0,6264.0,0.522
1.0,0.2,17,transformer_add97_permuted_s0,12000.0,4791.0,-7209.0,-0.60075
1.0,0.2,18,transformer_add97_permuted_s0,12000.0,4791.0,-7209.0,-0.60075
1.0,0.2,19,transformer_add97_permuted_s4,12000.0,38410.0,26410.0,2.200833333333333
1.0,0.2,20,transformer_add97_permuted_dense_s2,8000.0,12323.0,4323.0,0.540375
1.0,0.2,21,transformer_add97_permuted_s3,12000.0,,,
1.0,0.2,22,transformer_add97_permuted_s1,12000.0,18264.0,6264.0,0.522
1.0,0.2,23,transformer_add97_permuted_dense_s0,8000.0,3796.0,-4204.0,-0.5255
1.0,0.2,24,transformer_add97_permuted_dense_s3,8000.0,4703.0,-3297.0,-0.412125
1.0,0.2,25,transformer_add97_permuted_s3,12000.0,,,
1.0,0.2,26,transformer_add97_permuted_s0,12000.0,4791.0,-7209.0,-0.60075
1.0,0.2,27,transformer_add97_permuted_dense_s0,8000.0,3796.0,-4204.0,-0.5255
1.0,0.2,28,transformer_add97_permuted_s2,12000.0,16955.0,4955.0,0.41291666666666665
1.0,0.2,29,transformer_add97_permuted_s2,12000.0,16955.0,4955.0,0.41291666666666665
1.0,0.2,30,transformer_add97_permuted_s3,12000.0,,,
1.0,0.2,31,transformer_add97_permuted_dense_s1,8000.0,8031.0,31.0,0.003875
1.0,0.2,32,transformer_add97_permuted_dense_s0,8000.0,3796.0,-4204.0,-0.5255
1.0,0.2,33,transformer_add97_permuted_s3,12000.0,,,
1.0,0.2,34,transformer_add97_permuted_dense_s0,8000.0,3796.0,-4204.0,-0.5255
1.0,0.2,35,transformer_add97_permuted_s0,12000.0,4791.0,-7209.0,-0.60075
1.0,0.2,36,transformer_add97_permuted_dense_s0,8000.0,3796.0,-4204.0,-0.5255
1.0,0.2,37,transformer_add97_permuted_dense_s2,8000.0,12323.0,4323.0,0.540375
1.0,0.2,38,transformer_add97_permuted_dense_s4,8000.0,4458.0,-3542.0,-0.44275
1.0,0.2,39,transformer_add97_permuted_dense_s4,8000.0,4458.0,-3542.0,-0.44275
1.0,0.35,0,transformer_add97_permuted_dense_s4,14000.0,4458.0,-9542.0,-0.6815714285714286
1.0,0.35,1,transformer_add97_permuted_dense_s0,14000.0,3796.0,-10204.0,-0.7288571428571429
1.0,0.35,2,transformer_add97_permuted_dense_s0,14000.0,3796.0,-10204.0,-0.7288571428571429
1.0,0.35,3,transformer_add97_permuted_dense_s1,14000.0,8031.0,-5969.0,-0.4263571428571429
1.0,0.35,4,transformer_add97_permuted_dense_s0,14000.0,3796.0,-10204.0,-0.7288571428571429
1.0,0.35,5,transformer_add97_permuted_s1,21000.0,18264.0,-2736.0,-0.13028571428571428
1.0,0.35,6,transformer_add97_permuted_s0,21000.0,4791.0,-16209.0,-0.7718571428571429
1.0,0.35,7,transformer_add97_permuted_s1,21000.0,18264.0,-2736.0,-0.13028571428571428
1.0,0.35,8,transformer_add97_permuted_dense_s2,14000.0,12323.0,-1677.0,-0.11978571428571429
1.0,0.35,9,transformer_add97_permuted_s1,21000.0,18264.0,-2736.0,-0.13028571428571428
1.0,0.35,10,transformer_add97_permuted_s2,21000.0,16955.0,-4045.0,-0.1926190476190476
1.0,0.35,11,transformer_add97_permuted_dense_s3,14000.0,4703.0,-9297.0,-0.6640714285714285
1.0,0.35,12,transformer_add97_permuted_dense_s4,14000.0,4458.0,-9542.0,-0.6815714285714286
1.0,0.35,13,transformer_add97_permuted_s4,21000.0,38410.0,17410.0,0.829047619047619
1.0,0.35,14,transformer_add97_permuted_s3,21000.0,,,
1.0,0.35,15,transformer_add97_permuted_s4,21000.0,38410.0,17410.0,0.829047619047619
1.0,0.35,16,transformer_add97_permuted_dense_s3,14000.0,4703.0,-9297.0,-0.6640714285714285
1.0,0.35,17,transformer_add97_permuted_s1,21000.0,18264.0,-2736.0,-0.13028571428571428
1.0,0.35,18,transformer_add97_permuted_s4,21000.0,38410.0,17410.0,0.829047619047619
1.0,0.35,19,transformer_add97_permuted_s1,21000.0,18264.0,-2736.0,-0.13028571428571428
1.0,0.35,20,transformer_add97_permuted_s3,21000.0,,,
1.0,0.35,21,transformer_add97_permuted_s1,21000.0,18264.0,-2736.0,-0.13028571428571428
1.0,0.35,22,transformer_add97_permuted_s2,21000.0,16955.0,-4045.0,-0.1926190476190476
1.0,0.35,23,transformer_add97_permuted_dense_s3,14000.0,4703.0,-9297.0,-0.6640714285714285
1.0,0.35,24,transformer_add97_permuted_s3,21000.0,,,
1.0,0.35,25,transformer_add97_permuted_dense_s1,14000.0,8031.0,-5969.0,-0.4263571428571429
1.0,0.35,26,transformer_add97_permuted_s0,21000.0,4791.0,-16209.0,-0.7718571428571429
1.0,0.35,27,transformer_add97_permuted_s2,21000.0,16955.0,-4045.0,-0.1926190476190476
1.0,0.35,28,transformer_add97_permuted_s3,21000.0,,,
1.0,0.35,29,transformer_add97_permuted_s0,21000.0,4791.0,-16209.0,-0.7718571428571429
1.0,0.35,30,transformer_add97_permuted_dense_s3,14000.0,4703.0,-9297.0,-0.6640714285714285
1.0,0.35,31,transformer_add97_permuted_dense_s3,14000.0,4703.0,-9297.0,-0.6640714285714285
1.0,0.35,32,transformer_add97_permuted_dense_s4,14000.0,4458.0,-9542.0,-0.6815714285714286
1.0,0.35,33,transformer_add97_permuted_dense_s4,14000.0,4458.0,-9542.0,-0.6815714285714286
1.0,0.35,34,transformer_add97_permuted_s2,21000.0,16955.0,-4045.0,-0.1926190476190476
1.0,0.35,35,transformer_add97_permuted_s3,21000.0,,,
1.0,0.35,36,transformer_add97_permuted_dense_s0,14000.0,3796.0,-10204.0,-0.7288571428571429
1.0,0.35,37,transformer_add97_permuted_s4,21000.0,38410.0,17410.0,0.829047619047619
1.0,0.35,38,transformer_add97_permuted_s0,21000.0,4791.0,-16209.0,-0.7718571428571429
1.0,0.35,39,transformer_add97_permuted_dense_s3,14000.0,4703.0,-9297.0,-0.6640714285714285
1.0,0.5,0,transformer_add97_permuted_s1,30000.0,18264.0,-11736.0,-0.3912
1.0,0.5,1,transformer_add97_permuted_s0,30000.0,4791.0,-25209.0,-0.8403
1.0,0.5,2,transformer_add97_permuted_dense_s2,20000.0,12323.0,-7677.0,-0.38385
1.0,0.5,3,transformer_add97_permuted_dense_s3,20000.0,4703.0,-15297.0,-0.76485
1.0,0.5,4,transformer_add97_permuted_s2,30000.0,16955.0,-13045.0,-0.43483333333333335
1.0,0.5,5,transformer_add97_permuted_s0,30000.0,4791.0,-25209.0,-0.8403
1.0,0.5,6,transformer_add97_permuted_s0,30000.0,4791.0,-25209.0,-0.8403
1.0,0.5,7,transformer_add97_permuted_dense_s3,20000.0,4703.0,-15297.0,-0.76485
1.0,0.5,8,transformer_add97_permuted_s2,30000.0,16955.0,-13045.0,-0.43483333333333335
1.0,0.5,9,transformer_add97_permuted_dense_s3,20000.0,4703.0,-15297.0,-0.76485
1.0,0.5,10,transformer_add97_permuted_dense_s3,20000.0,4703.0,-15297.0,-0.76485
1.0,0.5,11,transformer_add97_permuted_s3,30000.0,,,
1.0,0.5,12,transformer_add97_permuted_dense_s2,20000.0,12323.0,-7677.0,-0.38385
1.0,0.5,13,transformer_add97_permuted_dense_s2,20000.0,12323.0,-7677.0,-0.38385
1.0,0.5,14,transformer_add97_permuted_s2,30000.0,16955.0,-13045.0,-0.43483333333333335
1.0,0.5,15,transformer_add97_permuted_s1,30000.0,18264.0,-11736.0,-0.3912
1.0,0.5,16,transformer_add97_permuted_dense_s0,20000.0,3796.0,-16204.0,-0.8102
1.0,0.5,17,transformer_add97_permuted_dense_s0,20000.0,3796.0,-16204.0,-0.8102
1.0,0.5,18,transformer_add97_permuted_dense_s3,20000.0,4703.0,-15297.0,-0.76485
1.0,0.5,19,transformer_add97_permuted_s3,30000.0,,,
1.0,0.5,20,transformer_add97_permuted_dense_s4,20000.0,4458.0,-15542.0,-0.7771
1.0,0.5,21,transformer_add97_permuted_s2,30000.0,16955.0,-13045.0,-0.43483333333333335
1.0,0.5,22,transformer_add97_permuted_dense_s3,20000.0,4703.0,-15297.0,-0.76485
1.0,0.5,23,transformer_add97_permuted_dense_s2,20000.0,12323.0,-7677.0,-0.38385
1.0,0.5,24,transformer_add97_permuted_s2,30000.0,16955.0,-13045.0,-0.43483333333333335
1.0,0.5,25,transformer_add97_permuted_s3,30000.0,,,
1.0,0.5,26,transformer_add97_permuted_dense_s0,20000.0,3796.0,-16204.0,-0.8102
1.0,0.5,27,transformer_add97_permuted_dense_s0,20000.0,3796.0,-16204.0,-0.8102
1.0,0.5,28,transformer_add97_permuted_s1,30000.0,18264.0,-11736.0,-0.3912
1.0,0.5,29,transformer_add97_permuted_dense_s3,20000.0,4703.0,-15297.0,-0.76485
1.0,0.5,30,transformer_add97_permuted_s0,30000.0,4791.0,-25209.0,-0.8403
1.0,0.5,31,transformer_add97_permuted_dense_s1,20000.0,8031.0,-11969.0,-0.59845
1.0,0.5,32,transformer_add97_permuted_s3,30000.0,,,
1.0,0.5,33,transformer_add97_permuted_dense_s4,20000.0,4458.0,-15542.0,-0.7771
1.0,0.5,34,transformer_add97_permuted_s3,30000.0,,,
1.0,0.5,35,transformer_add97_permuted_s2,30000.0,16955.0,-13045.0,-0.43483333333333335
1.0,0.5,36,transformer_add97_permuted_s2,30000.0,16955.0,-13045.0,-0.43483333333333335
1.0,0.5,37,transformer_add97_permuted_dense_s2,20000.0,12323.0,-7677.0,-0.38385
1.0,0.5,38,transformer_add97_permuted_s2,30000.0,16955.0,-13045.0,-0.43483333333333335
1.0,0.5,39,transformer_add97_permuted_dense_s0,20000.0,3796.0,-16204.0,-0.8102
1.0,0.65,0,transformer_add97_permuted_s0,39000.0,4791.0,-34209.0,-0.8771538461538462
1.0,0.65,1,transformer_add97_permuted_dense_s4,26000.0,4458.0,-21542.0,-0.8285384615384616
1.0,0.65,2,transformer_add97_permuted_s4,39000.0,38410.0,-590.0,-0.015128205128205128
1.0,0.65,3,transformer_add97_permuted_dense_s1,26000.0,8031.0,-17969.0,-0.6911153846153846
1.0,0.65,4,transformer_add97_permuted_s4,39000.0,38410.0,-590.0,-0.015128205128205128
1.0,0.65,5,transformer_add97_permuted_dense_s0,26000.0,3796.0,-22204.0,-0.854
1.0,0.65,6,transformer_add97_permuted_s1,39000.0,18264.0,-20736.0,-0.5316923076923077
1.0,0.65,7,transformer_add97_permuted_s0,39000.0,4791.0,-34209.0,-0.8771538461538462
1.0,0.65,8,transformer_add97_permuted_s3,39000.0,,,
1.0,0.65,9,transformer_add97_permuted_dense_s2,26000.0,12323.0,-13677.0,-0.5260384615384616
1.0,0.65,10,transformer_add97_permuted_s4,39000.0,38410.0,-590.0,-0.015128205128205128
1.0,0.65,11,transformer_add97_permuted_s1,39000.0,18264.0,-20736.0,-0.5316923076923077
1.0,0.65,12,transformer_add97_permuted_s3,39000.0,,,
1.0,0.65,13,transformer_add97_permuted_dense_s1,26000.0,8031.0,-17969.0,-0.6911153846153846
1.0,0.65,14,transformer_add97_permuted_s2,39000.0,16955.0,-22045.0,-0.5652564102564103
1.0,0.65,15,transformer_add97_permuted_s4,39000.0,38410.0,-590.0,-0.015128205128205128
1.0,0.65,16,transformer_add97_permuted_dense_s0,26000.0,3796.0,-22204.0,-0.854
1.0,0.65,17,transformer_add97_permuted_dense_s3,26000.0,4703.0,-21297.0,-0.8191153846153846
1.0,0.65,18,transformer_add97_permuted_s1,39000.0,18264.0,-20736.0,-0.5316923076923077
1.0,0.65,19,transformer_add97_permuted_dense_s1,26000.0,8031.0,-17969.0,-0.6911153846153846
1.0,0.65,20,transformer_add97_permuted_s0,39000.0,4791.0,-34209.0,-0.8771538461538462
1.0,0.65,21,transformer_add97_permuted_s1,39000.0,18264.0,-20736.0,-0.5316923076923077
1.0,0.65,22,transformer_add97_permuted_s2,39000.0,16955.0,-22045.0,-0.5652564102564103
1.0,0.65,23,transformer_add97_permuted_s4,39000.0,38410.0,-590.0,-0.015128205128205128
1.0,0.65,24,transformer_add97_permuted_dense_s4,26000.0,4458.0,-21542.0,-0.8285384615384616
1.0,0.65,25,transformer_add97_permuted_dense_s4,26000.0,4458.0,-21542.0,-0.8285384615384616
1.0,0.65,26,transformer_add97_permuted_dense_s4,26000.0,4458.0,-21542.0,-0.8285384615384616
1.0,0.65,27,transformer_add97_permuted_s4,39000.0,38410.0,-590.0,-0.015128205128205128
1.0,0.65,28,transformer_add97_permuted_dense_s1,26000.0,8031.0,-17969.0,-0.6911153846153846
1.0,0.65,29,transformer_add97_permuted_dense_s4,26000.0,4458.0,-21542.0,-0.8285384615384616
1.0,0.65,30,transformer_add97_permuted_dense_s0,26000.0,3796.0,-22204.0,-0.854
1.0,0.65,31,transformer_add97_permuted_dense_s4,26000.0,4458.0,-21542.0,-0.8285384615384616
1.0,0.65,32,transformer_add97_permuted_s4,39000.0,38410.0,-590.0,-0.015128205128205128
1.0,0.65,33,transformer_add97_permuted_s1,39000.0,18264.0,-20736.0,-0.5316923076923077
1.0,0.65,34,transformer_add97_permuted_dense_s3,26000.0,4703.0,-21297.0,-0.8191153846153846
1.0,0.65,35,transformer_add97_permuted_s4,39000.0,38410.0,-590.0,-0.015128205128205128
1.0,0.65,36,transformer_add97_permuted_s1,39000.0,18264.0,-20736.0,-0.5316923076923077
1.0,0.65,37,transformer_add97_permuted_s4,39000.0,38410.0,-590.0,-0.015128205128205128
1.0,0.65,38,transformer_add97_permuted_dense_s0,26000.0,3796.0,-22204.0,-0.854
1.0,0.65,39,transformer_add97_permuted_dense_s4,26000.0,4458.0,-21542.0,-0.8285384615384616
1.0,0.8,0,transformer_add97_permuted_s3,48000.0,,,
1.0,0.8,1,transformer_add97_permuted_s2,48000.0,16955.0,-31045.0,-0.6467708333333333
1.0,0.8,2,transformer_add97_permuted_dense_s4,32000.0,4458.0,-27542.0,-0.8606875
1.0,0.8,3,transformer_add97_permuted_dense_s4,32000.0,4458.0,-27542.0,-0.8606875
1.0,0.8,4,transformer_add97_permuted_dense_s4,32000.0,4458.0,-27542.0,-0.8606875
1.0,0.8,5,transformer_add97_permuted_s0,48000.0,4791.0,-43209.0,-0.9001875
1.0,0.8,6,transformer_add97_permuted_dense_s2,32000.0,12323.0,-19677.0,-0.61490625
1.0,0.8,7,transformer_add97_permuted_s2,48000.0,16955.0,-31045.0,-0.6467708333333333
1.0,0.8,8,transformer_add97_permuted_dense_s0,32000.0,3796.0,-28204.0,-0.881375
1.0,0.8,9,transformer_add97_permuted_dense_s4,32000.0,4458.0,-27542.0,-0.8606875
1.0,0.8,10,transformer_add97_permuted_dense_s2,32000.0,12323.0,-19677.0,-0.61490625
1.0,0.8,11,transformer_add97_permuted_s2,48000.0,16955.0,-31045.0,-0.6467708333333333
1.0,0.8,12,transformer_add97_permuted_s2,48000.0,16955.0,-31045.0,-0.6467708333333333
1.0,0.8,13,transformer_add97_permuted_s2,48000.0,16955.0,-31045.0,-0.6467708333333333
1.0,0.8,14,transformer_add97_permuted_s4,48000.0,38410.0,-9590.0,-0.19979166666666667
1.0,0.8,15,transformer_add97_permuted_s4,48000.0,38410.0,-9590.0,-0.19979166666666667
1.0,0.8,16,transformer_add97_permuted_dense_s1,32000.0,8031.0,-23969.0,-0.74903125
1.0,0.8,17,transformer_add97_permuted_dense_s1,32000.0,8031.0,-23969.0,-0.74903125
1.0,0.8,18,transformer_add97_permuted_dense_s1,32000.0,8031.0,-23969.0,-0.74903125
1.0,0.8,19,transformer_add97_permuted_s2,48000.0,16955.0,-31045.0,-0.6467708333333333
1.0,0.8,20,transformer_add97_permuted_s4,48000.0,38410.0,-9590.0,-0.19979166666666667
1.0,0.8,21,transformer_add97_permuted_s4,48000.0,38410.0,-9590.0,-0.19979166666666667
1.0,0.8,22,transformer_add97_permuted_s1,48000.0,18264.0,-29736.0,-0.6195
1.0,0.8,23,transformer_add97_permuted_s4,48000.0,38410.0,-9590.0,-0.19979166666666667
1.0,0.8,24,transformer_add97_permuted_s3,48000.0,,,
1.0,0.8,25,transformer_add97_permuted_dense_s0,32000.0,3796.0,-28204.0,-0.881375
1.0,0.8,26,transformer_add97_permuted_dense_s1,32000.0,8031.0,-23969.0,-0.74903125
1.0,0.8,27,transformer_add97_permuted_s3,48000.0,,,
1.0,0.8,28,transformer_add97_permuted_dense_s0,32000.0,3796.0,-28204.0,-0.881375
1.0,0.8,29,transformer_add97_permuted_s4,48000.0,38410.0,-9590.0,-0.19979166666666667
1.0,0.8,30,transformer_add97_permuted_s3,48000.0,,,
1.0,0.8,31,transformer_add97_permuted_s4,48000.0,38410.0,-9590.0,-0.19979166666666667
1.0,0.8,32,transformer_add97_permuted_dense_s3,32000.0,4703.0,-27297.0,-0.85303125
1.0,0.8,33,transformer_add97_permuted_dense_s1,32000.0,8031.0,-23969.0,-0.74903125
1.0,0.8,34,transformer_add97_permuted_s0,48000.0,4791.0,-43209.0,-0.9001875
1.0,0.8,35,transformer_add97_permuted_s4,48000.0,38410.0,-9590.0,-0.19979166666666667
1.0,0.8,36,transformer_add97_permuted_dense_s3,32000.0,4703.0,-27297.0,-0.85303125
1.0,0.8,37,transformer_add97_permuted_s3,48000.0,,,
1.0,0.8,38,transformer_add97_permuted_dense_s3,32000.0,4703.0,-27297.0,-0.85303125
1.0,0.8,39,transformer_add97_permuted_s3,48000.0,,,
1.25,0.2,0,transformer_add97_permuted_dense_s2,8000.0,5825.0,-2175.0,-0.271875
1.25,0.2,1,transformer_add97_permuted_dense_s4,8000.0,4458.0,-3542.0,-0.44275
1.25,0.2,2,transformer_add97_permuted_dense_s3,8000.0,6840.0,-1160.0,-0.145
1.25,0.2,3,transformer_add97_permuted_dense_s2,8000.0,5825.0,-2175.0,-0.271875
1.25,0.2,4,transformer_add97_permuted_s3,12000.0,8062.0,-3938.0,-0.32816666666666666
1.25,0.2,5,transformer_add97_permuted_s3,12000.0,8062.0,-3938.0,-0.32816666666666666
1.25,0.2,6,transformer_add97_permuted_dense_s1,8000.0,8031.0,31.0,0.003875
1.25,0.2,7,transformer_add97_permuted_s4,12000.0,8685.0,-3315.0,-0.27625
1.25,0.2,8,transformer_add97_permuted_s4,12000.0,8685.0,-3315.0,-0.27625
1.25,0.2,9,transformer_add97_permuted_dense_s2,8000.0,5825.0,-2175.0,-0.271875
1.25,0.2,10,transformer_add97_permuted_dense_s4,8000.0,4458.0,-3542.0,-0.44275
1.25,0.2,11,transformer_add97_permuted_s0,12000.0,4791.0,-7209.0,-0.60075
1.25,0.2,12,transformer_add97_permuted_s1,12000.0,18264.0,6264.0,0.522
1.25,0.2,13,transformer_add97_permuted_dense_s4,8000.0,4458.0,-3542.0,-0.44275
1.25,0.2,14,transformer_add97_permuted_dense_s1,8000.0,8031.0,31.0,0.003875
1.25,0.2,15,transformer_add97_permuted_s4,12000.0,8685.0,-3315.0,-0.27625
1.25,0.2,16,transformer_add97_permuted_s1,12000.0,18264.0,6264.0,0.522
1.25,0.2,17,transformer_add97_permuted_dense_s0,8000.0,8473.0,473.0,0.059125
1.25,0.2,18,transformer_add97_permuted_s3,12000.0,8062.0,-3938.0,-0.32816666666666666
1.25,0.2,19,transformer_add97_permuted_s2,12000.0,16955.0,4955.0,0.41291666666666665
1.25,0.2,20,transformer_add97_permuted_dense_s1,8000.0,8031.0,31.0,0.003875
1.25,0.2,21,transformer_add97_permuted_s1,12000.0,18264.0,6264.0,0.522
1.25,0.2,22,transformer_add97_permuted_s0,12000.0,4791.0,-7209.0,-0.60075
1.25,0.2,23,transformer_add97_permuted_dense_s0,8000.0,8473.0,473.0,0.059125
1.25,0.2,24,transformer_add97_permuted_s4,12000.0,8685.0,-3315.0,-0.27625
1.25,0.2,25,transformer_add97_permuted_s2,12000.0,16955.0,4955.0,0.41291666666666665
1.25,0.2,26,transformer_add97_permuted_dense_s3,8000.0,6840.0,-1160.0,-0.145
1.25,0.2,27,transformer_add97_permuted_dense_s0,8000.0,8473.0,473.0,0.059125
1.25,0.2,28,transformer_add97_permuted_dense_s0,8000.0,8473.0,473.0,0.059125
1.25,0.2,29,transformer_add97_permuted_s2,12000.0,16955.0,4955.0,0.41291666666666665
1.25,0.2,30,transformer_add97_permuted_dense_s1,8000.0,8031.0,31.0,0.003875
1.25,0.2,31,transformer_add97_permuted_s0,12000.0,4791.0,-7209.0,-0.60075
1.25,0.2,32,transformer_add97_permuted_s3,12000.0,8062.0,-3938.0,-0.32816666666666666
1.25,0.2,33,transformer_add97_permuted_s4,12000.0,8685.0,-3315.0,-0.27625
1.25,0.2,34,transformer_add97_permuted_dense_s2,8000.0,5825.0,-2175.0,-0.271875
1.25,0.2,35,transformer_add97_permuted_dense_s0,8000.0,8473.0,473.0,0.059125
1.25,0.2,36,transformer_add97_permuted_dense_s4,8000.0,4458.0,-3542.0,-0.44275
1.25,0.2,37,transformer_add97_permuted_s3,12000.0,8062.0,-3938.0,-0.32816666666666666
1.25,0.2,38,transformer_add97_permuted_s1,12000.0,18264.0,6264.0,0.522
1.25,0.2,39,transformer_add97_permuted_dense_s0,8000.0,8473.0,473.0,0.059125
1.25,0.35,0,transformer_add97_permuted_s1,21000.0,18264.0,-2736.0,-0.13028571428571428
1.25,0.35,1,transformer_add97_permuted_dense_s3,14000.0,4703.0,-9297.0,-0.6640714285714285
1.25,0.35,2,transformer_add97_permuted_dense_s2,14000.0,13001.0,-999.0,-0.07135714285714286
1.25,0.35,3,transformer_add97_permuted_dense_s4,14000.0,7216.0,-6784.0,-0.4845714285714286
1.25,0.35,4,transformer_add97_permuted_s3,21000.0,12594.0,-8406.0,-0.4002857142857143
1.25,0.35,5,transformer_add97_permuted_s4,21000.0,26486.0,5486.0,0.2612380952380952
1.25,0.35,6,transformer_add97_permuted_dense_s1,14000.0,9430.0,-4570.0,-0.3264285714285714
1.25,0.35,7,transformer_add97_permuted_s0,21000.0,4791.0,-16209.0,-0.7718571428571429
1.25,0.35,8,transformer_add97_permuted_s2,21000.0,16955.0,-4045.0,-0.1926190476190476
1.25,0.35,9,transformer_add97_permuted_dense_s2,14000.0,13001.0,-999.0,-0.07135714285714286
1.25,0.35,10,transformer_add97_permuted_dense_s2,14000.0,13001.0,-999.0,-0.07135714285714286
1.25,0.35,11,transformer_add97_permuted_dense_s2,14000.0,13001.0,-999.0,-0.07135714285714286
1.25,0.35,12,transformer_add97_permuted_dense_s2,14000.0,13001.0,-999.0,-0.07135714285714286
1.25,0.35,13,transformer_add97_permuted_s3,21000.0,12594.0,-8406.0,-0.4002857142857143
1.25,0.35,14,transformer_add97_permuted_dense_s2,14000.0,13001.0,-999.0,-0.07135714285714286
1.25,0.35,15,transformer_add97_permuted_dense_s2,14000.0,13001.0,-999.0,-0.07135714285714286
1.25,0.35,16,transformer_add97_permuted_dense_s1,14000.0,9430.0,-4570.0,-0.3264285714285714
1.25,0.35,17,transformer_add97_permuted_dense_s1,14000.0,9430.0,-4570.0,-0.3264285714285714
1.25,0.35,18,transformer_add97_permuted_s2,21000.0,16955.0,-4045.0,-0.1926190476190476
1.25,0.35,19,transformer_add97_permuted_dense_s2,14000.0,13001.0,-999.0,-0.07135714285714286
1.25,0.35,20,transformer_add97_permuted_s3,21000.0,12594.0,-8406.0,-0.4002857142857143
1.25,0.35,21,transformer_add97_permuted_s0,21000.0,4791.0,-16209.0,-0.7718571428571429
1.25,0.35,22,transformer_add97_permuted_s3,21000.0,12594.0,-8406.0,-0.4002857142857143
1.25,0.35,23,transformer_add97_permuted_s0,21000.0,4791.0,-16209.0,-0.7718571428571429
1.25,0.35,24,transformer_add97_permuted_s2,21000.0,16955.0,-4045.0,-0.1926190476190476
1.25,0.35,25,transformer_add97_permuted_s3,21000.0,12594.0,-8406.0,-0.4002857142857143
1.25,0.35,26,transformer_add97_permuted_dense_s0,14000.0,3796.0,-10204.0,-0.7288571428571429
1.25,0.35,27,transformer_add97_permuted_s0,21000.0,4791.0,-16209.0,-0.7718571428571429
1.25,0.35,28,transformer_add97_permuted_dense_s4,14000.0,7216.0,-6784.0,-0.4845714285714286
1.25,0.35,29,transformer_add97_permuted_dense_s2,14000.0,13001.0,-999.0,-0.07135714285714286
1.25,0.35,30,transformer_add97_permuted_dense_s4,14000.0,7216.0,-6784.0,-0.4845714285714286
1.25,0.35,31,transformer_add97_permuted_dense_s4,14000.0,7216.0,-6784.0,-0.4845714285714286
1.25,0.35,32,transformer_add97_permuted_dense_s4,14000.0,7216.0,-6784.0,-0.4845714285714286
1.25,0.35,33,transformer_add97_permuted_s3,21000.0,12594.0,-8406.0,-0.4002857142857143
1.25,0.35,34,transformer_add97_permuted_s3,21000.0,12594.0,-8406.0,-0.4002857142857143
1.25,0.35,35,transformer_add97_permuted_s1,21000.0,18264.0,-2736.0,-0.13028571428571428
1.25,0.35,36,transformer_add97_permuted_s2,21000.0,16955.0,-4045.0,-0.1926190476190476
1.25,0.35,37,transformer_add97_permuted_s4,21000.0,26486.0,5486.0,0.2612380952380952
1.25,0.35,38,transformer_add97_permuted_s1,21000.0,18264.0,-2736.0,-0.13028571428571428
1.25,0.35,39,transformer_add97_permuted_dense_s3,14000.0,4703.0,-9297.0,-0.6640714285714285
1.25,0.5,0,transformer_add97_permuted_dense_s0,20000.0,3796.0,-16204.0,-0.8102
1.25,0.5,1,transformer_add97_permuted_s0,30000.0,4791.0,-25209.0,-0.8403
1.25,0.5,2,transformer_add97_permuted_dense_s2,20000.0,15265.0,-4735.0,-0.23675
1.25,0.5,3,transformer_add97_permuted_s0,30000.0,4791.0,-25209.0,-0.8403
1.25,0.5,4,transformer_add97_permuted_dense_s0,20000.0,3796.0,-16204.0,-0.8102
1.25,0.5,5,transformer_add97_permuted_s3,30000.0,28530.0,-1470.0,-0.049
1.25,0.5,6,transformer_add97_permuted_s4,30000.0,26486.0,-3514.0,-0.11713333333333334
1.25,0.5,7,transformer_add97_permuted_dense_s1,20000.0,9430.0,-10570.0,-0.5285
1.25,0.5,8,transformer_add97_permuted_s3,30000.0,28530.0,-1470.0,-0.049
1.25,0.5,9,transformer_add97_permuted_dense_s4,20000.0,7216.0,-12784.0,-0.6392
1.25,0.5,10,transformer_add97_permuted_dense_s0,20000.0,3796.0,-16204.0,-0.8102
1.25,0.5,11,transformer_add97_permuted_s4,30000.0,26486.0,-3514.0,-0.11713333333333334
1.25,0.5,12,transformer_add97_permuted_s4,30000.0,26486.0,-3514.0,-0.11713333333333334
1.25,0.5,13,transformer_add97_permuted_dense_s0,20000.0,3796.0,-16204.0,-0.8102
1.25,0.5,14,transformer_add97_permuted_s0,30000.0,4791.0,-25209.0,-0.8403
1.25,0.5,15,transformer_add97_permuted_s3,30000.0,28530.0,-1470.0,-0.049
1.25,0.5,16,transformer_add97_permuted_s2,30000.0,16955.0,-13045.0,-0.43483333333333335
1.25,0.5,17,transformer_add97_permuted_dense_s4,20000.0,7216.0,-12784.0,-0.6392
1.25,0.5,18,transformer_add97_permuted_s3,30000.0,28530.0,-1470.0,-0.049
1.25,0.5,19,transformer_add97_permuted_s3,30000.0,28530.0,-1470.0,-0.049
1.25,0.5,20,transformer_add97_permuted_dense_s1,20000.0,9430.0,-10570.0,-0.5285
1.25,0.5,21,transformer_add97_permuted_dense_s0,20000.0,3796.0,-16204.0,-0.8102
1.25,0.5,22,transformer_add97_permuted_dense_s1,20000.0,9430.0,-10570.0,-0.5285
1.25,0.5,23,transformer_add97_permuted_dense_s3,20000.0,4703.0,-15297.0,-0.76485
1.25,0.5,24,transformer_add97_permuted_dense_s1,20000.0,9430.0,-10570.0,-0.5285
1.25,0.5,25,transformer_add97_permuted_dense_s0,20000.0,3796.0,-16204.0,-0.8102
1.25,0.5,26,transformer_add97_permuted_dense_s2,20000.0,15265.0,-4735.0,-0.23675
1.25,0.5,27,transformer_add97_permuted_s1,30000.0,18264.0,-11736.0,-0.3912
1.25,0.5,28,transformer_add97_permuted_s0,30000.0,4791.0,-25209.0,-0.8403
1.25,0.5,29,transformer_add97_permuted_dense_s2,20000.0,15265.0,-4735.0,-0.23675
1.25,0.5,30,transformer_add97_permuted_s4,30000.0,26486.0,-3514.0,-0.11713333333333334
1.25,0.5,31,transformer_add97_permuted_s2,30000.0,16955.0,-13045.0,-0.43483333333333335
1.25,0.5,32,transformer_add97_permuted_s1,30000.0,18264.0,-11736.0,-0.3912
1.25,0.5,33,transformer_add97_permuted_s4,30000.0,26486.0,-3514.0,-0.11713333333333334
1.25,0.5,34,transformer_add97_permuted_s2,30000.0,16955.0,-13045.0,-0.43483333333333335
1.25,0.5,35,transformer_add97_permuted_dense_s1,20000.0,9430.0,-10570.0,-0.5285
1.25,0.5,36,transformer_add97_permuted_dense_s0,20000.0,3796.0,-16204.0,-0.8102
1.25,0.5,37,transformer_add97_permuted_s3,30000.0,28530.0,-1470.0,-0.049
1.25,0.5,38,transformer_add97_permuted_dense_s4,20000.0,7216.0,-12784.0,-0.6392
1.25,0.5,39,transformer_add97_permuted_dense_s0,20000.0,3796.0,-16204.0,-0.8102
1.25,0.65,0,transformer_add97_permuted_dense_s4,26000.0,4458.0,-21542.0,-0.8285384615384616
1.25,0.65,1,transformer_add97_permuted_dense_s3,26000.0,4703.0,-21297.0,-0.8191153846153846
1.25,0.65,2,transformer_add97_permuted_dense_s4,26000.0,4458.0,-21542.0,-0.8285384615384616
1.25,0.65,3,transformer_add97_permuted_dense_s4,26000.0,4458.0,-21542.0,-0.8285384615384616
1.25,0.65,4,transformer_add97_permuted_dense_s3,26000.0,4703.0,-21297.0,-0.8191153846153846
1.25,0.65,5,transformer_add97_permuted_dense_s4,26000.0,4458.0,-21542.0,-0.8285384615384616
1.25,0.65,6,transformer_add97_permuted_dense_s4,26000.0,4458.0,-21542.0,-0.8285384615384616
1.25,0.65,7,transformer_add97_permuted_s4,39000.0,38410.0,-590.0,-0.015128205128205128
1.25,0.65,8,transformer_add97_permuted_s1,39000.0,18264.0,-20736.0,-0.5316923076923077
1.25,0.65,9,transformer_add97_permuted_s2,39000.0,16955.0,-22045.0,-0.5652564102564103
1.25,0.65,10,transformer_add97_permuted_dense_s0,26000.0,3796.0,-22204.0,-0.854
1.25,0.65,11,transformer_add97_permuted_dense_s3,26000.0,4703.0,-21297.0,-0.8191153846153846
1.25,0.65,12,transformer_add97_permuted_s4,39000.0,38410.0,-590.0,-0.015128205128205128
1.25,0.65,13,transformer_add97_permuted_dense_s2,26000.0,13001.0,-12999.0,-0.49996153846153846
1.25,0.65,14,transformer_add97_permuted_s0,39000.0,4791.0,-34209.0,-0.8771538461538462
1.25,0.65,15,transformer_add97_permuted_s3,39000.0,28530.0,-10470.0,-0.2684615384615385
1.25,0.65,16,transformer_add97_permuted_s1,39000.0,18264.0,-20736.0,-0.5316923076923077
1.25,0.65,17,transformer_add97_permuted_s3,39000.0,28530.0,-10470.0,-0.2684615384615385
1.25,0.65,18,transformer_add97_permuted_dense_s1,26000.0,9430.0,-16570.0,-0.6373076923076924
1.25,0.65,19,transformer_add97_permuted_s0,39000.0,4791.0,-34209.0,-0.8771538461538462
1.25,0.65,20,transformer_add97_permuted_s1,39000.0,18264.0,-20736.0,-0.5316923076923077
1.25,0.65,21,transformer_add97_permuted_dense_s3,26000.0,4703.0,-21297.0,-0.8191153846153846
1.25,0.65,22,transformer_add97_permuted_s0,39000.0,4791.0,-34209.0,-0.8771538461538462
1.25,0.65,23,transformer_add97_permuted_s4,39000.0,38410.0,-590.0,-0.015128205128205128
1.25,0.65,24,transformer_add97_permuted_s2,39000.0,16955.0,-22045.0,-0.5652564102564103
1.25,0.65,25,transformer_add97_permuted_dense_s3,26000.0,4703.0,-21297.0,-0.8191153846153846
1.25,0.65,26,transformer_add97_permuted_dense_s0,26000.0,3796.0,-22204.0,-0.854
1.25,0.65,27,transformer_add97_permuted_dense_s1,26000.0,9430.0,-16570.0,-0.6373076923076924
1.25,0.65,28,transformer_add97_permuted_dense_s2,26000.0,13001.0,-12999.0,-0.49996153846153846
1.25,0.65,29,transformer_add97_permuted_s3,39000.0,28530.0,-10470.0,-0.2684615384615385
1.25,0.65,30,transformer_add97_permuted_dense_s2,26000.0,13001.0,-12999.0,-0.49996153846153846
1.25,0.65,31,transformer_add97_permuted_s3,39000.0,28530.0,-10470.0,-0.2684615384615385
1.25,0.65,32,transformer_add97_permuted_dense_s2,26000.0,13001.0,-12999.0,-0.49996153846153846
1.25,0.65,33,transformer_add97_permuted_s1,39000.0,18264.0,-20736.0,-0.5316923076923077
1.25,0.65,34,transformer_add97_permuted_s0,39000.0,4791.0,-34209.0,-0.8771538461538462
1.25,0.65,35,transformer_add97_permuted_s4,39000.0,38410.0,-590.0,-0.015128205128205128
1.25,0.65,36,transformer_add97_permuted_s0,39000.0,4791.0,-34209.0,-0.8771538461538462
1.25,0.65,37,transformer_add97_permuted_s4,39000.0,38410.0,-590.0,-0.015128205128205128
1.25,0.65,38,transformer_add97_permuted_s4,39000.0,38410.0,-590.0,-0.015128205128205128
1.25,0.65,39,transformer_add97_permuted_s2,39000.0,16955.0,-22045.0,-0.5652564102564103
1.25,0.8,0,transformer_add97_permuted_s1,48000.0,18264.0,-29736.0,-0.6195
1.25,0.8,1,transformer_add97_permuted_s3,48000.0,28530.0,-19470.0,-0.405625
1.25,0.8,2,transformer_add97_permuted_s4,48000.0,38410.0,-9590.0,-0.19979166666666667
1.25,0.8,3,transformer_add97_permuted_dense_s2,32000.0,12323.0,-19677.0,-0.61490625
1.25,0.8,4,transformer_add97_permuted_s0,48000.0,4791.0,-43209.0,-0.9001875
1.25,0.8,5,transformer_add97_permuted_dense_s1,32000.0,9430.0,-22570.0,-0.7053125
1.25,0.8,6,transformer_add97_permuted_dense_s1,32000.0,9430.0,-22570.0,-0.7053125
1.25,0.8,7,transformer_add97_permuted_s1,48000.0,18264.0,-29736.0,-0.6195
1.25,0.8,8,transformer_add97_permuted_dense_s0,32000.0,3796.0,-28204.0,-0.881375
1.25,0.8,9,transformer_add97_permuted_s2,48000.0,16955.0,-31045.0,-0.6467708333333333
1.25,0.8,10,transformer_add97_permuted_s3,48000.0,28530.0,-19470.0,-0.405625
1.25,0.8,11,transformer_add97_permuted_dense_s1,32000.0,9430.0,-22570.0,-0.7053125
1.25,0.8,12,transformer_add97_permuted_s1,48000.0,18264.0,-29736.0,-0.6195
1.25,0.8,13,transformer_add97_permuted_dense_s3,32000.0,4703.0,-27297.0,-0.85303125
1.25,0.8,14,transformer_add97_permuted_s3,48000.0,28530.0,-19470.0,-0.405625
1.25,0.8,15,transformer_add97_permuted_s4,48000.0,38410.0,-9590.0,-0.19979166666666667
1.25,0.8,16,transformer_add97_permuted_s0,48000.0,4791.0,-43209.0,-0.9001875
1.25,0.8,17,transformer_add97_permuted_s0,48000.0,4791.0,-43209.0,-0.9001875
1.25,0.8,18,transformer_add97_permuted_s2,48000.0,16955.0,-31045.0,-0.6467708333333333
1.25,0.8,19,transformer_add97_permuted_s0,48000.0,4791.0,-43209.0,-0.9001875
1.25,0.8,20,transformer_add97_permuted_s2,48000.0,16955.0,-31045.0,-0.6467708333333333
1.25,0.8,21,transformer_add97_permuted_dense_s1,32000.0,9430.0,-22570.0,-0.7053125
1.25,0.8,22,transformer_add97_permuted_s2,48000.0,16955.0,-31045.0,-0.6467708333333333
1.25,0.8,23,transformer_add97_permuted_s0,48000.0,4791.0,-43209.0,-0.9001875
1.25,0.8,24,transformer_add97_permuted_s2,48000.0,16955.0,-31045.0,-0.6467708333333333
1.25,0.8,25,transformer_add97_permuted_s0,48000.0,4791.0,-43209.0,-0.9001875
1.25,0.8,26,transformer_add97_permuted_dense_s3,32000.0,4703.0,-27297.0,-0.85303125
1.25,0.8,27,transformer_add97_permuted_dense_s0,32000.0,3796.0,-28204.0,-0.881375
1.25,0.8,28,transformer_add97_permuted_s0,48000.0,4791.0,-43209.0,-0.9001875
1.25,0.8,29,transformer_add97_permuted_s4,48000.0,38410.0,-9590.0,-0.19979166666666667
1.25,0.8,30,transformer_add97_permuted_dense_s0,32000.0,3796.0,-28204.0,-0.881375
1.25,0.8,31,transformer_add97_permuted_s0,48000.0,4791.0,-43209.0,-0.9001875
1.25,0.8,32,transformer_add97_permuted_dense_s4,32000.0,4458.0,-27542.0,-0.8606875
1.25,0.8,33,transformer_add97_permuted_dense_s0,32000.0,3796.0,-28204.0,-0.881375
1.25,0.8,34,transformer_add97_permuted_s0,48000.0,4791.0,-43209.0,-0.9001875
1.25,0.8,35,transformer_add97_permuted_s2,48000.0,16955.0,-31045.0,-0.6467708333333333
1.25,0.8,36,transformer_add97_permuted_s2,48000.0,16955.0,-31045.0,-0.6467708333333333
1.25,0.8,37,transformer_add97_permuted_s4,48000.0,38410.0,-9590.0,-0.19979166666666667
1.25,0.8,38,transformer_add97_permuted_s0,48000.0,4791.0,-43209.0,-0.9001875
1.25,0.8,39,transformer_add97_permuted_s0,48000.0,4791.0,-43209.0,-0.9001875
1.5,0.2,0,transformer_add97_permuted_s4,12000.0,8685.0,-3315.0,-0.27625
1.5,0.2,1,transformer_add97_permuted_dense_s3,8000.0,6840.0,-1160.0,-0.145
1.5,0.2,2,transformer_add97_permuted_s2,12000.0,16955.0,4955.0,0.41291666666666665
1.5,0.2,3,transformer_add97_permuted_dense_s1,8000.0,8031.0,31.0,0.003875
1.5,0.2,4,transformer_add97_permuted_dense_s3,8000.0,6840.0,-1160.0,-0.145
1.5,0.2,5,transformer_add97_permuted_s1,12000.0,8062.0,-3938.0,-0.32816666666666666
1.5,0.2,6,transformer_add97_permuted_s0,12000.0,8062.0,-3938.0,-0.32816666666666666
1.5,0.2,7,transformer_add97_permuted_dense_s1,8000.0,8031.0,31.0,0.003875
1.5,0.2,8,transformer_add97_permuted_s1,12000.0,8062.0,-3938.0,-0.32816666666666666
1.5,0.2,9,transformer_add97_permuted_s0,12000.0,8062.0,-3938.0,-0.32816666666666666
1.5,0.2,10,transformer_add97_permuted_s4,12000.0,8685.0,-3315.0,-0.27625
1.5,0.2,11,transformer_add97_permuted_s1,12000.0,8062.0,-3938.0,-0.32816666666666666
1.5,0.2,12,transformer_add97_permuted_s3,12000.0,12594.0,594.0,0.0495
1.5,0.2,13,transformer_add97_permuted_s4,12000.0,8685.0,-3315.0,-0.27625
1.5,0.2,14,transformer_add97_permuted_dense_s0,8000.0,8473.0,473.0,0.059125
1.5,0.2,15,transformer_add97_permuted_dense_s0,8000.0,8473.0,473.0,0.059125
1.5,0.2,16,transformer_add97_permuted_s0,12000.0,8062.0,-3938.0,-0.32816666666666666
1.5,0.2,17,transformer_add97_permuted_dense_s4,8000.0,7216.0,-784.0,-0.098
1.5,0.2,18,transformer_add97_permuted_s0,12000.0,8062.0,-3938.0,-0.32816666666666666
1.5,0.2,19,transformer_add97_permuted_s2,12000.0,16955.0,4955.0,0.41291666666666665
1.5,0.2,20,transformer_add97_permuted_dense_s3,8000.0,6840.0,-1160.0,-0.145
1.5,0.2,21,transformer_add97_permuted_dense_s1,8000.0,8031.0,31.0,0.003875
1.5,0.2,22,transformer_add97_permuted_s1,12000.0,8062.0,-3938.0,-0.32816666666666666
1.5,0.2,23,transformer_add97_permuted_dense_s3,8000.0,6840.0,-1160.0,-0.145
1.5,0.2,24,transformer_add97_permuted_s4,12000.0,8685.0,-3315.0,-0.27625
1.5,0.2,25,transformer_add97_permuted_dense_s0,8000.0,8473.0,473.0,0.059125
1.5,0.2,26,transformer_add97_permuted_s2,12000.0,16955.0,4955.0,0.41291666666666665
1.5,0.2,27,transformer_add97_permuted_s2,12000.0,16955.0,4955.0,0.41291666666666665
1.5,0.2,28,transformer_add97_permuted_dense_s2,8000.0,5825.0,-2175.0,-0.271875
1.5,0.2,29,transformer_add97_permuted_dense_s0,8000.0,8473.0,473.0,0.059125
1.5,0.2,30,transformer_add97_permuted_dense_s3,8000.0,6840.0,-1160.0,-0.145
1.5,0.2,31,transformer_add97_permuted_dense_s3,8000.0,6840.0,-1160.0,-0.145
1.5,0.2,32,transformer_add97_permuted_s4,12000.0,8685.0,-3315.0,-0.27625
1.5,0.2,33,transformer_add97_permuted_s3,12000.0,12594.0,594.0,0.0495
1.5,0.2,34,transformer_add97_permuted_dense_s2,8000.0,5825.0,-2175.0,-0.271875
1.5,0.2,35,transformer_add97_permuted_dense_s4,8000.0,7216.0,-784.0,-0.098
1.5,0.2,36,transformer_add97_permuted_s0,12000.0,8062.0,-3938.0,-0.32816666666666666
1.5,0.2,37,transformer_add97_permuted_s4,12000.0,8685.0,-3315.0,-0.27625
1.5,0.2,38,transformer_add97_permuted_dense_s1,8000.0,8031.0,31.0,0.003875
1.5,0.2,39,transformer_add97_permuted_s2,12000.0,16955.0,4955.0,0.41291666666666665
1.5,0.35,0,transformer_add97_permuted_s4,21000.0,26486.0,5486.0,0.2612380952380952
1.5,0.35,1,transformer_add97_permuted_s4,21000.0,26486.0,5486.0,0.2612380952380952
1.5,0.35,2,transformer_add97_permuted_dense_s2,14000.0,15265.0,1265.0,0.09035714285714286
1.5,0.35,3,transformer_add97_permuted_dense_s1,14000.0,9430.0,-4570.0,-0.3264285714285714
1.5,0.35,4,transformer_add97_permuted_s0,21000.0,8062.0,-12938.0,-0.6160952380952381
1.5,0.35,5,transformer_add97_permuted_dense_s0,14000.0,11681.0,-2319.0,-0.16564285714285715
1.5,0.35,6,transformer_add97_permuted_dense_s1,14000.0,9430.0,-4570.0,-0.3264285714285714
1.5,0.35,7,transformer_add97_permuted_dense_s0,14000.0,11681.0,-2319.0,-0.16564285714285715
1.5,0.35,8,transformer_add97_permuted_dense_s2,14000.0,15265.0,1265.0,0.09035714285714286
1.5,0.35,9,transformer_add97_permuted_s3,21000.0,21192.0,192.0,0.009142857142857144
1.5,0.35,10,transformer_add97_permuted_s1,21000.0,21192.0,192.0,0.009142857142857144
1.5,0.35,11,transformer_add97_permuted_s1,21000.0,21192.0,192.0,0.009142857142857144
1.5,0.35,12,transformer_add97_permuted_s4,21000.0,26486.0,5486.0,0.2612380952380952
1.5,0.35,13,transformer_add97_permuted_dense_s4,14000.0,12323.0,-1677.0,-0.11978571428571429
1.5,0.35,14,transformer_add97_permuted_dense_s0,14000.0,11681.0,-2319.0,-0.16564285714285715
1.5,0.35,15,transformer_add97_permuted_dense_s1,14000.0,9430.0,-4570.0,-0.3264285714285714
1.5,0.35,16,transformer_add97_permuted_dense_s2,14000.0,15265.0,1265.0,0.09035714285714286
1.5,0.35,17,transformer_add97_permuted_s1,21000.0,21192.0,192.0,0.009142857142857144
1.5,0.35,18,transformer_add97_permuted_dense_s3,14000.0,6840.0,-7160.0,-0.5114285714285715
1.5,0.35,19,transformer_add97_permuted_dense_s3,14000.0,6840.0,-7160.0,-0.5114285714285715
1.5,0.35,20,transformer_add97_permuted_dense_s1,14000.0,9430.0,-4570.0,-0.3264285714285714
1.5,0.35,21,transformer_add97_permuted_s2,21000.0,16955.0,-4045.0,-0.1926190476190476
1.5,0.35,22,transformer_add97_permuted_dense_s0,14000.0,11681.0,-2319.0,-0.16564285714285715
1.5,0.35,23,transformer_add97_permuted_dense_s4,14000.0,12323.0,-1677.0,-0.11978571428571429
1.5,0.35,24,transformer_add97_permuted_s2,21000.0,16955.0,-4045.0,-0.1926190476190476
1.5,0.35,25,transformer_add97_permuted_s0,21000.0,8062.0,-12938.0,-0.6160952380952381
1.5,0.35,26,transformer_add97_permuted_s1,21000.0,21192.0,192.0,0.009142857142857144
1.5,0.35,27,transformer_add97_permuted_s2,21000.0,16955.0,-4045.0,-0.1926190476190476
1.5,0.35,28,transformer_add97_permuted_dense_s2,14000.0,15265.0,1265.0,0.09035714285714286
1.5,0.35,29,transformer_add97_permuted_dense_s0,14000.0,11681.0,-2319.0,-0.16564285714285715
1.5,0.35,30,transformer_add97_permuted_dense_s0,14000.0,11681.0,-2319.0,-0.16564285714285715
1.5,0.35,31,transformer_add97_permuted_s0,21000.0,8062.0,-12938.0,-0.6160952380952381
1.5,0.35,32,transformer_add97_permuted_dense_s2,14000.0,15265.0,1265.0,0.09035714285714286
1.5,0.35,33,transformer_add97_permuted_dense_s1,14000.0,9430.0,-4570.0,-0.3264285714285714
1.5,0.35,34,transformer_add97_permuted_s2,21000.0,16955.0,-4045.0,-0.1926190476190476
1.5,0.35,35,transformer_add97_permuted_s3,21000.0,21192.0,192.0,0.009142857142857144
1.5,0.35,36,transformer_add97_permuted_s4,21000.0,26486.0,5486.0,0.2612380952380952
1.5,0.35,37,transformer_add97_permuted_dense_s4,14000.0,12323.0,-1677.0,-0.11978571428571429
1.5,0.35,38,transformer_add97_permuted_s0,21000.0,8062.0,-12938.0,-0.6160952380952381
1.5,0.35,39,transformer_add97_permuted_s4,21000.0,26486.0,5486.0,0.2612380952380952
1.5,0.5,0,transformer_add97_permuted_s0,30000.0,8062.0,-21938.0,-0.7312666666666666
1.5,0.5,1,transformer_add97_permuted_dense_s1,20000.0,9430.0,-10570.0,-0.5285
1.5,0.5,2,transformer_add97_permuted_dense_s2,20000.0,15265.0,-4735.0,-0.23675
1.5,0.5,3,transformer_add97_permuted_s4,30000.0,38410.0,8410.0,0.2803333333333333
1.5,0.5,4,transformer_add97_permuted_dense_s0,20000.0,4458.0,-15542.0,-0.7771
1.5,0.5,5,transformer_add97_permuted_s3,30000.0,28530.0,-1470.0,-0.049
1.5,0.5,6,transformer_add97_permuted_s1,30000.0,35658.0,5658.0,0.1886
1.5,0.5,7,transformer_add97_permuted_dense_s4,20000.0,22202.0,2202.0,0.1101
1.5,0.5,8,transformer_add97_permuted_s3,30000.0,28530.0,-1470.0,-0.049
1.5,0.5,9,transformer_add97_permuted_s3,30000.0,28530.0,-1470.0,-0.049
1.5,0.5,10,transformer_add97_permuted_dense_s4,20000.0,22202.0,2202.0,0.1101
1.5,0.5,11,transformer_add97_permuted_s1,30000.0,35658.0,5658.0,0.1886
1.5,0.5,12,transformer_add97_permuted_s2,30000.0,33103.0,3103.0,0.10343333333333334
1.5,0.5,13,transformer_add97_permuted_s1,30000.0,35658.0,5658.0,0.1886
1.5,0.5,14,transformer_add97_permuted_dense_s4,20000.0,22202.0,2202.0,0.1101
1.5,0.5,15,transformer_add97_permuted_s4,30000.0,38410.0,8410.0,0.2803333333333333
1.5,0.5,16,transformer_add97_permuted_s3,30000.0,28530.0,-1470.0,-0.049
1.5,0.5,17,transformer_add97_permuted_dense_s0,20000.0,4458.0,-15542.0,-0.7771
1.5,0.5,18,transformer_add97_permuted_s0,30000.0,8062.0,-21938.0,-0.7312666666666666
1.5,0.5,19,transformer_add97_permuted_s3,30000.0,28530.0,-1470.0,-0.049
1.5,0.5,20,transformer_add97_permuted_dense_s0,20000.0,4458.0,-15542.0,-0.7771
1.5,0.5,21,transformer_add97_permuted_dense_s3,20000.0,6840.0,-13160.0,-0.658
1.5,0.5,22,transformer_add97_permuted_s0,30000.0,8062.0,-21938.0,-0.7312666666666666
1.5,0.5,23,transformer_add97_permuted_dense_s3,20000.0,6840.0,-13160.0,-0.658
1.5,0.5,24,transformer_add97_permuted_s1,30000.0,35658.0,5658.0,0.1886
1.5,0.5,25,transformer_add97_permuted_s4,30000.0,38410.0,8410.0,0.2803333333333333
1.5,0.5,26,transformer_add97_permuted_dense_s3,20000.0,6840.0,-13160.0,-0.658
1.5,0.5,27,transformer_add97_permuted_s2,30000.0,33103.0,3103.0,0.10343333333333334
1.5,0.5,28,transformer_add97_permuted_dense_s1,20000.0,9430.0,-10570.0,-0.5285
1.5,0.5,29,transformer_add97_permuted_dense_s4,20000.0,22202.0,2202.0,0.1101
1.5,0.5,30,transformer_add97_permuted_dense_s0,20000.0,4458.0,-15542.0,-0.7771
1.5,0.5,31,transformer_add97_permuted_dense_s4,20000.0,22202.0,2202.0,0.1101
1.5,0.5,32,transformer_add97_permuted_dense_s0,20000.0,4458.0,-15542.0,-0.7771
1.5,0.5,33,transformer_add97_permuted_s3,30000.0,28530.0,-1470.0,-0.049
1.5,0.5,34,transformer_add97_permuted_s4,30000.0,38410.0,8410.0,0.2803333333333333
1.5,0.5,35,transformer_add97_permuted_dense_s0,20000.0,4458.0,-15542.0,-0.7771
1.5,0.5,36,transformer_add97_permuted_s3,30000.0,28530.0,-1470.0,-0.049
1.5,0.5,37,transformer_add97_permuted_s2,30000.0,33103.0,3103.0,0.10343333333333334
1.5,0.5,38,transformer_add97_permuted_dense_s3,20000.0,6840.0,-13160.0,-0.658
1.5,0.5,39,transformer_add97_permuted_s2,30000.0,33103.0,3103.0,0.10343333333333334
1.5,0.65,0,transformer_add97_permuted_s4,39000.0,41374.0,2374.0,0.06087179487179487
1.5,0.65,1,transformer_add97_permuted_s2,39000.0,35658.0,-3342.0,-0.08569230769230769
1.5,0.65,2,transformer_add97_permuted_s1,39000.0,41374.0,2374.0,0.06087179487179487
1.5,0.65,3,transformer_add97_permuted_dense_s3,26000.0,6840.0,-19160.0,-0.7369230769230769
1.5,0.65,4,transformer_add97_permuted_s1,39000.0,41374.0,2374.0,0.06087179487179487
1.5,0.65,5,transformer_add97_permuted_s2,39000.0,35658.0,-3342.0,-0.08569230769230769
1.5,0.65,6,transformer_add97_permuted_s2,39000.0,35658.0,-3342.0,-0.08569230769230769
1.5,0.65,7,transformer_add97_permuted_dense_s2,26000.0,15265.0,-10735.0,-0.4128846153846154
1.5,0.65,8,transformer_add97_permuted_dense_s4,26000.0,12323.0,-13677.0,-0.5260384615384616
1.5,0.65,9,transformer_add97_permuted_dense_s3,26000.0,6840.0,-19160.0,-0.7369230769230769
1.5,0.65,10,transformer_add97_permuted_s1,39000.0,41374.0,2374.0,0.06087179487179487
1.5,0.65,11,transformer_add97_permuted_dense_s4,26000.0,12323.0,-13677.0,-0.5260384615384616
1.5,0.65,12,transformer_add97_permuted_dense_s4,26000.0,12323.0,-13677.0,-0.5260384615384616
1.5,0.65,13,transformer_add97_permuted_s0,39000.0,8062.0,-30938.0,-0.7932820512820513
1.5,0.65,14,transformer_add97_permuted_s0,39000.0,8062.0,-30938.0,-0.7932820512820513
1.5,0.65,15,transformer_add97_permuted_dense_s1,26000.0,9430.0,-16570.0,-0.6373076923076924
1.5,0.65,16,transformer_add97_permuted_s4,39000.0,41374.0,2374.0,0.06087179487179487
1.5,0.65,17,transformer_add97_permuted_dense_s4,26000.0,12323.0,-13677.0,-0.5260384615384616
1.5,0.65,18,transformer_add97_permuted_dense_s1,26000.0,9430.0,-16570.0,-0.6373076923076924
1.5,0.65,19,transformer_add97_permuted_dense_s0,26000.0,4458.0,-21542.0,-0.8285384615384616
1.5,0.65,20,transformer_add97_permuted_dense_s4,26000.0,12323.0,-13677.0,-0.5260384615384616
1.5,0.65,21,transformer_add97_permuted_s2,39000.0,35658.0,-3342.0,-0.08569230769230769
1.5,0.65,22,transformer_add97_permuted_dense_s2,26000.0,15265.0,-10735.0,-0.4128846153846154
1.5,0.65,23,transformer_add97_permuted_s3,39000.0,28530.0,-10470.0,-0.2684615384615385
1.5,0.65,24,transformer_add97_permuted_dense_s1,26000.0,9430.0,-16570.0,-0.6373076923076924
1.5,0.65,25,transformer_add97_permuted_dense_s1,26000.0,9430.0,-16570.0,-0.6373076923076924
1.5,0.65,26,transformer_add97_permuted_dense_s3,26000.0,6840.0,-19160.0,-0.7369230769230769
1.5,0.65,27,transformer_add97_permuted_s2,39000.0,35658.0,-3342.0,-0.08569230769230769
1.5,0.65,28,transformer_add97_permuted_dense_s2,26000.0,15265.0,-10735.0,-0.4128846153846154
1.5,0.65,29,transformer_add97_permuted_s3,39000.0,28530.0,-10470.0,-0.2684615384615385
1.5,0.65,30,transformer_add97_permuted_dense_s0,26000.0,4458.0,-21542.0,-0.8285384615384616
1.5,0.65,31,transformer_add97_permuted_s4,39000.0,41374.0,2374.0,0.06087179487179487
1.5,0.65,32,transformer_add97_permuted_dense_s0,26000.0,4458.0,-21542.0,-0.8285384615384616
1.5,0.65,33,transformer_add97_permuted_s3,39000.0,28530.0,-10470.0,-0.2684615384615385
1.5,0.65,34,transformer_add97_permuted_dense_s0,26000.0,4458.0,-21542.0,-0.8285384615384616
1.5,0.65,35,transformer_add97_permuted_dense_s4,26000.0,12323.0,-13677.0,-0.5260384615384616
1.5,0.65,36,transformer_add97_permuted_dense_s3,26000.0,6840.0,-19160.0,-0.7369230769230769
1.5,0.65,37,transformer_add97_permuted_s4,39000.0,41374.0,2374.0,0.06087179487179487
1.5,0.65,38,transformer_add97_permuted_s1,39000.0,41374.0,2374.0,0.06087179487179487
1.5,0.65,39,transformer_add97_permuted_s4,39000.0,41374.0,2374.0,0.06087179487179487
1.5,0.8,0,transformer_add97_permuted_dense_s4,32000.0,7216.0,-24784.0,-0.7745
1.5,0.8,1,transformer_add97_permuted_s0,48000.0,8062.0,-39938.0,-0.8320416666666667
1.5,0.8,2,transformer_add97_permuted_s0,48000.0,8062.0,-39938.0,-0.8320416666666667
1.5,0.8,3,transformer_add97_permuted_s2,48000.0,16955.0,-31045.0,-0.6467708333333333
1.5,0.8,4,transformer_add97_permuted_s0,48000.0,8062.0,-39938.0,-0.8320416666666667
1.5,0.8,5,transformer_add97_permuted_s4,48000.0,48006.0,6.0,0.000125
1.5,0.8,6,transformer_add97_permuted_dense_s1,32000.0,9430.0,-22570.0,-0.7053125
1.5,0.8,7,transformer_add97_permuted_dense_s4,32000.0,7216.0,-24784.0,-0.7745
1.5,0.8,8,transformer_add97_permuted_dense_s2,32000.0,15265.0,-16735.0,-0.52296875
1.5,0.8,9,transformer_add97_permuted_s3,48000.0,28530.0,-19470.0,-0.405625
1.5,0.8,10,transformer_add97_permuted_dense_s1,32000.0,9430.0,-22570.0,-0.7053125
1.5,0.8,11,transformer_add97_permuted_s2,48000.0,16955.0,-31045.0,-0.6467708333333333
1.5,0.8,12,transformer_add97_permuted_s4,48000.0,48006.0,6.0,0.000125
1.5,0.8,13,transformer_add97_permuted_dense_s2,32000.0,15265.0,-16735.0,-0.52296875
1.5,0.8,14,transformer_add97_permuted_dense_s2,32000.0,15265.0,-16735.0,-0.52296875
1.5,0.8,15,transformer_add97_permuted_s2,48000.0,16955.0,-31045.0,-0.6467708333333333
1.5,0.8,16,transformer_add97_permuted_s0,48000.0,8062.0,-39938.0,-0.8320416666666667
1.5,0.8,17,transformer_add97_permuted_s0,48000.0,8062.0,-39938.0,-0.8320416666666667
1.5,0.8,18,transformer_add97_permuted_s3,48000.0,28530.0,-19470.0,-0.405625
1.5,0.8,19,transformer_add97_permuted_dense_s0,32000.0,4458.0,-27542.0,-0.8606875
1.5,0.8,20,transformer_add97_permuted_dense_s2,32000.0,15265.0,-16735.0,-0.52296875
1.5,0.8,21,transformer_add97_permuted_dense_s3,32000.0,4703.0,-27297.0,-0.85303125
1.5,0.8,22,transformer_add97_permuted_s4,48000.0,48006.0,6.0,0.000125
1.5,0.8,23,transformer_add97_permuted_dense_s0,32000.0,4458.0,-27542.0,-0.8606875
1.5,0.8,24,transformer_add97_permuted_dense_s4,32000.0,7216.0,-24784.0,-0.7745
1.5,0.8,25,transformer_add97_permuted_dense_s4,32000.0,7216.0,-24784.0,-0.7745
1.5,0.8,26,transformer_add97_permuted_dense_s0,32000.0,4458.0,-27542.0,-0.8606875
1.5,0.8,27,transformer_add97_permuted_dense_s4,32000.0,7216.0,-24784.0,-0.7745
1.5,0.8,28,transformer_add97_permuted_s1,48000.0,18264.0,-29736.0,-0.6195
1.5,0.8,29,transformer_add97_permuted_dense_s4,32000.0,7216.0,-24784.0,-0.7745
1.5,0.8,30,transformer_add97_permuted_dense_s3,32000.0,4703.0,-27297.0,-0.85303125
1.5,0.8,31,transformer_add97_permuted_s0,48000.0,8062.0,-39938.0,-0.8320416666666667
1.5,0.8,32,transformer_add97_permuted_s4,48000.0,48006.0,6.0,0.000125
1.5,0.8,33,transformer_add97_permuted_dense_s1,32000.0,9430.0,-22570.0,-0.7053125
1.5,0.8,34,transformer_add97_permuted_dense_s2,32000.0,15265.0,-16735.0,-0.52296875
1.5,0.8,35,transformer_add97_permuted_s4,48000.0,48006.0,6.0,0.000125
1.5,0.8,36,transformer_add97_permuted_dense_s2,32000.0,15265.0,-16735.0,-0.52296875
1.5,0.8,37,transformer_add97_permuted_s1,48000.0,18264.0,-29736.0,-0.6195
1.5,0.8,38,transformer_add97_permuted_dense_s3,32000.0,4703.0,-27297.0,-0.85303125
1.5,0.8,39,transformer_add97_permuted_s3,48000.0,28530.0,-19470.0,-0.405625
2.0,0.2,0,transformer_add97_permuted_s0,12000.0,11692.0,-308.0,-0.025666666666666667
2.0,0.2,1,transformer_add97_permuted_s3,12000.0,12594.0,594.0,0.0495
2.0,0.2,2,transformer_add97_permuted_s1,12000.0,8062.0,-3938.0,-0.32816666666666666
2.0,0.2,3,transformer_add97_permuted_s0,12000.0,11692.0,-308.0,-0.025666666666666667
2.0,0.2,4,transformer_add97_permuted_dense_s4,8000.0,8031.0,31.0,0.003875
2.0,0.2,5,transformer_add97_permuted_dense_s0,8000.0,9430.0,1430.0,0.17875
2.0,0.2,6,transformer_add97_permuted_dense_s1,8000.0,9430.0,1430.0,0.17875
2.0,0.2,7,transformer_add97_permuted_s2,12000.0,16955.0,4955.0,0.41291666666666665
2.0,0.2,8,transformer_add97_permuted_s1,12000.0,8062.0,-3938.0,-0.32816666666666666
2.0,0.2,9,transformer_add97_permuted_s0,12000.0,11692.0,-308.0,-0.025666666666666667
2.0,0.2,10,transformer_add97_permuted_dense_s1,8000.0,9430.0,1430.0,0.17875
2.0,0.2,11,transformer_add97_permuted_s3,12000.0,12594.0,594.0,0.0495
2.0,0.2,12,transformer_add97_permuted_s2,12000.0,16955.0,4955.0,0.41291666666666665
2.0,0.2,13,transformer_add97_permuted_s0,12000.0,11692.0,-308.0,-0.025666666666666667
2.0,0.2,14,transformer_add97_permuted_dense_s2,8000.0,5825.0,-2175.0,-0.271875
2.0,0.2,15,transformer_add97_permuted_s3,12000.0,12594.0,594.0,0.0495
2.0,0.2,16,transformer_add97_permuted_s0,12000.0,11692.0,-308.0,-0.025666666666666667
2.0,0.2,17,transformer_add97_permuted_s4,12000.0,8685.0,-3315.0,-0.27625
2.0,0.2,18,transformer_add97_permuted_dense_s2,8000.0,5825.0,-2175.0,-0.271875
2.0,0.2,19,transformer_add97_permuted_dense_s3,8000.0,6840.0,-1160.0,-0.145
2.0,0.2,20,transformer_add97_permuted_s3,12000.0,12594.0,594.0,0.0495
2.0,0.2,21,transformer_add97_permuted_dense_s1,8000.0,9430.0,1430.0,0.17875
2.0,0.2,22,transformer_add97_permuted_dense_s3,8000.0,6840.0,-1160.0,-0.145
2.0,0.2,23,transformer_add97_permuted_dense_s3,8000.0,6840.0,-1160.0,-0.145
2.0,0.2,24,transformer_add97_permuted_s2,12000.0,16955.0,4955.0,0.41291666666666665
2.0,0.2,25,transformer_add97_permuted_s2,12000.0,16955.0,4955.0,0.41291666666666665
2.0,0.2,26,transformer_add97_permuted_s2,12000.0,16955.0,4955.0,0.41291666666666665
2.0,0.2,27,transformer_add97_permuted_dense_s4,8000.0,8031.0,31.0,0.003875
2.0,0.2,28,transformer_add97_permuted_s1,12000.0,8062.0,-3938.0,-0.32816666666666666
2.0,0.2,29,transformer_add97_permuted_s0,12000.0,11692.0,-308.0,-0.025666666666666667
2.0,0.2,30,transformer_add97_permuted_s2,12000.0,16955.0,4955.0,0.41291666666666665
2.0,0.2,31,transformer_add97_permuted_dense_s1,8000.0,9430.0,1430.0,0.17875
2.0,0.2,32,transformer_add97_permuted_dense_s3,8000.0,6840.0,-1160.0,-0.145
2.0,0.2,33,transformer_add97_permuted_s2,12000.0,16955.0,4955.0,0.41291666666666665
2.0,0.2,34,transformer_add97_permuted_dense_s2,8000.0,5825.0,-2175.0,-0.271875
2.0,0.2,35,transformer_add97_permuted_dense_s2,8000.0,5825.0,-2175.0,-0.271875
2.0,0.2,36,transformer_add97_permuted_s4,12000.0,8685.0,-3315.0,-0.27625
2.0,0.2,37,transformer_add97_permuted_dense_s1,8000.0,9430.0,1430.0,0.17875
2.0,0.2,38,transformer_add97_permuted_s4,12000.0,8685.0,-3315.0,-0.27625
2.0,0.2,39,transformer_add97_permuted_s3,12000.0,12594.0,594.0,0.0495
2.0,0.35,0,transformer_add97_permuted_dense_s1,14000.0,16104.0,2104.0,0.15028571428571427
2.0,0.35,1,transformer_add97_permuted_s0,21000.0,21192.0,192.0,0.009142857142857144
2.0,0.35,2,transformer_add97_permuted_dense_s3,14000.0,11681.0,-2319.0,-0.16564285714285715
2.0,0.35,3,transformer_add97_permuted_dense_s4,14000.0,15265.0,1265.0,0.09035714285714286
2.0,0.35,4,transformer_add97_permuted_s1,21000.0,21192.0,192.0,0.009142857142857144
2.0,0.35,5,transformer_add97_permuted_s3,21000.0,21192.0,192.0,0.009142857142857144
2.0,0.35,6,transformer_add97_permuted_s4,21000.0,26486.0,5486.0,0.2612380952380952
2.0,0.35,7,transformer_add97_permuted_dense_s0,14000.0,11681.0,-2319.0,-0.16564285714285715
2.0,0.35,8,transformer_add97_permuted_dense_s1,14000.0,16104.0,2104.0,0.15028571428571427
2.0,0.35,9,transformer_add97_permuted_s1,21000.0,21192.0,192.0,0.009142857142857144
2.0,0.35,10,transformer_add97_permuted_dense_s2,14000.0,15265.0,1265.0,0.09035714285714286
2.0,0.35,11,transformer_add97_permuted_dense_s3,14000.0,11681.0,-2319.0,-0.16564285714285715
2.0,0.35,12,transformer_add97_permuted_s0,21000.0,21192.0,192.0,0.009142857142857144
2.0,0.35,13,transformer_add97_permuted_dense_s1,14000.0,16104.0,2104.0,0.15028571428571427
2.0,0.35,14,transformer_add97_permuted_s4,21000.0,26486.0,5486.0,0.2612380952380952
2.0,0.35,15,transformer_add97_permuted_s1,21000.0,21192.0,192.0,0.009142857142857144
2.0,0.35,16,transformer_add97_permuted_dense_s2,14000.0,15265.0,1265.0,0.09035714285714286
2.0,0.35,17,transformer_add97_permuted_dense_s3,14000.0,11681.0,-2319.0,-0.16564285714285715
2.0,0.35,18,transformer_add97_permuted_s1,21000.0,21192.0,192.0,0.009142857142857144
2.0,0.35,19,transformer_add97_permuted_dense_s3,14000.0,11681.0,-2319.0,-0.16564285714285715
2.0,0.35,20,transformer_add97_permuted_s1,21000.0,21192.0,192.0,0.009142857142857144
2.0,0.35,21,transformer_add97_permuted_s4,21000.0,26486.0,5486.0,0.2612380952380952
2.0,0.35,22,transformer_add97_permuted_dense_s3,14000.0,11681.0,-2319.0,-0.16564285714285715
2.0,0.35,23,transformer_add97_permuted_dense_s1,14000.0,16104.0,2104.0,0.15028571428571427
2.0,0.35,24,transformer_add97_permuted_dense_s2,14000.0,15265.0,1265.0,0.09035714285714286
2.0,0.35,25,transformer_add97_permuted_s0,21000.0,21192.0,192.0,0.009142857142857144
2.0,0.35,26,transformer_add97_permuted_s0,21000.0,21192.0,192.0,0.009142857142857144
2.0,0.35,27,transformer_add97_permuted_dense_s0,14000.0,11681.0,-2319.0,-0.16564285714285715
2.0,0.35,28,transformer_add97_permuted_s1,21000.0,21192.0,192.0,0.009142857142857144
2.0,0.35,29,transformer_add97_permuted_dense_s1,14000.0,16104.0,2104.0,0.15028571428571427
2.0,0.35,30,transformer_add97_permuted_s1,21000.0,21192.0,192.0,0.009142857142857144
2.0,0.35,31,transformer_add97_permuted_s3,21000.0,21192.0,192.0,0.009142857142857144
2.0,0.35,32,transformer_add97_permuted_dense_s1,14000.0,16104.0,2104.0,0.15028571428571427
2.0,0.35,33,transformer_add97_permuted_s2,21000.0,24589.0,3589.0,0.1709047619047619
2.0,0.35,34,transformer_add97_permuted_dense_s0,14000.0,11681.0,-2319.0,-0.16564285714285715
2.0,0.35,35,transformer_add97_permuted_s0,21000.0,21192.0,192.0,0.009142857142857144
2.0,0.35,36,transformer_add97_permuted_s1,21000.0,21192.0,192.0,0.009142857142857144
2.0,0.35,37,transformer_add97_permuted_dense_s2,14000.0,15265.0,1265.0,0.09035714285714286
2.0,0.35,38,transformer_add97_permuted_s2,21000.0,24589.0,3589.0,0.1709047619047619
2.0,0.35,39,transformer_add97_permuted_s0,21000.0,21192.0,192.0,0.009142857142857144
2.0,0.5,0,transformer_add97_permuted_dense_s4,20000.0,22202.0,2202.0,0.1101
2.0,0.5,1,transformer_add97_permuted_dense_s0,20000.0,11681.0,-8319.0,-0.41595
2.0,0.5,2,transformer_add97_permuted_dense_s1,20000.0,22202.0,2202.0,0.1101
2.0,0.5,3,transformer_add97_permuted_s2,30000.0,33103.0,3103.0,0.10343333333333334
2.0,0.5,4,transformer_add97_permuted_dense_s4,20000.0,22202.0,2202.0,0.1101
2.0,0.5,5,transformer_add97_permuted_s2,30000.0,33103.0,3103.0,0.10343333333333334
2.0,0.5,6,transformer_add97_permuted_s4,30000.0,38410.0,8410.0,0.2803333333333333
2.0,0.5,7,transformer_add97_permuted_s1,30000.0,35658.0,5658.0,0.1886
2.0,0.5,8,transformer_add97_permuted_s2,30000.0,33103.0,3103.0,0.10343333333333334
2.0,0.5,9,transformer_add97_permuted_s1,30000.0,35658.0,5658.0,0.1886
2.0,0.5,10,transformer_add97_permuted_dense_s3,20000.0,22202.0,2202.0,0.1101
2.0,0.5,11,transformer_add97_permuted_dense_s0,20000.0,11681.0,-8319.0,-0.41595
2.0,0.5,12,transformer_add97_permuted_s1,30000.0,35658.0,5658.0,0.1886
2.0,0.5,13,transformer_add97_permuted_dense_s2,20000.0,19948.0,-52.0,-0.0026
2.0,0.5,14,transformer_add97_permuted_dense_s1,20000.0,22202.0,2202.0,0.1101
2.0,0.5,15,transformer_add97_permuted_s0,30000.0,35658.0,5658.0,0.1886
2.0,0.5,16,transformer_add97_permuted_s1,30000.0,35658.0,5658.0,0.1886
2.0,0.5,17,transformer_add97_permuted_dense_s3,20000.0,22202.0,2202.0,0.1101
2.0,0.5,18,transformer_add97_permuted_s1,30000.0,35658.0,5658.0,0.1886
2.0,0.5,19,transformer_add97_permuted_s4,30000.0,38410.0,8410.0,0.2803333333333333
2.0,0.5,20,transformer_add97_permuted_s2,30000.0,33103.0,3103.0,0.10343333333333334
2.0,0.5,21,transformer_add97_permuted_s4,30000.0,38410.0,8410.0,0.2803333333333333
2.0,0.5,22,transformer_add97_permuted_dense_s0,20000.0,11681.0,-8319.0,-0.41595
2.0,0.5,23,transformer_add97_permuted_dense_s1,20000.0,22202.0,2202.0,0.1101
2.0,0.5,24,transformer_add97_permuted_dense_s3,20000.0,22202.0,2202.0,0.1101
2.0,0.5,25,transformer_add97_permuted_s0,30000.0,35658.0,5658.0,0.1886
2.0,0.5,26,transformer_add97_permuted_s1,30000.0,35658.0,5658.0,0.1886
2.0,0.5,27,transformer_add97_permuted_s1,30000.0,35658.0,5658.0,0.1886
2.0,0.5,28,transformer_add97_permuted_s4,30000.0,38410.0,8410.0,0.2803333333333333
2.0,0.5,29,transformer_add97_permuted_dense_s1,20000.0,22202.0,2202.0,0.1101
2.0,0.5,30,transformer_add97_permuted_dense_s1,20000.0,22202.0,2202.0,0.1101
2.0,0.5,31,transformer_add97_permuted_dense_s3,20000.0,22202.0,2202.0,0.1101
2.0,0.5,32,transformer_add97_permuted_dense_s1,20000.0,22202.0,2202.0,0.1101
2.0,0.5,33,transformer_add97_permuted_s2,30000.0,33103.0,3103.0,0.10343333333333334
2.0,0.5,34,transformer_add97_permuted_dense_s4,20000.0,22202.0,2202.0,0.1101
2.0,0.5,35,transformer_add97_permuted_s4,30000.0,38410.0,8410.0,0.2803333333333333
2.0,0.5,36,transformer_add97_permuted_dense_s2,20000.0,19948.0,-52.0,-0.0026
2.0,0.5,37,transformer_add97_permuted_dense_s3,20000.0,22202.0,2202.0,0.1101
2.0,0.5,38,transformer_add97_permuted_dense_s2,20000.0,19948.0,-52.0,-0.0026
2.0,0.5,39,transformer_add97_permuted_dense_s2,20000.0,19948.0,-52.0,-0.0026
2.0,0.65,0,transformer_add97_permuted_s3,39000.0,38410.0,-590.0,-0.015128205128205128
2.0,0.65,1,transformer_add97_permuted_s3,39000.0,38410.0,-590.0,-0.015128205128205128
2.0,0.65,2,transformer_add97_permuted_dense_s2,26000.0,24710.0,-1290.0,-0.04961538461538462
2.0,0.65,3,transformer_add97_permuted_s0,39000.0,41374.0,2374.0,0.06087179487179487
2.0,0.65,4,transformer_add97_permuted_s3,39000.0,38410.0,-590.0,-0.015128205128205128
2.0,0.65,5,transformer_add97_permuted_dense_s4,26000.0,26069.0,69.0,0.0026538461538461538
2.0,0.65,6,transformer_add97_permuted_s4,39000.0,41374.0,2374.0,0.06087179487179487
2.0,0.65,7,transformer_add97_permuted_dense_s2,26000.0,24710.0,-1290.0,-0.04961538461538462
2.0,0.65,8,transformer_add97_permuted_dense_s2,26000.0,24710.0,-1290.0,-0.04961538461538462
2.0,0.65,9,transformer_add97_permuted_dense_s0,26000.0,11681.0,-14319.0,-0.5507307692307692
2.0,0.65,10,transformer_add97_permuted_s1,39000.0,41374.0,2374.0,0.06087179487179487
2.0,0.65,11,transformer_add97_permuted_dense_s0,26000.0,11681.0,-14319.0,-0.5507307692307692
2.0,0.65,12,transformer_add97_permuted_dense_s1,26000.0,24710.0,-1290.0,-0.04961538461538462
2.0,0.65,13,transformer_add97_permuted_s0,39000.0,41374.0,2374.0,0.06087179487179487
2.0,0.65,14,transformer_add97_permuted_dense_s4,26000.0,26069.0,69.0,0.0026538461538461538
2.0,0.65,15,transformer_add97_permuted_dense_s1,26000.0,24710.0,-1290.0,-0.04961538461538462
2.0,0.65,16,transformer_add97_permuted_s0,39000.0,41374.0,2374.0,0.06087179487179487
2.0,0.65,17,transformer_add97_permuted_s4,39000.0,41374.0,2374.0,0.06087179487179487
2.0,0.65,18,transformer_add97_permuted_s4,39000.0,41374.0,2374.0,0.06087179487179487
2.0,0.65,19,transformer_add97_permuted_dense_s1,26000.0,24710.0,-1290.0,-0.04961538461538462
2.0,0.65,20,transformer_add97_permuted_s2,39000.0,38410.0,-590.0,-0.015128205128205128
2.0,0.65,21,transformer_add97_permuted_dense_s4,26000.0,26069.0,69.0,0.0026538461538461538
2.0,0.65,22,transformer_add97_permuted_dense_s4,26000.0,26069.0,69.0,0.0026538461538461538
2.0,0.65,23,transformer_add97_permuted_dense_s3,26000.0,11681.0,-14319.0,-0.5507307692307692
2.0,0.65,24,transformer_add97_permuted_s3,39000.0,38410.0,-590.0,-0.015128205128205128
2.0,0.65,25,transformer_add97_permuted_dense_s2,26000.0,24710.0,-1290.0,-0.04961538461538462
2.0,0.65,26,transformer_add97_permuted_s0,39000.0,41374.0,2374.0,0.06087179487179487
2.0,0.65,27,transformer_add97_permuted_s2,39000.0,38410.0,-590.0,-0.015128205128205128
2.0,0.65,28,transformer_add97_permuted_dense_s4,26000.0,26069.0,69.0,0.0026538461538461538
2.0,0.65,29,transformer_add97_permuted_s1,39000.0,41374.0,2374.0,0.06087179487179487
2.0,0.65,30,transformer_add97_permuted_dense_s1,26000.0,24710.0,-1290.0,-0.04961538461538462
2.0,0.65,31,transformer_add97_permuted_s2,39000.0,38410.0,-590.0,-0.015128205128205128
2.0,0.65,32,transformer_add97_permuted_dense_s3,26000.0,11681.0,-14319.0,-0.5507307692307692
2.0,0.65,33,transformer_add97_permuted_dense_s0,26000.0,11681.0,-14319.0,-0.5507307692307692
2.0,0.65,34,transformer_add97_permuted_dense_s2,26000.0,24710.0,-1290.0,-0.04961538461538462
2.0,0.65,35,transformer_add97_permuted_dense_s3,26000.0,11681.0,-14319.0,-0.5507307692307692
2.0,0.65,36,transformer_add97_permuted_s1,39000.0,41374.0,2374.0,0.06087179487179487
2.0,0.65,37,transformer_add97_permuted_s0,39000.0,41374.0,2374.0,0.06087179487179487
2.0,0.65,38,transformer_add97_permuted_s3,39000.0,38410.0,-590.0,-0.015128205128205128
2.0,0.65,39,transformer_add97_permuted_dense_s4,26000.0,26069.0,69.0,0.0026538461538461538
2.0,0.8,0,transformer_add97_permuted_s3,48000.0,38410.0,-9590.0,-0.19979166666666667
2.0,0.8,1,transformer_add97_permuted_dense_s0,32000.0,11681.0,-20319.0,-0.63496875
2.0,0.8,2,transformer_add97_permuted_dense_s3,32000.0,11681.0,-20319.0,-0.63496875
2.0,0.8,3,transformer_add97_permuted_dense_s1,32000.0,32292.0,292.0,0.009125
2.0,0.8,4,transformer_add97_permuted_dense_s3,32000.0,11681.0,-20319.0,-0.63496875
2.0,0.8,5,transformer_add97_permuted_s4,48000.0,48006.0,6.0,0.000125
2.0,0.8,6,transformer_add97_permuted_dense_s1,32000.0,32292.0,292.0,0.009125
2.0,0.8,7,transformer_add97_permuted_dense_s1,32000.0,32292.0,292.0,0.009125
2.0,0.8,8,transformer_add97_permuted_dense_s4,32000.0,29014.0,-2986.0,-0.0933125
2.0,0.8,9,transformer_add97_permuted_s3,48000.0,38410.0,-9590.0,-0.19979166666666667
2.0,0.8,10,transformer_add97_permuted_dense_s0,32000.0,11681.0,-20319.0,-0.63496875
2.0,0.8,11,transformer_add97_permuted_s3,48000.0,38410.0,-9590.0,-0.19979166666666667
2.0,0.8,12,transformer_add97_permuted_s2,48000.0,35658.0,-12342.0,-0.257125
2.0,0.8,13,transformer_add97_permuted_dense_s3,32000.0,11681.0,-20319.0,-0.63496875
2.0,0.8,14,transformer_add97_permuted_dense_s0,32000.0,11681.0,-20319.0,-0.63496875
2.0,0.8,15,transformer_add97_permuted_dense_s4,32000.0,29014.0,-2986.0,-0.0933125
2.0,0.8,16,transformer_add97_permuted_s2,48000.0,35658.0,-12342.0,-0.257125
2.0,0.8,17,transformer_add97_permuted_s3,48000.0,38410.0,-9590.0,-0.19979166666666667
2.0,0.8,18,transformer_add97_permuted_dense_s1,32000.0,32292.0,292.0,0.009125
2.0,0.8,19,transformer_add97_permuted_s1,48000.0,48006.0,6.0,0.000125
2.0,0.8,20,transformer_add97_permuted_s0,48000.0,51711.0,3711.0,0.0773125
2.0,0.8,21,transformer_add97_permuted_s3,48000.0,38410.0,-9590.0,-0.19979166666666667
2.0,0.8,22,transformer_add97_permuted_s2,48000.0,35658.0,-12342.0,-0.257125
2.0,0.8,23,transformer_add97_permuted_s2,48000.0,35658.0,-12342.0,-0.257125
2.0,0.8,24,transformer_add97_permuted_s3,48000.0,38410.0,-9590.0,-0.19979166666666667
2.0,0.8,25,transformer_add97_permuted_s1,48000.0,48006.0,6.0,0.000125
2.0,0.8,26,transformer_add97_permuted_dense_s3,32000.0,11681.0,-20319.0,-0.63496875
2.0,0.8,27,transformer_add97_permuted_s4,48000.0,48006.0,6.0,0.000125
2.0,0.8,28,transformer_add97_permuted_s0,48000.0,51711.0,3711.0,0.0773125
2.0,0.8,29,transformer_add97_permuted_s3,48000.0,38410.0,-9590.0,-0.19979166666666667
2.0,0.8,30,transformer_add97_permuted_dense_s1,32000.0,32292.0,292.0,0.009125
2.0,0.8,31,transformer_add97_permuted_dense_s1,32000.0,32292.0,292.0,0.009125
2.0,0.8,32,transformer_add97_permuted_s0,48000.0,51711.0,3711.0,0.0773125
2.0,0.8,33,transformer_add97_permuted_s2,48000.0,35658.0,-12342.0,-0.257125
2.0,0.8,34,transformer_add97_permuted_s4,48000.0,48006.0,6.0,0.000125
2.0,0.8,35,transformer_add97_permuted_dense_s0,32000.0,11681.0,-20319.0,-0.63496875
2.0,0.8,36,transformer_add97_permuted_s3,48000.0,38410.0,-9590.0,-0.19979166666666667
2.0,0.8,37,transformer_add97_permuted_dense_s4,32000.0,29014.0,-2986.0,-0.0933125
2.0,0.8,38,transformer_add97_permuted_s4,48000.0,48006.0,6.0,0.000125
2.0,0.8,39,transformer_add97_permuted_dense_s3,32000.0,11681.0,-20319.0,-0.63496875
3.0,0.2,0,transformer_add97_permuted_s4,12000.0,10854.0,-1146.0,-0.0955
3.0,0.2,1,transformer_add97_permuted_dense_s2,8000.0,6483.0,-1517.0,-0.189625
3.0,0.2,2,transformer_add97_permuted_dense_s3,8000.0,9430.0,1430.0,0.17875
3.0,0.2,3,transformer_add97_permuted_s4,12000.0,10854.0,-1146.0,-0.0955
3.0,0.2,4,transformer_add97_permuted_s4,12000.0,10854.0,-1146.0,-0.0955
3.0,0.2,5,transformer_add97_permuted_dense_s0,8000.0,9430.0,1430.0,0.17875
3.0,0.2,6,transformer_add97_permuted_dense_s1,8000.0,9430.0,1430.0,0.17875
3.0,0.2,7,transformer_add97_permuted_dense_s0,8000.0,9430.0,1430.0,0.17875
3.0,0.2,8,transformer_add97_permuted_s4,12000.0,10854.0,-1146.0,-0.0955
3.0,0.2,9,transformer_add97_permuted_dense_s3,8000.0,9430.0,1430.0,0.17875
3.0,0.2,10,transformer_add97_permuted_s0,12000.0,13566.0,1566.0,0.1305
3.0,0.2,11,transformer_add97_permuted_s4,12000.0,10854.0,-1146.0,-0.0955
3.0,0.2,12,transformer_add97_permuted_s3,12000.0,12594.0,594.0,0.0495
3.0,0.2,13,transformer_add97_permuted_dense_s2,8000.0,6483.0,-1517.0,-0.189625
3.0,0.2,14,transformer_add97_permuted_dense_s3,8000.0,9430.0,1430.0,0.17875
3.0,0.2,15,transformer_add97_permuted_s3,12000.0,12594.0,594.0,0.0495
3.0,0.2,16,transformer_add97_permuted_dense_s4,8000.0,8031.0,31.0,0.003875
3.0,0.2,17,transformer_add97_permuted_dense_s1,8000.0,9430.0,1430.0,0.17875
3.0,0.2,18,transformer_add97_permuted_s4,12000.0,10854.0,-1146.0,-0.0955
3.0,0.2,19,transformer_add97_permuted_s0,12000.0,13566.0,1566.0,0.1305
3.0,0.2,20,transformer_add97_permuted_s2,12000.0,16955.0,4955.0,0.41291666666666665
3.0,0.2,21,transformer_add97_permuted_s4,12000.0,10854.0,-1146.0,-0.0955
3.0,0.2,22,transformer_add97_permuted_s1,12000.0,12594.0,594.0,0.0495
3.0,0.2,23,transformer_add97_permuted_s2,12000.0,16955.0,4955.0,0.41291666666666665
3.0,0.2,24,transformer_add97_permuted_s3,12000.0,12594.0,594.0,0.0495
3.0,0.2,25,transformer_add97_permuted_s4,12000.0,10854.0,-1146.0,-0.0955
3.0,0.2,26,transformer_add97_permuted_s0,12000.0,13566.0,1566.0,0.1305
3.0,0.2,27,transformer_add97_permuted_s0,12000.0,13566.0,1566.0,0.1305
3.0,0.2,28,transformer_add97_permuted_s1,12000.0,12594.0,594.0,0.0495
3.0,0.2,29,transformer_add97_permuted_s4,12000.0,10854.0,-1146.0,-0.0955
3.0,0.2,30,transformer_add97_permuted_dense_s4,8000.0,8031.0,31.0,0.003875
3.0,0.2,31,transformer_add97_permuted_s3,12000.0,12594.0,594.0,0.0495
3.0,0.2,32,transformer_add97_permuted_dense_s2,8000.0,6483.0,-1517.0,-0.189625
3.0,0.2,33,transformer_add97_permuted_s2,12000.0,16955.0,4955.0,0.41291666666666665
3.0,0.2,34,transformer_add97_permuted_dense_s1,8000.0,9430.0,1430.0,0.17875
3.0,0.2,35,transformer_add97_permuted_s3,12000.0,12594.0,594.0,0.0495
3.0,0.2,36,transformer_add97_permuted_dense_s3,8000.0,9430.0,1430.0,0.17875
3.0,0.2,37,transformer_add97_permuted_s1,12000.0,12594.0,594.0,0.0495
3.0,0.2,38,transformer_add97_permuted_dense_s1,8000.0,9430.0,1430.0,0.17875
3.0,0.2,39,transformer_add97_permuted_dense_s3,8000.0,9430.0,1430.0,0.17875
3.0,0.35,0,transformer_add97_permuted_dense_s0,14000.0,15265.0,1265.0,0.09035714285714286
3.0,0.35,1,transformer_add97_permuted_s0,21000.0,21192.0,192.0,0.009142857142857144
3.0,0.35,2,transformer_add97_permuted_s4,21000.0,26486.0,5486.0,0.2612380952380952
3.0,0.35,3,transformer_add97_permuted_dense_s2,14000.0,15265.0,1265.0,0.09035714285714286
3.0,0.35,4,transformer_add97_permuted_dense_s2,14000.0,15265.0,1265.0,0.09035714285714286
3.0,0.35,5,transformer_add97_permuted_s2,21000.0,24589.0,3589.0,0.1709047619047619
3.0,0.35,6,transformer_add97_permuted_dense_s1,14000.0,16104.0,2104.0,0.15028571428571427
3.0,0.35,7,transformer_add97_permuted_dense_s1,14000.0,16104.0,2104.0,0.15028571428571427
3.0,0.35,8,transformer_add97_permuted_dense_s2,14000.0,15265.0,1265.0,0.09035714285714286
3.0,0.35,9,transformer_add97_permuted_s0,21000.0,21192.0,192.0,0.009142857142857144
3.0,0.35,10,transformer_add97_permuted_s0,21000.0,21192.0,192.0,0.009142857142857144
3.0,0.35,11,transformer_add97_permuted_s0,21000.0,21192.0,192.0,0.009142857142857144
3.0,0.35,12,transformer_add97_permuted_dense_s0,14000.0,15265.0,1265.0,0.09035714285714286
3.0,0.35,13,transformer_add97_permuted_s1,21000.0,24589.0,3589.0,0.1709047619047619
3.0,0.35,14,transformer_add97_permuted_dense_s3,14000.0,14469.0,469.0,0.0335
3.0,0.35,15,transformer_add97_permuted_s2,21000.0,24589.0,3589.0,0.1709047619047619
3.0,0.35,16,transformer_add97_permuted_s3,21000.0,21192.0,192.0,0.009142857142857144
3.0,0.35,17,transformer_add97_permuted_dense_s1,14000.0,16104.0,2104.0,0.15028571428571427
3.0,0.35,18,transformer_add97_permuted_dense_s2,14000.0,15265.0,1265.0,0.09035714285714286
3.0,0.35,19,transformer_add97_permuted_s1,21000.0,24589.0,3589.0,0.1709047619047619
3.0,0.35,20,transformer_add97_permuted_dense_s1,14000.0,16104.0,2104.0,0.15028571428571427
3.0,0.35,21,transformer_add97_permuted_dense_s4,14000.0,15265.0,1265.0,0.09035714285714286
3.0,0.35,22,transformer_add97_permuted_dense_s3,14000.0,14469.0,469.0,0.0335
3.0,0.35,23,transformer_add97_permuted_s1,21000.0,24589.0,3589.0,0.1709047619047619
3.0,0.35,24,transformer_add97_permuted_s2,21000.0,24589.0,3589.0,0.1709047619047619
3.0,0.35,25,transformer_add97_permuted_s1,21000.0,24589.0,3589.0,0.1709047619047619
3.0,0.35,26,transformer_add97_permuted_dense_s3,14000.0,14469.0,469.0,0.0335
3.0,0.35,27,transformer_add97_permuted_s0,21000.0,21192.0,192.0,0.009142857142857144
3.0,0.35,28,transformer_add97_permuted_s3,21000.0,21192.0,192.0,0.009142857142857144
3.0,0.35,29,transformer_add97_permuted_s2,21000.0,24589.0,3589.0,0.1709047619047619
3.0,0.35,30,transformer_add97_permuted_s2,21000.0,24589.0,3589.0,0.1709047619047619
3.0,0.35,31,transformer_add97_permuted_s0,21000.0,21192.0,192.0,0.009142857142857144
3.0,0.35,32,transformer_add97_permuted_s0,21000.0,21192.0,192.0,0.009142857142857144
3.0,0.35,33,transformer_add97_permuted_dense_s4,14000.0,15265.0,1265.0,0.09035714285714286
3.0,0.35,34,transformer_add97_permuted_s1,21000.0,24589.0,3589.0,0.1709047619047619
3.0,0.35,35,transformer_add97_permuted_dense_s2,14000.0,15265.0,1265.0,0.09035714285714286
3.0,0.35,36,transformer_add97_permuted_dense_s4,14000.0,15265.0,1265.0,0.09035714285714286
3.0,0.35,37,transformer_add97_permuted_dense_s2,14000.0,15265.0,1265.0,0.09035714285714286
3.0,0.35,38,transformer_add97_permuted_s0,21000.0,21192.0,192.0,0.009142857142857144
3.0,0.35,39,transformer_add97_permuted_s1,21000.0,24589.0,3589.0,0.1709047619047619
3.0,0.5,0,transformer_add97_permuted_s2,30000.0,33103.0,3103.0,0.10343333333333334
3.0,0.5,1,transformer_add97_permuted_s1,30000.0,35658.0,5658.0,0.1886
3.0,0.5,2,transformer_add97_permuted_dense_s1,20000.0,22202.0,2202.0,0.1101
3.0,0.5,3,transformer_add97_permuted_dense_s1,20000.0,22202.0,2202.0,0.1101
3.0,0.5,4,transformer_add97_permuted_dense_s3,20000.0,22202.0,2202.0,0.1101
3.0,0.5,5,transformer_add97_permuted_s4,30000.0,38410.0,8410.0,0.2803333333333333
3.0,0.5,6,transformer_add97_permuted_dense_s0,20000.0,18909.0,-1091.0,-0.05455
3.0,0.5,7,transformer_add97_permuted_s1,30000.0,35658.0,5658.0,0.1886
3.0,0.5,8,transformer_add97_permuted_dense_s2,20000.0,21045.0,1045.0,0.05225
3.0,0.5,9,transformer_add97_permuted_s0,30000.0,35658.0,5658.0,0.1886
3.0,0.5,10,transformer_add97_permuted_dense_s0,20000.0,18909.0,-1091.0,-0.05455
3.0,0.5,11,transformer_add97_permuted_s3,30000.0,33103.0,3103.0,0.10343333333333334
3.0,0.5,12,transformer_add97_permuted_s3,30000.0,33103.0,3103.0,0.10343333333333334
3.0,0.5,13,transformer_add97_permuted_dense_s4,20000.0,22202.0,2202.0,0.1101
3.0,0.5,14,transformer_add97_permuted_s2,30000.0,33103.0,3103.0,0.10343333333333334
3.0,0.5,15,transformer_add97_permuted_dense_s4,20000.0,22202.0,2202.0,0.1101
3.0,0.5,16,transformer_add97_permuted_s2,30000.0,33103.0,3103.0,0.10343333333333334
3.0,0.5,17,transformer_add97_permuted_dense_s2,20000.0,21045.0,1045.0,0.05225
3.0,0.5,18,transformer_add97_permuted_dense_s3,20000.0,22202.0,2202.0,0.1101
3.0,0.5,19,transformer_add97_permuted_dense_s1,20000.0,22202.0,2202.0,0.1101
3.0,0.5,20,transformer_add97_permuted_dense_s4,20000.0,22202.0,2202.0,0.1101
3.0,0.5,21,transformer_add97_permuted_s2,30000.0,33103.0,3103.0,0.10343333333333334
3.0,0.5,22,transformer_add97_permuted_s2,30000.0,33103.0,3103.0,0.10343333333333334
3.0,0.5,23,transformer_add97_permuted_s3,30000.0,33103.0,3103.0,0.10343333333333334
3.0,0.5,24,transformer_add97_permuted_dense_s1,20000.0,22202.0,2202.0,0.1101
3.0,0.5,25,transformer_add97_permuted_s1,30000.0,35658.0,5658.0,0.1886
3.0,0.5,26,transformer_add97_permuted_dense_s2,20000.0,21045.0,1045.0,0.05225
3.0,0.5,27,transformer_add97_permuted_dense_s3,20000.0,22202.0,2202.0,0.1101
3.0,0.5,28,transformer_add97_permuted_dense_s3,20000.0,22202.0,2202.0,0.1101
3.0,0.5,29,transformer_add97_permuted_s0,30000.0,35658.0,5658.0,0.1886
3.0,0.5,30,transformer_add97_permuted_s0,30000.0,35658.0,5658.0,0.1886
3.0,0.5,31,transformer_add97_permuted_s0,30000.0,35658.0,5658.0,0.1886
3.0,0.5,32,transformer_add97_permuted_dense_s0,20000.0,18909.0,-1091.0,-0.05455
3.0,0.5,33,transformer_add97_permuted_s4,30000.0,38410.0,8410.0,0.2803333333333333
3.0,0.5,34,transformer_add97_permuted_s3,30000.0,33103.0,3103.0,0.10343333333333334
3.0,0.5,35,transformer_add97_permuted_dense_s3,20000.0,22202.0,2202.0,0.1101
3.0,0.5,36,transformer_add97_permuted_s0,30000.0,35658.0,5658.0,0.1886
3.0,0.5,37,transformer_add97_permuted_dense_s1,20000.0,22202.0,2202.0,0.1101
3.0,0.5,38,transformer_add97_permuted_s1,30000.0,35658.0,5658.0,0.1886
3.0,0.5,39,transformer_add97_permuted_s3,30000.0,33103.0,3103.0,0.10343333333333334
3.0,0.65,0,transformer_add97_permuted_s4,39000.0,41374.0,2374.0,0.06087179487179487
3.0,0.65,1,transformer_add97_permuted_s3,39000.0,38410.0,-590.0,-0.015128205128205128
3.0,0.65,2,transformer_add97_permuted_dense_s0,26000.0,26069.0,69.0,0.0026538461538461538
3.0,0.65,3,transformer_add97_permuted_dense_s0,26000.0,26069.0,69.0,0.0026538461538461538
3.0,0.65,4,transformer_add97_permuted_s2,39000.0,38410.0,-590.0,-0.015128205128205128
3.0,0.65,5,transformer_add97_permuted_dense_s1,26000.0,27502.0,1502.0,0.05776923076923077
3.0,0.65,6,transformer_add97_permuted_dense_s1,26000.0,27502.0,1502.0,0.05776923076923077
3.0,0.65,7,transformer_add97_permuted_s1,39000.0,41374.0,2374.0,0.06087179487179487
3.0,0.65,8,transformer_add97_permuted_dense_s0,26000.0,26069.0,69.0,0.0026538461538461538
3.0,0.65,9,transformer_add97_permuted_s2,39000.0,38410.0,-590.0,-0.015128205128205128
3.0,0.65,10,transformer_add97_permuted_dense_s1,26000.0,27502.0,1502.0,0.05776923076923077
3.0,0.65,11,transformer_add97_permuted_s1,39000.0,41374.0,2374.0,0.06087179487179487
3.0,0.65,12,transformer_add97_permuted_s1,39000.0,41374.0,2374.0,0.06087179487179487
3.0,0.65,13,transformer_add97_permuted_dense_s1,26000.0,27502.0,1502.0,0.05776923076923077
3.0,0.65,14,transformer_add97_permuted_dense_s4,26000.0,26069.0,69.0,0.0026538461538461538
3.0,0.65,15,transformer_add97_permuted_dense_s1,26000.0,27502.0,1502.0,0.05776923076923077
3.0,0.65,16,transformer_add97_permuted_s4,39000.0,41374.0,2374.0,0.06087179487179487
3.0,0.65,17,transformer_add97_permuted_s0,39000.0,41374.0,2374.0,0.06087179487179487
3.0,0.65,18,transformer_add97_permuted_dense_s1,26000.0,27502.0,1502.0,0.05776923076923077
3.0,0.65,19,transformer_add97_permuted_s3,39000.0,38410.0,-590.0,-0.015128205128205128
3.0,0.65,20,transformer_add97_permuted_s2,39000.0,38410.0,-590.0,-0.015128205128205128
3.0,0.65,21,transformer_add97_permuted_dense_s2,26000.0,26069.0,69.0,0.0026538461538461538
3.0,0.65,22,transformer_add97_permuted_dense_s3,26000.0,27502.0,1502.0,0.05776923076923077
3.0,0.65,23,transformer_add97_permuted_dense_s0,26000.0,26069.0,69.0,0.0026538461538461538
3.0,0.65,24,transformer_add97_permuted_s0,39000.0,41374.0,2374.0,0.06087179487179487
3.0,0.65,25,transformer_add97_permuted_s0,39000.0,41374.0,2374.0,0.06087179487179487
3.0,0.65,26,transformer_add97_permuted_dense_s0,26000.0,26069.0,69.0,0.0026538461538461538
3.0,0.65,27,transformer_add97_permuted_dense_s1,26000.0,27502.0,1502.0,0.05776923076923077
3.0,0.65,28,transformer_add97_permuted_dense_s4,26000.0,26069.0,69.0,0.0026538461538461538
3.0,0.65,29,transformer_add97_permuted_dense_s0,26000.0,26069.0,69.0,0.0026538461538461538
3.0,0.65,30,transformer_add97_permuted_s2,39000.0,38410.0,-590.0,-0.015128205128205128
3.0,0.65,31,transformer_add97_permuted_s2,39000.0,38410.0,-590.0,-0.015128205128205128
3.0,0.65,32,transformer_add97_permuted_s2,39000.0,38410.0,-590.0,-0.015128205128205128
3.0,0.65,33,transformer_add97_permuted_s3,39000.0,38410.0,-590.0,-0.015128205128205128
3.0,0.65,34,transformer_add97_permuted_s3,39000.0,38410.0,-590.0,-0.015128205128205128
3.0,0.65,35,transformer_add97_permuted_dense_s3,26000.0,27502.0,1502.0,0.05776923076923077
3.0,0.65,36,transformer_add97_permuted_dense_s4,26000.0,26069.0,69.0,0.0026538461538461538
3.0,0.65,37,transformer_add97_permuted_dense_s2,26000.0,26069.0,69.0,0.0026538461538461538
3.0,0.65,38,transformer_add97_permuted_dense_s1,26000.0,27502.0,1502.0,0.05776923076923077
3.0,0.65,39,transformer_add97_permuted_dense_s2,26000.0,26069.0,69.0,0.0026538461538461538
3.0,0.8,0,transformer_add97_permuted_s2,48000.0,48006.0,6.0,0.000125
3.0,0.8,1,transformer_add97_permuted_dense_s3,32000.0,32292.0,292.0,0.009125
3.0,0.8,2,transformer_add97_permuted_s4,48000.0,48006.0,6.0,0.000125
3.0,0.8,3,transformer_add97_permuted_s0,48000.0,51711.0,3711.0,0.0773125
3.0,0.8,4,transformer_add97_permuted_s1,48000.0,48006.0,6.0,0.000125
3.0,0.8,5,transformer_add97_permuted_s0,48000.0,51711.0,3711.0,0.0773125
3.0,0.8,6,transformer_add97_permuted_s2,48000.0,48006.0,6.0,0.000125
3.0,0.8,7,transformer_add97_permuted_dense_s3,32000.0,32292.0,292.0,0.009125
3.0,0.8,8,transformer_add97_permuted_s1,48000.0,48006.0,6.0,0.000125
3.0,0.8,9,transformer_add97_permuted_s1,48000.0,48006.0,6.0,0.000125
3.0,0.8,10,transformer_add97_permuted_s3,48000.0,51711.0,3711.0,0.0773125
3.0,0.8,11,transformer_add97_permuted_s1,48000.0,48006.0,6.0,0.000125
3.0,0.8,12,transformer_add97_permuted_s0,48000.0,51711.0,3711.0,0.0773125
3.0,0.8,13,transformer_add97_permuted_s0,48000.0,51711.0,3711.0,0.0773125
3.0,0.8,14,transformer_add97_permuted_dense_s0,32000.0,35940.0,3940.0,0.123125
3.0,0.8,15,transformer_add97_permuted_dense_s3,32000.0,32292.0,292.0,0.009125
3.0,0.8,16,transformer_add97_permuted_dense_s3,32000.0,32292.0,292.0,0.009125
3.0,0.8,17,transformer_add97_permuted_s1,48000.0,48006.0,6.0,0.000125
3.0,0.8,18,transformer_add97_permuted_dense_s3,32000.0,32292.0,292.0,0.009125
3.0,0.8,19,transformer_add97_permuted_s0,48000.0,51711.0,3711.0,0.0773125
3.0,0.8,20,transformer_add97_permuted_dense_s4,32000.0,32292.0,292.0,0.009125
3.0,0.8,21,transformer_add97_permuted_dense_s3,32000.0,32292.0,292.0,0.009125
3.0,0.8,22,transformer_add97_permuted_s0,48000.0,51711.0,3711.0,0.0773125
3.0,0.8,23,transformer_add97_permuted_dense_s3,32000.0,32292.0,292.0,0.009125
3.0,0.8,24,transformer_add97_permuted_dense_s2,32000.0,32292.0,292.0,0.009125
3.0,0.8,25,transformer_add97_permuted_s0,48000.0,51711.0,3711.0,0.0773125
3.0,0.8,26,transformer_add97_permuted_s4,48000.0,48006.0,6.0,0.000125
3.0,0.8,27,transformer_add97_permuted_s1,48000.0,48006.0,6.0,0.000125
3.0,0.8,28,transformer_add97_permuted_s1,48000.0,48006.0,6.0,0.000125
3.0,0.8,29,transformer_add97_permuted_s1,48000.0,48006.0,6.0,0.000125
3.0,0.8,30,transformer_add97_permuted_s3,48000.0,51711.0,3711.0,0.0773125
3.0,0.8,31,transformer_add97_permuted_dense_s3,32000.0,32292.0,292.0,0.009125
3.0,0.8,32,transformer_add97_permuted_dense_s4,32000.0,32292.0,292.0,0.009125
3.0,0.8,33,transformer_add97_permuted_s0,48000.0,51711.0,3711.0,0.0773125
3.0,0.8,34,transformer_add97_permuted_s0,48000.0,51711.0,3711.0,0.0773125
3.0,0.8,35,transformer_add97_permuted_s4,48000.0,48006.0,6.0,0.000125
3.0,0.8,36,transformer_add97_permuted_dense_s1,32000.0,34067.0,2067.0,0.06459375
3.0,0.8,37,transformer_add97_permuted_dense_s4,32000.0,32292.0,292.0,0.009125
3.0,0.8,38,transformer_add97_permuted_dense_s2,32000.0,32292.0,292.0,0.009125
3.0,0.8,39,transformer_add97_permuted_s3,48000.0,51711.0,3711.0,0.0773125
5.0,0.2,0,transformer_add97_permuted_s0,12000.0,14613.0,2613.0,0.21775
5.0,0.2,1,transformer_add97_permuted_dense_s0,8000.0,9430.0,1430.0,0.17875
5.0,0.2,2,transformer_add97_permuted_dense_s1,8000.0,9430.0,1430.0,0.17875
5.0,0.2,3,transformer_add97_permuted_s3,12000.0,12594.0,594.0,0.0495
5.0,0.2,4,transformer_add97_permuted_dense_s4,8000.0,8938.0,938.0,0.11725
5.0,0.2,5,transformer_add97_permuted_s4,12000.0,10854.0,-1146.0,-0.0955
5.0,0.2,6,transformer_add97_permuted_dense_s0,8000.0,9430.0,1430.0,0.17875
5.0,0.2,7,transformer_add97_permuted_dense_s2,8000.0,7613.0,-387.0,-0.048375
5.0,0.2,8,transformer_add97_permuted_s0,12000.0,14613.0,2613.0,0.21775
5.0,0.2,9,transformer_add97_permuted_dense_s0,8000.0,9430.0,1430.0,0.17875
5.0,0.2,10,transformer_add97_permuted_dense_s3,8000.0,9430.0,1430.0,0.17875
5.0,0.2,11,transformer_add97_permuted_dense_s4,8000.0,8938.0,938.0,0.11725
5.0,0.2,12,transformer_add97_permuted_dense_s2,8000.0,7613.0,-387.0,-0.048375
5.0,0.2,13,transformer_add97_permuted_dense_s1,8000.0,9430.0,1430.0,0.17875
5.0,0.2,14,transformer_add97_permuted_s4,12000.0,10854.0,-1146.0,-0.0955
5.0,0.2,15,transformer_add97_permuted_s4,12000.0,10854.0,-1146.0,-0.0955
5.0,0.2,16,transformer_add97_permuted_s0,12000.0,14613.0,2613.0,0.21775
5.0,0.2,17,transformer_add97_permuted_s3,12000.0,12594.0,594.0,0.0495
5.0,0.2,18,transformer_add97_permuted_dense_s4,8000.0,8938.0,938.0,0.11725
5.0,0.2,19,transformer_add97_permuted_s4,12000.0,10854.0,-1146.0,-0.0955
5.0,0.2,20,transformer_add97_permuted_dense_s0,8000.0,9430.0,1430.0,0.17875
5.0,0.2,21,transformer_add97_permuted_s1,12000.0,12594.0,594.0,0.0495
5.0,0.2,22,transformer_add97_permuted_dense_s0,8000.0,9430.0,1430.0,0.17875
5.0,0.2,23,transformer_add97_permuted_s0,12000.0,14613.0,2613.0,0.21775
5.0,0.2,24,transformer_add97_permuted_s3,12000.0,12594.0,594.0,0.0495
5.0,0.2,25,transformer_add97_permuted_s3,12000.0,12594.0,594.0,0.0495
5.0,0.2,26,transformer_add97_permuted_dense_s2,8000.0,7613.0,-387.0,-0.048375
5.0,0.2,27,transformer_add97_permuted_s1,12000.0,12594.0,594.0,0.0495
5.0,0.2,28,transformer_add97_permuted_dense_s1,8000.0,9430.0,1430.0,0.17875
5.0,0.2,29,transformer_add97_permuted_dense_s2,8000.0,7613.0,-387.0,-0.048375
5.0,0.2,30,transformer_add97_permuted_dense_s4,8000.0,8938.0,938.0,0.11725
5.0,0.2,31,transformer_add97_permuted_s4,12000.0,10854.0,-1146.0,-0.0955
5.0,0.2,32,transformer_add97_permuted_s1,12000.0,12594.0,594.0,0.0495
5.0,0.2,33,transformer_add97_permuted_dense_s4,8000.0,8938.0,938.0,0.11725
5.0,0.2,34,transformer_add97_permuted_dense_s2,8000.0,7613.0,-387.0,-0.048375
5.0,0.2,35,transformer_add97_permuted_s2,12000.0,16955.0,4955.0,0.41291666666666665
5.0,0.2,36,transformer_add97_permuted_s0,12000.0,14613.0,2613.0,0.21775
5.0,0.2,37,transformer_add97_permuted_s0,12000.0,14613.0,2613.0,0.21775
5.0,0.2,38,transformer_add97_permuted_s1,12000.0,12594.0,594.0,0.0495
5.0,0.2,39,transformer_add97_permuted_dense_s1,8000.0,9430.0,1430.0,0.17875
5.0,0.35,0,transformer_add97_permuted_s4,21000.0,24589.0,3589.0,0.1709047619047619
5.0,0.35,1,transformer_add97_permuted_dense_s2,14000.0,15265.0,1265.0,0.09035714285714286
5.0,0.35,2,transformer_add97_permuted_dense_s4,14000.0,15265.0,1265.0,0.09035714285714286
5.0,0.35,3,transformer_add97_permuted_s0,21000.0,22827.0,1827.0,0.087
5.0,0.35,4,transformer_add97_permuted_dense_s1,14000.0,16104.0,2104.0,0.15028571428571427
5.0,0.35,5,transformer_add97_permuted_dense_s1,14000.0,16104.0,2104.0,0.15028571428571427
5.0,0.35,6,transformer_add97_permuted_dense_s4,14000.0,15265.0,1265.0,0.09035714285714286
5.0,0.35,7,transformer_add97_permuted_dense_s0,14000.0,15265.0,1265.0,0.09035714285714286
5.0,0.35,8,transformer_add97_permuted_s1,21000.0,24589.0,3589.0,0.1709047619047619
5.0,0.35,9,transformer_add97_permuted_dense_s4,14000.0,15265.0,1265.0,0.09035714285714286
5.0,0.35,10,transformer_add97_permuted_dense_s2,14000.0,15265.0,1265.0,0.09035714285714286
5.0,0.35,11,transformer_add97_permuted_s2,21000.0,24589.0,3589.0,0.1709047619047619
5.0,0.35,12,transformer_add97_permuted_dense_s3,14000.0,14469.0,469.0,0.0335
5.0,0.35,13,transformer_add97_permuted_s1,21000.0,24589.0,3589.0,0.1709047619047619
5.0,0.35,14,transformer_add97_permuted_dense_s2,14000.0,15265.0,1265.0,0.09035714285714286
5.0,0.35,15,transformer_add97_permuted_dense_s3,14000.0,14469.0,469.0,0.0335
5.0,0.35,16,transformer_add97_permuted_s1,21000.0,24589.0,3589.0,0.1709047619047619
5.0,0.35,17,transformer_add97_permuted_s2,21000.0,24589.0,3589.0,0.1709047619047619
5.0,0.35,18,transformer_add97_permuted_s1,21000.0,24589.0,3589.0,0.1709047619047619
5.0,0.35,19,transformer_add97_permuted_dense_s4,14000.0,15265.0,1265.0,0.09035714285714286
5.0,0.35,20,transformer_add97_permuted_dense_s2,14000.0,15265.0,1265.0,0.09035714285714286
5.0,0.35,21,transformer_add97_permuted_s4,21000.0,24589.0,3589.0,0.1709047619047619
5.0,0.35,22,transformer_add97_permuted_s4,21000.0,24589.0,3589.0,0.1709047619047619
5.0,0.35,23,transformer_add97_permuted_s2,21000.0,24589.0,3589.0,0.1709047619047619
5.0,0.35,24,transformer_add97_permuted_dense_s2,14000.0,15265.0,1265.0,0.09035714285714286
5.0,0.35,25,transformer_add97_permuted_s3,21000.0,21192.0,192.0,0.009142857142857144
5.0,0.35,26,transformer_add97_permuted_s0,21000.0,22827.0,1827.0,0.087
5.0,0.35,27,transformer_add97_permuted_dense_s2,14000.0,15265.0,1265.0,0.09035714285714286
5.0,0.35,28,transformer_add97_permuted_s2,21000.0,24589.0,3589.0,0.1709047619047619
5.0,0.35,29,transformer_add97_permuted_dense_s1,14000.0,16104.0,2104.0,0.15028571428571427
5.0,0.35,30,transformer_add97_permuted_s0,21000.0,22827.0,1827.0,0.087
5.0,0.35,31,transformer_add97_permuted_dense_s1,14000.0,16104.0,2104.0,0.15028571428571427
5.0,0.35,32,transformer_add97_permuted_dense_s0,14000.0,15265.0,1265.0,0.09035714285714286
5.0,0.35,33,transformer_add97_permuted_dense_s4,14000.0,15265.0,1265.0,0.09035714285714286
5.0,0.35,34,transformer_add97_permuted_dense_s4,14000.0,15265.0,1265.0,0.09035714285714286
5.0,0.35,35,transformer_add97_permuted_s0,21000.0,22827.0,1827.0,0.087
5.0,0.35,36,transformer_add97_permuted_dense_s0,14000.0,15265.0,1265.0,0.09035714285714286
5.0,0.35,37,transformer_add97_permuted_dense_s1,14000.0,16104.0,2104.0,0.15028571428571427
5.0,0.35,38,transformer_add97_permuted_dense_s0,14000.0,15265.0,1265.0,0.09035714285714286
5.0,0.35,39,transformer_add97_permuted_s2,21000.0,24589.0,3589.0,0.1709047619047619
5.0,0.5,0,transformer_add97_permuted_dense_s0,20000.0,22202.0,2202.0,0.1101
5.0,0.5,1,transformer_add97_permuted_s3,30000.0,33103.0,3103.0,0.10343333333333334
5.0,0.5,2,transformer_add97_permuted_dense_s2,20000.0,21045.0,1045.0,0.05225
5.0,0.5,3,transformer_add97_permuted_dense_s3,20000.0,22202.0,2202.0,0.1101
5.0,0.5,4,transformer_add97_permuted_dense_s3,20000.0,22202.0,2202.0,0.1101
5.0,0.5,5,transformer_add97_permuted_s0,30000.0,35658.0,5658.0,0.1886
5.0,0.5,6,transformer_add97_permuted_dense_s3,20000.0,22202.0,2202.0,0.1101
5.0,0.5,7,transformer_add97_permuted_s0,30000.0,35658.0,5658.0,0.1886
5.0,0.5,8,transformer_add97_permuted_dense_s3,20000.0,22202.0,2202.0,0.1101
5.0,0.5,9,transformer_add97_permuted_s2,30000.0,33103.0,3103.0,0.10343333333333334
5.0,0.5,10,transformer_add97_permuted_s4,30000.0,33103.0,3103.0,0.10343333333333334
5.0,0.5,11,transformer_add97_permuted_dense_s1,20000.0,22202.0,2202.0,0.1101
5.0,0.5,12,transformer_add97_permuted_dense_s1,20000.0,22202.0,2202.0,0.1101
5.0,0.5,13,transformer_add97_permuted_dense_s2,20000.0,21045.0,1045.0,0.05225
5.0,0.5,14,transformer_add97_permuted_dense_s2,20000.0,21045.0,1045.0,0.05225
5.0,0.5,15,transformer_add97_permuted_s2,30000.0,33103.0,3103.0,0.10343333333333334
5.0,0.5,16,transformer_add97_permuted_s2,30000.0,33103.0,3103.0,0.10343333333333334
5.0,0.5,17,transformer_add97_permuted_s0,30000.0,35658.0,5658.0,0.1886
5.0,0.5,18,transformer_add97_permuted_s4,30000.0,33103.0,3103.0,0.10343333333333334
5.0,0.5,19,transformer_add97_permuted_s3,30000.0,33103.0,3103.0,0.10343333333333334
5.0,0.5,20,transformer_add97_permuted_s4,30000.0,33103.0,3103.0,0.10343333333333334
5.0,0.5,21,transformer_add97_permuted_dense_s4,20000.0,22202.0,2202.0,0.1101
5.0,0.5,22,transformer_add97_permuted_s0,30000.0,35658.0,5658.0,0.1886
5.0,0.5,23,transformer_add97_permuted_dense_s4,20000.0,22202.0,2202.0,0.1101
5.0,0.5,24,transformer_add97_permuted_dense_s2,20000.0,21045.0,1045.0,0.05225
5.0,0.5,25,transformer_add97_permuted_dense_s3,20000.0,22202.0,2202.0,0.1101
5.0,0.5,26,transformer_add97_permuted_s2,30000.0,33103.0,3103.0,0.10343333333333334
5.0,0.5,27,transformer_add97_permuted_dense_s2,20000.0,21045.0,1045.0,0.05225
5.0,0.5,28,transformer_add97_permuted_dense_s1,20000.0,22202.0,2202.0,0.1101
5.0,0.5,29,transformer_add97_permuted_s1,30000.0,35658.0,5658.0,0.1886
5.0,0.5,30,transformer_add97_permuted_s0,30000.0,35658.0,5658.0,0.1886
5.0,0.5,31,transformer_add97_permuted_dense_s2,20000.0,21045.0,1045.0,0.05225
5.0,0.5,32,transformer_add97_permuted_dense_s3,20000.0,22202.0,2202.0,0.1101
5.0,0.5,33,transformer_add97_permuted_s3,30000.0,33103.0,3103.0,0.10343333333333334
5.0,0.5,34,transformer_add97_permuted_dense_s0,20000.0,22202.0,2202.0,0.1101
5.0,0.5,35,transformer_add97_permuted_dense_s2,20000.0,21045.0,1045.0,0.05225
5.0,0.5,36,transformer_add97_permuted_s0,30000.0,35658.0,5658.0,0.1886
5.0,0.5,37,transformer_add97_permuted_s1,30000.0,35658.0,5658.0,0.1886
5.0,0.5,38,transformer_add97_permuted_s0,30000.0,35658.0,5658.0,0.1886
5.0,0.5,39,transformer_add97_permuted_s0,30000.0,35658.0,5658.0,0.1886
5.0,0.65,0,transformer_add97_permuted_s2,39000.0,44567.0,5567.0,0.14274358974358975
5.0,0.65,1,transformer_add97_permuted_s1,39000.0,41374.0,2374.0,0.06087179487179487
5.0,0.65,2,transformer_add97_permuted_s1,39000.0,41374.0,2374.0,0.06087179487179487
5.0,0.65,3,transformer_add97_permuted_s3,39000.0,38410.0,-590.0,-0.015128205128205128
5.0,0.65,4,transformer_add97_permuted_s2,39000.0,44567.0,5567.0,0.14274358974358975
5.0,0.65,5,transformer_add97_permuted_dense_s1,26000.0,27502.0,1502.0,0.05776923076923077
5.0,0.65,6,transformer_add97_permuted_s4,39000.0,41374.0,2374.0,0.06087179487179487
5.0,0.65,7,transformer_add97_permuted_dense_s1,26000.0,27502.0,1502.0,0.05776923076923077
5.0,0.65,8,transformer_add97_permuted_s4,39000.0,41374.0,2374.0,0.06087179487179487
5.0,0.65,9,transformer_add97_permuted_dense_s1,26000.0,27502.0,1502.0,0.05776923076923077
5.0,0.65,10,transformer_add97_permuted_s4,39000.0,41374.0,2374.0,0.06087179487179487
5.0,0.65,11,transformer_add97_permuted_dense_s0,26000.0,26069.0,69.0,0.0026538461538461538
5.0,0.65,12,transformer_add97_permuted_s3,39000.0,38410.0,-590.0,-0.015128205128205128
5.0,0.65,13,transformer_add97_permuted_s0,39000.0,41374.0,2374.0,0.06087179487179487
5.0,0.65,14,transformer_add97_permuted_s0,39000.0,41374.0,2374.0,0.06087179487179487
5.0,0.65,15,transformer_add97_permuted_dense_s1,26000.0,27502.0,1502.0,0.05776923076923077
5.0,0.65,16,transformer_add97_permuted_dense_s1,26000.0,27502.0,1502.0,0.05776923076923077
5.0,0.65,17,transformer_add97_permuted_s3,39000.0,38410.0,-590.0,-0.015128205128205128
5.0,0.65,18,transformer_add97_permuted_dense_s2,26000.0,26069.0,69.0,0.0026538461538461538
5.0,0.65,19,transformer_add97_permuted_dense_s0,26000.0,26069.0,69.0,0.0026538461538461538
5.0,0.65,20,transformer_add97_permuted_dense_s4,26000.0,26069.0,69.0,0.0026538461538461538
5.0,0.65,21,transformer_add97_permuted_dense_s3,26000.0,27502.0,1502.0,0.05776923076923077
5.0,0.65,22,transformer_add97_permuted_dense_s4,26000.0,26069.0,69.0,0.0026538461538461538
5.0,0.65,23,transformer_add97_permuted_dense_s4,26000.0,26069.0,69.0,0.0026538461538461538
5.0,0.65,24,transformer_add97_permuted_dense_s0,26000.0,26069.0,69.0,0.0026538461538461538
5.0,0.65,25,transformer_add97_permuted_dense_s2,26000.0,26069.0,69.0,0.0026538461538461538
5.0,0.65,26,transformer_add97_permuted_dense_s2,26000.0,26069.0,69.0,0.0026538461538461538
5.0,0.65,27,transformer_add97_permuted_dense_s3,26000.0,27502.0,1502.0,0.05776923076923077
5.0,0.65,28,transformer_add97_permuted_dense_s4,26000.0,26069.0,69.0,0.0026538461538461538
5.0,0.65,29,transformer_add97_permuted_dense_s2,26000.0,26069.0,69.0,0.0026538461538461538
5.0,0.65,30,transformer_add97_permuted_s3,39000.0,38410.0,-590.0,-0.015128205128205128
5.0,0.65,31,transformer_add97_permuted_dense_s2,26000.0,26069.0,69.0,0.0026538461538461538
5.0,0.65,32,transformer_add97_permuted_dense_s4,26000.0,26069.0,69.0,0.0026538461538461538
5.0,0.65,33,transformer_add97_permuted_s4,39000.0,41374.0,2374.0,0.06087179487179487
5.0,0.65,34,transformer_add97_permuted_s4,39000.0,41374.0,2374.0,0.06087179487179487
5.0,0.65,35,transformer_add97_permuted_dense_s4,26000.0,26069.0,69.0,0.0026538461538461538
5.0,0.65,36,transformer_add97_permuted_dense_s3,26000.0,27502.0,1502.0,0.05776923076923077
5.0,0.65,37,transformer_add97_permuted_dense_s3,26000.0,27502.0,1502.0,0.05776923076923077
5.0,0.65,38,transformer_add97_permuted_dense_s3,26000.0,27502.0,1502.0,0.05776923076923077
5.0,0.65,39,transformer_add97_permuted_s1,39000.0,41374.0,2374.0,0.06087179487179487
5.0,0.8,0,transformer_add97_permuted_s1,48000.0,48006.0,6.0,0.000125
5.0,0.8,1,transformer_add97_permuted_s1,48000.0,48006.0,6.0,0.000125
5.0,0.8,2,transformer_add97_permuted_s2,48000.0,48006.0,6.0,0.000125
5.0,0.8,3,transformer_add97_permuted_s1,48000.0,48006.0,6.0,0.000125
5.0,0.8,4,transformer_add97_permuted_dense_s2,32000.0,32292.0,292.0,0.009125
5.0,0.8,5,transformer_add97_permuted_dense_s0,32000.0,35940.0,3940.0,0.123125
5.0,0.8,6,transformer_add97_permuted_dense_s4,32000.0,32292.0,292.0,0.009125
5.0,0.8,7,transformer_add97_permuted_s0,48000.0,51711.0,3711.0,0.0773125
5.0,0.8,8,transformer_add97_permuted_s4,48000.0,48006.0,6.0,0.000125
5.0,0.8,9,transformer_add97_permuted_s2,48000.0,48006.0,6.0,0.000125
5.0,0.8,10,transformer_add97_permuted_dense_s3,32000.0,32292.0,292.0,0.009125
5.0,0.8,11,transformer_add97_permuted_s2,48000.0,48006.0,6.0,0.000125
5.0,0.8,12,transformer_add97_permuted_s1,48000.0,48006.0,6.0,0.000125
5.0,0.8,13,transformer_add97_permuted_s0,48000.0,51711.0,3711.0,0.0773125
5.0,0.8,14,transformer_add97_permuted_s3,48000.0,51711.0,3711.0,0.0773125
5.0,0.8,15,transformer_add97_permuted_dense_s1,32000.0,34067.0,2067.0,0.06459375
5.0,0.8,16,transformer_add97_permuted_dense_s4,32000.0,32292.0,292.0,0.009125
5.0,0.8,17,transformer_add97_permuted_dense_s0,32000.0,35940.0,3940.0,0.123125
5.0,0.8,18,transformer_add97_permuted_s2,48000.0,48006.0,6.0,0.000125
5.0,0.8,19,transformer_add97_permuted_dense_s3,32000.0,32292.0,292.0,0.009125
5.0,0.8,20,transformer_add97_permuted_s2,48000.0,48006.0,6.0,0.000125
5.0,0.8,21,transformer_add97_permuted_s4,48000.0,48006.0,6.0,0.000125
5.0,0.8,22,transformer_add97_permuted_s3,48000.0,51711.0,3711.0,0.0773125
5.0,0.8,23,transformer_add97_permuted_dense_s4,32000.0,32292.0,292.0,0.009125
5.0,0.8,24,transformer_add97_permuted_s1,48000.0,48006.0,6.0,0.000125
5.0,0.8,25,transformer_add97_permuted_s3,48000.0,51711.0,3711.0,0.0773125
5.0,0.8,26,transformer_add97_permuted_dense_s1,32000.0,34067.0,2067.0,0.06459375
5.0,0.8,27,transformer_add97_permuted_dense_s4,32000.0,32292.0,292.0,0.009125
5.0,0.8,28,transformer_add97_permuted_dense_s2,32000.0,32292.0,292.0,0.009125
5.0,0.8,29,transformer_add97_permuted_s2,48000.0,48006.0,6.0,0.000125
5.0,0.8,30,transformer_add97_permuted_s4,48000.0,48006.0,6.0,0.000125
5.0,0.8,31,transformer_add97_permuted_dense_s4,32000.0,32292.0,292.0,0.009125
5.0,0.8,32,transformer_add97_permuted_dense_s4,32000.0,32292.0,292.0,0.009125
5.0,0.8,33,transformer_add97_permuted_s2,48000.0,48006.0,6.0,0.000125
5.0,0.8,34,transformer_add97_permuted_dense_s2,32000.0,32292.0,292.0,0.009125
5.0,0.8,35,transformer_add97_permuted_dense_s3,32000.0,32292.0,292.0,0.009125
5.0,0.8,36,transformer_add97_permuted_dense_s1,32000.0,34067.0,2067.0,0.06459375
5.0,0.8,37,transformer_add97_permuted_s3,48000.0,51711.0,3711.0,0.0773125
5.0,0.8,38,transformer_add97_permuted_s0,48000.0,51711.0,3711.0,0.0773125
5.0,0.8,39,transformer_add97_permuted_dense_s2,32000.0,32292.0,292.0,0.009125
9.0,0.2,0,transformer_add97_permuted_s1,12000.0,12594.0,594.0,0.0495
9.0,0.2,1,transformer_add97_permuted_dense_s0,8000.0,9430.0,1430.0,0.17875
9.0,0.2,2,transformer_add97_permuted_dense_s3,8000.0,9430.0,1430.0,0.17875
9.0,0.2,3,transformer_add97_permuted_s2,12000.0,14613.0,2613.0,0.21775
9.0,0.2,4,transformer_add97_permuted_s4,12000.0,10854.0,-1146.0,-0.0955
9.0,0.2,5,transformer_add97_permuted_s1,12000.0,12594.0,594.0,0.0495
9.0,0.2,6,transformer_add97_permuted_dense_s1,8000.0,9430.0,1430.0,0.17875
9.0,0.2,7,transformer_add97_permuted_s1,12000.0,12594.0,594.0,0.0495
9.0,0.2,8,transformer_add97_permuted_s2,12000.0,14613.0,2613.0,0.21775
9.0,0.2,9,transformer_add97_permuted_s1,12000.0,12594.0,594.0,0.0495
9.0,0.2,10,transformer_add97_permuted_dense_s1,8000.0,9430.0,1430.0,0.17875
9.0,0.2,11,transformer_add97_permuted_s0,12000.0,14613.0,2613.0,0.21775
9.0,0.2,12,transformer_add97_permuted_dense_s3,8000.0,9430.0,1430.0,0.17875
9.0,0.2,13,transformer_add97_permuted_dense_s1,8000.0,9430.0,1430.0,0.17875
9.0,0.2,14,transformer_add97_permuted_s4,12000.0,10854.0,-1146.0,-0.0955
9.0,0.2,15,transformer_add97_permuted_s1,12000.0,12594.0,594.0,0.0495
9.0,0.2,16,transformer_add97_permuted_s3,12000.0,12594.0,594.0,0.0495
9.0,0.2,17,transformer_add97_permuted_dense_s0,8000.0,9430.0,1430.0,0.17875
9.0,0.2,18,transformer_add97_permuted_dense_s4,8000.0,8938.0,938.0,0.11725
9.0,0.2,19,transformer_add97_permuted_dense_s1,8000.0,9430.0,1430.0,0.17875
9.0,0.2,20,transformer_add97_permuted_s4,12000.0,10854.0,-1146.0,-0.0955
9.0,0.2,21,transformer_add97_permuted_dense_s4,8000.0,8938.0,938.0,0.11725
9.0,0.2,22,transformer_add97_permuted_s1,12000.0,12594.0,594.0,0.0495
9.0,0.2,23,transformer_add97_permuted_dense_s3,8000.0,9430.0,1430.0,0.17875
9.0,0.2,24,transformer_add97_permuted_s4,12000.0,10854.0,-1146.0,-0.0955
9.0,0.2,25,transformer_add97_permuted_dense_s1,8000.0,9430.0,1430.0,0.17875
9.0,0.2,26,transformer_add97_permuted_dense_s1,8000.0,9430.0,1430.0,0.17875
9.0,0.2,27,transformer_add97_permuted_dense_s4,8000.0,8938.0,938.0,0.11725
9.0,0.2,28,transformer_add97_permuted_s0,12000.0,14613.0,2613.0,0.21775
9.0,0.2,29,transformer_add97_permuted_s1,12000.0,12594.0,594.0,0.0495
9.0,0.2,30,transformer_add97_permuted_s3,12000.0,12594.0,594.0,0.0495
9.0,0.2,31,transformer_add97_permuted_dense_s3,8000.0,9430.0,1430.0,0.17875
9.0,0.2,32,transformer_add97_permuted_s4,12000.0,10854.0,-1146.0,-0.0955
9.0,0.2,33,transformer_add97_permuted_s2,12000.0,14613.0,2613.0,0.21775
9.0,0.2,34,transformer_add97_permuted_s0,12000.0,14613.0,2613.0,0.21775
9.0,0.2,35,transformer_add97_permuted_dense_s2,8000.0,7613.0,-387.0,-0.048375
9.0,0.2,36,transformer_add97_permuted_s2,12000.0,14613.0,2613.0,0.21775
9.0,0.2,37,transformer_add97_permuted_dense_s1,8000.0,9430.0,1430.0,0.17875
9.0,0.2,38,transformer_add97_permuted_dense_s0,8000.0,9430.0,1430.0,0.17875
9.0,0.2,39,transformer_add97_permuted_s2,12000.0,14613.0,2613.0,0.21775
9.0,0.35,0,transformer_add97_permuted_dense_s2,14000.0,15265.0,1265.0,0.09035714285714286
9.0,0.35,1,transformer_add97_permuted_s1,21000.0,24589.0,3589.0,0.1709047619047619
9.0,0.35,2,transformer_add97_permuted_s0,21000.0,22827.0,1827.0,0.087
9.0,0.35,3,transformer_add97_permuted_dense_s4,14000.0,15265.0,1265.0,0.09035714285714286
9.0,0.35,4,transformer_add97_permuted_dense_s4,14000.0,15265.0,1265.0,0.09035714285714286
9.0,0.35,5,transformer_add97_permuted_dense_s1,14000.0,16104.0,2104.0,0.15028571428571427
9.0,0.35,6,transformer_add97_permuted_dense_s3,14000.0,14469.0,469.0,0.0335
9.0,0.35,7,transformer_add97_permuted_s1,21000.0,24589.0,3589.0,0.1709047619047619
9.0,0.35,8,transformer_add97_permuted_dense_s3,14000.0,14469.0,469.0,0.0335
9.0,0.35,9,transformer_add97_permuted_s2,21000.0,24589.0,3589.0,0.1709047619047619
9.0,0.35,10,transformer_add97_permuted_s4,21000.0,24589.0,3589.0,0.1709047619047619
9.0,0.35,11,transformer_add97_permuted_dense_s1,14000.0,16104.0,2104.0,0.15028571428571427
9.0,0.35,12,transformer_add97_permuted_dense_s1,14000.0,16104.0,2104.0,0.15028571428571427
9.0,0.35,13,transformer_add97_permuted_s1,21000.0,24589.0,3589.0,0.1709047619047619
9.0,0.35,14,transformer_add97_permuted_dense_s2,14000.0,15265.0,1265.0,0.09035714285714286
9.0,0.35,15,transformer_add97_permuted_dense_s3,14000.0,14469.0,469.0,0.0335
9.0,0.35,16,transformer_add97_permuted_s4,21000.0,24589.0,3589.0,0.1709047619047619
9.0,0.35,17,transformer_add97_permuted_s4,21000.0,24589.0,3589.0,0.1709047619047619
9.0,0.35,18,transformer_add97_permuted_s4,21000.0,24589.0,3589.0,0.1709047619047619
9.0,0.35,19,transformer_add97_permuted_s2,21000.0,24589.0,3589.0,0.1709047619047619
9.0,0.35,20,transformer_add97_permuted_dense_s0,14000.0,15265.0,1265.0,0.09035714285714286
9.0,0.35,21,transformer_add97_permuted_dense_s2,14000.0,15265.0,1265.0,0.09035714285714286
9.0,0.35,22,transformer_add97_permuted_s1,21000.0,24589.0,3589.0,0.1709047619047619
9.0,0.35,23,transformer_add97_permuted_s4,21000.0,24589.0,3589.0,0.1709047619047619
9.0,0.35,24,transformer_add97_permuted_dense_s2,14000.0,15265.0,1265.0,0.09035714285714286
9.0,0.35,25,transformer_add97_permuted_dense_s0,14000.0,15265.0,1265.0,0.09035714285714286
9.0,0.35,26,transformer_add97_permuted_s2,21000.0,24589.0,3589.0,0.1709047619047619
9.0,0.35,27,transformer_add97_permuted_dense_s1,14000.0,16104.0,2104.0,0.15028571428571427
9.0,0.35,28,transformer_add97_permuted_s3,21000.0,21192.0,192.0,0.009142857142857144
9.0,0.35,29,transformer_add97_permuted_dense_s2,14000.0,15265.0,1265.0,0.09035714285714286
9.0,0.35,30,transformer_add97_permuted_dense_s1,14000.0,16104.0,2104.0,0.15028571428571427
9.0,0.35,31,transformer_add97_permuted_s2,21000.0,24589.0,3589.0,0.1709047619047619
9.0,0.35,32,transformer_add97_permuted_dense_s2,14000.0,15265.0,1265.0,0.09035714285714286
9.0,0.35,33,transformer_add97_permuted_s0,21000.0,22827.0,1827.0,0.087
9.0,0.35,34,transformer_add97_permuted_s4,21000.0,24589.0,3589.0,0.1709047619047619
9.0,0.35,35,transformer_add97_permuted_dense_s4,14000.0,15265.0,1265.0,0.09035714285714286
9.0,0.35,36,transformer_add97_permuted_dense_s2,14000.0,15265.0,1265.0,0.09035714285714286
9.0,0.35,37,transformer_add97_permuted_dense_s2,14000.0,15265.0,1265.0,0.09035714285714286
9.0,0.35,38,transformer_add97_permuted_dense_s4,14000.0,15265.0,1265.0,0.09035714285714286
9.0,0.35,39,transformer_add97_permuted_s2,21000.0,24589.0,3589.0,0.1709047619047619
9.0,0.5,0,transformer_add97_permuted_s2,30000.0,33103.0,3103.0,0.10343333333333334
9.0,0.5,1,transformer_add97_permuted_dense_s1,20000.0,22202.0,2202.0,0.1101
9.0,0.5,2,transformer_add97_permuted_s0,30000.0,35658.0,5658.0,0.1886
9.0,0.5,3,transformer_add97_permuted_dense_s2,20000.0,21045.0,1045.0,0.05225
9.0,0.5,4,transformer_add97_permuted_dense_s3,20000.0,22202.0,2202.0,0.1101
9.0,0.5,5,transformer_add97_permuted_s3,30000.0,33103.0,3103.0,0.10343333333333334
9.0,0.5,6,transformer_add97_permuted_s3,30000.0,33103.0,3103.0,0.10343333333333334
9.0,0.5,7,transformer_add97_permuted_dense_s4,20000.0,22202.0,2202.0,0.1101
9.0,0.5,8,transformer_add97_permuted_dense_s2,20000.0,21045.0,1045.0,0.05225
9.0,0.5,9,transformer_add97_permuted_s3,30000.0,33103.0,3103.0,0.10343333333333334
9.0,0.5,10,transformer_add97_permuted_s3,30000.0,33103.0,3103.0,0.10343333333333334
9.0,0.5,11,transformer_add97_permuted_s1,30000.0,35658.0,5658.0,0.1886
9.0,0.5,12,transformer_add97_permuted_dense_s4,20000.0,22202.0,2202.0,0.1101
9.0,0.5,13,transformer_add97_permuted_s2,30000.0,33103.0,3103.0,0.10343333333333334
9.0,0.5,14,transformer_add97_permuted_dense_s3,20000.0,22202.0,2202.0,0.1101
9.0,0.5,15,transformer_add97_permuted_dense_s1,20000.0,22202.0,2202.0,0.1101
9.0,0.5,16,transformer_add97_permuted_s4,30000.0,33103.0,3103.0,0.10343333333333334
9.0,0.5,17,transformer_add97_permuted_dense_s3,20000.0,22202.0,2202.0,0.1101
9.0,0.5,18,transformer_add97_permuted_s1,30000.0,35658.0,5658.0,0.1886
9.0,0.5,19,transformer_add97_permuted_dense_s3,20000.0,22202.0,2202.0,0.1101
9.0,0.5,20,transformer_add97_permuted_s4,30000.0,33103.0,3103.0,0.10343333333333334
9.0,0.5,21,transformer_add97_permuted_dense_s4,20000.0,22202.0,2202.0,0.1101
9.0,0.5,22,transformer_add97_permuted_s0,30000.0,35658.0,5658.0,0.1886
9.0,0.5,23,transformer_add97_permuted_dense_s4,20000.0,22202.0,2202.0,0.1101
9.0,0.5,24,transformer_add97_permuted_s3,30000.0,33103.0,3103.0,0.10343333333333334
9.0,0.5,25,transformer_add97_permuted_s3,30000.0,33103.0,3103.0,0.10343333333333334
9.0,0.5,26,transformer_add97_permuted_s0,30000.0,35658.0,5658.0,0.1886
9.0,0.5,27,transformer_add97_permuted_dense_s1,20000.0,22202.0,2202.0,0.1101
9.0,0.5,28,transformer_add97_permuted_dense_s3,20000.0,22202.0,2202.0,0.1101
9.0,0.5,29,transformer_add97_permuted_s3,30000.0,33103.0,3103.0,0.10343333333333334
9.0,0.5,30,transformer_add97_permuted_s4,30000.0,33103.0,3103.0,0.10343333333333334
9.0,0.5,31,transformer_add97_permuted_s3,30000.0,33103.0,3103.0,0.10343333333333334
9.0,0.5,32,transformer_add97_permuted_s4,30000.0,33103.0,3103.0,0.10343333333333334
9.0,0.5,33,transformer_add97_permuted_dense_s0,20000.0,22202.0,2202.0,0.1101
9.0,0.5,34,transformer_add97_permuted_dense_s4,20000.0,22202.0,2202.0,0.1101
9.0,0.5,35,transformer_add97_permuted_dense_s0,20000.0,22202.0,2202.0,0.1101
9.0,0.5,36,transformer_add97_permuted_dense_s0,20000.0,22202.0,2202.0,0.1101
9.0,0.5,37,transformer_add97_permuted_dense_s2,20000.0,21045.0,1045.0,0.05225
9.0,0.5,38,transformer_add97_permuted_s0,30000.0,35658.0,5658.0,0.1886
9.0,0.5,39,transformer_add97_permuted_dense_s4,20000.0,22202.0,2202.0,0.1101
9.0,0.65,0,transformer_add97_permuted_dense_s4,26000.0,26069.0,69.0,0.0026538461538461538
9.0,0.65,1,transformer_add97_permuted_s4,39000.0,41374.0,2374.0,0.06087179487179487
9.0,0.65,2,transformer_add97_permuted_s4,39000.0,41374.0,2374.0,0.06087179487179487
9.0,0.65,3,transformer_add97_permuted_dense_s0,26000.0,26069.0,69.0,0.0026538461538461538
9.0,0.65,4,transformer_add97_permuted_dense_s3,26000.0,27502.0,1502.0,0.05776923076923077
9.0,0.65,5,transformer_add97_permuted_s2,39000.0,44567.0,5567.0,0.14274358974358975
9.0,0.65,6,transformer_add97_permuted_dense_s3,26000.0,27502.0,1502.0,0.05776923076923077
9.0,0.65,7,transformer_add97_permuted_dense_s4,26000.0,26069.0,69.0,0.0026538461538461538
9.0,0.65,8,transformer_add97_permuted_s0,39000.0,41374.0,2374.0,0.06087179487179487
9.0,0.65,9,transformer_add97_permuted_dense_s1,26000.0,27502.0,1502.0,0.05776923076923077
9.0,0.65,10,transformer_add97_permuted_dense_s4,26000.0,26069.0,69.0,0.0026538461538461538
9.0,0.65,11,transformer_add97_permuted_dense_s3,26000.0,27502.0,1502.0,0.05776923076923077
9.0,0.65,12,transformer_add97_permuted_dense_s4,26000.0,26069.0,69.0,0.0026538461538461538
9.0,0.65,13,transformer_add97_permuted_dense_s3,26000.0,27502.0,1502.0,0.05776923076923077
9.0,0.65,14,transformer_add97_permuted_dense_s0,26000.0,26069.0,69.0,0.0026538461538461538
9.0,0.65,15,transformer_add97_permuted_dense_s2,26000.0,26069.0,69.0,0.0026538461538461538
9.0,0.65,16,transformer_add97_permuted_s1,39000.0,41374.0,2374.0,0.06087179487179487
9.0,0.65,17,transformer_add97_permuted_dense_s2,26000.0,26069.0,69.0,0.0026538461538461538
9.0,0.65,18,transformer_add97_permuted_s4,39000.0,41374.0,2374.0,0.06087179487179487
9.0,0.65,19,transformer_add97_permuted_dense_s4,26000.0,26069.0,69.0,0.0026538461538461538
9.0,0.65,20,transformer_add97_permuted_dense_s3,26000.0,27502.0,1502.0,0.05776923076923077
9.0,0.65,21,transformer_add97_permuted_s4,39000.0,41374.0,2374.0,0.06087179487179487
9.0,0.65,22,transformer_add97_permuted_dense_s1,26000.0,27502.0,1502.0,0.05776923076923077
9.0,0.65,23,transformer_add97_permuted_dense_s4,26000.0,26069.0,69.0,0.0026538461538461538
9.0,0.65,24,transformer_add97_permuted_s3,39000.0,38410.0,-590.0,-0.015128205128205128
9.0,0.65,25,transformer_add97_permuted_s4,39000.0,41374.0,2374.0,0.06087179487179487
9.0,0.65,26,transformer_add97_permuted_s4,39000.0,41374.0,2374.0,0.06087179487179487
9.0,0.65,27,transformer_add97_permuted_dense_s0,26000.0,26069.0,69.0,0.0026538461538461538
9.0,0.65,28,transformer_add97_permuted_s0,39000.0,41374.0,2374.0,0.06087179487179487
9.0,0.65,29,transformer_add97_permuted_dense_s0,26000.0,26069.0,69.0,0.0026538461538461538
9.0,0.65,30,transformer_add97_permuted_dense_s4,26000.0,26069.0,69.0,0.0026538461538461538
9.0,0.65,31,transformer_add97_permuted_dense_s0,26000.0,26069.0,69.0,0.0026538461538461538
9.0,0.65,32,transformer_add97_permuted_dense_s2,26000.0,26069.0,69.0,0.0026538461538461538
9.0,0.65,33,transformer_add97_permuted_s1,39000.0,41374.0,2374.0,0.06087179487179487
9.0,0.65,34,transformer_add97_permuted_s3,39000.0,38410.0,-590.0,-0.015128205128205128
9.0,0.65,35,transformer_add97_permuted_dense_s2,26000.0,26069.0,69.0,0.0026538461538461538
9.0,0.65,36,transformer_add97_permuted_dense_s4,26000.0,26069.0,69.0,0.0026538461538461538
9.0,0.65,37,transformer_add97_permuted_s0,39000.0,41374.0,2374.0,0.06087179487179487
9.0,0.65,38,transformer_add97_permuted_s2,39000.0,44567.0,5567.0,0.14274358974358975
9.0,0.65,39,transformer_add97_permuted_s2,39000.0,44567.0,5567.0,0.14274358974358975
9.0,0.8,0,transformer_add97_permuted_s4,48000.0,48006.0,6.0,0.000125
9.0,0.8,1,transformer_add97_permuted_dense_s3,32000.0,32292.0,292.0,0.009125
9.0,0.8,2,transformer_add97_permuted_s0,48000.0,51711.0,3711.0,0.0773125
9.0,0.8,3,transformer_add97_permuted_dense_s2,32000.0,32292.0,292.0,0.009125
9.0,0.8,4,transformer_add97_permuted_dense_s0,32000.0,35940.0,3940.0,0.123125
9.0,0.8,5,transformer_add97_permuted_s2,48000.0,48006.0,6.0,0.000125
9.0,0.8,6,transformer_add97_permuted_dense_s4,32000.0,32292.0,292.0,0.009125
9.0,0.8,7,transformer_add97_permuted_dense_s4,32000.0,32292.0,292.0,0.009125
9.0,0.8,8,transformer_add97_permuted_s0,48000.0,51711.0,3711.0,0.0773125
9.0,0.8,9,transformer_add97_permuted_dense_s1,32000.0,34067.0,2067.0,0.06459375
9.0,0.8,10,transformer_add97_permuted_s2,48000.0,48006.0,6.0,0.000125
9.0,0.8,11,transformer_add97_permuted_dense_s0,32000.0,35940.0,3940.0,0.123125
9.0,0.8,12,transformer_add97_permuted_dense_s0,32000.0,35940.0,3940.0,0.123125
9.0,0.8,13,transformer_add97_permuted_s2,48000.0,48006.0,6.0,0.000125
9.0,0.8,14,transformer_add97_permuted_dense_s3,32000.0,32292.0,292.0,0.009125
9.0,0.8,15,transformer_add97_permuted_s3,48000.0,51711.0,3711.0,0.0773125
9.0,0.8,16,transformer_add97_permuted_s3,48000.0,51711.0,3711.0,0.0773125
9.0,0.8,17,transformer_add97_permuted_s3,48000.0,51711.0,3711.0,0.0773125
9.0,0.8,18,transformer_add97_permuted_dense_s1,32000.0,34067.0,2067.0,0.06459375
9.0,0.8,19,transformer_add97_permuted_s0,48000.0,51711.0,3711.0,0.0773125
9.0,0.8,20,transformer_add97_permuted_s4,48000.0,48006.0,6.0,0.000125
9.0,0.8,21,transformer_add97_permuted_dense_s1,32000.0,34067.0,2067.0,0.06459375
9.0,0.8,22,transformer_add97_permuted_s3,48000.0,51711.0,3711.0,0.0773125
9.0,0.8,23,transformer_add97_permuted_dense_s2,32000.0,32292.0,292.0,0.009125
9.0,0.8,24,transformer_add97_permuted_dense_s2,32000.0,32292.0,292.0,0.009125
9.0,0.8,25,transformer_add97_permuted_dense_s4,32000.0,32292.0,292.0,0.009125
9.0,0.8,26,transformer_add97_permuted_dense_s4,32000.0,32292.0,292.0,0.009125
9.0,0.8,27,transformer_add97_permuted_s3,48000.0,51711.0,3711.0,0.0773125
9.0,0.8,28,transformer_add97_permuted_s3,48000.0,51711.0,3711.0,0.0773125
9.0,0.8,29,transformer_add97_permuted_s1,48000.0,48006.0,6.0,0.000125
9.0,0.8,30,transformer_add97_permuted_dense_s4,32000.0,32292.0,292.0,0.009125
9.0,0.8,31,transformer_add97_permuted_dense_s2,32000.0,32292.0,292.0,0.009125
9.0,0.8,32,transformer_add97_permuted_dense_s2,32000.0,32292.0,292.0,0.009125
9.0,0.8,33,transformer_add97_permuted_s2,48000.0,48006.0,6.0,0.000125
9.0,0.8,34,transformer_add97_permuted_dense_s3,32000.0,32292.0,292.0,0.009125
9.0,0.8,35,transformer_add97_permuted_dense_s4,32000.0,32292.0,292.0,0.009125
9.0,0.8,36,transformer_add97_permuted_dense_s2,32000.0,32292.0,292.0,0.009125
9.0,0.8,37,transformer_add97_permuted_s4,48000.0,48006.0,6.0,0.000125
9.0,0.8,38,transformer_add97_permuted_dense_s4,32000.0,32292.0,292.0,0.009125
9.0,0.8,39,transformer_add97_permuted_dense_s4,32000.0,32292.0,292.0,0.009125
