run,t_g,spectral_decay__baseline,spectral_decay__plateau,spectral_decay__ratio,participation_ratio__baseline,participation_ratio__plateau,participation_ratio__ratio,effective_rank__baseline,effective_rank__plateau,effective_rank__ratio,rms_radius__baseline,rms_radius__plateau,rms_radius__ratio,h1_max_persistence__connectivity__baseline,h1_max_persistence__connectivity__plateau,h1_max_persistence__connectivity__ratio,h1_max_persistence__mean_pairwise__baseline,h1_max_persistence__mean_pairwise__plateau,h1_max_persistence__mean_pairwise__ratio,h1_max_persistence__diameter__baseline,h1_max_persistence__diameter__plateau,h1_max_persistence__diameter__ratio,h1_max_persistence__rms_radius__baseline,h1_max_persistence__rms_radius__plateau,h1_max_persistence__rms_radius__ratio,h1_total_persistence__connectivity__baseline,h1_total_persistence__connectivity__plateau,h1_total_persistence__connectivity__ratio,h1_total_persistence__mean_pairwise__baseline,h1_total_persistence__mean_pairwise__plateau,h1_total_persistence__mean_pairwise__ratio,h1_total_persistence__diameter__baseline,h1_total_persistence__diameter__plateau,h1_total_persistence__diameter__ratio,h1_total_persistence__rms_radius__baseline,h1_total_persistence__rms_radius__plateau,h1_total_persistence__rms_radius__ratio
mlp_add97_f0.3_wd0.0_stablemax_ce_s0,600.0,1.2831547681942068,1.5814384292899444,1.2324611718627787,55.20978119188099,8.717127696369735,0.15789100243077314,66.6268159120319,9.443640359344105,0.14173933168009475,11.286673773576913,10.65656830088287,0.9441726158357501,0.06550626573126983,0.48216150722683,7.3605402757169704,0.06141372711420663,0.3158247948246877,5.142576581248218,0.05222946467819393,0.23504443149848592,4.5002267005163885,0.08717683606732438,0.4424373161499635,5.075170608489173,3.1113275369768587,7.559678135405107,2.4297275184182365,2.9074862632682406,4.929046793329614,1.6952949548208638,2.465819964367244,3.665590689852825,1.4865605530099821,4.127234983201314,6.90427721231862,1.6728577947270833
mlp_add97_f0.3_wd0.0_stablemax_ce_s1,700.0,1.2569840457650947,22.188466409904052,17.652146409223903,54.63939629691927,6.605649521844251,0.12089536066518906,66.32480027830573,7.204582127165873,0.10862576437372898,11.321559423505354,10.227584954995518,0.903372457133549,0.05947052209113682,0.6413522930484606,10.78437300526145,0.05527791206222542,0.35406974646512357,6.4052662855021225,0.046538917886843854,0.2407822672216403,5.1737831078729775,0.07845072087307951,0.49350390478173656,6.290622945073322,3.1781003229810354,19.277316207519526,6.065672649829235,3.034107551282952,10.641102579953493,3.50716063952775,2.5928449070847446,7.249091015885343,2.795805871796563,4.307956040285577,14.83194407701976,3.4429190869915516
mlp_add97_f0.3_wd0.0_stablemax_ce_s2,,1.2029640348968258,1.2014062344696215,0.9987050315869684,54.12416809998787,54.83174885001134,1.0130732863868928,65.4900764351924,66.06073821474718,1.008713713750502,11.186357939911446,11.178220840800495,0.9992725872750846,0.07103746984976367,0.07331732008020492,1.0320936293939365,0.06726010317228537,0.06914752926568676,1.0280615997356828,0.055304306059964045,0.05694876167201052,1.0297346758182528,0.09543398973641795,0.09812209745558476,1.0281671941683583,1.492642889228052,1.5337572905653314,1.0275447005000253,1.4132727224539383,1.4465255762239289,1.023528971614376,1.1620567333797966,1.1913355113415771,1.025195652777317,2.0052638619320566,2.05265653208693,1.0236341316744275
mlp_add97_f0.3_wd1.0_softmax_ce_s0,14300.0,1.188636967930307,1.304827903187765,1.0977514063522467,64.38934468610756,11.181678898634651,0.1736572868250851,74.57933306972929,12.270614029757786,0.16453102387339874,3.0376793260059927,2.0042405862324153,0.6597933393014314,0.04842026160982779,0.15607188437617767,3.2232763555432746,0.046229168173384655,0.1155334806199345,2.4991468630069393,0.040981221694253556,0.08551893571743073,2.086783462812733,0.06566382491799523,0.16262263581093703,2.476594015259232,2.7191896634632826,22.479753416523188,8.267078136760773,2.596180772701251,16.670924137114223,6.421326400845581,2.3014741163976242,12.341781935973898,5.362555176284944,3.68761080644979,23.465637198480746,6.363371415833345
mlp_add97_f0.3_wd1.0_softmax_ce_s1,13200.0,1.2642886838037808,2.129777114176251,1.6845655121807568,63.32678698466992,9.279876355511139,0.14653951033008514,74.32107020091884,10.573237535654485,0.1422643337491091,3.0218115800597802,1.980857180727334,0.6555197530509652,0.05089764673215629,0.22044954246844994,4.331232515101205,0.047984256648170326,0.15762920626039595,3.2850192390425716,0.04178082588233843,0.1181423579350156,2.8276692822617626,0.06814187567208804,0.2212720484823138,3.2472256787752354,2.425428109181204,12.010236094148315,4.951800487792164,2.325650631379303,8.39443654637201,3.609500254728035,2.036535868486027,6.200870145438206,3.0448126357076983,3.303175214311464,11.772812886825674,3.564089738812017
mlp_add97_f0.3_wd1.0_softmax_ce_s2,12100.0,1.1865924751243935,12.745939241682564,10.74163161227394,63.27325634646013,8.130396759499838,0.12849657547228008,73.66561544844527,8.637180532651755,0.11724846768838126,3.026251309497345,1.9209934841581262,0.6347765891515467,0.05231489165155387,0.22863989351721603,4.370455262338767,0.04990455673755607,0.1595538505864078,3.197179997519832,0.04399646366342687,0.11458484931904087,2.6044104407030404,0.07088436806781923,0.22349540146446586,3.1529575216165395,3.130006782480704,2.610837889676747,0.8341317035765377,2.9838743853878134,1.8163524195267058,0.6087228163563041,2.6280662589656445,1.3009260961897047,0.4950126701530439,4.238293900729155,2.544291760495602,0.6003103654651893
mlp_add97_f0.3_wd1.0_softmax_ce_s3,9500.0,1.18234812382914,1.5051862462778627,1.2730482807408554,63.20565272475328,11.06978690932732,0.17513919138741924,73.63336552037421,12.338530341133232,0.16756711110426134,3.0471281257611267,1.9954116288396655,0.6548499263847797,0.04770762762838891,0.11293889537373353,2.3673131737644417,0.04506350203867198,0.08821765234089984,1.9576297524589727,0.039330035477382196,0.06650205282036026,1.690871925569558,0.06400379545933228,0.12416046512968439,1.9398922241818515,2.6193548785316203,7.103150701258622,2.7117939457064195,2.4651829129945075,5.557210670825714,2.2542792429447993,2.1448969452441276,4.1908595897572445,1.9538745668175912,3.500959684503434,7.821459483763892,2.234090132024261
mlp_add97_f0.3_wd1.0_softmax_ce_s4,12100.0,1.138821874809588,1.2155702811552804,1.067392810099055,64.74126795497489,10.059387789027305,0.15537829435196157,74.72112557038518,10.78620018560855,0.14435275303030942,3.0656029666835245,1.9328482397736897,0.6304952926975772,0.04615466123387125,0.15215849864217726,3.2967092504735707,0.04427332416454885,0.1126915728657481,2.545360552709165,0.03938388439997714,0.08428100798845703,2.1399871869547216,0.06288696962780416,0.158406546488802,2.5189088840872667,2.9664235953377487,5.748154375355098,1.9377388935246211,2.8417062469396885,4.258460745032009,1.4985576885781429,2.5310113693079463,3.1848644190798625,1.258336670352729,4.036455658066413,5.985967213458898,1.4829760860859702
mlp_add97_f0.4_wd0.0_softmax_ce_s0,900.0,1.3515059807198746,1.3566581352548233,1.0038121581468729,58.48928612067529,54.2498877802319,0.9275183777812462,71.12992640240797,68.39699136153492,0.9615782669953593,11.569790391525292,11.5673820859671,0.9997918453596225,0.05601321118614382,0.05487024239070598,0.979594656845516,0.052177846791330744,0.0515118037074717,0.9872351366563156,0.044550642981581706,0.043387600311265775,0.9738939195378895,0.07410389755355096,0.07314551062083427,0.9870669834602949,3.314541806295126,3.5616594963488017,1.0745556111509407,3.0875868547795364,3.343646327364384,1.0829319091666916,2.6362525113773425,2.8155631338837237,1.0680172410391364,4.385045264311069,4.747920894973104,1.0827529954172654
mlp_add97_f0.4_wd0.0_softmax_ce_s1,900.0,1.2622028698880374,1.3727656121555314,1.0875950648704367,61.203760050421046,53.921637140796705,0.8810183736485281,73.12525352538135,68.5096232743119,0.9368804889070588,11.592293946491997,11.5911383469571,0.999900313126959,0.061707496256986176,0.059585344237622274,0.9656094940146978,0.05765031255465114,0.05563658618660075,0.9650699835123804,0.05067265665060568,0.048048912353433226,0.9482216944877492,0.08188499764109515,0.07900344363646027,0.9648097443042639,3.8476608565999486,4.819069943925655,1.2524674402265559,3.594682403957861,4.499281325628148,1.2516491917823658,3.1596031166536105,3.8858811605977173,1.2298636939924659,5.105792963213136,6.388945090980965,1.2513129962403187
mlp_add97_f0.4_wd0.0_softmax_ce_s2,1100.0,1.3345070236104517,1.4266367696234998,1.0690365388739544,57.39052661085205,52.012553320958865,0.9062916197587869,70.47949223440676,67.17295089718009,0.9530850573351253,11.502901535099063,11.502352998160916,0.999952313167554,0.059388455541351935,0.06237197945028524,1.0502374389388842,0.05528959179672508,0.057461642596990006,1.0392849852871147,0.04793972893947294,0.04936364377982292,1.0297021879733148,0.07852090766769881,0.08158669545688285,1.0390442224911418,4.012026329515496,3.8117097323102973,0.9500709664511624,3.7351248826831407,3.5135672687070088,0.940682675697586,3.23860004409576,3.0176908715352675,0.9317886835198349,5.304531766462763,4.988764657885715,0.940472199530702
mlp_add97_f0.4_wd0.0_stablemax_ce_s0,,1.1592376779759497,1.1592430029476504,1.0000045935115824,61.72499311346336,61.755418978192296,1.00049292617454,72.0898544130532,72.11945015019629,1.0004105395604423,42.08185005961131,43.6208983012342,1.0365727324117817,0.05148588285354707,0.05201697590128117,1.0103153139909207,0.04814126077682036,0.0485875475648758,1.0092703593726884,0.042273840949809516,0.04269383780043317,1.0099351476276381,0.06837625818503891,0.0690105801243731,1.0092769326104039,3.3552575949378314,3.38003789150679,1.0073855123989124,3.1372936016417374,3.1571952997871944,1.0063435880323863,2.754922671084592,2.774224894833895,1.0070064484756314,4.455977966647147,4.48427406041306,1.0063501422084464
mlp_add97_f0.4_wd0.0_stablemax_ce_s1,,1.1697889287008618,1.1739791401415633,1.003582023506886,63.07750750483435,63.120591222009416,1.000683028212105,73.22375068943421,73.26556424056815,1.00057103809543,42.096189613158344,43.640136872442724,1.0366766511048253,0.053694913065715104,0.05420744357812274,1.0095452340481559,0.05072301724246324,0.051106429094250894,1.0075589322684588,0.04371758934508434,0.04407692393546466,1.0082194511582951,0.07204697340574075,0.07259222002406351,1.0075679323162148,3.1722544367968677,3.2281136928437855,1.017608693489076,2.9978724512259807,3.043444823472243,1.0152015714436502,2.58359866193399,2.624829955123203,1.0159588614890938,4.258172255919413,4.322947624635494,1.0152120122961288
mlp_add97_f0.4_wd0.0_stablemax_ce_s2,,1.1580664402400653,1.1574069919377465,0.9994305609079026,62.27833947466218,62.32240304065502,1.0007075263464718,72.4377504174078,72.47036946753798,1.0004503045710589,41.97867018969729,43.52245614834811,1.0367754850659778,0.04956668066085563,0.05090653316907341,1.0270313139866134,0.04722345454534066,0.048464931206281016,1.0262894079413096,0.04101044276309295,0.04217929994478319,1.0285014523847607,0.06707612901716364,0.06884000549953302,1.0262966350058458,3.4873234370291635,3.490971937258793,1.001046217907662,3.3223491490204022,3.323536376370069,1.0003573457503758,2.885240203765548,2.8924922455712303,1.0025134967259286,4.719060100649584,4.7207796799175545,1.0003643902029844
transformer_add113_f0.3_wd0.1_dense_s0,13000.0,1.3366966319130087,1.290318629419725,0.965304017840675,59.048816970135334,14.295257707379832,0.2420921949140799,73.72121681803762,18.344298598180764,0.2488333669730259,0.7821440845193013,0.47358284560567376,0.6054930990071139,0.03931697030681647,0.12883861935271435,3.27692134839742,0.03906914354646039,0.1114118105874298,2.8516573560139777,0.029855565199155283,0.07803401875054103,2.6137176847936168,0.055326878480576144,0.15659940864216626,2.8304399767853217,0.25387385819190367,8.574107509483252,33.773101218645635,0.2496146167236257,7.361159932339561,29.490099694321454,0.1925627099909848,5.200713040066512,27.00789285895485,0.3533393349341552,10.354272733534842,29.304047723597943
transformer_add113_f0.3_wd0.1_dense_s1,12000.0,1.2144627036944193,2.7829011318181403,2.2914669370681375,58.74506887644925,10.656148323891955,0.18139647340108878,72.3657026755138,14.596695589420058,0.20170737033911376,0.8771775921181333,0.4998350722564612,0.5698219798906425,0.03927659170608962,0.18258884763114308,4.648795623547796,0.038886871898605804,0.14601039580970865,3.754747776844028,0.03034845419502271,0.09762792505186678,3.2168994316645696,0.055062221055566754,0.20444597786271212,3.712999111612167,0.5993746891471002,16.104820049923724,26.86936959723909,0.5917841790894487,12.683687601151487,21.43296162575231,0.46284107737240054,8.747346856048708,18.899244867608452,0.8381874928527011,17.76417938099552,21.19356293487108
transformer_add113_f0.3_wd0.1_dense_s2,13500.0,1.3153484613711621,1.2772572439654275,0.9710409685916787,56.94748404900191,13.837697425254014,0.2429904965309269,71.76922266497148,17.94009150523001,0.24996914887843785,0.7009031633889592,0.5220630333991952,0.7448433116993675,0.05262155781425416,0.14819293437734002,2.816201962329542,0.052049275059914496,0.12084990029225715,2.321836378184816,0.03929549931426688,0.08722532227247676,2.2197280552383303,0.07369412197534124,0.17020416893359192,2.309603050709307,1.1298676386430093,12.624323036042744,11.173276058428202,1.1088768748422653,10.231164003349766,9.22660056807941,0.8480280444429513,7.406894852465536,8.734256963554715,1.5708479458855398,14.407769555718524,9.171969568064323
transformer_add113_f0.3_wd0.1_dense_s3,11500.0,1.2378952710639264,1.2787391609662424,1.032994624712648,61.00782570051986,17.33390278120599,0.2841258901160656,74.74683964065588,21.949668459144657,0.29365346501159517,0.8610736291482258,0.4698009036266228,0.5455989914490239,0.048196929862328056,0.08443147231083717,1.7518018793315495,0.047966245226338605,0.07814224357526502,1.6291090371267283,0.035650233575040935,0.05678473002093068,1.5928291157308492,0.0678834238974741,0.11009939766883602,1.6218892823544329,0.5595060312876234,3.695327161672414,6.604624356181014,0.5530178988577487,3.3364844533088505,6.033230497964562,0.4161670350659874,2.4330378337999323,5.846301193495901,0.7830218684689262,4.704316946781521,6.007899825301251
transformer_add113_f0.3_wd0.1_dense_s4,10000.0,1.1820602482222666,1.3231415596430365,1.119352047945903,61.75443796767146,15.016617024492058,0.24316660500340526,74.84113290978473,19.6003928176373,0.26189332063243986,1.012452241202145,0.4616852112847976,0.45600690333463156,0.05314906924171696,0.10935084946209422,2.0574367721243974,0.053496968731157946,0.09482331526538763,1.772498844596408,0.0430153058193522,0.06603413145234227,1.5351310468338948,0.07579352785244628,0.1334228296907757,1.7603459486741573,1.0076048059592133,5.913089825796342,5.868461316207434,1.0171904781382086,5.247311379026375,5.158632027927228,0.8167225710840438,3.6750338510063303,4.499733423711337,1.441074625911147,7.389336507444453,5.127657079363536
transformer_add113_f0.3_wd0.1_softmax_ce_s0,13000.0,1.3267898339231372,1.3158238577715908,0.9917349561541925,61.05190848213832,14.246380458170869,0.23334865055592596,75.1711708248167,18.180840525335544,0.24185921711536515,0.8522346330657035,0.4629051089033837,0.5431662724597298,0.042851020775459825,0.12423741143759795,2.899287092566695,0.04121120993300271,0.10783005033403907,2.6165223129662776,0.03239502915561403,0.0750950173765501,2.3181030958737754,0.05835877126266752,0.15147573219200208,2.5955949536741203,0.26281910131357733,7.81990730715666,29.75395345343067,0.26444875621783825,6.832869444909792,25.838160642666256,0.19891369693929714,4.7621781884794006,23.940926450794805,0.3741257878092255,9.609478386245334,25.685153762096203
transformer_add113_f0.3_wd0.1_softmax_ce_s1,12000.0,1.211405710347941,3.1773755216458497,2.6228830642817766,60.789745859061014,10.183118592372768,0.1675137549675234,74.18646151591119,13.930182279695991,0.1877725665175216,1.0436407718775476,0.5096487770400904,0.48833735780867754,0.034698055751891915,0.20015917139402872,5.7685990484672915,0.034072147338431,0.15315754290091813,4.495095110373836,0.026495679532731152,0.10115913532651263,3.8179483263128535,0.04826201137936036,0.21441408142730178,4.442709188846566,0.4892301742719876,18.40416745464414,37.6186270236315,0.48747006471253956,13.939022041345666,28.594621599103707,0.37733047460949587,9.139602649279722,24.221745298304924,0.6902618281402828,19.5307610635324,28.294714074154392
transformer_add113_f0.3_wd0.1_softmax_ce_s2,14000.0,1.307009142512589,1.289893121426308,0.9869044366029628,58.29204313170221,13.53049136893394,0.23211557945162098,72.47582330755243,17.98076979669341,0.24809334997674598,0.824913278388351,0.488344870142702,0.5919954047736882,0.04922539667096098,0.1527202299097305,3.10246824277646,0.048120584212268246,0.1300504889376059,2.702595803158387,0.036516844316055265,0.0913076091724154,2.500424417349514,0.06814256898133353,0.18281751458198234,2.6828679533943314,0.840607494081478,12.448550190953501,14.808992637587519,0.848945295152345,10.604808021550546,12.491744853415428,0.6391091063092967,7.410004909438854,11.594272145846695,1.201732763687968,14.90666441999987,12.404308903298247
transformer_add113_f0.3_wd0.1_softmax_ce_s3,11500.0,1.2095181042458183,1.2426764467118256,1.0274145069425669,62.78779239715576,17.093125595282455,0.27223644824398635,75.88879694180649,21.63812095620484,0.2851293185316604,1.1183904567125331,0.44228763832305806,0.39546800106212104,0.03776223087334791,0.082995660265309,2.197848441308224,0.03699512079612337,0.0758064569233284,2.0490933748017923,0.028066174960514147,0.05498700318706768,1.959191206654559,0.05240321808759814,0.10682990560099237,2.0386134573341206,0.5856642360737374,3.973235271361192,6.7841521244280765,0.5742596328424462,3.5757893898885236,6.226781729701654,0.4412414204597901,2.590694741090336,5.871377030721039,0.8131204558581522,5.03865426307615,6.196688604714105
transformer_add113_f0.3_wd0.1_softmax_ce_s4,10500.0,1.1594704693991302,1.4143202553129688,1.2197984275062295,62.65368315740942,14.799679057970359,0.23621403103769725,75.40693616238366,19.714368327677967,0.2614397206806603,1.3281689600449087,0.46339698192096,0.34889912041408605,0.05279241866651571,0.1255244066426398,2.3776975901703725,0.05080867337830915,0.10380826346847642,2.0431209194450934,0.040789365771239885,0.07500720164383752,1.8388910988344966,0.07200047203348933,0.14616967984345858,2.030121132754118,1.196175310636948,7.749300083359237,6.478398286980889,1.1660323404313442,6.26587269192342,5.373669729954075,0.9367966943147656,4.622776193808692,4.9346632218745095,1.6524290402672217,8.826406173195487,5.3414736476479066
transformer_add113_f0.3_wd1.0_dense_s0,21500.0,1.7254480631589715,1.302044712744154,0.7546125209705556,47.522462393243366,44.75895467832888,0.9418483896720933,63.793946260007424,50.75191027580536,0.7955599747498588,0.08850872497088617,0.07278704230344332,0.8223713800801639,0.06189717115801984,0.06408483107991508,1.0353434556211023,0.05943395363821455,0.06188196467267405,1.0411887630656544,0.046477832595233116,0.04624072387380535,0.9948984557112914,0.08424025073328782,0.08759558385645491,1.039830521561366,2.324199507347724,4.332586096756536,1.8641197036052624,2.2127643776540675,4.090863027925513,1.848756726761198,1.7857971609877077,3.1522302624846743,1.7651670253194967,3.136219041675285,5.796978976830712,1.8483973535643476
transformer_add113_f0.3_wd1.0_dense_s1,22300.0,1.7321184980084472,1.2184907757677166,0.7034684850769224,46.65654551725974,39.020129826455914,0.8363270232259508,63.078459665218666,44.09148472335597,0.6989943152918796,0.08603863621066209,0.06946394299930816,0.8073575553804518,0.05542407934528879,0.052501851227952076,0.9472751166666855,0.05271372995001275,0.0502556190281847,0.9533686778727474,0.04135667887446081,0.03752993183743184,0.9074696725855297,0.0746573708780083,0.07119550900651161,0.9536300055736835,1.8646303785933864,2.7354921188766173,1.4670425572172536,1.8103384182054372,2.580419966677112,1.4253798851791732,1.4245715966374386,1.9919666043927042,1.3982916752619143,2.5650435346997416,3.6539850930373055,1.4245314138362306
transformer_add113_f0.3_wd1.0_dense_s2,25000.0,1.706627480790754,1.231677231714227,0.7217024485879824,46.1071891906201,36.688066271875286,0.7957124890046212,61.67363350106401,41.33460122863865,0.6702151127179093,0.08139745799512277,0.07216817911444942,0.8866146547079351,0.061866455027631564,0.09069753551516838,1.4660212141565234,0.0589578890135367,0.08291766722831474,1.406387993458804,0.04516632285211695,0.06361976134554956,1.4085663239368111,0.08354270079111911,0.11744935587933972,1.405860174104223,1.952094098650082,7.532957222774822,3.858910914173674,1.8381143725206992,6.889111612554948,3.7479232606769517,1.4115644430457759,5.2807337796176395,3.7410504392015134,2.6031941060829804,9.757928838301513,3.748444580256155
transformer_add113_f0.3_wd1.0_dense_s3,21100.0,1.6891475888932495,1.159907229979734,0.6866819913230434,47.20350028043034,43.166070348743325,0.9144675732159453,61.62893583090676,48.98342151787011,0.7948120612088363,0.08968086019292133,0.08317883944057786,0.9274982338666652,0.054332615535102144,0.0649142039739827,1.1947557343718198,0.051941405018715,0.06064705832277764,1.167605271765866,0.04050859966643139,0.04685052847149761,1.156557591654338,0.07360556183443882,0.08588955889186842,1.166889522357835,1.991612808230278,3.628728778937784,1.8220051427376722,1.876981358948556,3.4221689278988716,1.8232301091236707,1.4729913787066282,2.5645915476655707,1.7410770930088069,2.6588806433516314,4.848618607693551,1.823556322401017
transformer_add113_f0.3_wd1.0_dense_s4,19100.0,1.64512297968312,1.2467245472929955,0.7578306076139895,47.65112374484683,41.55471073440816,0.8720615059765939,63.157104560878174,47.20779381360511,0.7474660870195646,0.08937485305905543,0.07159690411649047,0.8010855589231797,0.058776716196191674,0.0552707544325217,0.9403511800154439,0.056290048823836085,0.05340896023084188,0.9488170883985056,0.04288703189065956,0.04079149404188698,0.9511381936125785,0.07975299434130141,0.07564783976724965,0.9485266401850213,1.7367145061128182,2.6387166108229945,1.51937270146322,1.7239621329046184,2.5455798767750846,1.4765868856331335,1.3088702547034359,1.9406398839445491,1.4826831589845089,2.4416655574243937,3.605705475323628,1.4767401146974155
transformer_add113_f0.3_wd1.0_softmax_ce_s0,21500.0,1.8218968642252915,1.5126384588047914,0.8302547133742375,45.49418979942861,33.993093716354196,0.7471963753222205,61.13484049157938,41.10835943858437,0.6724211449320224,0.08497290592618156,0.07716277281192555,0.908086783320781,0.06194783049087941,0.09734292161092517,1.571369341582624,0.05819086669797832,0.08885910173356365,1.5270283255061194,0.04537595379604496,0.06636086627965204,1.4624676888981705,0.0824533315342344,0.12577545118923494,1.5254138171119662,2.26789144792097,6.028072138996349,2.6580073506262507,2.164637681929255,5.694255436626625,2.6305813135210516,1.6897811715453999,4.174337077588303,2.4703418098632484,3.067091906963811,8.057554239570777,2.627099051474837
transformer_add113_f0.3_wd1.0_softmax_ce_s1,27500.0,1.6828835838531382,1.122790368305874,0.6671824355996913,45.46264847293142,41.38263845918958,0.9102557780774455,61.162428969684505,44.86161792513223,0.7334832622060863,0.09349341104956466,0.06491518737660494,0.6943290082997481,0.05769228324125604,0.055655608789093196,0.9646976278673886,0.054849470414426046,0.053711697648125334,0.9792564493749156,0.04201167590795854,0.040645645764245016,0.9674845120031322,0.07770459935876008,0.07605255350880713,0.9787394071446724,1.7604455537021761,3.2452565227726082,1.8434290773423292,1.6895409748371306,3.0341459082862876,1.7958403811892014,1.3047215969914432,2.369343735936937,1.815976482186242,2.393475629539795,4.299476787302757,1.7963319677206981
transformer_add113_f0.3_wd1.0_softmax_ce_s2,21800.0,1.739227058059278,1.2557613921120359,0.7220226860507111,43.3034208577433,37.50867334270117,0.866182684871975,60.67864462885455,41.84989914563477,0.6896973292929135,0.08751525317186333,0.07010356680169529,0.8010439810306575,0.05575963863657814,0.08749240562938984,1.5690992224615157,0.05146579427322806,0.07966495881537916,1.5479205157593379,0.040501893354273975,0.0611402958956072,1.509566364239003,0.07292955825952173,0.11286411400827163,1.547577096335093,1.87944326821162,7.785248479442294,4.142316297128953,1.7289363142539165,7.1366086171541685,4.127745225962133,1.3354613827814097,5.3931555631455215,4.038421202351069,2.4494552028628696,10.101978930230544,4.124173782979812
transformer_add113_f0.3_wd1.0_softmax_ce_s3,16800.0,1.6680944685721752,1.3239201777812655,0.793672182675895,47.242482574298556,36.45862801820413,0.7717339570558218,61.58583166420736,41.91779222775345,0.6806401910151578,0.09074523481730357,0.07080471103653534,0.7802581720030338,0.05556867101222599,0.060944871731678285,1.096748772672095,0.05317718413976921,0.05645843157206715,1.061704046300639,0.04235575511401368,0.041683517293434745,0.9841287726126142,0.07536174663693743,0.07997933807769403,1.061272351648142,2.239423223313072,3.574870399004937,1.5963353250021954,2.1670534082107213,3.3117072867071013,1.5282075070966943,1.707014521793151,2.445048580211472,1.43235370818231,3.0708453329542604,4.691383542240549,1.5277173004761118
transformer_add113_f0.3_wd1.0_softmax_ce_s4,19100.0,1.6108481479224754,1.1683024137939577,0.725271600119929,46.65355789989866,37.29217148563683,0.7993424974286438,61.05627948011564,41.877797682632604,0.6858884628938299,0.09594192856490208,0.06666324680581208,0.6948291305267668,0.05972420510557573,0.07171545952738648,1.200777128814248,0.05969898655926727,0.06599052320029127,1.105387662398221,0.04554964082250208,0.04945380058654062,1.0857121964858576,0.08460847183670148,0.09336265688280833,1.1034670034343943,1.9373273949134877,5.42604551251208,2.8007891318516056,1.89737968663659,5.130809347224605,2.7041553060577916,1.4938898764452133,3.703784099409663,2.4792885726108573,2.6881936887541986,7.259011891178979,2.7003306798711573
transformer_add149_f0.3_wd1.0_softmax_ce_s0,10500.0,1.5979429147591824,1.3898146079712925,0.8697523516856948,55.38000822303022,34.40538387296944,0.621259999355899,73.16210532006193,42.36495934016336,0.5790560448585995,0.08921425270772043,0.0733312004903074,0.8219673232095734,0.05958002822986475,0.07174600535616564,1.2041955582727073,0.0561588046193755,0.06752939640237789,1.2024721120769615,0.044099497098733814,0.050178362601117917,1.137844327085504,0.0794783445441167,0.09551522721867993,1.201776757764016,2.617308362299358,6.120864353014406,2.338610322414247,2.503983762405369,5.744217595759092,2.294031487744593,1.951977164544035,4.084964632344697,2.092731772965648,3.5424880348484686,8.12687793320807,2.2941158454909782
transformer_add149_f0.3_wd1.0_softmax_ce_s1,9600.0,1.6255290650196592,1.3021436754465823,0.8010583775263558,55.65826225201832,35.555764674217265,0.6388227593815673,73.34443314226681,39.429845856417735,0.5375983447841957,0.09944095775059847,0.06630465203277082,0.6667740690819299,0.06403566463612156,0.08878740484929515,1.386530542843956,0.06026220512380508,0.08164842739657087,1.3548861550756246,0.04734456211807707,0.060402801647121036,1.2758128694162763,0.08526404571466903,0.11535956533418645,1.3529684683299015,3.438102380839363,12.112542594351995,3.523031385526947,3.229715575130474,11.139744111164294,3.4491409079309627,2.5453523062831187,8.254548257709304,3.242988499993978,4.572154783354072,15.754389970143723,3.445725421961002
transformer_add149_f0.3_wd1.0_softmax_ce_s2,6800.0,1.6192816776910017,1.4968029047168112,0.9243622807189186,58.393666825866916,31.40781570940793,0.5378633919850888,76.24891093086623,36.95988812300865,0.48472676752746857,0.14103086077729077,0.08102151406683224,0.574494926998833,0.05951198187921011,0.08548123136754195,1.4363701000756608,0.0571764153591042,0.07541217526006888,1.318938495644271,0.04441713270608582,0.05781489955745394,1.301635113189835,0.08092542522867438,0.10608184115995875,1.3108592368862917,3.776030277680051,9.518484356342814,2.5207648393621622,3.5363324209719185,8.338264743729916,2.357884879340117,2.7386359474413458,6.266098834801428,2.288036436772738,5.00544526586584,11.788995001789742,2.3552340252691755
transformer_add149_f0.3_wd1.0_softmax_ce_s3,9800.0,1.6575415620427503,1.472959100996868,0.888640824898289,53.407939842365394,36.27628464044969,0.6792301808966957,71.09076300650537,41.43297428417222,0.5828179714484253,0.09267092986840975,0.07441522936788962,0.8030051006670298,0.06368242870208138,0.07493037677501141,1.176625614037902,0.059355901547476095,0.06896325806468542,1.1618601734071015,0.04662355691956052,0.04936726278170139,1.0588480597238554,0.08401846859603418,0.09751828264425638,1.1606767449324757,2.5530016821567934,5.7975861349867825,2.2708900567934376,2.3731854371572103,5.320361748217341,2.2418651593406422,1.8155776204862053,3.924945129441083,2.161816209427607,3.358437891414161,7.522913019020891,2.2400036154466934
transformer_add149_f0.3_wd1.0_softmax_ce_s4,9800.0,1.656259805880799,1.2393987014858383,0.7483117667199115,53.8647626672432,33.9278926449728,0.6298717559486322,72.89329897329324,38.338314821633006,0.5259511554783582,0.09792957558777526,0.06673830617155743,0.6814928561774396,0.0576275279240476,0.08811048015137607,1.5289651200638805,0.05424116226135822,0.08224431587026104,1.516271267823707,0.04145146771848107,0.06180002097379079,1.4909006695132618,0.07676812102538125,0.11614259462310775,1.512901358947009,2.0751712194708425,11.53577203395384,5.558949510149529,1.9830034050422372,10.399173184670776,5.244152964250345,1.5249228372461032,7.906541719826162,5.184879868482255,2.806480506667148,14.706318252290531,5.240128416126113
transformer_add97_f0.2_wd1.0_softmax_ce_s0,,1.7771170484799192,1.785220729985617,1.0045600156234107,36.696351010107136,37.24299641808152,1.0148964513617122,50.91297234999351,51.1864752633478,1.005371969082342,0.09243151482837929,0.07919094114532824,0.8567526053463986,0.06819279312658055,0.06326929301151508,0.9278002866677364,0.06435919220925532,0.05953813018902744,0.9250913217718327,0.05102346923455002,0.04465923359448147,0.8752684649722118,0.09123826243741692,0.08433716642130201,0.9243618211071415,1.8047109841578892,1.0910986077807838,0.6045835689806643,1.7073438837806876,1.0349235208121979,0.606159972014833,1.3138035961675145,0.7727574648328954,0.5881833990157279,2.4195528547443894,1.465918226739677,0.6058632791861628
transformer_add97_f0.2_wd1.0_softmax_ce_s1,,1.794875416051894,1.9979138086237986,1.1131211619236052,35.789355828094266,30.042798987324428,0.8394339124634691,48.89276335980294,45.49036343551674,0.9304109710623664,0.07935440210570352,0.08527418073811885,1.0745992468638341,0.06842695050720547,0.0661419885301034,0.9666072803162337,0.06531012673147628,0.0617181173049519,0.9450007279683749,0.04868905991862223,0.046309940390976106,0.951136466146142,0.0925143252619414,0.0874154628560869,0.9448856986048617,1.873650347405301,2.105244587531746,1.1236059014144046,1.7770127680784762,1.9237404825303286,1.082569870677132,1.2880577207724326,1.4403821091039646,1.1182589769658653,2.5170496387809163,2.7242044475836567,1.0823006450135293
transformer_add97_f0.2_wd1.0_softmax_ce_s2,,1.8524775624765908,1.7092973220569734,0.9227087856177871,34.756384402030434,36.417331525432495,1.0477882596817243,48.77731718507668,49.62606660291793,1.0174004940579413,0.0808553747820924,0.08214142043152409,1.015905506008693,0.05835020304364898,0.06508683953419596,1.11545180889101,0.055817995481343766,0.06041539126154805,1.082364043003674,0.04091726538019486,0.04539529033599389,1.1094409637151978,0.07905096188653357,0.08558930031046053,1.0827104220858415,1.6306383505642088,1.5720080060352437,0.9640445445744124,1.541316178192452,1.4590474796581345,0.9466243852505354,1.1573304647884122,1.09611220207213,0.9471039045641346,2.1834051068777733,2.066994756787467,0.9466840350773152
transformer_add97_f0.2_wd1.0_softmax_ce_s3,,1.7999349022693587,1.8360468907754706,1.020062941421149,36.09190809932235,36.748113673713576,1.0181815151636038,50.50815037039107,51.52034279107268,1.0200401799166847,0.08386561082973232,0.08033751490142446,0.9579315539062757,0.06163370556473542,0.05973589074448456,0.9692081661671706,0.05852804632837537,0.05720451835566066,0.977386431706793,0.04578868341606861,0.04383033150089022,0.9572306568113478,0.08297480009424932,0.08106247117030851,0.9769528950745452,1.8624720263359515,1.70397819720337,0.9149013639445704,1.7800888576623155,1.6041364096365904,0.9011552444315657,1.3879191138601648,1.2402548906416422,0.8936074719744799,2.521922732928193,2.2736222653694482,0.9015431899174626
transformer_add97_f0.2_wd1.0_softmax_ce_s4,,1.7517010496160514,1.8247095569157956,1.0416786342142952,37.42184493155363,35.98265670462148,0.9615414945584727,50.992531042529734,50.72493908870808,0.9947523304226953,0.08717692586316782,0.0806401186317621,0.9250167728824731,0.06545950815159246,0.058492931483603156,0.8935742588860283,0.061663437466649804,0.055849324416792114,0.9057121482563762,0.04730309593626464,0.04069933333497964,0.8603947062961208,0.08736645862488435,0.07910864954888552,0.9054807851208155,1.4886882372845198,0.7675492644443481,0.5155876463727666,1.4184490630085829,0.7344391375548457,0.5177761801309052,1.0825349919819602,0.5429803295983346,0.5015822431792423,2.0091845677403573,1.0399990844227545,0.5176224728783361
transformer_add97_f0.3_wd0.0_stablemax_ce_s0,,1.197755332227225,1.1864786759821548,0.9905851755014932,51.66914836593472,51.94677752791985,1.0053732095605463,62.565914685074034,62.73749853075364,1.0027424492480175,11.62945995686733,11.730547097343152,1.0086923331651467,0.05775185102086605,0.0558077676515623,0.9663372976807039,0.05461510439442985,0.05278200606535145,0.9664360555673431,0.04273228261843029,0.041388727757495976,0.9685587855689496,0.07746047214900453,0.07486032628097383,0.9664326101314099,1.4163761042797027,1.3920824065106596,0.9828479895307203,1.3397123912259379,1.316607126150152,0.9827535632072173,1.0480152119332464,1.0324105835147872,0.9851103035139407,1.9001067748994795,1.8673340861776153,0.9827521857430365
transformer_add97_f0.3_wd0.0_stablemax_ce_s1,,1.1878516846213265,1.181533645852324,0.9946811215147482,52.76170173319613,52.964619372780255,1.003845926740768,63.458091811790716,63.56072369887498,1.0016173175737566,11.706945142380036,11.814117495343995,1.0091545959821735,0.061953884400196065,0.0656811417520893,1.0601618024112374,0.05891440781457903,0.06262598154654475,1.0629994235645572,0.048005723243529405,0.05108356015366809,1.0641139577155219,0.08357800723007698,0.08884267103644475,1.0629910185807012,1.6993954138261052,1.5737655602299245,0.9260737950837874,1.6160225531889267,1.5005585832175583,0.9285505206944537,1.316797271184516,1.223994661506136,0.9295239960552925,2.292545230353117,2.128727244504269,0.928543182625184
transformer_add97_f0.3_wd0.0_stablemax_ce_s2,,1.196110480735024,1.184088688297161,0.9899492625209041,51.48560624759993,51.88011591440481,1.007662523480983,62.27606175566096,62.6339579862141,1.0057469310111056,11.540920804296585,11.653353058023916,1.0097420522706881,0.06978605158975527,0.06955468003312404,0.9966845587139479,0.06633306141472102,0.06618304017067311,0.9977383639342384,0.05437706615295433,0.054360725776683744,0.9996994987514658,0.09410146963648368,0.09388925814265522,0.9977448652539834,1.5506197862170508,1.482466696207219,0.9560478393119821,1.4738956448585903,1.4106046665644412,0.9570587113715087,1.2082379325438515,1.158627579665527,0.9589399144472531,2.090899218488746,2.0011263517200373,0.9570649479540221
transformer_add97_f0.3_wd0.0_stablemax_ce_s3,,1.1909421752198104,1.1835855220612004,0.9938228292593196,51.990727968936426,52.282810009621954,1.0056179640504368,62.80847828518155,62.98594885121891,1.0028255829608155,11.59700868549195,11.699299110283084,1.0088204146056303,0.07912207703352163,0.0840139901312793,1.0618274100120642,0.0741682453856807,0.07899819057271623,1.0651214702723442,0.060066088850890986,0.06410153581189759,1.0671834480687474,0.10521757418622989,0.11206887298360753,1.0651155365476417,2.2784328673588607,2.1918264848762243,0.9619886178243954,2.13578023147038,2.0609689791816432,0.9649724015671626,1.7296885544800051,1.6723316246524593,0.966839735581884,3.029889864343533,2.9237438133888034,0.9649670266223596
transformer_add97_f0.3_wd0.0_stablemax_ce_s4,,1.2046004612861212,1.1981560430739302,0.9946501612615104,52.26966093410631,52.49453832154845,1.0043022545664804,62.79158808200389,62.902278556453474,1.0017628232989588,11.562982670786608,11.685673179278453,1.0106106280693317,0.051613071554366965,0.05181051147427264,1.0038253859721893,0.04830436588100296,0.04830276982230984,0.9999669582932307,0.04105149853682684,0.041008175343364095,0.9989446623142422,0.06854869173135288,0.06854758825196333,0.9999839022545628,2.6416326667934626,2.6579576793858353,1.0061798950314271,2.473616727213073,2.478005595557206,1.0017742717761604,2.1001986632175553,2.10378483566644,1.0017075396302704,3.510300137517748,3.5165955853197994,1.0017934215182247
transformer_add97_f0.3_wd0.1_softmax_ce_s0,,1.6635394888314514,2.111857023882855,1.2694961785165213,44.59493954055368,34.178223530820254,0.76641484174991,58.49274990780385,53.90227499999894,0.9215206172552939,0.19882982270342625,0.10748803881713874,0.5406032020531822,0.0666430037704667,0.062233028505633926,0.9338268833136377,0.06197195277514674,0.05701102004307746,0.9199487427793495,0.050829700297988833,0.04545199942158114,0.8942016017233831,0.0879348945368677,0.0808341400119955,0.9192498659119318,2.569929513806735,1.751094995371125,0.6813786082316698,2.3991890069332746,1.604159628345873,0.668625783008386,1.964019688188447,1.2435474834288578,0.6331644692298725,3.4047028081072197,2.2744877025761303,0.6680429484653284
transformer_add97_f0.3_wd0.1_softmax_ce_s1,142200.0,1.629649705011467,1.4416957901913723,0.8846660639755264,42.934239894134215,45.17456083499002,1.052180286558698,56.55237770564031,56.115913331080684,0.9922821215965232,0.16028292296421223,0.18348491292961872,1.1447564689757186,0.06531855167341544,0.06226755644197282,0.9532905253824793,0.06125322427957877,0.058341593755012154,0.952465677377618,0.0501678943079711,0.04847622574658326,0.9662798571731352,0.08690699035435369,0.0827936796975091,0.9526699677428362,2.959244061013307,3.232241725969785,1.0922525007494643,2.819168205641175,3.028449235361611,1.074235027658748,2.267363424810984,2.516348617624875,1.1098126529207144,4.000277762998975,4.2977306555180395,1.0743580596503546
transformer_add97_f0.3_wd0.1_softmax_ce_s2,137000.0,1.6141916113032466,1.3742138319006831,0.8513325321962161,44.725779438057195,46.268979403482774,1.0345035902071382,57.74266770255452,56.65412769252422,0.9811484288249789,0.19416081873401436,0.15649389599670152,0.8060014220020689,0.06866957919267867,0.056613142073778974,0.824428265606947,0.06398322486286177,0.0532426485723942,0.8321344959794016,0.0521476831698223,0.04319893051703018,0.8283959687403575,0.09079758309466382,0.07555285903689629,0.8321020941507477,2.996854196319177,3.1128411298353997,1.0387028950753365,2.7723277110863247,2.9291077676568866,1.0565517763082664,2.2450171815887003,2.3835636906258912,1.0617128947490493,3.9340680683729836,4.156728599435723,1.0565980372461692
transformer_add97_f0.3_wd0.1_softmax_ce_s3,,1.672457353570604,1.6053988643713146,0.9599042157600473,44.941314579117666,44.80192138780595,0.9968983285732258,58.893257381950065,57.71022391171342,0.9799122425413809,0.17647207829714623,0.1924193086658065,1.0903668757264144,0.05773992126809847,0.057584417166211904,0.9973068182555268,0.0539602711511656,0.0537763809315132,0.9965921183172478,0.04472622771759817,0.04460302990929638,0.9972455131007322,0.07657183006416116,0.07631324200773874,0.9966229348808076,2.328168080682843,2.65191981762422,1.1390585755502762,2.1983878259725564,2.4579483181671455,1.1180685633026377,1.7852945289641111,2.009655516545415,1.1256716939089517,3.1193545607596747,3.487550492638274,1.1180359349047293
transformer_add97_f0.3_wd0.1_softmax_ce_s4,140100.0,1.5698802657461817,1.2784302575983961,0.8143488936659408,43.904010863723315,43.94136301622114,1.000850768569044,56.43790964163033,53.009434891595866,0.9392522725982482,0.18696612182012443,0.20548249330455468,1.0990359713523095,0.06265440715318914,0.053965500531620594,0.8613201047402095,0.05922241186704806,0.05047427201099812,0.8522832897165828,0.04867557706660168,0.04052526114031866,0.8325584118883453,0.0840317157743265,0.07163362774868341,0.8524594206913603,2.2655681169068274,3.60511632231773,1.5912637079479135,2.179630762466631,3.371887967152888,1.5469996226961904,1.8047587945693218,2.707253318581679,1.5000637906450671,3.093028427781047,4.785419538030468,1.5471631282301375
transformer_add97_f0.3_wd0.3_softmax_ce_s0,55400.0,1.716921157823061,1.3416464808703332,0.7814257950967588,39.078369353628695,33.94867379097649,0.8687331214812863,53.48486034714152,44.304400647224526,0.828354049345337,0.11984263798782041,0.1435881330211371,1.1981389548161476,0.06369360762961923,0.06290493461083965,0.9876177053219258,0.05988307241688898,0.05900312588947833,0.9853055881754912,0.04729738578990901,0.044750509304287533,0.9461518550531632,0.08490226746135912,0.0836102840221544,0.9847826980617127,2.207593004806937,2.3652590714582926,1.0714198977384166,2.0754030779730277,2.200586794079928,1.060317784740477,1.639368934288202,1.6741818194861915,1.0212355403776787,2.9425125399428245,3.1183438240010988,1.0597554918361336
transformer_add97_f0.3_wd0.3_softmax_ce_s1,41200.0,1.5728696084260818,1.2425764371244132,0.7900060058810712,41.568104747220715,36.09250344310689,0.8682739726188761,54.251731859367595,41.17212354059708,0.7589089256601848,0.14571944847077334,0.11008332651769495,0.7554470434313656,0.0640267576177414,0.046324843077198107,0.7235231768844373,0.05945216112920697,0.043886339492522616,0.7381790444445702,0.04748075341008269,0.035825053179504275,0.7545173698085572,0.08431763042232529,0.06227430029821167,0.7385679600612083,2.7685198962096793,3.515622894107888,1.2698564669594938,2.594556548933488,3.3305632487818793,1.2836734085256043,2.1079807369354606,2.7187869137648804,1.2897588987067299,3.680862102386631,4.72603772187855,1.283948594220424
transformer_add97_f0.3_wd0.3_softmax_ce_s2,43800.0,1.7339784745875968,1.4143834064506273,0.8156868307070647,40.68167526454084,37.26358074442092,0.9159795043371968,55.436762485369954,41.95021247606665,0.7567219042983891,0.11819556631022243,0.09008926087358465,0.7622050782948282,0.06947750617725607,0.05717893209215054,0.8229848081517418,0.06583217660432235,0.05386248322887169,0.8181786780741993,0.048412342045945606,0.042923104728055245,0.8866149191319681,0.09336748907732681,0.076388229726602,0.8181459144021469,1.9931506695230348,3.7964517719074444,1.9047490136889367,1.8749679631386555,3.5554683219849363,1.8962821722207774,1.4092209851988784,2.8632268244597543,2.031779865991477,2.659216141527832,5.043089066748492,1.896457000238809
transformer_add97_f0.3_wd0.3_softmax_ce_s3,56500.0,1.7429304003750241,1.463448467734497,0.8396482541239791,38.66551957320115,41.916502551547396,1.084079640316006,53.215111078285645,52.916551365552436,0.9943895689272546,0.1199648489828212,0.10581079517061008,0.882014990789194,0.06505703471550474,0.05710801323664705,0.8778145743405172,0.06087527094495924,0.05215848374337844,0.856809061113467,0.049196709955882885,0.040412488063667026,0.8214469646426945,0.08631462058054185,0.073992067497375,0.8572367809730631,2.3824886501851097,3.1407783405061735,1.3182763075333634,2.2131131949165903,2.868568292439244,1.2961688082779503,1.8032671965185856,2.22257192997355,1.2325250158514947,3.1384424024376494,4.069353314779588,1.2966155796323977
transformer_add97_f0.3_wd0.3_softmax_ce_s4,42600.0,1.7072019444076831,1.5012122317055618,0.879340746197668,40.555147531456704,43.48232607169035,1.0721777312722922,54.06754808752559,53.03916034394783,0.9809795749954671,0.11840594052247813,0.08777397099482127,0.7412970211419274,0.05764657857894221,0.04869414594369876,0.8447014054271437,0.05398636002305053,0.04590759262696319,0.8503553973144706,0.04201906389349802,0.036589261407427444,0.8707776427425177,0.07652074439289729,0.06513174596863072,0.8511645630916824,1.3338953459204295,1.6866312574070428,1.264440469460679,1.2492008398957652,1.6060996494289859,1.2857017047498949,0.9722872570956778,1.204900076905228,1.239242896697411,1.7706283239737322,2.278113428998784,1.2866130051992664
transformer_add97_f0.3_wd1.0_dense_s0,28100.0,1.7037821828391002,1.1877824513886748,0.6971445430949463,42.77407259775691,40.07304847710208,0.9368537070095009,56.27287460725424,46.100783416162244,0.8192363325654473,0.09327218022516931,0.07387905641434188,0.7920802991416058,0.06271923800431817,0.07642277552253841,1.2184901786797342,0.05918736464189857,0.07192183047567965,1.2151551418250914,0.04531227178017909,0.05549382180499893,1.2246974081152457,0.08396678641242689,0.10196264035209915,1.2143210989554902,1.7516661986316402,4.001448662672855,2.2843671161769814,1.6516182464972933,3.720607187841499,2.2527040953513686,1.305147887586302,2.9258957353779653,2.2418116469460188,2.343084003780789,5.276585227903409,2.2519829504145545
transformer_add97_f0.3_wd1.0_dense_s1,28600.0,1.765240562912064,1.187068114312309,0.6724681832339262,42.46318705384801,44.64698574119389,1.0514280448280195,56.72672797770468,50.21466152539623,0.8852028543781357,0.08033738160530851,0.07297817907384349,0.9083962859578841,0.055042571617322435,0.05024934778442266,0.9129178798871508,0.05149030568808796,0.04953308297391329,0.961988520207456,0.03962893196769238,0.03743317956874941,0.9445921883352028,0.07299249177858201,0.07026280674996314,0.9626032080546149,1.0072976645438263,1.6860637242992342,1.6738485391632472,0.9767557777158806,1.6339438937910211,1.6728274672835401,0.7546350017096574,1.2621388309960297,1.6725156242906851,1.3846458587268193,2.3188353321491766,1.6746775484392404
transformer_add97_f0.3_wd1.0_dense_s2,33700.0,1.7350686487206624,1.4330087277400207,0.8259089510934551,43.08430444257715,40.65024670902481,0.9435047689629885,56.64516405318885,47.51972618181762,0.8389017310850649,0.08074641693825965,0.0874964399273194,1.083595325278903,0.05338508927591459,0.05289207871729645,0.9907650138773754,0.05049262794707669,0.05037676826275815,0.9977054138588315,0.038844568368139834,0.039010752271750486,1.0042781760897865,0.0716030024135671,0.0714290843018509,0.9975710779457029,1.3311857951033812,2.3445363673442676,1.7612390216064382,1.25805826949833,2.2327291316241134,1.7747422243919182,0.9854726919968588,1.7291365600708963,1.7546265605464468,1.7837236515243646,3.1657756344160144,1.774812837016851
transformer_add97_f0.3_wd1.0_dense_s3,33600.0,1.7118372376311894,1.5497900971778922,0.9053372967411696,42.02975708474064,38.23383885299011,0.9096849828540009,55.231912581538126,45.26334625320081,0.819514373802992,0.08059487057942791,0.08828501746254538,1.0954173240533798,0.0562445207922081,0.08165987304950932,1.4518725006333804,0.05425365869234773,0.07670587891553399,1.4138379007857227,0.04292164807543659,0.059645614704334535,1.3896394332180553,0.0769170045341214,0.10869661904349025,1.4131676045089743,1.3160210346651096,2.85743876990811,2.171271351020045,1.2553807607344183,2.677126375118693,2.132521430034128,0.9967769607362016,2.0905753715776587,2.0973351651643286,1.7796650461772487,3.7942454408663533,2.1319997541202813
transformer_add97_f0.3_wd1.0_dense_s4,25800.0,1.6840230776557892,1.2536572040117275,0.744441819500987,40.7246664511945,41.24972401207825,1.0128928633832517,53.00341493006203,46.726269689369595,0.881570928043502,0.08012643979429232,0.07340999217165257,0.9161768869316694,0.058559333435521124,0.045732526122558084,0.7809604966373728,0.0552046709639919,0.043910376638738355,0.7954105308838736,0.043024962853493304,0.034605964487348845,0.8043229370165301,0.07826544344225114,0.06225637840940866,0.7954516791991997,1.2610246000713525,1.2998976897299674,1.0308265910565229,1.180017216538913,1.2438590048435316,1.0541024210577807,0.9083010548399963,0.9346722215552208,1.0290335088511704,1.6727231170779409,1.7635345496486998,1.0542895782593096
transformer_add97_f0.3_wd1.0_softmax_ce_s0,27600.0,1.733880470726072,1.9056935697236095,1.0990916628327845,40.56944517055862,37.207397568990345,0.9171285782333517,55.03456120183985,48.0874433279053,0.8737680882299411,0.09456429159083062,0.08944380565072646,0.945851802472545,0.058431516901802344,0.07065024144729617,1.2091118833356342,0.055171146564448305,0.06622581772061845,1.2003705169196837,0.04389113113988239,0.05381902507994555,1.2261936223156942,0.07823665985503186,0.09375498207775897,1.198351032003177,1.7201415182479878,2.8518287400288957,1.6579035560594824,1.6258013544952434,2.733580935332792,1.681374497428363,1.2693666030507447,2.134658874930589,1.681672473342402,2.3046517772097657,3.8730852501712616,1.6805511741389378
transformer_add97_f0.3_wd1.0_softmax_ce_s1,28600.0,1.8104953739061806,1.630124702769112,0.9003749616062728,40.77781681867118,39.503367710127165,0.9687465095492687,55.065643597158626,47.896926762310244,0.8698150722201259,0.08438029709735131,0.07971689143981112,0.944733476676908,0.058484024644703585,0.053045823885626966,0.9070139103436495,0.056132855264198436,0.053956191912217656,0.9612230067090662,0.043265829643357026,0.04129048151010008,0.9543439210679682,0.07955900156493052,0.07638651494243524,0.9601241021117376,1.3056076924671922,1.2494747247921942,0.957006252338385,1.2507994002223106,1.309319576723922,1.0467862204692537,0.9481813798001415,0.9642913679899249,1.0169904076719785,1.7731812560375286,1.8510070780460026,1.04389050569054
transformer_add97_f0.3_wd1.0_softmax_ce_s2,30000.0,1.7816416891057623,1.2269664115850665,0.6886718126813157,41.397725102994656,44.81727557498148,1.0826023764223571,54.996298551082404,49.459212050967096,0.8993189242550155,0.08058082995118888,0.07485370253828531,0.9289269244760481,0.058302602183842374,0.06830874310416973,1.171624259390268,0.05474923705725657,0.06366798117828146,1.1629017060401718,0.04190376317298469,0.05058043969385724,1.2070619883243896,0.07764808679101784,0.09032618768588477,1.1632764105185074,1.4815433153340398,5.037763885428117,3.400348699418393,1.4080768441731526,4.695461556250555,3.334662859971831,1.017008465614776,3.7306495517223266,3.6682581097957425,1.9956368796541133,6.661500389373121,3.338032313036679
transformer_add97_f0.3_wd1.0_softmax_ce_s3,34700.0,1.751243056665191,1.3620873785728285,0.7777831714385705,41.25651489960904,44.58784047860642,1.0807466550944407,54.98341470290978,54.20802362864233,0.9858977279156432,0.0808562428856314,0.08785516161189619,1.0865600289660322,0.061193352328920536,0.05388846047904431,0.8806260554151097,0.05829851405824485,0.05166241026879885,0.8861702755782762,0.045794653979566696,0.04088244165486704,0.8927339351250158,0.08265027073445316,0.0732714220921913,0.8865236791250795,1.3491237332982868,1.9382608838458637,1.4366813332289965,1.306619825628073,1.8585402418458945,1.4224032158340483,1.0226820960149017,1.470561142244795,1.4379455238095489,1.8519375381231802,2.635913108332348,1.4233272203141778
transformer_add97_f0.3_wd1.0_softmax_ce_s4,25700.0,1.7286632319141595,1.1151723340886779,0.6451067585060166,41.61226707417198,42.39163499698283,1.0187292829160608,55.650254156733006,45.64993920243829,0.8203006418240266,0.08045796764346738,0.06609898970761519,0.8215344190710733,0.06539405865247114,0.07098043878191268,1.0854264170867522,0.06159765692894859,0.06708407485856577,1.0890686140212382,0.04832568558487521,0.053065929317022795,1.098089528886708,0.0873241852364508,0.09511772042627717,1.0892483012435048,1.0227339409896907,3.889259690429743,3.802806902708382,0.9894898230699487,3.6761511514443175,3.715198545487662,0.7814991132870448,2.909855697274348,3.7234280216074374,1.4029344057160644,5.212372033562611,3.7153355226912343
transformer_add97_f0.3_wd3.0_softmax_ce_s0,49300.0,1.7465098945094224,1.7943455206879333,1.0273892672059253,42.68400928299363,71.972497282705,1.686170031627761,58.48330569742632,85.5649896742278,1.4630669154871878,0.08569312100705759,0.07790645203624647,0.9091330916729031,0.055864124146093125,0.018447394701598615,0.33021899087428436,0.05211651001812957,0.017707263445473888,0.33976303170174155,0.04126984560115257,0.01549956659103999,0.37556638182836144,0.07391622504487669,0.025152720486626663,0.3402868649116715,1.6229665006225993,0.1446882269570396,0.08915047038958264,1.5386485027109826,0.14251288628563016,0.09262212001931124,1.2197252626112427,0.1236016685581404,0.10133566332268006,2.182604480367102,0.20242809165054967,0.09274611752675518
transformer_add97_f0.3_wd3.0_softmax_ce_s1,63700.0,1.676364521719298,1.8796694767892184,1.1212772952635675,45.24418052418097,72.4370544303185,1.6010247857534776,59.76748133703518,86.3051264390339,1.4440147804179688,0.0832463653231176,0.08079455955844772,0.9705475938180208,0.05638818078992296,0.01957603858149491,0.3471656348415715,0.05228840011714367,0.0188111085180018,0.3597568194065714,0.04096365689376998,0.017238002741752634,0.42081210636187855,0.07415826294122388,0.026725144001662374,0.36037985440468184,1.4295726840334637,0.14271490157781905,0.09983046204769142,1.3584300402677087,0.13770042178686306,0.10136732677063454,1.12965916522722,0.12418136031809608,0.1099281660704432,1.9275004001065787,0.1956127950746233,0.1014852163267033
transformer_add97_f0.3_wd3.0_softmax_ce_s2,47500.0,1.6888173057682168,1.8556107004694584,1.0987634329252505,45.01544120855044,69.34263515261846,1.5404188716348113,59.57850994243685,84.38271069319882,1.4163279809234421,0.08728652316054132,0.08321673791623455,0.9533744145494094,0.05594638581077224,0.018449738627552052,0.32977534402230557,0.05220912489542191,0.017499542080668343,0.3351816778335397,0.0399556202590796,0.015627111764490532,0.3911117300435198,0.07407637382111117,0.02485131217575831,0.3354822987930315,1.7031476066831812,0.22494984399121237,0.13207888917467,1.6070795704412904,0.2153360158213214,0.1339921306834807,1.2276857393681455,0.18711322689202717,0.15241133857947145,2.280188132988965,0.3058547910668914,0.13413577004541474
transformer_add97_f0.3_wd3.0_softmax_ce_s3,78000.0,1.8312226466694859,1.8283161513421955,0.9984128116083664,42.40492423290773,73.23060974083586,1.7269364599879724,57.979719236684936,86.97896379431874,1.500161865897505,0.08681698928660019,0.07867751693857417,0.9062456275561918,0.058457931927056575,0.011282513018473026,0.19300226071204968,0.056183672774085036,0.010981869319241184,0.1954637135133433,0.04411496176862715,0.00953323015007105,0.21609970331767833,0.07968984335875168,0.0155957901384411,0.19570612114559194,1.7465117461972315,0.074657340943528,0.04274654385009617,1.688719442203617,0.07291342499018375,0.043176754627185863,1.3460468965562877,0.06469191960147885,0.048060672898534204,2.395074221716023,0.10356681385662467,0.043241588472536396
transformer_add97_f0.3_wd3.0_softmax_ce_s4,39100.0,1.5334663361221637,1.8849287770903738,1.2291947548434548,51.18048978624949,70.79104080154306,1.383164582777445,64.06933620578269,85.37768520245068,1.3325826402856467,0.07747738135439296,0.0791256049348916,1.021273609815998,0.04595973410496894,0.016053454541394917,0.34929389505887715,0.045303139911893615,0.015550656095929802,0.3432577990437971,0.03504094493852607,0.013624461681000628,0.3888154758640968,0.06427501876922583,0.022086220340203577,0.3436205972883857,1.0969124419449574,0.15736756666242296,0.14346410948114635,1.047795605817864,0.15012218070298364,0.143274298793995,0.8587447541240821,0.13117441904684812,0.1527513483102971,1.486234121174686,0.21323679471790594,0.1434745654670937
transformer_add97_f0.4_wd0.0_softmax_ce_s0,3800.0,1.2410095604554192,1.7951712936208206,1.4465410669052687,53.62212213388128,42.23850723251927,0.7877067440012927,65.26023641630408,60.27742837028998,0.9236471039695892,11.484564784966581,11.85201519384438,1.0319951531257672,0.05058105881026032,0.07701719085054932,1.522648846467533,0.04933156203545944,0.0724013755192485,1.467648145161236,0.03838335458054879,0.05783601988628355,1.5067995103167096,0.06998040144550141,0.10266187859685191,1.4670089978949583,1.3418542225843386,1.3045981892745961,0.9722354092697273,1.3018172307369555,1.2264106540407265,0.9420759113369996,1.0135527050380397,0.9796873397383448,0.966587464932646,1.846732582182992,1.7389948847248322,0.9416603689686327
transformer_add97_f0.4_wd0.0_softmax_ce_s1,8800.0,1.9569834008189257,1.8559942599984796,0.9483955046434293,40.05624150430582,34.519618536222396,0.8617787700454056,59.34193196355535,53.351921794018764,0.8990594008092737,11.98234518109946,11.730792181335433,0.9790063634487164,0.07697987940825375,0.07629390293778926,0.9910888861383311,0.07065674879990397,0.07104586056750432,1.0055070715000247,0.0562122500220446,0.056844055840138165,1.0112396464800073,0.10017809182891825,0.10063834704600669,1.0045943699733715,0.947119601528393,1.2687936274749798,1.33963400760315,0.8660321010354901,1.210932125933453,1.398253164617773,0.7069160993793769,0.9588568457541448,1.3563941273878954,1.2278445427921942,1.7147675719687423,1.3965673277084858
transformer_add97_f0.4_wd0.0_softmax_ce_s2,,1.6327986979916318,1.633637375542739,1.0005136441816977,45.94329455690422,45.79790276403436,0.9968354077722967,61.16215316998618,61.01872428374125,0.9976549405341191,11.640623477495959,11.640725799332317,1.0000087900649441,0.06794399535475402,0.06865842425555597,1.0105149674680114,0.06297480537594013,0.0635937249901077,1.0098280512416482,0.05085319098623939,0.05133278593527801,1.0094309705986473,0.0893278712303168,0.09020508349100768,1.0098201406639271,2.0533327141058946,2.0705105225726372,1.0083658183346202,1.9031590344431066,1.9177759853212697,1.0076803622890298,1.5368322215751697,1.5480267030091066,1.0072841272305335,2.6995739669565184,2.720286363304898,1.0076724685457426
transformer_add97_f0.4_wd0.0_softmax_ce_s3,4900.0,1.749196188139648,1.8718474601368968,1.0701186481132767,44.99910802136807,42.6081821586911,0.9468672609790036,61.73312444106668,60.73729288195174,0.9838687646521826,11.555647582047264,11.623893429084832,1.00590584357588,0.06194829896940302,0.061243146987828366,0.9886170888740151,0.057763203849027236,0.05684211636723637,0.9840540790604644,0.04730804737013133,0.046635604961389014,0.9857858769041719,0.08193772339812119,0.08061858390809666,0.9839007061055985,1.7028697542310358,1.365248424111453,0.8017339087263065,1.5897032877118025,1.267039274464089,0.7970287815708353,1.304936722539686,1.0391307488010728,0.7963073847586281,2.255011141938366,1.7970333922601933,0.7969066577274189
transformer_add97_f0.4_wd0.0_softmax_ce_s4,,1.924605734043722,1.9259810778306408,1.000714610666793,40.82462505368676,40.78135258772158,0.9989400400883468,59.95435260160497,59.936023910332715,0.9996942892304409,11.756503014916937,11.756444496343423,0.9999950224506863,0.05260711396779452,0.052367910084198,0.9954530126145494,0.05042624727577007,0.050180911193415056,0.9951347543073487,0.04178694345746414,0.041574131315058147,0.9949072096497649,0.07151939033833417,0.07117125791488726,0.9951323351359679,1.3347954010506262,1.3409161472855917,1.0045855314081453,1.2794604404784236,1.2849165409245384,1.0042643760396959,1.0602561822308838,1.064534054508337,1.0040347534389775,1.8146547798218218,1.822388720260253,1.0042619348453652
transformer_add97_f0.4_wd0.0_stablemax_ce_s0,,1.7186384632052085,2.214225231077188,1.2883601050960567,42.78832477612823,29.384284859883596,0.6867360433862371,59.63534105542308,49.5585138392552,0.8310259145361,11.979229480400193,14.258395385174024,1.1902598083209681,0.06233170088524409,0.08519192445559225,1.3667511594531172,0.05852270877305283,0.07939157890922119,1.356594398545297,0.0471237732771746,0.06225542443021795,1.321104404438103,0.08298277682405777,0.11236417240239525,1.3540661894290749,1.8468318682125688,1.1930538346300241,0.6460002424501723,1.7339748802167474,1.1118240168920246,0.6411996099695783,1.3962347409536615,0.8718440546757203,0.6244251264513231,2.45870455281803,1.5735823273905032,0.6400046421140559
transformer_add97_f0.4_wd0.0_stablemax_ce_s1,,1.7990301182868165,1.8004588842930935,1.0007941868186385,41.86216722116683,41.81606593204222,0.9988987362053894,59.16695674662918,59.15323676867121,0.9997681141854782,12.04274397997584,12.045938934576224,1.0002653012142162,0.07259134801857194,0.07276597235181116,1.0024055805272352,0.06701766028781025,0.06727387950759636,1.0038231597266416,0.05411657815401993,0.05433723564906704,1.0040774472920129,0.09503305664015695,0.09539623192140272,1.0038215679268419,1.6746683263555908,1.6741562930096858,0.9996942479069756,1.5462848012051922,1.547797481332145,1.0009782674742542,1.2485951492431293,1.2501588595121906,1.0012523757360496,2.1926783765913163,2.1948198703161106,1.000976656561973
transformer_add97_f0.4_wd0.0_stablemax_ce_s2,,1.5612259300526887,1.562418007619866,1.000763552247135,46.714969915111034,46.69503789173172,0.9995733268497116,61.68379536384477,61.68657435533394,1.0000450522130289,11.610510243885482,11.611624566169052,1.0000959753068697,0.04966723783459465,0.04914945432183431,0.9895749484904979,0.046964317933439755,0.04644099364090749,0.9888569808833603,0.03784831915399229,0.03743603774836636,0.9891070088489665,0.0666212034013008,0.0658788949882727,0.9888577753758556,1.6913480122388582,1.6954892917078537,1.0024485081952552,1.5993626864634267,1.6020565945419127,1.0016843634663273,1.2888713397123668,1.2914161917384497,1.0019744810421891,2.2687741906050807,2.272598191442014,1.0016854920391676
transformer_add97_f0.4_wd0.0_stablemax_ce_s3,38100.0,1.71778886131842,1.4360347102783548,0.8359785900440546,40.50150985485355,35.487631330842326,0.8762051453889099,56.226199885317925,50.24088576646514,0.8935493750055888,14.355550983483692,16.695300046604295,1.1629856677610302,0.07194846038114763,0.07111026246562097,0.9883500229040857,0.06668516568461082,0.06512327046761862,0.976578070985394,0.05125674325588551,0.051174811832527096,0.9984015483982392,0.09449885934969685,0.09228666101720227,0.9765902112711409,1.668629971461311,2.867140449719125,1.7182601887512619,1.5814772905139456,2.6179527331138583,1.6553843351510162,1.1808727164721744,2.0471614131532245,1.7336003996002756,2.2403856726768656,3.7096366618326893,1.6558027071295844
transformer_add97_f0.4_wd0.0_stablemax_ce_s4,,1.7161979832380905,1.7169433772552103,1.0004343286872495,43.63913733425527,43.612428606006084,0.9993879638810317,60.33348361294549,60.33345632033325,0.9999995476373879,11.854460184037057,11.856908526585558,1.0002065334490555,0.05943865345498668,0.05992989743694667,1.008264722590528,0.056250365620987355,0.0566317234006314,1.0067796497930985,0.046420843050870644,0.04675032356953767,1.007097684940921,0.07979734339618912,0.08033825037038951,1.0067785085465166,1.807143626968448,1.80252146747744,0.9974422843751706,1.7096895076069938,1.7033217398258138,0.9962754829149693,1.4111067814037364,1.406117237798856,0.9964640921079574,2.425382740349672,2.416346884367076,0.9962744618272935
transformer_add97_f0.4_wd1.0_softmax_ce_s0,11600.0,1.6679821800653774,1.1701909827459611,0.7015608420349521,44.73927099680313,49.354571912854574,1.1031599490385355,57.46867237275268,51.00711862682401,0.8875638938721638,0.08955569856837017,0.07187204487292646,0.802540162400237,0.05906394552253538,0.049161115871378766,0.8323371464004505,0.056424509204121606,0.04667479756084415,0.8272078608959301,0.04442461085537859,0.037188691256097986,0.8371191224873828,0.08001008438003676,0.06627094423243457,0.8282823939749496,1.6569568624995985,5.047114278576007,3.0460142884843693,1.6041827063212382,4.774493419545422,2.9762778271649863,1.2962196392752403,3.803982359276543,2.9346742203377483,2.2743683947476896,6.778978507006677,2.9805982718814175
transformer_add97_f0.4_wd1.0_softmax_ce_s1,9400.0,1.6868582147471405,1.1859606610933038,0.7030588882486954,42.61493654172061,41.070634940101115,0.9637614947494383,56.943781745985525,43.48260203983361,0.7636058004331454,0.08657709223541665,0.06823765529369266,0.788172177325427,0.06381587551715595,0.06478952029082123,1.015257093407792,0.061500326063862354,0.06078238379061926,0.9883262037912193,0.046608649605582184,0.04756206949841884,1.0204558574621838,0.0871470905883979,0.08626445954515406,0.9898719390712357,1.4246439469598957,3.747280542048367,2.6303277742097158,1.3806414709594828,3.488833801802019,2.5269658163878264,1.052299144408706,2.794824955511975,2.655922482083178,1.9566398889900227,4.947823912967872,2.528735073228951
transformer_add97_f0.4_wd1.0_softmax_ce_s2,4900.0,1.3808961968819942,1.4020554989231675,1.0153228766137166,53.599371666641176,31.12639998885155,0.5807232253101914,66.4132523145098,36.99123049574319,0.5569856799146913,0.4887917760396492,0.07746889853156685,0.15849059319132822,0.0560196228849935,0.07573013969861997,1.3518502231636143,0.053232371128498226,0.0710336900546317,1.334407777612661,0.04393712769402024,0.054793290575513826,1.2470840369242229,0.0755467171910427,0.10055510261588792,1.3310320600907644,1.731853536437112,4.520177024294976,2.610022689097714,1.6419561334757977,4.247510266442901,2.5868597703956313,1.3579239453547047,3.246483027397075,2.390769408333143,2.3300140650950754,6.016298341633377,2.5820867057246213
transformer_add97_f0.4_wd1.0_softmax_ce_s3,8800.0,1.644005352378369,1.325203354730903,0.8060821412860623,43.730414080161154,36.24027119688748,0.828720055805013,57.48373677912554,40.462444346320055,0.703893772629852,0.09738773502124415,0.07044706385106166,0.723366898672552,0.05453075407612238,0.06872681611202922,1.2603312988499993,0.05321834976680734,0.06542136737250315,1.2293009396038603,0.04368350000954753,0.05058819438401608,1.1580618396639337,0.07548674739684919,0.09254292494257099,1.2259492975111779,1.9912917497640463,3.495152917987779,1.755218901701335,1.956122208702727,3.234157425139996,1.6533514167731085,1.5826547588225908,2.524610310891105,1.5951743719326872,2.773732454160804,4.585218780977627,1.6530861778321335
transformer_add97_f0.4_wd1.0_softmax_ce_s4,6100.0,1.4444922714644908,1.3180637578526495,0.9124754655255701,48.827869311455885,34.43496739602982,0.7052318252181191,60.92627923003024,39.939510949754784,0.6555383236018918,0.2285038058650969,0.07169554671405919,0.3137608428123359,0.05551521121941279,0.07633622376023343,1.375050586739727,0.05235800645114577,0.07195953509396333,1.3743749995735104,0.042251399042439006,0.05508274653948648,1.303690476241015,0.07427793257295866,0.1019231991643496,1.3721868074913999,1.9264282947262275,4.709959919224714,2.4449183663459766,1.849647330938165,4.363750983799031,2.3592340608983444,1.4880260074138967,3.3218321881138277,2.232375087238549,2.623643506787574,6.180863964429157,2.355832241857086
transformer_add97_f0.5_wd1.0_softmax_ce_s0,2900.0,1.1729371612678028,1.2091836054410319,1.0309022898840132,57.39943988064287,37.692864719647574,0.6566765250327633,68.56192876776868,41.13553919308411,0.5999763999116393,1.6940153238576863,0.0689528249294958,0.0407037787429652,0.05722560336096798,0.057504828629154514,1.0048793765690025,0.056292467352853655,0.05489597635440555,0.9751922226166676,0.044837030257841075,0.0429750478829901,0.9584722189640258,0.07987122585855358,0.0778290162677907,0.9744312226485731,1.3708767475439694,2.3611706048917616,1.7223799361408525,1.3482524592672709,2.2684994305671173,1.6825479641995011,1.0738651887392159,1.8005909383960184,1.6767383441398482,1.9129834522720366,3.2120778463212107,1.6790933776799006
transformer_add97_f0.5_wd1.0_softmax_ce_s1,3500.0,1.2315303202498709,1.286182961875132,1.044377828727897,58.66545140658921,31.919395388424363,0.544091873890179,69.93243380511355,35.40239910837525,0.5062371947047348,1.068758457828488,0.06898063387794841,0.06454277238479479,0.04836987793212051,0.0646163339743815,1.3358796163401596,0.04664629464071336,0.06047343895106425,1.296425352042484,0.03851098229019799,0.04522769666745098,1.174410362390641,0.06619910170931098,0.08566379060091732,1.294032522934803,1.1776082945793664,2.7345711039306018,2.3221398121243464,1.1278176929817825,2.5481942293470015,2.2594026013281936,0.9370439467246892,1.943567390776291,2.074147533389196,1.6005721368263235,3.6097881126779265,2.2553111038378777
transformer_add97_f0.5_wd1.0_softmax_ce_s2,2400.0,1.223052368638596,1.4672775705080692,1.1996849915276524,57.19033698355983,30.504086184375243,0.533378325662674,68.59808901903477,36.97127196787301,0.5389548381969376,2.1704038928783995,0.08042350127999398,0.0370546245073934,0.05307613397643274,0.08115038139696831,1.5289429601824676,0.05047610368697479,0.07501005229617816,1.4860507609967186,0.04172651436148464,0.058881156353595976,1.4111208964999435,0.0716324811913926,0.10624517839306766,1.4831983567509617,1.1942048014264905,5.808609077269759,4.863997423499983,1.1406398243289737,5.365131565204357,4.703615857319909,0.9431433949581695,4.309912283924249,4.5697317152026535,1.6186708395880551,7.600431114696091,4.695476639728908
transformer_add97_f0.5_wd1.0_softmax_ce_s3,3000.0,1.1981389654484431,1.4152694911375163,1.181223156871294,57.625976677111694,31.604003936467684,0.5484332892707464,68.9114254921123,35.4781038661934,0.5148363078086996,1.4635951758923318,0.07553681667492491,0.05161045753575354,0.04658780039594339,0.07339738252765247,1.5754635742374203,0.044440943190302465,0.06813925662099314,1.5332540609953105,0.03627973709412357,0.05231247878957526,1.4419200076851881,0.06306374524915143,0.09648607743659998,1.5299769630776612,1.4203849006768916,3.6205064297541947,2.5489615019343166,1.352172753927208,3.3482326632521984,2.4761870504546826,1.1048663003130692,2.5267953916172607,2.2869693743951474,1.9187996196063644,4.743883924532042,2.472318566284287
transformer_add97_f0.5_wd1.0_softmax_ce_s4,3600.0,1.2989603437879658,1.3432527280973106,1.0340983345035626,57.75068413018238,35.306536997397174,0.6113613635781128,68.76497291841966,38.27144678934166,0.5565543788513602,1.0627525355443626,0.07279772064888257,0.06849922085727526,0.049613746661611745,0.0663751015685963,1.3378369108324877,0.04718497544020003,0.06541545909628912,1.3863620460965065,0.039635547532930845,0.04861186572690261,1.2264714064190452,0.06697360642506123,0.09268173249065029,1.383854587468791,1.8388963591718857,3.4383058866121576,1.8697659982102186,1.758955619253482,3.385643419735768,1.924803208606632,1.4865244378871072,2.5940116327247527,1.7450178191566015,2.4966885600322706,4.79235879225347,1.9194860219936791
transformer_add97_permuted_dense_s0,,1.857282695346117,1.841033672170589,0.9912511847462727,39.02002390929062,39.321452238376004,1.007724965258507,55.617318381328374,53.91525947067706,0.9693969619502056,0.07844309025397284,0.08391074251645289,1.0697021527935424,0.055348101206094576,0.05557721380509744,1.0041394843546618,0.054200965715230316,0.052362694446119566,0.9660841602201526,0.03924587684921295,0.03831192293265879,0.9762024958661896,0.07679679079171418,0.07411401907365925,0.9650666168416977,1.0571662548500569,0.9345133244482124,0.8839795256052314,1.0469215566747627,0.9210505965702833,0.8797703998910182,0.748852394009418,0.6228388245242581,0.8317244219378497,1.4826002831239062,1.3034896393350905,0.8791915489106602
transformer_add97_permuted_dense_s1,,1.8542464601971949,1.904481546815329,1.0270919145304944,38.89820780291569,36.9473858563774,0.9498480249675652,53.75926824922347,53.16612243710964,0.9889666315887328,0.09356038975183939,0.09208063950457937,0.9841840093742136,0.07097405168760601,0.07479011015197282,1.0537669524795241,0.06648955933122863,0.07064472594340306,1.062493520095009,0.04904697818783619,0.05369265830928837,1.0947189876542551,0.0942518438565935,0.10010713194446284,1.0621238571924205,1.5367041036223998,1.205118160261307,0.7842226473011551,1.4262993221724531,1.1473111597222483,0.8043971849995225,1.0566488095344204,0.8067745274312426,0.7635219196307265,2.021323767150936,1.6253833592409899,0.8041182643055617
transformer_add97_permuted_dense_s2,,1.8308863910508488,1.7794021023898563,0.9718801292572595,38.337380598039,38.680991747619764,1.00896282281733,54.040386864940984,53.134672478905685,0.9832400462213773,0.08000680187013864,0.0822164105450256,1.02761776028085,0.05219361715187926,0.05364857702877238,1.0278762031889705,0.051603052932321807,0.052308184545511116,1.0136645328739387,0.03890484419172648,0.04021454325377022,1.033664164174246,0.07304739260040734,0.07410315821102993,1.0144531594221025,0.948527322201955,0.9894041454321464,1.0430950403571908,0.9494273664980328,0.973592580520343,1.025452409394353,0.7144170989392485,0.7489094881146289,1.048280464208645,1.3442263519432376,1.3782858238427127,1.0253376016994742
transformer_add97_permuted_dense_s3,,1.7938152924338042,1.880848960868865,1.0485187459389844,39.903418733774515,37.769014584990636,0.946510744780439,55.32435682991834,54.02372173043939,0.9764907325813575,0.08158460293803142,0.07930607452063522,0.9720715878322422,0.045700419491086434,0.056374921292389094,1.233575575895636,0.04792562123033483,0.060071485116005005,1.2534315377425378,0.03215228688399778,0.04193030950020075,1.3041159296531875,0.0678152069163576,0.08500009658506334,1.2534076123943905,0.8069486921830556,0.9864032648025869,1.222386595774818,0.8462398771070841,1.0397461268907089,1.2286659551487176,0.5677244572513578,0.7252628925717036,1.2774910140089248,1.197437422690431,1.471450407138759,1.2288328218711164
transformer_add97_permuted_dense_s4,,1.877705261457992,1.840753274524708,0.9803206670973528,37.41513485052419,38.0775143265066,1.0177035170026423,53.73251528437589,53.727016547648724,0.9998976646319632,0.07750191338151731,0.08794045510982448,1.1346875357376216,0.053803591397703285,0.055953103682949444,1.039951093029413,0.051023037706564404,0.05362517027053794,1.050999169805187,0.038381719389505846,0.0419332368723925,1.092531484763491,0.07227422112994822,0.07595367562422808,1.0509096388277122,1.2560671902627922,1.1596097266143273,0.9232067644181644,1.2155468540554535,1.1051796920257433,0.9092036957181123,0.9156124296787738,0.8536776597530387,0.932357001807562,1.7220673481228228,1.565266860878128,0.908946367622835
transformer_add97_permuted_s0,,1.869699012655326,1.8536873299718166,0.9914362244537052,38.25296644105423,37.80664011821633,0.9883322428464296,54.300555350451916,54.07495806564547,0.9958453963619625,0.0810014019678581,0.07846531621780162,0.9686908412886135,0.0533499683381032,0.049097293665472705,0.9202872128118362,0.05319175099058822,0.04757871390176468,0.8944754217657412,0.038554101810374004,0.03497919708539894,0.9072756319792376,0.07530238608055267,0.06735257218210934,0.8944281275504439,1.0434899028036724,1.0327993586723923,0.9897550095093814,1.0366562758651465,1.012833601005261,0.9770196974498571,0.747211266450942,0.7447812528308555,0.9967478894802692,1.467313257201543,1.4337730833820488,0.9771417768803766
transformer_add97_permuted_s1,,1.8570631853258042,1.8643599427806594,1.0039291918080726,38.27882149122942,37.16274905983311,0.9708436052125579,53.7636279778778,52.714784178776426,0.9804915732336191,0.08143144146434533,0.08671734515374477,1.0649123188088703,0.0583911201583886,0.06155264927337935,1.0541440052257083,0.05795280329682371,0.06068186817594029,1.0470911625299437,0.04335470632303685,0.04452883492078386,1.0270819179121768,0.08206159837455126,0.08594664923343748,1.0473431048851107,0.973012930616264,0.8893205764310741,0.9139863905691542,0.9604802621469868,0.859581802775486,0.8949499918447468,0.7083235612391761,0.6255017699007235,0.8830735050044642,1.3600207222010667,1.2170193038016295,0.894853500343728
transformer_add97_permuted_s2,,1.8793262513117521,1.7875912004186296,0.9511872668042112,37.72551357217904,38.80327271092707,1.0285684417969814,53.4344701972033,53.7831836198795,1.0065260013131834,0.07883488257120175,0.08612381437043204,1.0924582058284555,0.047808910792223665,0.04670948134905965,0.9770036709695792,0.04708910933034735,0.048510987553577724,1.0301954792403352,0.033600030156890295,0.033347190327868946,0.9924750118425266,0.06661605328256141,0.06861962599812184,1.0300764247780034,0.5842582444844411,0.758920419764,1.298946873113761,0.5809279126463062,0.7946963229258566,1.3679775160153163,0.41230982002187344,0.5419728973850673,1.3144797214781716,0.8219202441505685,1.124245956367741,1.367828526391411
transformer_add97_permuted_s3,,1.8634865883786191,1.8937962613540504,1.0162650341378647,37.52897776239328,35.50684679250079,0.9461181441526283,53.71603070192057,52.05888131387441,0.9691498167978574,0.08168444320623944,0.08257979203875107,1.0109610691750819,0.05228503485457614,0.04070550206029778,0.778530647890256,0.05222443387480413,0.041269992335851685,0.7902429815665756,0.03597529990730099,0.02887442026053383,0.8026179165965459,0.07389027023780995,0.058393785021827654,0.7902770531748214,0.6761635673649102,0.7391583036699115,1.0931649372214762,0.6913808755387938,0.7714425445342011,1.1157996580871798,0.4884286284990551,0.5297351563084018,1.0845702430184774,0.9783196629714255,1.0913283465686314,1.1155130453516262
transformer_add97_permuted_s4,,1.857569852529525,1.7968083936385102,0.9672898121121671,37.99129502310048,39.163144117781016,1.0308452000377455,54.04078531722041,53.85044097449276,0.9964777650507792,0.08130703599927909,0.09337875436840072,1.1484707715729383,0.0446282778631991,0.05712410203312465,1.2799979019631793,0.043187547204766474,0.05562468603106829,1.2879797448864883,0.03142728832448876,0.042649879679051296,1.3570970310479404,0.06117280304984983,0.07879598594913712,1.2880885298802822,1.0136059249916698,1.0861780132582715,1.071597932171912,0.9732724280623356,1.052074366373124,1.0809659618814778,0.7219061052419278,0.7865488179222719,1.0895444881418213,1.3786286054086365,1.4900984664739974,1.0808556130549172
transformer_compose120_f0.6_wd1.0_softmax_ce_s0,15900.0,1.7217050442028539,1.14198346785677,0.6632863577312141,48.66814975140494,30.82019543765218,0.6332723885144713,66.48254800362372,33.55928436439885,0.5047833660432156,0.11965664775127063,0.07706182465883421,0.6440245996112313,0.0500801982211726,0.22097084294554842,4.412339623131278,0.05804478485184289,0.17623678739092064,3.036220873946873,0.03730259631768511,0.14629262631508158,3.921781343828994,0.08206269707133607,0.24932238619455285,3.0381939065178427,1.3863584201806738,66.37524280234558,47.877404454827335,1.5910177930628975,52.71737840685432,33.13437388111615,1.0178884104324004,43.74319198078169,42.97444742710011,2.2499351051146674,74.57780809664906,33.14664850871253
transformer_compose120_f0.6_wd1.0_softmax_ce_s1,36300.0,1.6417843042431863,1.1414704663784596,0.6952621385332609,50.89484610681832,40.4711576926925,0.7951916704444191,66.90263138286682,42.841201280287564,0.6403515137561364,0.12329770324963013,0.07854419602706963,0.6370288655584122,0.04584034596421639,0.13261856406105352,2.8930532977342143,0.05382876484626431,0.11585701710583686,2.1523253865609973,0.03690833599613327,0.09879782671048667,2.6768431587064048,0.07615686650133338,0.16410464212190737,2.154823979253849,1.4905142166883016,25.1479764905721,16.872013838584593,1.6535295532016203,22.139686740171147,13.389350494101258,1.1589782375541657,18.9842701700954,16.38017829407962,2.3391735942507603,31.35940690589272,13.40619053796098
transformer_compose120_f0.6_wd1.0_softmax_ce_s2,89700.0,1.7000849664234416,1.1060990496121001,0.6506139819229501,51.965092619536485,36.48554195073116,0.7021163652658299,69.24035323312106,40.00666080804627,0.5777940021962384,0.12629422114270147,0.07127156990494868,0.5643296206278354,0.03972745740432415,0.040902005060416136,1.0295651353706854,0.04872713819038348,0.03905229479042199,0.8014485611250023,0.030344998360221528,0.02993787168718213,0.9865834010532328,0.06893393883401433,0.05531419213079487,0.8024232049757903,1.3576260708453667,1.7291988480923683,1.2736930184433117,1.629332459626252,1.6535042006593066,1.014835364563104,1.0353609546644287,1.2710986778382278,1.2276865107881185,2.3048501263217274,2.342108628091215,1.0161652600939168
transformer_compose120_f0.6_wd1.0_softmax_ce_s3,83200.0,1.6360562423856306,1.181993541584069,0.7224651029481323,54.61711915983645,43.02288679486266,0.7877179803086394,70.67179496395673,46.66108007723299,0.6602503884474785,0.12477469433011484,0.08210812379746989,0.6580510915157,0.039743122162055514,0.06092370207903153,1.5329369904712227,0.05136669984023497,0.06302304408841232,1.2269241412127292,0.032406431168533284,0.046750892890907995,1.4426424387114622,0.07261664508465285,0.08920765566978045,1.2284739341205675,0.8388771770853348,4.972803449388836,5.927927931794213,1.179401259102172,4.596139142009433,3.897010543729856,0.7035513231622974,3.943995365081204,5.605838885148953,1.6661284717371236,6.512767837407451,3.9089229599546838
transformer_compose120_f0.6_wd1.0_softmax_ce_s4,17100.0,1.6039213744105707,1.1234595054645584,0.7004454977585304,52.20456193909289,28.913733967391778,0.5538545462966523,67.39095675055722,30.793844728854722,0.4569432786484383,0.14192852132603936,0.07533692393738649,0.530808911651534,0.04390844218972812,0.059788389895625106,1.3616604669616796,0.05731880697024958,0.0543661793087933,0.9484876287988897,0.034390778295942816,0.044348923767012605,1.2895585957775366,0.08110960662188536,0.0769839384962042,0.9491346549747912,1.2436522574850593,3.1643139166277585,2.544371947691152,1.4564580056189622,2.7301283363711657,1.8744984928081891,0.9740762124879724,2.27393049616296,2.334448236195931,2.060006294703905,3.8612841842034133,1.8744040705751412
transformer_compose97_f0.4_wd1.0_softmax_ce_s0,,1.776931696901078,1.754717691047498,0.9874986720692075,48.829025323538765,49.09229896826181,1.005391744827561,65.31782962517062,65.82130437575465,1.0077080753214436,0.10832705484102458,0.11135288847778109,1.0279323908620712,0.04813723776756178,0.05232550200579418,1.0870067422326162,0.057638195125494694,0.05152638003442375,0.8939624136778782,0.03499227731153358,0.03948219956181433,1.1283118046392726,0.08154453428999929,0.07298369318757547,0.8950163713980064,1.6082925135261743,1.1996169729999102,0.7458947690863493,1.7725493964677514,1.2839179499769493,0.7243340876905757,1.1754013153440848,0.8943824928543951,0.7609167023882182,2.5080418706968137,1.8168578106948892,0.7244128704239329
transformer_compose97_f0.4_wd1.0_softmax_ce_s1,,1.7484708722211664,1.678415891495859,0.9599335729074439,48.84453270868257,51.53750051461344,1.0551334541778137,67.4544302223998,68.97889481899345,1.0225999180716143,0.10351640968490558,0.09748999329450399,0.9417829848548124,0.0507448395503539,0.03940283286838602,0.776489456219223,0.05532478663441341,0.044236922088557055,0.7995859501614522,0.03599324846260946,0.02800979618698116,0.7781958390357102,0.07826139693348917,0.06252718978388207,0.7989531523059971,1.012125700299543,1.0175225277674438,1.005332171158487,1.235046568086827,1.1383863235656266,0.9217355466434486,0.7426339690543947,0.7260619556220224,0.9776848163120336,1.7448458798268036,1.6096918998377734,0.9225410212147529
transformer_compose97_f0.5_wd1.0_softmax_ce_s0,100000.0,1.640722355711495,1.1652221608489057,0.7101885073928978,50.90874250163127,33.78156720452899,0.6635710399534329,66.11626807144269,45.489744106833186,0.6880264938377756,0.10928453355918714,0.1455150257261621,1.3315244251589633,0.047100410930870924,0.046448375029099945,0.9861564710607733,0.04902471232000422,0.052555274832093844,1.0720159761273906,0.03327014331848307,0.035070729292912016,1.054120174872485,0.06939792104353869,0.07428798182049712,1.0704640816817916,1.0145732642812157,1.6148061398460734,1.5916111696380038,1.2367339404189066,1.827116243076189,1.4773721197117853,0.7298068646396672,1.219255333595494,1.67065478919205,1.7506836917028619,2.5826670811488404,1.4752334150303996
transformer_compose97_f0.5_wd1.0_softmax_ce_s1,86600.0,1.7165970416669551,1.2064892898101838,0.702837800907885,50.699579683266535,25.843417842118438,0.5097363331918922,68.03458166143025,28.91802280526276,0.4250488810112988,0.11253432522969253,0.08743979616054774,0.7770055579226638,0.04227948139099207,0.07504022130183197,1.7748614418392508,0.049201187265399966,0.0678811071559866,1.3796640066798351,0.032593782765490464,0.05290149935703764,1.623054916259935,0.06962500722836,0.0959671156770779,1.378342631438724,0.6994978685659909,5.5296235093522625,7.905132749994356,0.8536848487339033,4.985332014369657,5.839780361293028,0.5601058158850444,3.891312577058774,6.947459688326864,1.2061132383046111,7.04833790293926,5.843844242060429
transformer_compose97_f0.6_wd1.0_softmax_ce_s0,13900.0,1.6272739116071133,1.1646765108817014,0.7157224746087487,50.13579589963587,16.207419749407663,0.3232704190405677,66.6181735795222,17.385415651536405,0.2609710641613945,0.1225784218453708,0.08009378337901038,0.6534085051286304,0.0531258854760477,0.23083527939521947,4.345062248407958,0.05974199297026359,0.1656026869671264,2.7719645551422207,0.040616409432623346,0.13611439701663303,3.35121688297994,0.08457059610219045,0.23336881685405098,2.7594557400548645,1.4340448897151041,81.86290607638952,57.08531627113353,1.708888535462753,59.0109182963477,34.53175386911237,1.0862025388169407,47.85809941499718,44.06001432027841,2.4169637298546123,83.1576506907195,34.405833096933435
transformer_compose97_f0.6_wd1.0_softmax_ce_s1,39500.0,1.65573282963641,1.2083862597495556,0.7298195929441773,52.49764098239616,38.75864218775784,0.7382930254095538,69.7367580629708,41.888640301321516,0.6006680187727823,0.1097058526559537,0.08957338028485046,0.8164867973430708,0.04223989849932216,0.12532763663996677,2.967043981935183,0.05505662749186433,0.1097696124258066,1.9937583798068117,0.034074079655164714,0.09099856637745722,2.670609662781142,0.07780343346905975,0.15548310486568817,1.9984092980616266,0.9400465395659323,19.238787444174854,20.46578188890349,1.2353027219124237,16.83950610140309,13.631886178744224,0.7602672004019367,13.950880922268578,18.34997079302257,1.7458628643406886,23.85244022200404,13.662264493501171
transformer_div97_f0.5_wd1.0_softmax_ce_s0,8100.0,1.52838229023624,1.1468643576932251,0.7503779421024015,45.80652077255914,33.0886958247805,0.7223577618801081,59.18140666594548,33.834648138701176,0.5717107795305331,0.11195925877547974,0.06446792609168854,0.575815942306039,0.048827875547825396,0.03148203718452478,0.6447554154529844,0.04917602735988777,0.041015983192500764,0.8340645919266947,0.03619311360114475,0.028973358655923896,0.8005213084239179,0.06967494285585621,0.05813986366252083,0.8344443680822359,1.323009653719021,3.3438585597770647,2.52746346209748,1.3280209389710398,3.916641292033728,2.9492315799390707,1.0006957992259058,3.044163407795904,3.042046754019288,1.8823972438408918,5.553915681960095,2.950448264909134
transformer_div97_f0.5_wd1.0_softmax_ce_s1,9100.0,1.6719921663991024,2.1919527736407796,1.3109826814329484,42.9290488020168,19.516831154881455,0.45462994637711507,56.14085523930966,24.54836687355688,0.43726385657851874,0.10710073849414728,0.07973669389868093,0.7445018122170866,0.03738110132333429,0.040054998538585185,1.0715307232957787,0.04981244992901403,0.11291689831763631,2.2668408897484507,0.029277403350047138,0.036216351959500986,1.237006968360214,0.07038311730470248,0.14930180076805577,2.1212729200626144,1.067668288038123,4.689674765079783,4.392445497933839,1.418382779365255,13.149294258531096,9.270624580210695,0.8476285523641486,4.202673270771809,4.958154440468051,2.005556218270779,18.061224124483168,9.005593540556957
transformer_div97_f0.5_wd1.0_softmax_ce_s2,8200.0,1.6148658942242147,1.344651791595098,0.8326708715593203,42.60353330455044,21.412970621953903,0.5026102053293032,55.4164427911038,23.736430966531703,0.42832830421844037,0.12069851044641891,0.07500300842786672,0.6214079042935864,0.05410847533138119,0.06986795537809774,1.2912571450257915,0.05374781727608618,0.11335982926871228,2.109105727706436,0.039422505818034866,0.05976566748903963,1.5160291373892891,0.07610667432987266,0.15219186412121372,1.999717704935595,1.6645329282084385,3.5084157027981338,2.1077478512691807,1.6291530343771945,5.591359007816301,3.4320649379349497,1.18635331076332,3.0413296047557825,2.5635951593534467,2.3082893320274995,7.868122912010747,3.408638077922292
transformer_div97_f0.5_wd1.0_softmax_ce_s3,6000.0,1.7037338249210148,1.2077112642734165,0.7088614703822095,45.67260177019264,26.826715335868222,0.5873699832308693,60.37742394628465,27.515471532541206,0.4557245032020678,0.22355069888611218,0.06399878984218582,0.2862831123368126,0.04876379133014616,0.057298747149596874,1.1750265019728754,0.0471084990650157,0.0761630840704564,1.616758877529545,0.036425210228589494,0.055161117677072866,1.5143664876854408,0.06680231287953961,0.10775616508900115,1.6130603933326535,1.252891324026312,4.212056890638839,3.361869309704296,1.2417753693841034,5.376615093758993,4.329780752879396,0.9616313466828262,4.121872072736954,4.286332893530837,1.761882742344055,7.612626473193063,4.32073388894486
transformer_div97_f0.5_wd1.0_softmax_ce_s4,8000.0,1.5765187349053067,1.4189328997415827,0.9000418887041076,44.513478729002934,19.52410690480577,0.4386111232435483,57.94759801258893,21.620768609420676,0.37310897001673193,0.1230008842711614,0.07845930956584532,0.6378759797602591,0.040654260473225276,0.06521098322183941,1.6040381121872107,0.04741184985813386,0.12537901794862885,2.64446585239321,0.031943762906922274,0.058205958158083784,1.822138435214545,0.06710971946011658,0.1761171513940124,2.6243166088435093,0.8946175545289174,4.729062718778387,5.28612779263938,1.0344331201499386,9.73348268500271,9.409484765522457,0.6981836019666627,4.314345903727364,6.179385897312106,1.4638992044535075,13.466446709686435,9.199025908832045
transformer_mul97_f0.5_wd1.0_softmax_ce_s0,1900.0,1.1908622876302637,1.7010522880137386,1.4284206542460245,55.2132572122483,18.227243256487327,0.3301243972334214,66.7968880118669,22.993813191431272,0.34423479709632987,3.0421204317523154,0.07709772675826526,0.025343417030290152,0.05220778866494844,0.051462444034156465,0.9857234973966176,0.04967849883146386,0.1027128837206136,2.0675520826237292,0.039220423903989145,0.04419195031797431,1.1267586099057818,0.0704757667561216,0.1395206505206233,1.979696808456566,1.3153657749559038,2.732659452334561,2.077490158527327,1.2507276024700096,5.628733641544479,4.5003673305270695,0.9888079740194259,2.2534781631348193,2.278984618190941,1.774353259069028,7.4935310124480505,4.223246399299187
transformer_mul97_f0.5_wd1.0_softmax_ce_s1,2700.0,1.1936224373653976,1.8074063607785786,1.51421949202626,57.945034930359114,21.824179886188837,0.37663589145158155,69.06029670913355,27.444721306654877,0.3974023080475005,1.9408398082784675,0.0762764965420905,0.03930076877892774,0.04778425345313114,0.04074296278598989,0.8526441210586736,0.046020347489595284,0.0881086968473073,1.9145595731807055,0.037546843730139265,0.03554824644745909,0.9467705648697209,0.06530436723864644,0.11912060388063313,1.8240832721848779,1.5077514349583816,1.9900959173606756,1.319909814853274,1.450580529791182,4.881254113980266,3.365034904117282,1.1928796041868632,1.769036362213554,1.4829965706551191,2.0583975761340803,6.708468513289432,3.2590732670258715
transformer_mul97_f0.5_wd1.0_softmax_ce_s2,2600.0,1.2293871122087472,2.1382715546446036,1.739298820859552,57.41097969651207,21.73342815318647,0.378558740298014,68.85118145407122,30.404762029989563,0.44160116628168194,1.9213153090817414,0.07743288244725928,0.040302017103203615,0.04611350015050909,0.024799193620638108,0.5377859745995517,0.043746971434205945,0.06422410812105706,1.468081241181417,0.03599836563698335,0.022102897111705707,0.6139972390579319,0.06207849961567581,0.08901864122160749,1.4339689549959558,1.0472803952769674,1.177844915375683,1.1246700699139756,0.9986641211644236,2.8750513729067806,2.8788972307871887,0.8203917536155058,1.0320013872621725,1.2579372997279568,1.4171586511652676,3.9215257628649987,2.767174839345263
transformer_mul97_f0.5_wd1.0_softmax_ce_s3,2100.0,1.1764774828509466,1.8130848663455588,1.5411131048185704,56.280222570063074,21.024593426168277,0.3735698344119877,67.74330237097027,27.25561145687259,0.4023366222629311,2.737319916480783,0.08363923764454462,0.030555156209901412,0.056505310330275865,0.051861720224210636,0.9178202884131906,0.054107373109559334,0.09534758546476367,1.7621921003575443,0.043794127462560804,0.045827501532058515,1.0464302907104617,0.0767758812666962,0.13025837292429307,1.6966053762615223,1.637972059499314,2.984864765320348,1.822292845601252,1.5686308545987813,6.953162972592493,4.4326317770734835,1.270170423548918,2.517203179808126,1.9817838088017652,2.2258238930749537,9.775514336167967,4.391863330509581
transformer_mul97_f0.5_wd1.0_softmax_ce_s4,2800.0,1.200162950762801,1.9469025790643386,1.622198533813199,58.393273130922466,22.73401702078444,0.38932595831394695,69.45205795754562,29.531180679585198,0.42520238489746265,1.677655258712079,0.08024268022079585,0.0478302558312233,0.05483271930336751,0.04847523670295736,0.8840567697320145,0.0525839149185907,0.10658536429347255,2.026957567889073,0.044793657188584066,0.042990594373005314,0.959747363159303,0.07464284019970252,0.14891337481003256,1.9950121727900973,1.955932295558187,3.563177254153874,1.8217283196589424,1.8664170578127925,8.048885567805835,4.312479643343017,1.5784881333111422,3.196635517756505,2.0251248332485265,2.649160756526423,11.203217832743876,4.2289686668292354
transformer_poly97_f0.5_wd0.3_softmax_ce_s0,,1.663171422792101,1.6643829366241587,1.0007284359359805,43.008834744573015,44.41121973655894,1.0326069050769362,57.05761765981383,57.29550343222074,1.004169220205183,0.13132520416795299,0.11872503606279719,0.9040536949096128,0.052542156210376,0.04709882144871847,0.8964006208678854,0.05640984796564166,0.046826617898584035,0.8301142369166706,0.03998801685634122,0.035378883765481144,0.8847371424439827,0.07990298209110896,0.06632028209107195,0.8300100991906734,0.9329122542464734,0.4210784873083472,0.4513591555815271,0.9359078268777709,0.4077008630267616,0.43562074310978827,0.7000438580591721,0.3080299643965171,0.4400152374031406,1.3266310977274463,0.5774244961117709,0.43525626460959205
transformer_poly97_f0.5_wd0.3_softmax_ce_s1,,1.942148231229187,1.7918168438721058,0.9225953071244535,38.740856686654496,42.17889698855231,1.0887445605476802,55.857184200963616,57.870925235933946,1.0360516030977371,0.11815872782147505,0.1157090631591825,0.9792680176280019,0.06287406166370636,0.05225084250855631,0.8310397185413227,0.05943277295434246,0.05058866160650275,0.8511913392526048,0.04513698793575585,0.03698199877115296,0.8193280159453704,0.08423165395247706,0.07165224698798191,0.8506570110615141,0.9740752303551568,0.5712436521556401,0.5864471596791958,0.9227763765043204,0.5561070137900614,0.6026454815593751,0.6997211794431946,0.41521480213835094,0.5934003633686771,1.3079858113327782,0.7876932711831398,0.6022185136553707
transformer_poly97_f0.5_wd1.0_softmax_ce_s0,,1.6758892517234965,1.7591419301941058,1.0496767184257503,43.664150695210324,42.08417788971646,0.9638153317919183,58.31791259942438,56.95310032894294,0.9765970315183243,0.09981147152894398,0.09962876054114503,0.9981694389933328,0.05160165605956296,0.05903381379298838,1.144029442094777,0.051805314456515775,0.05661525394781511,1.0928464490904053,0.03879331656181124,0.04487272385002204,1.156712749179983,0.07342504026693816,0.08024050917330916,1.0928221337243156,0.6820721777994087,0.8612846878309923,1.262747134195948,0.6904702376971665,0.8039324779520344,1.1643260405159293,0.5072671021857718,0.6312104621943995,1.244335497954758,0.9778695312896061,1.1390608572823226,1.1648392968948924
transformer_poly97_f0.5_wd1.0_softmax_ce_s1,,1.8223287916713162,1.8843640307756275,1.0340417379058238,40.98583124008649,40.39292132299431,0.9855337832818606,56.48389009325915,57.058377976496985,1.0101708271560141,0.10111568048451106,0.09045284775422358,0.8945481780946841,0.06074235147122985,0.06108873051576538,1.0057024306130065,0.05930639724905637,0.05853188524005895,0.9869404980756988,0.04679106840702055,0.04439874263974672,0.9488721705077612,0.08405762326888076,0.08293136152473944,0.9866013134758918,0.9553283114006226,0.6664560563669288,0.6976199160159157,0.9335437678320504,0.6386102666174851,0.6840710512165024,0.7244093518405317,0.48513742479337396,0.6697006651843583,1.3230920136290556,0.9048152019488921,0.6838641550462624
transformer_poly97_f0.5_wd1.0_softmax_ce_s2,,1.8150879403371156,1.9190960582490408,1.0573019717670582,40.54471734824331,38.290691394413486,0.944406420829877,56.295357104343836,55.278575993085354,0.9819384552553087,0.09009875738487114,0.09347529472016704,1.0374759589732463,0.06008123576434474,0.05968760161978179,0.9934483014612601,0.058682655954951875,0.05739815560450165,0.9781110733734294,0.04241943535899442,0.04417462109495762,1.0413769235990322,0.08312516786884559,0.08133716145275051,0.9784901918163198,0.8961244629322884,0.9571133022743532,1.0680584470850152,0.8690676681450875,0.9230380790725807,1.0621015059076886,0.6324492391860201,0.7281114827562303,1.1512567928666182,1.2312272028039053,1.3080416495121672,1.062388523038908
transformer_poly97_f0.5_wd1.0_softmax_ce_s3,,1.7740822158071663,1.8343491166407244,1.0339707485349758,42.41316120790428,39.9141568501668,0.9410795072433374,57.268172315336614,56.167529728593195,0.9807809025110329,0.09055401580331963,0.10537153214068373,1.1636317970651602,0.05897972671684817,0.057120217907301374,0.9684720680637605,0.05576134878861847,0.054507881933188715,0.9775208655697797,0.04350770793655047,0.04181724395387976,0.961145643775673,0.07903705163208136,0.07724026305144349,0.9772665029434303,0.6173507770891811,0.7695384625878968,1.246517362813218,0.5801494492299473,0.7226329638993501,1.2455979486984365,0.44462621294368443,0.5584466832958643,1.255991363169126,0.822149731605359,1.0241057509896634,1.2456438427462087
transformer_poly97_f0.5_wd1.0_softmax_ce_s4,,1.7615087833015644,1.7894789433921596,1.0158785243398964,42.7392795709165,41.662873374933895,0.9748145919447111,56.43177089334801,56.76488244795589,1.0059029080486848,0.09524357078744372,0.10918463434426881,1.1463727518987874,0.053171342511518574,0.050045690143671794,0.9412154702099225,0.05202526874765544,0.04681097316408743,0.899773788601467,0.03882711036551338,0.037403455158987395,0.9633334751640314,0.0737365683012855,0.06634536158382087,0.8997619920788236,0.6010528162450306,0.5177176819449286,0.8613513953387271,0.5757297198602408,0.4845234984763592,0.8415815299477296,0.4303383130340285,0.38653895728942084,0.8982211101869885,0.8157349768641642,0.6867247635044789,0.8418478831744786
transformer_poly97_f0.7_wd0.3_softmax_ce_s0,,1.6902091493587155,1.6566730249231438,0.9801585949003437,46.18835917863352,45.542817077213186,0.9860237056933827,61.68012971900558,61.25401617145693,0.9930915588295635,0.12740508639439763,0.1187700822057041,0.9322240231291643,0.04707830625126316,0.06197405814718331,1.316403734161963,0.045864876466991444,0.05819072056527637,1.2687425552569782,0.03657027576240128,0.04594461702587571,1.2563377242321043,0.06500587147453946,0.08247034865994039,1.2686599962318967,0.5728965186818087,0.49578593668084986,0.865402250692002,0.5581293512430692,0.48016511812423035,0.8603115336163626,0.44482628480391306,0.3753121555419057,0.8437274692689297,0.7910464514174378,0.6804329505635869,0.8601681346833072
transformer_poly97_f0.7_wd0.3_softmax_ce_s1,,1.7250871283180782,1.5999861716474966,0.9274813691337711,45.64533960467286,46.99814738857872,1.0296373692390575,60.40009528496369,59.916476521817806,0.9919930794667756,0.13002750061900611,0.1317279628518058,1.0130777122124512,0.051564849177057205,0.06574629676383278,1.275021605087625,0.051385511994503565,0.06354933158479238,1.2367169094586412,0.04117494065033911,0.051687510894723204,1.255314763745689,0.07285693300080756,0.09012073620335866,1.2369548441238907,0.7543020111712229,1.087953406395391,1.442331307994393,0.7491221959939738,1.0626692397274853,1.4185526011780778,0.6016430846548921,0.8588942035097005,1.4275809452748383,1.0620849672157442,1.506995145922545,1.418902623085922
transformer_poly97_f0.7_wd1.0_softmax_ce_s0,,1.680619222279495,1.6818030426163948,1.0007043953331047,45.51842474334699,44.48395309050434,0.9772735621086306,59.7905508955739,58.2083314110762,0.9735372987738298,0.10780560846914647,0.1209644581072223,1.1220609004015023,0.060263889307050504,0.060454135540749326,1.0031568860869484,0.058077199156779544,0.05853050170904977,1.007805172405896,0.04634283430048742,0.047602670899047746,1.0271851434547903,0.08233653398900895,0.08299256551850583,1.0079676845467462,0.5528717017206098,1.1906005339076207,2.153484307846313,0.5398921084289792,1.152715955018547,2.1350857643998746,0.4323121990931558,0.9375002203055652,2.168572208399676,0.7650325732965868,1.634478632981069,2.136482406151635
transformer_poly97_f0.7_wd1.0_softmax_ce_s1,,1.6776745436036027,1.659379503867847,0.9890950006927693,44.96448605622084,47.08650787383599,1.0471932852732244,59.06609218912562,61.39579106829513,1.0394422382254438,0.11736371290742942,0.08342376562774485,0.7108139608155147,0.057413203822168836,0.04310231043028012,0.7507386378190085,0.05701257484766808,0.04229467394649729,0.7418481634885715,0.04468427379552597,0.033278826055735004,0.7447547700566426,0.08077464145366484,0.05993374114027942,0.74198708978064,0.7019552466134199,0.5675715063524482,0.8085579658969636,0.7100282400182023,0.5569365438386108,0.7843864686626171,0.5556993053151578,0.438215799699345,0.7885843935882131,1.0061971778997192,0.7892078962994239,0.7843471574296931
transformer_sub97_f0.3_wd1.0_softmax_ce_s0,,1.9079055784028784,1.7433549819818426,0.9137532809360606,36.59838713253643,41.01464907365286,1.1206682121024485,53.412620258971636,55.64049265957635,1.0417105992891353,0.09098750439253392,0.11058924450255972,1.215433319562881,0.05045730780165277,0.0653775202672822,1.2956997334118707,0.04887976246619898,0.06245778584243525,1.2777841521964362,0.03754541529706315,0.04821329618984731,1.284132717893218,0.06922740483672117,0.08854691621289748,1.2790731708308734,1.0048253554694773,1.4347841443191958,1.4278940479650137,0.9821663679109698,1.380311255773149,1.4053741818802228,0.7471450463778502,1.041672740627508,1.3942041718372147,1.3910233190541508,1.956582126387,1.4065775171313522
transformer_sub97_f0.3_wd1.0_softmax_ce_s1,,1.8029402678122965,1.9533576542502038,1.0834289350142614,40.31163327636685,35.517282172997184,0.8810678031698506,54.14136599288119,52.604106922806025,0.9716065702834817,0.08482580520879432,0.08755859480805132,1.0322164887504501,0.057329634096053614,0.05763121330067664,1.0052604418182356,0.057854921232197695,0.055702840847157785,0.9628021205594136,0.043199021463966404,0.04231304946020167,0.9794909242445745,0.08191253858320141,0.07889534825816338,0.9631657084834043,1.1371618242728772,0.9630860386223559,0.8469208322554895,1.1656735380300978,0.9504610970884309,0.8153750308981363,0.8710069968381307,0.7230655366886323,0.8301489417575918,1.650435598196979,1.3460590617395245,0.8155780590348566
transformer_sub97_f0.3_wd1.0_softmax_ce_s2,,1.8432251211362445,1.7968072954737586,0.9748170610685515,38.03738008313181,39.98541136638911,1.0512136030136623,53.3343597538893,55.06369255392221,1.0324243659811965,0.07949663020272918,0.08050251815671755,1.0126532150032421,0.0673310505679153,0.05509493823320153,0.8182693982715823,0.0636042368277767,0.055842407723122156,0.8779667913370063,0.047672157358467415,0.04167985095644186,0.8743017573765998,0.09005387120423419,0.07902820154475451,0.8775658446212219,0.9815446885724233,0.9864122698910935,1.004959103110985,0.9373610259776324,1.0000841060543637,1.0669145380898608,0.6987278307692346,0.7464064698853413,1.0682363532931227,1.327086898053815,1.4153192313448006,1.0664857240474448
transformer_sub97_f0.3_wd1.0_softmax_ce_s3,,1.820280307849712,1.8461587258008667,1.0142167213695372,39.584960824163666,38.00821215727744,0.9601679871835634,54.625408528657516,53.926728246556884,0.9872096099430708,0.08697986281026959,0.08667788999940315,0.9965282445716759,0.05862950992184024,0.04917278510638228,0.8387036693967792,0.05785138250349785,0.04929988587021916,0.8521816374438133,0.04334703829267689,0.03580858777221013,0.8260907591986437,0.08193084989169291,0.0697947981459063,0.8518744555704029,1.0174298896950047,0.7526790276278409,0.7397846625613405,1.007397458285753,0.7585140174661578,0.7529441445652345,0.7477368412998933,0.5540016229137823,0.7409045433025414,1.4264023289986287,1.0739374309717578,0.7528993812886505
transformer_sub97_f0.3_wd1.0_softmax_ce_s4,,1.8145379058185713,1.7415745904589752,0.9597895887842139,39.886185768695796,42.252473583985605,1.0593259989564348,55.02788029746472,57.361442411122844,1.0424069053912957,0.07871872621019582,0.08127087855414085,1.0324211590661443,0.06380091607910555,0.05009395485461117,0.7851604323753066,0.0616261590874212,0.05039432092964959,0.8177423625925083,0.04593695826867831,0.0371545339156726,0.8088157186716926,0.08730048579625851,0.07137205347535569,0.8175447458783158,1.1311012512330025,0.9339244935226194,0.8256771818655114,1.0809563428622506,0.9404796191536058,0.8700440358796746,0.8108981725142566,0.6933551711523955,0.8550459165576743,1.5315318083456748,1.3317046801904646,0.8695246634341478
transformer_sub97_f0.4_wd1.0_softmax_ce_s0,25100.0,1.6044855797211333,1.0946312909085472,0.682231928253789,43.38442866991748,37.047847910441334,0.85394343192377,56.30242152456219,37.577658908618474,0.6674252703718089,0.10890070198842408,0.06632003520496155,0.6089954793129913,0.05101199582905495,0.0801326977038859,1.5708598811231895,0.04843995410111685,0.07217147924762407,1.4899163425499624,0.03744395092529821,0.059614546346046446,1.5921008566905568,0.0686577759220018,0.10238161607089666,1.4911874830784877,1.3914272760589514,8.120172583685413,5.8358584191944365,1.317754162662946,7.313522703009525,5.549990210791822,1.0213388791033693,6.036085142763691,5.909972944594799,1.867956479096242,10.375165208400157,5.5542863682883485
transformer_sub97_f0.4_wd1.0_softmax_ce_s1,24500.0,1.6694064925763068,1.2639740197458955,0.757139753179749,42.06934509294143,19.419332266428377,0.4616029135591805,57.39024514710914,21.604989579038502,0.376457523811898,0.08338231485580042,0.07196394093789346,0.8630600033393935,0.053783919521615105,0.1199753960726642,2.230692689186543,0.052047775869131584,0.10043696632721413,1.9297071709606162,0.0413214163687935,0.07495041231478122,1.8138393816380602,0.07376286531483452,0.14184495629688804,1.9229859861254803,0.839513807273538,8.59590843558059,10.239150757385689,0.8134167168108719,7.324188704299083,9.004226926900047,0.6212054640130035,5.652075584994847,9.098560641244672,1.152245317815862,10.365032830866241,8.995508743323578
transformer_sub97_f0.5_wd1.0_softmax_ce_s0,8100.0,1.6054480207946749,1.1721523518669585,0.7301091886405385,45.80884341385777,30.808880581632714,0.672553120437715,59.191513374423224,31.556432831157515,0.5331242779947761,0.10700088455666804,0.06597132190302823,0.61654931336656,0.05025314968752065,0.09076795881002128,1.806214324364263,0.04981699668945186,0.07948764006076556,1.5955927764227524,0.039002490397302664,0.06551497940312753,1.6797640031637164,0.07062331113840824,0.11269018808124297,1.595651439513954,1.1575834596200807,10.08701982580285,8.713859672039037,1.1781874687921752,8.871335055878276,7.529646419489396,0.9029221402978806,7.303591157886363,8.08883826403554,1.6698474418296823,12.577000523616178,7.531826086959974
transformer_sub97_f0.5_wd1.0_softmax_ce_s1,8200.0,1.593365460488564,1.2261191896831343,0.769515356073538,42.988770701170296,19.044238048003116,0.44300494611455987,56.29283293031982,21.090618646244486,0.37465903825360497,0.11534113118894462,0.07413525696188028,0.6427477882147397,0.057036597601944995,0.12144356174762867,2.1292217077038154,0.05610325041593531,0.10168355143179826,1.8124360117808171,0.04371136635758681,0.08017635974382549,1.8342222269588146,0.07951351904940068,0.14377700252475512,1.8082082675202489,1.8257638700858903,10.85780538637479,5.946993236241443,1.7928934818374902,9.228593873654226,5.147318548002126,1.3798100887915514,7.334425264275437,5.315532422798114,2.540761198305489,13.047437879553634,5.135247613296112
