run,model,step,agreement,agreement_novel,kappa,n_classes_used
mlp_add97_f0.3_wd1.0_softmax_ce_s0,mlp,0,0.1676054841109576,0.16292134831460675,0.021732245215220616,63
mlp_add97_f0.3_wd1.0_softmax_ce_s0,mlp,1,0.12360505898607715,0.12116610993015488,0.011373989420590192,72
mlp_add97_f0.3_wd1.0_softmax_ce_s0,mlp,2,0.10171112764374535,0.10203461888855148,0.012897751975008342,67
mlp_add97_f0.3_wd1.0_softmax_ce_s0,mlp,3,0.08619406950791796,0.08533252353477072,0.006987542397403877,64
mlp_add97_f0.3_wd1.0_softmax_ce_s0,mlp,4,0.09660962907854183,0.09869419981779533,0.014804497516972031,58
mlp_add97_f0.3_wd1.0_softmax_ce_s0,mlp,5,0.11297693697523647,0.11387792286668691,0.02211168498093325,52
mlp_add97_f0.3_wd1.0_softmax_ce_s0,mlp,6,0.13402061855670103,0.13437594898269056,0.03033630947427096,52
mlp_add97_f0.3_wd1.0_softmax_ce_s0,mlp,7,0.15782761186098415,0.15897358032189493,0.03323531123382434,45
mlp_add97_f0.3_wd1.0_softmax_ce_s0,mlp,8,0.17143160803486024,0.17127239599149713,0.020043897292540764,46
mlp_add97_f0.3_wd1.0_softmax_ce_s0,mlp,9,0.19290041449675843,0.19723656240510173,0.014482070848216448,45
mlp_add97_f0.3_wd1.0_softmax_ce_s0,mlp,10,0.21351897119778934,0.21879744913452778,0.015656060020683715,46
mlp_add97_f0.3_wd1.0_softmax_ce_s0,mlp,11,0.22138378148581145,0.22714849681141816,0.020002208218764986,46
mlp_add97_f0.3_wd1.0_softmax_ce_s0,mlp,12,0.2099054097141035,0.2160643789857273,0.01922540428160134,51
mlp_add97_f0.3_wd1.0_softmax_ce_s0,mlp,13,0.18503560420873633,0.1891891891891892,0.015578316840348112,57
mlp_add97_f0.3_wd1.0_softmax_ce_s0,mlp,15,0.130619619513232,0.1319465532948679,0.015846250196630985,69
mlp_add97_f0.3_wd1.0_softmax_ce_s0,mlp,16,0.10149856520352854,0.10264196781050713,0.010127393463644187,75
mlp_add97_f0.3_wd1.0_softmax_ce_s0,mlp,17,0.08364332022531619,0.0822957789249924,0.0111989783723448,79
mlp_add97_f0.3_wd1.0_softmax_ce_s0,mlp,18,0.06770113720905516,0.06680838141512299,0.009685543963696034,82
mlp_add97_f0.3_wd1.0_softmax_ce_s0,mlp,20,0.052609203953661386,0.05132098390525357,0.013607150121065982,87
mlp_add97_f0.3_wd1.0_softmax_ce_s0,mlp,21,0.04644489318737379,0.045095657455208014,0.013564893294932689,89
mlp_add97_f0.3_wd1.0_softmax_ce_s0,mlp,23,0.04006801998086938,0.036440935317339815,0.01434938880609096,95
mlp_add97_f0.3_wd1.0_softmax_ce_s0,mlp,24,0.03815495801891806,0.03461888855147282,0.015267454356024097,95
mlp_add97_f0.3_wd1.0_softmax_ce_s0,mlp,26,0.03305345945371453,0.028697236562405103,0.014219577907705718,95
mlp_add97_f0.3_wd1.0_softmax_ce_s0,mlp,28,0.030927835051546393,0.02702702702702703,0.01430873151982442,95
mlp_add97_f0.3_wd1.0_softmax_ce_s0,mlp,31,0.029227335529811882,0.025660491952626784,0.014273216572240061,96
mlp_add97_f0.3_wd1.0_softmax_ce_s0,mlp,33,0.029014773089595068,0.025204980261160036,0.014988498160565107,96
mlp_add97_f0.3_wd1.0_softmax_ce_s0,mlp,35,0.027739398448294185,0.02323109626480413,0.01455416410660092,96
mlp_add97_f0.3_wd1.0_softmax_ce_s0,mlp,38,0.02858964820916144,0.02140904949893714,0.016321185958153774,97
mlp_add97_f0.3_wd1.0_softmax_ce_s0,mlp,41,0.03071527261132958,0.021864561190403888,0.01893098997122261,97
mlp_add97_f0.3_wd1.0_softmax_ce_s0,mlp,44,0.03390370921458178,0.020498026116003643,0.022582633423400954,97
mlp_add97_f0.3_wd1.0_softmax_ce_s0,mlp,48,0.038580082899351685,0.019131491041603402,0.027570649921812688,97
mlp_add97_f0.3_wd1.0_softmax_ce_s0,mlp,51,0.045594643426506536,0.01730944427573641,0.0348100821180255,97
mlp_add97_f0.3_wd1.0_softmax_ce_s0,mlp,55,0.058560952279732174,0.01882781658062557,0.04806501229207405,97
mlp_add97_f0.3_wd1.0_softmax_ce_s0,mlp,60,0.07237751089382506,0.018220467658669907,0.062154380941793895,97
mlp_add97_f0.3_wd1.0_softmax_ce_s0,mlp,64,0.08406844510574982,0.018372304889158822,0.07402990853233579,97
mlp_add97_f0.3_wd1.0_softmax_ce_s0,mlp,69,0.09703475395897546,0.019283328272092316,0.08715942563538044,97
mlp_add97_f0.3_wd1.0_softmax_ce_s0,mlp,75,0.10086087788287809,0.017461281506225328,0.09106843393102253,97
mlp_add97_f0.3_wd1.0_softmax_ce_s0,mlp,80,0.10426187692634711,0.018675979350136655,0.0944579157017713,97
mlp_add97_f0.3_wd1.0_softmax_ce_s0,mlp,87,0.10468700180678074,0.018979653811114484,0.09489546606226952,97
mlp_add97_f0.3_wd1.0_softmax_ce_s0,mlp,93,0.10489956424699756,0.019283328272092316,0.0951225254599211,97
mlp_add97_f0.3_wd1.0_softmax_ce_s0,mlp,100,0.10511212668721437,0.01958700273307015,0.0953492895051091,97
mlp_add97_f0.3_wd1.0_softmax_ce_s0,mlp,108,0.10447443936656393,0.018675979350136655,0.09473290714501413,97
mlp_add97_f0.3_wd1.0_softmax_ce_s0,mlp,116,0.10447443936656393,0.018675979350136655,0.09473824093223965,97
mlp_add97_f0.3_wd1.0_softmax_ce_s0,mlp,125,0.1040493144861303,0.01806863042818099,0.09431232046474765,97
mlp_add97_f0.3_wd1.0_softmax_ce_s0,mlp,135,0.10426187692634711,0.018372304889158822,0.09452231290403572,97
mlp_add97_f0.3_wd1.0_softmax_ce_s0,mlp,146,0.10447443936656393,0.018675979350136655,0.09473429228184703,97
mlp_add97_f0.3_wd1.0_softmax_ce_s0,mlp,157,0.1040493144861303,0.01806863042818099,0.09431107947635982,97
mlp_add97_f0.3_wd1.0_softmax_ce_s0,mlp,169,0.10383675204591349,0.017764955967203157,0.0940998477466991,97
mlp_add97_f0.3_wd1.0_softmax_ce_s0,mlp,182,0.10426187692634711,0.018372304889158822,0.0945283096082451,97
mlp_add97_f0.3_wd1.0_softmax_ce_s0,mlp,196,0.10426187692634711,0.018372304889158822,0.09452667603117687,97
mlp_add97_f0.3_wd1.0_softmax_ce_s0,mlp,211,0.10447443936656393,0.018675979350136655,0.09474107318905474,97
mlp_add97_f0.3_wd1.0_softmax_ce_s0,mlp,227,0.10426187692634711,0.018372304889158822,0.09452655196179162,97
mlp_add97_f0.3_wd1.0_softmax_ce_s0,mlp,245,0.1040493144861303,0.01806863042818099,0.0943194974475498,97
mlp_add97_f0.3_wd1.0_softmax_ce_s0,mlp,264,0.10426187692634711,0.018372304889158822,0.09452648992708625,97
mlp_add97_f0.3_wd1.0_softmax_ce_s0,mlp,284,0.10468700180678074,0.018979653811114484,0.09494864992981124,97
mlp_add97_f0.3_wd1.0_softmax_ce_s0,mlp,306,0.10426187692634711,0.018372304889158822,0.09452235426088847,97
mlp_add97_f0.3_wd1.0_softmax_ce_s0,mlp,330,0.10426187692634711,0.018372304889158822,0.094527441124968,97
mlp_add97_f0.3_wd1.0_softmax_ce_s0,mlp,355,0.10426187692634711,0.018372304889158822,0.09451658494343264,97
mlp_add97_f0.3_wd1.0_softmax_ce_s0,mlp,383,0.10426187692634711,0.018220467658669907,0.094505273559279,97
mlp_add97_f0.3_wd1.0_softmax_ce_s0,mlp,412,0.10468700180678074,0.01882781658062557,0.09493463628749414,97
mlp_add97_f0.3_wd1.0_softmax_ce_s0,mlp,444,0.10532468912743119,0.019738839963559063,0.09558325607449077,97
mlp_add97_f0.3_wd1.0_softmax_ce_s0,mlp,478,0.10489956424699756,0.019131491041603402,0.0951573045542195,97
mlp_add97_f0.3_wd1.0_softmax_ce_s0,mlp,515,0.10511212668721437,0.019435165502581234,0.09538226211698313,97
mlp_add97_f0.3_wd1.0_softmax_ce_s0,mlp,555,0.10532468912743119,0.019738839963559063,0.0955897828510084,97
mlp_add97_f0.3_wd1.0_softmax_ce_s0,mlp,598,0.10511212668721437,0.01958700273307015,0.09538279924489877,97
mlp_add97_f0.3_wd1.0_softmax_ce_s0,mlp,644,0.10532468912743119,0.01989067719404798,0.09561289431804841,97
mlp_add97_f0.3_wd1.0_softmax_ce_s0,mlp,694,0.10532468912743119,0.01989067719404798,0.09559331470661549,97
mlp_add97_f0.3_wd1.0_softmax_ce_s0,mlp,747,0.10468700180678074,0.018979653811114484,0.09496402723262369,97
mlp_add97_f0.3_wd1.0_softmax_ce_s0,mlp,805,0.10489956424699756,0.019283328272092316,0.09517650113849417,97
mlp_add97_f0.3_wd1.0_softmax_ce_s0,mlp,867,0.10532468912743119,0.01989067719404798,0.09559909780243207,97
mlp_add97_f0.3_wd1.0_softmax_ce_s0,mlp,934,0.10468700180678074,0.018979653811114484,0.09496427524935482,97
mlp_add97_f0.3_wd1.0_softmax_ce_s0,mlp,1006,0.10447443936656393,0.018675979350136655,0.09475699138304373,97
mlp_add97_f0.3_wd1.0_softmax_ce_s0,mlp,1083,0.1040493144861303,0.01806863042818099,0.09433227922745978,97
mlp_add97_f0.3_wd1.0_softmax_ce_s0,mlp,1167,0.10489956424699756,0.019283328272092316,0.09518716325971957,97
mlp_add97_f0.3_wd1.0_softmax_ce_s0,mlp,1257,0.10532468912743119,0.01989067719404798,0.09562225009885875,97
mlp_add97_f0.3_wd1.0_softmax_ce_s0,mlp,1354,0.1057498140078648,0.020498026116003643,0.09605793042820418,97
mlp_add97_f0.3_wd1.0_softmax_ce_s0,mlp,1459,0.1057498140078648,0.020498026116003643,0.09607330893261594,97
mlp_add97_f0.3_wd1.0_softmax_ce_s0,mlp,1571,0.10511212668721437,0.01958700273307015,0.09541279476066897,97
mlp_add97_f0.3_wd1.0_softmax_ce_s0,mlp,1692,0.10511212668721437,0.01958700273307015,0.09541060507269346,97
mlp_add97_f0.3_wd1.0_softmax_ce_s0,mlp,1823,0.10489956424699756,0.019283328272092316,0.09518910555707177,97
mlp_add97_f0.3_wd1.0_softmax_ce_s0,mlp,1964,0.10468700180678074,0.018979653811114484,0.09497611789005456,97
mlp_add97_f0.3_wd1.0_softmax_ce_s0,mlp,2115,0.1040493144861303,0.01806863042818099,0.094332754917807,97
mlp_add97_f0.3_wd1.0_softmax_ce_s0,mlp,2278,0.10489956424699756,0.019283328272092316,0.09521140005393844,97
mlp_add97_f0.3_wd1.0_softmax_ce_s0,mlp,2454,0.10489956424699756,0.019283328272092316,0.09519877559425075,97
mlp_add97_f0.3_wd1.0_softmax_ce_s0,mlp,2644,0.10489956424699756,0.019283328272092316,0.09523834207610737,97
mlp_add97_f0.3_wd1.0_softmax_ce_s0,mlp,2848,0.10489956424699756,0.019283328272092316,0.09522706133264254,97
mlp_add97_f0.3_wd1.0_softmax_ce_s0,mlp,3067,0.10511212668721437,0.01958700273307015,0.09543644684659322,97
mlp_add97_f0.3_wd1.0_softmax_ce_s0,mlp,3304,0.10489956424699756,0.019283328272092316,0.09522916874564558,97
mlp_add97_f0.3_wd1.0_softmax_ce_s0,mlp,3559,0.10596237644808162,0.020801700576981476,0.09632531659637662,97
mlp_add97_f0.3_wd1.0_softmax_ce_s0,mlp,3834,0.10532468912743119,0.01989067719404798,0.09568472027387345,97
mlp_add97_f0.3_wd1.0_softmax_ce_s0,mlp,4130,0.1057498140078648,0.02034618888551473,0.09610703659854582,97
mlp_add97_f0.3_wd1.0_softmax_ce_s0,mlp,4448,0.10596237644808162,0.02064986334649256,0.09631138753149725,97
mlp_add97_f0.3_wd1.0_softmax_ce_s0,mlp,4791,0.1057498140078648,0.02019435165502581,0.096113435076089,97
mlp_add97_f0.3_wd1.0_softmax_ce_s0,mlp,5161,0.10617493888829843,0.02064986334649256,0.09654029408396556,97
mlp_add97_f0.3_wd1.0_softmax_ce_s0,mlp,5560,0.10617493888829843,0.02064986334649256,0.09653511581841794,97
mlp_add97_f0.3_wd1.0_softmax_ce_s0,mlp,5989,0.10723775108938251,0.022168235651381717,0.09760955520269841,97
mlp_add97_f0.3_wd1.0_softmax_ce_s0,mlp,6451,0.10702518864916569,0.021864561190403888,0.09740209963251646,97
mlp_add97_f0.3_wd1.0_softmax_ce_s0,mlp,6949,0.10915081305133383,0.024901305800182204,0.09955690194984515,97
mlp_add97_f0.3_wd1.0_softmax_ce_s0,mlp,7485,0.11000106281220108,0.025964166413604616,0.1004275856509969,97
mlp_add97_f0.3_wd1.0_softmax_ce_s0,mlp,8062,0.11042618769263471,0.026571515335560278,0.10087658257582773,97
mlp_add97_f0.3_wd1.0_softmax_ce_s0,mlp,8685,0.11148899989371878,0.027938050409960523,0.10191836247148883,97
mlp_add97_f0.3_wd1.0_softmax_ce_s0,mlp,9355,0.11488999893718779,0.03234133009413908,0.10535129684762705,97
mlp_add97_f0.3_wd1.0_softmax_ce_s0,mlp,10077,0.1165904984589223,0.034163376860006076,0.10705005826559544,97
mlp_add97_f0.3_wd1.0_softmax_ce_s0,mlp,10854,0.12020405994260815,0.03765563316125114,0.11072067728707664,97
mlp_add97_f0.3_wd1.0_softmax_ce_s0,mlp,11692,0.13317036879583377,0.049347099908897664,0.1238283914989535,97
mlp_add97_f0.3_wd1.0_softmax_ce_s0,mlp,12594,0.1786587310022319,0.09186152444579411,0.16984078945872197,97
mlp_add97_f0.3_wd1.0_softmax_ce_s0,mlp,13566,0.45711552768625785,0.3741269359246887,0.45135206226662056,97
mlp_add97_f0.3_wd1.0_softmax_ce_s0,mlp,14613,0.9770432564565841,0.9722137868205284,0.9768039897506511,97
mlp_add97_f0.3_wd1.0_softmax_ce_s0,mlp,15741,1.0,1.0,1.0,97
mlp_add97_f0.3_wd1.0_softmax_ce_s0,mlp,16955,1.0,1.0,1.0,97
mlp_add97_f0.3_wd1.0_softmax_ce_s0,mlp,18264,1.0,1.0,1.0,97
mlp_add97_f0.3_wd1.0_softmax_ce_s0,mlp,19673,1.0,1.0,1.0,97
mlp_add97_f0.3_wd1.0_softmax_ce_s0,mlp,21192,1.0,1.0,1.0,97
mlp_add97_f0.3_wd1.0_softmax_ce_s0,mlp,22827,1.0,1.0,1.0,97
mlp_add97_f0.3_wd1.0_softmax_ce_s0,mlp,24589,1.0,1.0,1.0,97
mlp_add97_f0.3_wd1.0_softmax_ce_s0,mlp,26486,1.0,1.0,1.0,97
mlp_add97_f0.3_wd1.0_softmax_ce_s0,mlp,28530,1.0,1.0,1.0,97
mlp_add97_f0.3_wd1.0_softmax_ce_s0,mlp,30732,1.0,1.0,1.0,97
mlp_add97_f0.3_wd1.0_softmax_ce_s0,mlp,33103,1.0,1.0,1.0,97
mlp_add97_f0.3_wd1.0_softmax_ce_s0,mlp,35658,1.0,1.0,1.0,97
mlp_add97_f0.3_wd1.0_softmax_ce_s0,mlp,38410,1.0,1.0,1.0,97
mlp_add97_f0.3_wd1.0_softmax_ce_s0,mlp,41374,1.0,1.0,1.0,97
mlp_add97_f0.3_wd1.0_softmax_ce_s0,mlp,44567,1.0,1.0,1.0,97
mlp_add97_f0.3_wd1.0_softmax_ce_s0,mlp,48006,1.0,1.0,1.0,97
mlp_add97_f0.3_wd1.0_softmax_ce_s0,mlp,51711,1.0,1.0,1.0,97
mlp_add97_f0.3_wd1.0_softmax_ce_s0,mlp,55701,1.0,1.0,1.0,97
mlp_add97_f0.3_wd1.0_softmax_ce_s0,mlp,60000,1.0,1.0,1.0,97
mlp_add97_f0.3_wd1.0_softmax_ce_s1,mlp,0,0.14061005420342226,0.13877922866686912,-0.0006473067548779454,62
mlp_add97_f0.3_wd1.0_softmax_ce_s1,mlp,1,0.11999149750239133,0.11812936532037656,0.0004958613856381242,68
mlp_add97_f0.3_wd1.0_softmax_ce_s1,mlp,2,0.09108300563290467,0.09019131491041603,0.000304980787999381,68
mlp_add97_f0.3_wd1.0_softmax_ce_s1,mlp,3,0.08874481879051971,0.0859398724567264,0.006717692399770761,62
mlp_add97_f0.3_wd1.0_softmax_ce_s1,mlp,4,0.1242427463067276,0.12177345885211054,0.02253354948413379,57
mlp_add97_f0.3_wd1.0_softmax_ce_s1,mlp,5,0.1525135508555638,0.1503188581840267,0.019384711902287913,53
mlp_add97_f0.3_wd1.0_softmax_ce_s1,mlp,6,0.17802104368158148,0.17749772244154266,0.017415099727986952,47
mlp_add97_f0.3_wd1.0_softmax_ce_s1,mlp,7,0.2001275374641301,0.20027330701488005,0.019564776860997196,44
mlp_add97_f0.3_wd1.0_softmax_ce_s1,mlp,8,0.20629184823041768,0.2072578196173702,0.0170983816559455,41
mlp_add97_f0.3_wd1.0_softmax_ce_s1,mlp,9,0.20267828674673186,0.20528393562101427,0.01717998844558858,41
mlp_add97_f0.3_wd1.0_softmax_ce_s1,mlp,10,0.18418535444786907,0.18524142119647738,0.012711997977947968,43
mlp_add97_f0.3_wd1.0_softmax_ce_s1,mlp,11,0.1646296099479222,0.16595809292438507,0.015286041935820074,42
mlp_add97_f0.3_wd1.0_softmax_ce_s1,mlp,12,0.1429482410458072,0.14272699665958094,0.01598970865145795,52
mlp_add97_f0.3_wd1.0_softmax_ce_s1,mlp,13,0.11999149750239133,0.11888855147282114,0.013133073453945826,61
mlp_add97_f0.3_wd1.0_softmax_ce_s1,mlp,15,0.09108300563290467,0.0898876404494382,0.01912206722552466,72
mlp_add97_f0.3_wd1.0_softmax_ce_s1,mlp,16,0.07875438410032948,0.07774066201032494,0.01916100089310393,75
mlp_add97_f0.3_wd1.0_softmax_ce_s1,mlp,17,0.06536295036667021,0.06286061342241117,0.016433876868122237,80
mlp_add97_f0.3_wd1.0_softmax_ce_s1,mlp,18,0.05664789031778085,0.05299119344063164,0.01600712048636894,81
mlp_add97_f0.3_wd1.0_softmax_ce_s1,mlp,20,0.04325645658412158,0.04160340115396295,0.013735124456298486,87
mlp_add97_f0.3_wd1.0_softmax_ce_s1,mlp,21,0.04006801998086938,0.037503795930762224,0.01436301544804776,90
mlp_add97_f0.3_wd1.0_softmax_ce_s1,mlp,23,0.03496652141566585,0.03203765563316125,0.013980144042883932,93
mlp_add97_f0.3_wd1.0_softmax_ce_s1,mlp,24,0.03454139653523222,0.03051928332827209,0.01521086216592794,95
mlp_add97_f0.3_wd1.0_softmax_ce_s1,mlp,26,0.03029014773089595,0.02626784087458245,0.013441275037825797,96
mlp_add97_f0.3_wd1.0_softmax_ce_s1,mlp,28,0.02965246041024551,0.025964166413604616,0.0144646167409117,96
mlp_add97_f0.3_wd1.0_softmax_ce_s1,mlp,31,0.02965246041024551,0.024901305800182204,0.015826393145828226,96
mlp_add97_f0.3_wd1.0_softmax_ce_s1,mlp,33,0.029865022850462324,0.024445794108715457,0.01664827061673722,97
mlp_add97_f0.3_wd1.0_softmax_ce_s1,mlp,35,0.02965246041024551,0.02323109626480413,0.016931081058966735,97
mlp_add97_f0.3_wd1.0_softmax_ce_s1,mlp,38,0.02858964820916144,0.021257212268448223,0.01652803815216517,97
mlp_add97_f0.3_wd1.0_softmax_ce_s1,mlp,41,0.029439897970028696,0.020498026116003643,0.017770802729761448,97
mlp_add97_f0.3_wd1.0_softmax_ce_s1,mlp,44,0.030927835051546393,0.018979653811114484,0.019558553446952395,97
mlp_add97_f0.3_wd1.0_softmax_ce_s1,mlp,48,0.03624189605696673,0.017916793197692075,0.02520746991076483,97
mlp_add97_f0.3_wd1.0_softmax_ce_s1,mlp,51,0.04113083218195345,0.017764955967203157,0.03033152044039454,97
mlp_add97_f0.3_wd1.0_softmax_ce_s1,mlp,55,0.0528217663938782,0.019131491041603402,0.042294810029400554,97
mlp_add97_f0.3_wd1.0_softmax_ce_s1,mlp,60,0.0683388245297056,0.020498026116003643,0.05809713024817001,97
mlp_add97_f0.3_wd1.0_softmax_ce_s1,mlp,64,0.08173025826336486,0.02171272395991497,0.07168538896273217,97
mlp_add97_f0.3_wd1.0_softmax_ce_s1,mlp,69,0.09448400467637369,0.02140904949893714,0.08462142090571102,97
mlp_add97_f0.3_wd1.0_softmax_ce_s1,mlp,75,0.10128600276331172,0.022016398420892803,0.09152516021584572,97
mlp_add97_f0.3_wd1.0_softmax_ce_s1,mlp,80,0.10383675204591349,0.023686607956270877,0.09412409332697146,97
mlp_add97_f0.3_wd1.0_softmax_ce_s1,mlp,87,0.10362418960569668,0.023079259034315215,0.09393718076061203,97
mlp_add97_f0.3_wd1.0_softmax_ce_s1,mlp,93,0.10298650228504623,0.022168235651381717,0.09332498374110704,97
mlp_add97_f0.3_wd1.0_softmax_ce_s1,mlp,100,0.1025613774046126,0.021560886729426056,0.09290145251820171,97
mlp_add97_f0.3_wd1.0_softmax_ce_s1,mlp,108,0.10213625252417897,0.02095353780747039,0.09247278779256327,97
mlp_add97_f0.3_wd1.0_softmax_ce_s1,mlp,116,0.10128600276331172,0.019738839963559063,0.09161320034007031,97
mlp_add97_f0.3_wd1.0_softmax_ce_s1,mlp,125,0.10128600276331172,0.019738839963559063,0.09161674731073473,97
mlp_add97_f0.3_wd1.0_softmax_ce_s1,mlp,135,0.10086087788287809,0.019131491041603402,0.09119493430207216,97
mlp_add97_f0.3_wd1.0_softmax_ce_s1,mlp,146,0.10064831544266128,0.01882781658062557,0.0909791319552281,97
mlp_add97_f0.3_wd1.0_softmax_ce_s1,mlp,157,0.10064831544266128,0.01882781658062557,0.09097006112615602,97
mlp_add97_f0.3_wd1.0_softmax_ce_s1,mlp,169,0.10064831544266128,0.01882781658062557,0.09097564479293142,97
mlp_add97_f0.3_wd1.0_softmax_ce_s1,mlp,182,0.10043575300244446,0.018524142119647737,0.09076735692412666,97
mlp_add97_f0.3_wd1.0_softmax_ce_s1,mlp,196,0.10043575300244446,0.018524142119647737,0.09076606970283317,97
mlp_add97_f0.3_wd1.0_softmax_ce_s1,mlp,211,0.10043575300244446,0.018524142119647737,0.0907577441996739,97
mlp_add97_f0.3_wd1.0_softmax_ce_s1,mlp,227,0.10107344032309491,0.019435165502581234,0.09139662805741156,97
mlp_add97_f0.3_wd1.0_softmax_ce_s1,mlp,245,0.10107344032309491,0.019435165502581234,0.09140403488457323,97
mlp_add97_f0.3_wd1.0_softmax_ce_s1,mlp,264,0.10043575300244446,0.018524142119647737,0.09075581332553977,97
mlp_add97_f0.3_wd1.0_softmax_ce_s1,mlp,284,0.10043575300244446,0.018524142119647737,0.09075249137235425,97
mlp_add97_f0.3_wd1.0_softmax_ce_s1,mlp,306,0.10064831544266128,0.01882781658062557,0.09095636113266721,97
mlp_add97_f0.3_wd1.0_softmax_ce_s1,mlp,330,0.10086087788287809,0.019131491041603402,0.0911614810251178,97
mlp_add97_f0.3_wd1.0_softmax_ce_s1,mlp,355,0.10107344032309491,0.019435165502581234,0.09138801772839453,97
mlp_add97_f0.3_wd1.0_softmax_ce_s1,mlp,383,0.10149856520352854,0.020042514424536896,0.09182809205189343,97
mlp_add97_f0.3_wd1.0_softmax_ce_s1,mlp,412,0.10149856520352854,0.020042514424536896,0.09182678557544334,97
mlp_add97_f0.3_wd1.0_softmax_ce_s1,mlp,444,0.10171112764374535,0.02034618888551473,0.0920370126631162,97
mlp_add97_f0.3_wd1.0_softmax_ce_s1,mlp,478,0.10086087788287809,0.019131491041603402,0.09117885130323809,97
mlp_add97_f0.3_wd1.0_softmax_ce_s1,mlp,515,0.10107344032309491,0.019435165502581234,0.09138722930456998,97
mlp_add97_f0.3_wd1.0_softmax_ce_s1,mlp,555,0.10171112764374535,0.02034618888551473,0.09203547841435072,97
mlp_add97_f0.3_wd1.0_softmax_ce_s1,mlp,598,0.10086087788287809,0.019131491041603402,0.09116563168958292,97
mlp_add97_f0.3_wd1.0_softmax_ce_s1,mlp,644,0.10107344032309491,0.019435165502581234,0.09139299721567615,97
mlp_add97_f0.3_wd1.0_softmax_ce_s1,mlp,694,0.10149856520352854,0.020042514424536896,0.09180457490066032,97
mlp_add97_f0.3_wd1.0_softmax_ce_s1,mlp,747,0.10107344032309491,0.019435165502581234,0.09137886777822898,97
mlp_add97_f0.3_wd1.0_softmax_ce_s1,mlp,805,0.10213625252417897,0.02095353780747039,0.09245409529136824,97
mlp_add97_f0.3_wd1.0_softmax_ce_s1,mlp,867,0.10319906472526305,0.02247191011235955,0.09352259324073892,97
mlp_add97_f0.3_wd1.0_softmax_ce_s1,mlp,934,0.10277393984482942,0.021864561190403888,0.09309143160994458,97
mlp_add97_f0.3_wd1.0_softmax_ce_s1,mlp,1006,0.10192369008396217,0.02064986334649256,0.09222798483553794,97
mlp_add97_f0.3_wd1.0_softmax_ce_s1,mlp,1083,0.10192369008396217,0.02064986334649256,0.09224597746000204,97
mlp_add97_f0.3_wd1.0_softmax_ce_s1,mlp,1167,0.10192369008396217,0.02064986334649256,0.09223617281183626,97
mlp_add97_f0.3_wd1.0_softmax_ce_s1,mlp,1257,0.10128600276331172,0.019738839963559063,0.09161734884102424,97
mlp_add97_f0.3_wd1.0_softmax_ce_s1,mlp,1354,0.10149856520352854,0.020042514424536896,0.09183107826966422,97
mlp_add97_f0.3_wd1.0_softmax_ce_s1,mlp,1459,0.10192369008396217,0.02064986334649256,0.0922595129158902,97
mlp_add97_f0.3_wd1.0_softmax_ce_s1,mlp,1571,0.10213625252417897,0.02095353780747039,0.09248207158678545,97
mlp_add97_f0.3_wd1.0_softmax_ce_s1,mlp,1692,0.10213625252417897,0.02095353780747039,0.09249272284886055,97
mlp_add97_f0.3_wd1.0_softmax_ce_s1,mlp,1823,0.1023488149643958,0.021257212268448223,0.09270603524992457,97
mlp_add97_f0.3_wd1.0_softmax_ce_s1,mlp,1964,0.1025613774046126,0.021560886729426056,0.09291696644134206,97
mlp_add97_f0.3_wd1.0_softmax_ce_s1,mlp,2115,0.10277393984482942,0.021864561190403888,0.09314440324302908,97
mlp_add97_f0.3_wd1.0_softmax_ce_s1,mlp,2278,0.10341162716547986,0.022775584573337383,0.09379371447912256,97
mlp_add97_f0.3_wd1.0_softmax_ce_s1,mlp,2454,0.10319906472526305,0.02247191011235955,0.09358214194355197,97
mlp_add97_f0.3_wd1.0_softmax_ce_s1,mlp,2644,0.10319906472526305,0.02247191011235955,0.09357388383161926,97
mlp_add97_f0.3_wd1.0_softmax_ce_s1,mlp,2848,0.10362418960569668,0.023079259034315215,0.09399593777564275,97
mlp_add97_f0.3_wd1.0_softmax_ce_s1,mlp,3067,0.10383675204591349,0.023382933495293044,0.09420608838570282,97
mlp_add97_f0.3_wd1.0_softmax_ce_s1,mlp,3304,0.10383675204591349,0.023382933495293044,0.09421047317250875,97
mlp_add97_f0.3_wd1.0_softmax_ce_s1,mlp,3559,0.10383675204591349,0.023382933495293044,0.09418943821896007,97
mlp_add97_f0.3_wd1.0_softmax_ce_s1,mlp,3834,0.10319906472526305,0.02247191011235955,0.09355604248461083,97
mlp_add97_f0.3_wd1.0_softmax_ce_s1,mlp,4130,0.10319906472526305,0.02247191011235955,0.09355914717783691,97
mlp_add97_f0.3_wd1.0_softmax_ce_s1,mlp,4448,0.10213625252417897,0.02095353780747039,0.09246943065949846,97
mlp_add97_f0.3_wd1.0_softmax_ce_s1,mlp,4791,0.10171112764374535,0.02034618888551473,0.09207178066728593,97
mlp_add97_f0.3_wd1.0_softmax_ce_s1,mlp,5161,0.10086087788287809,0.019131491041603402,0.09121753254759865,97
mlp_add97_f0.3_wd1.0_softmax_ce_s1,mlp,5560,0.10043575300244446,0.018524142119647737,0.09077348155616068,97
mlp_add97_f0.3_wd1.0_softmax_ce_s1,mlp,5989,0.10064831544266128,0.01882781658062557,0.09099561258643904,97
mlp_add97_f0.3_wd1.0_softmax_ce_s1,mlp,6451,0.10107344032309491,0.019435165502581234,0.09142364060887534,97
mlp_add97_f0.3_wd1.0_softmax_ce_s1,mlp,6949,0.10277393984482942,0.02171272395991497,0.09315452885928954,97
mlp_add97_f0.3_wd1.0_softmax_ce_s1,mlp,7485,0.10298650228504623,0.022016398420892803,0.0933596403632217,97
mlp_add97_f0.3_wd1.0_softmax_ce_s1,mlp,8062,0.10489956424699756,0.024142119647737624,0.09530453329816356,97
mlp_add97_f0.3_wd1.0_softmax_ce_s1,mlp,8685,0.10723775108938251,0.026723352566049196,0.0976798784083347,97
mlp_add97_f0.3_wd1.0_softmax_ce_s1,mlp,9355,0.11233924965458604,0.032493167324628,0.10280856289793593,97
mlp_add97_f0.3_wd1.0_softmax_ce_s1,mlp,10077,0.12232968434477628,0.042514424536896446,0.11284609947657369,97
mlp_add97_f0.3_wd1.0_softmax_ce_s1,mlp,10854,0.15145073865447975,0.07121166109930155,0.14229834925317922,97
mlp_add97_f0.3_wd1.0_softmax_ce_s1,mlp,11692,0.23094909129556807,0.14591557849984815,0.22265054406164983,97
mlp_add97_f0.3_wd1.0_softmax_ce_s1,mlp,12594,0.5404400042512488,0.463862739143638,0.535565606884446,97
mlp_add97_f0.3_wd1.0_softmax_ce_s1,mlp,13566,0.9772558188968009,0.9717582751290617,0.9770187870331158,97
mlp_add97_f0.3_wd1.0_softmax_ce_s1,mlp,14613,1.0,1.0,1.0,97
mlp_add97_f0.3_wd1.0_softmax_ce_s1,mlp,15741,1.0,1.0,1.0,97
mlp_add97_f0.3_wd1.0_softmax_ce_s1,mlp,16955,1.0,1.0,1.0,97
mlp_add97_f0.3_wd1.0_softmax_ce_s1,mlp,18264,1.0,1.0,1.0,97
mlp_add97_f0.3_wd1.0_softmax_ce_s1,mlp,19673,1.0,1.0,1.0,97
mlp_add97_f0.3_wd1.0_softmax_ce_s1,mlp,21192,1.0,1.0,1.0,97
mlp_add97_f0.3_wd1.0_softmax_ce_s1,mlp,22827,1.0,1.0,1.0,97
mlp_add97_f0.3_wd1.0_softmax_ce_s1,mlp,24589,1.0,1.0,1.0,97
mlp_add97_f0.3_wd1.0_softmax_ce_s1,mlp,26486,1.0,1.0,1.0,97
mlp_add97_f0.3_wd1.0_softmax_ce_s1,mlp,28530,1.0,1.0,1.0,97
mlp_add97_f0.3_wd1.0_softmax_ce_s1,mlp,30732,1.0,1.0,1.0,97
mlp_add97_f0.3_wd1.0_softmax_ce_s1,mlp,33103,1.0,1.0,1.0,97
mlp_add97_f0.3_wd1.0_softmax_ce_s1,mlp,35658,1.0,1.0,1.0,97
mlp_add97_f0.3_wd1.0_softmax_ce_s1,mlp,38410,1.0,1.0,1.0,97
mlp_add97_f0.3_wd1.0_softmax_ce_s1,mlp,41374,1.0,1.0,1.0,97
mlp_add97_f0.3_wd1.0_softmax_ce_s1,mlp,44567,1.0,1.0,1.0,97
mlp_add97_f0.3_wd1.0_softmax_ce_s1,mlp,48006,1.0,1.0,1.0,97
mlp_add97_f0.3_wd1.0_softmax_ce_s1,mlp,51711,1.0,1.0,1.0,97
mlp_add97_f0.3_wd1.0_softmax_ce_s1,mlp,55701,1.0,1.0,1.0,97
mlp_add97_f0.3_wd1.0_softmax_ce_s1,mlp,60000,1.0,1.0,1.0,97
mlp_add97_f0.3_wd1.0_softmax_ce_s2,mlp,0,0.4722074609416516,0.4684178560583055,0.02609111758534262,46
mlp_add97_f0.3_wd1.0_softmax_ce_s2,mlp,1,0.18907429057285577,0.18903735195870028,0.01392965542279517,60
mlp_add97_f0.3_wd1.0_softmax_ce_s2,mlp,2,0.06472526304601976,0.06453082295778925,0.007009882385900071,66
mlp_add97_f0.3_wd1.0_softmax_ce_s2,mlp,3,0.05409714103517908,0.054661402976009715,0.00850327603197943,67
mlp_add97_f0.3_wd1.0_softmax_ce_s2,mlp,4,0.06344988840471888,0.06468266018827816,0.011401254862503958,66
mlp_add97_f0.3_wd1.0_softmax_ce_s2,mlp,5,0.0698267616112233,0.06999696325539022,0.011840883803935763,63
mlp_add97_f0.3_wd1.0_softmax_ce_s2,mlp,6,0.0823679455840153,0.0821439416945035,0.01646809535345669,62
mlp_add97_f0.3_wd1.0_softmax_ce_s2,mlp,7,0.09087044319268785,0.08958396598846037,0.01500718949932172,57
mlp_add97_f0.3_wd1.0_softmax_ce_s2,mlp,8,0.09533425443724095,0.09474643182508351,0.011163550930157634,53
mlp_add97_f0.3_wd1.0_softmax_ce_s2,mlp,9,0.10511212668721437,0.10567871242028545,0.014806250660329376,50
mlp_add97_f0.3_wd1.0_softmax_ce_s2,mlp,10,0.10660006376873206,0.1061342241117522,0.016532787291302465,50
mlp_add97_f0.3_wd1.0_softmax_ce_s2,mlp,11,0.1040493144861303,0.1041603401153963,0.016266785491733243,49
mlp_add97_f0.3_wd1.0_softmax_ce_s2,mlp,12,0.09533425443724095,0.09520194351655026,0.015468071008768515,53
mlp_add97_f0.3_wd1.0_softmax_ce_s2,mlp,13,0.08916994367095334,0.09034315214090495,0.016338093500271253,56
mlp_add97_f0.3_wd1.0_softmax_ce_s2,mlp,15,0.0776915718992454,0.07607045247494686,0.018760919941253014,63
mlp_add97_f0.3_wd1.0_softmax_ce_s2,mlp,16,0.06940163673078967,0.06938961433343456,0.016948512643262536,71
mlp_add97_f0.3_wd1.0_softmax_ce_s2,mlp,17,0.06430013816558613,0.06377163680534467,0.01885046906637403,72
mlp_add97_f0.3_wd1.0_softmax_ce_s2,mlp,18,0.0528217663938782,0.052383844518675976,0.013640144038897208,76
mlp_add97_f0.3_wd1.0_softmax_ce_s2,mlp,20,0.04410670634498884,0.043273610689341026,0.015010746421353345,86
mlp_add97_f0.3_wd1.0_softmax_ce_s2,mlp,21,0.040705707301519824,0.04038870331005162,0.0152854387051793,92
mlp_add97_f0.3_wd1.0_softmax_ce_s2,mlp,23,0.03347858433414816,0.032493167324628,0.013524529533260323,94
mlp_add97_f0.3_wd1.0_softmax_ce_s2,mlp,24,0.03135295993198002,0.030215608867294262,0.01288588170174087,94
mlp_add97_f0.3_wd1.0_softmax_ce_s2,mlp,26,0.03071527261132958,0.028545399331916185,0.014644475422975608,94
mlp_add97_f0.3_wd1.0_softmax_ce_s2,mlp,28,0.028377085768944627,0.026571515335560278,0.013652241412101676,95
mlp_add97_f0.3_wd1.0_softmax_ce_s2,mlp,31,0.028164523328727813,0.025660491952626784,0.014502328916304737,97
mlp_add97_f0.3_wd1.0_softmax_ce_s2,mlp,33,0.028377085768944627,0.02474946856969329,0.015282528382451704,97
mlp_add97_f0.3_wd1.0_softmax_ce_s2,mlp,35,0.026464023806993305,0.02171272395991497,0.013836517250758767,97
mlp_add97_f0.3_wd1.0_softmax_ce_s2,mlp,38,0.02561377404612605,0.01958700273307015,0.013511581139612353,97
mlp_add97_f0.3_wd1.0_softmax_ce_s2,mlp,41,0.028164523328727813,0.020498026116003643,0.016479532035923665,97
mlp_add97_f0.3_wd1.0_softmax_ce_s2,mlp,44,0.029014773089595068,0.017916793197692075,0.017630905902752014,97
mlp_add97_f0.3_wd1.0_softmax_ce_s2,mlp,48,0.03454139653523222,0.017916793197692075,0.02349247658989743,97
mlp_add97_f0.3_wd1.0_softmax_ce_s2,mlp,51,0.040280582421086196,0.01806863042818099,0.029449477318801105,97
mlp_add97_f0.3_wd1.0_softmax_ce_s2,mlp,55,0.048357955149325116,0.017764955967203157,0.037776398541884054,97
mlp_add97_f0.3_wd1.0_softmax_ce_s2,mlp,60,0.06600063768732065,0.01958700273307015,0.05572873237642886,97
mlp_add97_f0.3_wd1.0_softmax_ce_s2,mlp,64,0.08109257094271442,0.018372304889158822,0.07106238712609818,97
mlp_add97_f0.3_wd1.0_softmax_ce_s2,mlp,69,0.09278350515463918,0.017157607045247495,0.0829402446603327,97
mlp_add97_f0.3_wd1.0_softmax_ce_s2,mlp,75,0.10362418960569668,0.018220467658669907,0.0938839411521023,97
mlp_add97_f0.3_wd1.0_softmax_ce_s2,mlp,80,0.10489956424699756,0.018220467658669907,0.09513581333204468,97
mlp_add97_f0.3_wd1.0_softmax_ce_s2,mlp,87,0.10532468912743119,0.018524142119647737,0.09558242989353113,97
mlp_add97_f0.3_wd1.0_softmax_ce_s2,mlp,93,0.1057498140078648,0.019131491041603402,0.09600658926918439,97
mlp_add97_f0.3_wd1.0_softmax_ce_s2,mlp,100,0.10596237644808162,0.019435165502581234,0.09623766983458748,97
mlp_add97_f0.3_wd1.0_softmax_ce_s2,mlp,108,0.10660006376873206,0.02034618888551473,0.09691170320884093,97
mlp_add97_f0.3_wd1.0_softmax_ce_s2,mlp,116,0.10638750132851525,0.020042514424536896,0.09670077562758166,97
mlp_add97_f0.3_wd1.0_softmax_ce_s2,mlp,125,0.10617493888829843,0.019738839963559063,0.09647381797405502,97
mlp_add97_f0.3_wd1.0_softmax_ce_s2,mlp,135,0.10638750132851525,0.020042514424536896,0.09668676899917057,97
mlp_add97_f0.3_wd1.0_softmax_ce_s2,mlp,146,0.10638750132851525,0.020042514424536896,0.09668518059120647,97
mlp_add97_f0.3_wd1.0_softmax_ce_s2,mlp,157,0.10638750132851525,0.020042514424536896,0.09669361765525578,97
mlp_add97_f0.3_wd1.0_softmax_ce_s2,mlp,169,0.10660006376873206,0.02034618888551473,0.09691324995159266,97
mlp_add97_f0.3_wd1.0_softmax_ce_s2,mlp,182,0.10617493888829843,0.019738839963559063,0.09648559952485894,97
mlp_add97_f0.3_wd1.0_softmax_ce_s2,mlp,196,0.10660006376873206,0.02034618888551473,0.09690846534352635,97
mlp_add97_f0.3_wd1.0_softmax_ce_s2,mlp,211,0.10617493888829843,0.019738839963559063,0.09647390050787888,97
mlp_add97_f0.3_wd1.0_softmax_ce_s2,mlp,227,0.1057498140078648,0.019131491041603402,0.09604430608112687,97
mlp_add97_f0.3_wd1.0_softmax_ce_s2,mlp,245,0.105537251567648,0.01882781658062557,0.09582192065499524,97
mlp_add97_f0.3_wd1.0_softmax_ce_s2,mlp,264,0.10596237644808162,0.019435165502581234,0.0962512503140058,97
mlp_add97_f0.3_wd1.0_softmax_ce_s2,mlp,284,0.10702518864916569,0.02095353780747039,0.09732601917101592,97
mlp_add97_f0.3_wd1.0_softmax_ce_s2,mlp,306,0.10723775108938251,0.021257212268448223,0.0975254125711158,97
mlp_add97_f0.3_wd1.0_softmax_ce_s2,mlp,330,0.10681262620894888,0.02064986334649256,0.09709712676936372,97
mlp_add97_f0.3_wd1.0_softmax_ce_s2,mlp,355,0.10723775108938251,0.021257212268448223,0.09754010723519446,97
mlp_add97_f0.3_wd1.0_softmax_ce_s2,mlp,383,0.10702518864916569,0.02095353780747039,0.09733257442713567,97
mlp_add97_f0.3_wd1.0_softmax_ce_s2,mlp,412,0.10681262620894888,0.02064986334649256,0.09713005524534096,97
mlp_add97_f0.3_wd1.0_softmax_ce_s2,mlp,444,0.10681262620894888,0.02064986334649256,0.09712778723697629,97
mlp_add97_f0.3_wd1.0_softmax_ce_s2,mlp,478,0.10638750132851525,0.020042514424536896,0.09668592322419671,97
mlp_add97_f0.3_wd1.0_softmax_ce_s2,mlp,515,0.1057498140078648,0.019131491041603402,0.09603375725152825,97
mlp_add97_f0.3_wd1.0_softmax_ce_s2,mlp,555,0.1057498140078648,0.019131491041603402,0.09603326180142346,97
mlp_add97_f0.3_wd1.0_softmax_ce_s2,mlp,598,0.10596237644808162,0.019435165502581234,0.09623125095531242,97
mlp_add97_f0.3_wd1.0_softmax_ce_s2,mlp,644,0.105537251567648,0.01882781658062557,0.09580575258145241,97
mlp_add97_f0.3_wd1.0_softmax_ce_s2,mlp,694,0.10617493888829843,0.019738839963559063,0.09647043407429443,97
mlp_add97_f0.3_wd1.0_softmax_ce_s2,mlp,747,0.10766287596981614,0.02171272395991497,0.09797102420996268,97
mlp_add97_f0.3_wd1.0_softmax_ce_s2,mlp,805,0.10787543841003294,0.022016398420892803,0.09818305328101291,97
mlp_add97_f0.3_wd1.0_softmax_ce_s2,mlp,867,0.10851312573068339,0.022927421803826297,0.09884584039053491,97
mlp_add97_f0.3_wd1.0_softmax_ce_s2,mlp,934,0.10808800085024976,0.022320072881870635,0.09842314680711355,97
mlp_add97_f0.3_wd1.0_softmax_ce_s2,mlp,1006,0.10702518864916569,0.02095353780747039,0.09736351477531636,97
mlp_add97_f0.3_wd1.0_softmax_ce_s2,mlp,1083,0.10702518864916569,0.02095353780747039,0.09737243987797387,97
mlp_add97_f0.3_wd1.0_softmax_ce_s2,mlp,1167,0.10787543841003294,0.022168235651381717,0.0982318393597628,97
mlp_add97_f0.3_wd1.0_softmax_ce_s2,mlp,1257,0.10851312573068339,0.023079259034315215,0.09887152237015104,97
mlp_add97_f0.3_wd1.0_softmax_ce_s2,mlp,1354,0.10915081305133383,0.02399028241724871,0.09951431740054935,97
mlp_add97_f0.3_wd1.0_softmax_ce_s2,mlp,1459,0.10936337549155065,0.024293956878226542,0.09974295307446415,97
mlp_add97_f0.3_wd1.0_softmax_ce_s2,mlp,1571,0.11000106281220108,0.025204980261160036,0.10038220784942123,97
mlp_add97_f0.3_wd1.0_softmax_ce_s2,mlp,1692,0.11000106281220108,0.025053143030671122,0.10038522770045138,97
mlp_add97_f0.3_wd1.0_softmax_ce_s2,mlp,1823,0.10978850037198427,0.02474946856969329,0.10016492340317029,97
mlp_add97_f0.3_wd1.0_softmax_ce_s2,mlp,1964,0.10978850037198427,0.02474946856969329,0.10017509469195933,97
mlp_add97_f0.3_wd1.0_softmax_ce_s2,mlp,2115,0.10936337549155065,0.024142119647737624,0.09973113221334776,97
mlp_add97_f0.3_wd1.0_softmax_ce_s2,mlp,2278,0.10978850037198427,0.02474946856969329,0.10016381379411894,97
mlp_add97_f0.3_wd1.0_softmax_ce_s2,mlp,2454,0.11000106281220108,0.025204980261160036,0.10037304545623736,97
mlp_add97_f0.3_wd1.0_softmax_ce_s2,mlp,2644,0.10936337549155065,0.024293956878226542,0.09972835683574022,97
mlp_add97_f0.3_wd1.0_softmax_ce_s2,mlp,2848,0.10915081305133383,0.02399028241724871,0.09953418109568225,97
mlp_add97_f0.3_wd1.0_softmax_ce_s2,mlp,3067,0.10915081305133383,0.02399028241724871,0.09952723095833985,97
mlp_add97_f0.3_wd1.0_softmax_ce_s2,mlp,3304,0.10936337549155065,0.024142119647737624,0.099753252389083,97
mlp_add97_f0.3_wd1.0_softmax_ce_s2,mlp,3559,0.10936337549155065,0.024142119647737624,0.09975966621444236,97
mlp_add97_f0.3_wd1.0_softmax_ce_s2,mlp,3834,0.10957593793176745,0.024445794108715457,0.09997123236458087,97
mlp_add97_f0.3_wd1.0_softmax_ce_s2,mlp,4130,0.10957593793176745,0.024293956878226542,0.09997871331414836,97
mlp_add97_f0.3_wd1.0_softmax_ce_s2,mlp,4448,0.10957593793176745,0.024445794108715457,0.09998808487768664,97
mlp_add97_f0.3_wd1.0_softmax_ce_s2,mlp,4791,0.10978850037198427,0.02474946856969329,0.10020981917764227,97
mlp_add97_f0.3_wd1.0_softmax_ce_s2,mlp,5161,0.10915081305133383,0.023686607956270877,0.09957236381212961,97
mlp_add97_f0.3_wd1.0_softmax_ce_s2,mlp,5560,0.11000106281220108,0.02474946856969329,0.10041901988868211,97
mlp_add97_f0.3_wd1.0_softmax_ce_s2,mlp,5989,0.11127643745350196,0.026419678105071363,0.10170324374424992,97
mlp_add97_f0.3_wd1.0_softmax_ce_s2,mlp,6451,0.11085131257306834,0.025964166413604616,0.10128404672281605,97
mlp_add97_f0.3_wd1.0_softmax_ce_s2,mlp,6949,0.1131894994154533,0.029000911023382935,0.10365240709347312,97
mlp_add97_f0.3_wd1.0_softmax_ce_s2,mlp,7485,0.11574024869805505,0.03234133009413908,0.10622238373868675,97
mlp_add97_f0.3_wd1.0_softmax_ce_s2,mlp,8062,0.11552768625783824,0.0315821439416945,0.10599493778042378,97
mlp_add97_f0.3_wd1.0_softmax_ce_s2,mlp,8685,0.12041662238282495,0.03704828423929547,0.11091409183339768,97
mlp_add97_f0.3_wd1.0_softmax_ce_s2,mlp,9355,0.13550855563821873,0.05192833282720923,0.12617439773210554,97
mlp_add97_f0.3_wd1.0_softmax_ce_s2,mlp,10077,0.17610798171963013,0.09125417552383845,0.16718385100560354,97
mlp_add97_f0.3_wd1.0_softmax_ce_s2,mlp,10854,0.301732383887767,0.2092317036137261,0.2942029518985771,97
mlp_add97_f0.3_wd1.0_softmax_ce_s2,mlp,11692,0.688596025082368,0.628150622532645,0.6853145647815473,97
mlp_add97_f0.3_wd1.0_softmax_ce_s2,mlp,12594,0.9961738760760973,0.9952930458548436,0.9961340169121522,97
mlp_add97_f0.3_wd1.0_softmax_ce_s2,mlp,13566,1.0,1.0,1.0,97
mlp_add97_f0.3_wd1.0_softmax_ce_s2,mlp,14613,1.0,1.0,1.0,97
mlp_add97_f0.3_wd1.0_softmax_ce_s2,mlp,15741,1.0,1.0,1.0,97
mlp_add97_f0.3_wd1.0_softmax_ce_s2,mlp,16955,1.0,1.0,1.0,97
mlp_add97_f0.3_wd1.0_softmax_ce_s2,mlp,18264,1.0,1.0,1.0,97
mlp_add97_f0.3_wd1.0_softmax_ce_s2,mlp,19673,1.0,1.0,1.0,97
mlp_add97_f0.3_wd1.0_softmax_ce_s2,mlp,21192,1.0,1.0,1.0,97
mlp_add97_f0.3_wd1.0_softmax_ce_s2,mlp,22827,1.0,1.0,1.0,97
mlp_add97_f0.3_wd1.0_softmax_ce_s2,mlp,24589,1.0,1.0,1.0,97
mlp_add97_f0.3_wd1.0_softmax_ce_s2,mlp,26486,1.0,1.0,1.0,97
mlp_add97_f0.3_wd1.0_softmax_ce_s2,mlp,28530,1.0,1.0,1.0,97
mlp_add97_f0.3_wd1.0_softmax_ce_s2,mlp,30732,1.0,1.0,1.0,97
mlp_add97_f0.3_wd1.0_softmax_ce_s2,mlp,33103,1.0,1.0,1.0,97
mlp_add97_f0.3_wd1.0_softmax_ce_s2,mlp,35658,1.0,1.0,1.0,97
mlp_add97_f0.3_wd1.0_softmax_ce_s2,mlp,38410,1.0,1.0,1.0,97
mlp_add97_f0.3_wd1.0_softmax_ce_s2,mlp,41374,1.0,1.0,1.0,97
mlp_add97_f0.3_wd1.0_softmax_ce_s2,mlp,44567,1.0,1.0,1.0,97
mlp_add97_f0.3_wd1.0_softmax_ce_s2,mlp,48006,1.0,1.0,1.0,97
mlp_add97_f0.3_wd1.0_softmax_ce_s2,mlp,51711,1.0,1.0,1.0,97
mlp_add97_f0.3_wd1.0_softmax_ce_s2,mlp,55701,1.0,1.0,1.0,97
mlp_add97_f0.3_wd1.0_softmax_ce_s2,mlp,60000,1.0,1.0,1.0,97
mlp_add97_f0.3_wd1.0_softmax_ce_s3,mlp,0,0.15633967477946648,0.15335560279380503,0.009952511056084858,70
mlp_add97_f0.3_wd1.0_softmax_ce_s3,mlp,1,0.07237751089382506,0.06938961433343456,0.005843342218489503,76
mlp_add97_f0.3_wd1.0_softmax_ce_s3,mlp,2,0.07386544797534275,0.07500759186152445,0.005440851818836906,75
mlp_add97_f0.3_wd1.0_softmax_ce_s3,mlp,3,0.08449356998618344,0.08275129061645915,0.004005330380094337,66
mlp_add97_f0.3_wd1.0_softmax_ce_s3,mlp,4,0.09023275587203741,0.09140601275432736,0.003900740621278901,57
mlp_add97_f0.3_wd1.0_softmax_ce_s3,mlp,5,0.09490912955680732,0.09413908290312785,0.008941451548027984,53
mlp_add97_f0.3_wd1.0_softmax_ce_s3,mlp,6,0.09533425443724095,0.09444275736410568,0.00976726106869911,52
mlp_add97_f0.3_wd1.0_softmax_ce_s3,mlp,7,0.09682219151875864,0.09489826905557243,0.013677151728878185,49
mlp_add97_f0.3_wd1.0_softmax_ce_s3,mlp,8,0.09660962907854183,0.0936835712116611,0.013564002208391117,49
mlp_add97_f0.3_wd1.0_softmax_ce_s3,mlp,9,0.10149856520352854,0.09672031582143942,0.017529698957826887,52
mlp_add97_f0.3_wd1.0_softmax_ce_s3,mlp,10,0.10808800085024976,0.1032493167324628,0.023168066081465596,53
mlp_add97_f0.3_wd1.0_softmax_ce_s3,mlp,11,0.10978850037198427,0.10567871242028545,0.027110352307502805,55
mlp_add97_f0.3_wd1.0_softmax_ce_s3,mlp,12,0.10617493888829843,0.1003644093531734,0.025560391171367675,58
mlp_add97_f0.3_wd1.0_softmax_ce_s3,mlp,13,0.1025613774046126,0.09702399028241725,0.027291391753166756,62
mlp_add97_f0.3_wd1.0_softmax_ce_s3,mlp,15,0.08513125730683388,0.07728515031885819,0.02652675749152431,68
mlp_add97_f0.3_wd1.0_softmax_ce_s3,mlp,16,0.071314698692741,0.06255693896143334,0.021094212457254947,73
mlp_add97_f0.3_wd1.0_softmax_ce_s3,mlp,17,0.060048889361249864,0.052383844518675976,0.01695869546911563,78
mlp_add97_f0.3_wd1.0_softmax_ce_s3,mlp,18,0.0513338293123605,0.046006680838141516,0.014066498745758545,82
mlp_add97_f0.3_wd1.0_softmax_ce_s3,mlp,20,0.04155595706238708,0.03841481931369572,0.013104221890722806,87
mlp_add97_f0.3_wd1.0_softmax_ce_s3,mlp,21,0.036879583377617174,0.034163376860006076,0.011334426228747849,88
mlp_add97_f0.3_wd1.0_softmax_ce_s3,mlp,23,0.03177808481241365,0.028697236562405103,0.010359544930670206,93
mlp_add97_f0.3_wd1.0_softmax_ce_s3,mlp,24,0.03029014773089595,0.02702702702702703,0.010390199519865667,93
mlp_add97_f0.3_wd1.0_softmax_ce_s3,mlp,26,0.02731427356786056,0.02474946856969329,0.009309237551215002,93
mlp_add97_f0.3_wd1.0_softmax_ce_s3,mlp,28,0.02561377404612605,0.022927421803826297,0.008852087357900752,94
mlp_add97_f0.3_wd1.0_softmax_ce_s3,mlp,31,0.024976086725475608,0.022775584573337383,0.01002846870881458,95
mlp_add97_f0.3_wd1.0_softmax_ce_s3,mlp,33,0.02455096184504198,0.021864561190403888,0.010559910530835435,95
mlp_add97_f0.3_wd1.0_softmax_ce_s3,mlp,35,0.02455096184504198,0.020498026116003643,0.011148366995199851,96
mlp_add97_f0.3_wd1.0_softmax_ce_s3,mlp,38,0.02561377404612605,0.018675979350136655,0.012997284000012634,96
mlp_add97_f0.3_wd1.0_softmax_ce_s3,mlp,41,0.027951960888511,0.018979653811114484,0.01591781523903356,96
mlp_add97_f0.3_wd1.0_softmax_ce_s3,mlp,44,0.028377085768944627,0.016702095353780748,0.016744915945866596,96
mlp_add97_f0.3_wd1.0_softmax_ce_s3,mlp,48,0.03517908385588266,0.01730944427573641,0.024007868552088554,97
mlp_add97_f0.3_wd1.0_softmax_ce_s3,mlp,51,0.04176851950260389,0.01700576981475858,0.030860106225761092,97
mlp_add97_f0.3_wd1.0_softmax_ce_s3,mlp,55,0.05112126687214369,0.017157607045247495,0.04055321007384755,97
mlp_add97_f0.3_wd1.0_softmax_ce_s3,mlp,60,0.06770113720905516,0.016702095353780748,0.057450559969902636,97
mlp_add97_f0.3_wd1.0_softmax_ce_s3,mlp,64,0.07811669677967903,0.016702095353780748,0.06804681504089573,97
mlp_add97_f0.3_wd1.0_softmax_ce_s3,mlp,69,0.09384631735572324,0.016398420892802915,0.0839885238698574,97
mlp_add97_f0.3_wd1.0_softmax_ce_s3,mlp,75,0.10128600276331172,0.01700576981475858,0.09151933037810081,97
mlp_add97_f0.3_wd1.0_softmax_ce_s3,mlp,80,0.10468700180678074,0.018524142119647737,0.09497789529279992,97
mlp_add97_f0.3_wd1.0_softmax_ce_s3,mlp,87,0.1040493144861303,0.017461281506225328,0.09436394256843549,97
mlp_add97_f0.3_wd1.0_softmax_ce_s3,mlp,93,0.10426187692634711,0.017764955967203157,0.09458192488520747,97
mlp_add97_f0.3_wd1.0_softmax_ce_s3,mlp,100,0.10447443936656393,0.01806863042818099,0.09479616429455932,97
mlp_add97_f0.3_wd1.0_softmax_ce_s3,mlp,108,0.10468700180678074,0.018372304889158822,0.09501668640216644,97
mlp_add97_f0.3_wd1.0_softmax_ce_s3,mlp,116,0.10426187692634711,0.017764955967203157,0.09460228999625642,97
mlp_add97_f0.3_wd1.0_softmax_ce_s3,mlp,125,0.1040493144861303,0.017461281506225328,0.09439612067790312,97
mlp_add97_f0.3_wd1.0_softmax_ce_s3,mlp,135,0.10489956424699756,0.018675979350136655,0.0952537131858315,97
mlp_add97_f0.3_wd1.0_softmax_ce_s3,mlp,146,0.10468700180678074,0.018372304889158822,0.09503710361512176,97
mlp_add97_f0.3_wd1.0_softmax_ce_s3,mlp,157,0.10468700180678074,0.018372304889158822,0.0950394800527247,97
mlp_add97_f0.3_wd1.0_softmax_ce_s3,mlp,169,0.1040493144861303,0.017461281506225328,0.0943968858107705,97
mlp_add97_f0.3_wd1.0_softmax_ce_s3,mlp,182,0.1040493144861303,0.017461281506225328,0.09439595524359966,97
mlp_add97_f0.3_wd1.0_softmax_ce_s3,mlp,196,0.1040493144861303,0.017461281506225328,0.09438834520030061,97
mlp_add97_f0.3_wd1.0_softmax_ce_s3,mlp,211,0.10426187692634711,0.017764955967203157,0.09460028453867757,97
mlp_add97_f0.3_wd1.0_softmax_ce_s3,mlp,227,0.10489956424699756,0.018675979350136655,0.09524549053349994,97
mlp_add97_f0.3_wd1.0_softmax_ce_s3,mlp,245,0.10511212668721437,0.018979653811114484,0.09546966096299318,97
mlp_add97_f0.3_wd1.0_softmax_ce_s3,mlp,264,0.1057498140078648,0.01989067719404798,0.09611287779293656,97
mlp_add97_f0.3_wd1.0_softmax_ce_s3,mlp,284,0.105537251567648,0.01958700273307015,0.09589404015247995,97
mlp_add97_f0.3_wd1.0_softmax_ce_s3,mlp,306,0.10596237644808162,0.02019435165502581,0.09630977792299003,97
mlp_add97_f0.3_wd1.0_softmax_ce_s3,mlp,330,0.10617493888829843,0.020498026116003643,0.09652176758530276,97
mlp_add97_f0.3_wd1.0_softmax_ce_s3,mlp,355,0.10596237644808162,0.02019435165502581,0.09631328603672552,97
mlp_add97_f0.3_wd1.0_softmax_ce_s3,mlp,383,0.10617493888829843,0.020498026116003643,0.0965298549699239,97
mlp_add97_f0.3_wd1.0_softmax_ce_s3,mlp,412,0.1057498140078648,0.01989067719404798,0.09610747004665918,97
mlp_add97_f0.3_wd1.0_softmax_ce_s3,mlp,444,0.105537251567648,0.01958700273307015,0.09587601651822128,97
mlp_add97_f0.3_wd1.0_softmax_ce_s3,mlp,478,0.10596237644808162,0.02019435165502581,0.09630354579494749,97
mlp_add97_f0.3_wd1.0_softmax_ce_s3,mlp,515,0.105537251567648,0.01958700273307015,0.0958795056856409,97
mlp_add97_f0.3_wd1.0_softmax_ce_s3,mlp,555,0.10532468912743119,0.019435165502581234,0.09566755990541641,97
mlp_add97_f0.3_wd1.0_softmax_ce_s3,mlp,598,0.10447443936656393,0.018220467658669907,0.09481896364201758,97
mlp_add97_f0.3_wd1.0_softmax_ce_s3,mlp,644,0.10489956424699756,0.01882781658062557,0.09525185380516557,97
mlp_add97_f0.3_wd1.0_softmax_ce_s3,mlp,694,0.105537251567648,0.019738839963559063,0.0958966001522128,97
mlp_add97_f0.3_wd1.0_softmax_ce_s3,mlp,747,0.10511212668721437,0.019131491041603402,0.09547682811714844,97
mlp_add97_f0.3_wd1.0_softmax_ce_s3,mlp,805,0.1057498140078648,0.020042514424536896,0.09610540600430065,97
mlp_add97_f0.3_wd1.0_softmax_ce_s3,mlp,867,0.10489956424699756,0.01882781658062557,0.09524889944016651,97
mlp_add97_f0.3_wd1.0_softmax_ce_s3,mlp,934,0.10489956424699756,0.01882781658062557,0.09525993172564788,97
mlp_add97_f0.3_wd1.0_softmax_ce_s3,mlp,1006,0.10532468912743119,0.019435165502581234,0.0956832334807148,97
mlp_add97_f0.3_wd1.0_softmax_ce_s3,mlp,1083,0.10596237644808162,0.02034618888551473,0.09632325305830414,97
mlp_add97_f0.3_wd1.0_softmax_ce_s3,mlp,1167,0.10681262620894888,0.021560886729426056,0.09719075116341398,97
mlp_add97_f0.3_wd1.0_softmax_ce_s3,mlp,1257,0.10681262620894888,0.02140904949893714,0.09720095568791043,97
mlp_add97_f0.3_wd1.0_softmax_ce_s3,mlp,1354,0.1057498140078648,0.020042514424536896,0.09611260947117363,97
mlp_add97_f0.3_wd1.0_softmax_ce_s3,mlp,1459,0.1057498140078648,0.020042514424536896,0.09612169104229194,97
mlp_add97_f0.3_wd1.0_softmax_ce_s3,mlp,1571,0.1057498140078648,0.020042514424536896,0.0961298436609172,97
mlp_add97_f0.3_wd1.0_softmax_ce_s3,mlp,1692,0.1057498140078648,0.020042514424536896,0.09611355891669619,97
mlp_add97_f0.3_wd1.0_softmax_ce_s3,mlp,1823,0.10617493888829843,0.02064986334649256,0.0965442757378224,97
mlp_add97_f0.3_wd1.0_softmax_ce_s3,mlp,1964,0.10596237644808162,0.02034618888551473,0.09632568803222881,97
mlp_add97_f0.3_wd1.0_softmax_ce_s3,mlp,2115,0.10617493888829843,0.02064986334649256,0.09654827798664178,97
mlp_add97_f0.3_wd1.0_softmax_ce_s3,mlp,2278,0.10617493888829843,0.02064986334649256,0.09655091862624052,97
mlp_add97_f0.3_wd1.0_softmax_ce_s3,mlp,2454,0.10617493888829843,0.02064986334649256,0.09655459074002389,97
mlp_add97_f0.3_wd1.0_softmax_ce_s3,mlp,2644,0.10660006376873206,0.021257212268448223,0.09697857952722182,97
mlp_add97_f0.3_wd1.0_softmax_ce_s3,mlp,2848,0.10617493888829843,0.020498026116003643,0.09655704567584796,97
mlp_add97_f0.3_wd1.0_softmax_ce_s3,mlp,3067,0.10617493888829843,0.02064986334649256,0.09655525089214519,97
mlp_add97_f0.3_wd1.0_softmax_ce_s3,mlp,3304,0.10745031352959931,0.02247191011235955,0.09784752403976903,97
mlp_add97_f0.3_wd1.0_softmax_ce_s3,mlp,3559,0.10808800085024976,0.023382933495293044,0.09850075910122269,97
mlp_add97_f0.3_wd1.0_softmax_ce_s3,mlp,3834,0.10893825061111702,0.02459763133920437,0.09934369563640809,97
mlp_add97_f0.3_wd1.0_softmax_ce_s3,mlp,4130,0.10936337549155065,0.025053143030671122,0.09977173300353949,97
mlp_add97_f0.3_wd1.0_softmax_ce_s3,mlp,4448,0.10893825061111702,0.024293956878226542,0.099337155546515,97
mlp_add97_f0.3_wd1.0_softmax_ce_s3,mlp,4791,0.10978850037198427,0.02550865472213787,0.10017751932888153,97
mlp_add97_f0.3_wd1.0_softmax_ce_s3,mlp,5161,0.10936337549155065,0.024901305800182204,0.09974870920749147,97
mlp_add97_f0.3_wd1.0_softmax_ce_s3,mlp,5560,0.1102136252524179,0.0258123291831157,0.10060331122410067,97
mlp_add97_f0.3_wd1.0_softmax_ce_s3,mlp,5989,0.11276437453501967,0.028849073792894017,0.10319199321650377,97
mlp_add97_f0.3_wd1.0_softmax_ce_s3,mlp,6451,0.11744074821978956,0.03401153962951716,0.10792220181555524,97
mlp_add97_f0.3_wd1.0_softmax_ce_s3,mlp,6949,0.12743118290997982,0.0449438202247191,0.1180061256005001,97
mlp_add97_f0.3_wd1.0_softmax_ce_s3,mlp,7485,0.14231055372515677,0.058153659277254785,0.13308945106830056,97
mlp_add97_f0.3_wd1.0_softmax_ce_s3,mlp,8062,0.19821447550217877,0.11129668994837534,0.18961795755970956,97
mlp_add97_f0.3_wd1.0_softmax_ce_s3,mlp,8685,0.35763630566478904,0.2645004555116915,0.3507994341356138,97
mlp_add97_f0.3_wd1.0_softmax_ce_s3,mlp,9355,0.8023169305983633,0.7584269662921348,0.8002429171701759,97
mlp_add97_f0.3_wd1.0_softmax_ce_s3,mlp,10077,0.9991497502391328,0.9987853021560886,0.9991408934119587,97
mlp_add97_f0.3_wd1.0_softmax_ce_s3,mlp,10854,1.0,1.0,1.0,97
mlp_add97_f0.3_wd1.0_softmax_ce_s3,mlp,11692,1.0,1.0,1.0,97
mlp_add97_f0.3_wd1.0_softmax_ce_s3,mlp,12594,1.0,1.0,1.0,97
mlp_add97_f0.3_wd1.0_softmax_ce_s3,mlp,13566,1.0,1.0,1.0,97
mlp_add97_f0.3_wd1.0_softmax_ce_s3,mlp,14613,1.0,1.0,1.0,97
mlp_add97_f0.3_wd1.0_softmax_ce_s3,mlp,15741,1.0,1.0,1.0,97
mlp_add97_f0.3_wd1.0_softmax_ce_s3,mlp,16955,1.0,1.0,1.0,97
mlp_add97_f0.3_wd1.0_softmax_ce_s3,mlp,18264,1.0,1.0,1.0,97
mlp_add97_f0.3_wd1.0_softmax_ce_s3,mlp,19673,1.0,1.0,1.0,97
mlp_add97_f0.3_wd1.0_softmax_ce_s3,mlp,21192,1.0,1.0,1.0,97
mlp_add97_f0.3_wd1.0_softmax_ce_s3,mlp,22827,1.0,1.0,1.0,97
mlp_add97_f0.3_wd1.0_softmax_ce_s3,mlp,24589,1.0,1.0,1.0,97
mlp_add97_f0.3_wd1.0_softmax_ce_s3,mlp,26486,1.0,1.0,1.0,97
mlp_add97_f0.3_wd1.0_softmax_ce_s3,mlp,28530,1.0,1.0,1.0,97
mlp_add97_f0.3_wd1.0_softmax_ce_s3,mlp,30732,1.0,1.0,1.0,97
mlp_add97_f0.3_wd1.0_softmax_ce_s3,mlp,33103,1.0,1.0,1.0,97
mlp_add97_f0.3_wd1.0_softmax_ce_s3,mlp,35658,1.0,1.0,1.0,97
mlp_add97_f0.3_wd1.0_softmax_ce_s3,mlp,38410,1.0,1.0,1.0,97
mlp_add97_f0.3_wd1.0_softmax_ce_s3,mlp,41374,1.0,1.0,1.0,97
mlp_add97_f0.3_wd1.0_softmax_ce_s3,mlp,44567,1.0,1.0,1.0,97
mlp_add97_f0.3_wd1.0_softmax_ce_s3,mlp,48006,1.0,1.0,1.0,97
mlp_add97_f0.3_wd1.0_softmax_ce_s3,mlp,51711,1.0,1.0,1.0,97
mlp_add97_f0.3_wd1.0_softmax_ce_s3,mlp,55701,1.0,1.0,1.0,97
mlp_add97_f0.3_wd1.0_softmax_ce_s3,mlp,60000,1.0,1.0,1.0,97
mlp_add97_f0.3_wd1.0_softmax_ce_s4,mlp,0,0.08746944414921884,0.08624354691770422,-0.0024323967763204457,59
mlp_add97_f0.3_wd1.0_softmax_ce_s4,mlp,1,0.07726644701881177,0.07728515031885819,-0.002984485498244596,64
mlp_add97_f0.3_wd1.0_softmax_ce_s4,mlp,2,0.11361462429588692,0.1156999696325539,0.010954124343734028,63
mlp_add97_f0.3_wd1.0_softmax_ce_s4,mlp,3,0.1427356786055904,0.14637109019131492,0.014376214886963208,62
mlp_add97_f0.3_wd1.0_softmax_ce_s4,mlp,4,0.16866829631204167,0.17233525660491952,0.02208297771763123,57
mlp_add97_f0.3_wd1.0_softmax_ce_s4,mlp,5,0.18078435540440005,0.18326753720012148,0.019000274424541688,47
mlp_add97_f0.3_wd1.0_softmax_ce_s4,mlp,6,0.18248485492613456,0.18478590950501061,0.016444400727255195,46
mlp_add97_f0.3_wd1.0_softmax_ce_s4,mlp,7,0.17929641832288234,0.18144549043425448,0.01910671196592289,42
mlp_add97_f0.3_wd1.0_softmax_ce_s4,mlp,8,0.16675523435009035,0.1683874886122077,0.020062124874323788,42
mlp_add97_f0.3_wd1.0_softmax_ce_s4,mlp,9,0.14996280157296205,0.14940783480109324,0.02069409070547723,41
mlp_add97_f0.3_wd1.0_softmax_ce_s4,mlp,10,0.1350834307577851,0.1339204372912238,0.024217663987258838,44
mlp_add97_f0.3_wd1.0_softmax_ce_s4,mlp,11,0.12147943458390903,0.12025508654722138,0.024306358704195147,44
mlp_add97_f0.3_wd1.0_softmax_ce_s4,mlp,12,0.10787543841003294,0.10719708472517461,0.019773217402701094,46
mlp_add97_f0.3_wd1.0_softmax_ce_s4,mlp,13,0.09512169199702412,0.0945945945945946,0.015679173556204927,49
mlp_add97_f0.3_wd1.0_softmax_ce_s4,mlp,15,0.08002975874163036,0.08092924385059216,0.017076571385096686,59
mlp_add97_f0.3_wd1.0_softmax_ce_s4,mlp,16,0.06812626208948878,0.06878226541147889,0.013773629926881291,66
mlp_add97_f0.3_wd1.0_softmax_ce_s4,mlp,17,0.060048889361249864,0.05952019435165502,0.01323569963550296,72
mlp_add97_f0.3_wd1.0_softmax_ce_s4,mlp,18,0.0513338293123605,0.0507136349832979,0.0108363028949557,77
mlp_add97_f0.3_wd1.0_softmax_ce_s4,mlp,20,0.03836752045913487,0.036440935317339815,0.006853050386936196,82
mlp_add97_f0.3_wd1.0_softmax_ce_s4,mlp,21,0.03517908385588266,0.03325235347707258,0.006904044950796259,89
mlp_add97_f0.3_wd1.0_softmax_ce_s4,mlp,23,0.03029014773089595,0.027482538718493776,0.007097527406977022,93
mlp_add97_f0.3_wd1.0_softmax_ce_s4,mlp,24,0.028802210649378254,0.0258123291831157,0.007765582993781078,93
mlp_add97_f0.3_wd1.0_softmax_ce_s4,mlp,26,0.025401211605909236,0.022775584573337383,0.007417221371082478,94
mlp_add97_f0.3_wd1.0_softmax_ce_s4,mlp,28,0.022850462323307473,0.018979653811114484,0.006542808065242449,96
mlp_add97_f0.3_wd1.0_softmax_ce_s4,mlp,31,0.020724837921139334,0.01655025812329183,0.005893645553044818,97
mlp_add97_f0.3_wd1.0_softmax_ce_s4,mlp,33,0.020299713040705707,0.01700576981475858,0.006308529008033059,97
mlp_add97_f0.3_wd1.0_softmax_ce_s4,mlp,35,0.020937400361356148,0.017157607045247495,0.007656876459780052,97
mlp_add97_f0.3_wd1.0_softmax_ce_s4,mlp,38,0.022425337442873845,0.01806863042818099,0.00998299385991197,97
mlp_add97_f0.3_wd1.0_softmax_ce_s4,mlp,41,0.022850462323307473,0.01700576981475858,0.010887240178567835,97
mlp_add97_f0.3_wd1.0_softmax_ce_s4,mlp,44,0.02455096184504198,0.016094746431825083,0.012967535065815725,97
mlp_add97_f0.3_wd1.0_softmax_ce_s4,mlp,48,0.029227335529811882,0.016398420892802915,0.018018535590412686,97
mlp_add97_f0.3_wd1.0_softmax_ce_s4,mlp,51,0.03624189605696673,0.017613118736714242,0.02531974051909706,97
mlp_add97_f0.3_wd1.0_softmax_ce_s4,mlp,55,0.049633329790626,0.016853932584269662,0.03903329135863808,97
mlp_add97_f0.3_wd1.0_softmax_ce_s4,mlp,60,0.0698267616112233,0.018220467658669907,0.05955782083507199,97
mlp_add97_f0.3_wd1.0_softmax_ce_s4,mlp,64,0.08215538314379849,0.01700576981475858,0.07209655772055115,97
mlp_add97_f0.3_wd1.0_softmax_ce_s4,mlp,69,0.09597194175789138,0.01806863042818099,0.0861187185141951,97
mlp_add97_f0.3_wd1.0_softmax_ce_s4,mlp,75,0.10596237644808162,0.01989067719404798,0.09624282963928138,97
mlp_add97_f0.3_wd1.0_softmax_ce_s4,mlp,80,0.10766287596981614,0.01958700273307015,0.09798972809900866,97
mlp_add97_f0.3_wd1.0_softmax_ce_s4,mlp,87,0.10978850037198427,0.022320072881870635,0.10017382072495018,97
mlp_add97_f0.3_wd1.0_softmax_ce_s4,mlp,93,0.11063875013285153,0.023534770725781962,0.10102746455473244,97
mlp_add97_f0.3_wd1.0_softmax_ce_s4,mlp,100,0.11042618769263471,0.02323109626480413,0.10081720442679286,97
mlp_add97_f0.3_wd1.0_softmax_ce_s4,mlp,108,0.11191412477415241,0.02535681749164895,0.10235530221580136,97
mlp_add97_f0.3_wd1.0_softmax_ce_s4,mlp,116,0.11170156233393559,0.025053143030671122,0.10212607959225964,97
mlp_add97_f0.3_wd1.0_softmax_ce_s4,mlp,125,0.11233924965458604,0.025964166413604616,0.10277566048498363,97
mlp_add97_f0.3_wd1.0_softmax_ce_s4,mlp,135,0.11255181209480285,0.02626784087458245,0.10299166010471658,97
mlp_add97_f0.3_wd1.0_softmax_ce_s4,mlp,146,0.11170156233393559,0.025053143030671122,0.10212999562530486,97
mlp_add97_f0.3_wd1.0_softmax_ce_s4,mlp,157,0.11106387501328516,0.024142119647737624,0.10148857626960195,97
mlp_add97_f0.3_wd1.0_softmax_ce_s4,mlp,169,0.11127643745350196,0.024445794108715457,0.1017013360889755,97
mlp_add97_f0.3_wd1.0_softmax_ce_s4,mlp,182,0.11148899989371878,0.02474946856969329,0.10191752166482217,97
mlp_add97_f0.3_wd1.0_softmax_ce_s4,mlp,196,0.11127643745350196,0.024445794108715457,0.10170108993931765,97
mlp_add97_f0.3_wd1.0_softmax_ce_s4,mlp,211,0.11085131257306834,0.023838445186759795,0.10127288277331303,97
mlp_add97_f0.3_wd1.0_softmax_ce_s4,mlp,227,0.11063875013285153,0.023534770725781962,0.10104296332237124,97
mlp_add97_f0.3_wd1.0_softmax_ce_s4,mlp,245,0.1102136252524179,0.022927421803826297,0.10061485347786189,97
mlp_add97_f0.3_wd1.0_softmax_ce_s4,mlp,264,0.10936337549155065,0.02171272395991497,0.09976188636346615,97
mlp_add97_f0.3_wd1.0_softmax_ce_s4,mlp,284,0.10957593793176745,0.022016398420892803,0.0999724449445219,97
mlp_add97_f0.3_wd1.0_softmax_ce_s4,mlp,306,0.10978850037198427,0.022320072881870635,0.10021164778928897,97
mlp_add97_f0.3_wd1.0_softmax_ce_s4,mlp,330,0.10978850037198427,0.022320072881870635,0.1002009225677443,97
mlp_add97_f0.3_wd1.0_softmax_ce_s4,mlp,355,0.11000106281220108,0.022623747342848468,0.1004016208237151,97
mlp_add97_f0.3_wd1.0_softmax_ce_s4,mlp,383,0.10978850037198427,0.022320072881870635,0.10018653968541037,97
mlp_add97_f0.3_wd1.0_softmax_ce_s4,mlp,412,0.10957593793176745,0.022016398420892803,0.0999717667222457,97
mlp_add97_f0.3_wd1.0_softmax_ce_s4,mlp,444,0.10915081305133383,0.02140904949893714,0.0995553804081032,97
mlp_add97_f0.3_wd1.0_softmax_ce_s4,mlp,478,0.10978850037198427,0.022320072881870635,0.10018775197466571,97
mlp_add97_f0.3_wd1.0_softmax_ce_s4,mlp,515,0.11000106281220108,0.022623747342848468,0.10041222057032777,97
mlp_add97_f0.3_wd1.0_softmax_ce_s4,mlp,555,0.11000106281220108,0.022623747342848468,0.10041437746492457,97
mlp_add97_f0.3_wd1.0_softmax_ce_s4,mlp,598,0.10957593793176745,0.022016398420892803,0.09998091236083681,97
mlp_add97_f0.3_wd1.0_softmax_ce_s4,mlp,644,0.10936337549155065,0.02171272395991497,0.09976852618825367,97
mlp_add97_f0.3_wd1.0_softmax_ce_s4,mlp,694,0.10936337549155065,0.02171272395991497,0.0997732747335253,97
mlp_add97_f0.3_wd1.0_softmax_ce_s4,mlp,747,0.10978850037198427,0.022320072881870635,0.10019777891987222,97
mlp_add97_f0.3_wd1.0_softmax_ce_s4,mlp,805,0.11085131257306834,0.023838445186759795,0.10127070741262964,97
mlp_add97_f0.3_wd1.0_softmax_ce_s4,mlp,867,0.11127643745350196,0.024445794108715457,0.10169774639310411,97
mlp_add97_f0.3_wd1.0_softmax_ce_s4,mlp,934,0.11170156233393559,0.025053143030671122,0.10212175346368604,97
mlp_add97_f0.3_wd1.0_softmax_ce_s4,mlp,1006,0.11170156233393559,0.025053143030671122,0.10211664816828327,97
mlp_add97_f0.3_wd1.0_softmax_ce_s4,mlp,1083,0.11191412477415241,0.02535681749164895,0.10233609581803796,97
mlp_add97_f0.3_wd1.0_softmax_ce_s4,mlp,1167,0.11212668721436922,0.025660491952626784,0.10255244675721448,97
mlp_add97_f0.3_wd1.0_softmax_ce_s4,mlp,1257,0.11127643745350196,0.024445794108715457,0.101684023234121,97
mlp_add97_f0.3_wd1.0_softmax_ce_s4,mlp,1354,0.11085131257306834,0.023838445186759795,0.10127011226494763,97
mlp_add97_f0.3_wd1.0_softmax_ce_s4,mlp,1459,0.11127643745350196,0.024445794108715457,0.101696536146315,97
mlp_add97_f0.3_wd1.0_softmax_ce_s4,mlp,1571,0.11063875013285153,0.023534770725781962,0.10105193388807113,97
mlp_add97_f0.3_wd1.0_softmax_ce_s4,mlp,1692,0.10957593793176745,0.022016398420892803,0.0999670602425348,97
mlp_add97_f0.3_wd1.0_softmax_ce_s4,mlp,1823,0.11000106281220108,0.022623747342848468,0.10039591000397492,97
mlp_add97_f0.3_wd1.0_softmax_ce_s4,mlp,1964,0.1102136252524179,0.022927421803826297,0.10060495426763129,97
mlp_add97_f0.3_wd1.0_softmax_ce_s4,mlp,2115,0.11127643745350196,0.024445794108715457,0.10169733614032063,97
mlp_add97_f0.3_wd1.0_softmax_ce_s4,mlp,2278,0.11127643745350196,0.024445794108715457,0.10171107940458096,97
mlp_add97_f0.3_wd1.0_softmax_ce_s4,mlp,2454,0.11106387501328516,0.024142119647737624,0.10149370555942183,97
mlp_add97_f0.3_wd1.0_softmax_ce_s4,mlp,2644,0.11170156233393559,0.025053143030671122,0.10214309666033047,97
mlp_add97_f0.3_wd1.0_softmax_ce_s4,mlp,2848,0.11212668721436922,0.025660491952626784,0.10257121815450976,97
mlp_add97_f0.3_wd1.0_softmax_ce_s4,mlp,3067,0.11212668721436922,0.025660491952626784,0.10257029599721948,97
mlp_add97_f0.3_wd1.0_softmax_ce_s4,mlp,3304,0.11233924965458604,0.025964166413604616,0.10278860867145162,97
mlp_add97_f0.3_wd1.0_softmax_ce_s4,mlp,3559,0.11212668721436922,0.025660491952626784,0.10255660686168204,97
mlp_add97_f0.3_wd1.0_softmax_ce_s4,mlp,3834,0.1131894994154533,0.027178864257515943,0.10361028296539641,97
mlp_add97_f0.3_wd1.0_softmax_ce_s4,mlp,4130,0.11212668721436922,0.025660491952626784,0.1025539222666611,97
mlp_add97_f0.3_wd1.0_softmax_ce_s4,mlp,4448,0.11106387501328516,0.024142119647737624,0.10149036126910312,97
mlp_add97_f0.3_wd1.0_softmax_ce_s4,mlp,4791,0.11127643745350196,0.024445794108715457,0.10170949997619494,97
mlp_add97_f0.3_wd1.0_softmax_ce_s4,mlp,5161,0.11085131257306834,0.023838445186759795,0.10128384150565842,97
mlp_add97_f0.3_wd1.0_softmax_ce_s4,mlp,5560,0.11000106281220108,0.022623747342848468,0.10042571639783589,97
mlp_add97_f0.3_wd1.0_softmax_ce_s4,mlp,5989,0.10915081305133383,0.02140904949893714,0.09955250180155177,97
mlp_add97_f0.3_wd1.0_softmax_ce_s4,mlp,6451,0.10851312573068339,0.020498026116003643,0.09892481603828064,97
mlp_add97_f0.3_wd1.0_softmax_ce_s4,mlp,6949,0.10936337549155065,0.02171272395991497,0.09975958398649046,97
mlp_add97_f0.3_wd1.0_softmax_ce_s4,mlp,7485,0.11106387501328516,0.024142119647737624,0.1014698846419648,97
mlp_add97_f0.3_wd1.0_softmax_ce_s4,mlp,8062,0.11106387501328516,0.02399028241724871,0.10148906868396582,97
mlp_add97_f0.3_wd1.0_softmax_ce_s4,mlp,8685,0.1134020618556701,0.02687518979653811,0.10386261047316676,97
mlp_add97_f0.3_wd1.0_softmax_ce_s4,mlp,9355,0.11680306089913912,0.03067112055876101,0.10732525458749329,97
mlp_add97_f0.3_wd1.0_softmax_ce_s4,mlp,10077,0.12913168243171433,0.0420589128454297,0.11976326456815116,97
mlp_add97_f0.3_wd1.0_softmax_ce_s4,mlp,10854,0.19460091401849294,0.1014272699665958,0.18598409072009514,97
mlp_add97_f0.3_wd1.0_softmax_ce_s4,mlp,11692,0.680518652354129,0.6166109930154874,0.6771465182677825,97
mlp_add97_f0.3_wd1.0_softmax_ce_s4,mlp,12594,0.996599000956531,0.9957485575463103,0.9965635706670223,97
mlp_add97_f0.3_wd1.0_softmax_ce_s4,mlp,13566,1.0,1.0,1.0,97
mlp_add97_f0.3_wd1.0_softmax_ce_s4,mlp,14613,1.0,1.0,1.0,97
mlp_add97_f0.3_wd1.0_softmax_ce_s4,mlp,15741,1.0,1.0,1.0,97
mlp_add97_f0.3_wd1.0_softmax_ce_s4,mlp,16955,1.0,1.0,1.0,97
mlp_add97_f0.3_wd1.0_softmax_ce_s4,mlp,18264,1.0,1.0,1.0,97
mlp_add97_f0.3_wd1.0_softmax_ce_s4,mlp,19673,1.0,1.0,1.0,97
mlp_add97_f0.3_wd1.0_softmax_ce_s4,mlp,21192,1.0,1.0,1.0,97
mlp_add97_f0.3_wd1.0_softmax_ce_s4,mlp,22827,1.0,1.0,1.0,97
mlp_add97_f0.3_wd1.0_softmax_ce_s4,mlp,24589,1.0,1.0,1.0,97
mlp_add97_f0.3_wd1.0_softmax_ce_s4,mlp,26486,1.0,1.0,1.0,97
mlp_add97_f0.3_wd1.0_softmax_ce_s4,mlp,28530,1.0,1.0,1.0,97
mlp_add97_f0.3_wd1.0_softmax_ce_s4,mlp,30732,1.0,1.0,1.0,97
mlp_add97_f0.3_wd1.0_softmax_ce_s4,mlp,33103,1.0,1.0,1.0,97
mlp_add97_f0.3_wd1.0_softmax_ce_s4,mlp,35658,1.0,1.0,1.0,97
mlp_add97_f0.3_wd1.0_softmax_ce_s4,mlp,38410,1.0,1.0,1.0,97
mlp_add97_f0.3_wd1.0_softmax_ce_s4,mlp,41374,1.0,1.0,1.0,97
mlp_add97_f0.3_wd1.0_softmax_ce_s4,mlp,44567,1.0,1.0,1.0,97
mlp_add97_f0.3_wd1.0_softmax_ce_s4,mlp,48006,1.0,1.0,1.0,97
mlp_add97_f0.3_wd1.0_softmax_ce_s4,mlp,51711,1.0,1.0,1.0,97
mlp_add97_f0.3_wd1.0_softmax_ce_s4,mlp,55701,1.0,1.0,1.0,97
mlp_add97_f0.3_wd1.0_softmax_ce_s4,mlp,60000,1.0,1.0,1.0,97
transformer_add113_f0.3_wd0.1_softmax_ce_s0,transformer,0,0.9916986451562377,0.9918326247482658,0.9852368013297147,6
transformer_add113_f0.3_wd0.1_softmax_ce_s0,transformer,504,0.910251390085363,0.8717833967330499,0.9094254989191799,113
transformer_add113_f0.3_wd0.1_softmax_ce_s0,transformer,1008,0.9158900462056543,0.8798388901320205,0.9151124737720567,113
transformer_add113_f0.3_wd0.1_softmax_ce_s0,transformer,1513,0.9162033048790038,0.8802864175430745,0.9154265250081609,113
transformer_add113_f0.3_wd0.1_softmax_ce_s0,transformer,2017,0.9190226329391495,0.8843141642425598,0.9182663657736729,113
transformer_add113_f0.3_wd0.1_softmax_ce_s0,transformer,2521,0.9068055446785183,0.8668605952114568,0.9059481849121431,113
transformer_add113_f0.3_wd0.1_softmax_ce_s0,transformer,3025,0.9014801472315764,0.85925262922354,0.9005791812507141,113
transformer_add113_f0.3_wd0.1_softmax_ce_s0,transformer,3529,0.9091549847286396,0.8702170507943612,0.908317195007933,113
transformer_add113_f0.3_wd0.1_softmax_ce_s0,transformer,4034,0.8867569895841491,0.8382188409040053,0.8857236447742223,113
transformer_add113_f0.3_wd0.1_softmax_ce_s0,transformer,4538,0.911504424778761,0.8735735063772656,0.9106857070353626,113
transformer_add113_f0.3_wd0.1_softmax_ce_s0,transformer,5042,0.8994439658548046,0.8563437010516894,0.89852077752833,113
transformer_add113_f0.3_wd0.1_softmax_ce_s0,transformer,5546,0.9080585793719164,0.8686507048556724,0.90721055204042,113
transformer_add113_f0.3_wd0.1_softmax_ce_s0,transformer,6050,0.898504189834756,0.8550011188185276,0.8975719627623628,113
transformer_add113_f0.3_wd0.1_softmax_ce_s0,transformer,6555,0.8938053097345132,0.8482882076527187,0.8928342182362266,113
transformer_add113_f0.3_wd0.1_softmax_ce_s0,transformer,7059,0.9068055446785183,0.8668605952114568,0.905946139213215,113
transformer_add113_f0.3_wd0.1_softmax_ce_s0,transformer,7563,0.8922390163677657,0.8460505705974491,0.8912545469554871,113
transformer_add113_f0.3_wd0.1_softmax_ce_s0,transformer,8067,0.9052392513117707,0.8646229581561871,0.9043675910521951,113
transformer_add113_f0.3_wd0.1_softmax_ce_s0,transformer,8571,0.8988174485081055,0.8554486462295816,0.897891996852774,113
transformer_add113_f0.3_wd0.1_softmax_ce_s0,transformer,9076,0.9144803821755815,0.8778250167822779,0.9136911134073585,113
transformer_add113_f0.3_wd0.1_softmax_ce_s0,transformer,9580,0.8997572245281541,0.8567912284627434,0.8988413701581497,113
transformer_add113_f0.3_wd0.1_softmax_ce_s0,transformer,10084,0.9158900462056543,0.8798388901320205,0.9151154172082939,113
transformer_add113_f0.3_wd0.1_softmax_ce_s0,transformer,10588,0.9028898112616494,0.8612665025732826,0.9020019756614024,113
transformer_add113_f0.3_wd0.1_softmax_ce_s0,transformer,11092,0.9209021849792466,0.8869993287088834,0.9201762460733655,113
transformer_add113_f0.3_wd0.1_softmax_ce_s0,transformer,11597,0.9177695982457514,0.8825240545983442,0.9170151969183646,113
transformer_add113_f0.3_wd0.1_softmax_ce_s0,transformer,12101,0.9342156785966012,0.9060192436786754,0.9336168382291397,113
transformer_add113_f0.3_wd0.1_softmax_ce_s0,transformer,12605,0.9425170334403634,0.9178787200716044,0.9419939369343185,113
transformer_add113_f0.3_wd0.1_softmax_ce_s0,transformer,13109,0.9998433706633253,0.999776236294473,0.9998419719426377,113
transformer_add113_f0.3_wd0.1_softmax_ce_s0,transformer,13613,1.0,1.0,1.0,113
transformer_add113_f0.3_wd0.1_softmax_ce_s0,transformer,14118,1.0,1.0,1.0,113
transformer_add113_f0.3_wd0.1_softmax_ce_s0,transformer,14622,1.0,1.0,1.0,113
transformer_add113_f0.3_wd0.1_softmax_ce_s0,transformer,15126,1.0,1.0,1.0,113
transformer_add113_f0.3_wd0.1_softmax_ce_s0,transformer,15630,1.0,1.0,1.0,113
transformer_add113_f0.3_wd0.1_softmax_ce_s0,transformer,16134,1.0,1.0,1.0,113
transformer_add113_f0.3_wd0.1_softmax_ce_s0,transformer,16639,1.0,1.0,1.0,113
transformer_add113_f0.3_wd0.1_softmax_ce_s0,transformer,17143,1.0,1.0,1.0,113
transformer_add113_f0.3_wd0.1_softmax_ce_s0,transformer,17647,1.0,1.0,1.0,113
transformer_add113_f0.3_wd0.1_softmax_ce_s0,transformer,18151,1.0,1.0,1.0,113
transformer_add113_f0.3_wd0.1_softmax_ce_s0,transformer,18655,1.0,1.0,1.0,113
transformer_add113_f0.3_wd0.1_softmax_ce_s0,transformer,19160,1.0,1.0,1.0,113
transformer_add113_f0.3_wd0.1_softmax_ce_s0,transformer,19664,0.9995301119899758,0.9993287088834191,0.9995259162210166,113
transformer_add113_f0.3_wd0.1_softmax_ce_s0,transformer,20168,1.0,1.0,1.0,113
transformer_add113_f0.3_wd0.1_softmax_ce_s0,transformer,20672,1.0,1.0,1.0,113
transformer_add113_f0.3_wd0.1_softmax_ce_s0,transformer,21176,1.0,1.0,1.0,113
transformer_add113_f0.3_wd0.1_softmax_ce_s0,transformer,21681,1.0,1.0,1.0,113
transformer_add113_f0.3_wd0.1_softmax_ce_s0,transformer,22185,1.0,1.0,1.0,113
transformer_add113_f0.3_wd0.1_softmax_ce_s0,transformer,22689,1.0,1.0,1.0,113
transformer_add113_f0.3_wd0.1_softmax_ce_s0,transformer,23193,1.0,1.0,1.0,113
transformer_add113_f0.3_wd0.1_softmax_ce_s0,transformer,23697,1.0,1.0,1.0,113
transformer_add113_f0.3_wd0.1_softmax_ce_s0,transformer,24202,1.0,1.0,1.0,113
transformer_add113_f0.3_wd0.1_softmax_ce_s0,transformer,24706,1.0,1.0,1.0,113
transformer_add113_f0.3_wd0.1_softmax_ce_s0,transformer,25210,1.0,1.0,1.0,113
transformer_add113_f0.3_wd0.1_softmax_ce_s0,transformer,25714,1.0,1.0,1.0,113
transformer_add113_f0.3_wd0.1_softmax_ce_s0,transformer,26218,1.0,1.0,1.0,113
transformer_add113_f0.3_wd0.1_softmax_ce_s0,transformer,26723,1.0,1.0,1.0,113
transformer_add113_f0.3_wd0.1_softmax_ce_s0,transformer,27227,1.0,1.0,1.0,113
transformer_add113_f0.3_wd0.1_softmax_ce_s0,transformer,27731,1.0,1.0,1.0,113
transformer_add113_f0.3_wd0.1_softmax_ce_s0,transformer,28235,1.0,1.0,1.0,113
transformer_add113_f0.3_wd0.1_softmax_ce_s0,transformer,28739,1.0,1.0,1.0,113
transformer_add113_f0.3_wd0.1_softmax_ce_s0,transformer,29244,1.0,1.0,1.0,113
transformer_add113_f0.3_wd0.1_softmax_ce_s0,transformer,29748,1.0,1.0,1.0,113
transformer_add113_f0.3_wd0.1_softmax_ce_s0,transformer,30252,1.0,1.0,1.0,113
transformer_add113_f0.3_wd0.1_softmax_ce_s0,transformer,30756,1.0,1.0,1.0,113
transformer_add113_f0.3_wd0.1_softmax_ce_s0,transformer,31261,1.0,1.0,1.0,113
transformer_add113_f0.3_wd0.1_softmax_ce_s0,transformer,31765,1.0,1.0,1.0,113
transformer_add113_f0.3_wd0.1_softmax_ce_s0,transformer,32269,1.0,1.0,1.0,113
transformer_add113_f0.3_wd0.1_softmax_ce_s0,transformer,32773,1.0,1.0,1.0,113
transformer_add113_f0.3_wd0.1_softmax_ce_s0,transformer,33277,1.0,1.0,1.0,113
transformer_add113_f0.3_wd0.1_softmax_ce_s0,transformer,33782,1.0,1.0,1.0,113
transformer_add113_f0.3_wd0.1_softmax_ce_s0,transformer,34286,1.0,1.0,1.0,113
transformer_add113_f0.3_wd0.1_softmax_ce_s0,transformer,34790,1.0,1.0,1.0,113
transformer_add113_f0.3_wd0.1_softmax_ce_s0,transformer,35294,1.0,1.0,1.0,113
transformer_add113_f0.3_wd0.1_softmax_ce_s0,transformer,35798,1.0,1.0,1.0,113
transformer_add113_f0.3_wd0.1_softmax_ce_s0,transformer,36303,1.0,1.0,1.0,113
transformer_add113_f0.3_wd0.1_softmax_ce_s0,transformer,36807,1.0,1.0,1.0,113
transformer_add113_f0.3_wd0.1_softmax_ce_s0,transformer,37311,1.0,1.0,1.0,113
transformer_add113_f0.3_wd0.1_softmax_ce_s0,transformer,37815,1.0,1.0,1.0,113
transformer_add113_f0.3_wd0.1_softmax_ce_s0,transformer,38319,1.0,1.0,1.0,113
transformer_add113_f0.3_wd0.1_softmax_ce_s0,transformer,38824,1.0,1.0,1.0,113
transformer_add113_f0.3_wd0.1_softmax_ce_s0,transformer,39328,1.0,1.0,1.0,113
transformer_add113_f0.3_wd0.1_softmax_ce_s0,transformer,39832,1.0,1.0,1.0,113
transformer_add113_f0.3_wd0.1_softmax_ce_s0,transformer,40336,1.0,1.0,1.0,113
transformer_add113_f0.3_wd0.1_softmax_ce_s0,transformer,40840,1.0,1.0,1.0,113
transformer_add113_f0.3_wd0.1_softmax_ce_s0,transformer,41345,1.0,1.0,1.0,113
transformer_add113_f0.3_wd0.1_softmax_ce_s0,transformer,41849,1.0,1.0,1.0,113
transformer_add113_f0.3_wd0.1_softmax_ce_s0,transformer,42353,1.0,1.0,1.0,113
transformer_add113_f0.3_wd0.1_softmax_ce_s0,transformer,42857,1.0,1.0,1.0,113
transformer_add113_f0.3_wd0.1_softmax_ce_s0,transformer,43361,1.0,1.0,1.0,113
transformer_add113_f0.3_wd0.1_softmax_ce_s0,transformer,43866,1.0,1.0,1.0,113
transformer_add113_f0.3_wd0.1_softmax_ce_s0,transformer,44370,1.0,1.0,1.0,113
transformer_add113_f0.3_wd0.1_softmax_ce_s0,transformer,44874,1.0,1.0,1.0,113
transformer_add113_f0.3_wd0.1_softmax_ce_s0,transformer,45378,0.9868431357193203,0.9859028865518012,0.9867195196920443,113
transformer_add113_f0.3_wd0.1_softmax_ce_s0,transformer,45882,1.0,1.0,1.0,113
transformer_add113_f0.3_wd0.1_softmax_ce_s0,transformer,46387,0.9996867413266505,0.9996643544417095,0.9996839442686001,113
transformer_add113_f0.3_wd0.1_softmax_ce_s0,transformer,46891,1.0,1.0,1.0,113
transformer_add113_f0.3_wd0.1_softmax_ce_s0,transformer,47395,0.9987469653066019,0.9985455359140747,0.9987357686568521,113
transformer_add113_f0.3_wd0.1_softmax_ce_s0,transformer,47899,1.0,1.0,1.0,113
transformer_add113_f0.3_wd0.1_softmax_ce_s0,transformer,48403,1.0,1.0,1.0,113
transformer_add113_f0.3_wd0.1_softmax_ce_s0,transformer,48908,1.0,1.0,1.0,113
transformer_add113_f0.3_wd0.1_softmax_ce_s0,transformer,49412,0.9693006500117473,0.9699037816066234,0.9686617175352807,110
transformer_add113_f0.3_wd0.1_softmax_ce_s0,transformer,49916,1.0,1.0,1.0,113
transformer_add113_f0.3_wd0.1_softmax_ce_s0,transformer,50420,1.0,1.0,1.0,113
transformer_add113_f0.3_wd0.1_softmax_ce_s0,transformer,50924,1.0,1.0,1.0,113
transformer_add113_f0.3_wd0.1_softmax_ce_s0,transformer,51429,1.0,1.0,1.0,113
transformer_add113_f0.3_wd0.1_softmax_ce_s0,transformer,51933,1.0,1.0,1.0,113
transformer_add113_f0.3_wd0.1_softmax_ce_s0,transformer,52437,1.0,1.0,1.0,113
transformer_add113_f0.3_wd0.1_softmax_ce_s0,transformer,52941,1.0,1.0,1.0,113
transformer_add113_f0.3_wd0.1_softmax_ce_s0,transformer,53445,1.0,1.0,1.0,113
transformer_add113_f0.3_wd0.1_softmax_ce_s0,transformer,53950,1.0,1.0,1.0,113
transformer_add113_f0.3_wd0.1_softmax_ce_s0,transformer,54454,1.0,1.0,1.0,113
transformer_add113_f0.3_wd0.1_softmax_ce_s0,transformer,54958,1.0,1.0,1.0,113
transformer_add113_f0.3_wd0.1_softmax_ce_s0,transformer,55462,1.0,1.0,1.0,113
transformer_add113_f0.3_wd0.1_softmax_ce_s0,transformer,55966,1.0,1.0,1.0,113
transformer_add113_f0.3_wd0.1_softmax_ce_s0,transformer,56471,1.0,1.0,1.0,113
transformer_add113_f0.3_wd0.1_softmax_ce_s0,transformer,56975,1.0,1.0,1.0,113
transformer_add113_f0.3_wd0.1_softmax_ce_s0,transformer,57479,1.0,1.0,1.0,113
transformer_add113_f0.3_wd0.1_softmax_ce_s0,transformer,57983,1.0,1.0,1.0,113
transformer_add113_f0.3_wd0.1_softmax_ce_s0,transformer,58487,1.0,1.0,1.0,113
transformer_add113_f0.3_wd0.1_softmax_ce_s0,transformer,58992,1.0,1.0,1.0,113
transformer_add113_f0.3_wd0.1_softmax_ce_s0,transformer,59496,1.0,1.0,1.0,113
transformer_add113_f0.3_wd0.1_softmax_ce_s0,transformer,60000,0.9998433706633253,0.999776236294473,0.9998419719641508,113
transformer_add113_f0.3_wd0.1_softmax_ce_s1,transformer,0,0.9904456104628397,0.990937569926158,0.9882575965605543,15
transformer_add113_f0.3_wd0.1_softmax_ce_s1,transformer,504,0.9279505051296107,0.8970686954575968,0.9272804175620935,113
transformer_add113_f0.3_wd0.1_softmax_ce_s1,transformer,1008,0.9321794972198293,0.9031103155068247,0.931545828042578,113
transformer_add113_f0.3_wd0.1_softmax_ce_s1,transformer,1513,0.9209021849792466,0.8869993287088834,0.9201706034269441,113
transformer_add113_f0.3_wd0.1_softmax_ce_s1,transformer,2017,0.923878142376067,0.8912508391138957,0.9231748807785464,113
transformer_add113_f0.3_wd0.1_softmax_ce_s1,transformer,2521,0.9077453206985668,0.8947191765495637,0.9067059602098605,113
transformer_add113_f0.3_wd0.1_softmax_ce_s1,transformer,3025,0.9213720729892709,0.8876706198254644,0.9206458395045993,113
transformer_add113_f0.3_wd0.1_softmax_ce_s1,transformer,3529,0.9194925209491738,0.8850973372119042,0.9187385002087542,113
transformer_add113_f0.3_wd0.1_softmax_ce_s1,transformer,4034,0.9229383663560184,0.8899082568807339,0.9222256801802728,113
transformer_add113_f0.3_wd0.1_softmax_ce_s1,transformer,4538,0.9136972354922077,0.8767061982546431,0.9129031736139951,113
transformer_add113_f0.3_wd0.1_softmax_ce_s1,transformer,5042,0.9237215130393923,0.8910270754083688,0.9230127623942244,113
transformer_add113_f0.3_wd0.1_softmax_ce_s1,transformer,5546,0.9143237528389068,0.877601253076751,0.9135374826990306,113
transformer_add113_f0.3_wd0.1_softmax_ce_s1,transformer,6050,0.9226251076826689,0.88946072946968,0.9219078944411863,113
transformer_add113_f0.3_wd0.1_softmax_ce_s1,transformer,6555,0.9144803821755815,0.8778250167822779,0.9136918901765657,113
transformer_add113_f0.3_wd0.1_softmax_ce_s1,transformer,7059,0.8695277625499256,0.8580219288431417,0.8675479117507008,113
transformer_add113_f0.3_wd0.1_softmax_ce_s1,transformer,7563,0.9121309421254601,0.8744685611993734,0.9113159247300768,113
transformer_add113_f0.3_wd0.1_softmax_ce_s1,transformer,8067,0.9136972354922077,0.8767061982546431,0.9128991949031268,113
transformer_add113_f0.3_wd0.1_softmax_ce_s1,transformer,8571,0.9209021849792466,0.8869993287088834,0.9201647079363907,113
transformer_add113_f0.3_wd0.1_softmax_ce_s1,transformer,9076,0.9155767875323048,0.8793913627209666,0.9147963760712752,113
transformer_add113_f0.3_wd0.1_softmax_ce_s1,transformer,9580,0.9082152087085911,0.8688744685611993,0.9073706224737437,113
transformer_add113_f0.3_wd0.1_softmax_ce_s1,transformer,10084,0.9119743127887854,0.8742447974938465,0.9111590601490612,113
transformer_add113_f0.3_wd0.1_softmax_ce_s1,transformer,10588,0.9138538648288824,0.87692996196017,0.9130611009397638,113
transformer_add113_f0.3_wd0.1_softmax_ce_s1,transformer,11092,0.9326493852298535,0.9037816066234057,0.9320266252273627,113
transformer_add113_f0.3_wd0.1_softmax_ce_s1,transformer,11597,0.9866865063826454,0.9809800850302081,0.986567225617144,113
transformer_add113_f0.3_wd0.1_softmax_ce_s1,transformer,12101,0.9956143785731068,0.9937346162452451,0.9955751992798282,113
transformer_add113_f0.3_wd0.1_softmax_ce_s1,transformer,12605,1.0,1.0,1.0,113
transformer_add113_f0.3_wd0.1_softmax_ce_s1,transformer,13109,1.0,1.0,1.0,113
transformer_add113_f0.3_wd0.1_softmax_ce_s1,transformer,13613,1.0,1.0,1.0,113
transformer_add113_f0.3_wd0.1_softmax_ce_s1,transformer,14118,1.0,1.0,1.0,113
transformer_add113_f0.3_wd0.1_softmax_ce_s1,transformer,14622,1.0,1.0,1.0,113
transformer_add113_f0.3_wd0.1_softmax_ce_s1,transformer,15126,1.0,1.0,1.0,113
transformer_add113_f0.3_wd0.1_softmax_ce_s1,transformer,15630,1.0,1.0,1.0,113
transformer_add113_f0.3_wd0.1_softmax_ce_s1,transformer,16134,1.0,1.0,1.0,113
transformer_add113_f0.3_wd0.1_softmax_ce_s1,transformer,16639,1.0,1.0,1.0,113
transformer_add113_f0.3_wd0.1_softmax_ce_s1,transformer,17143,1.0,1.0,1.0,113
transformer_add113_f0.3_wd0.1_softmax_ce_s1,transformer,17647,1.0,1.0,1.0,113
transformer_add113_f0.3_wd0.1_softmax_ce_s1,transformer,18151,1.0,1.0,1.0,113
transformer_add113_f0.3_wd0.1_softmax_ce_s1,transformer,18655,1.0,1.0,1.0,113
transformer_add113_f0.3_wd0.1_softmax_ce_s1,transformer,19160,1.0,1.0,1.0,113
transformer_add113_f0.3_wd0.1_softmax_ce_s1,transformer,19664,1.0,1.0,1.0,113
transformer_add113_f0.3_wd0.1_softmax_ce_s1,transformer,20168,1.0,1.0,1.0,113
transformer_add113_f0.3_wd0.1_softmax_ce_s1,transformer,20672,0.9649150285848539,0.9645334526739763,0.9645800385243051,113
transformer_add113_f0.3_wd0.1_softmax_ce_s1,transformer,21176,1.0,1.0,1.0,113
transformer_add113_f0.3_wd0.1_softmax_ce_s1,transformer,21681,1.0,1.0,1.0,113
transformer_add113_f0.3_wd0.1_softmax_ce_s1,transformer,22185,1.0,1.0,1.0,113
transformer_add113_f0.3_wd0.1_softmax_ce_s1,transformer,22689,1.0,1.0,1.0,113
transformer_add113_f0.3_wd0.1_softmax_ce_s1,transformer,23193,1.0,1.0,1.0,113
transformer_add113_f0.3_wd0.1_softmax_ce_s1,transformer,23697,1.0,1.0,1.0,113
transformer_add113_f0.3_wd0.1_softmax_ce_s1,transformer,24202,1.0,1.0,1.0,113
transformer_add113_f0.3_wd0.1_softmax_ce_s1,transformer,24706,1.0,1.0,1.0,113
transformer_add113_f0.3_wd0.1_softmax_ce_s1,transformer,25210,1.0,1.0,1.0,113
transformer_add113_f0.3_wd0.1_softmax_ce_s1,transformer,25714,1.0,1.0,1.0,113
transformer_add113_f0.3_wd0.1_softmax_ce_s1,transformer,26218,1.0,1.0,1.0,113
transformer_add113_f0.3_wd0.1_softmax_ce_s1,transformer,26723,1.0,1.0,1.0,113
transformer_add113_f0.3_wd0.1_softmax_ce_s1,transformer,27227,1.0,1.0,1.0,113
transformer_add113_f0.3_wd0.1_softmax_ce_s1,transformer,27731,1.0,1.0,1.0,113
transformer_add113_f0.3_wd0.1_softmax_ce_s1,transformer,28235,1.0,1.0,1.0,113
transformer_add113_f0.3_wd0.1_softmax_ce_s1,transformer,28739,1.0,1.0,1.0,113
transformer_add113_f0.3_wd0.1_softmax_ce_s1,transformer,29244,1.0,1.0,1.0,113
transformer_add113_f0.3_wd0.1_softmax_ce_s1,transformer,29748,1.0,1.0,1.0,113
transformer_add113_f0.3_wd0.1_softmax_ce_s1,transformer,30252,1.0,1.0,1.0,113
transformer_add113_f0.3_wd0.1_softmax_ce_s1,transformer,30756,0.9995301119899758,0.9993287088834191,0.9995259160743362,113
transformer_add113_f0.3_wd0.1_softmax_ce_s1,transformer,31261,1.0,1.0,1.0,113
transformer_add113_f0.3_wd0.1_softmax_ce_s1,transformer,31765,1.0,1.0,1.0,113
transformer_add113_f0.3_wd0.1_softmax_ce_s1,transformer,32269,1.0,1.0,1.0,113
transformer_add113_f0.3_wd0.1_softmax_ce_s1,transformer,32773,1.0,1.0,1.0,113
transformer_add113_f0.3_wd0.1_softmax_ce_s1,transformer,33277,1.0,1.0,1.0,113
transformer_add113_f0.3_wd0.1_softmax_ce_s1,transformer,33782,1.0,1.0,1.0,113
transformer_add113_f0.3_wd0.1_softmax_ce_s1,transformer,34286,1.0,1.0,1.0,113
transformer_add113_f0.3_wd0.1_softmax_ce_s1,transformer,34790,1.0,1.0,1.0,113
transformer_add113_f0.3_wd0.1_softmax_ce_s1,transformer,35294,1.0,1.0,1.0,113
transformer_add113_f0.3_wd0.1_softmax_ce_s1,transformer,35798,1.0,1.0,1.0,113
transformer_add113_f0.3_wd0.1_softmax_ce_s1,transformer,36303,1.0,1.0,1.0,113
transformer_add113_f0.3_wd0.1_softmax_ce_s1,transformer,36807,1.0,1.0,1.0,113
transformer_add113_f0.3_wd0.1_softmax_ce_s1,transformer,37311,1.0,1.0,1.0,113
transformer_add113_f0.3_wd0.1_softmax_ce_s1,transformer,37815,1.0,1.0,1.0,113
transformer_add113_f0.3_wd0.1_softmax_ce_s1,transformer,38319,1.0,1.0,1.0,113
transformer_add113_f0.3_wd0.1_softmax_ce_s1,transformer,38824,1.0,1.0,1.0,113
transformer_add113_f0.3_wd0.1_softmax_ce_s1,transformer,39328,1.0,1.0,1.0,113
transformer_add113_f0.3_wd0.1_softmax_ce_s1,transformer,39832,1.0,1.0,1.0,113
transformer_add113_f0.3_wd0.1_softmax_ce_s1,transformer,40336,1.0,1.0,1.0,113
transformer_add113_f0.3_wd0.1_softmax_ce_s1,transformer,40840,1.0,1.0,1.0,113
transformer_add113_f0.3_wd0.1_softmax_ce_s1,transformer,41345,1.0,1.0,1.0,113
transformer_add113_f0.3_wd0.1_softmax_ce_s1,transformer,41849,1.0,1.0,1.0,113
transformer_add113_f0.3_wd0.1_softmax_ce_s1,transformer,42353,0.9716500900618686,0.97236518236742,0.9713011655517381,109
transformer_add113_f0.3_wd0.1_softmax_ce_s1,transformer,42857,1.0,1.0,1.0,113
transformer_add113_f0.3_wd0.1_softmax_ce_s1,transformer,43361,1.0,1.0,1.0,113
transformer_add113_f0.3_wd0.1_softmax_ce_s1,transformer,43866,1.0,1.0,1.0,113
transformer_add113_f0.3_wd0.1_softmax_ce_s1,transformer,44370,1.0,1.0,1.0,113
transformer_add113_f0.3_wd0.1_softmax_ce_s1,transformer,44874,1.0,1.0,1.0,113
transformer_add113_f0.3_wd0.1_softmax_ce_s1,transformer,45378,1.0,1.0,1.0,113
transformer_add113_f0.3_wd0.1_softmax_ce_s1,transformer,45882,1.0,1.0,1.0,113
transformer_add113_f0.3_wd0.1_softmax_ce_s1,transformer,46387,1.0,1.0,1.0,113
transformer_add113_f0.3_wd0.1_softmax_ce_s1,transformer,46891,1.0,1.0,1.0,113
transformer_add113_f0.3_wd0.1_softmax_ce_s1,transformer,47395,1.0,1.0,1.0,113
transformer_add113_f0.3_wd0.1_softmax_ce_s1,transformer,47899,1.0,1.0,1.0,113
transformer_add113_f0.3_wd0.1_softmax_ce_s1,transformer,48403,0.9929516798496358,0.9919445066010293,0.992888468630938,113
transformer_add113_f0.3_wd0.1_softmax_ce_s1,transformer,48908,1.0,1.0,1.0,113
transformer_add113_f0.3_wd0.1_softmax_ce_s1,transformer,49412,1.0,1.0,1.0,113
transformer_add113_f0.3_wd0.1_softmax_ce_s1,transformer,49916,1.0,1.0,1.0,113
transformer_add113_f0.3_wd0.1_softmax_ce_s1,transformer,50420,1.0,1.0,1.0,113
transformer_add113_f0.3_wd0.1_softmax_ce_s1,transformer,50924,1.0,1.0,1.0,113
transformer_add113_f0.3_wd0.1_softmax_ce_s1,transformer,51429,1.0,1.0,1.0,113
transformer_add113_f0.3_wd0.1_softmax_ce_s1,transformer,51933,1.0,1.0,1.0,113
transformer_add113_f0.3_wd0.1_softmax_ce_s1,transformer,52437,1.0,1.0,1.0,113
transformer_add113_f0.3_wd0.1_softmax_ce_s1,transformer,52941,1.0,1.0,1.0,113
transformer_add113_f0.3_wd0.1_softmax_ce_s1,transformer,53445,1.0,1.0,1.0,113
transformer_add113_f0.3_wd0.1_softmax_ce_s1,transformer,53950,1.0,1.0,1.0,113
transformer_add113_f0.3_wd0.1_softmax_ce_s1,transformer,54454,1.0,1.0,1.0,113
transformer_add113_f0.3_wd0.1_softmax_ce_s1,transformer,54958,1.0,1.0,1.0,113
transformer_add113_f0.3_wd0.1_softmax_ce_s1,transformer,55462,1.0,1.0,1.0,113
transformer_add113_f0.3_wd0.1_softmax_ce_s1,transformer,55966,1.0,1.0,1.0,113
transformer_add113_f0.3_wd0.1_softmax_ce_s1,transformer,56471,1.0,1.0,1.0,113
transformer_add113_f0.3_wd0.1_softmax_ce_s1,transformer,56975,1.0,1.0,1.0,113
transformer_add113_f0.3_wd0.1_softmax_ce_s1,transformer,57479,1.0,1.0,1.0,113
transformer_add113_f0.3_wd0.1_softmax_ce_s1,transformer,57983,1.0,1.0,1.0,113
transformer_add113_f0.3_wd0.1_softmax_ce_s1,transformer,58487,1.0,1.0,1.0,113
transformer_add113_f0.3_wd0.1_softmax_ce_s1,transformer,58992,1.0,1.0,1.0,113
transformer_add113_f0.3_wd0.1_softmax_ce_s1,transformer,59496,0.9786984102122328,0.9781830387111211,0.9727627018168133,22
transformer_add113_f0.3_wd0.1_softmax_ce_s1,transformer,60000,1.0,1.0,1.0,113
transformer_add113_f0.3_wd0.1_softmax_ce_s2,transformer,0,0.9985903359699272,0.9984336540613112,0.9915422635125738,8
transformer_add113_f0.3_wd0.1_softmax_ce_s2,transformer,504,0.9245046597227661,0.8921458939360036,0.9238077531720298,113
transformer_add113_f0.3_wd0.1_softmax_ce_s2,transformer,1008,0.9354687132899993,0.907809353322891,0.934869665495215,113
transformer_add113_f0.3_wd0.1_softmax_ce_s2,transformer,1513,0.9268540997728875,0.8955023495189081,0.9261815139694549,113
transformer_add113_f0.3_wd0.1_softmax_ce_s2,transformer,2017,0.9259143237528389,0.8941597672857462,0.9252309048189814,113
transformer_add113_f0.3_wd0.1_softmax_ce_s2,transformer,2521,0.9216853316626205,0.8881181472365183,0.920967486213224,113
transformer_add113_f0.3_wd0.1_softmax_ce_s2,transformer,3025,0.9287336518129846,0.8981875139852316,0.9280737872783059,113
transformer_add113_f0.3_wd0.1_softmax_ce_s2,transformer,3529,0.9097815020753387,0.871112105616469,0.9089540955557253,113
transformer_add113_f0.3_wd0.1_softmax_ce_s2,transformer,4034,0.919962408959198,0.8856567464757217,0.919222699353936,113
transformer_add113_f0.3_wd0.1_softmax_ce_s2,transformer,4538,0.9088417260552901,0.8697695233833073,0.9080057052729061,113
transformer_add113_f0.3_wd0.1_softmax_ce_s2,transformer,5042,0.9165165635523533,0.8807339449541285,0.9157462788144175,113
transformer_add113_f0.3_wd0.1_softmax_ce_s2,transformer,5546,0.9069621740151931,0.8670843589169837,0.9061045035234274,113
transformer_add113_f0.3_wd0.1_softmax_ce_s2,transformer,6050,0.897251155141358,0.8538823002908928,0.8962961772612177,113
transformer_add113_f0.3_wd0.1_softmax_ce_s2,transformer,6555,0.9086850967186154,0.8695457596777803,0.9078379101983025,113
transformer_add113_f0.3_wd0.1_softmax_ce_s2,transformer,7059,0.9042994752917222,0.8632803759230253,0.9034138342362772,113
transformer_add113_f0.3_wd0.1_softmax_ce_s2,transformer,7563,0.9126008301354844,0.8751398523159544,0.9117918528481873,113
transformer_add113_f0.3_wd0.1_softmax_ce_s2,transformer,8067,0.9014801472315764,0.85925262922354,0.900576682896056,113
transformer_add113_f0.3_wd0.1_softmax_ce_s2,transformer,8571,0.9237215130393923,0.8910270754083688,0.923012262951455,113
transformer_add113_f0.3_wd0.1_softmax_ce_s2,transformer,9076,0.9068055446785183,0.8668605952114568,0.9059517242151915,113
transformer_add113_f0.3_wd0.1_softmax_ce_s2,transformer,9580,0.8822147388205811,0.8379950771984784,0.8811067694192654,113
transformer_add113_f0.3_wd0.1_softmax_ce_s2,transformer,10084,0.9160466755423291,0.8800626538375476,0.9152744917540802,113
transformer_add113_f0.3_wd0.1_softmax_ce_s2,transformer,10588,0.9058657686584697,0.8655180129782949,0.9050031841924422,113
transformer_add113_f0.3_wd0.1_softmax_ce_s2,transformer,11092,0.9163599342156786,0.8805101812486015,0.9155913798665074,113
transformer_add113_f0.3_wd0.1_softmax_ce_s2,transformer,11597,0.909624872738664,0.870888341910942,0.9087975064603664,113
transformer_add113_f0.3_wd0.1_softmax_ce_s2,transformer,12101,0.8512021301589788,0.812821660326695,0.8497744464965671,113
transformer_add113_f0.3_wd0.1_softmax_ce_s2,transformer,12605,0.9157334168689796,0.8796151264264936,0.9149596087597475,113
transformer_add113_f0.3_wd0.1_softmax_ce_s2,transformer,13109,0.9497219829274023,0.9281718505258447,0.9492660448485376,113
transformer_add113_f0.3_wd0.1_softmax_ce_s2,transformer,13613,0.9794815568956066,0.9706869545759678,0.9792971756112182,113
transformer_add113_f0.3_wd0.1_softmax_ce_s2,transformer,14118,1.0,1.0,1.0,113
transformer_add113_f0.3_wd0.1_softmax_ce_s2,transformer,14622,1.0,1.0,1.0,113
transformer_add113_f0.3_wd0.1_softmax_ce_s2,transformer,15126,1.0,1.0,1.0,113
transformer_add113_f0.3_wd0.1_softmax_ce_s2,transformer,15630,1.0,1.0,1.0,113
transformer_add113_f0.3_wd0.1_softmax_ce_s2,transformer,16134,1.0,1.0,1.0,113
transformer_add113_f0.3_wd0.1_softmax_ce_s2,transformer,16639,0.9984337066332524,0.9978742447974939,0.998419687684049,113
transformer_add113_f0.3_wd0.1_softmax_ce_s2,transformer,17143,1.0,1.0,1.0,113
transformer_add113_f0.3_wd0.1_softmax_ce_s2,transformer,17647,1.0,1.0,1.0,113
transformer_add113_f0.3_wd0.1_softmax_ce_s2,transformer,18151,1.0,1.0,1.0,113
transformer_add113_f0.3_wd0.1_softmax_ce_s2,transformer,18655,1.0,1.0,1.0,113
transformer_add113_f0.3_wd0.1_softmax_ce_s2,transformer,19160,1.0,1.0,1.0,113
transformer_add113_f0.3_wd0.1_softmax_ce_s2,transformer,19664,1.0,1.0,1.0,113
transformer_add113_f0.3_wd0.1_softmax_ce_s2,transformer,20168,1.0,1.0,1.0,113
transformer_add113_f0.3_wd0.1_softmax_ce_s2,transformer,20672,1.0,1.0,1.0,113
transformer_add113_f0.3_wd0.1_softmax_ce_s2,transformer,21176,1.0,1.0,1.0,113
transformer_add113_f0.3_wd0.1_softmax_ce_s2,transformer,21681,1.0,1.0,1.0,113
transformer_add113_f0.3_wd0.1_softmax_ce_s2,transformer,22185,1.0,1.0,1.0,113
transformer_add113_f0.3_wd0.1_softmax_ce_s2,transformer,22689,0.999373482653301,0.9991049451778922,0.9993678874498085,113
transformer_add113_f0.3_wd0.1_softmax_ce_s2,transformer,23193,1.0,1.0,1.0,113
transformer_add113_f0.3_wd0.1_softmax_ce_s2,transformer,23697,1.0,1.0,1.0,113
transformer_add113_f0.3_wd0.1_softmax_ce_s2,transformer,24202,1.0,1.0,1.0,113
transformer_add113_f0.3_wd0.1_softmax_ce_s2,transformer,24706,1.0,1.0,1.0,113
transformer_add113_f0.3_wd0.1_softmax_ce_s2,transformer,25210,1.0,1.0,1.0,113
transformer_add113_f0.3_wd0.1_softmax_ce_s2,transformer,25714,1.0,1.0,1.0,113
transformer_add113_f0.3_wd0.1_softmax_ce_s2,transformer,26218,1.0,1.0,1.0,113
transformer_add113_f0.3_wd0.1_softmax_ce_s2,transformer,26723,1.0,1.0,1.0,113
transformer_add113_f0.3_wd0.1_softmax_ce_s2,transformer,27227,1.0,1.0,1.0,113
transformer_add113_f0.3_wd0.1_softmax_ce_s2,transformer,27731,1.0,1.0,1.0,113
transformer_add113_f0.3_wd0.1_softmax_ce_s2,transformer,28235,0.9907588691361892,0.9892593421347058,0.9906753781345314,113
transformer_add113_f0.3_wd0.1_softmax_ce_s2,transformer,28739,1.0,1.0,1.0,113
transformer_add113_f0.3_wd0.1_softmax_ce_s2,transformer,29244,1.0,1.0,1.0,113
transformer_add113_f0.3_wd0.1_softmax_ce_s2,transformer,29748,1.0,1.0,1.0,113
transformer_add113_f0.3_wd0.1_softmax_ce_s2,transformer,30252,1.0,1.0,1.0,113
transformer_add113_f0.3_wd0.1_softmax_ce_s2,transformer,30756,1.0,1.0,1.0,113
transformer_add113_f0.3_wd0.1_softmax_ce_s2,transformer,31261,1.0,1.0,1.0,113
transformer_add113_f0.3_wd0.1_softmax_ce_s2,transformer,31765,1.0,1.0,1.0,113
transformer_add113_f0.3_wd0.1_softmax_ce_s2,transformer,32269,1.0,1.0,1.0,113
transformer_add113_f0.3_wd0.1_softmax_ce_s2,transformer,32773,1.0,1.0,1.0,113
transformer_add113_f0.3_wd0.1_softmax_ce_s2,transformer,33277,1.0,1.0,1.0,113
transformer_add113_f0.3_wd0.1_softmax_ce_s2,transformer,33782,0.9959276372464563,0.9953009621839337,0.9958911763843916,113
transformer_add113_f0.3_wd0.1_softmax_ce_s2,transformer,34286,1.0,1.0,1.0,113
transformer_add113_f0.3_wd0.1_softmax_ce_s2,transformer,34790,1.0,1.0,1.0,113
transformer_add113_f0.3_wd0.1_softmax_ce_s2,transformer,35294,1.0,1.0,1.0,113
transformer_add113_f0.3_wd0.1_softmax_ce_s2,transformer,35798,1.0,1.0,1.0,113
transformer_add113_f0.3_wd0.1_softmax_ce_s2,transformer,36303,1.0,1.0,1.0,113
transformer_add113_f0.3_wd0.1_softmax_ce_s2,transformer,36807,1.0,1.0,1.0,113
transformer_add113_f0.3_wd0.1_softmax_ce_s2,transformer,37311,1.0,1.0,1.0,113
transformer_add113_f0.3_wd0.1_softmax_ce_s2,transformer,37815,1.0,1.0,1.0,113
transformer_add113_f0.3_wd0.1_softmax_ce_s2,transformer,38319,1.0,1.0,1.0,113
transformer_add113_f0.3_wd0.1_softmax_ce_s2,transformer,38824,1.0,1.0,1.0,113
transformer_add113_f0.3_wd0.1_softmax_ce_s2,transformer,39328,1.0,1.0,1.0,113
transformer_add113_f0.3_wd0.1_softmax_ce_s2,transformer,39832,1.0,1.0,1.0,113
transformer_add113_f0.3_wd0.1_softmax_ce_s2,transformer,40336,0.9949878612264077,0.993958379950772,0.9949429452621052,113
transformer_add113_f0.3_wd0.1_softmax_ce_s2,transformer,40840,1.0,1.0,1.0,113
transformer_add113_f0.3_wd0.1_softmax_ce_s2,transformer,41345,1.0,1.0,1.0,113
transformer_add113_f0.3_wd0.1_softmax_ce_s2,transformer,41849,1.0,1.0,1.0,113
transformer_add113_f0.3_wd0.1_softmax_ce_s2,transformer,42353,1.0,1.0,1.0,113
transformer_add113_f0.3_wd0.1_softmax_ce_s2,transformer,42857,1.0,1.0,1.0,113
transformer_add113_f0.3_wd0.1_softmax_ce_s2,transformer,43361,1.0,1.0,1.0,113
transformer_add113_f0.3_wd0.1_softmax_ce_s2,transformer,43866,1.0,1.0,1.0,113
transformer_add113_f0.3_wd0.1_softmax_ce_s2,transformer,44370,1.0,1.0,1.0,113
transformer_add113_f0.3_wd0.1_softmax_ce_s2,transformer,44874,1.0,1.0,1.0,113
transformer_add113_f0.3_wd0.1_softmax_ce_s2,transformer,45378,1.0,1.0,1.0,113
transformer_add113_f0.3_wd0.1_softmax_ce_s2,transformer,45882,1.0,1.0,1.0,113
transformer_add113_f0.3_wd0.1_softmax_ce_s2,transformer,46387,1.0,1.0,1.0,113
transformer_add113_f0.3_wd0.1_softmax_ce_s2,transformer,46891,1.0,1.0,1.0,113
transformer_add113_f0.3_wd0.1_softmax_ce_s2,transformer,47395,1.0,1.0,1.0,113
transformer_add113_f0.3_wd0.1_softmax_ce_s2,transformer,47899,1.0,1.0,1.0,113
transformer_add113_f0.3_wd0.1_softmax_ce_s2,transformer,48403,1.0,1.0,1.0,113
transformer_add113_f0.3_wd0.1_softmax_ce_s2,transformer,48908,1.0,1.0,1.0,113
transformer_add113_f0.3_wd0.1_softmax_ce_s2,transformer,49412,1.0,1.0,1.0,113
transformer_add113_f0.3_wd0.1_softmax_ce_s2,transformer,49916,1.0,1.0,1.0,113
transformer_add113_f0.3_wd0.1_softmax_ce_s2,transformer,50420,1.0,1.0,1.0,113
transformer_add113_f0.3_wd0.1_softmax_ce_s2,transformer,50924,0.9757224528154124,0.9738196464533453,0.975461629874103,113
transformer_add113_f0.3_wd0.1_softmax_ce_s2,transformer,51429,1.0,1.0,1.0,113
transformer_add113_f0.3_wd0.1_softmax_ce_s2,transformer,51933,1.0,1.0,1.0,113
transformer_add113_f0.3_wd0.1_softmax_ce_s2,transformer,52437,1.0,1.0,1.0,113
transformer_add113_f0.3_wd0.1_softmax_ce_s2,transformer,52941,1.0,1.0,1.0,113
transformer_add113_f0.3_wd0.1_softmax_ce_s2,transformer,53445,1.0,1.0,1.0,113
transformer_add113_f0.3_wd0.1_softmax_ce_s2,transformer,53950,1.0,1.0,1.0,113
transformer_add113_f0.3_wd0.1_softmax_ce_s2,transformer,54454,1.0,1.0,1.0,113
transformer_add113_f0.3_wd0.1_softmax_ce_s2,transformer,54958,1.0,1.0,1.0,113
transformer_add113_f0.3_wd0.1_softmax_ce_s2,transformer,55462,1.0,1.0,1.0,113
transformer_add113_f0.3_wd0.1_softmax_ce_s2,transformer,55966,1.0,1.0,1.0,113
transformer_add113_f0.3_wd0.1_softmax_ce_s2,transformer,56471,1.0,1.0,1.0,113
transformer_add113_f0.3_wd0.1_softmax_ce_s2,transformer,56975,1.0,1.0,1.0,113
transformer_add113_f0.3_wd0.1_softmax_ce_s2,transformer,57479,1.0,1.0,1.0,113
transformer_add113_f0.3_wd0.1_softmax_ce_s2,transformer,57983,1.0,1.0,1.0,113
transformer_add113_f0.3_wd0.1_softmax_ce_s2,transformer,58487,1.0,1.0,1.0,113
transformer_add113_f0.3_wd0.1_softmax_ce_s2,transformer,58992,1.0,1.0,1.0,113
transformer_add113_f0.3_wd0.1_softmax_ce_s2,transformer,59496,1.0,1.0,1.0,113
transformer_add113_f0.3_wd0.1_softmax_ce_s2,transformer,60000,1.0,1.0,1.0,113
transformer_add113_f0.3_wd0.1_softmax_ce_s3,transformer,0,0.9971806719398544,0.9977623629447304,0.9935573507958331,7
transformer_add113_f0.3_wd0.1_softmax_ce_s3,transformer,504,0.9230949956926933,0.890132020586261,0.9223764970162283,113
transformer_add113_f0.3_wd0.1_softmax_ce_s3,transformer,1008,0.9227817370193437,0.889684493175207,0.9220735960664919,113
transformer_add113_f0.3_wd0.1_softmax_ce_s3,transformer,1513,0.9240347717127418,0.8914746028194227,0.9233295145611669,113
transformer_add113_f0.3_wd0.1_softmax_ce_s3,transformer,2017,0.9281071344662856,0.8972924591631237,0.9274370797069801,113
transformer_add113_f0.3_wd0.1_softmax_ce_s3,transformer,2521,0.9282637638029603,0.8975162228686507,0.927601383221388,113
transformer_add113_f0.3_wd0.1_softmax_ce_s3,transformer,3025,0.9324927558931788,0.9035578429178788,0.9318658282090384,113
transformer_add113_f0.3_wd0.1_softmax_ce_s3,transformer,3529,0.919962408959198,0.8856567464757217,0.9192277660464396,113
transformer_add113_f0.3_wd0.1_softmax_ce_s3,transformer,4034,0.9274806171195865,0.8963974043410159,0.9268044865818784,113
transformer_add113_f0.3_wd0.1_softmax_ce_s3,transformer,4538,0.9202756676325475,0.8861042738867756,0.9195400305314602,113
transformer_add113_f0.3_wd0.1_softmax_ce_s3,transformer,5042,0.8959981204479599,0.8750279704631909,0.8948967813988207,113
transformer_add113_f0.3_wd0.1_softmax_ce_s3,transformer,5546,0.9169864515623777,0.8814052360707093,0.9162161824216375,113
transformer_add113_f0.3_wd0.1_softmax_ce_s3,transformer,6050,0.9033596992716736,0.8619377936898635,0.9024696850020615,113
transformer_add113_f0.3_wd0.1_softmax_ce_s3,transformer,6555,0.9191792622758242,0.8845379279480868,0.9184309232975567,113
transformer_add113_f0.3_wd0.1_softmax_ce_s3,transformer,7059,0.9111911661054115,0.8731259789662117,0.9103704445845803,113
transformer_add113_f0.3_wd0.1_softmax_ce_s3,transformer,7563,0.9212154436525961,0.8874468561199373,0.9204746834573184,113
transformer_add113_f0.3_wd0.1_softmax_ce_s3,transformer,8067,0.9110345367687368,0.8729022152606847,0.910211600793315,113
transformer_add113_f0.3_wd0.1_softmax_ce_s3,transformer,8571,0.9204322969692224,0.8863280375923025,0.9196927425828982,113
transformer_add113_f0.3_wd0.1_softmax_ce_s3,transformer,9076,0.9077453206985668,0.8682031774446185,0.9068993218996485,113
transformer_add113_f0.3_wd0.1_softmax_ce_s3,transformer,9580,0.914793640848931,0.8782725441933319,0.9140123078012417,113
transformer_add113_f0.3_wd0.1_softmax_ce_s3,transformer,10084,0.9198057796225233,0.8854329827701947,0.9190730300110188,113
transformer_add113_f0.3_wd0.1_softmax_ce_s3,transformer,10588,0.9411073694102905,0.9158648467218617,0.9405729087455871,113
transformer_add113_f0.3_wd0.1_softmax_ce_s3,transformer,11092,0.9584932257811888,0.9407026180353547,0.9581169765675092,113
transformer_add113_f0.3_wd0.1_softmax_ce_s3,transformer,11597,0.9970240426031796,0.9957484895949877,0.9969974589208876,113
transformer_add113_f0.3_wd0.1_softmax_ce_s3,transformer,12101,0.9998433706633253,0.999776236294473,0.9998419721831935,113
transformer_add113_f0.3_wd0.1_softmax_ce_s3,transformer,12605,1.0,1.0,1.0,113
transformer_add113_f0.3_wd0.1_softmax_ce_s3,transformer,13109,1.0,1.0,1.0,113
transformer_add113_f0.3_wd0.1_softmax_ce_s3,transformer,13613,1.0,1.0,1.0,113
transformer_add113_f0.3_wd0.1_softmax_ce_s3,transformer,14118,1.0,1.0,1.0,113
transformer_add113_f0.3_wd0.1_softmax_ce_s3,transformer,14622,1.0,1.0,1.0,113
transformer_add113_f0.3_wd0.1_softmax_ce_s3,transformer,15126,1.0,1.0,1.0,113
transformer_add113_f0.3_wd0.1_softmax_ce_s3,transformer,15630,1.0,1.0,1.0,113
transformer_add113_f0.3_wd0.1_softmax_ce_s3,transformer,16134,1.0,1.0,1.0,113
transformer_add113_f0.3_wd0.1_softmax_ce_s3,transformer,16639,1.0,1.0,1.0,113
transformer_add113_f0.3_wd0.1_softmax_ce_s3,transformer,17143,1.0,1.0,1.0,113
transformer_add113_f0.3_wd0.1_softmax_ce_s3,transformer,17647,1.0,1.0,1.0,113
transformer_add113_f0.3_wd0.1_softmax_ce_s3,transformer,18151,1.0,1.0,1.0,113
transformer_add113_f0.3_wd0.1_softmax_ce_s3,transformer,18655,1.0,1.0,1.0,113
transformer_add113_f0.3_wd0.1_softmax_ce_s3,transformer,19160,1.0,1.0,1.0,113
transformer_add113_f0.3_wd0.1_softmax_ce_s3,transformer,19664,1.0,1.0,1.0,113
transformer_add113_f0.3_wd0.1_softmax_ce_s3,transformer,20168,1.0,1.0,1.0,113
transformer_add113_f0.3_wd0.1_softmax_ce_s3,transformer,20672,1.0,1.0,1.0,113
transformer_add113_f0.3_wd0.1_softmax_ce_s3,transformer,21176,1.0,1.0,1.0,113
transformer_add113_f0.3_wd0.1_softmax_ce_s3,transformer,21681,1.0,1.0,1.0,113
transformer_add113_f0.3_wd0.1_softmax_ce_s3,transformer,22185,1.0,1.0,1.0,113
transformer_add113_f0.3_wd0.1_softmax_ce_s3,transformer,22689,1.0,1.0,1.0,113
transformer_add113_f0.3_wd0.1_softmax_ce_s3,transformer,23193,1.0,1.0,1.0,113
transformer_add113_f0.3_wd0.1_softmax_ce_s3,transformer,23697,1.0,1.0,1.0,113
transformer_add113_f0.3_wd0.1_softmax_ce_s3,transformer,24202,1.0,1.0,1.0,113
transformer_add113_f0.3_wd0.1_softmax_ce_s3,transformer,24706,1.0,1.0,1.0,113
transformer_add113_f0.3_wd0.1_softmax_ce_s3,transformer,25210,1.0,1.0,1.0,113
transformer_add113_f0.3_wd0.1_softmax_ce_s3,transformer,25714,1.0,1.0,1.0,113
transformer_add113_f0.3_wd0.1_softmax_ce_s3,transformer,26218,1.0,1.0,1.0,113
transformer_add113_f0.3_wd0.1_softmax_ce_s3,transformer,26723,1.0,1.0,1.0,113
transformer_add113_f0.3_wd0.1_softmax_ce_s3,transformer,27227,1.0,1.0,1.0,113
transformer_add113_f0.3_wd0.1_softmax_ce_s3,transformer,27731,1.0,1.0,1.0,113
transformer_add113_f0.3_wd0.1_softmax_ce_s3,transformer,28235,1.0,1.0,1.0,113
transformer_add113_f0.3_wd0.1_softmax_ce_s3,transformer,28739,1.0,1.0,1.0,113
transformer_add113_f0.3_wd0.1_softmax_ce_s3,transformer,29244,1.0,1.0,1.0,113
transformer_add113_f0.3_wd0.1_softmax_ce_s3,transformer,29748,1.0,1.0,1.0,113
transformer_add113_f0.3_wd0.1_softmax_ce_s3,transformer,30252,1.0,1.0,1.0,113
transformer_add113_f0.3_wd0.1_softmax_ce_s3,transformer,30756,1.0,1.0,1.0,113
transformer_add113_f0.3_wd0.1_softmax_ce_s3,transformer,31261,1.0,1.0,1.0,113
transformer_add113_f0.3_wd0.1_softmax_ce_s3,transformer,31765,1.0,1.0,1.0,113
transformer_add113_f0.3_wd0.1_softmax_ce_s3,transformer,32269,1.0,1.0,1.0,113
transformer_add113_f0.3_wd0.1_softmax_ce_s3,transformer,32773,1.0,1.0,1.0,113
transformer_add113_f0.3_wd0.1_softmax_ce_s3,transformer,33277,1.0,1.0,1.0,113
transformer_add113_f0.3_wd0.1_softmax_ce_s3,transformer,33782,1.0,1.0,1.0,113
transformer_add113_f0.3_wd0.1_softmax_ce_s3,transformer,34286,1.0,1.0,1.0,113
transformer_add113_f0.3_wd0.1_softmax_ce_s3,transformer,34790,1.0,1.0,1.0,113
transformer_add113_f0.3_wd0.1_softmax_ce_s3,transformer,35294,1.0,1.0,1.0,113
transformer_add113_f0.3_wd0.1_softmax_ce_s3,transformer,35798,1.0,1.0,1.0,113
transformer_add113_f0.3_wd0.1_softmax_ce_s3,transformer,36303,1.0,1.0,1.0,113
transformer_add113_f0.3_wd0.1_softmax_ce_s3,transformer,36807,1.0,1.0,1.0,113
transformer_add113_f0.3_wd0.1_softmax_ce_s3,transformer,37311,1.0,1.0,1.0,113
transformer_add113_f0.3_wd0.1_softmax_ce_s3,transformer,37815,1.0,1.0,1.0,113
transformer_add113_f0.3_wd0.1_softmax_ce_s3,transformer,38319,0.9996867413266505,0.9995524725889461,0.999683944350741,113
transformer_add113_f0.3_wd0.1_softmax_ce_s3,transformer,38824,1.0,1.0,1.0,113
transformer_add113_f0.3_wd0.1_softmax_ce_s3,transformer,39328,1.0,1.0,1.0,113
transformer_add113_f0.3_wd0.1_softmax_ce_s3,transformer,39832,1.0,1.0,1.0,113
transformer_add113_f0.3_wd0.1_softmax_ce_s3,transformer,40336,1.0,1.0,1.0,113
transformer_add113_f0.3_wd0.1_softmax_ce_s3,transformer,40840,1.0,1.0,1.0,113
transformer_add113_f0.3_wd0.1_softmax_ce_s3,transformer,41345,1.0,1.0,1.0,113
transformer_add113_f0.3_wd0.1_softmax_ce_s3,transformer,41849,1.0,1.0,1.0,113
transformer_add113_f0.3_wd0.1_softmax_ce_s3,transformer,42353,1.0,1.0,1.0,113
transformer_add113_f0.3_wd0.1_softmax_ce_s3,transformer,42857,1.0,1.0,1.0,113
transformer_add113_f0.3_wd0.1_softmax_ce_s3,transformer,43361,1.0,1.0,1.0,113
transformer_add113_f0.3_wd0.1_softmax_ce_s3,transformer,43866,1.0,1.0,1.0,113
transformer_add113_f0.3_wd0.1_softmax_ce_s3,transformer,44370,1.0,1.0,1.0,113
transformer_add113_f0.3_wd0.1_softmax_ce_s3,transformer,44874,0.9996867413266505,0.9995524725889461,0.999683944358564,113
transformer_add113_f0.3_wd0.1_softmax_ce_s3,transformer,45378,1.0,1.0,1.0,113
transformer_add113_f0.3_wd0.1_softmax_ce_s3,transformer,45882,1.0,1.0,1.0,113
transformer_add113_f0.3_wd0.1_softmax_ce_s3,transformer,46387,1.0,1.0,1.0,113
transformer_add113_f0.3_wd0.1_softmax_ce_s3,transformer,46891,0.9807345915890047,0.9789662116804654,0.9805551538387169,113
transformer_add113_f0.3_wd0.1_softmax_ce_s3,transformer,47395,1.0,1.0,1.0,113
transformer_add113_f0.3_wd0.1_softmax_ce_s3,transformer,47899,0.9996867413266505,0.9995524725889461,0.9996839441864591,113
transformer_add113_f0.3_wd0.1_softmax_ce_s3,transformer,48403,1.0,1.0,1.0,113
transformer_add113_f0.3_wd0.1_softmax_ce_s3,transformer,48908,1.0,1.0,1.0,113
transformer_add113_f0.3_wd0.1_softmax_ce_s3,transformer,49412,1.0,1.0,1.0,113
transformer_add113_f0.3_wd0.1_softmax_ce_s3,transformer,49916,1.0,1.0,1.0,113
transformer_add113_f0.3_wd0.1_softmax_ce_s3,transformer,50420,1.0,1.0,1.0,113
transformer_add113_f0.3_wd0.1_softmax_ce_s3,transformer,50924,1.0,1.0,1.0,113
transformer_add113_f0.3_wd0.1_softmax_ce_s3,transformer,51429,1.0,1.0,1.0,113
transformer_add113_f0.3_wd0.1_softmax_ce_s3,transformer,51933,1.0,1.0,1.0,113
transformer_add113_f0.3_wd0.1_softmax_ce_s3,transformer,52437,0.9998433706633253,0.999776236294473,0.9998419721831935,113
transformer_add113_f0.3_wd0.1_softmax_ce_s3,transformer,52941,1.0,1.0,1.0,113
transformer_add113_f0.3_wd0.1_softmax_ce_s3,transformer,53445,1.0,1.0,1.0,113
transformer_add113_f0.3_wd0.1_softmax_ce_s3,transformer,53950,1.0,1.0,1.0,113
transformer_add113_f0.3_wd0.1_softmax_ce_s3,transformer,54454,1.0,1.0,1.0,113
transformer_add113_f0.3_wd0.1_softmax_ce_s3,transformer,54958,1.0,1.0,1.0,113
transformer_add113_f0.3_wd0.1_softmax_ce_s3,transformer,55462,1.0,1.0,1.0,113
transformer_add113_f0.3_wd0.1_softmax_ce_s3,transformer,55966,1.0,1.0,1.0,113
transformer_add113_f0.3_wd0.1_softmax_ce_s3,transformer,56471,1.0,1.0,1.0,113
transformer_add113_f0.3_wd0.1_softmax_ce_s3,transformer,56975,1.0,1.0,1.0,113
transformer_add113_f0.3_wd0.1_softmax_ce_s3,transformer,57479,1.0,1.0,1.0,113
transformer_add113_f0.3_wd0.1_softmax_ce_s3,transformer,57983,1.0,1.0,1.0,113
transformer_add113_f0.3_wd0.1_softmax_ce_s3,transformer,58487,1.0,1.0,1.0,113
transformer_add113_f0.3_wd0.1_softmax_ce_s3,transformer,58992,1.0,1.0,1.0,113
transformer_add113_f0.3_wd0.1_softmax_ce_s3,transformer,59496,1.0,1.0,1.0,113
transformer_add113_f0.3_wd0.1_softmax_ce_s3,transformer,60000,1.0,1.0,1.0,113
transformer_add113_f0.3_wd0.1_softmax_ce_s4,transformer,0,0.9976505599498786,0.9978742447974939,0.9900517789492661,4
transformer_add113_f0.3_wd0.1_softmax_ce_s4,transformer,504,0.9196491502858486,0.8852092190646678,0.9188998830018386,113
transformer_add113_f0.3_wd0.1_softmax_ce_s4,transformer,1008,0.9309264625264312,0.9013202058626091,0.9302753805544708,113
transformer_add113_f0.3_wd0.1_softmax_ce_s4,transformer,1513,0.9121309421254601,0.9090400537032893,0.9101505583956292,103
transformer_add113_f0.3_wd0.1_softmax_ce_s4,transformer,2017,0.9281071344662856,0.8972924591631237,0.9274389303219751,113
transformer_add113_f0.3_wd0.1_softmax_ce_s4,transformer,2521,0.890046205654319,0.8435891698366524,0.8890068016880484,113
transformer_add113_f0.3_wd0.1_softmax_ce_s4,transformer,3025,0.9003837418748531,0.8577981651376146,0.8994569219522404,113
transformer_add113_f0.3_wd0.1_softmax_ce_s4,transformer,3529,0.9080585793719164,0.8686507048556724,0.9072113136145054,113
transformer_add113_f0.3_wd0.1_softmax_ce_s4,transformer,4034,0.9136972354922077,0.8767061982546431,0.9128951748499261,113
transformer_add113_f0.3_wd0.1_softmax_ce_s4,transformer,4538,0.9204322969692224,0.8863280375923025,0.9196875314598291,113
transformer_add113_f0.3_wd0.1_softmax_ce_s4,transformer,5042,0.9183961155924505,0.883419109420452,0.9176254945470661,113
transformer_add113_f0.3_wd0.1_softmax_ce_s4,transformer,5546,0.9060223979951445,0.8657417766838219,0.9051491575119728,113
transformer_add113_f0.3_wd0.1_softmax_ce_s4,transformer,6050,0.9234082543660428,0.892481539494294,0.922150549276384,113
transformer_add113_f0.3_wd0.1_softmax_ce_s4,transformer,6555,0.9060223979951445,0.8657417766838219,0.9051477072453699,113
transformer_add113_f0.3_wd0.1_softmax_ce_s4,transformer,7059,0.8980343018247318,0.8547773551130007,0.8970757462013013,113
transformer_add113_f0.3_wd0.1_softmax_ce_s4,transformer,7563,0.9028898112616494,0.8612665025732826,0.9019915955302965,113
transformer_add113_f0.3_wd0.1_softmax_ce_s4,transformer,8067,0.9036729579450231,0.8623853211009175,0.9027916806617023,113
transformer_add113_f0.3_wd0.1_softmax_ce_s4,transformer,8571,0.9169864515623777,0.8814052360707093,0.9162126223948523,113
transformer_add113_f0.3_wd0.1_softmax_ce_s4,transformer,9076,0.9213720729892709,0.8876706198254644,0.9206482541171985,113
transformer_add113_f0.3_wd0.1_softmax_ce_s4,transformer,9580,0.9257576944161642,0.8939360035802193,0.9250703455982503,113
transformer_add113_f0.3_wd0.1_softmax_ce_s4,transformer,10084,0.9761923408254366,0.9659879167599016,0.9759783561534379,113
transformer_add113_f0.3_wd0.1_softmax_ce_s4,transformer,10588,0.9989035946432767,0.9984336540613112,0.9988938036806043,113
transformer_add113_f0.3_wd0.1_softmax_ce_s4,transformer,11092,1.0,1.0,1.0,113
transformer_add113_f0.3_wd0.1_softmax_ce_s4,transformer,11597,1.0,1.0,1.0,113
transformer_add113_f0.3_wd0.1_softmax_ce_s4,transformer,12101,0.9998433706633253,0.999776236294473,0.9998419721343001,113
transformer_add113_f0.3_wd0.1_softmax_ce_s4,transformer,12605,1.0,1.0,1.0,113
transformer_add113_f0.3_wd0.1_softmax_ce_s4,transformer,13109,0.9968674132665049,0.9958603714477512,0.996839422698242,113
transformer_add113_f0.3_wd0.1_softmax_ce_s4,transformer,13613,1.0,1.0,1.0,113
transformer_add113_f0.3_wd0.1_softmax_ce_s4,transformer,14118,0.9998433706633253,0.999776236294473,0.9998419721597247,113
transformer_add113_f0.3_wd0.1_softmax_ce_s4,transformer,14622,1.0,1.0,1.0,113
transformer_add113_f0.3_wd0.1_softmax_ce_s4,transformer,15126,1.0,1.0,1.0,113
transformer_add113_f0.3_wd0.1_softmax_ce_s4,transformer,15630,1.0,1.0,1.0,113
transformer_add113_f0.3_wd0.1_softmax_ce_s4,transformer,16134,1.0,1.0,1.0,113
transformer_add113_f0.3_wd0.1_softmax_ce_s4,transformer,16639,1.0,1.0,1.0,113
transformer_add113_f0.3_wd0.1_softmax_ce_s4,transformer,17143,1.0,1.0,1.0,113
transformer_add113_f0.3_wd0.1_softmax_ce_s4,transformer,17647,1.0,1.0,1.0,113
transformer_add113_f0.3_wd0.1_softmax_ce_s4,transformer,18151,1.0,1.0,1.0,113
transformer_add113_f0.3_wd0.1_softmax_ce_s4,transformer,18655,1.0,1.0,1.0,113
transformer_add113_f0.3_wd0.1_softmax_ce_s4,transformer,19160,1.0,1.0,1.0,113
transformer_add113_f0.3_wd0.1_softmax_ce_s4,transformer,19664,1.0,1.0,1.0,113
transformer_add113_f0.3_wd0.1_softmax_ce_s4,transformer,20168,1.0,1.0,1.0,113
transformer_add113_f0.3_wd0.1_softmax_ce_s4,transformer,20672,1.0,1.0,1.0,113
transformer_add113_f0.3_wd0.1_softmax_ce_s4,transformer,21176,1.0,1.0,1.0,113
transformer_add113_f0.3_wd0.1_softmax_ce_s4,transformer,21681,1.0,1.0,1.0,113
transformer_add113_f0.3_wd0.1_softmax_ce_s4,transformer,22185,1.0,1.0,1.0,113
transformer_add113_f0.3_wd0.1_softmax_ce_s4,transformer,22689,1.0,1.0,1.0,113
transformer_add113_f0.3_wd0.1_softmax_ce_s4,transformer,23193,1.0,1.0,1.0,113
transformer_add113_f0.3_wd0.1_softmax_ce_s4,transformer,23697,1.0,1.0,1.0,113
transformer_add113_f0.3_wd0.1_softmax_ce_s4,transformer,24202,1.0,1.0,1.0,113
transformer_add113_f0.3_wd0.1_softmax_ce_s4,transformer,24706,1.0,1.0,1.0,113
transformer_add113_f0.3_wd0.1_softmax_ce_s4,transformer,25210,1.0,1.0,1.0,113
transformer_add113_f0.3_wd0.1_softmax_ce_s4,transformer,25714,1.0,1.0,1.0,113
transformer_add113_f0.3_wd0.1_softmax_ce_s4,transformer,26218,1.0,1.0,1.0,113
transformer_add113_f0.3_wd0.1_softmax_ce_s4,transformer,26723,1.0,1.0,1.0,113
transformer_add113_f0.3_wd0.1_softmax_ce_s4,transformer,27227,1.0,1.0,1.0,113
transformer_add113_f0.3_wd0.1_softmax_ce_s4,transformer,27731,1.0,1.0,1.0,113
transformer_add113_f0.3_wd0.1_softmax_ce_s4,transformer,28235,0.9921685331662621,0.9922801521593198,0.9883821479042012,16
transformer_add113_f0.3_wd0.1_softmax_ce_s4,transformer,28739,1.0,1.0,1.0,113
transformer_add113_f0.3_wd0.1_softmax_ce_s4,transformer,29244,1.0,1.0,1.0,113
transformer_add113_f0.3_wd0.1_softmax_ce_s4,transformer,29748,1.0,1.0,1.0,113
transformer_add113_f0.3_wd0.1_softmax_ce_s4,transformer,30252,1.0,1.0,1.0,113
transformer_add113_f0.3_wd0.1_softmax_ce_s4,transformer,30756,1.0,1.0,1.0,113
transformer_add113_f0.3_wd0.1_softmax_ce_s4,transformer,31261,1.0,1.0,1.0,113
transformer_add113_f0.3_wd0.1_softmax_ce_s4,transformer,31765,0.9766622288354608,0.9729245916312375,0.9764512944447732,113
transformer_add113_f0.3_wd0.1_softmax_ce_s4,transformer,32269,1.0,1.0,1.0,113
transformer_add113_f0.3_wd0.1_softmax_ce_s4,transformer,32773,0.9996867413266505,0.9995524725889461,0.9996839443350951,113
transformer_add113_f0.3_wd0.1_softmax_ce_s4,transformer,33277,1.0,1.0,1.0,113
transformer_add113_f0.3_wd0.1_softmax_ce_s4,transformer,33782,1.0,1.0,1.0,113
transformer_add113_f0.3_wd0.1_softmax_ce_s4,transformer,34286,1.0,1.0,1.0,113
transformer_add113_f0.3_wd0.1_softmax_ce_s4,transformer,34790,1.0,1.0,1.0,113
transformer_add113_f0.3_wd0.1_softmax_ce_s4,transformer,35294,1.0,1.0,1.0,113
transformer_add113_f0.3_wd0.1_softmax_ce_s4,transformer,35798,1.0,1.0,1.0,113
transformer_add113_f0.3_wd0.1_softmax_ce_s4,transformer,36303,1.0,1.0,1.0,113
transformer_add113_f0.3_wd0.1_softmax_ce_s4,transformer,36807,1.0,1.0,1.0,113
transformer_add113_f0.3_wd0.1_softmax_ce_s4,transformer,37311,1.0,1.0,1.0,113
transformer_add113_f0.3_wd0.1_softmax_ce_s4,transformer,37815,1.0,1.0,1.0,113
transformer_add113_f0.3_wd0.1_softmax_ce_s4,transformer,38319,1.0,1.0,1.0,113
transformer_add113_f0.3_wd0.1_softmax_ce_s4,transformer,38824,1.0,1.0,1.0,113
transformer_add113_f0.3_wd0.1_softmax_ce_s4,transformer,39328,1.0,1.0,1.0,113
transformer_add113_f0.3_wd0.1_softmax_ce_s4,transformer,39832,1.0,1.0,1.0,113
transformer_add113_f0.3_wd0.1_softmax_ce_s4,transformer,40336,1.0,1.0,1.0,113
transformer_add113_f0.3_wd0.1_softmax_ce_s4,transformer,40840,1.0,1.0,1.0,113
transformer_add113_f0.3_wd0.1_softmax_ce_s4,transformer,41345,1.0,1.0,1.0,113
transformer_add113_f0.3_wd0.1_softmax_ce_s4,transformer,41849,1.0,1.0,1.0,113
transformer_add113_f0.3_wd0.1_softmax_ce_s4,transformer,42353,1.0,1.0,1.0,113
transformer_add113_f0.3_wd0.1_softmax_ce_s4,transformer,42857,1.0,1.0,1.0,113
transformer_add113_f0.3_wd0.1_softmax_ce_s4,transformer,43361,1.0,1.0,1.0,113
transformer_add113_f0.3_wd0.1_softmax_ce_s4,transformer,43866,1.0,1.0,1.0,113
transformer_add113_f0.3_wd0.1_softmax_ce_s4,transformer,44370,1.0,1.0,1.0,113
transformer_add113_f0.3_wd0.1_softmax_ce_s4,transformer,44874,1.0,1.0,1.0,113
transformer_add113_f0.3_wd0.1_softmax_ce_s4,transformer,45378,1.0,1.0,1.0,113
transformer_add113_f0.3_wd0.1_softmax_ce_s4,transformer,45882,1.0,1.0,1.0,113
transformer_add113_f0.3_wd0.1_softmax_ce_s4,transformer,46387,1.0,1.0,1.0,113
transformer_add113_f0.3_wd0.1_softmax_ce_s4,transformer,46891,1.0,1.0,1.0,113
transformer_add113_f0.3_wd0.1_softmax_ce_s4,transformer,47395,1.0,1.0,1.0,113
transformer_add113_f0.3_wd0.1_softmax_ce_s4,transformer,47899,1.0,1.0,1.0,113
transformer_add113_f0.3_wd0.1_softmax_ce_s4,transformer,48403,1.0,1.0,1.0,113
transformer_add113_f0.3_wd0.1_softmax_ce_s4,transformer,48908,1.0,1.0,1.0,113
transformer_add113_f0.3_wd0.1_softmax_ce_s4,transformer,49412,1.0,1.0,1.0,113
transformer_add113_f0.3_wd0.1_softmax_ce_s4,transformer,49916,1.0,1.0,1.0,113
transformer_add113_f0.3_wd0.1_softmax_ce_s4,transformer,50420,0.9989035946432767,0.9984336540613112,0.9988938041460705,113
transformer_add113_f0.3_wd0.1_softmax_ce_s4,transformer,50924,1.0,1.0,1.0,113
transformer_add113_f0.3_wd0.1_softmax_ce_s4,transformer,51429,1.0,1.0,1.0,113
transformer_add113_f0.3_wd0.1_softmax_ce_s4,transformer,51933,1.0,1.0,1.0,113
transformer_add113_f0.3_wd0.1_softmax_ce_s4,transformer,52437,1.0,1.0,1.0,113
transformer_add113_f0.3_wd0.1_softmax_ce_s4,transformer,52941,1.0,1.0,1.0,113
transformer_add113_f0.3_wd0.1_softmax_ce_s4,transformer,53445,0.9982770772965777,0.9976504810919669,0.9982616879699275,113
transformer_add113_f0.3_wd0.1_softmax_ce_s4,transformer,53950,1.0,1.0,1.0,113
transformer_add113_f0.3_wd0.1_softmax_ce_s4,transformer,54454,1.0,1.0,1.0,113
transformer_add113_f0.3_wd0.1_softmax_ce_s4,transformer,54958,1.0,1.0,1.0,113
transformer_add113_f0.3_wd0.1_softmax_ce_s4,transformer,55462,1.0,1.0,1.0,113
transformer_add113_f0.3_wd0.1_softmax_ce_s4,transformer,55966,0.9285770224763098,0.9276124412620274,0.9276979478815542,111
transformer_add113_f0.3_wd0.1_softmax_ce_s4,transformer,56471,1.0,1.0,1.0,113
transformer_add113_f0.3_wd0.1_softmax_ce_s4,transformer,56975,1.0,1.0,1.0,113
transformer_add113_f0.3_wd0.1_softmax_ce_s4,transformer,57479,1.0,1.0,1.0,113
transformer_add113_f0.3_wd0.1_softmax_ce_s4,transformer,57983,1.0,1.0,1.0,113
transformer_add113_f0.3_wd0.1_softmax_ce_s4,transformer,58487,1.0,1.0,1.0,113
transformer_add113_f0.3_wd0.1_softmax_ce_s4,transformer,58992,1.0,1.0,1.0,113
transformer_add113_f0.3_wd0.1_softmax_ce_s4,transformer,59496,1.0,1.0,1.0,113
transformer_add113_f0.3_wd0.1_softmax_ce_s4,transformer,60000,1.0,1.0,1.0,113
transformer_add97_f0.3_wd1.0_softmax_ce_s0,transformer,0,0.9959613136358806,0.9968114181597327,0.9937907731133677,5
transformer_add97_f0.3_wd1.0_softmax_ce_s0,transformer,1,0.9944733765543629,0.994685696932888,0.9884325142838121,8
transformer_add97_f0.3_wd1.0_softmax_ce_s0,transformer,2,0.9921351897119779,0.9921044640145764,0.9871664326049797,21
transformer_add97_f0.3_wd1.0_softmax_ce_s0,transformer,3,0.9900095653098098,0.9905860917096873,0.9859988718628434,19
transformer_add97_f0.3_wd1.0_softmax_ce_s0,transformer,4,0.9866085662663407,0.9857273003340419,0.9827498015374657,14
transformer_add97_f0.3_wd1.0_softmax_ce_s0,transformer,5,0.9925603145924116,0.9914971150926207,0.9881041703549706,11
transformer_add97_f0.3_wd1.0_softmax_ce_s0,transformer,6,0.9921351897119779,0.9924081384755542,0.9876667313325456,14
transformer_add97_f0.3_wd1.0_softmax_ce_s0,transformer,7,0.9914975023913275,0.9921044640145764,0.9718953032090254,19
transformer_add97_f0.3_wd1.0_softmax_ce_s0,transformer,8,0.9936231267934956,0.9931673246279988,0.9761911851125026,22
transformer_add97_f0.3_wd1.0_softmax_ce_s0,transformer,9,0.9880965033478585,0.9893713938657759,0.9713684318518426,20
transformer_add97_f0.3_wd1.0_softmax_ce_s0,transformer,10,0.9863960038261239,0.9866383237169754,0.9752975903689087,25
transformer_add97_f0.3_wd1.0_softmax_ce_s0,transformer,11,0.987458816027208,0.9889158821743091,0.9799920621470739,33
transformer_add97_f0.3_wd1.0_softmax_ce_s0,transformer,12,0.9821447550217877,0.9820832068023079,0.9747001841733224,41
transformer_add97_f0.3_wd1.0_softmax_ce_s0,transformer,13,0.9755553193750665,0.9755542058912845,0.9687972666828366,47
transformer_add97_f0.3_wd1.0_softmax_ce_s0,transformer,14,0.9676905090870443,0.9670513209839052,0.9623179416166914,59
transformer_add97_f0.3_wd1.0_softmax_ce_s0,transformer,15,0.9685407588479116,0.9685696932887944,0.9654021821292625,74
transformer_add97_f0.3_wd1.0_softmax_ce_s0,transformer,16,0.966840259326177,0.9685696932887944,0.9648569396664636,76
transformer_add97_f0.3_wd1.0_softmax_ce_s0,transformer,18,0.9604633861196726,0.9582447616155482,0.9591831241902857,86
transformer_add97_f0.3_wd1.0_softmax_ce_s0,transformer,19,0.9572749495164204,0.9568782265411478,0.9561023226036379,87
transformer_add97_f0.3_wd1.0_softmax_ce_s0,transformer,20,0.9506855138696992,0.953082295778925,0.9494829232064239,92
transformer_add97_f0.3_wd1.0_softmax_ce_s0,transformer,22,0.9536613880327346,0.9550561797752809,0.9526765951065327,95
transformer_add97_f0.3_wd1.0_softmax_ce_s0,transformer,23,0.9398448294186418,0.9392651078044336,0.9386058680198177,95
transformer_add97_f0.3_wd1.0_softmax_ce_s0,transformer,25,0.9449463279838453,0.9473124810203462,0.9438869360437102,95
transformer_add97_f0.3_wd1.0_softmax_ce_s0,transformer,27,0.9375066425762568,0.9351655025812329,0.9363646069335293,95
transformer_add97_f0.3_wd1.0_softmax_ce_s0,transformer,29,0.9266659581251993,0.9265107804433648,0.9253848606457936,94
transformer_add97_f0.3_wd1.0_softmax_ce_s0,transformer,31,0.916675523435009,0.915122988156696,0.9152057843639899,94
transformer_add97_f0.3_wd1.0_softmax_ce_s0,transformer,33,0.915612711233925,0.9142119647737625,0.9141816542190415,97
transformer_add97_f0.3_wd1.0_softmax_ce_s0,transformer,36,0.9173132107556595,0.9160340115396295,0.9159789044920227,97
transformer_add97_f0.3_wd1.0_softmax_ce_s0,transformer,39,0.920076522478478,0.9183115699969633,0.9188645257121815,97
transformer_add97_f0.3_wd1.0_softmax_ce_s0,transformer,41,0.9079604633861197,0.90616459155785,0.9065883155266105,97
transformer_add97_f0.3_wd1.0_softmax_ce_s0,transformer,44,0.8956318418535445,0.8943212875797145,0.8941063302575671,97
transformer_add97_f0.3_wd1.0_softmax_ce_s0,transformer,48,0.8913805930492082,0.8883996355906468,0.8898316038594783,97
transformer_add97_f0.3_wd1.0_softmax_ce_s0,transformer,51,0.8860665320437878,0.8805040996052232,0.8844785963556551,97
transformer_add97_f0.3_wd1.0_softmax_ce_s0,transformer,55,0.8690615368264427,0.8601579107197085,0.8672322529600953,97
transformer_add97_f0.3_wd1.0_softmax_ce_s0,transformer,59,0.8677861621851419,0.8548436076525964,0.8659652260213794,97
transformer_add97_f0.3_wd1.0_softmax_ce_s0,transformer,64,0.852906791369965,0.8422411175220164,0.850936017508292,96
transformer_add97_f0.3_wd1.0_softmax_ce_s0,transformer,68,0.8533319162503985,0.8420892802915275,0.8514607239577453,97
transformer_add97_f0.3_wd1.0_softmax_ce_s0,transformer,73,0.8556701030927835,0.8411782569085939,0.853879517629185,97
transformer_add97_f0.3_wd1.0_softmax_ce_s0,transformer,79,0.8410032947178233,0.8238688126328576,0.8390933280974524,97
transformer_add97_f0.3_wd1.0_softmax_ce_s0,transformer,85,0.8416409820384738,0.8193136957181901,0.8398073356473502,97
transformer_add97_f0.3_wd1.0_softmax_ce_s0,transformer,91,0.8584334148156021,0.8341937443061038,0.8568130143987787,97
transformer_add97_f0.3_wd1.0_softmax_ce_s0,transformer,98,0.8645977255818896,0.8310051624658367,0.8630924024913642,97
transformer_add97_f0.3_wd1.0_softmax_ce_s0,transformer,105,0.8754384100329472,0.8370786516853933,0.8740552039953495,97
transformer_add97_f0.3_wd1.0_softmax_ce_s0,transformer,113,0.8754384100329472,0.8322198603097479,0.8740768831888981,97
transformer_add97_f0.3_wd1.0_softmax_ce_s0,transformer,121,0.8679987246253587,0.8202247191011236,0.866561192793085,97
transformer_add97_f0.3_wd1.0_softmax_ce_s0,transformer,130,0.868848974386226,0.8206802307925903,0.8674204749351554,97
transformer_add97_f0.3_wd1.0_softmax_ce_s0,transformer,140,0.8656605377829737,0.8153659277254783,0.8641869845121689,97
transformer_add97_f0.3_wd1.0_softmax_ce_s0,transformer,150,0.8645977255818896,0.8136957181901002,0.8631230433594168,97
transformer_add97_f0.3_wd1.0_softmax_ce_s0,transformer,161,0.8605590392177702,0.8070148800485879,0.8590382787000727,97
transformer_add97_f0.3_wd1.0_softmax_ce_s0,transformer,173,0.8582208523753853,0.8041299726692985,0.85667292520467,97
transformer_add97_f0.3_wd1.0_softmax_ce_s0,transformer,186,0.8518439791688809,0.7951715760704525,0.8502283318800908,97
transformer_add97_f0.3_wd1.0_softmax_ce_s0,transformer,200,0.8558826655330003,0.8006377163680535,0.854307536680435,97
transformer_add97_f0.3_wd1.0_softmax_ce_s0,transformer,215,0.8518439791688809,0.7945642271484968,0.8502210049204525,97
transformer_add97_f0.3_wd1.0_softmax_ce_s0,transformer,231,0.8518439791688809,0.7947160643789857,0.8502175053772528,97
transformer_add97_f0.3_wd1.0_softmax_ce_s0,transformer,248,0.8499309172069295,0.7921348314606742,0.8482815011117794,97
transformer_add97_f0.3_wd1.0_softmax_ce_s0,transformer,266,0.8431289191199915,0.7819617370179168,0.8414186031629944,97
transformer_add97_f0.3_wd1.0_softmax_ce_s0,transformer,286,0.847167605484111,0.7875797145460067,0.845492987533596,97
transformer_add97_f0.3_wd1.0_softmax_ce_s0,transformer,307,0.8503560420873632,0.7919829942301853,0.8487149335402439,97
transformer_add97_f0.3_wd1.0_softmax_ce_s0,transformer,330,0.8431289191199915,0.7812025508654722,0.8413902877892984,97
transformer_add97_f0.3_wd1.0_softmax_ce_s0,transformer,355,0.8456796684025932,0.7837837837837838,0.8439913157752477,97
transformer_add97_f0.3_wd1.0_softmax_ce_s0,transformer,381,0.8456796684025932,0.783480109322806,0.8439926697085992,97
transformer_add97_f0.3_wd1.0_softmax_ce_s0,transformer,409,0.8501434796471463,0.7897054357728515,0.8485039913456496,97
transformer_add97_f0.3_wd1.0_softmax_ce_s0,transformer,440,0.8546072908916994,0.796082599453386,0.8530144396177737,97
transformer_add97_f0.3_wd1.0_softmax_ce_s0,transformer,472,0.860771601657987,0.8045854843607653,0.8592442068514592,97
transformer_add97_f0.3_wd1.0_softmax_ce_s0,transformer,507,0.8601339143373365,0.8035226237473428,0.8585955611483805,97
transformer_add97_f0.3_wd1.0_softmax_ce_s0,transformer,545,0.8690615368264427,0.8149104160340115,0.8676170072767495,97
transformer_add97_f0.3_wd1.0_softmax_ce_s0,transformer,585,0.8660856626634074,0.8109626480412997,0.8646199572665824,97
transformer_add97_f0.3_wd1.0_softmax_ce_s0,transformer,629,0.8652354129025401,0.8098997874278773,0.863755733984897,97
transformer_add97_f0.3_wd1.0_softmax_ce_s0,transformer,676,0.8580082899351684,0.7998785302156088,0.8564486493255632,97
transformer_add97_f0.3_wd1.0_softmax_ce_s0,transformer,726,0.862046976299288,0.8058001822046766,0.8605238060628797,97
transformer_add97_f0.3_wd1.0_softmax_ce_s0,transformer,780,0.8622595387395048,0.8056483449741877,0.8607377039369932,97
transformer_add97_f0.3_wd1.0_softmax_ce_s0,transformer,837,0.877989159315549,0.8325235347707258,0.8766306148694122,97
transformer_add97_f0.3_wd1.0_softmax_ce_s0,transformer,900,0.8743755978318631,0.8220467658669905,0.8730069783462645,97
transformer_add97_f0.3_wd1.0_softmax_ce_s0,transformer,966,0.8656605377829737,0.8095961129668995,0.8641943386247518,97
transformer_add97_f0.3_wd1.0_softmax_ce_s0,transformer,1038,0.8626846636199383,0.8056483449741877,0.8611799267942885,97
transformer_add97_f0.3_wd1.0_softmax_ce_s0,transformer,1115,0.8558826655330003,0.846644397206195,0.8537971365030068,97
transformer_add97_f0.3_wd1.0_softmax_ce_s0,transformer,1198,0.8605590392177702,0.8026116003644094,0.8590414045252149,97
transformer_add97_f0.3_wd1.0_softmax_ce_s0,transformer,1287,0.8901052184079074,0.8524142119647737,0.8888218596094382,97
transformer_add97_f0.3_wd1.0_softmax_ce_s0,transformer,1382,0.86991178658731,0.8155177649559672,0.8684968604334179,97
transformer_add97_f0.3_wd1.0_softmax_ce_s0,transformer,1485,0.8696992241470932,0.8150622532645004,0.8682752686832197,97
transformer_add97_f0.3_wd1.0_softmax_ce_s0,transformer,1595,0.8743755978318631,0.8215912541755238,0.8730163018222317,97
transformer_add97_f0.3_wd1.0_softmax_ce_s0,transformer,1713,0.8969072164948454,0.8543880959611296,0.895773933357341,97
transformer_add97_f0.3_wd1.0_softmax_ce_s0,transformer,1841,0.8873419066850887,0.839204372912238,0.8861198026061659,97
transformer_add97_f0.3_wd1.0_softmax_ce_s0,transformer,1977,0.8811775959188012,0.8308533252353477,0.8798943626496596,97
transformer_add97_f0.3_wd1.0_softmax_ce_s0,transformer,2124,0.8839409076416197,0.8343455815365928,0.8826807471005224,97
transformer_add97_f0.3_wd1.0_softmax_ce_s0,transformer,2282,0.8958444042937613,0.8511995141208625,0.8947200305371534,97
transformer_add97_f0.3_wd1.0_softmax_ce_s0,transformer,2451,0.8947815920926773,0.8496811418159733,0.8936440450674098,97
transformer_add97_f0.3_wd1.0_softmax_ce_s0,transformer,2633,0.9005207779785311,0.8578803522623747,0.8994381119245237,97
transformer_add97_f0.3_wd1.0_softmax_ce_s0,transformer,2828,0.8210224253374429,0.805192833282721,0.8188559117606521,97
transformer_add97_f0.3_wd1.0_softmax_ce_s0,transformer,3038,0.8892549686470401,0.8417856058305496,0.8880437714870066,97
transformer_add97_f0.3_wd1.0_softmax_ce_s0,transformer,3264,0.897332341375279,0.8533252353477072,0.8962051349937097,97
transformer_add97_f0.3_wd1.0_softmax_ce_s0,transformer,3506,0.9047720267828675,0.8639538414819313,0.9037244834531823,97
transformer_add97_f0.3_wd1.0_softmax_ce_s0,transformer,3766,0.920076522478478,0.8858184026723352,0.9191927147122185,97
transformer_add97_f0.3_wd1.0_softmax_ce_s0,transformer,4046,0.929216707407801,0.898876404494382,0.9284270843027507,97
transformer_add97_f0.3_wd1.0_softmax_ce_s0,transformer,4346,0.9051971516633011,0.864561190403887,0.9041518111110849,97
transformer_add97_f0.3_wd1.0_softmax_ce_s0,transformer,4669,0.9192262727176108,0.8846037048284239,0.9183417003655053,97
transformer_add97_f0.3_wd1.0_softmax_ce_s0,transformer,5015,0.9277287703262833,0.8967506832675372,0.926934051807011,97
transformer_add97_f0.3_wd1.0_softmax_ce_s0,transformer,5388,0.9105112126687215,0.8721530519283328,0.9095340570781119,97
transformer_add97_f0.3_wd1.0_softmax_ce_s0,transformer,5788,0.9236900839621639,0.8909808685089584,0.9228623624192934,97
transformer_add97_f0.3_wd1.0_softmax_ce_s0,transformer,6217,0.9324051440110532,0.9034315214090495,0.9316646984132378,97
transformer_add97_f0.3_wd1.0_softmax_ce_s0,transformer,6679,0.9139122117121905,0.8770118433039782,0.9129724272061067,97
transformer_add97_f0.3_wd1.0_softmax_ce_s0,transformer,7174,0.9217770220002126,0.8882477983601579,0.9209184383120963,97
transformer_add97_f0.3_wd1.0_softmax_ce_s0,transformer,7707,0.920076522478478,0.8858184026723352,0.9192071550200369,97
transformer_add97_f0.3_wd1.0_softmax_ce_s0,transformer,8279,0.9426081411414603,0.9180078955359854,0.9419797776196372,97
transformer_add97_f0.3_wd1.0_softmax_ce_s0,transformer,8893,0.9222021468806462,0.8888551472821136,0.92136337157147,97
transformer_add97_f0.3_wd1.0_softmax_ce_s0,transformer,9553,0.9451588904240621,0.9216519890677194,0.9445568485626353,97
transformer_add97_f0.3_wd1.0_softmax_ce_s0,transformer,10263,0.9421830162610266,0.9174005466140298,0.9415516975040082,97
transformer_add97_f0.3_wd1.0_softmax_ce_s0,transformer,11024,0.9077479009459029,0.868205283935621,0.9067401800077458,97
transformer_add97_f0.3_wd1.0_softmax_ce_s0,transformer,11843,0.946434265065363,0.9234740358335864,0.94584911946479,97
transformer_add97_f0.3_wd1.0_softmax_ce_s0,transformer,12722,0.9389945796577744,0.9128454296993623,0.9383333212301095,97
transformer_add97_f0.3_wd1.0_softmax_ce_s0,transformer,13666,0.9402699542990753,0.9146674764652293,0.9396193087015365,97
transformer_add97_f0.3_wd1.0_softmax_ce_s0,transformer,14680,0.9317674566904028,0.902520498026116,0.9310296423815817,97
transformer_add97_f0.3_wd1.0_softmax_ce_s0,transformer,15770,0.9419704538208099,0.9170968721530519,0.9413457461607275,97
transformer_add97_f0.3_wd1.0_softmax_ce_s0,transformer,16940,0.9434583909023275,0.9192225933798968,0.9428478377806384,97
transformer_add97_f0.3_wd1.0_softmax_ce_s0,transformer,18198,0.9545116377936018,0.935013665350744,0.9540188680287989,97
transformer_add97_f0.3_wd1.0_softmax_ce_s0,transformer,19548,0.9587628865979382,0.9410871545703007,0.9583201419705365,97
transformer_add97_f0.3_wd1.0_softmax_ce_s0,transformer,20999,0.9617387607609735,0.9453385970239903,0.9613261900282439,97
transformer_add97_f0.3_wd1.0_softmax_ce_s0,transformer,22558,0.9277287703262833,0.8967506832675372,0.926934353860908,97
transformer_add97_f0.3_wd1.0_softmax_ce_s0,transformer,24232,0.9625890105218408,0.9465532948679016,0.9621879548520732,97
transformer_add97_f0.3_wd1.0_softmax_ce_s0,transformer,26031,0.9755553193750665,0.9650774369875493,0.9752951511772542,97
transformer_add97_f0.3_wd1.0_softmax_ce_s0,transformer,27963,0.9921351897119779,0.9887640449438202,0.9920529979409148,97
transformer_add97_f0.3_wd1.0_softmax_ce_s0,transformer,30039,0.9997874375597832,0.9996963255390222,0.9997852231176623,97
transformer_add97_f0.3_wd1.0_softmax_ce_s0,transformer,32268,1.0,1.0,1.0,97
transformer_add97_f0.3_wd1.0_softmax_ce_s0,transformer,34663,1.0,1.0,1.0,97
transformer_add97_f0.3_wd1.0_softmax_ce_s0,transformer,37236,1.0,1.0,1.0,97
transformer_add97_f0.3_wd1.0_softmax_ce_s0,transformer,40000,1.0,1.0,1.0,97
transformer_add97_f0.3_wd1.0_softmax_ce_s1,transformer,0,0.9995748751195663,0.9995444883085333,0.9865389375074202,2
transformer_add97_f0.3_wd1.0_softmax_ce_s1,transformer,1,0.9989371877989159,0.9986334649255998,0.9945367121447106,4
transformer_add97_f0.3_wd1.0_softmax_ce_s1,transformer,2,0.9948985014347965,0.994533859702399,0.9906133422011152,7
transformer_add97_f0.3_wd1.0_softmax_ce_s1,transformer,3,0.9929854394728451,0.9930154873975099,0.9885619646174127,11
transformer_add97_f0.3_wd1.0_softmax_ce_s1,transformer,4,0.9982995004782655,0.9989371393865776,0.9809494595783437,6
transformer_add97_f0.3_wd1.0_softmax_ce_s1,transformer,5,0.9993623126793496,0.9995444883085333,0.9717072476435257,4
transformer_add97_f0.3_wd1.0_softmax_ce_s1,transformer,6,0.9987246253586991,0.9987853021560886,0.9805595826374419,11
transformer_add97_f0.3_wd1.0_softmax_ce_s1,transformer,7,0.9872462535869911,0.9861828120255086,0.9754260759917278,17
transformer_add97_f0.3_wd1.0_softmax_ce_s1,transformer,8,0.9787437559783186,0.978439113270574,0.9724750905273765,27
transformer_add97_f0.3_wd1.0_softmax_ce_s1,transformer,9,0.9778935062174514,0.9766170665047069,0.9716845646332823,36
transformer_add97_f0.3_wd1.0_softmax_ce_s1,transformer,10,0.9781060686576681,0.978287276040085,0.9740789420929642,34
transformer_add97_f0.3_wd1.0_softmax_ce_s1,transformer,11,0.9776809437772346,0.9754023686607957,0.9742404176580399,35
transformer_add97_f0.3_wd1.0_softmax_ce_s1,transformer,12,0.9738548198533319,0.9758578803522624,0.9703568710938184,36
transformer_add97_f0.3_wd1.0_softmax_ce_s1,transformer,13,0.969178446168562,0.9690252049802611,0.9654181690494532,42
transformer_add97_f0.3_wd1.0_softmax_ce_s1,transformer,14,0.9717291954511638,0.9726692985119951,0.9682557121400579,43
transformer_add97_f0.3_wd1.0_softmax_ce_s1,transformer,15,0.9685407588479116,0.9681141815973276,0.9646599252634869,47
transformer_add97_f0.3_wd1.0_softmax_ce_s1,transformer,16,0.9676905090870443,0.9662921348314607,0.9639718790974812,52
transformer_add97_f0.3_wd1.0_softmax_ce_s1,transformer,18,0.953236263152301,0.952930458548436,0.9499715898723152,64
transformer_add97_f0.3_wd1.0_softmax_ce_s1,transformer,19,0.9528111382718674,0.9544488308533252,0.9501536937203092,68
transformer_add97_f0.3_wd1.0_softmax_ce_s1,transformer,20,0.9483473270273143,0.9468569693288794,0.9457788394409677,73
transformer_add97_f0.3_wd1.0_softmax_ce_s1,transformer,22,0.9462217026251462,0.9450349225630125,0.9440047726601208,81
transformer_add97_f0.3_wd1.0_softmax_ce_s1,transformer,23,0.9389945796577744,0.9375948982690556,0.9367539977104915,82
transformer_add97_f0.3_wd1.0_softmax_ce_s1,transformer,25,0.9313423318099692,0.9351655025812329,0.9293864055005193,89
transformer_add97_f0.3_wd1.0_softmax_ce_s1,transformer,27,0.9207142097991285,0.9216519890677194,0.9188256525922959,89
transformer_add97_f0.3_wd1.0_softmax_ce_s1,transformer,29,0.9241152088425975,0.9251442453689644,0.9224174284657506,91
transformer_add97_f0.3_wd1.0_softmax_ce_s1,transformer,31,0.9241152088425975,0.9272699665958093,0.9225201927073814,93
transformer_add97_f0.3_wd1.0_softmax_ce_s1,transformer,33,0.9122117121904559,0.9126935924688734,0.910506478285612,94
transformer_add97_f0.3_wd1.0_softmax_ce_s1,transformer,36,0.9160378361143586,0.9134527786213179,0.9145167736814647,96
transformer_add97_f0.3_wd1.0_softmax_ce_s1,transformer,39,0.9251780210436816,0.9274218038262982,0.9239178163889913,96
transformer_add97_f0.3_wd1.0_softmax_ce_s1,transformer,41,0.9168880858752259,0.9190707561494078,0.9155609280909845,97
transformer_add97_f0.3_wd1.0_softmax_ce_s1,transformer,44,0.904134339462217,0.9040388703310052,0.9026578237932912,97
transformer_add97_f0.3_wd1.0_softmax_ce_s1,transformer,48,0.9056222765437347,0.9006984512602491,0.9041883707606277,97
transformer_add97_f0.3_wd1.0_softmax_ce_s1,transformer,51,0.904134339462217,0.9013058001822046,0.9027270723591726,97
transformer_add97_f0.3_wd1.0_softmax_ce_s1,transformer,55,0.8871293442448719,0.8833890069845126,0.8854921191789061,97
transformer_add97_f0.3_wd1.0_softmax_ce_s1,transformer,59,0.8852162822829206,0.8779228666869117,0.8836004426649832,97
transformer_add97_f0.3_wd1.0_softmax_ce_s1,transformer,64,0.8754384100329472,0.8680534467051321,0.8737263620850719,97
transformer_add97_f0.3_wd1.0_softmax_ce_s1,transformer,68,0.8660856626634074,0.8540844215001518,0.8642960404746313,97
transformer_add97_f0.3_wd1.0_softmax_ce_s1,transformer,73,0.8614092889786374,0.8470999088976617,0.8595802598210212,97
transformer_add97_f0.3_wd1.0_softmax_ce_s1,transformer,79,0.8614092889786374,0.8481627695110842,0.8596459839923244,97
transformer_add97_f0.3_wd1.0_softmax_ce_s1,transformer,85,0.8550324157721331,0.8413300941390829,0.853257828874519,97
transformer_add97_f0.3_wd1.0_softmax_ce_s1,transformer,91,0.85056860452758,0.8343455815365928,0.8488158186486577,97
transformer_add97_f0.3_wd1.0_softmax_ce_s1,transformer,98,0.852906791369965,0.8305496507743699,0.8512026027708877,97
transformer_add97_f0.3_wd1.0_softmax_ce_s1,transformer,105,0.8750132851525135,0.8504403279684178,0.8735911389328043,97
transformer_add97_f0.3_wd1.0_softmax_ce_s1,transformer,113,0.875650972473164,0.8425447919829943,0.8742856622117879,97
transformer_add97_f0.3_wd1.0_softmax_ce_s1,transformer,121,0.8901052184079074,0.8525660491952627,0.888898354590317,97
transformer_add97_f0.3_wd1.0_softmax_ce_s1,transformer,130,0.8909554681687746,0.8510476768903735,0.8897689714861003,97
transformer_add97_f0.3_wd1.0_softmax_ce_s1,transformer,140,0.8875544691253056,0.8449741876708169,0.8863281293266886,97
transformer_add97_f0.3_wd1.0_softmax_ce_s1,transformer,150,0.8886172813263896,0.8478590950501063,0.8874046874968955,97
transformer_add97_f0.3_wd1.0_softmax_ce_s1,transformer,161,0.8860665320437878,0.8433039781354388,0.8848259242748672,97
transformer_add97_f0.3_wd1.0_softmax_ce_s1,transformer,173,0.8850037198427038,0.8425447919829943,0.8837547620919145,97
transformer_add97_f0.3_wd1.0_softmax_ce_s1,transformer,186,0.8835157827611861,0.8390525356817492,0.882252256617923,97
transformer_add97_f0.3_wd1.0_softmax_ce_s1,transformer,200,0.8816027207992347,0.8369268144549044,0.8803144364529423,97
transformer_add97_f0.3_wd1.0_softmax_ce_s1,transformer,215,0.8775640344351153,0.8300941390829031,0.8762313245109792,97
transformer_add97_f0.3_wd1.0_softmax_ce_s1,transformer,231,0.8724625358699117,0.8221986030974795,0.8710797813914646,97
transformer_add97_f0.3_wd1.0_softmax_ce_s1,transformer,248,0.8773514719948985,0.8278165806255694,0.8760186823118853,97
transformer_add97_f0.3_wd1.0_softmax_ce_s1,transformer,266,0.877989159315549,0.8290312784694808,0.876663479478789,97
transformer_add97_f0.3_wd1.0_softmax_ce_s1,transformer,286,0.8816027207992347,0.8343455815365928,0.8803160026045957,97
transformer_add97_f0.3_wd1.0_softmax_ce_s1,transformer,307,0.8788394090764162,0.830397813543881,0.8775263013485597,97
transformer_add97_f0.3_wd1.0_softmax_ce_s1,transformer,330,0.8862790944840047,0.8407227452171272,0.8850430564287831,97
transformer_add97_f0.3_wd1.0_softmax_ce_s1,transformer,355,0.8850037198427038,0.8384451867597935,0.8837547196172704,97
transformer_add97_f0.3_wd1.0_softmax_ce_s1,transformer,381,0.8864916569242215,0.8402672335256605,0.8852576436007645,97
transformer_add97_f0.3_wd1.0_softmax_ce_s1,transformer,409,0.8996705282176639,0.8590950501062861,0.8985755233524079,97
transformer_add97_f0.3_wd1.0_softmax_ce_s1,transformer,440,0.8998830906578807,0.859246887336775,0.8987915336789013,97
transformer_add97_f0.3_wd1.0_softmax_ce_s1,transformer,472,0.8901052184079074,0.8443668387488612,0.8889008286029607,97
transformer_add97_f0.3_wd1.0_softmax_ce_s1,transformer,507,0.8898926559676905,0.8439113270573945,0.8886893457089133,97
transformer_add97_f0.3_wd1.0_softmax_ce_s1,transformer,545,0.8937187798915932,0.8495293045854844,0.8925588882689403,97
transformer_add97_f0.3_wd1.0_softmax_ce_s1,transformer,585,0.8930810925709427,0.8486182812025509,0.8919123507277245,97
transformer_add97_f0.3_wd1.0_softmax_ce_s1,transformer,629,0.8918057179296418,0.8467962344366838,0.8906238241905972,97
transformer_add97_f0.3_wd1.0_softmax_ce_s1,transformer,676,0.8956318418535445,0.8522623747342849,0.89449297767304,97
transformer_add97_f0.3_wd1.0_softmax_ce_s1,transformer,726,0.894994154532894,0.8513513513513513,0.8938489646494059,97
transformer_add97_f0.3_wd1.0_softmax_ce_s1,transformer,780,0.9068976511850356,0.8729122380807774,0.9058282554856979,97
transformer_add97_f0.3_wd1.0_softmax_ce_s1,transformer,837,0.9054097141035179,0.8656240510173094,0.9043874310748835,97
transformer_add97_f0.3_wd1.0_softmax_ce_s1,transformer,900,0.9026464023806994,0.8616762830245976,0.9015915380253148,97
transformer_add97_f0.3_wd1.0_softmax_ce_s1,transformer,966,0.8935062174513764,0.8486182812025509,0.8923463318702368,97
transformer_add97_f0.3_wd1.0_softmax_ce_s1,transformer,1038,0.8954192794133277,0.8513513513513513,0.8942765432283727,97
transformer_add97_f0.3_wd1.0_softmax_ce_s1,transformer,1115,0.9003082155383144,0.8581840267233526,0.899225933340903,97
transformer_add97_f0.3_wd1.0_softmax_ce_s1,transformer,1198,0.8977574662557126,0.8546917704221075,0.8966483019539231,97
transformer_add97_f0.3_wd1.0_softmax_ce_s1,transformer,1287,0.8939313423318099,0.8745824476161554,0.8925488795285278,97
transformer_add97_f0.3_wd1.0_softmax_ce_s1,transformer,1382,0.904134339462217,0.8639538414819313,0.9030946459200351,97
transformer_add97_f0.3_wd1.0_softmax_ce_s1,transformer,1485,0.9037092145817834,0.8636501670209535,0.9026361168616868,97
transformer_add97_f0.3_wd1.0_softmax_ce_s1,transformer,1595,0.9028589648209161,0.8618281202550866,0.9018053833752967,97
transformer_add97_f0.3_wd1.0_softmax_ce_s1,transformer,1713,0.9015835901796153,0.8601579107197085,0.9005052018879947,97
transformer_add97_f0.3_wd1.0_softmax_ce_s1,transformer,1841,0.8728876607503454,0.8507440024293957,0.8713384912282668,97
transformer_add97_f0.3_wd1.0_softmax_ce_s1,transformer,1977,0.8994579657774471,0.8569693288794412,0.8983644755231979,97
transformer_add97_f0.3_wd1.0_softmax_ce_s1,transformer,2124,0.8988202784567967,0.855602793805041,0.8977181172310726,97
transformer_add97_f0.3_wd1.0_softmax_ce_s1,transformer,2282,0.9105112126687215,0.8723048891588218,0.9095399367261935,97
transformer_add97_f0.3_wd1.0_softmax_ce_s1,transformer,2451,0.9124242746306728,0.8748861220771333,0.911472112619755,97
transformer_add97_f0.3_wd1.0_softmax_ce_s1,transformer,2633,0.9037092145817834,0.8625873064075311,0.9026665641481683,97
transformer_add97_f0.3_wd1.0_softmax_ce_s1,transformer,2828,0.9037092145817834,0.8625873064075311,0.9026625230970224,97
transformer_add97_f0.3_wd1.0_softmax_ce_s1,transformer,3038,0.9071102136252525,0.8672942605526875,0.906097313297541,97
transformer_add97_f0.3_wd1.0_softmax_ce_s1,transformer,3264,0.9154001487937081,0.8791375645308229,0.9144786270218418,97
transformer_add97_f0.3_wd1.0_softmax_ce_s1,transformer,3506,0.9213518971197789,0.8876404494382022,0.9204938587613309,97
transformer_add97_f0.3_wd1.0_softmax_ce_s1,transformer,3766,0.934955893293655,0.9070756149407835,0.9342462243273674,97
transformer_add97_f0.3_wd1.0_softmax_ce_s1,transformer,4046,0.9428207035816771,0.9183115699969633,0.9421954132361037,97
transformer_add97_f0.3_wd1.0_softmax_ce_s1,transformer,4346,0.9313423318099692,0.9019131491041603,0.9305959900053523,97
transformer_add97_f0.3_wd1.0_softmax_ce_s1,transformer,4669,0.9421830162610266,0.9174005466140298,0.9415555736421128,97
transformer_add97_f0.3_wd1.0_softmax_ce_s1,transformer,5015,0.9457965777447125,0.9225630124506529,0.9452035300392074,97
transformer_add97_f0.3_wd1.0_softmax_ce_s1,transformer,5388,0.9296418322882347,0.8994837534163377,0.9288761947356611,97
transformer_add97_f0.3_wd1.0_softmax_ce_s1,transformer,5788,0.9419704538208099,0.9170968721530519,0.9413396381051594,97
transformer_add97_f0.3_wd1.0_softmax_ce_s1,transformer,6217,0.9540865129131683,0.9344063164287884,0.9535833641335825,97
transformer_add97_f0.3_wd1.0_softmax_ce_s1,transformer,6679,0.9413327665001594,0.9161858487701184,0.9406990815048866,97
transformer_add97_f0.3_wd1.0_softmax_ce_s1,transformer,7174,0.9508980763099161,0.9298511995141209,0.9503650867547195,97
transformer_add97_f0.3_wd1.0_softmax_ce_s1,transformer,7707,0.9426081411414603,0.9180078955359854,0.9419876821418323,97
transformer_add97_f0.3_wd1.0_softmax_ce_s1,transformer,8279,0.9504729514294824,0.9292438505921652,0.9499361143936346,97
transformer_add97_f0.3_wd1.0_softmax_ce_s1,transformer,8893,0.9381443298969072,0.911630731855451,0.9374707738415342,97
transformer_add97_f0.3_wd1.0_softmax_ce_s1,transformer,9553,0.9562121373153364,0.9374430610385667,0.9557357914638822,97
transformer_add97_f0.3_wd1.0_softmax_ce_s1,transformer,10263,0.947497077266447,0.9249924081384756,0.9469289316691867,97
transformer_add97_f0.3_wd1.0_softmax_ce_s1,transformer,11024,0.9411202040599426,0.9158821743091407,0.9404860197373303,97
transformer_add97_f0.3_wd1.0_softmax_ce_s1,transformer,11843,0.9538739504729514,0.9341026419678105,0.9533759283497254,97
transformer_add97_f0.3_wd1.0_softmax_ce_s1,transformer,12722,0.9540865129131683,0.9344063164287884,0.95359110163178,97
transformer_add97_f0.3_wd1.0_softmax_ce_s1,transformer,13666,0.9583377617175045,0.940479805648345,0.9578871246036113,97
transformer_add97_f0.3_wd1.0_softmax_ce_s1,transformer,14680,0.952173450951217,0.9316732462799878,0.9516561092346201,97
transformer_add97_f0.3_wd1.0_softmax_ce_s1,transformer,15770,0.9611010734403231,0.9444275736410568,0.9606796960887003,97
transformer_add97_f0.3_wd1.0_softmax_ce_s1,transformer,16940,0.9574875119566373,0.9392651078044336,0.957029301184729,97
transformer_add97_f0.3_wd1.0_softmax_ce_s1,transformer,18198,0.966840259326177,0.9526267840874583,0.9664821025579556,97
transformer_add97_f0.3_wd1.0_softmax_ce_s1,transformer,19548,0.9679030715272612,0.9541451563923474,0.9675579676590095,97
transformer_add97_f0.3_wd1.0_softmax_ce_s1,transformer,20999,0.9676905090870443,0.9538414819313695,0.9673404902237707,97
transformer_add97_f0.3_wd1.0_softmax_ce_s1,transformer,22558,0.9525985758316505,0.9322805952019435,0.9520894464353828,97
transformer_add97_f0.3_wd1.0_softmax_ce_s1,transformer,24232,0.9715166330109469,0.9593076222289706,0.9712111983521412,97
transformer_add97_f0.3_wd1.0_softmax_ce_s1,transformer,26031,0.9545116377936018,0.935013665350744,0.9540256691228005,97
transformer_add97_f0.3_wd1.0_softmax_ce_s1,transformer,27963,0.9849080667446062,0.978439113270574,0.9847493701891837,97
transformer_add97_f0.3_wd1.0_softmax_ce_s1,transformer,30039,0.9987246253586991,0.998177953234133,0.9987113362056136,97
transformer_add97_f0.3_wd1.0_softmax_ce_s1,transformer,32268,1.0,1.0,1.0,97
transformer_add97_f0.3_wd1.0_softmax_ce_s1,transformer,34663,1.0,1.0,1.0,97
transformer_add97_f0.3_wd1.0_softmax_ce_s1,transformer,37236,1.0,1.0,1.0,97
transformer_add97_f0.3_wd1.0_softmax_ce_s1,transformer,40000,1.0,1.0,1.0,97
transformer_add97_f0.3_wd1.0_softmax_ce_s2,transformer,0,0.9989371877989159,0.9987853021560886,0.9571920457006421,3
transformer_add97_f0.3_wd1.0_softmax_ce_s2,transformer,1,0.997661813157615,0.9972669298511995,0.9925873924436366,8
transformer_add97_f0.3_wd1.0_softmax_ce_s2,transformer,2,0.9891593155489425,0.9887640449438202,0.9831009655494367,12
transformer_add97_f0.3_wd1.0_softmax_ce_s2,transformer,3,0.9891593155489425,0.9887640449438202,0.9825025592968336,15
transformer_add97_f0.3_wd1.0_softmax_ce_s2,transformer,4,0.9880965033478585,0.9869419981779533,0.982518893817004,26
transformer_add97_f0.3_wd1.0_softmax_ce_s2,transformer,5,0.9798065681794027,0.9790464621925296,0.9766968986987513,26
transformer_add97_f0.3_wd1.0_softmax_ce_s2,transformer,6,0.9859708789456902,0.9852717886425751,0.9832285236469568,20
transformer_add97_f0.3_wd1.0_softmax_ce_s2,transformer,7,0.9872462535869911,0.987245672638931,0.983583758511487,22
transformer_add97_f0.3_wd1.0_softmax_ce_s2,transformer,8,0.988521628228292,0.9889158821743091,0.9837976802906918,24
transformer_add97_f0.3_wd1.0_softmax_ce_s2,transformer,9,0.9904346901902434,0.9901305800182205,0.986556285997191,30
transformer_add97_f0.3_wd1.0_softmax_ce_s2,transformer,10,0.9863960038261239,0.9857273003340419,0.9825995680579486,35
transformer_add97_f0.3_wd1.0_softmax_ce_s2,transformer,11,0.9808693803804868,0.9805648344974187,0.9778314387221132,42
transformer_add97_f0.3_wd1.0_softmax_ce_s2,transformer,12,0.9791688808587523,0.9790464621925296,0.9771903600191377,47
transformer_add97_f0.3_wd1.0_softmax_ce_s2,transformer,13,0.9757678818152833,0.9758578803522624,0.9742752294739727,54
transformer_add97_f0.3_wd1.0_softmax_ce_s2,transformer,14,0.9759804442555,0.9763133920437291,0.9748268175720209,64
transformer_add97_f0.3_wd1.0_softmax_ce_s2,transformer,15,0.9738548198533319,0.9726692985119951,0.9727885806122314,70
transformer_add97_f0.3_wd1.0_softmax_ce_s2,transformer,16,0.969178446168562,0.9681141815973276,0.9680881742757758,75
transformer_add97_f0.3_wd1.0_softmax_ce_s2,transformer,18,0.966840259326177,0.9696325539022168,0.9657782033535777,82
transformer_add97_f0.3_wd1.0_softmax_ce_s2,transformer,19,0.9655648846848762,0.9644700880655936,0.964490989716011,83
transformer_add97_f0.3_wd1.0_softmax_ce_s2,transformer,20,0.9617387607609735,0.9593076222289706,0.9605856746909959,88
transformer_add97_f0.3_wd1.0_softmax_ce_s2,transformer,22,0.955574449994686,0.9570300637716368,0.9543632941530751,93
transformer_add97_f0.3_wd1.0_softmax_ce_s2,transformer,23,0.9470719523860134,0.9479198299423018,0.9457741568802012,92
transformer_add97_f0.3_wd1.0_softmax_ce_s2,transformer,25,0.9400573918588585,0.9410871545703007,0.938859580327828,94
transformer_add97_f0.3_wd1.0_softmax_ce_s2,transformer,27,0.9417578913805931,0.9400242939568783,0.9406562177018569,95
transformer_add97_f0.3_wd1.0_softmax_ce_s2,transformer,29,0.9294292698480179,0.9289401761311874,0.9281887155758305,96
transformer_add97_f0.3_wd1.0_softmax_ce_s2,transformer,31,0.9192262727176108,0.9160340115396295,0.9179256125656988,96
transformer_add97_f0.3_wd1.0_softmax_ce_s2,transformer,33,0.9062599638643851,0.9057090798663833,0.9048524708124965,96
transformer_add97_f0.3_wd1.0_softmax_ce_s2,transformer,36,0.8975449038154958,0.8941694503492257,0.8960777903845344,97
transformer_add97_f0.3_wd1.0_softmax_ce_s2,transformer,39,0.8869167818046552,0.8836926814454904,0.8853139821369271,97
transformer_add97_f0.3_wd1.0_softmax_ce_s2,transformer,41,0.8854288447231374,0.8824779836015791,0.8837696838566735,97
transformer_add97_f0.3_wd1.0_softmax_ce_s2,transformer,44,0.8748007227122967,0.8692681445490434,0.8730680756865846,97
transformer_add97_f0.3_wd1.0_softmax_ce_s2,transformer,48,0.8769263471144648,0.8726085636197995,0.875296869785615,97
transformer_add97_f0.3_wd1.0_softmax_ce_s2,transformer,51,0.86991178658731,0.8641056787124203,0.8682092093215826,97
transformer_add97_f0.3_wd1.0_softmax_ce_s2,transformer,55,0.8652354129025401,0.8589432128757971,0.8634864446361461,97
transformer_add97_f0.3_wd1.0_softmax_ce_s2,transformer,59,0.8592836645764693,0.8487701184330397,0.8574912903066907,97
transformer_add97_f0.3_wd1.0_softmax_ce_s2,transformer,64,0.8601339143373365,0.8499848162769511,0.858361819601354,97
transformer_add97_f0.3_wd1.0_softmax_ce_s2,transformer,68,0.8543947284514827,0.8416337686000608,0.8526121938939973,97
transformer_add97_f0.3_wd1.0_softmax_ce_s2,transformer,73,0.857370602614518,0.8401153962951716,0.8556516398575703,97
transformer_add97_f0.3_wd1.0_softmax_ce_s2,transformer,79,0.8571580401743012,0.8434558153659277,0.8554583600340598,97
transformer_add97_f0.3_wd1.0_softmax_ce_s2,transformer,85,0.8403656073971729,0.8215912541755238,0.8385119381351465,97
transformer_add97_f0.3_wd1.0_softmax_ce_s2,transformer,91,0.8412158571580401,0.8174916489523231,0.8394141667017379,97
transformer_add97_f0.3_wd1.0_softmax_ce_s2,transformer,98,0.8716122861090445,0.8449741876708169,0.8701644473487499,97
transformer_add97_f0.3_wd1.0_softmax_ce_s2,transformer,105,0.8788394090764162,0.8452778621317947,0.8774965189685406,97
transformer_add97_f0.3_wd1.0_softmax_ce_s2,transformer,113,0.8924434052502923,0.8551472821135743,0.8912545100063834,97
transformer_add97_f0.3_wd1.0_softmax_ce_s2,transformer,121,0.8867042193644383,0.8474035833586395,0.8854688394668175,97
transformer_add97_f0.3_wd1.0_softmax_ce_s2,transformer,130,0.8975449038154958,0.8584877011843304,0.8964255666542403,97
transformer_add97_f0.3_wd1.0_softmax_ce_s2,transformer,140,0.8884047188861728,0.8469480716671728,0.8871852095138675,97
transformer_add97_f0.3_wd1.0_softmax_ce_s2,transformer,150,0.888192156445956,0.8455815365927726,0.886972079525196,97
transformer_add97_f0.3_wd1.0_softmax_ce_s2,transformer,161,0.8760760973535976,0.8287276040085029,0.8747211945832626,97
transformer_add97_f0.3_wd1.0_softmax_ce_s2,transformer,173,0.8794770963970666,0.8329790464621926,0.8781610419208545,97
transformer_add97_f0.3_wd1.0_softmax_ce_s2,transformer,186,0.8696992241470932,0.8191618584877012,0.8682788365088873,97
transformer_add97_f0.3_wd1.0_softmax_ce_s2,transformer,200,0.8692740992666596,0.8179471606437898,0.8678513439036242,97
transformer_add97_f0.3_wd1.0_softmax_ce_s2,transformer,215,0.8705494739079604,0.819465532948679,0.8691394694331364,97
transformer_add97_f0.3_wd1.0_softmax_ce_s2,transformer,231,0.8671484748644914,0.8152140904949894,0.8657014535404733,97
transformer_add97_f0.3_wd1.0_softmax_ce_s2,transformer,248,0.8618344138590711,0.806863042818099,0.8603296201324673,97
transformer_add97_f0.3_wd1.0_softmax_ce_s2,transformer,266,0.8628972260601552,0.808685089583966,0.8614025041939708,97
transformer_add97_f0.3_wd1.0_softmax_ce_s2,transformer,286,0.8480178552449782,0.7884907379289402,0.8463324225800303,97
transformer_add97_f0.3_wd1.0_softmax_ce_s2,transformer,307,0.851631416728664,0.7913756453082296,0.8500180412747828,97
transformer_add97_f0.3_wd1.0_softmax_ce_s2,transformer,330,0.8526942289297481,0.7930458548436077,0.8510898635053732,97
transformer_add97_f0.3_wd1.0_softmax_ce_s2,transformer,355,0.8548198533319162,0.796082599453386,0.8532294883355147,97
transformer_add97_f0.3_wd1.0_softmax_ce_s2,transformer,381,0.8658731002231905,0.8117218341937443,0.864406774628833,97
transformer_add97_f0.3_wd1.0_softmax_ce_s2,transformer,409,0.8792645339568498,0.8308533252353477,0.8779430363441761,97
transformer_add97_f0.3_wd1.0_softmax_ce_s2,transformer,440,0.8760760973535976,0.8262982083206802,0.8747135433558594,97
transformer_add97_f0.3_wd1.0_softmax_ce_s2,transformer,472,0.8930810925709427,0.8502884907379289,0.8918764165480525,97
transformer_add97_f0.3_wd1.0_softmax_ce_s2,transformer,507,0.8833032203209693,0.8344974187670817,0.8820264504396492,97
transformer_add97_f0.3_wd1.0_softmax_ce_s2,transformer,545,0.8799022212775003,0.8297904646219253,0.8785905150562027,97
transformer_add97_f0.3_wd1.0_softmax_ce_s2,transformer,585,0.8799022212775003,0.8299423018524142,0.8785907646046854,97
transformer_add97_f0.3_wd1.0_softmax_ce_s2,transformer,629,0.8769263471144648,0.8256908593987246,0.8755799675153786,97
transformer_add97_f0.3_wd1.0_softmax_ce_s2,transformer,676,0.8839409076416197,0.8361676283024597,0.8826673898499815,97
transformer_add97_f0.3_wd1.0_softmax_ce_s2,transformer,726,0.8809650334785843,0.8319161858487701,0.8796559616405776,97
transformer_add97_f0.3_wd1.0_softmax_ce_s2,transformer,780,0.8843660325220534,0.8364713027634376,0.8830896925342164,97
transformer_add97_f0.3_wd1.0_softmax_ce_s2,transformer,837,0.891593155489425,0.8460370482842393,0.8904166004786365,97
transformer_add97_f0.3_wd1.0_softmax_ce_s2,transformer,900,0.8826655330003188,0.8334345581536593,0.8813858497000691,97
transformer_add97_f0.3_wd1.0_softmax_ce_s2,transformer,966,0.8784142841959826,0.8272092317036137,0.8770755296172723,97
transformer_add97_f0.3_wd1.0_softmax_ce_s2,transformer,1038,0.8752258475927304,0.8228059520194352,0.873843350149475,97
transformer_add97_f0.3_wd1.0_softmax_ce_s2,transformer,1115,0.8871293442448719,0.8399635590646827,0.88590948598493,97
transformer_add97_f0.3_wd1.0_softmax_ce_s2,transformer,1198,0.8822404081198852,0.8328272092317036,0.8809576406428872,97
transformer_add97_f0.3_wd1.0_softmax_ce_s2,transformer,1287,0.892655967690509,0.8481627695110842,0.8914754827588002,97
transformer_add97_f0.3_wd1.0_softmax_ce_s2,transformer,1382,0.8852162822829206,0.8369268144549044,0.883963604630521,97
transformer_add97_f0.3_wd1.0_softmax_ce_s2,transformer,1485,0.8886172813263896,0.8420892802915275,0.8874074953712717,97
transformer_add97_f0.3_wd1.0_softmax_ce_s2,transformer,1595,0.8835157827611861,0.839204372912238,0.8819417628313323,97
transformer_add97_f0.3_wd1.0_softmax_ce_s2,transformer,1713,0.896056966733978,0.851958700273307,0.8949214864296873,97
transformer_add97_f0.3_wd1.0_softmax_ce_s2,transformer,1841,0.8276118609841641,0.8158214394169451,0.8251896066574346,97
transformer_add97_f0.3_wd1.0_softmax_ce_s2,transformer,1977,0.8954192794133277,0.8507440024293957,0.8942761882900191,97
transformer_add97_f0.3_wd1.0_softmax_ce_s2,transformer,2124,0.8947815920926773,0.8498329790464622,0.8936343609346784,97
transformer_add97_f0.3_wd1.0_softmax_ce_s2,transformer,2282,0.8971197789350622,0.8531733981172184,0.8959995262611613,97
transformer_add97_f0.3_wd1.0_softmax_ce_s2,transformer,2451,0.900733340418748,0.8583358639538414,0.8996501483173905,97
transformer_add97_f0.3_wd1.0_softmax_ce_s2,transformer,2633,0.8941439047720268,0.8489219556635287,0.8929857077121203,97
transformer_add97_f0.3_wd1.0_softmax_ce_s2,transformer,2828,0.8913805930492082,0.8455815365927726,0.8901729157902256,97
transformer_add97_f0.3_wd1.0_softmax_ce_s2,transformer,3038,0.8996705282176639,0.8568174916489524,0.8985626081786342,97
transformer_add97_f0.3_wd1.0_softmax_ce_s2,transformer,3264,0.9066850887448188,0.8668387488612208,0.9056584928485658,97
transformer_add97_f0.3_wd1.0_softmax_ce_s2,transformer,3506,0.9085981507067701,0.8694199817795324,0.9075945428873079,97
transformer_add97_f0.3_wd1.0_softmax_ce_s2,transformer,3766,0.9113614624295887,0.8733677497722442,0.9103871667477134,97
transformer_add97_f0.3_wd1.0_softmax_ce_s2,transformer,4046,0.9264533956849824,0.8949286365016702,0.9256465835956855,97
transformer_add97_f0.3_wd1.0_softmax_ce_s2,transformer,4346,0.9009459028589648,0.8584877011843304,0.8998527024606836,97
transformer_add97_f0.3_wd1.0_softmax_ce_s2,transformer,4669,0.9264533956849824,0.8949286365016702,0.9256469317198075,97
transformer_add97_f0.3_wd1.0_softmax_ce_s2,transformer,5015,0.9266659581251993,0.895232310962648,0.925860543167924,97
transformer_add97_f0.3_wd1.0_softmax_ce_s2,transformer,5388,0.910936337549155,0.8727604008502885,0.9099713965714479,97
transformer_add97_f0.3_wd1.0_softmax_ce_s2,transformer,5788,0.934955893293655,0.9070756149407835,0.9342472859957842,97
transformer_add97_f0.3_wd1.0_softmax_ce_s2,transformer,6217,0.9394197045382081,0.9134527786213179,0.9387584068692333,97
transformer_add97_f0.3_wd1.0_softmax_ce_s2,transformer,6679,0.9311297693697523,0.9016094746431825,0.9303798529281255,97
transformer_add97_f0.3_wd1.0_softmax_ce_s2,transformer,7174,0.9394197045382081,0.9134527786213179,0.938756138197975,97
transformer_add97_f0.3_wd1.0_softmax_ce_s2,transformer,7707,0.9256031459241152,0.8937139386577588,0.9247937672059535,97
transformer_add97_f0.3_wd1.0_softmax_ce_s2,transformer,8279,0.9438835157827612,0.9198299423018524,0.9432743952259051,97
transformer_add97_f0.3_wd1.0_softmax_ce_s2,transformer,8893,0.9336805186523541,0.9052535681749165,0.9329628243153743,97
transformer_add97_f0.3_wd1.0_softmax_ce_s2,transformer,9553,0.9496227016686152,0.9280291527482539,0.9490762194328245,97
transformer_add97_f0.3_wd1.0_softmax_ce_s2,transformer,10263,0.9466468275055797,0.9237777102945642,0.946067463815737,97
transformer_add97_f0.3_wd1.0_softmax_ce_s2,transformer,11024,0.9202890849186949,0.886122077133313,0.9194280925111987,97
transformer_add97_f0.3_wd1.0_softmax_ce_s2,transformer,11843,0.9481347645870974,0.9259034315214091,0.9475728754400553,97
transformer_add97_f0.3_wd1.0_softmax_ce_s2,transformer,12722,0.9551493251142523,0.9359246887336775,0.9546615034086788,97
transformer_add97_f0.3_wd1.0_softmax_ce_s2,transformer,13666,0.9508980763099161,0.9298511995141209,0.9503671858961522,97
transformer_add97_f0.3_wd1.0_softmax_ce_s2,transformer,14680,0.9564246997555532,0.9377467354995445,0.9559518009579392,97
transformer_add97_f0.3_wd1.0_softmax_ce_s2,transformer,15770,0.9568498246359868,0.9383540844215001,0.9563789943116043,97
transformer_add97_f0.3_wd1.0_softmax_ce_s2,transformer,16940,0.9574875119566373,0.9392651078044336,0.9570241412513114,97
transformer_add97_f0.3_wd1.0_softmax_ce_s2,transformer,18198,0.9581251992772877,0.9401761311873671,0.9576670031476375,97
transformer_add97_f0.3_wd1.0_softmax_ce_s2,transformer,19548,0.9611010734403231,0.9444275736410568,0.9606777555809892,97
transformer_add97_f0.3_wd1.0_softmax_ce_s2,transformer,20999,0.9655648846848762,0.9508047373215912,0.9651887085255643,97
transformer_add97_f0.3_wd1.0_softmax_ce_s2,transformer,22558,0.9547242002338187,0.9353173398117218,0.9542347959980985,97
transformer_add97_f0.3_wd1.0_softmax_ce_s2,transformer,24232,0.9696035710489956,0.9565745520801701,0.9692768848236711,97
transformer_add97_f0.3_wd1.0_softmax_ce_s2,transformer,26031,0.9730045700924647,0.9614333434558153,0.9727137532988248,97
transformer_add97_f0.3_wd1.0_softmax_ce_s2,transformer,27963,0.9804442555000531,0.9720619495900394,0.9802364309427387,97
transformer_add97_f0.3_wd1.0_softmax_ce_s2,transformer,30039,0.9944733765543629,0.9921044640145764,0.9944155476391333,97
transformer_add97_f0.3_wd1.0_softmax_ce_s2,transformer,32268,0.997661813157615,0.9966595809292439,0.9976374445869829,97
transformer_add97_f0.3_wd1.0_softmax_ce_s2,transformer,34663,1.0,1.0,1.0,97
transformer_add97_f0.3_wd1.0_softmax_ce_s2,transformer,37236,1.0,1.0,1.0,97
transformer_add97_f0.3_wd1.0_softmax_ce_s2,transformer,40000,1.0,1.0,1.0,97
transformer_add97_f0.3_wd1.0_softmax_ce_s3,transformer,0,1.0,1.0,1.0,4
transformer_add97_f0.3_wd1.0_softmax_ce_s3,transformer,1,0.9959613136358806,0.9968114181597327,0.9948901070458991,11
transformer_add97_f0.3_wd1.0_softmax_ce_s3,transformer,2,0.9912849399511107,0.991041603401154,0.9864768681527512,15
transformer_add97_f0.3_wd1.0_softmax_ce_s3,transformer,3,0.9861834413859071,0.9867901609474643,0.9834484558987282,15
transformer_add97_f0.3_wd1.0_softmax_ce_s3,transformer,4,0.9876713784674248,0.9863346492559976,0.9833365929026885,14
transformer_add97_f0.3_wd1.0_softmax_ce_s3,transformer,5,0.9889467531087257,0.9896750683267537,0.9775181109824204,18
transformer_add97_f0.3_wd1.0_softmax_ce_s3,transformer,6,0.9861834413859071,0.9877011843303978,0.9813293920980607,22
transformer_add97_f0.3_wd1.0_softmax_ce_s3,transformer,7,0.9889467531087257,0.9887640449438202,0.9845764241355377,24
transformer_add97_f0.3_wd1.0_softmax_ce_s3,transformer,8,0.9887341906685089,0.9889158821743091,0.9841884087922714,26
transformer_add97_f0.3_wd1.0_softmax_ce_s3,transformer,9,0.9819321925815708,0.9820832068023079,0.9775487917574465,26
transformer_add97_f0.3_wd1.0_softmax_ce_s3,transformer,10,0.9747050696141991,0.9763133920437291,0.9717338190351568,35
transformer_add97_f0.3_wd1.0_softmax_ce_s3,transformer,11,0.9708789456902965,0.970999088976617,0.9678874704128233,37
transformer_add97_f0.3_wd1.0_softmax_ce_s3,transformer,12,0.9683281964076947,0.9662921348314607,0.9652448708492647,41
transformer_add97_f0.3_wd1.0_softmax_ce_s3,transformer,13,0.9608885110001063,0.9614333434558153,0.9568589518504711,47
transformer_add97_f0.3_wd1.0_softmax_ce_s3,transformer,14,0.9630141354022744,0.962040692377771,0.9589116604187519,51
transformer_add97_f0.3_wd1.0_softmax_ce_s3,transformer,15,0.9598256987990222,0.9579410871545703,0.9558352629162599,59
transformer_add97_f0.3_wd1.0_softmax_ce_s3,transformer,16,0.9530237007120842,0.9523231096264804,0.9494337567279553,63
transformer_add97_f0.3_wd1.0_softmax_ce_s3,transformer,18,0.9419704538208099,0.9421500151837231,0.9395215000934494,80
transformer_add97_f0.3_wd1.0_softmax_ce_s3,transformer,19,0.934955893293655,0.9301548739750987,0.9327480523380435,83
transformer_add97_f0.3_wd1.0_softmax_ce_s3,transformer,20,0.9294292698480179,0.9271181293653203,0.9273916993689623,83
transformer_add97_f0.3_wd1.0_softmax_ce_s3,transformer,22,0.9283664576469338,0.9263589432128758,0.9266563927778996,90
transformer_add97_f0.3_wd1.0_softmax_ce_s3,transformer,23,0.9285790200871507,0.9263589432128758,0.9269719114722598,93
transformer_add97_f0.3_wd1.0_softmax_ce_s3,transformer,25,0.9207142097991285,0.9175523838445186,0.9190910952614665,95
transformer_add97_f0.3_wd1.0_softmax_ce_s3,transformer,27,0.9181634605165268,0.916945034922563,0.9167167252456265,96
transformer_add97_f0.3_wd1.0_softmax_ce_s3,transformer,29,0.924752896163248,0.9219556635286973,0.9235170423060824,97
transformer_add97_f0.3_wd1.0_softmax_ce_s3,transformer,31,0.9266659581251993,0.9255997570604312,0.9254522668805194,97
transformer_add97_f0.3_wd1.0_softmax_ce_s3,transformer,33,0.922414709320863,0.9228666869116308,0.9211893961123435,97
transformer_add97_f0.3_wd1.0_softmax_ce_s3,transformer,36,0.9326177064512701,0.931521409049499,0.931620438875912,97
transformer_add97_f0.3_wd1.0_softmax_ce_s3,transformer,39,0.9273036454458498,0.9231703613726085,0.9262669104762722,97
transformer_add97_f0.3_wd1.0_softmax_ce_s3,transformer,41,0.933893081092571,0.9324324324324325,0.9329482957445412,97
transformer_add97_f0.3_wd1.0_softmax_ce_s3,transformer,44,0.9236900839621639,0.9201336167628302,0.9225892731507009,97
transformer_add97_f0.3_wd1.0_softmax_ce_s3,transformer,48,0.9020087150600489,0.8959914971150926,0.9006606797471847,97
transformer_add97_f0.3_wd1.0_softmax_ce_s3,transformer,51,0.888192156445956,0.8846037048284239,0.8866858026398081,97
transformer_add97_f0.3_wd1.0_softmax_ce_s3,transformer,55,0.8818152832394516,0.8750379593076222,0.8802471438482643,97
transformer_add97_f0.3_wd1.0_softmax_ce_s3,transformer,59,0.8733127856307791,0.8666869116307319,0.8716284275885415,97
transformer_add97_f0.3_wd1.0_softmax_ce_s3,transformer,64,0.8667233499840579,0.852110537503796,0.8650168073373907,97
transformer_add97_f0.3_wd1.0_softmax_ce_s3,transformer,68,0.8558826655330003,0.8437594898269055,0.8540872817296876,97
transformer_add97_f0.3_wd1.0_softmax_ce_s3,transformer,73,0.8452545435221597,0.8316125113877922,0.8433730319709167,97
transformer_add97_f0.3_wd1.0_softmax_ce_s3,transformer,79,0.8497183547667128,0.833890069845126,0.8479489300125298,97
transformer_add97_f0.3_wd1.0_softmax_ce_s3,transformer,85,0.8486555425656287,0.8293349529304586,0.846902747229932,97
transformer_add97_f0.3_wd1.0_softmax_ce_s3,transformer,91,0.859708789456903,0.8314606741573034,0.8581209832114377,97
transformer_add97_f0.3_wd1.0_softmax_ce_s3,transformer,98,0.881390158359018,0.8470999088976617,0.8800754985324831,97
transformer_add97_f0.3_wd1.0_softmax_ce_s3,transformer,105,0.8854288447231374,0.8477072578196174,0.8841635505412799,97
transformer_add97_f0.3_wd1.0_softmax_ce_s3,transformer,113,0.894994154532894,0.8566656544184634,0.893845124492766,97
transformer_add97_f0.3_wd1.0_softmax_ce_s3,transformer,121,0.8875544691253056,0.8458852110537504,0.8863228150395085,97
transformer_add97_f0.3_wd1.0_softmax_ce_s3,transformer,130,0.8743755978318631,0.8284239295475251,0.8730069986476995,97
transformer_add97_f0.3_wd1.0_softmax_ce_s3,transformer,140,0.8677861621851419,0.8190100212572122,0.866351778890539,97
transformer_add97_f0.3_wd1.0_softmax_ce_s3,transformer,150,0.8643851631416729,0.8132402064986335,0.8629079655032641,97
transformer_add97_f0.3_wd1.0_softmax_ce_s3,transformer,161,0.8662982251036242,0.8150622532645004,0.8648358649226741,97
transformer_add97_f0.3_wd1.0_softmax_ce_s3,transformer,173,0.8707620363481773,0.821287579714546,0.8693504116440237,97
transformer_add97_f0.3_wd1.0_softmax_ce_s3,transformer,186,0.8658731002231905,0.8149104160340115,0.8644077005443831,97
transformer_add97_f0.3_wd1.0_softmax_ce_s3,transformer,200,0.8641726007014561,0.8124810203461889,0.8626916546566942,97
transformer_add97_f0.3_wd1.0_softmax_ce_s3,transformer,215,0.8656605377829737,0.814151229881567,0.8641951884371213,97
transformer_add97_f0.3_wd1.0_softmax_ce_s3,transformer,231,0.8760760973535976,0.8287276040085029,0.8747224391784755,97
transformer_add97_f0.3_wd1.0_softmax_ce_s3,transformer,248,0.8796896588372835,0.8337382326146371,0.8783745810421535,97
transformer_add97_f0.3_wd1.0_softmax_ce_s3,transformer,266,0.8750132851525135,0.8243243243243243,0.873627015209459,97
transformer_add97_f0.3_wd1.0_softmax_ce_s3,transformer,286,0.868848974386226,0.8158214394169451,0.86741600275356,97
transformer_add97_f0.3_wd1.0_softmax_ce_s3,transformer,307,0.8728876607503454,0.8215912541755238,0.8714986490026417,97
transformer_add97_f0.3_wd1.0_softmax_ce_s3,transformer,330,0.8733127856307791,0.8223504403279684,0.8719315139108601,97
transformer_add97_f0.3_wd1.0_softmax_ce_s3,transformer,355,0.8786268466361994,0.8299423018524142,0.877300395342222,97
transformer_add97_f0.3_wd1.0_softmax_ce_s3,transformer,381,0.8786268466361994,0.8297904646219253,0.8772968447897775,97
transformer_add97_f0.3_wd1.0_softmax_ce_s3,transformer,409,0.8826655330003188,0.833890069845126,0.8813633806669818,97
transformer_add97_f0.3_wd1.0_softmax_ce_s3,transformer,440,0.860771601657987,0.8026116003644094,0.8592514943221753,97
transformer_add97_f0.3_wd1.0_softmax_ce_s3,transformer,472,0.8643851631416729,0.8079259034315214,0.8629047218805973,97
transformer_add97_f0.3_wd1.0_softmax_ce_s3,transformer,507,0.8643851631416729,0.8079259034315214,0.8629036197653737,97
transformer_add97_f0.3_wd1.0_softmax_ce_s3,transformer,545,0.8662982251036242,0.8106589735803219,0.8648363526581495,97
transformer_add97_f0.3_wd1.0_softmax_ce_s3,transformer,585,0.8692740992666596,0.8149104160340115,0.8678431859774166,97
transformer_add97_f0.3_wd1.0_softmax_ce_s3,transformer,629,0.8726750983101286,0.8196173701791679,0.8712794747006551,97
transformer_add97_f0.3_wd1.0_softmax_ce_s3,transformer,676,0.8945690296524604,0.8505921651989068,0.8934157152385049,97
transformer_add97_f0.3_wd1.0_softmax_ce_s3,transformer,726,0.8837283452014029,0.8351047676890373,0.8824576708365417,97
transformer_add97_f0.3_wd1.0_softmax_ce_s3,transformer,780,0.8750132851525135,0.8226541147889462,0.8736482397535711,97
transformer_add97_f0.3_wd1.0_softmax_ce_s3,transformer,837,0.8769263471144648,0.8253871849377468,0.8755822975603738,97
transformer_add97_f0.3_wd1.0_softmax_ce_s3,transformer,900,0.8799022212775003,0.8296386273914363,0.8785907313316137,97
transformer_add97_f0.3_wd1.0_softmax_ce_s3,transformer,966,0.9020087150600489,0.8651685393258427,0.9009253366239226,97
transformer_add97_f0.3_wd1.0_softmax_ce_s3,transformer,1038,0.891593155489425,0.8460370482842393,0.8904126113318245,97
transformer_add97_f0.3_wd1.0_softmax_ce_s3,transformer,1115,0.8867042193644383,0.8390525356817492,0.8854712797994945,97
transformer_add97_f0.3_wd1.0_softmax_ce_s3,transformer,1198,0.8896800935274737,0.8457333738232614,0.8884656136620328,97
transformer_add97_f0.3_wd1.0_softmax_ce_s3,transformer,1287,0.8803273461579338,0.8297904646219253,0.8790230460329164,97
transformer_add97_f0.3_wd1.0_softmax_ce_s3,transformer,1382,0.8928685301307259,0.8478590950501063,0.8917028269204801,97
transformer_add97_f0.3_wd1.0_softmax_ce_s3,transformer,1485,0.8903177808481242,0.8440631642878834,0.88912060303229,97
transformer_add97_f0.3_wd1.0_softmax_ce_s3,transformer,1595,0.8259113614624296,0.7962344366838748,0.8236980782766549,97
transformer_add97_f0.3_wd1.0_softmax_ce_s3,transformer,1713,0.8852162822829206,0.8366231399939265,0.8839697894771241,97
transformer_add97_f0.3_wd1.0_softmax_ce_s3,transformer,1841,0.8888298437666065,0.8417856058305496,0.8876182756645394,97
transformer_add97_f0.3_wd1.0_softmax_ce_s3,transformer,1977,0.8898926559676905,0.8431521409049499,0.8886981891271813,97
transformer_add97_f0.3_wd1.0_softmax_ce_s3,transformer,2124,0.8809650334785843,0.8316125113877922,0.8796701566852118,97
transformer_add97_f0.3_wd1.0_softmax_ce_s3,transformer,2282,0.8892549686470401,0.8446705132098391,0.8879815042586022,97
transformer_add97_f0.3_wd1.0_softmax_ce_s3,transformer,2451,0.8860665320437878,0.8542362587306408,0.8842601640674134,97
transformer_add97_f0.3_wd1.0_softmax_ce_s3,transformer,2633,0.8867042193644383,0.8385970239902825,0.8854806269070542,97
transformer_add97_f0.3_wd1.0_softmax_ce_s3,transformer,2828,0.8990328408970135,0.8560583054965077,0.8979377966749591,97
transformer_add97_f0.3_wd1.0_softmax_ce_s3,transformer,3038,0.896056966733978,0.851806863042818,0.8949374834776612,97
transformer_add97_f0.3_wd1.0_softmax_ce_s3,transformer,3264,0.9062599638643851,0.8663832371697541,0.9052423647758204,97
transformer_add97_f0.3_wd1.0_softmax_ce_s3,transformer,3506,0.9071102136252525,0.8672942605526875,0.9061017801308057,97
transformer_add97_f0.3_wd1.0_softmax_ce_s3,transformer,3766,0.9202890849186949,0.886122077133313,0.9194190355401477,97
transformer_add97_f0.3_wd1.0_softmax_ce_s3,transformer,4046,0.9332553937719205,0.9046462192529608,0.9325218115660305,97
transformer_add97_f0.3_wd1.0_softmax_ce_s3,transformer,4346,0.9054097141035179,0.8648648648648649,0.9043875293262416,97
transformer_add97_f0.3_wd1.0_softmax_ce_s3,transformer,4669,0.9283664576469338,0.8976617066504707,0.9275873367035276,97
transformer_add97_f0.3_wd1.0_softmax_ce_s3,transformer,5015,0.9300669571686683,0.9000911023382934,0.9293047317325588,97
transformer_add97_f0.3_wd1.0_softmax_ce_s3,transformer,5388,0.9077479009459029,0.868205283935621,0.9067503128946578,97
transformer_add97_f0.3_wd1.0_softmax_ce_s3,transformer,5788,0.9264533956849824,0.8949286365016702,0.9256543926795,97
transformer_add97_f0.3_wd1.0_softmax_ce_s3,transformer,6217,0.9411202040599426,0.9158821743091407,0.9404776635226602,97
transformer_add97_f0.3_wd1.0_softmax_ce_s3,transformer,6679,0.933893081092571,0.9055572426358943,0.9331764418628565,97
transformer_add97_f0.3_wd1.0_softmax_ce_s3,transformer,7174,0.9428207035816771,0.9183115699969633,0.9421941656514188,97
transformer_add97_f0.3_wd1.0_softmax_ce_s3,transformer,7707,0.931554894250186,0.9022168235651382,0.9308119470127456,97
transformer_add97_f0.3_wd1.0_softmax_ce_s3,transformer,8279,0.9466468275055797,0.9237777102945642,0.9460626723026294,97
transformer_add97_f0.3_wd1.0_softmax_ce_s3,transformer,8893,0.944096078222978,0.9201336167628302,0.9434884506149361,97
transformer_add97_f0.3_wd1.0_softmax_ce_s3,transformer,9553,0.919013710277394,0.8843000303674461,0.9181393364183678,97
transformer_add97_f0.3_wd1.0_softmax_ce_s3,transformer,10263,0.9438835157827612,0.9198299423018524,0.9432722978620461,97
transformer_add97_f0.3_wd1.0_softmax_ce_s3,transformer,11024,0.9479222021468806,0.9255997570604312,0.9473590668352975,97
transformer_add97_f0.3_wd1.0_softmax_ce_s3,transformer,11843,0.9213518971197789,0.8876404494382022,0.9205031742852581,97
transformer_add97_f0.3_wd1.0_softmax_ce_s3,transformer,12722,0.9564246997555532,0.9377467354995445,0.9559493906664857,97
transformer_add97_f0.3_wd1.0_softmax_ce_s3,transformer,13666,0.9470719523860134,0.9243850592165199,0.9464993701317659,97
transformer_add97_f0.3_wd1.0_softmax_ce_s3,transformer,14680,0.9506855138696992,0.929547525053143,0.9501514532727308,97
transformer_add97_f0.3_wd1.0_softmax_ce_s3,transformer,15770,0.9462217026251462,0.9231703613726085,0.9456338861221143,97
transformer_add97_f0.3_wd1.0_softmax_ce_s3,transformer,16940,0.949835264108832,0.9283328272092317,0.9492907669338634,97
transformer_add97_f0.3_wd1.0_softmax_ce_s3,transformer,18198,0.9583377617175045,0.940479805648345,0.9578828754759451,97
transformer_add97_f0.3_wd1.0_softmax_ce_s3,transformer,19548,0.9538739504729514,0.9341026419678105,0.9533737041368511,97
transformer_add97_f0.3_wd1.0_softmax_ce_s3,transformer,20999,0.952173450951217,0.9316732462799878,0.9516571083066883,97
transformer_add97_f0.3_wd1.0_softmax_ce_s3,transformer,22558,0.9330428313317037,0.904342544791983,0.9323173195508744,97
transformer_add97_f0.3_wd1.0_softmax_ce_s3,transformer,24232,0.9664151344457435,0.9520194351655026,0.9660540277341294,97
transformer_add97_f0.3_wd1.0_softmax_ce_s3,transformer,26031,0.944096078222978,0.9201336167628302,0.9434966495870344,97
transformer_add97_f0.3_wd1.0_softmax_ce_s3,transformer,27963,0.9713040705707302,0.9590039477679927,0.9709956816911616,97
transformer_add97_f0.3_wd1.0_softmax_ce_s3,transformer,30039,0.9730045700924647,0.9614333434558153,0.9727149539117605,97
transformer_add97_f0.3_wd1.0_softmax_ce_s3,transformer,32268,0.9740673822935487,0.9629517157607045,0.9737915207853306,97
transformer_add97_f0.3_wd1.0_softmax_ce_s3,transformer,34663,0.9963864385163141,0.9948375341633768,0.996348742659073,97
transformer_add97_f0.3_wd1.0_softmax_ce_s3,transformer,37236,1.0,1.0,1.0,97
transformer_add97_f0.3_wd1.0_softmax_ce_s3,transformer,40000,1.0,1.0,1.0,97
transformer_add97_f0.3_wd1.0_softmax_ce_s4,transformer,0,0.9993623126793496,0.9992408138475555,0.9845325997912266,4
transformer_add97_f0.3_wd1.0_softmax_ce_s4,transformer,1,0.9953236263152301,0.9948375341633768,0.9896702770478424,10
transformer_add97_f0.3_wd1.0_softmax_ce_s4,transformer,2,0.9910723775108938,0.991041603401154,0.989135622770902,16
transformer_add97_f0.3_wd1.0_softmax_ce_s4,transformer,3,0.9944733765543629,0.994533859702399,0.9899121547496261,13
transformer_add97_f0.3_wd1.0_softmax_ce_s4,transformer,4,0.9997874375597832,0.999848162769511,0.9940219059122067,7
transformer_add97_f0.3_wd1.0_softmax_ce_s4,transformer,5,0.9961738760760973,0.9959003947767993,0.9913598257456193,11
transformer_add97_f0.3_wd1.0_softmax_ce_s4,transformer,6,0.988521628228292,0.9878530215608867,0.9867811024760241,13
transformer_add97_f0.3_wd1.0_softmax_ce_s4,transformer,7,0.9929854394728451,0.9924081384755542,0.991251769491112,16
transformer_add97_f0.3_wd1.0_softmax_ce_s4,transformer,8,0.9912849399511107,0.9905860917096873,0.9894567194162762,22
transformer_add97_f0.3_wd1.0_softmax_ce_s4,transformer,9,0.9923477521521947,0.9911934406316428,0.9911184761675019,25
transformer_add97_f0.3_wd1.0_softmax_ce_s4,transformer,10,0.990859815070677,0.9902824172487094,0.9890617916701272,27
transformer_add97_f0.3_wd1.0_softmax_ce_s4,transformer,11,0.9904346901902434,0.990889766170665,0.9889175396160562,28
transformer_add97_f0.3_wd1.0_softmax_ce_s4,transformer,12,0.9868211287065576,0.9880048587913757,0.9854569269425961,33
transformer_add97_f0.3_wd1.0_softmax_ce_s4,transformer,13,0.9872462535869911,0.9884603704828424,0.9862065346047539,43
transformer_add97_f0.3_wd1.0_softmax_ce_s4,transformer,14,0.9861834413859071,0.9866383237169754,0.9849822093995454,50
transformer_add97_f0.3_wd1.0_softmax_ce_s4,transformer,15,0.9855457540652567,0.9852717886425751,0.9841982270782825,58
transformer_add97_f0.3_wd1.0_softmax_ce_s4,transformer,16,0.9832075672228717,0.983601579107197,0.9816138310623753,59
transformer_add97_f0.3_wd1.0_softmax_ce_s4,transformer,18,0.9800191306196195,0.980109322805952,0.9785018368014536,68
transformer_add97_f0.3_wd1.0_softmax_ce_s4,transformer,19,0.9834201296630886,0.983601579107197,0.9823886713415391,73
transformer_add97_f0.3_wd1.0_softmax_ce_s4,transformer,20,0.9834201296630886,0.9832979046462192,0.9825992013531758,76
transformer_add97_f0.3_wd1.0_softmax_ce_s4,transformer,22,0.9740673822935487,0.9743395080473732,0.9731700738402739,84
transformer_add97_f0.3_wd1.0_softmax_ce_s4,transformer,23,0.9732171325326815,0.9728211357424841,0.9723716652297859,87
transformer_add97_f0.3_wd1.0_softmax_ce_s4,transformer,25,0.9708789456902965,0.969328879441239,0.9701164893871047,92
transformer_add97_f0.3_wd1.0_softmax_ce_s4,transformer,27,0.9679030715272612,0.9682660188278166,0.9672436882393539,94
transformer_add97_f0.3_wd1.0_softmax_ce_s4,transformer,29,0.9504729514294824,0.9517157607045248,0.9496219017789125,96
transformer_add97_f0.3_wd1.0_softmax_ce_s4,transformer,31,0.9457965777447125,0.9467051320983906,0.9448734245881903,95
transformer_add97_f0.3_wd1.0_softmax_ce_s4,transformer,33,0.938356892337124,0.9378985727300334,0.9373081093177509,96
transformer_add97_f0.3_wd1.0_softmax_ce_s4,transformer,36,0.9207142097991285,0.9201336167628302,0.9193989267129161,96
transformer_add97_f0.3_wd1.0_softmax_ce_s4,transformer,39,0.9047720267828675,0.9041907075614941,0.903297105046737,96
transformer_add97_f0.3_wd1.0_softmax_ce_s4,transformer,41,0.8988202784567967,0.8975098694199818,0.8973013410057098,97
transformer_add97_f0.3_wd1.0_softmax_ce_s4,transformer,44,0.896056966733978,0.8921955663528697,0.8945297684907144,97
transformer_add97_f0.3_wd1.0_softmax_ce_s4,transformer,48,0.8896800935274737,0.886122077133313,0.8881116508144438,97
transformer_add97_f0.3_wd1.0_softmax_ce_s4,transformer,51,0.8818152832394516,0.8785302156088673,0.880154466236936,97
transformer_add97_f0.3_wd1.0_softmax_ce_s4,transformer,55,0.8803273461579338,0.8727604008502885,0.8786830530874477,97
transformer_add97_f0.3_wd1.0_softmax_ce_s4,transformer,59,0.8667233499840579,0.8595505617977528,0.8648811846485679,97
transformer_add97_f0.3_wd1.0_softmax_ce_s4,transformer,64,0.8658731002231905,0.8572730033404191,0.8640377671812972,97
transformer_add97_f0.3_wd1.0_softmax_ce_s4,transformer,68,0.8584334148156021,0.8469480716671728,0.8565398239616681,97
transformer_add97_f0.3_wd1.0_softmax_ce_s4,transformer,73,0.8407907322776066,0.8296386273914363,0.838725256583665,97
transformer_add97_f0.3_wd1.0_softmax_ce_s4,transformer,79,0.8533319162503985,0.8378378378378378,0.8514965832966966,97
transformer_add97_f0.3_wd1.0_softmax_ce_s4,transformer,85,0.8582208523753853,0.8390525356817492,0.856551129938744,97
transformer_add97_f0.3_wd1.0_softmax_ce_s4,transformer,91,0.8592836645764693,0.8381415122988156,0.8576146382136332,97
transformer_add97_f0.3_wd1.0_softmax_ce_s4,transformer,98,0.8660856626634074,0.8387488612207713,0.8645593041525098,97
transformer_add97_f0.3_wd1.0_softmax_ce_s4,transformer,105,0.888192156445956,0.8551472821135743,0.886939462850202,97
transformer_add97_f0.3_wd1.0_softmax_ce_s4,transformer,113,0.8731002231905622,0.8319161858487701,0.8717017961926231,97
transformer_add97_f0.3_wd1.0_softmax_ce_s4,transformer,121,0.8760760973535976,0.8361676283024597,0.8747105215217221,97
transformer_add97_f0.3_wd1.0_softmax_ce_s4,transformer,130,0.8762886597938144,0.8346492559975706,0.8749289342730987,97
transformer_add97_f0.3_wd1.0_softmax_ce_s4,transformer,140,0.8648102880221065,0.8193136957181901,0.8633289504646,97
transformer_add97_f0.3_wd1.0_softmax_ce_s4,transformer,150,0.8611967265384206,0.8144549043425447,0.8596685373106511,97
transformer_add97_f0.3_wd1.0_softmax_ce_s4,transformer,161,0.8565203528536508,0.8070148800485879,0.8549439479520091,97
transformer_add97_f0.3_wd1.0_softmax_ce_s4,transformer,173,0.8592836645764693,0.8083814151229881,0.8577363691060821,97
transformer_add97_f0.3_wd1.0_softmax_ce_s4,transformer,186,0.8444042937612923,0.7890980868508959,0.8427019734366075,97
transformer_add97_f0.3_wd1.0_softmax_ce_s4,transformer,200,0.8467424806036773,0.792286668691163,0.8450639617217677,97
transformer_add97_f0.3_wd1.0_softmax_ce_s4,transformer,215,0.8467424806036773,0.7909201336167628,0.8450623764321401,97
transformer_add97_f0.3_wd1.0_softmax_ce_s4,transformer,231,0.8478052928047614,0.792286668691163,0.8461354025650829,97
transformer_add97_f0.3_wd1.0_softmax_ce_s4,transformer,248,0.8478052928047614,0.7916793197692074,0.8461359261724031,97
transformer_add97_f0.3_wd1.0_softmax_ce_s4,transformer,266,0.8509937294080137,0.795930762222897,0.8493626280374235,97
transformer_add97_f0.3_wd1.0_softmax_ce_s4,transformer,286,0.8475927303645446,0.7901609474643182,0.8459233547453622,97
transformer_add97_f0.3_wd1.0_softmax_ce_s4,transformer,307,0.8582208523753853,0.8056483449741877,0.8566702475868527,97
transformer_add97_f0.3_wd1.0_softmax_ce_s4,transformer,330,0.8650228504623233,0.8152140904949894,0.863544724019686,97
transformer_add97_f0.3_wd1.0_softmax_ce_s4,transformer,355,0.8675735997449251,0.8185545095657455,0.8660049917641333,97
transformer_add97_f0.3_wd1.0_softmax_ce_s4,transformer,381,0.8503560420873632,0.7907682963862739,0.8487229768700815,97
transformer_add97_f0.3_wd1.0_softmax_ce_s4,transformer,409,0.851631416728664,0.7931976920740965,0.8500094368131818,97
transformer_add97_f0.3_wd1.0_softmax_ce_s4,transformer,440,0.8575831650547349,0.8012450652900092,0.8560302912287352,97
transformer_add97_f0.3_wd1.0_softmax_ce_s4,transformer,472,0.8599213518971198,0.8047373215912542,0.8583939471428504,97
transformer_add97_f0.3_wd1.0_softmax_ce_s4,transformer,507,0.862046976299288,0.8076222289705436,0.8605429657308746,97
transformer_add97_f0.3_wd1.0_softmax_ce_s4,transformer,545,0.8626846636199383,0.8083814151229881,0.8611874880387473,97
transformer_add97_f0.3_wd1.0_softmax_ce_s4,transformer,585,0.8616218514188543,0.8067112055876101,0.8601091326443244,97
transformer_add97_f0.3_wd1.0_softmax_ce_s4,transformer,629,0.8784142841959826,0.8293349529304586,0.8770932992364044,97
transformer_add97_f0.3_wd1.0_softmax_ce_s4,transformer,676,0.8777765968753322,0.8282720923170361,0.8764468016891208,97
transformer_add97_f0.3_wd1.0_softmax_ce_s4,transformer,726,0.8792645339568498,0.8305496507743699,0.8779466406283097,97
transformer_add97_f0.3_wd1.0_softmax_ce_s4,transformer,780,0.8724625358699117,0.8209839052535681,0.8710657131153877,97
transformer_add97_f0.3_wd1.0_softmax_ce_s4,transformer,837,0.8690615368264427,0.8164287883389006,0.867622900226192,97
transformer_add97_f0.3_wd1.0_softmax_ce_s4,transformer,900,0.8858539696035711,0.8856665654418463,0.8651510479349318,57
transformer_add97_f0.3_wd1.0_softmax_ce_s4,transformer,966,0.8769263471144648,0.8270573944731248,0.8755933924920063,97
transformer_add97_f0.3_wd1.0_softmax_ce_s4,transformer,1038,0.8690615368264427,0.8159732766474339,0.8676389497300387,97
transformer_add97_f0.3_wd1.0_softmax_ce_s4,transformer,1115,0.8871293442448719,0.8460370482842393,0.8858844850669346,97
transformer_add97_f0.3_wd1.0_softmax_ce_s4,transformer,1198,0.8809650334785843,0.8322198603097479,0.8796709426053252,97
transformer_add97_f0.3_wd1.0_softmax_ce_s4,transformer,1287,0.8809650334785843,0.8320680230792591,0.8796665979324325,97
transformer_add97_f0.3_wd1.0_softmax_ce_s4,transformer,1382,0.8852162822829206,0.8382933495293046,0.8839634085277711,97
transformer_add97_f0.3_wd1.0_softmax_ce_s4,transformer,1485,0.8852162822829206,0.8376860006073489,0.8839614713149924,97
transformer_add97_f0.3_wd1.0_softmax_ce_s4,transformer,1595,0.8903177808481242,0.8451260249013058,0.8891197521859198,97
transformer_add97_f0.3_wd1.0_softmax_ce_s4,transformer,1713,0.8614092889786374,0.839356210142727,0.8594657204597393,97
transformer_add97_f0.3_wd1.0_softmax_ce_s4,transformer,1841,0.8903177808481242,0.8445186759793502,0.8891196458292053,97
transformer_add97_f0.3_wd1.0_softmax_ce_s4,transformer,1977,0.8799022212775003,0.8296386273914363,0.8785938201040395,97
transformer_add97_f0.3_wd1.0_softmax_ce_s4,transformer,2124,0.8886172813263896,0.8419374430610386,0.887407258815829,97
transformer_add97_f0.3_wd1.0_softmax_ce_s4,transformer,2282,0.8932936550111595,0.8949286365016702,0.8837656984490176,60
transformer_add97_f0.3_wd1.0_softmax_ce_s4,transformer,2451,0.9066850887448188,0.8675979350136653,0.9056297030206507,97
transformer_add97_f0.3_wd1.0_softmax_ce_s4,transformer,2633,0.9032840897013498,0.8619799574855754,0.9022282913483847,97
transformer_add97_f0.3_wd1.0_softmax_ce_s4,transformer,2828,0.9054097141035179,0.8648648648648649,0.9043758469162138,97
transformer_add97_f0.3_wd1.0_softmax_ce_s4,transformer,3038,0.8943564672122436,0.8492256301245066,0.8932047519923367,97
transformer_add97_f0.3_wd1.0_softmax_ce_s4,transformer,3264,0.906472526304602,0.8663832371697541,0.9054523636543681,97
transformer_add97_f0.3_wd1.0_softmax_ce_s4,transformer,3506,0.9241152088425975,0.8915882174309141,0.9232880535913658,97
transformer_add97_f0.3_wd1.0_softmax_ce_s4,transformer,3766,0.9249654586034648,0.8928029152748254,0.9241448340798925,97
transformer_add97_f0.3_wd1.0_softmax_ce_s4,transformer,4046,0.933893081092571,0.9055572426358943,0.9331622806082861,97
transformer_add97_f0.3_wd1.0_softmax_ce_s4,transformer,4346,0.925815708364332,0.8940176131187367,0.9250068319049023,97
transformer_add97_f0.3_wd1.0_softmax_ce_s4,transformer,4669,0.9370815176958232,0.9101123595505618,0.9363959207907389,97
transformer_add97_f0.3_wd1.0_softmax_ce_s4,transformer,5015,0.9385694547773409,0.9122380807774066,0.9378954532737229,97
transformer_add97_f0.3_wd1.0_softmax_ce_s4,transformer,5388,0.9294292698480179,0.8991800789553599,0.9286580655737623,97
transformer_add97_f0.3_wd1.0_softmax_ce_s4,transformer,5788,0.9385694547773409,0.9122380807774066,0.9378983750857289,97
transformer_add97_f0.3_wd1.0_softmax_ce_s4,transformer,6217,0.8888298437666065,0.8443668387488612,0.8875577217269505,97
transformer_add97_f0.3_wd1.0_softmax_ce_s4,transformer,6679,0.9449463279838453,0.9213483146067416,0.9443458917860752,97
transformer_add97_f0.3_wd1.0_softmax_ce_s4,transformer,7174,0.946434265065363,0.9234740358335864,0.9458513281345096,97
transformer_add97_f0.3_wd1.0_softmax_ce_s4,transformer,7707,0.9481347645870974,0.9259034315214091,0.9475718793230352,97
transformer_add97_f0.3_wd1.0_softmax_ce_s4,transformer,8279,0.9581251992772877,0.9401761311873671,0.9576690256510577,97
transformer_add97_f0.3_wd1.0_softmax_ce_s4,transformer,8893,0.9506855138696992,0.929547525053143,0.9501489886359669,97
transformer_add97_f0.3_wd1.0_softmax_ce_s4,transformer,9553,0.9251780210436816,0.8931065897358033,0.9243670797043492,97
transformer_add97_f0.3_wd1.0_softmax_ce_s4,transformer,10263,0.9517483260707833,0.9310658973580321,0.9512226186563904,97
transformer_add97_f0.3_wd1.0_softmax_ce_s4,transformer,11024,0.9591880114783717,0.9416945034922563,0.9587451098640775,97
transformer_add97_f0.3_wd1.0_softmax_ce_s4,transformer,11843,0.9460091401849293,0.9228666869116308,0.9454244296792089,97
transformer_add97_f0.3_wd1.0_softmax_ce_s4,transformer,12722,0.9634392602827081,0.9477679927118129,0.9630426672688184,97
transformer_add97_f0.3_wd1.0_softmax_ce_s4,transformer,13666,0.953236263152301,0.933191618584877,0.9527267583429285,97
transformer_add97_f0.3_wd1.0_softmax_ce_s4,transformer,14680,0.9623764480816239,0.9462496204069237,0.9619669964678303,97
transformer_add97_f0.3_wd1.0_softmax_ce_s4,transformer,15770,0.9602508236794558,0.9432128757971454,0.9598188778741741,97
transformer_add97_f0.3_wd1.0_softmax_ce_s4,transformer,16940,0.9621638856414072,0.9459459459459459,0.9617546370620326,97
transformer_add97_f0.3_wd1.0_softmax_ce_s4,transformer,18198,0.9651397598044426,0.9501973883996356,0.9647611196770588,97
transformer_add97_f0.3_wd1.0_softmax_ce_s4,transformer,19548,0.9606759485598895,0.9438202247191011,0.9602528732587591,97
transformer_add97_f0.3_wd1.0_softmax_ce_s4,transformer,20999,0.9719417578913806,0.9599149711509262,0.9716393135250064,97
transformer_add97_f0.3_wd1.0_softmax_ce_s4,transformer,22558,0.9704538208098629,0.9577892499240814,0.9701354679802955,97
transformer_add97_f0.3_wd1.0_softmax_ce_s4,transformer,24232,0.9710915081305134,0.9587002733070149,0.9707818676712864,97
transformer_add97_f0.3_wd1.0_softmax_ce_s4,transformer,26031,0.994260814114146,0.9918007895535985,0.9942006103532127,97
transformer_add97_f0.3_wd1.0_softmax_ce_s4,transformer,27963,1.0,1.0,1.0,97
transformer_add97_f0.3_wd1.0_softmax_ce_s4,transformer,30039,1.0,1.0,1.0,97
transformer_add97_f0.3_wd1.0_softmax_ce_s4,transformer,32268,1.0,1.0,1.0,97
transformer_add97_f0.3_wd1.0_softmax_ce_s4,transformer,34663,1.0,1.0,1.0,97
transformer_add97_f0.3_wd1.0_softmax_ce_s4,transformer,37236,1.0,1.0,1.0,97
transformer_add97_f0.3_wd1.0_softmax_ce_s4,transformer,40000,1.0,1.0,1.0,97
