run,model,t_g,stage,step,pca_dim,depth,layer,draw,diameter,n_points,betti_1,life_1,betti_2,life_2
mlp_add97_f0.3_wd1.0_softmax_ce_s0,mlp,14300,init,0,8,0,operands,0,22.5475023519831,300.0,0.0,0.09531459370295986,0.0,0.04004061313279857
mlp_add97_f0.3_wd1.0_softmax_ce_s0,mlp,14300,init,0,8,0,operands,1,22.5475023519831,300.0,0.0,0.08428301821849152,0.0,0.04894963697171821
mlp_add97_f0.3_wd1.0_softmax_ce_s0,mlp,14300,init,0,8,0,operands,2,22.5475023519831,300.0,0.0,0.08897988752848188,0.0,0.046673761497081696
mlp_add97_f0.3_wd1.0_softmax_ce_s0,mlp,14300,init,0,8,1,hook_hidden,0,3.3169630801290597,300.0,0.0,0.0656322548367307,0.0,0.04700305331579538
mlp_add97_f0.3_wd1.0_softmax_ce_s0,mlp,14300,init,0,8,1,hook_hidden,1,3.4315161746695195,300.0,0.0,0.06747318203619117,0.0,0.04548944600334778
mlp_add97_f0.3_wd1.0_softmax_ce_s0,mlp,14300,init,0,8,1,hook_hidden,2,3.3169630801290597,300.0,0.0,0.083462436149749,1.0,0.0644533383909733
mlp_add97_f0.3_wd1.0_softmax_ce_s0,mlp,14300,init,0,8,2,logits,0,1.4153120271319677,300.0,0.0,0.06682081679964633,1.0,0.05131072758286936
mlp_add97_f0.3_wd1.0_softmax_ce_s0,mlp,14300,init,0,8,2,logits,1,1.4153120271319677,300.0,0.0,0.07457986225106103,0.0,0.06263077601243369
mlp_add97_f0.3_wd1.0_softmax_ce_s0,mlp,14300,init,0,8,2,logits,2,1.4153120271319677,300.0,0.0,0.06878651520669755,1.0,0.05618489147049536
mlp_add97_f0.3_wd1.0_softmax_ce_s0,mlp,14300,init,0,4,0,operands,0,17.473932087620227,300.0,0.0,0.1106027732259653,0.0,0.06873115595625041
mlp_add97_f0.3_wd1.0_softmax_ce_s0,mlp,14300,init,0,4,0,operands,1,17.547516924882736,300.0,0.0,0.08414736331486808,0.0,0.07425589925886573
mlp_add97_f0.3_wd1.0_softmax_ce_s0,mlp,14300,init,0,4,0,operands,2,17.968674775834188,300.0,0.0,0.09929492889195772,0.0,0.055986164449460224
mlp_add97_f0.3_wd1.0_softmax_ce_s0,mlp,14300,init,0,4,1,hook_hidden,0,3.1852250017853714,300.0,0.0,0.053935024773556564,0.0,0.03330983132356692
mlp_add97_f0.3_wd1.0_softmax_ce_s0,mlp,14300,init,0,4,1,hook_hidden,1,3.1852250017853714,300.0,1.0,0.05638270327084973,0.0,0.039872503451781345
mlp_add97_f0.3_wd1.0_softmax_ce_s0,mlp,14300,init,0,4,1,hook_hidden,2,3.1852250017853714,300.0,0.0,0.05160621031362373,0.0,0.04149593694693179
mlp_add97_f0.3_wd1.0_softmax_ce_s0,mlp,14300,init,0,4,2,logits,0,1.297986839792292,300.0,0.0,0.06789083793690218,0.0,0.03435310417764828
mlp_add97_f0.3_wd1.0_softmax_ce_s0,mlp,14300,init,0,4,2,logits,1,1.297986839792292,300.0,0.0,0.06941136875994085,0.0,0.03720846195055672
mlp_add97_f0.3_wd1.0_softmax_ce_s0,mlp,14300,init,0,4,2,logits,2,1.297986839792292,300.0,0.0,0.05639469364011366,0.0,0.03718332029116998
mlp_add97_f0.3_wd1.0_softmax_ce_s0,mlp,14300,init,0,2,0,operands,0,15.260057129532035,300.0,0.0,0.08739372160357571,0.0,0.03868098857853881
mlp_add97_f0.3_wd1.0_softmax_ce_s0,mlp,14300,init,0,2,0,operands,1,15.260057129532035,300.0,0.0,0.06202089268819048,0.0,0.042738870102186244
mlp_add97_f0.3_wd1.0_softmax_ce_s0,mlp,14300,init,0,2,0,operands,2,15.260057129532035,300.0,0.0,0.06951334815986368,0.0,0.039856000305316074
mlp_add97_f0.3_wd1.0_softmax_ce_s0,mlp,14300,init,0,2,1,hook_hidden,0,3.0470377770864423,300.0,0.0,0.03142123961386474,0.0,0.0
mlp_add97_f0.3_wd1.0_softmax_ce_s0,mlp,14300,init,0,2,1,hook_hidden,1,3.0470377770864423,300.0,0.0,0.029743654724023676,0.0,0.0
mlp_add97_f0.3_wd1.0_softmax_ce_s0,mlp,14300,init,0,2,1,hook_hidden,2,3.0470377770864423,300.0,0.0,0.04357148700825747,0.0,0.0
mlp_add97_f0.3_wd1.0_softmax_ce_s0,mlp,14300,init,0,2,2,logits,0,1.2863203152006095,300.0,0.0,0.03308376817823978,0.0,0.0
mlp_add97_f0.3_wd1.0_softmax_ce_s0,mlp,14300,init,0,2,2,logits,1,1.2863203152006095,300.0,0.0,0.026799963295060167,0.0,0.0002825823951364976
mlp_add97_f0.3_wd1.0_softmax_ce_s0,mlp,14300,init,0,2,2,logits,2,1.2863203152006095,300.0,0.0,0.02490720802810151,0.0,0.0
mlp_add97_f0.3_wd1.0_softmax_ce_s0,mlp,14300,before,12594,8,0,operands,0,4.414227204089164,300.0,0.0,0.10170851110008235,0.0,0.05803043933800981
mlp_add97_f0.3_wd1.0_softmax_ce_s0,mlp,14300,before,12594,8,0,operands,1,4.386386072289568,300.0,0.0,0.10204574787047732,0.0,0.05984741690196891
mlp_add97_f0.3_wd1.0_softmax_ce_s0,mlp,14300,before,12594,8,0,operands,2,4.414227204089164,300.0,0.0,0.0947747709715499,0.0,0.06613155480115078
mlp_add97_f0.3_wd1.0_softmax_ce_s0,mlp,14300,before,12594,8,1,hook_hidden,0,24.876795623490054,300.0,0.0,0.10534390601802009,1.0,0.051698834557017875
mlp_add97_f0.3_wd1.0_softmax_ce_s0,mlp,14300,before,12594,8,1,hook_hidden,1,25.609180188791626,300.0,0.0,0.07273889356372762,0.0,0.0580494183676439
mlp_add97_f0.3_wd1.0_softmax_ce_s0,mlp,14300,before,12594,8,1,hook_hidden,2,25.49883661858923,300.0,0.0,0.0760544899735833,0.0,0.05275544394849778
mlp_add97_f0.3_wd1.0_softmax_ce_s0,mlp,14300,before,12594,8,2,logits,0,164.1159761610739,300.0,0.0,0.08229876531066278,0.0,0.049221749142857416
mlp_add97_f0.3_wd1.0_softmax_ce_s0,mlp,14300,before,12594,8,2,logits,1,163.2847177380025,300.0,0.0,0.08460872286928921,0.0,0.0480913876224735
mlp_add97_f0.3_wd1.0_softmax_ce_s0,mlp,14300,before,12594,8,2,logits,2,164.1159761610739,300.0,0.0,0.06952556173403955,1.0,0.050178259355023874
mlp_add97_f0.3_wd1.0_softmax_ce_s0,mlp,14300,before,12594,4,0,operands,0,3.6796429891985545,300.0,0.0,0.10816616657620619,0.0,0.07219111140813693
mlp_add97_f0.3_wd1.0_softmax_ce_s0,mlp,14300,before,12594,4,0,operands,1,3.7010339299188795,300.0,0.0,0.09299305482773276,0.0,0.07581486701995852
mlp_add97_f0.3_wd1.0_softmax_ce_s0,mlp,14300,before,12594,4,0,operands,2,3.716211300228106,300.0,0.0,0.10723109558714793,0.0,0.07242110729335124
mlp_add97_f0.3_wd1.0_softmax_ce_s0,mlp,14300,before,12594,4,1,hook_hidden,0,22.601147241778158,300.0,0.0,0.06041272869312646,0.0,0.04462886965591201
mlp_add97_f0.3_wd1.0_softmax_ce_s0,mlp,14300,before,12594,4,1,hook_hidden,1,22.500714425914524,300.0,0.0,0.06968756972249816,0.0,0.03715698092124924
mlp_add97_f0.3_wd1.0_softmax_ce_s0,mlp,14300,before,12594,4,1,hook_hidden,2,22.64105224352566,300.0,0.0,0.067419882030475,0.0,0.04519654382088651
mlp_add97_f0.3_wd1.0_softmax_ce_s0,mlp,14300,before,12594,4,2,logits,0,159.91933196782017,300.0,0.0,0.06360046711496918,0.0,0.04050369303323437
mlp_add97_f0.3_wd1.0_softmax_ce_s0,mlp,14300,before,12594,4,2,logits,1,159.91933196782017,300.0,0.0,0.05349092849354023,0.0,0.04368193688920307
mlp_add97_f0.3_wd1.0_softmax_ce_s0,mlp,14300,before,12594,4,2,logits,2,159.91933196782017,300.0,0.0,0.05734407030217201,0.0,0.041807892238439795
mlp_add97_f0.3_wd1.0_softmax_ce_s0,mlp,14300,before,12594,2,0,operands,0,2.697537159909976,300.0,2.0,0.25375422555295896,1.0,0.19807719456887138
mlp_add97_f0.3_wd1.0_softmax_ce_s0,mlp,14300,before,12594,2,0,operands,1,2.771050752612662,300.0,2.0,0.2466946645095714,1.0,0.2077216735427819
mlp_add97_f0.3_wd1.0_softmax_ce_s0,mlp,14300,before,12594,2,0,operands,2,2.753370488648744,300.0,2.0,0.25380020259383235,1.0,0.20838502028967443
mlp_add97_f0.3_wd1.0_softmax_ce_s0,mlp,14300,before,12594,2,1,hook_hidden,0,21.40498616952174,300.0,0.0,0.03170273554100983,0.0,0.0
mlp_add97_f0.3_wd1.0_softmax_ce_s0,mlp,14300,before,12594,2,1,hook_hidden,1,21.40498616952174,300.0,0.0,0.02309217699785833,0.0,0.0
mlp_add97_f0.3_wd1.0_softmax_ce_s0,mlp,14300,before,12594,2,1,hook_hidden,2,21.40498616952174,300.0,0.0,0.028627688021729433,0.0,0.0
mlp_add97_f0.3_wd1.0_softmax_ce_s0,mlp,14300,before,12594,2,2,logits,0,155.06951226908427,300.0,0.0,0.02832104289405365,0.0,0.0
mlp_add97_f0.3_wd1.0_softmax_ce_s0,mlp,14300,before,12594,2,2,logits,1,155.06951226908427,300.0,0.0,0.028035114973686052,0.0,0.0
mlp_add97_f0.3_wd1.0_softmax_ce_s0,mlp,14300,before,12594,2,2,logits,2,155.06951226908427,300.0,0.0,0.03195749500296931,0.0,0.0
mlp_add97_f0.3_wd1.0_softmax_ce_s0,mlp,14300,at,14613,8,0,operands,0,4.321648011087988,300.0,0.0,0.09149095475557632,0.0,0.06904374403669204
mlp_add97_f0.3_wd1.0_softmax_ce_s0,mlp,14300,at,14613,8,0,operands,1,4.357676592055999,300.0,0.0,0.08836859732498022,0.0,0.0659316783339244
mlp_add97_f0.3_wd1.0_softmax_ce_s0,mlp,14300,at,14613,8,0,operands,2,4.355792731261941,300.0,0.0,0.09177324325773409,0.0,0.066655833044745
mlp_add97_f0.3_wd1.0_softmax_ce_s0,mlp,14300,at,14613,8,1,hook_hidden,0,27.363749674628668,300.0,0.0,0.10950490210365312,1.0,0.05379665948081489
mlp_add97_f0.3_wd1.0_softmax_ce_s0,mlp,14300,at,14613,8,1,hook_hidden,1,27.00913199821698,300.0,0.0,0.09783736508327227,0.0,0.04898286607366382
mlp_add97_f0.3_wd1.0_softmax_ce_s0,mlp,14300,at,14613,8,1,hook_hidden,2,27.389632826036433,300.0,0.0,0.10270198591077266,0.0,0.03618631478115117
mlp_add97_f0.3_wd1.0_softmax_ce_s0,mlp,14300,at,14613,8,2,logits,0,183.91063802502813,300.0,0.0,0.09568613540058013,0.0,0.046395257071450736
mlp_add97_f0.3_wd1.0_softmax_ce_s0,mlp,14300,at,14613,8,2,logits,1,186.9210212525788,300.0,0.0,0.09204541558890464,0.0,0.04603142204029533
mlp_add97_f0.3_wd1.0_softmax_ce_s0,mlp,14300,at,14613,8,2,logits,2,189.62677683712172,300.0,0.0,0.11874950286729834,0.0,0.04822878824430352
mlp_add97_f0.3_wd1.0_softmax_ce_s0,mlp,14300,at,14613,4,0,operands,0,3.560025679258575,300.0,0.0,0.13090321192968388,0.0,0.09757645279975247
mlp_add97_f0.3_wd1.0_softmax_ce_s0,mlp,14300,at,14613,4,0,operands,1,3.5792264550958914,300.0,0.0,0.11782681389454364,0.0,0.08452496313932166
mlp_add97_f0.3_wd1.0_softmax_ce_s0,mlp,14300,at,14613,4,0,operands,2,3.5419285300354857,300.0,0.0,0.12033811424401679,0.0,0.09550795388919796
mlp_add97_f0.3_wd1.0_softmax_ce_s0,mlp,14300,at,14613,4,1,hook_hidden,0,25.455781032657697,300.0,0.0,0.08827483550047499,0.0,0.04778578444004015
mlp_add97_f0.3_wd1.0_softmax_ce_s0,mlp,14300,at,14613,4,1,hook_hidden,1,25.51709030626434,300.0,0.0,0.10507380827349841,0.0,0.04226593219520978
mlp_add97_f0.3_wd1.0_softmax_ce_s0,mlp,14300,at,14613,4,1,hook_hidden,2,25.74296521884661,300.0,0.0,0.09340918765478501,0.0,0.03535790369983771
mlp_add97_f0.3_wd1.0_softmax_ce_s0,mlp,14300,at,14613,4,2,logits,0,183.15377658794418,300.0,0.0,0.07420144462194822,0.0,0.04673685713905498
mlp_add97_f0.3_wd1.0_softmax_ce_s0,mlp,14300,at,14613,4,2,logits,1,175.51078871976617,300.0,0.0,0.09260301726506943,1.0,0.05356668549016448
mlp_add97_f0.3_wd1.0_softmax_ce_s0,mlp,14300,at,14613,4,2,logits,2,179.55580018562276,300.0,0.0,0.06604976908774131,0.0,0.04349821131961463
mlp_add97_f0.3_wd1.0_softmax_ce_s0,mlp,14300,at,14613,2,0,operands,0,2.622435825502247,300.0,2.0,0.416612137683233,1.0,0.35504588560436096
mlp_add97_f0.3_wd1.0_softmax_ce_s0,mlp,14300,at,14613,2,0,operands,1,2.6207761555110447,300.0,2.0,0.41448619923475405,1.0,0.356410771736651
mlp_add97_f0.3_wd1.0_softmax_ce_s0,mlp,14300,at,14613,2,0,operands,2,2.6231717799682053,300.0,2.0,0.4179123218083595,1.0,0.354741863963224
mlp_add97_f0.3_wd1.0_softmax_ce_s0,mlp,14300,at,14613,2,1,hook_hidden,0,25.23282463923044,300.0,0.0,0.029782663514324424,0.0,0.006635033060323744
mlp_add97_f0.3_wd1.0_softmax_ce_s0,mlp,14300,at,14613,2,1,hook_hidden,1,25.23282463923044,300.0,0.0,0.028677764821275424,0.0,0.0
mlp_add97_f0.3_wd1.0_softmax_ce_s0,mlp,14300,at,14613,2,1,hook_hidden,2,25.23282463923044,300.0,0.0,0.02826361678632442,0.0,0.0
mlp_add97_f0.3_wd1.0_softmax_ce_s0,mlp,14300,at,14613,2,2,logits,0,180.63744534367635,300.0,0.0,0.02530654987660425,0.0,0.0002513831087972329
mlp_add97_f0.3_wd1.0_softmax_ce_s0,mlp,14300,at,14613,2,2,logits,1,180.63744534367635,300.0,0.0,0.024713282572146354,0.0,0.0
mlp_add97_f0.3_wd1.0_softmax_ce_s0,mlp,14300,at,14613,2,2,logits,2,180.63744534367635,300.0,0.0,0.02631394069369587,0.0,0.0
mlp_add97_f0.3_wd1.0_softmax_ce_s0,mlp,14300,after,60000,8,0,operands,0,4.6188837728639385,300.0,0.0,0.08167365822449486,0.0,0.06308154806614602
mlp_add97_f0.3_wd1.0_softmax_ce_s0,mlp,14300,after,60000,8,0,operands,1,4.632510700205637,300.0,0.0,0.07923183060732793,0.0,0.0621802452690517
mlp_add97_f0.3_wd1.0_softmax_ce_s0,mlp,14300,after,60000,8,0,operands,2,4.613522557121845,300.0,0.0,0.07991151196051326,0.0,0.05809209394181735
mlp_add97_f0.3_wd1.0_softmax_ce_s0,mlp,14300,after,60000,8,1,hook_hidden,0,33.28004367543669,300.0,1.0,0.20755195545290656,0.0,0.044171110285446416
mlp_add97_f0.3_wd1.0_softmax_ce_s0,mlp,14300,after,60000,8,1,hook_hidden,1,33.48984366275523,300.0,1.0,0.19899126865953445,1.0,0.05904940300341445
mlp_add97_f0.3_wd1.0_softmax_ce_s0,mlp,14300,after,60000,8,1,hook_hidden,2,32.8889947326102,300.0,1.0,0.22139606880125254,1.0,0.058023011499957554
mlp_add97_f0.3_wd1.0_softmax_ce_s0,mlp,14300,after,60000,8,2,logits,0,246.6038026057005,300.0,1.0,0.2217834039456048,0.0,0.029999919300007904
mlp_add97_f0.3_wd1.0_softmax_ce_s0,mlp,14300,after,60000,8,2,logits,1,246.7394511432465,300.0,1.0,0.21983246045934016,0.0,0.03812454713017566
mlp_add97_f0.3_wd1.0_softmax_ce_s0,mlp,14300,after,60000,8,2,logits,2,247.19218576500413,300.0,1.0,0.22461011731782254,0.0,0.03424552112571276
mlp_add97_f0.3_wd1.0_softmax_ce_s0,mlp,14300,after,60000,4,0,operands,0,3.7624777131154987,300.0,0.0,0.17362060608351193,0.0,0.12386164100207298
mlp_add97_f0.3_wd1.0_softmax_ce_s0,mlp,14300,after,60000,4,0,operands,1,3.77157355241466,300.0,0.0,0.17054444054987367,0.0,0.1164438854377795
mlp_add97_f0.3_wd1.0_softmax_ce_s0,mlp,14300,after,60000,4,0,operands,2,3.7573197892229073,300.0,0.0,0.17171656655377263,0.0,0.12834219691928178
mlp_add97_f0.3_wd1.0_softmax_ce_s0,mlp,14300,after,60000,4,1,hook_hidden,0,30.975076711869402,300.0,1.0,0.37036891774635833,0.0,0.04386470728792765
mlp_add97_f0.3_wd1.0_softmax_ce_s0,mlp,14300,after,60000,4,1,hook_hidden,1,31.491226317629206,300.0,1.0,0.366838299756832,0.0,0.049675926699113
mlp_add97_f0.3_wd1.0_softmax_ce_s0,mlp,14300,after,60000,4,1,hook_hidden,2,31.544440289594153,300.0,1.0,0.36773672039717487,1.0,0.05124242428943832
mlp_add97_f0.3_wd1.0_softmax_ce_s0,mlp,14300,after,60000,4,2,logits,0,237.46606330818858,300.0,1.0,0.3214535160580177,0.0,0.033265074657050996
mlp_add97_f0.3_wd1.0_softmax_ce_s0,mlp,14300,after,60000,4,2,logits,1,235.19127312619065,300.0,1.0,0.3231867373967015,0.0,0.0356128178706502
mlp_add97_f0.3_wd1.0_softmax_ce_s0,mlp,14300,after,60000,4,2,logits,2,237.46606330818858,300.0,1.0,0.31836157933545955,0.0,0.04257274009099949
mlp_add97_f0.3_wd1.0_softmax_ce_s0,mlp,14300,after,60000,2,0,operands,0,2.943389154897257,300.0,2.0,0.4763115050388786,1.0,0.4255473639783191
mlp_add97_f0.3_wd1.0_softmax_ce_s0,mlp,14300,after,60000,2,0,operands,1,2.9414177617832076,300.0,2.0,0.4788230606663866,1.0,0.42550273799500393
mlp_add97_f0.3_wd1.0_softmax_ce_s0,mlp,14300,after,60000,2,0,operands,2,2.940439434826239,300.0,2.0,0.48345017731094486,1.0,0.42368587950500725
mlp_add97_f0.3_wd1.0_softmax_ce_s0,mlp,14300,after,60000,2,1,hook_hidden,0,28.033581210708103,300.0,1.0,0.5175565333237088,0.0,0.0004782390604778682
mlp_add97_f0.3_wd1.0_softmax_ce_s0,mlp,14300,after,60000,2,1,hook_hidden,1,28.033581210708103,300.0,1.0,0.5203688455381604,0.0,0.0003232485099346069
mlp_add97_f0.3_wd1.0_softmax_ce_s0,mlp,14300,after,60000,2,1,hook_hidden,2,28.033581210708103,300.0,1.0,0.5180844762650587,0.0,0.0
mlp_add97_f0.3_wd1.0_softmax_ce_s0,mlp,14300,after,60000,2,2,logits,0,224.13602598823582,300.0,1.0,0.4303476766491668,0.0,0.0
mlp_add97_f0.3_wd1.0_softmax_ce_s0,mlp,14300,after,60000,2,2,logits,1,224.13602598823582,300.0,1.0,0.4396161925184553,0.0,4.3161612342197777e-05
mlp_add97_f0.3_wd1.0_softmax_ce_s0,mlp,14300,after,60000,2,2,logits,2,224.13602598823582,300.0,1.0,0.431498248054517,0.0,0.0
mlp_add97_f0.3_wd1.0_softmax_ce_s1,mlp,13200,init,0,8,0,operands,0,19.912694992959693,300.0,0.0,0.1075933328754689,0.0,0.0554534692619339
mlp_add97_f0.3_wd1.0_softmax_ce_s1,mlp,13200,init,0,8,0,operands,1,20.150354719997257,300.0,0.0,0.09990894889258652,0.0,0.046453912390744416
mlp_add97_f0.3_wd1.0_softmax_ce_s1,mlp,13200,init,0,8,0,operands,2,20.016320013235912,300.0,0.0,0.10500793566264709,0.0,0.05185773707651833
mlp_add97_f0.3_wd1.0_softmax_ce_s1,mlp,13200,init,0,8,1,hook_hidden,0,3.2703340952670277,300.0,0.0,0.07152829094489174,0.0,0.04807527511897648
mlp_add97_f0.3_wd1.0_softmax_ce_s1,mlp,13200,init,0,8,1,hook_hidden,1,3.2703340952670277,300.0,0.0,0.06873494127293268,0.0,0.04882379288045634
mlp_add97_f0.3_wd1.0_softmax_ce_s1,mlp,13200,init,0,8,1,hook_hidden,2,3.2703340952670277,300.0,0.0,0.059834616915089435,1.0,0.055397932758145814
mlp_add97_f0.3_wd1.0_softmax_ce_s1,mlp,13200,init,0,8,2,logits,0,1.3125024777321155,300.0,0.0,0.08502174403295638,0.0,0.05416053810920658
mlp_add97_f0.3_wd1.0_softmax_ce_s1,mlp,13200,init,0,8,2,logits,1,1.3563225361371998,300.0,0.0,0.08179558953904915,0.0,0.05673773070157908
mlp_add97_f0.3_wd1.0_softmax_ce_s1,mlp,13200,init,0,8,2,logits,2,1.3563225361371998,300.0,0.0,0.07565243164788908,0.0,0.06578390253249959
mlp_add97_f0.3_wd1.0_softmax_ce_s1,mlp,13200,init,0,4,0,operands,0,18.287304938418888,300.0,0.0,0.10675519396328245,0.0,0.06075513852327314
mlp_add97_f0.3_wd1.0_softmax_ce_s1,mlp,13200,init,0,4,0,operands,1,18.287304938418888,300.0,0.0,0.0911244681595248,0.0,0.06181432150669223
mlp_add97_f0.3_wd1.0_softmax_ce_s1,mlp,13200,init,0,4,0,operands,2,18.287304938418888,300.0,0.0,0.11017469064754788,0.0,0.059327884172976235
mlp_add97_f0.3_wd1.0_softmax_ce_s1,mlp,13200,init,0,4,1,hook_hidden,0,2.869311804485564,300.0,0.0,0.06923874768049423,0.0,0.04445722093329008
mlp_add97_f0.3_wd1.0_softmax_ce_s1,mlp,13200,init,0,4,1,hook_hidden,1,2.9242788610039665,300.0,0.0,0.05847010678829197,0.0,0.03966685885265817
mlp_add97_f0.3_wd1.0_softmax_ce_s1,mlp,13200,init,0,4,1,hook_hidden,2,2.9512395411267667,300.0,0.0,0.06735879896254987,0.0,0.044067321668426564
mlp_add97_f0.3_wd1.0_softmax_ce_s1,mlp,13200,init,0,4,2,logits,0,1.2064310181847748,300.0,0.0,0.06719401132513456,0.0,0.047783574029432195
mlp_add97_f0.3_wd1.0_softmax_ce_s1,mlp,13200,init,0,4,2,logits,1,1.2213603096106123,300.0,0.0,0.05970817499479159,0.0,0.0389265896486415
mlp_add97_f0.3_wd1.0_softmax_ce_s1,mlp,13200,init,0,4,2,logits,2,1.2213603096106123,300.0,0.0,0.06791163207058633,0.0,0.043038255463603535
mlp_add97_f0.3_wd1.0_softmax_ce_s1,mlp,13200,init,0,2,0,operands,0,17.49561036663066,300.0,0.0,0.06433550303779136,0.0,0.04645785409073954
mlp_add97_f0.3_wd1.0_softmax_ce_s1,mlp,13200,init,0,2,0,operands,1,17.49561036663066,300.0,0.0,0.06180051854784058,0.0,0.034605327803719284
mlp_add97_f0.3_wd1.0_softmax_ce_s1,mlp,13200,init,0,2,0,operands,2,17.49561036663066,300.0,0.0,0.06051491557194548,0.0,0.037998575607480205
mlp_add97_f0.3_wd1.0_softmax_ce_s1,mlp,13200,init,0,2,1,hook_hidden,0,2.7023772991668777,300.0,0.0,0.03452149538513179,0.0,0.0
mlp_add97_f0.3_wd1.0_softmax_ce_s1,mlp,13200,init,0,2,1,hook_hidden,1,2.7023772991668777,300.0,0.0,0.044856075657121776,0.0,0.0
mlp_add97_f0.3_wd1.0_softmax_ce_s1,mlp,13200,init,0,2,1,hook_hidden,2,2.7023772991668777,300.0,0.0,0.027972676684467627,0.0,0.0
mlp_add97_f0.3_wd1.0_softmax_ce_s1,mlp,13200,init,0,2,2,logits,0,1.1842160683219756,300.0,0.0,0.027388533923790957,0.0,0.0
mlp_add97_f0.3_wd1.0_softmax_ce_s1,mlp,13200,init,0,2,2,logits,1,1.1842160683219756,300.0,0.0,0.030057862300348428,0.0,0.0
mlp_add97_f0.3_wd1.0_softmax_ce_s1,mlp,13200,init,0,2,2,logits,2,1.1842160683219756,300.0,0.0,0.03146834779507668,0.0,0.0
mlp_add97_f0.3_wd1.0_softmax_ce_s1,mlp,13200,before,11692,8,0,operands,0,4.74295839939573,300.0,0.0,0.10369439244578471,0.0,0.07346468227802702
mlp_add97_f0.3_wd1.0_softmax_ce_s1,mlp,13200,before,11692,8,0,operands,1,4.68771278459488,300.0,0.0,0.0844998466644239,0.0,0.061959060799883524
mlp_add97_f0.3_wd1.0_softmax_ce_s1,mlp,13200,before,11692,8,0,operands,2,4.7155694459795585,300.0,0.0,0.0917034196116779,0.0,0.06052067022651551
mlp_add97_f0.3_wd1.0_softmax_ce_s1,mlp,13200,before,11692,8,1,hook_hidden,0,29.401699610596722,300.0,0.0,0.07410412528192933,1.0,0.05046118099032988
mlp_add97_f0.3_wd1.0_softmax_ce_s1,mlp,13200,before,11692,8,1,hook_hidden,1,28.38719425322701,300.0,0.0,0.08047629811506818,0.0,0.06073846225490777
mlp_add97_f0.3_wd1.0_softmax_ce_s1,mlp,13200,before,11692,8,1,hook_hidden,2,29.401699610596722,300.0,0.0,0.09766043294595768,0.0,0.06029039993431549
mlp_add97_f0.3_wd1.0_softmax_ce_s1,mlp,13200,before,11692,8,2,logits,0,201.28941071698745,300.0,0.0,0.06486385886848307,1.0,0.05002966705420016
mlp_add97_f0.3_wd1.0_softmax_ce_s1,mlp,13200,before,11692,8,2,logits,1,197.48838929435385,300.0,0.0,0.0703945161487651,0.0,0.05150325648185546
mlp_add97_f0.3_wd1.0_softmax_ce_s1,mlp,13200,before,11692,8,2,logits,2,200.46895068286886,300.0,0.0,0.07099670771740678,1.0,0.05060114801247878
mlp_add97_f0.3_wd1.0_softmax_ce_s1,mlp,13200,before,11692,4,0,operands,0,3.770182811957108,300.0,0.0,0.118676673981145,0.0,0.08698049249708815
mlp_add97_f0.3_wd1.0_softmax_ce_s1,mlp,13200,before,11692,4,0,operands,1,3.81469364815323,300.0,0.0,0.11415179574997893,0.0,0.08344439163019306
mlp_add97_f0.3_wd1.0_softmax_ce_s1,mlp,13200,before,11692,4,0,operands,2,3.7612510786321987,300.0,0.0,0.1103021172904106,0.0,0.08481030553288044
mlp_add97_f0.3_wd1.0_softmax_ce_s1,mlp,13200,before,11692,4,1,hook_hidden,0,28.974941160867953,300.0,0.0,0.06506973393737318,0.0,0.047564385065870865
mlp_add97_f0.3_wd1.0_softmax_ce_s1,mlp,13200,before,11692,4,1,hook_hidden,1,28.974941160867953,300.0,0.0,0.06872768715809423,0.0,0.04098872558797058
mlp_add97_f0.3_wd1.0_softmax_ce_s1,mlp,13200,before,11692,4,1,hook_hidden,2,27.97236080224224,300.0,0.0,0.07098904303846801,0.0,0.045866482366576124
mlp_add97_f0.3_wd1.0_softmax_ce_s1,mlp,13200,before,11692,4,2,logits,0,203.88337788219104,300.0,0.0,0.06035406695659767,1.0,0.05139976169812562
mlp_add97_f0.3_wd1.0_softmax_ce_s1,mlp,13200,before,11692,4,2,logits,1,201.67546868218096,300.0,0.0,0.0847303152853054,0.0,0.044340912772721806
mlp_add97_f0.3_wd1.0_softmax_ce_s1,mlp,13200,before,11692,4,2,logits,2,201.32290358506822,300.0,0.0,0.058463011548665365,0.0,0.0391209449594326
mlp_add97_f0.3_wd1.0_softmax_ce_s1,mlp,13200,before,11692,2,0,operands,0,2.9017478565689574,300.0,2.0,0.3432870813943088,1.0,0.3003873576563185
mlp_add97_f0.3_wd1.0_softmax_ce_s1,mlp,13200,before,11692,2,0,operands,1,2.9481232655581873,300.0,2.0,0.34145855890763793,1.0,0.30203740605400553
mlp_add97_f0.3_wd1.0_softmax_ce_s1,mlp,13200,before,11692,2,0,operands,2,2.924902545368427,300.0,2.0,0.3439995355122632,1.0,0.304327185953694
mlp_add97_f0.3_wd1.0_softmax_ce_s1,mlp,13200,before,11692,2,1,hook_hidden,0,26.003032781787997,300.0,1.0,0.06259480594195431,0.0,0.0
mlp_add97_f0.3_wd1.0_softmax_ce_s1,mlp,13200,before,11692,2,1,hook_hidden,1,26.003032781787997,300.0,1.0,0.06883948888742772,0.0,0.0
mlp_add97_f0.3_wd1.0_softmax_ce_s1,mlp,13200,before,11692,2,1,hook_hidden,2,25.749695257513398,300.0,1.0,0.09732487964602982,0.0,0.0
mlp_add97_f0.3_wd1.0_softmax_ce_s1,mlp,13200,before,11692,2,2,logits,0,186.84121566538272,300.0,0.0,0.031985070909424554,0.0,7.444981306487406e-05
mlp_add97_f0.3_wd1.0_softmax_ce_s1,mlp,13200,before,11692,2,2,logits,1,189.10821816205697,300.0,1.0,0.05616856264275726,0.0,0.0
mlp_add97_f0.3_wd1.0_softmax_ce_s1,mlp,13200,before,11692,2,2,logits,2,187.47014401892494,300.0,1.0,0.05072989992116851,0.0,0.0
mlp_add97_f0.3_wd1.0_softmax_ce_s1,mlp,13200,at,13566,8,0,operands,0,4.710291006928709,300.0,0.0,0.0901312832276619,0.0,0.06168737564096197
mlp_add97_f0.3_wd1.0_softmax_ce_s1,mlp,13200,at,13566,8,0,operands,1,4.719890728537884,300.0,0.0,0.0784220807749383,0.0,0.06528895401779077
mlp_add97_f0.3_wd1.0_softmax_ce_s1,mlp,13200,at,13566,8,0,operands,2,4.704079838548069,300.0,0.0,0.083783144436823,0.0,0.0683782408013413
mlp_add97_f0.3_wd1.0_softmax_ce_s1,mlp,13200,at,13566,8,1,hook_hidden,0,35.35857286036141,300.0,0.0,0.10993320238322829,0.0,0.06048764356131027
mlp_add97_f0.3_wd1.0_softmax_ce_s1,mlp,13200,at,13566,8,1,hook_hidden,1,35.06979574509411,300.0,0.0,0.10061238337113848,0.0,0.04626668982948272
mlp_add97_f0.3_wd1.0_softmax_ce_s1,mlp,13200,at,13566,8,1,hook_hidden,2,34.27285082900188,300.0,0.0,0.09789516561726784,0.0,0.04954358663349871
mlp_add97_f0.3_wd1.0_softmax_ce_s1,mlp,13200,at,13566,8,2,logits,0,276.4562996591233,300.0,0.0,0.0990811953634654,0.0,0.04882436302235864
mlp_add97_f0.3_wd1.0_softmax_ce_s1,mlp,13200,at,13566,8,2,logits,1,272.5113384977898,300.0,0.0,0.09914050072891788,0.0,0.05951385646188549
mlp_add97_f0.3_wd1.0_softmax_ce_s1,mlp,13200,at,13566,8,2,logits,2,276.4562996591233,300.0,0.0,0.09649769203970816,1.0,0.0507046644212891
mlp_add97_f0.3_wd1.0_softmax_ce_s1,mlp,13200,at,13566,4,0,operands,0,4.00386289221576,300.0,0.0,0.11922176788546689,0.0,0.08065386024238162
mlp_add97_f0.3_wd1.0_softmax_ce_s1,mlp,13200,at,13566,4,0,operands,1,4.04255331823387,300.0,0.0,0.1215439231310044,0.0,0.08228956642145784
mlp_add97_f0.3_wd1.0_softmax_ce_s1,mlp,13200,at,13566,4,0,operands,2,3.9744639359844256,300.0,0.0,0.12395350132149305,0.0,0.08866303229968975
mlp_add97_f0.3_wd1.0_softmax_ce_s1,mlp,13200,at,13566,4,1,hook_hidden,0,33.2971435015485,300.0,0.0,0.15239026661943908,0.0,0.05488740508088235
mlp_add97_f0.3_wd1.0_softmax_ce_s1,mlp,13200,at,13566,4,1,hook_hidden,1,32.618057705265564,300.0,0.0,0.16419397562919136,0.0,0.09631540964358186
mlp_add97_f0.3_wd1.0_softmax_ce_s1,mlp,13200,at,13566,4,1,hook_hidden,2,31.980524673129025,300.0,0.0,0.16195229548768733,0.0,0.08566183839052724
mlp_add97_f0.3_wd1.0_softmax_ce_s1,mlp,13200,at,13566,4,2,logits,0,264.53493984971715,300.0,0.0,0.11973618366738778,0.0,0.08251128539890384
mlp_add97_f0.3_wd1.0_softmax_ce_s1,mlp,13200,at,13566,4,2,logits,1,264.53493984971715,300.0,0.0,0.11677566297482825,0.0,0.06569526368360261
mlp_add97_f0.3_wd1.0_softmax_ce_s1,mlp,13200,at,13566,4,2,logits,2,259.0868371171364,300.0,0.0,0.11887107818302035,0.0,0.06348229043704397
mlp_add97_f0.3_wd1.0_softmax_ce_s1,mlp,13200,at,13566,2,0,operands,0,3.3516273695671885,300.0,2.0,0.2639786994394609,1.0,0.21952531870323708
mlp_add97_f0.3_wd1.0_softmax_ce_s1,mlp,13200,at,13566,2,0,operands,1,3.290870660015639,300.0,2.0,0.27104154778180584,1.0,0.2078959139678374
mlp_add97_f0.3_wd1.0_softmax_ce_s1,mlp,13200,at,13566,2,0,operands,2,3.3339321463024536,300.0,2.0,0.2647474271822279,1.0,0.19384570501494228
mlp_add97_f0.3_wd1.0_softmax_ce_s1,mlp,13200,at,13566,2,1,hook_hidden,0,32.91608916914954,300.0,0.0,0.030994928885746786,0.0,0.0
mlp_add97_f0.3_wd1.0_softmax_ce_s1,mlp,13200,at,13566,2,1,hook_hidden,1,32.91608916914954,300.0,0.0,0.034606381840644185,0.0,0.0
mlp_add97_f0.3_wd1.0_softmax_ce_s1,mlp,13200,at,13566,2,1,hook_hidden,2,32.91608916914954,300.0,0.0,0.03653058028675205,0.0,0.0
mlp_add97_f0.3_wd1.0_softmax_ce_s1,mlp,13200,at,13566,2,2,logits,0,254.96818286100807,300.0,0.0,0.030899496229068596,0.0,0.0
mlp_add97_f0.3_wd1.0_softmax_ce_s1,mlp,13200,at,13566,2,2,logits,1,256.12571934758927,300.0,0.0,0.03089645145614179,0.0,0.0
mlp_add97_f0.3_wd1.0_softmax_ce_s1,mlp,13200,at,13566,2,2,logits,2,256.12571934758927,300.0,0.0,0.029909521857944564,0.0,0.0
mlp_add97_f0.3_wd1.0_softmax_ce_s1,mlp,13200,after,60000,8,0,operands,0,5.136856129447183,300.0,0.0,0.07883670117802875,0.0,0.0688922283229521
mlp_add97_f0.3_wd1.0_softmax_ce_s1,mlp,13200,after,60000,8,0,operands,1,5.126884476660336,300.0,0.0,0.09084124609850189,0.0,0.06891717091979382
mlp_add97_f0.3_wd1.0_softmax_ce_s1,mlp,13200,after,60000,8,0,operands,2,5.140030604990412,300.0,0.0,0.08286211570733924,0.0,0.06361544985246338
mlp_add97_f0.3_wd1.0_softmax_ce_s1,mlp,13200,after,60000,8,1,hook_hidden,0,36.26510048159434,300.0,1.0,0.22889193106213615,0.0,0.07714187452011595
mlp_add97_f0.3_wd1.0_softmax_ce_s1,mlp,13200,after,60000,8,1,hook_hidden,1,36.50587751863139,300.0,1.0,0.22472096897949462,0.0,0.07682686672737171
mlp_add97_f0.3_wd1.0_softmax_ce_s1,mlp,13200,after,60000,8,1,hook_hidden,2,36.463428928500186,300.0,1.0,0.2271303645232228,0.0,0.07207572433495527
mlp_add97_f0.3_wd1.0_softmax_ce_s1,mlp,13200,after,60000,8,2,logits,0,260.16093007481606,300.0,1.0,0.3087304281769598,0.0,0.04915021026726296
mlp_add97_f0.3_wd1.0_softmax_ce_s1,mlp,13200,after,60000,8,2,logits,1,261.9895010732002,300.0,1.0,0.3037821948608047,0.0,0.04054553768175748
mlp_add97_f0.3_wd1.0_softmax_ce_s1,mlp,13200,after,60000,8,2,logits,2,260.18278027854774,300.0,1.0,0.30832582098651584,0.0,0.049819343544043694
mlp_add97_f0.3_wd1.0_softmax_ce_s1,mlp,13200,after,60000,4,0,operands,0,4.093641113684653,300.0,0.0,0.17783158956614437,0.0,0.11132054454713913
mlp_add97_f0.3_wd1.0_softmax_ce_s1,mlp,13200,after,60000,4,0,operands,1,4.085025526923137,300.0,0.0,0.1773179388676836,0.0,0.11108905658890608
mlp_add97_f0.3_wd1.0_softmax_ce_s1,mlp,13200,after,60000,4,0,operands,2,4.079467317187641,300.0,0.0,0.1767179153195241,0.0,0.11867247621450702
mlp_add97_f0.3_wd1.0_softmax_ce_s1,mlp,13200,after,60000,4,1,hook_hidden,0,35.12347030589773,300.0,1.0,0.40556138661547436,0.0,0.02740405089115567
mlp_add97_f0.3_wd1.0_softmax_ce_s1,mlp,13200,after,60000,4,1,hook_hidden,1,35.1927697625854,300.0,1.0,0.4049021749870955,0.0,0.024289818030166412
mlp_add97_f0.3_wd1.0_softmax_ce_s1,mlp,13200,after,60000,4,1,hook_hidden,2,35.22681246715398,300.0,1.0,0.39878126709954015,0.0,0.023424230648004335
mlp_add97_f0.3_wd1.0_softmax_ce_s1,mlp,13200,after,60000,4,2,logits,0,241.84751480913926,300.0,1.0,0.49436610726133184,1.0,0.06385905120513409
mlp_add97_f0.3_wd1.0_softmax_ce_s1,mlp,13200,after,60000,4,2,logits,1,243.8626062591367,300.0,1.0,0.49170787710392705,1.0,0.05892519568647566
mlp_add97_f0.3_wd1.0_softmax_ce_s1,mlp,13200,after,60000,4,2,logits,2,243.26620304217664,300.0,1.0,0.49235745902270395,1.0,0.06475329750441453
mlp_add97_f0.3_wd1.0_softmax_ce_s1,mlp,13200,after,60000,2,0,operands,0,3.199103279836391,300.0,2.0,0.48147236920132924,1.0,0.4281574748712918
mlp_add97_f0.3_wd1.0_softmax_ce_s1,mlp,13200,after,60000,2,0,operands,1,3.194080011049537,300.0,2.0,0.48229478239887663,1.0,0.4264386983501209
mlp_add97_f0.3_wd1.0_softmax_ce_s1,mlp,13200,after,60000,2,0,operands,2,3.2087778024153164,300.0,2.0,0.4785354152936963,1.0,0.41974803302156904
mlp_add97_f0.3_wd1.0_softmax_ce_s1,mlp,13200,after,60000,2,1,hook_hidden,0,28.076482102048082,300.0,1.0,0.6869060522001076,0.0,0.04780035498319526
mlp_add97_f0.3_wd1.0_softmax_ce_s1,mlp,13200,after,60000,2,1,hook_hidden,1,28.04442839020453,300.0,1.0,0.6892182236947977,0.0,0.048505384642032696
mlp_add97_f0.3_wd1.0_softmax_ce_s1,mlp,13200,after,60000,2,1,hook_hidden,2,28.019585157385734,300.0,1.0,0.6863638323143026,1.0,0.05224646973665511
mlp_add97_f0.3_wd1.0_softmax_ce_s1,mlp,13200,after,60000,2,2,logits,0,218.99444258091157,300.0,1.0,0.6880380267159593,1.0,0.05227793795100296
mlp_add97_f0.3_wd1.0_softmax_ce_s1,mlp,13200,after,60000,2,2,logits,1,219.16687290316077,300.0,1.0,0.6861105949723928,0.0,0.04942798677293007
mlp_add97_f0.3_wd1.0_softmax_ce_s1,mlp,13200,after,60000,2,2,logits,2,218.79227938827924,300.0,1.0,0.6910472856608939,0.0,0.04900726908350589
mlp_add97_f0.3_wd1.0_softmax_ce_s2,mlp,12100,init,0,8,0,operands,0,19.998619259998392,300.0,0.0,0.09652856612697805,0.0,0.05391884156621212
mlp_add97_f0.3_wd1.0_softmax_ce_s2,mlp,12100,init,0,8,0,operands,1,20.157100077430453,300.0,0.0,0.12572158389789553,0.0,0.059135320548242595
mlp_add97_f0.3_wd1.0_softmax_ce_s2,mlp,12100,init,0,8,0,operands,2,20.086288882255804,300.0,0.0,0.12404325059616662,0.0,0.06779631418781903
mlp_add97_f0.3_wd1.0_softmax_ce_s2,mlp,12100,init,0,8,1,hook_hidden,0,2.858166387646092,300.0,0.0,0.07272876118389586,0.0,0.048948372043708145
mlp_add97_f0.3_wd1.0_softmax_ce_s2,mlp,12100,init,0,8,1,hook_hidden,1,2.858166387646092,300.0,0.0,0.08663975465172613,0.0,0.06262602837158937
mlp_add97_f0.3_wd1.0_softmax_ce_s2,mlp,12100,init,0,8,1,hook_hidden,2,2.8885572831714588,300.0,0.0,0.07901157592756873,0.0,0.053138039807765866
mlp_add97_f0.3_wd1.0_softmax_ce_s2,mlp,12100,init,0,8,2,logits,0,1.3988006181147588,300.0,0.0,0.0765298287923272,1.0,0.05236343282145766
mlp_add97_f0.3_wd1.0_softmax_ce_s2,mlp,12100,init,0,8,2,logits,1,1.3988006181147588,300.0,0.0,0.07132177511997566,1.0,0.0563983561319404
mlp_add97_f0.3_wd1.0_softmax_ce_s2,mlp,12100,init,0,8,2,logits,2,1.330189788393522,300.0,0.0,0.08040639584748846,0.0,0.059154636182651966
mlp_add97_f0.3_wd1.0_softmax_ce_s2,mlp,12100,init,0,4,0,operands,0,19.538065209316837,300.0,0.0,0.1045655638075703,0.0,0.04633236799920376
mlp_add97_f0.3_wd1.0_softmax_ce_s2,mlp,12100,init,0,4,0,operands,1,19.538065209316837,300.0,0.0,0.09741542205011167,1.0,0.05350254671030599
mlp_add97_f0.3_wd1.0_softmax_ce_s2,mlp,12100,init,0,4,0,operands,2,19.538065209316837,300.0,0.0,0.11689622210098535,0.0,0.05298910282388199
mlp_add97_f0.3_wd1.0_softmax_ce_s2,mlp,12100,init,0,4,1,hook_hidden,0,2.6770494642854543,300.0,0.0,0.06500563502130377,1.0,0.051417797186197566
mlp_add97_f0.3_wd1.0_softmax_ce_s2,mlp,12100,init,0,4,1,hook_hidden,1,2.6770494642854543,300.0,0.0,0.062163300783967375,0.0,0.041391399096307124
mlp_add97_f0.3_wd1.0_softmax_ce_s2,mlp,12100,init,0,4,1,hook_hidden,2,2.6770494642854543,300.0,0.0,0.07980007167166664,0.0,0.03759983890905445
mlp_add97_f0.3_wd1.0_softmax_ce_s2,mlp,12100,init,0,4,2,logits,0,1.258305321529382,300.0,0.0,0.06263873139928794,0.0,0.03944884259407581
mlp_add97_f0.3_wd1.0_softmax_ce_s2,mlp,12100,init,0,4,2,logits,1,1.2405382390252324,300.0,0.0,0.06154011494614363,0.0,0.04207378036321493
mlp_add97_f0.3_wd1.0_softmax_ce_s2,mlp,12100,init,0,4,2,logits,2,1.258305321529382,300.0,0.0,0.07086750552665093,0.0,0.04543267029997289
mlp_add97_f0.3_wd1.0_softmax_ce_s2,mlp,12100,init,0,2,0,operands,0,15.685268248641746,300.0,0.0,0.057751409984589976,0.0,0.037813375975128814
mlp_add97_f0.3_wd1.0_softmax_ce_s2,mlp,12100,init,0,2,0,operands,1,15.685268248641746,300.0,0.0,0.06158685102980944,0.0,0.043879972431825114
mlp_add97_f0.3_wd1.0_softmax_ce_s2,mlp,12100,init,0,2,0,operands,2,15.538597755624176,300.0,0.0,0.06399933141441115,0.0,0.04582295400782916
mlp_add97_f0.3_wd1.0_softmax_ce_s2,mlp,12100,init,0,2,1,hook_hidden,0,2.5439271839282416,300.0,0.0,0.029617924800046314,0.0,0.0
mlp_add97_f0.3_wd1.0_softmax_ce_s2,mlp,12100,init,0,2,1,hook_hidden,1,2.543496480436862,300.0,0.0,0.03339871274159329,0.0,0.00025115536242870237
mlp_add97_f0.3_wd1.0_softmax_ce_s2,mlp,12100,init,0,2,1,hook_hidden,2,2.543496480436862,300.0,0.0,0.029310516243934447,0.0,0.0
mlp_add97_f0.3_wd1.0_softmax_ce_s2,mlp,12100,init,0,2,2,logits,0,1.2355945051232513,300.0,0.0,0.02747544060279846,0.0,0.0
mlp_add97_f0.3_wd1.0_softmax_ce_s2,mlp,12100,init,0,2,2,logits,1,1.2355945051232513,300.0,0.0,0.024892514946461573,0.0,0.0
mlp_add97_f0.3_wd1.0_softmax_ce_s2,mlp,12100,init,0,2,2,logits,2,1.2355945051232513,300.0,0.0,0.025515346094848075,0.0,0.0
mlp_add97_f0.3_wd1.0_softmax_ce_s2,mlp,12100,before,10854,8,0,operands,0,4.445362866030937,300.0,0.0,0.09026214288974464,0.0,0.06086675402548443
mlp_add97_f0.3_wd1.0_softmax_ce_s2,mlp,12100,before,10854,8,0,operands,1,4.5398669212867055,300.0,0.0,0.09211293479495208,0.0,0.0591534884414604
mlp_add97_f0.3_wd1.0_softmax_ce_s2,mlp,12100,before,10854,8,0,operands,2,4.484821753807754,300.0,0.0,0.08927719225186778,0.0,0.058651387698154825
mlp_add97_f0.3_wd1.0_softmax_ce_s2,mlp,12100,before,10854,8,1,hook_hidden,0,25.965056140323103,300.0,0.0,0.07533188077067486,0.0,0.06661796453664147
mlp_add97_f0.3_wd1.0_softmax_ce_s2,mlp,12100,before,10854,8,1,hook_hidden,1,26.92520845286553,300.0,0.0,0.069403522809175,0.0,0.05543494983776826
mlp_add97_f0.3_wd1.0_softmax_ce_s2,mlp,12100,before,10854,8,1,hook_hidden,2,25.830930274312617,300.0,0.0,0.0838086717761023,0.0,0.0589849766056354
mlp_add97_f0.3_wd1.0_softmax_ce_s2,mlp,12100,before,10854,8,2,logits,0,172.99872025631592,300.0,0.0,0.07522094009719084,0.0,0.052727378201995655
mlp_add97_f0.3_wd1.0_softmax_ce_s2,mlp,12100,before,10854,8,2,logits,1,172.99872025631592,300.0,0.0,0.0720588413766227,0.0,0.04828456808913225
mlp_add97_f0.3_wd1.0_softmax_ce_s2,mlp,12100,before,10854,8,2,logits,2,172.99872025631592,300.0,0.0,0.08350819968275436,0.0,0.06131456782247592
mlp_add97_f0.3_wd1.0_softmax_ce_s2,mlp,12100,before,10854,4,0,operands,0,4.138179876061011,300.0,0.0,0.09603048934220204,0.0,0.08249650202673729
mlp_add97_f0.3_wd1.0_softmax_ce_s2,mlp,12100,before,10854,4,0,operands,1,4.1381798760610105,300.0,0.0,0.08241889548577769,0.0,0.078331473626008
mlp_add97_f0.3_wd1.0_softmax_ce_s2,mlp,12100,before,10854,4,0,operands,2,4.281455297240986,300.0,0.0,0.09423593425958358,0.0,0.06989543466533377
mlp_add97_f0.3_wd1.0_softmax_ce_s2,mlp,12100,before,10854,4,1,hook_hidden,0,24.459342772653237,300.0,0.0,0.058135614540291924,0.0,0.06739418504255021
mlp_add97_f0.3_wd1.0_softmax_ce_s2,mlp,12100,before,10854,4,1,hook_hidden,1,25.58505961259111,300.0,0.0,0.056926983431647836,0.0,0.04580304237054872
mlp_add97_f0.3_wd1.0_softmax_ce_s2,mlp,12100,before,10854,4,1,hook_hidden,2,24.784371067992662,300.0,0.0,0.058125837132580904,1.0,0.052898311000778755
mlp_add97_f0.3_wd1.0_softmax_ce_s2,mlp,12100,before,10854,4,2,logits,0,165.35809864589407,300.0,0.0,0.06424034672365252,0.0,0.04825045418623784
mlp_add97_f0.3_wd1.0_softmax_ce_s2,mlp,12100,before,10854,4,2,logits,1,164.32673274984268,300.0,0.0,0.06006259631558423,0.0,0.05589446977508059
mlp_add97_f0.3_wd1.0_softmax_ce_s2,mlp,12100,before,10854,4,2,logits,2,167.95705871222376,300.0,0.0,0.06269118223097765,0.0,0.04155804567445414
mlp_add97_f0.3_wd1.0_softmax_ce_s2,mlp,12100,before,10854,2,0,operands,0,2.719974173416284,300.0,2.0,0.36002935513113354,1.0,0.3296162455861442
mlp_add97_f0.3_wd1.0_softmax_ce_s2,mlp,12100,before,10854,2,0,operands,1,2.7115962426394407,300.0,2.0,0.3617364764996534,1.0,0.29928389566350466
mlp_add97_f0.3_wd1.0_softmax_ce_s2,mlp,12100,before,10854,2,0,operands,2,2.742060786366629,300.0,2.0,0.3628519800028348,1.0,0.3103192692586413
mlp_add97_f0.3_wd1.0_softmax_ce_s2,mlp,12100,before,10854,2,1,hook_hidden,0,22.334518972557035,300.0,1.0,0.07585027468872033,0.0,0.0
mlp_add97_f0.3_wd1.0_softmax_ce_s2,mlp,12100,before,10854,2,1,hook_hidden,1,22.334518972557035,300.0,1.0,0.08055498250138984,0.0,0.0
mlp_add97_f0.3_wd1.0_softmax_ce_s2,mlp,12100,before,10854,2,1,hook_hidden,2,22.334518972557035,300.0,1.0,0.08019214292048732,0.0,0.0
mlp_add97_f0.3_wd1.0_softmax_ce_s2,mlp,12100,before,10854,2,2,logits,0,155.0406945376869,300.0,1.0,0.07527125928536212,0.0,0.0
mlp_add97_f0.3_wd1.0_softmax_ce_s2,mlp,12100,before,10854,2,2,logits,1,155.0406945376869,300.0,1.0,0.07156419914907675,0.0,0.0
mlp_add97_f0.3_wd1.0_softmax_ce_s2,mlp,12100,before,10854,2,2,logits,2,155.0406945376869,300.0,1.0,0.07208042288460359,0.0,0.0
mlp_add97_f0.3_wd1.0_softmax_ce_s2,mlp,12100,at,11692,8,0,operands,0,4.5421072337026915,300.0,0.0,0.08889963297976033,0.0,0.05582117463609723
mlp_add97_f0.3_wd1.0_softmax_ce_s2,mlp,12100,at,11692,8,0,operands,1,4.574025347443751,300.0,0.0,0.08794521472912951,0.0,0.056641091318849104
mlp_add97_f0.3_wd1.0_softmax_ce_s2,mlp,12100,at,11692,8,0,operands,2,4.542587381722662,300.0,0.0,0.09411629207384758,0.0,0.06680268230705524
mlp_add97_f0.3_wd1.0_softmax_ce_s2,mlp,12100,at,11692,8,1,hook_hidden,0,27.806202028892617,300.0,0.0,0.08082708377067593,0.0,0.05316186371547947
mlp_add97_f0.3_wd1.0_softmax_ce_s2,mlp,12100,at,11692,8,1,hook_hidden,1,27.762473936121136,300.0,0.0,0.09405638736610127,0.0,0.043134081447713905
mlp_add97_f0.3_wd1.0_softmax_ce_s2,mlp,12100,at,11692,8,1,hook_hidden,2,26.74119286766519,300.0,0.0,0.08217973532807303,0.0,0.05283637148854665
mlp_add97_f0.3_wd1.0_softmax_ce_s2,mlp,12100,at,11692,8,2,logits,0,186.854959456964,300.0,0.0,0.08547645086543658,0.0,0.04939316943964438
mlp_add97_f0.3_wd1.0_softmax_ce_s2,mlp,12100,at,11692,8,2,logits,1,183.46264977228003,300.0,0.0,0.08360934204213825,1.0,0.05088669444097142
mlp_add97_f0.3_wd1.0_softmax_ce_s2,mlp,12100,at,11692,8,2,logits,2,184.96827361091317,300.0,0.0,0.08561599438989903,0.0,0.044836794927585036
mlp_add97_f0.3_wd1.0_softmax_ce_s2,mlp,12100,at,11692,4,0,operands,0,4.015128504967748,300.0,0.0,0.11237750936830107,0.0,0.08830607926138631
mlp_add97_f0.3_wd1.0_softmax_ce_s2,mlp,12100,at,11692,4,0,operands,1,3.994808045352567,300.0,0.0,0.11920448378743868,0.0,0.09320552365633364
mlp_add97_f0.3_wd1.0_softmax_ce_s2,mlp,12100,at,11692,4,0,operands,2,3.892884317035001,300.0,0.0,0.11610389733949153,0.0,0.09584252360331587
mlp_add97_f0.3_wd1.0_softmax_ce_s2,mlp,12100,at,11692,4,1,hook_hidden,0,25.13454237119283,300.0,0.0,0.10347314741173763,0.0,0.04751526436683296
mlp_add97_f0.3_wd1.0_softmax_ce_s2,mlp,12100,at,11692,4,1,hook_hidden,1,24.854185397022416,300.0,0.0,0.10952552605717435,0.0,0.046729923151016914
mlp_add97_f0.3_wd1.0_softmax_ce_s2,mlp,12100,at,11692,4,1,hook_hidden,2,24.182889841494287,300.0,0.0,0.11378681299217655,0.0,0.04638039867619317
mlp_add97_f0.3_wd1.0_softmax_ce_s2,mlp,12100,at,11692,4,2,logits,0,174.26558706338773,300.0,0.0,0.06981288391521592,0.0,0.04463980849674248
mlp_add97_f0.3_wd1.0_softmax_ce_s2,mlp,12100,at,11692,4,2,logits,1,174.26558706338773,300.0,0.0,0.0971770524188884,0.0,0.045571627772937606
mlp_add97_f0.3_wd1.0_softmax_ce_s2,mlp,12100,at,11692,4,2,logits,2,174.26558706338773,300.0,0.0,0.09040667438573873,0.0,0.04564854970811308
mlp_add97_f0.3_wd1.0_softmax_ce_s2,mlp,12100,at,11692,2,0,operands,0,2.7486660585115295,300.0,2.0,0.4021768927199269,1.0,0.34239176549947153
mlp_add97_f0.3_wd1.0_softmax_ce_s2,mlp,12100,at,11692,2,0,operands,1,2.7486660585115295,300.0,2.0,0.4061029501990331,1.0,0.3507028421066498
mlp_add97_f0.3_wd1.0_softmax_ce_s2,mlp,12100,at,11692,2,0,operands,2,2.7239034390358468,300.0,2.0,0.40292911099992995,1.0,0.3558884709399224
mlp_add97_f0.3_wd1.0_softmax_ce_s2,mlp,12100,at,11692,2,1,hook_hidden,0,21.689128396798615,300.0,1.0,0.16303663183688616,0.0,0.0064201481453032725
mlp_add97_f0.3_wd1.0_softmax_ce_s2,mlp,12100,at,11692,2,1,hook_hidden,1,21.689128396798615,300.0,1.0,0.16730965140562268,0.0,0.0022375751834086055
mlp_add97_f0.3_wd1.0_softmax_ce_s2,mlp,12100,at,11692,2,1,hook_hidden,2,21.689128396798615,300.0,1.0,0.16430448924329422,0.0,0.001486213191326185
mlp_add97_f0.3_wd1.0_softmax_ce_s2,mlp,12100,at,11692,2,2,logits,0,154.4156239988729,300.0,0.0,0.04876115870823597,0.0,0.0
mlp_add97_f0.3_wd1.0_softmax_ce_s2,mlp,12100,at,11692,2,2,logits,1,154.4156239988729,300.0,1.0,0.058776214778718916,0.0,0.0
mlp_add97_f0.3_wd1.0_softmax_ce_s2,mlp,12100,at,11692,2,2,logits,2,154.4156239988729,300.0,1.0,0.050402387190350444,0.0,0.0
mlp_add97_f0.3_wd1.0_softmax_ce_s2,mlp,12100,after,60000,8,0,operands,0,5.221982501016348,300.0,0.0,0.05788632567054263,0.0,0.06438930323739285
mlp_add97_f0.3_wd1.0_softmax_ce_s2,mlp,12100,after,60000,8,0,operands,1,5.218429448360914,300.0,0.0,0.05712167886445719,0.0,0.06570696539165262
mlp_add97_f0.3_wd1.0_softmax_ce_s2,mlp,12100,after,60000,8,0,operands,2,5.239455990579698,300.0,0.0,0.06209055315237292,0.0,0.07313844279366498
mlp_add97_f0.3_wd1.0_softmax_ce_s2,mlp,12100,after,60000,8,1,hook_hidden,0,35.174977401115335,300.0,0.0,0.12471313463774353,0.0,0.09386991825937242
mlp_add97_f0.3_wd1.0_softmax_ce_s2,mlp,12100,after,60000,8,1,hook_hidden,1,35.030853365208294,300.0,0.0,0.13560009145777116,0.0,0.09469866887114423
mlp_add97_f0.3_wd1.0_softmax_ce_s2,mlp,12100,after,60000,8,1,hook_hidden,2,35.21871484037311,300.0,0.0,0.12301163315825088,0.0,0.09618408273720544
mlp_add97_f0.3_wd1.0_softmax_ce_s2,mlp,12100,after,60000,8,2,logits,0,238.4979925907398,300.0,0.0,0.14263220345017258,0.0,0.09852295954747678
mlp_add97_f0.3_wd1.0_softmax_ce_s2,mlp,12100,after,60000,8,2,logits,1,234.45783458225867,300.0,0.0,0.1429904463096653,0.0,0.10396195489755314
mlp_add97_f0.3_wd1.0_softmax_ce_s2,mlp,12100,after,60000,8,2,logits,2,237.0454162099634,300.0,2.0,0.14443477870738788,0.0,0.09859956048184776
mlp_add97_f0.3_wd1.0_softmax_ce_s2,mlp,12100,after,60000,4,0,operands,0,3.9322801712967865,300.0,0.0,0.14418655003218184,0.0,0.09463003171771678
mlp_add97_f0.3_wd1.0_softmax_ce_s2,mlp,12100,after,60000,4,0,operands,1,3.9311343101569864,300.0,0.0,0.14961273592661195,0.0,0.09341037224415664
mlp_add97_f0.3_wd1.0_softmax_ce_s2,mlp,12100,after,60000,4,0,operands,2,3.937718774506611,300.0,0.0,0.14640884727889092,0.0,0.09768924166293179
mlp_add97_f0.3_wd1.0_softmax_ce_s2,mlp,12100,after,60000,4,1,hook_hidden,0,28.364108520462352,300.0,2.0,0.37602339393290934,1.0,0.28641842927933236
mlp_add97_f0.3_wd1.0_softmax_ce_s2,mlp,12100,after,60000,4,1,hook_hidden,1,28.468471429325366,300.0,2.0,0.3755843466040975,1.0,0.29045223372024526
mlp_add97_f0.3_wd1.0_softmax_ce_s2,mlp,12100,after,60000,4,1,hook_hidden,2,28.412585996152906,300.0,2.0,0.36615755128306837,1.0,0.282630652364463
mlp_add97_f0.3_wd1.0_softmax_ce_s2,mlp,12100,after,60000,4,2,logits,0,194.4657158598524,300.0,2.0,0.362919426364211,1.0,0.28866683761939926
mlp_add97_f0.3_wd1.0_softmax_ce_s2,mlp,12100,after,60000,4,2,logits,1,196.09451420293422,300.0,2.0,0.36102660987108137,1.0,0.2802090440072142
mlp_add97_f0.3_wd1.0_softmax_ce_s2,mlp,12100,after,60000,4,2,logits,2,196.09451420293422,300.0,2.0,0.3702897165130798,1.0,0.27898908486713186
mlp_add97_f0.3_wd1.0_softmax_ce_s2,mlp,12100,after,60000,2,0,operands,0,2.9052372283691716,300.0,2.0,0.4682945337837552,1.0,0.41733973971438676
mlp_add97_f0.3_wd1.0_softmax_ce_s2,mlp,12100,after,60000,2,0,operands,1,2.907742638537387,300.0,2.0,0.4730195997549476,1.0,0.40614235280314
mlp_add97_f0.3_wd1.0_softmax_ce_s2,mlp,12100,after,60000,2,0,operands,2,2.904807135896181,300.0,2.0,0.46933199223048994,1.0,0.4175484502789647
mlp_add97_f0.3_wd1.0_softmax_ce_s2,mlp,12100,after,60000,2,1,hook_hidden,0,22.44876778296085,300.0,1.0,0.6406096133260594,0.0,0.025726957304702293
mlp_add97_f0.3_wd1.0_softmax_ce_s2,mlp,12100,after,60000,2,1,hook_hidden,1,22.546607922000774,300.0,1.0,0.6330004018999135,0.0,0.027148742170248704
mlp_add97_f0.3_wd1.0_softmax_ce_s2,mlp,12100,after,60000,2,1,hook_hidden,2,22.546607922000774,300.0,1.0,0.6391874911795907,0.0,0.02227509277406894
mlp_add97_f0.3_wd1.0_softmax_ce_s2,mlp,12100,after,60000,2,2,logits,0,155.82208866082902,300.0,1.0,0.6170718850672016,0.0,0.027642940184463925
mlp_add97_f0.3_wd1.0_softmax_ce_s2,mlp,12100,after,60000,2,2,logits,1,157.3486317084401,300.0,1.0,0.6128032614274428,0.0,0.030138770576096867
mlp_add97_f0.3_wd1.0_softmax_ce_s2,mlp,12100,after,60000,2,2,logits,2,157.3486317084401,300.0,1.0,0.605992652380431,0.0,0.02607137334042006
mlp_add97_f0.3_wd1.0_softmax_ce_s3,mlp,9500,init,0,8,0,operands,0,20.479166149536308,300.0,0.0,0.1353679858033665,0.0,0.04811906596524709
mlp_add97_f0.3_wd1.0_softmax_ce_s3,mlp,9500,init,0,8,0,operands,1,20.703029892148678,300.0,0.0,0.11330342070966833,0.0,0.04867679717121143
mlp_add97_f0.3_wd1.0_softmax_ce_s3,mlp,9500,init,0,8,0,operands,2,19.786847480441118,300.0,0.0,0.11651197419724296,0.0,0.056808667808589494
mlp_add97_f0.3_wd1.0_softmax_ce_s3,mlp,9500,init,0,8,1,hook_hidden,0,2.902100635753719,300.0,0.0,0.07008649058267083,0.0,0.05377002815929267
mlp_add97_f0.3_wd1.0_softmax_ce_s3,mlp,9500,init,0,8,1,hook_hidden,1,3.014369525365601,300.0,0.0,0.0796703897353105,1.0,0.050108627092207904
mlp_add97_f0.3_wd1.0_softmax_ce_s3,mlp,9500,init,0,8,1,hook_hidden,2,2.8758508315331714,300.0,0.0,0.08909279859223629,1.0,0.05188300074134472
mlp_add97_f0.3_wd1.0_softmax_ce_s3,mlp,9500,init,0,8,2,logits,0,1.3864444366600217,300.0,0.0,0.07554863689610558,0.0,0.04743638642686212
mlp_add97_f0.3_wd1.0_softmax_ce_s3,mlp,9500,init,0,8,2,logits,1,1.3703628719654948,300.0,0.0,0.07184431122921939,0.0,0.049128841506711915
mlp_add97_f0.3_wd1.0_softmax_ce_s3,mlp,9500,init,0,8,2,logits,2,1.3864444366600217,300.0,0.0,0.07916321342625166,0.0,0.04947740605823734
mlp_add97_f0.3_wd1.0_softmax_ce_s3,mlp,9500,init,0,4,0,operands,0,18.77533792894623,300.0,0.0,0.09905358737064456,1.0,0.05255133448474194
mlp_add97_f0.3_wd1.0_softmax_ce_s3,mlp,9500,init,0,4,0,operands,1,18.962790185334214,300.0,0.0,0.09184619463068383,1.0,0.05052075558802214
mlp_add97_f0.3_wd1.0_softmax_ce_s3,mlp,9500,init,0,4,0,operands,2,18.962790185334214,300.0,0.0,0.09509107684303023,0.0,0.04745521420996578
mlp_add97_f0.3_wd1.0_softmax_ce_s3,mlp,9500,init,0,4,1,hook_hidden,0,2.7259563762047074,300.0,0.0,0.06445791199711151,0.0,0.04303541713949228
mlp_add97_f0.3_wd1.0_softmax_ce_s3,mlp,9500,init,0,4,1,hook_hidden,1,2.7259563762047074,300.0,0.0,0.062360980040128695,0.0,0.046964598085196096
mlp_add97_f0.3_wd1.0_softmax_ce_s3,mlp,9500,init,0,4,1,hook_hidden,2,2.7259563762047074,300.0,0.0,0.06913392310576177,0.0,0.043014229382677266
mlp_add97_f0.3_wd1.0_softmax_ce_s3,mlp,9500,init,0,4,2,logits,0,1.3040524360786712,300.0,0.0,0.06911829088673747,0.0,0.04507022357006684
mlp_add97_f0.3_wd1.0_softmax_ce_s3,mlp,9500,init,0,4,2,logits,1,1.3041758282090994,300.0,0.0,0.05479436306859426,0.0,0.04116353545104476
mlp_add97_f0.3_wd1.0_softmax_ce_s3,mlp,9500,init,0,4,2,logits,2,1.3040524360786712,300.0,0.0,0.05286967365320405,0.0,0.037690948767539215
mlp_add97_f0.3_wd1.0_softmax_ce_s3,mlp,9500,init,0,2,0,operands,0,18.206988852064786,300.0,0.0,0.08748742837993147,0.0,0.03645711310811233
mlp_add97_f0.3_wd1.0_softmax_ce_s3,mlp,9500,init,0,2,0,operands,1,18.6961539118662,300.0,0.0,0.07260500096250105,0.0,0.037585481810957375
mlp_add97_f0.3_wd1.0_softmax_ce_s3,mlp,9500,init,0,2,0,operands,2,18.6961539118662,300.0,0.0,0.08519841250334632,0.0,0.03265564186438531
mlp_add97_f0.3_wd1.0_softmax_ce_s3,mlp,9500,init,0,2,1,hook_hidden,0,2.6921829058274684,300.0,0.0,0.028732053268367926,0.0,0.0
mlp_add97_f0.3_wd1.0_softmax_ce_s3,mlp,9500,init,0,2,1,hook_hidden,1,2.6921829058274684,300.0,0.0,0.03125220421841276,0.0,0.0
mlp_add97_f0.3_wd1.0_softmax_ce_s3,mlp,9500,init,0,2,1,hook_hidden,2,2.6921829058274684,300.0,0.0,0.02259486351863124,0.0,0.0
mlp_add97_f0.3_wd1.0_softmax_ce_s3,mlp,9500,init,0,2,2,logits,0,1.2644123558443556,300.0,0.0,0.027981052573902942,0.0,0.0
mlp_add97_f0.3_wd1.0_softmax_ce_s3,mlp,9500,init,0,2,2,logits,1,1.24955005536868,300.0,0.0,0.027242479850270798,0.0,0.0
mlp_add97_f0.3_wd1.0_softmax_ce_s3,mlp,9500,init,0,2,2,logits,2,1.2644123558443556,300.0,0.0,0.026611594559509868,0.0,0.0
mlp_add97_f0.3_wd1.0_softmax_ce_s3,mlp,9500,before,8685,8,0,operands,0,4.487571875211761,300.0,0.0,0.07896870656033977,0.0,0.064482174120795
mlp_add97_f0.3_wd1.0_softmax_ce_s3,mlp,9500,before,8685,8,0,operands,1,4.421537980764995,300.0,0.0,0.0897458274605617,0.0,0.06383038460291658
mlp_add97_f0.3_wd1.0_softmax_ce_s3,mlp,9500,before,8685,8,0,operands,2,4.523515575391432,300.0,0.0,0.08692431591748381,0.0,0.05936320198957091
mlp_add97_f0.3_wd1.0_softmax_ce_s3,mlp,9500,before,8685,8,1,hook_hidden,0,28.397648045395325,300.0,0.0,0.07827680031990139,1.0,0.05092075445031128
mlp_add97_f0.3_wd1.0_softmax_ce_s3,mlp,9500,before,8685,8,1,hook_hidden,1,28.518908633950513,300.0,0.0,0.07403180176317495,0.0,0.05310002304954173
mlp_add97_f0.3_wd1.0_softmax_ce_s3,mlp,9500,before,8685,8,1,hook_hidden,2,28.518908633950513,300.0,0.0,0.08091350075947656,1.0,0.053968896402348955
mlp_add97_f0.3_wd1.0_softmax_ce_s3,mlp,9500,before,8685,8,2,logits,0,197.02598296695,300.0,0.0,0.06663809663683957,0.0,0.05232770467477176
mlp_add97_f0.3_wd1.0_softmax_ce_s3,mlp,9500,before,8685,8,2,logits,1,194.7219977103604,300.0,0.0,0.08197089489197168,0.0,0.05755765098693359
mlp_add97_f0.3_wd1.0_softmax_ce_s3,mlp,9500,before,8685,8,2,logits,2,200.03295397124288,300.0,0.0,0.07134032656347797,0.0,0.04824678823764318
mlp_add97_f0.3_wd1.0_softmax_ce_s3,mlp,9500,before,8685,4,0,operands,0,3.914641018953696,300.0,0.0,0.1098526180269028,0.0,0.07685964748160848
mlp_add97_f0.3_wd1.0_softmax_ce_s3,mlp,9500,before,8685,4,0,operands,1,3.877293824359945,300.0,0.0,0.10899069391649205,0.0,0.08138330591775766
mlp_add97_f0.3_wd1.0_softmax_ce_s3,mlp,9500,before,8685,4,0,operands,2,3.84219798056299,300.0,0.0,0.10000824457199466,0.0,0.07470605801485007
mlp_add97_f0.3_wd1.0_softmax_ce_s3,mlp,9500,before,8685,4,1,hook_hidden,0,27.01496629776619,300.0,0.0,0.056768456760717935,0.0,0.039818467628204506
mlp_add97_f0.3_wd1.0_softmax_ce_s3,mlp,9500,before,8685,4,1,hook_hidden,1,27.501899488481055,300.0,0.0,0.06688042693995937,0.0,0.04518182958179688
mlp_add97_f0.3_wd1.0_softmax_ce_s3,mlp,9500,before,8685,4,1,hook_hidden,2,26.766641553688626,300.0,0.0,0.07156299806474338,0.0,0.03699167190174356
mlp_add97_f0.3_wd1.0_softmax_ce_s3,mlp,9500,before,8685,4,2,logits,0,194.43353804849443,300.0,0.0,0.05897676970523427,0.0,0.040774532179616775
mlp_add97_f0.3_wd1.0_softmax_ce_s3,mlp,9500,before,8685,4,2,logits,1,194.78958129859672,300.0,0.0,0.05702954315976171,0.0,0.04519289143673612
mlp_add97_f0.3_wd1.0_softmax_ce_s3,mlp,9500,before,8685,4,2,logits,2,194.43353804849443,300.0,0.0,0.05214842301021884,0.0,0.0427777268142672
mlp_add97_f0.3_wd1.0_softmax_ce_s3,mlp,9500,before,8685,2,0,operands,0,3.162772541863856,300.0,2.0,0.266378387377608,1.0,0.22524601977784353
mlp_add97_f0.3_wd1.0_softmax_ce_s3,mlp,9500,before,8685,2,0,operands,1,3.0582160171067767,300.0,2.0,0.27577420261431995,1.0,0.22899494606931126
mlp_add97_f0.3_wd1.0_softmax_ce_s3,mlp,9500,before,8685,2,0,operands,2,3.162772541863856,300.0,2.0,0.2611753078797151,1.0,0.1986597202451233
mlp_add97_f0.3_wd1.0_softmax_ce_s3,mlp,9500,before,8685,2,1,hook_hidden,0,25.44367040876795,300.0,0.0,0.02768751262867607,0.0,0.0
mlp_add97_f0.3_wd1.0_softmax_ce_s3,mlp,9500,before,8685,2,1,hook_hidden,1,25.44367040876795,300.0,0.0,0.02608979978355948,0.0,0.0
mlp_add97_f0.3_wd1.0_softmax_ce_s3,mlp,9500,before,8685,2,1,hook_hidden,2,25.44367040876795,300.0,0.0,0.03291412806779196,0.0,0.001512652607461232
mlp_add97_f0.3_wd1.0_softmax_ce_s3,mlp,9500,before,8685,2,2,logits,0,186.07523798530653,300.0,0.0,0.02820877635187388,0.0,0.0
mlp_add97_f0.3_wd1.0_softmax_ce_s3,mlp,9500,before,8685,2,2,logits,1,186.07523798530653,300.0,0.0,0.025541087599065412,0.0,0.0
mlp_add97_f0.3_wd1.0_softmax_ce_s3,mlp,9500,before,8685,2,2,logits,2,186.07523798530653,300.0,0.0,0.024243689858742225,0.0,0.0
mlp_add97_f0.3_wd1.0_softmax_ce_s3,mlp,9500,at,9355,8,0,operands,0,4.6362197692570275,300.0,0.0,0.08396117034866434,0.0,0.057373307843853895
mlp_add97_f0.3_wd1.0_softmax_ce_s3,mlp,9500,at,9355,8,0,operands,1,4.629524941969212,300.0,0.0,0.09106567311729037,0.0,0.05648689971798301
mlp_add97_f0.3_wd1.0_softmax_ce_s3,mlp,9500,at,9355,8,0,operands,2,4.598371223372009,300.0,0.0,0.08004457179577726,0.0,0.06889517738580488
mlp_add97_f0.3_wd1.0_softmax_ce_s3,mlp,9500,at,9355,8,1,hook_hidden,0,30.685392529592033,300.0,0.0,0.08490579542073401,0.0,0.056094756912254976
mlp_add97_f0.3_wd1.0_softmax_ce_s3,mlp,9500,at,9355,8,1,hook_hidden,1,30.115056603043868,300.0,0.0,0.08620363589172818,0.0,0.0486957889457018
mlp_add97_f0.3_wd1.0_softmax_ce_s3,mlp,9500,at,9355,8,1,hook_hidden,2,30.46172432718034,300.0,0.0,0.0882032279440202,0.0,0.061770303074035714
mlp_add97_f0.3_wd1.0_softmax_ce_s3,mlp,9500,at,9355,8,2,logits,0,223.51766509558757,300.0,0.0,0.07791320663579863,0.0,0.04763117079136336
mlp_add97_f0.3_wd1.0_softmax_ce_s3,mlp,9500,at,9355,8,2,logits,1,223.51766509558757,300.0,0.0,0.08386951791538172,0.0,0.04301529109606389
mlp_add97_f0.3_wd1.0_softmax_ce_s3,mlp,9500,at,9355,8,2,logits,2,223.0879354831656,300.0,0.0,0.07713827342026336,0.0,0.04040042721660644
mlp_add97_f0.3_wd1.0_softmax_ce_s3,mlp,9500,at,9355,4,0,operands,0,4.185776668358299,300.0,0.0,0.11376422528700614,0.0,0.07356682131131946
mlp_add97_f0.3_wd1.0_softmax_ce_s3,mlp,9500,at,9355,4,0,operands,1,4.185776668358299,300.0,0.0,0.09921422007111284,0.0,0.0883968950178
mlp_add97_f0.3_wd1.0_softmax_ce_s3,mlp,9500,at,9355,4,0,operands,2,4.181302848749023,300.0,0.0,0.10631344224544732,0.0,0.07203953327863823
mlp_add97_f0.3_wd1.0_softmax_ce_s3,mlp,9500,at,9355,4,1,hook_hidden,0,28.61008729695571,300.0,0.0,0.07366794946919929,0.0,0.040339883825927514
mlp_add97_f0.3_wd1.0_softmax_ce_s3,mlp,9500,at,9355,4,1,hook_hidden,1,30.839072860276058,300.0,0.0,0.06048912223059257,0.0,0.04032507644986674
mlp_add97_f0.3_wd1.0_softmax_ce_s3,mlp,9500,at,9355,4,1,hook_hidden,2,31.225209512795473,300.0,0.0,0.06961569640604631,1.0,0.05150965816105683
mlp_add97_f0.3_wd1.0_softmax_ce_s3,mlp,9500,at,9355,4,2,logits,0,214.30859842385718,300.0,0.0,0.07222486137893327,0.0,0.03979190835378462
mlp_add97_f0.3_wd1.0_softmax_ce_s3,mlp,9500,at,9355,4,2,logits,1,220.29675105244183,300.0,0.0,0.06162106608220179,0.0,0.049979487684239605
mlp_add97_f0.3_wd1.0_softmax_ce_s3,mlp,9500,at,9355,4,2,logits,2,213.3666489879219,300.0,0.0,0.06392488560816495,0.0,0.049288479193182
mlp_add97_f0.3_wd1.0_softmax_ce_s3,mlp,9500,at,9355,2,0,operands,0,3.1967456257047986,300.0,2.0,0.24878035752939667,1.0,0.19570345579868717
mlp_add97_f0.3_wd1.0_softmax_ce_s3,mlp,9500,at,9355,2,0,operands,1,3.2066751154981157,300.0,2.0,0.2330734885097556,1.0,0.21249939173516655
mlp_add97_f0.3_wd1.0_softmax_ce_s3,mlp,9500,at,9355,2,0,operands,2,3.123289523989525,300.0,2.0,0.24451281147735088,1.0,0.22504881346772582
mlp_add97_f0.3_wd1.0_softmax_ce_s3,mlp,9500,at,9355,2,1,hook_hidden,0,26.642780923239016,300.0,0.0,0.028970534080187342,0.0,0.0
mlp_add97_f0.3_wd1.0_softmax_ce_s3,mlp,9500,at,9355,2,1,hook_hidden,1,26.635376466080437,300.0,0.0,0.029447903581843703,0.0,0.0
mlp_add97_f0.3_wd1.0_softmax_ce_s3,mlp,9500,at,9355,2,1,hook_hidden,2,26.642780923239016,300.0,0.0,0.029001250534866903,0.0,0.0
mlp_add97_f0.3_wd1.0_softmax_ce_s3,mlp,9500,at,9355,2,2,logits,0,203.0603826978562,300.0,0.0,0.031090362846291703,0.0,0.0
mlp_add97_f0.3_wd1.0_softmax_ce_s3,mlp,9500,at,9355,2,2,logits,1,203.0603826978562,300.0,0.0,0.027611538703891454,0.0,0.0
mlp_add97_f0.3_wd1.0_softmax_ce_s3,mlp,9500,at,9355,2,2,logits,2,199.94924681496678,300.0,0.0,0.030542599837974978,0.0,0.0
mlp_add97_f0.3_wd1.0_softmax_ce_s3,mlp,9500,after,60000,8,0,operands,0,4.84059765896742,300.0,0.0,0.07967733488463598,0.0,0.06371412808027213
mlp_add97_f0.3_wd1.0_softmax_ce_s3,mlp,9500,after,60000,8,0,operands,1,4.823830860802887,300.0,0.0,0.09617739403244602,0.0,0.06149640658874589
mlp_add97_f0.3_wd1.0_softmax_ce_s3,mlp,9500,after,60000,8,0,operands,2,4.841102103336735,300.0,0.0,0.08395033113506717,0.0,0.08038545510479886
mlp_add97_f0.3_wd1.0_softmax_ce_s3,mlp,9500,after,60000,8,1,hook_hidden,0,30.200912015738584,300.0,0.0,0.12160726587678253,0.0,0.057215383792055576
mlp_add97_f0.3_wd1.0_softmax_ce_s3,mlp,9500,after,60000,8,1,hook_hidden,1,30.147483947508686,300.0,0.0,0.12809383165863616,0.0,0.05567480708193251
mlp_add97_f0.3_wd1.0_softmax_ce_s3,mlp,9500,after,60000,8,1,hook_hidden,2,30.266484196886612,300.0,0.0,0.1256376018190244,0.0,0.05983222784677277
mlp_add97_f0.3_wd1.0_softmax_ce_s3,mlp,9500,after,60000,8,2,logits,0,194.97741024791608,300.0,0.0,0.12334603386106403,0.0,0.06160874650811927
mlp_add97_f0.3_wd1.0_softmax_ce_s3,mlp,9500,after,60000,8,2,logits,1,194.47950519490638,300.0,0.0,0.11803975983951297,0.0,0.060146677825281145
mlp_add97_f0.3_wd1.0_softmax_ce_s3,mlp,9500,after,60000,8,2,logits,2,193.42304590622757,300.0,0.0,0.11942323061280118,0.0,0.059951415604423096
mlp_add97_f0.3_wd1.0_softmax_ce_s3,mlp,9500,after,60000,4,0,operands,0,3.6973576044343184,300.0,0.0,0.15624672555067537,0.0,0.08642546900945175
mlp_add97_f0.3_wd1.0_softmax_ce_s3,mlp,9500,after,60000,4,0,operands,1,3.693612527003124,300.0,0.0,0.15616628618021205,0.0,0.09893769445434995
mlp_add97_f0.3_wd1.0_softmax_ce_s3,mlp,9500,after,60000,4,0,operands,2,3.7061149620236042,300.0,0.0,0.1576601705306798,0.0,0.08558356773702654
mlp_add97_f0.3_wd1.0_softmax_ce_s3,mlp,9500,after,60000,4,1,hook_hidden,0,25.813358761248498,300.0,2.0,0.3381651350585632,1.0,0.18727626706821868
mlp_add97_f0.3_wd1.0_softmax_ce_s3,mlp,9500,after,60000,4,1,hook_hidden,1,25.372881350252833,300.0,2.0,0.37125687139255314,1.0,0.18729201749765126
mlp_add97_f0.3_wd1.0_softmax_ce_s3,mlp,9500,after,60000,4,1,hook_hidden,2,25.347092253949622,300.0,2.0,0.3608347982174799,1.0,0.19480451164540252
mlp_add97_f0.3_wd1.0_softmax_ce_s3,mlp,9500,after,60000,4,2,logits,0,169.16064142353483,300.0,0.0,0.34274038723449507,1.0,0.15179898335110426
mlp_add97_f0.3_wd1.0_softmax_ce_s3,mlp,9500,after,60000,4,2,logits,1,169.56615107630208,300.0,0.0,0.3421913534714613,1.0,0.15343982130576592
mlp_add97_f0.3_wd1.0_softmax_ce_s3,mlp,9500,after,60000,4,2,logits,2,167.83376376726036,300.0,0.0,0.34647793444840097,1.0,0.159207660232516
mlp_add97_f0.3_wd1.0_softmax_ce_s3,mlp,9500,after,60000,2,0,operands,0,2.722552553440484,300.0,2.0,0.47541577243963784,1.0,0.42616636297564187
mlp_add97_f0.3_wd1.0_softmax_ce_s3,mlp,9500,after,60000,2,0,operands,1,2.7132333915971563,300.0,2.0,0.475463104115196,1.0,0.4171689873019113
mlp_add97_f0.3_wd1.0_softmax_ce_s3,mlp,9500,after,60000,2,0,operands,2,2.7197312948910457,300.0,2.0,0.48333480807526835,1.0,0.4239740469751447
mlp_add97_f0.3_wd1.0_softmax_ce_s3,mlp,9500,after,60000,2,1,hook_hidden,0,19.742460344957568,300.0,1.0,0.584541898102926,0.0,0.01164347260610427
mlp_add97_f0.3_wd1.0_softmax_ce_s3,mlp,9500,after,60000,2,1,hook_hidden,1,19.61899536165837,300.0,1.0,0.5982989089469762,0.0,0.01646800862920431
mlp_add97_f0.3_wd1.0_softmax_ce_s3,mlp,9500,after,60000,2,1,hook_hidden,2,19.7465738191247,300.0,1.0,0.5844201302448927,0.0,0.014731826092733227
mlp_add97_f0.3_wd1.0_softmax_ce_s3,mlp,9500,after,60000,2,2,logits,0,132.49980870488517,300.0,1.0,0.5601826496168775,0.0,0.013637231326248453
mlp_add97_f0.3_wd1.0_softmax_ce_s3,mlp,9500,after,60000,2,2,logits,1,131.67465174515016,300.0,1.0,0.5687078927242,0.0,0.012645389126947012
mlp_add97_f0.3_wd1.0_softmax_ce_s3,mlp,9500,after,60000,2,2,logits,2,133.68186200104884,300.0,1.0,0.5687028981927852,0.0,0.013516647022600648
mlp_add97_f0.3_wd1.0_softmax_ce_s4,mlp,12100,init,0,8,0,operands,0,20.496972441387022,300.0,0.0,0.08227088645551767,0.0,0.05433936268483482
mlp_add97_f0.3_wd1.0_softmax_ce_s4,mlp,12100,init,0,8,0,operands,1,19.58093298121105,300.0,0.0,0.08918512099093402,0.0,0.0498969993591496
mlp_add97_f0.3_wd1.0_softmax_ce_s4,mlp,12100,init,0,8,0,operands,2,20.496972441387022,300.0,0.0,0.10010227516059543,1.0,0.054096395715224344
mlp_add97_f0.3_wd1.0_softmax_ce_s4,mlp,12100,init,0,8,1,hook_hidden,0,3.115972987432132,300.0,0.0,0.06415235050469226,0.0,0.04782522279782852
mlp_add97_f0.3_wd1.0_softmax_ce_s4,mlp,12100,init,0,8,1,hook_hidden,1,3.115972987432132,300.0,0.0,0.06809486083977413,0.0,0.046727003435964025
mlp_add97_f0.3_wd1.0_softmax_ce_s4,mlp,12100,init,0,8,1,hook_hidden,2,3.1878538619485646,300.0,0.0,0.07340973834839341,0.0,0.04738900540077683
mlp_add97_f0.3_wd1.0_softmax_ce_s4,mlp,12100,init,0,8,2,logits,0,1.413255124112022,300.0,0.0,0.0665154214068142,0.0,0.0464382289630896
mlp_add97_f0.3_wd1.0_softmax_ce_s4,mlp,12100,init,0,8,2,logits,1,1.4460261233245335,300.0,0.0,0.07178569639721956,1.0,0.052062521263283326
mlp_add97_f0.3_wd1.0_softmax_ce_s4,mlp,12100,init,0,8,2,logits,2,1.413255124112022,300.0,0.0,0.07047084425643757,0.0,0.05225624539705927
mlp_add97_f0.3_wd1.0_softmax_ce_s4,mlp,12100,init,0,4,0,operands,0,17.095047349779026,300.0,0.0,0.09372932913589298,1.0,0.051730928399686765
mlp_add97_f0.3_wd1.0_softmax_ce_s4,mlp,12100,init,0,4,0,operands,1,17.095047349779026,300.0,0.0,0.08888683038947107,0.0,0.05415878848325037
mlp_add97_f0.3_wd1.0_softmax_ce_s4,mlp,12100,init,0,4,0,operands,2,17.095047349779026,300.0,0.0,0.10711732858475258,0.0,0.051670734674197284
mlp_add97_f0.3_wd1.0_softmax_ce_s4,mlp,12100,init,0,4,1,hook_hidden,0,2.9863923760466875,300.0,0.0,0.0662903578916381,0.0,0.0427002586050137
mlp_add97_f0.3_wd1.0_softmax_ce_s4,mlp,12100,init,0,4,1,hook_hidden,1,2.9863923760466875,300.0,0.0,0.058580184812251794,0.0,0.039346929932274295
mlp_add97_f0.3_wd1.0_softmax_ce_s4,mlp,12100,init,0,4,1,hook_hidden,2,2.9863923760466875,300.0,0.0,0.05598177572143579,0.0,0.03986978918268798
mlp_add97_f0.3_wd1.0_softmax_ce_s4,mlp,12100,init,0,4,2,logits,0,1.3580676950339772,300.0,0.0,0.060624623620859366,0.0,0.036921415443338955
mlp_add97_f0.3_wd1.0_softmax_ce_s4,mlp,12100,init,0,4,2,logits,1,1.3580676950339772,300.0,0.0,0.07047497423658186,0.0,0.03675407650272621
mlp_add97_f0.3_wd1.0_softmax_ce_s4,mlp,12100,init,0,4,2,logits,2,1.3580676950339772,300.0,0.0,0.052958797235833396,0.0,0.037243562928513045
mlp_add97_f0.3_wd1.0_softmax_ce_s4,mlp,12100,init,0,2,0,operands,0,16.984650723263403,300.0,0.0,0.0626365789762879,0.0,0.038305353848864646
mlp_add97_f0.3_wd1.0_softmax_ce_s4,mlp,12100,init,0,2,0,operands,1,16.984650723263403,300.0,0.0,0.06593785634301805,0.0,0.03843143684653013
mlp_add97_f0.3_wd1.0_softmax_ce_s4,mlp,12100,init,0,2,0,operands,2,16.984650723263403,300.0,0.0,0.06443858884706398,0.0,0.039113621384555854
mlp_add97_f0.3_wd1.0_softmax_ce_s4,mlp,12100,init,0,2,1,hook_hidden,0,2.7012214866505335,300.0,0.0,0.025543438827432482,0.0,0.0
mlp_add97_f0.3_wd1.0_softmax_ce_s4,mlp,12100,init,0,2,1,hook_hidden,1,2.7012214866505335,300.0,0.0,0.03923583768637755,0.0,0.0
mlp_add97_f0.3_wd1.0_softmax_ce_s4,mlp,12100,init,0,2,1,hook_hidden,2,2.7012214866505335,300.0,0.0,0.024149218787719574,0.0,0.0
mlp_add97_f0.3_wd1.0_softmax_ce_s4,mlp,12100,init,0,2,2,logits,0,1.3034352771084452,300.0,0.0,0.03128871638226714,0.0,0.0
mlp_add97_f0.3_wd1.0_softmax_ce_s4,mlp,12100,init,0,2,2,logits,1,1.3034352771084452,300.0,0.0,0.04249089901821419,0.0,0.0
mlp_add97_f0.3_wd1.0_softmax_ce_s4,mlp,12100,init,0,2,2,logits,2,1.3034352771084452,300.0,0.0,0.039979257036412766,0.0,0.0
mlp_add97_f0.3_wd1.0_softmax_ce_s4,mlp,12100,before,10854,8,0,operands,0,4.4192908727656945,300.0,0.0,0.08405738348722676,0.0,0.05550616961979827
mlp_add97_f0.3_wd1.0_softmax_ce_s4,mlp,12100,before,10854,8,0,operands,1,4.483165860958453,300.0,0.0,0.09520372266428254,0.0,0.06011552847648384
mlp_add97_f0.3_wd1.0_softmax_ce_s4,mlp,12100,before,10854,8,0,operands,2,4.40991356521169,300.0,0.0,0.09021319528450734,0.0,0.05875019253674975
mlp_add97_f0.3_wd1.0_softmax_ce_s4,mlp,12100,before,10854,8,1,hook_hidden,0,24.76567813540454,300.0,0.0,0.08693401565657854,0.0,0.053256583045129084
mlp_add97_f0.3_wd1.0_softmax_ce_s4,mlp,12100,before,10854,8,1,hook_hidden,1,24.985088569248976,300.0,0.0,0.08428477696430978,0.0,0.054428750432459726
mlp_add97_f0.3_wd1.0_softmax_ce_s4,mlp,12100,before,10854,8,1,hook_hidden,2,24.87533579470812,300.0,0.0,0.0891672298741601,0.0,0.06021006213852357
mlp_add97_f0.3_wd1.0_softmax_ce_s4,mlp,12100,before,10854,8,2,logits,0,163.0037583105146,300.0,0.0,0.07421923860489653,1.0,0.051386133987976805
mlp_add97_f0.3_wd1.0_softmax_ce_s4,mlp,12100,before,10854,8,2,logits,1,161.16326788915947,300.0,0.0,0.07594634629124669,1.0,0.054832202563435385
mlp_add97_f0.3_wd1.0_softmax_ce_s4,mlp,12100,before,10854,8,2,logits,2,165.65774387762085,300.0,0.0,0.0699001557951146,0.0,0.05338032972830425
mlp_add97_f0.3_wd1.0_softmax_ce_s4,mlp,12100,before,10854,4,0,operands,0,3.6227492542414157,300.0,0.0,0.10590124069390094,0.0,0.07763704220320329
mlp_add97_f0.3_wd1.0_softmax_ce_s4,mlp,12100,before,10854,4,0,operands,1,3.675463333117876,300.0,0.0,0.09450570848627904,0.0,0.07862478397290093
mlp_add97_f0.3_wd1.0_softmax_ce_s4,mlp,12100,before,10854,4,0,operands,2,3.7067946844243536,300.0,0.0,0.09899524336410939,0.0,0.08217197387363308
mlp_add97_f0.3_wd1.0_softmax_ce_s4,mlp,12100,before,10854,4,1,hook_hidden,0,23.182247930793164,300.0,0.0,0.06809643934237102,0.0,0.043299444499007134
mlp_add97_f0.3_wd1.0_softmax_ce_s4,mlp,12100,before,10854,4,1,hook_hidden,1,23.182247930793164,300.0,0.0,0.06138874392054623,0.0,0.03856734603700525
mlp_add97_f0.3_wd1.0_softmax_ce_s4,mlp,12100,before,10854,4,1,hook_hidden,2,23.182247930793164,300.0,0.0,0.06256150971501417,0.0,0.03887296120071727
mlp_add97_f0.3_wd1.0_softmax_ce_s4,mlp,12100,before,10854,4,2,logits,0,159.1023858536325,300.0,0.0,0.062395679069156454,0.0,0.043938695381417404
mlp_add97_f0.3_wd1.0_softmax_ce_s4,mlp,12100,before,10854,4,2,logits,1,159.1023858536325,300.0,0.0,0.06418127108236638,0.0,0.039686474625723556
mlp_add97_f0.3_wd1.0_softmax_ce_s4,mlp,12100,before,10854,4,2,logits,2,159.1023858536325,300.0,0.0,0.06654735492794274,0.0,0.03379536126107133
mlp_add97_f0.3_wd1.0_softmax_ce_s4,mlp,12100,before,10854,2,0,operands,0,3.0847391339709267,300.0,0.0,0.0674010963073507,0.0,0.049612841610897344
mlp_add97_f0.3_wd1.0_softmax_ce_s4,mlp,12100,before,10854,2,0,operands,1,3.092916998594461,300.0,0.0,0.06641559769409079,0.0,0.03962911421817622
mlp_add97_f0.3_wd1.0_softmax_ce_s4,mlp,12100,before,10854,2,0,operands,2,3.0755786406663805,300.0,0.0,0.0732108300442945,0.0,0.05755078110655928
mlp_add97_f0.3_wd1.0_softmax_ce_s4,mlp,12100,before,10854,2,1,hook_hidden,0,21.66591686927508,300.0,0.0,0.026120412116945064,0.0,0.0
mlp_add97_f0.3_wd1.0_softmax_ce_s4,mlp,12100,before,10854,2,1,hook_hidden,1,21.66591686927508,300.0,0.0,0.02923263054329601,0.0,0.0
mlp_add97_f0.3_wd1.0_softmax_ce_s4,mlp,12100,before,10854,2,1,hook_hidden,2,21.66591686927508,300.0,0.0,0.036324925468145974,0.0,6.215237245164785e-05
mlp_add97_f0.3_wd1.0_softmax_ce_s4,mlp,12100,before,10854,2,2,logits,0,147.47154120368788,300.0,0.0,0.028558063230255545,0.0,0.0
mlp_add97_f0.3_wd1.0_softmax_ce_s4,mlp,12100,before,10854,2,2,logits,1,147.47154120368788,300.0,0.0,0.034720224241681384,0.0,0.0
mlp_add97_f0.3_wd1.0_softmax_ce_s4,mlp,12100,before,10854,2,2,logits,2,147.47154120368788,300.0,0.0,0.034029064944641634,0.0,0.0
mlp_add97_f0.3_wd1.0_softmax_ce_s4,mlp,12100,at,11692,8,0,operands,0,4.420881454929766,300.0,0.0,0.08727783131966442,0.0,0.06234076878447425
mlp_add97_f0.3_wd1.0_softmax_ce_s4,mlp,12100,at,11692,8,0,operands,1,4.598535879557287,300.0,0.0,0.0783539942675431,0.0,0.05622383141776901
mlp_add97_f0.3_wd1.0_softmax_ce_s4,mlp,12100,at,11692,8,0,operands,2,4.586755270666736,300.0,0.0,0.0795946263338722,0.0,0.05803169380574067
mlp_add97_f0.3_wd1.0_softmax_ce_s4,mlp,12100,at,11692,8,1,hook_hidden,0,27.59504057225007,300.0,0.0,0.07647345680223758,0.0,0.045040456300108146
mlp_add97_f0.3_wd1.0_softmax_ce_s4,mlp,12100,at,11692,8,1,hook_hidden,1,27.63974229809787,300.0,0.0,0.08893622097328241,1.0,0.05420091515073566
mlp_add97_f0.3_wd1.0_softmax_ce_s4,mlp,12100,at,11692,8,1,hook_hidden,2,27.59504057225007,300.0,0.0,0.09097685365712259,0.0,0.04715042522322335
mlp_add97_f0.3_wd1.0_softmax_ce_s4,mlp,12100,at,11692,8,2,logits,0,187.18381486261075,300.0,0.0,0.09273786772264479,0.0,0.0446173941847714
mlp_add97_f0.3_wd1.0_softmax_ce_s4,mlp,12100,at,11692,8,2,logits,1,187.32031880856437,300.0,0.0,0.08059082065305148,0.0,0.047372688085059955
mlp_add97_f0.3_wd1.0_softmax_ce_s4,mlp,12100,at,11692,8,2,logits,2,189.0328192590943,300.0,0.0,0.0815494153876487,0.0,0.0483019478688137
mlp_add97_f0.3_wd1.0_softmax_ce_s4,mlp,12100,at,11692,4,0,operands,0,3.6790847103476603,300.0,0.0,0.10941122731666003,0.0,0.08460304603315941
mlp_add97_f0.3_wd1.0_softmax_ce_s4,mlp,12100,at,11692,4,0,operands,1,3.679184595306047,300.0,0.0,0.11780212688530452,0.0,0.07857351366278824
mlp_add97_f0.3_wd1.0_softmax_ce_s4,mlp,12100,at,11692,4,0,operands,2,3.643282576285809,300.0,0.0,0.11764223020958454,0.0,0.08084776493484913
mlp_add97_f0.3_wd1.0_softmax_ce_s4,mlp,12100,at,11692,4,1,hook_hidden,0,25.200199585123872,300.0,0.0,0.06442347282245428,1.0,0.060439198784379825
mlp_add97_f0.3_wd1.0_softmax_ce_s4,mlp,12100,at,11692,4,1,hook_hidden,1,25.344815617532326,300.0,0.0,0.0618075383698469,0.0,0.04465493474979473
mlp_add97_f0.3_wd1.0_softmax_ce_s4,mlp,12100,at,11692,4,1,hook_hidden,2,25.34105510310415,300.0,0.0,0.05906986447755317,0.0,0.04823505680357843
mlp_add97_f0.3_wd1.0_softmax_ce_s4,mlp,12100,at,11692,4,2,logits,0,181.36453959236678,300.0,0.0,0.05660551653199769,1.0,0.05057302542997454
mlp_add97_f0.3_wd1.0_softmax_ce_s4,mlp,12100,at,11692,4,2,logits,1,172.98890629349816,300.0,0.0,0.07777528668201562,0.0,0.04037286858313093
mlp_add97_f0.3_wd1.0_softmax_ce_s4,mlp,12100,at,11692,4,2,logits,2,181.63025098354981,300.0,0.0,0.06790619056506185,0.0,0.038055726899003
mlp_add97_f0.3_wd1.0_softmax_ce_s4,mlp,12100,at,11692,2,0,operands,0,3.343437036675837,300.0,0.0,0.06934114413941603,0.0,0.04449811639841466
mlp_add97_f0.3_wd1.0_softmax_ce_s4,mlp,12100,at,11692,2,0,operands,1,3.354434887231572,300.0,0.0,0.06928504122335559,1.0,0.05574159734370645
mlp_add97_f0.3_wd1.0_softmax_ce_s4,mlp,12100,at,11692,2,0,operands,2,3.3878856454706385,300.0,0.0,0.07104691231650248,0.0,0.04271524207501595
mlp_add97_f0.3_wd1.0_softmax_ce_s4,mlp,12100,at,11692,2,1,hook_hidden,0,24.19845385795476,300.0,0.0,0.03162102819517823,0.0,0.0
mlp_add97_f0.3_wd1.0_softmax_ce_s4,mlp,12100,at,11692,2,1,hook_hidden,1,24.19845385795476,300.0,0.0,0.030795515160921428,0.0,0.0
mlp_add97_f0.3_wd1.0_softmax_ce_s4,mlp,12100,at,11692,2,1,hook_hidden,2,23.732603404008717,300.0,0.0,0.031076597455009892,0.0,0.0
mlp_add97_f0.3_wd1.0_softmax_ce_s4,mlp,12100,at,11692,2,2,logits,0,168.57974013315544,300.0,0.0,0.027664718591514596,0.0,0.0
mlp_add97_f0.3_wd1.0_softmax_ce_s4,mlp,12100,at,11692,2,2,logits,1,170.44461303618164,300.0,0.0,0.027499792471374,0.0,0.0
mlp_add97_f0.3_wd1.0_softmax_ce_s4,mlp,12100,at,11692,2,2,logits,2,170.44461303618164,300.0,0.0,0.029127457404419646,0.0,0.0
mlp_add97_f0.3_wd1.0_softmax_ce_s4,mlp,12100,after,60000,8,0,operands,0,4.564471078901875,300.0,0.0,0.07705750881559309,0.0,0.06705598323212662
mlp_add97_f0.3_wd1.0_softmax_ce_s4,mlp,12100,after,60000,8,0,operands,1,4.570238006458485,300.0,0.0,0.09110845408409732,0.0,0.057342577113256056
mlp_add97_f0.3_wd1.0_softmax_ce_s4,mlp,12100,after,60000,8,0,operands,2,4.567667004201779,300.0,0.0,0.07771984030728839,0.0,0.05967789018062069
mlp_add97_f0.3_wd1.0_softmax_ce_s4,mlp,12100,after,60000,8,1,hook_hidden,0,27.811770043857695,300.0,0.0,0.20725192410333793,1.0,0.06516229440631523
mlp_add97_f0.3_wd1.0_softmax_ce_s4,mlp,12100,after,60000,8,1,hook_hidden,1,28.13299616051229,300.0,0.0,0.2058216441360904,0.0,0.06420219222867624
mlp_add97_f0.3_wd1.0_softmax_ce_s4,mlp,12100,after,60000,8,1,hook_hidden,2,27.876055759709015,300.0,0.0,0.20366448148028332,1.0,0.06554038022631087
mlp_add97_f0.3_wd1.0_softmax_ce_s4,mlp,12100,after,60000,8,2,logits,0,176.48888660940327,300.0,0.0,0.23876589159094577,1.0,0.07804661767300416
mlp_add97_f0.3_wd1.0_softmax_ce_s4,mlp,12100,after,60000,8,2,logits,1,176.67005308019336,300.0,0.0,0.22193481838838772,1.0,0.07258606453630712
mlp_add97_f0.3_wd1.0_softmax_ce_s4,mlp,12100,after,60000,8,2,logits,2,176.48888660940327,300.0,0.0,0.2361145424676394,1.0,0.07359829250569667
mlp_add97_f0.3_wd1.0_softmax_ce_s4,mlp,12100,after,60000,4,0,operands,0,3.6954899271795636,300.0,0.0,0.15730469114145199,0.0,0.09910859283496523
mlp_add97_f0.3_wd1.0_softmax_ce_s4,mlp,12100,after,60000,4,0,operands,1,3.694013689395688,300.0,0.0,0.15608113834474907,0.0,0.10264553029481625
mlp_add97_f0.3_wd1.0_softmax_ce_s4,mlp,12100,after,60000,4,0,operands,2,3.696665148528491,300.0,0.0,0.1526118381542114,0.0,0.09437045506512973
mlp_add97_f0.3_wd1.0_softmax_ce_s4,mlp,12100,after,60000,4,1,hook_hidden,0,23.411630978785993,300.0,2.0,0.44097307024964005,1.0,0.24422301042430491
mlp_add97_f0.3_wd1.0_softmax_ce_s4,mlp,12100,after,60000,4,1,hook_hidden,1,23.432317219419694,300.0,2.0,0.4160749990212531,1.0,0.24655505017566465
mlp_add97_f0.3_wd1.0_softmax_ce_s4,mlp,12100,after,60000,4,1,hook_hidden,2,23.34468458080273,300.0,2.0,0.4236009132559172,1.0,0.24718038284386118
mlp_add97_f0.3_wd1.0_softmax_ce_s4,mlp,12100,after,60000,4,2,logits,0,155.18207552265537,300.0,2.0,0.4266809037235837,1.0,0.22959470302189483
mlp_add97_f0.3_wd1.0_softmax_ce_s4,mlp,12100,after,60000,4,2,logits,1,155.18207552265537,300.0,2.0,0.4279733677198789,1.0,0.23834801084597898
mlp_add97_f0.3_wd1.0_softmax_ce_s4,mlp,12100,after,60000,4,2,logits,2,154.53175477700205,300.0,2.0,0.42402960620031066,1.0,0.22522190377545828
mlp_add97_f0.3_wd1.0_softmax_ce_s4,mlp,12100,after,60000,2,0,operands,0,2.7333152549267012,300.0,2.0,0.4785095693390022,1.0,0.41977450585611603
mlp_add97_f0.3_wd1.0_softmax_ce_s4,mlp,12100,after,60000,2,0,operands,1,2.7449627278494786,300.0,2.0,0.468586149494924,1.0,0.4265235359539097
mlp_add97_f0.3_wd1.0_softmax_ce_s4,mlp,12100,after,60000,2,0,operands,2,2.740462056477845,300.0,2.0,0.46892457388395115,1.0,0.4208521587371702
mlp_add97_f0.3_wd1.0_softmax_ce_s4,mlp,12100,after,60000,2,1,hook_hidden,0,18.903985684444272,300.0,1.0,0.6709474849366918,0.0,0.02362202218710698
mlp_add97_f0.3_wd1.0_softmax_ce_s4,mlp,12100,after,60000,2,1,hook_hidden,1,18.639521540234284,300.0,1.0,0.6712411580754486,0.0,0.03169078680133463
mlp_add97_f0.3_wd1.0_softmax_ce_s4,mlp,12100,after,60000,2,1,hook_hidden,2,18.816629280329675,300.0,1.0,0.6687233227848742,0.0,0.021310988838032435
mlp_add97_f0.3_wd1.0_softmax_ce_s4,mlp,12100,after,60000,2,2,logits,0,126.16589147071663,300.0,1.0,0.6698257161755351,0.0,0.030309825560079752
mlp_add97_f0.3_wd1.0_softmax_ce_s4,mlp,12100,after,60000,2,2,logits,1,126.4727164815694,300.0,1.0,0.6687926577684362,0.0,0.036993594745817676
mlp_add97_f0.3_wd1.0_softmax_ce_s4,mlp,12100,after,60000,2,2,logits,2,126.75026177906167,300.0,1.0,0.6654854635461138,0.0,0.019606931622375937
transformer_add113_f0.3_wd0.1_softmax_ce_s0,transformer,13000,init,0,8,0,operands,0,21.675533795013553,300.0,0.0,0.09187953877512718,1.0,0.05368092826050172
transformer_add113_f0.3_wd0.1_softmax_ce_s0,transformer,13000,init,0,8,0,operands,1,21.675533795013553,300.0,0.0,0.1072837165498288,0.0,0.044823348949178936
transformer_add113_f0.3_wd0.1_softmax_ce_s0,transformer,13000,init,0,8,0,operands,2,20.58511999748646,300.0,0.0,0.1306356635555225,0.0,0.05602916294305477
transformer_add113_f0.3_wd0.1_softmax_ce_s0,transformer,13000,init,0,8,1,blocks.0.hook_attn_out,0,4.417081400476662,300.0,0.0,0.0551112174782325,1.0,0.05882382886592257
transformer_add113_f0.3_wd0.1_softmax_ce_s0,transformer,13000,init,0,8,1,blocks.0.hook_attn_out,1,4.417081400476662,300.0,0.0,0.05554475669875424,0.0,0.046436465795299045
transformer_add113_f0.3_wd0.1_softmax_ce_s0,transformer,13000,init,0,8,1,blocks.0.hook_attn_out,2,4.417081400476662,300.0,0.0,0.060231400955458904,0.0,0.04278868018000024
transformer_add113_f0.3_wd0.1_softmax_ce_s0,transformer,13000,init,0,8,2,blocks.0.hook_mlp_out,0,1.056482821404973,300.0,0.0,0.06269816646945002,0.0,0.04473769454927728
transformer_add113_f0.3_wd0.1_softmax_ce_s0,transformer,13000,init,0,8,2,blocks.0.hook_mlp_out,1,1.056482821404973,300.0,0.0,0.06465489775906486,0.0,0.043293478450000096
transformer_add113_f0.3_wd0.1_softmax_ce_s0,transformer,13000,init,0,8,2,blocks.0.hook_mlp_out,2,1.0487480529102353,300.0,0.0,0.061570049968644236,0.0,0.046168067495673065
transformer_add113_f0.3_wd0.1_softmax_ce_s0,transformer,13000,init,0,8,3,blocks.1.hook_attn_out,0,4.770721492889502,300.0,0.0,0.061410411210857,1.0,0.058173456421103775
transformer_add113_f0.3_wd0.1_softmax_ce_s0,transformer,13000,init,0,8,3,blocks.1.hook_attn_out,1,4.770721492889502,300.0,0.0,0.06867193264576957,0.0,0.04629456048387274
transformer_add113_f0.3_wd0.1_softmax_ce_s0,transformer,13000,init,0,8,3,blocks.1.hook_attn_out,2,4.770721492889502,300.0,0.0,0.06412877157018194,0.0,0.04716927941186598
transformer_add113_f0.3_wd0.1_softmax_ce_s0,transformer,13000,init,0,8,4,blocks.1.hook_mlp_out,0,1.3061885944808176,300.0,0.0,0.06947869104159572,0.0,0.04867990168428329
transformer_add113_f0.3_wd0.1_softmax_ce_s0,transformer,13000,init,0,8,4,blocks.1.hook_mlp_out,1,1.3061885944808176,300.0,0.0,0.06715629364684425,0.0,0.041706708826909314
transformer_add113_f0.3_wd0.1_softmax_ce_s0,transformer,13000,init,0,8,4,blocks.1.hook_mlp_out,2,1.3061885944808176,300.0,0.0,0.0676079412681427,0.0,0.04589346744578501
transformer_add113_f0.3_wd0.1_softmax_ce_s0,transformer,13000,init,0,8,5,hook_resid_final,0,5.042721546097178,300.0,0.0,0.0653663014709218,0.0,0.04907259093308757
transformer_add113_f0.3_wd0.1_softmax_ce_s0,transformer,13000,init,0,8,5,hook_resid_final,1,4.803284936441414,300.0,0.0,0.06934858926175044,1.0,0.054706918541080105
transformer_add113_f0.3_wd0.1_softmax_ce_s0,transformer,13000,init,0,8,5,hook_resid_final,2,5.042721546097178,300.0,0.0,0.07242554535006224,1.0,0.0516119859336812
transformer_add113_f0.3_wd0.1_softmax_ce_s0,transformer,13000,init,0,8,6,logits,0,2.933901405658283,300.0,0.0,0.09003766992873748,1.0,0.05013971440134173
transformer_add113_f0.3_wd0.1_softmax_ce_s0,transformer,13000,init,0,8,6,logits,1,2.9645053937134422,300.0,0.0,0.07098044762168945,0.0,0.04686716051484017
transformer_add113_f0.3_wd0.1_softmax_ce_s0,transformer,13000,init,0,8,6,logits,2,2.9645053937134422,300.0,0.0,0.06883860500354046,1.0,0.05611240818167701
transformer_add113_f0.3_wd0.1_softmax_ce_s0,transformer,13000,init,0,4,0,operands,0,17.543636052078035,300.0,0.0,0.09196793372326736,0.0,0.05734719075732569
transformer_add113_f0.3_wd0.1_softmax_ce_s0,transformer,13000,init,0,4,0,operands,1,17.724347082235994,300.0,0.0,0.08375570525880463,0.0,0.05631564161019238
transformer_add113_f0.3_wd0.1_softmax_ce_s0,transformer,13000,init,0,4,0,operands,2,17.724347082235994,300.0,0.0,0.08385384720699907,0.0,0.04887528206564806
transformer_add113_f0.3_wd0.1_softmax_ce_s0,transformer,13000,init,0,4,1,blocks.0.hook_attn_out,0,4.182517829825939,300.0,0.0,0.046441475328066084,0.0,0.034954123830534846
transformer_add113_f0.3_wd0.1_softmax_ce_s0,transformer,13000,init,0,4,1,blocks.0.hook_attn_out,1,4.182517829825939,300.0,0.0,0.046182137443625385,0.0,0.03521270641725737
transformer_add113_f0.3_wd0.1_softmax_ce_s0,transformer,13000,init,0,4,1,blocks.0.hook_attn_out,2,4.182517829825939,300.0,0.0,0.049574920542769206,0.0,0.03240934055629727
transformer_add113_f0.3_wd0.1_softmax_ce_s0,transformer,13000,init,0,4,2,blocks.0.hook_mlp_out,0,1.002971674331833,300.0,0.0,0.050541664566717076,0.0,0.03239939701468548
transformer_add113_f0.3_wd0.1_softmax_ce_s0,transformer,13000,init,0,4,2,blocks.0.hook_mlp_out,1,1.002971674331833,300.0,1.0,0.052063780200229774,0.0,0.03489986167927102
transformer_add113_f0.3_wd0.1_softmax_ce_s0,transformer,13000,init,0,4,2,blocks.0.hook_mlp_out,2,1.002971674331833,300.0,0.0,0.05760311275087129,0.0,0.036522217565971196
transformer_add113_f0.3_wd0.1_softmax_ce_s0,transformer,13000,init,0,4,3,blocks.1.hook_attn_out,0,4.056024297046387,300.0,0.0,0.054276507912100785,0.0,0.03700147773205223
transformer_add113_f0.3_wd0.1_softmax_ce_s0,transformer,13000,init,0,4,3,blocks.1.hook_attn_out,1,4.056024297046387,300.0,0.0,0.05670414822845079,0.0,0.04444495993545423
transformer_add113_f0.3_wd0.1_softmax_ce_s0,transformer,13000,init,0,4,3,blocks.1.hook_attn_out,2,4.056024297046387,300.0,0.0,0.05782391822848441,0.0,0.03383179636330394
transformer_add113_f0.3_wd0.1_softmax_ce_s0,transformer,13000,init,0,4,4,blocks.1.hook_mlp_out,0,1.1964374857742945,300.0,0.0,0.05757333610426351,0.0,0.03731212820746479
transformer_add113_f0.3_wd0.1_softmax_ce_s0,transformer,13000,init,0,4,4,blocks.1.hook_mlp_out,1,1.1611998799531267,300.0,0.0,0.061844688885878386,0.0,0.0364457263009654
transformer_add113_f0.3_wd0.1_softmax_ce_s0,transformer,13000,init,0,4,4,blocks.1.hook_mlp_out,2,1.1949820771866466,300.0,1.0,0.05240128662796782,0.0,0.03686132461020744
transformer_add113_f0.3_wd0.1_softmax_ce_s0,transformer,13000,init,0,4,5,hook_resid_final,0,4.798728707062665,300.0,0.0,0.06280046522384594,0.0,0.03963934205302263
transformer_add113_f0.3_wd0.1_softmax_ce_s0,transformer,13000,init,0,4,5,hook_resid_final,1,4.798728707062665,300.0,0.0,0.05139500140467433,0.0,0.04301995737084351
transformer_add113_f0.3_wd0.1_softmax_ce_s0,transformer,13000,init,0,4,5,hook_resid_final,2,4.798728707062665,300.0,0.0,0.05313327246177843,0.0,0.037823713480976136
transformer_add113_f0.3_wd0.1_softmax_ce_s0,transformer,13000,init,0,4,6,logits,0,2.705372858771977,300.0,0.0,0.06353702082702692,0.0,0.04754951287755336
transformer_add113_f0.3_wd0.1_softmax_ce_s0,transformer,13000,init,0,4,6,logits,1,2.624243631601358,300.0,0.0,0.06031575412302363,1.0,0.055368142087419595
transformer_add113_f0.3_wd0.1_softmax_ce_s0,transformer,13000,init,0,4,6,logits,2,2.705372858771977,300.0,0.0,0.06044464910215341,0.0,0.04693173694545482
transformer_add113_f0.3_wd0.1_softmax_ce_s0,transformer,13000,init,0,2,0,operands,0,15.208448310286588,300.0,0.0,0.06807568438726885,0.0,0.037892857270450185
transformer_add113_f0.3_wd0.1_softmax_ce_s0,transformer,13000,init,0,2,0,operands,1,15.208448310286588,300.0,0.0,0.06829437462512943,0.0,0.038633221705105476
transformer_add113_f0.3_wd0.1_softmax_ce_s0,transformer,13000,init,0,2,0,operands,2,15.167061100699934,300.0,0.0,0.0566548767433246,0.0,0.03757473930805229
transformer_add113_f0.3_wd0.1_softmax_ce_s0,transformer,13000,init,0,2,1,blocks.0.hook_attn_out,0,3.6580468527110166,300.0,0.0,0.028559640505598574,0.0,0.0
transformer_add113_f0.3_wd0.1_softmax_ce_s0,transformer,13000,init,0,2,1,blocks.0.hook_attn_out,1,3.6580468527110166,300.0,0.0,0.031543700352536314,0.0,0.0
transformer_add113_f0.3_wd0.1_softmax_ce_s0,transformer,13000,init,0,2,1,blocks.0.hook_attn_out,2,3.6580468527110166,300.0,0.0,0.03002552040744784,0.0,0.0
transformer_add113_f0.3_wd0.1_softmax_ce_s0,transformer,13000,init,0,2,2,blocks.0.hook_mlp_out,0,0.9123558170724546,300.0,0.0,0.037155645616433246,0.0,0.0
transformer_add113_f0.3_wd0.1_softmax_ce_s0,transformer,13000,init,0,2,2,blocks.0.hook_mlp_out,1,0.9123558170724546,300.0,0.0,0.03345658884250369,0.0,0.0
transformer_add113_f0.3_wd0.1_softmax_ce_s0,transformer,13000,init,0,2,2,blocks.0.hook_mlp_out,2,0.9123558170724546,300.0,0.0,0.036489895345302586,0.0,0.0
transformer_add113_f0.3_wd0.1_softmax_ce_s0,transformer,13000,init,0,2,3,blocks.1.hook_attn_out,0,3.582434756841371,300.0,0.0,0.02789506998587175,0.0,0.0
transformer_add113_f0.3_wd0.1_softmax_ce_s0,transformer,13000,init,0,2,3,blocks.1.hook_attn_out,1,3.582434756841371,300.0,0.0,0.02907896124708092,0.0,0.0
transformer_add113_f0.3_wd0.1_softmax_ce_s0,transformer,13000,init,0,2,3,blocks.1.hook_attn_out,2,3.582434756841371,300.0,0.0,0.03291814428985488,0.0,0.0
transformer_add113_f0.3_wd0.1_softmax_ce_s0,transformer,13000,init,0,2,4,blocks.1.hook_mlp_out,0,1.1676872357007475,300.0,0.0,0.03293734337725254,0.0,0.0012519434778655674
transformer_add113_f0.3_wd0.1_softmax_ce_s0,transformer,13000,init,0,2,4,blocks.1.hook_mlp_out,1,1.1676872357007475,300.0,0.0,0.03549574643855874,0.0,8.390528889420626e-06
transformer_add113_f0.3_wd0.1_softmax_ce_s0,transformer,13000,init,0,2,4,blocks.1.hook_mlp_out,2,1.1660208164995822,300.0,0.0,0.03147943816449869,0.0,0.0
transformer_add113_f0.3_wd0.1_softmax_ce_s0,transformer,13000,init,0,2,5,hook_resid_final,0,4.591410878546974,300.0,0.0,0.03136146633235227,0.0,0.0
transformer_add113_f0.3_wd0.1_softmax_ce_s0,transformer,13000,init,0,2,5,hook_resid_final,1,4.591410878546974,300.0,0.0,0.03440852491273765,0.0,0.0
transformer_add113_f0.3_wd0.1_softmax_ce_s0,transformer,13000,init,0,2,5,hook_resid_final,2,4.591410878546974,300.0,0.0,0.026573409456035223,0.0,0.0
transformer_add113_f0.3_wd0.1_softmax_ce_s0,transformer,13000,init,0,2,6,logits,0,2.549806781244235,300.0,0.0,0.028995181833816573,0.0,0.0
transformer_add113_f0.3_wd0.1_softmax_ce_s0,transformer,13000,init,0,2,6,logits,1,2.549806781244235,300.0,0.0,0.030054965518601928,0.0,0.0
transformer_add113_f0.3_wd0.1_softmax_ce_s0,transformer,13000,init,0,2,6,logits,2,2.549806781244235,300.0,0.0,0.027563673664803768,0.0,0.0014300705362946524
transformer_add113_f0.3_wd0.1_softmax_ce_s0,transformer,13000,before,11597,8,0,operands,0,1.1919215909443883,300.0,0.0,0.09227971065745938,0.0,0.06523992502179217
transformer_add113_f0.3_wd0.1_softmax_ce_s0,transformer,13000,before,11597,8,0,operands,1,1.186046183848125,300.0,0.0,0.10721071017933051,0.0,0.05592693093345764
transformer_add113_f0.3_wd0.1_softmax_ce_s0,transformer,13000,before,11597,8,0,operands,2,1.1796554105021786,300.0,0.0,0.11495915549780325,0.0,0.05923380516244221
transformer_add113_f0.3_wd0.1_softmax_ce_s0,transformer,13000,before,11597,8,1,blocks.0.hook_attn_out,0,0.9037456042162452,300.0,0.0,0.0736951125569597,1.0,0.05700718180756834
transformer_add113_f0.3_wd0.1_softmax_ce_s0,transformer,13000,before,11597,8,1,blocks.0.hook_attn_out,1,0.87216682495365,300.0,0.0,0.08169767300137512,0.0,0.06192913495125647
transformer_add113_f0.3_wd0.1_softmax_ce_s0,transformer,13000,before,11597,8,1,blocks.0.hook_attn_out,2,0.9037456042162452,300.0,0.0,0.07587317415106498,0.0,0.04772820214894314
transformer_add113_f0.3_wd0.1_softmax_ce_s0,transformer,13000,before,11597,8,2,blocks.0.hook_mlp_out,0,0.4434161045193322,300.0,0.0,0.02686660925839348,0.0,0.012969176696548759
transformer_add113_f0.3_wd0.1_softmax_ce_s0,transformer,13000,before,11597,8,2,blocks.0.hook_mlp_out,1,0.4434161045193322,300.0,0.0,0.025602963423069006,0.0,0.02146084142429325
transformer_add113_f0.3_wd0.1_softmax_ce_s0,transformer,13000,before,11597,8,2,blocks.0.hook_mlp_out,2,0.4432288124192641,300.0,0.0,0.029842308666800935,0.0,0.018673039286737567
transformer_add113_f0.3_wd0.1_softmax_ce_s0,transformer,13000,before,11597,8,3,blocks.1.hook_attn_out,0,0.8833312144615705,300.0,0.0,0.07623139709340025,0.0,0.05174310743159523
transformer_add113_f0.3_wd0.1_softmax_ce_s0,transformer,13000,before,11597,8,3,blocks.1.hook_attn_out,1,0.8757281085746257,300.0,0.0,0.07734795268299478,0.0,0.0532391854389831
transformer_add113_f0.3_wd0.1_softmax_ce_s0,transformer,13000,before,11597,8,3,blocks.1.hook_attn_out,2,0.8757281085746257,300.0,0.0,0.08191848235361295,0.0,0.059769349741911816
transformer_add113_f0.3_wd0.1_softmax_ce_s0,transformer,13000,before,11597,8,4,blocks.1.hook_mlp_out,0,1.46850600338143,300.0,0.0,0.06678674158684629,0.0,0.04666981988568845
transformer_add113_f0.3_wd0.1_softmax_ce_s0,transformer,13000,before,11597,8,4,blocks.1.hook_mlp_out,1,1.46850600338143,300.0,0.0,0.07658408564245242,1.0,0.05003392719035265
transformer_add113_f0.3_wd0.1_softmax_ce_s0,transformer,13000,before,11597,8,4,blocks.1.hook_mlp_out,2,1.46850600338143,300.0,0.0,0.0745748470549358,1.0,0.057423553797113044
transformer_add113_f0.3_wd0.1_softmax_ce_s0,transformer,13000,before,11597,8,5,hook_resid_final,0,24.664408901784356,300.0,0.0,0.09286446896936251,0.0,0.06613380461847655
transformer_add113_f0.3_wd0.1_softmax_ce_s0,transformer,13000,before,11597,8,5,hook_resid_final,1,24.664408901784356,300.0,0.0,0.08734501183636817,0.0,0.05883126436858283
transformer_add113_f0.3_wd0.1_softmax_ce_s0,transformer,13000,before,11597,8,5,hook_resid_final,2,24.664408901784356,300.0,0.0,0.0775181996965545,0.0,0.06478907807311113
transformer_add113_f0.3_wd0.1_softmax_ce_s0,transformer,13000,before,11597,8,6,logits,0,101.59740395262091,300.0,0.0,0.08217676134293,0.0,0.06697889694833095
transformer_add113_f0.3_wd0.1_softmax_ce_s0,transformer,13000,before,11597,8,6,logits,1,103.45201538862217,300.0,0.0,0.07875297377015775,0.0,0.0569691536587939
transformer_add113_f0.3_wd0.1_softmax_ce_s0,transformer,13000,before,11597,8,6,logits,2,101.6209034485144,300.0,0.0,0.09445225830809914,0.0,0.0575912061332375
transformer_add113_f0.3_wd0.1_softmax_ce_s0,transformer,13000,before,11597,4,0,operands,0,1.125667976232704,300.0,0.0,0.0897699445005639,1.0,0.05496107542433073
transformer_add113_f0.3_wd0.1_softmax_ce_s0,transformer,13000,before,11597,4,0,operands,1,1.0838383373872813,300.0,0.0,0.08962644802719787,1.0,0.05718939813869661
transformer_add113_f0.3_wd0.1_softmax_ce_s0,transformer,13000,before,11597,4,0,operands,2,1.098610244044103,300.0,0.0,0.09815522814068786,0.0,0.05277723433992402
transformer_add113_f0.3_wd0.1_softmax_ce_s0,transformer,13000,before,11597,4,1,blocks.0.hook_attn_out,0,0.8208164327532061,300.0,0.0,0.0652441215726051,0.0,0.04162645361456952
transformer_add113_f0.3_wd0.1_softmax_ce_s0,transformer,13000,before,11597,4,1,blocks.0.hook_attn_out,1,0.8195878069765103,300.0,0.0,0.05796129772843905,0.0,0.042468595759863316
transformer_add113_f0.3_wd0.1_softmax_ce_s0,transformer,13000,before,11597,4,1,blocks.0.hook_attn_out,2,0.8195878069765103,300.0,0.0,0.059919885968190444,0.0,0.047846547748626476
transformer_add113_f0.3_wd0.1_softmax_ce_s0,transformer,13000,before,11597,4,2,blocks.0.hook_mlp_out,0,0.4432750870062855,300.0,0.0,0.028623981248438807,0.0,0.015931868638395963
transformer_add113_f0.3_wd0.1_softmax_ce_s0,transformer,13000,before,11597,4,2,blocks.0.hook_mlp_out,1,0.4432750870062855,300.0,0.0,0.02517963788891345,0.0,0.01245733805846432
transformer_add113_f0.3_wd0.1_softmax_ce_s0,transformer,13000,before,11597,4,2,blocks.0.hook_mlp_out,2,0.4432750870062855,300.0,0.0,0.027738862027834505,0.0,0.014304616101416921
transformer_add113_f0.3_wd0.1_softmax_ce_s0,transformer,13000,before,11597,4,3,blocks.1.hook_attn_out,0,0.847197761444534,300.0,0.0,0.06408131850654264,0.0,0.03944269696045926
transformer_add113_f0.3_wd0.1_softmax_ce_s0,transformer,13000,before,11597,4,3,blocks.1.hook_attn_out,1,0.8622876433550307,300.0,0.0,0.06001614644727219,0.0,0.04254267312817988
transformer_add113_f0.3_wd0.1_softmax_ce_s0,transformer,13000,before,11597,4,3,blocks.1.hook_attn_out,2,0.8686128935609082,300.0,0.0,0.0671160056131074,0.0,0.0377362617230109
transformer_add113_f0.3_wd0.1_softmax_ce_s0,transformer,13000,before,11597,4,4,blocks.1.hook_mlp_out,0,1.288319997585281,300.0,0.0,0.054664644841326285,0.0,0.03258189006573773
transformer_add113_f0.3_wd0.1_softmax_ce_s0,transformer,13000,before,11597,4,4,blocks.1.hook_mlp_out,1,1.2859106052528821,300.0,0.0,0.06751239924360329,0.0,0.044350862187904565
transformer_add113_f0.3_wd0.1_softmax_ce_s0,transformer,13000,before,11597,4,4,blocks.1.hook_mlp_out,2,1.2546892095767876,300.0,0.0,0.06390732718946035,0.0,0.04187021215498831
transformer_add113_f0.3_wd0.1_softmax_ce_s0,transformer,13000,before,11597,4,5,hook_resid_final,0,23.40132986619593,300.0,0.0,0.061018881074735666,0.0,0.04721314124125086
transformer_add113_f0.3_wd0.1_softmax_ce_s0,transformer,13000,before,11597,4,5,hook_resid_final,1,23.44433885300639,300.0,0.0,0.06860483930574308,0.0,0.042422090200504435
transformer_add113_f0.3_wd0.1_softmax_ce_s0,transformer,13000,before,11597,4,5,hook_resid_final,2,23.59183213263253,300.0,0.0,0.062454389261662385,0.0,0.04361041550149415
transformer_add113_f0.3_wd0.1_softmax_ce_s0,transformer,13000,before,11597,4,6,logits,0,99.73589870028137,300.0,0.0,0.059557392555826275,1.0,0.05158008659413016
transformer_add113_f0.3_wd0.1_softmax_ce_s0,transformer,13000,before,11597,4,6,logits,1,100.65369580717645,300.0,0.0,0.06859016314382206,1.0,0.05244078140542871
transformer_add113_f0.3_wd0.1_softmax_ce_s0,transformer,13000,before,11597,4,6,logits,2,99.4652585722354,300.0,0.0,0.061980490842624386,1.0,0.05317127263961234
transformer_add113_f0.3_wd0.1_softmax_ce_s0,transformer,13000,before,11597,2,0,operands,0,1.0988646419138197,300.0,0.0,0.07610248497320633,0.0,0.030785428144004544
transformer_add113_f0.3_wd0.1_softmax_ce_s0,transformer,13000,before,11597,2,0,operands,1,1.0988646419138197,300.0,0.0,0.060256612672973026,0.0,0.03029624643007602
transformer_add113_f0.3_wd0.1_softmax_ce_s0,transformer,13000,before,11597,2,0,operands,2,1.0988646419138197,300.0,0.0,0.06472134165790394,0.0,0.03401913434270628
transformer_add113_f0.3_wd0.1_softmax_ce_s0,transformer,13000,before,11597,2,1,blocks.0.hook_attn_out,0,0.7741817571997709,300.0,0.0,0.03254545532347552,0.0,0.0
transformer_add113_f0.3_wd0.1_softmax_ce_s0,transformer,13000,before,11597,2,1,blocks.0.hook_attn_out,1,0.7783512550083751,300.0,0.0,0.03027917868702954,0.0,0.0
transformer_add113_f0.3_wd0.1_softmax_ce_s0,transformer,13000,before,11597,2,1,blocks.0.hook_attn_out,2,0.7783512550083751,300.0,0.0,0.03907262526997822,0.0,0.0
transformer_add113_f0.3_wd0.1_softmax_ce_s0,transformer,13000,before,11597,2,2,blocks.0.hook_mlp_out,0,0.44257146041321954,300.0,0.0,0.029307858938413287,0.0,0.0
transformer_add113_f0.3_wd0.1_softmax_ce_s0,transformer,13000,before,11597,2,2,blocks.0.hook_mlp_out,1,0.44257146041321954,300.0,0.0,0.022900834465310792,0.0,0.0
transformer_add113_f0.3_wd0.1_softmax_ce_s0,transformer,13000,before,11597,2,2,blocks.0.hook_mlp_out,2,0.4422840769298083,300.0,0.0,0.026755466674301905,0.0,0.0
transformer_add113_f0.3_wd0.1_softmax_ce_s0,transformer,13000,before,11597,2,3,blocks.1.hook_attn_out,0,0.8118649362305114,300.0,0.0,0.02761654162484547,0.0,0.0004547124481329539
transformer_add113_f0.3_wd0.1_softmax_ce_s0,transformer,13000,before,11597,2,3,blocks.1.hook_attn_out,1,0.8154749962073119,300.0,0.0,0.029897565884828607,0.0,0.0
transformer_add113_f0.3_wd0.1_softmax_ce_s0,transformer,13000,before,11597,2,3,blocks.1.hook_attn_out,2,0.8150029458994938,300.0,0.0,0.026899323545938984,0.0,0.0
transformer_add113_f0.3_wd0.1_softmax_ce_s0,transformer,13000,before,11597,2,4,blocks.1.hook_mlp_out,0,1.1767712504163557,300.0,0.0,0.02835499527638106,0.0,0.0
transformer_add113_f0.3_wd0.1_softmax_ce_s0,transformer,13000,before,11597,2,4,blocks.1.hook_mlp_out,1,1.180664429628568,300.0,0.0,0.028087316950018842,0.0,0.0
transformer_add113_f0.3_wd0.1_softmax_ce_s0,transformer,13000,before,11597,2,4,blocks.1.hook_mlp_out,2,1.1767712504163557,300.0,0.0,0.0335725234945778,0.0,0.0
transformer_add113_f0.3_wd0.1_softmax_ce_s0,transformer,13000,before,11597,2,5,hook_resid_final,0,21.644058490606714,300.0,0.0,0.03165099977216502,0.0,0.0
transformer_add113_f0.3_wd0.1_softmax_ce_s0,transformer,13000,before,11597,2,5,hook_resid_final,1,21.777527476944222,300.0,0.0,0.024635661342963584,0.0,0.0
transformer_add113_f0.3_wd0.1_softmax_ce_s0,transformer,13000,before,11597,2,5,hook_resid_final,2,21.777527476944222,300.0,0.0,0.02593338645555718,0.0,0.0
transformer_add113_f0.3_wd0.1_softmax_ce_s0,transformer,13000,before,11597,2,6,logits,0,93.2547857857716,300.0,0.0,0.031391020784484004,0.0,0.0
transformer_add113_f0.3_wd0.1_softmax_ce_s0,transformer,13000,before,11597,2,6,logits,1,93.2547857857716,300.0,0.0,0.028270927297612793,0.0,0.0
transformer_add113_f0.3_wd0.1_softmax_ce_s0,transformer,13000,before,11597,2,6,logits,2,93.2547857857716,300.0,0.0,0.04203295840840564,0.0,0.0
transformer_add113_f0.3_wd0.1_softmax_ce_s0,transformer,13000,at,13109,8,0,operands,0,1.1550714098137334,300.0,0.0,0.10965330409777145,0.0,0.04988043031434097
transformer_add113_f0.3_wd0.1_softmax_ce_s0,transformer,13000,at,13109,8,0,operands,1,1.1466603053940911,300.0,0.0,0.09265456548819997,0.0,0.05939509315416019
transformer_add113_f0.3_wd0.1_softmax_ce_s0,transformer,13000,at,13109,8,0,operands,2,1.154130835448786,300.0,0.0,0.10761390224127586,0.0,0.05923002322304652
transformer_add113_f0.3_wd0.1_softmax_ce_s0,transformer,13000,at,13109,8,1,blocks.0.hook_attn_out,0,1.5686006000671442,300.0,0.0,0.0864998301896257,0.0,0.056687696561720936
transformer_add113_f0.3_wd0.1_softmax_ce_s0,transformer,13000,at,13109,8,1,blocks.0.hook_attn_out,1,1.5565391854135064,300.0,0.0,0.08091238838600619,0.0,0.06276921425333043
transformer_add113_f0.3_wd0.1_softmax_ce_s0,transformer,13000,at,13109,8,1,blocks.0.hook_attn_out,2,1.7116397583136602,300.0,0.0,0.08140939649547389,1.0,0.05005723191095949
transformer_add113_f0.3_wd0.1_softmax_ce_s0,transformer,13000,at,13109,8,2,blocks.0.hook_mlp_out,0,0.3637133861838904,300.0,0.0,0.03617274312493509,0.0,0.024091847014873952
transformer_add113_f0.3_wd0.1_softmax_ce_s0,transformer,13000,at,13109,8,2,blocks.0.hook_mlp_out,1,0.36485086945485534,300.0,0.0,0.037301324040918155,0.0,0.027152283124174115
transformer_add113_f0.3_wd0.1_softmax_ce_s0,transformer,13000,at,13109,8,2,blocks.0.hook_mlp_out,2,0.36485086945485534,300.0,0.0,0.0396136328171086,0.0,0.021692430623744156
transformer_add113_f0.3_wd0.1_softmax_ce_s0,transformer,13000,at,13109,8,3,blocks.1.hook_attn_out,0,1.662616561636746,300.0,0.0,0.0711278235596136,0.0,0.049869869902328785
transformer_add113_f0.3_wd0.1_softmax_ce_s0,transformer,13000,at,13109,8,3,blocks.1.hook_attn_out,1,1.6406615142057444,300.0,0.0,0.0746359244766725,1.0,0.05005141987261086
transformer_add113_f0.3_wd0.1_softmax_ce_s0,transformer,13000,at,13109,8,3,blocks.1.hook_attn_out,2,1.7192695260825073,300.0,0.0,0.0634446578837388,0.0,0.045635924880012446
transformer_add113_f0.3_wd0.1_softmax_ce_s0,transformer,13000,at,13109,8,4,blocks.1.hook_mlp_out,0,3.077263354952561,300.0,0.0,0.07749118345892744,0.0,0.04978326453048713
transformer_add113_f0.3_wd0.1_softmax_ce_s0,transformer,13000,at,13109,8,4,blocks.1.hook_mlp_out,1,3.0109334491421698,300.0,0.0,0.0941259109385451,0.0,0.05715580282383227
transformer_add113_f0.3_wd0.1_softmax_ce_s0,transformer,13000,at,13109,8,4,blocks.1.hook_mlp_out,2,3.0233030643780676,300.0,0.0,0.08115254948660722,0.0,0.05874898956317962
transformer_add113_f0.3_wd0.1_softmax_ce_s0,transformer,13000,at,13109,8,5,hook_resid_final,0,27.588282647456918,300.0,0.0,0.13604542576192039,0.0,0.07559741166082304
transformer_add113_f0.3_wd0.1_softmax_ce_s0,transformer,13000,at,13109,8,5,hook_resid_final,1,28.004668266795356,300.0,0.0,0.11947727730757152,0.0,0.07411923353812476
transformer_add113_f0.3_wd0.1_softmax_ce_s0,transformer,13000,at,13109,8,5,hook_resid_final,2,28.011845230704353,300.0,0.0,0.13142257586605624,0.0,0.07190274929799452
transformer_add113_f0.3_wd0.1_softmax_ce_s0,transformer,13000,at,13109,8,6,logits,0,151.93778834850661,300.0,0.0,0.12348907647971408,0.0,0.0676999111674316
transformer_add113_f0.3_wd0.1_softmax_ce_s0,transformer,13000,at,13109,8,6,logits,1,149.99720873398874,300.0,0.0,0.11664470292459726,0.0,0.06673647135381551
transformer_add113_f0.3_wd0.1_softmax_ce_s0,transformer,13000,at,13109,8,6,logits,2,152.27405399692896,300.0,0.0,0.11881144158801372,0.0,0.060350676841548025
transformer_add113_f0.3_wd0.1_softmax_ce_s0,transformer,13000,at,13109,4,0,operands,0,1.0775501282730962,300.0,0.0,0.08319052276368334,0.0,0.06017421584728448
transformer_add113_f0.3_wd0.1_softmax_ce_s0,transformer,13000,at,13109,4,0,operands,1,1.1282594199573721,300.0,0.0,0.09176806639199996,0.0,0.059302177437903655
transformer_add113_f0.3_wd0.1_softmax_ce_s0,transformer,13000,at,13109,4,0,operands,2,1.1282594199573721,300.0,0.0,0.08231217815895953,0.0,0.052451068356989816
transformer_add113_f0.3_wd0.1_softmax_ce_s0,transformer,13000,at,13109,4,1,blocks.0.hook_attn_out,0,1.5701983455517063,300.0,0.0,0.05568527669949175,0.0,0.0399782765762894
transformer_add113_f0.3_wd0.1_softmax_ce_s0,transformer,13000,at,13109,4,1,blocks.0.hook_attn_out,1,1.5701983455517063,300.0,0.0,0.06944194223507383,0.0,0.04054837802881938
transformer_add113_f0.3_wd0.1_softmax_ce_s0,transformer,13000,at,13109,4,1,blocks.0.hook_attn_out,2,1.49594363832432,300.0,0.0,0.06618780394362138,0.0,0.04002295894219883
transformer_add113_f0.3_wd0.1_softmax_ce_s0,transformer,13000,at,13109,4,2,blocks.0.hook_mlp_out,0,0.36363596340452803,300.0,0.0,0.03674465364297159,0.0,0.03255796849450624
transformer_add113_f0.3_wd0.1_softmax_ce_s0,transformer,13000,at,13109,4,2,blocks.0.hook_mlp_out,1,0.3648265587471099,300.0,0.0,0.04123334742973192,0.0,0.026226891494488497
transformer_add113_f0.3_wd0.1_softmax_ce_s0,transformer,13000,at,13109,4,2,blocks.0.hook_mlp_out,2,0.3648265587471099,300.0,0.0,0.03778683681299816,0.0,0.027376398897401427
transformer_add113_f0.3_wd0.1_softmax_ce_s0,transformer,13000,at,13109,4,3,blocks.1.hook_attn_out,0,1.6972958271083751,300.0,0.0,0.057347039922627754,0.0,0.04519204163590752
transformer_add113_f0.3_wd0.1_softmax_ce_s0,transformer,13000,at,13109,4,3,blocks.1.hook_attn_out,1,1.6955517323365346,300.0,0.0,0.06048934573621505,0.0,0.038664094977849985
transformer_add113_f0.3_wd0.1_softmax_ce_s0,transformer,13000,at,13109,4,3,blocks.1.hook_attn_out,2,1.6972958271083751,300.0,0.0,0.0635237194300224,0.0,0.04327229537743408
transformer_add113_f0.3_wd0.1_softmax_ce_s0,transformer,13000,at,13109,4,4,blocks.1.hook_mlp_out,0,2.97037693514034,300.0,0.0,0.05442235881698711,1.0,0.05092725087545069
transformer_add113_f0.3_wd0.1_softmax_ce_s0,transformer,13000,at,13109,4,4,blocks.1.hook_mlp_out,1,2.845891070506522,300.0,0.0,0.06707141612312666,0.0,0.041536309500498934
transformer_add113_f0.3_wd0.1_softmax_ce_s0,transformer,13000,at,13109,4,4,blocks.1.hook_mlp_out,2,2.969110321447401,300.0,0.0,0.07372412076502181,0.0,0.04166886387412306
transformer_add113_f0.3_wd0.1_softmax_ce_s0,transformer,13000,at,13109,4,5,hook_resid_final,0,26.425981749696856,300.0,0.0,0.09060246081529712,0.0,0.04743139984286434
transformer_add113_f0.3_wd0.1_softmax_ce_s0,transformer,13000,at,13109,4,5,hook_resid_final,1,26.615436483953097,300.0,0.0,0.12714146838756718,0.0,0.039291776587964795
transformer_add113_f0.3_wd0.1_softmax_ce_s0,transformer,13000,at,13109,4,5,hook_resid_final,2,27.098760511452554,300.0,0.0,0.08541314843988396,1.0,0.05611639390085821
transformer_add113_f0.3_wd0.1_softmax_ce_s0,transformer,13000,at,13109,4,6,logits,0,144.19445652509685,300.0,0.0,0.07936147849080483,1.0,0.053237099285107316
transformer_add113_f0.3_wd0.1_softmax_ce_s0,transformer,13000,at,13109,4,6,logits,1,144.2981489100211,300.0,0.0,0.06361247908211046,1.0,0.06308088640025525
transformer_add113_f0.3_wd0.1_softmax_ce_s0,transformer,13000,at,13109,4,6,logits,2,143.91712129338708,300.0,0.0,0.07201008007816007,1.0,0.05967941825472192
transformer_add113_f0.3_wd0.1_softmax_ce_s0,transformer,13000,at,13109,2,0,operands,0,0.8283890960829271,300.0,0.0,0.09389085508226669,0.0,0.07255255748417143
transformer_add113_f0.3_wd0.1_softmax_ce_s0,transformer,13000,at,13109,2,0,operands,1,0.8370412244199321,300.0,0.0,0.0779308993311015,0.0,0.06863962839904013
transformer_add113_f0.3_wd0.1_softmax_ce_s0,transformer,13000,at,13109,2,0,operands,2,0.8300475440778562,300.0,0.0,0.09634825279312775,1.0,0.0700773677394046
transformer_add113_f0.3_wd0.1_softmax_ce_s0,transformer,13000,at,13109,2,1,blocks.0.hook_attn_out,0,1.4466777485642563,300.0,0.0,0.02592576180986906,0.0,0.0
transformer_add113_f0.3_wd0.1_softmax_ce_s0,transformer,13000,at,13109,2,1,blocks.0.hook_attn_out,1,1.4466777485642563,300.0,0.0,0.026681347897801026,0.0,0.0
transformer_add113_f0.3_wd0.1_softmax_ce_s0,transformer,13000,at,13109,2,1,blocks.0.hook_attn_out,2,1.4466777485642563,300.0,0.0,0.029189067937655567,0.0,0.0
transformer_add113_f0.3_wd0.1_softmax_ce_s0,transformer,13000,at,13109,2,2,blocks.0.hook_mlp_out,0,0.3627982383736058,300.0,0.0,0.031169238386345804,0.0,0.0
transformer_add113_f0.3_wd0.1_softmax_ce_s0,transformer,13000,at,13109,2,2,blocks.0.hook_mlp_out,1,0.3627982383736058,300.0,0.0,0.026170435175232792,0.0,0.0
transformer_add113_f0.3_wd0.1_softmax_ce_s0,transformer,13000,at,13109,2,2,blocks.0.hook_mlp_out,2,0.36155118046207374,300.0,0.0,0.029286824533103804,0.0,0.0
transformer_add113_f0.3_wd0.1_softmax_ce_s0,transformer,13000,at,13109,2,3,blocks.1.hook_attn_out,0,1.6460809218862433,300.0,0.0,0.030933683656946542,0.0,0.0
transformer_add113_f0.3_wd0.1_softmax_ce_s0,transformer,13000,at,13109,2,3,blocks.1.hook_attn_out,1,1.6460809218862433,300.0,0.0,0.03482496771360389,0.0,0.00018891226928107236
transformer_add113_f0.3_wd0.1_softmax_ce_s0,transformer,13000,at,13109,2,3,blocks.1.hook_attn_out,2,1.6486934966230087,300.0,0.0,0.02903557437707564,0.0,0.0009374473444292855
transformer_add113_f0.3_wd0.1_softmax_ce_s0,transformer,13000,at,13109,2,4,blocks.1.hook_mlp_out,0,2.776293883416279,300.0,0.0,0.029411155890578786,0.0,0.0
transformer_add113_f0.3_wd0.1_softmax_ce_s0,transformer,13000,at,13109,2,4,blocks.1.hook_mlp_out,1,2.776293883416279,300.0,0.0,0.027643657870474694,0.0,0.0
transformer_add113_f0.3_wd0.1_softmax_ce_s0,transformer,13000,at,13109,2,4,blocks.1.hook_mlp_out,2,2.776293883416279,300.0,0.0,0.031829815640144185,0.0,0.0
transformer_add113_f0.3_wd0.1_softmax_ce_s0,transformer,13000,at,13109,2,5,hook_resid_final,0,23.893255410855627,300.0,0.0,0.03052202161996309,0.0,0.0
transformer_add113_f0.3_wd0.1_softmax_ce_s0,transformer,13000,at,13109,2,5,hook_resid_final,1,23.678910276336396,300.0,0.0,0.03376335630432572,0.0,0.0
transformer_add113_f0.3_wd0.1_softmax_ce_s0,transformer,13000,at,13109,2,5,hook_resid_final,2,23.868660462742948,300.0,0.0,0.03977730313007659,0.0,0.0015278424292800804
transformer_add113_f0.3_wd0.1_softmax_ce_s0,transformer,13000,at,13109,2,6,logits,0,131.70180377318002,300.0,0.0,0.035934850371714816,0.0,0.0
transformer_add113_f0.3_wd0.1_softmax_ce_s0,transformer,13000,at,13109,2,6,logits,1,131.70180377318002,300.0,0.0,0.041076054852039294,0.0,0.0
transformer_add113_f0.3_wd0.1_softmax_ce_s0,transformer,13000,at,13109,2,6,logits,2,131.032633524666,300.0,0.0,0.041486950278961696,0.0,7.886596349780924e-05
transformer_add113_f0.3_wd0.1_softmax_ce_s0,transformer,13000,after,60000,8,0,operands,0,1.3357164909928554,300.0,0.0,0.10627996777884281,0.0,0.05519606662194012
transformer_add113_f0.3_wd0.1_softmax_ce_s0,transformer,13000,after,60000,8,0,operands,1,1.3393283149712154,300.0,0.0,0.09169166095971015,0.0,0.05268938314168128
transformer_add113_f0.3_wd0.1_softmax_ce_s0,transformer,13000,after,60000,8,0,operands,2,1.3135306704347385,300.0,0.0,0.10318359973731601,0.0,0.05935059150508014
transformer_add113_f0.3_wd0.1_softmax_ce_s0,transformer,13000,after,60000,8,1,blocks.0.hook_attn_out,0,1.726516948150688,300.0,0.0,0.09093955196281112,0.0,0.0728030533082539
transformer_add113_f0.3_wd0.1_softmax_ce_s0,transformer,13000,after,60000,8,1,blocks.0.hook_attn_out,1,1.7763827121406168,300.0,0.0,0.09029731875940446,0.0,0.05814680270636699
transformer_add113_f0.3_wd0.1_softmax_ce_s0,transformer,13000,after,60000,8,1,blocks.0.hook_attn_out,2,1.7608391344886027,300.0,0.0,0.09335654346735585,0.0,0.062223523721156186
transformer_add113_f0.3_wd0.1_softmax_ce_s0,transformer,13000,after,60000,8,2,blocks.0.hook_mlp_out,0,0.4516560579408595,300.0,0.0,0.023595683811122772,0.0,0.012770328410713256
transformer_add113_f0.3_wd0.1_softmax_ce_s0,transformer,13000,after,60000,8,2,blocks.0.hook_mlp_out,1,0.4516560579408595,300.0,0.0,0.023012252531338283,0.0,0.015045162317692375
transformer_add113_f0.3_wd0.1_softmax_ce_s0,transformer,13000,after,60000,8,2,blocks.0.hook_mlp_out,2,0.4516560579408595,300.0,0.0,0.021071275710431034,0.0,0.017030728199234173
transformer_add113_f0.3_wd0.1_softmax_ce_s0,transformer,13000,after,60000,8,3,blocks.1.hook_attn_out,0,2.3703698931773536,300.0,0.0,0.07405956090316497,1.0,0.05100116694762686
transformer_add113_f0.3_wd0.1_softmax_ce_s0,transformer,13000,after,60000,8,3,blocks.1.hook_attn_out,1,2.4462099264511963,300.0,0.0,0.07189060472570141,0.0,0.04293400510333932
transformer_add113_f0.3_wd0.1_softmax_ce_s0,transformer,13000,after,60000,8,3,blocks.1.hook_attn_out,2,2.3952816678792623,300.0,0.0,0.06911743106500415,1.0,0.05037774459271798
transformer_add113_f0.3_wd0.1_softmax_ce_s0,transformer,13000,after,60000,8,4,blocks.1.hook_mlp_out,0,2.5569062668903513,300.0,0.0,0.08387219443813802,0.0,0.04856166326610063
transformer_add113_f0.3_wd0.1_softmax_ce_s0,transformer,13000,after,60000,8,4,blocks.1.hook_mlp_out,1,2.5704470492926523,300.0,0.0,0.07930876135023401,0.0,0.048995470770731735
transformer_add113_f0.3_wd0.1_softmax_ce_s0,transformer,13000,after,60000,8,4,blocks.1.hook_mlp_out,2,2.5434800112440668,300.0,0.0,0.0825189731716294,0.0,0.04903353063612635
transformer_add113_f0.3_wd0.1_softmax_ce_s0,transformer,13000,after,60000,8,5,hook_resid_final,0,37.3991021763821,300.0,0.0,0.10644999967905584,0.0,0.053056751331583205
transformer_add113_f0.3_wd0.1_softmax_ce_s0,transformer,13000,after,60000,8,5,hook_resid_final,1,36.669315052575975,300.0,0.0,0.10258031665583979,0.0,0.054851471526508204
transformer_add113_f0.3_wd0.1_softmax_ce_s0,transformer,13000,after,60000,8,5,hook_resid_final,2,36.2316731029813,300.0,0.0,0.10342916589178766,0.0,0.05097228850863364
transformer_add113_f0.3_wd0.1_softmax_ce_s0,transformer,13000,after,60000,8,6,logits,0,160.202750696183,300.0,0.0,0.10738095558303659,0.0,0.06786725196371048
transformer_add113_f0.3_wd0.1_softmax_ce_s0,transformer,13000,after,60000,8,6,logits,1,161.0287511854664,300.0,0.0,0.10317747593385793,0.0,0.06462511628146295
transformer_add113_f0.3_wd0.1_softmax_ce_s0,transformer,13000,after,60000,8,6,logits,2,161.51310267923915,300.0,0.0,0.09783139467567743,0.0,0.06269764730321484
transformer_add113_f0.3_wd0.1_softmax_ce_s0,transformer,13000,after,60000,4,0,operands,0,1.127929141129417,300.0,0.0,0.10172401500677704,0.0,0.07009161839341925
transformer_add113_f0.3_wd0.1_softmax_ce_s0,transformer,13000,after,60000,4,0,operands,1,1.1279291411294172,300.0,0.0,0.10922183088507602,0.0,0.07102149341264248
transformer_add113_f0.3_wd0.1_softmax_ce_s0,transformer,13000,after,60000,4,0,operands,2,1.127929141129417,300.0,0.0,0.10761893064806365,0.0,0.06489247744827124
transformer_add113_f0.3_wd0.1_softmax_ce_s0,transformer,13000,after,60000,4,1,blocks.0.hook_attn_out,0,1.7698857256536078,300.0,0.0,0.059819429814257426,0.0,0.03996451426974373
transformer_add113_f0.3_wd0.1_softmax_ce_s0,transformer,13000,after,60000,4,1,blocks.0.hook_attn_out,1,1.7701632617877923,300.0,0.0,0.059270762883365684,0.0,0.04064160145852014
transformer_add113_f0.3_wd0.1_softmax_ce_s0,transformer,13000,after,60000,4,1,blocks.0.hook_attn_out,2,1.7698857256536078,300.0,0.0,0.07104607490220081,1.0,0.05697106995968339
transformer_add113_f0.3_wd0.1_softmax_ce_s0,transformer,13000,after,60000,4,2,blocks.0.hook_mlp_out,0,0.45161489882315015,300.0,0.0,0.02382706486730321,0.0,0.014275804941894064
transformer_add113_f0.3_wd0.1_softmax_ce_s0,transformer,13000,after,60000,4,2,blocks.0.hook_mlp_out,1,0.45161489882315015,300.0,0.0,0.02111060037403692,0.0,0.01437004771769893
transformer_add113_f0.3_wd0.1_softmax_ce_s0,transformer,13000,after,60000,4,2,blocks.0.hook_mlp_out,2,0.45161489882315015,300.0,0.0,0.019532440133721907,0.0,0.013401462949402811
transformer_add113_f0.3_wd0.1_softmax_ce_s0,transformer,13000,after,60000,4,3,blocks.1.hook_attn_out,0,2.3399749948832085,300.0,0.0,0.05791803194812502,0.0,0.046385123162002564
transformer_add113_f0.3_wd0.1_softmax_ce_s0,transformer,13000,after,60000,4,3,blocks.1.hook_attn_out,1,2.2771097756427894,300.0,0.0,0.06702022869900735,0.0,0.03865911713379789
transformer_add113_f0.3_wd0.1_softmax_ce_s0,transformer,13000,after,60000,4,3,blocks.1.hook_attn_out,2,2.3399749948832085,300.0,0.0,0.05892974245202599,0.0,0.04000618629081305
transformer_add113_f0.3_wd0.1_softmax_ce_s0,transformer,13000,after,60000,4,4,blocks.1.hook_mlp_out,0,2.557665832439843,300.0,0.0,0.06072816125587096,0.0,0.041036401402113405
transformer_add113_f0.3_wd0.1_softmax_ce_s0,transformer,13000,after,60000,4,4,blocks.1.hook_mlp_out,1,2.605920661791219,300.0,0.0,0.0578446837353947,0.0,0.0380432966768511
transformer_add113_f0.3_wd0.1_softmax_ce_s0,transformer,13000,after,60000,4,4,blocks.1.hook_mlp_out,2,2.5563810382387273,300.0,0.0,0.058439542103261556,0.0,0.04424894283008288
transformer_add113_f0.3_wd0.1_softmax_ce_s0,transformer,13000,after,60000,4,5,hook_resid_final,0,36.10848885599856,300.0,0.0,0.06544431402079373,0.0,0.04495826301230435
transformer_add113_f0.3_wd0.1_softmax_ce_s0,transformer,13000,after,60000,4,5,hook_resid_final,1,35.61476753569015,300.0,0.0,0.07006433738477641,0.0,0.04721630452790699
transformer_add113_f0.3_wd0.1_softmax_ce_s0,transformer,13000,after,60000,4,5,hook_resid_final,2,35.69158293680951,300.0,0.0,0.07378521348014436,0.0,0.039735059414147574
transformer_add113_f0.3_wd0.1_softmax_ce_s0,transformer,13000,after,60000,4,6,logits,0,156.27943734636293,300.0,0.0,0.06849708056893493,1.0,0.055310526816758306
transformer_add113_f0.3_wd0.1_softmax_ce_s0,transformer,13000,after,60000,4,6,logits,1,156.6223589926185,300.0,0.0,0.07371300658939035,1.0,0.057429497327338076
transformer_add113_f0.3_wd0.1_softmax_ce_s0,transformer,13000,after,60000,4,6,logits,2,156.80044588176202,300.0,0.0,0.06761184996910141,1.0,0.05712614552822453
transformer_add113_f0.3_wd0.1_softmax_ce_s0,transformer,13000,after,60000,2,0,operands,0,1.0191235122300049,300.0,0.0,0.06885897136614168,0.0,0.040209865281375955
transformer_add113_f0.3_wd0.1_softmax_ce_s0,transformer,13000,after,60000,2,0,operands,1,1.019797211639451,300.0,0.0,0.06051352097480223,1.0,0.05696204349332631
transformer_add113_f0.3_wd0.1_softmax_ce_s0,transformer,13000,after,60000,2,0,operands,2,1.0191235122300049,300.0,0.0,0.06063609177128258,0.0,0.044212279521933795
transformer_add113_f0.3_wd0.1_softmax_ce_s0,transformer,13000,after,60000,2,1,blocks.0.hook_attn_out,0,1.6781176474382389,300.0,0.0,0.035425160224706695,0.0,0.0035854537539597854
transformer_add113_f0.3_wd0.1_softmax_ce_s0,transformer,13000,after,60000,2,1,blocks.0.hook_attn_out,1,1.6813667891317345,300.0,0.0,0.03405362347066499,0.0,0.0
transformer_add113_f0.3_wd0.1_softmax_ce_s0,transformer,13000,after,60000,2,1,blocks.0.hook_attn_out,2,1.688372480727817,300.0,0.0,0.024631767632174284,0.0,0.0
transformer_add113_f0.3_wd0.1_softmax_ce_s0,transformer,13000,after,60000,2,2,blocks.0.hook_mlp_out,0,0.4512281466346733,300.0,0.0,0.01710113246497493,0.0,0.0
transformer_add113_f0.3_wd0.1_softmax_ce_s0,transformer,13000,after,60000,2,2,blocks.0.hook_mlp_out,1,0.4512281466346733,300.0,0.0,0.015204496354702715,0.0,0.0
transformer_add113_f0.3_wd0.1_softmax_ce_s0,transformer,13000,after,60000,2,2,blocks.0.hook_mlp_out,2,0.4512281466346733,300.0,0.0,0.015741050824870123,0.0,0.0
transformer_add113_f0.3_wd0.1_softmax_ce_s0,transformer,13000,after,60000,2,3,blocks.1.hook_attn_out,0,2.1801009183340474,300.0,0.0,0.023941684443119858,0.0,0.0
transformer_add113_f0.3_wd0.1_softmax_ce_s0,transformer,13000,after,60000,2,3,blocks.1.hook_attn_out,1,2.1801009183340474,300.0,0.0,0.027681719854500384,0.0,0.0
transformer_add113_f0.3_wd0.1_softmax_ce_s0,transformer,13000,after,60000,2,3,blocks.1.hook_attn_out,2,2.1801009183340474,300.0,0.0,0.025049131222747347,0.0,0.0004080952045649957
transformer_add113_f0.3_wd0.1_softmax_ce_s0,transformer,13000,after,60000,2,4,blocks.1.hook_mlp_out,0,2.5710033790712647,300.0,0.0,0.02992902406412521,0.0,0.0
transformer_add113_f0.3_wd0.1_softmax_ce_s0,transformer,13000,after,60000,2,4,blocks.1.hook_mlp_out,1,2.560788378036355,300.0,0.0,0.025135718988219587,0.0,0.0
transformer_add113_f0.3_wd0.1_softmax_ce_s0,transformer,13000,after,60000,2,4,blocks.1.hook_mlp_out,2,2.564968208621908,300.0,0.0,0.03608123007515881,0.0,0.0
transformer_add113_f0.3_wd0.1_softmax_ce_s0,transformer,13000,after,60000,2,5,hook_resid_final,0,35.21021735022811,300.0,0.0,0.031536665196633194,0.0,0.0
transformer_add113_f0.3_wd0.1_softmax_ce_s0,transformer,13000,after,60000,2,5,hook_resid_final,1,35.42174148513075,300.0,0.0,0.04017397521719891,0.0,0.0
transformer_add113_f0.3_wd0.1_softmax_ce_s0,transformer,13000,after,60000,2,5,hook_resid_final,2,34.78411060903943,300.0,0.0,0.02972048397553601,0.0,0.00013622798388906145
transformer_add113_f0.3_wd0.1_softmax_ce_s0,transformer,13000,after,60000,2,6,logits,0,151.37088540329734,300.0,0.0,0.02543220064145479,0.0,0.0
transformer_add113_f0.3_wd0.1_softmax_ce_s0,transformer,13000,after,60000,2,6,logits,1,151.27434572364857,300.0,0.0,0.029706073182278275,0.0,0.0
transformer_add113_f0.3_wd0.1_softmax_ce_s0,transformer,13000,after,60000,2,6,logits,2,151.26837250376914,300.0,0.0,0.027885549156436925,0.0,0.0
transformer_add113_f0.3_wd0.1_softmax_ce_s1,transformer,12000,init,0,8,0,operands,0,20.133391256128043,300.0,0.0,0.1014090929965208,0.0,0.05588381207457483
transformer_add113_f0.3_wd0.1_softmax_ce_s1,transformer,12000,init,0,8,0,operands,1,20.133391256128043,300.0,0.0,0.10393493320898715,0.0,0.046748127875007095
transformer_add113_f0.3_wd0.1_softmax_ce_s1,transformer,12000,init,0,8,0,operands,2,19.837183884057925,300.0,0.0,0.12033530490612564,1.0,0.06541615379042712
transformer_add113_f0.3_wd0.1_softmax_ce_s1,transformer,12000,init,0,8,1,blocks.0.hook_attn_out,0,3.616853023652944,300.0,0.0,0.06437503898414557,0.0,0.04652864689859948
transformer_add113_f0.3_wd0.1_softmax_ce_s1,transformer,12000,init,0,8,1,blocks.0.hook_attn_out,1,3.616853023652944,300.0,0.0,0.06824040153954247,0.0,0.04545364325245702
transformer_add113_f0.3_wd0.1_softmax_ce_s1,transformer,12000,init,0,8,1,blocks.0.hook_attn_out,2,3.616853023652944,300.0,0.0,0.07325741481549637,0.0,0.04961733777691999
transformer_add113_f0.3_wd0.1_softmax_ce_s1,transformer,12000,init,0,8,2,blocks.0.hook_mlp_out,0,0.8203057209219929,300.0,0.0,0.07110821587159703,0.0,0.044132433890257894
transformer_add113_f0.3_wd0.1_softmax_ce_s1,transformer,12000,init,0,8,2,blocks.0.hook_mlp_out,1,0.8203057209219929,300.0,0.0,0.06550072803776849,0.0,0.0466345690001484
transformer_add113_f0.3_wd0.1_softmax_ce_s1,transformer,12000,init,0,8,2,blocks.0.hook_mlp_out,2,0.7762863023069266,300.0,0.0,0.07530492173021144,1.0,0.052887866543717764
transformer_add113_f0.3_wd0.1_softmax_ce_s1,transformer,12000,init,0,8,3,blocks.1.hook_attn_out,0,4.580783684094944,300.0,0.0,0.063756195884033,0.0,0.03949625915978556
transformer_add113_f0.3_wd0.1_softmax_ce_s1,transformer,12000,init,0,8,3,blocks.1.hook_attn_out,1,4.580783684094944,300.0,0.0,0.06381641490222814,0.0,0.04605401655564174
transformer_add113_f0.3_wd0.1_softmax_ce_s1,transformer,12000,init,0,8,3,blocks.1.hook_attn_out,2,4.580783684094944,300.0,0.0,0.058977501902556365,0.0,0.04468219921547815
transformer_add113_f0.3_wd0.1_softmax_ce_s1,transformer,12000,init,0,8,4,blocks.1.hook_mlp_out,0,1.0809664735469642,300.0,0.0,0.07372879358996233,0.0,0.0489216021455626
transformer_add113_f0.3_wd0.1_softmax_ce_s1,transformer,12000,init,0,8,4,blocks.1.hook_mlp_out,1,1.081726772660212,300.0,0.0,0.07440544067716139,0.0,0.05264028288443254
transformer_add113_f0.3_wd0.1_softmax_ce_s1,transformer,12000,init,0,8,4,blocks.1.hook_mlp_out,2,1.0809664735469642,300.0,0.0,0.08267238676101954,0.0,0.054585845655482704
transformer_add113_f0.3_wd0.1_softmax_ce_s1,transformer,12000,init,0,8,5,hook_resid_final,0,4.701644802943886,300.0,0.0,0.07434031510703036,0.0,0.049912886964381155
transformer_add113_f0.3_wd0.1_softmax_ce_s1,transformer,12000,init,0,8,5,hook_resid_final,1,4.701644802943886,300.0,0.0,0.07751747507574516,0.0,0.04621187135904605
transformer_add113_f0.3_wd0.1_softmax_ce_s1,transformer,12000,init,0,8,5,hook_resid_final,2,4.701644802943886,300.0,0.0,0.0659312163763504,1.0,0.050897566191126516
transformer_add113_f0.3_wd0.1_softmax_ce_s1,transformer,12000,init,0,8,6,logits,0,2.761379703642206,300.0,0.0,0.06484650528821094,0.0,0.049797570930944515
transformer_add113_f0.3_wd0.1_softmax_ce_s1,transformer,12000,init,0,8,6,logits,1,2.7317572381107973,300.0,0.0,0.07209759165263513,0.0,0.04827942706317296
transformer_add113_f0.3_wd0.1_softmax_ce_s1,transformer,12000,init,0,8,6,logits,2,2.761379703642206,300.0,0.0,0.0802181152389758,1.0,0.05845571970593392
transformer_add113_f0.3_wd0.1_softmax_ce_s1,transformer,12000,init,0,4,0,operands,0,18.958160873665776,300.0,0.0,0.11558823986540248,0.0,0.05542678111400927
transformer_add113_f0.3_wd0.1_softmax_ce_s1,transformer,12000,init,0,4,0,operands,1,18.958160873665776,300.0,0.0,0.10705021576835823,1.0,0.05799629234294599
transformer_add113_f0.3_wd0.1_softmax_ce_s1,transformer,12000,init,0,4,0,operands,2,18.958160873665776,300.0,0.0,0.09699074241830266,0.0,0.04947547226787329
transformer_add113_f0.3_wd0.1_softmax_ce_s1,transformer,12000,init,0,4,1,blocks.0.hook_attn_out,0,3.13102301047947,300.0,0.0,0.05886945305184728,0.0,0.04493732666871938
transformer_add113_f0.3_wd0.1_softmax_ce_s1,transformer,12000,init,0,4,1,blocks.0.hook_attn_out,1,3.13102301047947,300.0,0.0,0.06762041094926202,0.0,0.04179758798589834
transformer_add113_f0.3_wd0.1_softmax_ce_s1,transformer,12000,init,0,4,1,blocks.0.hook_attn_out,2,3.13102301047947,300.0,0.0,0.059968856547517796,0.0,0.039178467586578114
transformer_add113_f0.3_wd0.1_softmax_ce_s1,transformer,12000,init,0,4,2,blocks.0.hook_mlp_out,0,0.7473690108639816,300.0,0.0,0.058345948013768315,0.0,0.03392678906943204
transformer_add113_f0.3_wd0.1_softmax_ce_s1,transformer,12000,init,0,4,2,blocks.0.hook_mlp_out,1,0.7469016990073521,300.0,0.0,0.0607284978906071,0.0,0.043769971607893324
transformer_add113_f0.3_wd0.1_softmax_ce_s1,transformer,12000,init,0,4,2,blocks.0.hook_mlp_out,2,0.7280938245550062,300.0,0.0,0.055717512657132255,0.0,0.03734867233014815
transformer_add113_f0.3_wd0.1_softmax_ce_s1,transformer,12000,init,0,4,3,blocks.1.hook_attn_out,0,4.266903664414201,300.0,0.0,0.05917754537149878,0.0,0.03298563664432297
transformer_add113_f0.3_wd0.1_softmax_ce_s1,transformer,12000,init,0,4,3,blocks.1.hook_attn_out,1,4.266903664414201,300.0,1.0,0.050988797008931844,0.0,0.041423998188076565
transformer_add113_f0.3_wd0.1_softmax_ce_s1,transformer,12000,init,0,4,3,blocks.1.hook_attn_out,2,4.266903664414201,300.0,1.0,0.050682120206661324,0.0,0.03319446016245825
transformer_add113_f0.3_wd0.1_softmax_ce_s1,transformer,12000,init,0,4,4,blocks.1.hook_mlp_out,0,1.0029109989931488,300.0,0.0,0.058115020511164184,0.0,0.04263949708193162
transformer_add113_f0.3_wd0.1_softmax_ce_s1,transformer,12000,init,0,4,4,blocks.1.hook_mlp_out,1,0.9869376394163195,300.0,0.0,0.059498781601449814,0.0,0.03913885545332139
transformer_add113_f0.3_wd0.1_softmax_ce_s1,transformer,12000,init,0,4,4,blocks.1.hook_mlp_out,2,1.0026226824384297,300.0,0.0,0.06151249228550707,0.0,0.04382248242949104
transformer_add113_f0.3_wd0.1_softmax_ce_s1,transformer,12000,init,0,4,5,hook_resid_final,0,4.244022526391382,300.0,0.0,0.059602994190652556,0.0,0.03578520848787252
transformer_add113_f0.3_wd0.1_softmax_ce_s1,transformer,12000,init,0,4,5,hook_resid_final,1,4.244022526391382,300.0,0.0,0.05945408168026331,0.0,0.03884207910810296
transformer_add113_f0.3_wd0.1_softmax_ce_s1,transformer,12000,init,0,4,5,hook_resid_final,2,4.244022526391382,300.0,0.0,0.05972057369994038,0.0,0.037895993816217506
transformer_add113_f0.3_wd0.1_softmax_ce_s1,transformer,12000,init,0,4,6,logits,0,2.523440543961282,300.0,0.0,0.05609393365648374,0.0,0.04720608948564009
transformer_add113_f0.3_wd0.1_softmax_ce_s1,transformer,12000,init,0,4,6,logits,1,2.523440543961282,300.0,1.0,0.05669265144163612,0.0,0.040171158462648134
transformer_add113_f0.3_wd0.1_softmax_ce_s1,transformer,12000,init,0,4,6,logits,2,2.523440543961282,300.0,0.0,0.062419981404632,0.0,0.04719745623382144
transformer_add113_f0.3_wd0.1_softmax_ce_s1,transformer,12000,init,0,2,0,operands,0,16.424184165215912,300.0,0.0,0.06252462933555956,0.0,0.03787368179859304
transformer_add113_f0.3_wd0.1_softmax_ce_s1,transformer,12000,init,0,2,0,operands,1,16.424184165215912,300.0,0.0,0.07508512945092946,0.0,0.037713320101668515
transformer_add113_f0.3_wd0.1_softmax_ce_s1,transformer,12000,init,0,2,0,operands,2,16.424184165215912,300.0,0.0,0.05717240709396813,0.0,0.04270132807913065
transformer_add113_f0.3_wd0.1_softmax_ce_s1,transformer,12000,init,0,2,1,blocks.0.hook_attn_out,0,2.8124015134971376,300.0,0.0,0.034474960199736365,0.0,0.0
transformer_add113_f0.3_wd0.1_softmax_ce_s1,transformer,12000,init,0,2,1,blocks.0.hook_attn_out,1,2.7964117478949295,300.0,0.0,0.032416422392105494,0.0,0.0
transformer_add113_f0.3_wd0.1_softmax_ce_s1,transformer,12000,init,0,2,1,blocks.0.hook_attn_out,2,2.7964117478949295,300.0,0.0,0.037737247998417024,0.0,0.0
transformer_add113_f0.3_wd0.1_softmax_ce_s1,transformer,12000,init,0,2,2,blocks.0.hook_mlp_out,0,0.7114925779586503,300.0,0.0,0.028594197231995393,0.0,0.0
transformer_add113_f0.3_wd0.1_softmax_ce_s1,transformer,12000,init,0,2,2,blocks.0.hook_mlp_out,1,0.7114925779586503,300.0,0.0,0.04491594548863939,0.0,0.002387058981139062
transformer_add113_f0.3_wd0.1_softmax_ce_s1,transformer,12000,init,0,2,2,blocks.0.hook_mlp_out,2,0.7114925779586503,300.0,0.0,0.027820056554268602,0.0,0.0
transformer_add113_f0.3_wd0.1_softmax_ce_s1,transformer,12000,init,0,2,3,blocks.1.hook_attn_out,0,4.223252222780617,300.0,0.0,0.025601224088013193,0.0,0.0
transformer_add113_f0.3_wd0.1_softmax_ce_s1,transformer,12000,init,0,2,3,blocks.1.hook_attn_out,1,4.223252222780617,300.0,0.0,0.025128162527747553,0.0,0.0
transformer_add113_f0.3_wd0.1_softmax_ce_s1,transformer,12000,init,0,2,3,blocks.1.hook_attn_out,2,4.223252222780617,300.0,0.0,0.022181027889838032,0.0,0.0
transformer_add113_f0.3_wd0.1_softmax_ce_s1,transformer,12000,init,0,2,4,blocks.1.hook_mlp_out,0,0.974061492399038,300.0,0.0,0.024547210669138987,0.0,0.0
transformer_add113_f0.3_wd0.1_softmax_ce_s1,transformer,12000,init,0,2,4,blocks.1.hook_mlp_out,1,0.974061492399038,300.0,0.0,0.02964081432685383,0.0,0.000908982290446524
transformer_add113_f0.3_wd0.1_softmax_ce_s1,transformer,12000,init,0,2,4,blocks.1.hook_mlp_out,2,0.974061492399038,300.0,0.0,0.02625599365495783,0.0,0.0
transformer_add113_f0.3_wd0.1_softmax_ce_s1,transformer,12000,init,0,2,5,hook_resid_final,0,3.6751311453330224,300.0,0.0,0.03822106332144144,0.0,0.0
transformer_add113_f0.3_wd0.1_softmax_ce_s1,transformer,12000,init,0,2,5,hook_resid_final,1,3.6751311453330224,300.0,0.0,0.03447968353143176,0.0,0.0033430768418995223
transformer_add113_f0.3_wd0.1_softmax_ce_s1,transformer,12000,init,0,2,5,hook_resid_final,2,3.6751311453330224,300.0,0.0,0.028776144254541714,0.0,0.0
transformer_add113_f0.3_wd0.1_softmax_ce_s1,transformer,12000,init,0,2,6,logits,0,2.366233275826359,300.0,0.0,0.030376889079740753,0.0,0.0
transformer_add113_f0.3_wd0.1_softmax_ce_s1,transformer,12000,init,0,2,6,logits,1,2.366233275826359,300.0,0.0,0.03151504356524377,0.0,0.0
transformer_add113_f0.3_wd0.1_softmax_ce_s1,transformer,12000,init,0,2,6,logits,2,2.366233275826359,300.0,0.0,0.03439061802891004,0.0,0.0006918280984038699
transformer_add113_f0.3_wd0.1_softmax_ce_s1,transformer,12000,before,10588,8,0,operands,0,1.364514901739863,300.0,0.0,0.09259822253935322,1.0,0.051593601467703705
transformer_add113_f0.3_wd0.1_softmax_ce_s1,transformer,12000,before,10588,8,0,operands,1,1.364514901739863,300.0,0.0,0.11627072732277167,1.0,0.06859736068617664
transformer_add113_f0.3_wd0.1_softmax_ce_s1,transformer,12000,before,10588,8,0,operands,2,1.364514901739863,300.0,0.0,0.11205341168397044,1.0,0.050368279642003896
transformer_add113_f0.3_wd0.1_softmax_ce_s1,transformer,12000,before,10588,8,1,blocks.0.hook_attn_out,0,1.7970635492309823,300.0,0.0,0.08386367172350019,1.0,0.05029953287935883
transformer_add113_f0.3_wd0.1_softmax_ce_s1,transformer,12000,before,10588,8,1,blocks.0.hook_attn_out,1,1.7555405502205825,300.0,0.0,0.07582545770871717,0.0,0.049655820397892125
transformer_add113_f0.3_wd0.1_softmax_ce_s1,transformer,12000,before,10588,8,1,blocks.0.hook_attn_out,2,1.811062630909595,300.0,0.0,0.06715007741166933,0.0,0.04595066276445983
transformer_add113_f0.3_wd0.1_softmax_ce_s1,transformer,12000,before,10588,8,2,blocks.0.hook_mlp_out,0,1.0508726567348354,300.0,0.0,0.0536090631190086,0.0,0.04486893387819213
transformer_add113_f0.3_wd0.1_softmax_ce_s1,transformer,12000,before,10588,8,2,blocks.0.hook_mlp_out,1,1.072861391527493,300.0,0.0,0.04978835032961604,0.0,0.03631697417784857
transformer_add113_f0.3_wd0.1_softmax_ce_s1,transformer,12000,before,10588,8,2,blocks.0.hook_mlp_out,2,1.0055456280341506,300.0,0.0,0.06667661040269399,0.0,0.040598227549441965
transformer_add113_f0.3_wd0.1_softmax_ce_s1,transformer,12000,before,10588,8,3,blocks.1.hook_attn_out,0,1.6421571644282547,300.0,0.0,0.08203556382765022,1.0,0.05344838042991214
transformer_add113_f0.3_wd0.1_softmax_ce_s1,transformer,12000,before,10588,8,3,blocks.1.hook_attn_out,1,1.6576304584946961,300.0,0.0,0.07720696673562605,0.0,0.04794378496342
transformer_add113_f0.3_wd0.1_softmax_ce_s1,transformer,12000,before,10588,8,3,blocks.1.hook_attn_out,2,1.6530029788033316,300.0,0.0,0.07491753076538726,0.0,0.04995996070786739
transformer_add113_f0.3_wd0.1_softmax_ce_s1,transformer,12000,before,10588,8,4,blocks.1.hook_mlp_out,0,2.4904100398947535,300.0,0.0,0.07503738348827567,0.0,0.05483009264207905
transformer_add113_f0.3_wd0.1_softmax_ce_s1,transformer,12000,before,10588,8,4,blocks.1.hook_mlp_out,1,2.570542741893902,300.0,0.0,0.0856052693752704,0.0,0.05540069759076466
transformer_add113_f0.3_wd0.1_softmax_ce_s1,transformer,12000,before,10588,8,4,blocks.1.hook_mlp_out,2,2.543764704540587,300.0,0.0,0.07857877123311649,0.0,0.05604170287133779
transformer_add113_f0.3_wd0.1_softmax_ce_s1,transformer,12000,before,10588,8,5,hook_resid_final,0,25.446133546305493,300.0,0.0,0.0861284892337906,0.0,0.06568493888095148
transformer_add113_f0.3_wd0.1_softmax_ce_s1,transformer,12000,before,10588,8,5,hook_resid_final,1,25.301998031852996,300.0,0.0,0.08685183761565278,0.0,0.062277968114953744
transformer_add113_f0.3_wd0.1_softmax_ce_s1,transformer,12000,before,10588,8,5,hook_resid_final,2,25.429305356241933,300.0,0.0,0.09042107066110203,0.0,0.07124175498683523
transformer_add113_f0.3_wd0.1_softmax_ce_s1,transformer,12000,before,10588,8,6,logits,0,105.06107093910174,300.0,0.0,0.08818084278492587,0.0,0.06129490830575628
transformer_add113_f0.3_wd0.1_softmax_ce_s1,transformer,12000,before,10588,8,6,logits,1,106.4590234688193,300.0,0.0,0.08139408147463954,0.0,0.06083505388892074
transformer_add113_f0.3_wd0.1_softmax_ce_s1,transformer,12000,before,10588,8,6,logits,2,106.76422879992165,300.0,0.0,0.0754727396942792,0.0,0.057450009483286324
transformer_add113_f0.3_wd0.1_softmax_ce_s1,transformer,12000,before,10588,4,0,operands,0,1.072789007488676,300.0,0.0,0.11394118532967233,0.0,0.0641828258052556
transformer_add113_f0.3_wd0.1_softmax_ce_s1,transformer,12000,before,10588,4,0,operands,1,1.0412696600801612,300.0,0.0,0.09641857405736058,0.0,0.06449364112212783
transformer_add113_f0.3_wd0.1_softmax_ce_s1,transformer,12000,before,10588,4,0,operands,2,1.0643629111600668,300.0,0.0,0.09251070737986718,0.0,0.06746877220158763
transformer_add113_f0.3_wd0.1_softmax_ce_s1,transformer,12000,before,10588,4,1,blocks.0.hook_attn_out,0,1.7731134442235714,300.0,0.0,0.05347850142301788,0.0,0.04279926280060608
transformer_add113_f0.3_wd0.1_softmax_ce_s1,transformer,12000,before,10588,4,1,blocks.0.hook_attn_out,1,1.7731134442235714,300.0,0.0,0.057602127632572275,0.0,0.04138847448354554
transformer_add113_f0.3_wd0.1_softmax_ce_s1,transformer,12000,before,10588,4,1,blocks.0.hook_attn_out,2,1.774007789951951,300.0,0.0,0.060169650313731275,0.0,0.03527657187287638
transformer_add113_f0.3_wd0.1_softmax_ce_s1,transformer,12000,before,10588,4,2,blocks.0.hook_mlp_out,0,1.0420996982381558,300.0,0.0,0.05514781079941854,0.0,0.033777714885663924
transformer_add113_f0.3_wd0.1_softmax_ce_s1,transformer,12000,before,10588,4,2,blocks.0.hook_mlp_out,1,1.0398866392969397,300.0,0.0,0.049407133476714236,0.0,0.03836832492596539
transformer_add113_f0.3_wd0.1_softmax_ce_s1,transformer,12000,before,10588,4,2,blocks.0.hook_mlp_out,2,1.0420996982381558,300.0,0.0,0.04918457055683775,0.0,0.036974451726956487
transformer_add113_f0.3_wd0.1_softmax_ce_s1,transformer,12000,before,10588,4,3,blocks.1.hook_attn_out,0,1.5766669329817078,300.0,0.0,0.0756675608030377,0.0,0.039500369462781536
transformer_add113_f0.3_wd0.1_softmax_ce_s1,transformer,12000,before,10588,4,3,blocks.1.hook_attn_out,1,1.5766669329817078,300.0,0.0,0.07056072265097238,0.0,0.0427359371200966
transformer_add113_f0.3_wd0.1_softmax_ce_s1,transformer,12000,before,10588,4,3,blocks.1.hook_attn_out,2,1.5766669329817078,300.0,0.0,0.06507397111001045,0.0,0.03653219096907319
transformer_add113_f0.3_wd0.1_softmax_ce_s1,transformer,12000,before,10588,4,4,blocks.1.hook_mlp_out,0,2.3333370762104693,300.0,0.0,0.07850654815375997,0.0,0.047629084139097354
transformer_add113_f0.3_wd0.1_softmax_ce_s1,transformer,12000,before,10588,4,4,blocks.1.hook_mlp_out,1,2.3547111114005794,300.0,0.0,0.06225661467151919,0.0,0.03862399206282319
transformer_add113_f0.3_wd0.1_softmax_ce_s1,transformer,12000,before,10588,4,4,blocks.1.hook_mlp_out,2,2.3547111114005794,300.0,0.0,0.0683257447574712,1.0,0.050040833642070966
transformer_add113_f0.3_wd0.1_softmax_ce_s1,transformer,12000,before,10588,4,5,hook_resid_final,0,24.988113082870527,300.0,0.0,0.06963872911527316,0.0,0.049270004955187574
transformer_add113_f0.3_wd0.1_softmax_ce_s1,transformer,12000,before,10588,4,5,hook_resid_final,1,24.779614921694435,300.0,0.0,0.06795173648926162,0.0,0.0559587299768924
transformer_add113_f0.3_wd0.1_softmax_ce_s1,transformer,12000,before,10588,4,5,hook_resid_final,2,24.988113082870527,300.0,0.0,0.07109829685448289,0.0,0.05665060471239633
transformer_add113_f0.3_wd0.1_softmax_ce_s1,transformer,12000,before,10588,4,6,logits,0,103.85663484887463,300.0,0.0,0.061071935972253466,0.0,0.06241002497917091
transformer_add113_f0.3_wd0.1_softmax_ce_s1,transformer,12000,before,10588,4,6,logits,1,104.51261466585625,300.0,0.0,0.06594521658388203,0.0,0.046740114386660134
transformer_add113_f0.3_wd0.1_softmax_ce_s1,transformer,12000,before,10588,4,6,logits,2,104.51261466585625,300.0,0.0,0.06578846787503378,0.0,0.054088871266162665
transformer_add113_f0.3_wd0.1_softmax_ce_s1,transformer,12000,before,10588,2,0,operands,0,1.0439200206108479,300.0,0.0,0.0565018528246111,0.0,0.03465463436195503
transformer_add113_f0.3_wd0.1_softmax_ce_s1,transformer,12000,before,10588,2,0,operands,1,0.9865119811198276,300.0,0.0,0.059361336246190534,0.0,0.03823440475559322
transformer_add113_f0.3_wd0.1_softmax_ce_s1,transformer,12000,before,10588,2,0,operands,2,1.0439200206108479,300.0,0.0,0.05646789441613129,0.0,0.03786206956322601
transformer_add113_f0.3_wd0.1_softmax_ce_s1,transformer,12000,before,10588,2,1,blocks.0.hook_attn_out,0,1.5670241275483783,300.0,0.0,0.025706541643585344,0.0,0.0
transformer_add113_f0.3_wd0.1_softmax_ce_s1,transformer,12000,before,10588,2,1,blocks.0.hook_attn_out,1,1.5670241275483783,300.0,0.0,0.0270880301344281,0.0,0.0
transformer_add113_f0.3_wd0.1_softmax_ce_s1,transformer,12000,before,10588,2,1,blocks.0.hook_attn_out,2,1.5670241275483783,300.0,0.0,0.02876340075420549,0.0,0.0
transformer_add113_f0.3_wd0.1_softmax_ce_s1,transformer,12000,before,10588,2,2,blocks.0.hook_mlp_out,0,0.9988923495515206,300.0,0.0,0.02925302042878781,0.0,0.0
transformer_add113_f0.3_wd0.1_softmax_ce_s1,transformer,12000,before,10588,2,2,blocks.0.hook_mlp_out,1,0.9988923495515206,300.0,0.0,0.02685514058993894,0.0,0.0
transformer_add113_f0.3_wd0.1_softmax_ce_s1,transformer,12000,before,10588,2,2,blocks.0.hook_mlp_out,2,0.9988923495515206,300.0,0.0,0.027516575815136782,0.0,0.0
transformer_add113_f0.3_wd0.1_softmax_ce_s1,transformer,12000,before,10588,2,3,blocks.1.hook_attn_out,0,1.5465256743547278,300.0,0.0,0.028989489354701345,0.0,0.0
transformer_add113_f0.3_wd0.1_softmax_ce_s1,transformer,12000,before,10588,2,3,blocks.1.hook_attn_out,1,1.5342730452184457,300.0,0.0,0.02813552407007413,0.0,0.0
transformer_add113_f0.3_wd0.1_softmax_ce_s1,transformer,12000,before,10588,2,3,blocks.1.hook_attn_out,2,1.5367513044032768,300.0,0.0,0.02980338795138323,0.0,0.00159450773905735
transformer_add113_f0.3_wd0.1_softmax_ce_s1,transformer,12000,before,10588,2,4,blocks.1.hook_mlp_out,0,2.2274787669045875,300.0,0.0,0.030655248675885247,0.0,0.003218714947652265
transformer_add113_f0.3_wd0.1_softmax_ce_s1,transformer,12000,before,10588,2,4,blocks.1.hook_mlp_out,1,2.2274787669045875,300.0,0.0,0.04408877187148321,0.0,0.0
transformer_add113_f0.3_wd0.1_softmax_ce_s1,transformer,12000,before,10588,2,4,blocks.1.hook_mlp_out,2,2.2274787669045875,300.0,0.0,0.0257980058244341,0.0,0.0
transformer_add113_f0.3_wd0.1_softmax_ce_s1,transformer,12000,before,10588,2,5,hook_resid_final,0,23.636511196637723,300.0,0.0,0.030458378918505266,0.0,0.0
transformer_add113_f0.3_wd0.1_softmax_ce_s1,transformer,12000,before,10588,2,5,hook_resid_final,1,23.636511196637723,300.0,0.0,0.02752414677191868,0.0,0.0
transformer_add113_f0.3_wd0.1_softmax_ce_s1,transformer,12000,before,10588,2,5,hook_resid_final,2,23.636511196637723,300.0,0.0,0.03426946831860803,0.0,0.0
transformer_add113_f0.3_wd0.1_softmax_ce_s1,transformer,12000,before,10588,2,6,logits,0,102.08009119552403,300.0,0.0,0.03215235159144228,0.0,0.0
transformer_add113_f0.3_wd0.1_softmax_ce_s1,transformer,12000,before,10588,2,6,logits,1,101.84068035344353,300.0,0.0,0.03027949103333012,0.0,0.0
transformer_add113_f0.3_wd0.1_softmax_ce_s1,transformer,12000,before,10588,2,6,logits,2,102.08009119552403,300.0,0.0,0.031748268896302896,0.0,0.0002508204186522069
transformer_add113_f0.3_wd0.1_softmax_ce_s1,transformer,12000,at,12101,8,0,operands,0,0.9614308944633023,300.0,0.0,0.09133743213747252,0.0,0.07101267821044473
transformer_add113_f0.3_wd0.1_softmax_ce_s1,transformer,12000,at,12101,8,0,operands,1,0.9865924507600803,300.0,0.0,0.09130011022177587,1.0,0.057291793426031114
transformer_add113_f0.3_wd0.1_softmax_ce_s1,transformer,12000,at,12101,8,0,operands,2,0.9865924507600803,300.0,0.0,0.08309323214191308,1.0,0.0519644289481814
transformer_add113_f0.3_wd0.1_softmax_ce_s1,transformer,12000,at,12101,8,1,blocks.0.hook_attn_out,0,0.9127385227511512,300.0,0.0,0.06703584092784329,1.0,0.05411787777118039
transformer_add113_f0.3_wd0.1_softmax_ce_s1,transformer,12000,at,12101,8,1,blocks.0.hook_attn_out,1,0.9127385227511512,300.0,0.0,0.08000260181758986,0.0,0.04915138196092446
transformer_add113_f0.3_wd0.1_softmax_ce_s1,transformer,12000,at,12101,8,1,blocks.0.hook_attn_out,2,0.9191474459259208,300.0,0.0,0.06906815619941126,1.0,0.051352447718818084
transformer_add113_f0.3_wd0.1_softmax_ce_s1,transformer,12000,at,12101,8,2,blocks.0.hook_mlp_out,0,0.5561949402110152,300.0,0.0,0.05735231026585644,0.0,0.03801521200019835
transformer_add113_f0.3_wd0.1_softmax_ce_s1,transformer,12000,at,12101,8,2,blocks.0.hook_mlp_out,1,0.5581444387614296,300.0,0.0,0.05817103933544462,0.0,0.04179284075173378
transformer_add113_f0.3_wd0.1_softmax_ce_s1,transformer,12000,at,12101,8,2,blocks.0.hook_mlp_out,2,0.556199109142293,300.0,0.0,0.05416521829302692,0.0,0.04635324121515416
transformer_add113_f0.3_wd0.1_softmax_ce_s1,transformer,12000,at,12101,8,3,blocks.1.hook_attn_out,0,0.8479899605149188,300.0,0.0,0.07480156935984393,0.0,0.06254179257002808
transformer_add113_f0.3_wd0.1_softmax_ce_s1,transformer,12000,at,12101,8,3,blocks.1.hook_attn_out,1,0.8834373488464339,300.0,0.0,0.07508452573070884,1.0,0.05123515781373459
transformer_add113_f0.3_wd0.1_softmax_ce_s1,transformer,12000,at,12101,8,3,blocks.1.hook_attn_out,2,0.8834373488464339,300.0,0.0,0.07612752918170164,0.0,0.0677978218714805
transformer_add113_f0.3_wd0.1_softmax_ce_s1,transformer,12000,at,12101,8,4,blocks.1.hook_mlp_out,0,1.2378169570629602,300.0,0.0,0.07529887702206788,0.0,0.04608902855833061
transformer_add113_f0.3_wd0.1_softmax_ce_s1,transformer,12000,at,12101,8,4,blocks.1.hook_mlp_out,1,1.1993647958071698,300.0,0.0,0.06925381894092449,0.0,0.04747335719919627
transformer_add113_f0.3_wd0.1_softmax_ce_s1,transformer,12000,at,12101,8,4,blocks.1.hook_mlp_out,2,1.2456110757753909,300.0,0.0,0.07478447794884317,0.0,0.046972574005760714
transformer_add113_f0.3_wd0.1_softmax_ce_s1,transformer,12000,at,12101,8,5,hook_resid_final,0,26.436619851729578,300.0,0.0,0.11184897008143385,0.0,0.07590656160915736
transformer_add113_f0.3_wd0.1_softmax_ce_s1,transformer,12000,at,12101,8,5,hook_resid_final,1,26.436619851729578,300.0,0.0,0.11324088492171658,0.0,0.06458282844577089
transformer_add113_f0.3_wd0.1_softmax_ce_s1,transformer,12000,at,12101,8,5,hook_resid_final,2,26.447328758810727,300.0,0.0,0.11320691361083858,0.0,0.06310860528082775
transformer_add113_f0.3_wd0.1_softmax_ce_s1,transformer,12000,at,12101,8,6,logits,0,128.61435905364007,300.0,0.0,0.1215424395948593,0.0,0.06748143074378699
transformer_add113_f0.3_wd0.1_softmax_ce_s1,transformer,12000,at,12101,8,6,logits,1,129.00511511092284,300.0,0.0,0.11131767848437746,0.0,0.057446855937202834
transformer_add113_f0.3_wd0.1_softmax_ce_s1,transformer,12000,at,12101,8,6,logits,2,130.3054703234933,300.0,0.0,0.1190310061185139,0.0,0.061005631639703586
transformer_add113_f0.3_wd0.1_softmax_ce_s1,transformer,12000,at,12101,4,0,operands,0,0.8671546789570074,300.0,0.0,0.09188040955380097,0.0,0.06808712190389432
transformer_add113_f0.3_wd0.1_softmax_ce_s1,transformer,12000,at,12101,4,0,operands,1,0.8980481750516769,300.0,0.0,0.10763191746905137,0.0,0.06902428350290138
transformer_add113_f0.3_wd0.1_softmax_ce_s1,transformer,12000,at,12101,4,0,operands,2,0.8980481750516769,300.0,0.0,0.09296050351159378,0.0,0.06159335026964947
transformer_add113_f0.3_wd0.1_softmax_ce_s1,transformer,12000,at,12101,4,1,blocks.0.hook_attn_out,0,0.877759642948517,300.0,0.0,0.05455043401659397,0.0,0.037787316885045975
transformer_add113_f0.3_wd0.1_softmax_ce_s1,transformer,12000,at,12101,4,1,blocks.0.hook_attn_out,1,0.8803868642875363,300.0,0.0,0.057468410984365254,0.0,0.04060982450179071
transformer_add113_f0.3_wd0.1_softmax_ce_s1,transformer,12000,at,12101,4,1,blocks.0.hook_attn_out,2,0.8803868642875363,300.0,0.0,0.05765144547032464,0.0,0.047362195862768235
transformer_add113_f0.3_wd0.1_softmax_ce_s1,transformer,12000,at,12101,4,2,blocks.0.hook_mlp_out,0,0.555914221062905,300.0,0.0,0.059773544828510654,0.0,0.03433981114504901
transformer_add113_f0.3_wd0.1_softmax_ce_s1,transformer,12000,at,12101,4,2,blocks.0.hook_mlp_out,1,0.55736837888827,300.0,0.0,0.05432437738881935,0.0,0.03846069144310655
transformer_add113_f0.3_wd0.1_softmax_ce_s1,transformer,12000,at,12101,4,2,blocks.0.hook_mlp_out,2,0.548760982209307,300.0,0.0,0.0628348822600789,0.0,0.04558660724729954
transformer_add113_f0.3_wd0.1_softmax_ce_s1,transformer,12000,at,12101,4,3,blocks.1.hook_attn_out,0,0.8156966323540537,300.0,0.0,0.05754054995843764,0.0,0.04214066514258663
transformer_add113_f0.3_wd0.1_softmax_ce_s1,transformer,12000,at,12101,4,3,blocks.1.hook_attn_out,1,0.8156966323540537,300.0,0.0,0.060546223583043186,0.0,0.04570769670856834
transformer_add113_f0.3_wd0.1_softmax_ce_s1,transformer,12000,at,12101,4,3,blocks.1.hook_attn_out,2,0.8156966323540537,300.0,0.0,0.05861028858745602,0.0,0.04324261028827155
transformer_add113_f0.3_wd0.1_softmax_ce_s1,transformer,12000,at,12101,4,4,blocks.1.hook_mlp_out,0,1.1361038310593188,300.0,0.0,0.05554238598634703,0.0,0.0371791177925847
transformer_add113_f0.3_wd0.1_softmax_ce_s1,transformer,12000,at,12101,4,4,blocks.1.hook_mlp_out,1,1.1322255805903847,300.0,0.0,0.05957254098235135,0.0,0.03950607096134176
transformer_add113_f0.3_wd0.1_softmax_ce_s1,transformer,12000,at,12101,4,4,blocks.1.hook_mlp_out,2,1.159641111212891,300.0,0.0,0.05396937028743237,0.0,0.04194854552797812
transformer_add113_f0.3_wd0.1_softmax_ce_s1,transformer,12000,at,12101,4,5,hook_resid_final,0,25.1962306669732,300.0,0.0,0.06833415508691719,0.0,0.05819695410320903
transformer_add113_f0.3_wd0.1_softmax_ce_s1,transformer,12000,at,12101,4,5,hook_resid_final,1,24.719161061801945,300.0,0.0,0.07392662947041635,0.0,0.0475895969657236
transformer_add113_f0.3_wd0.1_softmax_ce_s1,transformer,12000,at,12101,4,5,hook_resid_final,2,25.1962306669732,300.0,0.0,0.07184318910819158,0.0,0.0564551404586695
transformer_add113_f0.3_wd0.1_softmax_ce_s1,transformer,12000,at,12101,4,6,logits,0,125.27187690937919,300.0,0.0,0.06881329694696026,0.0,0.038056660995471205
transformer_add113_f0.3_wd0.1_softmax_ce_s1,transformer,12000,at,12101,4,6,logits,1,125.1180388597006,300.0,0.0,0.06508151766845027,0.0,0.04662950545878575
transformer_add113_f0.3_wd0.1_softmax_ce_s1,transformer,12000,at,12101,4,6,logits,2,125.1180388597006,300.0,0.0,0.0683446868326646,0.0,0.04727484637372282
transformer_add113_f0.3_wd0.1_softmax_ce_s1,transformer,12000,at,12101,2,0,operands,0,0.7029449296510456,300.0,0.0,0.07404698917086576,1.0,0.06387479322690873
transformer_add113_f0.3_wd0.1_softmax_ce_s1,transformer,12000,at,12101,2,0,operands,1,0.7029449296510456,300.0,0.0,0.07683535687712313,1.0,0.05949617959485034
transformer_add113_f0.3_wd0.1_softmax_ce_s1,transformer,12000,at,12101,2,0,operands,2,0.7029449296510456,300.0,0.0,0.08090633175583982,1.0,0.06203311555238172
transformer_add113_f0.3_wd0.1_softmax_ce_s1,transformer,12000,at,12101,2,1,blocks.0.hook_attn_out,0,0.8043036455819378,300.0,0.0,0.027337999766113865,0.0,0.0
transformer_add113_f0.3_wd0.1_softmax_ce_s1,transformer,12000,at,12101,2,1,blocks.0.hook_attn_out,1,0.8023918830090307,300.0,0.0,0.02770562263198895,0.0,0.0
transformer_add113_f0.3_wd0.1_softmax_ce_s1,transformer,12000,at,12101,2,1,blocks.0.hook_attn_out,2,0.8052458326857875,300.0,0.0,0.029788870740153097,0.0,0.0
transformer_add113_f0.3_wd0.1_softmax_ce_s1,transformer,12000,at,12101,2,2,blocks.0.hook_mlp_out,0,0.5636411616053424,300.0,0.0,0.030644755536297863,0.0,0.0
transformer_add113_f0.3_wd0.1_softmax_ce_s1,transformer,12000,at,12101,2,2,blocks.0.hook_mlp_out,1,0.5617210263490026,300.0,0.0,0.02897425251777963,0.0,0.0
transformer_add113_f0.3_wd0.1_softmax_ce_s1,transformer,12000,at,12101,2,2,blocks.0.hook_mlp_out,2,0.5635102849085046,300.0,0.0,0.027659441775772658,0.0,0.004806482128820228
transformer_add113_f0.3_wd0.1_softmax_ce_s1,transformer,12000,at,12101,2,3,blocks.1.hook_attn_out,0,0.7352222522583598,300.0,0.0,0.036711158588712864,0.0,0.0
transformer_add113_f0.3_wd0.1_softmax_ce_s1,transformer,12000,at,12101,2,3,blocks.1.hook_attn_out,1,0.7228305336028654,300.0,0.0,0.03649427391050637,0.0,0.0
transformer_add113_f0.3_wd0.1_softmax_ce_s1,transformer,12000,at,12101,2,3,blocks.1.hook_attn_out,2,0.7352222522583598,300.0,0.0,0.035359545406136464,0.0,0.0
transformer_add113_f0.3_wd0.1_softmax_ce_s1,transformer,12000,at,12101,2,4,blocks.1.hook_mlp_out,0,1.1184479971620234,300.0,0.0,0.02467998167458287,0.0,0.0
transformer_add113_f0.3_wd0.1_softmax_ce_s1,transformer,12000,at,12101,2,4,blocks.1.hook_mlp_out,1,1.1184479971620234,300.0,0.0,0.027875296903330734,0.0,0.0
transformer_add113_f0.3_wd0.1_softmax_ce_s1,transformer,12000,at,12101,2,4,blocks.1.hook_mlp_out,2,1.1184479971620234,300.0,0.0,0.02536305548431485,0.0,0.0
transformer_add113_f0.3_wd0.1_softmax_ce_s1,transformer,12000,at,12101,2,5,hook_resid_final,0,23.564000600580417,300.0,0.0,0.030872655491893476,0.0,0.0
transformer_add113_f0.3_wd0.1_softmax_ce_s1,transformer,12000,at,12101,2,5,hook_resid_final,1,23.5871196033639,300.0,0.0,0.029005782251205564,0.0,0.0
transformer_add113_f0.3_wd0.1_softmax_ce_s1,transformer,12000,at,12101,2,5,hook_resid_final,2,23.319386171861634,300.0,0.0,0.03599792033475944,0.0,0.0
transformer_add113_f0.3_wd0.1_softmax_ce_s1,transformer,12000,at,12101,2,6,logits,0,122.83818168633528,300.0,0.0,0.027847659548759243,0.0,0.0
transformer_add113_f0.3_wd0.1_softmax_ce_s1,transformer,12000,at,12101,2,6,logits,1,122.64898362380151,300.0,0.0,0.026588119869390005,0.0,0.0
transformer_add113_f0.3_wd0.1_softmax_ce_s1,transformer,12000,at,12101,2,6,logits,2,121.30627475604241,300.0,0.0,0.030100830702539737,0.0,0.0
transformer_add113_f0.3_wd0.1_softmax_ce_s1,transformer,12000,after,60000,8,0,operands,0,1.5162169530303906,300.0,0.0,0.08409790339857334,0.0,0.05586286752332253
transformer_add113_f0.3_wd0.1_softmax_ce_s1,transformer,12000,after,60000,8,0,operands,1,1.4411102577992714,300.0,0.0,0.08495956887570805,0.0,0.06770234580011077
transformer_add113_f0.3_wd0.1_softmax_ce_s1,transformer,12000,after,60000,8,0,operands,2,1.4574604899595016,300.0,0.0,0.08358552182755812,0.0,0.06344232730633596
transformer_add113_f0.3_wd0.1_softmax_ce_s1,transformer,12000,after,60000,8,1,blocks.0.hook_attn_out,0,2.1087539534430606,300.0,0.0,0.0915169484072648,0.0,0.055960904746009905
transformer_add113_f0.3_wd0.1_softmax_ce_s1,transformer,12000,after,60000,8,1,blocks.0.hook_attn_out,1,2.1087539534430606,300.0,0.0,0.09188490658674758,0.0,0.05627682643690552
transformer_add113_f0.3_wd0.1_softmax_ce_s1,transformer,12000,after,60000,8,1,blocks.0.hook_attn_out,2,2.1270632493103823,300.0,0.0,0.08684544828343228,0.0,0.05389643679270867
transformer_add113_f0.3_wd0.1_softmax_ce_s1,transformer,12000,after,60000,8,2,blocks.0.hook_mlp_out,0,0.5043923052045727,300.0,0.0,0.0233788649643367,0.0,0.020786868286008387
transformer_add113_f0.3_wd0.1_softmax_ce_s1,transformer,12000,after,60000,8,2,blocks.0.hook_mlp_out,1,0.5043923052045727,300.0,0.0,0.027735150296603454,0.0,0.013696071806303875
transformer_add113_f0.3_wd0.1_softmax_ce_s1,transformer,12000,after,60000,8,2,blocks.0.hook_mlp_out,2,0.5043923052045727,300.0,0.0,0.029189180460784964,0.0,0.013953426526251988
transformer_add113_f0.3_wd0.1_softmax_ce_s1,transformer,12000,after,60000,8,3,blocks.1.hook_attn_out,0,2.3444823912592856,300.0,0.0,0.0782993290726351,0.0,0.05014045460632996
transformer_add113_f0.3_wd0.1_softmax_ce_s1,transformer,12000,after,60000,8,3,blocks.1.hook_attn_out,1,2.3444823912592856,300.0,0.0,0.09270960062783414,0.0,0.05771494111248486
transformer_add113_f0.3_wd0.1_softmax_ce_s1,transformer,12000,after,60000,8,3,blocks.1.hook_attn_out,2,2.3693553685607442,300.0,0.0,0.07339358230345511,0.0,0.05046292102265622
transformer_add113_f0.3_wd0.1_softmax_ce_s1,transformer,12000,after,60000,8,4,blocks.1.hook_mlp_out,0,2.4062514264137156,300.0,1.0,0.08008870418046027,0.0,0.03674846799189551
transformer_add113_f0.3_wd0.1_softmax_ce_s1,transformer,12000,after,60000,8,4,blocks.1.hook_mlp_out,1,2.4626068793497224,300.0,0.0,0.0598582075568561,0.0,0.026167058190846283
transformer_add113_f0.3_wd0.1_softmax_ce_s1,transformer,12000,after,60000,8,4,blocks.1.hook_mlp_out,2,2.445905186103471,300.0,0.0,0.05926315525870193,0.0,0.02542321936017793
transformer_add113_f0.3_wd0.1_softmax_ce_s1,transformer,12000,after,60000,8,5,hook_resid_final,0,25.496627734549946,300.0,0.0,0.10602363540417371,0.0,0.0679863725932391
transformer_add113_f0.3_wd0.1_softmax_ce_s1,transformer,12000,after,60000,8,5,hook_resid_final,1,25.310091877773992,300.0,0.0,0.12965166570644154,0.0,0.060900041693974664
transformer_add113_f0.3_wd0.1_softmax_ce_s1,transformer,12000,after,60000,8,5,hook_resid_final,2,25.400494606491012,300.0,0.0,0.10748143296114697,0.0,0.060665008107712144
transformer_add113_f0.3_wd0.1_softmax_ce_s1,transformer,12000,after,60000,8,6,logits,0,90.02076646141326,300.0,0.0,0.10853320933706982,0.0,0.05662671132932119
transformer_add113_f0.3_wd0.1_softmax_ce_s1,transformer,12000,after,60000,8,6,logits,1,89.66439224691565,300.0,0.0,0.11658085713775007,1.0,0.056453222346404
transformer_add113_f0.3_wd0.1_softmax_ce_s1,transformer,12000,after,60000,8,6,logits,2,89.4836230111162,300.0,0.0,0.11107136150870289,1.0,0.05274863031884978
transformer_add113_f0.3_wd0.1_softmax_ce_s1,transformer,12000,after,60000,4,0,operands,0,1.4227106826461005,300.0,0.0,0.09562131224627739,0.0,0.05666797724672723
transformer_add113_f0.3_wd0.1_softmax_ce_s1,transformer,12000,after,60000,4,0,operands,1,1.3975650233205752,300.0,0.0,0.09618645999003489,0.0,0.06092693102738258
transformer_add113_f0.3_wd0.1_softmax_ce_s1,transformer,12000,after,60000,4,0,operands,2,1.3897952484447607,300.0,0.0,0.09437671664905264,0.0,0.0637530852614758
transformer_add113_f0.3_wd0.1_softmax_ce_s1,transformer,12000,after,60000,4,1,blocks.0.hook_attn_out,0,2.077893138401472,300.0,0.0,0.055107801305809986,0.0,0.03836362836485145
transformer_add113_f0.3_wd0.1_softmax_ce_s1,transformer,12000,after,60000,4,1,blocks.0.hook_attn_out,1,2.051014907231817,300.0,0.0,0.06018631889814315,0.0,0.0419672352670431
transformer_add113_f0.3_wd0.1_softmax_ce_s1,transformer,12000,after,60000,4,1,blocks.0.hook_attn_out,2,2.077893138401472,300.0,0.0,0.06094176967890078,1.0,0.053901046369901714
transformer_add113_f0.3_wd0.1_softmax_ce_s1,transformer,12000,after,60000,4,2,blocks.0.hook_mlp_out,0,0.5043561355216708,300.0,0.0,0.023792767052537935,0.0,0.01849306595030983
transformer_add113_f0.3_wd0.1_softmax_ce_s1,transformer,12000,after,60000,4,2,blocks.0.hook_mlp_out,1,0.5043561355216708,300.0,0.0,0.02733036117242751,0.0,0.01736145123350694
transformer_add113_f0.3_wd0.1_softmax_ce_s1,transformer,12000,after,60000,4,2,blocks.0.hook_mlp_out,2,0.5043561355216708,300.0,0.0,0.02566275361365448,0.0,0.01774959760746091
transformer_add113_f0.3_wd0.1_softmax_ce_s1,transformer,12000,after,60000,4,3,blocks.1.hook_attn_out,0,2.133052215894142,300.0,0.0,0.06315656107618194,1.0,0.058108215957792586
transformer_add113_f0.3_wd0.1_softmax_ce_s1,transformer,12000,after,60000,4,3,blocks.1.hook_attn_out,1,2.133052215894142,300.0,0.0,0.06424005086683134,0.0,0.04789994788676551
transformer_add113_f0.3_wd0.1_softmax_ce_s1,transformer,12000,after,60000,4,3,blocks.1.hook_attn_out,2,2.124610788385028,300.0,0.0,0.06110728554697357,0.0,0.04565411781551341
transformer_add113_f0.3_wd0.1_softmax_ce_s1,transformer,12000,after,60000,4,4,blocks.1.hook_mlp_out,0,2.370423805125277,300.0,0.0,0.06414523381372336,0.0,0.03153116654968361
transformer_add113_f0.3_wd0.1_softmax_ce_s1,transformer,12000,after,60000,4,4,blocks.1.hook_mlp_out,1,2.3238391674629892,300.0,0.0,0.07616197666780901,0.0,0.025269758115271438
transformer_add113_f0.3_wd0.1_softmax_ce_s1,transformer,12000,after,60000,4,4,blocks.1.hook_mlp_out,2,2.370423805125277,300.0,0.0,0.05980050519182347,0.0,0.01305653989753599
transformer_add113_f0.3_wd0.1_softmax_ce_s1,transformer,12000,after,60000,4,5,hook_resid_final,0,24.62433777205644,300.0,0.0,0.13505880614688592,0.0,0.055035284838205335
transformer_add113_f0.3_wd0.1_softmax_ce_s1,transformer,12000,after,60000,4,5,hook_resid_final,1,24.164574785614324,300.0,0.0,0.11392996511603151,0.0,0.03209366886571016
transformer_add113_f0.3_wd0.1_softmax_ce_s1,transformer,12000,after,60000,4,5,hook_resid_final,2,24.24627109635382,300.0,0.0,0.13694773884338673,0.0,0.048256124253480734
transformer_add113_f0.3_wd0.1_softmax_ce_s1,transformer,12000,after,60000,4,6,logits,0,80.82608126433718,300.0,0.0,0.11391123608927999,0.0,0.047477655743051746
transformer_add113_f0.3_wd0.1_softmax_ce_s1,transformer,12000,after,60000,4,6,logits,1,81.80227546703924,300.0,0.0,0.10243761608052791,0.0,0.04036184857263792
transformer_add113_f0.3_wd0.1_softmax_ce_s1,transformer,12000,after,60000,4,6,logits,2,81.94539493864372,300.0,0.0,0.09254822015732027,1.0,0.05166819496397586
transformer_add113_f0.3_wd0.1_softmax_ce_s1,transformer,12000,after,60000,2,0,operands,0,1.217226684926234,300.0,0.0,0.0590101570598664,0.0,0.039349808448632596
transformer_add113_f0.3_wd0.1_softmax_ce_s1,transformer,12000,after,60000,2,0,operands,1,1.22743911237029,300.0,0.0,0.0588377772064841,1.0,0.052503698655705644
transformer_add113_f0.3_wd0.1_softmax_ce_s1,transformer,12000,after,60000,2,0,operands,2,1.23756726954789,300.0,0.0,0.058236291903164684,0.0,0.04244978217678244
transformer_add113_f0.3_wd0.1_softmax_ce_s1,transformer,12000,after,60000,2,1,blocks.0.hook_attn_out,0,1.7762330155586392,300.0,0.0,0.03244565610204293,0.0,0.0
transformer_add113_f0.3_wd0.1_softmax_ce_s1,transformer,12000,after,60000,2,1,blocks.0.hook_attn_out,1,1.7756460418656548,300.0,0.0,0.030343272008731863,0.0,0.0
transformer_add113_f0.3_wd0.1_softmax_ce_s1,transformer,12000,after,60000,2,1,blocks.0.hook_attn_out,2,1.7762330155586392,300.0,0.0,0.03402585703831039,0.0,0.0
transformer_add113_f0.3_wd0.1_softmax_ce_s1,transformer,12000,after,60000,2,2,blocks.0.hook_mlp_out,0,0.5030266223758109,300.0,0.0,0.023464276521172413,0.0,0.0
transformer_add113_f0.3_wd0.1_softmax_ce_s1,transformer,12000,after,60000,2,2,blocks.0.hook_mlp_out,1,0.5030266223758109,300.0,0.0,0.016458639005969555,0.0,0.0
transformer_add113_f0.3_wd0.1_softmax_ce_s1,transformer,12000,after,60000,2,2,blocks.0.hook_mlp_out,2,0.5030266223758109,300.0,0.0,0.020202287256781686,0.0,0.0
transformer_add113_f0.3_wd0.1_softmax_ce_s1,transformer,12000,after,60000,2,3,blocks.1.hook_attn_out,0,2.0059837797666678,300.0,0.0,0.04450189034209528,0.0,0.0
transformer_add113_f0.3_wd0.1_softmax_ce_s1,transformer,12000,after,60000,2,3,blocks.1.hook_attn_out,1,2.0059837797666678,300.0,0.0,0.028595492695456776,0.0,0.0
transformer_add113_f0.3_wd0.1_softmax_ce_s1,transformer,12000,after,60000,2,3,blocks.1.hook_attn_out,2,2.0059837797666678,300.0,0.0,0.036268560794166405,0.0,0.0
transformer_add113_f0.3_wd0.1_softmax_ce_s1,transformer,12000,after,60000,2,4,blocks.1.hook_mlp_out,0,2.2040157653928683,300.0,1.0,0.0802434737650219,0.0,0.0
transformer_add113_f0.3_wd0.1_softmax_ce_s1,transformer,12000,after,60000,2,4,blocks.1.hook_mlp_out,1,2.2040157653928683,300.0,1.0,0.08065204594350879,0.0,0.0
transformer_add113_f0.3_wd0.1_softmax_ce_s1,transformer,12000,after,60000,2,4,blocks.1.hook_mlp_out,2,2.2040157653928683,300.0,1.0,0.07636733017488304,0.0,0.0
transformer_add113_f0.3_wd0.1_softmax_ce_s1,transformer,12000,after,60000,2,5,hook_resid_final,0,20.835473380637218,300.0,0.0,0.05731182939726359,0.0,0.0
transformer_add113_f0.3_wd0.1_softmax_ce_s1,transformer,12000,after,60000,2,5,hook_resid_final,1,20.835473380637218,300.0,1.0,0.067217515811638,0.0,0.0
transformer_add113_f0.3_wd0.1_softmax_ce_s1,transformer,12000,after,60000,2,5,hook_resid_final,2,20.73586044324526,300.0,1.0,0.06415069241430742,0.0,0.0
transformer_add113_f0.3_wd0.1_softmax_ce_s1,transformer,12000,after,60000,2,6,logits,0,78.34585754888315,300.0,1.0,0.05752414815587479,0.0,0.0
transformer_add113_f0.3_wd0.1_softmax_ce_s1,transformer,12000,after,60000,2,6,logits,1,78.34585754888315,300.0,1.0,0.05889312963971895,0.0,0.0
transformer_add113_f0.3_wd0.1_softmax_ce_s1,transformer,12000,after,60000,2,6,logits,2,78.34417421217354,300.0,0.0,0.06551537113973345,0.0,0.0
transformer_add113_f0.3_wd0.1_softmax_ce_s2,transformer,14000,init,0,8,0,operands,0,19.841569279956776,300.0,0.0,0.12974736668897582,0.0,0.05789676646707236
transformer_add113_f0.3_wd0.1_softmax_ce_s2,transformer,14000,init,0,8,0,operands,1,19.841569279956776,300.0,0.0,0.13622032770148804,0.0,0.05872933904617156
transformer_add113_f0.3_wd0.1_softmax_ce_s2,transformer,14000,init,0,8,0,operands,2,19.841569279956776,300.0,0.0,0.12699646940772225,0.0,0.056890536993371765
transformer_add113_f0.3_wd0.1_softmax_ce_s2,transformer,14000,init,0,8,1,blocks.0.hook_attn_out,0,4.275373027467542,300.0,0.0,0.05930265993351179,0.0,0.040004875715575434
transformer_add113_f0.3_wd0.1_softmax_ce_s2,transformer,14000,init,0,8,1,blocks.0.hook_attn_out,1,4.275373027467542,300.0,0.0,0.05723741023225543,0.0,0.0444570866445445
transformer_add113_f0.3_wd0.1_softmax_ce_s2,transformer,14000,init,0,8,1,blocks.0.hook_attn_out,2,4.275373027467542,300.0,0.0,0.06163226628083615,0.0,0.04299117731953874
transformer_add113_f0.3_wd0.1_softmax_ce_s2,transformer,14000,init,0,8,2,blocks.0.hook_mlp_out,0,1.0031471688720435,300.0,0.0,0.062435142919668084,0.0,0.045358629890758
transformer_add113_f0.3_wd0.1_softmax_ce_s2,transformer,14000,init,0,8,2,blocks.0.hook_mlp_out,1,1.0031471688720435,300.0,0.0,0.0670085340948449,0.0,0.038305873979076054
transformer_add113_f0.3_wd0.1_softmax_ce_s2,transformer,14000,init,0,8,2,blocks.0.hook_mlp_out,2,1.0031471688720435,300.0,0.0,0.05759771457383518,0.0,0.0394764610506025
transformer_add113_f0.3_wd0.1_softmax_ce_s2,transformer,14000,init,0,8,3,blocks.1.hook_attn_out,0,4.5579072539542125,300.0,0.0,0.05991413944310786,0.0,0.03724272848544607
transformer_add113_f0.3_wd0.1_softmax_ce_s2,transformer,14000,init,0,8,3,blocks.1.hook_attn_out,1,4.5579072539542125,300.0,0.0,0.06281615223180839,0.0,0.047513897932069095
transformer_add113_f0.3_wd0.1_softmax_ce_s2,transformer,14000,init,0,8,3,blocks.1.hook_attn_out,2,4.5579072539542125,300.0,0.0,0.06321704674071907,0.0,0.04283045724730098
transformer_add113_f0.3_wd0.1_softmax_ce_s2,transformer,14000,init,0,8,4,blocks.1.hook_mlp_out,0,1.2384605909389401,300.0,0.0,0.06506300655880876,0.0,0.04558107652911188
transformer_add113_f0.3_wd0.1_softmax_ce_s2,transformer,14000,init,0,8,4,blocks.1.hook_mlp_out,1,1.2384605909389401,300.0,0.0,0.0635964979397707,0.0,0.04808180797360723
transformer_add113_f0.3_wd0.1_softmax_ce_s2,transformer,14000,init,0,8,4,blocks.1.hook_mlp_out,2,1.2384605909389401,300.0,0.0,0.07005705773412639,0.0,0.04936530983133479
transformer_add113_f0.3_wd0.1_softmax_ce_s2,transformer,14000,init,0,8,5,hook_resid_final,0,5.084793163869258,300.0,0.0,0.0751051652515968,1.0,0.05334100072062443
transformer_add113_f0.3_wd0.1_softmax_ce_s2,transformer,14000,init,0,8,5,hook_resid_final,1,5.084793163869258,300.0,0.0,0.06197972375001052,1.0,0.0598246087652317
transformer_add113_f0.3_wd0.1_softmax_ce_s2,transformer,14000,init,0,8,5,hook_resid_final,2,5.084793163869258,300.0,0.0,0.06926815031311083,0.0,0.049330552696243465
transformer_add113_f0.3_wd0.1_softmax_ce_s2,transformer,14000,init,0,8,6,logits,0,2.9986330631544726,300.0,0.0,0.06740742685649544,0.0,0.04933530938870978
transformer_add113_f0.3_wd0.1_softmax_ce_s2,transformer,14000,init,0,8,6,logits,1,2.843113325072281,300.0,0.0,0.07380651901859726,1.0,0.0502464527959608
transformer_add113_f0.3_wd0.1_softmax_ce_s2,transformer,14000,init,0,8,6,logits,2,2.9986330631544726,300.0,0.0,0.07389002142403273,0.0,0.04611855059712257
transformer_add113_f0.3_wd0.1_softmax_ce_s2,transformer,14000,init,0,4,0,operands,0,17.752693079358313,300.0,0.0,0.09895988503796405,0.0,0.049889073886334685
transformer_add113_f0.3_wd0.1_softmax_ce_s2,transformer,14000,init,0,4,0,operands,1,17.752693079358313,300.0,0.0,0.10528081961961679,0.0,0.07075531082112001
transformer_add113_f0.3_wd0.1_softmax_ce_s2,transformer,14000,init,0,4,0,operands,2,17.752693079358313,300.0,0.0,0.08915862097482585,0.0,0.05880366282029229
transformer_add113_f0.3_wd0.1_softmax_ce_s2,transformer,14000,init,0,4,1,blocks.0.hook_attn_out,0,4.2144811144917345,300.0,1.0,0.05138349302083391,0.0,0.0310094041325025
transformer_add113_f0.3_wd0.1_softmax_ce_s2,transformer,14000,init,0,4,1,blocks.0.hook_attn_out,1,4.2144811144917345,300.0,0.0,0.0484082256997356,0.0,0.03574825273259725
transformer_add113_f0.3_wd0.1_softmax_ce_s2,transformer,14000,init,0,4,1,blocks.0.hook_attn_out,2,4.2144811144917345,300.0,0.0,0.046821146805395494,0.0,0.0363397620063045
transformer_add113_f0.3_wd0.1_softmax_ce_s2,transformer,14000,init,0,4,2,blocks.0.hook_mlp_out,0,0.8941291825001944,300.0,0.0,0.057193201452005786,0.0,0.029067531879986737
transformer_add113_f0.3_wd0.1_softmax_ce_s2,transformer,14000,init,0,4,2,blocks.0.hook_mlp_out,1,0.8941291825001944,300.0,0.0,0.04961623912144347,0.0,0.03684146443319364
transformer_add113_f0.3_wd0.1_softmax_ce_s2,transformer,14000,init,0,4,2,blocks.0.hook_mlp_out,2,0.8941291825001944,300.0,1.0,0.050301285190224,0.0,0.03417225876694227
transformer_add113_f0.3_wd0.1_softmax_ce_s2,transformer,14000,init,0,4,3,blocks.1.hook_attn_out,0,4.24603638087762,300.0,0.0,0.05605554032354808,0.0,0.04297863756458904
transformer_add113_f0.3_wd0.1_softmax_ce_s2,transformer,14000,init,0,4,3,blocks.1.hook_attn_out,1,4.16176105066403,300.0,0.0,0.0596061048914044,0.0,0.03616562639714381
transformer_add113_f0.3_wd0.1_softmax_ce_s2,transformer,14000,init,0,4,3,blocks.1.hook_attn_out,2,4.24603638087762,300.0,1.0,0.051634067475576584,0.0,0.04196348623169202
transformer_add113_f0.3_wd0.1_softmax_ce_s2,transformer,14000,init,0,4,4,blocks.1.hook_mlp_out,0,1.190683294907289,300.0,0.0,0.0544277585759658,0.0,0.03786308403264751
transformer_add113_f0.3_wd0.1_softmax_ce_s2,transformer,14000,init,0,4,4,blocks.1.hook_mlp_out,1,1.190683294907289,300.0,0.0,0.05347914938478671,0.0,0.040234775960371366
transformer_add113_f0.3_wd0.1_softmax_ce_s2,transformer,14000,init,0,4,4,blocks.1.hook_mlp_out,2,1.190683294907289,300.0,0.0,0.05343800072820025,0.0,0.04103537263286189
transformer_add113_f0.3_wd0.1_softmax_ce_s2,transformer,14000,init,0,4,5,hook_resid_final,0,4.73446340143161,300.0,1.0,0.05603009592300161,0.0,0.04281845967335764
transformer_add113_f0.3_wd0.1_softmax_ce_s2,transformer,14000,init,0,4,5,hook_resid_final,1,4.73446340143161,300.0,0.0,0.05254010337352518,0.0,0.038104173598089104
transformer_add113_f0.3_wd0.1_softmax_ce_s2,transformer,14000,init,0,4,5,hook_resid_final,2,4.732289325819122,300.0,1.0,0.055228917081792256,0.0,0.035420640400118115
transformer_add113_f0.3_wd0.1_softmax_ce_s2,transformer,14000,init,0,4,6,logits,0,2.691574186799236,300.0,0.0,0.05650975780917342,0.0,0.040749674434249136
transformer_add113_f0.3_wd0.1_softmax_ce_s2,transformer,14000,init,0,4,6,logits,1,2.691574186799236,300.0,0.0,0.0698900393632144,0.0,0.041566887727842936
transformer_add113_f0.3_wd0.1_softmax_ce_s2,transformer,14000,init,0,4,6,logits,2,2.691574186799236,300.0,0.0,0.061724704911983216,0.0,0.03640814438459581
transformer_add113_f0.3_wd0.1_softmax_ce_s2,transformer,14000,init,0,2,0,operands,0,15.755977972913206,300.0,0.0,0.06441173820531439,0.0,0.04385745855108862
transformer_add113_f0.3_wd0.1_softmax_ce_s2,transformer,14000,init,0,2,0,operands,1,15.755977972913206,300.0,0.0,0.06713801519141054,0.0,0.04860120199425666
transformer_add113_f0.3_wd0.1_softmax_ce_s2,transformer,14000,init,0,2,0,operands,2,15.755977972913206,300.0,0.0,0.06620199852060539,0.0,0.04338873144833776
transformer_add113_f0.3_wd0.1_softmax_ce_s2,transformer,14000,init,0,2,1,blocks.0.hook_attn_out,0,3.5533163211164958,300.0,0.0,0.03212468517237682,0.0,0.0
transformer_add113_f0.3_wd0.1_softmax_ce_s2,transformer,14000,init,0,2,1,blocks.0.hook_attn_out,1,3.5533163211164958,300.0,0.0,0.02294689443917217,0.0,0.0
transformer_add113_f0.3_wd0.1_softmax_ce_s2,transformer,14000,init,0,2,1,blocks.0.hook_attn_out,2,3.5533163211164958,300.0,0.0,0.025228791748081427,0.0,0.0
transformer_add113_f0.3_wd0.1_softmax_ce_s2,transformer,14000,init,0,2,2,blocks.0.hook_mlp_out,0,0.8642050103368932,300.0,0.0,0.025693616190830635,0.0,0.0
transformer_add113_f0.3_wd0.1_softmax_ce_s2,transformer,14000,init,0,2,2,blocks.0.hook_mlp_out,1,0.8642050103368932,300.0,0.0,0.029828233382948512,0.0,0.0
transformer_add113_f0.3_wd0.1_softmax_ce_s2,transformer,14000,init,0,2,2,blocks.0.hook_mlp_out,2,0.8642050103368932,300.0,0.0,0.030974066030932505,0.0,0.0
transformer_add113_f0.3_wd0.1_softmax_ce_s2,transformer,14000,init,0,2,3,blocks.1.hook_attn_out,0,4.148170639013472,300.0,1.0,0.05795028678076076,0.0,0.0
transformer_add113_f0.3_wd0.1_softmax_ce_s2,transformer,14000,init,0,2,3,blocks.1.hook_attn_out,1,4.148170639013472,300.0,1.0,0.05159606509879922,0.0,0.0012921088699612724
transformer_add113_f0.3_wd0.1_softmax_ce_s2,transformer,14000,init,0,2,3,blocks.1.hook_attn_out,2,4.148170639013472,300.0,0.0,0.028250598844837896,0.0,0.0
transformer_add113_f0.3_wd0.1_softmax_ce_s2,transformer,14000,init,0,2,4,blocks.1.hook_mlp_out,0,1.1175065586424682,300.0,0.0,0.025717176457161265,0.0,0.0
transformer_add113_f0.3_wd0.1_softmax_ce_s2,transformer,14000,init,0,2,4,blocks.1.hook_mlp_out,1,1.1175065586424682,300.0,0.0,0.025759526175456567,0.0,0.0
transformer_add113_f0.3_wd0.1_softmax_ce_s2,transformer,14000,init,0,2,4,blocks.1.hook_mlp_out,2,1.1175065586424682,300.0,0.0,0.027504115220083825,0.0,0.0
transformer_add113_f0.3_wd0.1_softmax_ce_s2,transformer,14000,init,0,2,5,hook_resid_final,0,3.8202342742428774,300.0,1.0,0.060084919936529216,0.0,0.0
transformer_add113_f0.3_wd0.1_softmax_ce_s2,transformer,14000,init,0,2,5,hook_resid_final,1,3.849738304033734,300.0,1.0,0.05565586583544441,0.0,0.0
transformer_add113_f0.3_wd0.1_softmax_ce_s2,transformer,14000,init,0,2,5,hook_resid_final,2,3.849738304033734,300.0,0.0,0.03533284586607653,0.0,0.0
transformer_add113_f0.3_wd0.1_softmax_ce_s2,transformer,14000,init,0,2,6,logits,0,2.5630437957885546,300.0,0.0,0.027165262548008256,0.0,0.0
transformer_add113_f0.3_wd0.1_softmax_ce_s2,transformer,14000,init,0,2,6,logits,1,2.5630437957885546,300.0,0.0,0.026945536675003257,0.0,0.0
transformer_add113_f0.3_wd0.1_softmax_ce_s2,transformer,14000,init,0,2,6,logits,2,2.5630437957885546,300.0,0.0,0.024885144777592422,0.0,0.0
transformer_add113_f0.3_wd0.1_softmax_ce_s2,transformer,14000,before,12605,8,0,operands,0,1.0320899937302714,300.0,0.0,0.12652275464944945,0.0,0.060792880246530276
transformer_add113_f0.3_wd0.1_softmax_ce_s2,transformer,14000,before,12605,8,0,operands,1,1.0320899937302714,300.0,0.0,0.14395016441464015,0.0,0.04861065499784839
transformer_add113_f0.3_wd0.1_softmax_ce_s2,transformer,14000,before,12605,8,0,operands,2,1.0207215672881582,300.0,0.0,0.1261161969666695,1.0,0.053699280841649835
transformer_add113_f0.3_wd0.1_softmax_ce_s2,transformer,14000,before,12605,8,1,blocks.0.hook_attn_out,0,1.3435076287408503,300.0,0.0,0.06788573352788378,1.0,0.05337349352439865
transformer_add113_f0.3_wd0.1_softmax_ce_s2,transformer,14000,before,12605,8,1,blocks.0.hook_attn_out,1,1.3781002186489812,300.0,0.0,0.06710331019411245,0.0,0.04634077659215991
transformer_add113_f0.3_wd0.1_softmax_ce_s2,transformer,14000,before,12605,8,1,blocks.0.hook_attn_out,2,1.3859728468518218,300.0,0.0,0.06901753160467608,0.0,0.04225069428430272
transformer_add113_f0.3_wd0.1_softmax_ce_s2,transformer,14000,before,12605,8,2,blocks.0.hook_mlp_out,0,1.008612685370972,300.0,0.0,0.03553919920311142,0.0,0.020355120216578558
transformer_add113_f0.3_wd0.1_softmax_ce_s2,transformer,14000,before,12605,8,2,blocks.0.hook_mlp_out,1,0.9927299680807381,300.0,0.0,0.031979497850010544,0.0,0.020630467930736245
transformer_add113_f0.3_wd0.1_softmax_ce_s2,transformer,14000,before,12605,8,2,blocks.0.hook_mlp_out,2,0.9817664630497196,300.0,0.0,0.034505684040457556,0.0,0.021617727610796642
transformer_add113_f0.3_wd0.1_softmax_ce_s2,transformer,14000,before,12605,8,3,blocks.1.hook_attn_out,0,1.0781569228974597,300.0,0.0,0.06817834191941957,0.0,0.049910656969529406
transformer_add113_f0.3_wd0.1_softmax_ce_s2,transformer,14000,before,12605,8,3,blocks.1.hook_attn_out,1,1.07313196704238,300.0,0.0,0.07682382721637904,0.0,0.04967536179589908
transformer_add113_f0.3_wd0.1_softmax_ce_s2,transformer,14000,before,12605,8,3,blocks.1.hook_attn_out,2,1.0789254973850169,300.0,0.0,0.07097527842141081,1.0,0.06542984061587657
transformer_add113_f0.3_wd0.1_softmax_ce_s2,transformer,14000,before,12605,8,4,blocks.1.hook_mlp_out,0,1.7793214009725047,300.0,0.0,0.0823029982855509,0.0,0.04988242104771508
transformer_add113_f0.3_wd0.1_softmax_ce_s2,transformer,14000,before,12605,8,4,blocks.1.hook_mlp_out,1,1.7672589112773158,300.0,0.0,0.07014086444099499,0.0,0.04308848550335528
transformer_add113_f0.3_wd0.1_softmax_ce_s2,transformer,14000,before,12605,8,4,blocks.1.hook_mlp_out,2,1.7541477729536252,300.0,0.0,0.07536003724137393,0.0,0.04799906992060353
transformer_add113_f0.3_wd0.1_softmax_ce_s2,transformer,14000,before,12605,8,5,hook_resid_final,0,24.72981420164178,300.0,0.0,0.0899582713614658,0.0,0.06842508446492807
transformer_add113_f0.3_wd0.1_softmax_ce_s2,transformer,14000,before,12605,8,5,hook_resid_final,1,24.432773318243857,300.0,0.0,0.08518818875076285,0.0,0.06615527548252097
transformer_add113_f0.3_wd0.1_softmax_ce_s2,transformer,14000,before,12605,8,5,hook_resid_final,2,23.933684172905718,300.0,0.0,0.08428214960913773,0.0,0.05888532478437068
transformer_add113_f0.3_wd0.1_softmax_ce_s2,transformer,14000,before,12605,8,6,logits,0,102.32353958715665,300.0,0.0,0.08525449075513196,0.0,0.05893152960663997
transformer_add113_f0.3_wd0.1_softmax_ce_s2,transformer,14000,before,12605,8,6,logits,1,97.80166952682258,300.0,0.0,0.08598381731422089,0.0,0.06418750458408391
transformer_add113_f0.3_wd0.1_softmax_ce_s2,transformer,14000,before,12605,8,6,logits,2,97.48583054572335,300.0,0.0,0.08699859818086814,0.0,0.06322224289585637
transformer_add113_f0.3_wd0.1_softmax_ce_s2,transformer,14000,before,12605,4,0,operands,0,0.9428561448506292,300.0,0.0,0.09267913448618517,0.0,0.06623323454060981
transformer_add113_f0.3_wd0.1_softmax_ce_s2,transformer,14000,before,12605,4,0,operands,1,0.9428561448506292,300.0,0.0,0.08693737685334153,0.0,0.05274282876105806
transformer_add113_f0.3_wd0.1_softmax_ce_s2,transformer,14000,before,12605,4,0,operands,2,0.9428561448506292,300.0,0.0,0.10409548156781837,0.0,0.0520956751609059
transformer_add113_f0.3_wd0.1_softmax_ce_s2,transformer,14000,before,12605,4,1,blocks.0.hook_attn_out,0,1.364934237884924,300.0,0.0,0.05435939127707077,0.0,0.039760375102752835
transformer_add113_f0.3_wd0.1_softmax_ce_s2,transformer,14000,before,12605,4,1,blocks.0.hook_attn_out,1,1.3411814514459357,300.0,0.0,0.05420364569702313,0.0,0.04134816104029367
transformer_add113_f0.3_wd0.1_softmax_ce_s2,transformer,14000,before,12605,4,1,blocks.0.hook_attn_out,2,1.3499908255595354,300.0,0.0,0.054922289482972786,0.0,0.03717379313259556
transformer_add113_f0.3_wd0.1_softmax_ce_s2,transformer,14000,before,12605,4,2,blocks.0.hook_mlp_out,0,0.9824421638613627,300.0,0.0,0.033914096958766585,0.0,0.020021430856568847
transformer_add113_f0.3_wd0.1_softmax_ce_s2,transformer,14000,before,12605,4,2,blocks.0.hook_mlp_out,1,1.0081398632135117,300.0,0.0,0.034664951688180165,0.0,0.019581924929546503
transformer_add113_f0.3_wd0.1_softmax_ce_s2,transformer,14000,before,12605,4,2,blocks.0.hook_mlp_out,2,0.9869099287087706,300.0,0.0,0.029618171957580236,0.0,0.022247055836512656
transformer_add113_f0.3_wd0.1_softmax_ce_s2,transformer,14000,before,12605,4,3,blocks.1.hook_attn_out,0,0.9704574760393954,300.0,0.0,0.06574388657707139,0.0,0.041335267787977754
transformer_add113_f0.3_wd0.1_softmax_ce_s2,transformer,14000,before,12605,4,3,blocks.1.hook_attn_out,1,1.0022923250567934,300.0,0.0,0.07152439684828299,0.0,0.035856559787321635
transformer_add113_f0.3_wd0.1_softmax_ce_s2,transformer,14000,before,12605,4,3,blocks.1.hook_attn_out,2,0.9682463260821398,300.0,0.0,0.05838948868473594,0.0,0.04861184286525126
transformer_add113_f0.3_wd0.1_softmax_ce_s2,transformer,14000,before,12605,4,4,blocks.1.hook_mlp_out,0,1.6176988608813123,300.0,0.0,0.057077170951671655,0.0,0.04192838023969109
transformer_add113_f0.3_wd0.1_softmax_ce_s2,transformer,14000,before,12605,4,4,blocks.1.hook_mlp_out,1,1.6176988608813123,300.0,0.0,0.06047800391691993,0.0,0.04247656502637329
transformer_add113_f0.3_wd0.1_softmax_ce_s2,transformer,14000,before,12605,4,4,blocks.1.hook_mlp_out,2,1.6176988608813123,300.0,0.0,0.07389993701792962,1.0,0.05087691288383274
transformer_add113_f0.3_wd0.1_softmax_ce_s2,transformer,14000,before,12605,4,5,hook_resid_final,0,23.412793359249022,300.0,0.0,0.06116213030999503,0.0,0.04569666967974478
transformer_add113_f0.3_wd0.1_softmax_ce_s2,transformer,14000,before,12605,4,5,hook_resid_final,1,23.306258466799864,300.0,0.0,0.07742481278198583,1.0,0.05837092346772823
transformer_add113_f0.3_wd0.1_softmax_ce_s2,transformer,14000,before,12605,4,5,hook_resid_final,2,23.344924194046985,300.0,0.0,0.06378279918975681,0.0,0.044372757421882285
transformer_add113_f0.3_wd0.1_softmax_ce_s2,transformer,14000,before,12605,4,6,logits,0,97.44933269511404,300.0,0.0,0.06119495487092739,0.0,0.04476179590434472
transformer_add113_f0.3_wd0.1_softmax_ce_s2,transformer,14000,before,12605,4,6,logits,1,97.44933269511404,300.0,0.0,0.06286976327620854,0.0,0.05552072509322844
transformer_add113_f0.3_wd0.1_softmax_ce_s2,transformer,14000,before,12605,4,6,logits,2,97.44933269511404,300.0,0.0,0.06353526516057215,0.0,0.048070172991060894
transformer_add113_f0.3_wd0.1_softmax_ce_s2,transformer,14000,before,12605,2,0,operands,0,0.8131350955951514,300.0,0.0,0.056450038115264986,0.0,0.03636913900217188
transformer_add113_f0.3_wd0.1_softmax_ce_s2,transformer,14000,before,12605,2,0,operands,1,0.8266522335745673,300.0,0.0,0.06178752993898667,0.0,0.03435115309724629
transformer_add113_f0.3_wd0.1_softmax_ce_s2,transformer,14000,before,12605,2,0,operands,2,0.8266522335745673,300.0,0.0,0.06598286289066625,0.0,0.03793481274514205
transformer_add113_f0.3_wd0.1_softmax_ce_s2,transformer,14000,before,12605,2,1,blocks.0.hook_attn_out,0,1.2728903149867936,300.0,0.0,0.033588970153727984,0.0,0.0
transformer_add113_f0.3_wd0.1_softmax_ce_s2,transformer,14000,before,12605,2,1,blocks.0.hook_attn_out,1,1.2834434071622047,300.0,0.0,0.028468861431167686,0.0,0.00015080616852039018
transformer_add113_f0.3_wd0.1_softmax_ce_s2,transformer,14000,before,12605,2,1,blocks.0.hook_attn_out,2,1.2839328649957218,300.0,0.0,0.02725042046215833,0.0,0.0
transformer_add113_f0.3_wd0.1_softmax_ce_s2,transformer,14000,before,12605,2,2,blocks.0.hook_mlp_out,0,1.0065236259707264,300.0,0.0,0.028797128277012213,0.0,0.0019738726632649354
transformer_add113_f0.3_wd0.1_softmax_ce_s2,transformer,14000,before,12605,2,2,blocks.0.hook_mlp_out,1,1.0065236259707264,300.0,0.0,0.024088057339615953,0.0,0.0
transformer_add113_f0.3_wd0.1_softmax_ce_s2,transformer,14000,before,12605,2,2,blocks.0.hook_mlp_out,2,1.0060828907611108,300.0,0.0,0.02907155127609699,0.0,0.0
transformer_add113_f0.3_wd0.1_softmax_ce_s2,transformer,14000,before,12605,2,3,blocks.1.hook_attn_out,0,0.9985821416077166,300.0,0.0,0.02952457276981904,0.0,0.0
transformer_add113_f0.3_wd0.1_softmax_ce_s2,transformer,14000,before,12605,2,3,blocks.1.hook_attn_out,1,0.9985821416077166,300.0,0.0,0.02460070742094193,0.0,0.0
transformer_add113_f0.3_wd0.1_softmax_ce_s2,transformer,14000,before,12605,2,3,blocks.1.hook_attn_out,2,0.9985821416077166,300.0,0.0,0.024458661867057033,0.0,0.0
transformer_add113_f0.3_wd0.1_softmax_ce_s2,transformer,14000,before,12605,2,4,blocks.1.hook_mlp_out,0,1.5886484492555373,300.0,0.0,0.026246667282108924,0.0,0.0
transformer_add113_f0.3_wd0.1_softmax_ce_s2,transformer,14000,before,12605,2,4,blocks.1.hook_mlp_out,1,1.5886484492555373,300.0,0.0,0.02205553397593712,0.0,0.001405985703620644
transformer_add113_f0.3_wd0.1_softmax_ce_s2,transformer,14000,before,12605,2,4,blocks.1.hook_mlp_out,2,1.5886484492555373,300.0,0.0,0.024059360590646454,0.0,0.0
transformer_add113_f0.3_wd0.1_softmax_ce_s2,transformer,14000,before,12605,2,5,hook_resid_final,0,22.885877782735054,300.0,0.0,0.02949892491809693,0.0,0.0
transformer_add113_f0.3_wd0.1_softmax_ce_s2,transformer,14000,before,12605,2,5,hook_resid_final,1,22.885877782735054,300.0,0.0,0.028074724148997577,0.0,0.0
transformer_add113_f0.3_wd0.1_softmax_ce_s2,transformer,14000,before,12605,2,5,hook_resid_final,2,22.885877782735054,300.0,0.0,0.025847364342712814,0.0,0.0
transformer_add113_f0.3_wd0.1_softmax_ce_s2,transformer,14000,before,12605,2,6,logits,0,94.2365139958279,300.0,0.0,0.029039268060604227,0.0,0.0
transformer_add113_f0.3_wd0.1_softmax_ce_s2,transformer,14000,before,12605,2,6,logits,1,94.2365139958279,300.0,0.0,0.03354874381868924,0.0,0.0
transformer_add113_f0.3_wd0.1_softmax_ce_s2,transformer,14000,before,12605,2,6,logits,2,94.2365139958279,300.0,0.0,0.028168188334668033,0.0,0.0
transformer_add113_f0.3_wd0.1_softmax_ce_s2,transformer,14000,at,14118,8,0,operands,0,1.2002895646722735,300.0,0.0,0.10271658468665693,0.0,0.05774078220814765
transformer_add113_f0.3_wd0.1_softmax_ce_s2,transformer,14000,at,14118,8,0,operands,1,1.2090144013041841,300.0,0.0,0.09771909812929662,0.0,0.06941072941864349
transformer_add113_f0.3_wd0.1_softmax_ce_s2,transformer,14000,at,14118,8,0,operands,2,1.1832795913384866,300.0,0.0,0.11109055753195374,0.0,0.05980031180127929
transformer_add113_f0.3_wd0.1_softmax_ce_s2,transformer,14000,at,14118,8,1,blocks.0.hook_attn_out,0,2.170222828534099,300.0,0.0,0.07500589703554125,1.0,0.059829695711650276
transformer_add113_f0.3_wd0.1_softmax_ce_s2,transformer,14000,at,14118,8,1,blocks.0.hook_attn_out,1,2.170222828534099,300.0,0.0,0.06728195568056508,1.0,0.05403633459023777
transformer_add113_f0.3_wd0.1_softmax_ce_s2,transformer,14000,at,14118,8,1,blocks.0.hook_attn_out,2,2.0857035828569686,300.0,0.0,0.07647779758945926,0.0,0.04661274115451556
transformer_add113_f0.3_wd0.1_softmax_ce_s2,transformer,14000,at,14118,8,2,blocks.0.hook_mlp_out,0,1.3305493689457448,300.0,0.0,0.03210367135833315,0.0,0.02282869504912896
transformer_add113_f0.3_wd0.1_softmax_ce_s2,transformer,14000,at,14118,8,2,blocks.0.hook_mlp_out,1,1.3385464282962414,300.0,0.0,0.037454731619484795,0.0,0.02131479006048519
transformer_add113_f0.3_wd0.1_softmax_ce_s2,transformer,14000,at,14118,8,2,blocks.0.hook_mlp_out,2,1.332382602497671,300.0,0.0,0.03639852981239837,0.0,0.02618893144746252
transformer_add113_f0.3_wd0.1_softmax_ce_s2,transformer,14000,at,14118,8,3,blocks.1.hook_attn_out,0,1.9937999754108537,300.0,0.0,0.08916362298813643,0.0,0.0524966913851172
transformer_add113_f0.3_wd0.1_softmax_ce_s2,transformer,14000,at,14118,8,3,blocks.1.hook_attn_out,1,2.026553958847081,300.0,0.0,0.07910671353943326,0.0,0.05692658192451993
transformer_add113_f0.3_wd0.1_softmax_ce_s2,transformer,14000,at,14118,8,3,blocks.1.hook_attn_out,2,2.026553958847081,300.0,0.0,0.0736294087093431,0.0,0.04900277230958684
transformer_add113_f0.3_wd0.1_softmax_ce_s2,transformer,14000,at,14118,8,4,blocks.1.hook_mlp_out,0,4.984089854039605,300.0,0.0,0.08901843438961238,0.0,0.04441214613152074
transformer_add113_f0.3_wd0.1_softmax_ce_s2,transformer,14000,at,14118,8,4,blocks.1.hook_mlp_out,1,4.937620594231408,300.0,0.0,0.08507945705636938,0.0,0.047757998289324935
transformer_add113_f0.3_wd0.1_softmax_ce_s2,transformer,14000,at,14118,8,4,blocks.1.hook_mlp_out,2,4.931938666069566,300.0,0.0,0.07940343826185439,0.0,0.044790426236397264
transformer_add113_f0.3_wd0.1_softmax_ce_s2,transformer,14000,at,14118,8,5,hook_resid_final,0,27.509585435583105,300.0,0.0,0.13188557747756655,0.0,0.06537194487172918
transformer_add113_f0.3_wd0.1_softmax_ce_s2,transformer,14000,at,14118,8,5,hook_resid_final,1,27.092476582262996,300.0,0.0,0.133566018335402,0.0,0.07197942546232097
transformer_add113_f0.3_wd0.1_softmax_ce_s2,transformer,14000,at,14118,8,5,hook_resid_final,2,27.402427608947367,300.0,0.0,0.12864727257600655,0.0,0.07876335287884362
transformer_add113_f0.3_wd0.1_softmax_ce_s2,transformer,14000,at,14118,8,6,logits,0,127.95729766006028,300.0,0.0,0.13252629401776653,0.0,0.06642039181707694
transformer_add113_f0.3_wd0.1_softmax_ce_s2,transformer,14000,at,14118,8,6,logits,1,126.66472152489294,300.0,0.0,0.137532418766326,0.0,0.06822864503199208
transformer_add113_f0.3_wd0.1_softmax_ce_s2,transformer,14000,at,14118,8,6,logits,2,128.35632483148132,300.0,0.0,0.12489761446692199,0.0,0.06845247633967193
transformer_add113_f0.3_wd0.1_softmax_ce_s2,transformer,14000,at,14118,4,0,operands,0,1.052824273712419,300.0,0.0,0.08224484214469975,0.0,0.058893783283099715
transformer_add113_f0.3_wd0.1_softmax_ce_s2,transformer,14000,at,14118,4,0,operands,1,1.0646072845982504,300.0,0.0,0.09262862897102499,0.0,0.06356632864160897
transformer_add113_f0.3_wd0.1_softmax_ce_s2,transformer,14000,at,14118,4,0,operands,2,1.0504148488758671,300.0,0.0,0.09201512869528054,0.0,0.055275263312824174
transformer_add113_f0.3_wd0.1_softmax_ce_s2,transformer,14000,at,14118,4,1,blocks.0.hook_attn_out,0,2.0429820822947424,300.0,0.0,0.05433976723276547,0.0,0.0377863064652435
transformer_add113_f0.3_wd0.1_softmax_ce_s2,transformer,14000,at,14118,4,1,blocks.0.hook_attn_out,1,2.0537119892266276,300.0,0.0,0.060744025467040816,0.0,0.03823555998556723
transformer_add113_f0.3_wd0.1_softmax_ce_s2,transformer,14000,at,14118,4,1,blocks.0.hook_attn_out,2,2.0287045685548555,300.0,0.0,0.05703169170769907,0.0,0.0377735763003711
transformer_add113_f0.3_wd0.1_softmax_ce_s2,transformer,14000,at,14118,4,2,blocks.0.hook_mlp_out,0,1.3351001421175657,300.0,0.0,0.036601672249034406,0.0,0.024652127550520715
transformer_add113_f0.3_wd0.1_softmax_ce_s2,transformer,14000,at,14118,4,2,blocks.0.hook_mlp_out,1,1.3351001421175657,300.0,0.0,0.04095076614438247,0.0,0.023388827083385636
transformer_add113_f0.3_wd0.1_softmax_ce_s2,transformer,14000,at,14118,4,2,blocks.0.hook_mlp_out,2,1.3318327921892328,300.0,0.0,0.045146441785447765,0.0,0.028469993740069574
transformer_add113_f0.3_wd0.1_softmax_ce_s2,transformer,14000,at,14118,4,3,blocks.1.hook_attn_out,0,1.905188694187152,300.0,0.0,0.06324776428451083,0.0,0.04437756698383078
transformer_add113_f0.3_wd0.1_softmax_ce_s2,transformer,14000,at,14118,4,3,blocks.1.hook_attn_out,1,1.9066026672941152,300.0,0.0,0.060491470760775004,1.0,0.05242497219697789
transformer_add113_f0.3_wd0.1_softmax_ce_s2,transformer,14000,at,14118,4,3,blocks.1.hook_attn_out,2,1.9292342881086477,300.0,0.0,0.05983683095306581,0.0,0.0387595393174834
transformer_add113_f0.3_wd0.1_softmax_ce_s2,transformer,14000,at,14118,4,4,blocks.1.hook_mlp_out,0,4.751150764589546,300.0,0.0,0.06603938657680997,0.0,0.04361365929889381
transformer_add113_f0.3_wd0.1_softmax_ce_s2,transformer,14000,at,14118,4,4,blocks.1.hook_mlp_out,1,4.657922937421632,300.0,0.0,0.07527965965900224,0.0,0.038156663626490867
transformer_add113_f0.3_wd0.1_softmax_ce_s2,transformer,14000,at,14118,4,4,blocks.1.hook_mlp_out,2,4.751362756189648,300.0,0.0,0.0516848478335704,0.0,0.04077642488732952
transformer_add113_f0.3_wd0.1_softmax_ce_s2,transformer,14000,at,14118,4,5,hook_resid_final,0,25.907894796393027,300.0,0.0,0.0649672284432309,0.0,0.05810685965383577
transformer_add113_f0.3_wd0.1_softmax_ce_s2,transformer,14000,at,14118,4,5,hook_resid_final,1,25.871476447766177,300.0,0.0,0.07448075464813833,0.0,0.05549242060304189
transformer_add113_f0.3_wd0.1_softmax_ce_s2,transformer,14000,at,14118,4,5,hook_resid_final,2,25.765449381985576,300.0,0.0,0.08091632759820505,1.0,0.05409417318864305
transformer_add113_f0.3_wd0.1_softmax_ce_s2,transformer,14000,at,14118,4,6,logits,0,126.50254699701267,300.0,0.0,0.09324406990385442,1.0,0.05217812765697478
transformer_add113_f0.3_wd0.1_softmax_ce_s2,transformer,14000,at,14118,4,6,logits,1,124.44199875886044,300.0,0.0,0.07318646156081092,0.0,0.05317780065886067
transformer_add113_f0.3_wd0.1_softmax_ce_s2,transformer,14000,at,14118,4,6,logits,2,125.27712777180135,300.0,0.0,0.08257611271804308,0.0,0.042200614496224045
transformer_add113_f0.3_wd0.1_softmax_ce_s2,transformer,14000,at,14118,2,0,operands,0,0.9775886478459712,300.0,0.0,0.07188523441778245,0.0,0.04051268234543067
transformer_add113_f0.3_wd0.1_softmax_ce_s2,transformer,14000,at,14118,2,0,operands,1,0.9775886478459712,300.0,0.0,0.06953693291225405,0.0,0.03554045952505955
transformer_add113_f0.3_wd0.1_softmax_ce_s2,transformer,14000,at,14118,2,0,operands,2,0.9775886478459712,300.0,0.0,0.05643729436979585,0.0,0.037610504221660124
transformer_add113_f0.3_wd0.1_softmax_ce_s2,transformer,14000,at,14118,2,1,blocks.0.hook_attn_out,0,2.0064026757841047,300.0,0.0,0.02590823431150715,0.0,0.0
transformer_add113_f0.3_wd0.1_softmax_ce_s2,transformer,14000,at,14118,2,1,blocks.0.hook_attn_out,1,2.025376196297597,300.0,0.0,0.034379422322128275,0.0,0.0
transformer_add113_f0.3_wd0.1_softmax_ce_s2,transformer,14000,at,14118,2,1,blocks.0.hook_attn_out,2,2.025376196297597,300.0,0.0,0.025053053784842818,0.0,0.0
transformer_add113_f0.3_wd0.1_softmax_ce_s2,transformer,14000,at,14118,2,2,blocks.0.hook_mlp_out,0,1.325492355494273,300.0,0.0,0.024090690538863976,0.0,0.0
transformer_add113_f0.3_wd0.1_softmax_ce_s2,transformer,14000,at,14118,2,2,blocks.0.hook_mlp_out,1,1.3344679314314993,300.0,0.0,0.027454310117550184,0.0,0.0
transformer_add113_f0.3_wd0.1_softmax_ce_s2,transformer,14000,at,14118,2,2,blocks.0.hook_mlp_out,2,1.332594797556963,300.0,0.0,0.02551584177159666,0.0,0.0
transformer_add113_f0.3_wd0.1_softmax_ce_s2,transformer,14000,at,14118,2,3,blocks.1.hook_attn_out,0,1.7473590628435804,300.0,0.0,0.029087997114963526,0.0,0.0
transformer_add113_f0.3_wd0.1_softmax_ce_s2,transformer,14000,at,14118,2,3,blocks.1.hook_attn_out,1,1.7549939822106373,300.0,0.0,0.030872183033193498,0.0,0.0
transformer_add113_f0.3_wd0.1_softmax_ce_s2,transformer,14000,at,14118,2,3,blocks.1.hook_attn_out,2,1.765394840002739,300.0,0.0,0.030907963419198402,0.0,0.0
transformer_add113_f0.3_wd0.1_softmax_ce_s2,transformer,14000,at,14118,2,4,blocks.1.hook_mlp_out,0,4.371582794375151,300.0,0.0,0.02882380489940164,0.0,0.0
transformer_add113_f0.3_wd0.1_softmax_ce_s2,transformer,14000,at,14118,2,4,blocks.1.hook_mlp_out,1,4.371582794375151,300.0,0.0,0.02534357448930473,0.0,0.0
transformer_add113_f0.3_wd0.1_softmax_ce_s2,transformer,14000,at,14118,2,4,blocks.1.hook_mlp_out,2,4.368191182131079,300.0,0.0,0.02601487646912436,0.0,0.0
transformer_add113_f0.3_wd0.1_softmax_ce_s2,transformer,14000,at,14118,2,5,hook_resid_final,0,25.948322249197542,300.0,0.0,0.031412346501662865,0.0,0.0005142088660954746
transformer_add113_f0.3_wd0.1_softmax_ce_s2,transformer,14000,at,14118,2,5,hook_resid_final,1,25.948322249197542,300.0,0.0,0.03726706797210106,0.0,0.0
transformer_add113_f0.3_wd0.1_softmax_ce_s2,transformer,14000,at,14118,2,5,hook_resid_final,2,25.944805410066767,300.0,0.0,0.03721753879478291,0.0,0.0
transformer_add113_f0.3_wd0.1_softmax_ce_s2,transformer,14000,at,14118,2,6,logits,0,118.43776296076774,300.0,0.0,0.024042314681064648,0.0,0.0
transformer_add113_f0.3_wd0.1_softmax_ce_s2,transformer,14000,at,14118,2,6,logits,1,120.24817392958332,300.0,0.0,0.030661876072169723,0.0,0.0
transformer_add113_f0.3_wd0.1_softmax_ce_s2,transformer,14000,at,14118,2,6,logits,2,119.96653307929505,300.0,0.0,0.0292807264098158,0.0,0.0
transformer_add113_f0.3_wd0.1_softmax_ce_s2,transformer,14000,after,60000,8,0,operands,0,1.293223135550352,300.0,0.0,0.09957337313926942,0.0,0.059260945452897826
transformer_add113_f0.3_wd0.1_softmax_ce_s2,transformer,14000,after,60000,8,0,operands,1,1.2603036128040128,300.0,0.0,0.10095677435610476,0.0,0.061799571945797244
transformer_add113_f0.3_wd0.1_softmax_ce_s2,transformer,14000,after,60000,8,0,operands,2,1.2962577430985704,300.0,0.0,0.10315149245787901,1.0,0.05486804113426765
transformer_add113_f0.3_wd0.1_softmax_ce_s2,transformer,14000,after,60000,8,1,blocks.0.hook_attn_out,0,1.4019396931557746,300.0,0.0,0.0897786176959419,0.0,0.06916600273798629
transformer_add113_f0.3_wd0.1_softmax_ce_s2,transformer,14000,after,60000,8,1,blocks.0.hook_attn_out,1,1.431473853892852,300.0,0.0,0.08713848158938314,0.0,0.059486022333326
transformer_add113_f0.3_wd0.1_softmax_ce_s2,transformer,14000,after,60000,8,1,blocks.0.hook_attn_out,2,1.3994629306715,300.0,0.0,0.10360483758379643,0.0,0.09147672796379964
transformer_add113_f0.3_wd0.1_softmax_ce_s2,transformer,14000,after,60000,8,2,blocks.0.hook_mlp_out,0,0.38540427114624104,300.0,0.0,0.033599203965758495,0.0,0.019965246873669705
transformer_add113_f0.3_wd0.1_softmax_ce_s2,transformer,14000,after,60000,8,2,blocks.0.hook_mlp_out,1,0.3861552705950581,300.0,0.0,0.0309942430688911,0.0,0.02183218956066707
transformer_add113_f0.3_wd0.1_softmax_ce_s2,transformer,14000,after,60000,8,2,blocks.0.hook_mlp_out,2,0.38136231499439194,300.0,0.0,0.030696641391701456,0.0,0.022264198684295366
transformer_add113_f0.3_wd0.1_softmax_ce_s2,transformer,14000,after,60000,8,3,blocks.1.hook_attn_out,0,1.9171979649766422,300.0,0.0,0.08826175753751614,0.0,0.06765927144066897
transformer_add113_f0.3_wd0.1_softmax_ce_s2,transformer,14000,after,60000,8,3,blocks.1.hook_attn_out,1,1.9171979649766422,300.0,0.0,0.0815148478146416,0.0,0.054123450137749905
transformer_add113_f0.3_wd0.1_softmax_ce_s2,transformer,14000,after,60000,8,3,blocks.1.hook_attn_out,2,1.8826595527847891,300.0,0.0,0.0863251274626298,0.0,0.06240892665379752
transformer_add113_f0.3_wd0.1_softmax_ce_s2,transformer,14000,after,60000,8,4,blocks.1.hook_mlp_out,0,2.062647994857244,300.0,0.0,0.0773823438746298,1.0,0.05555915976570969
transformer_add113_f0.3_wd0.1_softmax_ce_s2,transformer,14000,after,60000,8,4,blocks.1.hook_mlp_out,1,2.0529612174058216,300.0,0.0,0.08908229060702404,0.0,0.04955059951271706
transformer_add113_f0.3_wd0.1_softmax_ce_s2,transformer,14000,after,60000,8,4,blocks.1.hook_mlp_out,2,2.0790618120095434,300.0,0.0,0.08707096693939008,0.0,0.04728746853733838
transformer_add113_f0.3_wd0.1_softmax_ce_s2,transformer,14000,after,60000,8,5,hook_resid_final,0,36.30086207062591,300.0,0.0,0.12817430462790308,0.0,0.06484329562871365
transformer_add113_f0.3_wd0.1_softmax_ce_s2,transformer,14000,after,60000,8,5,hook_resid_final,1,36.443397347899264,300.0,0.0,0.11472493459777036,0.0,0.06536867255080041
transformer_add113_f0.3_wd0.1_softmax_ce_s2,transformer,14000,after,60000,8,5,hook_resid_final,2,36.28352909741188,300.0,0.0,0.11825688716500737,0.0,0.06004945933131559
transformer_add113_f0.3_wd0.1_softmax_ce_s2,transformer,14000,after,60000,8,6,logits,0,148.13478903610402,300.0,0.0,0.12040147826896243,0.0,0.0724759778168338
transformer_add113_f0.3_wd0.1_softmax_ce_s2,transformer,14000,after,60000,8,6,logits,1,145.96347085506954,300.0,0.0,0.11455632508877564,0.0,0.0666858876146215
transformer_add113_f0.3_wd0.1_softmax_ce_s2,transformer,14000,after,60000,8,6,logits,2,147.93627730747767,300.0,0.0,0.13010912742402145,0.0,0.061913625291498436
transformer_add113_f0.3_wd0.1_softmax_ce_s2,transformer,14000,after,60000,4,0,operands,0,1.206428924403138,300.0,0.0,0.09037609318852192,0.0,0.06343918463704487
transformer_add113_f0.3_wd0.1_softmax_ce_s2,transformer,14000,after,60000,4,0,operands,1,1.206428924403138,300.0,0.0,0.09472333850900669,0.0,0.06178285356301698
transformer_add113_f0.3_wd0.1_softmax_ce_s2,transformer,14000,after,60000,4,0,operands,2,1.1642037853664202,300.0,0.0,0.09896870591555713,0.0,0.0700961040491526
transformer_add113_f0.3_wd0.1_softmax_ce_s2,transformer,14000,after,60000,4,1,blocks.0.hook_attn_out,0,1.3669079370283992,300.0,0.0,0.06213430907447239,0.0,0.04009859680096583
transformer_add113_f0.3_wd0.1_softmax_ce_s2,transformer,14000,after,60000,4,1,blocks.0.hook_attn_out,1,1.376312526941475,300.0,0.0,0.06196865888822181,0.0,0.04442954657454517
transformer_add113_f0.3_wd0.1_softmax_ce_s2,transformer,14000,after,60000,4,1,blocks.0.hook_attn_out,2,1.3897139425335396,300.0,0.0,0.05820750985512733,0.0,0.04650359455109678
transformer_add113_f0.3_wd0.1_softmax_ce_s2,transformer,14000,after,60000,4,2,blocks.0.hook_mlp_out,0,0.3852639118767894,300.0,0.0,0.03772903524483547,0.0,0.021904602507142924
transformer_add113_f0.3_wd0.1_softmax_ce_s2,transformer,14000,after,60000,4,2,blocks.0.hook_mlp_out,1,0.3860184214935356,300.0,0.0,0.03341356447289397,0.0,0.026463759080456034
transformer_add113_f0.3_wd0.1_softmax_ce_s2,transformer,14000,after,60000,4,2,blocks.0.hook_mlp_out,2,0.37931516419267924,300.0,0.0,0.03632048191188827,0.0,0.02523022634010024
transformer_add113_f0.3_wd0.1_softmax_ce_s2,transformer,14000,after,60000,4,3,blocks.1.hook_attn_out,0,1.8379633249000176,300.0,0.0,0.06554794882440804,0.0,0.0452136357871161
transformer_add113_f0.3_wd0.1_softmax_ce_s2,transformer,14000,after,60000,4,3,blocks.1.hook_attn_out,1,1.8205432020075203,300.0,0.0,0.05840232592447872,0.0,0.03923670340187064
transformer_add113_f0.3_wd0.1_softmax_ce_s2,transformer,14000,after,60000,4,3,blocks.1.hook_attn_out,2,1.8216663613064408,300.0,0.0,0.06634079875154811,0.0,0.0454357939725781
transformer_add113_f0.3_wd0.1_softmax_ce_s2,transformer,14000,after,60000,4,4,blocks.1.hook_mlp_out,0,2.0224075800055994,300.0,0.0,0.07329684548793747,0.0,0.044196778655917805
transformer_add113_f0.3_wd0.1_softmax_ce_s2,transformer,14000,after,60000,4,4,blocks.1.hook_mlp_out,1,1.9926916321293382,300.0,0.0,0.06626241517580862,0.0,0.03834911109367031
transformer_add113_f0.3_wd0.1_softmax_ce_s2,transformer,14000,after,60000,4,4,blocks.1.hook_mlp_out,2,1.9813624564355492,300.0,0.0,0.07537204896192189,0.0,0.04176388640745803
transformer_add113_f0.3_wd0.1_softmax_ce_s2,transformer,14000,after,60000,4,5,hook_resid_final,0,35.20477371387182,300.0,0.0,0.12301501186965662,0.0,0.04894386655887711
transformer_add113_f0.3_wd0.1_softmax_ce_s2,transformer,14000,after,60000,4,5,hook_resid_final,1,34.61857723097563,300.0,0.0,0.10875372574458374,0.0,0.033482947495225894
transformer_add113_f0.3_wd0.1_softmax_ce_s2,transformer,14000,after,60000,4,5,hook_resid_final,2,35.69829448047758,300.0,0.0,0.11059457270481661,0.0,0.04513755826422164
transformer_add113_f0.3_wd0.1_softmax_ce_s2,transformer,14000,after,60000,4,6,logits,0,144.48432256430797,300.0,0.0,0.11239281904240382,1.0,0.05243845239934612
transformer_add113_f0.3_wd0.1_softmax_ce_s2,transformer,14000,after,60000,4,6,logits,1,145.09554200948833,300.0,0.0,0.12408107348869886,1.0,0.061025253187454734
transformer_add113_f0.3_wd0.1_softmax_ce_s2,transformer,14000,after,60000,4,6,logits,2,141.51064098015647,300.0,0.0,0.10182755959362576,0.0,0.04276544435088206
transformer_add113_f0.3_wd0.1_softmax_ce_s2,transformer,14000,after,60000,2,0,operands,0,1.1074930357165171,300.0,0.0,0.07121039945518519,1.0,0.05271971144143413
transformer_add113_f0.3_wd0.1_softmax_ce_s2,transformer,14000,after,60000,2,0,operands,1,1.1074930357165171,300.0,0.0,0.05799612807055999,0.0,0.045797200612177916
transformer_add113_f0.3_wd0.1_softmax_ce_s2,transformer,14000,after,60000,2,0,operands,2,1.1074930357165171,300.0,0.0,0.06954611428745111,0.0,0.04002345207806915
transformer_add113_f0.3_wd0.1_softmax_ce_s2,transformer,14000,after,60000,2,1,blocks.0.hook_attn_out,0,1.247208766718323,300.0,0.0,0.026155953903203997,0.0,0.0
transformer_add113_f0.3_wd0.1_softmax_ce_s2,transformer,14000,after,60000,2,1,blocks.0.hook_attn_out,1,1.2630853502911317,300.0,0.0,0.028430125528275518,0.0,0.0
transformer_add113_f0.3_wd0.1_softmax_ce_s2,transformer,14000,after,60000,2,1,blocks.0.hook_attn_out,2,1.2659964200908778,300.0,0.0,0.029280040623162584,0.0,0.0
transformer_add113_f0.3_wd0.1_softmax_ce_s2,transformer,14000,after,60000,2,2,blocks.0.hook_mlp_out,0,0.3851982241896597,300.0,0.0,0.030680523068414973,0.0,0.0
transformer_add113_f0.3_wd0.1_softmax_ce_s2,transformer,14000,after,60000,2,2,blocks.0.hook_mlp_out,1,0.3851982241896597,300.0,0.0,0.03047401608383477,0.0,0.0
transformer_add113_f0.3_wd0.1_softmax_ce_s2,transformer,14000,after,60000,2,2,blocks.0.hook_mlp_out,2,0.3851982241896597,300.0,0.0,0.025946836661433922,0.0,0.0
transformer_add113_f0.3_wd0.1_softmax_ce_s2,transformer,14000,after,60000,2,3,blocks.1.hook_attn_out,0,1.7086883720219628,300.0,0.0,0.02712829492136731,0.0,0.0
transformer_add113_f0.3_wd0.1_softmax_ce_s2,transformer,14000,after,60000,2,3,blocks.1.hook_attn_out,1,1.7037513085198133,300.0,0.0,0.025635715003617325,0.0,9.940805168121334e-05
transformer_add113_f0.3_wd0.1_softmax_ce_s2,transformer,14000,after,60000,2,3,blocks.1.hook_attn_out,2,1.7157759185713128,300.0,0.0,0.032460891370479444,0.0,0.0004951548713968731
transformer_add113_f0.3_wd0.1_softmax_ce_s2,transformer,14000,after,60000,2,4,blocks.1.hook_mlp_out,0,1.773451799210655,300.0,0.0,0.04222065328943678,0.0,0.0
transformer_add113_f0.3_wd0.1_softmax_ce_s2,transformer,14000,after,60000,2,4,blocks.1.hook_mlp_out,1,1.7761644875924563,300.0,0.0,0.042917930522621744,0.0,0.0
transformer_add113_f0.3_wd0.1_softmax_ce_s2,transformer,14000,after,60000,2,4,blocks.1.hook_mlp_out,2,1.7745436277396684,300.0,0.0,0.04844876092909015,0.0,0.0
transformer_add113_f0.3_wd0.1_softmax_ce_s2,transformer,14000,after,60000,2,5,hook_resid_final,0,34.08895340423399,300.0,0.0,0.06856046881615406,0.0,0.0006975548683850175
transformer_add113_f0.3_wd0.1_softmax_ce_s2,transformer,14000,after,60000,2,5,hook_resid_final,1,34.35528526265694,300.0,1.0,0.08230826664168595,0.0,0.0006638189900338243
transformer_add113_f0.3_wd0.1_softmax_ce_s2,transformer,14000,after,60000,2,5,hook_resid_final,2,34.18370860931034,300.0,0.0,0.07520287490755219,0.0,0.0
transformer_add113_f0.3_wd0.1_softmax_ce_s2,transformer,14000,after,60000,2,6,logits,0,135.17103079649786,300.0,0.0,0.03652674242843474,0.0,0.0
transformer_add113_f0.3_wd0.1_softmax_ce_s2,transformer,14000,after,60000,2,6,logits,1,135.7067212344745,300.0,0.0,0.03416846893089751,0.0,0.0
transformer_add113_f0.3_wd0.1_softmax_ce_s2,transformer,14000,after,60000,2,6,logits,2,135.94517573017498,300.0,0.0,0.0289519560552415,0.0,0.0
transformer_add113_f0.3_wd0.1_softmax_ce_s3,transformer,11500,init,0,8,0,operands,0,19.40971247515205,300.0,0.0,0.10645172606084785,0.0,0.06511151848740782
transformer_add113_f0.3_wd0.1_softmax_ce_s3,transformer,11500,init,0,8,0,operands,1,19.804341437108107,300.0,0.0,0.10636290161619345,1.0,0.05136187312437706
transformer_add113_f0.3_wd0.1_softmax_ce_s3,transformer,11500,init,0,8,0,operands,2,19.409712475152045,300.0,0.0,0.1087992933018313,1.0,0.05897312566732912
transformer_add113_f0.3_wd0.1_softmax_ce_s3,transformer,11500,init,0,8,1,blocks.0.hook_attn_out,0,5.057763881487864,300.0,0.0,0.06635690200866311,0.0,0.042417295843989865
transformer_add113_f0.3_wd0.1_softmax_ce_s3,transformer,11500,init,0,8,1,blocks.0.hook_attn_out,1,5.057763881487864,300.0,0.0,0.07343639767200685,0.0,0.04023510776014988
transformer_add113_f0.3_wd0.1_softmax_ce_s3,transformer,11500,init,0,8,1,blocks.0.hook_attn_out,2,5.057763881487864,300.0,0.0,0.06628261074290447,0.0,0.0394723495296673
transformer_add113_f0.3_wd0.1_softmax_ce_s3,transformer,11500,init,0,8,2,blocks.0.hook_mlp_out,0,1.17791244905954,300.0,0.0,0.06164876296817916,0.0,0.04838781845495208
transformer_add113_f0.3_wd0.1_softmax_ce_s3,transformer,11500,init,0,8,2,blocks.0.hook_mlp_out,1,1.17791244905954,300.0,0.0,0.06609429443499848,0.0,0.0414037146017412
transformer_add113_f0.3_wd0.1_softmax_ce_s3,transformer,11500,init,0,8,2,blocks.0.hook_mlp_out,2,1.17791244905954,300.0,0.0,0.06044886467322107,0.0,0.04400321171336754
transformer_add113_f0.3_wd0.1_softmax_ce_s3,transformer,11500,init,0,8,3,blocks.1.hook_attn_out,0,4.407019181461273,300.0,0.0,0.07443596352206398,1.0,0.05315361384546389
transformer_add113_f0.3_wd0.1_softmax_ce_s3,transformer,11500,init,0,8,3,blocks.1.hook_attn_out,1,4.407019181461273,300.0,0.0,0.0683494185001505,1.0,0.0536077540885305
transformer_add113_f0.3_wd0.1_softmax_ce_s3,transformer,11500,init,0,8,3,blocks.1.hook_attn_out,2,4.407019181461273,300.0,0.0,0.06362372531506102,1.0,0.05215571714482831
transformer_add113_f0.3_wd0.1_softmax_ce_s3,transformer,11500,init,0,8,4,blocks.1.hook_mlp_out,0,1.6893108051280623,300.0,0.0,0.05425933861590163,0.0,0.0474226311478816
transformer_add113_f0.3_wd0.1_softmax_ce_s3,transformer,11500,init,0,8,4,blocks.1.hook_mlp_out,1,1.6893108051280623,300.0,0.0,0.06566842311069225,0.0,0.04228561372015871
transformer_add113_f0.3_wd0.1_softmax_ce_s3,transformer,11500,init,0,8,4,blocks.1.hook_mlp_out,2,1.6893108051280623,300.0,0.0,0.05803207009327631,0.0,0.044320143315854044
transformer_add113_f0.3_wd0.1_softmax_ce_s3,transformer,11500,init,0,8,5,hook_resid_final,0,6.268137578069411,300.0,0.0,0.07005394668178562,0.0,0.04919217031251309
transformer_add113_f0.3_wd0.1_softmax_ce_s3,transformer,11500,init,0,8,5,hook_resid_final,1,6.268137578069411,300.0,0.0,0.06997076065946227,0.0,0.045075717414977116
transformer_add113_f0.3_wd0.1_softmax_ce_s3,transformer,11500,init,0,8,5,hook_resid_final,2,6.268137578069411,300.0,0.0,0.08107335600514984,0.0,0.047628010640363115
transformer_add113_f0.3_wd0.1_softmax_ce_s3,transformer,11500,init,0,8,6,logits,0,3.6572179485027045,300.0,0.0,0.06837976159240097,1.0,0.052173202616729523
transformer_add113_f0.3_wd0.1_softmax_ce_s3,transformer,11500,init,0,8,6,logits,1,3.6572179485027045,300.0,0.0,0.07385488061923724,0.0,0.04931994494716684
transformer_add113_f0.3_wd0.1_softmax_ce_s3,transformer,11500,init,0,8,6,logits,2,3.6572179485027045,300.0,0.0,0.06071014239302448,0.0,0.047412742576643255
transformer_add113_f0.3_wd0.1_softmax_ce_s3,transformer,11500,init,0,4,0,operands,0,18.741321079297585,300.0,0.0,0.10186699123962772,0.0,0.05463954913592221
transformer_add113_f0.3_wd0.1_softmax_ce_s3,transformer,11500,init,0,4,0,operands,1,19.03013826578251,300.0,0.0,0.11082193856701,1.0,0.05430376545588036
transformer_add113_f0.3_wd0.1_softmax_ce_s3,transformer,11500,init,0,4,0,operands,2,18.741321079297585,300.0,0.0,0.10509566874030304,0.0,0.06361808557606162
transformer_add113_f0.3_wd0.1_softmax_ce_s3,transformer,11500,init,0,4,1,blocks.0.hook_attn_out,0,4.923844213954043,300.0,0.0,0.05289057904034981,0.0,0.030994778548254262
transformer_add113_f0.3_wd0.1_softmax_ce_s3,transformer,11500,init,0,4,1,blocks.0.hook_attn_out,1,4.923844213954043,300.0,0.0,0.05078656777321702,0.0,0.038308889645380984
transformer_add113_f0.3_wd0.1_softmax_ce_s3,transformer,11500,init,0,4,1,blocks.0.hook_attn_out,2,4.923844213954043,300.0,1.0,0.05422474121713297,0.0,0.03173967860131835
transformer_add113_f0.3_wd0.1_softmax_ce_s3,transformer,11500,init,0,4,2,blocks.0.hook_mlp_out,0,1.13859531207096,300.0,1.0,0.05025746818849164,0.0,0.04581614218767795
transformer_add113_f0.3_wd0.1_softmax_ce_s3,transformer,11500,init,0,4,2,blocks.0.hook_mlp_out,1,1.13859531207096,300.0,0.0,0.049658657862121695,0.0,0.0369138853806981
transformer_add113_f0.3_wd0.1_softmax_ce_s3,transformer,11500,init,0,4,2,blocks.0.hook_mlp_out,2,1.13859531207096,300.0,1.0,0.05443638033608615,0.0,0.033815200625488574
transformer_add113_f0.3_wd0.1_softmax_ce_s3,transformer,11500,init,0,4,3,blocks.1.hook_attn_out,0,3.9166821024929632,300.0,0.0,0.061685877026850945,0.0,0.03910666637023619
transformer_add113_f0.3_wd0.1_softmax_ce_s3,transformer,11500,init,0,4,3,blocks.1.hook_attn_out,1,3.9166821024929632,300.0,0.0,0.06105179770557269,0.0,0.04381767210852407
transformer_add113_f0.3_wd0.1_softmax_ce_s3,transformer,11500,init,0,4,3,blocks.1.hook_attn_out,2,3.9166821024929632,300.0,0.0,0.06101649160406629,0.0,0.04106009818125523
transformer_add113_f0.3_wd0.1_softmax_ce_s3,transformer,11500,init,0,4,4,blocks.1.hook_mlp_out,0,1.6221376048707694,300.0,0.0,0.054566151599290194,0.0,0.0332899160513372
transformer_add113_f0.3_wd0.1_softmax_ce_s3,transformer,11500,init,0,4,4,blocks.1.hook_mlp_out,1,1.6186060968424532,300.0,0.0,0.06218593130307014,0.0,0.032613516355702594
transformer_add113_f0.3_wd0.1_softmax_ce_s3,transformer,11500,init,0,4,4,blocks.1.hook_mlp_out,2,1.6221376048707694,300.0,0.0,0.05464188202592799,0.0,0.03444461214890771
transformer_add113_f0.3_wd0.1_softmax_ce_s3,transformer,11500,init,0,4,5,hook_resid_final,0,5.984419926619779,300.0,0.0,0.06513142306979137,0.0,0.03321753681167006
transformer_add113_f0.3_wd0.1_softmax_ce_s3,transformer,11500,init,0,4,5,hook_resid_final,1,5.984419926619779,300.0,1.0,0.05358163234210022,0.0,0.03448753262555054
transformer_add113_f0.3_wd0.1_softmax_ce_s3,transformer,11500,init,0,4,5,hook_resid_final,2,5.984419926619779,300.0,0.0,0.05470707910691124,0.0,0.04231387809360015
transformer_add113_f0.3_wd0.1_softmax_ce_s3,transformer,11500,init,0,4,6,logits,0,3.3786268581927597,300.0,0.0,0.0624703084139403,0.0,0.04242918657561139
transformer_add113_f0.3_wd0.1_softmax_ce_s3,transformer,11500,init,0,4,6,logits,1,3.3335114215471267,300.0,0.0,0.06169232143476395,0.0,0.03902568336921639
transformer_add113_f0.3_wd0.1_softmax_ce_s3,transformer,11500,init,0,4,6,logits,2,3.395797145986023,300.0,0.0,0.06427097648873972,0.0,0.0390098141819977
transformer_add113_f0.3_wd0.1_softmax_ce_s3,transformer,11500,init,0,2,0,operands,0,18.40020773196704,300.0,0.0,0.059983934222832325,0.0,0.03498846441332598
transformer_add113_f0.3_wd0.1_softmax_ce_s3,transformer,11500,init,0,2,0,operands,1,18.40020773196704,300.0,0.0,0.06881909575850861,0.0,0.028132064041692516
transformer_add113_f0.3_wd0.1_softmax_ce_s3,transformer,11500,init,0,2,0,operands,2,18.40020773196704,300.0,0.0,0.06304984591882411,0.0,0.04033374860969603
transformer_add113_f0.3_wd0.1_softmax_ce_s3,transformer,11500,init,0,2,1,blocks.0.hook_attn_out,0,4.800246254313145,300.0,0.0,0.022808149072072424,0.0,0.0
transformer_add113_f0.3_wd0.1_softmax_ce_s3,transformer,11500,init,0,2,1,blocks.0.hook_attn_out,1,4.800246254313145,300.0,0.0,0.020843938416051602,0.0,0.0
transformer_add113_f0.3_wd0.1_softmax_ce_s3,transformer,11500,init,0,2,1,blocks.0.hook_attn_out,2,4.800246254313145,300.0,0.0,0.022346339212769212,0.0,0.0
transformer_add113_f0.3_wd0.1_softmax_ce_s3,transformer,11500,init,0,2,2,blocks.0.hook_mlp_out,0,1.0727280261137278,300.0,0.0,0.02733477634118117,0.0,0.0
transformer_add113_f0.3_wd0.1_softmax_ce_s3,transformer,11500,init,0,2,2,blocks.0.hook_mlp_out,1,1.0727280261137278,300.0,0.0,0.02270974802266117,0.0,0.0
transformer_add113_f0.3_wd0.1_softmax_ce_s3,transformer,11500,init,0,2,2,blocks.0.hook_mlp_out,2,1.0727280261137278,300.0,0.0,0.023409106381707637,0.0,0.0
transformer_add113_f0.3_wd0.1_softmax_ce_s3,transformer,11500,init,0,2,3,blocks.1.hook_attn_out,0,3.38637970436648,300.0,0.0,0.030359991000494496,0.0,0.0
transformer_add113_f0.3_wd0.1_softmax_ce_s3,transformer,11500,init,0,2,3,blocks.1.hook_attn_out,1,3.3809635656803008,300.0,0.0,0.033161302749447334,0.0,0.0
transformer_add113_f0.3_wd0.1_softmax_ce_s3,transformer,11500,init,0,2,3,blocks.1.hook_attn_out,2,3.3724873112762155,300.0,0.0,0.03752842736131791,0.0,0.0
transformer_add113_f0.3_wd0.1_softmax_ce_s3,transformer,11500,init,0,2,4,blocks.1.hook_mlp_out,0,1.580144363434475,300.0,0.0,0.03244053727021424,0.0,0.0006214442453720064
transformer_add113_f0.3_wd0.1_softmax_ce_s3,transformer,11500,init,0,2,4,blocks.1.hook_mlp_out,1,1.580144363434475,300.0,0.0,0.028697245475510353,0.0,0.0
transformer_add113_f0.3_wd0.1_softmax_ce_s3,transformer,11500,init,0,2,4,blocks.1.hook_mlp_out,2,1.5778536512045802,300.0,0.0,0.0308534351977725,0.0,0.0
transformer_add113_f0.3_wd0.1_softmax_ce_s3,transformer,11500,init,0,2,5,hook_resid_final,0,5.027402573179464,300.0,0.0,0.03159217356702414,0.0,0.0042724702272846785
transformer_add113_f0.3_wd0.1_softmax_ce_s3,transformer,11500,init,0,2,5,hook_resid_final,1,5.027402573179464,300.0,0.0,0.02988335442342962,0.0,0.0
transformer_add113_f0.3_wd0.1_softmax_ce_s3,transformer,11500,init,0,2,5,hook_resid_final,2,5.027402573179464,300.0,0.0,0.02663934655672699,0.0,0.0
transformer_add113_f0.3_wd0.1_softmax_ce_s3,transformer,11500,init,0,2,6,logits,0,3.341354531266138,300.0,0.0,0.030485606774404168,0.0,0.0
transformer_add113_f0.3_wd0.1_softmax_ce_s3,transformer,11500,init,0,2,6,logits,1,3.341354531266138,300.0,0.0,0.034868206107400095,0.0,0.0
transformer_add113_f0.3_wd0.1_softmax_ce_s3,transformer,11500,init,0,2,6,logits,2,3.3427202640111537,300.0,0.0,0.02949585555320439,0.0,0.0
transformer_add113_f0.3_wd0.1_softmax_ce_s3,transformer,11500,before,10588,8,0,operands,0,1.4343732565400127,300.0,0.0,0.09750107958201679,0.0,0.048280994865676934
transformer_add113_f0.3_wd0.1_softmax_ce_s3,transformer,11500,before,10588,8,0,operands,1,1.4517373644250786,300.0,0.0,0.0967132629379398,0.0,0.044188745282612206
transformer_add113_f0.3_wd0.1_softmax_ce_s3,transformer,11500,before,10588,8,0,operands,2,1.4343732565400127,300.0,0.0,0.09777903754524898,0.0,0.04992085958432426
transformer_add113_f0.3_wd0.1_softmax_ce_s3,transformer,11500,before,10588,8,1,blocks.0.hook_attn_out,0,1.430014170490057,300.0,0.0,0.07934543787627356,0.0,0.05280610755621605
transformer_add113_f0.3_wd0.1_softmax_ce_s3,transformer,11500,before,10588,8,1,blocks.0.hook_attn_out,1,1.3980193210832135,300.0,0.0,0.07945894952260181,0.0,0.05782623725023884
transformer_add113_f0.3_wd0.1_softmax_ce_s3,transformer,11500,before,10588,8,1,blocks.0.hook_attn_out,2,1.4639030027826687,300.0,0.0,0.07708977120170528,1.0,0.05355142042869141
transformer_add113_f0.3_wd0.1_softmax_ce_s3,transformer,11500,before,10588,8,2,blocks.0.hook_mlp_out,0,0.559630081748505,300.0,0.0,0.034987795161202276,0.0,0.022075751689393915
transformer_add113_f0.3_wd0.1_softmax_ce_s3,transformer,11500,before,10588,8,2,blocks.0.hook_mlp_out,1,0.544140602198155,300.0,0.0,0.03653802360733755,0.0,0.026586551506959828
transformer_add113_f0.3_wd0.1_softmax_ce_s3,transformer,11500,before,10588,8,2,blocks.0.hook_mlp_out,2,0.559630081748505,300.0,0.0,0.040097412519980044,0.0,0.02530700769923478
transformer_add113_f0.3_wd0.1_softmax_ce_s3,transformer,11500,before,10588,8,3,blocks.1.hook_attn_out,0,1.7929616738716163,300.0,0.0,0.07826553017298941,0.0,0.061401044372454666
transformer_add113_f0.3_wd0.1_softmax_ce_s3,transformer,11500,before,10588,8,3,blocks.1.hook_attn_out,1,1.7906767103664787,300.0,0.0,0.07511933910135396,1.0,0.05112508691001219
transformer_add113_f0.3_wd0.1_softmax_ce_s3,transformer,11500,before,10588,8,3,blocks.1.hook_attn_out,2,1.7929616738716163,300.0,0.0,0.08300534763067935,0.0,0.05810832432062849
transformer_add113_f0.3_wd0.1_softmax_ce_s3,transformer,11500,before,10588,8,4,blocks.1.hook_mlp_out,0,3.1839444088238498,300.0,0.0,0.08720770432549912,0.0,0.05322690365899949
transformer_add113_f0.3_wd0.1_softmax_ce_s3,transformer,11500,before,10588,8,4,blocks.1.hook_mlp_out,1,3.2481344486584893,300.0,0.0,0.07621153182758604,1.0,0.06028984137946051
transformer_add113_f0.3_wd0.1_softmax_ce_s3,transformer,11500,before,10588,8,4,blocks.1.hook_mlp_out,2,3.246623005682908,300.0,0.0,0.07856898029747436,0.0,0.055741055132916606
transformer_add113_f0.3_wd0.1_softmax_ce_s3,transformer,11500,before,10588,8,5,hook_resid_final,0,27.109295066901876,300.0,0.0,0.10098913765937109,0.0,0.06313854002553076
transformer_add113_f0.3_wd0.1_softmax_ce_s3,transformer,11500,before,10588,8,5,hook_resid_final,1,27.666868534586875,300.0,0.0,0.10349175189495481,0.0,0.07213716841711637
transformer_add113_f0.3_wd0.1_softmax_ce_s3,transformer,11500,before,10588,8,5,hook_resid_final,2,26.88313225377255,300.0,0.0,0.10055132382737242,0.0,0.08218384480462855
transformer_add113_f0.3_wd0.1_softmax_ce_s3,transformer,11500,before,10588,8,6,logits,0,130.94805534202288,300.0,0.0,0.0895566719418702,0.0,0.07061201262709678
transformer_add113_f0.3_wd0.1_softmax_ce_s3,transformer,11500,before,10588,8,6,logits,1,127.07192951937972,300.0,0.0,0.09370353687422751,0.0,0.07622001838895802
transformer_add113_f0.3_wd0.1_softmax_ce_s3,transformer,11500,before,10588,8,6,logits,2,126.03962276774041,300.0,0.0,0.0930320403148869,0.0,0.07310454573030824
transformer_add113_f0.3_wd0.1_softmax_ce_s3,transformer,11500,before,10588,4,0,operands,0,1.1161948354500055,300.0,0.0,0.09592854469884414,0.0,0.055946309448113636
transformer_add113_f0.3_wd0.1_softmax_ce_s3,transformer,11500,before,10588,4,0,operands,1,1.1200589377773604,300.0,0.0,0.10135555791142685,0.0,0.07960364153226739
transformer_add113_f0.3_wd0.1_softmax_ce_s3,transformer,11500,before,10588,4,0,operands,2,1.1200589377773604,300.0,0.0,0.09431284146369871,0.0,0.068468190614865
transformer_add113_f0.3_wd0.1_softmax_ce_s3,transformer,11500,before,10588,4,1,blocks.0.hook_attn_out,0,1.4206290641211101,300.0,0.0,0.06309277039154515,0.0,0.041178221741505934
transformer_add113_f0.3_wd0.1_softmax_ce_s3,transformer,11500,before,10588,4,1,blocks.0.hook_attn_out,1,1.4224458850488688,300.0,0.0,0.07362780950431802,0.0,0.049686101280034214
transformer_add113_f0.3_wd0.1_softmax_ce_s3,transformer,11500,before,10588,4,1,blocks.0.hook_attn_out,2,1.4224458850488688,300.0,0.0,0.058320628704011564,0.0,0.03749354402386364
transformer_add113_f0.3_wd0.1_softmax_ce_s3,transformer,11500,before,10588,4,2,blocks.0.hook_mlp_out,0,0.5564180691336359,300.0,0.0,0.04164452751958512,0.0,0.028463185925358202
transformer_add113_f0.3_wd0.1_softmax_ce_s3,transformer,11500,before,10588,4,2,blocks.0.hook_mlp_out,1,0.5564180691336359,300.0,0.0,0.034463225904063095,0.0,0.02874616221331368
transformer_add113_f0.3_wd0.1_softmax_ce_s3,transformer,11500,before,10588,4,2,blocks.0.hook_mlp_out,2,0.5564180691336359,300.0,1.0,0.052744862590188464,0.0,0.027710332150976485
transformer_add113_f0.3_wd0.1_softmax_ce_s3,transformer,11500,before,10588,4,3,blocks.1.hook_attn_out,0,1.736353625717427,300.0,0.0,0.05995001782038659,0.0,0.04605963465201313
transformer_add113_f0.3_wd0.1_softmax_ce_s3,transformer,11500,before,10588,4,3,blocks.1.hook_attn_out,1,1.741164801539708,300.0,0.0,0.05440529751931241,0.0,0.041131955936453336
transformer_add113_f0.3_wd0.1_softmax_ce_s3,transformer,11500,before,10588,4,3,blocks.1.hook_attn_out,2,1.7088936821808483,300.0,0.0,0.058651096607351745,0.0,0.042391026124494115
transformer_add113_f0.3_wd0.1_softmax_ce_s3,transformer,11500,before,10588,4,4,blocks.1.hook_mlp_out,0,3.0026489296706447,300.0,0.0,0.07842945981424937,0.0,0.04298527365639497
transformer_add113_f0.3_wd0.1_softmax_ce_s3,transformer,11500,before,10588,4,4,blocks.1.hook_mlp_out,1,2.9817987582782766,300.0,0.0,0.06917112111854627,0.0,0.054965847931798144
transformer_add113_f0.3_wd0.1_softmax_ce_s3,transformer,11500,before,10588,4,4,blocks.1.hook_mlp_out,2,3.0026489296706447,300.0,0.0,0.06473062958376424,0.0,0.04250494657740198
transformer_add113_f0.3_wd0.1_softmax_ce_s3,transformer,11500,before,10588,4,5,hook_resid_final,0,26.933702700758325,300.0,0.0,0.07000993565042302,1.0,0.057308159393388604
transformer_add113_f0.3_wd0.1_softmax_ce_s3,transformer,11500,before,10588,4,5,hook_resid_final,1,27.095353551668993,300.0,0.0,0.066767365321892,0.0,0.057588840558931764
transformer_add113_f0.3_wd0.1_softmax_ce_s3,transformer,11500,before,10588,4,5,hook_resid_final,2,26.915677447545352,300.0,0.0,0.06762989329604699,0.0,0.04936087288717171
transformer_add113_f0.3_wd0.1_softmax_ce_s3,transformer,11500,before,10588,4,6,logits,0,120.8135440202115,300.0,0.0,0.07903547115998917,0.0,0.051827146156442336
transformer_add113_f0.3_wd0.1_softmax_ce_s3,transformer,11500,before,10588,4,6,logits,1,119.54405287279114,300.0,0.0,0.06788590691289502,0.0,0.05670482560620153
transformer_add113_f0.3_wd0.1_softmax_ce_s3,transformer,11500,before,10588,4,6,logits,2,121.42860556803375,300.0,0.0,0.06810033790935531,0.0,0.05442622057030549
transformer_add113_f0.3_wd0.1_softmax_ce_s3,transformer,11500,before,10588,2,0,operands,0,0.9152627430770329,300.0,0.0,0.06322444139979824,1.0,0.05192885910445142
transformer_add113_f0.3_wd0.1_softmax_ce_s3,transformer,11500,before,10588,2,0,operands,1,0.9152627430770329,300.0,0.0,0.07283110783960689,1.0,0.05185525384709013
transformer_add113_f0.3_wd0.1_softmax_ce_s3,transformer,11500,before,10588,2,0,operands,2,0.9139045517599855,300.0,0.0,0.06555733134297985,0.0,0.041632714155842375
transformer_add113_f0.3_wd0.1_softmax_ce_s3,transformer,11500,before,10588,2,1,blocks.0.hook_attn_out,0,1.4048646380329246,300.0,0.0,0.026270096383019262,0.0,0.0
transformer_add113_f0.3_wd0.1_softmax_ce_s3,transformer,11500,before,10588,2,1,blocks.0.hook_attn_out,1,1.4057268979472224,300.0,0.0,0.032062843738348945,0.0,0.0
transformer_add113_f0.3_wd0.1_softmax_ce_s3,transformer,11500,before,10588,2,1,blocks.0.hook_attn_out,2,1.4057268979472224,300.0,0.0,0.033834566064950826,0.0,0.0
transformer_add113_f0.3_wd0.1_softmax_ce_s3,transformer,11500,before,10588,2,2,blocks.0.hook_mlp_out,0,0.5548010645107044,300.0,0.0,0.023329753597010717,0.0,0.0
transformer_add113_f0.3_wd0.1_softmax_ce_s3,transformer,11500,before,10588,2,2,blocks.0.hook_mlp_out,1,0.5548010645107044,300.0,0.0,0.027462722926062614,0.0,0.0
transformer_add113_f0.3_wd0.1_softmax_ce_s3,transformer,11500,before,10588,2,2,blocks.0.hook_mlp_out,2,0.5548010645107044,300.0,0.0,0.02655967749410819,0.0,0.0
transformer_add113_f0.3_wd0.1_softmax_ce_s3,transformer,11500,before,10588,2,3,blocks.1.hook_attn_out,0,1.583967729070084,300.0,0.0,0.02952350358122731,0.0,0.0
transformer_add113_f0.3_wd0.1_softmax_ce_s3,transformer,11500,before,10588,2,3,blocks.1.hook_attn_out,1,1.5802681153257039,300.0,0.0,0.03528150937605537,0.0,0.0
transformer_add113_f0.3_wd0.1_softmax_ce_s3,transformer,11500,before,10588,2,3,blocks.1.hook_attn_out,2,1.583967729070084,300.0,0.0,0.02720371052524876,0.0,0.0
transformer_add113_f0.3_wd0.1_softmax_ce_s3,transformer,11500,before,10588,2,4,blocks.1.hook_mlp_out,0,2.900673644427995,300.0,0.0,0.030690604007150443,0.0,0.0
transformer_add113_f0.3_wd0.1_softmax_ce_s3,transformer,11500,before,10588,2,4,blocks.1.hook_mlp_out,1,2.908695920571956,300.0,0.0,0.029197664205666225,0.0,0.0
transformer_add113_f0.3_wd0.1_softmax_ce_s3,transformer,11500,before,10588,2,4,blocks.1.hook_mlp_out,2,2.9245544835867343,300.0,0.0,0.03253844475994706,0.0,0.0
transformer_add113_f0.3_wd0.1_softmax_ce_s3,transformer,11500,before,10588,2,5,hook_resid_final,0,26.543904170434793,300.0,0.0,0.029804203935061082,0.0,0.0
transformer_add113_f0.3_wd0.1_softmax_ce_s3,transformer,11500,before,10588,2,5,hook_resid_final,1,26.543904170434793,300.0,0.0,0.028222896700884886,0.0,0.0
transformer_add113_f0.3_wd0.1_softmax_ce_s3,transformer,11500,before,10588,2,5,hook_resid_final,2,26.543904170434793,300.0,0.0,0.038471371232912284,0.0,0.0
transformer_add113_f0.3_wd0.1_softmax_ce_s3,transformer,11500,before,10588,2,6,logits,0,113.88622258820858,300.0,0.0,0.027283849042853282,0.0,0.0
transformer_add113_f0.3_wd0.1_softmax_ce_s3,transformer,11500,before,10588,2,6,logits,1,113.75143567733936,300.0,0.0,0.0326050929456879,0.0,0.0
transformer_add113_f0.3_wd0.1_softmax_ce_s3,transformer,11500,before,10588,2,6,logits,2,113.75143567733936,300.0,0.0,0.02752045071990542,0.0,0.0
transformer_add113_f0.3_wd0.1_softmax_ce_s3,transformer,11500,at,11597,8,0,operands,0,1.2408433845534927,300.0,0.0,0.10269048550932326,0.0,0.05117567711996806
transformer_add113_f0.3_wd0.1_softmax_ce_s3,transformer,11500,at,11597,8,0,operands,1,1.2408433845534927,300.0,0.0,0.10278775758021688,0.0,0.052362492456051346
transformer_add113_f0.3_wd0.1_softmax_ce_s3,transformer,11500,at,11597,8,0,operands,2,1.2389506811892403,300.0,0.0,0.09057760175324424,0.0,0.04955435890643396
transformer_add113_f0.3_wd0.1_softmax_ce_s3,transformer,11500,at,11597,8,1,blocks.0.hook_attn_out,0,1.5179442533404468,300.0,0.0,0.0823543211466181,0.0,0.04620344400359832
transformer_add113_f0.3_wd0.1_softmax_ce_s3,transformer,11500,at,11597,8,1,blocks.0.hook_attn_out,1,1.4187933606231355,300.0,0.0,0.08979575439629736,0.0,0.0482635829801692
transformer_add113_f0.3_wd0.1_softmax_ce_s3,transformer,11500,at,11597,8,1,blocks.0.hook_attn_out,2,1.5179442533404468,300.0,0.0,0.06898913787639481,0.0,0.048705222920640244
transformer_add113_f0.3_wd0.1_softmax_ce_s3,transformer,11500,at,11597,8,2,blocks.0.hook_mlp_out,0,0.37904145126867983,300.0,0.0,0.03181729130850998,0.0,0.02177670726588433
transformer_add113_f0.3_wd0.1_softmax_ce_s3,transformer,11500,at,11597,8,2,blocks.0.hook_mlp_out,1,0.37904145126867983,300.0,0.0,0.035129056199948494,0.0,0.016447726630311472
transformer_add113_f0.3_wd0.1_softmax_ce_s3,transformer,11500,at,11597,8,2,blocks.0.hook_mlp_out,2,0.37904145126867983,300.0,0.0,0.03144290617763753,0.0,0.01681684385290294
transformer_add113_f0.3_wd0.1_softmax_ce_s3,transformer,11500,at,11597,8,3,blocks.1.hook_attn_out,0,1.7150875535736063,300.0,0.0,0.08094380622079846,0.0,0.059498732778180755
transformer_add113_f0.3_wd0.1_softmax_ce_s3,transformer,11500,at,11597,8,3,blocks.1.hook_attn_out,1,1.7497877574966687,300.0,0.0,0.08455201816785539,0.0,0.05901204287473724
transformer_add113_f0.3_wd0.1_softmax_ce_s3,transformer,11500,at,11597,8,3,blocks.1.hook_attn_out,2,1.6925143263984073,300.0,0.0,0.08106222941988825,0.0,0.05803816252010768
transformer_add113_f0.3_wd0.1_softmax_ce_s3,transformer,11500,at,11597,8,4,blocks.1.hook_mlp_out,0,3.48016682049455,300.0,0.0,0.08163951437837494,0.0,0.04779912652289034
transformer_add113_f0.3_wd0.1_softmax_ce_s3,transformer,11500,at,11597,8,4,blocks.1.hook_mlp_out,1,3.2462757340649357,300.0,0.0,0.08733055516091873,0.0,0.05740570783922139
transformer_add113_f0.3_wd0.1_softmax_ce_s3,transformer,11500,at,11597,8,4,blocks.1.hook_mlp_out,2,3.246915692712447,300.0,0.0,0.08482945134801018,0.0,0.06426002805357099
transformer_add113_f0.3_wd0.1_softmax_ce_s3,transformer,11500,at,11597,8,5,hook_resid_final,0,29.304236269349808,300.0,0.0,0.1222682366463657,0.0,0.07290528173955366
transformer_add113_f0.3_wd0.1_softmax_ce_s3,transformer,11500,at,11597,8,5,hook_resid_final,1,29.888165068050114,300.0,0.0,0.1196024089365661,0.0,0.06679525080057704
transformer_add113_f0.3_wd0.1_softmax_ce_s3,transformer,11500,at,11597,8,5,hook_resid_final,2,28.80752082027272,300.0,0.0,0.11707377892158286,0.0,0.08150369755036423
transformer_add113_f0.3_wd0.1_softmax_ce_s3,transformer,11500,at,11597,8,6,logits,0,151.13936471653682,300.0,0.0,0.11991798858803981,0.0,0.07298462235484159
transformer_add113_f0.3_wd0.1_softmax_ce_s3,transformer,11500,at,11597,8,6,logits,1,149.2622231952644,300.0,0.0,0.12793669224210338,0.0,0.07273900342195891
transformer_add113_f0.3_wd0.1_softmax_ce_s3,transformer,11500,at,11597,8,6,logits,2,147.60164872773703,300.0,0.0,0.11830071110582048,0.0,0.0765206026186606
transformer_add113_f0.3_wd0.1_softmax_ce_s3,transformer,11500,at,11597,4,0,operands,0,1.0828996364200238,300.0,0.0,0.09041973707383545,0.0,0.0654320404180537
transformer_add113_f0.3_wd0.1_softmax_ce_s3,transformer,11500,at,11597,4,0,operands,1,1.091611716125873,300.0,0.0,0.09998511783889792,0.0,0.05753487352469317
transformer_add113_f0.3_wd0.1_softmax_ce_s3,transformer,11500,at,11597,4,0,operands,2,1.0673846482869582,300.0,0.0,0.10365284563182244,0.0,0.06300255217191074
transformer_add113_f0.3_wd0.1_softmax_ce_s3,transformer,11500,at,11597,4,1,blocks.0.hook_attn_out,0,1.4202544579793965,300.0,0.0,0.06380085911451618,0.0,0.039465747119581306
transformer_add113_f0.3_wd0.1_softmax_ce_s3,transformer,11500,at,11597,4,1,blocks.0.hook_attn_out,1,1.4202544579793965,300.0,0.0,0.060764798363035936,0.0,0.043499083511239926
transformer_add113_f0.3_wd0.1_softmax_ce_s3,transformer,11500,at,11597,4,1,blocks.0.hook_attn_out,2,1.417705985323157,300.0,0.0,0.06625016524832662,0.0,0.04596801203495624
transformer_add113_f0.3_wd0.1_softmax_ce_s3,transformer,11500,at,11597,4,2,blocks.0.hook_mlp_out,0,0.36902789059776386,300.0,0.0,0.03335377374196456,0.0,0.018036724532057638
transformer_add113_f0.3_wd0.1_softmax_ce_s3,transformer,11500,at,11597,4,2,blocks.0.hook_mlp_out,1,0.378240078255193,300.0,0.0,0.03423413432810857,0.0,0.017435022752631826
transformer_add113_f0.3_wd0.1_softmax_ce_s3,transformer,11500,at,11597,4,2,blocks.0.hook_mlp_out,2,0.378240078255193,300.0,0.0,0.027320301693017794,0.0,0.01995582760715214
transformer_add113_f0.3_wd0.1_softmax_ce_s3,transformer,11500,at,11597,4,3,blocks.1.hook_attn_out,0,1.6900335674682663,300.0,0.0,0.06903429786293418,0.0,0.04391459560520512
transformer_add113_f0.3_wd0.1_softmax_ce_s3,transformer,11500,at,11597,4,3,blocks.1.hook_attn_out,1,1.6900335674682663,300.0,0.0,0.06306684520572378,0.0,0.04118976519710547
transformer_add113_f0.3_wd0.1_softmax_ce_s3,transformer,11500,at,11597,4,3,blocks.1.hook_attn_out,2,1.6458514001714077,300.0,0.0,0.06436872442882192,0.0,0.04379537045674664
transformer_add113_f0.3_wd0.1_softmax_ce_s3,transformer,11500,at,11597,4,4,blocks.1.hook_mlp_out,0,3.2052919458288582,300.0,0.0,0.07294650206595724,0.0,0.04171190123314549
transformer_add113_f0.3_wd0.1_softmax_ce_s3,transformer,11500,at,11597,4,4,blocks.1.hook_mlp_out,1,3.192031342948855,300.0,0.0,0.057452319350418946,0.0,0.04535562692318313
transformer_add113_f0.3_wd0.1_softmax_ce_s3,transformer,11500,at,11597,4,4,blocks.1.hook_mlp_out,2,3.2039691730799147,300.0,0.0,0.0636333794655753,0.0,0.04359995212772859
transformer_add113_f0.3_wd0.1_softmax_ce_s3,transformer,11500,at,11597,4,5,hook_resid_final,0,28.19554451887148,300.0,0.0,0.072386068020713,0.0,0.04673194639986461
transformer_add113_f0.3_wd0.1_softmax_ce_s3,transformer,11500,at,11597,4,5,hook_resid_final,1,28.01091449989995,300.0,0.0,0.07161499395102969,1.0,0.050635661088678306
transformer_add113_f0.3_wd0.1_softmax_ce_s3,transformer,11500,at,11597,4,5,hook_resid_final,2,27.909536312536336,300.0,0.0,0.07213312925929496,1.0,0.05820810821155552
transformer_add113_f0.3_wd0.1_softmax_ce_s3,transformer,11500,at,11597,4,6,logits,0,142.25495376726968,300.0,0.0,0.07909024024748783,1.0,0.05498585344929413
transformer_add113_f0.3_wd0.1_softmax_ce_s3,transformer,11500,at,11597,4,6,logits,1,142.7129956278936,300.0,0.0,0.07664878643641879,1.0,0.056758248134879244
transformer_add113_f0.3_wd0.1_softmax_ce_s3,transformer,11500,at,11597,4,6,logits,2,142.81125636949182,300.0,0.0,0.07951360782823903,0.0,0.06276079402501288
transformer_add113_f0.3_wd0.1_softmax_ce_s3,transformer,11500,at,11597,2,0,operands,0,0.949442971093818,300.0,0.0,0.06982488325171413,0.0,0.05323000364375308
transformer_add113_f0.3_wd0.1_softmax_ce_s3,transformer,11500,at,11597,2,0,operands,1,0.949442971093818,300.0,0.0,0.06613312835186637,0.0,0.06259588713679992
transformer_add113_f0.3_wd0.1_softmax_ce_s3,transformer,11500,at,11597,2,0,operands,2,0.9432448386305061,300.0,0.0,0.05828110234347764,0.0,0.05723930287016569
transformer_add113_f0.3_wd0.1_softmax_ce_s3,transformer,11500,at,11597,2,1,blocks.0.hook_attn_out,0,1.3450533041111266,300.0,0.0,0.028202387646556953,0.0,0.0
transformer_add113_f0.3_wd0.1_softmax_ce_s3,transformer,11500,at,11597,2,1,blocks.0.hook_attn_out,1,1.351040131791944,300.0,0.0,0.02760066937890389,0.0,7.194477216494468e-05
transformer_add113_f0.3_wd0.1_softmax_ce_s3,transformer,11500,at,11597,2,1,blocks.0.hook_attn_out,2,1.351040131791944,300.0,0.0,0.029954602397782484,0.0,0.0
transformer_add113_f0.3_wd0.1_softmax_ce_s3,transformer,11500,at,11597,2,2,blocks.0.hook_mlp_out,0,0.37641256188491706,300.0,0.0,0.02111491422911632,0.0,0.0
transformer_add113_f0.3_wd0.1_softmax_ce_s3,transformer,11500,at,11597,2,2,blocks.0.hook_mlp_out,1,0.37641256188491706,300.0,0.0,0.020974772673572478,0.0,0.0
transformer_add113_f0.3_wd0.1_softmax_ce_s3,transformer,11500,at,11597,2,2,blocks.0.hook_mlp_out,2,0.37641256188491706,300.0,0.0,0.021667548143827604,0.0,0.0
transformer_add113_f0.3_wd0.1_softmax_ce_s3,transformer,11500,at,11597,2,3,blocks.1.hook_attn_out,0,1.6314636326141192,300.0,0.0,0.028508735164086415,0.0,0.0
transformer_add113_f0.3_wd0.1_softmax_ce_s3,transformer,11500,at,11597,2,3,blocks.1.hook_attn_out,1,1.6314636326141192,300.0,0.0,0.02959787768716786,0.0,5.842317025707855e-05
transformer_add113_f0.3_wd0.1_softmax_ce_s3,transformer,11500,at,11597,2,3,blocks.1.hook_attn_out,2,1.6341968415322554,300.0,0.0,0.028154791828685466,0.0,0.0
transformer_add113_f0.3_wd0.1_softmax_ce_s3,transformer,11500,at,11597,2,4,blocks.1.hook_mlp_out,0,3.049732674641558,300.0,0.0,0.032061759491411976,0.0,0.0
transformer_add113_f0.3_wd0.1_softmax_ce_s3,transformer,11500,at,11597,2,4,blocks.1.hook_mlp_out,1,3.058995524454833,300.0,0.0,0.03078709111092288,0.0,0.0
transformer_add113_f0.3_wd0.1_softmax_ce_s3,transformer,11500,at,11597,2,4,blocks.1.hook_mlp_out,2,3.0438144334689654,300.0,0.0,0.026896703400523348,0.0,0.0
transformer_add113_f0.3_wd0.1_softmax_ce_s3,transformer,11500,at,11597,2,5,hook_resid_final,0,26.98559678695289,300.0,0.0,0.03075662411924767,0.0,0.0009107944914112187
transformer_add113_f0.3_wd0.1_softmax_ce_s3,transformer,11500,at,11597,2,5,hook_resid_final,1,27.402794435810456,300.0,0.0,0.03405254148152834,0.0,0.0
transformer_add113_f0.3_wd0.1_softmax_ce_s3,transformer,11500,at,11597,2,5,hook_resid_final,2,27.402794435810456,300.0,0.0,0.026509598994694926,0.0,0.0
transformer_add113_f0.3_wd0.1_softmax_ce_s3,transformer,11500,at,11597,2,6,logits,0,136.76463784861488,300.0,0.0,0.03006623399918404,0.0,0.0
transformer_add113_f0.3_wd0.1_softmax_ce_s3,transformer,11500,at,11597,2,6,logits,1,136.76463784861488,300.0,0.0,0.031037845669535446,0.0,0.0
transformer_add113_f0.3_wd0.1_softmax_ce_s3,transformer,11500,at,11597,2,6,logits,2,136.6583514925848,300.0,0.0,0.04428241847768447,0.0,0.0
transformer_add113_f0.3_wd0.1_softmax_ce_s3,transformer,11500,after,60000,8,0,operands,0,0.9831198713563826,300.0,0.0,0.09891254832873982,0.0,0.060991216172721435
transformer_add113_f0.3_wd0.1_softmax_ce_s3,transformer,11500,after,60000,8,0,operands,1,0.9852282051372929,300.0,0.0,0.10877418288506828,0.0,0.061066574109479396
transformer_add113_f0.3_wd0.1_softmax_ce_s3,transformer,11500,after,60000,8,0,operands,2,0.9931616063356044,300.0,0.0,0.10161304378481607,0.0,0.06321067275986912
transformer_add113_f0.3_wd0.1_softmax_ce_s3,transformer,11500,after,60000,8,1,blocks.0.hook_attn_out,0,0.675709522547768,300.0,0.0,0.07199836615368749,0.0,0.04449035460301576
transformer_add113_f0.3_wd0.1_softmax_ce_s3,transformer,11500,after,60000,8,1,blocks.0.hook_attn_out,1,0.6737567829573758,300.0,0.0,0.06627427917189933,0.0,0.04582542524762147
transformer_add113_f0.3_wd0.1_softmax_ce_s3,transformer,11500,after,60000,8,1,blocks.0.hook_attn_out,2,0.6726455307036436,300.0,0.0,0.07264322811703007,0.0,0.04727366924346402
transformer_add113_f0.3_wd0.1_softmax_ce_s3,transformer,11500,after,60000,8,2,blocks.0.hook_mlp_out,0,0.11313559588015029,300.0,0.0,0.03502294450476427,0.0,0.0187632254333052
transformer_add113_f0.3_wd0.1_softmax_ce_s3,transformer,11500,after,60000,8,2,blocks.0.hook_mlp_out,1,0.11332987200471106,300.0,0.0,0.03159862810376969,0.0,0.019678219842340645
transformer_add113_f0.3_wd0.1_softmax_ce_s3,transformer,11500,after,60000,8,2,blocks.0.hook_mlp_out,2,0.11126723874521834,300.0,0.0,0.03337774868718883,0.0,0.023429048272440006
transformer_add113_f0.3_wd0.1_softmax_ce_s3,transformer,11500,after,60000,8,3,blocks.1.hook_attn_out,0,0.6889664970602778,300.0,0.0,0.07991273602437943,0.0,0.0533739048725031
transformer_add113_f0.3_wd0.1_softmax_ce_s3,transformer,11500,after,60000,8,3,blocks.1.hook_attn_out,1,0.6821396054411947,300.0,0.0,0.06904053582326206,0.0,0.05593078746762535
transformer_add113_f0.3_wd0.1_softmax_ce_s3,transformer,11500,after,60000,8,3,blocks.1.hook_attn_out,2,0.6821396054411947,300.0,0.0,0.06943055178162719,0.0,0.049029969091047655
transformer_add113_f0.3_wd0.1_softmax_ce_s3,transformer,11500,after,60000,8,4,blocks.1.hook_mlp_out,0,0.6954251769467812,300.0,0.0,0.07617733935586812,0.0,0.05923528532326937
transformer_add113_f0.3_wd0.1_softmax_ce_s3,transformer,11500,after,60000,8,4,blocks.1.hook_mlp_out,1,0.6948588098560182,300.0,0.0,0.08107411317161274,0.0,0.06026713620319625
transformer_add113_f0.3_wd0.1_softmax_ce_s3,transformer,11500,after,60000,8,4,blocks.1.hook_mlp_out,2,0.6939935539326962,300.0,0.0,0.08003084349535332,0.0,0.06077969565048044
transformer_add113_f0.3_wd0.1_softmax_ce_s3,transformer,11500,after,60000,8,5,hook_resid_final,0,37.22987949861976,300.0,0.0,0.10774349132503144,1.0,0.05612928169201474
transformer_add113_f0.3_wd0.1_softmax_ce_s3,transformer,11500,after,60000,8,5,hook_resid_final,1,37.946666964574504,300.0,0.0,0.10331909255398261,1.0,0.05926491877820445
transformer_add113_f0.3_wd0.1_softmax_ce_s3,transformer,11500,after,60000,8,5,hook_resid_final,2,37.94186804184497,300.0,0.0,0.10479736339731756,0.0,0.04976713266368898
transformer_add113_f0.3_wd0.1_softmax_ce_s3,transformer,11500,after,60000,8,6,logits,0,138.9634698862181,300.0,0.0,0.09916312680117706,0.0,0.04841091211341372
transformer_add113_f0.3_wd0.1_softmax_ce_s3,transformer,11500,after,60000,8,6,logits,1,138.89958158420595,300.0,0.0,0.09929752807035576,1.0,0.05173272377474539
transformer_add113_f0.3_wd0.1_softmax_ce_s3,transformer,11500,after,60000,8,6,logits,2,139.9316333737285,300.0,0.0,0.09624955245259262,0.0,0.04846018378694606
transformer_add113_f0.3_wd0.1_softmax_ce_s3,transformer,11500,after,60000,4,0,operands,0,0.8707028085010389,300.0,0.0,0.12796265438951204,0.0,0.07564511488145811
transformer_add113_f0.3_wd0.1_softmax_ce_s3,transformer,11500,after,60000,4,0,operands,1,0.8775165936516974,300.0,0.0,0.10383795414920607,0.0,0.06258688598660181
transformer_add113_f0.3_wd0.1_softmax_ce_s3,transformer,11500,after,60000,4,0,operands,2,0.8743566562510275,300.0,0.0,0.11013901487989006,0.0,0.06199340322044581
transformer_add113_f0.3_wd0.1_softmax_ce_s3,transformer,11500,after,60000,4,1,blocks.0.hook_attn_out,0,0.6573270962912178,300.0,0.0,0.06508839095906133,0.0,0.043094873107011045
transformer_add113_f0.3_wd0.1_softmax_ce_s3,transformer,11500,after,60000,4,1,blocks.0.hook_attn_out,1,0.6658662298240134,300.0,0.0,0.06808948567225136,0.0,0.04085452612553319
transformer_add113_f0.3_wd0.1_softmax_ce_s3,transformer,11500,after,60000,4,1,blocks.0.hook_attn_out,2,0.6650795308286972,300.0,0.0,0.06196020027208376,0.0,0.039915593977959
transformer_add113_f0.3_wd0.1_softmax_ce_s3,transformer,11500,after,60000,4,2,blocks.0.hook_mlp_out,0,0.11307573161205353,300.0,0.0,0.03520584108762059,0.0,0.02293309450608996
transformer_add113_f0.3_wd0.1_softmax_ce_s3,transformer,11500,after,60000,4,2,blocks.0.hook_mlp_out,1,0.11326845308468744,300.0,0.0,0.031596291899494616,0.0,0.0242988642377316
transformer_add113_f0.3_wd0.1_softmax_ce_s3,transformer,11500,after,60000,4,2,blocks.0.hook_mlp_out,2,0.11122712421165012,300.0,0.0,0.03534077480034221,0.0,0.02291601761550175
transformer_add113_f0.3_wd0.1_softmax_ce_s3,transformer,11500,after,60000,4,3,blocks.1.hook_attn_out,0,0.6567690744080169,300.0,0.0,0.06358769858915099,0.0,0.040598546214136465
transformer_add113_f0.3_wd0.1_softmax_ce_s3,transformer,11500,after,60000,4,3,blocks.1.hook_attn_out,1,0.6525228091164025,300.0,0.0,0.06029999117220747,1.0,0.05018163429089821
transformer_add113_f0.3_wd0.1_softmax_ce_s3,transformer,11500,after,60000,4,3,blocks.1.hook_attn_out,2,0.6567690744080169,300.0,0.0,0.061241188371751056,0.0,0.04699690878890038
transformer_add113_f0.3_wd0.1_softmax_ce_s3,transformer,11500,after,60000,4,4,blocks.1.hook_mlp_out,0,0.6621784891361698,300.0,0.0,0.062083771401052375,0.0,0.040726633052880816
transformer_add113_f0.3_wd0.1_softmax_ce_s3,transformer,11500,after,60000,4,4,blocks.1.hook_mlp_out,1,0.662265715074216,300.0,0.0,0.07554608202134001,1.0,0.05144098537802479
transformer_add113_f0.3_wd0.1_softmax_ce_s3,transformer,11500,after,60000,4,4,blocks.1.hook_mlp_out,2,0.6567880430829001,300.0,0.0,0.060754170218521183,0.0,0.049410817756437415
transformer_add113_f0.3_wd0.1_softmax_ce_s3,transformer,11500,after,60000,4,5,hook_resid_final,0,34.86572576000435,300.0,0.0,0.09763489246652739,0.0,0.03433402248450622
transformer_add113_f0.3_wd0.1_softmax_ce_s3,transformer,11500,after,60000,4,5,hook_resid_final,1,34.77962455966005,300.0,0.0,0.07535353318401104,0.0,0.04699984257056232
transformer_add113_f0.3_wd0.1_softmax_ce_s3,transformer,11500,after,60000,4,5,hook_resid_final,2,34.696274730702356,300.0,0.0,0.08193464184055853,0.0,0.041369886156648175
transformer_add113_f0.3_wd0.1_softmax_ce_s3,transformer,11500,after,60000,4,6,logits,0,123.38697075850729,300.0,0.0,0.1737528901280635,1.0,0.05771241640685734
transformer_add113_f0.3_wd0.1_softmax_ce_s3,transformer,11500,after,60000,4,6,logits,1,124.6449696991511,300.0,0.0,0.12873483981142012,0.0,0.06382654653602565
transformer_add113_f0.3_wd0.1_softmax_ce_s3,transformer,11500,after,60000,4,6,logits,2,125.42948866897311,300.0,0.0,0.1315900590373096,1.0,0.050884187540266176
transformer_add113_f0.3_wd0.1_softmax_ce_s3,transformer,11500,after,60000,2,0,operands,0,0.8273440935895509,300.0,0.0,0.06820852384584146,0.0,0.044229991580525124
transformer_add113_f0.3_wd0.1_softmax_ce_s3,transformer,11500,after,60000,2,0,operands,1,0.8273440935895509,300.0,0.0,0.07282375628976194,1.0,0.051840651670879326
transformer_add113_f0.3_wd0.1_softmax_ce_s3,transformer,11500,after,60000,2,0,operands,2,0.8273440935895509,300.0,0.0,0.05783105669277398,0.0,0.04696825146356401
transformer_add113_f0.3_wd0.1_softmax_ce_s3,transformer,11500,after,60000,2,1,blocks.0.hook_attn_out,0,0.6032422531987996,300.0,0.0,0.030150558749007572,0.0,0.0
transformer_add113_f0.3_wd0.1_softmax_ce_s3,transformer,11500,after,60000,2,1,blocks.0.hook_attn_out,1,0.6032422531987996,300.0,0.0,0.028495650228477554,0.0,0.0
transformer_add113_f0.3_wd0.1_softmax_ce_s3,transformer,11500,after,60000,2,1,blocks.0.hook_attn_out,2,0.6032422531987996,300.0,0.0,0.029493725901799123,0.0,0.0
transformer_add113_f0.3_wd0.1_softmax_ce_s3,transformer,11500,after,60000,2,2,blocks.0.hook_mlp_out,0,0.11310612584205396,300.0,0.0,0.02547321595787679,0.0,0.0
transformer_add113_f0.3_wd0.1_softmax_ce_s3,transformer,11500,after,60000,2,2,blocks.0.hook_mlp_out,1,0.11310612584205396,300.0,0.0,0.027575482518453123,0.0,0.0
transformer_add113_f0.3_wd0.1_softmax_ce_s3,transformer,11500,after,60000,2,2,blocks.0.hook_mlp_out,2,0.11310612584205396,300.0,0.0,0.023383193443837658,0.0,0.0
transformer_add113_f0.3_wd0.1_softmax_ce_s3,transformer,11500,after,60000,2,3,blocks.1.hook_attn_out,0,0.6021635410390123,300.0,0.0,0.03569443216214157,0.0,0.0
transformer_add113_f0.3_wd0.1_softmax_ce_s3,transformer,11500,after,60000,2,3,blocks.1.hook_attn_out,1,0.6021635410390123,300.0,0.0,0.03513947444583452,0.0,0.0
transformer_add113_f0.3_wd0.1_softmax_ce_s3,transformer,11500,after,60000,2,3,blocks.1.hook_attn_out,2,0.6021635410390123,300.0,0.0,0.030263060630733682,0.0,0.0
transformer_add113_f0.3_wd0.1_softmax_ce_s3,transformer,11500,after,60000,2,4,blocks.1.hook_mlp_out,0,0.6192183615811911,300.0,0.0,0.03193990967189379,0.0,0.0
transformer_add113_f0.3_wd0.1_softmax_ce_s3,transformer,11500,after,60000,2,4,blocks.1.hook_mlp_out,1,0.6192183615811911,300.0,0.0,0.03385098046968505,0.0,0.0
transformer_add113_f0.3_wd0.1_softmax_ce_s3,transformer,11500,after,60000,2,4,blocks.1.hook_mlp_out,2,0.6192183615811911,300.0,0.0,0.029258694641937952,0.0,0.0
transformer_add113_f0.3_wd0.1_softmax_ce_s3,transformer,11500,after,60000,2,5,hook_resid_final,0,33.192028633505615,300.0,1.0,0.054263926976265024,0.0,0.0
transformer_add113_f0.3_wd0.1_softmax_ce_s3,transformer,11500,after,60000,2,5,hook_resid_final,1,33.192028633505615,300.0,0.0,0.04742715513392458,0.0,0.0
transformer_add113_f0.3_wd0.1_softmax_ce_s3,transformer,11500,after,60000,2,5,hook_resid_final,2,32.86260808163914,300.0,0.0,0.04907048491308526,0.0,0.0005302542350286228
transformer_add113_f0.3_wd0.1_softmax_ce_s3,transformer,11500,after,60000,2,6,logits,0,126.54078123076604,300.0,1.0,0.055270707668322774,0.0,0.0
transformer_add113_f0.3_wd0.1_softmax_ce_s3,transformer,11500,after,60000,2,6,logits,1,126.76504895348394,300.0,1.0,0.06178338285955916,0.0,0.0
transformer_add113_f0.3_wd0.1_softmax_ce_s3,transformer,11500,after,60000,2,6,logits,2,126.06537149373348,300.0,1.0,0.0518244038964303,0.0,0.0
transformer_add113_f0.3_wd0.1_softmax_ce_s4,transformer,10500,init,0,8,0,operands,0,18.951632236985905,300.0,0.0,0.11870946988985832,0.0,0.05373504513622994
transformer_add113_f0.3_wd0.1_softmax_ce_s4,transformer,10500,init,0,8,0,operands,1,18.51211052812884,300.0,0.0,0.12520305892586334,0.0,0.056652562936102366
transformer_add113_f0.3_wd0.1_softmax_ce_s4,transformer,10500,init,0,8,0,operands,2,18.951632236985905,300.0,0.0,0.10025776313938206,0.0,0.06412894828876595
transformer_add113_f0.3_wd0.1_softmax_ce_s4,transformer,10500,init,0,8,1,blocks.0.hook_attn_out,0,4.918569724732563,300.0,0.0,0.07487725384547114,0.0,0.041246096085386874
transformer_add113_f0.3_wd0.1_softmax_ce_s4,transformer,10500,init,0,8,1,blocks.0.hook_attn_out,1,4.918569724732563,300.0,0.0,0.08071456049501714,0.0,0.047156015516997996
transformer_add113_f0.3_wd0.1_softmax_ce_s4,transformer,10500,init,0,8,1,blocks.0.hook_attn_out,2,4.918569724732563,300.0,0.0,0.06351512272233566,0.0,0.04172762837980275
transformer_add113_f0.3_wd0.1_softmax_ce_s4,transformer,10500,init,0,8,2,blocks.0.hook_mlp_out,0,1.0967534635306173,300.0,0.0,0.06919858660440122,0.0,0.05726620102366802
transformer_add113_f0.3_wd0.1_softmax_ce_s4,transformer,10500,init,0,8,2,blocks.0.hook_mlp_out,1,1.0967534635306173,300.0,0.0,0.06812725526009453,0.0,0.04497572675893763
transformer_add113_f0.3_wd0.1_softmax_ce_s4,transformer,10500,init,0,8,2,blocks.0.hook_mlp_out,2,1.0967534635306173,300.0,0.0,0.07303797227961872,1.0,0.050637864811894404
transformer_add113_f0.3_wd0.1_softmax_ce_s4,transformer,10500,init,0,8,3,blocks.1.hook_attn_out,0,4.881572863777688,300.0,0.0,0.05984702975169581,0.0,0.04598833555983427
transformer_add113_f0.3_wd0.1_softmax_ce_s4,transformer,10500,init,0,8,3,blocks.1.hook_attn_out,1,4.881572863777688,300.0,0.0,0.07632394236123682,0.0,0.04586638077013235
transformer_add113_f0.3_wd0.1_softmax_ce_s4,transformer,10500,init,0,8,3,blocks.1.hook_attn_out,2,4.881572863777688,300.0,0.0,0.06457818694073467,1.0,0.05195647671314245
transformer_add113_f0.3_wd0.1_softmax_ce_s4,transformer,10500,init,0,8,4,blocks.1.hook_mlp_out,0,1.4922915598226294,300.0,0.0,0.06670994925351653,0.0,0.04633203923669773
transformer_add113_f0.3_wd0.1_softmax_ce_s4,transformer,10500,init,0,8,4,blocks.1.hook_mlp_out,1,1.4922915598226294,300.0,0.0,0.06301088956020016,0.0,0.04408304257697875
transformer_add113_f0.3_wd0.1_softmax_ce_s4,transformer,10500,init,0,8,4,blocks.1.hook_mlp_out,2,1.4922915598226294,300.0,0.0,0.07378849518970061,0.0,0.045906680224005215
transformer_add113_f0.3_wd0.1_softmax_ce_s4,transformer,10500,init,0,8,5,hook_resid_final,0,6.005449641027708,300.0,0.0,0.06278919375222385,1.0,0.05175971606643598
transformer_add113_f0.3_wd0.1_softmax_ce_s4,transformer,10500,init,0,8,5,hook_resid_final,1,5.752159783827905,300.0,0.0,0.07287797984615416,0.0,0.05738053951037212
transformer_add113_f0.3_wd0.1_softmax_ce_s4,transformer,10500,init,0,8,5,hook_resid_final,2,6.005449641027708,300.0,0.0,0.06986830586635877,1.0,0.05360012601762312
transformer_add113_f0.3_wd0.1_softmax_ce_s4,transformer,10500,init,0,8,6,logits,0,3.6655820363464615,300.0,0.0,0.06381336477761117,0.0,0.040590057921670024
transformer_add113_f0.3_wd0.1_softmax_ce_s4,transformer,10500,init,0,8,6,logits,1,3.6655820363464615,300.0,0.0,0.07152933898135977,0.0,0.046086083195621574
transformer_add113_f0.3_wd0.1_softmax_ce_s4,transformer,10500,init,0,8,6,logits,2,3.6655820363464615,300.0,0.0,0.06704716350394688,0.0,0.04533386681089217
transformer_add113_f0.3_wd0.1_softmax_ce_s4,transformer,10500,init,0,4,0,operands,0,16.61282005417381,300.0,0.0,0.09722775646611646,0.0,0.05658619794469795
transformer_add113_f0.3_wd0.1_softmax_ce_s4,transformer,10500,init,0,4,0,operands,1,16.602611989835957,300.0,0.0,0.08841005327444627,0.0,0.05438376908901414
transformer_add113_f0.3_wd0.1_softmax_ce_s4,transformer,10500,init,0,4,0,operands,2,16.602611989835957,300.0,0.0,0.08692183738156523,1.0,0.05141003704067279
transformer_add113_f0.3_wd0.1_softmax_ce_s4,transformer,10500,init,0,4,1,blocks.0.hook_attn_out,0,4.329015254540208,300.0,0.0,0.05339772540429605,0.0,0.03415112435592727
transformer_add113_f0.3_wd0.1_softmax_ce_s4,transformer,10500,init,0,4,1,blocks.0.hook_attn_out,1,4.329015254540208,300.0,0.0,0.05437056230452021,0.0,0.0414654517922806
transformer_add113_f0.3_wd0.1_softmax_ce_s4,transformer,10500,init,0,4,1,blocks.0.hook_attn_out,2,4.292956463373614,300.0,0.0,0.06485467647095962,0.0,0.034833790835197484
transformer_add113_f0.3_wd0.1_softmax_ce_s4,transformer,10500,init,0,4,2,blocks.0.hook_mlp_out,0,1.0533023680939793,300.0,0.0,0.060137955012556886,0.0,0.03394962982226817
transformer_add113_f0.3_wd0.1_softmax_ce_s4,transformer,10500,init,0,4,2,blocks.0.hook_mlp_out,1,1.0538444454812603,300.0,0.0,0.05816699672386887,0.0,0.040893294675845904
transformer_add113_f0.3_wd0.1_softmax_ce_s4,transformer,10500,init,0,4,2,blocks.0.hook_mlp_out,2,1.0538444454812603,300.0,0.0,0.065760994273402,0.0,0.04437464338163199
transformer_add113_f0.3_wd0.1_softmax_ce_s4,transformer,10500,init,0,4,3,blocks.1.hook_attn_out,0,4.7490859766892415,300.0,0.0,0.058585309882517575,0.0,0.03786464296465152
transformer_add113_f0.3_wd0.1_softmax_ce_s4,transformer,10500,init,0,4,3,blocks.1.hook_attn_out,1,4.7490859766892415,300.0,0.0,0.05604984272469105,0.0,0.03456662919882633
transformer_add113_f0.3_wd0.1_softmax_ce_s4,transformer,10500,init,0,4,3,blocks.1.hook_attn_out,2,4.7490859766892415,300.0,0.0,0.056509790476280616,0.0,0.04561974585873397
transformer_add113_f0.3_wd0.1_softmax_ce_s4,transformer,10500,init,0,4,4,blocks.1.hook_mlp_out,0,1.3347377209714537,300.0,0.0,0.05413712277512191,0.0,0.03694028214853139
transformer_add113_f0.3_wd0.1_softmax_ce_s4,transformer,10500,init,0,4,4,blocks.1.hook_mlp_out,1,1.3352167167456872,300.0,0.0,0.05719995572200995,0.0,0.040559064634226934
transformer_add113_f0.3_wd0.1_softmax_ce_s4,transformer,10500,init,0,4,4,blocks.1.hook_mlp_out,2,1.3352167167456872,300.0,0.0,0.06531622153147865,0.0,0.038674200712176546
transformer_add113_f0.3_wd0.1_softmax_ce_s4,transformer,10500,init,0,4,5,hook_resid_final,0,5.837185610833253,300.0,0.0,0.05542692181848463,0.0,0.032208500747267076
transformer_add113_f0.3_wd0.1_softmax_ce_s4,transformer,10500,init,0,4,5,hook_resid_final,1,5.837185610833253,300.0,0.0,0.05885651528300933,0.0,0.037215090857698974
transformer_add113_f0.3_wd0.1_softmax_ce_s4,transformer,10500,init,0,4,5,hook_resid_final,2,5.837185610833253,300.0,1.0,0.050522219019031006,0.0,0.035250395532374766
transformer_add113_f0.3_wd0.1_softmax_ce_s4,transformer,10500,init,0,4,6,logits,0,3.5361870250193568,300.0,0.0,0.05115472536808084,0.0,0.03752771894884252
transformer_add113_f0.3_wd0.1_softmax_ce_s4,transformer,10500,init,0,4,6,logits,1,3.5361870250193568,300.0,0.0,0.0520384489660746,0.0,0.03720562479800877
transformer_add113_f0.3_wd0.1_softmax_ce_s4,transformer,10500,init,0,4,6,logits,2,3.5361870250193568,300.0,0.0,0.052868622241330446,0.0,0.03915716913751014
transformer_add113_f0.3_wd0.1_softmax_ce_s4,transformer,10500,init,0,2,0,operands,0,16.568014497542702,300.0,0.0,0.06191416265622647,0.0,0.04117903152251314
transformer_add113_f0.3_wd0.1_softmax_ce_s4,transformer,10500,init,0,2,0,operands,1,16.568014497542702,300.0,0.0,0.05859206284011315,0.0,0.0382438147273011
transformer_add113_f0.3_wd0.1_softmax_ce_s4,transformer,10500,init,0,2,0,operands,2,16.568014497542702,300.0,0.0,0.0697961289300675,0.0,0.03422381449282549
transformer_add113_f0.3_wd0.1_softmax_ce_s4,transformer,10500,init,0,2,1,blocks.0.hook_attn_out,0,4.243102144832009,300.0,0.0,0.024169336910331223,0.0,0.0
transformer_add113_f0.3_wd0.1_softmax_ce_s4,transformer,10500,init,0,2,1,blocks.0.hook_attn_out,1,4.243102144832009,300.0,0.0,0.03135936567686298,0.0,0.0
transformer_add113_f0.3_wd0.1_softmax_ce_s4,transformer,10500,init,0,2,1,blocks.0.hook_attn_out,2,4.239266818783392,300.0,0.0,0.02498192742445711,0.0,0.0
transformer_add113_f0.3_wd0.1_softmax_ce_s4,transformer,10500,init,0,2,2,blocks.0.hook_mlp_out,0,0.9698544657526506,300.0,0.0,0.032308844389186665,0.0,0.0
transformer_add113_f0.3_wd0.1_softmax_ce_s4,transformer,10500,init,0,2,2,blocks.0.hook_mlp_out,1,0.9710386136063369,300.0,0.0,0.03244223239168107,0.0,0.0
transformer_add113_f0.3_wd0.1_softmax_ce_s4,transformer,10500,init,0,2,2,blocks.0.hook_mlp_out,2,0.9710386136063369,300.0,0.0,0.030476047882093554,0.0,0.0
transformer_add113_f0.3_wd0.1_softmax_ce_s4,transformer,10500,init,0,2,3,blocks.1.hook_attn_out,0,4.282928026295346,300.0,0.0,0.03022320445156641,0.0,0.0
transformer_add113_f0.3_wd0.1_softmax_ce_s4,transformer,10500,init,0,2,3,blocks.1.hook_attn_out,1,4.282928026295346,300.0,0.0,0.025531771778140942,0.0,0.0
transformer_add113_f0.3_wd0.1_softmax_ce_s4,transformer,10500,init,0,2,3,blocks.1.hook_attn_out,2,4.282928026295346,300.0,0.0,0.02805778197431265,0.0,0.0002154111599568269
transformer_add113_f0.3_wd0.1_softmax_ce_s4,transformer,10500,init,0,2,4,blocks.1.hook_mlp_out,0,1.2869189847488736,300.0,0.0,0.02872001291337014,0.0,0.0
transformer_add113_f0.3_wd0.1_softmax_ce_s4,transformer,10500,init,0,2,4,blocks.1.hook_mlp_out,1,1.2869189847488736,300.0,0.0,0.028117181313915277,0.0,0.0
transformer_add113_f0.3_wd0.1_softmax_ce_s4,transformer,10500,init,0,2,4,blocks.1.hook_mlp_out,2,1.2869189847488736,300.0,0.0,0.027263303762879276,0.0,0.0
transformer_add113_f0.3_wd0.1_softmax_ce_s4,transformer,10500,init,0,2,5,hook_resid_final,0,5.770283299794302,300.0,0.0,0.03052065583073946,0.0,0.0
transformer_add113_f0.3_wd0.1_softmax_ce_s4,transformer,10500,init,0,2,5,hook_resid_final,1,5.770283299794302,300.0,0.0,0.033908662316122884,0.0,0.0
transformer_add113_f0.3_wd0.1_softmax_ce_s4,transformer,10500,init,0,2,5,hook_resid_final,2,5.770283299794302,300.0,0.0,0.02880779334413462,0.0,0.002861894783011583
transformer_add113_f0.3_wd0.1_softmax_ce_s4,transformer,10500,init,0,2,6,logits,0,3.449442622227097,300.0,0.0,0.024103092870537378,0.0,0.0
transformer_add113_f0.3_wd0.1_softmax_ce_s4,transformer,10500,init,0,2,6,logits,1,3.449442622227097,300.0,0.0,0.0294177833323315,0.0,0.0
transformer_add113_f0.3_wd0.1_softmax_ce_s4,transformer,10500,init,0,2,6,logits,2,3.449442622227097,300.0,0.0,0.027675888747056895,0.0,0.0
transformer_add113_f0.3_wd0.1_softmax_ce_s4,transformer,10500,before,9580,8,0,operands,0,1.4284974992845554,300.0,0.0,0.11279480050528615,1.0,0.05189451911113083
transformer_add113_f0.3_wd0.1_softmax_ce_s4,transformer,10500,before,9580,8,0,operands,1,1.4284974992845554,300.0,0.0,0.12081004326480314,1.0,0.050611629635173044
transformer_add113_f0.3_wd0.1_softmax_ce_s4,transformer,10500,before,9580,8,0,operands,2,1.4284974992845554,300.0,0.0,0.11970194153407358,0.0,0.05260084686267617
transformer_add113_f0.3_wd0.1_softmax_ce_s4,transformer,10500,before,9580,8,1,blocks.0.hook_attn_out,0,1.4639928921603125,300.0,0.0,0.06530801487609064,0.0,0.049411146866635655
transformer_add113_f0.3_wd0.1_softmax_ce_s4,transformer,10500,before,9580,8,1,blocks.0.hook_attn_out,1,1.4639928921603125,300.0,0.0,0.07080363866235063,0.0,0.039224464120923515
transformer_add113_f0.3_wd0.1_softmax_ce_s4,transformer,10500,before,9580,8,1,blocks.0.hook_attn_out,2,1.4639928921603125,300.0,0.0,0.07119035824373031,0.0,0.04444182976337771
transformer_add113_f0.3_wd0.1_softmax_ce_s4,transformer,10500,before,9580,8,2,blocks.0.hook_mlp_out,0,0.9329034593959918,300.0,0.0,0.0665837765622938,0.0,0.051656602874005655
transformer_add113_f0.3_wd0.1_softmax_ce_s4,transformer,10500,before,9580,8,2,blocks.0.hook_mlp_out,1,0.9348857783967786,300.0,0.0,0.0769651981590725,0.0,0.048888315216175676
transformer_add113_f0.3_wd0.1_softmax_ce_s4,transformer,10500,before,9580,8,2,blocks.0.hook_mlp_out,2,0.9348857783967786,300.0,0.0,0.06977139337509546,1.0,0.050872212901148975
transformer_add113_f0.3_wd0.1_softmax_ce_s4,transformer,10500,before,9580,8,3,blocks.1.hook_attn_out,0,1.0245700060485903,300.0,0.0,0.06864947483438484,1.0,0.051614502712363425
transformer_add113_f0.3_wd0.1_softmax_ce_s4,transformer,10500,before,9580,8,3,blocks.1.hook_attn_out,1,1.019585899690895,300.0,0.0,0.07732090898441082,1.0,0.05046430745952209
transformer_add113_f0.3_wd0.1_softmax_ce_s4,transformer,10500,before,9580,8,3,blocks.1.hook_attn_out,2,1.0198590949882893,300.0,0.0,0.07345908160389117,0.0,0.05994425730691443
transformer_add113_f0.3_wd0.1_softmax_ce_s4,transformer,10500,before,9580,8,4,blocks.1.hook_mlp_out,0,1.1932103820800153,300.0,0.0,0.06799543501305393,0.0,0.045124050007979796
transformer_add113_f0.3_wd0.1_softmax_ce_s4,transformer,10500,before,9580,8,4,blocks.1.hook_mlp_out,1,1.1777565100298495,300.0,0.0,0.06980903969245927,0.0,0.04833931480446397
transformer_add113_f0.3_wd0.1_softmax_ce_s4,transformer,10500,before,9580,8,4,blocks.1.hook_mlp_out,2,1.1820001446481874,300.0,0.0,0.10632463830638951,1.0,0.050999306192010575
transformer_add113_f0.3_wd0.1_softmax_ce_s4,transformer,10500,before,9580,8,5,hook_resid_final,0,25.3528287377259,300.0,0.0,0.08944433144602353,0.0,0.0697883815666438
transformer_add113_f0.3_wd0.1_softmax_ce_s4,transformer,10500,before,9580,8,5,hook_resid_final,1,24.880406448645594,300.0,0.0,0.0861743743452469,0.0,0.061492398330008885
transformer_add113_f0.3_wd0.1_softmax_ce_s4,transformer,10500,before,9580,8,5,hook_resid_final,2,25.16151309138692,300.0,0.0,0.08943312521315687,0.0,0.06675557552664002
transformer_add113_f0.3_wd0.1_softmax_ce_s4,transformer,10500,before,9580,8,6,logits,0,103.02065559328025,300.0,0.0,0.08195005849275278,0.0,0.05693427208940745
transformer_add113_f0.3_wd0.1_softmax_ce_s4,transformer,10500,before,9580,8,6,logits,1,103.02065559328025,300.0,0.0,0.08725188741327246,0.0,0.05986714909238394
transformer_add113_f0.3_wd0.1_softmax_ce_s4,transformer,10500,before,9580,8,6,logits,2,103.02065559328025,300.0,0.0,0.08730718943337126,0.0,0.060290347477190885
transformer_add113_f0.3_wd0.1_softmax_ce_s4,transformer,10500,before,9580,4,0,operands,0,1.1543495193038011,300.0,0.0,0.11723740491579424,0.0,0.06000946087019412
transformer_add113_f0.3_wd0.1_softmax_ce_s4,transformer,10500,before,9580,4,0,operands,1,1.1774172108611087,300.0,0.0,0.0988779219139581,0.0,0.0650448579159827
transformer_add113_f0.3_wd0.1_softmax_ce_s4,transformer,10500,before,9580,4,0,operands,2,1.1774172108611087,300.0,0.0,0.09994409744802933,0.0,0.05557525398021842
transformer_add113_f0.3_wd0.1_softmax_ce_s4,transformer,10500,before,9580,4,1,blocks.0.hook_attn_out,0,1.2916563190963075,300.0,0.0,0.05914456695276419,0.0,0.04011861192311112
transformer_add113_f0.3_wd0.1_softmax_ce_s4,transformer,10500,before,9580,4,1,blocks.0.hook_attn_out,1,1.299474883924187,300.0,0.0,0.06837425902499959,0.0,0.04309320222877361
transformer_add113_f0.3_wd0.1_softmax_ce_s4,transformer,10500,before,9580,4,1,blocks.0.hook_attn_out,2,1.2916563190963075,300.0,0.0,0.06523971369209344,0.0,0.041068767563541185
transformer_add113_f0.3_wd0.1_softmax_ce_s4,transformer,10500,before,9580,4,2,blocks.0.hook_mlp_out,0,0.9058397333674946,300.0,0.0,0.07028232854240543,0.0,0.0498875178874008
transformer_add113_f0.3_wd0.1_softmax_ce_s4,transformer,10500,before,9580,4,2,blocks.0.hook_mlp_out,1,0.9270695249673092,300.0,0.0,0.0629121314015348,0.0,0.04603542894776329
transformer_add113_f0.3_wd0.1_softmax_ce_s4,transformer,10500,before,9580,4,2,blocks.0.hook_mlp_out,2,0.920658767505031,300.0,0.0,0.06896927835489723,0.0,0.04849947146956513
transformer_add113_f0.3_wd0.1_softmax_ce_s4,transformer,10500,before,9580,4,3,blocks.1.hook_attn_out,0,0.9895679620936222,300.0,0.0,0.06352441479106147,0.0,0.04119906925532232
transformer_add113_f0.3_wd0.1_softmax_ce_s4,transformer,10500,before,9580,4,3,blocks.1.hook_attn_out,1,0.9844481063948388,300.0,0.0,0.07108841599417048,0.0,0.0411943238433783
transformer_add113_f0.3_wd0.1_softmax_ce_s4,transformer,10500,before,9580,4,3,blocks.1.hook_attn_out,2,0.9786907377777587,300.0,0.0,0.06108283886503037,1.0,0.05242053389904543
transformer_add113_f0.3_wd0.1_softmax_ce_s4,transformer,10500,before,9580,4,4,blocks.1.hook_mlp_out,0,1.1385904385061916,300.0,0.0,0.0675101690870105,0.0,0.03689348311730411
transformer_add113_f0.3_wd0.1_softmax_ce_s4,transformer,10500,before,9580,4,4,blocks.1.hook_mlp_out,1,1.1385904385061916,300.0,0.0,0.05997278279443835,0.0,0.039641086099658635
transformer_add113_f0.3_wd0.1_softmax_ce_s4,transformer,10500,before,9580,4,4,blocks.1.hook_mlp_out,2,1.1385904385061916,300.0,0.0,0.06641543625825226,0.0,0.03632338393078994
transformer_add113_f0.3_wd0.1_softmax_ce_s4,transformer,10500,before,9580,4,5,hook_resid_final,0,23.471097043465736,300.0,0.0,0.06413271749135982,1.0,0.05317438625912893
transformer_add113_f0.3_wd0.1_softmax_ce_s4,transformer,10500,before,9580,4,5,hook_resid_final,1,23.656196532674908,300.0,0.0,0.06648795517623055,0.0,0.04792062763525978
transformer_add113_f0.3_wd0.1_softmax_ce_s4,transformer,10500,before,9580,4,5,hook_resid_final,2,23.682971628294812,300.0,0.0,0.06706208337062712,0.0,0.048547327824104446
transformer_add113_f0.3_wd0.1_softmax_ce_s4,transformer,10500,before,9580,4,6,logits,0,96.05098722026895,300.0,0.0,0.06197651713100797,0.0,0.04208294628452944
transformer_add113_f0.3_wd0.1_softmax_ce_s4,transformer,10500,before,9580,4,6,logits,1,96.6103220950103,300.0,0.0,0.06740217102761503,0.0,0.04713249859454205
transformer_add113_f0.3_wd0.1_softmax_ce_s4,transformer,10500,before,9580,4,6,logits,2,96.6103220950103,300.0,0.0,0.05921258306939815,1.0,0.05509735539550274
transformer_add113_f0.3_wd0.1_softmax_ce_s4,transformer,10500,before,9580,2,0,operands,0,1.0819978765369096,300.0,0.0,0.06347591750173792,0.0,0.04013577802504927
transformer_add113_f0.3_wd0.1_softmax_ce_s4,transformer,10500,before,9580,2,0,operands,1,1.0819978765369096,300.0,0.0,0.0660902914255821,0.0,0.04561971908790896
transformer_add113_f0.3_wd0.1_softmax_ce_s4,transformer,10500,before,9580,2,0,operands,2,1.0819978765369096,300.0,0.0,0.06086287945171304,0.0,0.04381880968864786
transformer_add113_f0.3_wd0.1_softmax_ce_s4,transformer,10500,before,9580,2,1,blocks.0.hook_attn_out,0,1.1549919654332659,300.0,0.0,0.02764812289390279,0.0,0.0
transformer_add113_f0.3_wd0.1_softmax_ce_s4,transformer,10500,before,9580,2,1,blocks.0.hook_attn_out,1,1.1549919654332659,300.0,0.0,0.026850037596560194,0.0,0.0
transformer_add113_f0.3_wd0.1_softmax_ce_s4,transformer,10500,before,9580,2,1,blocks.0.hook_attn_out,2,1.1549919654332659,300.0,0.0,0.029640447807675947,0.0,0.0
transformer_add113_f0.3_wd0.1_softmax_ce_s4,transformer,10500,before,9580,2,2,blocks.0.hook_mlp_out,0,0.8809495072943233,300.0,0.0,0.03432646233933176,0.0,0.0
transformer_add113_f0.3_wd0.1_softmax_ce_s4,transformer,10500,before,9580,2,2,blocks.0.hook_mlp_out,1,0.8763635567460775,300.0,0.0,0.03131627354904836,0.0,0.0
transformer_add113_f0.3_wd0.1_softmax_ce_s4,transformer,10500,before,9580,2,2,blocks.0.hook_mlp_out,2,0.8763635567460775,300.0,0.0,0.03252275838624979,0.0,0.0
transformer_add113_f0.3_wd0.1_softmax_ce_s4,transformer,10500,before,9580,2,3,blocks.1.hook_attn_out,0,0.86782669927895,300.0,0.0,0.031051738954615535,0.0,0.0
transformer_add113_f0.3_wd0.1_softmax_ce_s4,transformer,10500,before,9580,2,3,blocks.1.hook_attn_out,1,0.86782669927895,300.0,0.0,0.038471582351009545,0.0,0.0
transformer_add113_f0.3_wd0.1_softmax_ce_s4,transformer,10500,before,9580,2,3,blocks.1.hook_attn_out,2,0.86782669927895,300.0,0.0,0.03130729424868819,0.0,0.0
transformer_add113_f0.3_wd0.1_softmax_ce_s4,transformer,10500,before,9580,2,4,blocks.1.hook_mlp_out,0,1.0572623681600357,300.0,0.0,0.030720602503329975,0.0,0.0
transformer_add113_f0.3_wd0.1_softmax_ce_s4,transformer,10500,before,9580,2,4,blocks.1.hook_mlp_out,1,1.0572623681600357,300.0,0.0,0.0279024872743778,0.0,0.0
transformer_add113_f0.3_wd0.1_softmax_ce_s4,transformer,10500,before,9580,2,4,blocks.1.hook_mlp_out,2,1.0572623681600357,300.0,0.0,0.0270698677658168,0.0,0.0008699653491607279
transformer_add113_f0.3_wd0.1_softmax_ce_s4,transformer,10500,before,9580,2,5,hook_resid_final,0,23.34731880885844,300.0,0.0,0.026081257283013685,0.0,0.0
transformer_add113_f0.3_wd0.1_softmax_ce_s4,transformer,10500,before,9580,2,5,hook_resid_final,1,23.173280848861438,300.0,0.0,0.030296632857136463,0.0,0.0
transformer_add113_f0.3_wd0.1_softmax_ce_s4,transformer,10500,before,9580,2,5,hook_resid_final,2,23.34731880885844,300.0,0.0,0.02512447372561345,0.0,0.0
transformer_add113_f0.3_wd0.1_softmax_ce_s4,transformer,10500,before,9580,2,6,logits,0,94.38140327932592,300.0,0.0,0.029284606060879462,0.0,0.0
transformer_add113_f0.3_wd0.1_softmax_ce_s4,transformer,10500,before,9580,2,6,logits,1,94.38140327932592,300.0,0.0,0.0316572676178978,0.0,0.0
transformer_add113_f0.3_wd0.1_softmax_ce_s4,transformer,10500,before,9580,2,6,logits,2,94.38140327932592,300.0,0.0,0.03683406182231805,0.0,0.0
transformer_add113_f0.3_wd0.1_softmax_ce_s4,transformer,10500,at,10588,8,0,operands,0,1.093072117220572,300.0,0.0,0.08611694918176463,0.0,0.058355095545837815
transformer_add113_f0.3_wd0.1_softmax_ce_s4,transformer,10500,at,10588,8,0,operands,1,1.0897343948474634,300.0,0.0,0.10445287216759641,0.0,0.05503505974494377
transformer_add113_f0.3_wd0.1_softmax_ce_s4,transformer,10500,at,10588,8,0,operands,2,1.093072117220572,300.0,0.0,0.11689621838342312,1.0,0.05181177709338798
transformer_add113_f0.3_wd0.1_softmax_ce_s4,transformer,10500,at,10588,8,1,blocks.0.hook_attn_out,0,1.2186505171175848,300.0,0.0,0.06953325292069877,0.0,0.052199002903028785
transformer_add113_f0.3_wd0.1_softmax_ce_s4,transformer,10500,at,10588,8,1,blocks.0.hook_attn_out,1,1.2083443818163122,300.0,0.0,0.06692564542421549,0.0,0.05424689151394396
transformer_add113_f0.3_wd0.1_softmax_ce_s4,transformer,10500,at,10588,8,1,blocks.0.hook_attn_out,2,1.2083443818163122,300.0,0.0,0.0724668782663803,0.0,0.05816125306103787
transformer_add113_f0.3_wd0.1_softmax_ce_s4,transformer,10500,at,10588,8,2,blocks.0.hook_mlp_out,0,0.8532527604541847,300.0,0.0,0.07268521038619241,0.0,0.056253190321468305
transformer_add113_f0.3_wd0.1_softmax_ce_s4,transformer,10500,at,10588,8,2,blocks.0.hook_mlp_out,1,0.8398590636199562,300.0,0.0,0.07094748011246173,0.0,0.05186896559817575
transformer_add113_f0.3_wd0.1_softmax_ce_s4,transformer,10500,at,10588,8,2,blocks.0.hook_mlp_out,2,0.8398590636199562,300.0,0.0,0.0714454930668583,0.0,0.05594352026621422
transformer_add113_f0.3_wd0.1_softmax_ce_s4,transformer,10500,at,10588,8,3,blocks.1.hook_attn_out,0,0.9742555740958304,300.0,0.0,0.08155373773686604,0.0,0.04957762709200499
transformer_add113_f0.3_wd0.1_softmax_ce_s4,transformer,10500,at,10588,8,3,blocks.1.hook_attn_out,1,0.9742555740958304,300.0,0.0,0.07076537405231426,0.0,0.053622582849766044
transformer_add113_f0.3_wd0.1_softmax_ce_s4,transformer,10500,at,10588,8,3,blocks.1.hook_attn_out,2,0.9399505285922625,300.0,0.0,0.07096946899729402,0.0,0.05488332616196853
transformer_add113_f0.3_wd0.1_softmax_ce_s4,transformer,10500,at,10588,8,4,blocks.1.hook_mlp_out,0,1.3267895708555266,300.0,0.0,0.08263533768715922,1.0,0.05007492145131507
transformer_add113_f0.3_wd0.1_softmax_ce_s4,transformer,10500,at,10588,8,4,blocks.1.hook_mlp_out,1,1.3218457357407434,300.0,0.0,0.10876964014177914,0.0,0.04876267278260597
transformer_add113_f0.3_wd0.1_softmax_ce_s4,transformer,10500,at,10588,8,4,blocks.1.hook_mlp_out,2,1.3322551231238782,300.0,0.0,0.08547027124386428,1.0,0.059891688942447154
transformer_add113_f0.3_wd0.1_softmax_ce_s4,transformer,10500,at,10588,8,5,hook_resid_final,0,25.585327697402306,300.0,0.0,0.09087143686676816,0.0,0.060490431143239536
transformer_add113_f0.3_wd0.1_softmax_ce_s4,transformer,10500,at,10588,8,5,hook_resid_final,1,25.279788537707528,300.0,0.0,0.1031449652463235,0.0,0.06500695378985605
transformer_add113_f0.3_wd0.1_softmax_ce_s4,transformer,10500,at,10588,8,5,hook_resid_final,2,26.46982339526674,300.0,0.0,0.11005019275037647,0.0,0.06064072453883588
transformer_add113_f0.3_wd0.1_softmax_ce_s4,transformer,10500,at,10588,8,6,logits,0,115.06694719228229,300.0,0.0,0.10579238109970626,0.0,0.06409219474774776
transformer_add113_f0.3_wd0.1_softmax_ce_s4,transformer,10500,at,10588,8,6,logits,1,112.70914808076974,300.0,0.0,0.09156435847804845,0.0,0.05746853899897962
transformer_add113_f0.3_wd0.1_softmax_ce_s4,transformer,10500,at,10588,8,6,logits,2,110.36145767693296,300.0,0.0,0.10038781104490395,0.0,0.060524682014638564
transformer_add113_f0.3_wd0.1_softmax_ce_s4,transformer,10500,at,10588,4,0,operands,0,1.0279927821454133,300.0,0.0,0.10297653102196808,0.0,0.06456614112746711
transformer_add113_f0.3_wd0.1_softmax_ce_s4,transformer,10500,at,10588,4,0,operands,1,1.0279927821454133,300.0,0.0,0.08394657090204437,0.0,0.06185622707595409
transformer_add113_f0.3_wd0.1_softmax_ce_s4,transformer,10500,at,10588,4,0,operands,2,1.0279927821454133,300.0,0.0,0.10616453218365494,0.0,0.056783418723627285
transformer_add113_f0.3_wd0.1_softmax_ce_s4,transformer,10500,at,10588,4,1,blocks.0.hook_attn_out,0,1.154363133846186,300.0,0.0,0.0734255577275008,0.0,0.04366165465807695
transformer_add113_f0.3_wd0.1_softmax_ce_s4,transformer,10500,at,10588,4,1,blocks.0.hook_attn_out,1,1.154363133846186,300.0,0.0,0.06353520281601882,0.0,0.04325858499599617
transformer_add113_f0.3_wd0.1_softmax_ce_s4,transformer,10500,at,10588,4,1,blocks.0.hook_attn_out,2,1.154363133846186,300.0,0.0,0.053403393363969306,0.0,0.04227730238360043
transformer_add113_f0.3_wd0.1_softmax_ce_s4,transformer,10500,at,10588,4,2,blocks.0.hook_mlp_out,0,0.8436796376072898,300.0,0.0,0.06060475194042896,0.0,0.05766855005771635
transformer_add113_f0.3_wd0.1_softmax_ce_s4,transformer,10500,at,10588,4,2,blocks.0.hook_mlp_out,1,0.8311179440361107,300.0,0.0,0.060355858358310976,0.0,0.04626399587595033
transformer_add113_f0.3_wd0.1_softmax_ce_s4,transformer,10500,at,10588,4,2,blocks.0.hook_mlp_out,2,0.8421995328782378,300.0,0.0,0.06183516456932727,0.0,0.04802026594761983
transformer_add113_f0.3_wd0.1_softmax_ce_s4,transformer,10500,at,10588,4,3,blocks.1.hook_attn_out,0,0.928393178823398,300.0,0.0,0.061048615216662466,0.0,0.049532086958453216
transformer_add113_f0.3_wd0.1_softmax_ce_s4,transformer,10500,at,10588,4,3,blocks.1.hook_attn_out,1,0.9227341690569021,300.0,0.0,0.06507506469257787,0.0,0.045616906809423007
transformer_add113_f0.3_wd0.1_softmax_ce_s4,transformer,10500,at,10588,4,3,blocks.1.hook_attn_out,2,0.9201187387085141,300.0,0.0,0.05872163891350726,0.0,0.03896970258213804
transformer_add113_f0.3_wd0.1_softmax_ce_s4,transformer,10500,at,10588,4,4,blocks.1.hook_mlp_out,0,1.3107267959904505,300.0,1.0,0.051124035096563845,0.0,0.034942275577060235
transformer_add113_f0.3_wd0.1_softmax_ce_s4,transformer,10500,at,10588,4,4,blocks.1.hook_mlp_out,1,1.3175002334440933,300.0,1.0,0.05334566128409919,0.0,0.040565262760312804
transformer_add113_f0.3_wd0.1_softmax_ce_s4,transformer,10500,at,10588,4,4,blocks.1.hook_mlp_out,2,1.3107267959904505,300.0,0.0,0.05411847403277836,0.0,0.034038992860083876
transformer_add113_f0.3_wd0.1_softmax_ce_s4,transformer,10500,at,10588,4,5,hook_resid_final,0,25.40244520271284,300.0,0.0,0.06247397737865429,0.0,0.04179276234170362
transformer_add113_f0.3_wd0.1_softmax_ce_s4,transformer,10500,at,10588,4,5,hook_resid_final,1,25.62270463759363,300.0,0.0,0.06481192959542599,1.0,0.05311582025465374
transformer_add113_f0.3_wd0.1_softmax_ce_s4,transformer,10500,at,10588,4,5,hook_resid_final,2,25.40244520271284,300.0,0.0,0.06916579900628227,0.0,0.044397957286925326
transformer_add113_f0.3_wd0.1_softmax_ce_s4,transformer,10500,at,10588,4,6,logits,0,105.36506563552723,300.0,0.0,0.07505783744170386,0.0,0.048131265156670155
transformer_add113_f0.3_wd0.1_softmax_ce_s4,transformer,10500,at,10588,4,6,logits,1,108.13061754079688,300.0,0.0,0.07460006603081355,0.0,0.048541771937468996
transformer_add113_f0.3_wd0.1_softmax_ce_s4,transformer,10500,at,10588,4,6,logits,2,104.53129449493287,300.0,0.0,0.08010365450651447,0.0,0.0455572598669485
transformer_add113_f0.3_wd0.1_softmax_ce_s4,transformer,10500,at,10588,2,0,operands,0,0.9279104193659856,300.0,0.0,0.060622956800888174,0.0,0.04149596783983373
transformer_add113_f0.3_wd0.1_softmax_ce_s4,transformer,10500,at,10588,2,0,operands,1,0.9279104193659856,300.0,0.0,0.04866598917616097,0.0,0.04194818465997189
transformer_add113_f0.3_wd0.1_softmax_ce_s4,transformer,10500,at,10588,2,0,operands,2,0.9048949611907645,300.0,0.0,0.05731665013050894,0.0,0.04851398179484341
transformer_add113_f0.3_wd0.1_softmax_ce_s4,transformer,10500,at,10588,2,1,blocks.0.hook_attn_out,0,1.0695958690559593,300.0,0.0,0.027834330045497825,0.0,0.0
transformer_add113_f0.3_wd0.1_softmax_ce_s4,transformer,10500,at,10588,2,1,blocks.0.hook_attn_out,1,1.0695958690559593,300.0,0.0,0.02890247478843851,0.0,0.0
transformer_add113_f0.3_wd0.1_softmax_ce_s4,transformer,10500,at,10588,2,1,blocks.0.hook_attn_out,2,1.0695958690559593,300.0,0.0,0.03023725605489229,0.0,0.0
transformer_add113_f0.3_wd0.1_softmax_ce_s4,transformer,10500,at,10588,2,2,blocks.0.hook_mlp_out,0,0.8416628709927593,300.0,0.0,0.03207097701319054,0.0,0.0
transformer_add113_f0.3_wd0.1_softmax_ce_s4,transformer,10500,at,10588,2,2,blocks.0.hook_mlp_out,1,0.8411791365184103,300.0,0.0,0.035700060709400155,0.0,0.0013406639045632118
transformer_add113_f0.3_wd0.1_softmax_ce_s4,transformer,10500,at,10588,2,2,blocks.0.hook_mlp_out,2,0.8416628709927593,300.0,0.0,0.029779479389069743,0.0,0.0
transformer_add113_f0.3_wd0.1_softmax_ce_s4,transformer,10500,at,10588,2,3,blocks.1.hook_attn_out,0,0.9143028983181748,300.0,0.0,0.02702670190362675,0.0,0.0
transformer_add113_f0.3_wd0.1_softmax_ce_s4,transformer,10500,at,10588,2,3,blocks.1.hook_attn_out,1,0.9143028983181748,300.0,0.0,0.03325252112033691,0.0,0.0
transformer_add113_f0.3_wd0.1_softmax_ce_s4,transformer,10500,at,10588,2,3,blocks.1.hook_attn_out,2,0.9143028983181748,300.0,0.0,0.027508013751676767,0.0,0.0
transformer_add113_f0.3_wd0.1_softmax_ce_s4,transformer,10500,at,10588,2,4,blocks.1.hook_mlp_out,0,1.087381726186349,300.0,0.0,0.02532678807358806,0.0,0.0
transformer_add113_f0.3_wd0.1_softmax_ce_s4,transformer,10500,at,10588,2,4,blocks.1.hook_mlp_out,1,1.0857379602864532,300.0,0.0,0.033428626284703736,0.0,0.0006946769870593827
transformer_add113_f0.3_wd0.1_softmax_ce_s4,transformer,10500,at,10588,2,4,blocks.1.hook_mlp_out,2,1.087381726186349,300.0,0.0,0.026233822774013545,0.0,0.0
transformer_add113_f0.3_wd0.1_softmax_ce_s4,transformer,10500,at,10588,2,5,hook_resid_final,0,25.16745934988819,300.0,0.0,0.03405632661110222,0.0,0.0
transformer_add113_f0.3_wd0.1_softmax_ce_s4,transformer,10500,at,10588,2,5,hook_resid_final,1,25.16745934988819,300.0,0.0,0.025908617249014786,0.0,0.0
transformer_add113_f0.3_wd0.1_softmax_ce_s4,transformer,10500,at,10588,2,5,hook_resid_final,2,25.16745934988819,300.0,0.0,0.027726725857267515,0.0,0.0
transformer_add113_f0.3_wd0.1_softmax_ce_s4,transformer,10500,at,10588,2,6,logits,0,98.56096591008847,300.0,0.0,0.02896154533417652,0.0,0.005362386719099936
transformer_add113_f0.3_wd0.1_softmax_ce_s4,transformer,10500,at,10588,2,6,logits,1,98.56096591008847,300.0,0.0,0.03108957479083023,0.0,0.0
transformer_add113_f0.3_wd0.1_softmax_ce_s4,transformer,10500,at,10588,2,6,logits,2,98.56096591008847,300.0,0.0,0.02806142725864002,0.0,0.0
transformer_add113_f0.3_wd0.1_softmax_ce_s4,transformer,10500,after,60000,8,0,operands,0,1.2227690635074466,300.0,0.0,0.07911532264681348,0.0,0.05909159395465732
transformer_add113_f0.3_wd0.1_softmax_ce_s4,transformer,10500,after,60000,8,0,operands,1,1.2281847129441474,300.0,0.0,0.07879577816547768,0.0,0.06304053410555047
transformer_add113_f0.3_wd0.1_softmax_ce_s4,transformer,10500,after,60000,8,0,operands,2,1.2347856856583308,300.0,0.0,0.0824818520209246,0.0,0.05974985985991139
transformer_add113_f0.3_wd0.1_softmax_ce_s4,transformer,10500,after,60000,8,1,blocks.0.hook_attn_out,0,2.169075325762375,300.0,0.0,0.07626381655505461,0.0,0.055250185467402485
transformer_add113_f0.3_wd0.1_softmax_ce_s4,transformer,10500,after,60000,8,1,blocks.0.hook_attn_out,1,2.204662165002046,300.0,0.0,0.08072427447951094,1.0,0.052259195459133004
transformer_add113_f0.3_wd0.1_softmax_ce_s4,transformer,10500,after,60000,8,1,blocks.0.hook_attn_out,2,2.260836198990847,300.0,0.0,0.07772489433735617,0.0,0.04433496390699672
transformer_add113_f0.3_wd0.1_softmax_ce_s4,transformer,10500,after,60000,8,2,blocks.0.hook_mlp_out,0,1.7651665901779368,300.0,0.0,0.06282077703501691,0.0,0.04139487887408264
transformer_add113_f0.3_wd0.1_softmax_ce_s4,transformer,10500,after,60000,8,2,blocks.0.hook_mlp_out,1,1.7539794166918807,300.0,0.0,0.061116496044412126,0.0,0.04976677534350184
transformer_add113_f0.3_wd0.1_softmax_ce_s4,transformer,10500,after,60000,8,2,blocks.0.hook_mlp_out,2,1.7343354358969438,300.0,0.0,0.07711065770623805,1.0,0.05202283194194589
transformer_add113_f0.3_wd0.1_softmax_ce_s4,transformer,10500,after,60000,8,3,blocks.1.hook_attn_out,0,1.8199126658286293,300.0,0.0,0.06921612028035583,1.0,0.05252963788233126
transformer_add113_f0.3_wd0.1_softmax_ce_s4,transformer,10500,after,60000,8,3,blocks.1.hook_attn_out,1,1.8902398349201226,300.0,0.0,0.07055619717390627,0.0,0.04264374610935609
transformer_add113_f0.3_wd0.1_softmax_ce_s4,transformer,10500,after,60000,8,3,blocks.1.hook_attn_out,2,1.8952865882433847,300.0,0.0,0.0650911511027251,1.0,0.05151146084218381
transformer_add113_f0.3_wd0.1_softmax_ce_s4,transformer,10500,after,60000,8,4,blocks.1.hook_mlp_out,0,2.0054631799069678,300.0,0.0,0.1046241661341271,1.0,0.05246981313809765
transformer_add113_f0.3_wd0.1_softmax_ce_s4,transformer,10500,after,60000,8,4,blocks.1.hook_mlp_out,1,2.0369649639484626,300.0,0.0,0.0885532206697444,1.0,0.05867638335173539
transformer_add113_f0.3_wd0.1_softmax_ce_s4,transformer,10500,after,60000,8,4,blocks.1.hook_mlp_out,2,2.0419198851933658,300.0,0.0,0.09930030109465185,0.0,0.047245218940047184
transformer_add113_f0.3_wd0.1_softmax_ce_s4,transformer,10500,after,60000,8,5,hook_resid_final,0,31.84801551925645,300.0,0.0,0.11439295093157996,0.0,0.06518346402914245
transformer_add113_f0.3_wd0.1_softmax_ce_s4,transformer,10500,after,60000,8,5,hook_resid_final,1,32.22152012389157,300.0,0.0,0.10252477156482329,0.0,0.06639639733188407
transformer_add113_f0.3_wd0.1_softmax_ce_s4,transformer,10500,after,60000,8,5,hook_resid_final,2,32.00889150370781,300.0,0.0,0.11777826857693076,0.0,0.06867536040992611
transformer_add113_f0.3_wd0.1_softmax_ce_s4,transformer,10500,after,60000,8,6,logits,0,124.8613173770107,300.0,0.0,0.09367555412831129,0.0,0.06437372726769891
transformer_add113_f0.3_wd0.1_softmax_ce_s4,transformer,10500,after,60000,8,6,logits,1,126.07132986073596,300.0,0.0,0.11838481111444223,0.0,0.058979281604137485
transformer_add113_f0.3_wd0.1_softmax_ce_s4,transformer,10500,after,60000,8,6,logits,2,127.01457269826638,300.0,0.0,0.10020933934465028,0.0,0.056943982513497624
transformer_add113_f0.3_wd0.1_softmax_ce_s4,transformer,10500,after,60000,4,0,operands,0,1.1023326815116736,300.0,0.0,0.09065368967289532,0.0,0.07291649402630261
transformer_add113_f0.3_wd0.1_softmax_ce_s4,transformer,10500,after,60000,4,0,operands,1,1.094705485560246,300.0,0.0,0.0907622498622685,0.0,0.07693022475524779
transformer_add113_f0.3_wd0.1_softmax_ce_s4,transformer,10500,after,60000,4,0,operands,2,1.094705485560246,300.0,0.0,0.09678638876075427,0.0,0.07442740847951844
transformer_add113_f0.3_wd0.1_softmax_ce_s4,transformer,10500,after,60000,4,1,blocks.0.hook_attn_out,0,2.1534464046843453,300.0,0.0,0.06024826074057229,0.0,0.04130462497190225
transformer_add113_f0.3_wd0.1_softmax_ce_s4,transformer,10500,after,60000,4,1,blocks.0.hook_attn_out,1,2.09759646292122,300.0,0.0,0.06601809482563664,0.0,0.04220312057560845
transformer_add113_f0.3_wd0.1_softmax_ce_s4,transformer,10500,after,60000,4,1,blocks.0.hook_attn_out,2,2.1137949614877996,300.0,0.0,0.05961730673243841,0.0,0.045688586169995236
transformer_add113_f0.3_wd0.1_softmax_ce_s4,transformer,10500,after,60000,4,2,blocks.0.hook_mlp_out,0,1.7281260930773736,300.0,0.0,0.06354191711859661,0.0,0.037631930231426795
transformer_add113_f0.3_wd0.1_softmax_ce_s4,transformer,10500,after,60000,4,2,blocks.0.hook_mlp_out,1,1.6920264101449205,300.0,0.0,0.06370340727110103,0.0,0.04097883944882916
transformer_add113_f0.3_wd0.1_softmax_ce_s4,transformer,10500,after,60000,4,2,blocks.0.hook_mlp_out,2,1.7319722062847323,300.0,0.0,0.06518731997288447,0.0,0.0346537226573159
transformer_add113_f0.3_wd0.1_softmax_ce_s4,transformer,10500,after,60000,4,3,blocks.1.hook_attn_out,0,1.70335877679592,300.0,0.0,0.05950365571523112,0.0,0.044142254772078886
transformer_add113_f0.3_wd0.1_softmax_ce_s4,transformer,10500,after,60000,4,3,blocks.1.hook_attn_out,1,1.70335877679592,300.0,0.0,0.05706387050647256,0.0,0.04022319127578552
transformer_add113_f0.3_wd0.1_softmax_ce_s4,transformer,10500,after,60000,4,3,blocks.1.hook_attn_out,2,1.6836776878079422,300.0,0.0,0.06926782007401157,0.0,0.04242841717889614
transformer_add113_f0.3_wd0.1_softmax_ce_s4,transformer,10500,after,60000,4,4,blocks.1.hook_mlp_out,0,1.9768723861936974,300.0,0.0,0.07300074481925956,0.0,0.048037660949301286
transformer_add113_f0.3_wd0.1_softmax_ce_s4,transformer,10500,after,60000,4,4,blocks.1.hook_mlp_out,1,1.9913979660951888,300.0,0.0,0.08262955986754221,0.0,0.03527036772095452
transformer_add113_f0.3_wd0.1_softmax_ce_s4,transformer,10500,after,60000,4,4,blocks.1.hook_mlp_out,2,1.9822898027671054,300.0,0.0,0.07232719422630508,0.0,0.0428582693178021
transformer_add113_f0.3_wd0.1_softmax_ce_s4,transformer,10500,after,60000,4,5,hook_resid_final,0,31.71054765317569,300.0,0.0,0.09252401354732484,1.0,0.0591389214604081
transformer_add113_f0.3_wd0.1_softmax_ce_s4,transformer,10500,after,60000,4,5,hook_resid_final,1,31.250715006595346,300.0,0.0,0.09499724660896394,1.0,0.07201121552737037
transformer_add113_f0.3_wd0.1_softmax_ce_s4,transformer,10500,after,60000,4,5,hook_resid_final,2,31.17294974168232,300.0,0.0,0.0911059334224259,0.0,0.048721584028798656
transformer_add113_f0.3_wd0.1_softmax_ce_s4,transformer,10500,after,60000,4,6,logits,0,122.40233106905004,300.0,0.0,0.08190597425860105,0.0,0.0454025254722362
transformer_add113_f0.3_wd0.1_softmax_ce_s4,transformer,10500,after,60000,4,6,logits,1,123.14607178535601,300.0,0.0,0.09733124112643587,1.0,0.05078605120113048
transformer_add113_f0.3_wd0.1_softmax_ce_s4,transformer,10500,after,60000,4,6,logits,2,124.79714948097643,300.0,0.0,0.07834703630500713,1.0,0.052157395143656464
transformer_add113_f0.3_wd0.1_softmax_ce_s4,transformer,10500,after,60000,2,0,operands,0,1.0474317620495328,300.0,0.0,0.054745154881436574,0.0,0.04700085477167754
transformer_add113_f0.3_wd0.1_softmax_ce_s4,transformer,10500,after,60000,2,0,operands,1,1.0474317620495328,300.0,0.0,0.07322680029366074,0.0,0.048166422000823876
transformer_add113_f0.3_wd0.1_softmax_ce_s4,transformer,10500,after,60000,2,0,operands,2,1.0474317620495328,300.0,0.0,0.06811287229748382,0.0,0.046834363458572455
transformer_add113_f0.3_wd0.1_softmax_ce_s4,transformer,10500,after,60000,2,1,blocks.0.hook_attn_out,0,1.7663888993324273,300.0,0.0,0.037042124563417066,0.0,0.0
transformer_add113_f0.3_wd0.1_softmax_ce_s4,transformer,10500,after,60000,2,1,blocks.0.hook_attn_out,1,1.7735392883302834,300.0,0.0,0.031128957817535725,0.0,0.0
transformer_add113_f0.3_wd0.1_softmax_ce_s4,transformer,10500,after,60000,2,1,blocks.0.hook_attn_out,2,1.7831646083334403,300.0,0.0,0.03394446516075924,0.0,0.0
transformer_add113_f0.3_wd0.1_softmax_ce_s4,transformer,10500,after,60000,2,2,blocks.0.hook_mlp_out,0,1.7342728056204688,300.0,0.0,0.03177629871696862,0.0,0.0
transformer_add113_f0.3_wd0.1_softmax_ce_s4,transformer,10500,after,60000,2,2,blocks.0.hook_mlp_out,1,1.7228652251135828,300.0,0.0,0.030655500491851447,0.0,0.0
transformer_add113_f0.3_wd0.1_softmax_ce_s4,transformer,10500,after,60000,2,2,blocks.0.hook_mlp_out,2,1.7230365712006235,300.0,0.0,0.038242149340390864,0.0,0.0
transformer_add113_f0.3_wd0.1_softmax_ce_s4,transformer,10500,after,60000,2,3,blocks.1.hook_attn_out,0,1.6706663779812418,300.0,0.0,0.026885337023337143,0.0,0.0
transformer_add113_f0.3_wd0.1_softmax_ce_s4,transformer,10500,after,60000,2,3,blocks.1.hook_attn_out,1,1.6706663779812418,300.0,0.0,0.03451730311555366,0.0,0.005188187126536173
transformer_add113_f0.3_wd0.1_softmax_ce_s4,transformer,10500,after,60000,2,3,blocks.1.hook_attn_out,2,1.6706663779812418,300.0,0.0,0.03968401258704889,0.0,0.0051087920491495594
transformer_add113_f0.3_wd0.1_softmax_ce_s4,transformer,10500,after,60000,2,4,blocks.1.hook_mlp_out,0,1.8546310491667803,300.0,0.0,0.02820888979801761,0.0,0.0015452083162784745
transformer_add113_f0.3_wd0.1_softmax_ce_s4,transformer,10500,after,60000,2,4,blocks.1.hook_mlp_out,1,1.8546310491667803,300.0,0.0,0.034391659394268276,0.0,0.0
transformer_add113_f0.3_wd0.1_softmax_ce_s4,transformer,10500,after,60000,2,4,blocks.1.hook_mlp_out,2,1.8445704424259328,300.0,0.0,0.040023644817269055,0.0,0.00033338711667748737
transformer_add113_f0.3_wd0.1_softmax_ce_s4,transformer,10500,after,60000,2,5,hook_resid_final,0,30.877249538891,300.0,0.0,0.03897861702339814,0.0,0.0009712947860200443
transformer_add113_f0.3_wd0.1_softmax_ce_s4,transformer,10500,after,60000,2,5,hook_resid_final,1,31.303433284365433,300.0,0.0,0.0327759087588599,0.0,0.0
transformer_add113_f0.3_wd0.1_softmax_ce_s4,transformer,10500,after,60000,2,5,hook_resid_final,2,30.90457233074606,300.0,1.0,0.05581889352741421,0.0,0.0
transformer_add113_f0.3_wd0.1_softmax_ce_s4,transformer,10500,after,60000,2,6,logits,0,119.63982350191895,300.0,0.0,0.026504006645188368,0.0,0.0
transformer_add113_f0.3_wd0.1_softmax_ce_s4,transformer,10500,after,60000,2,6,logits,1,122.08380899295636,300.0,0.0,0.03671428449863916,0.0,0.0
transformer_add113_f0.3_wd0.1_softmax_ce_s4,transformer,10500,after,60000,2,6,logits,2,122.53525793083816,300.0,0.0,0.029801814086707838,0.0,0.0
transformer_add97_f0.3_wd1.0_softmax_ce_s0,transformer,27600,init,0,8,0,operands,0,22.5475023519831,300.0,0.0,0.09531459370295986,0.0,0.04004061313279857
transformer_add97_f0.3_wd1.0_softmax_ce_s0,transformer,27600,init,0,8,0,operands,1,22.5475023519831,300.0,0.0,0.08428301821849152,0.0,0.04894963697171821
transformer_add97_f0.3_wd1.0_softmax_ce_s0,transformer,27600,init,0,8,0,operands,2,22.5475023519831,300.0,0.0,0.08897988752848188,0.0,0.046673761497081696
transformer_add97_f0.3_wd1.0_softmax_ce_s0,transformer,27600,init,0,8,1,blocks.0.hook_attn_out,0,4.312355635424592,300.0,0.0,0.06716134813806916,0.0,0.04818110115418011
transformer_add97_f0.3_wd1.0_softmax_ce_s0,transformer,27600,init,0,8,1,blocks.0.hook_attn_out,1,4.312355635424592,300.0,0.0,0.07064566551873883,0.0,0.04916474547962494
transformer_add97_f0.3_wd1.0_softmax_ce_s0,transformer,27600,init,0,8,1,blocks.0.hook_attn_out,2,4.312355635424592,300.0,0.0,0.08268293105702959,0.0,0.042124817721199304
transformer_add97_f0.3_wd1.0_softmax_ce_s0,transformer,27600,init,0,8,2,blocks.0.hook_mlp_out,0,1.1076924211435513,300.0,0.0,0.06317836930646277,0.0,0.044893657122820174
transformer_add97_f0.3_wd1.0_softmax_ce_s0,transformer,27600,init,0,8,2,blocks.0.hook_mlp_out,1,1.1076924211435513,300.0,0.0,0.07031524972000486,0.0,0.049148124472430686
transformer_add97_f0.3_wd1.0_softmax_ce_s0,transformer,27600,init,0,8,2,blocks.0.hook_mlp_out,2,1.1076924211435513,300.0,0.0,0.0732669966381067,0.0,0.04413956738099457
transformer_add97_f0.3_wd1.0_softmax_ce_s0,transformer,27600,init,0,8,3,hook_resid_final,0,4.010246213846561,300.0,0.0,0.07526971272932959,0.0,0.04801208646658509
transformer_add97_f0.3_wd1.0_softmax_ce_s0,transformer,27600,init,0,8,3,hook_resid_final,1,4.026698991833822,300.0,0.0,0.0739294355592866,0.0,0.04555532613753881
transformer_add97_f0.3_wd1.0_softmax_ce_s0,transformer,27600,init,0,8,3,hook_resid_final,2,4.026698991833822,300.0,0.0,0.0679997732988714,1.0,0.05160084646323356
transformer_add97_f0.3_wd1.0_softmax_ce_s0,transformer,27600,init,0,8,4,logits,0,2.2317256196896005,300.0,0.0,0.07632797666602037,0.0,0.04705011170489885
transformer_add97_f0.3_wd1.0_softmax_ce_s0,transformer,27600,init,0,8,4,logits,1,2.2317256196896005,300.0,0.0,0.06455586729030002,0.0,0.04387879213817764
transformer_add97_f0.3_wd1.0_softmax_ce_s0,transformer,27600,init,0,8,4,logits,2,2.2079411253100747,300.0,0.0,0.07237638387393135,0.0,0.04967477729867077
transformer_add97_f0.3_wd1.0_softmax_ce_s0,transformer,27600,init,0,4,0,operands,0,17.473932087620227,300.0,0.0,0.1106027732259653,0.0,0.06873115595625041
transformer_add97_f0.3_wd1.0_softmax_ce_s0,transformer,27600,init,0,4,0,operands,1,17.547516924882736,300.0,0.0,0.08414736331486808,0.0,0.07425589925886573
transformer_add97_f0.3_wd1.0_softmax_ce_s0,transformer,27600,init,0,4,0,operands,2,17.968674775834188,300.0,0.0,0.09929492889195772,0.0,0.055986164449460224
transformer_add97_f0.3_wd1.0_softmax_ce_s0,transformer,27600,init,0,4,1,blocks.0.hook_attn_out,0,4.182720750190908,300.0,0.0,0.06559630545117058,0.0,0.039359632947827336
transformer_add97_f0.3_wd1.0_softmax_ce_s0,transformer,27600,init,0,4,1,blocks.0.hook_attn_out,1,4.182720750190908,300.0,1.0,0.05459143906793373,0.0,0.04140693197088547
transformer_add97_f0.3_wd1.0_softmax_ce_s0,transformer,27600,init,0,4,1,blocks.0.hook_attn_out,2,4.182720750190908,300.0,0.0,0.06217846407949855,0.0,0.04490012844761869
transformer_add97_f0.3_wd1.0_softmax_ce_s0,transformer,27600,init,0,4,2,blocks.0.hook_mlp_out,0,1.044319510275715,300.0,0.0,0.04754999694345322,0.0,0.037796689239687466
transformer_add97_f0.3_wd1.0_softmax_ce_s0,transformer,27600,init,0,4,2,blocks.0.hook_mlp_out,1,1.044319510275715,300.0,0.0,0.05266696552120053,0.0,0.035604619984826134
transformer_add97_f0.3_wd1.0_softmax_ce_s0,transformer,27600,init,0,4,2,blocks.0.hook_mlp_out,2,1.044319510275715,300.0,1.0,0.052031006173630316,0.0,0.040032378142866545
transformer_add97_f0.3_wd1.0_softmax_ce_s0,transformer,27600,init,0,4,3,hook_resid_final,0,3.8027131383237,300.0,0.0,0.05700097081019986,0.0,0.039342910893192674
transformer_add97_f0.3_wd1.0_softmax_ce_s0,transformer,27600,init,0,4,3,hook_resid_final,1,3.8244013912367447,300.0,0.0,0.0560088328452721,0.0,0.041381371451958485
transformer_add97_f0.3_wd1.0_softmax_ce_s0,transformer,27600,init,0,4,3,hook_resid_final,2,3.8244013912367447,300.0,0.0,0.0571905220841548,0.0,0.03385082512039138
transformer_add97_f0.3_wd1.0_softmax_ce_s0,transformer,27600,init,0,4,4,logits,0,1.9695952248803266,300.0,0.0,0.060225697722229125,0.0,0.041061483921782944
transformer_add97_f0.3_wd1.0_softmax_ce_s0,transformer,27600,init,0,4,4,logits,1,1.9695952248803266,300.0,0.0,0.05532880537086111,0.0,0.04250471209158798
transformer_add97_f0.3_wd1.0_softmax_ce_s0,transformer,27600,init,0,4,4,logits,2,1.9695952248803266,300.0,0.0,0.06832431991784711,0.0,0.04002629859127643
transformer_add97_f0.3_wd1.0_softmax_ce_s0,transformer,27600,init,0,2,0,operands,0,15.260057129532035,300.0,0.0,0.08739372160357571,0.0,0.03868098857853881
transformer_add97_f0.3_wd1.0_softmax_ce_s0,transformer,27600,init,0,2,0,operands,1,15.260057129532035,300.0,0.0,0.06202089268819048,0.0,0.042738870102186244
transformer_add97_f0.3_wd1.0_softmax_ce_s0,transformer,27600,init,0,2,0,operands,2,15.260057129532035,300.0,0.0,0.06951334815986368,0.0,0.039856000305316074
transformer_add97_f0.3_wd1.0_softmax_ce_s0,transformer,27600,init,0,2,1,blocks.0.hook_attn_out,0,3.9711571257876592,300.0,0.0,0.024810100875604382,0.0,0.0
transformer_add97_f0.3_wd1.0_softmax_ce_s0,transformer,27600,init,0,2,1,blocks.0.hook_attn_out,1,3.9711571257876592,300.0,0.0,0.025194206166866177,0.0,0.0
transformer_add97_f0.3_wd1.0_softmax_ce_s0,transformer,27600,init,0,2,1,blocks.0.hook_attn_out,2,3.9711571257876592,300.0,0.0,0.02592320096650734,0.0,0.0
transformer_add97_f0.3_wd1.0_softmax_ce_s0,transformer,27600,init,0,2,2,blocks.0.hook_mlp_out,0,1.0380079665505202,300.0,0.0,0.02946187103462411,0.0,0.0
transformer_add97_f0.3_wd1.0_softmax_ce_s0,transformer,27600,init,0,2,2,blocks.0.hook_mlp_out,1,1.0380079665505202,300.0,0.0,0.030738167946672945,0.0,0.0
transformer_add97_f0.3_wd1.0_softmax_ce_s0,transformer,27600,init,0,2,2,blocks.0.hook_mlp_out,2,1.0380079665505202,300.0,0.0,0.03780052483384342,0.0,0.0
transformer_add97_f0.3_wd1.0_softmax_ce_s0,transformer,27600,init,0,2,3,hook_resid_final,0,3.694417915252002,300.0,0.0,0.027669181207937713,0.0,0.0
transformer_add97_f0.3_wd1.0_softmax_ce_s0,transformer,27600,init,0,2,3,hook_resid_final,1,3.694417915252002,300.0,0.0,0.02755725767046757,0.0,0.0
transformer_add97_f0.3_wd1.0_softmax_ce_s0,transformer,27600,init,0,2,3,hook_resid_final,2,3.694417915252002,300.0,0.0,0.02611817564911778,0.0,0.0
transformer_add97_f0.3_wd1.0_softmax_ce_s0,transformer,27600,init,0,2,4,logits,0,1.9034552786338474,300.0,0.0,0.02697736020516231,0.0,0.0
transformer_add97_f0.3_wd1.0_softmax_ce_s0,transformer,27600,init,0,2,4,logits,1,1.899162421159969,300.0,0.0,0.022714410592834057,0.0,0.0
transformer_add97_f0.3_wd1.0_softmax_ce_s0,transformer,27600,init,0,2,4,logits,2,1.9034552786338474,300.0,0.0,0.03482801417148739,0.0,0.0
transformer_add97_f0.3_wd1.0_softmax_ce_s0,transformer,27600,before,24232,8,0,operands,0,0.19010345667260153,300.0,0.0,0.0901192281462851,0.0,0.05552603935686209
transformer_add97_f0.3_wd1.0_softmax_ce_s0,transformer,27600,before,24232,8,0,operands,1,0.1900959493146704,300.0,0.0,0.08657637633982683,0.0,0.061547967132177084
transformer_add97_f0.3_wd1.0_softmax_ce_s0,transformer,27600,before,24232,8,0,operands,2,0.1936062833013619,300.0,0.0,0.08129458727455545,1.0,0.06105956716173484
transformer_add97_f0.3_wd1.0_softmax_ce_s0,transformer,27600,before,24232,8,1,blocks.0.hook_attn_out,0,0.06472568172566663,300.0,0.0,0.07612205933685187,0.0,0.05176976652155543
transformer_add97_f0.3_wd1.0_softmax_ce_s0,transformer,27600,before,24232,8,1,blocks.0.hook_attn_out,1,0.06472568172566663,300.0,0.0,0.07082437534148807,0.0,0.05870497822000189
transformer_add97_f0.3_wd1.0_softmax_ce_s0,transformer,27600,before,24232,8,1,blocks.0.hook_attn_out,2,0.06480239739974321,300.0,0.0,0.0739205633598435,0.0,0.04865003148471235
transformer_add97_f0.3_wd1.0_softmax_ce_s0,transformer,27600,before,24232,8,2,blocks.0.hook_mlp_out,0,0.13196200491339366,300.0,0.0,0.07743528903543864,1.0,0.053335375736125366
transformer_add97_f0.3_wd1.0_softmax_ce_s0,transformer,27600,before,24232,8,2,blocks.0.hook_mlp_out,1,0.13245037777681623,300.0,0.0,0.08137557732382635,0.0,0.048903935873062736
transformer_add97_f0.3_wd1.0_softmax_ce_s0,transformer,27600,before,24232,8,2,blocks.0.hook_mlp_out,2,0.12503337566157213,300.0,0.0,0.08181944377257784,0.0,0.06172338149564435
transformer_add97_f0.3_wd1.0_softmax_ce_s0,transformer,27600,before,24232,8,3,hook_resid_final,0,7.005276899099672,300.0,0.0,0.08573782007261618,0.0,0.04987757763230054
transformer_add97_f0.3_wd1.0_softmax_ce_s0,transformer,27600,before,24232,8,3,hook_resid_final,1,6.968407957286866,300.0,0.0,0.08498481517366023,0.0,0.052885110987710336
transformer_add97_f0.3_wd1.0_softmax_ce_s0,transformer,27600,before,24232,8,3,hook_resid_final,2,6.985994143742853,300.0,0.0,0.08332920616446599,0.0,0.05796453326124379
transformer_add97_f0.3_wd1.0_softmax_ce_s0,transformer,27600,before,24232,8,4,logits,0,38.10192570401848,300.0,0.0,0.0797302767955456,0.0,0.053130490671373265
transformer_add97_f0.3_wd1.0_softmax_ce_s0,transformer,27600,before,24232,8,4,logits,1,38.35491729491201,300.0,0.0,0.07727784733115363,1.0,0.05146965649412734
transformer_add97_f0.3_wd1.0_softmax_ce_s0,transformer,27600,before,24232,8,4,logits,2,38.06473888844619,300.0,0.0,0.09545103965404672,1.0,0.05875814044528979
transformer_add97_f0.3_wd1.0_softmax_ce_s0,transformer,27600,before,24232,4,0,operands,0,0.1812928123682239,300.0,0.0,0.08805883334419949,0.0,0.056472667248374665
transformer_add97_f0.3_wd1.0_softmax_ce_s0,transformer,27600,before,24232,4,0,operands,1,0.18685632860326992,300.0,0.0,0.08663521605042453,0.0,0.05372908788531224
transformer_add97_f0.3_wd1.0_softmax_ce_s0,transformer,27600,before,24232,4,0,operands,2,0.1833791044697295,300.0,0.0,0.07739780391743298,0.0,0.0523387356598254
transformer_add97_f0.3_wd1.0_softmax_ce_s0,transformer,27600,before,24232,4,1,blocks.0.hook_attn_out,0,0.058759137048417634,300.0,0.0,0.05618190842723049,0.0,0.0434256924889896
transformer_add97_f0.3_wd1.0_softmax_ce_s0,transformer,27600,before,24232,4,1,blocks.0.hook_attn_out,1,0.058759137048417634,300.0,0.0,0.062249066425880156,0.0,0.03919578386093863
transformer_add97_f0.3_wd1.0_softmax_ce_s0,transformer,27600,before,24232,4,1,blocks.0.hook_attn_out,2,0.057946027743592005,300.0,0.0,0.05550217649457157,0.0,0.04341538449625455
transformer_add97_f0.3_wd1.0_softmax_ce_s0,transformer,27600,before,24232,4,2,blocks.0.hook_mlp_out,0,0.12476973564807453,300.0,0.0,0.05221217252817508,0.0,0.04179295209117626
transformer_add97_f0.3_wd1.0_softmax_ce_s0,transformer,27600,before,24232,4,2,blocks.0.hook_mlp_out,1,0.125169122581348,300.0,0.0,0.05770027620106653,0.0,0.03530404714682404
transformer_add97_f0.3_wd1.0_softmax_ce_s0,transformer,27600,before,24232,4,2,blocks.0.hook_mlp_out,2,0.12476973564807453,300.0,0.0,0.06357073420422636,0.0,0.038154225207925795
transformer_add97_f0.3_wd1.0_softmax_ce_s0,transformer,27600,before,24232,4,3,hook_resid_final,0,6.337646863041241,300.0,0.0,0.0543777572639712,0.0,0.04304488913234904
transformer_add97_f0.3_wd1.0_softmax_ce_s0,transformer,27600,before,24232,4,3,hook_resid_final,1,6.6220736041059025,300.0,0.0,0.0586727488068496,0.0,0.04413128532401468
transformer_add97_f0.3_wd1.0_softmax_ce_s0,transformer,27600,before,24232,4,3,hook_resid_final,2,6.6220736041059025,300.0,0.0,0.060581138346152245,0.0,0.040158682605860634
transformer_add97_f0.3_wd1.0_softmax_ce_s0,transformer,27600,before,24232,4,4,logits,0,35.86605512883397,300.0,0.0,0.06971120928000321,0.0,0.047472026919275045
transformer_add97_f0.3_wd1.0_softmax_ce_s0,transformer,27600,before,24232,4,4,logits,1,35.874514492978236,300.0,0.0,0.06510203937339207,0.0,0.04331537044580242
transformer_add97_f0.3_wd1.0_softmax_ce_s0,transformer,27600,before,24232,4,4,logits,2,35.640684488853175,300.0,0.0,0.06093107269048914,0.0,0.03558430633615479
transformer_add97_f0.3_wd1.0_softmax_ce_s0,transformer,27600,before,24232,2,0,operands,0,0.18066377970273292,300.0,0.0,0.06896250410621647,0.0,0.04194424983062761
transformer_add97_f0.3_wd1.0_softmax_ce_s0,transformer,27600,before,24232,2,0,operands,1,0.18066377970273292,300.0,0.0,0.0661044975111344,0.0,0.04837759218946149
transformer_add97_f0.3_wd1.0_softmax_ce_s0,transformer,27600,before,24232,2,0,operands,2,0.18066377970273292,300.0,0.0,0.07175951668954376,0.0,0.042638402099631226
transformer_add97_f0.3_wd1.0_softmax_ce_s0,transformer,27600,before,24232,2,1,blocks.0.hook_attn_out,0,0.04927598963859656,300.0,0.0,0.04026169799864286,0.0,0.0
transformer_add97_f0.3_wd1.0_softmax_ce_s0,transformer,27600,before,24232,2,1,blocks.0.hook_attn_out,1,0.04913645981468331,300.0,0.0,0.03217359967135838,0.0,0.0
transformer_add97_f0.3_wd1.0_softmax_ce_s0,transformer,27600,before,24232,2,1,blocks.0.hook_attn_out,2,0.048772866283175814,300.0,0.0,0.02757223052158159,0.0,0.0
transformer_add97_f0.3_wd1.0_softmax_ce_s0,transformer,27600,before,24232,2,2,blocks.0.hook_mlp_out,0,0.10787378842768201,300.0,0.0,0.02761884409914958,0.0,0.0
transformer_add97_f0.3_wd1.0_softmax_ce_s0,transformer,27600,before,24232,2,2,blocks.0.hook_mlp_out,1,0.10746149437737491,300.0,0.0,0.04163105248645037,0.0,0.0
transformer_add97_f0.3_wd1.0_softmax_ce_s0,transformer,27600,before,24232,2,2,blocks.0.hook_mlp_out,2,0.10787378842768201,300.0,0.0,0.029741450290593413,0.0,0.0
transformer_add97_f0.3_wd1.0_softmax_ce_s0,transformer,27600,before,24232,2,3,hook_resid_final,0,5.985667873201611,300.0,0.0,0.030035337733046338,0.0,0.0
transformer_add97_f0.3_wd1.0_softmax_ce_s0,transformer,27600,before,24232,2,3,hook_resid_final,1,5.985667873201611,300.0,0.0,0.025266004515781846,0.0,0.0002667221844126305
transformer_add97_f0.3_wd1.0_softmax_ce_s0,transformer,27600,before,24232,2,3,hook_resid_final,2,5.985667873201611,300.0,0.0,0.027729980769280786,0.0,0.0
transformer_add97_f0.3_wd1.0_softmax_ce_s0,transformer,27600,before,24232,2,4,logits,0,32.81613306765024,300.0,0.0,0.032133766098466174,0.0,0.0015285507031663362
transformer_add97_f0.3_wd1.0_softmax_ce_s0,transformer,27600,before,24232,2,4,logits,1,32.85136557469476,300.0,0.0,0.03706504732450338,0.0,0.0
transformer_add97_f0.3_wd1.0_softmax_ce_s0,transformer,27600,before,24232,2,4,logits,2,32.85136557469476,300.0,0.0,0.0302513021789229,0.0,0.0
transformer_add97_f0.3_wd1.0_softmax_ce_s0,transformer,27600,at,27963,8,0,operands,0,0.15996699862747218,300.0,0.0,0.14513204076314912,1.0,0.053410864269331094
transformer_add97_f0.3_wd1.0_softmax_ce_s0,transformer,27600,at,27963,8,0,operands,1,0.16295167019424706,300.0,0.0,0.10852460702061655,0.0,0.05196739275011158
transformer_add97_f0.3_wd1.0_softmax_ce_s0,transformer,27600,at,27963,8,0,operands,2,0.1665982272425202,300.0,0.0,0.11678093184904687,0.0,0.04798676652041736
transformer_add97_f0.3_wd1.0_softmax_ce_s0,transformer,27600,at,27963,8,1,blocks.0.hook_attn_out,0,0.07104666037940217,300.0,0.0,0.07588967046549173,0.0,0.049583899658467274
transformer_add97_f0.3_wd1.0_softmax_ce_s0,transformer,27600,at,27963,8,1,blocks.0.hook_attn_out,1,0.07138480588763757,300.0,0.0,0.07561498800035715,0.0,0.05188056849981905
transformer_add97_f0.3_wd1.0_softmax_ce_s0,transformer,27600,at,27963,8,1,blocks.0.hook_attn_out,2,0.07105299427312631,300.0,0.0,0.07870567040072711,0.0,0.07081596388261599
transformer_add97_f0.3_wd1.0_softmax_ce_s0,transformer,27600,at,27963,8,2,blocks.0.hook_mlp_out,0,0.13482483306676757,300.0,0.0,0.06563512346712386,0.0,0.045021042093152164
transformer_add97_f0.3_wd1.0_softmax_ce_s0,transformer,27600,at,27963,8,2,blocks.0.hook_mlp_out,1,0.149140743347844,300.0,0.0,0.07009787914395715,0.0,0.042173652893600186
transformer_add97_f0.3_wd1.0_softmax_ce_s0,transformer,27600,at,27963,8,2,blocks.0.hook_mlp_out,2,0.149140743347844,300.0,0.0,0.06898904004863618,0.0,0.03878963543649316
transformer_add97_f0.3_wd1.0_softmax_ce_s0,transformer,27600,at,27963,8,3,hook_resid_final,0,7.298149171219833,300.0,0.0,0.08212394986011354,0.0,0.05281935108449475
transformer_add97_f0.3_wd1.0_softmax_ce_s0,transformer,27600,at,27963,8,3,hook_resid_final,1,7.404895263502296,300.0,0.0,0.09586503949048061,0.0,0.05737845616489035
transformer_add97_f0.3_wd1.0_softmax_ce_s0,transformer,27600,at,27963,8,3,hook_resid_final,2,7.450835003719227,300.0,0.0,0.10500857438750286,0.0,0.054891277687807785
transformer_add97_f0.3_wd1.0_softmax_ce_s0,transformer,27600,at,27963,8,4,logits,0,42.53235950784643,300.0,0.0,0.09369335966282538,0.0,0.04920628181472939
transformer_add97_f0.3_wd1.0_softmax_ce_s0,transformer,27600,at,27963,8,4,logits,1,42.11487653963506,300.0,0.0,0.08795541069011358,0.0,0.054122325325782664
transformer_add97_f0.3_wd1.0_softmax_ce_s0,transformer,27600,at,27963,8,4,logits,2,41.306614690408786,300.0,0.0,0.0865299379072867,0.0,0.05176585642487723
transformer_add97_f0.3_wd1.0_softmax_ce_s0,transformer,27600,at,27963,4,0,operands,0,0.14713968828456583,300.0,0.0,0.09196448238135149,0.0,0.056381276650570446
transformer_add97_f0.3_wd1.0_softmax_ce_s0,transformer,27600,at,27963,4,0,operands,1,0.14762084838797068,300.0,0.0,0.10876414866450237,0.0,0.05874220605870557
transformer_add97_f0.3_wd1.0_softmax_ce_s0,transformer,27600,at,27963,4,0,operands,2,0.14575235757597896,300.0,0.0,0.10143460188690737,0.0,0.056547688512625614
transformer_add97_f0.3_wd1.0_softmax_ce_s0,transformer,27600,at,27963,4,1,blocks.0.hook_attn_out,0,0.0673854878868278,300.0,0.0,0.06098205204839225,0.0,0.04076978271146249
transformer_add97_f0.3_wd1.0_softmax_ce_s0,transformer,27600,at,27963,4,1,blocks.0.hook_attn_out,1,0.06745098044418608,300.0,0.0,0.058386352431301906,0.0,0.032732620008684925
transformer_add97_f0.3_wd1.0_softmax_ce_s0,transformer,27600,at,27963,4,1,blocks.0.hook_attn_out,2,0.0673854878868278,300.0,0.0,0.0604152188332517,0.0,0.03721624305060227
transformer_add97_f0.3_wd1.0_softmax_ce_s0,transformer,27600,at,27963,4,2,blocks.0.hook_mlp_out,0,0.144641407112536,300.0,0.0,0.04698078760197327,0.0,0.02946672353957748
transformer_add97_f0.3_wd1.0_softmax_ce_s0,transformer,27600,at,27963,4,2,blocks.0.hook_mlp_out,1,0.14704368548172758,300.0,1.0,0.050010882768356364,0.0,0.027908714804297026
transformer_add97_f0.3_wd1.0_softmax_ce_s0,transformer,27600,at,27963,4,2,blocks.0.hook_mlp_out,2,0.14704368548172758,300.0,0.0,0.04541716570199754,0.0,0.027451450934878475
transformer_add97_f0.3_wd1.0_softmax_ce_s0,transformer,27600,at,27963,4,3,hook_resid_final,0,6.776369492587423,300.0,0.0,0.06988274087827685,1.0,0.05246432122652279
transformer_add97_f0.3_wd1.0_softmax_ce_s0,transformer,27600,at,27963,4,3,hook_resid_final,1,6.7953008887876365,300.0,0.0,0.07879606173508222,0.0,0.04230482813366998
transformer_add97_f0.3_wd1.0_softmax_ce_s0,transformer,27600,at,27963,4,3,hook_resid_final,2,6.824270297790287,300.0,0.0,0.06619850293770409,0.0,0.04614837846998256
transformer_add97_f0.3_wd1.0_softmax_ce_s0,transformer,27600,at,27963,4,4,logits,0,38.39804014732755,300.0,0.0,0.05914460980383309,0.0,0.042891133418075884
transformer_add97_f0.3_wd1.0_softmax_ce_s0,transformer,27600,at,27963,4,4,logits,1,37.73919808423757,300.0,0.0,0.06514000587514297,0.0,0.03707636777070624
transformer_add97_f0.3_wd1.0_softmax_ce_s0,transformer,27600,at,27963,4,4,logits,2,38.39804014732755,300.0,0.0,0.058214680213211314,0.0,0.04678758857258437
transformer_add97_f0.3_wd1.0_softmax_ce_s0,transformer,27600,at,27963,2,0,operands,0,0.13911122075710985,300.0,0.0,0.05971155996025201,0.0,0.041220024968946486
transformer_add97_f0.3_wd1.0_softmax_ce_s0,transformer,27600,at,27963,2,0,operands,1,0.13756387558145572,300.0,0.0,0.07148681048612401,0.0,0.04018367669147668
transformer_add97_f0.3_wd1.0_softmax_ce_s0,transformer,27600,at,27963,2,0,operands,2,0.13599892642755348,300.0,0.0,0.058163580919295105,0.0,0.046171968530659725
transformer_add97_f0.3_wd1.0_softmax_ce_s0,transformer,27600,at,27963,2,1,blocks.0.hook_attn_out,0,0.05959624393371944,300.0,0.0,0.04086378289083531,0.0,0.0
transformer_add97_f0.3_wd1.0_softmax_ce_s0,transformer,27600,at,27963,2,1,blocks.0.hook_attn_out,1,0.05959624393371944,300.0,0.0,0.030910426912618333,0.0,0.0016952858132196292
transformer_add97_f0.3_wd1.0_softmax_ce_s0,transformer,27600,at,27963,2,1,blocks.0.hook_attn_out,2,0.0595623583331794,300.0,0.0,0.029837011581311527,0.0,0.0011241803608797358
transformer_add97_f0.3_wd1.0_softmax_ce_s0,transformer,27600,at,27963,2,2,blocks.0.hook_mlp_out,0,0.1025427394405521,300.0,0.0,0.03280856694715333,0.0,0.0
transformer_add97_f0.3_wd1.0_softmax_ce_s0,transformer,27600,at,27963,2,2,blocks.0.hook_mlp_out,1,0.1025427394405521,300.0,0.0,0.02857031324458324,0.0,0.0
transformer_add97_f0.3_wd1.0_softmax_ce_s0,transformer,27600,at,27963,2,2,blocks.0.hook_mlp_out,2,0.1025427394405521,300.0,0.0,0.027560998706258274,0.0,0.0
transformer_add97_f0.3_wd1.0_softmax_ce_s0,transformer,27600,at,27963,2,3,hook_resid_final,0,6.097644623813663,300.0,0.0,0.02474708070375297,0.0,0.0
transformer_add97_f0.3_wd1.0_softmax_ce_s0,transformer,27600,at,27963,2,3,hook_resid_final,1,6.097644623813663,300.0,0.0,0.02690092007037718,0.0,0.0
transformer_add97_f0.3_wd1.0_softmax_ce_s0,transformer,27600,at,27963,2,3,hook_resid_final,2,6.103190006110777,300.0,0.0,0.03837434705303251,0.0,0.0
transformer_add97_f0.3_wd1.0_softmax_ce_s0,transformer,27600,at,27963,2,4,logits,0,31.940930768336216,300.0,0.0,0.026311056149631147,0.0,0.0
transformer_add97_f0.3_wd1.0_softmax_ce_s0,transformer,27600,at,27963,2,4,logits,1,31.868409608690403,300.0,0.0,0.03182437517284586,0.0,0.0
transformer_add97_f0.3_wd1.0_softmax_ce_s0,transformer,27600,at,27963,2,4,logits,2,31.940930768336216,300.0,0.0,0.030872081901827688,0.0,0.0
transformer_add97_f0.3_wd1.0_softmax_ce_s0,transformer,27600,after,40000,8,0,operands,0,0.13775956243840073,300.0,0.0,0.0923987152671537,0.0,0.04711750020473292
transformer_add97_f0.3_wd1.0_softmax_ce_s0,transformer,27600,after,40000,8,0,operands,1,0.13775956243840073,300.0,0.0,0.08589190288724052,0.0,0.052905401745851184
transformer_add97_f0.3_wd1.0_softmax_ce_s0,transformer,27600,after,40000,8,0,operands,2,0.13732074165834746,300.0,0.0,0.1095461922750559,0.0,0.04886875179324216
transformer_add97_f0.3_wd1.0_softmax_ce_s0,transformer,27600,after,40000,8,1,blocks.0.hook_attn_out,0,0.07209881389467739,300.0,0.0,0.08254387060042037,1.0,0.050576039632205416
transformer_add97_f0.3_wd1.0_softmax_ce_s0,transformer,27600,after,40000,8,1,blocks.0.hook_attn_out,1,0.07333209533297441,300.0,0.0,0.06460628574715911,0.0,0.05177187674062205
transformer_add97_f0.3_wd1.0_softmax_ce_s0,transformer,27600,after,40000,8,1,blocks.0.hook_attn_out,2,0.07333209533297441,300.0,0.0,0.06626641319552679,1.0,0.050279212384821394
transformer_add97_f0.3_wd1.0_softmax_ce_s0,transformer,27600,after,40000,8,2,blocks.0.hook_mlp_out,0,0.15123485617636298,300.0,0.0,0.07315714975027685,0.0,0.0380446757389207
transformer_add97_f0.3_wd1.0_softmax_ce_s0,transformer,27600,after,40000,8,2,blocks.0.hook_mlp_out,1,0.1540314258173636,300.0,0.0,0.07668650594663255,0.0,0.03486138553680087
transformer_add97_f0.3_wd1.0_softmax_ce_s0,transformer,27600,after,40000,8,2,blocks.0.hook_mlp_out,2,0.15604290716110175,300.0,0.0,0.0730288923641247,0.0,0.035317548274228804
transformer_add97_f0.3_wd1.0_softmax_ce_s0,transformer,27600,after,40000,8,3,hook_resid_final,0,7.590640652518352,300.0,0.0,0.1058403084688095,0.0,0.03602568169355737
transformer_add97_f0.3_wd1.0_softmax_ce_s0,transformer,27600,after,40000,8,3,hook_resid_final,1,7.625845428038352,300.0,0.0,0.07773641205041436,0.0,0.04584354461940885
transformer_add97_f0.3_wd1.0_softmax_ce_s0,transformer,27600,after,40000,8,3,hook_resid_final,2,7.524388075670765,300.0,0.0,0.0817081131973322,0.0,0.03789243522586248
transformer_add97_f0.3_wd1.0_softmax_ce_s0,transformer,27600,after,40000,8,4,logits,0,32.749138627108515,300.0,0.0,0.11068128539196515,0.0,0.04649996573947047
transformer_add97_f0.3_wd1.0_softmax_ce_s0,transformer,27600,after,40000,8,4,logits,1,33.26442821777772,300.0,0.0,0.0948956228917601,0.0,0.04262606131146021
transformer_add97_f0.3_wd1.0_softmax_ce_s0,transformer,27600,after,40000,8,4,logits,2,33.565958737324316,300.0,0.0,0.08293973609169429,1.0,0.05082136281831008
transformer_add97_f0.3_wd1.0_softmax_ce_s0,transformer,27600,after,40000,4,0,operands,0,0.1317838167813496,300.0,0.0,0.10262190608565705,0.0,0.0439946360016623
transformer_add97_f0.3_wd1.0_softmax_ce_s0,transformer,27600,after,40000,4,0,operands,1,0.13319878522834938,300.0,0.0,0.0971321249688125,0.0,0.04542619026094388
transformer_add97_f0.3_wd1.0_softmax_ce_s0,transformer,27600,after,40000,4,0,operands,2,0.1317838167813496,300.0,0.0,0.10369513628133477,0.0,0.044202265875424425
transformer_add97_f0.3_wd1.0_softmax_ce_s0,transformer,27600,after,40000,4,1,blocks.0.hook_attn_out,0,0.06690215640606442,300.0,0.0,0.0566289630702502,0.0,0.03433180078287428
transformer_add97_f0.3_wd1.0_softmax_ce_s0,transformer,27600,after,40000,4,1,blocks.0.hook_attn_out,1,0.06690215640606442,300.0,0.0,0.062465257977217414,0.0,0.03685074529721575
transformer_add97_f0.3_wd1.0_softmax_ce_s0,transformer,27600,after,40000,4,1,blocks.0.hook_attn_out,2,0.06690215640606442,300.0,0.0,0.059788021569686794,0.0,0.036904312020018655
transformer_add97_f0.3_wd1.0_softmax_ce_s0,transformer,27600,after,40000,4,2,blocks.0.hook_mlp_out,0,0.14258007933893466,300.0,1.0,0.05117616659382714,0.0,0.03361755171909919
transformer_add97_f0.3_wd1.0_softmax_ce_s0,transformer,27600,after,40000,4,2,blocks.0.hook_mlp_out,1,0.14610852521669537,300.0,0.0,0.03989425627863114,0.0,0.03087677513929601
transformer_add97_f0.3_wd1.0_softmax_ce_s0,transformer,27600,after,40000,4,2,blocks.0.hook_mlp_out,2,0.14610852521669537,300.0,0.0,0.046776577116017654,0.0,0.03466375414431526
transformer_add97_f0.3_wd1.0_softmax_ce_s0,transformer,27600,after,40000,4,3,hook_resid_final,0,6.79718597284486,300.0,0.0,0.06948453952473088,0.0,0.062251274889377706
transformer_add97_f0.3_wd1.0_softmax_ce_s0,transformer,27600,after,40000,4,3,hook_resid_final,1,6.7768286450870745,300.0,0.0,0.0751141826948347,1.0,0.059491038237225756
transformer_add97_f0.3_wd1.0_softmax_ce_s0,transformer,27600,after,40000,4,3,hook_resid_final,2,6.820252708869533,300.0,0.0,0.07471512337985384,1.0,0.06367420903040666
transformer_add97_f0.3_wd1.0_softmax_ce_s0,transformer,27600,after,40000,4,4,logits,0,29.770825666754384,300.0,0.0,0.07874692805165386,0.0,0.04496432074836605
transformer_add97_f0.3_wd1.0_softmax_ce_s0,transformer,27600,after,40000,4,4,logits,1,30.565819459719606,300.0,0.0,0.07250440269128197,0.0,0.04844232996845388
transformer_add97_f0.3_wd1.0_softmax_ce_s0,transformer,27600,after,40000,4,4,logits,2,29.947521677931096,300.0,0.0,0.08017577722250743,0.0,0.03734929525637379
transformer_add97_f0.3_wd1.0_softmax_ce_s0,transformer,27600,after,40000,2,0,operands,0,0.10018607950987125,300.0,0.0,0.06901821184844446,0.0,0.040511486587994625
transformer_add97_f0.3_wd1.0_softmax_ce_s0,transformer,27600,after,40000,2,0,operands,1,0.10374272283059047,300.0,0.0,0.07066272598154856,0.0,0.037463446804593174
transformer_add97_f0.3_wd1.0_softmax_ce_s0,transformer,27600,after,40000,2,0,operands,2,0.10165680228578287,300.0,0.0,0.06236538622216723,0.0,0.03609883569902278
transformer_add97_f0.3_wd1.0_softmax_ce_s0,transformer,27600,after,40000,2,1,blocks.0.hook_attn_out,0,0.061355708865527055,300.0,0.0,0.041466444144995396,0.0,0.004399395276487273
transformer_add97_f0.3_wd1.0_softmax_ce_s0,transformer,27600,after,40000,2,1,blocks.0.hook_attn_out,1,0.061355708865527055,300.0,0.0,0.042889508482432524,0.0,0.005861405311725023
transformer_add97_f0.3_wd1.0_softmax_ce_s0,transformer,27600,after,40000,2,1,blocks.0.hook_attn_out,2,0.061355708865527055,300.0,0.0,0.03834792706632804,0.0,0.0025349994907200094
transformer_add97_f0.3_wd1.0_softmax_ce_s0,transformer,27600,after,40000,2,2,blocks.0.hook_mlp_out,0,0.1264069340913955,300.0,0.0,0.03925692802536879,0.0,0.0
transformer_add97_f0.3_wd1.0_softmax_ce_s0,transformer,27600,after,40000,2,2,blocks.0.hook_mlp_out,1,0.1264069340913955,300.0,0.0,0.028376019021258764,0.0,0.0
transformer_add97_f0.3_wd1.0_softmax_ce_s0,transformer,27600,after,40000,2,2,blocks.0.hook_mlp_out,2,0.1264069340913955,300.0,0.0,0.024432040069463683,0.0,0.0
transformer_add97_f0.3_wd1.0_softmax_ce_s0,transformer,27600,after,40000,2,3,hook_resid_final,0,5.40953470925639,300.0,0.0,0.03434795471596822,0.0,0.0
transformer_add97_f0.3_wd1.0_softmax_ce_s0,transformer,27600,after,40000,2,3,hook_resid_final,1,5.3860042594557,300.0,0.0,0.03713668550456649,0.0,0.0
transformer_add97_f0.3_wd1.0_softmax_ce_s0,transformer,27600,after,40000,2,3,hook_resid_final,2,5.3858483206941585,300.0,0.0,0.03913251412918327,0.0,0.0
transformer_add97_f0.3_wd1.0_softmax_ce_s0,transformer,27600,after,40000,2,4,logits,0,25.424412505458708,300.0,0.0,0.03415911525892061,0.0,0.0
transformer_add97_f0.3_wd1.0_softmax_ce_s0,transformer,27600,after,40000,2,4,logits,1,25.424412505458708,300.0,0.0,0.04406484607201594,0.0,0.0
transformer_add97_f0.3_wd1.0_softmax_ce_s0,transformer,27600,after,40000,2,4,logits,2,25.354154278058402,300.0,0.0,0.047110665990834855,0.0,0.0
transformer_add97_f0.3_wd1.0_softmax_ce_s1,transformer,28600,init,0,8,0,operands,0,19.912694992959693,300.0,0.0,0.1075933328754689,0.0,0.0554534692619339
transformer_add97_f0.3_wd1.0_softmax_ce_s1,transformer,28600,init,0,8,0,operands,1,20.150354719997257,300.0,0.0,0.09990894889258652,0.0,0.046453912390744416
transformer_add97_f0.3_wd1.0_softmax_ce_s1,transformer,28600,init,0,8,0,operands,2,20.016320013235912,300.0,0.0,0.10500793566264709,0.0,0.05185773707651833
transformer_add97_f0.3_wd1.0_softmax_ce_s1,transformer,28600,init,0,8,1,blocks.0.hook_attn_out,0,4.345571664706492,300.0,0.0,0.06285052859480296,0.0,0.042972299325018636
transformer_add97_f0.3_wd1.0_softmax_ce_s1,transformer,28600,init,0,8,1,blocks.0.hook_attn_out,1,4.345571664706492,300.0,0.0,0.08019447408185425,0.0,0.044346249112946975
transformer_add97_f0.3_wd1.0_softmax_ce_s1,transformer,28600,init,0,8,1,blocks.0.hook_attn_out,2,4.345571664706492,300.0,0.0,0.06021518399508425,0.0,0.044439628868923976
transformer_add97_f0.3_wd1.0_softmax_ce_s1,transformer,28600,init,0,8,2,blocks.0.hook_mlp_out,0,0.9059170021931872,300.0,0.0,0.0790832335585048,0.0,0.057145793569866356
transformer_add97_f0.3_wd1.0_softmax_ce_s1,transformer,28600,init,0,8,2,blocks.0.hook_mlp_out,1,0.9059170021931872,300.0,0.0,0.07441112704497777,0.0,0.05181888057348297
transformer_add97_f0.3_wd1.0_softmax_ce_s1,transformer,28600,init,0,8,2,blocks.0.hook_mlp_out,2,0.9059170021931872,300.0,0.0,0.06964129877720797,1.0,0.056515610797850176
transformer_add97_f0.3_wd1.0_softmax_ce_s1,transformer,28600,init,0,8,3,hook_resid_final,0,3.790681793898483,300.0,0.0,0.07625616534026858,0.0,0.05670951542467819
transformer_add97_f0.3_wd1.0_softmax_ce_s1,transformer,28600,init,0,8,3,hook_resid_final,1,3.790681793898483,300.0,0.0,0.07098067216059818,0.0,0.04637574027105045
transformer_add97_f0.3_wd1.0_softmax_ce_s1,transformer,28600,init,0,8,3,hook_resid_final,2,3.790681793898483,300.0,0.0,0.06835591358697256,0.0,0.04909451258428506
transformer_add97_f0.3_wd1.0_softmax_ce_s1,transformer,28600,init,0,8,4,logits,0,2.0022147379708897,300.0,0.0,0.06679221071763011,1.0,0.05011388395822271
transformer_add97_f0.3_wd1.0_softmax_ce_s1,transformer,28600,init,0,8,4,logits,1,1.972412936978045,300.0,0.0,0.07762837590789551,0.0,0.05936884664303113
transformer_add97_f0.3_wd1.0_softmax_ce_s1,transformer,28600,init,0,8,4,logits,2,1.9715041155497293,300.0,0.0,0.08454741732091044,1.0,0.052500018274325544
transformer_add97_f0.3_wd1.0_softmax_ce_s1,transformer,28600,init,0,4,0,operands,0,18.287304938418888,300.0,0.0,0.10675519396328245,0.0,0.06075513852327314
transformer_add97_f0.3_wd1.0_softmax_ce_s1,transformer,28600,init,0,4,0,operands,1,18.287304938418888,300.0,0.0,0.0911244681595248,0.0,0.06181432150669223
transformer_add97_f0.3_wd1.0_softmax_ce_s1,transformer,28600,init,0,4,0,operands,2,18.287304938418888,300.0,0.0,0.11017469064754788,0.0,0.059327884172976235
transformer_add97_f0.3_wd1.0_softmax_ce_s1,transformer,28600,init,0,4,1,blocks.0.hook_attn_out,0,3.952636103652735,300.0,0.0,0.05966552004102701,0.0,0.03956428375396236
transformer_add97_f0.3_wd1.0_softmax_ce_s1,transformer,28600,init,0,4,1,blocks.0.hook_attn_out,1,3.952636103652735,300.0,0.0,0.058786983107388516,0.0,0.03912682108358496
transformer_add97_f0.3_wd1.0_softmax_ce_s1,transformer,28600,init,0,4,1,blocks.0.hook_attn_out,2,3.952636103652735,300.0,0.0,0.053321889088401166,0.0,0.03899550688387291
transformer_add97_f0.3_wd1.0_softmax_ce_s1,transformer,28600,init,0,4,2,blocks.0.hook_mlp_out,0,0.8181851145220255,300.0,0.0,0.07427954218763047,0.0,0.035409004882795865
transformer_add97_f0.3_wd1.0_softmax_ce_s1,transformer,28600,init,0,4,2,blocks.0.hook_mlp_out,1,0.8200957636491075,300.0,0.0,0.06755238568880291,0.0,0.04035691740037002
transformer_add97_f0.3_wd1.0_softmax_ce_s1,transformer,28600,init,0,4,2,blocks.0.hook_mlp_out,2,0.8227499823647241,300.0,0.0,0.06180550821618208,1.0,0.051530290269106216
transformer_add97_f0.3_wd1.0_softmax_ce_s1,transformer,28600,init,0,4,3,hook_resid_final,0,3.535049244932817,300.0,0.0,0.062035253849111904,0.0,0.03847244966715043
transformer_add97_f0.3_wd1.0_softmax_ce_s1,transformer,28600,init,0,4,3,hook_resid_final,1,3.535049244932817,300.0,0.0,0.055695920287761935,0.0,0.028399843411731053
transformer_add97_f0.3_wd1.0_softmax_ce_s1,transformer,28600,init,0,4,3,hook_resid_final,2,3.535049244932817,300.0,0.0,0.05193969970360144,0.0,0.04057347148086862
transformer_add97_f0.3_wd1.0_softmax_ce_s1,transformer,28600,init,0,4,4,logits,0,1.8684528292351223,300.0,0.0,0.05257534342196144,0.0,0.03905635129414686
transformer_add97_f0.3_wd1.0_softmax_ce_s1,transformer,28600,init,0,4,4,logits,1,1.8684528292351223,300.0,0.0,0.05991938090066632,0.0,0.04123129786628212
transformer_add97_f0.3_wd1.0_softmax_ce_s1,transformer,28600,init,0,4,4,logits,2,1.8684528292351223,300.0,0.0,0.05768851269076939,0.0,0.04140970160797189
transformer_add97_f0.3_wd1.0_softmax_ce_s1,transformer,28600,init,0,2,0,operands,0,17.49561036663066,300.0,0.0,0.06433550303779136,0.0,0.04645785409073954
transformer_add97_f0.3_wd1.0_softmax_ce_s1,transformer,28600,init,0,2,0,operands,1,17.49561036663066,300.0,0.0,0.06180051854784058,0.0,0.034605327803719284
transformer_add97_f0.3_wd1.0_softmax_ce_s1,transformer,28600,init,0,2,0,operands,2,17.49561036663066,300.0,0.0,0.06051491557194548,0.0,0.037998575607480205
transformer_add97_f0.3_wd1.0_softmax_ce_s1,transformer,28600,init,0,2,1,blocks.0.hook_attn_out,0,3.4927181265952907,300.0,0.0,0.03083537551934377,0.0,0.0008974525141966101
transformer_add97_f0.3_wd1.0_softmax_ce_s1,transformer,28600,init,0,2,1,blocks.0.hook_attn_out,1,3.4927181265952907,300.0,0.0,0.026605100862397625,0.0,0.0
transformer_add97_f0.3_wd1.0_softmax_ce_s1,transformer,28600,init,0,2,1,blocks.0.hook_attn_out,2,3.4927181265952907,300.0,0.0,0.026605100862397625,0.0,0.0
transformer_add97_f0.3_wd1.0_softmax_ce_s1,transformer,28600,init,0,2,2,blocks.0.hook_mlp_out,0,0.7533678501864597,300.0,0.0,0.033545203236627893,0.0,0.0
transformer_add97_f0.3_wd1.0_softmax_ce_s1,transformer,28600,init,0,2,2,blocks.0.hook_mlp_out,1,0.7536012982908981,300.0,0.0,0.0380625492284309,0.0,0.0008793271593000993
transformer_add97_f0.3_wd1.0_softmax_ce_s1,transformer,28600,init,0,2,2,blocks.0.hook_mlp_out,2,0.7536012982908981,300.0,0.0,0.03517616605865155,0.0,0.0
transformer_add97_f0.3_wd1.0_softmax_ce_s1,transformer,28600,init,0,2,3,hook_resid_final,0,3.0401323975405785,300.0,0.0,0.02820282692439502,0.0,0.0
transformer_add97_f0.3_wd1.0_softmax_ce_s1,transformer,28600,init,0,2,3,hook_resid_final,1,3.038270108084311,300.0,0.0,0.0293771855397591,0.0,0.0
transformer_add97_f0.3_wd1.0_softmax_ce_s1,transformer,28600,init,0,2,3,hook_resid_final,2,3.0401323975405785,300.0,0.0,0.0296592343611491,0.0,0.0
transformer_add97_f0.3_wd1.0_softmax_ce_s1,transformer,28600,init,0,2,4,logits,0,1.8004482671917266,300.0,0.0,0.025452527066179346,0.0,0.000242422912383804
transformer_add97_f0.3_wd1.0_softmax_ce_s1,transformer,28600,init,0,2,4,logits,1,1.8004482671917266,300.0,0.0,0.03529977953476546,0.0,0.0
transformer_add97_f0.3_wd1.0_softmax_ce_s1,transformer,28600,init,0,2,4,logits,2,1.8001931120231032,300.0,0.0,0.03014458004348767,0.0,0.0
transformer_add97_f0.3_wd1.0_softmax_ce_s1,transformer,28600,before,26031,8,0,operands,0,0.24404324729118218,300.0,0.0,0.13186695790779904,0.0,0.05537795347894078
transformer_add97_f0.3_wd1.0_softmax_ce_s1,transformer,28600,before,26031,8,0,operands,1,0.2593555909196512,300.0,0.0,0.12351753534896416,1.0,0.050233986339734193
transformer_add97_f0.3_wd1.0_softmax_ce_s1,transformer,28600,before,26031,8,0,operands,2,0.24404324729118218,300.0,0.0,0.15472614264021298,0.0,0.05425574073746322
transformer_add97_f0.3_wd1.0_softmax_ce_s1,transformer,28600,before,26031,8,1,blocks.0.hook_attn_out,0,0.13925025156985177,300.0,0.0,0.08009493434363968,0.0,0.05943211732618033
transformer_add97_f0.3_wd1.0_softmax_ce_s1,transformer,28600,before,26031,8,1,blocks.0.hook_attn_out,1,0.14017941662323535,300.0,0.0,0.0882652717809507,0.0,0.056832093879129644
transformer_add97_f0.3_wd1.0_softmax_ce_s1,transformer,28600,before,26031,8,1,blocks.0.hook_attn_out,2,0.13915230046036434,300.0,0.0,0.07173794606542591,1.0,0.061559170218581434
transformer_add97_f0.3_wd1.0_softmax_ce_s1,transformer,28600,before,26031,8,2,blocks.0.hook_mlp_out,0,0.2691719513080114,300.0,0.0,0.0800932853517802,1.0,0.05517688320095215
transformer_add97_f0.3_wd1.0_softmax_ce_s1,transformer,28600,before,26031,8,2,blocks.0.hook_mlp_out,1,0.2691719513080114,300.0,0.0,0.07928110958527629,0.0,0.054589383008598336
transformer_add97_f0.3_wd1.0_softmax_ce_s1,transformer,28600,before,26031,8,2,blocks.0.hook_mlp_out,2,0.2662418968822163,300.0,0.0,0.082136273102497,0.0,0.05172486190593844
transformer_add97_f0.3_wd1.0_softmax_ce_s1,transformer,28600,before,26031,8,3,hook_resid_final,0,8.781086253911317,300.0,0.0,0.09068111758713045,0.0,0.06678508250967786
transformer_add97_f0.3_wd1.0_softmax_ce_s1,transformer,28600,before,26031,8,3,hook_resid_final,1,8.781518049113231,300.0,0.0,0.09087498976724065,0.0,0.05457421688550856
transformer_add97_f0.3_wd1.0_softmax_ce_s1,transformer,28600,before,26031,8,3,hook_resid_final,2,9.242639210260283,300.0,0.0,0.08036221824060463,0.0,0.062199187917369905
transformer_add97_f0.3_wd1.0_softmax_ce_s1,transformer,28600,before,26031,8,4,logits,0,54.107052425478294,300.0,0.0,0.09595108457654007,0.0,0.06378382399624492
transformer_add97_f0.3_wd1.0_softmax_ce_s1,transformer,28600,before,26031,8,4,logits,1,56.358389400423604,300.0,0.0,0.09547588321170312,0.0,0.06202217778371781
transformer_add97_f0.3_wd1.0_softmax_ce_s1,transformer,28600,before,26031,8,4,logits,2,56.358389400423604,300.0,0.0,0.09774028142031438,0.0,0.06319921067635913
transformer_add97_f0.3_wd1.0_softmax_ce_s1,transformer,28600,before,26031,4,0,operands,0,0.21006507229749255,300.0,0.0,0.09295103731013608,0.0,0.06042201897897637
transformer_add97_f0.3_wd1.0_softmax_ce_s1,transformer,28600,before,26031,4,0,operands,1,0.21188030328521062,300.0,0.0,0.09273999166867215,0.0,0.06048151699720043
transformer_add97_f0.3_wd1.0_softmax_ce_s1,transformer,28600,before,26031,4,0,operands,2,0.21188030328521062,300.0,0.0,0.08716261345014392,0.0,0.06589327229529951
transformer_add97_f0.3_wd1.0_softmax_ce_s1,transformer,28600,before,26031,4,1,blocks.0.hook_attn_out,0,0.13015018164590236,300.0,0.0,0.07595411229440004,0.0,0.03339252251909593
transformer_add97_f0.3_wd1.0_softmax_ce_s1,transformer,28600,before,26031,4,1,blocks.0.hook_attn_out,1,0.13015018164590236,300.0,0.0,0.06490036276883024,0.0,0.037558516144409526
transformer_add97_f0.3_wd1.0_softmax_ce_s1,transformer,28600,before,26031,4,1,blocks.0.hook_attn_out,2,0.13015018164590236,300.0,0.0,0.07017554106968742,0.0,0.03956425944586567
transformer_add97_f0.3_wd1.0_softmax_ce_s1,transformer,28600,before,26031,4,2,blocks.0.hook_mlp_out,0,0.24668478985045159,300.0,0.0,0.06497172465686563,0.0,0.04381747612483163
transformer_add97_f0.3_wd1.0_softmax_ce_s1,transformer,28600,before,26031,4,2,blocks.0.hook_mlp_out,1,0.24668478985045159,300.0,0.0,0.061560510490970735,0.0,0.03916045532185861
transformer_add97_f0.3_wd1.0_softmax_ce_s1,transformer,28600,before,26031,4,2,blocks.0.hook_mlp_out,2,0.24668478985045159,300.0,0.0,0.0635071588684988,0.0,0.03843092088587861
transformer_add97_f0.3_wd1.0_softmax_ce_s1,transformer,28600,before,26031,4,3,hook_resid_final,0,8.179093858367935,300.0,0.0,0.07381461192124006,0.0,0.047918815247096284
transformer_add97_f0.3_wd1.0_softmax_ce_s1,transformer,28600,before,26031,4,3,hook_resid_final,1,8.299780888902268,300.0,0.0,0.061961698071070284,0.0,0.04279212281660342
transformer_add97_f0.3_wd1.0_softmax_ce_s1,transformer,28600,before,26031,4,3,hook_resid_final,2,8.118264916383003,300.0,0.0,0.06700314069683073,0.0,0.04135422971124727
transformer_add97_f0.3_wd1.0_softmax_ce_s1,transformer,28600,before,26031,4,4,logits,0,53.14479855969778,300.0,0.0,0.06170103308069949,0.0,0.039405480429616425
transformer_add97_f0.3_wd1.0_softmax_ce_s1,transformer,28600,before,26031,4,4,logits,1,53.14479855969778,300.0,0.0,0.061129580004781955,0.0,0.03796729211844008
transformer_add97_f0.3_wd1.0_softmax_ce_s1,transformer,28600,before,26031,4,4,logits,2,51.78304810107783,300.0,0.0,0.0629909744942673,0.0,0.05105214634443021
transformer_add97_f0.3_wd1.0_softmax_ce_s1,transformer,28600,before,26031,2,0,operands,0,0.19835237498493408,300.0,0.0,0.057689472210726796,0.0,0.04338890476118854
transformer_add97_f0.3_wd1.0_softmax_ce_s1,transformer,28600,before,26031,2,0,operands,1,0.19835237498493408,300.0,0.0,0.06208937520592692,0.0,0.04655240556585794
transformer_add97_f0.3_wd1.0_softmax_ce_s1,transformer,28600,before,26031,2,0,operands,2,0.19835237498493408,300.0,0.0,0.059303366590900436,0.0,0.045044897140968376
transformer_add97_f0.3_wd1.0_softmax_ce_s1,transformer,28600,before,26031,2,1,blocks.0.hook_attn_out,0,0.12543912343792413,300.0,0.0,0.04466599042117421,0.0,0.003840017406791506
transformer_add97_f0.3_wd1.0_softmax_ce_s1,transformer,28600,before,26031,2,1,blocks.0.hook_attn_out,1,0.12543912343792413,300.0,0.0,0.03290136779812472,0.0,0.0
transformer_add97_f0.3_wd1.0_softmax_ce_s1,transformer,28600,before,26031,2,1,blocks.0.hook_attn_out,2,0.12543912343792413,300.0,0.0,0.030017198880036726,0.0,0.0
transformer_add97_f0.3_wd1.0_softmax_ce_s1,transformer,28600,before,26031,2,2,blocks.0.hook_mlp_out,0,0.2248817146394542,300.0,0.0,0.0235467885479268,0.0,0.0
transformer_add97_f0.3_wd1.0_softmax_ce_s1,transformer,28600,before,26031,2,2,blocks.0.hook_mlp_out,1,0.2248817146394542,300.0,0.0,0.026939472087645723,0.0,0.0
transformer_add97_f0.3_wd1.0_softmax_ce_s1,transformer,28600,before,26031,2,2,blocks.0.hook_mlp_out,2,0.2248817146394542,300.0,0.0,0.025024932975385897,0.0,0.0
transformer_add97_f0.3_wd1.0_softmax_ce_s1,transformer,28600,before,26031,2,3,hook_resid_final,0,7.750107949766111,300.0,0.0,0.032096538774963934,0.0,0.0
transformer_add97_f0.3_wd1.0_softmax_ce_s1,transformer,28600,before,26031,2,3,hook_resid_final,1,7.854044529181067,300.0,0.0,0.0342218803156201,0.0,0.0
transformer_add97_f0.3_wd1.0_softmax_ce_s1,transformer,28600,before,26031,2,3,hook_resid_final,2,7.750107949766111,300.0,0.0,0.030511904070423587,0.0,0.0
transformer_add97_f0.3_wd1.0_softmax_ce_s1,transformer,28600,before,26031,2,4,logits,0,50.31996257744066,300.0,0.0,0.027082233867084738,0.0,0.0
transformer_add97_f0.3_wd1.0_softmax_ce_s1,transformer,28600,before,26031,2,4,logits,1,50.31996257744066,300.0,0.0,0.024864754648444728,0.0,0.0
transformer_add97_f0.3_wd1.0_softmax_ce_s1,transformer,28600,before,26031,2,4,logits,2,50.31996257744066,300.0,0.0,0.03175149369393768,0.0,0.0
transformer_add97_f0.3_wd1.0_softmax_ce_s1,transformer,28600,at,27963,8,0,operands,0,0.14468188782199357,300.0,0.0,0.12424615695654298,0.0,0.06044547093246892
transformer_add97_f0.3_wd1.0_softmax_ce_s1,transformer,28600,at,27963,8,0,operands,1,0.1483284255907385,300.0,0.0,0.09493593594715094,1.0,0.05131099995267435
transformer_add97_f0.3_wd1.0_softmax_ce_s1,transformer,28600,at,27963,8,0,operands,2,0.1483284255907385,300.0,0.0,0.10684227395861642,0.0,0.04933800418938052
transformer_add97_f0.3_wd1.0_softmax_ce_s1,transformer,28600,at,27963,8,1,blocks.0.hook_attn_out,0,0.07609769219405213,300.0,0.0,0.0748216161943701,0.0,0.05069869986234876
transformer_add97_f0.3_wd1.0_softmax_ce_s1,transformer,28600,at,27963,8,1,blocks.0.hook_attn_out,1,0.07743121416760143,300.0,0.0,0.08694394371887107,0.0,0.04868899240805446
transformer_add97_f0.3_wd1.0_softmax_ce_s1,transformer,28600,at,27963,8,1,blocks.0.hook_attn_out,2,0.07743121416760143,300.0,0.0,0.07023421235465441,0.0,0.056144676214944164
transformer_add97_f0.3_wd1.0_softmax_ce_s1,transformer,28600,at,27963,8,2,blocks.0.hook_mlp_out,0,0.16932422822199358,300.0,0.0,0.06064234825192576,0.0,0.03955054177951341
transformer_add97_f0.3_wd1.0_softmax_ce_s1,transformer,28600,at,27963,8,2,blocks.0.hook_mlp_out,1,0.16461893628341998,300.0,0.0,0.06836590028989611,0.0,0.047802694503606434
transformer_add97_f0.3_wd1.0_softmax_ce_s1,transformer,28600,at,27963,8,2,blocks.0.hook_mlp_out,2,0.16461893628341998,300.0,0.0,0.06221313468749667,1.0,0.053887276579112346
transformer_add97_f0.3_wd1.0_softmax_ce_s1,transformer,28600,at,27963,8,3,hook_resid_final,0,7.94808595588537,300.0,0.0,0.07803144523662853,0.0,0.05782412933562918
transformer_add97_f0.3_wd1.0_softmax_ce_s1,transformer,28600,at,27963,8,3,hook_resid_final,1,8.054360863765064,300.0,0.0,0.07804057838899842,0.0,0.06066222931298595
transformer_add97_f0.3_wd1.0_softmax_ce_s1,transformer,28600,at,27963,8,3,hook_resid_final,2,7.934262782174069,300.0,0.0,0.08524492053333874,0.0,0.0658198287078143
transformer_add97_f0.3_wd1.0_softmax_ce_s1,transformer,28600,at,27963,8,4,logits,0,48.331602001109694,300.0,0.0,0.08598656692939785,1.0,0.05691678268095823
transformer_add97_f0.3_wd1.0_softmax_ce_s1,transformer,28600,at,27963,8,4,logits,1,47.18420023452957,300.0,0.0,0.07432210876414251,0.0,0.05548536252456072
transformer_add97_f0.3_wd1.0_softmax_ce_s1,transformer,28600,at,27963,8,4,logits,2,45.75738502603229,300.0,0.0,0.09553184351333271,0.0,0.05615991292345533
transformer_add97_f0.3_wd1.0_softmax_ce_s1,transformer,28600,at,27963,4,0,operands,0,0.13413007584972045,300.0,0.0,0.09672837299360702,1.0,0.051177733108696555
transformer_add97_f0.3_wd1.0_softmax_ce_s1,transformer,28600,at,27963,4,0,operands,1,0.13421162710461598,300.0,0.0,0.08977468834173033,0.0,0.05646856533423889
transformer_add97_f0.3_wd1.0_softmax_ce_s1,transformer,28600,at,27963,4,0,operands,2,0.13421162710461598,300.0,0.0,0.09610116548528722,0.0,0.05545946551388566
transformer_add97_f0.3_wd1.0_softmax_ce_s1,transformer,28600,at,27963,4,1,blocks.0.hook_attn_out,0,0.070791295539511,300.0,0.0,0.06716131080965553,0.0,0.034606439967367675
transformer_add97_f0.3_wd1.0_softmax_ce_s1,transformer,28600,at,27963,4,1,blocks.0.hook_attn_out,1,0.070791295539511,300.0,0.0,0.058647107522358834,0.0,0.039688521229822284
transformer_add97_f0.3_wd1.0_softmax_ce_s1,transformer,28600,at,27963,4,1,blocks.0.hook_attn_out,2,0.07079504144686122,300.0,0.0,0.05685360865865015,0.0,0.040817057619400875
transformer_add97_f0.3_wd1.0_softmax_ce_s1,transformer,28600,at,27963,4,2,blocks.0.hook_mlp_out,0,0.1575421014776301,300.0,0.0,0.048789195301928504,0.0,0.027845428672828007
transformer_add97_f0.3_wd1.0_softmax_ce_s1,transformer,28600,at,27963,4,2,blocks.0.hook_mlp_out,1,0.15693010709282684,300.0,0.0,0.058627561748942125,0.0,0.03554083092839392
transformer_add97_f0.3_wd1.0_softmax_ce_s1,transformer,28600,at,27963,4,2,blocks.0.hook_mlp_out,2,0.1575421014776301,300.0,0.0,0.05527053225744642,0.0,0.038547703954732095
transformer_add97_f0.3_wd1.0_softmax_ce_s1,transformer,28600,at,27963,4,3,hook_resid_final,0,7.386249851751133,300.0,0.0,0.06708759217206973,1.0,0.05147058987595558
transformer_add97_f0.3_wd1.0_softmax_ce_s1,transformer,28600,at,27963,4,3,hook_resid_final,1,7.486292716929453,300.0,0.0,0.05906124366992138,0.0,0.03376924128586499
transformer_add97_f0.3_wd1.0_softmax_ce_s1,transformer,28600,at,27963,4,3,hook_resid_final,2,7.512989719145877,300.0,0.0,0.05698467298170467,0.0,0.04436786058270976
transformer_add97_f0.3_wd1.0_softmax_ce_s1,transformer,28600,at,27963,4,4,logits,0,43.24469532011401,300.0,0.0,0.060122758378646605,0.0,0.03453130282227011
transformer_add97_f0.3_wd1.0_softmax_ce_s1,transformer,28600,at,27963,4,4,logits,1,43.24469532011401,300.0,0.0,0.06311905239950462,0.0,0.039942045091277946
transformer_add97_f0.3_wd1.0_softmax_ce_s1,transformer,28600,at,27963,4,4,logits,2,42.76254637015393,300.0,0.0,0.05999589004766392,0.0,0.04051148349045202
transformer_add97_f0.3_wd1.0_softmax_ce_s1,transformer,28600,at,27963,2,0,operands,0,0.12442645117650793,300.0,0.0,0.06191376732657709,0.0,0.039800246937561456
transformer_add97_f0.3_wd1.0_softmax_ce_s1,transformer,28600,at,27963,2,0,operands,1,0.12442645117650793,300.0,0.0,0.05914187529079051,0.0,0.04687329087362205
transformer_add97_f0.3_wd1.0_softmax_ce_s1,transformer,28600,at,27963,2,0,operands,2,0.12442645117650793,300.0,0.0,0.06855108387633012,0.0,0.04265240730211367
transformer_add97_f0.3_wd1.0_softmax_ce_s1,transformer,28600,at,27963,2,1,blocks.0.hook_attn_out,0,0.06402054899353098,300.0,0.0,0.03179525388319045,0.0,0.0030987376300699657
transformer_add97_f0.3_wd1.0_softmax_ce_s1,transformer,28600,at,27963,2,1,blocks.0.hook_attn_out,1,0.06294737330331661,300.0,0.0,0.036116313840794965,0.0,0.0
transformer_add97_f0.3_wd1.0_softmax_ce_s1,transformer,28600,at,27963,2,1,blocks.0.hook_attn_out,2,0.06402054899353098,300.0,0.0,0.02659854175622157,0.0,0.0018911054075123484
transformer_add97_f0.3_wd1.0_softmax_ce_s1,transformer,28600,at,27963,2,2,blocks.0.hook_mlp_out,0,0.15417916667820392,300.0,0.0,0.019402167210785408,0.0,0.0014440410346080572
transformer_add97_f0.3_wd1.0_softmax_ce_s1,transformer,28600,at,27963,2,2,blocks.0.hook_mlp_out,1,0.15417916667820392,300.0,0.0,0.029835371085467487,0.0,0.0
transformer_add97_f0.3_wd1.0_softmax_ce_s1,transformer,28600,at,27963,2,2,blocks.0.hook_mlp_out,2,0.15417916667820392,300.0,0.0,0.024275910656649052,0.0,0.0
transformer_add97_f0.3_wd1.0_softmax_ce_s1,transformer,28600,at,27963,2,3,hook_resid_final,0,6.977311669892744,300.0,0.0,0.029468896110880997,0.0,0.0
transformer_add97_f0.3_wd1.0_softmax_ce_s1,transformer,28600,at,27963,2,3,hook_resid_final,1,7.070443883131713,300.0,0.0,0.040708702198014514,0.0,0.0
transformer_add97_f0.3_wd1.0_softmax_ce_s1,transformer,28600,at,27963,2,3,hook_resid_final,2,6.992715445794286,300.0,0.0,0.03539717239242832,0.0,0.0
transformer_add97_f0.3_wd1.0_softmax_ce_s1,transformer,28600,at,27963,2,4,logits,0,40.356040033654736,300.0,0.0,0.030468054599526673,0.0,0.0
transformer_add97_f0.3_wd1.0_softmax_ce_s1,transformer,28600,at,27963,2,4,logits,1,40.2251722761412,300.0,0.0,0.02822448397124001,0.0,0.0
transformer_add97_f0.3_wd1.0_softmax_ce_s1,transformer,28600,at,27963,2,4,logits,2,40.2251722761412,300.0,0.0,0.026654656233697227,0.0,0.0
transformer_add97_f0.3_wd1.0_softmax_ce_s1,transformer,28600,after,40000,8,0,operands,0,0.16502691661875224,300.0,0.0,0.1524591632277587,0.0,0.03620052964408115
transformer_add97_f0.3_wd1.0_softmax_ce_s1,transformer,28600,after,40000,8,0,operands,1,0.16502691661875224,300.0,0.0,0.18723239446611795,0.0,0.03599594298230065
transformer_add97_f0.3_wd1.0_softmax_ce_s1,transformer,28600,after,40000,8,0,operands,2,0.16502691661875224,300.0,0.0,0.13578906368841745,0.0,0.04313968121177438
transformer_add97_f0.3_wd1.0_softmax_ce_s1,transformer,28600,after,40000,8,1,blocks.0.hook_attn_out,0,0.08932413433353993,300.0,0.0,0.0708884885236139,0.0,0.04802178238412343
transformer_add97_f0.3_wd1.0_softmax_ce_s1,transformer,28600,after,40000,8,1,blocks.0.hook_attn_out,1,0.08932413433353993,300.0,0.0,0.07329140224992961,0.0,0.0519797201261188
transformer_add97_f0.3_wd1.0_softmax_ce_s1,transformer,28600,after,40000,8,1,blocks.0.hook_attn_out,2,0.08932413433353993,300.0,0.0,0.06832186062110471,0.0,0.043730431578421824
transformer_add97_f0.3_wd1.0_softmax_ce_s1,transformer,28600,after,40000,8,2,blocks.0.hook_mlp_out,0,0.20889082256199518,300.0,0.0,0.0692169016474316,0.0,0.04194937850363659
transformer_add97_f0.3_wd1.0_softmax_ce_s1,transformer,28600,after,40000,8,2,blocks.0.hook_mlp_out,1,0.2058776497854378,300.0,0.0,0.0871971616359958,0.0,0.03860572467027752
transformer_add97_f0.3_wd1.0_softmax_ce_s1,transformer,28600,after,40000,8,2,blocks.0.hook_mlp_out,2,0.2064628286550811,300.0,0.0,0.08243198824839237,0.0,0.03582008988832217
transformer_add97_f0.3_wd1.0_softmax_ce_s1,transformer,28600,after,40000,8,3,hook_resid_final,0,7.724328408213298,300.0,0.0,0.10889861196860179,0.0,0.046097185984389936
transformer_add97_f0.3_wd1.0_softmax_ce_s1,transformer,28600,after,40000,8,3,hook_resid_final,1,7.780733552831661,300.0,0.0,0.10018326512285879,0.0,0.04641005215026366
transformer_add97_f0.3_wd1.0_softmax_ce_s1,transformer,28600,after,40000,8,3,hook_resid_final,2,7.7838566288279765,300.0,0.0,0.09449427638133637,0.0,0.061640577322573185
transformer_add97_f0.3_wd1.0_softmax_ce_s1,transformer,28600,after,40000,8,4,logits,0,45.331288076429374,300.0,0.0,0.08976321725672762,1.0,0.05379740015823587
transformer_add97_f0.3_wd1.0_softmax_ce_s1,transformer,28600,after,40000,8,4,logits,1,45.002232794220504,300.0,0.0,0.10274366698655553,0.0,0.04168066268420195
transformer_add97_f0.3_wd1.0_softmax_ce_s1,transformer,28600,after,40000,8,4,logits,2,45.32310052196721,300.0,0.0,0.08942187153565972,0.0,0.04370500654669951
transformer_add97_f0.3_wd1.0_softmax_ce_s1,transformer,28600,after,40000,4,0,operands,0,0.14783862549411134,300.0,0.0,0.17642296253221448,0.0,0.03133964878215811
transformer_add97_f0.3_wd1.0_softmax_ce_s1,transformer,28600,after,40000,4,0,operands,1,0.14797727194843494,300.0,0.0,0.17625766405161486,0.0,0.03898301932007194
transformer_add97_f0.3_wd1.0_softmax_ce_s1,transformer,28600,after,40000,4,0,operands,2,0.14769984889184937,300.0,0.0,0.17658872694893463,0.0,0.03723311658010186
transformer_add97_f0.3_wd1.0_softmax_ce_s1,transformer,28600,after,40000,4,1,blocks.0.hook_attn_out,0,0.07878375136818071,300.0,0.0,0.06252889047805087,0.0,0.04627777803386408
transformer_add97_f0.3_wd1.0_softmax_ce_s1,transformer,28600,after,40000,4,1,blocks.0.hook_attn_out,1,0.07878375136818071,300.0,0.0,0.06524199783471454,0.0,0.0411250952694448
transformer_add97_f0.3_wd1.0_softmax_ce_s1,transformer,28600,after,40000,4,1,blocks.0.hook_attn_out,2,0.07878375136818071,300.0,0.0,0.05228280852774958,0.0,0.046927686823659144
transformer_add97_f0.3_wd1.0_softmax_ce_s1,transformer,28600,after,40000,4,2,blocks.0.hook_mlp_out,0,0.1849919930387533,300.0,0.0,0.056278966635586646,0.0,0.03232777690125124
transformer_add97_f0.3_wd1.0_softmax_ce_s1,transformer,28600,after,40000,4,2,blocks.0.hook_mlp_out,1,0.18502237311383507,300.0,0.0,0.06827219666543498,0.0,0.031800890537021315
transformer_add97_f0.3_wd1.0_softmax_ce_s1,transformer,28600,after,40000,4,2,blocks.0.hook_mlp_out,2,0.18502237311383507,300.0,0.0,0.06291144744752693,1.0,0.0533072096858003
transformer_add97_f0.3_wd1.0_softmax_ce_s1,transformer,28600,after,40000,4,3,hook_resid_final,0,6.698045235381989,300.0,0.0,0.10612244338655646,0.0,0.06800069842289161
transformer_add97_f0.3_wd1.0_softmax_ce_s1,transformer,28600,after,40000,4,3,hook_resid_final,1,6.694641460458995,300.0,0.0,0.12218086780054842,0.0,0.07550280312853136
transformer_add97_f0.3_wd1.0_softmax_ce_s1,transformer,28600,after,40000,4,3,hook_resid_final,2,6.695949273336233,300.0,0.0,0.12511878816367994,0.0,0.06941116725428421
transformer_add97_f0.3_wd1.0_softmax_ce_s1,transformer,28600,after,40000,4,4,logits,0,39.332033693231196,300.0,0.0,0.12000516001496775,0.0,0.043970332424818744
transformer_add97_f0.3_wd1.0_softmax_ce_s1,transformer,28600,after,40000,4,4,logits,1,39.286232613283495,300.0,0.0,0.10262041465215065,1.0,0.05716326807197605
transformer_add97_f0.3_wd1.0_softmax_ce_s1,transformer,28600,after,40000,4,4,logits,2,39.332033693231196,300.0,0.0,0.08241464677079703,0.0,0.05327749911129929
transformer_add97_f0.3_wd1.0_softmax_ce_s1,transformer,28600,after,40000,2,0,operands,0,0.12582813985146898,300.0,0.0,0.07851688657208412,0.0,0.03238849252874845
transformer_add97_f0.3_wd1.0_softmax_ce_s1,transformer,28600,after,40000,2,0,operands,1,0.12511294861055408,300.0,0.0,0.07896571772956135,0.0,0.033695336497357974
transformer_add97_f0.3_wd1.0_softmax_ce_s1,transformer,28600,after,40000,2,0,operands,2,0.12582813985146898,300.0,0.0,0.07851688657208412,0.0,0.03199404942003688
transformer_add97_f0.3_wd1.0_softmax_ce_s1,transformer,28600,after,40000,2,1,blocks.0.hook_attn_out,0,0.056671275190536614,300.0,0.0,0.03569551577405832,0.0,0.0
transformer_add97_f0.3_wd1.0_softmax_ce_s1,transformer,28600,after,40000,2,1,blocks.0.hook_attn_out,1,0.056671275190536614,300.0,0.0,0.028063185126057467,0.0,0.0
transformer_add97_f0.3_wd1.0_softmax_ce_s1,transformer,28600,after,40000,2,1,blocks.0.hook_attn_out,2,0.056671275190536614,300.0,0.0,0.02738743681303387,0.0,0.0
transformer_add97_f0.3_wd1.0_softmax_ce_s1,transformer,28600,after,40000,2,2,blocks.0.hook_mlp_out,0,0.12756316396171138,300.0,1.0,0.11638566936252467,0.0,0.0
transformer_add97_f0.3_wd1.0_softmax_ce_s1,transformer,28600,after,40000,2,2,blocks.0.hook_mlp_out,1,0.12756316396171138,300.0,1.0,0.11624901160482838,0.0,0.0
transformer_add97_f0.3_wd1.0_softmax_ce_s1,transformer,28600,after,40000,2,2,blocks.0.hook_mlp_out,2,0.12756316396171138,300.0,1.0,0.11861123490885599,0.0,0.0
transformer_add97_f0.3_wd1.0_softmax_ce_s1,transformer,28600,after,40000,2,3,hook_resid_final,0,5.434014369586475,300.0,1.0,0.18177874906209326,0.0,0.0
transformer_add97_f0.3_wd1.0_softmax_ce_s1,transformer,28600,after,40000,2,3,hook_resid_final,1,5.434014369586475,300.0,1.0,0.17194306810594964,0.0,0.0
transformer_add97_f0.3_wd1.0_softmax_ce_s1,transformer,28600,after,40000,2,3,hook_resid_final,2,5.433594748931022,300.0,1.0,0.1863402922889669,0.0,0.0013378916953957862
transformer_add97_f0.3_wd1.0_softmax_ce_s1,transformer,28600,after,40000,2,4,logits,0,35.682418586846254,300.0,1.0,0.11847997530259761,0.0,0.0013410002427964502
transformer_add97_f0.3_wd1.0_softmax_ce_s1,transformer,28600,after,40000,2,4,logits,1,35.682418586846254,300.0,1.0,0.10924869020537212,0.0,0.0
transformer_add97_f0.3_wd1.0_softmax_ce_s1,transformer,28600,after,40000,2,4,logits,2,35.682418586846254,300.0,1.0,0.11023179282584473,0.0,0.0
transformer_add97_f0.3_wd1.0_softmax_ce_s2,transformer,30000,init,0,8,0,operands,0,19.998619259998392,300.0,0.0,0.09652856612697805,0.0,0.05391884156621212
transformer_add97_f0.3_wd1.0_softmax_ce_s2,transformer,30000,init,0,8,0,operands,1,20.157100077430453,300.0,0.0,0.12572158389789553,0.0,0.059135320548242595
transformer_add97_f0.3_wd1.0_softmax_ce_s2,transformer,30000,init,0,8,0,operands,2,20.086288882255804,300.0,0.0,0.12404325059616662,0.0,0.06779631418781903
transformer_add97_f0.3_wd1.0_softmax_ce_s2,transformer,30000,init,0,8,1,blocks.0.hook_attn_out,0,4.195119910382308,300.0,0.0,0.0687342395237204,0.0,0.04367197714146222
transformer_add97_f0.3_wd1.0_softmax_ce_s2,transformer,30000,init,0,8,1,blocks.0.hook_attn_out,1,4.195119910382308,300.0,0.0,0.05307258994928681,0.0,0.04282324262698722
transformer_add97_f0.3_wd1.0_softmax_ce_s2,transformer,30000,init,0,8,1,blocks.0.hook_attn_out,2,3.682393397284433,300.0,0.0,0.0719105171449759,0.0,0.062030929203471544
transformer_add97_f0.3_wd1.0_softmax_ce_s2,transformer,30000,init,0,8,2,blocks.0.hook_mlp_out,0,0.9793418974226162,300.0,0.0,0.0638929374467565,0.0,0.04392329909457251
transformer_add97_f0.3_wd1.0_softmax_ce_s2,transformer,30000,init,0,8,2,blocks.0.hook_mlp_out,1,0.9793418974226162,300.0,0.0,0.06129818005945458,0.0,0.04046682797351393
transformer_add97_f0.3_wd1.0_softmax_ce_s2,transformer,30000,init,0,8,2,blocks.0.hook_mlp_out,2,0.9793418974226162,300.0,0.0,0.06632733884578175,0.0,0.04327816256331422
transformer_add97_f0.3_wd1.0_softmax_ce_s2,transformer,30000,init,0,8,3,hook_resid_final,0,3.6055341764168274,300.0,0.0,0.06436157808521326,1.0,0.050768558137970536
transformer_add97_f0.3_wd1.0_softmax_ce_s2,transformer,30000,init,0,8,3,hook_resid_final,1,3.6055341764168274,300.0,0.0,0.07069186033444551,0.0,0.04197373687243206
transformer_add97_f0.3_wd1.0_softmax_ce_s2,transformer,30000,init,0,8,3,hook_resid_final,2,3.6055341764168274,300.0,0.0,0.059546996753925836,0.0,0.048528747414735694
transformer_add97_f0.3_wd1.0_softmax_ce_s2,transformer,30000,init,0,8,4,logits,0,2.0031486962278797,300.0,0.0,0.062360234142101505,0.0,0.04343698568043162
transformer_add97_f0.3_wd1.0_softmax_ce_s2,transformer,30000,init,0,8,4,logits,1,2.0031486962278797,300.0,0.0,0.06490922219375066,0.0,0.046017291371527234
transformer_add97_f0.3_wd1.0_softmax_ce_s2,transformer,30000,init,0,8,4,logits,2,2.0031486962278797,300.0,0.0,0.062200238942763185,0.0,0.04742273181235797
transformer_add97_f0.3_wd1.0_softmax_ce_s2,transformer,30000,init,0,4,0,operands,0,19.538065209316837,300.0,0.0,0.1045655638075703,0.0,0.04633236799920376
transformer_add97_f0.3_wd1.0_softmax_ce_s2,transformer,30000,init,0,4,0,operands,1,19.538065209316837,300.0,0.0,0.09741542205011167,1.0,0.05350254671030599
transformer_add97_f0.3_wd1.0_softmax_ce_s2,transformer,30000,init,0,4,0,operands,2,19.538065209316837,300.0,0.0,0.11689622210098535,0.0,0.05298910282388199
transformer_add97_f0.3_wd1.0_softmax_ce_s2,transformer,30000,init,0,4,1,blocks.0.hook_attn_out,0,3.5381554563789246,300.0,0.0,0.06082467606989951,0.0,0.038767428531743336
transformer_add97_f0.3_wd1.0_softmax_ce_s2,transformer,30000,init,0,4,1,blocks.0.hook_attn_out,1,3.5381554563789246,300.0,0.0,0.04982704097427461,0.0,0.0334139267203849
transformer_add97_f0.3_wd1.0_softmax_ce_s2,transformer,30000,init,0,4,1,blocks.0.hook_attn_out,2,3.437706837237024,300.0,0.0,0.05374893679125731,0.0,0.03783591363370558
transformer_add97_f0.3_wd1.0_softmax_ce_s2,transformer,30000,init,0,4,2,blocks.0.hook_mlp_out,0,0.966206657481802,300.0,0.0,0.04988885033887215,0.0,0.032752872087104326
transformer_add97_f0.3_wd1.0_softmax_ce_s2,transformer,30000,init,0,4,2,blocks.0.hook_mlp_out,1,0.966206657481802,300.0,0.0,0.05622382824668884,0.0,0.03441981041373095
transformer_add97_f0.3_wd1.0_softmax_ce_s2,transformer,30000,init,0,4,2,blocks.0.hook_mlp_out,2,0.966206657481802,300.0,1.0,0.05753784189605362,0.0,0.034591306761010784
transformer_add97_f0.3_wd1.0_softmax_ce_s2,transformer,30000,init,0,4,3,hook_resid_final,0,3.0496333263054707,300.0,0.0,0.0551226510674836,0.0,0.03936380943034292
transformer_add97_f0.3_wd1.0_softmax_ce_s2,transformer,30000,init,0,4,3,hook_resid_final,1,3.0496333263054707,300.0,0.0,0.06331679293275055,1.0,0.05333046593487112
transformer_add97_f0.3_wd1.0_softmax_ce_s2,transformer,30000,init,0,4,3,hook_resid_final,2,3.0496333263054707,300.0,0.0,0.061190312579973566,0.0,0.04051359422991244
transformer_add97_f0.3_wd1.0_softmax_ce_s2,transformer,30000,init,0,4,4,logits,0,1.8724277782607412,300.0,0.0,0.06966208609901028,0.0,0.037780393036918596
transformer_add97_f0.3_wd1.0_softmax_ce_s2,transformer,30000,init,0,4,4,logits,1,1.8724277782607412,300.0,0.0,0.05916804887662305,0.0,0.037116631120457114
transformer_add97_f0.3_wd1.0_softmax_ce_s2,transformer,30000,init,0,4,4,logits,2,1.8724277782607412,300.0,0.0,0.058607250196321785,0.0,0.0411291572969897
transformer_add97_f0.3_wd1.0_softmax_ce_s2,transformer,30000,init,0,2,0,operands,0,15.685268248641746,300.0,0.0,0.057751409984589976,0.0,0.037813375975128814
transformer_add97_f0.3_wd1.0_softmax_ce_s2,transformer,30000,init,0,2,0,operands,1,15.685268248641746,300.0,0.0,0.06158685102980944,0.0,0.043879972431825114
transformer_add97_f0.3_wd1.0_softmax_ce_s2,transformer,30000,init,0,2,0,operands,2,15.538597755624176,300.0,0.0,0.06399933141441115,0.0,0.04582295400782916
transformer_add97_f0.3_wd1.0_softmax_ce_s2,transformer,30000,init,0,2,1,blocks.0.hook_attn_out,0,3.362722572553197,300.0,0.0,0.03334605083886752,0.0,0.0
transformer_add97_f0.3_wd1.0_softmax_ce_s2,transformer,30000,init,0,2,1,blocks.0.hook_attn_out,1,3.362722572553197,300.0,0.0,0.027991293555701645,0.0,0.0022636655917062953
transformer_add97_f0.3_wd1.0_softmax_ce_s2,transformer,30000,init,0,2,1,blocks.0.hook_attn_out,2,3.362722572553197,300.0,0.0,0.021918496289577385,0.0,0.0
transformer_add97_f0.3_wd1.0_softmax_ce_s2,transformer,30000,init,0,2,2,blocks.0.hook_mlp_out,0,0.881384238907835,300.0,0.0,0.02784448159720416,0.0,0.0
transformer_add97_f0.3_wd1.0_softmax_ce_s2,transformer,30000,init,0,2,2,blocks.0.hook_mlp_out,1,0.881384238907835,300.0,0.0,0.026617996381009233,0.0,0.0
transformer_add97_f0.3_wd1.0_softmax_ce_s2,transformer,30000,init,0,2,2,blocks.0.hook_mlp_out,2,0.881384238907835,300.0,0.0,0.036630470025502126,0.0,0.0
transformer_add97_f0.3_wd1.0_softmax_ce_s2,transformer,30000,init,0,2,3,hook_resid_final,0,2.7986839131835253,300.0,0.0,0.026788695618660867,0.0,0.0
transformer_add97_f0.3_wd1.0_softmax_ce_s2,transformer,30000,init,0,2,3,hook_resid_final,1,2.7986839131835253,300.0,0.0,0.03730557789412286,0.0,0.0
transformer_add97_f0.3_wd1.0_softmax_ce_s2,transformer,30000,init,0,2,3,hook_resid_final,2,2.7986839131835253,300.0,0.0,0.03553616464583915,0.0,0.0
transformer_add97_f0.3_wd1.0_softmax_ce_s2,transformer,30000,init,0,2,4,logits,0,1.7489089242770568,300.0,0.0,0.036143127770256106,0.0,0.0
transformer_add97_f0.3_wd1.0_softmax_ce_s2,transformer,30000,init,0,2,4,logits,1,1.7490317044490555,300.0,0.0,0.02587105659652175,0.0,0.0007493810627420921
transformer_add97_f0.3_wd1.0_softmax_ce_s2,transformer,30000,init,0,2,4,logits,2,1.7525076830526285,300.0,0.0,0.03402438429891365,0.0,0.0
transformer_add97_f0.3_wd1.0_softmax_ce_s2,transformer,30000,before,27963,8,0,operands,0,0.15734634914920057,300.0,0.0,0.10741756249701412,0.0,0.06076864835127041
transformer_add97_f0.3_wd1.0_softmax_ce_s2,transformer,30000,before,27963,8,0,operands,1,0.1600928363452829,300.0,0.0,0.08685052478001638,0.0,0.055287457193166106
transformer_add97_f0.3_wd1.0_softmax_ce_s2,transformer,30000,before,27963,8,0,operands,2,0.15586319330515574,300.0,0.0,0.10383886964532738,0.0,0.06929677167316138
transformer_add97_f0.3_wd1.0_softmax_ce_s2,transformer,30000,before,27963,8,1,blocks.0.hook_attn_out,0,0.06605519414107316,300.0,0.0,0.08202136839212061,0.0,0.05426926386458794
transformer_add97_f0.3_wd1.0_softmax_ce_s2,transformer,30000,before,27963,8,1,blocks.0.hook_attn_out,1,0.06626787076463776,300.0,0.0,0.0768145305602244,0.0,0.05207855586283332
transformer_add97_f0.3_wd1.0_softmax_ce_s2,transformer,30000,before,27963,8,1,blocks.0.hook_attn_out,2,0.06624992825223182,300.0,0.0,0.08485261754220837,0.0,0.05529905630958452
transformer_add97_f0.3_wd1.0_softmax_ce_s2,transformer,30000,before,27963,8,2,blocks.0.hook_mlp_out,0,0.1385048932761833,300.0,0.0,0.07519142705969405,0.0,0.046278009466871745
transformer_add97_f0.3_wd1.0_softmax_ce_s2,transformer,30000,before,27963,8,2,blocks.0.hook_mlp_out,1,0.13592196161246942,300.0,0.0,0.07504896277085224,0.0,0.04498505414481632
transformer_add97_f0.3_wd1.0_softmax_ce_s2,transformer,30000,before,27963,8,2,blocks.0.hook_mlp_out,2,0.13657196302122562,300.0,0.0,0.07508751080082031,0.0,0.048598477977908436
transformer_add97_f0.3_wd1.0_softmax_ce_s2,transformer,30000,before,27963,8,3,hook_resid_final,0,8.200751588952235,300.0,0.0,0.08250524099550759,1.0,0.05880974003785159
transformer_add97_f0.3_wd1.0_softmax_ce_s2,transformer,30000,before,27963,8,3,hook_resid_final,1,8.386874046569975,300.0,0.0,0.08319810482278356,1.0,0.05094845887110678
transformer_add97_f0.3_wd1.0_softmax_ce_s2,transformer,30000,before,27963,8,3,hook_resid_final,2,8.211513151500103,300.0,0.0,0.09724329606932511,0.0,0.05613551590993135
transformer_add97_f0.3_wd1.0_softmax_ce_s2,transformer,30000,before,27963,8,4,logits,0,50.45970368759326,300.0,0.0,0.08894316384080041,0.0,0.04865816304548577
transformer_add97_f0.3_wd1.0_softmax_ce_s2,transformer,30000,before,27963,8,4,logits,1,48.52818838235836,300.0,0.0,0.08883802975552454,1.0,0.055730696431491
transformer_add97_f0.3_wd1.0_softmax_ce_s2,transformer,30000,before,27963,8,4,logits,2,47.324042939331505,300.0,0.0,0.08292922578046523,1.0,0.054648850101925085
transformer_add97_f0.3_wd1.0_softmax_ce_s2,transformer,30000,before,27963,4,0,operands,0,0.1495484067784289,300.0,0.0,0.10216635905577813,0.0,0.06306135471861728
transformer_add97_f0.3_wd1.0_softmax_ce_s2,transformer,30000,before,27963,4,0,operands,1,0.1599904684592502,300.0,0.0,0.1050645676108335,0.0,0.05560110465577534
transformer_add97_f0.3_wd1.0_softmax_ce_s2,transformer,30000,before,27963,4,0,operands,2,0.1599904684592502,300.0,0.0,0.09528262984168288,1.0,0.054217915100666335
transformer_add97_f0.3_wd1.0_softmax_ce_s2,transformer,30000,before,27963,4,1,blocks.0.hook_attn_out,0,0.06040246311371869,300.0,0.0,0.05716380583230996,0.0,0.04234652824550197
transformer_add97_f0.3_wd1.0_softmax_ce_s2,transformer,30000,before,27963,4,1,blocks.0.hook_attn_out,1,0.060303454949438104,300.0,0.0,0.0572596205986541,0.0,0.03967384467975864
transformer_add97_f0.3_wd1.0_softmax_ce_s2,transformer,30000,before,27963,4,1,blocks.0.hook_attn_out,2,0.06040246311371869,300.0,0.0,0.07326218564725002,0.0,0.04347626588941524
transformer_add97_f0.3_wd1.0_softmax_ce_s2,transformer,30000,before,27963,4,2,blocks.0.hook_mlp_out,0,0.1216163866525393,300.0,0.0,0.05651727656204837,0.0,0.041704810255398614
transformer_add97_f0.3_wd1.0_softmax_ce_s2,transformer,30000,before,27963,4,2,blocks.0.hook_mlp_out,1,0.12017540766136924,300.0,0.0,0.054416208783300314,0.0,0.03632202292685282
transformer_add97_f0.3_wd1.0_softmax_ce_s2,transformer,30000,before,27963,4,2,blocks.0.hook_mlp_out,2,0.12506213767706706,300.0,0.0,0.05760355815896384,0.0,0.03348326684811739
transformer_add97_f0.3_wd1.0_softmax_ce_s2,transformer,30000,before,27963,4,3,hook_resid_final,0,7.557715645060082,300.0,0.0,0.05999372486777792,0.0,0.04129339284746372
transformer_add97_f0.3_wd1.0_softmax_ce_s2,transformer,30000,before,27963,4,3,hook_resid_final,1,7.610622179344571,300.0,0.0,0.06375128380278033,0.0,0.049831737470494665
transformer_add97_f0.3_wd1.0_softmax_ce_s2,transformer,30000,before,27963,4,3,hook_resid_final,2,7.610622179344571,300.0,0.0,0.07057576313693012,0.0,0.03430592637604125
transformer_add97_f0.3_wd1.0_softmax_ce_s2,transformer,30000,before,27963,4,4,logits,0,42.42748276129396,300.0,0.0,0.059983469642188286,0.0,0.04202498431304467
transformer_add97_f0.3_wd1.0_softmax_ce_s2,transformer,30000,before,27963,4,4,logits,1,43.11432963822885,300.0,0.0,0.06438006698623479,0.0,0.04115681281988467
transformer_add97_f0.3_wd1.0_softmax_ce_s2,transformer,30000,before,27963,4,4,logits,2,42.3764418356308,300.0,0.0,0.06392749234250053,0.0,0.04526255489359025
transformer_add97_f0.3_wd1.0_softmax_ce_s2,transformer,30000,before,27963,2,0,operands,0,0.1352893976359236,300.0,0.0,0.0697276447866961,0.0,0.04298837278842511
transformer_add97_f0.3_wd1.0_softmax_ce_s2,transformer,30000,before,27963,2,0,operands,1,0.1352893976359236,300.0,0.0,0.07142913168918072,0.0,0.041290699582470676
transformer_add97_f0.3_wd1.0_softmax_ce_s2,transformer,30000,before,27963,2,0,operands,2,0.1303104442287042,300.0,0.0,0.0689810147564076,1.0,0.0504025971079106
transformer_add97_f0.3_wd1.0_softmax_ce_s2,transformer,30000,before,27963,2,1,blocks.0.hook_attn_out,0,0.0591527068658842,300.0,0.0,0.023948096316009918,0.0,0.0
transformer_add97_f0.3_wd1.0_softmax_ce_s2,transformer,30000,before,27963,2,1,blocks.0.hook_attn_out,1,0.0591527068658842,300.0,0.0,0.02681450596023793,0.0,0.0
transformer_add97_f0.3_wd1.0_softmax_ce_s2,transformer,30000,before,27963,2,1,blocks.0.hook_attn_out,2,0.0591527068658842,300.0,0.0,0.03071717120125093,0.0,0.0
transformer_add97_f0.3_wd1.0_softmax_ce_s2,transformer,30000,before,27963,2,2,blocks.0.hook_mlp_out,0,0.12199623742446385,300.0,0.0,0.027850514682759942,0.0,0.0
transformer_add97_f0.3_wd1.0_softmax_ce_s2,transformer,30000,before,27963,2,2,blocks.0.hook_mlp_out,1,0.12199623742446385,300.0,0.0,0.026412676226904814,0.0,0.0
transformer_add97_f0.3_wd1.0_softmax_ce_s2,transformer,30000,before,27963,2,2,blocks.0.hook_mlp_out,2,0.12199623742446385,300.0,0.0,0.02240132328339516,0.0,0.0
transformer_add97_f0.3_wd1.0_softmax_ce_s2,transformer,30000,before,27963,2,3,hook_resid_final,0,6.383381348429438,300.0,0.0,0.04733673929327837,0.0,0.004744024050195602
transformer_add97_f0.3_wd1.0_softmax_ce_s2,transformer,30000,before,27963,2,3,hook_resid_final,1,6.383381348429438,300.0,0.0,0.040700691298770776,0.0,0.0
transformer_add97_f0.3_wd1.0_softmax_ce_s2,transformer,30000,before,27963,2,3,hook_resid_final,2,6.4118530536615985,300.0,0.0,0.02982071429241629,0.0,0.0
transformer_add97_f0.3_wd1.0_softmax_ce_s2,transformer,30000,before,27963,2,4,logits,0,34.979082347670605,300.0,0.0,0.032832939950066274,0.0,0.0
transformer_add97_f0.3_wd1.0_softmax_ce_s2,transformer,30000,before,27963,2,4,logits,1,35.12014226493455,300.0,0.0,0.031708035489011396,0.0,0.0
transformer_add97_f0.3_wd1.0_softmax_ce_s2,transformer,30000,before,27963,2,4,logits,2,35.164607718984996,300.0,0.0,0.02984432178308021,0.0,0.0
transformer_add97_f0.3_wd1.0_softmax_ce_s2,transformer,30000,at,30039,8,0,operands,0,0.1884500499952423,300.0,0.0,0.11424443271184254,0.0,0.054875201706964916
transformer_add97_f0.3_wd1.0_softmax_ce_s2,transformer,30000,at,30039,8,0,operands,1,0.18820963975756563,300.0,0.0,0.10838756926864085,0.0,0.06323152523151065
transformer_add97_f0.3_wd1.0_softmax_ce_s2,transformer,30000,at,30039,8,0,operands,2,0.1909526738046523,300.0,0.0,0.09038206124164573,0.0,0.060378238302875684
transformer_add97_f0.3_wd1.0_softmax_ce_s2,transformer,30000,at,30039,8,1,blocks.0.hook_attn_out,0,0.07823171445418006,300.0,0.0,0.07331437304669325,0.0,0.05624248414018641
transformer_add97_f0.3_wd1.0_softmax_ce_s2,transformer,30000,at,30039,8,1,blocks.0.hook_attn_out,1,0.0795708872966751,300.0,0.0,0.07276552696510115,0.0,0.05569602703832931
transformer_add97_f0.3_wd1.0_softmax_ce_s2,transformer,30000,at,30039,8,1,blocks.0.hook_attn_out,2,0.0784129464935267,300.0,0.0,0.0791941729819679,0.0,0.055997071440634955
transformer_add97_f0.3_wd1.0_softmax_ce_s2,transformer,30000,at,30039,8,2,blocks.0.hook_mlp_out,0,0.16209239796279468,300.0,0.0,0.07180869434224686,0.0,0.04331316174467961
transformer_add97_f0.3_wd1.0_softmax_ce_s2,transformer,30000,at,30039,8,2,blocks.0.hook_mlp_out,1,0.14795024017284347,300.0,0.0,0.07673096008896996,0.0,0.044285333150653826
transformer_add97_f0.3_wd1.0_softmax_ce_s2,transformer,30000,at,30039,8,2,blocks.0.hook_mlp_out,2,0.16209239796279468,300.0,0.0,0.06905382672903203,0.0,0.049863177343223236
transformer_add97_f0.3_wd1.0_softmax_ce_s2,transformer,30000,at,30039,8,3,hook_resid_final,0,7.141324618644296,300.0,0.0,0.09903686606593494,0.0,0.059063857004970834
transformer_add97_f0.3_wd1.0_softmax_ce_s2,transformer,30000,at,30039,8,3,hook_resid_final,1,7.297941442338751,300.0,0.0,0.09841222346504137,0.0,0.05829488841459055
transformer_add97_f0.3_wd1.0_softmax_ce_s2,transformer,30000,at,30039,8,3,hook_resid_final,2,7.206761124098041,300.0,0.0,0.11605659599755708,0.0,0.05708483114438646
transformer_add97_f0.3_wd1.0_softmax_ce_s2,transformer,30000,at,30039,8,4,logits,0,41.23756429657551,300.0,0.0,0.08435594924077779,0.0,0.06430050160736903
transformer_add97_f0.3_wd1.0_softmax_ce_s2,transformer,30000,at,30039,8,4,logits,1,40.38378900992368,300.0,0.0,0.09012772380878799,0.0,0.060727130479214
transformer_add97_f0.3_wd1.0_softmax_ce_s2,transformer,30000,at,30039,8,4,logits,2,40.53503043099047,300.0,0.0,0.10504205934045906,0.0,0.05832313421267695
transformer_add97_f0.3_wd1.0_softmax_ce_s2,transformer,30000,at,30039,4,0,operands,0,0.17693127341523635,300.0,0.0,0.09852773439193857,0.0,0.061555868126178914
transformer_add97_f0.3_wd1.0_softmax_ce_s2,transformer,30000,at,30039,4,0,operands,1,0.17693127341523635,300.0,0.0,0.08081263582006798,0.0,0.0631002743999143
transformer_add97_f0.3_wd1.0_softmax_ce_s2,transformer,30000,at,30039,4,0,operands,2,0.17608060500748327,300.0,0.0,0.08859483381534618,0.0,0.062000841934881444
transformer_add97_f0.3_wd1.0_softmax_ce_s2,transformer,30000,at,30039,4,1,blocks.0.hook_attn_out,0,0.07382488659726325,300.0,0.0,0.06329237570566282,0.0,0.04063800916254602
transformer_add97_f0.3_wd1.0_softmax_ce_s2,transformer,30000,at,30039,4,1,blocks.0.hook_attn_out,1,0.07181390499218092,300.0,0.0,0.06830058067001321,0.0,0.04935684180659623
transformer_add97_f0.3_wd1.0_softmax_ce_s2,transformer,30000,at,30039,4,1,blocks.0.hook_attn_out,2,0.07382488659726325,300.0,0.0,0.06493482377691467,0.0,0.043852713814835485
transformer_add97_f0.3_wd1.0_softmax_ce_s2,transformer,30000,at,30039,4,2,blocks.0.hook_mlp_out,0,0.13395006588069108,300.0,0.0,0.0602219092472358,0.0,0.03755265983517486
transformer_add97_f0.3_wd1.0_softmax_ce_s2,transformer,30000,at,30039,4,2,blocks.0.hook_mlp_out,1,0.1311873049130638,300.0,0.0,0.06224369819853721,0.0,0.03670448976763437
transformer_add97_f0.3_wd1.0_softmax_ce_s2,transformer,30000,at,30039,4,2,blocks.0.hook_mlp_out,2,0.1303961287463486,300.0,0.0,0.056105994520153704,0.0,0.043587133349891956
transformer_add97_f0.3_wd1.0_softmax_ce_s2,transformer,30000,at,30039,4,3,hook_resid_final,0,6.662272093934656,300.0,0.0,0.06944743635284498,0.0,0.044122884775007934
transformer_add97_f0.3_wd1.0_softmax_ce_s2,transformer,30000,at,30039,4,3,hook_resid_final,1,6.67705483019845,300.0,0.0,0.060470160756824744,0.0,0.04980313260338706
transformer_add97_f0.3_wd1.0_softmax_ce_s2,transformer,30000,at,30039,4,3,hook_resid_final,2,6.67705483019845,300.0,0.0,0.07505965472774132,0.0,0.04934376015578198
transformer_add97_f0.3_wd1.0_softmax_ce_s2,transformer,30000,at,30039,4,4,logits,0,37.7565984601826,300.0,0.0,0.06863033591766986,0.0,0.043273296548815725
transformer_add97_f0.3_wd1.0_softmax_ce_s2,transformer,30000,at,30039,4,4,logits,1,37.908890840501705,300.0,0.0,0.059974347716734336,0.0,0.04703261362895157
transformer_add97_f0.3_wd1.0_softmax_ce_s2,transformer,30000,at,30039,4,4,logits,2,37.611736176728414,300.0,0.0,0.0657476488952232,0.0,0.032150373781366134
transformer_add97_f0.3_wd1.0_softmax_ce_s2,transformer,30000,at,30039,2,0,operands,0,0.153973187398655,300.0,0.0,0.08292706329205146,0.0,0.04096432840144293
transformer_add97_f0.3_wd1.0_softmax_ce_s2,transformer,30000,at,30039,2,0,operands,1,0.153973187398655,300.0,0.0,0.07043892543922488,0.0,0.04078541074556691
transformer_add97_f0.3_wd1.0_softmax_ce_s2,transformer,30000,at,30039,2,0,operands,2,0.1527490512381995,300.0,0.0,0.07239310755987259,0.0,0.04698846975941683
transformer_add97_f0.3_wd1.0_softmax_ce_s2,transformer,30000,at,30039,2,1,blocks.0.hook_attn_out,0,0.06978981383001835,300.0,0.0,0.027198721815296905,0.0,0.0
transformer_add97_f0.3_wd1.0_softmax_ce_s2,transformer,30000,at,30039,2,1,blocks.0.hook_attn_out,1,0.06996077244845157,300.0,0.0,0.02886146909240024,0.0,0.0
transformer_add97_f0.3_wd1.0_softmax_ce_s2,transformer,30000,at,30039,2,1,blocks.0.hook_attn_out,2,0.06975100489396968,300.0,0.0,0.02629098435182975,0.0,0.0
transformer_add97_f0.3_wd1.0_softmax_ce_s2,transformer,30000,at,30039,2,2,blocks.0.hook_mlp_out,0,0.12632894960645935,300.0,0.0,0.033748117573475435,0.0,0.0
transformer_add97_f0.3_wd1.0_softmax_ce_s2,transformer,30000,at,30039,2,2,blocks.0.hook_mlp_out,1,0.12632894960645935,300.0,0.0,0.02898663326492433,0.0,0.0
transformer_add97_f0.3_wd1.0_softmax_ce_s2,transformer,30000,at,30039,2,2,blocks.0.hook_mlp_out,2,0.12627432119048548,300.0,0.0,0.030547481969300353,0.0,0.0
transformer_add97_f0.3_wd1.0_softmax_ce_s2,transformer,30000,at,30039,2,3,hook_resid_final,0,5.907685175152935,300.0,0.0,0.03266752256601174,0.0,0.0
transformer_add97_f0.3_wd1.0_softmax_ce_s2,transformer,30000,at,30039,2,3,hook_resid_final,1,5.907685175152935,300.0,0.0,0.02977090329911973,0.0,0.0
transformer_add97_f0.3_wd1.0_softmax_ce_s2,transformer,30000,at,30039,2,3,hook_resid_final,2,5.907685175152935,300.0,0.0,0.028040440225866728,0.0,0.0
transformer_add97_f0.3_wd1.0_softmax_ce_s2,transformer,30000,at,30039,2,4,logits,0,30.892519135972044,300.0,0.0,0.024023235635039247,0.0,0.0
transformer_add97_f0.3_wd1.0_softmax_ce_s2,transformer,30000,at,30039,2,4,logits,1,30.892519135972044,300.0,0.0,0.02582087240540147,0.0,0.0
transformer_add97_f0.3_wd1.0_softmax_ce_s2,transformer,30000,at,30039,2,4,logits,2,30.892519135972044,300.0,0.0,0.03306200116199811,0.0,0.0
transformer_add97_f0.3_wd1.0_softmax_ce_s2,transformer,30000,after,40000,8,0,operands,0,0.1441168414060103,300.0,0.0,0.10422064055150958,1.0,0.05109958178617786
transformer_add97_f0.3_wd1.0_softmax_ce_s2,transformer,30000,after,40000,8,0,operands,1,0.1441168414060103,300.0,0.0,0.10130142441291154,0.0,0.06231555693046665
transformer_add97_f0.3_wd1.0_softmax_ce_s2,transformer,30000,after,40000,8,0,operands,2,0.1441168414060103,300.0,0.0,0.09635444996444427,0.0,0.05430171629794366
transformer_add97_f0.3_wd1.0_softmax_ce_s2,transformer,30000,after,40000,8,1,blocks.0.hook_attn_out,0,0.07889135456755922,300.0,0.0,0.07704270015019249,1.0,0.053617642096488886
transformer_add97_f0.3_wd1.0_softmax_ce_s2,transformer,30000,after,40000,8,1,blocks.0.hook_attn_out,1,0.07883098902544429,300.0,0.0,0.07084302247508448,0.0,0.04935364097626753
transformer_add97_f0.3_wd1.0_softmax_ce_s2,transformer,30000,after,40000,8,1,blocks.0.hook_attn_out,2,0.07883098902544429,300.0,0.0,0.07241494482915886,0.0,0.05559827956314054
transformer_add97_f0.3_wd1.0_softmax_ce_s2,transformer,30000,after,40000,8,2,blocks.0.hook_mlp_out,0,0.1607844985062995,300.0,0.0,0.0715555695802116,0.0,0.033065393819168364
transformer_add97_f0.3_wd1.0_softmax_ce_s2,transformer,30000,after,40000,8,2,blocks.0.hook_mlp_out,1,0.1632705919884099,300.0,0.0,0.0712152815567884,0.0,0.03995950880651206
transformer_add97_f0.3_wd1.0_softmax_ce_s2,transformer,30000,after,40000,8,2,blocks.0.hook_mlp_out,2,0.16401039726599775,300.0,0.0,0.08194460404157763,0.0,0.0408065371116649
transformer_add97_f0.3_wd1.0_softmax_ce_s2,transformer,30000,after,40000,8,3,hook_resid_final,0,8.341499686242303,300.0,0.0,0.08646987589070113,0.0,0.030825181124452
transformer_add97_f0.3_wd1.0_softmax_ce_s2,transformer,30000,after,40000,8,3,hook_resid_final,1,8.118465505891862,300.0,0.0,0.09526019047706212,0.0,0.0405255159040453
transformer_add97_f0.3_wd1.0_softmax_ce_s2,transformer,30000,after,40000,8,3,hook_resid_final,2,8.541182869978426,300.0,0.0,0.08873729421655198,0.0,0.028801051148653525
transformer_add97_f0.3_wd1.0_softmax_ce_s2,transformer,30000,after,40000,8,4,logits,0,37.38491537657387,300.0,0.0,0.09001800334221614,0.0,0.02972585466363134
transformer_add97_f0.3_wd1.0_softmax_ce_s2,transformer,30000,after,40000,8,4,logits,1,36.791050771242816,300.0,0.0,0.10089982692513902,0.0,0.028456476306164904
transformer_add97_f0.3_wd1.0_softmax_ce_s2,transformer,30000,after,40000,8,4,logits,2,36.035743650904436,300.0,0.0,0.0976269761014299,0.0,0.03554854506544815
transformer_add97_f0.3_wd1.0_softmax_ce_s2,transformer,30000,after,40000,4,0,operands,0,0.12708591554594803,300.0,0.0,0.10499740878872038,0.0,0.053973742812372986
transformer_add97_f0.3_wd1.0_softmax_ce_s2,transformer,30000,after,40000,4,0,operands,1,0.12587864239787666,300.0,0.0,0.10333083617076536,0.0,0.05293192094822668
transformer_add97_f0.3_wd1.0_softmax_ce_s2,transformer,30000,after,40000,4,0,operands,2,0.12587864239787666,300.0,0.0,0.09245904455255236,0.0,0.05575607539666962
transformer_add97_f0.3_wd1.0_softmax_ce_s2,transformer,30000,after,40000,4,1,blocks.0.hook_attn_out,0,0.06668499139900981,300.0,0.0,0.061731716126302315,0.0,0.0393196662656049
transformer_add97_f0.3_wd1.0_softmax_ce_s2,transformer,30000,after,40000,4,1,blocks.0.hook_attn_out,1,0.06668499139900981,300.0,0.0,0.07057606256335568,0.0,0.03817069743043491
transformer_add97_f0.3_wd1.0_softmax_ce_s2,transformer,30000,after,40000,4,1,blocks.0.hook_attn_out,2,0.06668499139900981,300.0,0.0,0.06015421455415539,0.0,0.03774656398338588
transformer_add97_f0.3_wd1.0_softmax_ce_s2,transformer,30000,after,40000,4,2,blocks.0.hook_mlp_out,0,0.16061313134898775,300.0,0.0,0.04536045703692495,0.0,0.028771200627400673
transformer_add97_f0.3_wd1.0_softmax_ce_s2,transformer,30000,after,40000,4,2,blocks.0.hook_mlp_out,1,0.158341019991428,300.0,0.0,0.04528328926347518,0.0,0.031158344732082704
transformer_add97_f0.3_wd1.0_softmax_ce_s2,transformer,30000,after,40000,4,2,blocks.0.hook_mlp_out,2,0.16061313134898775,300.0,0.0,0.045418987556747406,0.0,0.029396701344092564
transformer_add97_f0.3_wd1.0_softmax_ce_s2,transformer,30000,after,40000,4,3,hook_resid_final,0,6.921215169621775,300.0,0.0,0.09034259790208596,0.0,0.027293858807603353
transformer_add97_f0.3_wd1.0_softmax_ce_s2,transformer,30000,after,40000,4,3,hook_resid_final,1,6.921215169621775,300.0,0.0,0.09653310696334587,0.0,0.024321004866383035
transformer_add97_f0.3_wd1.0_softmax_ce_s2,transformer,30000,after,40000,4,3,hook_resid_final,2,6.817018829502867,300.0,0.0,0.08545000396951224,0.0,0.038863939700207066
transformer_add97_f0.3_wd1.0_softmax_ce_s2,transformer,30000,after,40000,4,4,logits,0,33.20403957057002,300.0,0.0,0.069515534088601,0.0,0.03102986392639421
transformer_add97_f0.3_wd1.0_softmax_ce_s2,transformer,30000,after,40000,4,4,logits,1,33.19512327377085,300.0,0.0,0.07489536142563184,0.0,0.03465453429547312
transformer_add97_f0.3_wd1.0_softmax_ce_s2,transformer,30000,after,40000,4,4,logits,2,31.9803936232012,300.0,0.0,0.08917843996242653,0.0,0.03508576215298302
transformer_add97_f0.3_wd1.0_softmax_ce_s2,transformer,30000,after,40000,2,0,operands,0,0.10826834047962522,300.0,0.0,0.06662243790773625,0.0,0.0464790334325501
transformer_add97_f0.3_wd1.0_softmax_ce_s2,transformer,30000,after,40000,2,0,operands,1,0.10809586134429754,300.0,0.0,0.06689295694881943,0.0,0.046118257707842086
transformer_add97_f0.3_wd1.0_softmax_ce_s2,transformer,30000,after,40000,2,0,operands,2,0.10826834047962522,300.0,0.0,0.06193273924273256,0.0,0.03849102428141254
transformer_add97_f0.3_wd1.0_softmax_ce_s2,transformer,30000,after,40000,2,1,blocks.0.hook_attn_out,0,0.058022635686085476,300.0,0.0,0.032243978230314996,0.0,0.0006940782729933844
transformer_add97_f0.3_wd1.0_softmax_ce_s2,transformer,30000,after,40000,2,1,blocks.0.hook_attn_out,1,0.058022635686085476,300.0,0.0,0.026471304579459946,0.0,0.0
transformer_add97_f0.3_wd1.0_softmax_ce_s2,transformer,30000,after,40000,2,1,blocks.0.hook_attn_out,2,0.058022635686085476,300.0,0.0,0.03583346416227796,0.0,0.0
transformer_add97_f0.3_wd1.0_softmax_ce_s2,transformer,30000,after,40000,2,2,blocks.0.hook_mlp_out,0,0.1503568762679943,300.0,0.0,0.029289260265882862,0.0,0.0
transformer_add97_f0.3_wd1.0_softmax_ce_s2,transformer,30000,after,40000,2,2,blocks.0.hook_mlp_out,1,0.1503568762679943,300.0,0.0,0.02569801299491568,0.0,0.0
transformer_add97_f0.3_wd1.0_softmax_ce_s2,transformer,30000,after,40000,2,2,blocks.0.hook_mlp_out,2,0.1503568762679943,300.0,0.0,0.024902439119112506,0.0,0.0
transformer_add97_f0.3_wd1.0_softmax_ce_s2,transformer,30000,after,40000,2,3,hook_resid_final,0,6.0271154048639035,300.0,0.0,0.04295610750152009,0.0,0.0
transformer_add97_f0.3_wd1.0_softmax_ce_s2,transformer,30000,after,40000,2,3,hook_resid_final,1,5.935577553678534,300.0,0.0,0.0400820207829529,0.0,0.0
transformer_add97_f0.3_wd1.0_softmax_ce_s2,transformer,30000,after,40000,2,3,hook_resid_final,2,6.026547108396417,300.0,0.0,0.046866103676484236,0.0,0.0
transformer_add97_f0.3_wd1.0_softmax_ce_s2,transformer,30000,after,40000,2,4,logits,0,27.36123357185614,300.0,0.0,0.04079121375000899,0.0,0.0
transformer_add97_f0.3_wd1.0_softmax_ce_s2,transformer,30000,after,40000,2,4,logits,1,27.356181070604325,300.0,0.0,0.03790764515175955,0.0,0.0
transformer_add97_f0.3_wd1.0_softmax_ce_s2,transformer,30000,after,40000,2,4,logits,2,27.371731637651465,300.0,0.0,0.03551713853671343,0.0,0.0
transformer_add97_f0.3_wd1.0_softmax_ce_s3,transformer,34700,init,0,8,0,operands,0,20.479166149536308,300.0,0.0,0.1353679858033665,0.0,0.04811906596524709
transformer_add97_f0.3_wd1.0_softmax_ce_s3,transformer,34700,init,0,8,0,operands,1,20.703029892148678,300.0,0.0,0.11330342070966833,0.0,0.04867679717121143
transformer_add97_f0.3_wd1.0_softmax_ce_s3,transformer,34700,init,0,8,0,operands,2,19.786847480441118,300.0,0.0,0.11651197419724296,0.0,0.056808667808589494
transformer_add97_f0.3_wd1.0_softmax_ce_s3,transformer,34700,init,0,8,1,blocks.0.hook_attn_out,0,4.156555362852522,300.0,0.0,0.06772176200510188,0.0,0.043125311242815344
transformer_add97_f0.3_wd1.0_softmax_ce_s3,transformer,34700,init,0,8,1,blocks.0.hook_attn_out,1,4.156555362852522,300.0,0.0,0.0634280190356186,0.0,0.04563861053976838
transformer_add97_f0.3_wd1.0_softmax_ce_s3,transformer,34700,init,0,8,1,blocks.0.hook_attn_out,2,4.156555362852522,300.0,0.0,0.07349102472433287,1.0,0.0615161930746885
transformer_add97_f0.3_wd1.0_softmax_ce_s3,transformer,34700,init,0,8,2,blocks.0.hook_mlp_out,0,1.0558731211696872,300.0,0.0,0.0746434239208689,0.0,0.04781733450422274
transformer_add97_f0.3_wd1.0_softmax_ce_s3,transformer,34700,init,0,8,2,blocks.0.hook_mlp_out,1,1.0558731211696872,300.0,0.0,0.0730957043945325,0.0,0.04305530512699044
transformer_add97_f0.3_wd1.0_softmax_ce_s3,transformer,34700,init,0,8,2,blocks.0.hook_mlp_out,2,1.0558731211696872,300.0,0.0,0.06291403877970903,0.0,0.046862077874740775
transformer_add97_f0.3_wd1.0_softmax_ce_s3,transformer,34700,init,0,8,3,hook_resid_final,0,4.389459159552158,300.0,0.0,0.05841271514936514,0.0,0.04568138676013958
transformer_add97_f0.3_wd1.0_softmax_ce_s3,transformer,34700,init,0,8,3,hook_resid_final,1,4.389459159552158,300.0,0.0,0.06554556798798016,0.0,0.04668153742716038
transformer_add97_f0.3_wd1.0_softmax_ce_s3,transformer,34700,init,0,8,3,hook_resid_final,2,4.389459159552158,300.0,0.0,0.06074301433158794,0.0,0.047739561965835696
transformer_add97_f0.3_wd1.0_softmax_ce_s3,transformer,34700,init,0,8,4,logits,0,2.3627342455867297,300.0,0.0,0.062346054276577856,0.0,0.04231104063821061
transformer_add97_f0.3_wd1.0_softmax_ce_s3,transformer,34700,init,0,8,4,logits,1,2.3627342455867297,300.0,0.0,0.06485273294311403,1.0,0.051066769699993346
transformer_add97_f0.3_wd1.0_softmax_ce_s3,transformer,34700,init,0,8,4,logits,2,2.3627342455867297,300.0,0.0,0.07379269462505188,0.0,0.04237332604683214
transformer_add97_f0.3_wd1.0_softmax_ce_s3,transformer,34700,init,0,4,0,operands,0,18.77533792894623,300.0,0.0,0.09905358737064456,1.0,0.05255133448474194
transformer_add97_f0.3_wd1.0_softmax_ce_s3,transformer,34700,init,0,4,0,operands,1,18.962790185334214,300.0,0.0,0.09184619463068383,1.0,0.05052075558802214
transformer_add97_f0.3_wd1.0_softmax_ce_s3,transformer,34700,init,0,4,0,operands,2,18.962790185334214,300.0,0.0,0.09509107684303023,0.0,0.04745521420996578
transformer_add97_f0.3_wd1.0_softmax_ce_s3,transformer,34700,init,0,4,1,blocks.0.hook_attn_out,0,3.678812269721501,300.0,0.0,0.05845010805466239,0.0,0.04293856459642436
transformer_add97_f0.3_wd1.0_softmax_ce_s3,transformer,34700,init,0,4,1,blocks.0.hook_attn_out,1,3.678812269721501,300.0,0.0,0.05818065020398099,0.0,0.03753129358621996
transformer_add97_f0.3_wd1.0_softmax_ce_s3,transformer,34700,init,0,4,1,blocks.0.hook_attn_out,2,3.678812269721501,300.0,0.0,0.057961807849994246,0.0,0.03208260989690176
transformer_add97_f0.3_wd1.0_softmax_ce_s3,transformer,34700,init,0,4,2,blocks.0.hook_mlp_out,0,0.9777097028583178,300.0,0.0,0.06705734899361139,0.0,0.03669302515316608
transformer_add97_f0.3_wd1.0_softmax_ce_s3,transformer,34700,init,0,4,2,blocks.0.hook_mlp_out,1,1.0190535924783828,300.0,0.0,0.057551516491961996,0.0,0.03677743645297316
transformer_add97_f0.3_wd1.0_softmax_ce_s3,transformer,34700,init,0,4,2,blocks.0.hook_mlp_out,2,1.0190535924783828,300.0,0.0,0.0491811307093564,0.0,0.04213790210582085
transformer_add97_f0.3_wd1.0_softmax_ce_s3,transformer,34700,init,0,4,3,hook_resid_final,0,3.8158874385685575,300.0,0.0,0.06628695931269887,0.0,0.028107277497284033
transformer_add97_f0.3_wd1.0_softmax_ce_s3,transformer,34700,init,0,4,3,hook_resid_final,1,3.8158874385685575,300.0,0.0,0.06002591273854423,0.0,0.040586180995621404
transformer_add97_f0.3_wd1.0_softmax_ce_s3,transformer,34700,init,0,4,3,hook_resid_final,2,3.8158874385685575,300.0,1.0,0.051796042930733734,0.0,0.037430181282104964
transformer_add97_f0.3_wd1.0_softmax_ce_s3,transformer,34700,init,0,4,4,logits,0,2.2733628987142014,300.0,0.0,0.05188720918449219,0.0,0.031129803270699825
transformer_add97_f0.3_wd1.0_softmax_ce_s3,transformer,34700,init,0,4,4,logits,1,2.2733628987142014,300.0,1.0,0.05035631176020454,0.0,0.04019749202287332
transformer_add97_f0.3_wd1.0_softmax_ce_s3,transformer,34700,init,0,4,4,logits,2,2.2733628987142014,300.0,1.0,0.0538565358936502,0.0,0.037774398082926444
transformer_add97_f0.3_wd1.0_softmax_ce_s3,transformer,34700,init,0,2,0,operands,0,18.206988852064786,300.0,0.0,0.08748742837993147,0.0,0.03645711310811233
transformer_add97_f0.3_wd1.0_softmax_ce_s3,transformer,34700,init,0,2,0,operands,1,18.6961539118662,300.0,0.0,0.07260500096250105,0.0,0.037585481810957375
transformer_add97_f0.3_wd1.0_softmax_ce_s3,transformer,34700,init,0,2,0,operands,2,18.6961539118662,300.0,0.0,0.08519841250334632,0.0,0.03265564186438531
transformer_add97_f0.3_wd1.0_softmax_ce_s3,transformer,34700,init,0,2,1,blocks.0.hook_attn_out,0,3.6481008826227064,300.0,0.0,0.03159147524674472,0.0,0.0
transformer_add97_f0.3_wd1.0_softmax_ce_s3,transformer,34700,init,0,2,1,blocks.0.hook_attn_out,1,3.6481008826227064,300.0,0.0,0.0245889278310596,0.0,0.0
transformer_add97_f0.3_wd1.0_softmax_ce_s3,transformer,34700,init,0,2,1,blocks.0.hook_attn_out,2,3.6481008826227064,300.0,0.0,0.02704977347824361,0.0,0.0
transformer_add97_f0.3_wd1.0_softmax_ce_s3,transformer,34700,init,0,2,2,blocks.0.hook_mlp_out,0,0.9817533453159621,300.0,0.0,0.029650724316692065,0.0,0.0
transformer_add97_f0.3_wd1.0_softmax_ce_s3,transformer,34700,init,0,2,2,blocks.0.hook_mlp_out,1,0.9817533453159621,300.0,0.0,0.024720551347554548,0.0,0.0
transformer_add97_f0.3_wd1.0_softmax_ce_s3,transformer,34700,init,0,2,2,blocks.0.hook_mlp_out,2,0.9817533453159621,300.0,0.0,0.029619510531537826,0.0,0.002691439550325291
transformer_add97_f0.3_wd1.0_softmax_ce_s3,transformer,34700,init,0,2,3,hook_resid_final,0,3.6209674456937977,300.0,0.0,0.03034488059648158,0.0,0.0
transformer_add97_f0.3_wd1.0_softmax_ce_s3,transformer,34700,init,0,2,3,hook_resid_final,1,3.6209674456937977,300.0,0.0,0.027188168171505843,0.0,0.0
transformer_add97_f0.3_wd1.0_softmax_ce_s3,transformer,34700,init,0,2,3,hook_resid_final,2,3.6209674456937977,300.0,0.0,0.02951107473674628,0.0,0.0
transformer_add97_f0.3_wd1.0_softmax_ce_s3,transformer,34700,init,0,2,4,logits,0,2.0913648711969612,300.0,0.0,0.021422606601818297,0.0,0.0
transformer_add97_f0.3_wd1.0_softmax_ce_s3,transformer,34700,init,0,2,4,logits,1,2.0913648711969612,300.0,0.0,0.030313428244578233,0.0,0.0
transformer_add97_f0.3_wd1.0_softmax_ce_s3,transformer,34700,init,0,2,4,logits,2,2.0913648711969612,300.0,0.0,0.02820738726268212,0.0,0.0
transformer_add97_f0.3_wd1.0_softmax_ce_s3,transformer,34700,before,32268,8,0,operands,0,0.17879907405664736,300.0,0.0,0.10754706266105944,1.0,0.05093152431319637
transformer_add97_f0.3_wd1.0_softmax_ce_s3,transformer,34700,before,32268,8,0,operands,1,0.17879907405664736,300.0,0.0,0.10664565441650896,0.0,0.04981922354249619
transformer_add97_f0.3_wd1.0_softmax_ce_s3,transformer,34700,before,32268,8,0,operands,2,0.17879907405664736,300.0,0.0,0.10019153471581332,0.0,0.05092589884569386
transformer_add97_f0.3_wd1.0_softmax_ce_s3,transformer,34700,before,32268,8,1,blocks.0.hook_attn_out,0,0.06040146083574111,300.0,0.0,0.06669163010280187,0.0,0.05455157886931253
transformer_add97_f0.3_wd1.0_softmax_ce_s3,transformer,34700,before,32268,8,1,blocks.0.hook_attn_out,1,0.06021615959421876,300.0,0.0,0.07076690330888892,0.0,0.05558741872690612
transformer_add97_f0.3_wd1.0_softmax_ce_s3,transformer,34700,before,32268,8,1,blocks.0.hook_attn_out,2,0.06021615959421876,300.0,0.0,0.08421793349673398,0.0,0.05146997421558367
transformer_add97_f0.3_wd1.0_softmax_ce_s3,transformer,34700,before,32268,8,2,blocks.0.hook_mlp_out,0,0.11982411397390118,300.0,0.0,0.06849287157142563,0.0,0.04904414752556195
transformer_add97_f0.3_wd1.0_softmax_ce_s3,transformer,34700,before,32268,8,2,blocks.0.hook_mlp_out,1,0.11611524892701616,300.0,0.0,0.06958791426591833,0.0,0.054750693748637586
transformer_add97_f0.3_wd1.0_softmax_ce_s3,transformer,34700,before,32268,8,2,blocks.0.hook_mlp_out,2,0.1197984039768814,300.0,0.0,0.07237020107271899,0.0,0.052920879203757876
transformer_add97_f0.3_wd1.0_softmax_ce_s3,transformer,34700,before,32268,8,3,hook_resid_final,0,7.576400782871431,300.0,0.0,0.07556556566121346,1.0,0.05388327303059252
transformer_add97_f0.3_wd1.0_softmax_ce_s3,transformer,34700,before,32268,8,3,hook_resid_final,1,7.742806206666165,300.0,0.0,0.06826775581615387,0.0,0.05415898405047907
transformer_add97_f0.3_wd1.0_softmax_ce_s3,transformer,34700,before,32268,8,3,hook_resid_final,2,7.734885675071199,300.0,0.0,0.0831488068356819,1.0,0.051730938416527796
transformer_add97_f0.3_wd1.0_softmax_ce_s3,transformer,34700,before,32268,8,4,logits,0,38.53330629012211,300.0,0.0,0.08260803674343264,0.0,0.05666655917198549
transformer_add97_f0.3_wd1.0_softmax_ce_s3,transformer,34700,before,32268,8,4,logits,1,38.14555906663897,300.0,0.0,0.09235157221712388,0.0,0.05494031089032874
transformer_add97_f0.3_wd1.0_softmax_ce_s3,transformer,34700,before,32268,8,4,logits,2,37.383279501662045,300.0,0.0,0.08381056726028244,0.0,0.061510551341956037
transformer_add97_f0.3_wd1.0_softmax_ce_s3,transformer,34700,before,32268,4,0,operands,0,0.16785742426306932,300.0,0.0,0.0886976690332423,1.0,0.05185332571332213
transformer_add97_f0.3_wd1.0_softmax_ce_s3,transformer,34700,before,32268,4,0,operands,1,0.1718963293041897,300.0,0.0,0.06957241969160723,1.0,0.05254682933088142
transformer_add97_f0.3_wd1.0_softmax_ce_s3,transformer,34700,before,32268,4,0,operands,2,0.1678574242630693,300.0,0.0,0.07740362549993242,0.0,0.05840721636283526
transformer_add97_f0.3_wd1.0_softmax_ce_s3,transformer,34700,before,32268,4,1,blocks.0.hook_attn_out,0,0.056507297049104226,300.0,0.0,0.06365069390049441,0.0,0.04179323312789482
transformer_add97_f0.3_wd1.0_softmax_ce_s3,transformer,34700,before,32268,4,1,blocks.0.hook_attn_out,1,0.056507297049104226,300.0,0.0,0.054542035509662315,0.0,0.04873818938992313
transformer_add97_f0.3_wd1.0_softmax_ce_s3,transformer,34700,before,32268,4,1,blocks.0.hook_attn_out,2,0.056507297049104226,300.0,0.0,0.06477347666283344,0.0,0.04035356139586094
transformer_add97_f0.3_wd1.0_softmax_ce_s3,transformer,34700,before,32268,4,2,blocks.0.hook_mlp_out,0,0.11149148089085657,300.0,0.0,0.04868487786837059,0.0,0.037206381449268654
transformer_add97_f0.3_wd1.0_softmax_ce_s3,transformer,34700,before,32268,4,2,blocks.0.hook_mlp_out,1,0.11320139571490158,300.0,1.0,0.05211310820976263,0.0,0.034497655083376516
transformer_add97_f0.3_wd1.0_softmax_ce_s3,transformer,34700,before,32268,4,2,blocks.0.hook_mlp_out,2,0.11321699643979945,300.0,0.0,0.05584691290536196,0.0,0.03378370545199359
transformer_add97_f0.3_wd1.0_softmax_ce_s3,transformer,34700,before,32268,4,3,hook_resid_final,0,7.538592099792161,300.0,0.0,0.06203870711918333,0.0,0.039633469557492924
transformer_add97_f0.3_wd1.0_softmax_ce_s3,transformer,34700,before,32268,4,3,hook_resid_final,1,7.511449232699688,300.0,0.0,0.05490799688324657,0.0,0.0371176259868456
transformer_add97_f0.3_wd1.0_softmax_ce_s3,transformer,34700,before,32268,4,3,hook_resid_final,2,7.511449232699688,300.0,0.0,0.061641014485986356,0.0,0.035534114719669954
transformer_add97_f0.3_wd1.0_softmax_ce_s3,transformer,34700,before,32268,4,4,logits,0,34.9771559823987,300.0,0.0,0.07155603765878814,0.0,0.03828783402724862
transformer_add97_f0.3_wd1.0_softmax_ce_s3,transformer,34700,before,32268,4,4,logits,1,34.9771559823987,300.0,0.0,0.06256285016279893,0.0,0.049956857163564024
transformer_add97_f0.3_wd1.0_softmax_ce_s3,transformer,34700,before,32268,4,4,logits,2,34.9771559823987,300.0,0.0,0.05906637348494414,0.0,0.042212299354385314
transformer_add97_f0.3_wd1.0_softmax_ce_s3,transformer,34700,before,32268,2,0,operands,0,0.17434993441157692,300.0,0.0,0.06291816833698037,0.0,0.04019216894491739
transformer_add97_f0.3_wd1.0_softmax_ce_s3,transformer,34700,before,32268,2,0,operands,1,0.17434993441157692,300.0,0.0,0.06121426670662639,0.0,0.049741287040981075
transformer_add97_f0.3_wd1.0_softmax_ce_s3,transformer,34700,before,32268,2,0,operands,2,0.17434993441157692,300.0,0.0,0.06309442260272313,0.0,0.043333849417429654
transformer_add97_f0.3_wd1.0_softmax_ce_s3,transformer,34700,before,32268,2,1,blocks.0.hook_attn_out,0,0.04931571547430523,300.0,0.0,0.034896291281334146,0.0,0.0
transformer_add97_f0.3_wd1.0_softmax_ce_s3,transformer,34700,before,32268,2,1,blocks.0.hook_attn_out,1,0.04931571547430523,300.0,0.0,0.02676406900585045,0.0,0.0
transformer_add97_f0.3_wd1.0_softmax_ce_s3,transformer,34700,before,32268,2,1,blocks.0.hook_attn_out,2,0.04931571547430523,300.0,0.0,0.036701258515177596,0.0,0.0
transformer_add97_f0.3_wd1.0_softmax_ce_s3,transformer,34700,before,32268,2,2,blocks.0.hook_mlp_out,0,0.10579819947846572,300.0,0.0,0.02636344871283804,0.0,0.0
transformer_add97_f0.3_wd1.0_softmax_ce_s3,transformer,34700,before,32268,2,2,blocks.0.hook_mlp_out,1,0.10579819947846572,300.0,0.0,0.02808213342269809,0.0,0.0009425444149652107
transformer_add97_f0.3_wd1.0_softmax_ce_s3,transformer,34700,before,32268,2,2,blocks.0.hook_mlp_out,2,0.10579819947846572,300.0,0.0,0.02689894189833918,0.0,0.0
transformer_add97_f0.3_wd1.0_softmax_ce_s3,transformer,34700,before,32268,2,3,hook_resid_final,0,6.402759829675249,300.0,0.0,0.028857354440843735,0.0,0.0011633023291336753
transformer_add97_f0.3_wd1.0_softmax_ce_s3,transformer,34700,before,32268,2,3,hook_resid_final,1,6.402759829675249,300.0,0.0,0.031144529934241258,0.0,0.0
transformer_add97_f0.3_wd1.0_softmax_ce_s3,transformer,34700,before,32268,2,3,hook_resid_final,2,6.402759829675249,300.0,0.0,0.03301794821791046,0.0,0.0
transformer_add97_f0.3_wd1.0_softmax_ce_s3,transformer,34700,before,32268,2,4,logits,0,33.08153813618058,300.0,0.0,0.03210491308147636,0.0,0.0
transformer_add97_f0.3_wd1.0_softmax_ce_s3,transformer,34700,before,32268,2,4,logits,1,33.08153813618058,300.0,0.0,0.03263450131182741,0.0,0.0
transformer_add97_f0.3_wd1.0_softmax_ce_s3,transformer,34700,before,32268,2,4,logits,2,32.838602625596415,300.0,0.0,0.03168746789584114,0.0,0.0
transformer_add97_f0.3_wd1.0_softmax_ce_s3,transformer,34700,at,34663,8,0,operands,0,0.23566874441886254,300.0,0.0,0.09181221047273362,0.0,0.04886955017619419
transformer_add97_f0.3_wd1.0_softmax_ce_s3,transformer,34700,at,34663,8,0,operands,1,0.2313374687142328,300.0,0.0,0.10062670892381625,0.0,0.05576208995198665
transformer_add97_f0.3_wd1.0_softmax_ce_s3,transformer,34700,at,34663,8,0,operands,2,0.23566874441886254,300.0,0.0,0.09219379907934594,1.0,0.052564036055955304
transformer_add97_f0.3_wd1.0_softmax_ce_s3,transformer,34700,at,34663,8,1,blocks.0.hook_attn_out,0,0.1223295940193039,300.0,0.0,0.0750581033179798,0.0,0.05621534400088545
transformer_add97_f0.3_wd1.0_softmax_ce_s3,transformer,34700,at,34663,8,1,blocks.0.hook_attn_out,1,0.12975612475749268,300.0,0.0,0.07181124923134063,0.0,0.04383720435048703
transformer_add97_f0.3_wd1.0_softmax_ce_s3,transformer,34700,at,34663,8,1,blocks.0.hook_attn_out,2,0.12217031629109336,300.0,0.0,0.08676128940056857,0.0,0.04975114295335506
transformer_add97_f0.3_wd1.0_softmax_ce_s3,transformer,34700,at,34663,8,2,blocks.0.hook_mlp_out,0,0.18233737766926153,300.0,0.0,0.07738121912800329,1.0,0.050098295304040676
transformer_add97_f0.3_wd1.0_softmax_ce_s3,transformer,34700,at,34663,8,2,blocks.0.hook_mlp_out,1,0.1823182413925072,300.0,0.0,0.0772558734268261,0.0,0.05616176532691003
transformer_add97_f0.3_wd1.0_softmax_ce_s3,transformer,34700,at,34663,8,2,blocks.0.hook_mlp_out,2,0.19187802468714826,300.0,0.0,0.07738809177916836,0.0,0.06157470458976051
transformer_add97_f0.3_wd1.0_softmax_ce_s3,transformer,34700,at,34663,8,3,hook_resid_final,0,7.707236413078743,300.0,0.0,0.08993196519950769,0.0,0.0674861647578531
transformer_add97_f0.3_wd1.0_softmax_ce_s3,transformer,34700,at,34663,8,3,hook_resid_final,1,7.730215570360093,300.0,0.0,0.1001743087680125,0.0,0.07141695686021504
transformer_add97_f0.3_wd1.0_softmax_ce_s3,transformer,34700,at,34663,8,3,hook_resid_final,2,7.673980026060851,300.0,0.0,0.08364922396559553,0.0,0.06393076933929447
transformer_add97_f0.3_wd1.0_softmax_ce_s3,transformer,34700,at,34663,8,4,logits,0,40.470640075410515,300.0,0.0,0.0862097814115057,0.0,0.0568225141054234
transformer_add97_f0.3_wd1.0_softmax_ce_s3,transformer,34700,at,34663,8,4,logits,1,40.33797830538459,300.0,0.0,0.09305996717214156,0.0,0.05891588803542714
transformer_add97_f0.3_wd1.0_softmax_ce_s3,transformer,34700,at,34663,8,4,logits,2,41.45736320836769,300.0,0.0,0.0955912046222685,0.0,0.0594928880039956
transformer_add97_f0.3_wd1.0_softmax_ce_s3,transformer,34700,at,34663,4,0,operands,0,0.21826060368021558,300.0,0.0,0.08482021850226912,0.0,0.054139245311726265
transformer_add97_f0.3_wd1.0_softmax_ce_s3,transformer,34700,at,34663,4,0,operands,1,0.21826060368021558,300.0,0.0,0.08245645956119203,0.0,0.06958497371240373
transformer_add97_f0.3_wd1.0_softmax_ce_s3,transformer,34700,at,34663,4,0,operands,2,0.21826060368021558,300.0,0.0,0.08762854982502166,0.0,0.06762630867491191
transformer_add97_f0.3_wd1.0_softmax_ce_s3,transformer,34700,at,34663,4,1,blocks.0.hook_attn_out,0,0.12169226622472248,300.0,0.0,0.06398246784588037,0.0,0.04660563928260006
transformer_add97_f0.3_wd1.0_softmax_ce_s3,transformer,34700,at,34663,4,1,blocks.0.hook_attn_out,1,0.12175710501838781,300.0,0.0,0.0566903013117894,0.0,0.04057820596211171
transformer_add97_f0.3_wd1.0_softmax_ce_s3,transformer,34700,at,34663,4,1,blocks.0.hook_attn_out,2,0.12169226622472248,300.0,0.0,0.0627991155569895,0.0,0.0395756585193978
transformer_add97_f0.3_wd1.0_softmax_ce_s3,transformer,34700,at,34663,4,2,blocks.0.hook_mlp_out,0,0.17165708422986503,300.0,0.0,0.06635671580105774,0.0,0.0454745746792999
transformer_add97_f0.3_wd1.0_softmax_ce_s3,transformer,34700,at,34663,4,2,blocks.0.hook_mlp_out,1,0.17165708422986503,300.0,0.0,0.06578600925513613,0.0,0.044968485634679985
transformer_add97_f0.3_wd1.0_softmax_ce_s3,transformer,34700,at,34663,4,2,blocks.0.hook_mlp_out,2,0.17165708422986503,300.0,0.0,0.06925893681418233,0.0,0.04044287333108595
transformer_add97_f0.3_wd1.0_softmax_ce_s3,transformer,34700,at,34663,4,3,hook_resid_final,0,7.810005836507682,300.0,0.0,0.05963879083510034,1.0,0.05224931624519277
transformer_add97_f0.3_wd1.0_softmax_ce_s3,transformer,34700,at,34663,4,3,hook_resid_final,1,7.778461877624932,300.0,0.0,0.0626192907790229,0.0,0.041688620829704134
transformer_add97_f0.3_wd1.0_softmax_ce_s3,transformer,34700,at,34663,4,3,hook_resid_final,2,7.705624382873909,300.0,0.0,0.0698911289827162,1.0,0.05452034828647228
transformer_add97_f0.3_wd1.0_softmax_ce_s3,transformer,34700,at,34663,4,4,logits,0,39.5934889766962,300.0,0.0,0.07055075894442699,0.0,0.04242233869163763
transformer_add97_f0.3_wd1.0_softmax_ce_s3,transformer,34700,at,34663,4,4,logits,1,38.475457986435146,300.0,0.0,0.06313769342768723,0.0,0.047978405748786014
transformer_add97_f0.3_wd1.0_softmax_ce_s3,transformer,34700,at,34663,4,4,logits,2,40.22664559894102,300.0,0.0,0.0627321691000191,0.0,0.04076134815878658
transformer_add97_f0.3_wd1.0_softmax_ce_s3,transformer,34700,at,34663,2,0,operands,0,0.20798440088589612,300.0,0.0,0.06714560239243687,0.0,0.03734695554948314
transformer_add97_f0.3_wd1.0_softmax_ce_s3,transformer,34700,at,34663,2,0,operands,1,0.20798440088589612,300.0,0.0,0.059344483332372897,0.0,0.0452684123020068
transformer_add97_f0.3_wd1.0_softmax_ce_s3,transformer,34700,at,34663,2,0,operands,2,0.20798440088589612,300.0,0.0,0.06937634994037932,0.0,0.03321508381511278
transformer_add97_f0.3_wd1.0_softmax_ce_s3,transformer,34700,at,34663,2,1,blocks.0.hook_attn_out,0,0.10271775193967655,300.0,0.0,0.04836937174484782,0.0,0.0
transformer_add97_f0.3_wd1.0_softmax_ce_s3,transformer,34700,at,34663,2,1,blocks.0.hook_attn_out,1,0.10320996010622062,300.0,0.0,0.033839674323659086,0.0,0.0
transformer_add97_f0.3_wd1.0_softmax_ce_s3,transformer,34700,at,34663,2,1,blocks.0.hook_attn_out,2,0.10335032554583948,300.0,0.0,0.04316065030692823,0.0,0.0
transformer_add97_f0.3_wd1.0_softmax_ce_s3,transformer,34700,at,34663,2,2,blocks.0.hook_mlp_out,0,0.16999067885955582,300.0,0.0,0.03815967108070825,0.0,0.0
transformer_add97_f0.3_wd1.0_softmax_ce_s3,transformer,34700,at,34663,2,2,blocks.0.hook_mlp_out,1,0.16923509633461228,300.0,0.0,0.032937713198374775,0.0,0.0
transformer_add97_f0.3_wd1.0_softmax_ce_s3,transformer,34700,at,34663,2,2,blocks.0.hook_mlp_out,2,0.16999067885955582,300.0,0.0,0.026235003972063194,0.0,0.0
transformer_add97_f0.3_wd1.0_softmax_ce_s3,transformer,34700,at,34663,2,3,hook_resid_final,0,7.166765833400967,300.0,0.0,0.03385917669458513,0.0,0.0
transformer_add97_f0.3_wd1.0_softmax_ce_s3,transformer,34700,at,34663,2,3,hook_resid_final,1,7.166765833400967,300.0,0.0,0.029533627673676868,0.0,0.0
transformer_add97_f0.3_wd1.0_softmax_ce_s3,transformer,34700,at,34663,2,3,hook_resid_final,2,7.160938863387377,300.0,0.0,0.035346563619223684,0.0,0.0
transformer_add97_f0.3_wd1.0_softmax_ce_s3,transformer,34700,at,34663,2,4,logits,0,38.13313285127033,300.0,0.0,0.03588046751196405,0.0,0.00042728627039194573
transformer_add97_f0.3_wd1.0_softmax_ce_s3,transformer,34700,at,34663,2,4,logits,1,38.12238130096842,300.0,0.0,0.031044525279456302,0.0,0.0
transformer_add97_f0.3_wd1.0_softmax_ce_s3,transformer,34700,at,34663,2,4,logits,2,38.12238130096842,300.0,0.0,0.02651520233718372,0.0,0.0
transformer_add97_f0.3_wd1.0_softmax_ce_s3,transformer,34700,after,40000,8,0,operands,0,0.1460239119621685,300.0,0.0,0.10286370411097566,0.0,0.05311235891144036
transformer_add97_f0.3_wd1.0_softmax_ce_s3,transformer,34700,after,40000,8,0,operands,1,0.1434177746164916,300.0,0.0,0.13630018017148643,0.0,0.04910773506558981
transformer_add97_f0.3_wd1.0_softmax_ce_s3,transformer,34700,after,40000,8,0,operands,2,0.1460239119621685,300.0,0.0,0.11238888508624278,0.0,0.05251431812481105
transformer_add97_f0.3_wd1.0_softmax_ce_s3,transformer,34700,after,40000,8,1,blocks.0.hook_attn_out,0,0.08196936111166862,300.0,0.0,0.0865491847305741,1.0,0.05467820750935184
transformer_add97_f0.3_wd1.0_softmax_ce_s3,transformer,34700,after,40000,8,1,blocks.0.hook_attn_out,1,0.08196936111166862,300.0,0.0,0.06915418853877786,0.0,0.04870831169664861
transformer_add97_f0.3_wd1.0_softmax_ce_s3,transformer,34700,after,40000,8,1,blocks.0.hook_attn_out,2,0.08196936111166862,300.0,0.0,0.07572419389337476,1.0,0.05054374840072054
transformer_add97_f0.3_wd1.0_softmax_ce_s3,transformer,34700,after,40000,8,2,blocks.0.hook_mlp_out,0,0.15348294728934586,300.0,0.0,0.07472041755547773,0.0,0.03506120657158526
transformer_add97_f0.3_wd1.0_softmax_ce_s3,transformer,34700,after,40000,8,2,blocks.0.hook_mlp_out,1,0.15447459133165115,300.0,0.0,0.07329456609428356,0.0,0.04412031112079397
transformer_add97_f0.3_wd1.0_softmax_ce_s3,transformer,34700,after,40000,8,2,blocks.0.hook_mlp_out,2,0.1514876173606493,300.0,0.0,0.06502215445493374,0.0,0.046416115946661375
transformer_add97_f0.3_wd1.0_softmax_ce_s3,transformer,34700,after,40000,8,3,hook_resid_final,0,7.677001210604389,300.0,0.0,0.0943738352031396,0.0,0.04231123203001672
transformer_add97_f0.3_wd1.0_softmax_ce_s3,transformer,34700,after,40000,8,3,hook_resid_final,1,7.750117177081518,300.0,0.0,0.08431579407677653,0.0,0.04012280988969436
transformer_add97_f0.3_wd1.0_softmax_ce_s3,transformer,34700,after,40000,8,3,hook_resid_final,2,7.7018073930853745,300.0,0.0,0.09107755572048643,1.0,0.056637499082748295
transformer_add97_f0.3_wd1.0_softmax_ce_s3,transformer,34700,after,40000,8,4,logits,0,39.19595948593236,300.0,0.0,0.1161788732429628,1.0,0.059000228651869276
transformer_add97_f0.3_wd1.0_softmax_ce_s3,transformer,34700,after,40000,8,4,logits,1,39.71666708822362,300.0,0.0,0.10331416690740548,0.0,0.031776635988877325
transformer_add97_f0.3_wd1.0_softmax_ce_s3,transformer,34700,after,40000,8,4,logits,2,39.716456727906056,300.0,0.0,0.10634364457822038,0.0,0.048919476889870445
transformer_add97_f0.3_wd1.0_softmax_ce_s3,transformer,34700,after,40000,4,0,operands,0,0.11761850804571508,300.0,0.0,0.10573592445987268,0.0,0.052248096720310416
transformer_add97_f0.3_wd1.0_softmax_ce_s3,transformer,34700,after,40000,4,0,operands,1,0.11612482679440855,300.0,0.0,0.08876870751440645,0.0,0.05483430186098981
transformer_add97_f0.3_wd1.0_softmax_ce_s3,transformer,34700,after,40000,4,0,operands,2,0.11612482679440855,300.0,0.0,0.10435656441324917,0.0,0.057314506799033715
transformer_add97_f0.3_wd1.0_softmax_ce_s3,transformer,34700,after,40000,4,1,blocks.0.hook_attn_out,0,0.07237807726589228,300.0,0.0,0.05439010417949159,0.0,0.036840525212097026
transformer_add97_f0.3_wd1.0_softmax_ce_s3,transformer,34700,after,40000,4,1,blocks.0.hook_attn_out,1,0.07237807726589228,300.0,0.0,0.05821445713525159,0.0,0.033753645435167796
transformer_add97_f0.3_wd1.0_softmax_ce_s3,transformer,34700,after,40000,4,1,blocks.0.hook_attn_out,2,0.07237807726589228,300.0,0.0,0.06822341692017853,0.0,0.03741803003193029
transformer_add97_f0.3_wd1.0_softmax_ce_s3,transformer,34700,after,40000,4,2,blocks.0.hook_mlp_out,0,0.14134582401504137,300.0,0.0,0.06303173151438726,0.0,0.03687960547731778
transformer_add97_f0.3_wd1.0_softmax_ce_s3,transformer,34700,after,40000,4,2,blocks.0.hook_mlp_out,1,0.14641848482394154,300.0,0.0,0.05546569916310669,0.0,0.03427999672435049
transformer_add97_f0.3_wd1.0_softmax_ce_s3,transformer,34700,after,40000,4,2,blocks.0.hook_mlp_out,2,0.14441208412475953,300.0,1.0,0.05023813337366661,0.0,0.0426095758865697
transformer_add97_f0.3_wd1.0_softmax_ce_s3,transformer,34700,after,40000,4,3,hook_resid_final,0,6.465527443643493,300.0,0.0,0.07679005585650094,0.0,0.040095765105106575
transformer_add97_f0.3_wd1.0_softmax_ce_s3,transformer,34700,after,40000,4,3,hook_resid_final,1,6.586347948133764,300.0,0.0,0.09418639969995175,0.0,0.0356537850062128
transformer_add97_f0.3_wd1.0_softmax_ce_s3,transformer,34700,after,40000,4,3,hook_resid_final,2,6.681456120086338,300.0,0.0,0.08882732074082805,0.0,0.0378396660137298
transformer_add97_f0.3_wd1.0_softmax_ce_s3,transformer,34700,after,40000,4,4,logits,0,35.09124101326832,300.0,0.0,0.08544267739005994,1.0,0.05036714328802826
transformer_add97_f0.3_wd1.0_softmax_ce_s3,transformer,34700,after,40000,4,4,logits,1,35.42917082265958,300.0,0.0,0.090958352328113,0.0,0.03081426670636493
transformer_add97_f0.3_wd1.0_softmax_ce_s3,transformer,34700,after,40000,4,4,logits,2,35.342069819210224,300.0,0.0,0.09498246331638277,0.0,0.04309373236454325
transformer_add97_f0.3_wd1.0_softmax_ce_s3,transformer,34700,after,40000,2,0,operands,0,0.10705261161450502,300.0,0.0,0.06019846571870509,0.0,0.043716528817214675
transformer_add97_f0.3_wd1.0_softmax_ce_s3,transformer,34700,after,40000,2,0,operands,1,0.10705261161450502,300.0,0.0,0.06511572025040639,0.0,0.04232790462138206
transformer_add97_f0.3_wd1.0_softmax_ce_s3,transformer,34700,after,40000,2,0,operands,2,0.10705261161450502,300.0,0.0,0.05942091516205777,0.0,0.04125194662609214
transformer_add97_f0.3_wd1.0_softmax_ce_s3,transformer,34700,after,40000,2,1,blocks.0.hook_attn_out,0,0.059698275107236506,300.0,0.0,0.03128254711373847,0.0,0.0
transformer_add97_f0.3_wd1.0_softmax_ce_s3,transformer,34700,after,40000,2,1,blocks.0.hook_attn_out,1,0.059698275107236506,300.0,0.0,0.02988679822842033,0.0,0.0
transformer_add97_f0.3_wd1.0_softmax_ce_s3,transformer,34700,after,40000,2,1,blocks.0.hook_attn_out,2,0.059698275107236506,300.0,0.0,0.031006188265027455,0.0,0.0
transformer_add97_f0.3_wd1.0_softmax_ce_s3,transformer,34700,after,40000,2,2,blocks.0.hook_mlp_out,0,0.1356338262489131,300.0,0.0,0.034488299135413784,0.0,0.0
transformer_add97_f0.3_wd1.0_softmax_ce_s3,transformer,34700,after,40000,2,2,blocks.0.hook_mlp_out,1,0.1356338262489131,300.0,0.0,0.03544195259101024,0.0,0.0
transformer_add97_f0.3_wd1.0_softmax_ce_s3,transformer,34700,after,40000,2,2,blocks.0.hook_mlp_out,2,0.13528364404716234,300.0,0.0,0.037868371238922796,0.0,0.0
transformer_add97_f0.3_wd1.0_softmax_ce_s3,transformer,34700,after,40000,2,3,hook_resid_final,0,6.1094280118755675,300.0,0.0,0.0316471612376911,0.0,0.0
transformer_add97_f0.3_wd1.0_softmax_ce_s3,transformer,34700,after,40000,2,3,hook_resid_final,1,6.075190478523501,300.0,0.0,0.03347068694146175,0.0,0.0
transformer_add97_f0.3_wd1.0_softmax_ce_s3,transformer,34700,after,40000,2,3,hook_resid_final,2,6.065199988090986,300.0,1.0,0.05738231009901179,0.0,0.0
transformer_add97_f0.3_wd1.0_softmax_ce_s3,transformer,34700,after,40000,2,4,logits,0,34.318682566464254,300.0,0.0,0.029466968636705393,0.0,0.0007328526508013885
transformer_add97_f0.3_wd1.0_softmax_ce_s3,transformer,34700,after,40000,2,4,logits,1,34.11274290424636,300.0,0.0,0.03373569342867088,0.0,0.0
transformer_add97_f0.3_wd1.0_softmax_ce_s3,transformer,34700,after,40000,2,4,logits,2,34.318682566464254,300.0,0.0,0.03937983083412921,0.0,0.0
transformer_add97_f0.3_wd1.0_softmax_ce_s4,transformer,25700,init,0,8,0,operands,0,20.496972441387022,300.0,0.0,0.08227088645551767,0.0,0.05433936268483482
transformer_add97_f0.3_wd1.0_softmax_ce_s4,transformer,25700,init,0,8,0,operands,1,19.58093298121105,300.0,0.0,0.08918512099093402,0.0,0.0498969993591496
transformer_add97_f0.3_wd1.0_softmax_ce_s4,transformer,25700,init,0,8,0,operands,2,20.496972441387022,300.0,0.0,0.10010227516059543,1.0,0.054096395715224344
transformer_add97_f0.3_wd1.0_softmax_ce_s4,transformer,25700,init,0,8,1,blocks.0.hook_attn_out,0,4.320933541272797,300.0,0.0,0.06441674147757075,0.0,0.039804541573072436
transformer_add97_f0.3_wd1.0_softmax_ce_s4,transformer,25700,init,0,8,1,blocks.0.hook_attn_out,1,4.0879840425315095,300.0,0.0,0.06238911633232123,0.0,0.04562129324982416
transformer_add97_f0.3_wd1.0_softmax_ce_s4,transformer,25700,init,0,8,1,blocks.0.hook_attn_out,2,4.320933541272797,300.0,0.0,0.06713066366724203,0.0,0.04142712055499422
transformer_add97_f0.3_wd1.0_softmax_ce_s4,transformer,25700,init,0,8,2,blocks.0.hook_mlp_out,0,0.8742746040777709,300.0,0.0,0.07239820924412499,0.0,0.047855916189305396
transformer_add97_f0.3_wd1.0_softmax_ce_s4,transformer,25700,init,0,8,2,blocks.0.hook_mlp_out,1,0.8742746040777709,300.0,0.0,0.06730802720220724,1.0,0.052526729912088004
transformer_add97_f0.3_wd1.0_softmax_ce_s4,transformer,25700,init,0,8,2,blocks.0.hook_mlp_out,2,0.8833424997835907,300.0,0.0,0.06639292484839095,0.0,0.04303959502685258
transformer_add97_f0.3_wd1.0_softmax_ce_s4,transformer,25700,init,0,8,3,hook_resid_final,0,3.957422942875043,300.0,0.0,0.06214922236199049,0.0,0.04448667046315663
transformer_add97_f0.3_wd1.0_softmax_ce_s4,transformer,25700,init,0,8,3,hook_resid_final,1,3.957422942875043,300.0,0.0,0.061374505037719754,0.0,0.049196274630601555
transformer_add97_f0.3_wd1.0_softmax_ce_s4,transformer,25700,init,0,8,3,hook_resid_final,2,3.957422942875043,300.0,0.0,0.06110888078415056,0.0,0.04034244411553936
transformer_add97_f0.3_wd1.0_softmax_ce_s4,transformer,25700,init,0,8,4,logits,0,2.0237804608570342,300.0,0.0,0.06792444553464434,0.0,0.04780219087983255
transformer_add97_f0.3_wd1.0_softmax_ce_s4,transformer,25700,init,0,8,4,logits,1,1.9833884472772174,300.0,0.0,0.061155145480023605,0.0,0.04356739045312329
transformer_add97_f0.3_wd1.0_softmax_ce_s4,transformer,25700,init,0,8,4,logits,2,2.189772566167475,300.0,0.0,0.0743199859921833,0.0,0.041116859539175696
transformer_add97_f0.3_wd1.0_softmax_ce_s4,transformer,25700,init,0,4,0,operands,0,17.095047349779026,300.0,0.0,0.09372932913589298,1.0,0.051730928399686765
transformer_add97_f0.3_wd1.0_softmax_ce_s4,transformer,25700,init,0,4,0,operands,1,17.095047349779026,300.0,0.0,0.08888683038947107,0.0,0.05415878848325037
transformer_add97_f0.3_wd1.0_softmax_ce_s4,transformer,25700,init,0,4,0,operands,2,17.095047349779026,300.0,0.0,0.10711732858475258,0.0,0.051670734674197284
transformer_add97_f0.3_wd1.0_softmax_ce_s4,transformer,25700,init,0,4,1,blocks.0.hook_attn_out,0,3.6855024962765923,300.0,1.0,0.058538174444644764,0.0,0.0381518633289968
transformer_add97_f0.3_wd1.0_softmax_ce_s4,transformer,25700,init,0,4,1,blocks.0.hook_attn_out,1,3.6855024962765923,300.0,0.0,0.053948175155419255,0.0,0.03774676873366216
transformer_add97_f0.3_wd1.0_softmax_ce_s4,transformer,25700,init,0,4,1,blocks.0.hook_attn_out,2,3.6855024962765923,300.0,0.0,0.05187685248305082,0.0,0.03766294546283736
transformer_add97_f0.3_wd1.0_softmax_ce_s4,transformer,25700,init,0,4,2,blocks.0.hook_mlp_out,0,0.8583076231069809,300.0,0.0,0.057738483317733964,0.0,0.03481052561049612
transformer_add97_f0.3_wd1.0_softmax_ce_s4,transformer,25700,init,0,4,2,blocks.0.hook_mlp_out,1,0.8583076231069809,300.0,0.0,0.05679292857557299,0.0,0.03293693347221634
transformer_add97_f0.3_wd1.0_softmax_ce_s4,transformer,25700,init,0,4,2,blocks.0.hook_mlp_out,2,0.8583076231069809,300.0,0.0,0.06432090821088997,0.0,0.039663924213234676
transformer_add97_f0.3_wd1.0_softmax_ce_s4,transformer,25700,init,0,4,3,hook_resid_final,0,3.5048794324240555,300.0,0.0,0.059958714795769474,0.0,0.033690571426027265
transformer_add97_f0.3_wd1.0_softmax_ce_s4,transformer,25700,init,0,4,3,hook_resid_final,1,3.4763216611140133,300.0,0.0,0.05913328422467027,0.0,0.03182617525310812
transformer_add97_f0.3_wd1.0_softmax_ce_s4,transformer,25700,init,0,4,3,hook_resid_final,2,3.5048794324240555,300.0,0.0,0.0632547099458497,0.0,0.038391677497196554
transformer_add97_f0.3_wd1.0_softmax_ce_s4,transformer,25700,init,0,4,4,logits,0,1.7839867782874808,300.0,0.0,0.05765400556354144,0.0,0.04515377649845137
transformer_add97_f0.3_wd1.0_softmax_ce_s4,transformer,25700,init,0,4,4,logits,1,1.7839867782874808,300.0,0.0,0.05877928544816156,1.0,0.050412605652827264
transformer_add97_f0.3_wd1.0_softmax_ce_s4,transformer,25700,init,0,4,4,logits,2,1.7839867782874808,300.0,0.0,0.058216779149543256,0.0,0.04267413473607284
transformer_add97_f0.3_wd1.0_softmax_ce_s4,transformer,25700,init,0,2,0,operands,0,16.984650723263403,300.0,0.0,0.0626365789762879,0.0,0.038305353848864646
transformer_add97_f0.3_wd1.0_softmax_ce_s4,transformer,25700,init,0,2,0,operands,1,16.984650723263403,300.0,0.0,0.06593785634301805,0.0,0.03843143684653013
transformer_add97_f0.3_wd1.0_softmax_ce_s4,transformer,25700,init,0,2,0,operands,2,16.984650723263403,300.0,0.0,0.06443858884706398,0.0,0.039113621384555854
transformer_add97_f0.3_wd1.0_softmax_ce_s4,transformer,25700,init,0,2,1,blocks.0.hook_attn_out,0,3.4259235988650243,300.0,0.0,0.022481029869915476,0.0,0.0
transformer_add97_f0.3_wd1.0_softmax_ce_s4,transformer,25700,init,0,2,1,blocks.0.hook_attn_out,1,3.4259235988650243,300.0,0.0,0.026745053524960604,0.0,0.0
transformer_add97_f0.3_wd1.0_softmax_ce_s4,transformer,25700,init,0,2,1,blocks.0.hook_attn_out,2,3.4259235988650243,300.0,0.0,0.0462075262188458,0.0,0.0
transformer_add97_f0.3_wd1.0_softmax_ce_s4,transformer,25700,init,0,2,2,blocks.0.hook_mlp_out,0,0.8150681941978299,300.0,0.0,0.02871350175254485,0.0,0.0014925509405541242
transformer_add97_f0.3_wd1.0_softmax_ce_s4,transformer,25700,init,0,2,2,blocks.0.hook_mlp_out,1,0.8150681941978299,300.0,0.0,0.027014788099853367,0.0,0.0
transformer_add97_f0.3_wd1.0_softmax_ce_s4,transformer,25700,init,0,2,2,blocks.0.hook_mlp_out,2,0.8150681941978299,300.0,0.0,0.028667298306139708,0.0,0.0
transformer_add97_f0.3_wd1.0_softmax_ce_s4,transformer,25700,init,0,2,3,hook_resid_final,0,3.242800907704471,300.0,0.0,0.03425953280485358,0.0,0.0
transformer_add97_f0.3_wd1.0_softmax_ce_s4,transformer,25700,init,0,2,3,hook_resid_final,1,3.242800907704471,300.0,0.0,0.04647661593208,0.0,0.0
transformer_add97_f0.3_wd1.0_softmax_ce_s4,transformer,25700,init,0,2,3,hook_resid_final,2,3.242800907704471,300.0,0.0,0.04086299515209253,0.0,0.0
transformer_add97_f0.3_wd1.0_softmax_ce_s4,transformer,25700,init,0,2,4,logits,0,1.6280041293427472,300.0,0.0,0.033601946308474975,0.0,0.0
transformer_add97_f0.3_wd1.0_softmax_ce_s4,transformer,25700,init,0,2,4,logits,1,1.6351854840299358,300.0,0.0,0.04218899554167494,0.0,0.0
transformer_add97_f0.3_wd1.0_softmax_ce_s4,transformer,25700,init,0,2,4,logits,2,1.6351854840299358,300.0,0.0,0.03425918273080806,0.0,0.0025661354192072225
transformer_add97_f0.3_wd1.0_softmax_ce_s4,transformer,25700,before,22558,8,0,operands,0,0.1795315508670984,300.0,0.0,0.09153245338941576,0.0,0.05501674831091015
transformer_add97_f0.3_wd1.0_softmax_ce_s4,transformer,25700,before,22558,8,0,operands,1,0.1807905512878487,300.0,0.0,0.08377404145681099,1.0,0.05072342605518425
transformer_add97_f0.3_wd1.0_softmax_ce_s4,transformer,25700,before,22558,8,0,operands,2,0.18016215084155413,300.0,0.0,0.08669876927359395,0.0,0.05955931129900431
transformer_add97_f0.3_wd1.0_softmax_ce_s4,transformer,25700,before,22558,8,1,blocks.0.hook_attn_out,0,0.0842483955744562,300.0,0.0,0.06891887346717095,0.0,0.054149197949818755
transformer_add97_f0.3_wd1.0_softmax_ce_s4,transformer,25700,before,22558,8,1,blocks.0.hook_attn_out,1,0.08435212425320941,300.0,0.0,0.07822490854112607,1.0,0.05025067030754644
transformer_add97_f0.3_wd1.0_softmax_ce_s4,transformer,25700,before,22558,8,1,blocks.0.hook_attn_out,2,0.08435212425320941,300.0,0.0,0.07504093651380166,0.0,0.04708348043391346
transformer_add97_f0.3_wd1.0_softmax_ce_s4,transformer,25700,before,22558,8,2,blocks.0.hook_mlp_out,0,0.24139566376483,300.0,0.0,0.09043889527329692,0.0,0.0522141993343592
transformer_add97_f0.3_wd1.0_softmax_ce_s4,transformer,25700,before,22558,8,2,blocks.0.hook_mlp_out,1,0.24229789316159697,300.0,0.0,0.08165240070268122,0.0,0.04845776142456632
transformer_add97_f0.3_wd1.0_softmax_ce_s4,transformer,25700,before,22558,8,2,blocks.0.hook_mlp_out,2,0.24001359467569386,300.0,0.0,0.088610851408339,0.0,0.0492449584528704
transformer_add97_f0.3_wd1.0_softmax_ce_s4,transformer,25700,before,22558,8,3,hook_resid_final,0,8.532946155306439,300.0,0.0,0.08532575045058799,0.0,0.061967539555717786
transformer_add97_f0.3_wd1.0_softmax_ce_s4,transformer,25700,before,22558,8,3,hook_resid_final,1,8.643904757733294,300.0,0.0,0.09186156135858403,0.0,0.05805617049549869
transformer_add97_f0.3_wd1.0_softmax_ce_s4,transformer,25700,before,22558,8,3,hook_resid_final,2,8.425422074975014,300.0,0.0,0.07870030830444733,0.0,0.07000201745063163
transformer_add97_f0.3_wd1.0_softmax_ce_s4,transformer,25700,before,22558,8,4,logits,0,53.0279209051727,300.0,0.0,0.08341803198651519,0.0,0.05536923218511797
transformer_add97_f0.3_wd1.0_softmax_ce_s4,transformer,25700,before,22558,8,4,logits,1,52.95809788235155,300.0,0.0,0.08567991015159727,0.0,0.05570381973624059
transformer_add97_f0.3_wd1.0_softmax_ce_s4,transformer,25700,before,22558,8,4,logits,2,53.11330584457302,300.0,0.0,0.08263254067142486,0.0,0.06390969084070906
transformer_add97_f0.3_wd1.0_softmax_ce_s4,transformer,25700,before,22558,4,0,operands,0,0.15915763061853078,300.0,0.0,0.09805788346564882,0.0,0.06924269917420452
transformer_add97_f0.3_wd1.0_softmax_ce_s4,transformer,25700,before,22558,4,0,operands,1,0.16473101505352564,300.0,0.0,0.08051267685364016,1.0,0.054978460187211003
transformer_add97_f0.3_wd1.0_softmax_ce_s4,transformer,25700,before,22558,4,0,operands,2,0.16418560253458264,300.0,0.0,0.083309469484128,1.0,0.05171455855634068
transformer_add97_f0.3_wd1.0_softmax_ce_s4,transformer,25700,before,22558,4,1,blocks.0.hook_attn_out,0,0.07334041659463858,300.0,0.0,0.05541349271156265,0.0,0.03826620687269063
transformer_add97_f0.3_wd1.0_softmax_ce_s4,transformer,25700,before,22558,4,1,blocks.0.hook_attn_out,1,0.07302789317393181,300.0,0.0,0.06812338474923003,0.0,0.03952969430791462
transformer_add97_f0.3_wd1.0_softmax_ce_s4,transformer,25700,before,22558,4,1,blocks.0.hook_attn_out,2,0.07302789317393181,300.0,0.0,0.06724511316996018,0.0,0.03902490622563172
transformer_add97_f0.3_wd1.0_softmax_ce_s4,transformer,25700,before,22558,4,2,blocks.0.hook_mlp_out,0,0.227944978777838,300.0,0.0,0.06709215030870133,0.0,0.03574956875925128
transformer_add97_f0.3_wd1.0_softmax_ce_s4,transformer,25700,before,22558,4,2,blocks.0.hook_mlp_out,1,0.22626450543439056,300.0,0.0,0.058321307543125624,0.0,0.04082885272133968
transformer_add97_f0.3_wd1.0_softmax_ce_s4,transformer,25700,before,22558,4,2,blocks.0.hook_mlp_out,2,0.227944978777838,300.0,0.0,0.05877925032014464,0.0,0.035632030360422805
transformer_add97_f0.3_wd1.0_softmax_ce_s4,transformer,25700,before,22558,4,3,hook_resid_final,0,8.06642855602921,300.0,0.0,0.06223022395463058,0.0,0.041491894829485884
transformer_add97_f0.3_wd1.0_softmax_ce_s4,transformer,25700,before,22558,4,3,hook_resid_final,1,7.945957835574793,300.0,0.0,0.06448427148199913,0.0,0.04883917690520068
transformer_add97_f0.3_wd1.0_softmax_ce_s4,transformer,25700,before,22558,4,3,hook_resid_final,2,8.125205627331898,300.0,0.0,0.06022512166033039,0.0,0.045864323651035974
transformer_add97_f0.3_wd1.0_softmax_ce_s4,transformer,25700,before,22558,4,4,logits,0,51.37508669128324,300.0,0.0,0.07363572886549294,0.0,0.036914883808006095
transformer_add97_f0.3_wd1.0_softmax_ce_s4,transformer,25700,before,22558,4,4,logits,1,51.3188598353823,300.0,0.0,0.06734446843023524,0.0,0.03792933619383988
transformer_add97_f0.3_wd1.0_softmax_ce_s4,transformer,25700,before,22558,4,4,logits,2,51.27135953869269,300.0,0.0,0.06815093653020506,0.0,0.03746737669839028
transformer_add97_f0.3_wd1.0_softmax_ce_s4,transformer,25700,before,22558,2,0,operands,0,0.16640551662207395,300.0,0.0,0.05247320547055973,0.0,0.04085182678598959
transformer_add97_f0.3_wd1.0_softmax_ce_s4,transformer,25700,before,22558,2,0,operands,1,0.16124612852088105,300.0,0.0,0.05792883482305986,0.0,0.03879969716730681
transformer_add97_f0.3_wd1.0_softmax_ce_s4,transformer,25700,before,22558,2,0,operands,2,0.16640551662207395,300.0,0.0,0.05944689009649651,0.0,0.04312388750462471
transformer_add97_f0.3_wd1.0_softmax_ce_s4,transformer,25700,before,22558,2,1,blocks.0.hook_attn_out,0,0.06271363278069496,300.0,0.0,0.028693966460986577,0.0,0.0
transformer_add97_f0.3_wd1.0_softmax_ce_s4,transformer,25700,before,22558,2,1,blocks.0.hook_attn_out,1,0.06268308337759716,300.0,0.0,0.04127184085383284,0.0,0.004138832845179677
transformer_add97_f0.3_wd1.0_softmax_ce_s4,transformer,25700,before,22558,2,1,blocks.0.hook_attn_out,2,0.06271363278069496,300.0,0.0,0.03169555172113895,0.0,0.0005653473285195817
transformer_add97_f0.3_wd1.0_softmax_ce_s4,transformer,25700,before,22558,2,2,blocks.0.hook_mlp_out,0,0.2275400846014053,300.0,0.0,0.02632103094575124,0.0,0.003186927854483281
transformer_add97_f0.3_wd1.0_softmax_ce_s4,transformer,25700,before,22558,2,2,blocks.0.hook_mlp_out,1,0.2275400846014053,300.0,0.0,0.026511707650196698,0.0,0.0
transformer_add97_f0.3_wd1.0_softmax_ce_s4,transformer,25700,before,22558,2,2,blocks.0.hook_mlp_out,2,0.2275400846014053,300.0,0.0,0.023799629704832893,0.0,0.0
transformer_add97_f0.3_wd1.0_softmax_ce_s4,transformer,25700,before,22558,2,3,hook_resid_final,0,7.507769457532209,300.0,0.0,0.029177242519948153,0.0,0.0
transformer_add97_f0.3_wd1.0_softmax_ce_s4,transformer,25700,before,22558,2,3,hook_resid_final,1,7.507769457532209,300.0,0.0,0.039567009175679124,0.0,0.0
transformer_add97_f0.3_wd1.0_softmax_ce_s4,transformer,25700,before,22558,2,3,hook_resid_final,2,7.507769457532209,300.0,0.0,0.028130564567595884,0.0,0.0
transformer_add97_f0.3_wd1.0_softmax_ce_s4,transformer,25700,before,22558,2,4,logits,0,48.030040102769,300.0,0.0,0.027523533048782373,0.0,0.0010725203420113736
transformer_add97_f0.3_wd1.0_softmax_ce_s4,transformer,25700,before,22558,2,4,logits,1,48.254349124446556,300.0,0.0,0.028594888602676873,0.0,0.0
transformer_add97_f0.3_wd1.0_softmax_ce_s4,transformer,25700,before,22558,2,4,logits,2,48.254349124446556,300.0,0.0,0.03390321362367639,0.0,0.0
transformer_add97_f0.3_wd1.0_softmax_ce_s4,transformer,25700,at,26031,8,0,operands,0,0.16893696194120814,300.0,0.0,0.08458475110707209,0.0,0.06536425374642596
transformer_add97_f0.3_wd1.0_softmax_ce_s4,transformer,25700,at,26031,8,0,operands,1,0.173252230027205,300.0,0.0,0.08723952073599195,0.0,0.051707825936485395
transformer_add97_f0.3_wd1.0_softmax_ce_s4,transformer,25700,at,26031,8,0,operands,2,0.16821244529248633,300.0,0.0,0.09919846972918187,0.0,0.06078568427287167
transformer_add97_f0.3_wd1.0_softmax_ce_s4,transformer,25700,at,26031,8,1,blocks.0.hook_attn_out,0,0.08025589738989733,300.0,0.0,0.07600837098933043,0.0,0.048676172255483194
transformer_add97_f0.3_wd1.0_softmax_ce_s4,transformer,25700,at,26031,8,1,blocks.0.hook_attn_out,1,0.08013768560722495,300.0,0.0,0.07347233986720958,0.0,0.05705960068606182
transformer_add97_f0.3_wd1.0_softmax_ce_s4,transformer,25700,at,26031,8,1,blocks.0.hook_attn_out,2,0.0802678419950119,300.0,0.0,0.07496019779264682,0.0,0.04794461950360186
transformer_add97_f0.3_wd1.0_softmax_ce_s4,transformer,25700,at,26031,8,2,blocks.0.hook_mlp_out,0,0.22162502333524478,300.0,0.0,0.0647308223092494,0.0,0.043266596947724355
transformer_add97_f0.3_wd1.0_softmax_ce_s4,transformer,25700,at,26031,8,2,blocks.0.hook_mlp_out,1,0.22527741064439272,300.0,0.0,0.05612554661400567,0.0,0.03511650668688542
transformer_add97_f0.3_wd1.0_softmax_ce_s4,transformer,25700,at,26031,8,2,blocks.0.hook_mlp_out,2,0.2258289954395482,300.0,0.0,0.06604868619032542,0.0,0.04074550058580917
transformer_add97_f0.3_wd1.0_softmax_ce_s4,transformer,25700,at,26031,8,3,hook_resid_final,0,8.784332110989013,300.0,0.0,0.0837646741779419,1.0,0.057528901179157654
transformer_add97_f0.3_wd1.0_softmax_ce_s4,transformer,25700,at,26031,8,3,hook_resid_final,1,8.771965991069992,300.0,0.0,0.0764252468049919,0.0,0.04977284366517858
transformer_add97_f0.3_wd1.0_softmax_ce_s4,transformer,25700,at,26031,8,3,hook_resid_final,2,8.822454340509845,300.0,0.0,0.07629628589478507,1.0,0.05028994723241479
transformer_add97_f0.3_wd1.0_softmax_ce_s4,transformer,25700,at,26031,8,4,logits,0,47.10594750085725,300.0,0.0,0.08242700159065602,0.0,0.05495102396574703
transformer_add97_f0.3_wd1.0_softmax_ce_s4,transformer,25700,at,26031,8,4,logits,1,47.48923227993527,300.0,0.0,0.08816454929348067,1.0,0.05271677143881725
transformer_add97_f0.3_wd1.0_softmax_ce_s4,transformer,25700,at,26031,8,4,logits,2,46.94075378362192,300.0,0.0,0.0828322935450494,0.0,0.06399669527447745
transformer_add97_f0.3_wd1.0_softmax_ce_s4,transformer,25700,at,26031,4,0,operands,0,0.1592040583327232,300.0,0.0,0.09550586539073787,0.0,0.05246518779760558
transformer_add97_f0.3_wd1.0_softmax_ce_s4,transformer,25700,at,26031,4,0,operands,1,0.1592040583327232,300.0,0.0,0.11279594303055145,0.0,0.054635231077953594
transformer_add97_f0.3_wd1.0_softmax_ce_s4,transformer,25700,at,26031,4,0,operands,2,0.15671932223693888,300.0,0.0,0.12090471016651438,0.0,0.057180315680588914
transformer_add97_f0.3_wd1.0_softmax_ce_s4,transformer,25700,at,26031,4,1,blocks.0.hook_attn_out,0,0.07386561454316425,300.0,0.0,0.055381982398043234,0.0,0.030363284136426097
transformer_add97_f0.3_wd1.0_softmax_ce_s4,transformer,25700,at,26031,4,1,blocks.0.hook_attn_out,1,0.07386561454316425,300.0,0.0,0.05789772391677705,0.0,0.03410245043733451
transformer_add97_f0.3_wd1.0_softmax_ce_s4,transformer,25700,at,26031,4,1,blocks.0.hook_attn_out,2,0.07386561454316425,300.0,0.0,0.05756693158236367,0.0,0.03915880972407022
transformer_add97_f0.3_wd1.0_softmax_ce_s4,transformer,25700,at,26031,4,2,blocks.0.hook_mlp_out,0,0.21583202030362947,300.0,0.0,0.0428512250048512,0.0,0.02694039033261951
transformer_add97_f0.3_wd1.0_softmax_ce_s4,transformer,25700,at,26031,4,2,blocks.0.hook_mlp_out,1,0.21583202030362947,300.0,0.0,0.04615963085730235,0.0,0.021746944478046735
transformer_add97_f0.3_wd1.0_softmax_ce_s4,transformer,25700,at,26031,4,2,blocks.0.hook_mlp_out,2,0.2141852462460171,300.0,0.0,0.046342229308636074,0.0,0.028063821317095655
transformer_add97_f0.3_wd1.0_softmax_ce_s4,transformer,25700,at,26031,4,3,hook_resid_final,0,8.21028226455718,300.0,0.0,0.05773537187713283,0.0,0.039226740470324796
transformer_add97_f0.3_wd1.0_softmax_ce_s4,transformer,25700,at,26031,4,3,hook_resid_final,1,8.332779829173502,300.0,0.0,0.05932381794211269,0.0,0.047276351598059554
transformer_add97_f0.3_wd1.0_softmax_ce_s4,transformer,25700,at,26031,4,3,hook_resid_final,2,8.342710750232037,300.0,0.0,0.06717108377223303,0.0,0.04371161688342501
transformer_add97_f0.3_wd1.0_softmax_ce_s4,transformer,25700,at,26031,4,4,logits,0,44.06017661344358,300.0,0.0,0.06133375071401592,1.0,0.05005159717473394
transformer_add97_f0.3_wd1.0_softmax_ce_s4,transformer,25700,at,26031,4,4,logits,1,44.06017661344358,300.0,0.0,0.07036837172837242,0.0,0.038254827366238024
transformer_add97_f0.3_wd1.0_softmax_ce_s4,transformer,25700,at,26031,4,4,logits,2,44.06017661344358,300.0,0.0,0.0644195111184692,1.0,0.05196320219032418
transformer_add97_f0.3_wd1.0_softmax_ce_s4,transformer,25700,at,26031,2,0,operands,0,0.1420677973873407,300.0,0.0,0.06080574612308381,0.0,0.041848609665691074
transformer_add97_f0.3_wd1.0_softmax_ce_s4,transformer,25700,at,26031,2,0,operands,1,0.141856151306267,300.0,0.0,0.06627677657537909,0.0,0.03907532701878616
transformer_add97_f0.3_wd1.0_softmax_ce_s4,transformer,25700,at,26031,2,0,operands,2,0.1420677973873407,300.0,0.0,0.05648769091813677,0.0,0.048720876461306184
transformer_add97_f0.3_wd1.0_softmax_ce_s4,transformer,25700,at,26031,2,1,blocks.0.hook_attn_out,0,0.0577292999508794,300.0,0.0,0.03368857876243988,0.0,0.004103507357002801
transformer_add97_f0.3_wd1.0_softmax_ce_s4,transformer,25700,at,26031,2,1,blocks.0.hook_attn_out,1,0.0577292999508794,300.0,0.0,0.035529491714158694,0.0,0.002444537647371636
transformer_add97_f0.3_wd1.0_softmax_ce_s4,transformer,25700,at,26031,2,1,blocks.0.hook_attn_out,2,0.0577292999508794,300.0,0.0,0.03619907446489888,0.0,0.0
transformer_add97_f0.3_wd1.0_softmax_ce_s4,transformer,25700,at,26031,2,2,blocks.0.hook_mlp_out,0,0.2060448693035768,300.0,0.0,0.027543137380803287,0.0,0.0007321087355530918
transformer_add97_f0.3_wd1.0_softmax_ce_s4,transformer,25700,at,26031,2,2,blocks.0.hook_mlp_out,1,0.2060448693035768,300.0,0.0,0.02361418035066168,0.0,0.0
transformer_add97_f0.3_wd1.0_softmax_ce_s4,transformer,25700,at,26031,2,2,blocks.0.hook_mlp_out,2,0.2060448693035768,300.0,0.0,0.024596509443174448,0.0,0.0
transformer_add97_f0.3_wd1.0_softmax_ce_s4,transformer,25700,at,26031,2,3,hook_resid_final,0,7.155668981223938,300.0,0.0,0.02748005773083399,0.0,0.0
transformer_add97_f0.3_wd1.0_softmax_ce_s4,transformer,25700,at,26031,2,3,hook_resid_final,1,7.155668981223938,300.0,0.0,0.02652333643746392,0.0,0.0
transformer_add97_f0.3_wd1.0_softmax_ce_s4,transformer,25700,at,26031,2,3,hook_resid_final,2,7.155668981223938,300.0,0.0,0.028816334737762694,0.0,0.0
transformer_add97_f0.3_wd1.0_softmax_ce_s4,transformer,25700,at,26031,2,4,logits,0,35.98348730299686,300.0,0.0,0.03676853287078088,0.0,0.0
transformer_add97_f0.3_wd1.0_softmax_ce_s4,transformer,25700,at,26031,2,4,logits,1,36.08736310614116,300.0,1.0,0.05018628880313004,0.0,0.0
transformer_add97_f0.3_wd1.0_softmax_ce_s4,transformer,25700,at,26031,2,4,logits,2,36.08736310614116,300.0,0.0,0.04220871507591254,0.0,0.0
transformer_add97_f0.3_wd1.0_softmax_ce_s4,transformer,25700,after,40000,8,0,operands,0,0.12183586915055526,300.0,0.0,0.11521688640272687,1.0,0.0514097401249842
transformer_add97_f0.3_wd1.0_softmax_ce_s4,transformer,25700,after,40000,8,0,operands,1,0.12183586915055526,300.0,0.0,0.12794772712601013,0.0,0.0590193866453676
transformer_add97_f0.3_wd1.0_softmax_ce_s4,transformer,25700,after,40000,8,0,operands,2,0.12183586915055526,300.0,0.0,0.14745711991195704,0.0,0.04895727611465402
transformer_add97_f0.3_wd1.0_softmax_ce_s4,transformer,25700,after,40000,8,1,blocks.0.hook_attn_out,0,0.11083000584122141,300.0,0.0,0.07248285825913221,0.0,0.04952632521828374
transformer_add97_f0.3_wd1.0_softmax_ce_s4,transformer,25700,after,40000,8,1,blocks.0.hook_attn_out,1,0.11083000584122141,300.0,0.0,0.06965000084541866,0.0,0.046719971379825295
transformer_add97_f0.3_wd1.0_softmax_ce_s4,transformer,25700,after,40000,8,1,blocks.0.hook_attn_out,2,0.11083000584122141,300.0,0.0,0.07168432251108443,0.0,0.04526538391100483
transformer_add97_f0.3_wd1.0_softmax_ce_s4,transformer,25700,after,40000,8,2,blocks.0.hook_mlp_out,0,0.24156267907477844,300.0,0.0,0.08981230469787467,0.0,0.04563991351220854
transformer_add97_f0.3_wd1.0_softmax_ce_s4,transformer,25700,after,40000,8,2,blocks.0.hook_mlp_out,1,0.23573186760905843,300.0,0.0,0.09250755067800698,0.0,0.038650706608659983
transformer_add97_f0.3_wd1.0_softmax_ce_s4,transformer,25700,after,40000,8,2,blocks.0.hook_mlp_out,2,0.23949158818309849,300.0,0.0,0.07752382075714538,0.0,0.03840266778431004
transformer_add97_f0.3_wd1.0_softmax_ce_s4,transformer,25700,after,40000,8,3,hook_resid_final,0,7.9351390987768315,300.0,0.0,0.10852310999038547,1.0,0.05479982770742067
transformer_add97_f0.3_wd1.0_softmax_ce_s4,transformer,25700,after,40000,8,3,hook_resid_final,1,7.78473542054424,300.0,0.0,0.12558988432875254,1.0,0.050552428783278154
transformer_add97_f0.3_wd1.0_softmax_ce_s4,transformer,25700,after,40000,8,3,hook_resid_final,2,7.786758253035942,300.0,0.0,0.10727610666175406,1.0,0.057575511285740254
transformer_add97_f0.3_wd1.0_softmax_ce_s4,transformer,25700,after,40000,8,4,logits,0,46.29629801189237,300.0,0.0,0.11720513100220308,0.0,0.04606396924027887
transformer_add97_f0.3_wd1.0_softmax_ce_s4,transformer,25700,after,40000,8,4,logits,1,46.54056970264105,300.0,0.0,0.09047051597037682,0.0,0.04631427583213394
transformer_add97_f0.3_wd1.0_softmax_ce_s4,transformer,25700,after,40000,8,4,logits,2,47.4106101899402,300.0,0.0,0.07820698583376122,0.0,0.048199218139070514
transformer_add97_f0.3_wd1.0_softmax_ce_s4,transformer,25700,after,40000,4,0,operands,0,0.1114900152058512,300.0,0.0,0.09771526339475514,0.0,0.0486704817456697
transformer_add97_f0.3_wd1.0_softmax_ce_s4,transformer,25700,after,40000,4,0,operands,1,0.10870399765880219,300.0,0.0,0.1111166793049907,0.0,0.045692380805447505
transformer_add97_f0.3_wd1.0_softmax_ce_s4,transformer,25700,after,40000,4,0,operands,2,0.1114900152058512,300.0,0.0,0.10127371874327032,1.0,0.052459925777662196
transformer_add97_f0.3_wd1.0_softmax_ce_s4,transformer,25700,after,40000,4,1,blocks.0.hook_attn_out,0,0.09442840863203487,300.0,0.0,0.06086651145206002,0.0,0.045801742618755845
transformer_add97_f0.3_wd1.0_softmax_ce_s4,transformer,25700,after,40000,4,1,blocks.0.hook_attn_out,1,0.09442840863203487,300.0,0.0,0.06025910492142819,0.0,0.038831430661387396
transformer_add97_f0.3_wd1.0_softmax_ce_s4,transformer,25700,after,40000,4,1,blocks.0.hook_attn_out,2,0.09279320305575661,300.0,0.0,0.06444864975387847,1.0,0.05237975209968397
transformer_add97_f0.3_wd1.0_softmax_ce_s4,transformer,25700,after,40000,4,2,blocks.0.hook_mlp_out,0,0.21453781912005085,300.0,0.0,0.06694118136037386,0.0,0.03493968514730209
transformer_add97_f0.3_wd1.0_softmax_ce_s4,transformer,25700,after,40000,4,2,blocks.0.hook_mlp_out,1,0.21100912664795254,300.0,0.0,0.06614055115909226,0.0,0.03474397964690223
transformer_add97_f0.3_wd1.0_softmax_ce_s4,transformer,25700,after,40000,4,2,blocks.0.hook_mlp_out,2,0.21453781912005085,300.0,0.0,0.05386630224616902,0.0,0.03695546726880231
transformer_add97_f0.3_wd1.0_softmax_ce_s4,transformer,25700,after,40000,4,3,hook_resid_final,0,6.699522866807612,300.0,0.0,0.10504936919901695,0.0,0.04410214420746216
transformer_add97_f0.3_wd1.0_softmax_ce_s4,transformer,25700,after,40000,4,3,hook_resid_final,1,6.816308110037573,300.0,0.0,0.08104099774507971,0.0,0.04603482918771821
transformer_add97_f0.3_wd1.0_softmax_ce_s4,transformer,25700,after,40000,4,3,hook_resid_final,2,6.619686876933847,300.0,0.0,0.11363405797400973,1.0,0.06235776338436689
transformer_add97_f0.3_wd1.0_softmax_ce_s4,transformer,25700,after,40000,4,4,logits,0,40.004868013713875,300.0,0.0,0.09691770756894355,0.0,0.04250803037903977
transformer_add97_f0.3_wd1.0_softmax_ce_s4,transformer,25700,after,40000,4,4,logits,1,40.213131047788735,300.0,0.0,0.10489507006425795,1.0,0.05664182786911981
transformer_add97_f0.3_wd1.0_softmax_ce_s4,transformer,25700,after,40000,4,4,logits,2,40.74549640712386,300.0,0.0,0.08652627648138055,0.0,0.04279018637625617
transformer_add97_f0.3_wd1.0_softmax_ce_s4,transformer,25700,after,40000,2,0,operands,0,0.09321377677431776,300.0,0.0,0.06493834901140903,0.0,0.047207638825367
transformer_add97_f0.3_wd1.0_softmax_ce_s4,transformer,25700,after,40000,2,0,operands,1,0.09269464248043215,300.0,0.0,0.06413622683529818,0.0,0.048799742919938105
transformer_add97_f0.3_wd1.0_softmax_ce_s4,transformer,25700,after,40000,2,0,operands,2,0.09321377677431776,300.0,0.0,0.07289982028022865,0.0,0.03619002262146714
transformer_add97_f0.3_wd1.0_softmax_ce_s4,transformer,25700,after,40000,2,1,blocks.0.hook_attn_out,0,0.09109297165215799,300.0,0.0,0.026661252505156153,0.0,0.0001787490070635321
transformer_add97_f0.3_wd1.0_softmax_ce_s4,transformer,25700,after,40000,2,1,blocks.0.hook_attn_out,1,0.09109297165215799,300.0,0.0,0.028486126151410076,0.0,0.0008762775557759186
transformer_add97_f0.3_wd1.0_softmax_ce_s4,transformer,25700,after,40000,2,1,blocks.0.hook_attn_out,2,0.09109297165215799,300.0,0.0,0.023628679265921236,0.0,0.0
transformer_add97_f0.3_wd1.0_softmax_ce_s4,transformer,25700,after,40000,2,2,blocks.0.hook_mlp_out,0,0.20147646934933222,300.0,0.0,0.029228213904060902,0.0,0.0
transformer_add97_f0.3_wd1.0_softmax_ce_s4,transformer,25700,after,40000,2,2,blocks.0.hook_mlp_out,1,0.20147646934933222,300.0,0.0,0.026929825011684432,0.0,1.5832021617012647e-05
transformer_add97_f0.3_wd1.0_softmax_ce_s4,transformer,25700,after,40000,2,2,blocks.0.hook_mlp_out,2,0.20147646934933222,300.0,0.0,0.025770560475250164,0.0,0.0
transformer_add97_f0.3_wd1.0_softmax_ce_s4,transformer,25700,after,40000,2,3,hook_resid_final,0,6.022379314869619,300.0,0.0,0.031444294684908516,0.0,0.0
transformer_add97_f0.3_wd1.0_softmax_ce_s4,transformer,25700,after,40000,2,3,hook_resid_final,1,6.020853393888608,300.0,0.0,0.03159357717894025,0.0,0.0
transformer_add97_f0.3_wd1.0_softmax_ce_s4,transformer,25700,after,40000,2,3,hook_resid_final,2,6.018102920008584,300.0,0.0,0.03230921581238674,0.0,0.0
transformer_add97_f0.3_wd1.0_softmax_ce_s4,transformer,25700,after,40000,2,4,logits,0,39.00557541640574,300.0,0.0,0.040437382747912656,0.0,0.0
transformer_add97_f0.3_wd1.0_softmax_ce_s4,transformer,25700,after,40000,2,4,logits,1,39.38293730537062,300.0,0.0,0.04807611783518302,0.0,0.001640491701259374
transformer_add97_f0.3_wd1.0_softmax_ce_s4,transformer,25700,after,40000,2,4,logits,2,39.38293730537062,300.0,0.0,0.036381926110511456,0.0,0.0
