run,step,operator,n,test_acc
mlp_addsub97_f0.3_wd1.0_sq-addsub_s0,0,add,6563,0.011275331489741802
mlp_addsub97_f0.3_wd1.0_sq-addsub_s0,0,sub,6610,0.011043872684240341
mlp_addsub97_f0.3_wd1.0_sq-addsub_s0,606,add,6563,0.0021331708412617445
mlp_addsub97_f0.3_wd1.0_sq-addsub_s0,606,sub,6610,0.002118003088980913
mlp_addsub97_f0.3_wd1.0_sq-addsub_s0,1212,add,6563,0.0027426481246948242
mlp_addsub97_f0.3_wd1.0_sq-addsub_s0,1212,sub,6610,0.002571860793977976
mlp_addsub97_f0.3_wd1.0_sq-addsub_s0,1818,add,6563,0.0036568641662597656
mlp_addsub97_f0.3_wd1.0_sq-addsub_s0,1818,sub,6610,0.003933434374630451
mlp_addsub97_f0.3_wd1.0_sq-addsub_s0,2424,add,6563,0.005942404270172119
mlp_addsub97_f0.3_wd1.0_sq-addsub_s0,2424,sub,6610,0.006505295168608427
mlp_addsub97_f0.3_wd1.0_sq-addsub_s0,3030,add,6563,0.00944689940661192
mlp_addsub97_f0.3_wd1.0_sq-addsub_s0,3030,sub,6610,0.009379727765917778
mlp_addsub97_f0.3_wd1.0_sq-addsub_s0,3636,add,6563,0.014627456665039062
mlp_addsub97_f0.3_wd1.0_sq-addsub_s0,3636,sub,6610,0.01452344935387373
mlp_addsub97_f0.3_wd1.0_sq-addsub_s0,4242,add,6563,0.023769617080688477
mlp_addsub97_f0.3_wd1.0_sq-addsub_s0,4242,sub,6610,0.02284417487680912
mlp_addsub97_f0.3_wd1.0_sq-addsub_s0,4848,add,6563,0.035197317600250244
mlp_addsub97_f0.3_wd1.0_sq-addsub_s0,4848,sub,6610,0.033585477620363235
mlp_addsub97_f0.3_wd1.0_sq-addsub_s0,5455,add,6563,0.05393874645233154
mlp_addsub97_f0.3_wd1.0_sq-addsub_s0,5455,sub,6610,0.047201208770275116
mlp_addsub97_f0.3_wd1.0_sq-addsub_s0,6061,add,6563,0.07725125551223755
mlp_addsub97_f0.3_wd1.0_sq-addsub_s0,6061,sub,6610,0.06913767009973526
mlp_addsub97_f0.3_wd1.0_sq-addsub_s0,6667,add,6563,0.10665854066610336
mlp_addsub97_f0.3_wd1.0_sq-addsub_s0,6667,sub,6610,0.09878971427679062
mlp_addsub97_f0.3_wd1.0_sq-addsub_s0,7273,add,6563,0.14155112206935883
mlp_addsub97_f0.3_wd1.0_sq-addsub_s0,7273,sub,6610,0.1313161849975586
mlp_addsub97_f0.3_wd1.0_sq-addsub_s0,7879,add,6563,0.17751029133796692
mlp_addsub97_f0.3_wd1.0_sq-addsub_s0,7879,sub,6610,0.17140695452690125
mlp_addsub97_f0.3_wd1.0_sq-addsub_s0,8485,add,6563,0.22367820143699646
mlp_addsub97_f0.3_wd1.0_sq-addsub_s0,8485,sub,6610,0.20922844111919403
mlp_addsub97_f0.3_wd1.0_sq-addsub_s0,9091,add,6563,0.2725887596607208
mlp_addsub97_f0.3_wd1.0_sq-addsub_s0,9091,sub,6610,0.2586989402770996
mlp_addsub97_f0.3_wd1.0_sq-addsub_s0,9697,add,6563,0.3490781784057617
mlp_addsub97_f0.3_wd1.0_sq-addsub_s0,9697,sub,6610,0.3272314667701721
mlp_addsub97_f0.3_wd1.0_sq-addsub_s0,10303,add,6563,0.4433947801589966
mlp_addsub97_f0.3_wd1.0_sq-addsub_s0,10303,sub,6610,0.42284417152404785
mlp_addsub97_f0.3_wd1.0_sq-addsub_s0,10909,add,6563,0.5727563500404358
mlp_addsub97_f0.3_wd1.0_sq-addsub_s0,10909,sub,6610,0.5462934970855713
mlp_addsub97_f0.3_wd1.0_sq-addsub_s0,11515,add,6563,0.750419020652771
mlp_addsub97_f0.3_wd1.0_sq-addsub_s0,11515,sub,6610,0.7086232900619507
mlp_addsub97_f0.3_wd1.0_sq-addsub_s0,12121,add,6563,0.8892275094985962
mlp_addsub97_f0.3_wd1.0_sq-addsub_s0,12121,sub,6610,0.8502269387245178
mlp_addsub97_f0.3_wd1.0_sq-addsub_s0,12727,add,6563,0.9614505767822266
mlp_addsub97_f0.3_wd1.0_sq-addsub_s0,12727,sub,6610,0.9570347666740417
mlp_addsub97_f0.3_wd1.0_sq-addsub_s0,13333,add,6563,0.9891817569732666
mlp_addsub97_f0.3_wd1.0_sq-addsub_s0,13333,sub,6610,0.990317702293396
mlp_addsub97_f0.3_wd1.0_sq-addsub_s0,13939,add,6563,0.9989334344863892
mlp_addsub97_f0.3_wd1.0_sq-addsub_s0,13939,sub,6610,0.9990922808647156
mlp_addsub97_f0.3_wd1.0_sq-addsub_s0,14545,add,6563,1.0
mlp_addsub97_f0.3_wd1.0_sq-addsub_s0,14545,sub,6610,1.0
mlp_addsub97_f0.3_wd1.0_sq-addsub_s0,15152,add,6563,1.0
mlp_addsub97_f0.3_wd1.0_sq-addsub_s0,15152,sub,6610,1.0
mlp_addsub97_f0.3_wd1.0_sq-addsub_s0,15758,add,6563,1.0
mlp_addsub97_f0.3_wd1.0_sq-addsub_s0,15758,sub,6610,1.0
mlp_addsub97_f0.3_wd1.0_sq-addsub_s0,16364,add,6563,1.0
mlp_addsub97_f0.3_wd1.0_sq-addsub_s0,16364,sub,6610,1.0
mlp_addsub97_f0.3_wd1.0_sq-addsub_s0,16970,add,6563,1.0
mlp_addsub97_f0.3_wd1.0_sq-addsub_s0,16970,sub,6610,1.0
mlp_addsub97_f0.3_wd1.0_sq-addsub_s0,17576,add,6563,1.0
mlp_addsub97_f0.3_wd1.0_sq-addsub_s0,17576,sub,6610,1.0
mlp_addsub97_f0.3_wd1.0_sq-addsub_s0,18182,add,6563,1.0
mlp_addsub97_f0.3_wd1.0_sq-addsub_s0,18182,sub,6610,1.0
mlp_addsub97_f0.3_wd1.0_sq-addsub_s0,18788,add,6563,1.0
mlp_addsub97_f0.3_wd1.0_sq-addsub_s0,18788,sub,6610,1.0
mlp_addsub97_f0.3_wd1.0_sq-addsub_s0,19394,add,6563,1.0
mlp_addsub97_f0.3_wd1.0_sq-addsub_s0,19394,sub,6610,1.0
mlp_addsub97_f0.3_wd1.0_sq-addsub_s0,20000,add,6563,1.0
mlp_addsub97_f0.3_wd1.0_sq-addsub_s0,20000,sub,6610,1.0
mlp_addsub97_f0.3_wd1.0_sq-addsub_s0,20606,add,6563,1.0
mlp_addsub97_f0.3_wd1.0_sq-addsub_s0,20606,sub,6610,1.0
mlp_addsub97_f0.3_wd1.0_sq-addsub_s0,21212,add,6563,1.0
mlp_addsub97_f0.3_wd1.0_sq-addsub_s0,21212,sub,6610,1.0
mlp_addsub97_f0.3_wd1.0_sq-addsub_s0,21818,add,6563,1.0
mlp_addsub97_f0.3_wd1.0_sq-addsub_s0,21818,sub,6610,1.0
mlp_addsub97_f0.3_wd1.0_sq-addsub_s0,22424,add,6563,1.0
mlp_addsub97_f0.3_wd1.0_sq-addsub_s0,22424,sub,6610,1.0
mlp_addsub97_f0.3_wd1.0_sq-addsub_s0,23030,add,6563,1.0
mlp_addsub97_f0.3_wd1.0_sq-addsub_s0,23030,sub,6610,1.0
mlp_addsub97_f0.3_wd1.0_sq-addsub_s0,23636,add,6563,1.0
mlp_addsub97_f0.3_wd1.0_sq-addsub_s0,23636,sub,6610,1.0
mlp_addsub97_f0.3_wd1.0_sq-addsub_s0,24242,add,6563,1.0
mlp_addsub97_f0.3_wd1.0_sq-addsub_s0,24242,sub,6610,1.0
mlp_addsub97_f0.3_wd1.0_sq-addsub_s0,24848,add,6563,1.0
mlp_addsub97_f0.3_wd1.0_sq-addsub_s0,24848,sub,6610,1.0
mlp_addsub97_f0.3_wd1.0_sq-addsub_s0,25455,add,6563,1.0
mlp_addsub97_f0.3_wd1.0_sq-addsub_s0,25455,sub,6610,1.0
mlp_addsub97_f0.3_wd1.0_sq-addsub_s0,26061,add,6563,1.0
mlp_addsub97_f0.3_wd1.0_sq-addsub_s0,26061,sub,6610,1.0
mlp_addsub97_f0.3_wd1.0_sq-addsub_s0,26667,add,6563,1.0
mlp_addsub97_f0.3_wd1.0_sq-addsub_s0,26667,sub,6610,1.0
mlp_addsub97_f0.3_wd1.0_sq-addsub_s0,27273,add,6563,1.0
mlp_addsub97_f0.3_wd1.0_sq-addsub_s0,27273,sub,6610,1.0
mlp_addsub97_f0.3_wd1.0_sq-addsub_s0,27879,add,6563,1.0
mlp_addsub97_f0.3_wd1.0_sq-addsub_s0,27879,sub,6610,1.0
mlp_addsub97_f0.3_wd1.0_sq-addsub_s0,28485,add,6563,1.0
mlp_addsub97_f0.3_wd1.0_sq-addsub_s0,28485,sub,6610,1.0
mlp_addsub97_f0.3_wd1.0_sq-addsub_s0,29091,add,6563,1.0
mlp_addsub97_f0.3_wd1.0_sq-addsub_s0,29091,sub,6610,1.0
mlp_addsub97_f0.3_wd1.0_sq-addsub_s0,29697,add,6563,1.0
mlp_addsub97_f0.3_wd1.0_sq-addsub_s0,29697,sub,6610,1.0
mlp_addsub97_f0.3_wd1.0_sq-addsub_s0,30303,add,6563,1.0
mlp_addsub97_f0.3_wd1.0_sq-addsub_s0,30303,sub,6610,1.0
mlp_addsub97_f0.3_wd1.0_sq-addsub_s0,30909,add,6563,1.0
mlp_addsub97_f0.3_wd1.0_sq-addsub_s0,30909,sub,6610,1.0
mlp_addsub97_f0.3_wd1.0_sq-addsub_s0,31515,add,6563,1.0
mlp_addsub97_f0.3_wd1.0_sq-addsub_s0,31515,sub,6610,1.0
mlp_addsub97_f0.3_wd1.0_sq-addsub_s0,32121,add,6563,1.0
mlp_addsub97_f0.3_wd1.0_sq-addsub_s0,32121,sub,6610,1.0
mlp_addsub97_f0.3_wd1.0_sq-addsub_s0,32727,add,6563,1.0
mlp_addsub97_f0.3_wd1.0_sq-addsub_s0,32727,sub,6610,1.0
mlp_addsub97_f0.3_wd1.0_sq-addsub_s0,33333,add,6563,1.0
mlp_addsub97_f0.3_wd1.0_sq-addsub_s0,33333,sub,6610,1.0
mlp_addsub97_f0.3_wd1.0_sq-addsub_s0,33939,add,6563,1.0
mlp_addsub97_f0.3_wd1.0_sq-addsub_s0,33939,sub,6610,1.0
mlp_addsub97_f0.3_wd1.0_sq-addsub_s0,34545,add,6563,1.0
mlp_addsub97_f0.3_wd1.0_sq-addsub_s0,34545,sub,6610,1.0
mlp_addsub97_f0.3_wd1.0_sq-addsub_s0,35152,add,6563,1.0
mlp_addsub97_f0.3_wd1.0_sq-addsub_s0,35152,sub,6610,1.0
mlp_addsub97_f0.3_wd1.0_sq-addsub_s0,35758,add,6563,1.0
mlp_addsub97_f0.3_wd1.0_sq-addsub_s0,35758,sub,6610,1.0
mlp_addsub97_f0.3_wd1.0_sq-addsub_s0,36364,add,6563,1.0
mlp_addsub97_f0.3_wd1.0_sq-addsub_s0,36364,sub,6610,1.0
mlp_addsub97_f0.3_wd1.0_sq-addsub_s0,36970,add,6563,1.0
mlp_addsub97_f0.3_wd1.0_sq-addsub_s0,36970,sub,6610,1.0
mlp_addsub97_f0.3_wd1.0_sq-addsub_s0,37576,add,6563,1.0
mlp_addsub97_f0.3_wd1.0_sq-addsub_s0,37576,sub,6610,1.0
mlp_addsub97_f0.3_wd1.0_sq-addsub_s0,38182,add,6563,1.0
mlp_addsub97_f0.3_wd1.0_sq-addsub_s0,38182,sub,6610,1.0
mlp_addsub97_f0.3_wd1.0_sq-addsub_s0,38788,add,6563,1.0
mlp_addsub97_f0.3_wd1.0_sq-addsub_s0,38788,sub,6610,1.0
mlp_addsub97_f0.3_wd1.0_sq-addsub_s0,39394,add,6563,1.0
mlp_addsub97_f0.3_wd1.0_sq-addsub_s0,39394,sub,6610,1.0
mlp_addsub97_f0.3_wd1.0_sq-addsub_s0,40000,add,6563,1.0
mlp_addsub97_f0.3_wd1.0_sq-addsub_s0,40000,sub,6610,1.0
mlp_addsub97_f0.3_wd1.0_sq-addsub_s0,40606,add,6563,1.0
mlp_addsub97_f0.3_wd1.0_sq-addsub_s0,40606,sub,6610,1.0
mlp_addsub97_f0.3_wd1.0_sq-addsub_s0,41212,add,6563,1.0
mlp_addsub97_f0.3_wd1.0_sq-addsub_s0,41212,sub,6610,1.0
mlp_addsub97_f0.3_wd1.0_sq-addsub_s0,41818,add,6563,1.0
mlp_addsub97_f0.3_wd1.0_sq-addsub_s0,41818,sub,6610,1.0
mlp_addsub97_f0.3_wd1.0_sq-addsub_s0,42424,add,6563,1.0
mlp_addsub97_f0.3_wd1.0_sq-addsub_s0,42424,sub,6610,1.0
mlp_addsub97_f0.3_wd1.0_sq-addsub_s0,43030,add,6563,1.0
mlp_addsub97_f0.3_wd1.0_sq-addsub_s0,43030,sub,6610,1.0
mlp_addsub97_f0.3_wd1.0_sq-addsub_s0,43636,add,6563,1.0
mlp_addsub97_f0.3_wd1.0_sq-addsub_s0,43636,sub,6610,1.0
mlp_addsub97_f0.3_wd1.0_sq-addsub_s0,44242,add,6563,1.0
mlp_addsub97_f0.3_wd1.0_sq-addsub_s0,44242,sub,6610,1.0
mlp_addsub97_f0.3_wd1.0_sq-addsub_s0,44848,add,6563,1.0
mlp_addsub97_f0.3_wd1.0_sq-addsub_s0,44848,sub,6610,1.0
mlp_addsub97_f0.3_wd1.0_sq-addsub_s0,45455,add,6563,1.0
mlp_addsub97_f0.3_wd1.0_sq-addsub_s0,45455,sub,6610,1.0
mlp_addsub97_f0.3_wd1.0_sq-addsub_s0,46061,add,6563,1.0
mlp_addsub97_f0.3_wd1.0_sq-addsub_s0,46061,sub,6610,1.0
mlp_addsub97_f0.3_wd1.0_sq-addsub_s0,46667,add,6563,1.0
mlp_addsub97_f0.3_wd1.0_sq-addsub_s0,46667,sub,6610,1.0
mlp_addsub97_f0.3_wd1.0_sq-addsub_s0,47273,add,6563,1.0
mlp_addsub97_f0.3_wd1.0_sq-addsub_s0,47273,sub,6610,1.0
mlp_addsub97_f0.3_wd1.0_sq-addsub_s0,47879,add,6563,1.0
mlp_addsub97_f0.3_wd1.0_sq-addsub_s0,47879,sub,6610,1.0
mlp_addsub97_f0.3_wd1.0_sq-addsub_s0,48485,add,6563,1.0
mlp_addsub97_f0.3_wd1.0_sq-addsub_s0,48485,sub,6610,1.0
mlp_addsub97_f0.3_wd1.0_sq-addsub_s0,49091,add,6563,1.0
mlp_addsub97_f0.3_wd1.0_sq-addsub_s0,49091,sub,6610,1.0
mlp_addsub97_f0.3_wd1.0_sq-addsub_s0,49697,add,6563,1.0
mlp_addsub97_f0.3_wd1.0_sq-addsub_s0,49697,sub,6610,1.0
mlp_addsub97_f0.3_wd1.0_sq-addsub_s0,50303,add,6563,1.0
mlp_addsub97_f0.3_wd1.0_sq-addsub_s0,50303,sub,6610,1.0
mlp_addsub97_f0.3_wd1.0_sq-addsub_s0,50909,add,6563,1.0
mlp_addsub97_f0.3_wd1.0_sq-addsub_s0,50909,sub,6610,1.0
mlp_addsub97_f0.3_wd1.0_sq-addsub_s0,51515,add,6563,1.0
mlp_addsub97_f0.3_wd1.0_sq-addsub_s0,51515,sub,6610,1.0
mlp_addsub97_f0.3_wd1.0_sq-addsub_s0,52121,add,6563,1.0
mlp_addsub97_f0.3_wd1.0_sq-addsub_s0,52121,sub,6610,1.0
mlp_addsub97_f0.3_wd1.0_sq-addsub_s0,52727,add,6563,1.0
mlp_addsub97_f0.3_wd1.0_sq-addsub_s0,52727,sub,6610,1.0
mlp_addsub97_f0.3_wd1.0_sq-addsub_s0,53333,add,6563,1.0
mlp_addsub97_f0.3_wd1.0_sq-addsub_s0,53333,sub,6610,1.0
mlp_addsub97_f0.3_wd1.0_sq-addsub_s0,53939,add,6563,1.0
mlp_addsub97_f0.3_wd1.0_sq-addsub_s0,53939,sub,6610,1.0
mlp_addsub97_f0.3_wd1.0_sq-addsub_s0,54545,add,6563,1.0
mlp_addsub97_f0.3_wd1.0_sq-addsub_s0,54545,sub,6610,1.0
mlp_addsub97_f0.3_wd1.0_sq-addsub_s0,55152,add,6563,1.0
mlp_addsub97_f0.3_wd1.0_sq-addsub_s0,55152,sub,6610,1.0
mlp_addsub97_f0.3_wd1.0_sq-addsub_s0,55758,add,6563,1.0
mlp_addsub97_f0.3_wd1.0_sq-addsub_s0,55758,sub,6610,1.0
mlp_addsub97_f0.3_wd1.0_sq-addsub_s0,56364,add,6563,1.0
mlp_addsub97_f0.3_wd1.0_sq-addsub_s0,56364,sub,6610,1.0
mlp_addsub97_f0.3_wd1.0_sq-addsub_s0,56970,add,6563,1.0
mlp_addsub97_f0.3_wd1.0_sq-addsub_s0,56970,sub,6610,1.0
mlp_addsub97_f0.3_wd1.0_sq-addsub_s0,57576,add,6563,1.0
mlp_addsub97_f0.3_wd1.0_sq-addsub_s0,57576,sub,6610,1.0
mlp_addsub97_f0.3_wd1.0_sq-addsub_s0,58182,add,6563,1.0
mlp_addsub97_f0.3_wd1.0_sq-addsub_s0,58182,sub,6610,1.0
mlp_addsub97_f0.3_wd1.0_sq-addsub_s0,58788,add,6563,1.0
mlp_addsub97_f0.3_wd1.0_sq-addsub_s0,58788,sub,6610,1.0
mlp_addsub97_f0.3_wd1.0_sq-addsub_s0,59394,add,6563,1.0
mlp_addsub97_f0.3_wd1.0_sq-addsub_s0,59394,sub,6610,1.0
mlp_addsub97_f0.3_wd1.0_sq-addsub_s0,60000,add,6563,1.0
mlp_addsub97_f0.3_wd1.0_sq-addsub_s0,60000,sub,6610,1.0
mlp_addsub97_f0.3_wd1.0_sq-addsub_s1,0,add,6577,0.007906340062618256
mlp_addsub97_f0.3_wd1.0_sq-addsub_s1,0,sub,6596,0.010612492449581623
mlp_addsub97_f0.3_wd1.0_sq-addsub_s1,606,add,6577,0.0007602250552736223
mlp_addsub97_f0.3_wd1.0_sq-addsub_s1,606,sub,6596,0.0016676774248480797
mlp_addsub97_f0.3_wd1.0_sq-addsub_s1,1212,add,6577,0.0021286301780492067
mlp_addsub97_f0.3_wd1.0_sq-addsub_s1,1212,sub,6596,0.002880533691495657
mlp_addsub97_f0.3_wd1.0_sq-addsub_s1,1818,add,6577,0.0036490801721811295
mlp_addsub97_f0.3_wd1.0_sq-addsub_s1,1818,sub,6596,0.004093389958143234
mlp_addsub97_f0.3_wd1.0_sq-addsub_s1,2424,add,6577,0.0063858903013169765
mlp_addsub97_f0.3_wd1.0_sq-addsub_s1,2424,sub,6596,0.006822316441684961
mlp_addsub97_f0.3_wd1.0_sq-addsub_s1,3030,add,6577,0.009578835219144821
mlp_addsub97_f0.3_wd1.0_sq-addsub_s1,3030,sub,6596,0.011522134765982628
mlp_addsub97_f0.3_wd1.0_sq-addsub_s1,3636,add,6577,0.015660636126995087
mlp_addsub97_f0.3_wd1.0_sq-addsub_s1,3636,sub,6596,0.019102485850453377
mlp_addsub97_f0.3_wd1.0_sq-addsub_s1,4242,add,6577,0.02417515590786934
mlp_addsub97_f0.3_wd1.0_sq-addsub_s1,4242,sub,6596,0.027592480182647705
mlp_addsub97_f0.3_wd1.0_sq-addsub_s1,4848,add,6577,0.03436217084527016
mlp_addsub97_f0.3_wd1.0_sq-addsub_s1,4848,sub,6596,0.0395694375038147
mlp_addsub97_f0.3_wd1.0_sq-addsub_s1,5455,add,6577,0.046373724937438965
mlp_addsub97_f0.3_wd1.0_sq-addsub_s1,5455,sub,6596,0.05366889014840126
mlp_addsub97_f0.3_wd1.0_sq-addsub_s1,6061,add,6577,0.06887638568878174
mlp_addsub97_f0.3_wd1.0_sq-addsub_s1,6061,sub,6596,0.07504548132419586
mlp_addsub97_f0.3_wd1.0_sq-addsub_s1,6667,add,6577,0.0963965356349945
mlp_addsub97_f0.3_wd1.0_sq-addsub_s1,6667,sub,6596,0.1008186787366867
mlp_addsub97_f0.3_wd1.0_sq-addsub_s1,7273,add,6577,0.12999847531318665
mlp_addsub97_f0.3_wd1.0_sq-addsub_s1,7273,sub,6596,0.14266221225261688
mlp_addsub97_f0.3_wd1.0_sq-addsub_s1,7879,add,6577,0.1920328438282013
mlp_addsub97_f0.3_wd1.0_sq-addsub_s1,7879,sub,6596,0.20330503582954407
mlp_addsub97_f0.3_wd1.0_sq-addsub_s1,8485,add,6577,0.2980082035064697
mlp_addsub97_f0.3_wd1.0_sq-addsub_s1,8485,sub,6596,0.29138872027397156
mlp_addsub97_f0.3_wd1.0_sq-addsub_s1,9091,add,6577,0.495058536529541
mlp_addsub97_f0.3_wd1.0_sq-addsub_s1,9091,sub,6596,0.45876288414001465
mlp_addsub97_f0.3_wd1.0_sq-addsub_s1,9697,add,6577,0.7377223372459412
mlp_addsub97_f0.3_wd1.0_sq-addsub_s1,9697,sub,6596,0.7084596753120422
mlp_addsub97_f0.3_wd1.0_sq-addsub_s1,10303,add,6577,0.9060361981391907
mlp_addsub97_f0.3_wd1.0_sq-addsub_s1,10303,sub,6596,0.8967556357383728
mlp_addsub97_f0.3_wd1.0_sq-addsub_s1,10909,add,6577,0.9787136912345886
mlp_addsub97_f0.3_wd1.0_sq-addsub_s1,10909,sub,6596,0.9736203551292419
mlp_addsub97_f0.3_wd1.0_sq-addsub_s1,11515,add,6577,0.9968070387840271
mlp_addsub97_f0.3_wd1.0_sq-addsub_s1,11515,sub,6596,0.9937841296195984
mlp_addsub97_f0.3_wd1.0_sq-addsub_s1,12121,add,6577,0.9987836480140686
mlp_addsub97_f0.3_wd1.0_sq-addsub_s1,12121,sub,6596,0.9983323216438293
mlp_addsub97_f0.3_wd1.0_sq-addsub_s1,12727,add,6577,0.999847948551178
mlp_addsub97_f0.3_wd1.0_sq-addsub_s1,12727,sub,6596,0.9996967911720276
mlp_addsub97_f0.3_wd1.0_sq-addsub_s1,13333,add,6577,1.0
mlp_addsub97_f0.3_wd1.0_sq-addsub_s1,13333,sub,6596,0.9998483657836914
mlp_addsub97_f0.3_wd1.0_sq-addsub_s1,13939,add,6577,1.0
mlp_addsub97_f0.3_wd1.0_sq-addsub_s1,13939,sub,6596,0.9998483657836914
mlp_addsub97_f0.3_wd1.0_sq-addsub_s1,14545,add,6577,1.0
mlp_addsub97_f0.3_wd1.0_sq-addsub_s1,14545,sub,6596,1.0
mlp_addsub97_f0.3_wd1.0_sq-addsub_s1,15152,add,6577,1.0
mlp_addsub97_f0.3_wd1.0_sq-addsub_s1,15152,sub,6596,1.0
mlp_addsub97_f0.3_wd1.0_sq-addsub_s1,15758,add,6577,1.0
mlp_addsub97_f0.3_wd1.0_sq-addsub_s1,15758,sub,6596,1.0
mlp_addsub97_f0.3_wd1.0_sq-addsub_s1,16364,add,6577,1.0
mlp_addsub97_f0.3_wd1.0_sq-addsub_s1,16364,sub,6596,1.0
mlp_addsub97_f0.3_wd1.0_sq-addsub_s1,16970,add,6577,1.0
mlp_addsub97_f0.3_wd1.0_sq-addsub_s1,16970,sub,6596,1.0
mlp_addsub97_f0.3_wd1.0_sq-addsub_s1,17576,add,6577,1.0
mlp_addsub97_f0.3_wd1.0_sq-addsub_s1,17576,sub,6596,1.0
mlp_addsub97_f0.3_wd1.0_sq-addsub_s1,18182,add,6577,1.0
mlp_addsub97_f0.3_wd1.0_sq-addsub_s1,18182,sub,6596,1.0
mlp_addsub97_f0.3_wd1.0_sq-addsub_s1,18788,add,6577,1.0
mlp_addsub97_f0.3_wd1.0_sq-addsub_s1,18788,sub,6596,1.0
mlp_addsub97_f0.3_wd1.0_sq-addsub_s1,19394,add,6577,1.0
mlp_addsub97_f0.3_wd1.0_sq-addsub_s1,19394,sub,6596,1.0
mlp_addsub97_f0.3_wd1.0_sq-addsub_s1,20000,add,6577,1.0
mlp_addsub97_f0.3_wd1.0_sq-addsub_s1,20000,sub,6596,1.0
mlp_addsub97_f0.3_wd1.0_sq-addsub_s1,20606,add,6577,1.0
mlp_addsub97_f0.3_wd1.0_sq-addsub_s1,20606,sub,6596,1.0
mlp_addsub97_f0.3_wd1.0_sq-addsub_s1,21212,add,6577,1.0
mlp_addsub97_f0.3_wd1.0_sq-addsub_s1,21212,sub,6596,1.0
mlp_addsub97_f0.3_wd1.0_sq-addsub_s1,21818,add,6577,1.0
mlp_addsub97_f0.3_wd1.0_sq-addsub_s1,21818,sub,6596,1.0
mlp_addsub97_f0.3_wd1.0_sq-addsub_s1,22424,add,6577,1.0
mlp_addsub97_f0.3_wd1.0_sq-addsub_s1,22424,sub,6596,1.0
mlp_addsub97_f0.3_wd1.0_sq-addsub_s1,23030,add,6577,1.0
mlp_addsub97_f0.3_wd1.0_sq-addsub_s1,23030,sub,6596,1.0
mlp_addsub97_f0.3_wd1.0_sq-addsub_s1,23636,add,6577,1.0
mlp_addsub97_f0.3_wd1.0_sq-addsub_s1,23636,sub,6596,1.0
mlp_addsub97_f0.3_wd1.0_sq-addsub_s1,24242,add,6577,1.0
mlp_addsub97_f0.3_wd1.0_sq-addsub_s1,24242,sub,6596,1.0
mlp_addsub97_f0.3_wd1.0_sq-addsub_s1,24848,add,6577,1.0
mlp_addsub97_f0.3_wd1.0_sq-addsub_s1,24848,sub,6596,1.0
mlp_addsub97_f0.3_wd1.0_sq-addsub_s1,25455,add,6577,1.0
mlp_addsub97_f0.3_wd1.0_sq-addsub_s1,25455,sub,6596,1.0
mlp_addsub97_f0.3_wd1.0_sq-addsub_s1,26061,add,6577,1.0
mlp_addsub97_f0.3_wd1.0_sq-addsub_s1,26061,sub,6596,1.0
mlp_addsub97_f0.3_wd1.0_sq-addsub_s1,26667,add,6577,1.0
mlp_addsub97_f0.3_wd1.0_sq-addsub_s1,26667,sub,6596,1.0
mlp_addsub97_f0.3_wd1.0_sq-addsub_s1,27273,add,6577,1.0
mlp_addsub97_f0.3_wd1.0_sq-addsub_s1,27273,sub,6596,1.0
mlp_addsub97_f0.3_wd1.0_sq-addsub_s1,27879,add,6577,1.0
mlp_addsub97_f0.3_wd1.0_sq-addsub_s1,27879,sub,6596,1.0
mlp_addsub97_f0.3_wd1.0_sq-addsub_s1,28485,add,6577,1.0
mlp_addsub97_f0.3_wd1.0_sq-addsub_s1,28485,sub,6596,1.0
mlp_addsub97_f0.3_wd1.0_sq-addsub_s1,29091,add,6577,1.0
mlp_addsub97_f0.3_wd1.0_sq-addsub_s1,29091,sub,6596,1.0
mlp_addsub97_f0.3_wd1.0_sq-addsub_s1,29697,add,6577,1.0
mlp_addsub97_f0.3_wd1.0_sq-addsub_s1,29697,sub,6596,1.0
mlp_addsub97_f0.3_wd1.0_sq-addsub_s1,30303,add,6577,1.0
mlp_addsub97_f0.3_wd1.0_sq-addsub_s1,30303,sub,6596,1.0
mlp_addsub97_f0.3_wd1.0_sq-addsub_s1,30909,add,6577,1.0
mlp_addsub97_f0.3_wd1.0_sq-addsub_s1,30909,sub,6596,1.0
mlp_addsub97_f0.3_wd1.0_sq-addsub_s1,31515,add,6577,1.0
mlp_addsub97_f0.3_wd1.0_sq-addsub_s1,31515,sub,6596,1.0
mlp_addsub97_f0.3_wd1.0_sq-addsub_s1,32121,add,6577,1.0
mlp_addsub97_f0.3_wd1.0_sq-addsub_s1,32121,sub,6596,1.0
mlp_addsub97_f0.3_wd1.0_sq-addsub_s1,32727,add,6577,1.0
mlp_addsub97_f0.3_wd1.0_sq-addsub_s1,32727,sub,6596,1.0
mlp_addsub97_f0.3_wd1.0_sq-addsub_s1,33333,add,6577,1.0
mlp_addsub97_f0.3_wd1.0_sq-addsub_s1,33333,sub,6596,1.0
mlp_addsub97_f0.3_wd1.0_sq-addsub_s1,33939,add,6577,1.0
mlp_addsub97_f0.3_wd1.0_sq-addsub_s1,33939,sub,6596,1.0
mlp_addsub97_f0.3_wd1.0_sq-addsub_s1,34545,add,6577,1.0
mlp_addsub97_f0.3_wd1.0_sq-addsub_s1,34545,sub,6596,1.0
mlp_addsub97_f0.3_wd1.0_sq-addsub_s1,35152,add,6577,1.0
mlp_addsub97_f0.3_wd1.0_sq-addsub_s1,35152,sub,6596,1.0
mlp_addsub97_f0.3_wd1.0_sq-addsub_s1,35758,add,6577,1.0
mlp_addsub97_f0.3_wd1.0_sq-addsub_s1,35758,sub,6596,1.0
mlp_addsub97_f0.3_wd1.0_sq-addsub_s1,36364,add,6577,1.0
mlp_addsub97_f0.3_wd1.0_sq-addsub_s1,36364,sub,6596,1.0
mlp_addsub97_f0.3_wd1.0_sq-addsub_s1,36970,add,6577,1.0
mlp_addsub97_f0.3_wd1.0_sq-addsub_s1,36970,sub,6596,1.0
mlp_addsub97_f0.3_wd1.0_sq-addsub_s1,37576,add,6577,1.0
mlp_addsub97_f0.3_wd1.0_sq-addsub_s1,37576,sub,6596,1.0
mlp_addsub97_f0.3_wd1.0_sq-addsub_s1,38182,add,6577,1.0
mlp_addsub97_f0.3_wd1.0_sq-addsub_s1,38182,sub,6596,1.0
mlp_addsub97_f0.3_wd1.0_sq-addsub_s1,38788,add,6577,1.0
mlp_addsub97_f0.3_wd1.0_sq-addsub_s1,38788,sub,6596,1.0
mlp_addsub97_f0.3_wd1.0_sq-addsub_s1,39394,add,6577,1.0
mlp_addsub97_f0.3_wd1.0_sq-addsub_s1,39394,sub,6596,1.0
mlp_addsub97_f0.3_wd1.0_sq-addsub_s1,40000,add,6577,1.0
mlp_addsub97_f0.3_wd1.0_sq-addsub_s1,40000,sub,6596,1.0
mlp_addsub97_f0.3_wd1.0_sq-addsub_s1,40606,add,6577,1.0
mlp_addsub97_f0.3_wd1.0_sq-addsub_s1,40606,sub,6596,1.0
mlp_addsub97_f0.3_wd1.0_sq-addsub_s1,41212,add,6577,1.0
mlp_addsub97_f0.3_wd1.0_sq-addsub_s1,41212,sub,6596,1.0
mlp_addsub97_f0.3_wd1.0_sq-addsub_s1,41818,add,6577,1.0
mlp_addsub97_f0.3_wd1.0_sq-addsub_s1,41818,sub,6596,1.0
mlp_addsub97_f0.3_wd1.0_sq-addsub_s1,42424,add,6577,1.0
mlp_addsub97_f0.3_wd1.0_sq-addsub_s1,42424,sub,6596,1.0
mlp_addsub97_f0.3_wd1.0_sq-addsub_s1,43030,add,6577,1.0
mlp_addsub97_f0.3_wd1.0_sq-addsub_s1,43030,sub,6596,1.0
mlp_addsub97_f0.3_wd1.0_sq-addsub_s1,43636,add,6577,1.0
mlp_addsub97_f0.3_wd1.0_sq-addsub_s1,43636,sub,6596,1.0
mlp_addsub97_f0.3_wd1.0_sq-addsub_s1,44242,add,6577,1.0
mlp_addsub97_f0.3_wd1.0_sq-addsub_s1,44242,sub,6596,1.0
mlp_addsub97_f0.3_wd1.0_sq-addsub_s1,44848,add,6577,1.0
mlp_addsub97_f0.3_wd1.0_sq-addsub_s1,44848,sub,6596,1.0
mlp_addsub97_f0.3_wd1.0_sq-addsub_s1,45455,add,6577,1.0
mlp_addsub97_f0.3_wd1.0_sq-addsub_s1,45455,sub,6596,1.0
mlp_addsub97_f0.3_wd1.0_sq-addsub_s1,46061,add,6577,1.0
mlp_addsub97_f0.3_wd1.0_sq-addsub_s1,46061,sub,6596,1.0
mlp_addsub97_f0.3_wd1.0_sq-addsub_s1,46667,add,6577,1.0
mlp_addsub97_f0.3_wd1.0_sq-addsub_s1,46667,sub,6596,1.0
mlp_addsub97_f0.3_wd1.0_sq-addsub_s1,47273,add,6577,1.0
mlp_addsub97_f0.3_wd1.0_sq-addsub_s1,47273,sub,6596,1.0
mlp_addsub97_f0.3_wd1.0_sq-addsub_s1,47879,add,6577,1.0
mlp_addsub97_f0.3_wd1.0_sq-addsub_s1,47879,sub,6596,1.0
mlp_addsub97_f0.3_wd1.0_sq-addsub_s1,48485,add,6577,1.0
mlp_addsub97_f0.3_wd1.0_sq-addsub_s1,48485,sub,6596,1.0
mlp_addsub97_f0.3_wd1.0_sq-addsub_s1,49091,add,6577,1.0
mlp_addsub97_f0.3_wd1.0_sq-addsub_s1,49091,sub,6596,1.0
mlp_addsub97_f0.3_wd1.0_sq-addsub_s1,49697,add,6577,1.0
mlp_addsub97_f0.3_wd1.0_sq-addsub_s1,49697,sub,6596,1.0
mlp_addsub97_f0.3_wd1.0_sq-addsub_s1,50303,add,6577,1.0
mlp_addsub97_f0.3_wd1.0_sq-addsub_s1,50303,sub,6596,1.0
mlp_addsub97_f0.3_wd1.0_sq-addsub_s1,50909,add,6577,1.0
mlp_addsub97_f0.3_wd1.0_sq-addsub_s1,50909,sub,6596,1.0
mlp_addsub97_f0.3_wd1.0_sq-addsub_s1,51515,add,6577,1.0
mlp_addsub97_f0.3_wd1.0_sq-addsub_s1,51515,sub,6596,1.0
mlp_addsub97_f0.3_wd1.0_sq-addsub_s1,52121,add,6577,1.0
mlp_addsub97_f0.3_wd1.0_sq-addsub_s1,52121,sub,6596,1.0
mlp_addsub97_f0.3_wd1.0_sq-addsub_s1,52727,add,6577,1.0
mlp_addsub97_f0.3_wd1.0_sq-addsub_s1,52727,sub,6596,1.0
mlp_addsub97_f0.3_wd1.0_sq-addsub_s1,53333,add,6577,1.0
mlp_addsub97_f0.3_wd1.0_sq-addsub_s1,53333,sub,6596,1.0
mlp_addsub97_f0.3_wd1.0_sq-addsub_s1,53939,add,6577,1.0
mlp_addsub97_f0.3_wd1.0_sq-addsub_s1,53939,sub,6596,1.0
mlp_addsub97_f0.3_wd1.0_sq-addsub_s1,54545,add,6577,1.0
mlp_addsub97_f0.3_wd1.0_sq-addsub_s1,54545,sub,6596,1.0
mlp_addsub97_f0.3_wd1.0_sq-addsub_s1,55152,add,6577,1.0
mlp_addsub97_f0.3_wd1.0_sq-addsub_s1,55152,sub,6596,1.0
mlp_addsub97_f0.3_wd1.0_sq-addsub_s1,55758,add,6577,1.0
mlp_addsub97_f0.3_wd1.0_sq-addsub_s1,55758,sub,6596,1.0
mlp_addsub97_f0.3_wd1.0_sq-addsub_s1,56364,add,6577,1.0
mlp_addsub97_f0.3_wd1.0_sq-addsub_s1,56364,sub,6596,1.0
mlp_addsub97_f0.3_wd1.0_sq-addsub_s1,56970,add,6577,1.0
mlp_addsub97_f0.3_wd1.0_sq-addsub_s1,56970,sub,6596,1.0
mlp_addsub97_f0.3_wd1.0_sq-addsub_s1,57576,add,6577,1.0
mlp_addsub97_f0.3_wd1.0_sq-addsub_s1,57576,sub,6596,1.0
mlp_addsub97_f0.3_wd1.0_sq-addsub_s1,58182,add,6577,1.0
mlp_addsub97_f0.3_wd1.0_sq-addsub_s1,58182,sub,6596,1.0
mlp_addsub97_f0.3_wd1.0_sq-addsub_s1,58788,add,6577,1.0
mlp_addsub97_f0.3_wd1.0_sq-addsub_s1,58788,sub,6596,1.0
mlp_addsub97_f0.3_wd1.0_sq-addsub_s1,59394,add,6577,1.0
mlp_addsub97_f0.3_wd1.0_sq-addsub_s1,59394,sub,6596,1.0
mlp_addsub97_f0.3_wd1.0_sq-addsub_s1,60000,add,6577,1.0
mlp_addsub97_f0.3_wd1.0_sq-addsub_s1,60000,sub,6596,1.0
mlp_addsub97_f0.3_wd1.0_sq-addsub_s2,0,add,6637,0.0090402290225029
mlp_addsub97_f0.3_wd1.0_sq-addsub_s2,0,sub,6536,0.009179926477372646
mlp_addsub97_f0.3_wd1.0_sq-addsub_s2,606,add,6637,0.0012053638929501176
mlp_addsub97_f0.3_wd1.0_sq-addsub_s2,606,sub,6536,0.0013769889483228326
mlp_addsub97_f0.3_wd1.0_sq-addsub_s2,1212,add,6637,0.0021093867253512144
mlp_addsub97_f0.3_wd1.0_sq-addsub_s2,1212,sub,6536,0.0021419827826321125
mlp_addsub97_f0.3_wd1.0_sq-addsub_s2,1818,add,6637,0.003917432390153408
mlp_addsub97_f0.3_wd1.0_sq-addsub_s2,1818,sub,6536,0.00413096696138382
mlp_addsub97_f0.3_wd1.0_sq-addsub_s2,2424,add,6637,0.005574807990342379
mlp_addsub97_f0.3_wd1.0_sq-addsub_s2,2424,sub,6536,0.006272949744015932
mlp_addsub97_f0.3_wd1.0_sq-addsub_s2,3030,add,6637,0.008738888427615166
mlp_addsub97_f0.3_wd1.0_sq-addsub_s2,3030,sub,6536,0.009026927873492241
mlp_addsub97_f0.3_wd1.0_sq-addsub_s2,3636,add,6637,0.015820400789380074
mlp_addsub97_f0.3_wd1.0_sq-addsub_s2,3636,sub,6536,0.015299877151846886
mlp_addsub97_f0.3_wd1.0_sq-addsub_s2,4242,add,6637,0.024107277393341064
mlp_addsub97_f0.3_wd1.0_sq-addsub_s2,4242,sub,6536,0.024785801768302917
mlp_addsub97_f0.3_wd1.0_sq-addsub_s2,4848,add,6637,0.03631158545613289
mlp_addsub97_f0.3_wd1.0_sq-addsub_s2,4848,sub,6536,0.040391676127910614
mlp_addsub97_f0.3_wd1.0_sq-addsub_s2,5455,add,6637,0.055145397782325745
mlp_addsub97_f0.3_wd1.0_sq-addsub_s2,5455,sub,6536,0.06364749372005463
mlp_addsub97_f0.3_wd1.0_sq-addsub_s2,6061,add,6637,0.08030736446380615
mlp_addsub97_f0.3_wd1.0_sq-addsub_s2,6061,sub,6536,0.100826196372509
mlp_addsub97_f0.3_wd1.0_sq-addsub_s2,6667,add,6637,0.11842700093984604
mlp_addsub97_f0.3_wd1.0_sq-addsub_s2,6667,sub,6536,0.16049571335315704
mlp_addsub97_f0.3_wd1.0_sq-addsub_s2,7273,add,6637,0.18472200632095337
mlp_addsub97_f0.3_wd1.0_sq-addsub_s2,7273,sub,6536,0.24311505258083344
mlp_addsub97_f0.3_wd1.0_sq-addsub_s2,7879,add,6637,0.30631309747695923
mlp_addsub97_f0.3_wd1.0_sq-addsub_s2,7879,sub,6536,0.3771419823169708
mlp_addsub97_f0.3_wd1.0_sq-addsub_s2,8485,add,6637,0.5491939187049866
mlp_addsub97_f0.3_wd1.0_sq-addsub_s2,8485,sub,6536,0.5908812880516052
mlp_addsub97_f0.3_wd1.0_sq-addsub_s2,9091,add,6637,0.8083471655845642
mlp_addsub97_f0.3_wd1.0_sq-addsub_s2,9091,sub,6536,0.8444002270698547
mlp_addsub97_f0.3_wd1.0_sq-addsub_s2,9697,add,6637,0.9590176343917847
mlp_addsub97_f0.3_wd1.0_sq-addsub_s2,9697,sub,6536,0.9753671884536743
mlp_addsub97_f0.3_wd1.0_sq-addsub_s2,10303,add,6637,0.9984933137893677
mlp_addsub97_f0.3_wd1.0_sq-addsub_s2,10303,sub,6536,0.9992350339889526
mlp_addsub97_f0.3_wd1.0_sq-addsub_s2,10909,add,6637,1.0
mlp_addsub97_f0.3_wd1.0_sq-addsub_s2,10909,sub,6536,1.0
mlp_addsub97_f0.3_wd1.0_sq-addsub_s2,11515,add,6637,1.0
mlp_addsub97_f0.3_wd1.0_sq-addsub_s2,11515,sub,6536,1.0
mlp_addsub97_f0.3_wd1.0_sq-addsub_s2,12121,add,6637,1.0
mlp_addsub97_f0.3_wd1.0_sq-addsub_s2,12121,sub,6536,1.0
mlp_addsub97_f0.3_wd1.0_sq-addsub_s2,12727,add,6637,1.0
mlp_addsub97_f0.3_wd1.0_sq-addsub_s2,12727,sub,6536,1.0
mlp_addsub97_f0.3_wd1.0_sq-addsub_s2,13333,add,6637,1.0
mlp_addsub97_f0.3_wd1.0_sq-addsub_s2,13333,sub,6536,1.0
mlp_addsub97_f0.3_wd1.0_sq-addsub_s2,13939,add,6637,1.0
mlp_addsub97_f0.3_wd1.0_sq-addsub_s2,13939,sub,6536,1.0
mlp_addsub97_f0.3_wd1.0_sq-addsub_s2,14545,add,6637,1.0
mlp_addsub97_f0.3_wd1.0_sq-addsub_s2,14545,sub,6536,1.0
mlp_addsub97_f0.3_wd1.0_sq-addsub_s2,15152,add,6637,1.0
mlp_addsub97_f0.3_wd1.0_sq-addsub_s2,15152,sub,6536,1.0
mlp_addsub97_f0.3_wd1.0_sq-addsub_s2,15758,add,6637,1.0
mlp_addsub97_f0.3_wd1.0_sq-addsub_s2,15758,sub,6536,1.0
mlp_addsub97_f0.3_wd1.0_sq-addsub_s2,16364,add,6637,1.0
mlp_addsub97_f0.3_wd1.0_sq-addsub_s2,16364,sub,6536,1.0
mlp_addsub97_f0.3_wd1.0_sq-addsub_s2,16970,add,6637,1.0
mlp_addsub97_f0.3_wd1.0_sq-addsub_s2,16970,sub,6536,1.0
mlp_addsub97_f0.3_wd1.0_sq-addsub_s2,17576,add,6637,1.0
mlp_addsub97_f0.3_wd1.0_sq-addsub_s2,17576,sub,6536,1.0
mlp_addsub97_f0.3_wd1.0_sq-addsub_s2,18182,add,6637,1.0
mlp_addsub97_f0.3_wd1.0_sq-addsub_s2,18182,sub,6536,1.0
mlp_addsub97_f0.3_wd1.0_sq-addsub_s2,18788,add,6637,1.0
mlp_addsub97_f0.3_wd1.0_sq-addsub_s2,18788,sub,6536,1.0
mlp_addsub97_f0.3_wd1.0_sq-addsub_s2,19394,add,6637,1.0
mlp_addsub97_f0.3_wd1.0_sq-addsub_s2,19394,sub,6536,1.0
mlp_addsub97_f0.3_wd1.0_sq-addsub_s2,20000,add,6637,1.0
mlp_addsub97_f0.3_wd1.0_sq-addsub_s2,20000,sub,6536,1.0
mlp_addsub97_f0.3_wd1.0_sq-addsub_s2,20606,add,6637,1.0
mlp_addsub97_f0.3_wd1.0_sq-addsub_s2,20606,sub,6536,1.0
mlp_addsub97_f0.3_wd1.0_sq-addsub_s2,21212,add,6637,1.0
mlp_addsub97_f0.3_wd1.0_sq-addsub_s2,21212,sub,6536,1.0
mlp_addsub97_f0.3_wd1.0_sq-addsub_s2,21818,add,6637,1.0
mlp_addsub97_f0.3_wd1.0_sq-addsub_s2,21818,sub,6536,1.0
mlp_addsub97_f0.3_wd1.0_sq-addsub_s2,22424,add,6637,1.0
mlp_addsub97_f0.3_wd1.0_sq-addsub_s2,22424,sub,6536,1.0
mlp_addsub97_f0.3_wd1.0_sq-addsub_s2,23030,add,6637,1.0
mlp_addsub97_f0.3_wd1.0_sq-addsub_s2,23030,sub,6536,1.0
mlp_addsub97_f0.3_wd1.0_sq-addsub_s2,23636,add,6637,1.0
mlp_addsub97_f0.3_wd1.0_sq-addsub_s2,23636,sub,6536,1.0
mlp_addsub97_f0.3_wd1.0_sq-addsub_s2,24242,add,6637,1.0
mlp_addsub97_f0.3_wd1.0_sq-addsub_s2,24242,sub,6536,1.0
mlp_addsub97_f0.3_wd1.0_sq-addsub_s2,24848,add,6637,1.0
mlp_addsub97_f0.3_wd1.0_sq-addsub_s2,24848,sub,6536,1.0
mlp_addsub97_f0.3_wd1.0_sq-addsub_s2,25455,add,6637,1.0
mlp_addsub97_f0.3_wd1.0_sq-addsub_s2,25455,sub,6536,1.0
mlp_addsub97_f0.3_wd1.0_sq-addsub_s2,26061,add,6637,1.0
mlp_addsub97_f0.3_wd1.0_sq-addsub_s2,26061,sub,6536,1.0
mlp_addsub97_f0.3_wd1.0_sq-addsub_s2,26667,add,6637,1.0
mlp_addsub97_f0.3_wd1.0_sq-addsub_s2,26667,sub,6536,1.0
mlp_addsub97_f0.3_wd1.0_sq-addsub_s2,27273,add,6637,1.0
mlp_addsub97_f0.3_wd1.0_sq-addsub_s2,27273,sub,6536,1.0
mlp_addsub97_f0.3_wd1.0_sq-addsub_s2,27879,add,6637,1.0
mlp_addsub97_f0.3_wd1.0_sq-addsub_s2,27879,sub,6536,1.0
mlp_addsub97_f0.3_wd1.0_sq-addsub_s2,28485,add,6637,1.0
mlp_addsub97_f0.3_wd1.0_sq-addsub_s2,28485,sub,6536,1.0
mlp_addsub97_f0.3_wd1.0_sq-addsub_s2,29091,add,6637,1.0
mlp_addsub97_f0.3_wd1.0_sq-addsub_s2,29091,sub,6536,1.0
mlp_addsub97_f0.3_wd1.0_sq-addsub_s2,29697,add,6637,1.0
mlp_addsub97_f0.3_wd1.0_sq-addsub_s2,29697,sub,6536,1.0
mlp_addsub97_f0.3_wd1.0_sq-addsub_s2,30303,add,6637,1.0
mlp_addsub97_f0.3_wd1.0_sq-addsub_s2,30303,sub,6536,1.0
mlp_addsub97_f0.3_wd1.0_sq-addsub_s2,30909,add,6637,1.0
mlp_addsub97_f0.3_wd1.0_sq-addsub_s2,30909,sub,6536,1.0
mlp_addsub97_f0.3_wd1.0_sq-addsub_s2,31515,add,6637,1.0
mlp_addsub97_f0.3_wd1.0_sq-addsub_s2,31515,sub,6536,1.0
mlp_addsub97_f0.3_wd1.0_sq-addsub_s2,32121,add,6637,1.0
mlp_addsub97_f0.3_wd1.0_sq-addsub_s2,32121,sub,6536,1.0
mlp_addsub97_f0.3_wd1.0_sq-addsub_s2,32727,add,6637,1.0
mlp_addsub97_f0.3_wd1.0_sq-addsub_s2,32727,sub,6536,1.0
mlp_addsub97_f0.3_wd1.0_sq-addsub_s2,33333,add,6637,1.0
mlp_addsub97_f0.3_wd1.0_sq-addsub_s2,33333,sub,6536,1.0
mlp_addsub97_f0.3_wd1.0_sq-addsub_s2,33939,add,6637,1.0
mlp_addsub97_f0.3_wd1.0_sq-addsub_s2,33939,sub,6536,1.0
mlp_addsub97_f0.3_wd1.0_sq-addsub_s2,34545,add,6637,1.0
mlp_addsub97_f0.3_wd1.0_sq-addsub_s2,34545,sub,6536,1.0
mlp_addsub97_f0.3_wd1.0_sq-addsub_s2,35152,add,6637,1.0
mlp_addsub97_f0.3_wd1.0_sq-addsub_s2,35152,sub,6536,1.0
mlp_addsub97_f0.3_wd1.0_sq-addsub_s2,35758,add,6637,1.0
mlp_addsub97_f0.3_wd1.0_sq-addsub_s2,35758,sub,6536,1.0
mlp_addsub97_f0.3_wd1.0_sq-addsub_s2,36364,add,6637,1.0
mlp_addsub97_f0.3_wd1.0_sq-addsub_s2,36364,sub,6536,1.0
mlp_addsub97_f0.3_wd1.0_sq-addsub_s2,36970,add,6637,1.0
mlp_addsub97_f0.3_wd1.0_sq-addsub_s2,36970,sub,6536,1.0
mlp_addsub97_f0.3_wd1.0_sq-addsub_s2,37576,add,6637,1.0
mlp_addsub97_f0.3_wd1.0_sq-addsub_s2,37576,sub,6536,1.0
mlp_addsub97_f0.3_wd1.0_sq-addsub_s2,38182,add,6637,1.0
mlp_addsub97_f0.3_wd1.0_sq-addsub_s2,38182,sub,6536,1.0
mlp_addsub97_f0.3_wd1.0_sq-addsub_s2,38788,add,6637,1.0
mlp_addsub97_f0.3_wd1.0_sq-addsub_s2,38788,sub,6536,1.0
mlp_addsub97_f0.3_wd1.0_sq-addsub_s2,39394,add,6637,1.0
mlp_addsub97_f0.3_wd1.0_sq-addsub_s2,39394,sub,6536,1.0
mlp_addsub97_f0.3_wd1.0_sq-addsub_s2,40000,add,6637,1.0
mlp_addsub97_f0.3_wd1.0_sq-addsub_s2,40000,sub,6536,1.0
mlp_addsub97_f0.3_wd1.0_sq-addsub_s2,40606,add,6637,1.0
mlp_addsub97_f0.3_wd1.0_sq-addsub_s2,40606,sub,6536,1.0
mlp_addsub97_f0.3_wd1.0_sq-addsub_s2,41212,add,6637,1.0
mlp_addsub97_f0.3_wd1.0_sq-addsub_s2,41212,sub,6536,1.0
mlp_addsub97_f0.3_wd1.0_sq-addsub_s2,41818,add,6637,1.0
mlp_addsub97_f0.3_wd1.0_sq-addsub_s2,41818,sub,6536,1.0
mlp_addsub97_f0.3_wd1.0_sq-addsub_s2,42424,add,6637,1.0
mlp_addsub97_f0.3_wd1.0_sq-addsub_s2,42424,sub,6536,1.0
mlp_addsub97_f0.3_wd1.0_sq-addsub_s2,43030,add,6637,1.0
mlp_addsub97_f0.3_wd1.0_sq-addsub_s2,43030,sub,6536,1.0
mlp_addsub97_f0.3_wd1.0_sq-addsub_s2,43636,add,6637,1.0
mlp_addsub97_f0.3_wd1.0_sq-addsub_s2,43636,sub,6536,1.0
mlp_addsub97_f0.3_wd1.0_sq-addsub_s2,44242,add,6637,1.0
mlp_addsub97_f0.3_wd1.0_sq-addsub_s2,44242,sub,6536,1.0
mlp_addsub97_f0.3_wd1.0_sq-addsub_s2,44848,add,6637,1.0
mlp_addsub97_f0.3_wd1.0_sq-addsub_s2,44848,sub,6536,1.0
mlp_addsub97_f0.3_wd1.0_sq-addsub_s2,45455,add,6637,1.0
mlp_addsub97_f0.3_wd1.0_sq-addsub_s2,45455,sub,6536,1.0
mlp_addsub97_f0.3_wd1.0_sq-addsub_s2,46061,add,6637,1.0
mlp_addsub97_f0.3_wd1.0_sq-addsub_s2,46061,sub,6536,1.0
mlp_addsub97_f0.3_wd1.0_sq-addsub_s2,46667,add,6637,1.0
mlp_addsub97_f0.3_wd1.0_sq-addsub_s2,46667,sub,6536,1.0
mlp_addsub97_f0.3_wd1.0_sq-addsub_s2,47273,add,6637,1.0
mlp_addsub97_f0.3_wd1.0_sq-addsub_s2,47273,sub,6536,1.0
mlp_addsub97_f0.3_wd1.0_sq-addsub_s2,47879,add,6637,1.0
mlp_addsub97_f0.3_wd1.0_sq-addsub_s2,47879,sub,6536,1.0
mlp_addsub97_f0.3_wd1.0_sq-addsub_s2,48485,add,6637,1.0
mlp_addsub97_f0.3_wd1.0_sq-addsub_s2,48485,sub,6536,1.0
mlp_addsub97_f0.3_wd1.0_sq-addsub_s2,49091,add,6637,1.0
mlp_addsub97_f0.3_wd1.0_sq-addsub_s2,49091,sub,6536,1.0
mlp_addsub97_f0.3_wd1.0_sq-addsub_s2,49697,add,6637,1.0
mlp_addsub97_f0.3_wd1.0_sq-addsub_s2,49697,sub,6536,1.0
mlp_addsub97_f0.3_wd1.0_sq-addsub_s2,50303,add,6637,1.0
mlp_addsub97_f0.3_wd1.0_sq-addsub_s2,50303,sub,6536,1.0
mlp_addsub97_f0.3_wd1.0_sq-addsub_s2,50909,add,6637,1.0
mlp_addsub97_f0.3_wd1.0_sq-addsub_s2,50909,sub,6536,1.0
mlp_addsub97_f0.3_wd1.0_sq-addsub_s2,51515,add,6637,1.0
mlp_addsub97_f0.3_wd1.0_sq-addsub_s2,51515,sub,6536,1.0
mlp_addsub97_f0.3_wd1.0_sq-addsub_s2,52121,add,6637,1.0
mlp_addsub97_f0.3_wd1.0_sq-addsub_s2,52121,sub,6536,1.0
mlp_addsub97_f0.3_wd1.0_sq-addsub_s2,52727,add,6637,1.0
mlp_addsub97_f0.3_wd1.0_sq-addsub_s2,52727,sub,6536,1.0
mlp_addsub97_f0.3_wd1.0_sq-addsub_s2,53333,add,6637,1.0
mlp_addsub97_f0.3_wd1.0_sq-addsub_s2,53333,sub,6536,1.0
mlp_addsub97_f0.3_wd1.0_sq-addsub_s2,53939,add,6637,1.0
mlp_addsub97_f0.3_wd1.0_sq-addsub_s2,53939,sub,6536,1.0
mlp_addsub97_f0.3_wd1.0_sq-addsub_s2,54545,add,6637,1.0
mlp_addsub97_f0.3_wd1.0_sq-addsub_s2,54545,sub,6536,1.0
mlp_addsub97_f0.3_wd1.0_sq-addsub_s2,55152,add,6637,1.0
mlp_addsub97_f0.3_wd1.0_sq-addsub_s2,55152,sub,6536,1.0
mlp_addsub97_f0.3_wd1.0_sq-addsub_s2,55758,add,6637,1.0
mlp_addsub97_f0.3_wd1.0_sq-addsub_s2,55758,sub,6536,1.0
mlp_addsub97_f0.3_wd1.0_sq-addsub_s2,56364,add,6637,1.0
mlp_addsub97_f0.3_wd1.0_sq-addsub_s2,56364,sub,6536,1.0
mlp_addsub97_f0.3_wd1.0_sq-addsub_s2,56970,add,6637,1.0
mlp_addsub97_f0.3_wd1.0_sq-addsub_s2,56970,sub,6536,1.0
mlp_addsub97_f0.3_wd1.0_sq-addsub_s2,57576,add,6637,1.0
mlp_addsub97_f0.3_wd1.0_sq-addsub_s2,57576,sub,6536,1.0
mlp_addsub97_f0.3_wd1.0_sq-addsub_s2,58182,add,6637,1.0
mlp_addsub97_f0.3_wd1.0_sq-addsub_s2,58182,sub,6536,1.0
mlp_addsub97_f0.3_wd1.0_sq-addsub_s2,58788,add,6637,1.0
mlp_addsub97_f0.3_wd1.0_sq-addsub_s2,58788,sub,6536,1.0
mlp_addsub97_f0.3_wd1.0_sq-addsub_s2,59394,add,6637,1.0
mlp_addsub97_f0.3_wd1.0_sq-addsub_s2,59394,sub,6536,1.0
mlp_addsub97_f0.3_wd1.0_sq-addsub_s2,60000,add,6637,1.0
mlp_addsub97_f0.3_wd1.0_sq-addsub_s2,60000,sub,6536,1.0
mlp_addsub97_f0.3_wd1.0_sq-addsub_s3,0,add,6636,0.010699216276407242
mlp_addsub97_f0.3_wd1.0_sq-addsub_s3,0,sub,6537,0.010402325540781021
mlp_addsub97_f0.3_wd1.0_sq-addsub_s3,606,add,6636,0.0007534659234806895
mlp_addsub97_f0.3_wd1.0_sq-addsub_s3,606,sub,6537,0.0009178522159345448
mlp_addsub97_f0.3_wd1.0_sq-addsub_s3,1212,add,6636,0.0028631705790758133
mlp_addsub97_f0.3_wd1.0_sq-addsub_s3,1212,sub,6537,0.0018357044318690896
mlp_addsub97_f0.3_wd1.0_sq-addsub_s3,1818,add,6636,0.005726341158151627
mlp_addsub97_f0.3_wd1.0_sq-addsub_s3,1818,sub,6537,0.004742236342281103
mlp_addsub97_f0.3_wd1.0_sq-addsub_s3,2424,add,6636,0.01024713646620512
mlp_addsub97_f0.3_wd1.0_sq-addsub_s3,2424,sub,6537,0.0074957930482923985
mlp_addsub97_f0.3_wd1.0_sq-addsub_s3,3030,add,6636,0.014014466665685177
mlp_addsub97_f0.3_wd1.0_sq-addsub_s3,3030,sub,6537,0.011320177465677261
mlp_addsub97_f0.3_wd1.0_sq-addsub_s3,3636,add,6636,0.023508137091994286
mlp_addsub97_f0.3_wd1.0_sq-addsub_s3,3636,sub,6537,0.018051093444228172
mlp_addsub97_f0.3_wd1.0_sq-addsub_s3,4242,add,6636,0.03887884318828583
mlp_addsub97_f0.3_wd1.0_sq-addsub_s3,4242,sub,6537,0.033195655792951584
mlp_addsub97_f0.3_wd1.0_sq-addsub_s3,4848,add,6636,0.06072935461997986
mlp_addsub97_f0.3_wd1.0_sq-addsub_s3,4848,sub,6537,0.05660088732838631
mlp_addsub97_f0.3_wd1.0_sq-addsub_s3,5455,add,6636,0.0926763117313385
mlp_addsub97_f0.3_wd1.0_sq-addsub_s3,5455,sub,6537,0.08689001202583313
mlp_addsub97_f0.3_wd1.0_sq-addsub_s3,6061,add,6636,0.14572031795978546
mlp_addsub97_f0.3_wd1.0_sq-addsub_s3,6061,sub,6537,0.13828973472118378
mlp_addsub97_f0.3_wd1.0_sq-addsub_s3,6667,add,6636,0.2439722716808319
mlp_addsub97_f0.3_wd1.0_sq-addsub_s3,6667,sub,6537,0.2323695868253708
mlp_addsub97_f0.3_wd1.0_sq-addsub_s3,7273,add,6636,0.4278179705142975
mlp_addsub97_f0.3_wd1.0_sq-addsub_s3,7273,sub,6537,0.39437049627304077
mlp_addsub97_f0.3_wd1.0_sq-addsub_s3,7879,add,6636,0.6924352049827576
mlp_addsub97_f0.3_wd1.0_sq-addsub_s3,7879,sub,6537,0.6428025364875793
mlp_addsub97_f0.3_wd1.0_sq-addsub_s3,8485,add,6636,0.9118444919586182
mlp_addsub97_f0.3_wd1.0_sq-addsub_s3,8485,sub,6537,0.8776196837425232
mlp_addsub97_f0.3_wd1.0_sq-addsub_s3,9091,add,6636,0.9932187795639038
mlp_addsub97_f0.3_wd1.0_sq-addsub_s3,9091,sub,6537,0.9902095794677734
mlp_addsub97_f0.3_wd1.0_sq-addsub_s3,9697,add,6636,1.0
mlp_addsub97_f0.3_wd1.0_sq-addsub_s3,9697,sub,6537,0.9998469948768616
mlp_addsub97_f0.3_wd1.0_sq-addsub_s3,10303,add,6636,1.0
mlp_addsub97_f0.3_wd1.0_sq-addsub_s3,10303,sub,6537,1.0
mlp_addsub97_f0.3_wd1.0_sq-addsub_s3,10909,add,6636,1.0
mlp_addsub97_f0.3_wd1.0_sq-addsub_s3,10909,sub,6537,1.0
mlp_addsub97_f0.3_wd1.0_sq-addsub_s3,11515,add,6636,1.0
mlp_addsub97_f0.3_wd1.0_sq-addsub_s3,11515,sub,6537,1.0
mlp_addsub97_f0.3_wd1.0_sq-addsub_s3,12121,add,6636,1.0
mlp_addsub97_f0.3_wd1.0_sq-addsub_s3,12121,sub,6537,1.0
mlp_addsub97_f0.3_wd1.0_sq-addsub_s3,12727,add,6636,1.0
mlp_addsub97_f0.3_wd1.0_sq-addsub_s3,12727,sub,6537,1.0
mlp_addsub97_f0.3_wd1.0_sq-addsub_s3,13333,add,6636,1.0
mlp_addsub97_f0.3_wd1.0_sq-addsub_s3,13333,sub,6537,1.0
mlp_addsub97_f0.3_wd1.0_sq-addsub_s3,13939,add,6636,1.0
mlp_addsub97_f0.3_wd1.0_sq-addsub_s3,13939,sub,6537,1.0
mlp_addsub97_f0.3_wd1.0_sq-addsub_s3,14545,add,6636,1.0
mlp_addsub97_f0.3_wd1.0_sq-addsub_s3,14545,sub,6537,1.0
mlp_addsub97_f0.3_wd1.0_sq-addsub_s3,15152,add,6636,1.0
mlp_addsub97_f0.3_wd1.0_sq-addsub_s3,15152,sub,6537,1.0
mlp_addsub97_f0.3_wd1.0_sq-addsub_s3,15758,add,6636,1.0
mlp_addsub97_f0.3_wd1.0_sq-addsub_s3,15758,sub,6537,1.0
mlp_addsub97_f0.3_wd1.0_sq-addsub_s3,16364,add,6636,1.0
mlp_addsub97_f0.3_wd1.0_sq-addsub_s3,16364,sub,6537,1.0
mlp_addsub97_f0.3_wd1.0_sq-addsub_s3,16970,add,6636,1.0
mlp_addsub97_f0.3_wd1.0_sq-addsub_s3,16970,sub,6537,1.0
mlp_addsub97_f0.3_wd1.0_sq-addsub_s3,17576,add,6636,1.0
mlp_addsub97_f0.3_wd1.0_sq-addsub_s3,17576,sub,6537,1.0
mlp_addsub97_f0.3_wd1.0_sq-addsub_s3,18182,add,6636,1.0
mlp_addsub97_f0.3_wd1.0_sq-addsub_s3,18182,sub,6537,1.0
mlp_addsub97_f0.3_wd1.0_sq-addsub_s3,18788,add,6636,1.0
mlp_addsub97_f0.3_wd1.0_sq-addsub_s3,18788,sub,6537,1.0
mlp_addsub97_f0.3_wd1.0_sq-addsub_s3,19394,add,6636,1.0
mlp_addsub97_f0.3_wd1.0_sq-addsub_s3,19394,sub,6537,1.0
mlp_addsub97_f0.3_wd1.0_sq-addsub_s3,20000,add,6636,1.0
mlp_addsub97_f0.3_wd1.0_sq-addsub_s3,20000,sub,6537,1.0
mlp_addsub97_f0.3_wd1.0_sq-addsub_s3,20606,add,6636,1.0
mlp_addsub97_f0.3_wd1.0_sq-addsub_s3,20606,sub,6537,1.0
mlp_addsub97_f0.3_wd1.0_sq-addsub_s3,21212,add,6636,1.0
mlp_addsub97_f0.3_wd1.0_sq-addsub_s3,21212,sub,6537,1.0
mlp_addsub97_f0.3_wd1.0_sq-addsub_s3,21818,add,6636,1.0
mlp_addsub97_f0.3_wd1.0_sq-addsub_s3,21818,sub,6537,1.0
mlp_addsub97_f0.3_wd1.0_sq-addsub_s3,22424,add,6636,1.0
mlp_addsub97_f0.3_wd1.0_sq-addsub_s3,22424,sub,6537,1.0
mlp_addsub97_f0.3_wd1.0_sq-addsub_s3,23030,add,6636,1.0
mlp_addsub97_f0.3_wd1.0_sq-addsub_s3,23030,sub,6537,1.0
mlp_addsub97_f0.3_wd1.0_sq-addsub_s3,23636,add,6636,1.0
mlp_addsub97_f0.3_wd1.0_sq-addsub_s3,23636,sub,6537,1.0
mlp_addsub97_f0.3_wd1.0_sq-addsub_s3,24242,add,6636,1.0
mlp_addsub97_f0.3_wd1.0_sq-addsub_s3,24242,sub,6537,1.0
mlp_addsub97_f0.3_wd1.0_sq-addsub_s3,24848,add,6636,1.0
mlp_addsub97_f0.3_wd1.0_sq-addsub_s3,24848,sub,6537,1.0
mlp_addsub97_f0.3_wd1.0_sq-addsub_s3,25455,add,6636,1.0
mlp_addsub97_f0.3_wd1.0_sq-addsub_s3,25455,sub,6537,1.0
mlp_addsub97_f0.3_wd1.0_sq-addsub_s3,26061,add,6636,1.0
mlp_addsub97_f0.3_wd1.0_sq-addsub_s3,26061,sub,6537,1.0
mlp_addsub97_f0.3_wd1.0_sq-addsub_s3,26667,add,6636,1.0
mlp_addsub97_f0.3_wd1.0_sq-addsub_s3,26667,sub,6537,1.0
mlp_addsub97_f0.3_wd1.0_sq-addsub_s3,27273,add,6636,1.0
mlp_addsub97_f0.3_wd1.0_sq-addsub_s3,27273,sub,6537,1.0
mlp_addsub97_f0.3_wd1.0_sq-addsub_s3,27879,add,6636,1.0
mlp_addsub97_f0.3_wd1.0_sq-addsub_s3,27879,sub,6537,1.0
mlp_addsub97_f0.3_wd1.0_sq-addsub_s3,28485,add,6636,1.0
mlp_addsub97_f0.3_wd1.0_sq-addsub_s3,28485,sub,6537,1.0
mlp_addsub97_f0.3_wd1.0_sq-addsub_s3,29091,add,6636,1.0
mlp_addsub97_f0.3_wd1.0_sq-addsub_s3,29091,sub,6537,1.0
mlp_addsub97_f0.3_wd1.0_sq-addsub_s3,29697,add,6636,1.0
mlp_addsub97_f0.3_wd1.0_sq-addsub_s3,29697,sub,6537,1.0
mlp_addsub97_f0.3_wd1.0_sq-addsub_s3,30303,add,6636,1.0
mlp_addsub97_f0.3_wd1.0_sq-addsub_s3,30303,sub,6537,1.0
mlp_addsub97_f0.3_wd1.0_sq-addsub_s3,30909,add,6636,1.0
mlp_addsub97_f0.3_wd1.0_sq-addsub_s3,30909,sub,6537,1.0
mlp_addsub97_f0.3_wd1.0_sq-addsub_s3,31515,add,6636,1.0
mlp_addsub97_f0.3_wd1.0_sq-addsub_s3,31515,sub,6537,1.0
mlp_addsub97_f0.3_wd1.0_sq-addsub_s3,32121,add,6636,1.0
mlp_addsub97_f0.3_wd1.0_sq-addsub_s3,32121,sub,6537,1.0
mlp_addsub97_f0.3_wd1.0_sq-addsub_s3,32727,add,6636,1.0
mlp_addsub97_f0.3_wd1.0_sq-addsub_s3,32727,sub,6537,1.0
mlp_addsub97_f0.3_wd1.0_sq-addsub_s3,33333,add,6636,1.0
mlp_addsub97_f0.3_wd1.0_sq-addsub_s3,33333,sub,6537,1.0
mlp_addsub97_f0.3_wd1.0_sq-addsub_s3,33939,add,6636,1.0
mlp_addsub97_f0.3_wd1.0_sq-addsub_s3,33939,sub,6537,1.0
mlp_addsub97_f0.3_wd1.0_sq-addsub_s3,34545,add,6636,1.0
mlp_addsub97_f0.3_wd1.0_sq-addsub_s3,34545,sub,6537,1.0
mlp_addsub97_f0.3_wd1.0_sq-addsub_s3,35152,add,6636,1.0
mlp_addsub97_f0.3_wd1.0_sq-addsub_s3,35152,sub,6537,1.0
mlp_addsub97_f0.3_wd1.0_sq-addsub_s3,35758,add,6636,1.0
mlp_addsub97_f0.3_wd1.0_sq-addsub_s3,35758,sub,6537,1.0
mlp_addsub97_f0.3_wd1.0_sq-addsub_s3,36364,add,6636,1.0
mlp_addsub97_f0.3_wd1.0_sq-addsub_s3,36364,sub,6537,1.0
mlp_addsub97_f0.3_wd1.0_sq-addsub_s3,36970,add,6636,1.0
mlp_addsub97_f0.3_wd1.0_sq-addsub_s3,36970,sub,6537,1.0
mlp_addsub97_f0.3_wd1.0_sq-addsub_s3,37576,add,6636,1.0
mlp_addsub97_f0.3_wd1.0_sq-addsub_s3,37576,sub,6537,1.0
mlp_addsub97_f0.3_wd1.0_sq-addsub_s3,38182,add,6636,1.0
mlp_addsub97_f0.3_wd1.0_sq-addsub_s3,38182,sub,6537,1.0
mlp_addsub97_f0.3_wd1.0_sq-addsub_s3,38788,add,6636,1.0
mlp_addsub97_f0.3_wd1.0_sq-addsub_s3,38788,sub,6537,1.0
mlp_addsub97_f0.3_wd1.0_sq-addsub_s3,39394,add,6636,1.0
mlp_addsub97_f0.3_wd1.0_sq-addsub_s3,39394,sub,6537,1.0
mlp_addsub97_f0.3_wd1.0_sq-addsub_s3,40000,add,6636,1.0
mlp_addsub97_f0.3_wd1.0_sq-addsub_s3,40000,sub,6537,1.0
mlp_addsub97_f0.3_wd1.0_sq-addsub_s3,40606,add,6636,1.0
mlp_addsub97_f0.3_wd1.0_sq-addsub_s3,40606,sub,6537,1.0
mlp_addsub97_f0.3_wd1.0_sq-addsub_s3,41212,add,6636,1.0
mlp_addsub97_f0.3_wd1.0_sq-addsub_s3,41212,sub,6537,1.0
mlp_addsub97_f0.3_wd1.0_sq-addsub_s3,41818,add,6636,1.0
mlp_addsub97_f0.3_wd1.0_sq-addsub_s3,41818,sub,6537,1.0
mlp_addsub97_f0.3_wd1.0_sq-addsub_s3,42424,add,6636,1.0
mlp_addsub97_f0.3_wd1.0_sq-addsub_s3,42424,sub,6537,1.0
mlp_addsub97_f0.3_wd1.0_sq-addsub_s3,43030,add,6636,1.0
mlp_addsub97_f0.3_wd1.0_sq-addsub_s3,43030,sub,6537,1.0
mlp_addsub97_f0.3_wd1.0_sq-addsub_s3,43636,add,6636,1.0
mlp_addsub97_f0.3_wd1.0_sq-addsub_s3,43636,sub,6537,1.0
mlp_addsub97_f0.3_wd1.0_sq-addsub_s3,44242,add,6636,1.0
mlp_addsub97_f0.3_wd1.0_sq-addsub_s3,44242,sub,6537,1.0
mlp_addsub97_f0.3_wd1.0_sq-addsub_s3,44848,add,6636,1.0
mlp_addsub97_f0.3_wd1.0_sq-addsub_s3,44848,sub,6537,1.0
mlp_addsub97_f0.3_wd1.0_sq-addsub_s3,45455,add,6636,1.0
mlp_addsub97_f0.3_wd1.0_sq-addsub_s3,45455,sub,6537,1.0
mlp_addsub97_f0.3_wd1.0_sq-addsub_s3,46061,add,6636,1.0
mlp_addsub97_f0.3_wd1.0_sq-addsub_s3,46061,sub,6537,1.0
mlp_addsub97_f0.3_wd1.0_sq-addsub_s3,46667,add,6636,1.0
mlp_addsub97_f0.3_wd1.0_sq-addsub_s3,46667,sub,6537,1.0
mlp_addsub97_f0.3_wd1.0_sq-addsub_s3,47273,add,6636,1.0
mlp_addsub97_f0.3_wd1.0_sq-addsub_s3,47273,sub,6537,1.0
mlp_addsub97_f0.3_wd1.0_sq-addsub_s3,47879,add,6636,1.0
mlp_addsub97_f0.3_wd1.0_sq-addsub_s3,47879,sub,6537,1.0
mlp_addsub97_f0.3_wd1.0_sq-addsub_s3,48485,add,6636,1.0
mlp_addsub97_f0.3_wd1.0_sq-addsub_s3,48485,sub,6537,1.0
mlp_addsub97_f0.3_wd1.0_sq-addsub_s3,49091,add,6636,1.0
mlp_addsub97_f0.3_wd1.0_sq-addsub_s3,49091,sub,6537,1.0
mlp_addsub97_f0.3_wd1.0_sq-addsub_s3,49697,add,6636,1.0
mlp_addsub97_f0.3_wd1.0_sq-addsub_s3,49697,sub,6537,1.0
mlp_addsub97_f0.3_wd1.0_sq-addsub_s3,50303,add,6636,1.0
mlp_addsub97_f0.3_wd1.0_sq-addsub_s3,50303,sub,6537,1.0
mlp_addsub97_f0.3_wd1.0_sq-addsub_s3,50909,add,6636,1.0
mlp_addsub97_f0.3_wd1.0_sq-addsub_s3,50909,sub,6537,1.0
mlp_addsub97_f0.3_wd1.0_sq-addsub_s3,51515,add,6636,1.0
mlp_addsub97_f0.3_wd1.0_sq-addsub_s3,51515,sub,6537,1.0
mlp_addsub97_f0.3_wd1.0_sq-addsub_s3,52121,add,6636,1.0
mlp_addsub97_f0.3_wd1.0_sq-addsub_s3,52121,sub,6537,1.0
mlp_addsub97_f0.3_wd1.0_sq-addsub_s3,52727,add,6636,1.0
mlp_addsub97_f0.3_wd1.0_sq-addsub_s3,52727,sub,6537,1.0
mlp_addsub97_f0.3_wd1.0_sq-addsub_s3,53333,add,6636,1.0
mlp_addsub97_f0.3_wd1.0_sq-addsub_s3,53333,sub,6537,1.0
mlp_addsub97_f0.3_wd1.0_sq-addsub_s3,53939,add,6636,1.0
mlp_addsub97_f0.3_wd1.0_sq-addsub_s3,53939,sub,6537,1.0
mlp_addsub97_f0.3_wd1.0_sq-addsub_s3,54545,add,6636,1.0
mlp_addsub97_f0.3_wd1.0_sq-addsub_s3,54545,sub,6537,1.0
mlp_addsub97_f0.3_wd1.0_sq-addsub_s3,55152,add,6636,1.0
mlp_addsub97_f0.3_wd1.0_sq-addsub_s3,55152,sub,6537,1.0
mlp_addsub97_f0.3_wd1.0_sq-addsub_s3,55758,add,6636,1.0
mlp_addsub97_f0.3_wd1.0_sq-addsub_s3,55758,sub,6537,1.0
mlp_addsub97_f0.3_wd1.0_sq-addsub_s3,56364,add,6636,1.0
mlp_addsub97_f0.3_wd1.0_sq-addsub_s3,56364,sub,6537,1.0
mlp_addsub97_f0.3_wd1.0_sq-addsub_s3,56970,add,6636,1.0
mlp_addsub97_f0.3_wd1.0_sq-addsub_s3,56970,sub,6537,1.0
mlp_addsub97_f0.3_wd1.0_sq-addsub_s3,57576,add,6636,1.0
mlp_addsub97_f0.3_wd1.0_sq-addsub_s3,57576,sub,6537,1.0
mlp_addsub97_f0.3_wd1.0_sq-addsub_s3,58182,add,6636,1.0
mlp_addsub97_f0.3_wd1.0_sq-addsub_s3,58182,sub,6537,1.0
mlp_addsub97_f0.3_wd1.0_sq-addsub_s3,58788,add,6636,1.0
mlp_addsub97_f0.3_wd1.0_sq-addsub_s3,58788,sub,6537,1.0
mlp_addsub97_f0.3_wd1.0_sq-addsub_s3,59394,add,6636,1.0
mlp_addsub97_f0.3_wd1.0_sq-addsub_s3,59394,sub,6537,1.0
mlp_addsub97_f0.3_wd1.0_sq-addsub_s3,60000,add,6636,1.0
mlp_addsub97_f0.3_wd1.0_sq-addsub_s3,60000,sub,6537,1.0
mlp_addsub97_f0.3_wd1.0_sq-addsub_s4,0,add,6624,0.008907005190849304
mlp_addsub97_f0.3_wd1.0_sq-addsub_s4,0,sub,6549,0.009009009227156639
mlp_addsub97_f0.3_wd1.0_sq-addsub_s4,606,add,6624,0.002415458904579282
mlp_addsub97_f0.3_wd1.0_sq-addsub_s4,606,sub,6549,0.00229042605496943
mlp_addsub97_f0.3_wd1.0_sq-addsub_s4,1212,add,6624,0.003321256022900343
mlp_addsub97_f0.3_wd1.0_sq-addsub_s4,1212,sub,6549,0.0029012062586843967
mlp_addsub97_f0.3_wd1.0_sq-addsub_s4,1818,add,6624,0.004528985358774662
mlp_addsub97_f0.3_wd1.0_sq-addsub_s4,1818,sub,6549,0.0039700716733932495
mlp_addsub97_f0.3_wd1.0_sq-addsub_s4,2424,add,6624,0.006491546053439379
mlp_addsub97_f0.3_wd1.0_sq-addsub_s4,2424,sub,6549,0.006107802502810955
mlp_addsub97_f0.3_wd1.0_sq-addsub_s4,3030,add,6624,0.010567632503807545
mlp_addsub97_f0.3_wd1.0_sq-addsub_s4,3030,sub,6549,0.010077874176204205
mlp_addsub97_f0.3_wd1.0_sq-addsub_s4,3636,add,6624,0.015851449221372604
mlp_addsub97_f0.3_wd1.0_sq-addsub_s4,3636,sub,6549,0.019239578396081924
mlp_addsub97_f0.3_wd1.0_sq-addsub_s4,4242,add,6624,0.025664251297712326
mlp_addsub97_f0.3_wd1.0_sq-addsub_s4,4242,sub,6549,0.032524049282073975
mlp_addsub97_f0.3_wd1.0_sq-addsub_s4,4848,add,6624,0.04091183468699455
mlp_addsub97_f0.3_wd1.0_sq-addsub_s4,4848,sub,6549,0.04840433597564697
mlp_addsub97_f0.3_wd1.0_sq-addsub_s4,5455,add,6624,0.06914251297712326
mlp_addsub97_f0.3_wd1.0_sq-addsub_s4,5455,sub,6549,0.08153916895389557
mlp_addsub97_f0.3_wd1.0_sq-addsub_s4,6061,add,6624,0.11503623425960541
mlp_addsub97_f0.3_wd1.0_sq-addsub_s4,6061,sub,6549,0.1380363404750824
mlp_addsub97_f0.3_wd1.0_sq-addsub_s4,6667,add,6624,0.19972826540470123
mlp_addsub97_f0.3_wd1.0_sq-addsub_s4,6667,sub,6549,0.22827912867069244
mlp_addsub97_f0.3_wd1.0_sq-addsub_s4,7273,add,6624,0.33907005190849304
mlp_addsub97_f0.3_wd1.0_sq-addsub_s4,7273,sub,6549,0.38463887572288513
mlp_addsub97_f0.3_wd1.0_sq-addsub_s4,7879,add,6624,0.550422728061676
mlp_addsub97_f0.3_wd1.0_sq-addsub_s4,7879,sub,6549,0.6081844568252563
mlp_addsub97_f0.3_wd1.0_sq-addsub_s4,8485,add,6624,0.7891002297401428
mlp_addsub97_f0.3_wd1.0_sq-addsub_s4,8485,sub,6549,0.8361582159996033
mlp_addsub97_f0.3_wd1.0_sq-addsub_s4,9091,add,6624,0.9307065010070801
mlp_addsub97_f0.3_wd1.0_sq-addsub_s4,9091,sub,6549,0.953886091709137
mlp_addsub97_f0.3_wd1.0_sq-addsub_s4,9697,add,6624,0.9895833134651184
mlp_addsub97_f0.3_wd1.0_sq-addsub_s4,9697,sub,6549,0.9938921928405762
mlp_addsub97_f0.3_wd1.0_sq-addsub_s4,10303,add,6624,0.9996980428695679
mlp_addsub97_f0.3_wd1.0_sq-addsub_s4,10303,sub,6549,0.9996945858001709
mlp_addsub97_f0.3_wd1.0_sq-addsub_s4,10909,add,6624,1.0
mlp_addsub97_f0.3_wd1.0_sq-addsub_s4,10909,sub,6549,1.0
mlp_addsub97_f0.3_wd1.0_sq-addsub_s4,11515,add,6624,1.0
mlp_addsub97_f0.3_wd1.0_sq-addsub_s4,11515,sub,6549,1.0
mlp_addsub97_f0.3_wd1.0_sq-addsub_s4,12121,add,6624,1.0
mlp_addsub97_f0.3_wd1.0_sq-addsub_s4,12121,sub,6549,1.0
mlp_addsub97_f0.3_wd1.0_sq-addsub_s4,12727,add,6624,1.0
mlp_addsub97_f0.3_wd1.0_sq-addsub_s4,12727,sub,6549,1.0
mlp_addsub97_f0.3_wd1.0_sq-addsub_s4,13333,add,6624,1.0
mlp_addsub97_f0.3_wd1.0_sq-addsub_s4,13333,sub,6549,1.0
mlp_addsub97_f0.3_wd1.0_sq-addsub_s4,13939,add,6624,1.0
mlp_addsub97_f0.3_wd1.0_sq-addsub_s4,13939,sub,6549,1.0
mlp_addsub97_f0.3_wd1.0_sq-addsub_s4,14545,add,6624,1.0
mlp_addsub97_f0.3_wd1.0_sq-addsub_s4,14545,sub,6549,1.0
mlp_addsub97_f0.3_wd1.0_sq-addsub_s4,15152,add,6624,1.0
mlp_addsub97_f0.3_wd1.0_sq-addsub_s4,15152,sub,6549,1.0
mlp_addsub97_f0.3_wd1.0_sq-addsub_s4,15758,add,6624,1.0
mlp_addsub97_f0.3_wd1.0_sq-addsub_s4,15758,sub,6549,1.0
mlp_addsub97_f0.3_wd1.0_sq-addsub_s4,16364,add,6624,1.0
mlp_addsub97_f0.3_wd1.0_sq-addsub_s4,16364,sub,6549,1.0
mlp_addsub97_f0.3_wd1.0_sq-addsub_s4,16970,add,6624,1.0
mlp_addsub97_f0.3_wd1.0_sq-addsub_s4,16970,sub,6549,1.0
mlp_addsub97_f0.3_wd1.0_sq-addsub_s4,17576,add,6624,1.0
mlp_addsub97_f0.3_wd1.0_sq-addsub_s4,17576,sub,6549,1.0
mlp_addsub97_f0.3_wd1.0_sq-addsub_s4,18182,add,6624,1.0
mlp_addsub97_f0.3_wd1.0_sq-addsub_s4,18182,sub,6549,1.0
mlp_addsub97_f0.3_wd1.0_sq-addsub_s4,18788,add,6624,1.0
mlp_addsub97_f0.3_wd1.0_sq-addsub_s4,18788,sub,6549,1.0
mlp_addsub97_f0.3_wd1.0_sq-addsub_s4,19394,add,6624,1.0
mlp_addsub97_f0.3_wd1.0_sq-addsub_s4,19394,sub,6549,1.0
mlp_addsub97_f0.3_wd1.0_sq-addsub_s4,20000,add,6624,1.0
mlp_addsub97_f0.3_wd1.0_sq-addsub_s4,20000,sub,6549,1.0
mlp_addsub97_f0.3_wd1.0_sq-addsub_s4,20606,add,6624,1.0
mlp_addsub97_f0.3_wd1.0_sq-addsub_s4,20606,sub,6549,1.0
mlp_addsub97_f0.3_wd1.0_sq-addsub_s4,21212,add,6624,1.0
mlp_addsub97_f0.3_wd1.0_sq-addsub_s4,21212,sub,6549,1.0
mlp_addsub97_f0.3_wd1.0_sq-addsub_s4,21818,add,6624,1.0
mlp_addsub97_f0.3_wd1.0_sq-addsub_s4,21818,sub,6549,1.0
mlp_addsub97_f0.3_wd1.0_sq-addsub_s4,22424,add,6624,1.0
mlp_addsub97_f0.3_wd1.0_sq-addsub_s4,22424,sub,6549,1.0
mlp_addsub97_f0.3_wd1.0_sq-addsub_s4,23030,add,6624,1.0
mlp_addsub97_f0.3_wd1.0_sq-addsub_s4,23030,sub,6549,1.0
mlp_addsub97_f0.3_wd1.0_sq-addsub_s4,23636,add,6624,1.0
mlp_addsub97_f0.3_wd1.0_sq-addsub_s4,23636,sub,6549,1.0
mlp_addsub97_f0.3_wd1.0_sq-addsub_s4,24242,add,6624,1.0
mlp_addsub97_f0.3_wd1.0_sq-addsub_s4,24242,sub,6549,1.0
mlp_addsub97_f0.3_wd1.0_sq-addsub_s4,24848,add,6624,1.0
mlp_addsub97_f0.3_wd1.0_sq-addsub_s4,24848,sub,6549,1.0
mlp_addsub97_f0.3_wd1.0_sq-addsub_s4,25455,add,6624,1.0
mlp_addsub97_f0.3_wd1.0_sq-addsub_s4,25455,sub,6549,1.0
mlp_addsub97_f0.3_wd1.0_sq-addsub_s4,26061,add,6624,1.0
mlp_addsub97_f0.3_wd1.0_sq-addsub_s4,26061,sub,6549,1.0
mlp_addsub97_f0.3_wd1.0_sq-addsub_s4,26667,add,6624,1.0
mlp_addsub97_f0.3_wd1.0_sq-addsub_s4,26667,sub,6549,1.0
mlp_addsub97_f0.3_wd1.0_sq-addsub_s4,27273,add,6624,1.0
mlp_addsub97_f0.3_wd1.0_sq-addsub_s4,27273,sub,6549,1.0
mlp_addsub97_f0.3_wd1.0_sq-addsub_s4,27879,add,6624,1.0
mlp_addsub97_f0.3_wd1.0_sq-addsub_s4,27879,sub,6549,1.0
mlp_addsub97_f0.3_wd1.0_sq-addsub_s4,28485,add,6624,1.0
mlp_addsub97_f0.3_wd1.0_sq-addsub_s4,28485,sub,6549,1.0
mlp_addsub97_f0.3_wd1.0_sq-addsub_s4,29091,add,6624,1.0
mlp_addsub97_f0.3_wd1.0_sq-addsub_s4,29091,sub,6549,1.0
mlp_addsub97_f0.3_wd1.0_sq-addsub_s4,29697,add,6624,1.0
mlp_addsub97_f0.3_wd1.0_sq-addsub_s4,29697,sub,6549,1.0
mlp_addsub97_f0.3_wd1.0_sq-addsub_s4,30303,add,6624,1.0
mlp_addsub97_f0.3_wd1.0_sq-addsub_s4,30303,sub,6549,1.0
mlp_addsub97_f0.3_wd1.0_sq-addsub_s4,30909,add,6624,1.0
mlp_addsub97_f0.3_wd1.0_sq-addsub_s4,30909,sub,6549,1.0
mlp_addsub97_f0.3_wd1.0_sq-addsub_s4,31515,add,6624,1.0
mlp_addsub97_f0.3_wd1.0_sq-addsub_s4,31515,sub,6549,1.0
mlp_addsub97_f0.3_wd1.0_sq-addsub_s4,32121,add,6624,1.0
mlp_addsub97_f0.3_wd1.0_sq-addsub_s4,32121,sub,6549,1.0
mlp_addsub97_f0.3_wd1.0_sq-addsub_s4,32727,add,6624,1.0
mlp_addsub97_f0.3_wd1.0_sq-addsub_s4,32727,sub,6549,1.0
mlp_addsub97_f0.3_wd1.0_sq-addsub_s4,33333,add,6624,1.0
mlp_addsub97_f0.3_wd1.0_sq-addsub_s4,33333,sub,6549,1.0
mlp_addsub97_f0.3_wd1.0_sq-addsub_s4,33939,add,6624,1.0
mlp_addsub97_f0.3_wd1.0_sq-addsub_s4,33939,sub,6549,1.0
mlp_addsub97_f0.3_wd1.0_sq-addsub_s4,34545,add,6624,1.0
mlp_addsub97_f0.3_wd1.0_sq-addsub_s4,34545,sub,6549,1.0
mlp_addsub97_f0.3_wd1.0_sq-addsub_s4,35152,add,6624,1.0
mlp_addsub97_f0.3_wd1.0_sq-addsub_s4,35152,sub,6549,1.0
mlp_addsub97_f0.3_wd1.0_sq-addsub_s4,35758,add,6624,1.0
mlp_addsub97_f0.3_wd1.0_sq-addsub_s4,35758,sub,6549,1.0
mlp_addsub97_f0.3_wd1.0_sq-addsub_s4,36364,add,6624,1.0
mlp_addsub97_f0.3_wd1.0_sq-addsub_s4,36364,sub,6549,1.0
mlp_addsub97_f0.3_wd1.0_sq-addsub_s4,36970,add,6624,1.0
mlp_addsub97_f0.3_wd1.0_sq-addsub_s4,36970,sub,6549,1.0
mlp_addsub97_f0.3_wd1.0_sq-addsub_s4,37576,add,6624,1.0
mlp_addsub97_f0.3_wd1.0_sq-addsub_s4,37576,sub,6549,1.0
mlp_addsub97_f0.3_wd1.0_sq-addsub_s4,38182,add,6624,1.0
mlp_addsub97_f0.3_wd1.0_sq-addsub_s4,38182,sub,6549,1.0
mlp_addsub97_f0.3_wd1.0_sq-addsub_s4,38788,add,6624,1.0
mlp_addsub97_f0.3_wd1.0_sq-addsub_s4,38788,sub,6549,1.0
mlp_addsub97_f0.3_wd1.0_sq-addsub_s4,39394,add,6624,1.0
mlp_addsub97_f0.3_wd1.0_sq-addsub_s4,39394,sub,6549,1.0
mlp_addsub97_f0.3_wd1.0_sq-addsub_s4,40000,add,6624,1.0
mlp_addsub97_f0.3_wd1.0_sq-addsub_s4,40000,sub,6549,1.0
mlp_addsub97_f0.3_wd1.0_sq-addsub_s4,40606,add,6624,1.0
mlp_addsub97_f0.3_wd1.0_sq-addsub_s4,40606,sub,6549,1.0
mlp_addsub97_f0.3_wd1.0_sq-addsub_s4,41212,add,6624,1.0
mlp_addsub97_f0.3_wd1.0_sq-addsub_s4,41212,sub,6549,1.0
mlp_addsub97_f0.3_wd1.0_sq-addsub_s4,41818,add,6624,1.0
mlp_addsub97_f0.3_wd1.0_sq-addsub_s4,41818,sub,6549,1.0
mlp_addsub97_f0.3_wd1.0_sq-addsub_s4,42424,add,6624,1.0
mlp_addsub97_f0.3_wd1.0_sq-addsub_s4,42424,sub,6549,1.0
mlp_addsub97_f0.3_wd1.0_sq-addsub_s4,43030,add,6624,1.0
mlp_addsub97_f0.3_wd1.0_sq-addsub_s4,43030,sub,6549,1.0
mlp_addsub97_f0.3_wd1.0_sq-addsub_s4,43636,add,6624,1.0
mlp_addsub97_f0.3_wd1.0_sq-addsub_s4,43636,sub,6549,1.0
mlp_addsub97_f0.3_wd1.0_sq-addsub_s4,44242,add,6624,1.0
mlp_addsub97_f0.3_wd1.0_sq-addsub_s4,44242,sub,6549,1.0
mlp_addsub97_f0.3_wd1.0_sq-addsub_s4,44848,add,6624,1.0
mlp_addsub97_f0.3_wd1.0_sq-addsub_s4,44848,sub,6549,1.0
mlp_addsub97_f0.3_wd1.0_sq-addsub_s4,45455,add,6624,1.0
mlp_addsub97_f0.3_wd1.0_sq-addsub_s4,45455,sub,6549,1.0
mlp_addsub97_f0.3_wd1.0_sq-addsub_s4,46061,add,6624,1.0
mlp_addsub97_f0.3_wd1.0_sq-addsub_s4,46061,sub,6549,1.0
mlp_addsub97_f0.3_wd1.0_sq-addsub_s4,46667,add,6624,1.0
mlp_addsub97_f0.3_wd1.0_sq-addsub_s4,46667,sub,6549,1.0
mlp_addsub97_f0.3_wd1.0_sq-addsub_s4,47273,add,6624,1.0
mlp_addsub97_f0.3_wd1.0_sq-addsub_s4,47273,sub,6549,1.0
mlp_addsub97_f0.3_wd1.0_sq-addsub_s4,47879,add,6624,1.0
mlp_addsub97_f0.3_wd1.0_sq-addsub_s4,47879,sub,6549,1.0
mlp_addsub97_f0.3_wd1.0_sq-addsub_s4,48485,add,6624,1.0
mlp_addsub97_f0.3_wd1.0_sq-addsub_s4,48485,sub,6549,1.0
mlp_addsub97_f0.3_wd1.0_sq-addsub_s4,49091,add,6624,1.0
mlp_addsub97_f0.3_wd1.0_sq-addsub_s4,49091,sub,6549,1.0
mlp_addsub97_f0.3_wd1.0_sq-addsub_s4,49697,add,6624,1.0
mlp_addsub97_f0.3_wd1.0_sq-addsub_s4,49697,sub,6549,1.0
mlp_addsub97_f0.3_wd1.0_sq-addsub_s4,50303,add,6624,1.0
mlp_addsub97_f0.3_wd1.0_sq-addsub_s4,50303,sub,6549,1.0
mlp_addsub97_f0.3_wd1.0_sq-addsub_s4,50909,add,6624,1.0
mlp_addsub97_f0.3_wd1.0_sq-addsub_s4,50909,sub,6549,1.0
mlp_addsub97_f0.3_wd1.0_sq-addsub_s4,51515,add,6624,1.0
mlp_addsub97_f0.3_wd1.0_sq-addsub_s4,51515,sub,6549,1.0
mlp_addsub97_f0.3_wd1.0_sq-addsub_s4,52121,add,6624,1.0
mlp_addsub97_f0.3_wd1.0_sq-addsub_s4,52121,sub,6549,1.0
mlp_addsub97_f0.3_wd1.0_sq-addsub_s4,52727,add,6624,1.0
mlp_addsub97_f0.3_wd1.0_sq-addsub_s4,52727,sub,6549,1.0
mlp_addsub97_f0.3_wd1.0_sq-addsub_s4,53333,add,6624,1.0
mlp_addsub97_f0.3_wd1.0_sq-addsub_s4,53333,sub,6549,1.0
mlp_addsub97_f0.3_wd1.0_sq-addsub_s4,53939,add,6624,1.0
mlp_addsub97_f0.3_wd1.0_sq-addsub_s4,53939,sub,6549,1.0
mlp_addsub97_f0.3_wd1.0_sq-addsub_s4,54545,add,6624,1.0
mlp_addsub97_f0.3_wd1.0_sq-addsub_s4,54545,sub,6549,1.0
mlp_addsub97_f0.3_wd1.0_sq-addsub_s4,55152,add,6624,1.0
mlp_addsub97_f0.3_wd1.0_sq-addsub_s4,55152,sub,6549,1.0
mlp_addsub97_f0.3_wd1.0_sq-addsub_s4,55758,add,6624,1.0
mlp_addsub97_f0.3_wd1.0_sq-addsub_s4,55758,sub,6549,1.0
mlp_addsub97_f0.3_wd1.0_sq-addsub_s4,56364,add,6624,1.0
mlp_addsub97_f0.3_wd1.0_sq-addsub_s4,56364,sub,6549,1.0
mlp_addsub97_f0.3_wd1.0_sq-addsub_s4,56970,add,6624,1.0
mlp_addsub97_f0.3_wd1.0_sq-addsub_s4,56970,sub,6549,1.0
mlp_addsub97_f0.3_wd1.0_sq-addsub_s4,57576,add,6624,1.0
mlp_addsub97_f0.3_wd1.0_sq-addsub_s4,57576,sub,6549,1.0
mlp_addsub97_f0.3_wd1.0_sq-addsub_s4,58182,add,6624,1.0
mlp_addsub97_f0.3_wd1.0_sq-addsub_s4,58182,sub,6549,1.0
mlp_addsub97_f0.3_wd1.0_sq-addsub_s4,58788,add,6624,1.0
mlp_addsub97_f0.3_wd1.0_sq-addsub_s4,58788,sub,6549,1.0
mlp_addsub97_f0.3_wd1.0_sq-addsub_s4,59394,add,6624,1.0
mlp_addsub97_f0.3_wd1.0_sq-addsub_s4,59394,sub,6549,1.0
mlp_addsub97_f0.3_wd1.0_sq-addsub_s4,60000,add,6624,1.0
mlp_addsub97_f0.3_wd1.0_sq-addsub_s4,60000,sub,6549,1.0
transformer_addsub113_f0.3_wd0.1_PERM_sq-addsub_s0,0,add,8946,0.010954616591334343
transformer_addsub113_f0.3_wd0.1_PERM_sq-addsub_s0,0,sub,8931,0.008957563899457455
transformer_addsub113_f0.3_wd0.1_PERM_sq-addsub_s0,759,add,8946,0.007265816908329725
transformer_addsub113_f0.3_wd0.1_PERM_sq-addsub_s0,759,sub,8931,0.007613928988575935
transformer_addsub113_f0.3_wd0.1_PERM_sq-addsub_s0,1519,add,8946,0.008830762468278408
transformer_addsub113_f0.3_wd0.1_PERM_sq-addsub_s0,1519,sub,8931,0.00884559378027916
transformer_addsub113_f0.3_wd0.1_PERM_sq-addsub_s0,2278,add,8946,0.00894254446029663
transformer_addsub113_f0.3_wd0.1_PERM_sq-addsub_s0,2278,sub,8931,0.0075019593350589275
transformer_addsub113_f0.3_wd0.1_PERM_sq-addsub_s0,3038,add,8946,0.008048289455473423
transformer_addsub113_f0.3_wd0.1_PERM_sq-addsub_s0,3038,sub,8931,0.007389990147203207
transformer_addsub113_f0.3_wd0.1_PERM_sq-addsub_s0,3797,add,8946,0.008718980476260185
transformer_addsub113_f0.3_wd0.1_PERM_sq-addsub_s0,3797,sub,8931,0.008061807602643967
transformer_addsub113_f0.3_wd0.1_PERM_sq-addsub_s0,4557,add,8946,0.01006036251783371
transformer_addsub113_f0.3_wd0.1_PERM_sq-addsub_s0,4557,sub,8931,0.008621654473245144
transformer_addsub113_f0.3_wd0.1_PERM_sq-addsub_s0,5316,add,8946,0.01006036251783371
transformer_addsub113_f0.3_wd0.1_PERM_sq-addsub_s0,5316,sub,8931,0.007389990147203207
transformer_addsub113_f0.3_wd0.1_PERM_sq-addsub_s0,6076,add,8946,0.008718980476260185
transformer_addsub113_f0.3_wd0.1_PERM_sq-addsub_s0,6076,sub,8931,0.008285745978355408
transformer_addsub113_f0.3_wd0.1_PERM_sq-addsub_s0,6835,add,8946,0.008271853439509869
transformer_addsub113_f0.3_wd0.1_PERM_sq-addsub_s0,6835,sub,8931,0.009741350077092648
transformer_addsub113_f0.3_wd0.1_PERM_sq-addsub_s0,7595,add,8946,0.009725016541779041
transformer_addsub113_f0.3_wd0.1_PERM_sq-addsub_s0,7595,sub,8931,0.007166050840169191
transformer_addsub113_f0.3_wd0.1_PERM_sq-addsub_s0,8354,add,8946,0.008830762468278408
transformer_addsub113_f0.3_wd0.1_PERM_sq-addsub_s0,8354,sub,8931,0.0070540811866521835
transformer_addsub113_f0.3_wd0.1_PERM_sq-addsub_s0,9114,add,8946,0.009166107513010502
transformer_addsub113_f0.3_wd0.1_PERM_sq-addsub_s0,9114,sub,8931,0.008173776790499687
transformer_addsub113_f0.3_wd0.1_PERM_sq-addsub_s0,9873,add,8946,0.008048289455473423
transformer_addsub113_f0.3_wd0.1_PERM_sq-addsub_s0,9873,sub,8931,0.008621654473245144
transformer_addsub113_f0.3_wd0.1_PERM_sq-addsub_s0,10633,add,8946,0.008718980476260185
transformer_addsub113_f0.3_wd0.1_PERM_sq-addsub_s0,10633,sub,8931,0.009181502275168896
transformer_addsub113_f0.3_wd0.1_PERM_sq-addsub_s0,11392,add,8946,0.008718980476260185
transformer_addsub113_f0.3_wd0.1_PERM_sq-addsub_s0,11392,sub,8931,0.010637106373906136
transformer_addsub113_f0.3_wd0.1_PERM_sq-addsub_s0,12152,add,8946,0.007377598900347948
transformer_addsub113_f0.3_wd0.1_PERM_sq-addsub_s0,12152,sub,8931,0.009181502275168896
transformer_addsub113_f0.3_wd0.1_PERM_sq-addsub_s0,12911,add,8946,0.008160071447491646
transformer_addsub113_f0.3_wd0.1_PERM_sq-addsub_s0,12911,sub,8931,0.009965289384126663
transformer_addsub113_f0.3_wd0.1_PERM_sq-addsub_s0,13671,add,8946,0.009389671497046947
transformer_addsub113_f0.3_wd0.1_PERM_sq-addsub_s0,13671,sub,8931,0.007837868295609951
transformer_addsub113_f0.3_wd0.1_PERM_sq-addsub_s0,14430,add,8946,0.009277889505028725
transformer_addsub113_f0.3_wd0.1_PERM_sq-addsub_s0,14430,sub,8931,0.006830142345279455
transformer_addsub113_f0.3_wd0.1_PERM_sq-addsub_s0,15190,add,8946,0.01028392557054758
transformer_addsub113_f0.3_wd0.1_PERM_sq-addsub_s0,15190,sub,8931,0.006718172691762447
transformer_addsub113_f0.3_wd0.1_PERM_sq-addsub_s0,15949,add,8946,0.009725016541779041
transformer_addsub113_f0.3_wd0.1_PERM_sq-addsub_s0,15949,sub,8931,0.007278020493686199
transformer_addsub113_f0.3_wd0.1_PERM_sq-addsub_s0,16709,add,8946,0.008607198484241962
transformer_addsub113_f0.3_wd0.1_PERM_sq-addsub_s0,16709,sub,8931,0.00929347239434719
transformer_addsub113_f0.3_wd0.1_PERM_sq-addsub_s0,17468,add,8946,0.007377598900347948
transformer_addsub113_f0.3_wd0.1_PERM_sq-addsub_s0,17468,sub,8931,0.008621654473245144
transformer_addsub113_f0.3_wd0.1_PERM_sq-addsub_s0,18228,add,8946,0.008718980476260185
transformer_addsub113_f0.3_wd0.1_PERM_sq-addsub_s0,18228,sub,8931,0.008285745978355408
transformer_addsub113_f0.3_wd0.1_PERM_sq-addsub_s0,18987,add,8946,0.01028392557054758
transformer_addsub113_f0.3_wd0.1_PERM_sq-addsub_s0,18987,sub,8931,0.008509685285389423
transformer_addsub113_f0.3_wd0.1_PERM_sq-addsub_s0,19747,add,8946,0.006818689871579409
transformer_addsub113_f0.3_wd0.1_PERM_sq-addsub_s0,19747,sub,8931,0.00884559378027916
transformer_addsub113_f0.3_wd0.1_PERM_sq-addsub_s0,20506,add,8946,0.009166107513010502
transformer_addsub113_f0.3_wd0.1_PERM_sq-addsub_s0,20506,sub,8931,0.007613928988575935
transformer_addsub113_f0.3_wd0.1_PERM_sq-addsub_s0,21266,add,8946,0.00950145348906517
transformer_addsub113_f0.3_wd0.1_PERM_sq-addsub_s0,21266,sub,8931,0.007389990147203207
transformer_addsub113_f0.3_wd0.1_PERM_sq-addsub_s0,22025,add,8946,0.008160071447491646
transformer_addsub113_f0.3_wd0.1_PERM_sq-addsub_s0,22025,sub,8931,0.00884559378027916
transformer_addsub113_f0.3_wd0.1_PERM_sq-addsub_s0,22785,add,8946,0.009054325520992279
transformer_addsub113_f0.3_wd0.1_PERM_sq-addsub_s0,22785,sub,8931,0.007949837483465672
transformer_addsub113_f0.3_wd0.1_PERM_sq-addsub_s0,23544,add,8946,0.009613234549760818
transformer_addsub113_f0.3_wd0.1_PERM_sq-addsub_s0,23544,sub,8931,0.008397716097533703
transformer_addsub113_f0.3_wd0.1_PERM_sq-addsub_s0,24304,add,8946,0.008830762468278408
transformer_addsub113_f0.3_wd0.1_PERM_sq-addsub_s0,24304,sub,8931,0.010077258571982384
transformer_addsub113_f0.3_wd0.1_PERM_sq-addsub_s0,25063,add,8946,0.008607198484241962
transformer_addsub113_f0.3_wd0.1_PERM_sq-addsub_s0,25063,sub,8931,0.008509685285389423
transformer_addsub113_f0.3_wd0.1_PERM_sq-addsub_s0,25823,add,8946,0.009054325520992279
transformer_addsub113_f0.3_wd0.1_PERM_sq-addsub_s0,25823,sub,8931,0.0103011978790164
transformer_addsub113_f0.3_wd0.1_PERM_sq-addsub_s0,26582,add,8946,0.009389671497046947
transformer_addsub113_f0.3_wd0.1_PERM_sq-addsub_s0,26582,sub,8931,0.008285745978355408
transformer_addsub113_f0.3_wd0.1_PERM_sq-addsub_s0,27342,add,8946,0.008048289455473423
transformer_addsub113_f0.3_wd0.1_PERM_sq-addsub_s0,27342,sub,8931,0.00884559378027916
transformer_addsub113_f0.3_wd0.1_PERM_sq-addsub_s0,28101,add,8946,0.00849541649222374
transformer_addsub113_f0.3_wd0.1_PERM_sq-addsub_s0,28101,sub,8931,0.009629380889236927
transformer_addsub113_f0.3_wd0.1_PERM_sq-addsub_s0,28861,add,8946,0.009836798533797264
transformer_addsub113_f0.3_wd0.1_PERM_sq-addsub_s0,28861,sub,8931,0.008733624592423439
transformer_addsub113_f0.3_wd0.1_PERM_sq-addsub_s0,29620,add,8946,0.008830762468278408
transformer_addsub113_f0.3_wd0.1_PERM_sq-addsub_s0,29620,sub,8931,0.0070540811866521835
transformer_addsub113_f0.3_wd0.1_PERM_sq-addsub_s0,30380,add,8946,0.009389671497046947
transformer_addsub113_f0.3_wd0.1_PERM_sq-addsub_s0,30380,sub,8931,0.007166050840169191
transformer_addsub113_f0.3_wd0.1_PERM_sq-addsub_s0,31139,add,8946,0.00894254446029663
transformer_addsub113_f0.3_wd0.1_PERM_sq-addsub_s0,31139,sub,8931,0.008397716097533703
transformer_addsub113_f0.3_wd0.1_PERM_sq-addsub_s0,31899,add,8946,0.00849541649222374
transformer_addsub113_f0.3_wd0.1_PERM_sq-addsub_s0,31899,sub,8931,0.008173776790499687
transformer_addsub113_f0.3_wd0.1_PERM_sq-addsub_s0,32658,add,8946,0.00894254446029663
transformer_addsub113_f0.3_wd0.1_PERM_sq-addsub_s0,32658,sub,8931,0.007837868295609951
transformer_addsub113_f0.3_wd0.1_PERM_sq-addsub_s0,33418,add,8946,0.007265816908329725
transformer_addsub113_f0.3_wd0.1_PERM_sq-addsub_s0,33418,sub,8931,0.008621654473245144
transformer_addsub113_f0.3_wd0.1_PERM_sq-addsub_s0,34177,add,8946,0.009277889505028725
transformer_addsub113_f0.3_wd0.1_PERM_sq-addsub_s0,34177,sub,8931,0.008621654473245144
transformer_addsub113_f0.3_wd0.1_PERM_sq-addsub_s0,34937,add,8946,0.00950145348906517
transformer_addsub113_f0.3_wd0.1_PERM_sq-addsub_s0,34937,sub,8931,0.007389990147203207
transformer_addsub113_f0.3_wd0.1_PERM_sq-addsub_s0,35696,add,8946,0.009389671497046947
transformer_addsub113_f0.3_wd0.1_PERM_sq-addsub_s0,35696,sub,8931,0.006830142345279455
transformer_addsub113_f0.3_wd0.1_PERM_sq-addsub_s0,36456,add,8946,0.008830762468278408
transformer_addsub113_f0.3_wd0.1_PERM_sq-addsub_s0,36456,sub,8931,0.009405441582202911
transformer_addsub113_f0.3_wd0.1_PERM_sq-addsub_s0,37215,add,8946,0.01006036251783371
transformer_addsub113_f0.3_wd0.1_PERM_sq-addsub_s0,37215,sub,8931,0.008173776790499687
transformer_addsub113_f0.3_wd0.1_PERM_sq-addsub_s0,37975,add,8946,0.009725016541779041
transformer_addsub113_f0.3_wd0.1_PERM_sq-addsub_s0,37975,sub,8931,0.007725898642092943
transformer_addsub113_f0.3_wd0.1_PERM_sq-addsub_s0,38734,add,8946,0.009389671497046947
transformer_addsub113_f0.3_wd0.1_PERM_sq-addsub_s0,38734,sub,8931,0.008397716097533703
transformer_addsub113_f0.3_wd0.1_PERM_sq-addsub_s0,39494,add,8946,0.008718980476260185
transformer_addsub113_f0.3_wd0.1_PERM_sq-addsub_s0,39494,sub,8931,0.007837868295609951
transformer_addsub113_f0.3_wd0.1_PERM_sq-addsub_s0,40253,add,8946,0.007824726402759552
transformer_addsub113_f0.3_wd0.1_PERM_sq-addsub_s0,40253,sub,8931,0.009069533087313175
transformer_addsub113_f0.3_wd0.1_PERM_sq-addsub_s0,41013,add,8946,0.009054325520992279
transformer_addsub113_f0.3_wd0.1_PERM_sq-addsub_s0,41013,sub,8931,0.006942111533135176
transformer_addsub113_f0.3_wd0.1_PERM_sq-addsub_s0,41772,add,8946,0.008383635431528091
transformer_addsub113_f0.3_wd0.1_PERM_sq-addsub_s0,41772,sub,8931,0.007278020493686199
transformer_addsub113_f0.3_wd0.1_PERM_sq-addsub_s0,42532,add,8946,0.010731052607297897
transformer_addsub113_f0.3_wd0.1_PERM_sq-addsub_s0,42532,sub,8931,0.008061807602643967
transformer_addsub113_f0.3_wd0.1_PERM_sq-addsub_s0,43291,add,8946,0.009166107513010502
transformer_addsub113_f0.3_wd0.1_PERM_sq-addsub_s0,43291,sub,8931,0.008397716097533703
transformer_addsub113_f0.3_wd0.1_PERM_sq-addsub_s0,44051,add,8946,0.009166107513010502
transformer_addsub113_f0.3_wd0.1_PERM_sq-addsub_s0,44051,sub,8931,0.0075019593350589275
transformer_addsub113_f0.3_wd0.1_PERM_sq-addsub_s0,44810,add,8946,0.009948580525815487
transformer_addsub113_f0.3_wd0.1_PERM_sq-addsub_s0,44810,sub,8931,0.008509685285389423
transformer_addsub113_f0.3_wd0.1_PERM_sq-addsub_s0,45570,add,8946,0.00849541649222374
transformer_addsub113_f0.3_wd0.1_PERM_sq-addsub_s0,45570,sub,8931,0.007166050840169191
transformer_addsub113_f0.3_wd0.1_PERM_sq-addsub_s0,46329,add,8946,0.009836798533797264
transformer_addsub113_f0.3_wd0.1_PERM_sq-addsub_s0,46329,sub,8931,0.00929347239434719
transformer_addsub113_f0.3_wd0.1_PERM_sq-addsub_s0,47089,add,8946,0.008607198484241962
transformer_addsub113_f0.3_wd0.1_PERM_sq-addsub_s0,47089,sub,8931,0.007725898642092943
transformer_addsub113_f0.3_wd0.1_PERM_sq-addsub_s0,47848,add,8946,0.01006036251783371
transformer_addsub113_f0.3_wd0.1_PERM_sq-addsub_s0,47848,sub,8931,0.009069533087313175
transformer_addsub113_f0.3_wd0.1_PERM_sq-addsub_s0,48608,add,8946,0.01061927154660225
transformer_addsub113_f0.3_wd0.1_PERM_sq-addsub_s0,48608,sub,8931,0.00929347239434719
transformer_addsub113_f0.3_wd0.1_PERM_sq-addsub_s0,49367,add,8946,0.008607198484241962
transformer_addsub113_f0.3_wd0.1_PERM_sq-addsub_s0,49367,sub,8931,0.009741350077092648
transformer_addsub113_f0.3_wd0.1_PERM_sq-addsub_s0,50127,add,8946,0.008607198484241962
transformer_addsub113_f0.3_wd0.1_PERM_sq-addsub_s0,50127,sub,8931,0.008173776790499687
transformer_addsub113_f0.3_wd0.1_PERM_sq-addsub_s0,50886,add,8946,0.009613234549760818
transformer_addsub113_f0.3_wd0.1_PERM_sq-addsub_s0,50886,sub,8931,0.008061807602643967
transformer_addsub113_f0.3_wd0.1_PERM_sq-addsub_s0,51646,add,8946,0.009725016541779041
transformer_addsub113_f0.3_wd0.1_PERM_sq-addsub_s0,51646,sub,8931,0.009181502275168896
transformer_addsub113_f0.3_wd0.1_PERM_sq-addsub_s0,52405,add,8946,0.00849541649222374
transformer_addsub113_f0.3_wd0.1_PERM_sq-addsub_s0,52405,sub,8931,0.0066062030382454395
transformer_addsub113_f0.3_wd0.1_PERM_sq-addsub_s0,53165,add,8946,0.010395707562565804
transformer_addsub113_f0.3_wd0.1_PERM_sq-addsub_s0,53165,sub,8931,0.0075019593350589275
transformer_addsub113_f0.3_wd0.1_PERM_sq-addsub_s0,53924,add,8946,0.00849541649222374
transformer_addsub113_f0.3_wd0.1_PERM_sq-addsub_s0,53924,sub,8931,0.007166050840169191
transformer_addsub113_f0.3_wd0.1_PERM_sq-addsub_s0,54684,add,8946,0.009613234549760818
transformer_addsub113_f0.3_wd0.1_PERM_sq-addsub_s0,54684,sub,8931,0.008621654473245144
transformer_addsub113_f0.3_wd0.1_PERM_sq-addsub_s0,55443,add,8946,0.007042253389954567
transformer_addsub113_f0.3_wd0.1_PERM_sq-addsub_s0,55443,sub,8931,0.008061807602643967
transformer_addsub113_f0.3_wd0.1_PERM_sq-addsub_s0,56203,add,8946,0.01140174362808466
transformer_addsub113_f0.3_wd0.1_PERM_sq-addsub_s0,56203,sub,8931,0.009405441582202911
transformer_addsub113_f0.3_wd0.1_PERM_sq-addsub_s0,56962,add,8946,0.008048289455473423
transformer_addsub113_f0.3_wd0.1_PERM_sq-addsub_s0,56962,sub,8931,0.009405441582202911
transformer_addsub113_f0.3_wd0.1_PERM_sq-addsub_s0,57722,add,8946,0.009389671497046947
transformer_addsub113_f0.3_wd0.1_PERM_sq-addsub_s0,57722,sub,8931,0.008397716097533703
transformer_addsub113_f0.3_wd0.1_PERM_sq-addsub_s0,58481,add,8946,0.009166107513010502
transformer_addsub113_f0.3_wd0.1_PERM_sq-addsub_s0,58481,sub,8931,0.007725898642092943
transformer_addsub113_f0.3_wd0.1_PERM_sq-addsub_s0,59241,add,8946,0.007377598900347948
transformer_addsub113_f0.3_wd0.1_PERM_sq-addsub_s0,59241,sub,8931,0.0075019593350589275
transformer_addsub113_f0.3_wd0.1_PERM_sq-addsub_s0,60000,add,8946,0.008607198484241962
transformer_addsub113_f0.3_wd0.1_PERM_sq-addsub_s0,60000,sub,8931,0.007949837483465672
transformer_addsub113_f0.3_wd0.1_PERM_sq-addsub_s1,0,add,8930,0.008958566933870316
transformer_addsub113_f0.3_wd0.1_PERM_sq-addsub_s1,0,sub,8947,0.010282776318490505
transformer_addsub113_f0.3_wd0.1_PERM_sq-addsub_s1,759,add,8930,0.008062710054218769
transformer_addsub113_f0.3_wd0.1_PERM_sq-addsub_s1,759,sub,8947,0.009053314104676247
transformer_addsub113_f0.3_wd0.1_PERM_sq-addsub_s1,1519,add,8930,0.008734602481126785
transformer_addsub113_f0.3_wd0.1_PERM_sq-addsub_s1,1519,sub,8947,0.008829775266349316
transformer_addsub113_f0.3_wd0.1_PERM_sq-addsub_s1,2278,add,8930,0.008958566933870316
transformer_addsub113_f0.3_wd0.1_PERM_sq-addsub_s1,2278,sub,8947,0.009165083058178425
transformer_addsub113_f0.3_wd0.1_PERM_sq-addsub_s1,3038,add,8930,0.010974244214594364
transformer_addsub113_f0.3_wd0.1_PERM_sq-addsub_s1,3038,sub,8947,0.007823851890861988
transformer_addsub113_f0.3_wd0.1_PERM_sq-addsub_s1,3797,add,8930,0.010078387334942818
transformer_addsub113_f0.3_wd0.1_PERM_sq-addsub_s1,3797,sub,8947,0.010282776318490505
transformer_addsub113_f0.3_wd0.1_PERM_sq-addsub_s1,4557,add,8930,0.008958566933870316
transformer_addsub113_f0.3_wd0.1_PERM_sq-addsub_s1,4557,sub,8947,0.008606236428022385
transformer_addsub113_f0.3_wd0.1_PERM_sq-addsub_s1,5316,add,8930,0.010414334014058113
transformer_addsub113_f0.3_wd0.1_PERM_sq-addsub_s1,5316,sub,8947,0.009723929688334465
transformer_addsub113_f0.3_wd0.1_PERM_sq-addsub_s1,6076,add,8930,0.00907054916024208
transformer_addsub113_f0.3_wd0.1_PERM_sq-addsub_s1,6076,sub,8947,0.007488543633371592
transformer_addsub113_f0.3_wd0.1_PERM_sq-addsub_s1,6835,add,8930,0.008510638028383255
transformer_addsub113_f0.3_wd0.1_PERM_sq-addsub_s1,6835,sub,8947,0.009835699573159218
transformer_addsub113_f0.3_wd0.1_PERM_sq-addsub_s1,7595,add,8930,0.010190369561314583
transformer_addsub113_f0.3_wd0.1_PERM_sq-addsub_s1,7595,sub,8947,0.008270928636193275
transformer_addsub113_f0.3_wd0.1_PERM_sq-addsub_s1,8354,add,8930,0.008734602481126785
transformer_addsub113_f0.3_wd0.1_PERM_sq-addsub_s1,8354,sub,8947,0.008829775266349316
transformer_addsub113_f0.3_wd0.1_PERM_sq-addsub_s1,9114,add,8930,0.009518477134406567
transformer_addsub113_f0.3_wd0.1_PERM_sq-addsub_s1,9114,sub,8947,0.010171007364988327
transformer_addsub113_f0.3_wd0.1_PERM_sq-addsub_s1,9873,add,8930,0.00907054916024208
transformer_addsub113_f0.3_wd0.1_PERM_sq-addsub_s1,9873,sub,8947,0.008829775266349316
transformer_addsub113_f0.3_wd0.1_PERM_sq-addsub_s1,10633,add,8930,0.008510638028383255
transformer_addsub113_f0.3_wd0.1_PERM_sq-addsub_s1,10633,sub,8947,0.008718006312847137
transformer_addsub113_f0.3_wd0.1_PERM_sq-addsub_s1,11392,add,8930,0.009294512681663036
transformer_addsub113_f0.3_wd0.1_PERM_sq-addsub_s1,11392,sub,8947,0.009165083058178425
transformer_addsub113_f0.3_wd0.1_PERM_sq-addsub_s1,12152,add,8930,0.00907054916024208
transformer_addsub113_f0.3_wd0.1_PERM_sq-addsub_s1,12152,sub,8947,0.007935620844364166
transformer_addsub113_f0.3_wd0.1_PERM_sq-addsub_s1,12911,add,8930,0.00862262025475502
transformer_addsub113_f0.3_wd0.1_PERM_sq-addsub_s1,12911,sub,8947,0.009723929688334465
transformer_addsub113_f0.3_wd0.1_PERM_sq-addsub_s1,13671,add,8930,0.010078387334942818
transformer_addsub113_f0.3_wd0.1_PERM_sq-addsub_s1,13671,sub,8947,0.010618084110319614
transformer_addsub113_f0.3_wd0.1_PERM_sq-addsub_s1,14430,add,8930,0.007390817627310753
transformer_addsub113_f0.3_wd0.1_PERM_sq-addsub_s1,14430,sub,8947,0.009835699573159218
transformer_addsub113_f0.3_wd0.1_PERM_sq-addsub_s1,15190,add,8930,0.009182530455291271
transformer_addsub113_f0.3_wd0.1_PERM_sq-addsub_s1,15190,sub,8947,0.009723929688334465
transformer_addsub113_f0.3_wd0.1_PERM_sq-addsub_s1,15949,add,8930,0.00884658470749855
transformer_addsub113_f0.3_wd0.1_PERM_sq-addsub_s1,15949,sub,8947,0.007935620844364166
transformer_addsub113_f0.3_wd0.1_PERM_sq-addsub_s1,16709,add,8930,0.008510638028383255
transformer_addsub113_f0.3_wd0.1_PERM_sq-addsub_s1,16709,sub,8947,0.009500390850007534
transformer_addsub113_f0.3_wd0.1_PERM_sq-addsub_s1,17468,add,8930,0.007614781614392996
transformer_addsub113_f0.3_wd0.1_PERM_sq-addsub_s1,17468,sub,8947,0.008270928636193275
transformer_addsub113_f0.3_wd0.1_PERM_sq-addsub_s1,18228,add,8930,0.008062710054218769
transformer_addsub113_f0.3_wd0.1_PERM_sq-addsub_s1,18228,sub,8947,0.009500390850007534
transformer_addsub113_f0.3_wd0.1_PERM_sq-addsub_s1,18987,add,8930,0.009742441587150097
transformer_addsub113_f0.3_wd0.1_PERM_sq-addsub_s1,18987,sub,8947,0.008606236428022385
transformer_addsub113_f0.3_wd0.1_PERM_sq-addsub_s1,19747,add,8930,0.010862261988222599
transformer_addsub113_f0.3_wd0.1_PERM_sq-addsub_s1,19747,sub,8947,0.010059237480163574
transformer_addsub113_f0.3_wd0.1_PERM_sq-addsub_s1,20506,add,8930,0.007726763840764761
transformer_addsub113_f0.3_wd0.1_PERM_sq-addsub_s1,20506,sub,8947,0.009276852943003178
transformer_addsub113_f0.3_wd0.1_PERM_sq-addsub_s1,21266,add,8930,0.007502799388021231
transformer_addsub113_f0.3_wd0.1_PERM_sq-addsub_s1,21266,sub,8947,0.008047389797866344
transformer_addsub113_f0.3_wd0.1_PERM_sq-addsub_s1,22025,add,8930,0.009182530455291271
transformer_addsub113_f0.3_wd0.1_PERM_sq-addsub_s1,22025,sub,8947,0.009500390850007534
transformer_addsub113_f0.3_wd0.1_PERM_sq-addsub_s1,22785,add,8930,0.00884658470749855
transformer_addsub113_f0.3_wd0.1_PERM_sq-addsub_s1,22785,sub,8947,0.008494467474520206
transformer_addsub113_f0.3_wd0.1_PERM_sq-addsub_s1,23544,add,8930,0.00839865580201149
transformer_addsub113_f0.3_wd0.1_PERM_sq-addsub_s1,23544,sub,8947,0.009276852943003178
transformer_addsub113_f0.3_wd0.1_PERM_sq-addsub_s1,24304,add,8930,0.009182530455291271
transformer_addsub113_f0.3_wd0.1_PERM_sq-addsub_s1,24304,sub,8947,0.008494467474520206
transformer_addsub113_f0.3_wd0.1_PERM_sq-addsub_s1,25063,add,8930,0.00907054916024208
transformer_addsub113_f0.3_wd0.1_PERM_sq-addsub_s1,25063,sub,8947,0.008718006312847137
transformer_addsub113_f0.3_wd0.1_PERM_sq-addsub_s1,25823,add,8930,0.00907054916024208
transformer_addsub113_f0.3_wd0.1_PERM_sq-addsub_s1,25823,sub,8947,0.008718006312847137
transformer_addsub113_f0.3_wd0.1_PERM_sq-addsub_s1,26582,add,8930,0.010638297535479069
transformer_addsub113_f0.3_wd0.1_PERM_sq-addsub_s1,26582,sub,8947,0.008382698521018028
transformer_addsub113_f0.3_wd0.1_PERM_sq-addsub_s1,27342,add,8930,0.009742441587150097
transformer_addsub113_f0.3_wd0.1_PERM_sq-addsub_s1,27342,sub,8947,0.009723929688334465
transformer_addsub113_f0.3_wd0.1_PERM_sq-addsub_s1,28101,add,8930,0.009294512681663036
transformer_addsub113_f0.3_wd0.1_PERM_sq-addsub_s1,28101,sub,8947,0.007823851890861988
transformer_addsub113_f0.3_wd0.1_PERM_sq-addsub_s1,28861,add,8930,0.009406494908034801
transformer_addsub113_f0.3_wd0.1_PERM_sq-addsub_s1,28861,sub,8947,0.007935620844364166
transformer_addsub113_f0.3_wd0.1_PERM_sq-addsub_s1,29620,add,8930,0.010078387334942818
transformer_addsub113_f0.3_wd0.1_PERM_sq-addsub_s1,29620,sub,8947,0.010171007364988327
transformer_addsub113_f0.3_wd0.1_PERM_sq-addsub_s1,30380,add,8930,0.00907054916024208
transformer_addsub113_f0.3_wd0.1_PERM_sq-addsub_s1,30380,sub,8947,0.009276852943003178
transformer_addsub113_f0.3_wd0.1_PERM_sq-addsub_s1,31139,add,8930,0.008958566933870316
transformer_addsub113_f0.3_wd0.1_PERM_sq-addsub_s1,31139,sub,8947,0.009388621896505356
transformer_addsub113_f0.3_wd0.1_PERM_sq-addsub_s1,31899,add,8930,0.008510638028383255
transformer_addsub113_f0.3_wd0.1_PERM_sq-addsub_s1,31899,sub,8947,0.008941544219851494
transformer_addsub113_f0.3_wd0.1_PERM_sq-addsub_s1,32658,add,8930,0.009294512681663036
transformer_addsub113_f0.3_wd0.1_PERM_sq-addsub_s1,32658,sub,8947,0.010394545271992683
transformer_addsub113_f0.3_wd0.1_PERM_sq-addsub_s1,33418,add,8930,0.00907054916024208
transformer_addsub113_f0.3_wd0.1_PERM_sq-addsub_s1,33418,sub,8947,0.008941544219851494
transformer_addsub113_f0.3_wd0.1_PERM_sq-addsub_s1,34177,add,8930,0.009182530455291271
transformer_addsub113_f0.3_wd0.1_PERM_sq-addsub_s1,34177,sub,8947,0.008606236428022385
transformer_addsub113_f0.3_wd0.1_PERM_sq-addsub_s1,34937,add,8930,0.010526316240429878
transformer_addsub113_f0.3_wd0.1_PERM_sq-addsub_s1,34937,sub,8947,0.007600313052535057
transformer_addsub113_f0.3_wd0.1_PERM_sq-addsub_s1,35696,add,8930,0.007950727827847004
transformer_addsub113_f0.3_wd0.1_PERM_sq-addsub_s1,35696,sub,8947,0.007600313052535057
transformer_addsub113_f0.3_wd0.1_PERM_sq-addsub_s1,36456,add,8930,0.008958566933870316
transformer_addsub113_f0.3_wd0.1_PERM_sq-addsub_s1,36456,sub,8947,0.010171007364988327
transformer_addsub113_f0.3_wd0.1_PERM_sq-addsub_s1,37215,add,8930,0.00884658470749855
transformer_addsub113_f0.3_wd0.1_PERM_sq-addsub_s1,37215,sub,8947,0.008494467474520206
transformer_addsub113_f0.3_wd0.1_PERM_sq-addsub_s1,37975,add,8930,0.00884658470749855
transformer_addsub113_f0.3_wd0.1_PERM_sq-addsub_s1,37975,sub,8947,0.008270928636193275
transformer_addsub113_f0.3_wd0.1_PERM_sq-addsub_s1,38734,add,8930,0.0082866745069623
transformer_addsub113_f0.3_wd0.1_PERM_sq-addsub_s1,38734,sub,8947,0.008941544219851494
transformer_addsub113_f0.3_wd0.1_PERM_sq-addsub_s1,39494,add,8930,0.010638297535479069
transformer_addsub113_f0.3_wd0.1_PERM_sq-addsub_s1,39494,sub,8947,0.009165083058178425
transformer_addsub113_f0.3_wd0.1_PERM_sq-addsub_s1,40253,add,8930,0.010750279761850834
transformer_addsub113_f0.3_wd0.1_PERM_sq-addsub_s1,40253,sub,8947,0.007712082471698523
transformer_addsub113_f0.3_wd0.1_PERM_sq-addsub_s1,41013,add,8930,0.009630459360778332
transformer_addsub113_f0.3_wd0.1_PERM_sq-addsub_s1,41013,sub,8947,0.009612160734832287
transformer_addsub113_f0.3_wd0.1_PERM_sq-addsub_s1,41772,add,8930,0.009966405108571053
transformer_addsub113_f0.3_wd0.1_PERM_sq-addsub_s1,41772,sub,8947,0.009053314104676247
transformer_addsub113_f0.3_wd0.1_PERM_sq-addsub_s1,42532,add,8930,0.010078387334942818
transformer_addsub113_f0.3_wd0.1_PERM_sq-addsub_s1,42532,sub,8947,0.008270928636193275
transformer_addsub113_f0.3_wd0.1_PERM_sq-addsub_s1,43291,add,8930,0.009406494908034801
transformer_addsub113_f0.3_wd0.1_PERM_sq-addsub_s1,43291,sub,8947,0.008270928636193275
transformer_addsub113_f0.3_wd0.1_PERM_sq-addsub_s1,44051,add,8930,0.008958566933870316
transformer_addsub113_f0.3_wd0.1_PERM_sq-addsub_s1,44051,sub,8947,0.008606236428022385
transformer_addsub113_f0.3_wd0.1_PERM_sq-addsub_s1,44810,add,8930,0.009630459360778332
transformer_addsub113_f0.3_wd0.1_PERM_sq-addsub_s1,44810,sub,8947,0.008494467474520206
transformer_addsub113_f0.3_wd0.1_PERM_sq-addsub_s1,45570,add,8930,0.009630459360778332
transformer_addsub113_f0.3_wd0.1_PERM_sq-addsub_s1,45570,sub,8947,0.009165083058178425
transformer_addsub113_f0.3_wd0.1_PERM_sq-addsub_s1,46329,add,8930,0.009294512681663036
transformer_addsub113_f0.3_wd0.1_PERM_sq-addsub_s1,46329,sub,8947,0.007488543633371592
transformer_addsub113_f0.3_wd0.1_PERM_sq-addsub_s1,47089,add,8930,0.00839865580201149
transformer_addsub113_f0.3_wd0.1_PERM_sq-addsub_s1,47089,sub,8947,0.007041466422379017
transformer_addsub113_f0.3_wd0.1_PERM_sq-addsub_s1,47848,add,8930,0.0082866745069623
transformer_addsub113_f0.3_wd0.1_PERM_sq-addsub_s1,47848,sub,8947,0.008718006312847137
transformer_addsub113_f0.3_wd0.1_PERM_sq-addsub_s1,48608,add,8930,0.008958566933870316
transformer_addsub113_f0.3_wd0.1_PERM_sq-addsub_s1,48608,sub,8947,0.009276852943003178
transformer_addsub113_f0.3_wd0.1_PERM_sq-addsub_s1,49367,add,8930,0.009742441587150097
transformer_addsub113_f0.3_wd0.1_PERM_sq-addsub_s1,49367,sub,8947,0.007041466422379017
transformer_addsub113_f0.3_wd0.1_PERM_sq-addsub_s1,50127,add,8930,0.0082866745069623
transformer_addsub113_f0.3_wd0.1_PERM_sq-addsub_s1,50127,sub,8947,0.008718006312847137
transformer_addsub113_f0.3_wd0.1_PERM_sq-addsub_s1,50886,add,8930,0.010526316240429878
transformer_addsub113_f0.3_wd0.1_PERM_sq-addsub_s1,50886,sub,8947,0.009165083058178425
transformer_addsub113_f0.3_wd0.1_PERM_sq-addsub_s1,51646,add,8930,0.00862262025475502
transformer_addsub113_f0.3_wd0.1_PERM_sq-addsub_s1,51646,sub,8947,0.008047389797866344
transformer_addsub113_f0.3_wd0.1_PERM_sq-addsub_s1,52405,add,8930,0.010414334014058113
transformer_addsub113_f0.3_wd0.1_PERM_sq-addsub_s1,52405,sub,8947,0.010506315156817436
transformer_addsub113_f0.3_wd0.1_PERM_sq-addsub_s1,53165,add,8930,0.00907054916024208
transformer_addsub113_f0.3_wd0.1_PERM_sq-addsub_s1,53165,sub,8947,0.008270928636193275
transformer_addsub113_f0.3_wd0.1_PERM_sq-addsub_s1,53924,add,8930,0.009182530455291271
transformer_addsub113_f0.3_wd0.1_PERM_sq-addsub_s1,53924,sub,8947,0.009053314104676247
transformer_addsub113_f0.3_wd0.1_PERM_sq-addsub_s1,54684,add,8930,0.009742441587150097
transformer_addsub113_f0.3_wd0.1_PERM_sq-addsub_s1,54684,sub,8947,0.009500390850007534
transformer_addsub113_f0.3_wd0.1_PERM_sq-addsub_s1,55443,add,8930,0.011310189962387085
transformer_addsub113_f0.3_wd0.1_PERM_sq-addsub_s1,55443,sub,8947,0.009835699573159218
transformer_addsub113_f0.3_wd0.1_PERM_sq-addsub_s1,56203,add,8930,0.011198208667337894
transformer_addsub113_f0.3_wd0.1_PERM_sq-addsub_s1,56203,sub,8947,0.009723929688334465
transformer_addsub113_f0.3_wd0.1_PERM_sq-addsub_s1,56962,add,8930,0.010638297535479069
transformer_addsub113_f0.3_wd0.1_PERM_sq-addsub_s1,56962,sub,8947,0.008047389797866344
transformer_addsub113_f0.3_wd0.1_PERM_sq-addsub_s1,57722,add,8930,0.009854422882199287
transformer_addsub113_f0.3_wd0.1_PERM_sq-addsub_s1,57722,sub,8947,0.009500390850007534
transformer_addsub113_f0.3_wd0.1_PERM_sq-addsub_s1,58481,add,8930,0.010078387334942818
transformer_addsub113_f0.3_wd0.1_PERM_sq-addsub_s1,58481,sub,8947,0.008829775266349316
transformer_addsub113_f0.3_wd0.1_PERM_sq-addsub_s1,59241,add,8930,0.010190369561314583
transformer_addsub113_f0.3_wd0.1_PERM_sq-addsub_s1,59241,sub,8947,0.009165083058178425
transformer_addsub113_f0.3_wd0.1_PERM_sq-addsub_s1,60000,add,8930,0.009518477134406567
transformer_addsub113_f0.3_wd0.1_PERM_sq-addsub_s1,60000,sub,8947,0.008941544219851494
transformer_addsub113_f0.3_wd0.1_sq-addsub_s0,0,add,8946,0.007712944410741329
transformer_addsub113_f0.3_wd0.1_sq-addsub_s0,0,sub,8931,0.008621654473245144
transformer_addsub113_f0.3_wd0.1_sq-addsub_s0,840,add,8946,0.23150011897087097
transformer_addsub113_f0.3_wd0.1_sq-addsub_s0,840,sub,8931,0.007837868295609951
transformer_addsub113_f0.3_wd0.1_sq-addsub_s0,1681,add,8946,0.22166331112384796
transformer_addsub113_f0.3_wd0.1_sq-addsub_s0,1681,sub,8931,0.011084984987974167
transformer_addsub113_f0.3_wd0.1_sq-addsub_s0,2521,add,8946,0.21808630228042603
transformer_addsub113_f0.3_wd0.1_sq-addsub_s0,2521,sub,8931,0.011420893482863903
transformer_addsub113_f0.3_wd0.1_sq-addsub_s0,3361,add,8946,0.21439749002456665
transformer_addsub113_f0.3_wd0.1_sq-addsub_s0,3361,sub,8931,0.012876497581601143
transformer_addsub113_f0.3_wd0.1_sq-addsub_s0,4202,add,8946,0.22143974900245667
transformer_addsub113_f0.3_wd0.1_sq-addsub_s0,4202,sub,8931,0.014444070868194103
transformer_addsub113_f0.3_wd0.1_sq-addsub_s0,5042,add,8946,0.23865415155887604
transformer_addsub113_f0.3_wd0.1_sq-addsub_s0,5042,sub,8931,0.016683463007211685
transformer_addsub113_f0.3_wd0.1_sq-addsub_s0,5882,add,8946,0.23161189258098602
transformer_addsub113_f0.3_wd0.1_sq-addsub_s0,5882,sub,8931,0.021610122174024582
transformer_addsub113_f0.3_wd0.1_sq-addsub_s0,6723,add,8946,0.2378716766834259
transformer_addsub113_f0.3_wd0.1_sq-addsub_s0,6723,sub,8931,0.025752995163202286
transformer_addsub113_f0.3_wd0.1_sq-addsub_s0,7563,add,8946,0.25217974185943604
transformer_addsub113_f0.3_wd0.1_sq-addsub_s0,7563,sub,8931,0.031239502131938934
transformer_addsub113_f0.3_wd0.1_sq-addsub_s0,8403,add,8946,0.2674938440322876
transformer_addsub113_f0.3_wd0.1_sq-addsub_s0,8403,sub,8931,0.037621766328811646
transformer_addsub113_f0.3_wd0.1_sq-addsub_s0,9244,add,8946,0.27744242548942566
transformer_addsub113_f0.3_wd0.1_sq-addsub_s0,9244,sub,8931,0.05105811357498169
transformer_addsub113_f0.3_wd0.1_sq-addsub_s0,10084,add,8946,0.3071763813495636
transformer_addsub113_f0.3_wd0.1_sq-addsub_s0,10084,sub,8931,0.07222035527229309
transformer_addsub113_f0.3_wd0.1_sq-addsub_s0,10924,add,8946,0.359043151140213
transformer_addsub113_f0.3_wd0.1_sq-addsub_s0,10924,sub,8931,0.1126413643360138
transformer_addsub113_f0.3_wd0.1_sq-addsub_s0,11765,add,8946,0.5210149884223938
transformer_addsub113_f0.3_wd0.1_sq-addsub_s0,11765,sub,8931,0.25226739048957825
transformer_addsub113_f0.3_wd0.1_sq-addsub_s0,12605,add,8946,0.8438408374786377
transformer_addsub113_f0.3_wd0.1_sq-addsub_s0,12605,sub,8931,0.6733848452568054
transformer_addsub113_f0.3_wd0.1_sq-addsub_s0,13445,add,8946,0.9979879260063171
transformer_addsub113_f0.3_wd0.1_sq-addsub_s0,13445,sub,8931,0.9845482110977173
transformer_addsub113_f0.3_wd0.1_sq-addsub_s0,14286,add,8946,1.0
transformer_addsub113_f0.3_wd0.1_sq-addsub_s0,14286,sub,8931,0.9996640682220459
transformer_addsub113_f0.3_wd0.1_sq-addsub_s0,15126,add,8946,1.0
transformer_addsub113_f0.3_wd0.1_sq-addsub_s0,15126,sub,8931,1.0
transformer_addsub113_f0.3_wd0.1_sq-addsub_s0,15966,add,8946,1.0
transformer_addsub113_f0.3_wd0.1_sq-addsub_s0,15966,sub,8931,1.0
transformer_addsub113_f0.3_wd0.1_sq-addsub_s0,16807,add,8946,1.0
transformer_addsub113_f0.3_wd0.1_sq-addsub_s0,16807,sub,8931,1.0
transformer_addsub113_f0.3_wd0.1_sq-addsub_s0,17647,add,8946,1.0
transformer_addsub113_f0.3_wd0.1_sq-addsub_s0,17647,sub,8931,0.999888002872467
transformer_addsub113_f0.3_wd0.1_sq-addsub_s0,18487,add,8946,1.0
transformer_addsub113_f0.3_wd0.1_sq-addsub_s0,18487,sub,8931,0.9996640682220459
transformer_addsub113_f0.3_wd0.1_sq-addsub_s0,19328,add,8946,1.0
transformer_addsub113_f0.3_wd0.1_sq-addsub_s0,19328,sub,8931,0.9997760653495789
transformer_addsub113_f0.3_wd0.1_sq-addsub_s0,20168,add,8946,1.0
transformer_addsub113_f0.3_wd0.1_sq-addsub_s0,20168,sub,8931,0.999888002872467
transformer_addsub113_f0.3_wd0.1_sq-addsub_s0,21008,add,8946,1.0
transformer_addsub113_f0.3_wd0.1_sq-addsub_s0,21008,sub,8931,1.0
transformer_addsub113_f0.3_wd0.1_sq-addsub_s0,21849,add,8946,0.9996646642684937
transformer_addsub113_f0.3_wd0.1_sq-addsub_s0,21849,sub,8931,0.9994401335716248
transformer_addsub113_f0.3_wd0.1_sq-addsub_s0,22689,add,8946,0.9992175102233887
transformer_addsub113_f0.3_wd0.1_sq-addsub_s0,22689,sub,8931,0.9980965256690979
transformer_addsub113_f0.3_wd0.1_sq-addsub_s0,23529,add,8946,0.999552845954895
transformer_addsub113_f0.3_wd0.1_sq-addsub_s0,23529,sub,8931,0.998320460319519
transformer_addsub113_f0.3_wd0.1_sq-addsub_s0,24370,add,8946,0.9866979718208313
transformer_addsub113_f0.3_wd0.1_sq-addsub_s0,24370,sub,8931,0.9731273055076599
transformer_addsub113_f0.3_wd0.1_sq-addsub_s0,25210,add,8946,1.0
transformer_addsub113_f0.3_wd0.1_sq-addsub_s0,25210,sub,8931,1.0
transformer_addsub113_f0.3_wd0.1_sq-addsub_s0,26050,add,8946,1.0
transformer_addsub113_f0.3_wd0.1_sq-addsub_s0,26050,sub,8931,1.0
transformer_addsub113_f0.3_wd0.1_sq-addsub_s0,26891,add,8946,1.0
transformer_addsub113_f0.3_wd0.1_sq-addsub_s0,26891,sub,8931,1.0
transformer_addsub113_f0.3_wd0.1_sq-addsub_s0,27731,add,8946,1.0
transformer_addsub113_f0.3_wd0.1_sq-addsub_s0,27731,sub,8931,1.0
transformer_addsub113_f0.3_wd0.1_sq-addsub_s0,28571,add,8946,1.0
transformer_addsub113_f0.3_wd0.1_sq-addsub_s0,28571,sub,8931,1.0
transformer_addsub113_f0.3_wd0.1_sq-addsub_s0,29412,add,8946,1.0
transformer_addsub113_f0.3_wd0.1_sq-addsub_s0,29412,sub,8931,1.0
transformer_addsub113_f0.3_wd0.1_sq-addsub_s0,30252,add,8946,1.0
transformer_addsub113_f0.3_wd0.1_sq-addsub_s0,30252,sub,8931,1.0
transformer_addsub113_f0.3_wd0.1_sq-addsub_s0,31092,add,8946,1.0
transformer_addsub113_f0.3_wd0.1_sq-addsub_s0,31092,sub,8931,1.0
transformer_addsub113_f0.3_wd0.1_sq-addsub_s0,31933,add,8946,1.0
transformer_addsub113_f0.3_wd0.1_sq-addsub_s0,31933,sub,8931,1.0
transformer_addsub113_f0.3_wd0.1_sq-addsub_s0,32773,add,8946,1.0
transformer_addsub113_f0.3_wd0.1_sq-addsub_s0,32773,sub,8931,1.0
transformer_addsub113_f0.3_wd0.1_sq-addsub_s0,33613,add,8946,1.0
transformer_addsub113_f0.3_wd0.1_sq-addsub_s0,33613,sub,8931,1.0
transformer_addsub113_f0.3_wd0.1_sq-addsub_s0,34454,add,8946,1.0
transformer_addsub113_f0.3_wd0.1_sq-addsub_s0,34454,sub,8931,1.0
transformer_addsub113_f0.3_wd0.1_sq-addsub_s0,35294,add,8946,1.0
transformer_addsub113_f0.3_wd0.1_sq-addsub_s0,35294,sub,8931,1.0
transformer_addsub113_f0.3_wd0.1_sq-addsub_s0,36134,add,8946,1.0
transformer_addsub113_f0.3_wd0.1_sq-addsub_s0,36134,sub,8931,1.0
transformer_addsub113_f0.3_wd0.1_sq-addsub_s0,36975,add,8946,0.9997764229774475
transformer_addsub113_f0.3_wd0.1_sq-addsub_s0,36975,sub,8931,0.9996640682220459
transformer_addsub113_f0.3_wd0.1_sq-addsub_s0,37815,add,8946,1.0
transformer_addsub113_f0.3_wd0.1_sq-addsub_s0,37815,sub,8931,0.9994401335716248
transformer_addsub113_f0.3_wd0.1_sq-addsub_s0,38655,add,8946,1.0
transformer_addsub113_f0.3_wd0.1_sq-addsub_s0,38655,sub,8931,1.0
transformer_addsub113_f0.3_wd0.1_sq-addsub_s0,39496,add,8946,0.9997764229774475
transformer_addsub113_f0.3_wd0.1_sq-addsub_s0,39496,sub,8931,0.9995521306991577
transformer_addsub113_f0.3_wd0.1_sq-addsub_s0,40336,add,8946,1.0
transformer_addsub113_f0.3_wd0.1_sq-addsub_s0,40336,sub,8931,0.9996640682220459
transformer_addsub113_f0.3_wd0.1_sq-addsub_s0,41176,add,8946,1.0
transformer_addsub113_f0.3_wd0.1_sq-addsub_s0,41176,sub,8931,1.0
transformer_addsub113_f0.3_wd0.1_sq-addsub_s0,42017,add,8946,0.9996646642684937
transformer_addsub113_f0.3_wd0.1_sq-addsub_s0,42017,sub,8931,0.9994401335716248
transformer_addsub113_f0.3_wd0.1_sq-addsub_s0,42857,add,8946,0.9694835543632507
transformer_addsub113_f0.3_wd0.1_sq-addsub_s0,42857,sub,8931,0.9470384120941162
transformer_addsub113_f0.3_wd0.1_sq-addsub_s0,43697,add,8946,0.9993293285369873
transformer_addsub113_f0.3_wd0.1_sq-addsub_s0,43697,sub,8931,0.9984323978424072
transformer_addsub113_f0.3_wd0.1_sq-addsub_s0,44538,add,8946,0.9998882412910461
transformer_addsub113_f0.3_wd0.1_sq-addsub_s0,44538,sub,8931,0.999888002872467
transformer_addsub113_f0.3_wd0.1_sq-addsub_s0,45378,add,8946,0.9998882412910461
transformer_addsub113_f0.3_wd0.1_sq-addsub_s0,45378,sub,8931,0.9997760653495789
transformer_addsub113_f0.3_wd0.1_sq-addsub_s0,46218,add,8946,0.999552845954895
transformer_addsub113_f0.3_wd0.1_sq-addsub_s0,46218,sub,8931,0.9980965256690979
transformer_addsub113_f0.3_wd0.1_sq-addsub_s0,47059,add,8946,0.9998882412910461
transformer_addsub113_f0.3_wd0.1_sq-addsub_s0,47059,sub,8931,0.9996640682220459
transformer_addsub113_f0.3_wd0.1_sq-addsub_s0,47899,add,8946,0.9997764229774475
transformer_addsub113_f0.3_wd0.1_sq-addsub_s0,47899,sub,8931,0.999888002872467
transformer_addsub113_f0.3_wd0.1_sq-addsub_s0,48739,add,8946,0.9984350800514221
transformer_addsub113_f0.3_wd0.1_sq-addsub_s0,48739,sub,8931,0.9975366592407227
transformer_addsub113_f0.3_wd0.1_sq-addsub_s0,49580,add,8946,0.9998882412910461
transformer_addsub113_f0.3_wd0.1_sq-addsub_s0,49580,sub,8931,1.0
transformer_addsub113_f0.3_wd0.1_sq-addsub_s0,50420,add,8946,0.9994410872459412
transformer_addsub113_f0.3_wd0.1_sq-addsub_s0,50420,sub,8931,0.9989922642707825
transformer_addsub113_f0.3_wd0.1_sq-addsub_s0,51261,add,8946,0.9941873550415039
transformer_addsub113_f0.3_wd0.1_sq-addsub_s0,51261,sub,8931,0.9912663698196411
transformer_addsub113_f0.3_wd0.1_sq-addsub_s0,52101,add,8946,0.9998882412910461
transformer_addsub113_f0.3_wd0.1_sq-addsub_s0,52101,sub,8931,0.9995521306991577
transformer_addsub113_f0.3_wd0.1_sq-addsub_s0,52941,add,8946,0.9870333075523376
transformer_addsub113_f0.3_wd0.1_sq-addsub_s0,52941,sub,8931,0.980293333530426
transformer_addsub113_f0.3_wd0.1_sq-addsub_s0,53782,add,8946,0.9998882412910461
transformer_addsub113_f0.3_wd0.1_sq-addsub_s0,53782,sub,8931,0.9993281960487366
transformer_addsub113_f0.3_wd0.1_sq-addsub_s0,54622,add,8946,0.9998882412910461
transformer_addsub113_f0.3_wd0.1_sq-addsub_s0,54622,sub,8931,0.9997760653495789
transformer_addsub113_f0.3_wd0.1_sq-addsub_s0,55462,add,8946,0.9997764229774475
transformer_addsub113_f0.3_wd0.1_sq-addsub_s0,55462,sub,8931,0.9997760653495789
transformer_addsub113_f0.3_wd0.1_sq-addsub_s0,56303,add,8946,1.0
transformer_addsub113_f0.3_wd0.1_sq-addsub_s0,56303,sub,8931,1.0
transformer_addsub113_f0.3_wd0.1_sq-addsub_s0,57143,add,8946,0.9998882412910461
transformer_addsub113_f0.3_wd0.1_sq-addsub_s0,57143,sub,8931,0.999888002872467
transformer_addsub113_f0.3_wd0.1_sq-addsub_s0,57983,add,8946,0.9998882412910461
transformer_addsub113_f0.3_wd0.1_sq-addsub_s0,57983,sub,8931,0.9997760653495789
transformer_addsub113_f0.3_wd0.1_sq-addsub_s0,58824,add,8946,0.9925106167793274
transformer_addsub113_f0.3_wd0.1_sq-addsub_s0,58824,sub,8931,0.990930438041687
transformer_addsub113_f0.3_wd0.1_sq-addsub_s0,59664,add,8946,0.9839034080505371
transformer_addsub113_f0.3_wd0.1_sq-addsub_s0,59664,sub,8931,0.971447765827179
transformer_addsub113_f0.3_wd0.1_sq-addsub_s0,60504,add,8946,1.0
transformer_addsub113_f0.3_wd0.1_sq-addsub_s0,60504,sub,8931,1.0
transformer_addsub113_f0.3_wd0.1_sq-addsub_s0,61345,add,8946,1.0
transformer_addsub113_f0.3_wd0.1_sq-addsub_s0,61345,sub,8931,1.0
transformer_addsub113_f0.3_wd0.1_sq-addsub_s0,62185,add,8946,0.9998882412910461
transformer_addsub113_f0.3_wd0.1_sq-addsub_s0,62185,sub,8931,1.0
transformer_addsub113_f0.3_wd0.1_sq-addsub_s0,63025,add,8946,0.9998882412910461
transformer_addsub113_f0.3_wd0.1_sq-addsub_s0,63025,sub,8931,0.9997760653495789
transformer_addsub113_f0.3_wd0.1_sq-addsub_s0,63866,add,8946,0.9998882412910461
transformer_addsub113_f0.3_wd0.1_sq-addsub_s0,63866,sub,8931,0.999888002872467
transformer_addsub113_f0.3_wd0.1_sq-addsub_s0,64706,add,8946,0.9988821744918823
transformer_addsub113_f0.3_wd0.1_sq-addsub_s0,64706,sub,8931,0.9980965256690979
transformer_addsub113_f0.3_wd0.1_sq-addsub_s0,65546,add,8946,0.9997764229774475
transformer_addsub113_f0.3_wd0.1_sq-addsub_s0,65546,sub,8931,0.9996640682220459
transformer_addsub113_f0.3_wd0.1_sq-addsub_s0,66387,add,8946,0.9998882412910461
transformer_addsub113_f0.3_wd0.1_sq-addsub_s0,66387,sub,8931,0.999888002872467
transformer_addsub113_f0.3_wd0.1_sq-addsub_s0,67227,add,8946,0.9998882412910461
transformer_addsub113_f0.3_wd0.1_sq-addsub_s0,67227,sub,8931,0.999888002872467
transformer_addsub113_f0.3_wd0.1_sq-addsub_s0,68067,add,8946,1.0
transformer_addsub113_f0.3_wd0.1_sq-addsub_s0,68067,sub,8931,1.0
transformer_addsub113_f0.3_wd0.1_sq-addsub_s0,68908,add,8946,0.9993293285369873
transformer_addsub113_f0.3_wd0.1_sq-addsub_s0,68908,sub,8931,0.9986563920974731
transformer_addsub113_f0.3_wd0.1_sq-addsub_s0,69748,add,8946,0.9997764229774475
transformer_addsub113_f0.3_wd0.1_sq-addsub_s0,69748,sub,8931,0.9995521306991577
transformer_addsub113_f0.3_wd0.1_sq-addsub_s0,70588,add,8946,0.9998882412910461
transformer_addsub113_f0.3_wd0.1_sq-addsub_s0,70588,sub,8931,0.999888002872467
transformer_addsub113_f0.3_wd0.1_sq-addsub_s0,71429,add,8946,1.0
transformer_addsub113_f0.3_wd0.1_sq-addsub_s0,71429,sub,8931,1.0
transformer_addsub113_f0.3_wd0.1_sq-addsub_s0,72269,add,8946,1.0
transformer_addsub113_f0.3_wd0.1_sq-addsub_s0,72269,sub,8931,1.0
transformer_addsub113_f0.3_wd0.1_sq-addsub_s0,73109,add,8946,1.0
transformer_addsub113_f0.3_wd0.1_sq-addsub_s0,73109,sub,8931,0.999888002872467
transformer_addsub113_f0.3_wd0.1_sq-addsub_s0,73950,add,8946,0.9998882412910461
transformer_addsub113_f0.3_wd0.1_sq-addsub_s0,73950,sub,8931,0.9997760653495789
transformer_addsub113_f0.3_wd0.1_sq-addsub_s0,74790,add,8946,0.9998882412910461
transformer_addsub113_f0.3_wd0.1_sq-addsub_s0,74790,sub,8931,1.0
transformer_addsub113_f0.3_wd0.1_sq-addsub_s0,75630,add,8946,0.9991057515144348
transformer_addsub113_f0.3_wd0.1_sq-addsub_s0,75630,sub,8931,0.998320460319519
transformer_addsub113_f0.3_wd0.1_sq-addsub_s0,76471,add,8946,0.9998882412910461
transformer_addsub113_f0.3_wd0.1_sq-addsub_s0,76471,sub,8931,0.9997760653495789
transformer_addsub113_f0.3_wd0.1_sq-addsub_s0,77311,add,8946,1.0
transformer_addsub113_f0.3_wd0.1_sq-addsub_s0,77311,sub,8931,1.0
transformer_addsub113_f0.3_wd0.1_sq-addsub_s0,78151,add,8946,1.0
transformer_addsub113_f0.3_wd0.1_sq-addsub_s0,78151,sub,8931,1.0
transformer_addsub113_f0.3_wd0.1_sq-addsub_s0,78992,add,8946,0.999552845954895
transformer_addsub113_f0.3_wd0.1_sq-addsub_s0,78992,sub,8931,0.9987683296203613
transformer_addsub113_f0.3_wd0.1_sq-addsub_s0,79832,add,8946,0.9997764229774475
transformer_addsub113_f0.3_wd0.1_sq-addsub_s0,79832,sub,8931,0.9995521306991577
transformer_addsub113_f0.3_wd0.1_sq-addsub_s0,80672,add,8946,1.0
transformer_addsub113_f0.3_wd0.1_sq-addsub_s0,80672,sub,8931,1.0
transformer_addsub113_f0.3_wd0.1_sq-addsub_s0,81513,add,8946,0.9885982275009155
transformer_addsub113_f0.3_wd0.1_sq-addsub_s0,81513,sub,8931,0.9753667116165161
transformer_addsub113_f0.3_wd0.1_sq-addsub_s0,82353,add,8946,0.9998882412910461
transformer_addsub113_f0.3_wd0.1_sq-addsub_s0,82353,sub,8931,0.9997760653495789
transformer_addsub113_f0.3_wd0.1_sq-addsub_s0,83193,add,8946,0.9998882412910461
transformer_addsub113_f0.3_wd0.1_sq-addsub_s0,83193,sub,8931,0.999888002872467
transformer_addsub113_f0.3_wd0.1_sq-addsub_s0,84034,add,8946,0.9998882412910461
transformer_addsub113_f0.3_wd0.1_sq-addsub_s0,84034,sub,8931,1.0
transformer_addsub113_f0.3_wd0.1_sq-addsub_s0,84874,add,8946,0.9912810325622559
transformer_addsub113_f0.3_wd0.1_sq-addsub_s0,84874,sub,8931,0.9976486563682556
transformer_addsub113_f0.3_wd0.1_sq-addsub_s0,85714,add,8946,0.9998882412910461
transformer_addsub113_f0.3_wd0.1_sq-addsub_s0,85714,sub,8931,0.999888002872467
transformer_addsub113_f0.3_wd0.1_sq-addsub_s0,86555,add,8946,1.0
transformer_addsub113_f0.3_wd0.1_sq-addsub_s0,86555,sub,8931,1.0
transformer_addsub113_f0.3_wd0.1_sq-addsub_s0,87395,add,8946,0.8514419794082642
transformer_addsub113_f0.3_wd0.1_sq-addsub_s0,87395,sub,8931,0.7654238343238831
transformer_addsub113_f0.3_wd0.1_sq-addsub_s0,88235,add,8946,0.9992175102233887
transformer_addsub113_f0.3_wd0.1_sq-addsub_s0,88235,sub,8931,0.9989922642707825
transformer_addsub113_f0.3_wd0.1_sq-addsub_s0,89076,add,8946,0.9998882412910461
transformer_addsub113_f0.3_wd0.1_sq-addsub_s0,89076,sub,8931,0.9997760653495789
transformer_addsub113_f0.3_wd0.1_sq-addsub_s0,89916,add,8946,1.0
transformer_addsub113_f0.3_wd0.1_sq-addsub_s0,89916,sub,8931,0.999888002872467
transformer_addsub113_f0.3_wd0.1_sq-addsub_s0,90756,add,8946,1.0
transformer_addsub113_f0.3_wd0.1_sq-addsub_s0,90756,sub,8931,1.0
transformer_addsub113_f0.3_wd0.1_sq-addsub_s0,91597,add,8946,1.0
transformer_addsub113_f0.3_wd0.1_sq-addsub_s0,91597,sub,8931,1.0
transformer_addsub113_f0.3_wd0.1_sq-addsub_s0,92437,add,8946,0.9992175102233887
transformer_addsub113_f0.3_wd0.1_sq-addsub_s0,92437,sub,8931,0.9975366592407227
transformer_addsub113_f0.3_wd0.1_sq-addsub_s0,93277,add,8946,0.9979879260063171
transformer_addsub113_f0.3_wd0.1_sq-addsub_s0,93277,sub,8931,0.9960810542106628
transformer_addsub113_f0.3_wd0.1_sq-addsub_s0,94118,add,8946,0.9998882412910461
transformer_addsub113_f0.3_wd0.1_sq-addsub_s0,94118,sub,8931,0.9995521306991577
transformer_addsub113_f0.3_wd0.1_sq-addsub_s0,94958,add,8946,1.0
transformer_addsub113_f0.3_wd0.1_sq-addsub_s0,94958,sub,8931,0.999888002872467
transformer_addsub113_f0.3_wd0.1_sq-addsub_s0,95798,add,8946,1.0
transformer_addsub113_f0.3_wd0.1_sq-addsub_s0,95798,sub,8931,1.0
transformer_addsub113_f0.3_wd0.1_sq-addsub_s0,96639,add,8946,1.0
transformer_addsub113_f0.3_wd0.1_sq-addsub_s0,96639,sub,8931,1.0
transformer_addsub113_f0.3_wd0.1_sq-addsub_s0,97479,add,8946,1.0
transformer_addsub113_f0.3_wd0.1_sq-addsub_s0,97479,sub,8931,1.0
transformer_addsub113_f0.3_wd0.1_sq-addsub_s0,98319,add,8946,1.0
transformer_addsub113_f0.3_wd0.1_sq-addsub_s0,98319,sub,8931,1.0
transformer_addsub113_f0.3_wd0.1_sq-addsub_s0,99160,add,8946,1.0
transformer_addsub113_f0.3_wd0.1_sq-addsub_s0,99160,sub,8931,1.0
transformer_addsub113_f0.3_wd0.1_sq-addsub_s0,100000,add,8946,0.9998882412910461
transformer_addsub113_f0.3_wd0.1_sq-addsub_s0,100000,sub,8931,1.0
transformer_addsub113_f0.3_wd0.1_sq-addsub_s1,0,add,8930,0.007950727827847004
transformer_addsub113_f0.3_wd0.1_sq-addsub_s1,0,sub,8947,0.009165083058178425
transformer_addsub113_f0.3_wd0.1_sq-addsub_s1,840,add,8930,0.24748040735721588
transformer_addsub113_f0.3_wd0.1_sq-addsub_s1,840,sub,8947,0.009388621896505356
transformer_addsub113_f0.3_wd0.1_sq-addsub_s1,1681,add,8930,0.23695409297943115
transformer_addsub113_f0.3_wd0.1_sq-addsub_s1,1681,sub,8947,0.010059237480163574
transformer_addsub113_f0.3_wd0.1_sq-addsub_s1,2521,add,8930,0.23628219962120056
transformer_addsub113_f0.3_wd0.1_sq-addsub_s1,2521,sub,8947,0.010953391902148724
transformer_addsub113_f0.3_wd0.1_sq-addsub_s1,3361,add,8930,0.23236282169818878
transformer_addsub113_f0.3_wd0.1_sq-addsub_s1,3361,sub,8947,0.012406392954289913
transformer_addsub113_f0.3_wd0.1_sq-addsub_s1,4202,add,8930,0.23493841290473938
transformer_addsub113_f0.3_wd0.1_sq-addsub_s1,4202,sub,8947,0.015871241688728333
transformer_addsub113_f0.3_wd0.1_sq-addsub_s1,5042,add,8930,0.23673012852668762
transformer_addsub113_f0.3_wd0.1_sq-addsub_s1,5042,sub,8947,0.016988934949040413
transformer_addsub113_f0.3_wd0.1_sq-addsub_s1,5882,add,8930,0.23124299943447113
transformer_addsub113_f0.3_wd0.1_sq-addsub_s1,5882,sub,8947,0.021795015782117844
transformer_addsub113_f0.3_wd0.1_sq-addsub_s1,6723,add,8930,0.2380739152431488
transformer_addsub113_f0.3_wd0.1_sq-addsub_s1,6723,sub,8947,0.02682463452219963
transformer_addsub113_f0.3_wd0.1_sq-addsub_s1,7563,add,8930,0.2461366206407547
transformer_addsub113_f0.3_wd0.1_sq-addsub_s1,7563,sub,8947,0.032524868845939636
transformer_addsub113_f0.3_wd0.1_sq-addsub_s1,8403,add,8930,0.25307950377464294
transformer_addsub113_f0.3_wd0.1_sq-addsub_s1,8403,sub,8947,0.03598971664905548
transformer_addsub113_f0.3_wd0.1_sq-addsub_s1,9244,add,8930,0.2689809501171112
transformer_addsub113_f0.3_wd0.1_sq-addsub_s1,9244,sub,8947,0.047501955181360245
transformer_addsub113_f0.3_wd0.1_sq-addsub_s1,10084,add,8930,0.29809629917144775
transformer_addsub113_f0.3_wd0.1_sq-addsub_s1,10084,sub,8947,0.06694981455802917
transformer_addsub113_f0.3_wd0.1_sq-addsub_s1,10924,add,8930,0.39552071690559387
transformer_addsub113_f0.3_wd0.1_sq-addsub_s1,10924,sub,8947,0.12596401572227478
transformer_addsub113_f0.3_wd0.1_sq-addsub_s1,11765,add,8930,0.7055991291999817
transformer_addsub113_f0.3_wd0.1_sq-addsub_s1,11765,sub,8947,0.5420811176300049
transformer_addsub113_f0.3_wd0.1_sq-addsub_s1,12605,add,8930,0.9908174872398376
transformer_addsub113_f0.3_wd0.1_sq-addsub_s1,12605,sub,8947,0.978540301322937
transformer_addsub113_f0.3_wd0.1_sq-addsub_s1,13445,add,8930,0.9997760653495789
transformer_addsub113_f0.3_wd0.1_sq-addsub_s1,13445,sub,8947,0.9986587762832642
transformer_addsub113_f0.3_wd0.1_sq-addsub_s1,14286,add,8930,0.999888002872467
transformer_addsub113_f0.3_wd0.1_sq-addsub_s1,14286,sub,8947,0.9998882412910461
transformer_addsub113_f0.3_wd0.1_sq-addsub_s1,15126,add,8930,0.9996640682220459
transformer_addsub113_f0.3_wd0.1_sq-addsub_s1,15126,sub,8947,0.9991058707237244
transformer_addsub113_f0.3_wd0.1_sq-addsub_s1,15966,add,8930,1.0
transformer_addsub113_f0.3_wd0.1_sq-addsub_s1,15966,sub,8947,0.9996646642684937
transformer_addsub113_f0.3_wd0.1_sq-addsub_s1,16807,add,8930,1.0
transformer_addsub113_f0.3_wd0.1_sq-addsub_s1,16807,sub,8947,1.0
transformer_addsub113_f0.3_wd0.1_sq-addsub_s1,17647,add,8930,0.9989921450614929
transformer_addsub113_f0.3_wd0.1_sq-addsub_s1,17647,sub,8947,0.9988822937011719
transformer_addsub113_f0.3_wd0.1_sq-addsub_s1,18487,add,8930,0.9699888229370117
transformer_addsub113_f0.3_wd0.1_sq-addsub_s1,18487,sub,8947,0.9550687670707703
transformer_addsub113_f0.3_wd0.1_sq-addsub_s1,19328,add,8930,0.8388577699661255
transformer_addsub113_f0.3_wd0.1_sq-addsub_s1,19328,sub,8947,0.8182631134986877
transformer_addsub113_f0.3_wd0.1_sq-addsub_s1,20168,add,8930,0.9455767273902893
transformer_addsub113_f0.3_wd0.1_sq-addsub_s1,20168,sub,8947,0.9103609919548035
transformer_addsub113_f0.3_wd0.1_sq-addsub_s1,21008,add,8930,1.0
transformer_addsub113_f0.3_wd0.1_sq-addsub_s1,21008,sub,8947,0.9995529055595398
transformer_addsub113_f0.3_wd0.1_sq-addsub_s1,21849,add,8930,1.0
transformer_addsub113_f0.3_wd0.1_sq-addsub_s1,21849,sub,8947,1.0
transformer_addsub113_f0.3_wd0.1_sq-addsub_s1,22689,add,8930,0.9992161393165588
transformer_addsub113_f0.3_wd0.1_sq-addsub_s1,22689,sub,8947,0.9985470175743103
transformer_addsub113_f0.3_wd0.1_sq-addsub_s1,23529,add,8930,0.999888002872467
transformer_addsub113_f0.3_wd0.1_sq-addsub_s1,23529,sub,8947,0.9996646642684937
transformer_addsub113_f0.3_wd0.1_sq-addsub_s1,24370,add,8930,0.9918252825737
transformer_addsub113_f0.3_wd0.1_sq-addsub_s1,24370,sub,8947,0.9865877032279968
transformer_addsub113_f0.3_wd0.1_sq-addsub_s1,25210,add,8930,0.9912654161453247
transformer_addsub113_f0.3_wd0.1_sq-addsub_s1,25210,sub,8947,0.9872583150863647
transformer_addsub113_f0.3_wd0.1_sq-addsub_s1,26050,add,8930,0.9995520710945129
transformer_addsub113_f0.3_wd0.1_sq-addsub_s1,26050,sub,8947,0.9994411468505859
transformer_addsub113_f0.3_wd0.1_sq-addsub_s1,26891,add,8930,1.0
transformer_addsub113_f0.3_wd0.1_sq-addsub_s1,26891,sub,8947,0.9998882412910461
transformer_addsub113_f0.3_wd0.1_sq-addsub_s1,27731,add,8930,1.0
transformer_addsub113_f0.3_wd0.1_sq-addsub_s1,27731,sub,8947,1.0
transformer_addsub113_f0.3_wd0.1_sq-addsub_s1,28571,add,8930,1.0
transformer_addsub113_f0.3_wd0.1_sq-addsub_s1,28571,sub,8947,1.0
transformer_addsub113_f0.3_wd0.1_sq-addsub_s1,29412,add,8930,1.0
transformer_addsub113_f0.3_wd0.1_sq-addsub_s1,29412,sub,8947,1.0
transformer_addsub113_f0.3_wd0.1_sq-addsub_s1,30252,add,8930,1.0
transformer_addsub113_f0.3_wd0.1_sq-addsub_s1,30252,sub,8947,0.9998882412910461
transformer_addsub113_f0.3_wd0.1_sq-addsub_s1,31092,add,8930,1.0
transformer_addsub113_f0.3_wd0.1_sq-addsub_s1,31092,sub,8947,1.0
transformer_addsub113_f0.3_wd0.1_sq-addsub_s1,31933,add,8930,1.0
transformer_addsub113_f0.3_wd0.1_sq-addsub_s1,31933,sub,8947,1.0
transformer_addsub113_f0.3_wd0.1_sq-addsub_s1,32773,add,8930,0.999888002872467
transformer_addsub113_f0.3_wd0.1_sq-addsub_s1,32773,sub,8947,1.0
transformer_addsub113_f0.3_wd0.1_sq-addsub_s1,33613,add,8930,1.0
transformer_addsub113_f0.3_wd0.1_sq-addsub_s1,33613,sub,8947,1.0
transformer_addsub113_f0.3_wd0.1_sq-addsub_s1,34454,add,8930,1.0
transformer_addsub113_f0.3_wd0.1_sq-addsub_s1,34454,sub,8947,1.0
transformer_addsub113_f0.3_wd0.1_sq-addsub_s1,35294,add,8930,1.0
transformer_addsub113_f0.3_wd0.1_sq-addsub_s1,35294,sub,8947,1.0
transformer_addsub113_f0.3_wd0.1_sq-addsub_s1,36134,add,8930,1.0
transformer_addsub113_f0.3_wd0.1_sq-addsub_s1,36134,sub,8947,1.0
transformer_addsub113_f0.3_wd0.1_sq-addsub_s1,36975,add,8930,1.0
transformer_addsub113_f0.3_wd0.1_sq-addsub_s1,36975,sub,8947,1.0
transformer_addsub113_f0.3_wd0.1_sq-addsub_s1,37815,add,8930,0.999888002872467
transformer_addsub113_f0.3_wd0.1_sq-addsub_s1,37815,sub,8947,1.0
transformer_addsub113_f0.3_wd0.1_sq-addsub_s1,38655,add,8930,1.0
transformer_addsub113_f0.3_wd0.1_sq-addsub_s1,38655,sub,8947,1.0
transformer_addsub113_f0.3_wd0.1_sq-addsub_s1,39496,add,8930,1.0
transformer_addsub113_f0.3_wd0.1_sq-addsub_s1,39496,sub,8947,0.9998882412910461
transformer_addsub113_f0.3_wd0.1_sq-addsub_s1,40336,add,8930,1.0
transformer_addsub113_f0.3_wd0.1_sq-addsub_s1,40336,sub,8947,1.0
transformer_addsub113_f0.3_wd0.1_sq-addsub_s1,41176,add,8930,1.0
transformer_addsub113_f0.3_wd0.1_sq-addsub_s1,41176,sub,8947,1.0
transformer_addsub113_f0.3_wd0.1_sq-addsub_s1,42017,add,8930,1.0
transformer_addsub113_f0.3_wd0.1_sq-addsub_s1,42017,sub,8947,1.0
transformer_addsub113_f0.3_wd0.1_sq-addsub_s1,42857,add,8930,1.0
transformer_addsub113_f0.3_wd0.1_sq-addsub_s1,42857,sub,8947,1.0
transformer_addsub113_f0.3_wd0.1_sq-addsub_s1,43697,add,8930,1.0
transformer_addsub113_f0.3_wd0.1_sq-addsub_s1,43697,sub,8947,1.0
transformer_addsub113_f0.3_wd0.1_sq-addsub_s1,44538,add,8930,1.0
transformer_addsub113_f0.3_wd0.1_sq-addsub_s1,44538,sub,8947,1.0
transformer_addsub113_f0.3_wd0.1_sq-addsub_s1,45378,add,8930,1.0
transformer_addsub113_f0.3_wd0.1_sq-addsub_s1,45378,sub,8947,1.0
transformer_addsub113_f0.3_wd0.1_sq-addsub_s1,46218,add,8930,1.0
transformer_addsub113_f0.3_wd0.1_sq-addsub_s1,46218,sub,8947,1.0
transformer_addsub113_f0.3_wd0.1_sq-addsub_s1,47059,add,8930,1.0
transformer_addsub113_f0.3_wd0.1_sq-addsub_s1,47059,sub,8947,1.0
transformer_addsub113_f0.3_wd0.1_sq-addsub_s1,47899,add,8930,1.0
transformer_addsub113_f0.3_wd0.1_sq-addsub_s1,47899,sub,8947,1.0
transformer_addsub113_f0.3_wd0.1_sq-addsub_s1,48739,add,8930,1.0
transformer_addsub113_f0.3_wd0.1_sq-addsub_s1,48739,sub,8947,1.0
transformer_addsub113_f0.3_wd0.1_sq-addsub_s1,49580,add,8930,1.0
transformer_addsub113_f0.3_wd0.1_sq-addsub_s1,49580,sub,8947,1.0
transformer_addsub113_f0.3_wd0.1_sq-addsub_s1,50420,add,8930,1.0
transformer_addsub113_f0.3_wd0.1_sq-addsub_s1,50420,sub,8947,1.0
transformer_addsub113_f0.3_wd0.1_sq-addsub_s1,51261,add,8930,1.0
transformer_addsub113_f0.3_wd0.1_sq-addsub_s1,51261,sub,8947,1.0
transformer_addsub113_f0.3_wd0.1_sq-addsub_s1,52101,add,8930,1.0
transformer_addsub113_f0.3_wd0.1_sq-addsub_s1,52101,sub,8947,1.0
transformer_addsub113_f0.3_wd0.1_sq-addsub_s1,52941,add,8930,1.0
transformer_addsub113_f0.3_wd0.1_sq-addsub_s1,52941,sub,8947,1.0
transformer_addsub113_f0.3_wd0.1_sq-addsub_s1,53782,add,8930,1.0
transformer_addsub113_f0.3_wd0.1_sq-addsub_s1,53782,sub,8947,1.0
transformer_addsub113_f0.3_wd0.1_sq-addsub_s1,54622,add,8930,1.0
transformer_addsub113_f0.3_wd0.1_sq-addsub_s1,54622,sub,8947,1.0
transformer_addsub113_f0.3_wd0.1_sq-addsub_s1,55462,add,8930,1.0
transformer_addsub113_f0.3_wd0.1_sq-addsub_s1,55462,sub,8947,1.0
transformer_addsub113_f0.3_wd0.1_sq-addsub_s1,56303,add,8930,1.0
transformer_addsub113_f0.3_wd0.1_sq-addsub_s1,56303,sub,8947,1.0
transformer_addsub113_f0.3_wd0.1_sq-addsub_s1,57143,add,8930,1.0
transformer_addsub113_f0.3_wd0.1_sq-addsub_s1,57143,sub,8947,1.0
transformer_addsub113_f0.3_wd0.1_sq-addsub_s1,57983,add,8930,1.0
transformer_addsub113_f0.3_wd0.1_sq-addsub_s1,57983,sub,8947,1.0
transformer_addsub113_f0.3_wd0.1_sq-addsub_s1,58824,add,8930,1.0
transformer_addsub113_f0.3_wd0.1_sq-addsub_s1,58824,sub,8947,1.0
transformer_addsub113_f0.3_wd0.1_sq-addsub_s1,59664,add,8930,1.0
transformer_addsub113_f0.3_wd0.1_sq-addsub_s1,59664,sub,8947,1.0
transformer_addsub113_f0.3_wd0.1_sq-addsub_s1,60504,add,8930,1.0
transformer_addsub113_f0.3_wd0.1_sq-addsub_s1,60504,sub,8947,1.0
transformer_addsub113_f0.3_wd0.1_sq-addsub_s1,61345,add,8930,1.0
transformer_addsub113_f0.3_wd0.1_sq-addsub_s1,61345,sub,8947,1.0
transformer_addsub113_f0.3_wd0.1_sq-addsub_s1,62185,add,8930,1.0
transformer_addsub113_f0.3_wd0.1_sq-addsub_s1,62185,sub,8947,1.0
transformer_addsub113_f0.3_wd0.1_sq-addsub_s1,63025,add,8930,1.0
transformer_addsub113_f0.3_wd0.1_sq-addsub_s1,63025,sub,8947,1.0
transformer_addsub113_f0.3_wd0.1_sq-addsub_s1,63866,add,8930,1.0
transformer_addsub113_f0.3_wd0.1_sq-addsub_s1,63866,sub,8947,1.0
transformer_addsub113_f0.3_wd0.1_sq-addsub_s1,64706,add,8930,1.0
transformer_addsub113_f0.3_wd0.1_sq-addsub_s1,64706,sub,8947,1.0
transformer_addsub113_f0.3_wd0.1_sq-addsub_s1,65546,add,8930,1.0
transformer_addsub113_f0.3_wd0.1_sq-addsub_s1,65546,sub,8947,1.0
transformer_addsub113_f0.3_wd0.1_sq-addsub_s1,66387,add,8930,1.0
transformer_addsub113_f0.3_wd0.1_sq-addsub_s1,66387,sub,8947,1.0
transformer_addsub113_f0.3_wd0.1_sq-addsub_s1,67227,add,8930,0.999888002872467
transformer_addsub113_f0.3_wd0.1_sq-addsub_s1,67227,sub,8947,1.0
transformer_addsub113_f0.3_wd0.1_sq-addsub_s1,68067,add,8930,0.9519596695899963
transformer_addsub113_f0.3_wd0.1_sq-addsub_s1,68067,sub,8947,0.9337208271026611
transformer_addsub113_f0.3_wd0.1_sq-addsub_s1,68908,add,8930,1.0
transformer_addsub113_f0.3_wd0.1_sq-addsub_s1,68908,sub,8947,1.0
transformer_addsub113_f0.3_wd0.1_sq-addsub_s1,69748,add,8930,0.9961926341056824
transformer_addsub113_f0.3_wd0.1_sq-addsub_s1,69748,sub,8947,0.9941880106925964
transformer_addsub113_f0.3_wd0.1_sq-addsub_s1,70588,add,8930,1.0
transformer_addsub113_f0.3_wd0.1_sq-addsub_s1,70588,sub,8947,1.0
transformer_addsub113_f0.3_wd0.1_sq-addsub_s1,71429,add,8930,1.0
transformer_addsub113_f0.3_wd0.1_sq-addsub_s1,71429,sub,8947,1.0
transformer_addsub113_f0.3_wd0.1_sq-addsub_s1,72269,add,8930,0.999888002872467
transformer_addsub113_f0.3_wd0.1_sq-addsub_s1,72269,sub,8947,1.0
transformer_addsub113_f0.3_wd0.1_sq-addsub_s1,73109,add,8930,1.0
transformer_addsub113_f0.3_wd0.1_sq-addsub_s1,73109,sub,8947,1.0
transformer_addsub113_f0.3_wd0.1_sq-addsub_s1,73950,add,8930,0.999888002872467
transformer_addsub113_f0.3_wd0.1_sq-addsub_s1,73950,sub,8947,1.0
transformer_addsub113_f0.3_wd0.1_sq-addsub_s1,74790,add,8930,1.0
transformer_addsub113_f0.3_wd0.1_sq-addsub_s1,74790,sub,8947,1.0
transformer_addsub113_f0.3_wd0.1_sq-addsub_s1,75630,add,8930,1.0
transformer_addsub113_f0.3_wd0.1_sq-addsub_s1,75630,sub,8947,1.0
transformer_addsub113_f0.3_wd0.1_sq-addsub_s1,76471,add,8930,0.999888002872467
transformer_addsub113_f0.3_wd0.1_sq-addsub_s1,76471,sub,8947,1.0
transformer_addsub113_f0.3_wd0.1_sq-addsub_s1,77311,add,8930,1.0
transformer_addsub113_f0.3_wd0.1_sq-addsub_s1,77311,sub,8947,0.9998882412910461
transformer_addsub113_f0.3_wd0.1_sq-addsub_s1,78151,add,8930,1.0
transformer_addsub113_f0.3_wd0.1_sq-addsub_s1,78151,sub,8947,1.0
transformer_addsub113_f0.3_wd0.1_sq-addsub_s1,78992,add,8930,1.0
transformer_addsub113_f0.3_wd0.1_sq-addsub_s1,78992,sub,8947,1.0
transformer_addsub113_f0.3_wd0.1_sq-addsub_s1,79832,add,8930,1.0
transformer_addsub113_f0.3_wd0.1_sq-addsub_s1,79832,sub,8947,1.0
transformer_addsub113_f0.3_wd0.1_sq-addsub_s1,80672,add,8930,0.9995520710945129
transformer_addsub113_f0.3_wd0.1_sq-addsub_s1,80672,sub,8947,0.998770534992218
transformer_addsub113_f0.3_wd0.1_sq-addsub_s1,81513,add,8930,1.0
transformer_addsub113_f0.3_wd0.1_sq-addsub_s1,81513,sub,8947,0.9998882412910461
transformer_addsub113_f0.3_wd0.1_sq-addsub_s1,82353,add,8930,1.0
transformer_addsub113_f0.3_wd0.1_sq-addsub_s1,82353,sub,8947,1.0
transformer_addsub113_f0.3_wd0.1_sq-addsub_s1,83193,add,8930,1.0
transformer_addsub113_f0.3_wd0.1_sq-addsub_s1,83193,sub,8947,1.0
transformer_addsub113_f0.3_wd0.1_sq-addsub_s1,84034,add,8930,0.9997760653495789
transformer_addsub113_f0.3_wd0.1_sq-addsub_s1,84034,sub,8947,1.0
transformer_addsub113_f0.3_wd0.1_sq-addsub_s1,84874,add,8930,1.0
transformer_addsub113_f0.3_wd0.1_sq-addsub_s1,84874,sub,8947,0.9998882412910461
transformer_addsub113_f0.3_wd0.1_sq-addsub_s1,85714,add,8930,1.0
transformer_addsub113_f0.3_wd0.1_sq-addsub_s1,85714,sub,8947,1.0
transformer_addsub113_f0.3_wd0.1_sq-addsub_s1,86555,add,8930,0.999888002872467
transformer_addsub113_f0.3_wd0.1_sq-addsub_s1,86555,sub,8947,1.0
transformer_addsub113_f0.3_wd0.1_sq-addsub_s1,87395,add,8930,1.0
transformer_addsub113_f0.3_wd0.1_sq-addsub_s1,87395,sub,8947,1.0
transformer_addsub113_f0.3_wd0.1_sq-addsub_s1,88235,add,8930,0.999888002872467
transformer_addsub113_f0.3_wd0.1_sq-addsub_s1,88235,sub,8947,1.0
transformer_addsub113_f0.3_wd0.1_sq-addsub_s1,89076,add,8930,0.999888002872467
transformer_addsub113_f0.3_wd0.1_sq-addsub_s1,89076,sub,8947,1.0
transformer_addsub113_f0.3_wd0.1_sq-addsub_s1,89916,add,8930,1.0
transformer_addsub113_f0.3_wd0.1_sq-addsub_s1,89916,sub,8947,1.0
transformer_addsub113_f0.3_wd0.1_sq-addsub_s1,90756,add,8930,1.0
transformer_addsub113_f0.3_wd0.1_sq-addsub_s1,90756,sub,8947,0.9998882412910461
transformer_addsub113_f0.3_wd0.1_sq-addsub_s1,91597,add,8930,1.0
transformer_addsub113_f0.3_wd0.1_sq-addsub_s1,91597,sub,8947,1.0
transformer_addsub113_f0.3_wd0.1_sq-addsub_s1,92437,add,8930,0.999888002872467
transformer_addsub113_f0.3_wd0.1_sq-addsub_s1,92437,sub,8947,1.0
transformer_addsub113_f0.3_wd0.1_sq-addsub_s1,93277,add,8930,0.999888002872467
transformer_addsub113_f0.3_wd0.1_sq-addsub_s1,93277,sub,8947,1.0
transformer_addsub113_f0.3_wd0.1_sq-addsub_s1,94118,add,8930,1.0
transformer_addsub113_f0.3_wd0.1_sq-addsub_s1,94118,sub,8947,1.0
transformer_addsub113_f0.3_wd0.1_sq-addsub_s1,94958,add,8930,0.9976483583450317
transformer_addsub113_f0.3_wd0.1_sq-addsub_s1,94958,sub,8947,0.9959763288497925
transformer_addsub113_f0.3_wd0.1_sq-addsub_s1,95798,add,8930,1.0
transformer_addsub113_f0.3_wd0.1_sq-addsub_s1,95798,sub,8947,1.0
transformer_addsub113_f0.3_wd0.1_sq-addsub_s1,96639,add,8930,0.999888002872467
transformer_addsub113_f0.3_wd0.1_sq-addsub_s1,96639,sub,8947,1.0
transformer_addsub113_f0.3_wd0.1_sq-addsub_s1,97479,add,8930,0.9886897802352905
transformer_addsub113_f0.3_wd0.1_sq-addsub_s1,97479,sub,8947,0.9836816787719727
transformer_addsub113_f0.3_wd0.1_sq-addsub_s1,98319,add,8930,1.0
transformer_addsub113_f0.3_wd0.1_sq-addsub_s1,98319,sub,8947,1.0
transformer_addsub113_f0.3_wd0.1_sq-addsub_s1,99160,add,8930,1.0
transformer_addsub113_f0.3_wd0.1_sq-addsub_s1,99160,sub,8947,1.0
transformer_addsub113_f0.3_wd0.1_sq-addsub_s1,100000,add,8930,1.0
transformer_addsub113_f0.3_wd0.1_sq-addsub_s1,100000,sub,8947,1.0
transformer_addsub113_f0.3_wd0.1_sq-addsub_s2,0,add,8932,0.007836990989744663
transformer_addsub113_f0.3_wd0.1_sq-addsub_s2,0,sub,8945,0.008719955570995808
transformer_addsub113_f0.3_wd0.1_sq-addsub_s2,840,add,8932,0.23432601988315582
transformer_addsub113_f0.3_wd0.1_sq-addsub_s2,840,sub,8945,0.010955841280519962
transformer_addsub113_f0.3_wd0.1_sq-addsub_s2,1681,add,8932,0.22458575665950775
transformer_addsub113_f0.3_wd0.1_sq-addsub_s2,1681,sub,8945,0.01062045805156231
transformer_addsub113_f0.3_wd0.1_sq-addsub_s2,2521,add,8932,0.21630093455314636
transformer_addsub113_f0.3_wd0.1_sq-addsub_s2,2521,sub,8945,0.014086081646382809
transformer_addsub113_f0.3_wd0.1_sq-addsub_s2,3361,add,8932,0.21999552845954895
transformer_addsub113_f0.3_wd0.1_sq-addsub_s2,3361,sub,8945,0.015204024501144886
transformer_addsub113_f0.3_wd0.1_sq-addsub_s2,4202,add,8932,0.22290641069412231
transformer_addsub113_f0.3_wd0.1_sq-addsub_s2,4202,sub,8945,0.01889323629438877
transformer_addsub113_f0.3_wd0.1_sq-addsub_s2,5042,add,8932,0.2376847267150879
transformer_addsub113_f0.3_wd0.1_sq-addsub_s2,5042,sub,8945,0.02135271020233631
transformer_addsub113_f0.3_wd0.1_sq-addsub_s2,5882,add,8932,0.23824451863765717
transformer_addsub113_f0.3_wd0.1_sq-addsub_s2,5882,sub,8945,0.023029625415802002
transformer_addsub113_f0.3_wd0.1_sq-addsub_s2,6723,add,8932,0.24888043105602264
transformer_addsub113_f0.3_wd0.1_sq-addsub_s2,6723,sub,8945,0.028172163292765617
transformer_addsub113_f0.3_wd0.1_sq-addsub_s2,7563,add,8932,0.24977608025074005
transformer_addsub113_f0.3_wd0.1_sq-addsub_s2,7563,sub,8945,0.03722750023007393
transformer_addsub113_f0.3_wd0.1_sq-addsub_s2,8403,add,8932,0.28873711824417114
transformer_addsub113_f0.3_wd0.1_sq-addsub_s2,8403,sub,8945,0.04829513654112816
transformer_addsub113_f0.3_wd0.1_sq-addsub_s2,9244,add,8932,0.32299596071243286
transformer_addsub113_f0.3_wd0.1_sq-addsub_s2,9244,sub,8945,0.08261598646640778
transformer_addsub113_f0.3_wd0.1_sq-addsub_s2,10084,add,8932,0.4318181872367859
transformer_addsub113_f0.3_wd0.1_sq-addsub_s2,10084,sub,8945,0.16735605895519257
transformer_addsub113_f0.3_wd0.1_sq-addsub_s2,10924,add,8932,0.7093595862388611
transformer_addsub113_f0.3_wd0.1_sq-addsub_s2,10924,sub,8945,0.44650644063949585
transformer_addsub113_f0.3_wd0.1_sq-addsub_s2,11765,add,8932,0.9526422023773193
transformer_addsub113_f0.3_wd0.1_sq-addsub_s2,11765,sub,8945,0.90016770362854
transformer_addsub113_f0.3_wd0.1_sq-addsub_s2,12605,add,8932,0.993842363357544
transformer_addsub113_f0.3_wd0.1_sq-addsub_s2,12605,sub,8945,0.9818893074989319
transformer_addsub113_f0.3_wd0.1_sq-addsub_s2,13445,add,8932,1.0
transformer_addsub113_f0.3_wd0.1_sq-addsub_s2,13445,sub,8945,1.0
transformer_addsub113_f0.3_wd0.1_sq-addsub_s2,14286,add,8932,1.0
transformer_addsub113_f0.3_wd0.1_sq-addsub_s2,14286,sub,8945,1.0
transformer_addsub113_f0.3_wd0.1_sq-addsub_s2,15126,add,8932,1.0
transformer_addsub113_f0.3_wd0.1_sq-addsub_s2,15126,sub,8945,1.0
transformer_addsub113_f0.3_wd0.1_sq-addsub_s2,15966,add,8932,1.0
transformer_addsub113_f0.3_wd0.1_sq-addsub_s2,15966,sub,8945,1.0
transformer_addsub113_f0.3_wd0.1_sq-addsub_s2,16807,add,8932,1.0
transformer_addsub113_f0.3_wd0.1_sq-addsub_s2,16807,sub,8945,1.0
transformer_addsub113_f0.3_wd0.1_sq-addsub_s2,17647,add,8932,1.0
transformer_addsub113_f0.3_wd0.1_sq-addsub_s2,17647,sub,8945,1.0
transformer_addsub113_f0.3_wd0.1_sq-addsub_s2,18487,add,8932,0.9998880624771118
transformer_addsub113_f0.3_wd0.1_sq-addsub_s2,18487,sub,8945,0.9998881816864014
transformer_addsub113_f0.3_wd0.1_sq-addsub_s2,19328,add,8932,0.997089147567749
transformer_addsub113_f0.3_wd0.1_sq-addsub_s2,19328,sub,8945,0.9968697428703308
transformer_addsub113_f0.3_wd0.1_sq-addsub_s2,20168,add,8932,1.0
transformer_addsub113_f0.3_wd0.1_sq-addsub_s2,20168,sub,8945,0.9997764229774475
transformer_addsub113_f0.3_wd0.1_sq-addsub_s2,21008,add,8932,1.0
transformer_addsub113_f0.3_wd0.1_sq-addsub_s2,21008,sub,8945,1.0
transformer_addsub113_f0.3_wd0.1_sq-addsub_s2,21849,add,8932,0.9978728294372559
transformer_addsub113_f0.3_wd0.1_sq-addsub_s2,21849,sub,8945,0.9959754347801208
transformer_addsub113_f0.3_wd0.1_sq-addsub_s2,22689,add,8932,1.0
transformer_addsub113_f0.3_wd0.1_sq-addsub_s2,22689,sub,8945,1.0
transformer_addsub113_f0.3_wd0.1_sq-addsub_s2,23529,add,8932,1.0
transformer_addsub113_f0.3_wd0.1_sq-addsub_s2,23529,sub,8945,0.9998881816864014
transformer_addsub113_f0.3_wd0.1_sq-addsub_s2,24370,add,8932,1.0
transformer_addsub113_f0.3_wd0.1_sq-addsub_s2,24370,sub,8945,0.9998881816864014
transformer_addsub113_f0.3_wd0.1_sq-addsub_s2,25210,add,8932,0.9997760653495789
transformer_addsub113_f0.3_wd0.1_sq-addsub_s2,25210,sub,8945,0.9991056323051453
transformer_addsub113_f0.3_wd0.1_sq-addsub_s2,26050,add,8932,1.0
transformer_addsub113_f0.3_wd0.1_sq-addsub_s2,26050,sub,8945,0.9998881816864014
transformer_addsub113_f0.3_wd0.1_sq-addsub_s2,26891,add,8932,1.0
transformer_addsub113_f0.3_wd0.1_sq-addsub_s2,26891,sub,8945,1.0
transformer_addsub113_f0.3_wd0.1_sq-addsub_s2,27731,add,8932,1.0
transformer_addsub113_f0.3_wd0.1_sq-addsub_s2,27731,sub,8945,1.0
transformer_addsub113_f0.3_wd0.1_sq-addsub_s2,28571,add,8932,1.0
transformer_addsub113_f0.3_wd0.1_sq-addsub_s2,28571,sub,8945,1.0
transformer_addsub113_f0.3_wd0.1_sq-addsub_s2,29412,add,8932,0.9847738742828369
transformer_addsub113_f0.3_wd0.1_sq-addsub_s2,29412,sub,8945,0.9661263227462769
transformer_addsub113_f0.3_wd0.1_sq-addsub_s2,30252,add,8932,1.0
transformer_addsub113_f0.3_wd0.1_sq-addsub_s2,30252,sub,8945,0.9998881816864014
transformer_addsub113_f0.3_wd0.1_sq-addsub_s2,31092,add,8932,0.9998880624771118
transformer_addsub113_f0.3_wd0.1_sq-addsub_s2,31092,sub,8945,0.9997764229774475
transformer_addsub113_f0.3_wd0.1_sq-addsub_s2,31933,add,8932,1.0
transformer_addsub113_f0.3_wd0.1_sq-addsub_s2,31933,sub,8945,1.0
transformer_addsub113_f0.3_wd0.1_sq-addsub_s2,32773,add,8932,1.0
transformer_addsub113_f0.3_wd0.1_sq-addsub_s2,32773,sub,8945,1.0
transformer_addsub113_f0.3_wd0.1_sq-addsub_s2,33613,add,8932,0.9996641278266907
transformer_addsub113_f0.3_wd0.1_sq-addsub_s2,33613,sub,8945,0.9992174506187439
transformer_addsub113_f0.3_wd0.1_sq-addsub_s2,34454,add,8932,1.0
transformer_addsub113_f0.3_wd0.1_sq-addsub_s2,34454,sub,8945,0.9997764229774475
transformer_addsub113_f0.3_wd0.1_sq-addsub_s2,35294,add,8932,1.0
transformer_addsub113_f0.3_wd0.1_sq-addsub_s2,35294,sub,8945,1.0
transformer_addsub113_f0.3_wd0.1_sq-addsub_s2,36134,add,8932,1.0
transformer_addsub113_f0.3_wd0.1_sq-addsub_s2,36134,sub,8945,1.0
transformer_addsub113_f0.3_wd0.1_sq-addsub_s2,36975,add,8932,1.0
transformer_addsub113_f0.3_wd0.1_sq-addsub_s2,36975,sub,8945,1.0
transformer_addsub113_f0.3_wd0.1_sq-addsub_s2,37815,add,8932,0.9992163181304932
transformer_addsub113_f0.3_wd0.1_sq-addsub_s2,37815,sub,8945,0.9985466599464417
transformer_addsub113_f0.3_wd0.1_sq-addsub_s2,38655,add,8932,1.0
transformer_addsub113_f0.3_wd0.1_sq-addsub_s2,38655,sub,8945,1.0
transformer_addsub113_f0.3_wd0.1_sq-addsub_s2,39496,add,8932,1.0
transformer_addsub113_f0.3_wd0.1_sq-addsub_s2,39496,sub,8945,1.0
transformer_addsub113_f0.3_wd0.1_sq-addsub_s2,40336,add,8932,1.0
transformer_addsub113_f0.3_wd0.1_sq-addsub_s2,40336,sub,8945,1.0
transformer_addsub113_f0.3_wd0.1_sq-addsub_s2,41176,add,8932,1.0
transformer_addsub113_f0.3_wd0.1_sq-addsub_s2,41176,sub,8945,1.0
transformer_addsub113_f0.3_wd0.1_sq-addsub_s2,42017,add,8932,1.0
transformer_addsub113_f0.3_wd0.1_sq-addsub_s2,42017,sub,8945,1.0
transformer_addsub113_f0.3_wd0.1_sq-addsub_s2,42857,add,8932,1.0
transformer_addsub113_f0.3_wd0.1_sq-addsub_s2,42857,sub,8945,1.0
transformer_addsub113_f0.3_wd0.1_sq-addsub_s2,43697,add,8932,1.0
transformer_addsub113_f0.3_wd0.1_sq-addsub_s2,43697,sub,8945,1.0
transformer_addsub113_f0.3_wd0.1_sq-addsub_s2,44538,add,8932,1.0
transformer_addsub113_f0.3_wd0.1_sq-addsub_s2,44538,sub,8945,1.0
transformer_addsub113_f0.3_wd0.1_sq-addsub_s2,45378,add,8932,0.9998880624771118
transformer_addsub113_f0.3_wd0.1_sq-addsub_s2,45378,sub,8945,1.0
transformer_addsub113_f0.3_wd0.1_sq-addsub_s2,46218,add,8932,0.7288401126861572
transformer_addsub113_f0.3_wd0.1_sq-addsub_s2,46218,sub,8945,0.6551145911216736
transformer_addsub113_f0.3_wd0.1_sq-addsub_s2,47059,add,8932,1.0
transformer_addsub113_f0.3_wd0.1_sq-addsub_s2,47059,sub,8945,1.0
transformer_addsub113_f0.3_wd0.1_sq-addsub_s2,47899,add,8932,1.0
transformer_addsub113_f0.3_wd0.1_sq-addsub_s2,47899,sub,8945,1.0
transformer_addsub113_f0.3_wd0.1_sq-addsub_s2,48739,add,8932,1.0
transformer_addsub113_f0.3_wd0.1_sq-addsub_s2,48739,sub,8945,1.0
transformer_addsub113_f0.3_wd0.1_sq-addsub_s2,49580,add,8932,1.0
transformer_addsub113_f0.3_wd0.1_sq-addsub_s2,49580,sub,8945,1.0
transformer_addsub113_f0.3_wd0.1_sq-addsub_s2,50420,add,8932,1.0
transformer_addsub113_f0.3_wd0.1_sq-addsub_s2,50420,sub,8945,1.0
transformer_addsub113_f0.3_wd0.1_sq-addsub_s2,51261,add,8932,1.0
transformer_addsub113_f0.3_wd0.1_sq-addsub_s2,51261,sub,8945,1.0
transformer_addsub113_f0.3_wd0.1_sq-addsub_s2,52101,add,8932,1.0
transformer_addsub113_f0.3_wd0.1_sq-addsub_s2,52101,sub,8945,1.0
transformer_addsub113_f0.3_wd0.1_sq-addsub_s2,52941,add,8932,1.0
transformer_addsub113_f0.3_wd0.1_sq-addsub_s2,52941,sub,8945,1.0
transformer_addsub113_f0.3_wd0.1_sq-addsub_s2,53782,add,8932,1.0
transformer_addsub113_f0.3_wd0.1_sq-addsub_s2,53782,sub,8945,1.0
transformer_addsub113_f0.3_wd0.1_sq-addsub_s2,54622,add,8932,1.0
transformer_addsub113_f0.3_wd0.1_sq-addsub_s2,54622,sub,8945,1.0
transformer_addsub113_f0.3_wd0.1_sq-addsub_s2,55462,add,8932,1.0
transformer_addsub113_f0.3_wd0.1_sq-addsub_s2,55462,sub,8945,1.0
transformer_addsub113_f0.3_wd0.1_sq-addsub_s2,56303,add,8932,0.9998880624771118
transformer_addsub113_f0.3_wd0.1_sq-addsub_s2,56303,sub,8945,0.999552845954895
transformer_addsub113_f0.3_wd0.1_sq-addsub_s2,57143,add,8932,0.9996641278266907
transformer_addsub113_f0.3_wd0.1_sq-addsub_s2,57143,sub,8945,0.9993292093276978
transformer_addsub113_f0.3_wd0.1_sq-addsub_s2,57983,add,8932,0.9997760653495789
transformer_addsub113_f0.3_wd0.1_sq-addsub_s2,57983,sub,8945,0.9996646046638489
transformer_addsub113_f0.3_wd0.1_sq-addsub_s2,58824,add,8932,1.0
transformer_addsub113_f0.3_wd0.1_sq-addsub_s2,58824,sub,8945,1.0
transformer_addsub113_f0.3_wd0.1_sq-addsub_s2,59664,add,8932,1.0
transformer_addsub113_f0.3_wd0.1_sq-addsub_s2,59664,sub,8945,1.0
transformer_addsub113_f0.3_wd0.1_sq-addsub_s2,60504,add,8932,1.0
transformer_addsub113_f0.3_wd0.1_sq-addsub_s2,60504,sub,8945,1.0
transformer_addsub113_f0.3_wd0.1_sq-addsub_s2,61345,add,8932,1.0
transformer_addsub113_f0.3_wd0.1_sq-addsub_s2,61345,sub,8945,1.0
transformer_addsub113_f0.3_wd0.1_sq-addsub_s2,62185,add,8932,1.0
transformer_addsub113_f0.3_wd0.1_sq-addsub_s2,62185,sub,8945,1.0
transformer_addsub113_f0.3_wd0.1_sq-addsub_s2,63025,add,8932,1.0
transformer_addsub113_f0.3_wd0.1_sq-addsub_s2,63025,sub,8945,1.0
transformer_addsub113_f0.3_wd0.1_sq-addsub_s2,63866,add,8932,1.0
transformer_addsub113_f0.3_wd0.1_sq-addsub_s2,63866,sub,8945,1.0
transformer_addsub113_f0.3_wd0.1_sq-addsub_s2,64706,add,8932,1.0
transformer_addsub113_f0.3_wd0.1_sq-addsub_s2,64706,sub,8945,1.0
transformer_addsub113_f0.3_wd0.1_sq-addsub_s2,65546,add,8932,1.0
transformer_addsub113_f0.3_wd0.1_sq-addsub_s2,65546,sub,8945,1.0
transformer_addsub113_f0.3_wd0.1_sq-addsub_s2,66387,add,8932,1.0
transformer_addsub113_f0.3_wd0.1_sq-addsub_s2,66387,sub,8945,1.0
transformer_addsub113_f0.3_wd0.1_sq-addsub_s2,67227,add,8932,1.0
transformer_addsub113_f0.3_wd0.1_sq-addsub_s2,67227,sub,8945,1.0
transformer_addsub113_f0.3_wd0.1_sq-addsub_s2,68067,add,8932,0.9143528938293457
transformer_addsub113_f0.3_wd0.1_sq-addsub_s2,68067,sub,8945,0.877585232257843
transformer_addsub113_f0.3_wd0.1_sq-addsub_s2,68908,add,8932,1.0
transformer_addsub113_f0.3_wd0.1_sq-addsub_s2,68908,sub,8945,1.0
transformer_addsub113_f0.3_wd0.1_sq-addsub_s2,69748,add,8932,0.9995521903038025
transformer_addsub113_f0.3_wd0.1_sq-addsub_s2,69748,sub,8945,0.9994410276412964
transformer_addsub113_f0.3_wd0.1_sq-addsub_s2,70588,add,8932,1.0
transformer_addsub113_f0.3_wd0.1_sq-addsub_s2,70588,sub,8945,1.0
transformer_addsub113_f0.3_wd0.1_sq-addsub_s2,71429,add,8932,0.9762651324272156
transformer_addsub113_f0.3_wd0.1_sq-addsub_s2,71429,sub,8945,0.9701509475708008
transformer_addsub113_f0.3_wd0.1_sq-addsub_s2,72269,add,8932,1.0
transformer_addsub113_f0.3_wd0.1_sq-addsub_s2,72269,sub,8945,1.0
transformer_addsub113_f0.3_wd0.1_sq-addsub_s2,73109,add,8932,0.9997760653495789
transformer_addsub113_f0.3_wd0.1_sq-addsub_s2,73109,sub,8945,0.9997764229774475
transformer_addsub113_f0.3_wd0.1_sq-addsub_s2,73950,add,8932,1.0
transformer_addsub113_f0.3_wd0.1_sq-addsub_s2,73950,sub,8945,1.0
transformer_addsub113_f0.3_wd0.1_sq-addsub_s2,74790,add,8932,1.0
transformer_addsub113_f0.3_wd0.1_sq-addsub_s2,74790,sub,8945,1.0
transformer_addsub113_f0.3_wd0.1_sq-addsub_s2,75630,add,8932,1.0
transformer_addsub113_f0.3_wd0.1_sq-addsub_s2,75630,sub,8945,1.0
transformer_addsub113_f0.3_wd0.1_sq-addsub_s2,76471,add,8932,0.9987684488296509
transformer_addsub113_f0.3_wd0.1_sq-addsub_s2,76471,sub,8945,0.9982112646102905
transformer_addsub113_f0.3_wd0.1_sq-addsub_s2,77311,add,8932,0.8504254221916199
transformer_addsub113_f0.3_wd0.1_sq-addsub_s2,77311,sub,8945,0.867523729801178
transformer_addsub113_f0.3_wd0.1_sq-addsub_s2,78151,add,8932,0.9998880624771118
transformer_addsub113_f0.3_wd0.1_sq-addsub_s2,78151,sub,8945,1.0
transformer_addsub113_f0.3_wd0.1_sq-addsub_s2,78992,add,8932,1.0
transformer_addsub113_f0.3_wd0.1_sq-addsub_s2,78992,sub,8945,1.0
transformer_addsub113_f0.3_wd0.1_sq-addsub_s2,79832,add,8932,1.0
transformer_addsub113_f0.3_wd0.1_sq-addsub_s2,79832,sub,8945,1.0
transformer_addsub113_f0.3_wd0.1_sq-addsub_s2,80672,add,8932,1.0
transformer_addsub113_f0.3_wd0.1_sq-addsub_s2,80672,sub,8945,1.0
transformer_addsub113_f0.3_wd0.1_sq-addsub_s2,81513,add,8932,0.9998880624771118
transformer_addsub113_f0.3_wd0.1_sq-addsub_s2,81513,sub,8945,1.0
transformer_addsub113_f0.3_wd0.1_sq-addsub_s2,82353,add,8932,0.6826018691062927
transformer_addsub113_f0.3_wd0.1_sq-addsub_s2,82353,sub,8945,0.7335941791534424
transformer_addsub113_f0.3_wd0.1_sq-addsub_s2,83193,add,8932,0.9998880624771118
transformer_addsub113_f0.3_wd0.1_sq-addsub_s2,83193,sub,8945,0.9996646046638489
transformer_addsub113_f0.3_wd0.1_sq-addsub_s2,84034,add,8932,0.998992383480072
transformer_addsub113_f0.3_wd0.1_sq-addsub_s2,84034,sub,8945,0.9982112646102905
transformer_addsub113_f0.3_wd0.1_sq-addsub_s2,84874,add,8932,0.9858934283256531
transformer_addsub113_f0.3_wd0.1_sq-addsub_s2,84874,sub,8945,0.9702627062797546
transformer_addsub113_f0.3_wd0.1_sq-addsub_s2,85714,add,8932,1.0
transformer_addsub113_f0.3_wd0.1_sq-addsub_s2,85714,sub,8945,0.999552845954895
transformer_addsub113_f0.3_wd0.1_sq-addsub_s2,86555,add,8932,1.0
transformer_addsub113_f0.3_wd0.1_sq-addsub_s2,86555,sub,8945,0.9998881816864014
transformer_addsub113_f0.3_wd0.1_sq-addsub_s2,87395,add,8932,1.0
transformer_addsub113_f0.3_wd0.1_sq-addsub_s2,87395,sub,8945,1.0
transformer_addsub113_f0.3_wd0.1_sq-addsub_s2,88235,add,8932,1.0
transformer_addsub113_f0.3_wd0.1_sq-addsub_s2,88235,sub,8945,1.0
transformer_addsub113_f0.3_wd0.1_sq-addsub_s2,89076,add,8932,1.0
transformer_addsub113_f0.3_wd0.1_sq-addsub_s2,89076,sub,8945,1.0
transformer_addsub113_f0.3_wd0.1_sq-addsub_s2,89916,add,8932,0.9997760653495789
transformer_addsub113_f0.3_wd0.1_sq-addsub_s2,89916,sub,8945,0.9996646046638489
transformer_addsub113_f0.3_wd0.1_sq-addsub_s2,90756,add,8932,1.0
transformer_addsub113_f0.3_wd0.1_sq-addsub_s2,90756,sub,8945,0.9998881816864014
transformer_addsub113_f0.3_wd0.1_sq-addsub_s2,91597,add,8932,1.0
transformer_addsub113_f0.3_wd0.1_sq-addsub_s2,91597,sub,8945,1.0
transformer_addsub113_f0.3_wd0.1_sq-addsub_s2,92437,add,8932,1.0
transformer_addsub113_f0.3_wd0.1_sq-addsub_s2,92437,sub,8945,1.0
transformer_addsub113_f0.3_wd0.1_sq-addsub_s2,93277,add,8932,1.0
transformer_addsub113_f0.3_wd0.1_sq-addsub_s2,93277,sub,8945,1.0
transformer_addsub113_f0.3_wd0.1_sq-addsub_s2,94118,add,8932,1.0
transformer_addsub113_f0.3_wd0.1_sq-addsub_s2,94118,sub,8945,1.0
transformer_addsub113_f0.3_wd0.1_sq-addsub_s2,94958,add,8932,1.0
transformer_addsub113_f0.3_wd0.1_sq-addsub_s2,94958,sub,8945,1.0
transformer_addsub113_f0.3_wd0.1_sq-addsub_s2,95798,add,8932,0.9936184287071228
transformer_addsub113_f0.3_wd0.1_sq-addsub_s2,95798,sub,8945,0.9877026081085205
transformer_addsub113_f0.3_wd0.1_sq-addsub_s2,96639,add,8932,1.0
transformer_addsub113_f0.3_wd0.1_sq-addsub_s2,96639,sub,8945,0.9998881816864014
transformer_addsub113_f0.3_wd0.1_sq-addsub_s2,97479,add,8932,1.0
transformer_addsub113_f0.3_wd0.1_sq-addsub_s2,97479,sub,8945,1.0
transformer_addsub113_f0.3_wd0.1_sq-addsub_s2,98319,add,8932,1.0
transformer_addsub113_f0.3_wd0.1_sq-addsub_s2,98319,sub,8945,1.0
transformer_addsub113_f0.3_wd0.1_sq-addsub_s2,99160,add,8932,1.0
transformer_addsub113_f0.3_wd0.1_sq-addsub_s2,99160,sub,8945,1.0
transformer_addsub113_f0.3_wd0.1_sq-addsub_s2,100000,add,8932,1.0
transformer_addsub113_f0.3_wd0.1_sq-addsub_s2,100000,sub,8945,0.9998881816864014
transformer_addsub113_f0.3_wd0.1_sq-addsub_s3,0,add,8955,0.008598548360168934
transformer_addsub113_f0.3_wd0.1_sq-addsub_s3,0,sub,8922,0.00930284708738327
transformer_addsub113_f0.3_wd0.1_sq-addsub_s3,840,add,8955,0.23472920060157776
transformer_addsub113_f0.3_wd0.1_sq-addsub_s3,840,sub,8922,0.00941492896527052
transformer_addsub113_f0.3_wd0.1_sq-addsub_s3,1681,add,8955,0.2341708540916443
transformer_addsub113_f0.3_wd0.1_sq-addsub_s3,1681,sub,8922,0.011432413943111897
transformer_addsub113_f0.3_wd0.1_sq-addsub_s3,2521,add,8955,0.21976549923419952
transformer_addsub113_f0.3_wd0.1_sq-addsub_s3,2521,sub,8922,0.015243219211697578
transformer_addsub113_f0.3_wd0.1_sq-addsub_s3,3361,add,8955,0.23729759454727173
transformer_addsub113_f0.3_wd0.1_sq-addsub_s3,3361,sub,8922,0.01647612638771534
transformer_addsub113_f0.3_wd0.1_sq-addsub_s3,4202,add,8955,0.24812953174114227
transformer_addsub113_f0.3_wd0.1_sq-addsub_s3,4202,sub,8922,0.01882985793054104
transformer_addsub113_f0.3_wd0.1_sq-addsub_s3,5042,add,8955,0.2434394210577011
transformer_addsub113_f0.3_wd0.1_sq-addsub_s3,5042,sub,8922,0.021519837900996208
transformer_addsub113_f0.3_wd0.1_sq-addsub_s3,5882,add,8955,0.24645449221134186
transformer_addsub113_f0.3_wd0.1_sq-addsub_s3,5882,sub,8922,0.028917282819747925
transformer_addsub113_f0.3_wd0.1_sq-addsub_s3,6723,add,8955,0.26041316986083984
transformer_addsub113_f0.3_wd0.1_sq-addsub_s3,6723,sub,8922,0.033736828714609146
transformer_addsub113_f0.3_wd0.1_sq-addsub_s3,7563,add,8955,0.29313233494758606
transformer_addsub113_f0.3_wd0.1_sq-addsub_s3,7563,sub,8922,0.04191885143518448
transformer_addsub113_f0.3_wd0.1_sq-addsub_s3,8403,add,8955,0.31870463490486145
transformer_addsub113_f0.3_wd0.1_sq-addsub_s3,8403,sub,8922,0.056489575654268265
transformer_addsub113_f0.3_wd0.1_sq-addsub_s3,9244,add,8955,0.4017867147922516
transformer_addsub113_f0.3_wd0.1_sq-addsub_s3,9244,sub,8922,0.09459762275218964
transformer_addsub113_f0.3_wd0.1_sq-addsub_s3,10084,add,8955,0.6182021498680115
transformer_addsub113_f0.3_wd0.1_sq-addsub_s3,10084,sub,8922,0.3117014169692993
transformer_addsub113_f0.3_wd0.1_sq-addsub_s3,10924,add,8955,0.9087660312652588
transformer_addsub113_f0.3_wd0.1_sq-addsub_s3,10924,sub,8922,0.7025330662727356
transformer_addsub113_f0.3_wd0.1_sq-addsub_s3,11765,add,8955,0.970630943775177
transformer_addsub113_f0.3_wd0.1_sq-addsub_s3,11765,sub,8922,0.8565344214439392
transformer_addsub113_f0.3_wd0.1_sq-addsub_s3,12605,add,8955,0.997096598148346
transformer_addsub113_f0.3_wd0.1_sq-addsub_s3,12605,sub,8922,0.9792647361755371
transformer_addsub113_f0.3_wd0.1_sq-addsub_s3,13445,add,8955,1.0
transformer_addsub113_f0.3_wd0.1_sq-addsub_s3,13445,sub,8922,0.9998879432678223
transformer_addsub113_f0.3_wd0.1_sq-addsub_s3,14286,add,8955,1.0
transformer_addsub113_f0.3_wd0.1_sq-addsub_s3,14286,sub,8922,1.0
transformer_addsub113_f0.3_wd0.1_sq-addsub_s3,15126,add,8955,1.0
transformer_addsub113_f0.3_wd0.1_sq-addsub_s3,15126,sub,8922,1.0
transformer_addsub113_f0.3_wd0.1_sq-addsub_s3,15966,add,8955,1.0
transformer_addsub113_f0.3_wd0.1_sq-addsub_s3,15966,sub,8922,1.0
transformer_addsub113_f0.3_wd0.1_sq-addsub_s3,16807,add,8955,1.0
transformer_addsub113_f0.3_wd0.1_sq-addsub_s3,16807,sub,8922,0.9998879432678223
transformer_addsub113_f0.3_wd0.1_sq-addsub_s3,17647,add,8955,1.0
transformer_addsub113_f0.3_wd0.1_sq-addsub_s3,17647,sub,8922,1.0
transformer_addsub113_f0.3_wd0.1_sq-addsub_s3,18487,add,8955,1.0
transformer_addsub113_f0.3_wd0.1_sq-addsub_s3,18487,sub,8922,1.0
transformer_addsub113_f0.3_wd0.1_sq-addsub_s3,19328,add,8955,1.0
transformer_addsub113_f0.3_wd0.1_sq-addsub_s3,19328,sub,8922,1.0
transformer_addsub113_f0.3_wd0.1_sq-addsub_s3,20168,add,8955,1.0
transformer_addsub113_f0.3_wd0.1_sq-addsub_s3,20168,sub,8922,1.0
transformer_addsub113_f0.3_wd0.1_sq-addsub_s3,21008,add,8955,1.0
transformer_addsub113_f0.3_wd0.1_sq-addsub_s3,21008,sub,8922,1.0
transformer_addsub113_f0.3_wd0.1_sq-addsub_s3,21849,add,8955,1.0
transformer_addsub113_f0.3_wd0.1_sq-addsub_s3,21849,sub,8922,1.0
transformer_addsub113_f0.3_wd0.1_sq-addsub_s3,22689,add,8955,1.0
transformer_addsub113_f0.3_wd0.1_sq-addsub_s3,22689,sub,8922,0.9998879432678223
transformer_addsub113_f0.3_wd0.1_sq-addsub_s3,23529,add,8955,1.0
transformer_addsub113_f0.3_wd0.1_sq-addsub_s3,23529,sub,8922,1.0
transformer_addsub113_f0.3_wd0.1_sq-addsub_s3,24370,add,8955,1.0
transformer_addsub113_f0.3_wd0.1_sq-addsub_s3,24370,sub,8922,1.0
transformer_addsub113_f0.3_wd0.1_sq-addsub_s3,25210,add,8955,1.0
transformer_addsub113_f0.3_wd0.1_sq-addsub_s3,25210,sub,8922,1.0
transformer_addsub113_f0.3_wd0.1_sq-addsub_s3,26050,add,8955,1.0
transformer_addsub113_f0.3_wd0.1_sq-addsub_s3,26050,sub,8922,1.0
transformer_addsub113_f0.3_wd0.1_sq-addsub_s3,26891,add,8955,1.0
transformer_addsub113_f0.3_wd0.1_sq-addsub_s3,26891,sub,8922,0.9998879432678223
transformer_addsub113_f0.3_wd0.1_sq-addsub_s3,27731,add,8955,1.0
transformer_addsub113_f0.3_wd0.1_sq-addsub_s3,27731,sub,8922,1.0
transformer_addsub113_f0.3_wd0.1_sq-addsub_s3,28571,add,8955,1.0
transformer_addsub113_f0.3_wd0.1_sq-addsub_s3,28571,sub,8922,1.0
transformer_addsub113_f0.3_wd0.1_sq-addsub_s3,29412,add,8955,1.0
transformer_addsub113_f0.3_wd0.1_sq-addsub_s3,29412,sub,8922,1.0
transformer_addsub113_f0.3_wd0.1_sq-addsub_s3,30252,add,8955,1.0
transformer_addsub113_f0.3_wd0.1_sq-addsub_s3,30252,sub,8922,1.0
transformer_addsub113_f0.3_wd0.1_sq-addsub_s3,31092,add,8955,1.0
transformer_addsub113_f0.3_wd0.1_sq-addsub_s3,31092,sub,8922,1.0
transformer_addsub113_f0.3_wd0.1_sq-addsub_s3,31933,add,8955,1.0
transformer_addsub113_f0.3_wd0.1_sq-addsub_s3,31933,sub,8922,1.0
transformer_addsub113_f0.3_wd0.1_sq-addsub_s3,32773,add,8955,1.0
transformer_addsub113_f0.3_wd0.1_sq-addsub_s3,32773,sub,8922,1.0
transformer_addsub113_f0.3_wd0.1_sq-addsub_s3,33613,add,8955,1.0
transformer_addsub113_f0.3_wd0.1_sq-addsub_s3,33613,sub,8922,1.0
transformer_addsub113_f0.3_wd0.1_sq-addsub_s3,34454,add,8955,1.0
transformer_addsub113_f0.3_wd0.1_sq-addsub_s3,34454,sub,8922,1.0
transformer_addsub113_f0.3_wd0.1_sq-addsub_s3,35294,add,8955,1.0
transformer_addsub113_f0.3_wd0.1_sq-addsub_s3,35294,sub,8922,1.0
transformer_addsub113_f0.3_wd0.1_sq-addsub_s3,36134,add,8955,1.0
transformer_addsub113_f0.3_wd0.1_sq-addsub_s3,36134,sub,8922,1.0
transformer_addsub113_f0.3_wd0.1_sq-addsub_s3,36975,add,8955,1.0
transformer_addsub113_f0.3_wd0.1_sq-addsub_s3,36975,sub,8922,1.0
transformer_addsub113_f0.3_wd0.1_sq-addsub_s3,37815,add,8955,1.0
transformer_addsub113_f0.3_wd0.1_sq-addsub_s3,37815,sub,8922,1.0
transformer_addsub113_f0.3_wd0.1_sq-addsub_s3,38655,add,8955,1.0
transformer_addsub113_f0.3_wd0.1_sq-addsub_s3,38655,sub,8922,1.0
transformer_addsub113_f0.3_wd0.1_sq-addsub_s3,39496,add,8955,1.0
transformer_addsub113_f0.3_wd0.1_sq-addsub_s3,39496,sub,8922,0.9998879432678223
transformer_addsub113_f0.3_wd0.1_sq-addsub_s3,40336,add,8955,1.0
transformer_addsub113_f0.3_wd0.1_sq-addsub_s3,40336,sub,8922,1.0
transformer_addsub113_f0.3_wd0.1_sq-addsub_s3,41176,add,8955,1.0
transformer_addsub113_f0.3_wd0.1_sq-addsub_s3,41176,sub,8922,1.0
transformer_addsub113_f0.3_wd0.1_sq-addsub_s3,42017,add,8955,1.0
transformer_addsub113_f0.3_wd0.1_sq-addsub_s3,42017,sub,8922,1.0
transformer_addsub113_f0.3_wd0.1_sq-addsub_s3,42857,add,8955,1.0
transformer_addsub113_f0.3_wd0.1_sq-addsub_s3,42857,sub,8922,1.0
transformer_addsub113_f0.3_wd0.1_sq-addsub_s3,43697,add,8955,0.9949748516082764
transformer_addsub113_f0.3_wd0.1_sq-addsub_s3,43697,sub,8922,0.9924904704093933
transformer_addsub113_f0.3_wd0.1_sq-addsub_s3,44538,add,8955,0.9418202042579651
transformer_addsub113_f0.3_wd0.1_sq-addsub_s3,44538,sub,8922,0.9050661325454712
transformer_addsub113_f0.3_wd0.1_sq-addsub_s3,45378,add,8955,1.0
transformer_addsub113_f0.3_wd0.1_sq-addsub_s3,45378,sub,8922,1.0
transformer_addsub113_f0.3_wd0.1_sq-addsub_s3,46218,add,8955,1.0
transformer_addsub113_f0.3_wd0.1_sq-addsub_s3,46218,sub,8922,1.0
transformer_addsub113_f0.3_wd0.1_sq-addsub_s3,47059,add,8955,0.8539363741874695
transformer_addsub113_f0.3_wd0.1_sq-addsub_s3,47059,sub,8922,0.8536202907562256
transformer_addsub113_f0.3_wd0.1_sq-addsub_s3,47899,add,8955,1.0
transformer_addsub113_f0.3_wd0.1_sq-addsub_s3,47899,sub,8922,1.0
transformer_addsub113_f0.3_wd0.1_sq-addsub_s3,48739,add,8955,1.0
transformer_addsub113_f0.3_wd0.1_sq-addsub_s3,48739,sub,8922,1.0
transformer_addsub113_f0.3_wd0.1_sq-addsub_s3,49580,add,8955,1.0
transformer_addsub113_f0.3_wd0.1_sq-addsub_s3,49580,sub,8922,1.0
transformer_addsub113_f0.3_wd0.1_sq-addsub_s3,50420,add,8955,1.0
transformer_addsub113_f0.3_wd0.1_sq-addsub_s3,50420,sub,8922,1.0
transformer_addsub113_f0.3_wd0.1_sq-addsub_s3,51261,add,8955,0.9975432753562927
transformer_addsub113_f0.3_wd0.1_sq-addsub_s3,51261,sub,8922,0.9959650039672852
transformer_addsub113_f0.3_wd0.1_sq-addsub_s3,52101,add,8955,1.0
transformer_addsub113_f0.3_wd0.1_sq-addsub_s3,52101,sub,8922,1.0
transformer_addsub113_f0.3_wd0.1_sq-addsub_s3,52941,add,8955,1.0
transformer_addsub113_f0.3_wd0.1_sq-addsub_s3,52941,sub,8922,1.0
transformer_addsub113_f0.3_wd0.1_sq-addsub_s3,53782,add,8955,1.0
transformer_addsub113_f0.3_wd0.1_sq-addsub_s3,53782,sub,8922,1.0
transformer_addsub113_f0.3_wd0.1_sq-addsub_s3,54622,add,8955,1.0
transformer_addsub113_f0.3_wd0.1_sq-addsub_s3,54622,sub,8922,1.0
transformer_addsub113_f0.3_wd0.1_sq-addsub_s3,55462,add,8955,1.0
transformer_addsub113_f0.3_wd0.1_sq-addsub_s3,55462,sub,8922,1.0
transformer_addsub113_f0.3_wd0.1_sq-addsub_s3,56303,add,8955,1.0
transformer_addsub113_f0.3_wd0.1_sq-addsub_s3,56303,sub,8922,1.0
transformer_addsub113_f0.3_wd0.1_sq-addsub_s3,57143,add,8955,1.0
transformer_addsub113_f0.3_wd0.1_sq-addsub_s3,57143,sub,8922,1.0
transformer_addsub113_f0.3_wd0.1_sq-addsub_s3,57983,add,8955,1.0
transformer_addsub113_f0.3_wd0.1_sq-addsub_s3,57983,sub,8922,1.0
transformer_addsub113_f0.3_wd0.1_sq-addsub_s3,58824,add,8955,1.0
transformer_addsub113_f0.3_wd0.1_sq-addsub_s3,58824,sub,8922,1.0
transformer_addsub113_f0.3_wd0.1_sq-addsub_s3,59664,add,8955,1.0
transformer_addsub113_f0.3_wd0.1_sq-addsub_s3,59664,sub,8922,1.0
transformer_addsub113_f0.3_wd0.1_sq-addsub_s3,60504,add,8955,1.0
transformer_addsub113_f0.3_wd0.1_sq-addsub_s3,60504,sub,8922,1.0
transformer_addsub113_f0.3_wd0.1_sq-addsub_s3,61345,add,8955,1.0
transformer_addsub113_f0.3_wd0.1_sq-addsub_s3,61345,sub,8922,1.0
transformer_addsub113_f0.3_wd0.1_sq-addsub_s3,62185,add,8955,1.0
transformer_addsub113_f0.3_wd0.1_sq-addsub_s3,62185,sub,8922,1.0
transformer_addsub113_f0.3_wd0.1_sq-addsub_s3,63025,add,8955,1.0
transformer_addsub113_f0.3_wd0.1_sq-addsub_s3,63025,sub,8922,1.0
transformer_addsub113_f0.3_wd0.1_sq-addsub_s3,63866,add,8955,1.0
transformer_addsub113_f0.3_wd0.1_sq-addsub_s3,63866,sub,8922,1.0
transformer_addsub113_f0.3_wd0.1_sq-addsub_s3,64706,add,8955,1.0
transformer_addsub113_f0.3_wd0.1_sq-addsub_s3,64706,sub,8922,1.0
transformer_addsub113_f0.3_wd0.1_sq-addsub_s3,65546,add,8955,1.0
transformer_addsub113_f0.3_wd0.1_sq-addsub_s3,65546,sub,8922,1.0
transformer_addsub113_f0.3_wd0.1_sq-addsub_s3,66387,add,8955,0.8073701858520508
transformer_addsub113_f0.3_wd0.1_sq-addsub_s3,66387,sub,8922,0.8342300057411194
transformer_addsub113_f0.3_wd0.1_sq-addsub_s3,67227,add,8955,1.0
transformer_addsub113_f0.3_wd0.1_sq-addsub_s3,67227,sub,8922,1.0
transformer_addsub113_f0.3_wd0.1_sq-addsub_s3,68067,add,8955,0.997096598148346
transformer_addsub113_f0.3_wd0.1_sq-addsub_s3,68067,sub,8922,0.9942837953567505
transformer_addsub113_f0.3_wd0.1_sq-addsub_s3,68908,add,8955,0.9995533227920532
transformer_addsub113_f0.3_wd0.1_sq-addsub_s3,68908,sub,8922,0.9978704452514648
transformer_addsub113_f0.3_wd0.1_sq-addsub_s3,69748,add,8955,0.9996649622917175
transformer_addsub113_f0.3_wd0.1_sq-addsub_s3,69748,sub,8922,0.9997758269309998
transformer_addsub113_f0.3_wd0.1_sq-addsub_s3,70588,add,8955,1.0
transformer_addsub113_f0.3_wd0.1_sq-addsub_s3,70588,sub,8922,1.0
transformer_addsub113_f0.3_wd0.1_sq-addsub_s3,71429,add,8955,1.0
transformer_addsub113_f0.3_wd0.1_sq-addsub_s3,71429,sub,8922,1.0
transformer_addsub113_f0.3_wd0.1_sq-addsub_s3,72269,add,8955,1.0
transformer_addsub113_f0.3_wd0.1_sq-addsub_s3,72269,sub,8922,1.0
transformer_addsub113_f0.3_wd0.1_sq-addsub_s3,73109,add,8955,1.0
transformer_addsub113_f0.3_wd0.1_sq-addsub_s3,73109,sub,8922,1.0
transformer_addsub113_f0.3_wd0.1_sq-addsub_s3,73950,add,8955,1.0
transformer_addsub113_f0.3_wd0.1_sq-addsub_s3,73950,sub,8922,1.0
transformer_addsub113_f0.3_wd0.1_sq-addsub_s3,74790,add,8955,1.0
transformer_addsub113_f0.3_wd0.1_sq-addsub_s3,74790,sub,8922,1.0
transformer_addsub113_f0.3_wd0.1_sq-addsub_s3,75630,add,8955,1.0
transformer_addsub113_f0.3_wd0.1_sq-addsub_s3,75630,sub,8922,1.0
transformer_addsub113_f0.3_wd0.1_sq-addsub_s3,76471,add,8955,1.0
transformer_addsub113_f0.3_wd0.1_sq-addsub_s3,76471,sub,8922,1.0
transformer_addsub113_f0.3_wd0.1_sq-addsub_s3,77311,add,8955,1.0
transformer_addsub113_f0.3_wd0.1_sq-addsub_s3,77311,sub,8922,1.0
transformer_addsub113_f0.3_wd0.1_sq-addsub_s3,78151,add,8955,1.0
transformer_addsub113_f0.3_wd0.1_sq-addsub_s3,78151,sub,8922,1.0
transformer_addsub113_f0.3_wd0.1_sq-addsub_s3,78992,add,8955,1.0
transformer_addsub113_f0.3_wd0.1_sq-addsub_s3,78992,sub,8922,1.0
transformer_addsub113_f0.3_wd0.1_sq-addsub_s3,79832,add,8955,1.0
transformer_addsub113_f0.3_wd0.1_sq-addsub_s3,79832,sub,8922,1.0
transformer_addsub113_f0.3_wd0.1_sq-addsub_s3,80672,add,8955,1.0
transformer_addsub113_f0.3_wd0.1_sq-addsub_s3,80672,sub,8922,1.0
transformer_addsub113_f0.3_wd0.1_sq-addsub_s3,81513,add,8955,1.0
transformer_addsub113_f0.3_wd0.1_sq-addsub_s3,81513,sub,8922,1.0
transformer_addsub113_f0.3_wd0.1_sq-addsub_s3,82353,add,8955,1.0
transformer_addsub113_f0.3_wd0.1_sq-addsub_s3,82353,sub,8922,1.0
transformer_addsub113_f0.3_wd0.1_sq-addsub_s3,83193,add,8955,1.0
transformer_addsub113_f0.3_wd0.1_sq-addsub_s3,83193,sub,8922,1.0
transformer_addsub113_f0.3_wd0.1_sq-addsub_s3,84034,add,8955,1.0
transformer_addsub113_f0.3_wd0.1_sq-addsub_s3,84034,sub,8922,1.0
transformer_addsub113_f0.3_wd0.1_sq-addsub_s3,84874,add,8955,1.0
transformer_addsub113_f0.3_wd0.1_sq-addsub_s3,84874,sub,8922,1.0
transformer_addsub113_f0.3_wd0.1_sq-addsub_s3,85714,add,8955,1.0
transformer_addsub113_f0.3_wd0.1_sq-addsub_s3,85714,sub,8922,1.0
transformer_addsub113_f0.3_wd0.1_sq-addsub_s3,86555,add,8955,1.0
transformer_addsub113_f0.3_wd0.1_sq-addsub_s3,86555,sub,8922,1.0
transformer_addsub113_f0.3_wd0.1_sq-addsub_s3,87395,add,8955,1.0
transformer_addsub113_f0.3_wd0.1_sq-addsub_s3,87395,sub,8922,1.0
transformer_addsub113_f0.3_wd0.1_sq-addsub_s3,88235,add,8955,0.9994416236877441
transformer_addsub113_f0.3_wd0.1_sq-addsub_s3,88235,sub,8922,0.9988791942596436
transformer_addsub113_f0.3_wd0.1_sq-addsub_s3,89076,add,8955,0.9995533227920532
transformer_addsub113_f0.3_wd0.1_sq-addsub_s3,89076,sub,8922,1.0
transformer_addsub113_f0.3_wd0.1_sq-addsub_s3,89916,add,8955,1.0
transformer_addsub113_f0.3_wd0.1_sq-addsub_s3,89916,sub,8922,1.0
transformer_addsub113_f0.3_wd0.1_sq-addsub_s3,90756,add,8955,1.0
transformer_addsub113_f0.3_wd0.1_sq-addsub_s3,90756,sub,8922,1.0
transformer_addsub113_f0.3_wd0.1_sq-addsub_s3,91597,add,8955,1.0
transformer_addsub113_f0.3_wd0.1_sq-addsub_s3,91597,sub,8922,1.0
transformer_addsub113_f0.3_wd0.1_sq-addsub_s3,92437,add,8955,1.0
transformer_addsub113_f0.3_wd0.1_sq-addsub_s3,92437,sub,8922,1.0
transformer_addsub113_f0.3_wd0.1_sq-addsub_s3,93277,add,8955,1.0
transformer_addsub113_f0.3_wd0.1_sq-addsub_s3,93277,sub,8922,1.0
transformer_addsub113_f0.3_wd0.1_sq-addsub_s3,94118,add,8955,1.0
transformer_addsub113_f0.3_wd0.1_sq-addsub_s3,94118,sub,8922,1.0
transformer_addsub113_f0.3_wd0.1_sq-addsub_s3,94958,add,8955,1.0
transformer_addsub113_f0.3_wd0.1_sq-addsub_s3,94958,sub,8922,1.0
transformer_addsub113_f0.3_wd0.1_sq-addsub_s3,95798,add,8955,1.0
transformer_addsub113_f0.3_wd0.1_sq-addsub_s3,95798,sub,8922,1.0
transformer_addsub113_f0.3_wd0.1_sq-addsub_s3,96639,add,8955,1.0
transformer_addsub113_f0.3_wd0.1_sq-addsub_s3,96639,sub,8922,1.0
transformer_addsub113_f0.3_wd0.1_sq-addsub_s3,97479,add,8955,1.0
transformer_addsub113_f0.3_wd0.1_sq-addsub_s3,97479,sub,8922,1.0
transformer_addsub113_f0.3_wd0.1_sq-addsub_s3,98319,add,8955,1.0
transformer_addsub113_f0.3_wd0.1_sq-addsub_s3,98319,sub,8922,1.0
transformer_addsub113_f0.3_wd0.1_sq-addsub_s3,99160,add,8955,1.0
transformer_addsub113_f0.3_wd0.1_sq-addsub_s3,99160,sub,8922,1.0
transformer_addsub113_f0.3_wd0.1_sq-addsub_s3,100000,add,8955,1.0
transformer_addsub113_f0.3_wd0.1_sq-addsub_s3,100000,sub,8922,1.0
transformer_addsub113_f0.3_wd0.1_sq-addsub_s4,0,add,8954,0.008934554643929005
transformer_addsub113_f0.3_wd0.1_sq-addsub_s4,0,sub,8923,0.008293175138533115
transformer_addsub113_f0.3_wd0.1_sq-addsub_s4,840,add,8954,0.2310699075460434
transformer_addsub113_f0.3_wd0.1_sq-addsub_s4,840,sub,8923,0.011319062672555447
transformer_addsub113_f0.3_wd0.1_sq-addsub_s4,1681,add,8954,0.23173999786376953
transformer_addsub113_f0.3_wd0.1_sq-addsub_s4,1681,sub,8923,0.015017370693385601
transformer_addsub113_f0.3_wd0.1_sq-addsub_s4,2521,add,8954,0.2341970056295395
transformer_addsub113_f0.3_wd0.1_sq-addsub_s4,2521,sub,8923,0.017146699130535126
transformer_addsub113_f0.3_wd0.1_sq-addsub_s4,3361,add,8954,0.22247040271759033
transformer_addsub113_f0.3_wd0.1_sq-addsub_s4,3361,sub,8923,0.018939819186925888
transformer_addsub113_f0.3_wd0.1_sq-addsub_s4,4202,add,8954,0.24145632982254028
transformer_addsub113_f0.3_wd0.1_sq-addsub_s4,4202,sub,8923,0.0228622667491436
transformer_addsub113_f0.3_wd0.1_sq-addsub_s4,5042,add,8954,0.2442483752965927
transformer_addsub113_f0.3_wd0.1_sq-addsub_s4,5042,sub,8923,0.030483022332191467
transformer_addsub113_f0.3_wd0.1_sq-addsub_s4,5882,add,8954,0.250390887260437
transformer_addsub113_f0.3_wd0.1_sq-addsub_s4,5882,sub,8923,0.03765549883246422
transformer_addsub113_f0.3_wd0.1_sq-addsub_s4,6723,add,8954,0.2794281840324402
transformer_addsub113_f0.3_wd0.1_sq-addsub_s4,6723,sub,8923,0.04583660140633583
transformer_addsub113_f0.3_wd0.1_sq-addsub_s4,7563,add,8954,0.3080187737941742
transformer_addsub113_f0.3_wd0.1_sq-addsub_s4,7563,sub,8923,0.07161268591880798
transformer_addsub113_f0.3_wd0.1_sq-addsub_s4,8403,add,8954,0.42785346508026123
transformer_addsub113_f0.3_wd0.1_sq-addsub_s4,8403,sub,8923,0.1616048365831375
transformer_addsub113_f0.3_wd0.1_sq-addsub_s4,9244,add,8954,0.7582086324691772
transformer_addsub113_f0.3_wd0.1_sq-addsub_s4,9244,sub,8923,0.5669617652893066
transformer_addsub113_f0.3_wd0.1_sq-addsub_s4,10084,add,8954,0.9829126596450806
transformer_addsub113_f0.3_wd0.1_sq-addsub_s4,10084,sub,8923,0.9635772705078125
transformer_addsub113_f0.3_wd0.1_sq-addsub_s4,10924,add,8954,0.9941925406455994
transformer_addsub113_f0.3_wd0.1_sq-addsub_s4,10924,sub,8923,0.9949568510055542
transformer_addsub113_f0.3_wd0.1_sq-addsub_s4,11765,add,8954,1.0
transformer_addsub113_f0.3_wd0.1_sq-addsub_s4,11765,sub,8923,1.0
transformer_addsub113_f0.3_wd0.1_sq-addsub_s4,12605,add,8954,1.0
transformer_addsub113_f0.3_wd0.1_sq-addsub_s4,12605,sub,8923,1.0
transformer_addsub113_f0.3_wd0.1_sq-addsub_s4,13445,add,8954,1.0
transformer_addsub113_f0.3_wd0.1_sq-addsub_s4,13445,sub,8923,1.0
transformer_addsub113_f0.3_wd0.1_sq-addsub_s4,14286,add,8954,1.0
transformer_addsub113_f0.3_wd0.1_sq-addsub_s4,14286,sub,8923,1.0
transformer_addsub113_f0.3_wd0.1_sq-addsub_s4,15126,add,8954,1.0
transformer_addsub113_f0.3_wd0.1_sq-addsub_s4,15126,sub,8923,1.0
transformer_addsub113_f0.3_wd0.1_sq-addsub_s4,15966,add,8954,1.0
transformer_addsub113_f0.3_wd0.1_sq-addsub_s4,15966,sub,8923,1.0
transformer_addsub113_f0.3_wd0.1_sq-addsub_s4,16807,add,8954,1.0
transformer_addsub113_f0.3_wd0.1_sq-addsub_s4,16807,sub,8923,1.0
transformer_addsub113_f0.3_wd0.1_sq-addsub_s4,17647,add,8954,1.0
transformer_addsub113_f0.3_wd0.1_sq-addsub_s4,17647,sub,8923,1.0
transformer_addsub113_f0.3_wd0.1_sq-addsub_s4,18487,add,8954,1.0
transformer_addsub113_f0.3_wd0.1_sq-addsub_s4,18487,sub,8923,1.0
transformer_addsub113_f0.3_wd0.1_sq-addsub_s4,19328,add,8954,1.0
transformer_addsub113_f0.3_wd0.1_sq-addsub_s4,19328,sub,8923,1.0
transformer_addsub113_f0.3_wd0.1_sq-addsub_s4,20168,add,8954,1.0
transformer_addsub113_f0.3_wd0.1_sq-addsub_s4,20168,sub,8923,0.9998879432678223
transformer_addsub113_f0.3_wd0.1_sq-addsub_s4,21008,add,8954,0.9998883008956909
transformer_addsub113_f0.3_wd0.1_sq-addsub_s4,21008,sub,8923,0.9998879432678223
transformer_addsub113_f0.3_wd0.1_sq-addsub_s4,21849,add,8954,1.0
transformer_addsub113_f0.3_wd0.1_sq-addsub_s4,21849,sub,8923,1.0
transformer_addsub113_f0.3_wd0.1_sq-addsub_s4,22689,add,8954,1.0
transformer_addsub113_f0.3_wd0.1_sq-addsub_s4,22689,sub,8923,1.0
transformer_addsub113_f0.3_wd0.1_sq-addsub_s4,23529,add,8954,1.0
transformer_addsub113_f0.3_wd0.1_sq-addsub_s4,23529,sub,8923,1.0
transformer_addsub113_f0.3_wd0.1_sq-addsub_s4,24370,add,8954,1.0
transformer_addsub113_f0.3_wd0.1_sq-addsub_s4,24370,sub,8923,1.0
transformer_addsub113_f0.3_wd0.1_sq-addsub_s4,25210,add,8954,1.0
transformer_addsub113_f0.3_wd0.1_sq-addsub_s4,25210,sub,8923,1.0
transformer_addsub113_f0.3_wd0.1_sq-addsub_s4,26050,add,8954,1.0
transformer_addsub113_f0.3_wd0.1_sq-addsub_s4,26050,sub,8923,1.0
transformer_addsub113_f0.3_wd0.1_sq-addsub_s4,26891,add,8954,1.0
transformer_addsub113_f0.3_wd0.1_sq-addsub_s4,26891,sub,8923,1.0
transformer_addsub113_f0.3_wd0.1_sq-addsub_s4,27731,add,8954,1.0
transformer_addsub113_f0.3_wd0.1_sq-addsub_s4,27731,sub,8923,1.0
transformer_addsub113_f0.3_wd0.1_sq-addsub_s4,28571,add,8954,1.0
transformer_addsub113_f0.3_wd0.1_sq-addsub_s4,28571,sub,8923,1.0
transformer_addsub113_f0.3_wd0.1_sq-addsub_s4,29412,add,8954,1.0
transformer_addsub113_f0.3_wd0.1_sq-addsub_s4,29412,sub,8923,1.0
transformer_addsub113_f0.3_wd0.1_sq-addsub_s4,30252,add,8954,1.0
transformer_addsub113_f0.3_wd0.1_sq-addsub_s4,30252,sub,8923,1.0
transformer_addsub113_f0.3_wd0.1_sq-addsub_s4,31092,add,8954,1.0
transformer_addsub113_f0.3_wd0.1_sq-addsub_s4,31092,sub,8923,1.0
transformer_addsub113_f0.3_wd0.1_sq-addsub_s4,31933,add,8954,1.0
transformer_addsub113_f0.3_wd0.1_sq-addsub_s4,31933,sub,8923,1.0
transformer_addsub113_f0.3_wd0.1_sq-addsub_s4,32773,add,8954,0.9997766613960266
transformer_addsub113_f0.3_wd0.1_sq-addsub_s4,32773,sub,8923,0.9994396567344666
transformer_addsub113_f0.3_wd0.1_sq-addsub_s4,33613,add,8954,0.9613580703735352
transformer_addsub113_f0.3_wd0.1_sq-addsub_s4,33613,sub,8923,0.9395943284034729
transformer_addsub113_f0.3_wd0.1_sq-addsub_s4,34454,add,8954,0.07828903198242188
transformer_addsub113_f0.3_wd0.1_sq-addsub_s4,34454,sub,8923,0.1007508710026741
transformer_addsub113_f0.3_wd0.1_sq-addsub_s4,35294,add,8954,1.0
transformer_addsub113_f0.3_wd0.1_sq-addsub_s4,35294,sub,8923,1.0
transformer_addsub113_f0.3_wd0.1_sq-addsub_s4,36134,add,8954,1.0
transformer_addsub113_f0.3_wd0.1_sq-addsub_s4,36134,sub,8923,1.0
transformer_addsub113_f0.3_wd0.1_sq-addsub_s4,36975,add,8954,1.0
transformer_addsub113_f0.3_wd0.1_sq-addsub_s4,36975,sub,8923,1.0
transformer_addsub113_f0.3_wd0.1_sq-addsub_s4,37815,add,8954,1.0
transformer_addsub113_f0.3_wd0.1_sq-addsub_s4,37815,sub,8923,0.9998879432678223
transformer_addsub113_f0.3_wd0.1_sq-addsub_s4,38655,add,8954,1.0
transformer_addsub113_f0.3_wd0.1_sq-addsub_s4,38655,sub,8923,1.0
transformer_addsub113_f0.3_wd0.1_sq-addsub_s4,39496,add,8954,1.0
transformer_addsub113_f0.3_wd0.1_sq-addsub_s4,39496,sub,8923,1.0
transformer_addsub113_f0.3_wd0.1_sq-addsub_s4,40336,add,8954,0.9951976537704468
transformer_addsub113_f0.3_wd0.1_sq-addsub_s4,40336,sub,8923,0.9873360991477966
transformer_addsub113_f0.3_wd0.1_sq-addsub_s4,41176,add,8954,1.0
transformer_addsub113_f0.3_wd0.1_sq-addsub_s4,41176,sub,8923,1.0
transformer_addsub113_f0.3_wd0.1_sq-addsub_s4,42017,add,8954,1.0
transformer_addsub113_f0.3_wd0.1_sq-addsub_s4,42017,sub,8923,1.0
transformer_addsub113_f0.3_wd0.1_sq-addsub_s4,42857,add,8954,1.0
transformer_addsub113_f0.3_wd0.1_sq-addsub_s4,42857,sub,8923,1.0
transformer_addsub113_f0.3_wd0.1_sq-addsub_s4,43697,add,8954,1.0
transformer_addsub113_f0.3_wd0.1_sq-addsub_s4,43697,sub,8923,1.0
transformer_addsub113_f0.3_wd0.1_sq-addsub_s4,44538,add,8954,1.0
transformer_addsub113_f0.3_wd0.1_sq-addsub_s4,44538,sub,8923,1.0
transformer_addsub113_f0.3_wd0.1_sq-addsub_s4,45378,add,8954,1.0
transformer_addsub113_f0.3_wd0.1_sq-addsub_s4,45378,sub,8923,1.0
transformer_addsub113_f0.3_wd0.1_sq-addsub_s4,46218,add,8954,1.0
transformer_addsub113_f0.3_wd0.1_sq-addsub_s4,46218,sub,8923,1.0
transformer_addsub113_f0.3_wd0.1_sq-addsub_s4,47059,add,8954,1.0
transformer_addsub113_f0.3_wd0.1_sq-addsub_s4,47059,sub,8923,1.0
transformer_addsub113_f0.3_wd0.1_sq-addsub_s4,47899,add,8954,1.0
transformer_addsub113_f0.3_wd0.1_sq-addsub_s4,47899,sub,8923,1.0
transformer_addsub113_f0.3_wd0.1_sq-addsub_s4,48739,add,8954,1.0
transformer_addsub113_f0.3_wd0.1_sq-addsub_s4,48739,sub,8923,1.0
transformer_addsub113_f0.3_wd0.1_sq-addsub_s4,49580,add,8954,1.0
transformer_addsub113_f0.3_wd0.1_sq-addsub_s4,49580,sub,8923,1.0
transformer_addsub113_f0.3_wd0.1_sq-addsub_s4,50420,add,8954,1.0
transformer_addsub113_f0.3_wd0.1_sq-addsub_s4,50420,sub,8923,1.0
transformer_addsub113_f0.3_wd0.1_sq-addsub_s4,51261,add,8954,1.0
transformer_addsub113_f0.3_wd0.1_sq-addsub_s4,51261,sub,8923,1.0
transformer_addsub113_f0.3_wd0.1_sq-addsub_s4,52101,add,8954,1.0
transformer_addsub113_f0.3_wd0.1_sq-addsub_s4,52101,sub,8923,1.0
transformer_addsub113_f0.3_wd0.1_sq-addsub_s4,52941,add,8954,0.9998883008956909
transformer_addsub113_f0.3_wd0.1_sq-addsub_s4,52941,sub,8923,1.0
transformer_addsub113_f0.3_wd0.1_sq-addsub_s4,53782,add,8954,1.0
transformer_addsub113_f0.3_wd0.1_sq-addsub_s4,53782,sub,8923,1.0
transformer_addsub113_f0.3_wd0.1_sq-addsub_s4,54622,add,8954,1.0
transformer_addsub113_f0.3_wd0.1_sq-addsub_s4,54622,sub,8923,1.0
transformer_addsub113_f0.3_wd0.1_sq-addsub_s4,55462,add,8954,1.0
transformer_addsub113_f0.3_wd0.1_sq-addsub_s4,55462,sub,8923,1.0
transformer_addsub113_f0.3_wd0.1_sq-addsub_s4,56303,add,8954,1.0
transformer_addsub113_f0.3_wd0.1_sq-addsub_s4,56303,sub,8923,1.0
transformer_addsub113_f0.3_wd0.1_sq-addsub_s4,57143,add,8954,1.0
transformer_addsub113_f0.3_wd0.1_sq-addsub_s4,57143,sub,8923,1.0
transformer_addsub113_f0.3_wd0.1_sq-addsub_s4,57983,add,8954,1.0
transformer_addsub113_f0.3_wd0.1_sq-addsub_s4,57983,sub,8923,1.0
transformer_addsub113_f0.3_wd0.1_sq-addsub_s4,58824,add,8954,1.0
transformer_addsub113_f0.3_wd0.1_sq-addsub_s4,58824,sub,8923,1.0
transformer_addsub113_f0.3_wd0.1_sq-addsub_s4,59664,add,8954,1.0
transformer_addsub113_f0.3_wd0.1_sq-addsub_s4,59664,sub,8923,1.0
transformer_addsub113_f0.3_wd0.1_sq-addsub_s4,60504,add,8954,1.0
transformer_addsub113_f0.3_wd0.1_sq-addsub_s4,60504,sub,8923,1.0
transformer_addsub113_f0.3_wd0.1_sq-addsub_s4,61345,add,8954,1.0
transformer_addsub113_f0.3_wd0.1_sq-addsub_s4,61345,sub,8923,1.0
transformer_addsub113_f0.3_wd0.1_sq-addsub_s4,62185,add,8954,1.0
transformer_addsub113_f0.3_wd0.1_sq-addsub_s4,62185,sub,8923,1.0
transformer_addsub113_f0.3_wd0.1_sq-addsub_s4,63025,add,8954,1.0
transformer_addsub113_f0.3_wd0.1_sq-addsub_s4,63025,sub,8923,1.0
transformer_addsub113_f0.3_wd0.1_sq-addsub_s4,63866,add,8954,1.0
transformer_addsub113_f0.3_wd0.1_sq-addsub_s4,63866,sub,8923,1.0
transformer_addsub113_f0.3_wd0.1_sq-addsub_s4,64706,add,8954,1.0
transformer_addsub113_f0.3_wd0.1_sq-addsub_s4,64706,sub,8923,1.0
transformer_addsub113_f0.3_wd0.1_sq-addsub_s4,65546,add,8954,1.0
transformer_addsub113_f0.3_wd0.1_sq-addsub_s4,65546,sub,8923,1.0
transformer_addsub113_f0.3_wd0.1_sq-addsub_s4,66387,add,8954,1.0
transformer_addsub113_f0.3_wd0.1_sq-addsub_s4,66387,sub,8923,1.0
transformer_addsub113_f0.3_wd0.1_sq-addsub_s4,67227,add,8954,1.0
transformer_addsub113_f0.3_wd0.1_sq-addsub_s4,67227,sub,8923,1.0
transformer_addsub113_f0.3_wd0.1_sq-addsub_s4,68067,add,8954,1.0
transformer_addsub113_f0.3_wd0.1_sq-addsub_s4,68067,sub,8923,1.0
transformer_addsub113_f0.3_wd0.1_sq-addsub_s4,68908,add,8954,1.0
transformer_addsub113_f0.3_wd0.1_sq-addsub_s4,68908,sub,8923,1.0
transformer_addsub113_f0.3_wd0.1_sq-addsub_s4,69748,add,8954,1.0
transformer_addsub113_f0.3_wd0.1_sq-addsub_s4,69748,sub,8923,1.0
transformer_addsub113_f0.3_wd0.1_sq-addsub_s4,70588,add,8954,1.0
transformer_addsub113_f0.3_wd0.1_sq-addsub_s4,70588,sub,8923,1.0
transformer_addsub113_f0.3_wd0.1_sq-addsub_s4,71429,add,8954,1.0
transformer_addsub113_f0.3_wd0.1_sq-addsub_s4,71429,sub,8923,1.0
transformer_addsub113_f0.3_wd0.1_sq-addsub_s4,72269,add,8954,1.0
transformer_addsub113_f0.3_wd0.1_sq-addsub_s4,72269,sub,8923,1.0
transformer_addsub113_f0.3_wd0.1_sq-addsub_s4,73109,add,8954,1.0
transformer_addsub113_f0.3_wd0.1_sq-addsub_s4,73109,sub,8923,1.0
transformer_addsub113_f0.3_wd0.1_sq-addsub_s4,73950,add,8954,1.0
transformer_addsub113_f0.3_wd0.1_sq-addsub_s4,73950,sub,8923,1.0
transformer_addsub113_f0.3_wd0.1_sq-addsub_s4,74790,add,8954,1.0
transformer_addsub113_f0.3_wd0.1_sq-addsub_s4,74790,sub,8923,1.0
transformer_addsub113_f0.3_wd0.1_sq-addsub_s4,75630,add,8954,1.0
transformer_addsub113_f0.3_wd0.1_sq-addsub_s4,75630,sub,8923,1.0
transformer_addsub113_f0.3_wd0.1_sq-addsub_s4,76471,add,8954,1.0
transformer_addsub113_f0.3_wd0.1_sq-addsub_s4,76471,sub,8923,1.0
transformer_addsub113_f0.3_wd0.1_sq-addsub_s4,77311,add,8954,0.8044449687004089
transformer_addsub113_f0.3_wd0.1_sq-addsub_s4,77311,sub,8923,0.7345063090324402
transformer_addsub113_f0.3_wd0.1_sq-addsub_s4,78151,add,8954,1.0
transformer_addsub113_f0.3_wd0.1_sq-addsub_s4,78151,sub,8923,1.0
transformer_addsub113_f0.3_wd0.1_sq-addsub_s4,78992,add,8954,1.0
transformer_addsub113_f0.3_wd0.1_sq-addsub_s4,78992,sub,8923,1.0
transformer_addsub113_f0.3_wd0.1_sq-addsub_s4,79832,add,8954,0.9925172924995422
transformer_addsub113_f0.3_wd0.1_sq-addsub_s4,79832,sub,8923,0.9895774722099304
transformer_addsub113_f0.3_wd0.1_sq-addsub_s4,80672,add,8954,1.0
transformer_addsub113_f0.3_wd0.1_sq-addsub_s4,80672,sub,8923,1.0
transformer_addsub113_f0.3_wd0.1_sq-addsub_s4,81513,add,8954,0.9958677887916565
transformer_addsub113_f0.3_wd0.1_sq-addsub_s4,81513,sub,8923,0.9921550750732422
transformer_addsub113_f0.3_wd0.1_sq-addsub_s4,82353,add,8954,1.0
transformer_addsub113_f0.3_wd0.1_sq-addsub_s4,82353,sub,8923,1.0
transformer_addsub113_f0.3_wd0.1_sq-addsub_s4,83193,add,8954,1.0
transformer_addsub113_f0.3_wd0.1_sq-addsub_s4,83193,sub,8923,1.0
transformer_addsub113_f0.3_wd0.1_sq-addsub_s4,84034,add,8954,1.0
transformer_addsub113_f0.3_wd0.1_sq-addsub_s4,84034,sub,8923,1.0
transformer_addsub113_f0.3_wd0.1_sq-addsub_s4,84874,add,8954,1.0
transformer_addsub113_f0.3_wd0.1_sq-addsub_s4,84874,sub,8923,1.0
transformer_addsub113_f0.3_wd0.1_sq-addsub_s4,85714,add,8954,1.0
transformer_addsub113_f0.3_wd0.1_sq-addsub_s4,85714,sub,8923,1.0
transformer_addsub113_f0.3_wd0.1_sq-addsub_s4,86555,add,8954,1.0
transformer_addsub113_f0.3_wd0.1_sq-addsub_s4,86555,sub,8923,1.0
transformer_addsub113_f0.3_wd0.1_sq-addsub_s4,87395,add,8954,1.0
transformer_addsub113_f0.3_wd0.1_sq-addsub_s4,87395,sub,8923,1.0
transformer_addsub113_f0.3_wd0.1_sq-addsub_s4,88235,add,8954,1.0
transformer_addsub113_f0.3_wd0.1_sq-addsub_s4,88235,sub,8923,1.0
transformer_addsub113_f0.3_wd0.1_sq-addsub_s4,89076,add,8954,0.704712986946106
transformer_addsub113_f0.3_wd0.1_sq-addsub_s4,89076,sub,8923,0.6696178317070007
transformer_addsub113_f0.3_wd0.1_sq-addsub_s4,89916,add,8954,1.0
transformer_addsub113_f0.3_wd0.1_sq-addsub_s4,89916,sub,8923,1.0
transformer_addsub113_f0.3_wd0.1_sq-addsub_s4,90756,add,8954,1.0
transformer_addsub113_f0.3_wd0.1_sq-addsub_s4,90756,sub,8923,1.0
transformer_addsub113_f0.3_wd0.1_sq-addsub_s4,91597,add,8954,1.0
transformer_addsub113_f0.3_wd0.1_sq-addsub_s4,91597,sub,8923,1.0
transformer_addsub113_f0.3_wd0.1_sq-addsub_s4,92437,add,8954,1.0
transformer_addsub113_f0.3_wd0.1_sq-addsub_s4,92437,sub,8923,1.0
transformer_addsub113_f0.3_wd0.1_sq-addsub_s4,93277,add,8954,1.0
transformer_addsub113_f0.3_wd0.1_sq-addsub_s4,93277,sub,8923,1.0
transformer_addsub113_f0.3_wd0.1_sq-addsub_s4,94118,add,8954,1.0
transformer_addsub113_f0.3_wd0.1_sq-addsub_s4,94118,sub,8923,1.0
transformer_addsub113_f0.3_wd0.1_sq-addsub_s4,94958,add,8954,1.0
transformer_addsub113_f0.3_wd0.1_sq-addsub_s4,94958,sub,8923,1.0
transformer_addsub113_f0.3_wd0.1_sq-addsub_s4,95798,add,8954,1.0
transformer_addsub113_f0.3_wd0.1_sq-addsub_s4,95798,sub,8923,1.0
transformer_addsub113_f0.3_wd0.1_sq-addsub_s4,96639,add,8954,1.0
transformer_addsub113_f0.3_wd0.1_sq-addsub_s4,96639,sub,8923,1.0
transformer_addsub113_f0.3_wd0.1_sq-addsub_s4,97479,add,8954,1.0
transformer_addsub113_f0.3_wd0.1_sq-addsub_s4,97479,sub,8923,1.0
transformer_addsub113_f0.3_wd0.1_sq-addsub_s4,98319,add,8954,1.0
transformer_addsub113_f0.3_wd0.1_sq-addsub_s4,98319,sub,8923,1.0
transformer_addsub113_f0.3_wd0.1_sq-addsub_s4,99160,add,8954,1.0
transformer_addsub113_f0.3_wd0.1_sq-addsub_s4,99160,sub,8923,1.0
transformer_addsub113_f0.3_wd0.1_sq-addsub_s4,100000,add,8954,1.0
transformer_addsub113_f0.3_wd0.1_sq-addsub_s4,100000,sub,8923,1.0
